# 260604_11:19:48.868967
t	CH1	CH2
0.000000e+00	-1.083430e-02	5.815250e-01
1.000000e-08	-1.048979e-02	3.789198e-01
2.000000e-08	-9.869787e-03	4.115684e-02
3.000000e-08	-4.153196e-03	-2.296326e-01
4.000000e-08	6.216378e-03	-4.526579e-01
5.000000e-08	-4.767178e-03	-7.683699e-01
6.000000e-08	2.782509e-03	-1.011553e+00
7.000000e-08	-3.532583e-03	-1.294358e+00
8.000000e-08	2.806461e-03	-1.619975e+00
9.000000e-08	5.421432e-03	-1.800477e+00
1.000000e-07	4.867356e-02	-2.050003e+00
1.100000e-07	1.281182e-01	-2.367366e+00
1.200000e-07	-3.287625e-02	-2.754888e+00
1.300000e-07	-1.962038e-02	-3.134869e+00
1.400000e-07	-3.167039e-02	-3.439450e+00
1.500000e-07	-3.550015e-02	-3.609473e+00
1.600000e-07	-1.016828e-01	-3.871649e+00
1.700000e-07	1.146850e-01	-4.030600e+00
1.800000e-07	2.781429e-03	-4.252198e+00
1.900000e-07	-6.954987e-02	-4.607894e+00
2.000000e-07	1.889835e-01	-4.798947e+00
2.100000e-07	-1.762120e-01	-5.166365e+00
2.200000e-07	1.361609e-01	-5.507653e+00
2.300000e-07	-7.996456e-02	-5.723813e+00
2.400000e-07	-2.743756e-02	-6.038022e+00
2.500000e-07	1.375259e-01	-6.199497e+00
2.600000e-07	-1.144425e-01	-6.585938e+00
2.700000e-07	1.547648e-01	-6.807969e+00
2.800000e-07	-9.648679e-02	-7.069627e+00
2.900000e-07	5.350874e-02	-7.376438e+00
3.000000e-07	2.254339e-02	-7.634866e+00
3.100000e-07	-4.524235e-02	-7.914254e+00
3.200000e-07	1.270509e-01	-8.145260e+00
3.300000e-07	-9.681679e-02	-8.385917e+00
3.400000e-07	1.308193e-01	-8.700523e+00
3.500000e-07	-5.775033e-02	-8.882179e+00
3.600000e-07	2.649931e-02	-9.125683e+00
3.700000e-07	2.344913e-02	-9.314252e+00
3.800000e-07	-7.157638e-03	-9.585939e+00
3.900000e-07	9.641180e-02	-9.797838e+00
4.000000e-07	-4.771910e-02	-1.003749e+01
4.100000e-07	9.681863e-02	-1.024834e+01
4.200000e-07	-5.431964e-02	-1.048110e+01
4.300000e-07	8.626001e-02	-1.070047e+01
4.400000e-07	-2.194506e-02	-1.088054e+01
4.500000e-07	4.877962e-02	-1.104912e+01
4.600000e-07	1.760869e-02	-1.130109e+01
4.700000e-07	2.846174e-02	-1.144963e+01
4.800000e-07	4.854543e-02	-1.167107e+01
4.900000e-07	-2.789783e-04	-1.191367e+01
5.000000e-07	5.735608e-02	-1.209308e+01
5.100000e-07	4.675592e-03	-1.230960e+01
5.200000e-07	7.420245e-02	-1.245949e+01
5.300000e-07	1.727296e-03	-1.265797e+01
5.400000e-07	5.441009e-02	-1.278634e+01
5.500000e-07	1.066853e-02	-1.297571e+01
5.600000e-07	5.702793e-02	-1.309162e+01
5.700000e-07	3.056839e-02	-1.324999e+01
5.800000e-07	4.848951e-02	-1.343787e+01
5.900000e-07	4.149841e-02	-1.355362e+01
6.000000e-07	4.630467e-02	-1.367010e+01
6.100000e-07	5.147844e-02	-1.384689e+01
6.200000e-07	3.514396e-02	-1.398478e+01
6.300000e-07	4.892375e-02	-1.409047e+01
6.400000e-07	4.315298e-02	-1.421636e+01
6.500000e-07	6.428075e-02	-1.432315e+01
6.600000e-07	4.945604e-02	-1.444741e+01
6.700000e-07	6.098907e-02	-1.452383e+01
6.800000e-07	5.135692e-02	-1.465841e+01
6.900000e-07	6.886602e-02	-1.472215e+01
7.000000e-07	6.131363e-02	-1.481589e+01
7.100000e-07	6.747420e-02	-1.488105e+01
7.200000e-07	6.275558e-02	-1.495477e+01
7.300000e-07	7.313237e-02	-1.505831e+01
7.400000e-07	7.277130e-02	-1.511010e+01
7.500000e-07	7.262903e-02	-1.516370e+01
7.600000e-07	7.502992e-02	-1.522686e+01
7.700000e-07	8.155028e-02	-1.525897e+01
7.800000e-07	9.245906e-02	-1.529910e+01
7.900000e-07	8.987005e-02	-1.534265e+01
8.000000e-07	9.403502e-02	-1.536368e+01
8.100000e-07	9.102321e-02	-1.541441e+01
8.200000e-07	1.021595e-01	-1.543691e+01
8.300000e-07	1.033288e-01	-1.543944e+01
8.400000e-07	1.092906e-01	-1.543034e+01
8.500000e-07	1.121079e-01	-1.543947e+01
8.600000e-07	1.223593e-01	-1.544904e+01
8.700000e-07	1.297722e-01	-1.542891e+01
8.800000e-07	1.347703e-01	-1.543743e+01
8.900000e-07	1.400321e-01	-1.539684e+01
9.000000e-07	1.514979e-01	-1.540623e+01
9.100000e-07	1.689914e-01	-1.535320e+01
9.200000e-07	1.854377e-01	-1.529317e+01
9.300000e-07	2.056709e-01	-1.526897e+01
9.400000e-07	2.319177e-01	-1.523741e+01
9.500000e-07	2.495573e-01	-1.518478e+01
9.600000e-07	2.500000e-01	-1.514062e+01
9.700000e-07	2.500000e-01	-1.506949e+01
9.800000e-07	2.500000e-01	-1.500675e+01
9.900000e-07	2.500000e-01	-1.492060e+01
1.000000e-06	2.500000e-01	-1.483844e+01
1.010000e-06	2.500000e-01	-1.475520e+01
1.020000e-06	2.367747e-01	-1.468949e+01
1.030000e-06	2.046569e-01	-1.460731e+01
1.040000e-06	1.801862e-01	-1.447854e+01
1.050000e-06	1.587446e-01	-1.436688e+01
1.060000e-06	1.388588e-01	-1.424992e+01
1.070000e-06	1.229411e-01	-1.417315e+01
1.080000e-06	1.111791e-01	-1.402784e+01
1.090000e-06	1.010051e-01	-1.382997e+01
1.100000e-06	8.937373e-02	-1.378275e+01
1.110000e-06	8.078454e-02	-1.362686e+01
1.120000e-06	7.426170e-02	-1.351002e+01
1.130000e-06	7.097549e-02	-1.332320e+01
1.140000e-06	6.416623e-02	-1.319724e+01
1.150000e-06	5.830183e-02	-1.301797e+01
1.160000e-06	5.272396e-02	-1.286252e+01
1.170000e-06	5.144013e-02	-1.271305e+01
1.180000e-06	4.862451e-02	-1.254476e+01
1.190000e-06	4.367282e-02	-1.241829e+01
1.200000e-06	3.990802e-02	-1.218839e+01
1.210000e-06	3.810867e-02	-1.201792e+01
1.220000e-06	3.659191e-02	-1.178889e+01
1.230000e-06	3.417139e-02	-1.161847e+01
1.240000e-06	3.017501e-02	-1.138589e+01
1.250000e-06	2.846063e-02	-1.116575e+01
1.260000e-06	2.912983e-02	-1.098729e+01
1.270000e-06	2.840290e-02	-1.078577e+01
1.280000e-06	2.435151e-02	-1.057644e+01
1.290000e-06	2.135776e-02	-1.035676e+01
1.300000e-06	2.166419e-02	-1.014576e+01
1.310000e-06	2.007055e-02	-9.933658e+00
1.320000e-06	1.971342e-02	-9.723157e+00
1.330000e-06	1.640447e-02	-9.500577e+00
1.340000e-06	1.766978e-02	-9.271446e+00
1.350000e-06	1.625928e-02	-9.000500e+00
1.360000e-06	1.516328e-02	-8.808388e+00
1.370000e-06	1.180728e-02	-8.575685e+00
1.380000e-06	1.146610e-02	-8.323156e+00
1.390000e-06	1.175614e-02	-8.092657e+00
1.400000e-06	1.207054e-02	-7.819444e+00
1.410000e-06	1.062459e-02	-7.545737e+00
1.420000e-06	7.539080e-03	-7.284660e+00
1.430000e-06	6.806747e-03	-7.081494e+00
1.440000e-06	6.379069e-03	-6.758341e+00
1.450000e-06	5.382003e-03	-6.557208e+00
1.460000e-06	5.265570e-03	-6.252576e+00
1.470000e-06	4.164967e-03	-5.957839e+00
1.480000e-06	3.557491e-03	-5.715208e+00
1.490000e-06	4.409424e-03	-5.440051e+00
1.500000e-06	2.915363e-03	-5.186715e+00
1.510000e-06	1.810429e-03	-4.789999e+00
1.520000e-06	1.400600e-03	-4.517262e+00
1.530000e-06	1.306652e-03	-4.335738e+00
1.540000e-06	2.288677e-04	-4.022704e+00
1.550000e-06	-1.990512e-03	-3.768261e+00
1.560000e-06	-2.824593e-03	-3.455210e+00
1.570000e-06	-2.894382e-03	-3.230451e+00
1.580000e-06	-2.091615e-03	-2.915262e+00
1.590000e-06	-3.484961e-03	-2.643603e+00
1.600000e-06	-3.036950e-03	-2.380440e+00
1.610000e-06	-3.289722e-03	-2.093134e+00
1.620000e-06	-2.888838e-03	-1.798924e+00
1.630000e-06	-4.839079e-03	-1.527263e+00
1.640000e-06	-6.622805e-03	-1.118397e+00
1.650000e-06	-7.052599e-03	-8.656891e-01
1.660000e-06	-6.837336e-03	-6.015224e-01
1.670000e-06	-6.096025e-03	-3.367910e-01
1.680000e-06	-5.123355e-03	-4.370165e-02
1.690000e-06	6.232073e-03	3.111303e-01
1.700000e-06	3.433088e-03	5.032143e-01
1.710000e-06	3.372813e-03	7.663171e-01
1.720000e-06	1.364965e-03	1.032124e+00
1.730000e-06	-1.871680e-03	1.343210e+00
1.740000e-06	-1.026101e-03	1.651078e+00
1.750000e-06	3.167698e-03	1.872159e+00
1.760000e-06	3.016134e-02	2.085258e+00
1.770000e-06	1.000219e-01	2.387466e+00
1.780000e-06	1.602143e-02	2.796791e+00
1.790000e-06	-5.504088e-02	3.060074e+00
1.800000e-06	-2.709798e-02	3.323309e+00
1.810000e-06	-3.173835e-02	3.639474e+00
1.820000e-06	-5.813777e-02	3.840155e+00
1.830000e-06	-6.756908e-02	4.048022e+00
1.840000e-06	9.403456e-02	4.333758e+00
1.850000e-06	-3.382094e-02	4.639469e+00
1.860000e-06	-1.354907e-02	4.857375e+00
1.870000e-06	1.285186e-01	5.188042e+00
1.880000e-06	-1.421299e-01	5.502652e+00
1.890000e-06	6.612750e-02	5.752282e+00
1.900000e-06	-5.671485e-02	6.020524e+00
1.910000e-06	2.252995e-02	6.259572e+00
1.920000e-06	1.663259e-02	6.545310e+00
1.930000e-06	-5.973208e-02	6.808073e+00
1.940000e-06	4.264025e-02	7.099603e+00
1.950000e-06	-6.274994e-02	7.353805e+00
1.960000e-06	3.314193e-02	7.637948e+00
1.970000e-06	-6.349792e-02	7.931727e+00
1.980000e-06	1.252832e-02	8.216361e+00
1.990000e-06	1.369813e-02	8.388394e+00
2.000000e-06	-3.514931e-02	8.637416e+00
2.010000e-06	1.627915e-02	8.799495e+00
2.020000e-06	-6.682059e-02	9.081150e+00
2.030000e-06	4.847317e-05	9.322678e+00
2.040000e-06	-1.922307e-02	9.554285e+00
2.050000e-06	7.885149e-04	9.824884e+00
2.060000e-06	-3.258435e-02	1.001791e+01
2.070000e-06	-2.042100e-02	1.022597e+01
2.080000e-06	-5.271460e-03	1.044844e+01
2.090000e-06	-3.200765e-02	1.064999e+01
2.100000e-06	-2.012112e-02	1.089895e+01
2.110000e-06	-4.200999e-02	1.107894e+01
2.120000e-06	-1.216819e-02	1.130054e+01
2.130000e-06	-2.397353e-02	1.147999e+01
2.140000e-06	-2.415019e-02	1.166897e+01
2.150000e-06	-4.322177e-02	1.186997e+01
2.160000e-06	-2.881638e-02	1.205002e+01
2.170000e-06	-2.304800e-02	1.224747e+01
2.180000e-06	-2.601382e-02	1.243809e+01
2.190000e-06	-3.974008e-02	1.257541e+01
2.200000e-06	-4.407326e-02	1.276378e+01
2.210000e-06	-3.134819e-02	1.290152e+01
2.220000e-06	-3.482211e-02	1.306101e+01
2.230000e-06	-4.048451e-02	1.326786e+01
2.240000e-06	-5.150785e-02	1.334473e+01
2.250000e-06	-3.650868e-02	1.353002e+01
2.260000e-06	-4.004661e-02	1.366804e+01
2.270000e-06	-4.459517e-02	1.381476e+01
2.280000e-06	-6.116032e-02	1.394170e+01
2.290000e-06	-5.418022e-02	1.404746e+01
2.300000e-06	-4.838629e-02	1.420581e+01
2.310000e-06	-4.893277e-02	1.434154e+01
2.320000e-06	-6.013619e-02	1.443636e+01
2.330000e-06	-6.497330e-02	1.456118e+01
2.340000e-06	-5.710023e-02	1.461841e+01
2.350000e-06	-6.108230e-02	1.469154e+01
2.360000e-06	-6.552063e-02	1.477621e+01
2.370000e-06	-7.780922e-02	1.486005e+01
2.380000e-06	-7.068669e-02	1.491467e+01
2.390000e-06	-7.190796e-02	1.497473e+01
2.400000e-06	-7.623938e-02	1.505792e+01
2.410000e-06	-8.899996e-02	1.514112e+01
2.420000e-06	-8.932041e-02	1.515575e+01
2.430000e-06	-8.370263e-02	1.525633e+01
2.440000e-06	-8.672059e-02	1.527751e+01
2.450000e-06	-9.553347e-02	1.531004e+01
2.460000e-06	-1.050747e-01	1.535260e+01
2.470000e-06	-1.035004e-01	1.537413e+01
2.480000e-06	-1.058209e-01	1.537423e+01
2.490000e-06	-1.141690e-01	1.539470e+01
2.500000e-06	-1.219050e-01	1.542385e+01
2.510000e-06	-1.226839e-01	1.539471e+01
2.520000e-06	-1.222771e-01	1.542376e+01
2.530000e-06	-1.325972e-01	1.539523e+01
2.540000e-06	-1.467353e-01	1.535425e+01
2.550000e-06	-1.594042e-01	1.534313e+01
2.560000e-06	-1.656629e-01	1.535062e+01
2.570000e-06	-1.801633e-01	1.526902e+01
2.580000e-06	-2.001024e-01	1.527032e+01
2.590000e-06	-2.265348e-01	1.525681e+01
2.600000e-06	-2.455423e-01	1.517463e+01
2.610000e-06	-2.500000e-01	1.513254e+01
2.620000e-06	-2.500000e-01	1.506001e+01
2.630000e-06	-2.500000e-01	1.499536e+01
2.640000e-06	-2.500000e-01	1.493207e+01
2.650000e-06	-2.500000e-01	1.484902e+01
2.660000e-06	-2.500000e-01	1.480468e+01
2.670000e-06	-2.500000e-01	1.466947e+01
2.680000e-06	-2.364420e-01	1.459536e+01
2.690000e-06	-2.024551e-01	1.453059e+01
2.700000e-06	-1.764946e-01	1.441423e+01
2.710000e-06	-1.578640e-01	1.430050e+01
2.720000e-06	-1.459480e-01	1.416320e+01
2.730000e-06	-1.296308e-01	1.404631e+01
2.740000e-06	-1.159717e-01	1.393210e+01
2.750000e-06	-1.044021e-01	1.380478e+01
2.760000e-06	-9.994635e-02	1.367897e+01
2.770000e-06	-9.127328e-02	1.352107e+01
2.780000e-06	-8.265042e-02	1.338521e+01
2.790000e-06	-7.459709e-02	1.322829e+01
2.800000e-06	-7.396372e-02	1.307942e+01
2.810000e-06	-7.081249e-02	1.296265e+01
2.820000e-06	-6.596728e-02	1.276466e+01
2.830000e-06	-5.879192e-02	1.261676e+01
2.840000e-06	-5.631645e-02	1.243737e+01
2.850000e-06	-5.675043e-02	1.226092e+01
2.860000e-06	-5.325643e-02	1.207255e+01
2.870000e-06	-4.908515e-02	1.195413e+01
2.880000e-06	-4.504874e-02	1.172203e+01
2.890000e-06	-4.741958e-02	1.153152e+01
2.900000e-06	-4.562676e-02	1.131298e+01
2.910000e-06	-4.282269e-02	1.108102e+01
2.920000e-06	-3.755074e-02	1.089113e+01
2.930000e-06	-3.850914e-02	1.069002e+01
2.940000e-06	-3.805879e-02	1.048107e+01
2.950000e-06	-3.704986e-02	1.021050e+01
2.960000e-06	-3.263500e-02	1.002992e+01
2.970000e-06	-3.423218e-02	9.828886e+00
2.980000e-06	-3.401776e-02	9.596734e+00
2.990000e-06	-3.386697e-02	9.328313e+00
3.000000e-06	-2.943943e-02	9.164187e+00
3.010000e-06	-2.768097e-02	8.924207e+00
3.020000e-06	-2.810915e-02	8.670547e+00
3.030000e-06	-2.930553e-02	8.439552e+00
3.040000e-06	-2.796978e-02	8.248913e+00
3.050000e-06	-2.529484e-02	7.934735e+00
3.060000e-06	-2.491891e-02	7.693655e+00
3.070000e-06	-2.618091e-02	7.417400e+00
3.080000e-06	-2.542609e-02	7.125687e+00
3.090000e-06	-2.234509e-02	6.914711e+00
3.100000e-06	-2.171560e-02	6.630544e+00
3.110000e-06	-2.269036e-02	6.408289e+00
3.120000e-06	-2.307183e-02	6.105262e+00
3.130000e-06	-2.103137e-02	5.891627e+00
3.140000e-06	-2.028805e-02	5.609894e+00
3.150000e-06	-1.954762e-02	5.325783e+00
3.160000e-06	-2.122162e-02	4.988969e+00
3.170000e-06	-1.977355e-02	4.684730e+00
3.180000e-06	-1.833405e-02	4.422050e+00
3.190000e-06	-1.735257e-02	4.166740e+00
3.200000e-06	-1.863605e-02	3.902079e+00
3.210000e-06	-1.757785e-02	3.599524e+00
3.220000e-06	-1.566931e-02	3.345263e+00
3.230000e-06	-1.452559e-02	3.061054e+00
3.240000e-06	-1.600874e-02	2.799922e+00
3.250000e-06	-1.682170e-02	2.463605e+00
3.260000e-06	-1.438022e-02	2.210947e+00
3.270000e-06	-1.374551e-02	1.956418e+00
3.280000e-06	-1.286235e-02	1.653102e+00
3.290000e-06	-1.435322e-02	1.358376e+00
3.300000e-06	-1.292600e-02	1.022560e+00
3.310000e-06	-1.120341e-02	7.172420e-01
3.320000e-06	-9.321127e-03	4.321080e-01
3.330000e-06	-8.779132e-03	2.078697e-01
3.340000e-06	-6.532889e-03	-1.067696e-01
3.350000e-06	5.497555e-03	-3.594186e-01
3.360000e-06	-2.755057e-03	-6.712057e-01
3.370000e-06	1.522784e-03	-9.268360e-01
3.380000e-06	-2.688513e-03	-1.178446e+00
3.390000e-06	1.130617e-03	-1.505338e+00
3.400000e-06	7.839934e-05	-1.738392e+00
3.410000e-06	2.673428e-02	-1.967895e+00
3.420000e-06	1.066534e-01	-2.249472e+00
3.430000e-06	4.663185e-02	-2.628995e+00
3.440000e-06	-5.710769e-02	-2.978024e+00
3.450000e-06	-2.877609e-03	-3.315836e+00
3.460000e-06	-4.494473e-02	-3.536288e+00
3.470000e-06	-6.919957e-02	-3.756414e+00
3.480000e-06	-1.231845e-02	-3.968395e+00
3.490000e-06	1.459736e-01	-4.175362e+00
3.500000e-06	-1.733156e-01	-4.493104e+00
3.510000e-06	1.933328e-01	-4.738933e+00
3.520000e-06	-6.034726e-02	-4.979423e+00
3.530000e-06	-1.574429e-02	-5.368459e+00
3.540000e-06	8.872657e-02	-5.579995e+00
3.550000e-06	-1.636451e-01	-5.893761e+00
3.560000e-06	1.909536e-01	-6.205685e+00
3.570000e-06	-8.886351e-02	-6.460048e+00
3.580000e-06	7.399683e-02	-6.735709e+00
3.590000e-06	2.307885e-02	-6.965733e+00
3.600000e-06	-6.888988e-02	-7.292681e+00
3.610000e-06	1.176231e-01	-7.494278e+00
3.620000e-06	-1.063203e-01	-7.785439e+00
3.630000e-06	1.308162e-01	-8.090650e+00
3.640000e-06	-4.397290e-02	-8.280202e+00
3.650000e-06	4.192322e-02	-8.565334e+00
3.660000e-06	5.493300e-02	-8.828390e+00
3.670000e-06	-7.359602e-02	-9.061045e+00
3.680000e-06	9.594202e-02	-9.220019e+00
3.690000e-06	-6.805975e-02	-9.472599e+00
3.700000e-06	1.211748e-01	-9.705278e+00
3.710000e-06	-3.962725e-02	-9.923679e+00
3.720000e-06	7.047470e-02	-1.016530e+01
3.730000e-06	-5.151310e-03	-1.039436e+01
3.740000e-06	2.437283e-02	-1.062692e+01
3.750000e-06	4.511758e-02	-1.076584e+01
3.760000e-06	-1.470633e-02	-1.105788e+01
3.770000e-06	6.937649e-02	-1.121541e+01
3.780000e-06	-1.879881e-02	-1.140693e+01
3.790000e-06	8.153657e-02	-1.163939e+01
3.800000e-06	-1.711110e-02	-1.186539e+01
3.810000e-06	6.491084e-02	-1.202849e+01
3.820000e-06	3.693365e-03	-1.221786e+01
3.830000e-06	6.308533e-02	-1.237544e+01
3.840000e-06	2.281198e-02	-1.257616e+01
3.850000e-06	3.348635e-02	-1.274328e+01
3.860000e-06	3.189309e-02	-1.288010e+01
3.870000e-06	3.118162e-02	-1.308002e+01
3.880000e-06	5.314320e-02	-1.321681e+01
3.890000e-06	2.771141e-02	-1.339363e+01
3.900000e-06	5.901077e-02	-1.351909e+01
3.910000e-06	3.079022e-02	-1.366842e+01
3.920000e-06	6.276318e-02	-1.378673e+01
3.930000e-06	3.060065e-02	-1.391165e+01
3.940000e-06	5.237737e-02	-1.403944e+01
3.950000e-06	3.727823e-02	-1.420275e+01
3.960000e-06	6.227476e-02	-1.430912e+01
3.970000e-06	5.176796e-02	-1.444691e+01
3.980000e-06	5.814863e-02	-1.449112e+01
3.990000e-06	5.266412e-02	-1.462634e+01
4.000000e-06	6.262467e-02	-1.471052e+01
4.010000e-06	6.681174e-02	-1.477636e+01
4.020000e-06	6.373649e-02	-1.489794e+01
4.030000e-06	6.681080e-02	-1.494315e+01
4.040000e-06	6.567941e-02	-1.506941e+01
4.050000e-06	7.528961e-02	-1.508007e+01
4.060000e-06	6.968356e-02	-1.516415e+01
4.070000e-06	7.675211e-02	-1.519630e+01
4.080000e-06	7.615338e-02	-1.525589e+01
4.090000e-06	9.171188e-02	-1.528007e+01
4.100000e-06	8.899931e-02	-1.533163e+01
4.110000e-06	9.325516e-02	-1.537518e+01
4.120000e-06	9.017548e-02	-1.541723e+01
4.130000e-06	9.800356e-02	-1.542634e+01
4.140000e-06	1.032951e-01	-1.544896e+01
4.150000e-06	1.079174e-01	-1.545949e+01
4.160000e-06	1.119703e-01	-1.543999e+01
4.170000e-06	1.188822e-01	-1.548851e+01
4.180000e-06	1.282192e-01	-1.543736e+01
4.190000e-06	1.310353e-01	-1.547486e+01
4.200000e-06	1.378632e-01	-1.542629e+01
4.210000e-06	1.464286e-01	-1.539586e+01
4.220000e-06	1.621910e-01	-1.541673e+01
4.230000e-06	1.796796e-01	-1.531518e+01
4.240000e-06	1.978672e-01	-1.528204e+01
4.250000e-06	2.223558e-01	-1.526792e+01
4.260000e-06	2.454875e-01	-1.518623e+01
4.270000e-06	2.500000e-01	-1.513373e+01
4.280000e-06	2.500000e-01	-1.512152e+01
4.290000e-06	2.500000e-01	-1.500696e+01
4.300000e-06	2.500000e-01	-1.497373e+01
4.310000e-06	2.500000e-01	-1.488207e+01
4.320000e-06	2.500000e-01	-1.481628e+01
4.330000e-06	2.456396e-01	-1.474310e+01
4.340000e-06	2.169897e-01	-1.460789e+01
4.350000e-06	1.890536e-01	-1.451315e+01
4.360000e-06	1.672397e-01	-1.441736e+01
4.370000e-06	1.457012e-01	-1.433215e+01
4.380000e-06	1.282151e-01	-1.419586e+01
4.390000e-06	1.144084e-01	-1.408109e+01
4.400000e-06	1.043216e-01	-1.395458e+01
4.410000e-06	9.251860e-02	-1.380832e+01
4.420000e-06	8.486536e-02	-1.365100e+01
4.430000e-06	7.641747e-02	-1.357270e+01
4.440000e-06	7.248784e-02	-1.338681e+01
4.450000e-06	6.707940e-02	-1.323894e+01
4.460000e-06	6.027173e-02	-1.309305e+01
4.470000e-06	5.404602e-02	-1.296466e+01
4.480000e-06	5.247997e-02	-1.277576e+01
4.490000e-06	4.990600e-02	-1.261786e+01
4.500000e-06	4.561425e-02	-1.248097e+01
4.510000e-06	4.072677e-02	-1.232097e+01
4.520000e-06	3.889844e-02	-1.211252e+01
4.530000e-06	3.792240e-02	-1.192160e+01
4.540000e-06	3.576069e-02	-1.169065e+01
4.550000e-06	3.150778e-02	-1.148152e+01
4.560000e-06	2.873923e-02	-1.126142e+01
4.570000e-06	2.856401e-02	-1.108052e+01
4.580000e-06	2.800206e-02	-1.083105e+01
4.590000e-06	2.523354e-02	-1.064013e+01
4.600000e-06	2.245587e-02	-1.048098e+01
4.610000e-06	2.107929e-02	-1.024847e+01
4.620000e-06	2.200050e-02	-1.003039e+01
4.630000e-06	2.031734e-02	-9.809366e+00
4.640000e-06	1.775054e-02	-9.607736e+00
4.650000e-06	1.644341e-02	-9.356258e+00
4.660000e-06	1.707531e-02	-9.114628e+00
4.670000e-06	1.558127e-02	-8.912631e+00
4.680000e-06	1.381153e-02	-8.652047e+00
4.690000e-06	1.139456e-02	-8.409943e+00
4.700000e-06	1.098709e-02	-8.166416e+00
4.710000e-06	1.151353e-02	-7.945233e+00
4.720000e-06	1.179614e-02	-7.670529e+00
4.730000e-06	8.722568e-03	-7.366887e+00
4.740000e-06	7.261417e-03	-7.136157e+00
4.750000e-06	7.402165e-03	-6.871676e+00
4.760000e-06	7.427960e-03	-6.599416e+00
4.770000e-06	5.500896e-03	-6.356764e+00
4.780000e-06	4.423963e-03	-6.114178e+00
4.790000e-06	2.889068e-03	-5.821548e+00
4.800000e-06	5.812384e-03	-5.566888e+00
4.810000e-06	3.252512e-03	-5.252530e+00
4.820000e-06	1.484192e-03	-4.947834e+00
4.830000e-06	1.785806e-03	-4.653079e+00
4.840000e-06	1.400811e-03	-4.380947e+00
4.850000e-06	3.357705e-03	-4.138295e+00
4.860000e-06	-1.986642e-03	-3.924173e+00
4.870000e-06	-1.790100e-03	-3.589470e+00
4.880000e-06	-4.474357e-03	-3.344740e+00
4.890000e-06	-7.146961e-04	-3.032526e+00
4.900000e-06	-3.199240e-03	-2.747316e+00
4.910000e-06	-1.821826e-03	-2.465184e+00
4.920000e-06	-4.789217e-03	-2.168395e+00
4.930000e-06	-2.308858e-03	-1.895734e+00
4.940000e-06	-4.409844e-03	-1.643029e+00
4.950000e-06	-4.880194e-03	-1.313763e+00
4.960000e-06	-8.009582e-03	-1.021524e+00
4.970000e-06	-6.940831e-03	-7.488320e-01
4.980000e-06	-5.840509e-03	-4.004489e-01
4.990000e-06	-4.805201e-03	-1.284410e-01
5.000000e-06	-2.815442e-05	9.473934e-02
5.010000e-06	6.780805e-03	4.404801e-01
5.020000e-06	-9.349231e-04	6.921817e-01
5.030000e-06	6.416599e-03	9.012380e-01
5.040000e-06	-3.025596e-03	1.270573e+00
5.050000e-06	1.287011e-03	1.511286e+00
5.060000e-06	-3.356452e-03	1.819522e+00
5.070000e-06	2.066354e-02	2.019499e+00
5.080000e-06	6.956358e-02	2.274225e+00
5.090000e-06	8.132722e-02	2.568494e+00
5.100000e-06	-6.445398e-02	2.944812e+00
5.110000e-06	-2.365916e-02	3.229520e+00
5.120000e-06	-3.940047e-02	3.525711e+00
5.130000e-06	-2.937298e-02	3.755262e+00
5.140000e-06	-9.235400e-02	3.935864e+00
5.150000e-06	3.077208e-02	4.228393e+00
5.160000e-06	7.113676e-02	4.523761e+00
5.170000e-06	-1.150304e-01	4.755338e+00
5.180000e-06	1.716802e-01	5.065946e+00
5.190000e-06	-9.729994e-02	5.387415e+00
5.200000e-06	-3.909293e-03	5.648495e+00
5.210000e-06	1.193480e-02	5.945784e+00
5.220000e-06	-4.583702e-02	6.185313e+00
5.230000e-06	6.407003e-02	6.447544e+00
5.240000e-06	-7.156447e-02	6.713864e+00
5.250000e-06	2.965054e-02	6.965386e+00
5.260000e-06	-3.179031e-02	7.289569e+00
5.270000e-06	-4.035265e-03	7.532756e+00
5.280000e-06	-1.411857e-02	7.777542e+00
5.290000e-06	-4.272584e-02	8.089550e+00
5.300000e-06	4.183261e-02	8.302335e+00
5.310000e-06	-3.670255e-02	8.574260e+00
5.320000e-06	5.135951e-03	8.762836e+00
5.330000e-06	-3.080483e-02	9.035960e+00
5.340000e-06	-4.210297e-02	9.209467e+00
5.350000e-06	1.189714e-02	9.500598e+00
5.360000e-06	-2.665759e-02	9.719647e+00
5.370000e-06	-1.082248e-03	9.961627e+00
5.380000e-06	-4.307936e-02	1.013428e+01
5.390000e-06	5.512410e-03	1.037528e+01
5.400000e-06	-2.856863e-02	1.061439e+01
5.410000e-06	-2.551735e-02	1.076525e+01
5.420000e-06	-3.073968e-02	1.100583e+01
5.430000e-06	-3.092347e-02	1.117429e+01
5.440000e-06	-5.294892e-03	1.138581e+01
5.450000e-06	-3.510025e-02	1.159581e+01
5.460000e-06	-2.690020e-02	1.179739e+01
5.470000e-06	-4.488346e-02	1.202829e+01
5.480000e-06	-1.692913e-02	1.218676e+01
5.490000e-06	-3.041834e-02	1.237173e+01
5.500000e-06	-3.314699e-02	1.252313e+01
5.510000e-06	-4.345815e-02	1.267955e+01
5.520000e-06	-3.666023e-02	1.286802e+01
5.530000e-06	-2.897576e-02	1.301571e+01
5.540000e-06	-4.338563e-02	1.317325e+01
5.550000e-06	-4.454599e-02	1.328150e+01
5.560000e-06	-4.482153e-02	1.343847e+01
5.570000e-06	-3.216634e-02	1.359533e+01
5.580000e-06	-4.445386e-02	1.375355e+01
5.590000e-06	-5.412551e-02	1.392944e+01
5.600000e-06	-5.892264e-02	1.400678e+01
5.610000e-06	-5.029776e-02	1.410320e+01
5.620000e-06	-4.851268e-02	1.429851e+01
5.630000e-06	-5.855529e-02	1.444326e+01
5.640000e-06	-6.359145e-02	1.453202e+01
5.650000e-06	-5.999134e-02	1.462421e+01
5.660000e-06	-5.604541e-02	1.468991e+01
5.670000e-06	-6.446730e-02	1.475331e+01
5.680000e-06	-7.340673e-02	1.481839e+01
5.690000e-06	-7.387610e-02	1.489209e+01
5.700000e-06	-6.979527e-02	1.500476e+01
5.710000e-06	-7.472651e-02	1.504584e+01
5.720000e-06	-8.544158e-02	1.512107e+01
5.730000e-06	-9.022605e-02	1.514413e+01
5.740000e-06	-8.656381e-02	1.520573e+01
5.750000e-06	-8.470650e-02	1.525746e+01
5.760000e-06	-9.285347e-02	1.529094e+01
5.770000e-06	-1.017580e-01	1.534104e+01
5.780000e-06	-1.022332e-01	1.534217e+01
5.790000e-06	-1.032862e-01	1.537320e+01
5.800000e-06	-1.093448e-01	1.538515e+01
5.810000e-06	-1.220806e-01	1.540681e+01
5.820000e-06	-1.240258e-01	1.541476e+01
5.830000e-06	-1.246201e-01	1.541476e+01
5.840000e-06	-1.286737e-01	1.543383e+01
5.850000e-06	-1.429532e-01	1.541528e+01
5.860000e-06	-1.541624e-01	1.535322e+01
5.870000e-06	-1.610931e-01	1.534310e+01
5.880000e-06	-1.725067e-01	1.534059e+01
5.890000e-06	-1.904709e-01	1.526054e+01
5.900000e-06	-2.182931e-01	1.524633e+01
5.910000e-06	-2.414090e-01	1.517623e+01
5.920000e-06	-2.499900e-01	1.514317e+01
5.930000e-06	-2.500000e-01	1.507005e+01
5.940000e-06	-2.500000e-01	1.503031e+01
5.950000e-06	-2.500000e-01	1.499560e+01
5.960000e-06	-2.500000e-01	1.489905e+01
5.970000e-06	-2.500000e-01	1.480536e+01
5.980000e-06	-2.500000e-01	1.472262e+01
5.990000e-06	-2.456238e-01	1.463681e+01
6.000000e-06	-2.158650e-01	1.455358e+01
6.010000e-06	-1.863504e-01	1.444741e+01
6.020000e-06	-1.649936e-01	1.437165e+01
6.030000e-06	-1.502530e-01	1.422773e+01
6.040000e-06	-1.339175e-01	1.410990e+01
6.050000e-06	-1.191086e-01	1.394478e+01
6.060000e-06	-1.084117e-01	1.384634e+01
6.070000e-06	-1.019053e-01	1.371010e+01
6.080000e-06	-9.513811e-02	1.359318e+01
6.090000e-06	-8.543358e-02	1.344836e+01
6.100000e-06	-7.711914e-02	1.328055e+01
6.110000e-06	-7.417475e-02	1.312317e+01
6.120000e-06	-7.216184e-02	1.296478e+01
6.130000e-06	-6.728846e-02	1.282686e+01
6.140000e-06	-6.054991e-02	1.266052e+01
6.150000e-06	-5.816515e-02	1.253262e+01
6.160000e-06	-5.688887e-02	1.234263e+01
6.170000e-06	-5.434734e-02	1.217523e+01
6.180000e-06	-4.921341e-02	1.197571e+01
6.190000e-06	-4.678971e-02	1.178581e+01
6.200000e-06	-4.770579e-02	1.157373e+01
6.210000e-06	-4.585126e-02	1.135371e+01
6.220000e-06	-4.414575e-02	1.115568e+01
6.230000e-06	-3.962552e-02	1.097681e+01
6.240000e-06	-3.866290e-02	1.078631e+01
6.250000e-06	-3.821415e-02	1.052583e+01
6.260000e-06	-3.790232e-02	1.032518e+01
6.270000e-06	-3.414164e-02	1.014421e+01
6.280000e-06	-3.356025e-02	9.932522e+00
6.290000e-06	-3.484491e-02	9.662123e+00
6.300000e-06	-3.404660e-02	9.440995e+00
6.310000e-06	-3.101783e-02	9.229969e+00
6.320000e-06	-2.859888e-02	9.007460e+00
6.330000e-06	-2.887638e-02	8.775231e+00
6.340000e-06	-2.959378e-02	8.533807e+00
6.350000e-06	-2.881866e-02	8.300153e+00
6.360000e-06	-2.612200e-02	8.051045e+00
6.370000e-06	-2.441900e-02	7.787363e+00
6.380000e-06	-2.575623e-02	7.526176e+00
6.390000e-06	-2.638849e-02	7.212021e+00
6.400000e-06	-2.323443e-02	7.017890e+00
6.410000e-06	-2.151874e-02	6.765237e+00
6.420000e-06	-2.353289e-02	6.472607e+00
6.430000e-06	-2.339643e-02	6.230497e+00
6.440000e-06	-2.233377e-02	5.990941e+00
6.450000e-06	-1.970997e-02	5.705628e+00
6.460000e-06	-1.911916e-02	5.423024e+00
6.470000e-06	-2.077547e-02	5.134307e+00
6.480000e-06	-1.982309e-02	4.768970e+00
6.490000e-06	-1.818106e-02	4.535237e+00
6.500000e-06	-1.787361e-02	4.283051e+00
6.510000e-06	-1.837442e-02	3.998444e+00
6.520000e-06	-1.841562e-02	3.755159e+00
6.530000e-06	-1.641042e-02	3.452479e+00
6.540000e-06	-1.470397e-02	3.136285e+00
6.550000e-06	-1.510017e-02	2.864659e+00
6.560000e-06	-1.623284e-02	2.628418e+00
6.570000e-06	-1.619500e-02	2.294233e+00
6.580000e-06	-1.321603e-02	2.041053e+00
6.590000e-06	-1.290128e-02	1.767321e+00
6.600000e-06	-1.353689e-02	1.443106e+00
6.610000e-06	-1.315192e-02	1.158896e+00
6.620000e-06	-1.123632e-02	8.315504e-01
6.630000e-06	-1.033177e-02	5.089146e-01
6.640000e-06	-1.080245e-02	2.937581e-01
6.650000e-06	-8.427304e-03	-5.107751e-02
6.660000e-06	4.234605e-04	-2.837070e-01
6.670000e-06	4.285199e-03	-5.168160e-01
6.680000e-06	-2.474449e-03	-8.205814e-01
6.690000e-06	1.426490e-03	-1.113258e+00
6.700000e-06	-2.124290e-03	-1.418974e+00
6.710000e-06	2.487984e-03	-1.672553e+00
6.720000e-06	1.152001e-02	-1.884232e+00
6.730000e-06	6.872238e-02	-2.082307e+00
6.740000e-06	1.130498e-01	-2.450600e+00
6.750000e-06	-6.162044e-02	-2.861105e+00
6.760000e-06	-1.137320e-03	-3.220100e+00
6.770000e-06	-4.595831e-02	-3.462178e+00
6.780000e-06	-3.722199e-02	-3.620127e+00
6.790000e-06	-9.363632e-02	-3.954284e+00
6.800000e-06	1.715035e-01	-4.072133e+00
6.810000e-06	-9.968520e-02	-4.345341e+00
6.820000e-06	4.752822e-02	-4.669179e+00
6.830000e-06	1.124063e-01	-4.843103e+00
6.840000e-06	-1.581355e-01	-5.261550e+00
6.850000e-06	1.712880e-01	-5.516280e+00
6.860000e-06	-1.638633e-01	-5.818018e+00
6.870000e-06	8.519163e-02	-6.051176e+00
6.880000e-06	4.954783e-02	-6.332706e+00
6.890000e-06	-5.983869e-02	-6.638596e+00
6.900000e-06	1.378511e-01	-6.831077e+00
6.910000e-06	-1.282067e-01	-7.166333e+00
6.920000e-06	1.144360e-01	-7.449998e+00
6.930000e-06	-5.460163e-02	-7.692150e+00
6.940000e-06	3.278791e-02	-7.977991e+00
6.950000e-06	6.933235e-02	-8.179416e+00
6.960000e-06	-6.642980e-02	-8.481049e+00
6.970000e-06	1.357799e-01	-8.732147e+00
6.980000e-06	-9.942098e-02	-8.975361e+00
6.990000e-06	8.237149e-02	-9.168362e+00
7.000000e-06	-3.364300e-02	-9.407333e+00
7.010000e-06	5.509122e-02	-9.638447e+00
7.020000e-06	4.145970e-02	-9.869096e+00
7.030000e-06	-1.035022e-02	-1.007207e+01
7.040000e-06	7.197423e-02	-1.029904e+01
7.050000e-06	-4.364255e-02	-1.051528e+01
7.060000e-06	9.433454e-02	-1.069173e+01
7.070000e-06	-4.201865e-02	-1.094260e+01
7.080000e-06	7.793262e-02	-1.111273e+01
7.090000e-06	-1.355313e-02	-1.131230e+01
7.100000e-06	6.301577e-02	-1.148473e+01
7.110000e-06	1.255111e-02	-1.176275e+01
7.120000e-06	2.914302e-02	-1.198228e+01
7.130000e-06	3.523951e-02	-1.213226e+01
7.140000e-06	2.467910e-02	-1.231378e+01
7.150000e-06	5.991120e-02	-1.249157e+01
7.160000e-06	7.564194e-03	-1.269109e+01
7.170000e-06	5.374396e-02	-1.280597e+01
7.180000e-06	1.167938e-02	-1.303683e+01
7.190000e-06	6.417993e-02	-1.315318e+01
7.200000e-06	2.081123e-02	-1.333104e+01
7.210000e-06	5.776085e-02	-1.346741e+01
7.220000e-06	3.105503e-02	-1.358428e+01
7.230000e-06	5.744804e-02	-1.372568e+01
7.240000e-06	4.065148e-02	-1.384845e+01
7.250000e-06	4.363829e-02	-1.399681e+01
7.260000e-06	4.344597e-02	-1.414250e+01
7.270000e-06	5.185651e-02	-1.423851e+01
7.280000e-06	6.032655e-02	-1.434483e+01
7.290000e-06	5.220670e-02	-1.447052e+01
7.300000e-06	5.870965e-02	-1.452378e+01
7.310000e-06	5.330486e-02	-1.467854e+01
7.320000e-06	7.085688e-02	-1.476518e+01
7.330000e-06	6.011373e-02	-1.481886e+01
7.340000e-06	6.947862e-02	-1.493207e+01
7.350000e-06	6.271329e-02	-1.500528e+01
7.360000e-06	7.669320e-02	-1.508089e+01
7.370000e-06	7.061368e-02	-1.511263e+01
7.380000e-06	7.632258e-02	-1.521428e+01
7.390000e-06	7.415408e-02	-1.520639e+01
7.400000e-06	8.664619e-02	-1.525694e+01
7.410000e-06	9.102466e-02	-1.532160e+01
7.420000e-06	9.121175e-02	-1.538423e+01
7.430000e-06	9.245000e-02	-1.535576e+01
7.440000e-06	9.300307e-02	-1.540791e+01
7.450000e-06	1.029204e-01	-1.541789e+01
7.460000e-06	1.048156e-01	-1.544097e+01
7.470000e-06	1.114218e-01	-1.544849e+01
7.480000e-06	1.151108e-01	-1.543941e+01
7.490000e-06	1.253927e-01	-1.543999e+01
7.500000e-06	1.305338e-01	-1.541986e+01
7.510000e-06	1.352763e-01	-1.542946e+01
7.520000e-06	1.421724e-01	-1.541738e+01
7.530000e-06	1.553565e-01	-1.539628e+01
7.540000e-06	1.729793e-01	-1.537465e+01
7.550000e-06	1.902167e-01	-1.525007e+01
7.560000e-06	2.123217e-01	-1.526851e+01
7.570000e-06	2.377951e-01	-1.521686e+01
7.580000e-06	2.499949e-01	-1.517478e+01
7.590000e-06	2.500000e-01	-1.511262e+01
7.600000e-06	2.500000e-01	-1.506096e+01
7.610000e-06	2.500000e-01	-1.494475e+01
7.620000e-06	2.500000e-01	-1.490059e+01
7.630000e-06	2.500000e-01	-1.482786e+01
7.640000e-06	2.492985e-01	-1.470418e+01
7.650000e-06	2.286172e-01	-1.466804e+01
7.660000e-06	1.989582e-01	-1.457623e+01
7.670000e-06	1.750704e-01	-1.448989e+01
7.680000e-06	1.546856e-01	-1.435318e+01
7.690000e-06	1.347802e-01	-1.427994e+01
7.700000e-06	1.190609e-01	-1.411312e+01
7.710000e-06	1.075952e-01	-1.399721e+01
7.720000e-06	9.767209e-02	-1.388941e+01
7.730000e-06	8.734990e-02	-1.373318e+01
7.740000e-06	7.916048e-02	-1.357673e+01
7.750000e-06	7.415263e-02	-1.343791e+01
7.760000e-06	6.935865e-02	-1.331360e+01
7.770000e-06	6.281481e-02	-1.317423e+01
7.780000e-06	5.637863e-02	-1.299689e+01
7.790000e-06	5.293465e-02	-1.282852e+01
7.800000e-06	4.987298e-02	-1.264144e+01
7.810000e-06	4.873265e-02	-1.251320e+01
7.820000e-06	4.245568e-02	-1.236560e+01
7.830000e-06	3.937535e-02	-1.216628e+01
7.840000e-06	3.680732e-02	-1.195625e+01
7.850000e-06	3.634956e-02	-1.178781e+01
7.860000e-06	3.308441e-02	-1.156573e+01
7.870000e-06	3.022048e-02	-1.136470e+01
7.880000e-06	2.934637e-02	-1.113318e+01
7.890000e-06	2.824433e-02	-1.094468e+01
7.900000e-06	2.655900e-02	-1.072471e+01
7.910000e-06	2.424017e-02	-1.055528e+01
7.920000e-06	2.208914e-02	-1.032365e+01
7.930000e-06	2.048082e-02	-1.010265e+01
7.940000e-06	2.162757e-02	-9.852525e+00
7.950000e-06	1.890613e-02	-9.651573e+00
7.960000e-06	1.574867e-02	-9.420443e+00
7.970000e-06	1.675468e-02	-9.168794e+00
7.980000e-06	1.556786e-02	-8.977314e+00
7.990000e-06	1.682094e-02	-8.786735e+00
8.000000e-06	1.502365e-02	-8.523602e+00
8.010000e-06	1.131708e-02	-8.233625e+00
8.020000e-06	1.327905e-02	-8.031998e+00
8.030000e-06	7.528440e-03	-7.774865e+00
8.040000e-06	9.162422e-03	-7.463626e+00
8.050000e-06	4.800618e-03	-7.261093e+00
8.060000e-06	6.863609e-03	-7.006360e+00
8.070000e-06	8.755215e-03	-6.685157e+00
8.080000e-06	8.949955e-03	-6.442082e+00
8.090000e-06	7.701472e-03	-6.189415e+00
8.100000e-06	3.446731e-03	-5.914735e+00
8.110000e-06	3.899945e-03	-5.661125e+00
8.120000e-06	2.406465e-03	-5.397364e+00
8.130000e-06	1.425112e-03	-5.084077e+00
8.140000e-06	-2.448244e-04	-4.746289e+00
8.150000e-06	1.513984e-03	-4.494159e+00
8.160000e-06	1.631137e-03	-4.231527e+00
8.170000e-06	3.349745e-03	-3.980974e+00
8.180000e-06	-9.914560e-04	-3.685733e+00
8.190000e-06	-1.829734e-03	-3.422004e+00
8.200000e-06	-3.502352e-03	-3.148416e+00
8.210000e-06	-2.332959e-03	-2.822529e+00
8.220000e-06	-3.799356e-03	-2.569421e+00
8.230000e-06	-4.496319e-03	-2.285311e+00
8.240000e-06	-4.411487e-03	-2.009998e+00
8.250000e-06	-3.674486e-03	-1.737341e+00
8.260000e-06	-3.574170e-03	-1.433009e+00
8.270000e-06	-6.310059e-03	-1.098218e+00
8.280000e-06	-7.125855e-03	-8.535002e-01
8.290000e-06	-7.032293e-03	-5.077707e-01
8.300000e-06	-4.895346e-03	-2.631817e-01
8.310000e-06	-6.303927e-03	-1.045394e-02
8.320000e-06	8.187063e-03	3.357607e-01
8.330000e-06	-3.705073e-03	6.079934e-01
8.340000e-06	7.938605e-03	7.894724e-01
8.350000e-06	6.164540e-04	1.114761e+00
8.360000e-06	1.787273e-03	1.416395e+00
8.370000e-06	-1.412698e-03	1.714359e+00
8.380000e-06	7.402774e-03	1.935314e+00
8.390000e-06	4.067103e-02	2.165943e+00
8.400000e-06	1.052786e-01	2.420577e+00
8.410000e-06	-2.815848e-02	2.859497e+00
8.420000e-06	-3.856798e-02	3.144210e+00
8.430000e-06	-3.278392e-02	3.388940e+00
8.440000e-06	-2.255103e-02	3.671602e+00
8.450000e-06	-7.842366e-02	3.892653e+00
8.460000e-06	-3.663408e-02	4.062702e+00
8.470000e-06	1.101898e-01	4.396419e+00
8.480000e-06	-9.872874e-02	4.672157e+00
8.490000e-06	7.977504e-02	4.871203e+00
8.500000e-06	4.159770e-02	5.290203e+00
8.510000e-06	-1.066132e-01	5.504810e+00
8.520000e-06	6.944856e-02	5.819920e+00
8.530000e-06	-7.402896e-02	6.081679e+00
8.540000e-06	5.882843e-02	6.334131e+00
8.550000e-06	-2.796500e-02	6.617495e+00
8.560000e-06	-2.763939e-02	6.860603e+00
8.570000e-06	2.178512e-02	7.123783e+00
8.580000e-06	-5.202578e-02	7.417944e+00
8.590000e-06	3.064931e-02	7.672203e+00
8.600000e-06	-7.397638e-02	7.965335e+00
8.610000e-06	3.836316e-02	8.259049e+00
8.620000e-06	-1.077293e-02	8.499501e+00
8.630000e-06	-2.079667e-02	8.700099e+00
8.640000e-06	5.435779e-03	8.912103e+00
8.650000e-06	-7.032933e-02	9.165236e+00
8.660000e-06	1.874994e-02	9.375338e+00
8.670000e-06	-3.419540e-02	9.617369e+00
8.680000e-06	1.008221e-02	9.857885e+00
8.690000e-06	-4.704721e-02	1.006107e+01
8.700000e-06	-2.223833e-03	1.027802e+01
8.710000e-06	-1.631584e-02	1.052052e+01
8.720000e-06	-3.019152e-02	1.069107e+01
8.730000e-06	-2.269613e-02	1.094312e+01
8.740000e-06	-4.168337e-02	1.107257e+01
8.750000e-06	-3.696608e-03	1.133210e+01
8.760000e-06	-3.345912e-02	1.152218e+01
8.770000e-06	-2.028830e-02	1.174160e+01
8.780000e-06	-4.860242e-02	1.192165e+01
8.790000e-06	-1.995510e-02	1.214107e+01
8.800000e-06	-2.863207e-02	1.231214e+01
8.810000e-06	-2.807957e-02	1.246852e+01
8.820000e-06	-4.265171e-02	1.264832e+01
8.830000e-06	-4.155884e-02	1.275638e+01
8.840000e-06	-2.796521e-02	1.296415e+01
8.850000e-06	-3.986218e-02	1.308057e+01
8.860000e-06	-4.084910e-02	1.328844e+01
8.870000e-06	-5.225232e-02	1.342734e+01
8.880000e-06	-3.154118e-02	1.349220e+01
8.890000e-06	-4.357073e-02	1.372044e+01
8.900000e-06	-4.618626e-02	1.381376e+01
8.910000e-06	-6.129682e-02	1.396325e+01
8.920000e-06	-5.068267e-02	1.408052e+01
8.930000e-06	-4.850638e-02	1.426686e+01
8.940000e-06	-5.356082e-02	1.434210e+01
8.950000e-06	-6.358753e-02	1.445806e+01
8.960000e-06	-6.509259e-02	1.453375e+01
8.970000e-06	-5.553007e-02	1.460594e+01
8.980000e-06	-6.302348e-02	1.476313e+01
8.990000e-06	-6.761223e-02	1.480541e+01
9.000000e-06	-7.607329e-02	1.490207e+01
9.010000e-06	-6.894826e-02	1.495367e+01
9.020000e-06	-7.238966e-02	1.501478e+01
9.030000e-06	-7.997095e-02	1.504851e+01
9.040000e-06	-9.051305e-02	1.514315e+01
9.050000e-06	-8.940292e-02	1.516517e+01
9.060000e-06	-8.403938e-02	1.526784e+01
9.070000e-06	-8.928283e-02	1.527844e+01
9.080000e-06	-9.753722e-02	1.530304e+01
9.090000e-06	-1.043713e-01	1.535107e+01
9.100000e-06	-1.003158e-01	1.538423e+01
9.110000e-06	-1.063439e-01	1.537468e+01
9.120000e-06	-1.163286e-01	1.540523e+01
9.130000e-06	-1.248645e-01	1.540620e+01
9.140000e-06	-1.246341e-01	1.537423e+01
9.150000e-06	-1.253370e-01	1.537581e+01
9.160000e-06	-1.365735e-01	1.535375e+01
9.170000e-06	-1.513673e-01	1.536275e+01
9.180000e-06	-1.592018e-01	1.537470e+01
9.190000e-06	-1.667951e-01	1.530059e+01
9.200000e-06	-1.818167e-01	1.529152e+01
9.210000e-06	-2.069135e-01	1.527681e+01
9.220000e-06	-2.349512e-01	1.522634e+01
9.230000e-06	-2.487135e-01	1.521372e+01
9.240000e-06	-2.500000e-01	1.512104e+01
9.250000e-06	-2.500000e-01	1.508034e+01
9.260000e-06	-2.500000e-01	1.499529e+01
9.270000e-06	-2.500000e-01	1.489058e+01
9.280000e-06	-2.500000e-01	1.481731e+01
9.290000e-06	-2.500000e-01	1.473376e+01
9.300000e-06	-2.491995e-01	1.468694e+01
9.310000e-06	-2.295540e-01	1.456425e+01
9.320000e-06	-1.954376e-01	1.449947e+01
9.330000e-06	-1.702773e-01	1.442473e+01
9.340000e-06	-1.546300e-01	1.426839e+01
9.350000e-06	-1.426588e-01	1.414107e+01
9.360000e-06	-1.243521e-01	1.401531e+01
9.370000e-06	-1.113029e-01	1.387051e+01
9.380000e-06	-1.020544e-01	1.372458e+01
9.390000e-06	-9.919596e-02	1.360778e+01
9.400000e-06	-8.914808e-02	1.351049e+01
9.410000e-06	-8.001435e-02	1.333263e+01
9.420000e-06	-7.287310e-02	1.321526e+01
9.430000e-06	-7.330210e-02	1.304739e+01
9.440000e-06	-6.949545e-02	1.291150e+01
9.450000e-06	-6.404095e-02	1.270320e+01
9.460000e-06	-5.788196e-02	1.258524e+01
9.470000e-06	-5.675548e-02	1.237528e+01
9.480000e-06	-5.707727e-02	1.222791e+01
9.490000e-06	-5.181484e-02	1.204947e+01
9.500000e-06	-4.673058e-02	1.185057e+01
9.510000e-06	-4.464943e-02	1.167895e+01
9.520000e-06	-4.735528e-02	1.151039e+01
9.530000e-06	-4.543244e-02	1.127849e+01
9.540000e-06	-4.152892e-02	1.103997e+01
9.550000e-06	-3.748097e-02	1.085147e+01
9.560000e-06	-3.838321e-02	1.064844e+01
9.570000e-06	-3.894742e-02	1.044774e+01
9.580000e-06	-3.568949e-02	1.019894e+01
9.590000e-06	-3.381000e-02	9.985287e+00
9.600000e-06	-3.193915e-02	9.735335e+00
9.610000e-06	-3.488181e-02	9.504177e+00
9.620000e-06	-3.206388e-02	9.335184e+00
9.630000e-06	-2.930243e-02	9.071024e+00
9.640000e-06	-2.757425e-02	8.852973e+00
9.650000e-06	-2.944451e-02	8.629438e+00
9.660000e-06	-2.952673e-02	8.406819e+00
9.670000e-06	-2.699800e-02	8.134757e+00
9.680000e-06	-2.451139e-02	7.913179e+00
9.690000e-06	-2.489053e-02	7.661544e+00
9.700000e-06	-2.639353e-02	7.326835e+00
9.710000e-06	-2.495058e-02	7.116052e+00
9.720000e-06	-2.245601e-02	6.841578e+00
9.730000e-06	-2.202308e-02	6.596815e+00
9.740000e-06	-2.404725e-02	6.303607e+00
9.750000e-06	-2.215863e-02	6.073132e+00
9.760000e-06	-2.073140e-02	5.849444e+00
9.770000e-06	-1.907820e-02	5.534288e+00
9.780000e-06	-2.155807e-02	5.242627e+00
9.790000e-06	-2.020408e-02	4.925731e+00
9.800000e-06	-1.905438e-02	4.671419e+00
9.810000e-06	-1.701311e-02	4.379920e+00
9.820000e-06	-1.779696e-02	4.053558e+00
9.830000e-06	-1.903733e-02	3.808921e+00
9.840000e-06	-1.751547e-02	3.557341e+00
9.850000e-06	-1.470191e-02	3.262029e+00
9.860000e-06	-1.521007e-02	2.959321e+00
9.870000e-06	-1.620637e-02	2.755813e+00
9.880000e-06	-1.620510e-02	2.419950e+00
9.890000e-06	-1.393524e-02	2.126216e+00
9.900000e-06	-1.287315e-02	1.853682e+00
9.910000e-06	-1.314701e-02	1.569895e+00
9.920000e-06	-1.386314e-02	1.283635e+00
9.930000e-06	-1.250434e-02	9.763434e-01
9.940000e-06	-9.446529e-03	6.831316e-01
9.950000e-06	-1.005017e-02	3.995026e-01
9.960000e-06	-1.028936e-02	9.263928e-02
9.970000e-06	-6.322988e-03	-1.979199e-01
9.980000e-06	7.017696e-03	-4.110026e-01
9.990000e-06	-3.161610e-03	-7.258172e-01
1.000000e-05	2.137015e-03	-9.984214e-01
1.001000e-05	-3.734531e-03	-1.272125e+00
1.002000e-05	1.646669e-03	-1.579444e+00
1.003000e-05	4.538579e-03	-1.779024e+00
1.004000e-05	4.093665e-02	-2.000053e+00
1.005000e-05	1.255202e-01	-2.295684e+00
1.006000e-05	-7.077151e-03	-2.703184e+00
1.007000e-05	-3.492134e-02	-3.093734e+00
1.008000e-05	-2.175181e-02	-3.388970e+00
1.009000e-05	-3.960588e-02	-3.577997e+00
1.010000e-05	-9.579548e-02	-3.829024e+00
1.011000e-05	7.240183e-02	-4.029950e+00
1.012000e-05	6.548619e-02	-4.230100e+00
1.013000e-05	-1.227720e-01	-4.575909e+00
1.014000e-05	2.129316e-01	-4.777919e+00
1.015000e-05	-1.548717e-01	-5.113233e+00
1.016000e-05	9.142122e-02	-5.483600e+00
1.017000e-05	-2.322131e-02	-5.710705e+00
1.018000e-05	-8.611011e-02	-6.026964e+00
1.019000e-05	1.722548e-01	-6.205940e+00
1.020000e-05	-1.221189e-01	-6.503782e+00
1.021000e-05	1.413944e-01	-6.776915e+00
1.022000e-05	-6.152812e-02	-6.997520e+00
1.023000e-05	9.754611e-03	-7.335786e+00
1.024000e-05	6.146219e-02	-7.565360e+00
1.025000e-05	-7.846717e-02	-7.913628e+00
1.026000e-05	1.412997e-01	-8.104734e+00
1.027000e-05	-9.194331e-02	-8.325814e+00
1.028000e-05	1.080350e-01	-8.658813e+00
1.029000e-05	-2.126851e-02	-8.810598e+00
1.030000e-05	-9.898124e-03	-9.111204e+00
1.031000e-05	5.498233e-02	-9.292699e+00
1.032000e-05	-3.698643e-02	-9.541705e+00
1.033000e-05	1.160234e-01	-9.776311e+00
1.034000e-05	-5.620851e-02	-9.995364e+00
1.035000e-05	9.678963e-02	-1.019889e+01
1.036000e-05	-4.638256e-02	-1.040904e+01
1.037000e-05	6.894622e-02	-1.065005e+01
1.038000e-05	-5.651389e-04	-1.080954e+01
1.039000e-05	2.734066e-02	-1.106744e+01
1.040000e-05	3.882798e-02	-1.125906e+01
1.041000e-05	9.225863e-03	-1.148060e+01
1.042000e-05	6.472150e-02	-1.166807e+01
1.043000e-05	-1.207505e-02	-1.191064e+01
1.044000e-05	6.416242e-02	-1.207109e+01
1.045000e-05	-1.602007e-03	-1.227044e+01
1.046000e-05	7.389432e-02	-1.243999e+01
1.047000e-05	5.705350e-03	-1.260736e+01
1.048000e-05	5.012673e-02	-1.276633e+01
1.049000e-05	1.718152e-02	-1.293418e+01
1.050000e-05	4.987395e-02	-1.310160e+01
1.051000e-05	3.819928e-02	-1.323846e+01
1.052000e-05	4.182396e-02	-1.342683e+01
1.053000e-05	4.763019e-02	-1.352022e+01
1.054000e-05	3.941443e-02	-1.365997e+01
1.055000e-05	5.587489e-02	-1.377689e+01
1.056000e-05	3.199894e-02	-1.394265e+01
1.057000e-05	5.101961e-02	-1.409999e+01
1.058000e-05	4.037575e-02	-1.422726e+01
1.059000e-05	6.531272e-02	-1.433270e+01
1.060000e-05	4.961378e-02	-1.438849e+01
1.061000e-05	6.088541e-02	-1.452218e+01
1.062000e-05	5.083559e-02	-1.463689e+01
1.063000e-05	6.730648e-02	-1.471412e+01
1.064000e-05	6.206435e-02	-1.477486e+01
1.065000e-05	6.695615e-02	-1.491102e+01
1.066000e-05	6.458391e-02	-1.497418e+01
1.067000e-05	7.151508e-02	-1.506839e+01
1.068000e-05	7.365983e-02	-1.510217e+01
1.069000e-05	7.266344e-02	-1.514480e+01
1.070000e-05	7.589338e-02	-1.520546e+01
1.071000e-05	8.080486e-02	-1.521796e+01
1.072000e-05	9.206981e-02	-1.529257e+01
1.073000e-05	9.036724e-02	-1.533262e+01
1.074000e-05	9.221995e-02	-1.533468e+01
1.075000e-05	9.045993e-02	-1.537489e+01
1.076000e-05	1.008062e-01	-1.541892e+01
1.077000e-05	1.033352e-01	-1.540947e+01
1.078000e-05	1.093084e-01	-1.542996e+01
1.079000e-05	1.130560e-01	-1.544147e+01
1.080000e-05	1.217078e-01	-1.545999e+01
1.081000e-05	1.289947e-01	-1.539789e+01
1.082000e-05	1.330783e-01	-1.539841e+01
1.083000e-05	1.397067e-01	-1.539781e+01
1.084000e-05	1.498749e-01	-1.539646e+01
1.085000e-05	1.662417e-01	-1.537623e+01
1.086000e-05	1.830211e-01	-1.530307e+01
1.087000e-05	2.021891e-01	-1.529997e+01
1.088000e-05	2.285596e-01	-1.522694e+01
1.089000e-05	2.481980e-01	-1.517583e+01
1.090000e-05	2.500000e-01	-1.515475e+01
1.091000e-05	2.500000e-01	-1.505844e+01
1.092000e-05	2.500000e-01	-1.500635e+01
1.093000e-05	2.500000e-01	-1.491417e+01
1.094000e-05	2.500000e-01	-1.481842e+01
1.095000e-05	2.500000e-01	-1.480575e+01
1.096000e-05	2.402263e-01	-1.467208e+01
1.097000e-05	2.087492e-01	-1.460834e+01
1.098000e-05	1.833118e-01	-1.450160e+01
1.099000e-05	1.613561e-01	-1.438736e+01
1.100000e-05	1.420721e-01	-1.432849e+01
1.101000e-05	1.242521e-01	-1.419523e+01
1.102000e-05	1.115286e-01	-1.402789e+01
1.103000e-05	1.011862e-01	-1.391215e+01
1.104000e-05	9.098499e-02	-1.378573e+01
1.105000e-05	8.206325e-02	-1.364792e+01
1.106000e-05	7.611104e-02	-1.348202e+01
1.107000e-05	7.075067e-02	-1.337576e+01
1.108000e-05	6.545896e-02	-1.316839e+01
1.109000e-05	5.861126e-02	-1.304952e+01
1.110000e-05	5.424469e-02	-1.289247e+01
1.111000e-05	5.088856e-02	-1.275423e+01
1.112000e-05	4.822178e-02	-1.260533e+01
1.113000e-05	4.406271e-02	-1.242734e+01
1.114000e-05	4.114713e-02	-1.221931e+01
1.115000e-05	3.880946e-02	-1.210942e+01
1.116000e-05	3.625643e-02	-1.188994e+01
1.117000e-05	3.391165e-02	-1.166899e+01
1.118000e-05	2.983598e-02	-1.140889e+01
1.119000e-05	2.896687e-02	-1.117941e+01
1.120000e-05	2.847242e-02	-1.099831e+01
1.121000e-05	2.763160e-02	-1.077844e+01
1.122000e-05	2.490144e-02	-1.059044e+01
1.123000e-05	2.320963e-02	-1.040789e+01
1.124000e-05	2.195950e-02	-1.017731e+01
1.125000e-05	2.030353e-02	-9.954737e+00
1.126000e-05	1.932286e-02	-9.766809e+00
1.127000e-05	1.807006e-02	-9.495630e+00
1.128000e-05	1.756519e-02	-9.283182e+00
1.129000e-05	1.645644e-02	-9.062598e+00
1.130000e-05	1.448669e-02	-8.850049e+00
1.131000e-05	1.250916e-02	-8.617389e+00
1.132000e-05	1.149000e-02	-8.356812e+00
1.133000e-05	1.185948e-02	-8.123657e+00
1.134000e-05	1.183644e-02	-7.851024e+00
1.135000e-05	1.087453e-02	-7.628268e+00
1.136000e-05	1.015099e-02	-7.303710e+00
1.137000e-05	8.500773e-03	-7.080097e+00
1.138000e-05	6.861195e-03	-6.758920e+00
1.139000e-05	4.242385e-03	-6.547787e+00
1.140000e-05	4.111615e-03	-6.264156e+00
1.141000e-05	4.692143e-03	-6.013045e+00
1.142000e-05	5.353983e-03	-5.756866e+00
1.143000e-05	5.202174e-03	-5.482552e+00
1.144000e-05	2.847574e-03	-5.177899e+00
1.145000e-05	2.399958e-03	-4.882976e+00
1.146000e-05	1.903995e-03	-4.598318e+00
1.147000e-05	2.495207e-04	-4.327841e+00
1.148000e-05	8.332835e-04	-4.044134e+00
1.149000e-05	-2.326364e-03	-3.789369e+00
1.150000e-05	-2.769953e-04	-3.514766e+00
1.151000e-05	-2.834097e-03	-3.242155e+00
1.152000e-05	-1.225947e-03	-2.916341e+00
1.153000e-05	-3.411236e-03	-2.663633e+00
1.154000e-05	-1.679236e-03	-2.391098e+00
1.155000e-05	-3.993861e-03	-2.095263e+00
1.156000e-05	-2.997155e-03	-1.811529e+00
1.157000e-05	-6.271096e-03	-1.569449e+00
1.158000e-05	-5.719077e-03	-1.211970e+00
1.159000e-05	-7.405508e-03	-9.063121e-01
1.160000e-05	-5.810194e-03	-6.345813e-01
1.161000e-05	-7.089110e-03	-3.372947e-01
1.162000e-05	-4.738269e-03	-9.418915e-02
1.163000e-05	4.845142e-03	1.990510e-01
1.164000e-05	5.275836e-03	4.642842e-01
1.165000e-05	7.126043e-04	7.252870e-01
1.166000e-05	2.066887e-03	1.047395e+00
1.167000e-05	-2.386963e-03	1.282259e+00
1.168000e-05	-3.972521e-05	1.597971e+00
1.169000e-05	1.426730e-03	1.842079e+00
1.170000e-05	2.480876e-02	2.091679e+00
1.171000e-05	9.130222e-02	2.356386e+00
1.172000e-05	4.206642e-02	2.712258e+00
1.173000e-05	-6.277601e-02	3.018499e+00
1.174000e-05	-2.534246e-02	3.262652e+00
1.175000e-05	-3.553843e-02	3.617397e+00
1.176000e-05	-4.631991e-02	3.808947e+00
1.177000e-05	-8.036648e-02	4.028871e+00
1.178000e-05	7.480097e-02	4.231029e+00
1.179000e-05	6.370086e-03	4.636866e+00
1.180000e-05	-6.071141e-02	4.797370e+00
1.181000e-05	1.621083e-01	5.146261e+00
1.182000e-05	-1.412678e-01	5.430552e+00
1.183000e-05	4.961446e-02	5.692734e+00
1.184000e-05	-3.621849e-02	6.027916e+00
1.185000e-05	-1.697293e-03	6.237943e+00
1.186000e-05	3.764087e-02	6.523727e+00
1.187000e-05	-7.163613e-02	6.807815e+00
1.188000e-05	4.516072e-02	7.038390e+00
1.189000e-05	-5.816422e-02	7.302652e+00
1.190000e-05	2.544380e-02	7.596339e+00
1.191000e-05	-4.880696e-02	7.869545e+00
1.192000e-05	-5.668097e-03	8.142256e+00
1.193000e-05	2.562790e-02	8.357341e+00
1.194000e-05	-3.846482e-02	8.616286e+00
1.195000e-05	1.573505e-02	8.828463e+00
1.196000e-05	-5.571215e-02	9.071468e+00
1.197000e-05	-1.438154e-02	9.292125e+00
1.198000e-05	-8.473673e-03	9.523181e+00
1.199000e-05	-9.027621e-03	9.774255e+00
1.200000e-05	-2.000231e-02	9.995762e+00
1.201000e-05	-2.952452e-02	1.021686e+01
1.202000e-05	6.658150e-04	1.040694e+01
1.203000e-05	-3.232038e-02	1.065634e+01
1.204000e-05	-2.086299e-02	1.084784e+01
1.205000e-05	-3.948893e-02	1.102797e+01
1.206000e-05	-1.877440e-02	1.121794e+01
1.207000e-05	-1.843841e-02	1.147952e+01
1.208000e-05	-2.831689e-02	1.162846e+01
1.209000e-05	-3.721343e-02	1.186054e+01
1.210000e-05	-3.410178e-02	1.202797e+01
1.211000e-05	-2.050983e-02	1.222786e+01
1.212000e-05	-2.792643e-02	1.238478e+01
1.213000e-05	-3.847892e-02	1.257528e+01
1.214000e-05	-4.437038e-02	1.274262e+01
1.215000e-05	-3.348388e-02	1.291045e+01
1.216000e-05	-3.327718e-02	1.307737e+01
1.217000e-05	-4.189689e-02	1.321626e+01
1.218000e-05	-4.928434e-02	1.338423e+01
1.219000e-05	-3.859186e-02	1.346002e+01
1.220000e-05	-3.643614e-02	1.366896e+01
1.221000e-05	-4.446510e-02	1.379420e+01
1.222000e-05	-5.905349e-02	1.392059e+01
1.223000e-05	-5.510728e-02	1.402588e+01
1.224000e-05	-4.940812e-02	1.421431e+01
1.225000e-05	-4.900731e-02	1.426954e+01
1.226000e-05	-6.056834e-02	1.446636e+01
1.227000e-05	-6.533573e-02	1.451017e+01
1.228000e-05	-5.828976e-02	1.461626e+01
1.229000e-05	-6.017026e-02	1.469010e+01
1.230000e-05	-6.522200e-02	1.480586e+01
1.231000e-05	-7.539776e-02	1.484742e+01
1.232000e-05	-7.076603e-02	1.492360e+01
1.233000e-05	-7.022977e-02	1.497473e+01
1.234000e-05	-7.585099e-02	1.504791e+01
1.235000e-05	-8.769540e-02	1.507162e+01
1.236000e-05	-9.081526e-02	1.516423e+01
1.237000e-05	-8.539016e-02	1.526833e+01
1.238000e-05	-8.663474e-02	1.527886e+01
1.239000e-05	-9.535124e-02	1.534000e+01
1.240000e-05	-1.035433e-01	1.534152e+01
1.241000e-05	-1.016636e-01	1.535255e+01
1.242000e-05	-1.039484e-01	1.537372e+01
1.243000e-05	-1.113735e-01	1.538668e+01
1.244000e-05	-1.230517e-01	1.543526e+01
1.245000e-05	-1.243643e-01	1.539480e+01
1.246000e-05	-1.250623e-01	1.541625e+01
1.247000e-05	-1.319679e-01	1.538470e+01
1.248000e-05	-1.460576e-01	1.540415e+01
1.249000e-05	-1.562082e-01	1.537318e+01
1.250000e-05	-1.630501e-01	1.530057e+01
1.251000e-05	-1.755390e-01	1.531052e+01
1.252000e-05	-1.975169e-01	1.530884e+01
1.253000e-05	-2.239376e-01	1.525681e+01
1.254000e-05	-2.453189e-01	1.518418e+01
1.255000e-05	-2.500000e-01	1.517307e+01
1.256000e-05	-2.500000e-01	1.509944e+01
1.257000e-05	-2.500000e-01	1.499631e+01
1.258000e-05	-2.500000e-01	1.493358e+01
1.259000e-05	-2.500000e-01	1.487802e+01
1.260000e-05	-2.500000e-01	1.478420e+01
1.261000e-05	-2.500000e-01	1.475154e+01
1.262000e-05	-2.406985e-01	1.458581e+01
1.263000e-05	-2.067440e-01	1.455152e+01
1.264000e-05	-1.805833e-01	1.443582e+01
1.265000e-05	-1.593617e-01	1.430255e+01
1.266000e-05	-1.473780e-01	1.421570e+01
1.267000e-05	-1.308656e-01	1.407852e+01
1.268000e-05	-1.168547e-01	1.390360e+01
1.269000e-05	-1.046963e-01	1.378778e+01
1.270000e-05	-1.007410e-01	1.364992e+01
1.271000e-05	-9.259379e-02	1.353415e+01
1.272000e-05	-8.391884e-02	1.340631e+01
1.273000e-05	-7.490343e-02	1.327042e+01
1.274000e-05	-7.317218e-02	1.310147e+01
1.275000e-05	-7.069923e-02	1.294365e+01
1.276000e-05	-6.663253e-02	1.278626e+01
1.277000e-05	-5.994365e-02	1.259641e+01
1.278000e-05	-5.726542e-02	1.245044e+01
1.279000e-05	-5.579989e-02	1.231207e+01
1.280000e-05	-5.405643e-02	1.209362e+01
1.281000e-05	-5.004381e-02	1.191308e+01
1.282000e-05	-4.583538e-02	1.176513e+01
1.283000e-05	-4.616492e-02	1.152415e+01
1.284000e-05	-4.494153e-02	1.130257e+01
1.285000e-05	-4.426509e-02	1.110303e+01
1.286000e-05	-3.864563e-02	1.095413e+01
1.287000e-05	-3.911152e-02	1.071315e+01
1.288000e-05	-3.746613e-02	1.047563e+01
1.289000e-05	-3.804259e-02	1.025202e+01
1.290000e-05	-3.382513e-02	1.011007e+01
1.291000e-05	-3.348391e-02	9.878466e+00
1.292000e-05	-3.189201e-02	9.608841e+00
1.293000e-05	-3.390528e-02	9.397839e+00
1.294000e-05	-3.126047e-02	9.170237e+00
1.295000e-05	-2.878991e-02	8.935308e+00
1.296000e-05	-2.837208e-02	8.681627e+00
1.297000e-05	-2.896161e-02	8.472583e+00
1.298000e-05	-2.882311e-02	8.220095e+00
1.299000e-05	-2.593296e-02	8.006766e+00
1.300000e-05	-2.513226e-02	7.743758e+00
1.301000e-05	-2.502167e-02	7.510524e+00
1.302000e-05	-2.601851e-02	7.188395e+00
1.303000e-05	-2.406623e-02	6.975236e+00
1.304000e-05	-2.207581e-02	6.663104e+00
1.305000e-05	-2.275320e-02	6.419971e+00
1.306000e-05	-2.308360e-02	6.176841e+00
1.307000e-05	-2.233625e-02	5.946632e+00
1.308000e-05	-2.031008e-02	5.642371e+00
1.309000e-05	-1.996787e-02	5.337869e+00
1.310000e-05	-1.936177e-02	5.012975e+00
1.311000e-05	-2.003147e-02	4.745287e+00
1.312000e-05	-1.846593e-02	4.462106e+00
1.313000e-05	-1.768796e-02	4.218370e+00
1.314000e-05	-1.740175e-02	3.916212e+00
1.315000e-05	-1.816697e-02	3.652052e+00
1.316000e-05	-1.709086e-02	3.378351e+00
1.317000e-05	-1.499951e-02	3.105633e+00
1.318000e-05	-1.485064e-02	2.831526e+00
1.319000e-05	-1.571288e-02	2.546237e+00
1.320000e-05	-1.449419e-02	2.210575e+00
1.321000e-05	-1.394935e-02	2.000971e+00
1.322000e-05	-1.193129e-02	1.694234e+00
1.323000e-05	-1.310775e-02	1.409449e+00
1.324000e-05	-1.248911e-02	1.066565e+00
1.325000e-05	-1.205892e-02	7.188735e-01
1.326000e-05	-1.065547e-02	4.846554e-01
1.327000e-05	-9.557315e-03	2.129760e-01
1.328000e-05	-7.165644e-03	-8.423459e-02
1.329000e-05	3.888628e-03	-3.473909e-01
1.330000e-05	2.870047e-04	-6.495788e-01
1.331000e-05	1.100373e-03	-8.928094e-01
1.332000e-05	-8.963035e-04	-1.167341e+00
1.333000e-05	7.217415e-04	-1.485205e+00
1.334000e-05	-6.977416e-05	-1.695811e+00
1.335000e-05	2.056115e-02	-1.946392e+00
1.336000e-05	9.393845e-02	-2.147442e+00
1.337000e-05	7.579354e-02	-2.535839e+00
1.338000e-05	-6.582979e-02	-2.975919e+00
1.339000e-05	1.454419e-03	-3.314708e+00
1.340000e-05	-4.842214e-02	-3.504738e+00
1.341000e-05	-5.490420e-02	-3.714333e+00
1.342000e-05	-5.019435e-02	-3.948395e+00
1.343000e-05	1.738072e-01	-4.145285e+00
1.344000e-05	-1.683083e-01	-4.409602e+00
1.345000e-05	1.562380e-01	-4.704661e+00
1.346000e-05	3.466213e-03	-4.965833e+00
1.347000e-05	-7.701827e-02	-5.334810e+00
1.348000e-05	1.338379e-01	-5.595891e+00
1.349000e-05	-1.854189e-01	-5.871182e+00
1.350000e-05	1.724061e-01	-6.124233e+00
1.351000e-05	-4.655666e-02	-6.396891e+00
1.352000e-05	2.693928e-02	-6.683678e+00
1.353000e-05	7.258760e-02	-6.943233e+00
1.354000e-05	-1.027588e-01	-7.229043e+00
1.355000e-05	1.312473e-01	-7.473078e+00
1.356000e-05	-1.019721e-01	-7.754308e+00
1.357000e-05	1.058541e-01	-8.040475e+00
1.358000e-05	-6.707965e-03	-8.249494e+00
1.359000e-05	-3.055799e-04	-8.541707e+00
1.360000e-05	9.326979e-02	-8.766260e+00
1.361000e-05	-9.604716e-02	-9.026492e+00
1.362000e-05	1.047603e-01	-9.197971e+00
1.363000e-05	-6.612245e-02	-9.498944e+00
1.364000e-05	1.083748e-01	-9.701228e+00
1.365000e-05	-1.698991e-02	-9.920624e+00
1.366000e-05	4.452782e-02	-1.014268e+01
1.367000e-05	2.128398e-02	-1.035323e+01
1.368000e-05	-4.015702e-03	-1.059489e+01
1.369000e-05	6.621407e-02	-1.073533e+01
1.370000e-05	-3.028702e-02	-1.095483e+01
1.371000e-05	7.971934e-02	-1.116481e+01
1.372000e-05	-2.147818e-02	-1.139636e+01
1.373000e-05	8.089165e-02	-1.160586e+01
1.374000e-05	-1.142012e-02	-1.181541e+01
1.375000e-05	5.457507e-02	-1.203484e+01
1.376000e-05	1.226967e-02	-1.221633e+01
1.377000e-05	5.025765e-02	-1.233483e+01
1.378000e-05	3.477954e-02	-1.255363e+01
1.379000e-05	2.291326e-02	-1.272275e+01
1.380000e-05	4.095596e-02	-1.284851e+01
1.381000e-05	2.349712e-02	-1.304897e+01
1.382000e-05	5.953070e-02	-1.313535e+01
1.383000e-05	2.343307e-02	-1.332307e+01
1.384000e-05	6.098814e-02	-1.350092e+01
1.385000e-05	2.898459e-02	-1.363633e+01
1.386000e-05	6.188767e-02	-1.372366e+01
1.387000e-05	3.186529e-02	-1.387212e+01
1.388000e-05	5.015184e-02	-1.401781e+01
1.389000e-05	4.002090e-02	-1.416425e+01
1.390000e-05	5.992041e-02	-1.426797e+01
1.391000e-05	5.478762e-02	-1.440475e+01
1.392000e-05	5.605058e-02	-1.453999e+01
1.393000e-05	5.527023e-02	-1.460686e+01
1.394000e-05	5.953399e-02	-1.465907e+01
1.395000e-05	6.751821e-02	-1.478578e+01
1.396000e-05	6.219666e-02	-1.485947e+01
1.397000e-05	6.817055e-02	-1.495218e+01
1.398000e-05	6.570119e-02	-1.501676e+01
1.399000e-05	7.670483e-02	-1.507802e+01
1.400000e-05	6.899985e-02	-1.515270e+01
1.401000e-05	7.703567e-02	-1.518628e+01
1.402000e-05	7.607650e-02	-1.518594e+01
1.403000e-05	9.007888e-02	-1.523854e+01
1.404000e-05	8.880282e-02	-1.534315e+01
1.405000e-05	9.268239e-02	-1.537320e+01
1.406000e-05	9.070358e-02	-1.537536e+01
1.407000e-05	9.737769e-02	-1.539783e+01
1.408000e-05	1.022140e-01	-1.541891e+01
1.409000e-05	1.062913e-01	-1.540942e+01
1.410000e-05	1.108240e-01	-1.542909e+01
1.411000e-05	1.170882e-01	-1.545954e+01
1.412000e-05	1.264395e-01	-1.542989e+01
1.413000e-05	1.311768e-01	-1.541594e+01
1.414000e-05	1.360252e-01	-1.541788e+01
1.415000e-05	1.427951e-01	-1.541671e+01
1.416000e-05	1.603128e-01	-1.541626e+01
1.417000e-05	1.762106e-01	-1.532218e+01
1.418000e-05	1.956695e-01	-1.533309e+01
1.419000e-05	2.192910e-01	-1.523797e+01
1.420000e-05	2.429224e-01	-1.521838e+01
1.421000e-05	2.500000e-01	-1.517375e+01
1.422000e-05	2.500000e-01	-1.510007e+01
1.423000e-05	2.500000e-01	-1.503991e+01
1.424000e-05	2.500000e-01	-1.498470e+01
1.425000e-05	2.500000e-01	-1.483049e+01
1.426000e-05	2.500000e-01	-1.482684e+01
1.427000e-05	2.473872e-01	-1.470260e+01
1.428000e-05	2.215930e-01	-1.463739e+01
1.429000e-05	1.933399e-01	-1.454218e+01
1.430000e-05	1.683072e-01	-1.442689e+01
1.431000e-05	1.471877e-01	-1.432173e+01
1.432000e-05	1.277562e-01	-1.425840e+01
1.433000e-05	1.162333e-01	-1.406004e+01
1.434000e-05	1.061595e-01	-1.398523e+01
1.435000e-05	9.646379e-02	-1.382891e+01
1.436000e-05	8.621131e-02	-1.368154e+01
1.437000e-05	7.853234e-02	-1.356268e+01
1.438000e-05	7.329547e-02	-1.341734e+01
1.439000e-05	6.687551e-02	-1.329045e+01
1.440000e-05	5.922083e-02	-1.311205e+01
1.441000e-05	5.458961e-02	-1.296778e+01
1.442000e-05	5.152218e-02	-1.280936e+01
1.443000e-05	5.084355e-02	-1.266044e+01
1.444000e-05	4.723652e-02	-1.250060e+01
1.445000e-05	4.300462e-02	-1.231250e+01
1.446000e-05	4.027314e-02	-1.208465e+01
1.447000e-05	3.829110e-02	-1.196255e+01
1.448000e-05	3.528729e-02	-1.168420e+01
1.449000e-05	3.015741e-02	-1.151307e+01
1.450000e-05	2.779780e-02	-1.127052e+01
1.451000e-05	2.835745e-02	-1.106405e+01
1.452000e-05	2.883167e-02	-1.084210e+01
1.453000e-05	2.677978e-02	-1.070355e+01
1.454000e-05	2.396117e-02	-1.050310e+01
1.455000e-05	2.268268e-02	-1.025845e+01
1.456000e-05	2.138432e-02	-1.005100e+01
1.457000e-05	2.022615e-02	-9.810444e+00
1.458000e-05	1.742088e-02	-9.648390e+00
1.459000e-05	1.672719e-02	-9.386835e+00
1.460000e-05	1.636814e-02	-9.124732e+00
1.461000e-05	1.604708e-02	-8.944662e+00
1.462000e-05	1.430947e-02	-8.702497e+00
1.463000e-05	1.263838e-02	-8.428548e+00
1.464000e-05	1.267518e-02	-8.207944e+00
1.465000e-05	1.255848e-02	-7.967832e+00
1.466000e-05	1.170312e-02	-7.714152e+00
1.467000e-05	8.733661e-03	-7.379969e+00
1.468000e-05	7.508495e-03	-7.215919e+00
1.469000e-05	7.262737e-03	-6.893252e+00
1.470000e-05	6.276854e-03	-6.641998e+00
1.471000e-05	4.981686e-03	-6.409445e+00
1.472000e-05	4.871102e-03	-6.144736e+00
1.473000e-05	3.283597e-03	-5.833126e+00
1.474000e-05	6.237346e-03	-5.570442e+00
1.475000e-05	3.021418e-03	-5.314183e+00
1.476000e-05	3.275724e-03	-4.999545e+00
1.477000e-05	3.245957e-03	-4.672607e+00
1.478000e-05	1.849990e-03	-4.431550e+00
1.479000e-05	1.974463e-03	-4.198890e+00
1.480000e-05	-3.217644e-03	-3.946211e+00
1.481000e-05	-2.752710e-03	-3.610526e+00
1.482000e-05	-4.611057e-03	-3.377393e+00
1.483000e-05	-1.604496e-03	-3.083559e+00
1.484000e-05	-1.923628e-03	-2.758947e+00
1.485000e-05	-1.002681e-03	-2.524787e+00
1.486000e-05	-2.297883e-03	-2.193471e+00
1.487000e-05	-2.667877e-03	-1.938313e+00
1.488000e-05	-5.031039e-03	-1.684658e+00
1.489000e-05	-7.138247e-03	-1.319273e+00
1.490000e-05	-9.538084e-03	-1.012609e+00
1.491000e-05	-8.167014e-03	-7.899201e-01
1.492000e-05	-6.301256e-03	-4.431028e-01
1.493000e-05	-4.892724e-03	-1.800252e-01
1.494000e-05	6.440016e-04	6.320540e-02
1.495000e-05	9.866620e-03	3.790499e-01
1.496000e-05	-5.747267e-04	6.205500e-01
1.497000e-05	5.650993e-03	9.016552e-01
1.498000e-05	-4.480486e-03	1.178396e+00
1.499000e-05	6.850625e-04	1.460629e+00
1.500000e-05	-5.926769e-03	1.778398e+00
1.501000e-05	1.578981e-02	1.998396e+00
1.502000e-05	5.738934e-02	2.270600e+00
1.503000e-05	9.787605e-02	2.534367e+00
1.504000e-05	-5.316706e-02	2.893233e+00
1.505000e-05	-2.482731e-02	3.176992e+00
1.506000e-05	-3.868894e-02	3.502632e+00
1.507000e-05	-2.591272e-02	3.724236e+00
1.508000e-05	-9.476415e-02	3.965266e+00
1.509000e-05	4.013879e-03	4.192761e+00
1.510000e-05	9.294602e-02	4.510707e+00
1.511000e-05	-1.240211e-01	4.756286e+00
1.512000e-05	1.570918e-01	4.975869e+00
1.513000e-05	-5.036972e-02	5.415264e+00
1.514000e-05	-3.934591e-02	5.628339e+00
1.515000e-05	3.735260e-02	5.871654e+00
1.516000e-05	-6.455384e-02	6.136263e+00
1.517000e-05	6.737568e-02	6.406915e+00
1.518000e-05	-6.356857e-02	6.682028e+00
1.519000e-05	9.952592e-03	6.944760e+00
1.520000e-05	-1.179107e-02	7.238945e+00
1.521000e-05	-2.020835e-02	7.530549e+00
1.522000e-05	8.408245e-03	7.784807e+00
1.523000e-05	-5.735744e-02	8.069444e+00
1.524000e-05	4.606330e-02	8.322152e+00
1.525000e-05	-3.055923e-02	8.543205e+00
1.526000e-05	-4.091105e-03	8.714228e+00
1.527000e-05	-1.867064e-02	9.005333e+00
1.528000e-05	-5.847308e-02	9.238389e+00
1.529000e-05	1.838814e-02	9.448470e+00
1.530000e-05	-3.145121e-02	9.690018e+00
1.531000e-05	8.623950e-03	9.910545e+00
1.532000e-05	-4.642848e-02	1.011330e+01
1.533000e-05	6.088718e-03	1.031223e+01
1.534000e-05	-2.402251e-02	1.056418e+01
1.535000e-05	-2.783337e-02	1.074173e+01
1.536000e-05	-3.010656e-02	1.095573e+01
1.537000e-05	-3.910141e-02	1.114428e+01
1.538000e-05	-2.734765e-03	1.140478e+01
1.539000e-05	-3.527791e-02	1.157526e+01
1.540000e-05	-2.026698e-02	1.179584e+01
1.541000e-05	-4.715728e-02	1.196421e+01
1.542000e-05	-1.555714e-02	1.217516e+01
1.543000e-05	-3.075932e-02	1.232457e+01
1.544000e-05	-3.107243e-02	1.249157e+01
1.545000e-05	-4.553022e-02	1.267947e+01
1.546000e-05	-3.933516e-02	1.284791e+01
1.547000e-05	-2.789661e-02	1.299518e+01
1.548000e-05	-4.202135e-02	1.315215e+01
1.549000e-05	-4.267255e-02	1.328852e+01
1.550000e-05	-4.816009e-02	1.343686e+01
1.551000e-05	-3.212740e-02	1.355575e+01
1.552000e-05	-4.494008e-02	1.372160e+01
1.553000e-05	-5.126248e-02	1.388799e+01
1.554000e-05	-6.020867e-02	1.396485e+01
1.555000e-05	-5.045107e-02	1.411312e+01
1.556000e-05	-4.830559e-02	1.425844e+01
1.557000e-05	-5.669664e-02	1.437415e+01
1.558000e-05	-6.325336e-02	1.453956e+01
1.559000e-05	-6.227914e-02	1.461123e+01
1.560000e-05	-5.633431e-02	1.468937e+01
1.561000e-05	-6.402468e-02	1.476068e+01
1.562000e-05	-7.159859e-02	1.483896e+01
1.563000e-05	-7.430075e-02	1.487260e+01
1.564000e-05	-7.032438e-02	1.494465e+01
1.565000e-05	-7.351936e-02	1.502636e+01
1.566000e-05	-8.383885e-02	1.510202e+01
1.567000e-05	-8.939347e-02	1.514265e+01
1.568000e-05	-8.870492e-02	1.522525e+01
1.569000e-05	-8.411244e-02	1.523743e+01
1.570000e-05	-9.316010e-02	1.530044e+01
1.571000e-05	-9.987985e-02	1.534199e+01
1.572000e-05	-1.037214e-01	1.538215e+01
1.573000e-05	-1.021037e-01	1.537462e+01
1.574000e-05	-1.090440e-01	1.539475e+01
1.575000e-05	-1.193249e-01	1.538618e+01
1.576000e-05	-1.236785e-01	1.537528e+01
1.577000e-05	-1.250085e-01	1.541573e+01
1.578000e-05	-1.281512e-01	1.541233e+01
1.579000e-05	-1.402076e-01	1.536473e+01
1.580000e-05	-1.524754e-01	1.534265e+01
1.581000e-05	-1.598680e-01	1.537155e+01
1.582000e-05	-1.712755e-01	1.530954e+01
1.583000e-05	-1.876948e-01	1.527946e+01
1.584000e-05	-2.150275e-01	1.524939e+01
1.585000e-05	-2.379557e-01	1.520436e+01
1.586000e-05	-2.496799e-01	1.514307e+01
1.587000e-05	-2.500000e-01	1.508057e+01
1.588000e-05	-2.500000e-01	1.502883e+01
1.589000e-05	-2.500000e-01	1.495570e+01
1.590000e-05	-2.500000e-01	1.492107e+01
1.591000e-05	-2.500000e-01	1.479643e+01
1.592000e-05	-2.500000e-01	1.471260e+01
1.593000e-05	-2.473767e-01	1.464641e+01
1.594000e-05	-2.200545e-01	1.456460e+01
1.595000e-05	-1.880864e-01	1.445844e+01
1.596000e-05	-1.675469e-01	1.440467e+01
1.597000e-05	-1.516006e-01	1.423831e+01
1.598000e-05	-1.363206e-01	1.408100e+01
1.599000e-05	-1.210403e-01	1.401473e+01
1.600000e-05	-1.090469e-01	1.388786e+01
1.601000e-05	-1.028761e-01	1.370262e+01
1.602000e-05	-9.556526e-02	1.358515e+01
1.603000e-05	-8.774868e-02	1.347089e+01
1.604000e-05	-7.737871e-02	1.333262e+01
1.605000e-05	-7.450786e-02	1.315520e+01
1.606000e-05	-7.146655e-02	1.301631e+01
1.607000e-05	-6.845909e-02	1.282034e+01
1.608000e-05	-6.141299e-02	1.268305e+01
1.609000e-05	-5.865708e-02	1.253466e+01
1.610000e-05	-5.656231e-02	1.233435e+01
1.611000e-05	-5.627314e-02	1.220526e+01
1.612000e-05	-4.968067e-02	1.202686e+01
1.613000e-05	-4.730289e-02	1.177834e+01
1.614000e-05	-4.599132e-02	1.156686e+01
1.615000e-05	-4.706977e-02	1.139681e+01
1.616000e-05	-4.344795e-02	1.123624e+01
1.617000e-05	-3.924106e-02	1.100686e+01
1.618000e-05	-3.829008e-02	1.081689e+01
1.619000e-05	-3.961166e-02	1.054681e+01
1.620000e-05	-3.951634e-02	1.038683e+01
1.621000e-05	-3.498121e-02	1.015626e+01
1.622000e-05	-3.442296e-02	9.933103e+00
1.623000e-05	-3.328292e-02	9.704177e+00
1.624000e-05	-3.442640e-02	9.460499e+00
1.625000e-05	-2.975742e-02	9.251525e+00
1.626000e-05	-2.875352e-02	9.049489e+00
1.627000e-05	-2.917820e-02	8.798916e+00
1.628000e-05	-3.037224e-02	8.566790e+00
1.629000e-05	-2.896286e-02	8.354655e+00
1.630000e-05	-2.564176e-02	8.062056e+00
1.631000e-05	-2.547376e-02	7.789896e+00
1.632000e-05	-2.652849e-02	7.595313e+00
1.633000e-05	-2.631514e-02	7.274658e+00
1.634000e-05	-2.380416e-02	7.049948e+00
1.635000e-05	-2.194048e-02	6.808890e+00
1.636000e-05	-2.350286e-02	6.544161e+00
1.637000e-05	-2.308731e-02	6.261555e+00
1.638000e-05	-2.188344e-02	6.011473e+00
1.639000e-05	-1.922697e-02	5.745735e+00
1.640000e-05	-2.005638e-02	5.444131e+00
1.641000e-05	-2.121564e-02	5.158771e+00
1.642000e-05	-2.096682e-02	4.861948e+00
1.643000e-05	-1.870047e-02	4.628793e+00
1.644000e-05	-1.780854e-02	4.305291e+00
1.645000e-05	-1.766617e-02	4.019473e+00
1.646000e-05	-1.758397e-02	3.766767e+00
1.647000e-05	-1.698755e-02	3.534561e+00
1.648000e-05	-1.436649e-02	3.218895e+00
1.649000e-05	-1.557012e-02	2.905712e+00
1.650000e-05	-1.561441e-02	2.674052e+00
1.651000e-05	-1.660882e-02	2.316766e+00
1.652000e-05	-1.354914e-02	2.085082e+00
1.653000e-05	-1.262320e-02	1.789451e+00
1.654000e-05	-1.254712e-02	1.507336e+00
1.655000e-05	-1.263699e-02	1.209501e+00
1.656000e-05	-1.122617e-02	9.236128e-01
1.657000e-05	-1.021111e-02	5.793986e-01
1.658000e-05	-1.038942e-02	3.267407e-01
1.659000e-05	-8.858878e-03	1.000389e-02
1.660000e-05	-2.800115e-03	-2.721802e-01
1.661000e-05	6.327376e-03	-4.428352e-01
1.662000e-05	-4.486650e-03	-8.094238e-01
1.663000e-05	4.181123e-03	-1.024158e+00
1.664000e-05	-3.344088e-03	-1.366319e+00
1.665000e-05	3.106830e-03	-1.622002e+00
1.666000e-05	7.477764e-03	-1.841150e+00
1.667000e-05	5.752209e-02	-2.042228e+00
1.668000e-05	1.252001e-01	-2.399996e+00
1.669000e-05	-4.920951e-02	-2.797470e+00
1.670000e-05	-1.094112e-02	-3.199524e+00
1.671000e-05	-3.953656e-02	-3.409553e+00
1.672000e-05	-3.421836e-02	-3.620525e+00
1.673000e-05	-1.029079e-01	-3.893678e+00
1.674000e-05	1.463474e-01	-4.040100e+00
1.675000e-05	-4.725583e-02	-4.323729e+00
1.676000e-05	-1.730697e-02	-4.618023e+00
1.677000e-05	1.591995e-01	-4.851648e+00
1.678000e-05	-1.801127e-01	-5.196941e+00
1.679000e-05	1.632286e-01	-5.473804e+00
1.680000e-05	-1.234628e-01	-5.754812e+00
1.681000e-05	2.590354e-02	-6.051025e+00
1.682000e-05	1.008878e-01	-6.261021e+00
1.683000e-05	-9.683240e-02	-6.596917e+00
1.684000e-05	1.557712e-01	-6.829643e+00
1.685000e-05	-1.182565e-01	-7.132703e+00
1.686000e-05	8.607174e-02	-7.407363e+00
1.687000e-05	-1.564606e-02	-7.617469e+00
1.688000e-05	-1.028674e-02	-7.975888e+00
1.689000e-05	1.054847e-01	-8.205286e+00
1.690000e-05	-8.856484e-02	-8.419514e+00
1.691000e-05	1.390681e-01	-8.669042e+00
1.692000e-05	-8.296612e-02	-8.951306e+00
1.693000e-05	5.526802e-02	-9.135836e+00
1.694000e-05	-4.730876e-03	-9.303805e+00
1.695000e-05	2.106274e-02	-9.658366e+00
1.696000e-05	7.428005e-02	-9.807894e+00
1.697000e-05	-3.304085e-02	-1.004999e+01
1.698000e-05	8.975311e-02	-1.026102e+01
1.699000e-05	-5.431835e-02	-1.049115e+01
1.700000e-05	9.395979e-02	-1.071155e+01
1.701000e-05	-3.418361e-02	-1.088958e+01
1.702000e-05	6.519568e-02	-1.111270e+01
1.703000e-05	1.417959e-03	-1.130118e+01
1.704000e-05	4.535919e-02	-1.152313e+01
1.705000e-05	3.255558e-02	-1.178215e+01
1.706000e-05	1.303354e-02	-1.191325e+01
1.707000e-05	4.761040e-02	-1.212215e+01
1.708000e-05	1.300209e-02	-1.228110e+01
1.709000e-05	6.861624e-02	-1.245000e+01
1.710000e-05	3.233195e-03	-1.267896e+01
1.711000e-05	5.464641e-02	-1.280586e+01
1.712000e-05	1.041575e-02	-1.297478e+01
1.713000e-05	6.233769e-02	-1.311268e+01
1.714000e-05	2.631982e-02	-1.327854e+01
1.715000e-05	5.266975e-02	-1.343849e+01
1.716000e-05	3.672670e-02	-1.358473e+01
1.717000e-05	5.238292e-02	-1.373420e+01
1.718000e-05	4.687815e-02	-1.383997e+01
1.719000e-05	3.873760e-02	-1.397585e+01
1.720000e-05	4.707835e-02	-1.414007e+01
1.721000e-05	4.673301e-02	-1.424741e+01
1.722000e-05	6.405377e-02	-1.433367e+01
1.723000e-05	5.015070e-02	-1.447946e+01
1.724000e-05	5.991804e-02	-1.458328e+01
1.725000e-05	5.205290e-02	-1.465794e+01
1.726000e-05	7.143254e-02	-1.472420e+01
1.727000e-05	6.067297e-02	-1.481846e+01
1.728000e-05	6.876045e-02	-1.492055e+01
1.729000e-05	6.148553e-02	-1.498628e+01
1.730000e-05	7.524437e-02	-1.507947e+01
1.731000e-05	7.218715e-02	-1.513267e+01
1.732000e-05	7.455917e-02	-1.519475e+01
1.733000e-05	7.459794e-02	-1.520733e+01
1.734000e-05	8.431345e-02	-1.525899e+01
1.735000e-05	9.158709e-02	-1.530212e+01
1.736000e-05	9.013470e-02	-1.536370e+01
1.737000e-05	9.251387e-02	-1.536473e+01
1.738000e-05	9.221853e-02	-1.540636e+01
1.739000e-05	1.035562e-01	-1.542789e+01
1.740000e-05	1.043616e-01	-1.539897e+01
1.741000e-05	1.106587e-01	-1.544046e+01
1.742000e-05	1.119740e-01	-1.543947e+01
1.743000e-05	1.238318e-01	-1.541992e+01
1.744000e-05	1.302461e-01	-1.541834e+01
1.745000e-05	1.350213e-01	-1.540639e+01
1.746000e-05	1.398177e-01	-1.540824e+01
1.747000e-05	1.530404e-01	-1.541673e+01
1.748000e-05	1.696183e-01	-1.534315e+01
1.749000e-05	1.875730e-01	-1.531207e+01
1.750000e-05	2.073561e-01	-1.525989e+01
1.751000e-05	2.346515e-01	-1.524791e+01
1.752000e-05	2.494698e-01	-1.517568e+01
1.753000e-05	2.500000e-01	-1.513067e+01
1.754000e-05	2.500000e-01	-1.506047e+01
1.755000e-05	2.500000e-01	-1.501531e+01
1.756000e-05	2.500000e-01	-1.493265e+01
1.757000e-05	2.500000e-01	-1.482891e+01
1.758000e-05	2.498000e-01	-1.476368e+01
1.759000e-05	2.326275e-01	-1.469162e+01
1.760000e-05	2.024251e-01	-1.454773e+01
1.761000e-05	1.788129e-01	-1.446989e+01
1.762000e-05	1.578206e-01	-1.439470e+01
1.763000e-05	1.380679e-01	-1.426946e+01
1.764000e-05	1.202536e-01	-1.416415e+01
1.765000e-05	1.079651e-01	-1.400731e+01
1.766000e-05	9.854356e-02	-1.385049e+01
1.767000e-05	8.769818e-02	-1.374115e+01
1.768000e-05	7.999914e-02	-1.358589e+01
1.769000e-05	7.427581e-02	-1.344009e+01
1.770000e-05	7.150411e-02	-1.334362e+01
1.771000e-05	6.452090e-02	-1.316671e+01
1.772000e-05	5.779955e-02	-1.303931e+01
1.773000e-05	5.192691e-02	-1.286104e+01
1.774000e-05	4.990130e-02	-1.276250e+01
1.775000e-05	4.657779e-02	-1.254580e+01
1.776000e-05	4.339222e-02	-1.237574e+01
1.777000e-05	3.979437e-02	-1.220986e+01
1.778000e-05	3.892592e-02	-1.200736e+01
1.779000e-05	3.760649e-02	-1.178823e+01
1.780000e-05	3.508244e-02	-1.160784e+01
1.781000e-05	2.900651e-02	-1.137633e+01
1.782000e-05	2.833997e-02	-1.120630e+01
1.783000e-05	2.752781e-02	-1.095528e+01
1.784000e-05	2.700176e-02	-1.075629e+01
1.785000e-05	2.322461e-02	-1.059681e+01
1.786000e-05	2.318331e-02	-1.032368e+01
1.787000e-05	2.245898e-02	-1.012423e+01
1.788000e-05	2.267714e-02	-9.904129e+00
1.789000e-05	1.958869e-02	-9.702601e+00
1.790000e-05	1.658878e-02	-9.471543e+00
1.791000e-05	1.556504e-02	-9.220970e+00
1.792000e-05	1.630594e-02	-9.018940e+00
1.793000e-05	1.445727e-02	-8.777838e+00
1.794000e-05	1.249003e-02	-8.555784e+00
1.795000e-05	1.187768e-02	-8.283681e+00
1.796000e-05	1.319411e-02	-8.072103e+00
1.797000e-05	1.187915e-02	-7.817891e+00
1.798000e-05	9.476715e-03	-7.576209e+00
1.799000e-05	7.671364e-03	-7.262603e+00
1.800000e-05	6.059953e-03	-6.989418e+00
1.801000e-05	7.585578e-03	-6.735787e+00
1.802000e-05	5.641751e-03	-6.492631e+00
1.803000e-05	5.350927e-03	-6.231548e+00
1.804000e-05	3.611428e-03	-5.947816e+00
1.805000e-05	5.490041e-03	-5.704633e+00
1.806000e-05	4.025138e-03	-5.442545e+00
1.807000e-05	2.221093e-03	-5.105262e+00
1.808000e-05	3.481394e-04	-4.780367e+00
1.809000e-05	2.674371e-03	-4.535738e+00
1.810000e-05	1.783766e-03	-4.304633e+00
1.811000e-05	1.894027e-04	-4.003526e+00
1.812000e-05	-2.464807e-03	-3.696809e+00
1.813000e-05	-2.457305e-03	-3.434629e+00
1.814000e-05	-3.043199e-03	-3.181474e+00
1.815000e-05	-2.424580e-03	-2.874656e+00
1.816000e-05	-3.755999e-03	-2.600479e+00
1.817000e-05	-3.307578e-03	-2.347867e+00
1.818000e-05	-2.746904e-03	-2.040529e+00
1.819000e-05	-2.280819e-03	-1.769395e+00
1.820000e-05	-4.639082e-03	-1.486684e+00
1.821000e-05	-6.735045e-03	-1.147845e+00
1.822000e-05	-6.882119e-03	-8.531342e-01
1.823000e-05	-7.036861e-03	-5.674512e-01
1.824000e-05	-6.111411e-03	-3.062106e-01
1.825000e-05	-6.131399e-03	-2.210888e-02
1.826000e-05	7.652427e-03	2.631080e-01
1.827000e-05	1.805307e-03	5.057883e-01
1.828000e-05	5.134546e-03	7.464649e-01
1.829000e-05	-8.854726e-04	1.091283e+00
1.830000e-05	-8.129515e-04	1.345815e+00
1.831000e-05	-2.739252e-03	1.691127e+00
1.832000e-05	7.037944e-03	1.914786e+00
1.833000e-05	3.363656e-02	2.134235e+00
1.834000e-05	1.054750e-01	2.418599e+00
1.835000e-05	-4.861273e-03	2.816992e+00
1.836000e-05	-4.792755e-02	3.072132e+00
1.837000e-05	-3.108908e-02	3.363841e+00
1.838000e-05	-2.813177e-02	3.631104e+00
1.839000e-05	-6.789979e-02	3.872102e+00
1.840000e-05	-5.426867e-02	4.041026e+00
1.841000e-05	1.074033e-01	4.385358e+00
1.842000e-05	-6.601009e-02	4.660545e+00
1.843000e-05	2.873671e-02	4.870126e+00
1.844000e-05	9.209249e-02	5.229468e+00
1.845000e-05	-1.320454e-01	5.534681e+00
1.846000e-05	7.323598e-02	5.775290e+00
1.847000e-05	-6.839479e-02	6.050072e+00
1.848000e-05	4.184409e-02	6.262127e+00
1.849000e-05	-2.907081e-03	6.617887e+00
1.850000e-05	-4.558769e-02	6.860524e+00
1.851000e-05	3.799499e-02	7.092676e+00
1.852000e-05	-6.150855e-02	7.367287e+00
1.853000e-05	3.485960e-02	7.651025e+00
1.854000e-05	-7.209703e-02	7.954178e+00
1.855000e-05	2.752689e-02	8.217368e+00
1.856000e-05	1.987427e-03	8.458992e+00
1.857000e-05	-2.919822e-02	8.668497e+00
1.858000e-05	1.357068e-02	8.850046e+00
1.859000e-05	-6.912923e-02	9.131648e+00
1.860000e-05	1.076034e-02	9.313259e+00
1.861000e-05	-2.823973e-02	9.584760e+00
1.862000e-05	5.794976e-03	9.805818e+00
1.863000e-05	-3.965043e-02	1.005854e+01
1.864000e-05	-1.120412e-02	1.026000e+01
1.865000e-05	-9.824060e-03	1.047854e+01
1.866000e-05	-3.210963e-02	1.069212e+01
1.867000e-05	-2.018810e-02	1.089905e+01
1.868000e-05	-4.187604e-02	1.108059e+01
1.869000e-05	-6.989716e-03	1.134997e+01
1.870000e-05	-3.044680e-02	1.151255e+01
1.871000e-05	-2.234161e-02	1.173105e+01
1.872000e-05	-4.580905e-02	1.188107e+01
1.873000e-05	-2.456293e-02	1.208257e+01
1.874000e-05	-2.617515e-02	1.229792e+01
1.875000e-05	-2.745080e-02	1.244691e+01
1.876000e-05	-4.048194e-02	1.263586e+01
1.877000e-05	-4.312124e-02	1.274533e+01
1.878000e-05	-2.978006e-02	1.293358e+01
1.879000e-05	-3.900831e-02	1.311009e+01
1.880000e-05	-4.118702e-02	1.324689e+01
1.881000e-05	-5.182940e-02	1.339678e+01
1.882000e-05	-3.306019e-02	1.349320e+01
1.883000e-05	-4.287685e-02	1.366954e+01
1.884000e-05	-4.485698e-02	1.381423e+01
1.885000e-05	-6.193599e-02	1.394475e+01
1.886000e-05	-5.224214e-02	1.403754e+01
1.887000e-05	-4.998212e-02	1.422625e+01
1.888000e-05	-5.164709e-02	1.433263e+01
1.889000e-05	-6.179764e-02	1.443646e+01
1.890000e-05	-6.466109e-02	1.453427e+01
1.891000e-05	-5.654341e-02	1.463641e+01
1.892000e-05	-6.233813e-02	1.472367e+01
1.893000e-05	-6.685650e-02	1.484733e+01
1.894000e-05	-7.708554e-02	1.483947e+01
1.895000e-05	-7.009514e-02	1.494313e+01
1.896000e-05	-7.299286e-02	1.498691e+01
1.897000e-05	-7.928611e-02	1.505799e+01
1.898000e-05	-8.845237e-02	1.510357e+01
1.899000e-05	-8.961527e-02	1.520428e+01
1.900000e-05	-8.345542e-02	1.522731e+01
1.901000e-05	-8.927166e-02	1.527842e+01
1.902000e-05	-9.699665e-02	1.534097e+01
1.903000e-05	-1.047080e-01	1.537259e+01
1.904000e-05	-1.015513e-01	1.538310e+01
1.905000e-05	-1.066655e-01	1.539375e+01
1.906000e-05	-1.138954e-01	1.537375e+01
1.907000e-05	-1.225435e-01	1.540668e+01
1.908000e-05	-1.239927e-01	1.537418e+01
1.909000e-05	-1.262591e-01	1.540723e+01
1.910000e-05	-1.359835e-01	1.538383e+01
1.911000e-05	-1.486576e-01	1.539520e+01
1.912000e-05	-1.575887e-01	1.536322e+01
1.913000e-05	-1.640195e-01	1.535009e+01
1.914000e-05	-1.799457e-01	1.530052e+01
1.915000e-05	-2.034510e-01	1.527737e+01
1.916000e-05	-2.306860e-01	1.522581e+01
1.917000e-05	-2.476243e-01	1.515523e+01
1.918000e-05	-2.500000e-01	1.511110e+01
1.919000e-05	-2.500000e-01	1.505836e+01
1.920000e-05	-2.500000e-01	1.497620e+01
1.921000e-05	-2.500000e-01	1.493112e+01
1.922000e-05	-2.500000e-01	1.483754e+01
1.923000e-05	-2.500000e-01	1.474321e+01
1.924000e-05	-2.498000e-01	1.468842e+01
1.925000e-05	-2.329353e-01	1.459471e+01
1.926000e-05	-2.002723e-01	1.451109e+01
1.927000e-05	-1.748091e-01	1.438473e+01
1.928000e-05	-1.560851e-01	1.422142e+01
1.929000e-05	-1.422317e-01	1.412410e+01
1.930000e-05	-1.262368e-01	1.402539e+01
1.931000e-05	-1.137680e-01	1.388214e+01
1.932000e-05	-1.044065e-01	1.378427e+01
1.933000e-05	-9.922338e-02	1.364591e+01
1.934000e-05	-9.118093e-02	1.351049e+01
1.935000e-05	-8.230918e-02	1.334563e+01
1.936000e-05	-7.522391e-02	1.323588e+01
1.937000e-05	-7.269542e-02	1.305849e+01
1.938000e-05	-6.871690e-02	1.288452e+01
1.939000e-05	-6.559327e-02	1.273465e+01
1.940000e-05	-5.915424e-02	1.259536e+01
1.941000e-05	-5.822926e-02	1.244984e+01
1.942000e-05	-5.507823e-02	1.222891e+01
1.943000e-05	-5.056115e-02	1.205102e+01
1.944000e-05	-4.810596e-02	1.191055e+01
1.945000e-05	-4.505391e-02	1.166005e+01
1.946000e-05	-4.847117e-02	1.146154e+01
1.947000e-05	-4.568429e-02	1.127099e+01
1.948000e-05	-4.358773e-02	1.107099e+01
1.949000e-05	-3.890553e-02	1.088152e+01
1.950000e-05	-3.840685e-02	1.067944e+01
1.951000e-05	-3.682536e-02	1.048055e+01
1.952000e-05	-3.544566e-02	1.023892e+01
1.953000e-05	-3.387121e-02	1.001094e+01
1.954000e-05	-3.526767e-02	9.776390e+00
1.955000e-05	-3.484014e-02	9.563710e+00
1.956000e-05	-3.347641e-02	9.317663e+00
1.957000e-05	-3.052459e-02	9.133102e+00
1.958000e-05	-2.915526e-02	8.884098e+00
1.959000e-05	-2.967821e-02	8.649018e+00
1.960000e-05	-2.905164e-02	8.430923e+00
1.961000e-05	-2.662477e-02	8.188340e+00
1.962000e-05	-2.426265e-02	7.955157e+00
1.963000e-05	-2.517841e-02	7.671577e+00
1.964000e-05	-2.479321e-02	7.396916e+00
1.965000e-05	-2.488260e-02	7.176181e+00
1.966000e-05	-2.392420e-02	6.894553e+00
1.967000e-05	-2.431024e-02	6.629995e+00
1.968000e-05	-2.368137e-02	6.336236e+00
1.969000e-05	-2.218160e-02	6.113683e+00
1.970000e-05	-2.023365e-02	5.851473e+00
1.971000e-05	-1.899242e-02	5.579267e+00
1.972000e-05	-1.909623e-02	5.294659e+00
1.973000e-05	-2.026526e-02	4.966740e+00
1.974000e-05	-1.928227e-02	4.672625e+00
1.975000e-05	-1.950400e-02	4.408450e+00
1.976000e-05	-1.837809e-02	4.134242e+00
1.977000e-05	-1.825629e-02	3.840976e+00
1.978000e-05	-1.729548e-02	3.578949e+00
1.979000e-05	-1.496050e-02	3.304110e+00
1.980000e-05	-1.463455e-02	3.019424e+00
1.981000e-05	-1.530413e-02	2.777946e+00
1.982000e-05	-1.434679e-02	2.480550e+00
1.983000e-05	-1.451524e-02	2.167291e+00
1.984000e-05	-1.415805e-02	1.906256e+00
1.985000e-05	-1.356387e-02	1.610923e+00
1.986000e-05	-1.399839e-02	1.316243e+00
1.987000e-05	-1.223108e-02	9.883537e-01
1.988000e-05	-1.195035e-02	6.942404e-01
1.989000e-05	-1.002315e-02	4.315001e-01
1.990000e-05	-9.690972e-03	1.247947e-01
1.991000e-05	-5.271074e-03	-1.368910e-01
1.992000e-05	6.717413e-03	-3.900487e-01
1.993000e-05	-3.879731e-03	-7.138345e-01
1.994000e-05	2.431556e-03	-9.468909e-01
1.995000e-05	-3.438974e-03	-1.198525e+00
1.996000e-05	1.457820e-03	-1.565838e+00
1.997000e-05	-4.980220e-04	-1.747463e+00
1.998000e-05	3.303497e-02	-1.968991e+00
1.999000e-05	1.175881e-01	-2.293135e+00
2.000000e-05	2.272686e-02	-2.630048e+00
2.001000e-05	-4.720723e-02	-3.111028e+00
2.002000e-05	-9.594247e-03	-3.364842e+00
2.003000e-05	-4.273396e-02	-3.567438e+00
2.004000e-05	-8.121827e-02	-3.799443e+00
2.005000e-05	2.446110e-02	-4.009971e+00
2.006000e-05	1.153498e-01	-4.187916e+00
2.007000e-05	-1.594622e-01	-4.512206e+00
2.008000e-05	2.164829e-01	-4.757891e+00
2.009000e-05	-1.073583e-01	-5.060572e+00
2.010000e-05	3.583738e-02	-5.438549e+00
2.011000e-05	4.060034e-02	-5.669099e+00
2.012000e-05	-1.345197e-01	-5.966809e+00
2.013000e-05	1.914883e-01	-6.234736e+00
2.014000e-05	-1.125235e-01	-6.491627e+00
2.015000e-05	1.089806e-01	-6.715338e+00
2.016000e-05	-1.836307e-02	-7.017865e+00
2.017000e-05	-3.631326e-02	-7.304205e+00
2.018000e-05	9.687814e-02	-7.545233e+00
2.019000e-05	-9.960281e-02	-7.888515e+00
2.020000e-05	1.433024e-01	-8.083550e+00
2.021000e-05	-7.119779e-02	-8.292207e+00
2.022000e-05	7.550765e-02	-8.616390e+00
2.023000e-05	2.007230e-02	-8.817991e+00
2.024000e-05	-4.885295e-02	-9.061075e+00
2.025000e-05	7.970564e-02	-9.300099e+00
2.026000e-05	-5.890384e-02	-9.522680e+00
2.027000e-05	1.246012e-01	-9.773761e+00
2.028000e-05	-5.231609e-02	-9.962807e+00
2.029000e-05	8.637104e-02	-1.021729e+01
2.030000e-05	-2.737192e-02	-1.040641e+01
2.031000e-05	4.696950e-02	-1.062794e+01
2.032000e-05	2.327268e-02	-1.079751e+01
2.033000e-05	4.333341e-03	-1.103709e+01
2.034000e-05	5.624080e-02	-1.122691e+01
2.035000e-05	-7.272946e-03	-1.146054e+01
2.036000e-05	7.628021e-02	-1.164849e+01
2.037000e-05	-1.779641e-02	-1.188897e+01
2.038000e-05	6.622273e-02	-1.205857e+01
2.039000e-05	-4.737206e-05	-1.223849e+01
2.040000e-05	7.033538e-02	-1.242888e+01
2.041000e-05	1.374723e-02	-1.256471e+01
2.042000e-05	4.141470e-02	-1.275530e+01
2.043000e-05	2.419423e-02	-1.290062e+01
2.044000e-05	4.120952e-02	-1.309207e+01
2.045000e-05	4.680836e-02	-1.319738e+01
2.046000e-05	3.332514e-02	-1.340628e+01
2.047000e-05	5.325141e-02	-1.352264e+01
2.048000e-05	3.456285e-02	-1.363849e+01
2.049000e-05	6.049023e-02	-1.381585e+01
2.050000e-05	3.088308e-02	-1.388320e+01
2.051000e-05	5.219244e-02	-1.404994e+01
2.052000e-05	3.940751e-02	-1.417526e+01
2.053000e-05	6.519261e-02	-1.431907e+01
2.054000e-05	5.098450e-02	-1.440544e+01
2.055000e-05	5.905524e-02	-1.451368e+01
2.056000e-05	5.114351e-02	-1.462881e+01
2.057000e-05	6.478801e-02	-1.474262e+01
2.058000e-05	6.576334e-02	-1.478688e+01
2.059000e-05	6.512918e-02	-1.487902e+01
2.060000e-05	6.500986e-02	-1.497372e+01
2.061000e-05	6.786912e-02	-1.505791e+01
2.062000e-05	7.577935e-02	-1.509150e+01
2.063000e-05	7.114589e-02	-1.516365e+01
2.064000e-05	7.615761e-02	-1.519683e+01
2.065000e-05	7.789972e-02	-1.523839e+01
2.066000e-05	9.174139e-02	-1.526104e+01
2.067000e-05	8.982226e-02	-1.535420e+01
2.068000e-05	9.239949e-02	-1.538223e+01
2.069000e-05	8.986778e-02	-1.541726e+01
2.070000e-05	9.987819e-02	-1.541734e+01
2.071000e-05	1.047929e-01	-1.544888e+01
2.072000e-05	1.084329e-01	-1.542011e+01
2.073000e-05	1.116934e-01	-1.545897e+01
2.074000e-05	1.194313e-01	-1.545942e+01
2.075000e-05	1.286058e-01	-1.545846e+01
2.076000e-05	1.307996e-01	-1.540891e+01
2.077000e-05	1.376460e-01	-1.539829e+01
2.078000e-05	1.466425e-01	-1.539831e+01
2.079000e-05	1.645249e-01	-1.535523e+01
2.080000e-05	1.820051e-01	-1.531220e+01
2.081000e-05	1.993534e-01	-1.528037e+01
2.082000e-05	2.243070e-01	-1.523751e+01
2.083000e-05	2.469868e-01	-1.520581e+01
2.084000e-05	2.500000e-01	-1.517268e+01
2.085000e-05	2.500000e-01	-1.508197e+01
2.086000e-05	2.500000e-01	-1.501781e+01
2.087000e-05	2.500000e-01	-1.494413e+01
2.088000e-05	2.500000e-01	-1.485107e+01
2.089000e-05	2.500000e-01	-1.481620e+01
2.090000e-05	2.430487e-01	-1.469160e+01
2.091000e-05	2.128084e-01	-1.459888e+01
2.092000e-05	1.874527e-01	-1.449252e+01
2.093000e-05	1.644171e-01	-1.438636e+01
2.094000e-05	1.434042e-01	-1.432257e+01
2.095000e-05	1.256281e-01	-1.418383e+01
2.096000e-05	1.126343e-01	-1.404002e+01
2.097000e-05	1.027018e-01	-1.392320e+01
2.098000e-05	9.231137e-02	-1.379771e+01
2.099000e-05	8.324445e-02	-1.365052e+01
2.100000e-05	7.506715e-02	-1.352367e+01
2.101000e-05	7.166658e-02	-1.338578e+01
2.102000e-05	6.707558e-02	-1.320734e+01
2.103000e-05	6.027972e-02	-1.306199e+01
2.104000e-05	5.402997e-02	-1.294415e+01
2.105000e-05	5.191465e-02	-1.280576e+01
2.106000e-05	4.925211e-02	-1.259883e+01
2.107000e-05	4.527650e-02	-1.241957e+01
2.108000e-05	3.993823e-02	-1.227202e+01
2.109000e-05	3.887959e-02	-1.212200e+01
2.110000e-05	3.684321e-02	-1.189102e+01
2.111000e-05	3.515625e-02	-1.168157e+01
2.112000e-05	3.144146e-02	-1.145037e+01
2.113000e-05	2.897185e-02	-1.123904e+01
2.114000e-05	2.893423e-02	-1.104942e+01
2.115000e-05	2.752576e-02	-1.083949e+01
2.116000e-05	2.516555e-02	-1.065100e+01
2.117000e-05	2.313983e-02	-1.041950e+01
2.118000e-05	2.186747e-02	-1.019789e+01
2.119000e-05	2.205691e-02	-9.987841e+00
2.120000e-05	1.949038e-02	-9.768916e+00
2.121000e-05	1.842562e-02	-9.557784e+00
2.122000e-05	1.587751e-02	-9.335806e+00
2.123000e-05	1.759283e-02	-9.072605e+00
2.124000e-05	1.504481e-02	-8.893124e+00
2.125000e-05	1.400047e-02	-8.628968e+00
2.126000e-05	1.055886e-02	-8.378363e+00
2.127000e-05	1.199734e-02	-8.165811e+00
2.128000e-05	1.197371e-02	-7.933754e+00
2.129000e-05	1.111195e-02	-7.618447e+00
2.130000e-05	8.372247e-03	-7.336814e+00
2.131000e-05	8.391004e-03	-7.105701e+00
2.132000e-05	7.503213e-03	-6.852099e+00
2.133000e-05	7.666580e-03	-6.598391e+00
2.134000e-05	4.080594e-03	-6.346758e+00
2.135000e-05	3.707981e-03	-6.043577e+00
2.136000e-05	3.485984e-03	-5.799946e+00
2.137000e-05	5.247471e-03	-5.524666e+00
2.138000e-05	1.731574e-03	-5.189974e+00
2.139000e-05	8.727400e-04	-4.916707e+00
2.140000e-05	1.191040e-03	-4.650920e+00
2.141000e-05	2.517929e-03	-4.397962e+00
2.142000e-05	9.767851e-04	-4.095160e+00
2.143000e-05	-2.657461e-03	-3.873526e+00
2.144000e-05	-2.081149e-03	-3.549940e+00
2.145000e-05	-2.679045e-03	-3.325736e+00
2.146000e-05	-1.550725e-03	-3.000897e+00
2.147000e-05	-4.794967e-03	-2.685285e+00
2.148000e-05	-3.049880e-03	-2.431099e+00
2.149000e-05	-3.681484e-03	-2.118365e+00
2.150000e-05	-1.673587e-03	-1.884208e+00
2.151000e-05	-5.722635e-03	-1.631954e+00
2.152000e-05	-6.193480e-03	-1.282629e+00
2.153000e-05	-7.845185e-03	-9.609435e-01
2.154000e-05	-4.919649e-03	-7.167618e-01
2.155000e-05	-7.215089e-03	-3.689726e-01
2.156000e-05	-6.093880e-03	-1.262407e-01
2.157000e-05	1.122200e-03	1.352947e-01
2.158000e-05	7.715799e-03	4.705777e-01
2.159000e-05	-7.890988e-04	7.051854e-01
2.160000e-05	3.693684e-03	9.328934e-01
2.161000e-05	-3.719683e-03	1.271608e+00
2.162000e-05	2.204023e-03	1.572821e+00
2.163000e-05	-3.829452e-04	1.859551e+00
2.164000e-05	2.266034e-02	2.049575e+00
2.165000e-05	7.891308e-02	2.312736e+00
2.166000e-05	6.442536e-02	2.650629e+00
2.167000e-05	-6.464486e-02	2.956316e+00
2.168000e-05	-2.264004e-02	3.228526e+00
2.169000e-05	-3.882580e-02	3.575836e+00
2.170000e-05	-3.675057e-02	3.807416e+00
2.171000e-05	-8.894617e-02	4.005370e+00
2.172000e-05	5.138861e-02	4.218899e+00
2.173000e-05	4.536667e-02	4.565261e+00
2.174000e-05	-9.832371e-02	4.796892e+00
2.175000e-05	1.770068e-01	5.090550e+00
2.176000e-05	-1.215180e-01	5.447898e+00
2.177000e-05	2.487509e-02	5.628574e+00
2.178000e-05	-1.184464e-02	5.977388e+00
2.179000e-05	-2.890349e-02	6.227891e+00
2.180000e-05	5.332930e-02	6.481122e+00
2.181000e-05	-7.652089e-02	6.775312e+00
2.182000e-05	3.966839e-02	7.027391e+00
2.183000e-05	-4.515839e-02	7.299549e+00
2.184000e-05	1.394431e-02	7.593927e+00
2.185000e-05	-2.848927e-02	7.877545e+00
2.186000e-05	-2.532341e-02	8.082674e+00
2.187000e-05	3.344424e-02	8.324309e+00
2.188000e-05	-4.108755e-02	8.605334e+00
2.189000e-05	1.059755e-02	8.785365e+00
2.190000e-05	-4.276090e-02	9.057416e+00
2.191000e-05	-2.991051e-02	9.279648e+00
2.192000e-05	4.255348e-03	9.491050e+00
2.193000e-05	-1.745117e-02	9.751276e+00
2.194000e-05	-7.036043e-03	9.975281e+00
2.195000e-05	-3.882540e-02	1.019386e+01
2.196000e-05	2.431648e-03	1.037491e+01
2.197000e-05	-3.376062e-02	1.061476e+01
2.198000e-05	-2.289637e-02	1.080788e+01
2.199000e-05	-3.606801e-02	1.099694e+01
2.200000e-05	-2.498753e-02	1.122844e+01
2.201000e-05	-1.131855e-02	1.145693e+01
2.202000e-05	-3.111347e-02	1.162654e+01
2.203000e-05	-2.963432e-02	1.183739e+01
2.204000e-05	-4.007494e-02	1.201849e+01
2.205000e-05	-1.909033e-02	1.224734e+01
2.206000e-05	-3.096448e-02	1.236473e+01
2.207000e-05	-3.554589e-02	1.254420e+01
2.208000e-05	-4.513614e-02	1.270257e+01
2.209000e-05	-3.515440e-02	1.287952e+01
2.210000e-05	-3.176410e-02	1.303831e+01
2.211000e-05	-4.236010e-02	1.320475e+01
2.212000e-05	-4.628179e-02	1.334320e+01
2.213000e-05	-4.258370e-02	1.345949e+01
2.214000e-05	-3.561665e-02	1.366883e+01
2.215000e-05	-4.521876e-02	1.374315e+01
2.216000e-05	-5.622105e-02	1.385952e+01
2.217000e-05	-5.737729e-02	1.402583e+01
2.218000e-05	-5.118714e-02	1.420213e+01
2.219000e-05	-5.003905e-02	1.428904e+01
2.220000e-05	-5.780250e-02	1.438621e+01
2.221000e-05	-6.323171e-02	1.450957e+01
2.222000e-05	-5.896883e-02	1.458620e+01
2.223000e-05	-5.859197e-02	1.467939e+01
2.224000e-05	-6.479631e-02	1.474318e+01
2.225000e-05	-7.509296e-02	1.485937e+01
2.226000e-05	-7.383850e-02	1.493112e+01
2.227000e-05	-7.218997e-02	1.498428e+01
2.228000e-05	-7.480769e-02	1.502683e+01
2.229000e-05	-8.649016e-02	1.510254e+01
2.230000e-05	-8.927607e-02	1.516372e+01
2.231000e-05	-8.631421e-02	1.520625e+01
2.232000e-05	-8.426999e-02	1.527789e+01
2.233000e-05	-9.321253e-02	1.532844e+01
2.234000e-05	-1.021897e-01	1.533144e+01
2.235000e-05	-1.038924e-01	1.534365e+01
2.236000e-05	-1.049747e-01	1.536363e+01
2.237000e-05	-1.118753e-01	1.541615e+01
2.238000e-05	-1.208597e-01	1.544423e+01
2.239000e-05	-1.239886e-01	1.537381e+01
2.240000e-05	-1.241268e-01	1.542523e+01
2.241000e-05	-1.296387e-01	1.540428e+01
2.242000e-05	-1.420097e-01	1.539413e+01
2.243000e-05	-1.558904e-01	1.538565e+01
2.244000e-05	-1.638851e-01	1.535204e+01
2.245000e-05	-1.751899e-01	1.532102e+01
2.246000e-05	-1.922246e-01	1.531937e+01
2.247000e-05	-2.197712e-01	1.526576e+01
2.248000e-05	-2.435000e-01	1.520378e+01
2.249000e-05	-2.499900e-01	1.512260e+01
2.250000e-05	-2.500000e-01	1.509057e+01
2.251000e-05	-2.500000e-01	1.500774e+01
2.252000e-05	-2.500000e-01	1.494426e+01
2.253000e-05	-2.500000e-01	1.486049e+01
2.254000e-05	-2.500000e-01	1.478681e+01
2.255000e-05	-2.500000e-01	1.472117e+01
2.256000e-05	-2.431748e-01	1.464679e+01
2.257000e-05	-2.123691e-01	1.451167e+01
2.258000e-05	-1.835735e-01	1.441689e+01
2.259000e-05	-1.601989e-01	1.435107e+01
2.260000e-05	-1.475778e-01	1.419623e+01
2.261000e-05	-1.337357e-01	1.408000e+01
2.262000e-05	-1.194903e-01	1.398165e+01
2.263000e-05	-1.050691e-01	1.383731e+01
2.264000e-05	-1.010455e-01	1.368154e+01
2.265000e-05	-9.451393e-02	1.355465e+01
2.266000e-05	-8.662302e-02	1.340689e+01
2.267000e-05	-7.679393e-02	1.322947e+01
2.268000e-05	-7.221126e-02	1.312057e+01
2.269000e-05	-7.097714e-02	1.294480e+01
2.270000e-05	-6.781168e-02	1.277537e+01
2.271000e-05	-6.107526e-02	1.264846e+01
2.272000e-05	-5.740096e-02	1.249250e+01
2.273000e-05	-5.494915e-02	1.228255e+01
2.274000e-05	-5.604965e-02	1.213515e+01
2.275000e-05	-5.066341e-02	1.192476e+01
2.276000e-05	-4.655498e-02	1.179576e+01
2.277000e-05	-4.724629e-02	1.154568e+01
2.278000e-05	-4.439113e-02	1.132423e+01
2.279000e-05	-4.561009e-02	1.111415e+01
2.280000e-05	-3.787217e-02	1.096468e+01
2.281000e-05	-3.771278e-02	1.074371e+01
2.282000e-05	-3.753122e-02	1.052576e+01
2.283000e-05	-3.792567e-02	1.032356e+01
2.284000e-05	-3.837332e-02	1.009318e+01
2.285000e-05	-3.420383e-02	9.850172e+00
2.286000e-05	-3.452518e-02	9.659368e+00
2.287000e-05	-3.371475e-02	9.388494e+00
2.288000e-05	-3.111601e-02	9.207845e+00
2.289000e-05	-2.725768e-02	8.967833e+00
2.290000e-05	-2.661236e-02	8.723131e+00
2.291000e-05	-2.830896e-02	8.503708e+00
2.292000e-05	-3.007967e-02	8.292027e+00
2.293000e-05	-2.786909e-02	8.009416e+00
2.294000e-05	-2.600294e-02	7.763815e+00
2.295000e-05	-2.491102e-02	7.531625e+00
2.296000e-05	-2.531317e-02	7.219425e+00
2.297000e-05	-2.329736e-02	6.998842e+00
2.298000e-05	-2.046385e-02	6.744757e+00
2.299000e-05	-2.206494e-02	6.442524e+00
2.300000e-05	-2.125804e-02	6.218869e+00
2.301000e-05	-2.289955e-02	5.956290e+00
2.302000e-05	-2.132048e-02	5.723553e+00
2.303000e-05	-1.965588e-02	5.418524e+00
2.304000e-05	-2.152589e-02	5.144054e+00
2.305000e-05	-1.998973e-02	4.808320e+00
2.306000e-05	-1.987275e-02	4.484713e+00
2.307000e-05	-1.528090e-02	4.211557e+00
2.308000e-05	-1.626262e-02	3.916865e+00
2.309000e-05	-1.584104e-02	3.684186e+00
2.310000e-05	-1.706630e-02	3.429921e+00
2.311000e-05	-1.555384e-02	3.127191e+00
2.312000e-05	-1.694456e-02	2.873084e+00
2.313000e-05	-1.766533e-02	2.567817e+00
2.314000e-05	-1.635658e-02	2.273654e+00
2.315000e-05	-1.327848e-02	2.010528e+00
2.316000e-05	-1.063625e-02	1.726316e+00
2.317000e-05	-1.058351e-02	1.421999e+00
2.318000e-05	-1.128263e-02	1.126340e+00
2.319000e-05	-1.252010e-02	8.094739e-01
2.320000e-05	-1.172869e-02	5.152407e-01
2.321000e-05	-1.191827e-02	2.515591e-01
2.322000e-05	-8.097696e-03	-5.220394e-02
2.323000e-05	8.322652e-04	-3.071857e-01
2.324000e-05	3.081822e-03	-5.385187e-01
2.325000e-05	1.943388e-04	-8.431566e-01
2.326000e-05	1.761110e-03	-1.125362e+00
2.327000e-05	7.894785e-04	-1.440655e+00
2.328000e-05	-2.361903e-04	-1.674707e+00
2.329000e-05	1.470121e-02	-1.915739e+00
2.330000e-05	7.920936e-02	-2.125861e+00
2.331000e-05	9.889512e-02	-2.513758e+00
2.332000e-05	-6.844910e-02	-2.912807e+00
2.333000e-05	1.335344e-03	-3.272156e+00
2.334000e-05	-4.883870e-02	-3.485232e+00
2.335000e-05	-4.249666e-02	-3.723732e+00
2.336000e-05	-7.925204e-02	-3.946187e+00
2.337000e-05	1.814919e-01	-4.092682e+00
2.338000e-05	-1.393144e-01	-4.408417e+00
2.339000e-05	9.731444e-02	-4.713231e+00
2.340000e-05	6.506685e-02	-4.913733e+00
2.341000e-05	-1.274693e-01	-5.283107e+00
2.342000e-05	1.622763e-01	-5.536235e+00
2.343000e-05	-1.856407e-01	-5.830045e+00
2.344000e-05	1.316785e-01	-6.092229e+00
2.345000e-05	4.634550e-03	-6.334781e+00
2.346000e-05	-2.177932e-02	-6.711524e+00
2.347000e-05	1.130247e-01	-6.942223e+00
2.348000e-05	-1.244414e-01	-7.197941e+00
2.349000e-05	1.279315e-01	-7.460098e+00
2.350000e-05	-8.260043e-02	-7.713176e+00
2.351000e-05	6.870007e-02	-8.047520e+00
2.352000e-05	3.442434e-02	-8.229966e+00
2.353000e-05	-3.858764e-02	-8.501152e+00
2.354000e-05	1.209163e-01	-8.723160e+00
2.355000e-05	-1.040417e-01	-8.976338e+00
2.356000e-05	9.789068e-02	-9.197439e+00
2.357000e-05	-5.188843e-02	-9.396912e+00
2.358000e-05	8.310822e-02	-9.671599e+00
2.359000e-05	1.238785e-02	-9.860548e+00
2.360000e-05	1.384005e-02	-1.006265e+01
2.361000e-05	4.883526e-02	-1.030167e+01
2.362000e-05	-2.881520e-02	-1.054533e+01
2.363000e-05	8.437935e-02	-1.072270e+01
2.364000e-05	-3.878204e-02	-1.098525e+01
2.365000e-05	8.342253e-02	-1.114371e+01
2.366000e-05	-1.982976e-02	-1.136381e+01
2.367000e-05	7.311590e-02	-1.160576e+01
2.368000e-05	-1.262461e-03	-1.178373e+01
2.369000e-05	4.156480e-02	-1.199686e+01
2.370000e-05	2.345701e-02	-1.215470e+01
2.371000e-05	3.759400e-02	-1.234323e+01
2.372000e-05	4.831952e-02	-1.250260e+01
2.373000e-05	1.509403e-02	-1.270107e+01
2.374000e-05	4.881568e-02	-1.285942e+01
2.375000e-05	1.672042e-02	-1.301739e+01
2.376000e-05	6.284388e-02	-1.314530e+01
2.377000e-05	2.242594e-02	-1.335217e+01
2.378000e-05	6.052825e-02	-1.346047e+01
2.379000e-05	2.910283e-02	-1.362433e+01
2.380000e-05	5.916395e-02	-1.373418e+01
2.381000e-05	3.523217e-02	-1.387002e+01
2.382000e-05	4.698806e-02	-1.398786e+01
2.383000e-05	4.201345e-02	-1.416212e+01
2.384000e-05	5.578465e-02	-1.423949e+01
2.385000e-05	5.781750e-02	-1.438478e+01
2.386000e-05	5.379462e-02	-1.449004e+01
2.387000e-05	5.703236e-02	-1.457526e+01
2.388000e-05	5.524915e-02	-1.466957e+01
2.389000e-05	6.934435e-02	-1.474526e+01
2.390000e-05	5.877606e-02	-1.484891e+01
2.391000e-05	6.941830e-02	-1.493312e+01
2.392000e-05	6.389631e-02	-1.502478e+01
2.393000e-05	7.800964e-02	-1.507052e+01
2.394000e-05	6.909417e-02	-1.515320e+01
2.395000e-05	7.619217e-02	-1.519573e+01
2.396000e-05	7.459587e-02	-1.524788e+01
2.397000e-05	8.881640e-02	-1.527057e+01
2.398000e-05	8.949888e-02	-1.531305e+01
2.399000e-05	9.106338e-02	-1.534213e+01
2.400000e-05	9.101259e-02	-1.537671e+01
2.401000e-05	9.579611e-02	-1.541696e+01
2.402000e-05	1.037406e-01	-1.542779e+01
2.403000e-05	1.048819e-01	-1.543746e+01
2.404000e-05	1.110661e-01	-1.542851e+01
2.405000e-05	1.155951e-01	-1.542899e+01
2.406000e-05	1.273648e-01	-1.542851e+01
2.407000e-05	1.295880e-01	-1.546089e+01
2.408000e-05	1.350314e-01	-1.544836e+01
2.409000e-05	1.417919e-01	-1.540529e+01
2.410000e-05	1.582706e-01	-1.539571e+01
2.411000e-05	1.737502e-01	-1.532278e+01
2.412000e-05	1.909409e-01	-1.533360e+01
2.413000e-05	2.136378e-01	-1.524994e+01
2.414000e-05	2.409374e-01	-1.519786e+01
2.415000e-05	2.499900e-01	-1.516425e+01
2.416000e-05	2.500000e-01	-1.512307e+01
2.417000e-05	2.500000e-01	-1.505691e+01
2.418000e-05	2.500000e-01	-1.495573e+01
2.419000e-05	2.500000e-01	-1.491302e+01
2.420000e-05	2.500000e-01	-1.482839e+01
2.421000e-05	2.481990e-01	-1.471418e+01
2.422000e-05	2.251337e-01	-1.458894e+01
2.423000e-05	1.962157e-01	-1.456463e+01
2.424000e-05	1.730803e-01	-1.442991e+01
2.425000e-05	1.501064e-01	-1.439470e+01
2.426000e-05	1.322070e-01	-1.424889e+01
2.427000e-05	1.184152e-01	-1.411010e+01
2.428000e-05	1.075545e-01	-1.397483e+01
2.429000e-05	9.582585e-02	-1.386044e+01
2.430000e-05	8.505318e-02	-1.371400e+01
2.431000e-05	7.818244e-02	-1.357473e+01
2.432000e-05	7.349195e-02	-1.342838e+01
2.433000e-05	6.827503e-02	-1.328209e+01
2.434000e-05	6.225746e-02	-1.312463e+01
2.435000e-05	5.595166e-02	-1.298731e+01
2.436000e-05	5.313719e-02	-1.283842e+01
2.437000e-05	5.081233e-02	-1.267044e+01
2.438000e-05	4.632255e-02	-1.251412e+01
2.439000e-05	4.171546e-02	-1.230616e+01
2.440000e-05	3.950395e-02	-1.215669e+01
2.441000e-05	3.828325e-02	-1.197673e+01
2.442000e-05	3.549488e-02	-1.176563e+01
2.443000e-05	3.225343e-02	-1.152360e+01
2.444000e-05	2.937129e-02	-1.129210e+01
2.445000e-05	2.953791e-02	-1.109318e+01
2.446000e-05	2.850793e-02	-1.088405e+01
2.447000e-05	2.652231e-02	-1.072410e+01
2.448000e-05	2.389361e-02	-1.053360e+01
2.449000e-05	2.211278e-02	-1.027067e+01
2.450000e-05	2.176118e-02	-1.008107e+01
2.451000e-05	2.061061e-02	-9.820573e+00
2.452000e-05	1.805286e-02	-9.600470e+00
2.453000e-05	1.663067e-02	-9.398389e+00
2.454000e-05	1.763535e-02	-9.168310e+00
2.455000e-05	1.649205e-02	-8.977763e+00
2.456000e-05	1.383922e-02	-8.726781e+00
2.457000e-05	1.140364e-02	-8.494151e+00
2.458000e-05	1.101353e-02	-8.200523e+00
2.459000e-05	1.223515e-02	-7.997894e+00
2.460000e-05	1.070301e-02	-7.695758e+00
2.461000e-05	9.016878e-03	-7.444003e+00
2.462000e-05	7.912845e-03	-7.257372e+00
2.463000e-05	6.917307e-03	-6.926310e+00
2.464000e-05	6.975810e-03	-6.703629e+00
2.465000e-05	5.145418e-03	-6.442497e+00
2.466000e-05	4.979812e-03	-6.205342e+00
2.467000e-05	3.784532e-03	-5.913133e+00
2.468000e-05	5.563946e-03	-5.601000e+00
2.469000e-05	3.044843e-03	-5.306835e+00
2.470000e-05	1.913940e-03	-4.990549e+00
2.471000e-05	6.302461e-04	-4.724255e+00
2.472000e-05	2.137039e-03	-4.463129e+00
2.473000e-05	1.086682e-03	-4.240000e+00
2.474000e-05	2.280763e-04	-3.926896e+00
2.475000e-05	-2.442498e-03	-3.672052e+00
2.476000e-05	-2.522805e-03	-3.417900e+00
2.477000e-05	-2.414818e-03	-3.136766e+00
2.478000e-05	-2.993931e-03	-2.789975e+00
2.479000e-05	-3.457849e-03	-2.566815e+00
2.480000e-05	-3.339546e-03	-2.293163e+00
2.481000e-05	-2.682710e-03	-1.978395e+00
2.482000e-05	-4.198506e-03	-1.706262e+00
2.483000e-05	-6.603625e-03	-1.379926e+00
2.484000e-05	-7.479731e-03	-1.064609e+00
2.485000e-05	-6.807713e-03	-8.000039e-01
2.486000e-05	-5.792357e-03	-4.746882e-01
2.487000e-05	-6.179721e-03	-2.630802e-01
2.488000e-05	-2.126237e-03	7.213165e-02
2.489000e-05	9.065404e-03	3.443172e-01
2.490000e-05	-1.738295e-03	5.674736e-01
2.491000e-05	5.424616e-03	8.700764e-01
2.492000e-05	-3.025180e-03	1.176342e+00
2.493000e-05	1.300588e-03	1.418024e+00
2.494000e-05	-3.411217e-03	1.795366e+00
2.495000e-05	1.356584e-02	1.936917e+00
2.496000e-05	4.846392e-02	2.217045e+00
2.497000e-05	1.051362e-01	2.513232e+00
2.498000e-05	-4.246105e-02	2.861753e+00
2.499000e-05	-3.210101e-02	3.144842e+00
2.500000e-05	-3.809172e-02	3.419073e+00
2.501000e-05	-2.326456e-02	3.713682e+00
2.502000e-05	-8.768970e-02	3.902789e+00
2.503000e-05	-1.677128e-02	4.123204e+00
2.504000e-05	1.093104e-01	4.427573e+00
2.505000e-05	-1.158074e-01	4.693709e+00
2.506000e-05	1.189897e-01	4.943756e+00
2.507000e-05	-2.736791e-03	5.314260e+00
2.508000e-05	-7.850055e-02	5.584313e+00
2.509000e-05	5.735382e-02	5.840024e+00
2.510000e-05	-7.370314e-02	6.143208e+00
2.511000e-05	6.736175e-02	6.344286e+00
2.512000e-05	-4.512072e-02	6.692519e+00
2.513000e-05	-9.134264e-03	6.893707e+00
2.514000e-05	7.128915e-03	7.184736e+00
2.515000e-05	-4.067490e-02	7.480472e+00
2.516000e-05	2.219669e-02	7.731156e+00
2.517000e-05	-6.927238e-02	8.057888e+00
2.518000e-05	4.426940e-02	8.240074e+00
2.519000e-05	-2.168266e-02	8.471127e+00
2.520000e-05	-1.189538e-02	8.691099e+00
2.521000e-05	-3.475495e-03	8.944756e+00
2.522000e-05	-6.556893e-02	9.175287e+00
2.523000e-05	2.012628e-02	9.396814e+00
2.524000e-05	-3.390705e-02	9.637964e+00
2.525000e-05	9.869011e-03	9.857543e+00
2.526000e-05	-4.834434e-02	1.008005e+01
2.527000e-05	1.079232e-03	1.031160e+01
2.528000e-05	-2.035490e-02	1.053365e+01
2.529000e-05	-2.859300e-02	1.072012e+01
2.530000e-05	-2.389102e-02	1.093223e+01
2.531000e-05	-4.116484e-02	1.111270e+01
2.532000e-05	-2.525300e-03	1.135218e+01
2.533000e-05	-3.674886e-02	1.156373e+01
2.534000e-05	-1.990101e-02	1.175423e+01
2.535000e-05	-4.924688e-02	1.194270e+01
2.536000e-05	-1.704894e-02	1.214210e+01
2.537000e-05	-2.958008e-02	1.234115e+01
2.538000e-05	-2.842181e-02	1.246908e+01
2.539000e-05	-4.448890e-02	1.265799e+01
2.540000e-05	-4.143749e-02	1.282541e+01
2.541000e-05	-2.948389e-02	1.300315e+01
2.542000e-05	-4.084340e-02	1.312062e+01
2.543000e-05	-4.041581e-02	1.326902e+01
2.544000e-05	-5.055613e-02	1.343589e+01
2.545000e-05	-3.139206e-02	1.358473e+01
2.546000e-05	-4.472012e-02	1.369105e+01
2.547000e-05	-4.815162e-02	1.383591e+01
2.548000e-05	-6.194798e-02	1.399372e+01
2.549000e-05	-5.117471e-02	1.406899e+01
2.550000e-05	-4.985776e-02	1.423686e+01
2.551000e-05	-5.489240e-02	1.437368e+01
2.552000e-05	-6.380687e-02	1.444799e+01
2.553000e-05	-6.422919e-02	1.456423e+01
2.554000e-05	-5.622416e-02	1.460744e+01
2.555000e-05	-6.236079e-02	1.472313e+01
2.556000e-05	-6.813758e-02	1.482691e+01
2.557000e-05	-7.568491e-02	1.488155e+01
2.558000e-05	-6.916336e-02	1.496311e+01
2.559000e-05	-7.306411e-02	1.500586e+01
2.560000e-05	-8.170304e-02	1.506049e+01
2.561000e-05	-9.170035e-02	1.512210e+01
2.562000e-05	-8.930735e-02	1.518425e+01
2.563000e-05	-8.477939e-02	1.525681e+01
2.564000e-05	-8.932047e-02	1.532839e+01
2.565000e-05	-9.841394e-02	1.533202e+01
2.566000e-05	-1.029489e-01	1.532362e+01
2.567000e-05	-1.022000e-01	1.535322e+01
2.568000e-05	-1.078355e-01	1.540267e+01
2.569000e-05	-1.180498e-01	1.539483e+01
2.570000e-05	-1.241601e-01	1.541531e+01
2.571000e-05	-1.276011e-01	1.539538e+01
2.572000e-05	-1.273426e-01	1.536360e+01
2.573000e-05	-1.371272e-01	1.541471e+01
2.574000e-05	-1.494750e-01	1.538272e+01
2.575000e-05	-1.594261e-01	1.535112e+01
2.576000e-05	-1.685091e-01	1.534147e+01
2.577000e-05	-1.845125e-01	1.530854e+01
2.578000e-05	-2.108367e-01	1.526731e+01
2.579000e-05	-2.370292e-01	1.523586e+01
2.580000e-05	-2.494372e-01	1.514508e+01
2.581000e-05	-2.500000e-01	1.511257e+01
2.582000e-05	-2.500000e-01	1.508882e+01
2.583000e-05	-2.500000e-01	1.500430e+01
2.584000e-05	-2.500000e-01	1.485202e+01
2.585000e-05	-2.500000e-01	1.481736e+01
2.586000e-05	-2.500000e-01	1.476270e+01
2.587000e-05	-2.481830e-01	1.463939e+01
2.588000e-05	-2.276109e-01	1.453573e+01
2.589000e-05	-1.943143e-01	1.447947e+01
2.590000e-05	-1.716021e-01	1.434268e+01
2.591000e-05	-1.532699e-01	1.427947e+01
2.592000e-05	-1.392341e-01	1.413255e+01
2.593000e-05	-1.220976e-01	1.401530e+01
2.594000e-05	-1.086535e-01	1.386899e+01
2.595000e-05	-1.011255e-01	1.376317e+01
2.596000e-05	-9.754922e-02	1.358729e+01
2.597000e-05	-8.950061e-02	1.345001e+01
2.598000e-05	-8.203723e-02	1.335260e+01
2.599000e-05	-7.628420e-02	1.315521e+01
2.600000e-05	-7.306872e-02	1.300726e+01
2.601000e-05	-6.863854e-02	1.290050e+01
2.602000e-05	-6.170927e-02	1.266353e+01
2.603000e-05	-5.700524e-02	1.255515e+01
2.604000e-05	-5.548846e-02	1.239476e+01
2.605000e-05	-5.599053e-02	1.220733e+01
2.606000e-05	-5.284312e-02	1.201934e+01
2.607000e-05	-4.972845e-02	1.182937e+01
2.608000e-05	-4.749025e-02	1.164842e+01
2.609000e-05	-4.677308e-02	1.139791e+01
2.610000e-05	-4.460827e-02	1.120679e+01
2.611000e-05	-3.986240e-02	1.100996e+01
2.612000e-05	-3.729999e-02	1.084842e+01
2.613000e-05	-3.789271e-02	1.066786e+01
2.614000e-05	-3.934639e-02	1.039036e+01
2.615000e-05	-3.700983e-02	1.019836e+01
2.616000e-05	-3.520428e-02	9.974783e+00
2.617000e-05	-3.437946e-02	9.705332e+00
2.618000e-05	-3.407599e-02	9.494101e+00
2.619000e-05	-3.151516e-02	9.263076e+00
2.620000e-05	-2.917895e-02	9.050548e+00
2.621000e-05	-2.787662e-02	8.845993e+00
2.622000e-05	-2.971876e-02	8.586944e+00
2.623000e-05	-2.903730e-02	8.366711e+00
2.624000e-05	-2.756307e-02	8.104758e+00
2.625000e-05	-2.538992e-02	7.840525e+00
2.626000e-05	-2.475871e-02	7.627819e+00
2.627000e-05	-2.576656e-02	7.354232e+00
2.628000e-05	-2.450727e-02	7.062049e+00
2.629000e-05	-2.279825e-02	6.861095e+00
2.630000e-05	-2.306832e-02	6.575312e+00
2.631000e-05	-2.308594e-02	6.292657e+00
2.632000e-05	-2.229151e-02	6.051049e+00
2.633000e-05	-2.056985e-02	5.766342e+00
2.634000e-05	-1.972100e-02	5.513735e+00
2.635000e-05	-1.931635e-02	5.250920e+00
2.636000e-05	-1.978177e-02	4.924629e+00
2.637000e-05	-1.913091e-02	4.568495e+00
2.638000e-05	-1.860105e-02	4.345320e+00
2.639000e-05	-1.773825e-02	4.052104e+00
2.640000e-05	-1.808221e-02	3.797420e+00
2.641000e-05	-1.655665e-02	3.525740e+00
2.642000e-05	-1.520181e-02	3.223025e+00
2.643000e-05	-1.386069e-02	2.976817e+00
2.644000e-05	-1.552551e-02	2.675759e+00
2.645000e-05	-1.487171e-02	2.379419e+00
2.646000e-05	-1.469901e-02	2.114261e+00
2.647000e-05	-1.294948e-02	1.839505e+00
2.648000e-05	-1.306811e-02	1.559317e+00
2.649000e-05	-1.225684e-02	1.242559e+00
2.650000e-05	-1.259344e-02	9.262396e-01
2.651000e-05	-1.015690e-02	6.509777e-01
2.652000e-05	-1.072262e-02	3.483223e-01
2.653000e-05	-7.775901e-03	1.160783e-02
2.654000e-05	-4.481090e-03	-2.200227e-01
2.655000e-05	7.498188e-03	-4.421788e-01
2.656000e-05	-5.688029e-03	-7.883672e-01
2.657000e-05	4.241538e-03	-1.020078e+00
2.658000e-05	-3.680013e-03	-1.333814e+00
2.659000e-05	3.504473e-03	-1.619995e+00
2.660000e-05	3.112221e-03	-1.821100e+00
2.661000e-05	4.731023e-02	-2.050628e+00
2.662000e-05	1.282137e-01	-2.357341e+00
2.663000e-05	-2.900522e-02	-2.755310e+00
2.664000e-05	-2.255584e-02	-3.155891e+00
2.665000e-05	-3.023751e-02	-3.440973e+00
2.666000e-05	-3.399152e-02	-3.618446e+00
2.667000e-05	-1.014319e-01	-3.871075e+00
2.668000e-05	1.096623e-01	-4.039621e+00
2.669000e-05	1.245539e-02	-4.271599e+00
2.670000e-05	-7.928601e-02	-4.597964e+00
2.671000e-05	1.946280e-01	-4.819522e+00
2.672000e-05	-1.787419e-01	-5.145412e+00
2.673000e-05	1.320699e-01	-5.472653e+00
2.674000e-05	-7.204539e-02	-5.674233e+00
2.675000e-05	-3.520205e-02	-6.008569e+00
2.676000e-05	1.454113e-01	-6.228041e+00
2.677000e-05	-1.181874e-01	-6.544808e+00
2.678000e-05	1.532075e-01	-6.808494e+00
2.679000e-05	-9.329161e-02	-7.072103e+00
2.680000e-05	4.634071e-02	-7.416789e+00
2.681000e-05	2.659878e-02	-7.605889e+00
2.682000e-05	-5.064630e-02	-7.952654e+00
2.683000e-05	1.319953e-01	-8.154782e+00
2.684000e-05	-9.616453e-02	-8.396339e+00
2.685000e-05	1.284537e-01	-8.638542e+00
2.686000e-05	-5.422151e-02	-8.892522e+00
2.687000e-05	2.028310e-02	-9.125156e+00
2.688000e-05	2.791429e-02	-9.313728e+00
2.689000e-05	-1.113807e-02	-9.584786e+00
2.690000e-05	9.976952e-02	-9.757862e+00
2.691000e-05	-4.979583e-02	-1.000591e+01
2.692000e-05	9.759165e-02	-1.025847e+01
2.693000e-05	-5.247678e-02	-1.048902e+01
2.694000e-05	8.446784e-02	-1.068965e+01
2.695000e-05	-1.800078e-02	-1.085902e+01
2.696000e-05	4.560577e-02	-1.112009e+01
2.697000e-05	2.044839e-02	-1.122997e+01
2.698000e-05	2.576741e-02	-1.150262e+01
2.699000e-05	5.063831e-02	-1.176010e+01
2.700000e-05	-2.180801e-03	-1.193062e+01
2.701000e-05	5.867202e-02	-1.211047e+01
2.702000e-05	4.200085e-03	-1.227055e+01
2.703000e-05	7.376682e-02	-1.244052e+01
2.704000e-05	2.604765e-03	-1.265894e+01
2.705000e-05	5.372141e-02	-1.280733e+01
2.706000e-05	1.260589e-02	-1.297360e+01
2.707000e-05	5.698751e-02	-1.311262e+01
2.708000e-05	3.223210e-02	-1.322902e+01
2.709000e-05	4.806386e-02	-1.341736e+01
2.710000e-05	4.164157e-02	-1.355327e+01
2.711000e-05	4.459882e-02	-1.366055e+01
2.712000e-05	5.106805e-02	-1.378794e+01
2.713000e-05	3.674734e-02	-1.397578e+01
2.714000e-05	5.011287e-02	-1.413044e+01
2.715000e-05	4.278041e-02	-1.419736e+01
2.716000e-05	6.420465e-02	-1.435362e+01
2.717000e-05	5.001451e-02	-1.440746e+01
2.718000e-05	6.066470e-02	-1.458306e+01
2.719000e-05	5.152129e-02	-1.462841e+01
2.720000e-05	6.862649e-02	-1.470565e+01
2.721000e-05	6.172015e-02	-1.483588e+01
2.722000e-05	6.872895e-02	-1.494050e+01
2.723000e-05	6.373624e-02	-1.498478e+01
2.724000e-05	7.170836e-02	-1.507992e+01
2.725000e-05	7.363798e-02	-1.511167e+01
2.726000e-05	7.307819e-02	-1.516423e+01
2.727000e-05	7.615700e-02	-1.520633e+01
2.728000e-05	8.187672e-02	-1.524796e+01
2.729000e-05	9.292676e-02	-1.531152e+01
2.730000e-05	8.944467e-02	-1.533160e+01
2.731000e-05	9.267283e-02	-1.538470e+01
2.732000e-05	9.138654e-02	-1.539776e+01
2.733000e-05	1.017601e-01	-1.540789e+01
2.734000e-05	1.035799e-01	-1.540799e+01
2.735000e-05	1.095542e-01	-1.546944e+01
2.736000e-05	1.121325e-01	-1.543946e+01
2.737000e-05	1.222430e-01	-1.545794e+01
2.738000e-05	1.289361e-01	-1.542901e+01
2.739000e-05	1.325111e-01	-1.543794e+01
2.740000e-05	1.399155e-01	-1.541628e+01
2.741000e-05	1.516422e-01	-1.538768e+01
2.742000e-05	1.682691e-01	-1.540368e+01
2.743000e-05	1.845057e-01	-1.532363e+01
2.744000e-05	2.047018e-01	-1.526954e+01
2.745000e-05	2.312615e-01	-1.522686e+01
2.746000e-05	2.487103e-01	-1.518473e+01
2.747000e-05	2.500000e-01	-1.515267e+01
2.748000e-05	2.500000e-01	-1.501952e+01
2.749000e-05	2.500000e-01	-1.501428e+01
2.750000e-05	2.500000e-01	-1.493357e+01
2.751000e-05	2.500000e-01	-1.484949e+01
2.752000e-05	2.500000e-01	-1.477470e+01
2.753000e-05	2.371076e-01	-1.464102e+01
2.754000e-05	2.052172e-01	-1.458579e+01
2.755000e-05	1.811702e-01	-1.449047e+01
2.756000e-05	1.587078e-01	-1.438685e+01
2.757000e-05	1.404299e-01	-1.425939e+01
2.758000e-05	1.226476e-01	-1.414672e+01
2.759000e-05	1.113605e-01	-1.404679e+01
2.760000e-05	1.002558e-01	-1.392109e+01
2.761000e-05	9.035983e-02	-1.369528e+01
2.762000e-05	8.071889e-02	-1.361733e+01
2.763000e-05	7.570310e-02	-1.348254e+01
2.764000e-05	6.999410e-02	-1.331413e+01
2.765000e-05	6.529548e-02	-1.320626e+01
2.766000e-05	5.717752e-02	-1.304841e+01
2.767000e-05	5.393426e-02	-1.287102e+01
2.768000e-05	5.107738e-02	-1.272267e+01
2.769000e-05	4.934885e-02	-1.255633e+01
2.770000e-05	4.323667e-02	-1.239771e+01
2.771000e-05	4.102748e-02	-1.218896e+01
2.772000e-05	3.813113e-02	-1.204939e+01
2.773000e-05	3.567056e-02	-1.180836e+01
2.774000e-05	3.380053e-02	-1.163787e+01
2.775000e-05	2.968954e-02	-1.136738e+01
2.776000e-05	2.918640e-02	-1.116681e+01
2.777000e-05	2.867624e-02	-1.095626e+01
2.778000e-05	2.761775e-02	-1.077786e+01
2.779000e-05	2.411065e-02	-1.059887e+01
2.780000e-05	2.238018e-02	-1.036629e+01
2.781000e-05	2.207933e-02	-1.013523e+01
2.782000e-05	2.107137e-02	-9.915134e+00
2.783000e-05	1.862509e-02	-9.743733e+00
2.784000e-05	1.781737e-02	-9.513628e+00
2.785000e-05	1.691802e-02	-9.302520e+00
2.786000e-05	1.706167e-02	-9.041076e+00
2.787000e-05	1.473095e-02	-8.809920e+00
2.788000e-05	1.267430e-02	-8.576364e+00
2.789000e-05	1.175125e-02	-8.285185e+00
2.790000e-05	1.147869e-02	-8.122682e+00
2.791000e-05	1.134416e-02	-7.800970e+00
2.792000e-05	8.733723e-03	-7.556766e+00
2.793000e-05	8.791468e-03	-7.305081e+00
2.794000e-05	7.715090e-03	-7.009077e+00
2.795000e-05	7.982107e-03	-6.767867e+00
2.796000e-05	4.731500e-03	-6.566211e+00
2.797000e-05	5.483810e-03	-6.264051e+00
2.798000e-05	2.984892e-03	-5.989821e+00
2.799000e-05	4.276849e-03	-5.746762e+00
2.800000e-05	2.736698e-03	-5.473025e+00
2.801000e-05	2.151478e-03	-5.146318e+00
2.802000e-05	-1.209669e-04	-4.823004e+00
2.803000e-05	2.201668e-03	-4.547841e+00
2.804000e-05	1.894576e-03	-4.305737e+00
2.805000e-05	1.508825e-03	-4.054629e+00
2.806000e-05	-1.146471e-03	-3.728292e+00
2.807000e-05	-1.908717e-03	-3.516216e+00
2.808000e-05	-4.362835e-03	-3.231456e+00
2.809000e-05	-3.306198e-03	-2.905266e+00
2.810000e-05	-6.044070e-03	-2.643679e+00
2.811000e-05	-4.131625e-03	-2.389978e+00
2.812000e-05	-3.930424e-03	-2.044183e+00
2.813000e-05	-1.278049e-03	-1.782024e+00
2.814000e-05	-2.988002e-03	-1.516317e+00
2.815000e-05	-4.765726e-03	-1.169872e+00
2.816000e-05	-7.007985e-03	-8.857367e-01
2.817000e-05	-7.386555e-03	-6.320252e-01
2.818000e-05	-7.568410e-03	-3.058672e-01
2.819000e-05	-7.083648e-03	-8.268165e-02
2.820000e-05	4.194961e-03	2.404790e-01
2.821000e-05	2.269115e-03	5.131844e-01
2.822000e-05	3.987647e-03	7.283146e-01
2.823000e-05	3.076753e-03	1.039023e+00
2.824000e-05	9.417446e-04	1.334212e+00
2.825000e-05	-3.044802e-04	1.610549e+00
2.826000e-05	2.658552e-03	1.892182e+00
2.827000e-05	2.758485e-02	2.103158e+00
2.828000e-05	9.715948e-02	2.397422e+00
2.829000e-05	1.858804e-02	2.757238e+00
2.830000e-05	-5.685873e-02	3.040069e+00
2.831000e-05	-2.621830e-02	3.273232e+00
2.832000e-05	-2.913518e-02	3.618499e+00
2.833000e-05	-5.436193e-02	3.879025e+00
2.834000e-05	-6.963758e-02	4.019977e+00
2.835000e-05	9.115465e-02	4.335733e+00
2.836000e-05	-2.913226e-02	4.628524e+00
2.837000e-05	-2.225560e-02	4.828418e+00
2.838000e-05	1.350968e-01	5.205864e+00
2.839000e-05	-1.441358e-01	5.491622e+00
2.840000e-05	6.589298e-02	5.724181e+00
2.841000e-05	-5.271939e-02	6.070522e+00
2.842000e-05	2.053784e-02	6.218547e+00
2.843000e-05	1.920560e-02	6.562286e+00
2.844000e-05	-6.270148e-02	6.839046e+00
2.845000e-05	4.432774e-02	7.041995e+00
2.846000e-05	-6.150690e-02	7.374308e+00
2.847000e-05	3.287046e-02	7.605416e+00
2.848000e-05	-6.307215e-02	7.920624e+00
2.849000e-05	1.026227e-02	8.175759e+00
2.850000e-05	1.653282e-02	8.416340e+00
2.851000e-05	-3.363653e-02	8.649388e+00
2.852000e-05	1.632591e-02	8.857468e+00
2.853000e-05	-6.427920e-02	9.090144e+00
2.854000e-05	-1.650335e-03	9.322128e+00
2.855000e-05	-1.770802e-02	9.532207e+00
2.856000e-05	-1.979683e-03	9.794760e+00
2.857000e-05	-3.078763e-02	1.000636e+01
2.858000e-05	-2.022636e-02	1.024792e+01
2.859000e-05	-2.710271e-03	1.042699e+01
2.860000e-05	-3.153538e-02	1.064802e+01
2.861000e-05	-2.097156e-02	1.088839e+01
2.862000e-05	-4.190758e-02	1.103994e+01
2.863000e-05	-1.364236e-02	1.126954e+01
2.864000e-05	-2.287255e-02	1.150892e+01
2.865000e-05	-2.553678e-02	1.168105e+01
2.866000e-05	-4.123843e-02	1.187102e+01
2.867000e-05	-3.022345e-02	1.209000e+01
2.868000e-05	-2.244622e-02	1.224797e+01
2.869000e-05	-2.779132e-02	1.242641e+01
2.870000e-05	-3.968128e-02	1.259431e+01
2.871000e-05	-4.411850e-02	1.269163e+01
2.872000e-05	-3.153404e-02	1.292057e+01
2.873000e-05	-3.598589e-02	1.305804e+01
2.874000e-05	-4.148443e-02	1.322783e+01
2.875000e-05	-5.076195e-02	1.336520e+01
2.876000e-05	-3.602708e-02	1.351202e+01
2.877000e-05	-3.891607e-02	1.367631e+01
2.878000e-05	-4.369788e-02	1.377221e+01
2.879000e-05	-6.041761e-02	1.396158e+01
2.880000e-05	-5.409226e-02	1.405593e+01
2.881000e-05	-5.016189e-02	1.420763e+01
2.882000e-05	-5.059454e-02	1.433049e+01
2.883000e-05	-6.106421e-02	1.442534e+01
2.884000e-05	-6.517836e-02	1.454267e+01
2.885000e-05	-5.754698e-02	1.461588e+01
2.886000e-05	-6.085157e-02	1.466955e+01
2.887000e-05	-6.444083e-02	1.480576e+01
2.888000e-05	-7.571378e-02	1.486904e+01
2.889000e-05	-7.089342e-02	1.497307e+01
2.890000e-05	-7.202458e-02	1.498721e+01
2.891000e-05	-7.731270e-02	1.504742e+01
2.892000e-05	-8.842963e-02	1.512159e+01
2.893000e-05	-9.055621e-02	1.516470e+01
2.894000e-05	-8.423047e-02	1.524628e+01
2.895000e-05	-8.694451e-02	1.527884e+01
2.896000e-05	-9.445775e-02	1.530899e+01
2.897000e-05	-1.038921e-01	1.533207e+01
2.898000e-05	-1.021393e-01	1.534212e+01
2.899000e-05	-1.059165e-01	1.536363e+01
2.900000e-05	-1.124009e-01	1.541468e+01
2.901000e-05	-1.225194e-01	1.540481e+01
2.902000e-05	-1.238014e-01	1.540523e+01
2.903000e-05	-1.245460e-01	1.541513e+01
2.904000e-05	-1.325738e-01	1.537420e+01
2.905000e-05	-1.459634e-01	1.538463e+01
2.906000e-05	-1.584061e-01	1.538304e+01
2.907000e-05	-1.642631e-01	1.534262e+01
2.908000e-05	-1.782850e-01	1.532094e+01
2.909000e-05	-1.988391e-01	1.528799e+01
2.910000e-05	-2.269040e-01	1.521686e+01
2.911000e-05	-2.460012e-01	1.518573e+01
2.912000e-05	-2.500000e-01	1.512210e+01
2.913000e-05	-2.500000e-01	1.504941e+01
2.914000e-05	-2.500000e-01	1.501671e+01
2.915000e-05	-2.500000e-01	1.495065e+01
2.916000e-05	-2.500000e-01	1.484992e+01
2.917000e-05	-2.500000e-01	1.478273e+01
2.918000e-05	-2.500000e-01	1.469044e+01
2.919000e-05	-2.367725e-01	1.459736e+01
2.920000e-05	-2.041532e-01	1.452205e+01
2.921000e-05	-1.776863e-01	1.441638e+01
2.922000e-05	-1.590921e-01	1.429057e+01
2.923000e-05	-1.450678e-01	1.418461e+01
2.924000e-05	-1.289873e-01	1.405641e+01
2.925000e-05	-1.156611e-01	1.393012e+01
2.926000e-05	-1.045791e-01	1.378478e+01
2.927000e-05	-9.949562e-02	1.364796e+01
2.928000e-05	-9.179232e-02	1.354210e+01
2.929000e-05	-8.342181e-02	1.338626e+01
2.930000e-05	-7.558301e-02	1.322641e+01
2.931000e-05	-7.392532e-02	1.307842e+01
2.932000e-05	-6.996810e-02	1.290410e+01
2.933000e-05	-6.563228e-02	1.279418e+01
2.934000e-05	-5.976928e-02	1.260739e+01
2.935000e-05	-5.810366e-02	1.244839e+01
2.936000e-05	-5.709777e-02	1.229842e+01
2.937000e-05	-5.400086e-02	1.208262e+01
2.938000e-05	-4.887918e-02	1.193255e+01
2.939000e-05	-4.574813e-02	1.176418e+01
2.940000e-05	-4.732920e-02	1.150209e+01
2.941000e-05	-4.532167e-02	1.128360e+01
2.942000e-05	-4.228964e-02	1.108053e+01
2.943000e-05	-3.844315e-02	1.091310e+01
2.944000e-05	-3.959689e-02	1.072150e+01
2.945000e-05	-3.847648e-02	1.049158e+01
2.946000e-05	-3.678708e-02	1.023047e+01
2.947000e-05	-3.398000e-02	1.008852e+01
2.948000e-05	-3.331999e-02	9.826866e+00
2.949000e-05	-3.479143e-02	9.586286e+00
2.950000e-05	-3.331783e-02	9.336261e+00
2.951000e-05	-3.070356e-02	9.165711e+00
2.952000e-05	-2.799248e-02	8.924558e+00
2.953000e-05	-2.959477e-02	8.682077e+00
2.954000e-05	-2.892930e-02	8.461025e+00
2.955000e-05	-2.842657e-02	8.207918e+00
2.956000e-05	-2.485871e-02	7.963756e+00
2.957000e-05	-2.565522e-02	7.702657e+00
2.958000e-05	-2.502867e-02	7.409495e+00
2.959000e-05	-2.603307e-02	7.166261e+00
2.960000e-05	-2.253460e-02	6.905233e+00
2.961000e-05	-2.270868e-02	6.651000e+00
2.962000e-05	-2.251495e-02	6.387345e+00
2.963000e-05	-2.307882e-02	6.145284e+00
2.964000e-05	-2.037248e-02	5.896079e+00
2.965000e-05	-1.984810e-02	5.608319e+00
2.966000e-05	-1.990913e-02	5.346814e+00
2.967000e-05	-2.054607e-02	4.991820e+00
2.968000e-05	-1.973857e-02	4.725712e+00
2.969000e-05	-1.836819e-02	4.442027e+00
2.970000e-05	-1.820980e-02	4.156817e+00
2.971000e-05	-1.751713e-02	3.873606e+00
2.972000e-05	-1.711045e-02	3.621976e+00
2.973000e-05	-1.495839e-02	3.327342e+00
2.974000e-05	-1.434545e-02	3.053009e+00
2.975000e-05	-1.517922e-02	2.848446e+00
2.976000e-05	-1.594349e-02	2.533185e+00
2.977000e-05	-1.479650e-02	2.209400e+00
2.978000e-05	-1.274256e-02	1.968292e+00
2.979000e-05	-1.343266e-02	1.602055e+00
2.980000e-05	-1.318886e-02	1.349293e+00
2.981000e-05	-1.275092e-02	1.022575e+00
2.982000e-05	-1.011781e-02	6.967682e-01
2.983000e-05	-1.089554e-02	4.525791e-01
2.984000e-05	-9.533447e-03	1.903247e-01
2.985000e-05	-7.608284e-03	-1.157344e-01
2.986000e-05	5.664442e-03	-3.904462e-01
2.987000e-05	-2.365140e-03	-6.816316e-01
2.988000e-05	1.624576e-03	-8.928107e-01
2.989000e-05	-3.341109e-03	-1.186369e+00
2.990000e-05	1.378115e-03	-1.527330e+00
2.991000e-05	7.829134e-04	-1.727362e+00
2.992000e-05	2.642899e-02	-1.946920e+00
2.993000e-05	1.039735e-01	-2.199021e+00
2.994000e-05	5.110223e-02	-2.585419e+00
2.995000e-05	-5.917142e-02	-2.998445e+00
2.996000e-05	-1.764130e-03	-3.334362e+00
2.997000e-05	-4.707823e-02	-3.536838e+00
2.998000e-05	-6.842056e-02	-3.775790e+00
2.999000e-05	-1.905443e-02	-3.997941e+00
3.000000e-05	1.553832e-01	-4.194887e+00
3.001000e-05	-1.740199e-01	-4.462152e+00
3.002000e-05	1.920748e-01	-4.755758e+00
3.003000e-05	-4.994704e-02	-4.978467e+00
3.004000e-05	-2.669507e-02	-5.417439e+00
3.005000e-05	9.517868e-02	-5.637913e+00
3.006000e-05	-1.693806e-01	-5.902782e+00
3.007000e-05	1.881125e-01	-6.165311e+00
3.008000e-05	-8.358537e-02	-6.376469e+00
3.009000e-05	6.816882e-02	-6.712710e+00
3.010000e-05	3.184627e-02	-6.956357e+00
3.011000e-05	-7.713166e-02	-7.262647e+00
3.012000e-05	1.203804e-01	-7.483677e+00
3.013000e-05	-1.074472e-01	-7.795935e+00
3.014000e-05	1.285782e-01	-8.041575e+00
3.015000e-05	-3.981075e-02	-8.291153e+00
3.016000e-05	3.580948e-02	-8.556335e+00
3.017000e-05	6.105073e-02	-8.764385e+00
3.018000e-05	-7.719641e-02	-9.060045e+00
3.019000e-05	9.665187e-02	-9.249519e+00
3.020000e-05	-6.790240e-02	-9.520973e+00
3.021000e-05	1.191641e-01	-9.714206e+00
3.022000e-05	-3.602028e-02	-9.933204e+00
3.023000e-05	6.675480e-02	-1.019428e+01
3.024000e-05	-1.584694e-03	-1.041283e+01
3.025000e-05	1.989704e-02	-1.059789e+01
3.026000e-05	4.782369e-02	-1.072634e+01
3.027000e-05	-1.563202e-02	-1.100634e+01
3.028000e-05	7.048271e-02	-1.117383e+01
3.029000e-05	-1.864906e-02	-1.141686e+01
3.030000e-05	8.214622e-02	-1.158946e+01
3.031000e-05	-1.524095e-02	-1.183541e+01
3.032000e-05	6.159644e-02	-1.201846e+01
3.033000e-05	4.180329e-03	-1.221791e+01
3.034000e-05	6.058239e-02	-1.234686e+01
3.035000e-05	2.452416e-02	-1.257358e+01
3.036000e-05	3.279270e-02	-1.276375e+01
3.037000e-05	3.327873e-02	-1.289157e+01
3.038000e-05	3.146116e-02	-1.308002e+01
3.039000e-05	5.416821e-02	-1.317688e+01
3.040000e-05	2.843182e-02	-1.339415e+01
3.041000e-05	5.673176e-02	-1.350060e+01
3.042000e-05	3.057266e-02	-1.364739e+01
3.043000e-05	6.194907e-02	-1.378370e+01
3.044000e-05	3.256622e-02	-1.390262e+01
3.045000e-05	5.166103e-02	-1.403936e+01
3.046000e-05	3.917861e-02	-1.418570e+01
3.047000e-05	6.062422e-02	-1.430059e+01
3.048000e-05	5.305512e-02	-1.440786e+01
3.049000e-05	5.677716e-02	-1.449055e+01
3.050000e-05	5.226147e-02	-1.460833e+01
3.051000e-05	6.149252e-02	-1.469164e+01
3.052000e-05	6.703016e-02	-1.481676e+01
3.053000e-05	6.594258e-02	-1.486849e+01
3.054000e-05	6.820767e-02	-1.496418e+01
3.055000e-05	6.545292e-02	-1.501786e+01
3.056000e-05	7.625041e-02	-1.511904e+01
3.057000e-05	6.824459e-02	-1.515322e+01
3.058000e-05	7.710006e-02	-1.520438e+01
3.059000e-05	7.439041e-02	-1.521739e+01
3.060000e-05	9.216279e-02	-1.529052e+01
3.061000e-05	8.975851e-02	-1.532263e+01
3.062000e-05	9.541957e-02	-1.538363e+01
3.063000e-05	9.169197e-02	-1.536778e+01
3.064000e-05	9.696809e-02	-1.541678e+01
3.065000e-05	1.023504e-01	-1.543887e+01
3.066000e-05	1.058182e-01	-1.545891e+01
3.067000e-05	1.113411e-01	-1.544206e+01
3.068000e-05	1.168454e-01	-1.541757e+01
3.069000e-05	1.278261e-01	-1.543944e+01
3.070000e-05	1.319015e-01	-1.544944e+01
3.071000e-05	1.394009e-01	-1.542579e+01
3.072000e-05	1.463371e-01	-1.540728e+01
3.073000e-05	1.621591e-01	-1.537523e+01
3.074000e-05	1.786622e-01	-1.533305e+01
3.075000e-05	1.975861e-01	-1.533055e+01
3.076000e-05	2.196074e-01	-1.523802e+01
3.077000e-05	2.455016e-01	-1.519780e+01
3.078000e-05	2.500000e-01	-1.516370e+01
3.079000e-05	2.500000e-01	-1.512115e+01
3.080000e-05	2.500000e-01	-1.504739e+01
3.081000e-05	2.500000e-01	-1.493365e+01
3.082000e-05	2.500000e-01	-1.487047e+01
3.083000e-05	2.500000e-01	-1.477679e+01
3.084000e-05	2.462331e-01	-1.472310e+01
3.085000e-05	2.165689e-01	-1.464899e+01
3.086000e-05	1.881941e-01	-1.451363e+01
3.087000e-05	1.674503e-01	-1.442791e+01
3.088000e-05	1.468242e-01	-1.432304e+01
3.089000e-05	1.288515e-01	-1.423631e+01
3.090000e-05	1.151589e-01	-1.407049e+01
3.091000e-05	1.046370e-01	-1.391513e+01
3.092000e-05	9.482935e-02	-1.383836e+01
3.093000e-05	8.419163e-02	-1.368097e+01
3.094000e-05	7.658938e-02	-1.349365e+01
3.095000e-05	7.213292e-02	-1.337678e+01
3.096000e-05	6.753632e-02	-1.324842e+01
3.097000e-05	6.102333e-02	-1.308315e+01
3.098000e-05	5.476299e-02	-1.296476e+01
3.099000e-05	5.098436e-02	-1.277428e+01
3.100000e-05	5.045066e-02	-1.263939e+01
3.101000e-05	4.664260e-02	-1.249050e+01
3.102000e-05	4.223567e-02	-1.225057e+01
3.103000e-05	3.853216e-02	-1.211300e+01
3.104000e-05	3.677302e-02	-1.191208e+01
3.105000e-05	3.483384e-02	-1.170260e+01
3.106000e-05	3.190482e-02	-1.151090e+01
3.107000e-05	2.883606e-02	-1.126097e+01
3.108000e-05	2.926908e-02	-1.102950e+01
3.109000e-05	2.801643e-02	-1.088150e+01
3.110000e-05	2.683899e-02	-1.066155e+01
3.111000e-05	2.295160e-02	-1.047249e+01
3.112000e-05	2.194851e-02	-1.025692e+01
3.113000e-05	2.096469e-02	-1.001981e+01
3.114000e-05	2.027519e-02	-9.789443e+00
3.115000e-05	1.792338e-02	-9.606885e+00
3.116000e-05	1.623460e-02	-9.356814e+00
3.117000e-05	1.642334e-02	-9.133682e+00
3.118000e-05	1.577980e-02	-8.895208e+00
3.119000e-05	1.412454e-02	-8.670597e+00
3.120000e-05	1.108327e-02	-8.429372e+00
3.121000e-05	1.188771e-02	-8.158892e+00
3.122000e-05	1.119585e-02	-7.915708e+00
3.123000e-05	1.136541e-02	-7.631048e+00
3.124000e-05	7.854071e-03	-7.408361e+00
3.125000e-05	7.085166e-03	-7.145287e+00
3.126000e-05	6.569494e-03	-6.893004e+00
3.127000e-05	7.031726e-03	-6.630451e+00
3.128000e-05	5.165041e-03	-6.378369e+00
3.129000e-05	5.475097e-03	-6.114632e+00
3.130000e-05	2.641175e-03	-5.821025e+00
3.131000e-05	4.596632e-03	-5.535792e+00
3.132000e-05	1.902757e-03	-5.232229e+00
3.133000e-05	2.295968e-03	-4.947361e+00
3.134000e-05	-1.119971e-04	-4.621051e+00
3.135000e-05	2.308931e-03	-4.399500e+00
3.136000e-05	1.926934e-03	-4.147942e+00
3.137000e-05	-8.301585e-04	-3.883205e+00
3.138000e-05	-1.733450e-03	-3.589895e+00
3.139000e-05	-3.497323e-03	-3.336816e+00
3.140000e-05	-2.810298e-03	-3.041579e+00
3.141000e-05	-3.770803e-03	-2.728315e+00
3.142000e-05	-2.637529e-03	-2.483683e+00
3.143000e-05	-4.334140e-03	-2.189402e+00
3.144000e-05	-2.762278e-03	-1.895711e+00
3.145000e-05	-4.692695e-03	-1.622608e+00
3.146000e-05	-4.839185e-03	-1.294718e+00
3.147000e-05	-8.261625e-03	-1.001476e+00
3.148000e-05	-6.240574e-03	-7.078961e-01
3.149000e-05	-7.146427e-03	-4.315526e-01
3.150000e-05	-4.646999e-03	-1.299461e-01
3.151000e-05	1.903215e-04	1.337870e-01
3.152000e-05	7.699221e-03	4.285524e-01
3.153000e-05	-2.008622e-03	6.630753e-01
3.154000e-05	4.776769e-03	9.526594e-01
3.155000e-05	-2.678773e-03	1.239447e+00
3.156000e-05	2.100151e-03	1.524207e+00
3.157000e-05	-2.681484e-03	1.818391e+00
3.158000e-05	1.947196e-02	2.049545e+00
3.159000e-05	6.851156e-02	2.284157e+00
3.160000e-05	8.277306e-02	2.616495e+00
3.161000e-05	-6.350098e-02	2.913786e+00
3.162000e-05	-2.436474e-02	3.220469e+00
3.163000e-05	-3.950568e-02	3.525682e+00
3.164000e-05	-2.821501e-02	3.774710e+00
3.165000e-05	-9.212259e-02	3.965361e+00
3.166000e-05	2.742063e-02	4.225815e+00
3.167000e-05	7.502244e-02	4.493756e+00
3.168000e-05	-1.183103e-01	4.764337e+00
3.169000e-05	1.718812e-01	4.996994e+00
3.170000e-05	-9.159312e-02	5.406920e+00
3.171000e-05	-9.498442e-03	5.629394e+00
3.172000e-05	1.561105e-02	5.953234e+00
3.173000e-05	-4.754454e-02	6.186313e+00
3.174000e-05	6.640330e-02	6.437919e+00
3.175000e-05	-7.063243e-02	6.723357e+00
3.176000e-05	2.592973e-02	6.985858e+00
3.177000e-05	-2.974681e-02	7.259522e+00
3.178000e-05	-6.266482e-03	7.564150e+00
3.179000e-05	-1.090266e-02	7.835888e+00
3.180000e-05	-4.487442e-02	8.080521e+00
3.181000e-05	4.235488e-02	8.341832e+00
3.182000e-05	-3.538290e-02	8.552181e+00
3.183000e-05	4.954897e-03	8.743732e+00
3.184000e-05	-2.904152e-02	9.006315e+00
3.185000e-05	-4.503319e-02	9.216940e+00
3.186000e-05	1.286186e-02	9.459443e+00
3.187000e-05	-2.590181e-02	9.720597e+00
3.188000e-05	-8.498762e-04	9.922648e+00
3.189000e-05	-4.520723e-02	1.014323e+01
3.190000e-05	3.840353e-03	1.035373e+01
3.191000e-05	-2.717163e-02	1.057531e+01
3.192000e-05	-2.494435e-02	1.076423e+01
3.193000e-05	-3.034164e-02	1.096538e+01
3.194000e-05	-3.208710e-02	1.119378e+01
3.195000e-05	-5.965584e-03	1.142626e+01
3.196000e-05	-3.491751e-02	1.160576e+01
3.197000e-05	-2.639094e-02	1.177591e+01
3.198000e-05	-4.613608e-02	1.196681e+01
3.199000e-05	-1.655836e-02	1.219428e+01
3.200000e-05	-2.842742e-02	1.236473e+01
3.201000e-05	-3.206795e-02	1.252912e+01
3.202000e-05	-4.572371e-02	1.267099e+01
3.203000e-05	-3.801334e-02	1.284794e+01
3.204000e-05	-2.905274e-02	1.300481e+01
3.205000e-05	-4.245753e-02	1.314170e+01
3.206000e-05	-4.415264e-02	1.329957e+01
3.207000e-05	-4.681672e-02	1.345889e+01
3.208000e-05	-3.233967e-02	1.361528e+01
3.209000e-05	-4.427947e-02	1.376267e+01
3.210000e-05	-5.354864e-02	1.384539e+01
3.211000e-05	-6.001614e-02	1.399478e+01
3.212000e-05	-5.036933e-02	1.416209e+01
3.213000e-05	-4.756170e-02	1.428941e+01
3.214000e-05	-5.658094e-02	1.438268e+01
3.215000e-05	-6.401479e-02	1.451004e+01
3.216000e-05	-6.142791e-02	1.459425e+01
3.217000e-05	-5.691311e-02	1.464894e+01
3.218000e-05	-6.472689e-02	1.475425e+01
3.219000e-05	-7.252669e-02	1.483699e+01
3.220000e-05	-7.397904e-02	1.491005e+01
3.221000e-05	-6.933171e-02	1.498463e+01
3.222000e-05	-7.362800e-02	1.502689e+01
3.223000e-05	-8.474998e-02	1.508157e+01
3.224000e-05	-9.107256e-02	1.514472e+01
3.225000e-05	-8.666967e-02	1.520583e+01
3.226000e-05	-8.455585e-02	1.524789e+01
3.227000e-05	-9.239550e-02	1.531099e+01
3.228000e-05	-1.014280e-01	1.532997e+01
3.229000e-05	-1.027205e-01	1.535315e+01
3.230000e-05	-1.030410e-01	1.537118e+01
3.231000e-05	-1.088102e-01	1.536372e+01
3.232000e-05	-1.200838e-01	1.540375e+01
3.233000e-05	-1.239511e-01	1.541628e+01
3.234000e-05	-1.249524e-01	1.541630e+01
3.235000e-05	-1.279971e-01	1.540476e+01
3.236000e-05	-1.415285e-01	1.542373e+01
3.237000e-05	-1.540689e-01	1.538408e+01
3.238000e-05	-1.618492e-01	1.533262e+01
3.239000e-05	-1.718318e-01	1.529847e+01
3.240000e-05	-1.901481e-01	1.528989e+01
3.241000e-05	-2.166248e-01	1.524791e+01
3.242000e-05	-2.409319e-01	1.523531e+01
3.243000e-05	-2.495799e-01	1.507372e+01
3.244000e-05	-2.500000e-01	1.507997e+01
3.245000e-05	-2.500000e-01	1.499683e+01
3.246000e-05	-2.500000e-01	1.495560e+01
3.247000e-05	-2.500000e-01	1.486149e+01
3.248000e-05	-2.500000e-01	1.481629e+01
3.249000e-05	-2.500000e-01	1.473055e+01
3.250000e-05	-2.449379e-01	1.462789e+01
3.251000e-05	-2.169386e-01	1.454322e+01
3.252000e-05	-1.870204e-01	1.445734e+01
3.253000e-05	-1.651062e-01	1.431160e+01
3.254000e-05	-1.499519e-01	1.423721e+01
3.255000e-05	-1.349053e-01	1.408807e+01
3.256000e-05	-1.197940e-01	1.397475e+01
3.257000e-05	-1.081531e-01	1.383741e+01
3.258000e-05	-1.018846e-01	1.371214e+01
3.259000e-05	-9.660706e-02	1.357373e+01
3.260000e-05	-8.702772e-02	1.346884e+01
3.261000e-05	-7.844470e-02	1.326149e+01
3.262000e-05	-7.434617e-02	1.313157e+01
3.263000e-05	-7.131718e-02	1.296623e+01
3.264000e-05	-6.774253e-02	1.282944e+01
3.265000e-05	-6.090323e-02	1.267049e+01
3.266000e-05	-5.824307e-02	1.250353e+01
3.267000e-05	-5.579188e-02	1.234362e+01
3.268000e-05	-5.516366e-02	1.217473e+01
3.269000e-05	-5.051804e-02	1.198576e+01
3.270000e-05	-4.767309e-02	1.180671e+01
3.271000e-05	-4.630856e-02	1.158618e+01
3.272000e-05	-4.639574e-02	1.139728e+01
3.273000e-05	-4.390062e-02	1.116573e+01
3.274000e-05	-3.960522e-02	1.098719e+01
3.275000e-05	-3.832973e-02	1.076568e+01
3.276000e-05	-3.767290e-02	1.054578e+01
3.277000e-05	-3.836396e-02	1.037365e+01
3.278000e-05	-3.497095e-02	1.014518e+01
3.279000e-05	-3.350070e-02	9.891577e+00
3.280000e-05	-3.350537e-02	9.722620e+00
3.281000e-05	-3.431947e-02	9.430469e+00
3.282000e-05	-3.056886e-02	9.269895e+00
3.283000e-05	-2.886927e-02	8.986336e+00
3.284000e-05	-2.841781e-02	8.785385e+00
3.285000e-05	-2.890167e-02	8.545282e+00
3.286000e-05	-2.868706e-02	8.303103e+00
3.287000e-05	-2.555049e-02	8.040552e+00
3.288000e-05	-2.496549e-02	7.808415e+00
3.289000e-05	-2.452514e-02	7.544206e+00
3.290000e-05	-2.634184e-02	7.251948e+00
3.291000e-05	-2.399315e-02	7.018419e+00
3.292000e-05	-2.220220e-02	6.757262e+00
3.293000e-05	-2.274975e-02	6.473678e+00
3.294000e-05	-2.288398e-02	6.229971e+00
3.295000e-05	-2.190970e-02	6.008843e+00
3.296000e-05	-1.980425e-02	5.714709e+00
3.297000e-05	-1.961922e-02	5.442075e+00
3.298000e-05	-1.991596e-02	5.164760e+00
3.299000e-05	-2.072673e-02	4.800424e+00
3.300000e-05	-1.871369e-02	4.525213e+00
3.301000e-05	-1.870577e-02	4.314203e+00
3.302000e-05	-1.761483e-02	4.007894e+00
3.303000e-05	-1.810955e-02	3.745262e+00
3.304000e-05	-1.673657e-02	3.452604e+00
3.305000e-05	-1.435120e-02	3.169816e+00
3.306000e-05	-1.505275e-02	2.895211e+00
3.307000e-05	-1.549735e-02	2.602526e+00
3.308000e-05	-1.629782e-02	2.335191e+00
3.309000e-05	-1.326900e-02	2.051105e+00
3.310000e-05	-1.275248e-02	1.778343e+00
3.311000e-05	-1.295245e-02	1.433110e+00
3.312000e-05	-1.485429e-02	1.220370e+00
3.313000e-05	-1.154876e-02	8.510588e-01
3.314000e-05	-1.063024e-02	5.488714e-01
3.315000e-05	-9.802533e-03	2.842330e-01
3.316000e-05	-8.626318e-03	-3.962756e-02
3.317000e-05	-3.058397e-04	-3.051631e-01
3.318000e-05	5.221157e-03	-5.238160e-01
3.319000e-05	-3.405576e-03	-8.410239e-01
3.320000e-05	7.746239e-04	-1.093704e+00
3.321000e-05	-2.979476e-03	-1.396943e+00
3.322000e-05	2.213398e-03	-1.642625e+00
3.323000e-05	1.094921e-02	-1.902709e+00
3.324000e-05	6.756566e-02	-2.104312e+00
3.325000e-05	1.154604e-01	-2.448573e+00
3.326000e-05	-6.091383e-02	-2.860124e+00
3.327000e-05	-3.209670e-03	-3.229549e+00
3.328000e-05	-4.545617e-02	-3.461158e+00
3.329000e-05	-3.764292e-02	-3.641182e+00
3.330000e-05	-9.751280e-02	-3.914753e+00
3.331000e-05	1.695965e-01	-4.091657e+00
3.332000e-05	-9.148861e-02	-4.375812e+00
3.333000e-05	3.469556e-02	-4.662651e+00
3.334000e-05	1.201773e-01	-4.892679e+00
3.335000e-05	-1.624234e-01	-5.260649e+00
3.336000e-05	1.704721e-01	-5.564283e+00
3.337000e-05	-1.599366e-01	-5.818370e+00
3.338000e-05	7.828853e-02	-6.060599e+00
3.339000e-05	5.818318e-02	-6.302077e+00
3.340000e-05	-6.626399e-02	-6.649944e+00
3.341000e-05	1.413118e-01	-6.862653e+00
3.342000e-05	-1.275860e-01	-7.165236e+00
3.343000e-05	1.095706e-01	-7.449470e+00
3.344000e-05	-4.957869e-02	-7.741565e+00
3.345000e-05	2.711811e-02	-7.996340e+00
3.346000e-05	7.536919e-02	-8.227390e+00
3.347000e-05	-6.996441e-02	-8.440598e+00
3.348000e-05	1.377694e-01	-8.733651e+00
3.349000e-05	-9.773071e-02	-8.923735e+00
3.350000e-05	7.851932e-02	-9.165408e+00
3.351000e-05	-3.146554e-02	-9.356337e+00
3.352000e-05	5.062527e-02	-9.638994e+00
3.353000e-05	4.578320e-02	-9.849491e+00
3.354000e-05	-1.117850e-02	-1.011157e+01
3.355000e-05	7.294579e-02	-1.029019e+01
3.356000e-05	-4.360179e-02	-1.051413e+01
3.357000e-05	9.227247e-02	-1.071162e+01
3.358000e-05	-3.895789e-02	-1.092260e+01
3.359000e-05	7.463436e-02	-1.115320e+01
3.360000e-05	-1.066743e-02	-1.134318e+01
3.361000e-05	5.907740e-02	-1.156425e+01
3.362000e-05	1.720495e-02	-1.176265e+01
3.363000e-05	2.642625e-02	-1.196567e+01
3.364000e-05	3.658210e-02	-1.214375e+01
3.365000e-05	2.348435e-02	-1.231163e+01
3.366000e-05	6.029135e-02	-1.251060e+01
3.367000e-05	7.100717e-03	-1.268960e+01
3.368000e-05	5.281938e-02	-1.280793e+01
3.369000e-05	1.115663e-02	-1.300686e+01
3.370000e-05	6.405959e-02	-1.315428e+01
3.371000e-05	2.282258e-02	-1.329010e+01
3.372000e-05	5.836006e-02	-1.344744e+01
3.373000e-05	3.123365e-02	-1.358428e+01
3.374000e-05	5.569186e-02	-1.370423e+01
3.375000e-05	4.017124e-02	-1.387054e+01
3.376000e-05	4.404950e-02	-1.402536e+01
3.377000e-05	4.446131e-02	-1.413207e+01
3.378000e-05	5.164372e-02	-1.428949e+01
3.379000e-05	6.018201e-02	-1.433380e+01
3.380000e-05	5.120177e-02	-1.445052e+01
3.381000e-05	5.793473e-02	-1.455463e+01
3.382000e-05	5.216130e-02	-1.462954e+01
3.383000e-05	7.001858e-02	-1.473320e+01
3.384000e-05	5.975970e-02	-1.486844e+01
3.385000e-05	7.109922e-02	-1.493210e+01
3.386000e-05	6.222289e-02	-1.499628e+01
3.387000e-05	7.594877e-02	-1.503894e+01
3.388000e-05	6.922731e-02	-1.514262e+01
3.389000e-05	7.585526e-02	-1.521480e+01
3.390000e-05	7.500976e-02	-1.521836e+01
3.391000e-05	8.582034e-02	-1.525899e+01
3.392000e-05	9.074977e-02	-1.532197e+01
3.393000e-05	9.057195e-02	-1.536465e+01
3.394000e-05	9.212924e-02	-1.535521e+01
3.395000e-05	9.271644e-02	-1.538636e+01
3.396000e-05	1.039773e-01	-1.543736e+01
3.397000e-05	1.044291e-01	-1.548941e+01
3.398000e-05	1.111944e-01	-1.542049e+01
3.399000e-05	1.137909e-01	-1.545912e+01
3.400000e-05	1.246850e-01	-1.542964e+01
3.401000e-05	1.289681e-01	-1.541789e+01
3.402000e-05	1.346810e-01	-1.542884e+01
3.403000e-05	1.417975e-01	-1.541724e+01
3.404000e-05	1.554224e-01	-1.536373e+01
3.405000e-05	1.725615e-01	-1.537668e+01
3.406000e-05	1.897192e-01	-1.533155e+01
3.407000e-05	2.117524e-01	-1.527792e+01
3.408000e-05	2.374028e-01	-1.521886e+01
3.409000e-05	2.497899e-01	-1.516628e+01
3.410000e-05	2.500000e-01	-1.513114e+01
3.411000e-05	2.500000e-01	-1.507994e+01
3.412000e-05	2.500000e-01	-1.495570e+01
3.413000e-05	2.500000e-01	-1.493265e+01
3.414000e-05	2.500000e-01	-1.481789e+01
3.415000e-05	2.493000e-01	-1.474423e+01
3.416000e-05	2.298936e-01	-1.466947e+01
3.417000e-05	1.983192e-01	-1.457528e+01
3.418000e-05	1.753487e-01	-1.445949e+01
3.419000e-05	1.549241e-01	-1.435165e+01
3.420000e-05	1.350383e-01	-1.423944e+01
3.421000e-05	1.191231e-01	-1.412315e+01
3.422000e-05	1.078232e-01	-1.398578e+01
3.423000e-05	9.750708e-02	-1.383044e+01
3.424000e-05	8.730741e-02	-1.372248e+01
3.425000e-05	7.890351e-02	-1.360776e+01
3.426000e-05	7.404449e-02	-1.347889e+01
3.427000e-05	6.968076e-02	-1.329265e+01
3.428000e-05	6.440812e-02	-1.311516e+01
3.429000e-05	5.700461e-02	-1.302531e+01
3.430000e-05	5.251495e-02	-1.283097e+01
3.431000e-05	5.012936e-02	-1.268958e+01
3.432000e-05	4.775716e-02	-1.253273e+01
3.433000e-05	4.310105e-02	-1.235468e+01
3.434000e-05	4.076556e-02	-1.218641e+01
3.435000e-05	3.795987e-02	-1.194731e+01
3.436000e-05	3.506333e-02	-1.176631e+01
3.437000e-05	3.298598e-02	-1.150573e+01
3.438000e-05	2.853500e-02	-1.131571e+01
3.439000e-05	2.782222e-02	-1.111633e+01
3.440000e-05	2.886314e-02	-1.095518e+01
3.441000e-05	2.761864e-02	-1.074576e+01
3.442000e-05	2.576606e-02	-1.054531e+01
3.443000e-05	2.322162e-02	-1.032216e+01
3.444000e-05	2.122089e-02	-1.009305e+01
3.445000e-05	1.898840e-02	-9.873527e+00
3.446000e-05	1.652788e-02	-9.691551e+00
3.447000e-05	1.748235e-02	-9.431520e+00
3.448000e-05	1.390520e-02	-9.188393e+00
3.449000e-05	1.998893e-02	-8.998415e+00
3.450000e-05	1.300923e-02	-8.776291e+00
3.451000e-05	1.683684e-02	-8.544208e+00
3.452000e-05	1.357462e-02	-8.263529e+00
3.453000e-05	1.051999e-02	-8.051495e+00
3.454000e-05	1.174927e-02	-7.807914e+00
3.455000e-05	4.577896e-03	-7.514606e+00
3.456000e-05	7.752709e-03	-7.221096e+00
3.457000e-05	3.997844e-03	-6.965914e+00
3.458000e-05	8.246242e-03	-6.733660e+00
3.459000e-05	6.363204e-03	-6.452603e+00
3.460000e-05	9.082620e-03	-6.217995e+00
3.461000e-05	4.988333e-03	-5.945811e+00
3.462000e-05	5.909007e-03	-5.652681e+00
3.463000e-05	3.984323e-04	-5.368391e+00
3.464000e-05	3.572394e-04	-5.075032e+00
3.465000e-05	-2.753123e-03	-4.777839e+00
3.466000e-05	1.040740e-03	-4.454584e+00
3.467000e-05	1.688327e-03	-4.264107e+00
3.468000e-05	2.165018e-03	-3.970439e+00
3.469000e-05	2.943739e-04	-3.645734e+00
3.470000e-05	-8.845547e-04	-3.422933e+00
3.471000e-05	-2.421470e-03	-3.157819e+00
3.472000e-05	-3.838278e-03	-2.843082e+00
3.473000e-05	-4.690127e-03	-2.568894e+00
3.474000e-05	-4.136192e-03	-2.335813e+00
3.475000e-05	-4.301602e-03	-2.009949e+00
3.476000e-05	-4.044695e-03	-1.727245e+00
3.477000e-05	-4.879632e-03	-1.462604e+00
3.478000e-05	-6.001613e-03	-1.126840e+00
3.479000e-05	-6.448539e-03	-8.630828e-01
3.480000e-05	-6.220307e-03	-5.272933e-01
3.481000e-05	-6.248914e-03	-2.851568e-01
3.482000e-05	-3.676489e-03	8.946375e-03
3.483000e-05	7.116837e-03	3.237383e-01
3.484000e-05	-1.521309e-03	5.563371e-01
3.485000e-05	4.230105e-03	8.184437e-01
3.486000e-05	-1.348228e-03	1.121736e+00
3.487000e-05	1.031180e-03	1.376396e+00
3.488000e-05	-1.395299e-03	1.673283e+00
3.489000e-05	9.471960e-03	1.945287e+00
3.490000e-05	4.075285e-02	2.165340e+00
3.491000e-05	1.066911e-01	2.491177e+00
3.492000e-05	-2.461487e-02	2.819045e+00
3.493000e-05	-4.237405e-02	3.113209e+00
3.494000e-05	-3.491101e-02	3.385898e+00
3.495000e-05	-2.451388e-02	3.670179e+00
3.496000e-05	-7.625459e-02	3.912204e+00
3.497000e-05	-3.858645e-02	4.082176e+00
3.498000e-05	1.117499e-01	4.377941e+00
3.499000e-05	-9.363936e-02	4.671553e+00
3.500000e-05	7.392196e-02	4.932277e+00
3.501000e-05	5.002989e-02	5.310523e+00
3.502000e-05	-1.120746e-01	5.523209e+00
3.503000e-05	6.808827e-02	5.856341e+00
3.504000e-05	-7.497180e-02	6.102153e+00
3.505000e-05	5.763895e-02	6.343129e+00
3.506000e-05	-2.405540e-02	6.657444e+00
3.507000e-05	-2.893433e-02	6.901077e+00
3.508000e-05	2.432793e-02	7.144182e+00
3.509000e-05	-5.237775e-02	7.427912e+00
3.510000e-05	3.073603e-02	7.681076e+00
3.511000e-05	-7.355897e-02	7.994309e+00
3.512000e-05	3.498915e-02	8.231547e+00
3.513000e-05	-8.260866e-03	8.439998e+00
3.514000e-05	-2.162658e-02	8.690997e+00
3.515000e-05	7.537857e-03	8.910697e+00
3.516000e-05	-6.959517e-02	9.132606e+00
3.517000e-05	1.690558e-02	9.404336e+00
3.518000e-05	-3.182461e-02	9.594843e+00
3.519000e-05	8.797173e-03	9.847938e+00
3.520000e-05	-4.463164e-02	1.003042e+01
3.521000e-05	-5.595045e-03	1.026000e+01
3.522000e-05	-1.565455e-02	1.047057e+01
3.523000e-05	-3.125564e-02	1.069060e+01
3.524000e-05	-2.104879e-02	1.089155e+01
3.525000e-05	-4.207971e-02	1.109110e+01
3.526000e-05	-4.518754e-03	1.133060e+01
3.527000e-05	-3.315780e-02	1.155112e+01
3.528000e-05	-2.066620e-02	1.171262e+01
3.529000e-05	-4.854205e-02	1.191270e+01
3.530000e-05	-2.036499e-02	1.214312e+01
3.531000e-05	-2.729897e-02	1.227755e+01
3.532000e-05	-2.821127e-02	1.242839e+01
3.533000e-05	-4.281989e-02	1.264689e+01
3.534000e-05	-4.233674e-02	1.279428e+01
3.535000e-05	-2.860021e-02	1.296410e+01
3.536000e-05	-4.001406e-02	1.306999e+01
3.537000e-05	-4.078096e-02	1.329896e+01
3.538000e-05	-5.092129e-02	1.336376e+01
3.539000e-05	-3.197273e-02	1.353265e+01
3.540000e-05	-4.230251e-02	1.367955e+01
3.541000e-05	-4.746068e-02	1.383478e+01
3.542000e-05	-6.214053e-02	1.394120e+01
3.543000e-05	-5.116572e-02	1.408743e+01
3.544000e-05	-4.830763e-02	1.425581e+01
3.545000e-05	-5.332100e-02	1.436070e+01
3.546000e-05	-6.229671e-02	1.445791e+01
3.547000e-05	-6.445651e-02	1.456163e+01
3.548000e-05	-5.557495e-02	1.459541e+01
3.549000e-05	-6.272376e-02	1.473265e+01
3.550000e-05	-6.733975e-02	1.482627e+01
3.551000e-05	-7.712324e-02	1.487997e+01
3.552000e-05	-6.863455e-02	1.499460e+01
3.553000e-05	-7.174393e-02	1.498526e+01
3.554000e-05	-8.029750e-02	1.506897e+01
3.555000e-05	-9.084792e-02	1.510167e+01
3.556000e-05	-9.008918e-02	1.519620e+01
3.557000e-05	-8.372377e-02	1.524425e+01
3.558000e-05	-8.905557e-02	1.531936e+01
3.559000e-05	-9.793164e-02	1.530992e+01
3.560000e-05	-1.035163e-01	1.535157e+01
3.561000e-05	-1.013195e-01	1.536315e+01
3.562000e-05	-1.065733e-01	1.538420e+01
3.563000e-05	-1.170183e-01	1.538270e+01
3.564000e-05	-1.236323e-01	1.542578e+01
3.565000e-05	-1.248000e-01	1.538378e+01
3.566000e-05	-1.250372e-01	1.535423e+01
3.567000e-05	-1.371303e-01	1.538278e+01
3.568000e-05	-1.500968e-01	1.538413e+01
3.569000e-05	-1.603253e-01	1.538360e+01
3.570000e-05	-1.663741e-01	1.532149e+01
3.571000e-05	-1.830035e-01	1.532834e+01
3.572000e-05	-2.067768e-01	1.525694e+01
3.573000e-05	-2.342249e-01	1.522531e+01
3.574000e-05	-2.479508e-01	1.517360e+01
3.575000e-05	-2.499992e-01	1.512157e+01
3.576000e-05	-2.500000e-01	1.502989e+01
3.577000e-05	-2.500000e-01	1.499521e+01
3.578000e-05	-2.500000e-01	1.491213e+01
3.579000e-05	-2.500000e-01	1.484879e+01
3.580000e-05	-2.500000e-01	1.474218e+01
3.581000e-05	-2.487995e-01	1.466942e+01
3.582000e-05	-2.301047e-01	1.458573e+01
3.583000e-05	-1.968611e-01	1.447992e+01
3.584000e-05	-1.733319e-01	1.440328e+01
3.585000e-05	-1.551451e-01	1.427892e+01
3.586000e-05	-1.416955e-01	1.414222e+01
3.587000e-05	-1.249451e-01	1.402631e+01
3.588000e-05	-1.119655e-01	1.389892e+01
3.589000e-05	-1.037835e-01	1.379518e+01
3.590000e-05	-9.817300e-02	1.362736e+01
3.591000e-05	-9.038411e-02	1.347102e+01
3.592000e-05	-8.105184e-02	1.334366e+01
3.593000e-05	-7.479522e-02	1.317476e+01
3.594000e-05	-7.307560e-02	1.301734e+01
3.595000e-05	-6.934668e-02	1.289205e+01
3.596000e-05	-6.370674e-02	1.272210e+01
3.597000e-05	-5.911264e-02	1.258631e+01
3.598000e-05	-5.751069e-02	1.240686e+01
3.599000e-05	-5.613027e-02	1.222739e+01
3.600000e-05	-5.125981e-02	1.207949e+01
3.601000e-05	-4.726625e-02	1.185892e+01
3.602000e-05	-4.592942e-02	1.163949e+01
3.603000e-05	-4.783784e-02	1.145844e+01
3.604000e-05	-4.469875e-02	1.123799e+01
3.605000e-05	-4.232845e-02	1.101049e+01
3.606000e-05	-3.877088e-02	1.084900e+01
3.607000e-05	-3.912426e-02	1.065899e+01
3.608000e-05	-3.803352e-02	1.043839e+01
3.609000e-05	-3.622653e-02	1.021987e+01
3.610000e-05	-3.370187e-02	9.985913e+00
3.611000e-05	-3.338446e-02	9.706307e+00
3.612000e-05	-3.449269e-02	9.544657e+00
3.613000e-05	-3.259585e-02	9.333158e+00
3.614000e-05	-2.971419e-02	9.111076e+00
3.615000e-05	-2.890688e-02	8.869402e+00
3.616000e-05	-2.930532e-02	8.629948e+00
3.617000e-05	-2.895012e-02	8.438320e+00
3.618000e-05	-2.747984e-02	8.155731e+00
3.619000e-05	-2.550472e-02	7.903132e+00
3.620000e-05	-2.484896e-02	7.661470e+00
3.621000e-05	-2.655116e-02	7.367740e+00
3.622000e-05	-2.455752e-02	7.113156e+00
3.623000e-05	-2.217007e-02	6.831550e+00
3.624000e-05	-2.333066e-02	6.557469e+00
3.625000e-05	-2.389789e-02	6.305211e+00
3.626000e-05	-2.275234e-02	6.074604e+00
3.627000e-05	-2.104174e-02	5.817495e+00
3.628000e-05	-1.875914e-02	5.557263e+00
3.629000e-05	-2.012547e-02	5.312574e+00
3.630000e-05	-2.056208e-02	4.915265e+00
3.631000e-05	-2.030308e-02	4.631503e+00
3.632000e-05	-1.803942e-02	4.417921e+00
3.633000e-05	-1.838125e-02	4.075658e+00
3.634000e-05	-1.795165e-02	3.841050e+00
3.635000e-05	-1.718375e-02	3.557870e+00
3.636000e-05	-1.435407e-02	3.262159e+00
3.637000e-05	-1.547507e-02	2.998870e+00
3.638000e-05	-1.563452e-02	2.746192e+00
3.639000e-05	-1.693280e-02	2.421024e+00
3.640000e-05	-1.406058e-02	2.145214e+00
3.641000e-05	-1.350100e-02	1.893664e+00
3.642000e-05	-1.244628e-02	1.608472e+00
3.643000e-05	-1.389722e-02	1.284637e+00
3.644000e-05	-1.268495e-02	9.393696e-01
3.645000e-05	-1.149991e-02	6.936330e-01
3.646000e-05	-1.034276e-02	3.909764e-01
3.647000e-05	-9.932500e-03	7.471685e-02
3.648000e-05	-6.156544e-03	-1.469499e-01
3.649000e-05	7.433903e-03	-4.210762e-01
3.650000e-05	-4.607671e-03	-7.558346e-01
3.651000e-05	3.602284e-03	-9.369161e-01
3.652000e-05	-4.605331e-03	-1.271159e+00
3.653000e-05	3.257234e-03	-1.598491e+00
3.654000e-05	1.133662e-03	-1.828520e+00
3.655000e-05	3.845806e-02	-2.040450e+00
3.656000e-05	1.238244e-01	-2.284680e+00
3.657000e-05	-3.314966e-03	-2.672729e+00
3.658000e-05	-3.568670e-02	-3.080758e+00
3.659000e-05	-1.960876e-02	-3.398417e+00
3.660000e-05	-3.848113e-02	-3.597866e+00
3.661000e-05	-9.358761e-02	-3.810469e+00
3.662000e-05	6.564262e-02	-3.990495e+00
3.663000e-05	7.104436e-02	-4.218994e+00
3.664000e-05	-1.304685e-01	-4.565338e+00
3.665000e-05	2.184641e-01	-4.786367e+00
3.666000e-05	-1.508616e-01	-5.092253e+00
3.667000e-05	8.401442e-02	-5.431619e+00
3.668000e-05	-1.303992e-02	-5.680677e+00
3.669000e-05	-9.131874e-02	-5.977420e+00
3.670000e-05	1.763442e-01	-6.216889e+00
3.671000e-05	-1.215035e-01	-6.494204e+00
3.672000e-05	1.356929e-01	-6.786439e+00
3.673000e-05	-5.822173e-02	-7.049518e+00
3.674000e-05	3.572047e-03	-7.356334e+00
3.675000e-05	6.713030e-02	-7.557308e+00
3.676000e-05	-7.999066e-02	-7.839599e+00
3.677000e-05	1.446953e-01	-8.124228e+00
3.678000e-05	-8.766861e-02	-8.335261e+00
3.679000e-05	1.053555e-01	-8.649440e+00
3.680000e-05	-1.839343e-02	-8.839920e+00
3.681000e-05	-1.673408e-02	-9.111227e+00
3.682000e-05	5.508688e-02	-9.312599e+00
3.683000e-05	-3.923031e-02	-9.554232e+00
3.684000e-05	1.172707e-01	-9.773780e+00
3.685000e-05	-5.166380e-02	-9.995860e+00
3.686000e-05	9.581057e-02	-1.021636e+01
3.687000e-05	-4.157601e-02	-1.042746e+01
3.688000e-05	6.452824e-02	-1.066900e+01
3.689000e-05	1.217826e-03	-1.082899e+01
3.690000e-05	2.211700e-02	-1.105006e+01
3.691000e-05	3.951996e-02	-1.123689e+01
3.692000e-05	7.605843e-03	-1.149162e+01
3.693000e-05	6.642032e-02	-1.165047e+01
3.694000e-05	-9.344151e-03	-1.190115e+01
3.695000e-05	6.464514e-02	-1.206044e+01
3.696000e-05	-5.497255e-04	-1.227059e+01
3.697000e-05	7.182444e-02	-1.241894e+01
3.698000e-05	5.796086e-03	-1.261684e+01
3.699000e-05	4.786216e-02	-1.277581e+01
3.700000e-05	1.693283e-02	-1.294465e+01
3.701000e-05	4.930084e-02	-1.309117e+01
3.702000e-05	3.963708e-02	-1.321791e+01
3.703000e-05	4.186173e-02	-1.339378e+01
3.704000e-05	4.749537e-02	-1.353175e+01
3.705000e-05	3.900869e-02	-1.363949e+01
3.706000e-05	5.494291e-02	-1.380743e+01
3.707000e-05	3.275323e-02	-1.396315e+01
3.708000e-05	5.132420e-02	-1.410757e+01
3.709000e-05	4.062438e-02	-1.423536e+01
3.710000e-05	6.524440e-02	-1.430219e+01
3.711000e-05	5.044206e-02	-1.441786e+01
3.712000e-05	6.045732e-02	-1.456315e+01
3.713000e-05	4.998666e-02	-1.460804e+01
3.714000e-05	6.632613e-02	-1.472167e+01
3.715000e-05	6.305090e-02	-1.482846e+01
3.716000e-05	6.736003e-02	-1.493007e+01
3.717000e-05	6.446954e-02	-1.497368e+01
3.718000e-05	7.060210e-02	-1.506684e+01
3.719000e-05	7.430891e-02	-1.516117e+01
3.720000e-05	7.256564e-02	-1.516321e+01
3.721000e-05	7.591347e-02	-1.520633e+01
3.722000e-05	7.926287e-02	-1.521749e+01
3.723000e-05	9.128934e-02	-1.528102e+01
3.724000e-05	8.962345e-02	-1.531308e+01
3.725000e-05	9.385644e-02	-1.538620e+01
3.726000e-05	9.037790e-02	-1.536681e+01
3.727000e-05	1.006408e-01	-1.541584e+01
3.728000e-05	1.032212e-01	-1.543791e+01
3.729000e-05	1.088887e-01	-1.545084e+01
3.730000e-05	1.122100e-01	-1.544854e+01
3.731000e-05	1.203737e-01	-1.542994e+01
3.732000e-05	1.284835e-01	-1.545042e+01
3.733000e-05	1.329504e-01	-1.543041e+01
3.734000e-05	1.392931e-01	-1.542544e+01
3.735000e-05	1.491962e-01	-1.540523e+01
3.736000e-05	1.661629e-01	-1.538521e+01
3.737000e-05	1.823839e-01	-1.533213e+01
3.738000e-05	2.024638e-01	-1.528002e+01
3.739000e-05	2.275487e-01	-1.522691e+01
3.740000e-05	2.473395e-01	-1.519578e+01
3.741000e-05	2.500000e-01	-1.515225e+01
3.742000e-05	2.500000e-01	-1.508004e+01
3.743000e-05	2.500000e-01	-1.499539e+01
3.744000e-05	2.500000e-01	-1.493418e+01
3.745000e-05	2.500000e-01	-1.488044e+01
3.746000e-05	2.500000e-01	-1.477628e+01
3.747000e-05	2.405788e-01	-1.470157e+01
3.748000e-05	2.097988e-01	-1.459729e+01
3.749000e-05	1.834379e-01	-1.451215e+01
3.750000e-05	1.618003e-01	-1.440586e+01
3.751000e-05	1.419586e-01	-1.430102e+01
3.752000e-05	1.251771e-01	-1.414420e+01
3.753000e-05	1.118951e-01	-1.408741e+01
3.754000e-05	1.021152e-01	-1.388165e+01
3.755000e-05	9.123892e-02	-1.377783e+01
3.756000e-05	8.226655e-02	-1.364842e+01
3.757000e-05	7.491565e-02	-1.346112e+01
3.758000e-05	7.139846e-02	-1.336426e+01
3.759000e-05	6.557452e-02	-1.318791e+01
3.760000e-05	5.844572e-02	-1.305097e+01
3.761000e-05	5.401792e-02	-1.290368e+01
3.762000e-05	5.107952e-02	-1.273428e+01
3.763000e-05	5.011976e-02	-1.257536e+01
3.764000e-05	4.397848e-02	-1.241942e+01
3.765000e-05	4.081094e-02	-1.225942e+01
3.766000e-05	3.750506e-02	-1.205002e+01
3.767000e-05	3.637855e-02	-1.185000e+01
3.768000e-05	3.387144e-02	-1.167102e+01
3.769000e-05	3.117894e-02	-1.142096e+01
3.770000e-05	2.913205e-02	-1.121894e+01
3.771000e-05	2.883595e-02	-1.100094e+01
3.772000e-05	2.710713e-02	-1.081989e+01
3.773000e-05	2.468849e-02	-1.065999e+01
3.774000e-05	2.238254e-02	-1.043876e+01
3.775000e-05	2.168829e-02	-1.017539e+01
3.776000e-05	2.087982e-02	-9.916710e+00
3.777000e-05	2.023443e-02	-9.756286e+00
3.778000e-05	1.770977e-02	-9.524105e+00
3.779000e-05	1.702191e-02	-9.272203e+00
3.780000e-05	1.565479e-02	-9.043130e+00
3.781000e-05	1.464699e-02	-8.882547e+00
3.782000e-05	1.205310e-02	-8.599390e+00
3.783000e-05	1.245236e-02	-8.367286e+00
3.784000e-05	1.190881e-02	-8.156184e+00
3.785000e-05	1.118680e-02	-7.902130e+00
3.786000e-05	9.635851e-03	-7.579870e+00
3.787000e-05	8.493160e-03	-7.295762e+00
3.788000e-05	6.868906e-03	-7.014454e+00
3.789000e-05	6.075824e-03	-6.817426e+00
3.790000e-05	5.804309e-03	-6.577740e+00
3.791000e-05	4.971553e-03	-6.314731e+00
3.792000e-05	5.692515e-03	-6.032473e+00
3.793000e-05	3.804839e-03	-5.796317e+00
3.794000e-05	4.313613e-03	-5.475333e+00
3.795000e-05	1.095055e-03	-5.198971e+00
3.796000e-05	8.478198e-04	-4.894600e+00
3.797000e-05	2.088973e-03	-4.589318e+00
3.798000e-05	7.582576e-04	-4.358867e+00
3.799000e-05	1.082447e-03	-4.095236e+00
3.800000e-05	-2.236893e-03	-3.830474e+00
3.801000e-05	-8.717974e-04	-3.547716e+00
3.802000e-05	-3.465642e-03	-3.294587e+00
3.803000e-05	-4.819344e-04	-2.977841e+00
3.804000e-05	-5.449533e-03	-2.656186e+00
3.805000e-05	-2.566689e-03	-2.421026e+00
3.806000e-05	-3.920468e-03	-2.135263e+00
3.807000e-05	-2.116517e-03	-1.841134e+00
3.808000e-05	-5.509378e-03	-1.558473e+00
3.809000e-05	-5.870332e-03	-1.242107e+00
3.810000e-05	-7.189163e-03	-9.193708e-01
3.811000e-05	-6.051402e-03	-6.651842e-01
3.812000e-05	-6.231237e-03	-3.594449e-01
3.813000e-05	-6.609833e-03	-7.623685e-02
3.814000e-05	3.737685e-03	1.859437e-01
3.815000e-05	5.421572e-03	4.411306e-01
3.816000e-05	1.761153e-03	6.931868e-01
3.817000e-05	2.393627e-03	9.989161e-01
3.818000e-05	-2.366063e-03	1.273682e+00
3.819000e-05	-3.575725e-04	1.545367e+00
3.820000e-05	1.180559e-03	1.860530e+00
3.821000e-05	2.494005e-02	2.073153e+00
3.822000e-05	9.018757e-02	2.324761e+00
3.823000e-05	4.370557e-02	2.714631e+00
3.824000e-05	-6.263461e-02	3.009419e+00
3.825000e-05	-2.535880e-02	3.281629e+00
3.826000e-05	-3.548649e-02	3.597865e+00
3.827000e-05	-4.533049e-02	3.829920e+00
3.828000e-05	-8.195806e-02	3.957867e+00
3.829000e-05	7.357574e-02	4.300027e+00
3.830000e-05	1.167939e-02	4.615892e+00
3.831000e-05	-6.709069e-02	4.786915e+00
3.832000e-05	1.632156e-01	5.132203e+00
3.833000e-05	-1.394427e-01	5.490549e+00
3.834000e-05	4.575161e-02	5.691056e+00
3.835000e-05	-3.230802e-02	5.967364e+00
3.836000e-05	-5.252275e-03	6.215942e+00
3.837000e-05	4.180207e-02	6.482729e+00
3.838000e-05	-7.210634e-02	6.797884e+00
3.839000e-05	4.431095e-02	7.048469e+00
3.840000e-05	-5.744844e-02	7.292676e+00
3.841000e-05	2.442352e-02	7.587810e+00
3.842000e-05	-4.685741e-02	7.860493e+00
3.843000e-05	-8.687224e-03	8.112682e+00
3.844000e-05	2.639777e-02	8.386310e+00
3.845000e-05	-3.829094e-02	8.575836e+00
3.846000e-05	1.473587e-02	8.807439e+00
3.847000e-05	-5.358640e-02	9.058945e+00
3.848000e-05	-1.699288e-02	9.270124e+00
3.849000e-05	-5.657819e-03	9.491594e+00
3.850000e-05	-1.001536e-02	9.754205e+00
3.851000e-05	-1.907354e-02	9.944335e+00
3.852000e-05	-3.093786e-02	1.027684e+01
3.853000e-05	-5.656519e-04	1.044936e+01
3.854000e-05	-3.171630e-02	1.061581e+01
3.855000e-05	-1.997159e-02	1.084747e+01
3.856000e-05	-3.686239e-02	1.101596e+01
3.857000e-05	-1.965910e-02	1.121791e+01
3.858000e-05	-1.808845e-02	1.145791e+01
3.859000e-05	-2.991047e-02	1.166647e+01
3.860000e-05	-3.732131e-02	1.183897e+01
3.861000e-05	-3.629342e-02	1.202936e+01
3.862000e-05	-1.972136e-02	1.224781e+01
3.863000e-05	-2.677277e-02	1.238728e+01
3.864000e-05	-3.566984e-02	1.257373e+01
3.865000e-05	-4.346958e-02	1.270213e+01
3.866000e-05	-3.404297e-02	1.292152e+01
3.867000e-05	-3.401372e-02	1.304736e+01
3.868000e-05	-4.284368e-02	1.318633e+01
3.869000e-05	-5.006273e-02	1.336421e+01
3.870000e-05	-3.843997e-02	1.343950e+01
3.871000e-05	-3.657927e-02	1.367737e+01
3.872000e-05	-4.362533e-02	1.376420e+01
3.873000e-05	-5.798582e-02	1.388755e+01
3.874000e-05	-5.395417e-02	1.402733e+01
3.875000e-05	-5.083411e-02	1.416360e+01
3.876000e-05	-4.883299e-02	1.428954e+01
3.877000e-05	-6.088916e-02	1.449418e+01
3.878000e-05	-6.532113e-02	1.454115e+01
3.879000e-05	-5.861218e-02	1.460378e+01
3.880000e-05	-5.907409e-02	1.466904e+01
3.881000e-05	-6.429174e-02	1.477428e+01
3.882000e-05	-7.394762e-02	1.485792e+01
3.883000e-05	-6.999362e-02	1.494205e+01
3.884000e-05	-7.012092e-02	1.501520e+01
3.885000e-05	-7.603851e-02	1.500894e+01
3.886000e-05	-8.787481e-02	1.511105e+01
3.887000e-05	-9.111037e-02	1.517467e+01
3.888000e-05	-8.525288e-02	1.521731e+01
3.889000e-05	-8.553873e-02	1.524834e+01
3.890000e-05	-9.374337e-02	1.532997e+01
3.891000e-05	-1.020466e-01	1.534410e+01
3.892000e-05	-1.015759e-01	1.537207e+01
3.893000e-05	-1.042216e-01	1.537320e+01
3.894000e-05	-1.130004e-01	1.537528e+01
3.895000e-05	-1.229471e-01	1.539588e+01
3.896000e-05	-1.257723e-01	1.536570e+01
3.897000e-05	-1.247749e-01	1.539478e+01
3.898000e-05	-1.309553e-01	1.534525e+01
3.899000e-05	-1.430779e-01	1.540425e+01
3.900000e-05	-1.562625e-01	1.534273e+01
3.901000e-05	-1.620733e-01	1.531259e+01
3.902000e-05	-1.764782e-01	1.534002e+01
3.903000e-05	-1.970253e-01	1.529892e+01
3.904000e-05	-2.247703e-01	1.521631e+01
3.905000e-05	-2.442444e-01	1.522668e+01
3.906000e-05	-2.499950e-01	1.516105e+01
3.907000e-05	-2.500000e-01	1.505992e+01
3.908000e-05	-2.500000e-01	1.498631e+01
3.909000e-05	-2.500000e-01	1.494368e+01
3.910000e-05	-2.500000e-01	1.485894e+01
3.911000e-05	-2.500000e-01	1.479528e+01
3.912000e-05	-2.500000e-01	1.470115e+01
3.913000e-05	-2.426840e-01	1.462684e+01
3.914000e-05	-2.082351e-01	1.455255e+01
3.915000e-05	-1.803695e-01	1.444726e+01
3.916000e-05	-1.590104e-01	1.431107e+01
3.917000e-05	-1.473649e-01	1.419428e+01
3.918000e-05	-1.304868e-01	1.406737e+01
3.919000e-05	-1.168923e-01	1.390215e+01
3.920000e-05	-1.048963e-01	1.381728e+01
3.921000e-05	-1.013583e-01	1.367044e+01
3.922000e-05	-9.456781e-02	1.349407e+01
3.923000e-05	-8.510491e-02	1.338474e+01
3.924000e-05	-7.472620e-02	1.326892e+01
3.925000e-05	-7.327819e-02	1.309002e+01
3.926000e-05	-7.022487e-02	1.294425e+01
3.927000e-05	-6.617226e-02	1.276589e+01
3.928000e-05	-5.788526e-02	1.266739e+01
3.929000e-05	-5.753412e-02	1.244895e+01
3.930000e-05	-5.809594e-02	1.228050e+01
3.931000e-05	-5.486242e-02	1.214323e+01
3.932000e-05	-4.917416e-02	1.193216e+01
3.933000e-05	-4.562987e-02	1.176570e+01
3.934000e-05	-4.696425e-02	1.155312e+01
3.935000e-05	-4.580500e-02	1.133208e+01
3.936000e-05	-4.323773e-02	1.110203e+01
3.937000e-05	-3.854680e-02	1.093416e+01
3.938000e-05	-4.008581e-02	1.074361e+01
3.939000e-05	-3.911335e-02	1.049463e+01
3.940000e-05	-3.710586e-02	1.030205e+01
3.941000e-05	-3.233346e-02	1.009207e+01
3.942000e-05	-3.309578e-02	9.849969e+00
3.943000e-05	-3.452903e-02	9.607289e+00
3.944000e-05	-3.418690e-02	9.407389e+00
3.945000e-05	-3.071981e-02	9.176785e+00
3.946000e-05	-2.871805e-02	8.924735e+00
3.947000e-05	-2.901678e-02	8.702078e+00
3.948000e-05	-2.855771e-02	8.533630e+00
3.949000e-05	-2.706333e-02	8.230444e+00
3.950000e-05	-2.458376e-02	7.968366e+00
3.951000e-05	-2.566907e-02	7.755212e+00
3.952000e-05	-2.698707e-02	7.472471e+00
3.953000e-05	-2.630413e-02	7.219445e+00
3.954000e-05	-2.288986e-02	6.947262e+00
3.955000e-05	-2.288938e-02	6.703626e+00
3.956000e-05	-2.272463e-02	6.419999e+00
3.957000e-05	-2.347569e-02	6.176865e+00
3.958000e-05	-2.040148e-02	5.955135e+00
3.959000e-05	-2.091672e-02	5.642574e+00
3.960000e-05	-1.980927e-02	5.389894e+00
3.961000e-05	-2.162053e-02	5.021475e+00
3.962000e-05	-1.952990e-02	4.756267e+00
3.963000e-05	-1.825129e-02	4.482579e+00
3.964000e-05	-1.774565e-02	4.208970e+00
3.965000e-05	-1.935214e-02	3.935188e+00
3.966000e-05	-1.780379e-02	3.632082e+00
3.967000e-05	-1.669105e-02	3.367867e+00
3.968000e-05	-1.496022e-02	3.083657e+00
3.969000e-05	-1.621690e-02	2.861978e+00
3.970000e-05	-1.672779e-02	2.566786e+00
3.971000e-05	-1.559619e-02	2.242554e+00
3.972000e-05	-1.384848e-02	1.969447e+00
3.973000e-05	-1.339683e-02	1.726211e+00
3.974000e-05	-1.380941e-02	1.379345e+00
3.975000e-05	-1.307204e-02	1.064663e+00
3.976000e-05	-1.127688e-02	7.588736e-01
3.977000e-05	-9.224438e-03	4.536891e-01
3.978000e-05	-1.021035e-02	2.414786e-01
3.979000e-05	-7.883511e-03	-7.323165e-02
3.980000e-05	3.146698e-03	-3.473158e-01
3.981000e-05	5.337209e-04	-5.905976e-01
3.982000e-05	-4.362484e-04	-9.032067e-01
3.983000e-05	-1.876228e-03	-1.155937e+00
3.984000e-05	-5.442722e-04	-1.471604e+00
3.985000e-05	2.866216e-04	-1.724258e+00
3.986000e-05	2.073359e-02	-1.924840e+00
3.987000e-05	9.130242e-02	-2.177419e+00
3.988000e-05	7.765261e-02	-2.525838e+00
3.989000e-05	-6.514780e-02	-2.955312e+00
3.990000e-05	1.626216e-03	-3.303729e+00
3.991000e-05	-4.880774e-02	-3.495257e+00
3.992000e-05	-5.454283e-02	-3.735285e+00
3.993000e-05	-5.574395e-02	-3.997368e+00
3.994000e-05	1.752377e-01	-4.115711e+00
3.995000e-05	-1.663897e-01	-4.399569e+00
3.996000e-05	1.493564e-01	-4.706257e+00
3.997000e-05	1.257550e-02	-4.944782e+00
3.998000e-05	-8.220750e-02	-5.405810e+00
3.999000e-05	1.386361e-01	-5.596893e+00
4.000000e-05	-1.837974e-01	-5.870127e+00
4.001000e-05	1.661244e-01	-6.113279e+00
4.002000e-05	-4.105151e-02	-6.386362e+00
4.003000e-05	2.082517e-02	-6.681709e+00
4.004000e-05	7.855983e-02	-6.934202e+00
4.005000e-05	-1.047685e-01	-7.240595e+00
4.006000e-05	1.281647e-01	-7.472624e+00
4.007000e-05	-9.823046e-02	-7.774806e+00
4.008000e-05	9.976582e-02	-8.069569e+00
4.009000e-05	-1.385388e-03	-8.250518e+00
4.010000e-05	-5.463232e-03	-8.522233e+00
4.011000e-05	9.710635e-02	-8.774310e+00
4.012000e-05	-9.541671e-02	-9.018468e+00
4.013000e-05	1.020660e-01	-9.248518e+00
4.014000e-05	-6.411373e-02	-9.448470e+00
4.015000e-05	1.026618e-01	-9.702677e+00
4.016000e-05	-1.168084e-02	-9.860075e+00
4.017000e-05	4.078494e-02	-1.016420e+01
4.018000e-05	2.458586e-02	-1.034172e+01
4.019000e-05	-6.064661e-03	-1.061536e+01
4.020000e-05	6.815404e-02	-1.076483e+01
4.021000e-05	-2.993862e-02	-1.098573e+01
4.022000e-05	7.726066e-02	-1.114531e+01
4.023000e-05	-2.061016e-02	-1.138639e+01
4.024000e-05	7.902210e-02	-1.158691e+01
4.025000e-05	-7.573452e-03	-1.183936e+01
4.026000e-05	5.123793e-02	-1.202631e+01
4.027000e-05	1.360939e-02	-1.217483e+01
4.028000e-05	4.834349e-02	-1.236633e+01
4.029000e-05	3.716857e-02	-1.254312e+01
4.030000e-05	2.222555e-02	-1.272165e+01
4.031000e-05	4.133224e-02	-1.284000e+01
4.032000e-05	2.272155e-02	-1.304892e+01
4.033000e-05	6.013816e-02	-1.317378e+01
4.034000e-05	2.378067e-02	-1.332263e+01
4.035000e-05	5.868858e-02	-1.347005e+01
4.036000e-05	2.867959e-02	-1.363796e+01
4.037000e-05	6.191674e-02	-1.377315e+01
4.038000e-05	3.324649e-02	-1.389212e+01
4.039000e-05	5.032607e-02	-1.406735e+01
4.040000e-05	3.920169e-02	-1.416363e+01
4.041000e-05	5.938087e-02	-1.431999e+01
4.042000e-05	5.460850e-02	-1.438376e+01
4.043000e-05	5.507874e-02	-1.452205e+01
4.044000e-05	5.454759e-02	-1.460636e+01
4.045000e-05	5.944085e-02	-1.470110e+01
4.046000e-05	6.888571e-02	-1.479426e+01
4.047000e-05	6.142882e-02	-1.486097e+01
4.048000e-05	6.774188e-02	-1.496262e+01
4.049000e-05	6.465936e-02	-1.503681e+01
4.050000e-05	7.631541e-02	-1.511257e+01
4.051000e-05	7.002456e-02	-1.513365e+01
4.052000e-05	7.666009e-02	-1.514573e+01
4.053000e-05	7.591307e-02	-1.523841e+01
4.054000e-05	8.935095e-02	-1.528099e+01
4.055000e-05	9.033170e-02	-1.531417e+01
4.056000e-05	9.082050e-02	-1.535515e+01
4.057000e-05	9.123940e-02	-1.539471e+01
4.058000e-05	9.684890e-02	-1.540836e+01
4.059000e-05	1.044742e-01	-1.543734e+01
4.060000e-05	1.066310e-01	-1.542989e+01
4.061000e-05	1.113389e-01	-1.542847e+01
4.062000e-05	1.155946e-01	-1.543099e+01
4.063000e-05	1.260210e-01	-1.544836e+01
4.064000e-05	1.305632e-01	-1.541839e+01
4.065000e-05	1.356083e-01	-1.538739e+01
4.066000e-05	1.452775e-01	-1.542678e+01
4.067000e-05	1.606526e-01	-1.542728e+01
4.068000e-05	1.785571e-01	-1.534273e+01
4.069000e-05	1.941969e-01	-1.529160e+01
4.070000e-05	2.174919e-01	-1.525849e+01
4.071000e-05	2.424864e-01	-1.521741e+01
4.072000e-05	2.500000e-01	-1.516530e+01
4.073000e-05	2.500000e-01	-1.513107e+01
4.074000e-05	2.500000e-01	-1.506996e+01
4.075000e-05	2.500000e-01	-1.496373e+01
4.076000e-05	2.500000e-01	-1.489202e+01
4.077000e-05	2.500000e-01	-1.485741e+01
4.078000e-05	2.470777e-01	-1.471368e+01
4.079000e-05	2.219107e-01	-1.463892e+01
4.080000e-05	1.927373e-01	-1.457615e+01
4.081000e-05	1.699895e-01	-1.442899e+01
4.082000e-05	1.485678e-01	-1.436168e+01
4.083000e-05	1.298883e-01	-1.422884e+01
4.084000e-05	1.159174e-01	-1.412005e+01
4.085000e-05	1.069712e-01	-1.397471e+01
4.086000e-05	9.680913e-02	-1.385037e+01
4.087000e-05	8.596328e-02	-1.371210e+01
4.088000e-05	7.756720e-02	-1.354468e+01
4.089000e-05	7.262201e-02	-1.339939e+01
4.090000e-05	6.781273e-02	-1.326049e+01
4.091000e-05	6.141370e-02	-1.310360e+01
4.092000e-05	5.491701e-02	-1.295626e+01
4.093000e-05	5.230227e-02	-1.281634e+01
4.094000e-05	5.026728e-02	-1.263044e+01
4.095000e-05	4.694227e-02	-1.250160e+01
4.096000e-05	4.149256e-02	-1.232462e+01
4.097000e-05	3.912099e-02	-1.217518e+01
4.098000e-05	3.725645e-02	-1.195525e+01
4.099000e-05	3.572508e-02	-1.174473e+01
4.100000e-05	3.299455e-02	-1.152213e+01
4.101000e-05	2.856417e-02	-1.130197e+01
4.102000e-05	2.866237e-02	-1.108205e+01
4.103000e-05	2.760017e-02	-1.087350e+01
4.104000e-05	2.604402e-02	-1.071218e+01
4.105000e-05	2.313570e-02	-1.049210e+01
4.106000e-05	2.249211e-02	-1.026150e+01
4.107000e-05	2.128886e-02	-1.006047e+01
4.108000e-05	2.095667e-02	-9.809995e+00
4.109000e-05	1.788261e-02	-9.629420e+00
4.110000e-05	1.623213e-02	-9.386865e+00
4.111000e-05	1.558541e-02	-9.167258e+00
4.112000e-05	1.570654e-02	-8.975761e+00
4.113000e-05	1.365503e-02	-8.702624e+00
4.114000e-05	1.165256e-02	-8.451997e+00
4.115000e-05	1.165424e-02	-8.199394e+00
4.116000e-05	1.218580e-02	-7.987890e+00
4.117000e-05	1.107796e-02	-7.704607e+00
4.118000e-05	8.561214e-03	-7.440496e+00
4.119000e-05	7.840575e-03	-7.179340e+00
4.120000e-05	7.052419e-03	-6.875238e+00
4.121000e-05	7.063996e-03	-6.643029e+00
4.122000e-05	4.423407e-03	-6.411923e+00
4.123000e-05	5.762731e-03	-6.125312e+00
4.124000e-05	2.940407e-03	-5.833102e+00
4.125000e-05	5.588433e-03	-5.631975e+00
4.126000e-05	2.086276e-03	-5.284232e+00
4.127000e-05	2.470322e-03	-5.010423e+00
4.128000e-05	1.411895e-03	-4.675682e+00
4.129000e-05	3.243936e-03	-4.412075e+00
4.130000e-05	1.224272e-03	-4.169949e+00
4.131000e-05	-1.002777e-03	-3.917266e+00
4.132000e-05	-2.558321e-03	-3.629975e+00
4.133000e-05	-2.245378e-03	-3.378846e+00
4.134000e-05	-3.155315e-03	-3.096286e+00
4.135000e-05	-2.610370e-03	-2.789475e+00
4.136000e-05	-3.665341e-03	-2.535791e+00
4.137000e-05	-3.572082e-03	-2.212054e+00
4.138000e-05	-2.724832e-03	-1.918342e+00
4.139000e-05	-4.359276e-03	-1.685186e+00
4.140000e-05	-5.330946e-03	-1.348846e+00
4.141000e-05	-7.691517e-03	-1.053608e+00
4.142000e-05	-6.222263e-03	-7.594225e-01
4.143000e-05	-6.804259e-03	-4.827080e-01
4.144000e-05	-5.231843e-03	-2.005026e-01
4.145000e-05	-1.239476e-03	7.160246e-02
4.146000e-05	9.337648e-03	3.484422e-01
4.147000e-05	-2.867355e-03	5.999450e-01
4.148000e-05	6.410654e-03	8.606538e-01
4.149000e-05	-4.307640e-03	1.205914e+00
4.150000e-05	1.838965e-03	1.470450e+00
4.151000e-05	-3.923479e-03	1.806491e+00
4.152000e-05	1.644254e-02	1.967918e+00
4.153000e-05	5.666561e-02	2.220099e+00
4.154000e-05	9.689144e-02	2.514938e+00
4.155000e-05	-5.368630e-02	2.883257e+00
4.156000e-05	-2.899955e-02	3.197391e+00
4.157000e-05	-3.947700e-02	3.460453e+00
4.158000e-05	-2.515234e-02	3.723712e+00
4.159000e-05	-9.269341e-02	3.934735e+00
4.160000e-05	3.378099e-03	4.165285e+00
4.161000e-05	9.512010e-02	4.430074e+00
4.162000e-05	-1.219019e-01	4.696233e+00
4.163000e-05	1.505058e-01	4.985336e+00
4.164000e-05	-4.555598e-02	5.334812e+00
4.165000e-05	-4.626973e-02	5.615317e+00
4.166000e-05	3.607537e-02	5.880000e+00
4.167000e-05	-6.447824e-02	6.153232e+00
4.168000e-05	6.641158e-02	6.375415e+00
4.169000e-05	-5.961332e-02	6.702074e+00
4.170000e-05	8.700530e-03	6.934258e+00
4.171000e-05	-9.123309e-03	7.196963e+00
4.172000e-05	-2.306671e-02	7.498575e+00
4.173000e-05	9.224550e-03	7.755186e+00
4.174000e-05	-6.027937e-02	8.048941e+00
4.175000e-05	4.366506e-02	8.279627e+00
4.176000e-05	-3.020076e-02	8.473080e+00
4.177000e-05	-5.692692e-03	8.711579e+00
4.178000e-05	-1.562659e-02	8.964787e+00
4.179000e-05	-5.691098e-02	9.176360e+00
4.180000e-05	1.908193e-02	9.428416e+00
4.181000e-05	-2.980116e-02	9.679518e+00
4.182000e-05	7.199579e-03	9.910521e+00
4.183000e-05	-4.766112e-02	1.009163e+01
4.184000e-05	2.882842e-03	1.029163e+01
4.185000e-05	-2.645286e-02	1.056258e+01
4.186000e-05	-2.915268e-02	1.076225e+01
4.187000e-05	-2.800456e-02	1.097321e+01
4.188000e-05	-3.722650e-02	1.114373e+01
4.189000e-05	-3.229979e-03	1.136471e+01
4.190000e-05	-3.546761e-02	1.161373e+01
4.191000e-05	-2.081082e-02	1.175324e+01
4.192000e-05	-4.736993e-02	1.199465e+01
4.193000e-05	-1.663283e-02	1.217310e+01
4.194000e-05	-3.070793e-02	1.233117e+01
4.195000e-05	-3.113207e-02	1.248095e+01
4.196000e-05	-4.464420e-02	1.266900e+01
4.197000e-05	-4.007381e-02	1.284741e+01
4.198000e-05	-2.843420e-02	1.298523e+01
4.199000e-05	-4.176719e-02	1.313220e+01
4.200000e-05	-4.119012e-02	1.330947e+01
4.201000e-05	-4.852010e-02	1.340842e+01
4.202000e-05	-3.180013e-02	1.359523e+01
4.203000e-05	-4.525808e-02	1.374204e+01
4.204000e-05	-5.110734e-02	1.386586e+01
4.205000e-05	-6.151281e-02	1.399322e+01
4.206000e-05	-5.101806e-02	1.411107e+01
4.207000e-05	-4.882365e-02	1.428044e+01
4.208000e-05	-5.510701e-02	1.434218e+01
4.209000e-05	-6.247993e-02	1.445791e+01
4.210000e-05	-6.220067e-02	1.459225e+01
4.211000e-05	-5.662938e-02	1.463891e+01
4.212000e-05	-6.306086e-02	1.473268e+01
4.213000e-05	-7.063924e-02	1.482641e+01
4.214000e-05	-7.577090e-02	1.488157e+01
4.215000e-05	-7.064400e-02	1.495313e+01
4.216000e-05	-7.271526e-02	1.499776e+01
4.217000e-05	-8.341720e-02	1.505897e+01
4.218000e-05	-9.056262e-02	1.512415e+01
4.219000e-05	-8.815105e-02	1.520526e+01
4.220000e-05	-8.274716e-02	1.528739e+01
4.221000e-05	-9.147328e-02	1.531841e+01
4.222000e-05	-9.993686e-02	1.530855e+01
4.223000e-05	-1.040449e-01	1.534155e+01
4.224000e-05	-1.031786e-01	1.536172e+01
4.225000e-05	-1.084788e-01	1.534208e+01
4.226000e-05	-1.185239e-01	1.540533e+01
4.227000e-05	-1.245734e-01	1.542418e+01
4.228000e-05	-1.246335e-01	1.538371e+01
4.229000e-05	-1.271760e-01	1.540515e+01
4.230000e-05	-1.394737e-01	1.534615e+01
4.231000e-05	-1.529266e-01	1.535325e+01
4.232000e-05	-1.608914e-01	1.534117e+01
4.233000e-05	-1.694760e-01	1.533154e+01
4.234000e-05	-1.867121e-01	1.528939e+01
4.235000e-05	-2.139828e-01	1.524786e+01
4.236000e-05	-2.384332e-01	1.521328e+01
4.237000e-05	-2.495375e-01	1.513420e+01
4.238000e-05	-2.500000e-01	1.509954e+01
4.239000e-05	-2.500000e-01	1.501729e+01
4.240000e-05	-2.500000e-01	1.495626e+01
4.241000e-05	-2.500000e-01	1.488105e+01
4.242000e-05	-2.500000e-01	1.480733e+01
4.243000e-05	-2.500000e-01	1.476510e+01
4.244000e-05	-2.475575e-01	1.464734e+01
4.245000e-05	-2.218157e-01	1.459320e+01
4.246000e-05	-1.901310e-01	1.446947e+01
4.247000e-05	-1.665788e-01	1.433418e+01
4.248000e-05	-1.514716e-01	1.422939e+01
4.249000e-05	-1.370919e-01	1.410317e+01
4.250000e-05	-1.211890e-01	1.398525e+01
4.251000e-05	-1.087244e-01	1.383839e+01
4.252000e-05	-1.019426e-01	1.373267e+01
4.253000e-05	-9.717843e-02	1.357463e+01
4.254000e-05	-8.777326e-02	1.344886e+01
4.255000e-05	-7.859944e-02	1.332098e+01
4.256000e-05	-7.392538e-02	1.314315e+01
4.257000e-05	-7.201628e-02	1.297631e+01
4.258000e-05	-6.831526e-02	1.284829e+01
4.259000e-05	-6.205967e-02	1.269150e+01
4.260000e-05	-5.780129e-02	1.255218e+01
4.261000e-05	-5.613705e-02	1.237473e+01
4.262000e-05	-5.549317e-02	1.218631e+01
4.263000e-05	-5.127539e-02	1.201676e+01
4.264000e-05	-4.696339e-02	1.181736e+01
4.265000e-05	-4.565904e-02	1.159681e+01
4.266000e-05	-4.644200e-02	1.139684e+01
4.267000e-05	-4.419974e-02	1.118621e+01
4.268000e-05	-4.042063e-02	1.099727e+01
4.269000e-05	-3.859193e-02	1.082887e+01
4.270000e-05	-3.884738e-02	1.057682e+01
4.271000e-05	-3.855188e-02	1.035676e+01
4.272000e-05	-3.557598e-02	1.014476e+01
4.273000e-05	-3.324104e-02	9.933683e+00
4.274000e-05	-3.287692e-02	9.681126e+00
4.275000e-05	-3.477583e-02	9.441077e+00
4.276000e-05	-3.185006e-02	9.262573e+00
4.277000e-05	-2.935097e-02	9.078944e+00
4.278000e-05	-2.881010e-02	8.786813e+00
4.279000e-05	-2.938601e-02	8.567314e+00
4.280000e-05	-2.857887e-02	8.333208e+00
4.281000e-05	-2.599524e-02	8.072499e+00
4.282000e-05	-2.484426e-02	7.839444e+00
4.283000e-05	-2.473076e-02	7.556887e+00
4.284000e-05	-2.654683e-02	7.281579e+00
4.285000e-05	-2.480916e-02	7.031525e+00
4.286000e-05	-2.262431e-02	6.798846e+00
4.287000e-05	-2.179212e-02	6.504681e+00
4.288000e-05	-2.351836e-02	6.261078e+00
4.289000e-05	-2.172934e-02	6.010401e+00
4.290000e-05	-2.032091e-02	5.725813e+00
4.291000e-05	-1.913377e-02	5.473605e+00
4.292000e-05	-2.010699e-02	5.198764e+00
4.293000e-05	-2.082868e-02	4.849504e+00
4.294000e-05	-1.945710e-02	4.568419e+00
4.295000e-05	-1.789307e-02	4.315710e+00
4.296000e-05	-1.786744e-02	4.031896e+00
4.297000e-05	-1.884307e-02	3.735842e+00
4.298000e-05	-1.755908e-02	3.505182e+00
4.299000e-05	-1.522561e-02	3.169394e+00
4.300000e-05	-1.498659e-02	2.917737e+00
4.301000e-05	-1.618197e-02	2.664157e+00
4.302000e-05	-1.605751e-02	2.357342e+00
4.303000e-05	-1.421499e-02	2.122135e+00
4.304000e-05	-1.331043e-02	1.820001e+00
4.305000e-05	-1.275860e-02	1.504267e+00
4.306000e-05	-1.354663e-02	1.220580e+00
4.307000e-05	-1.245423e-02	8.516104e-01
4.308000e-05	-1.024579e-02	6.009788e-01
4.309000e-05	-9.810543e-03	3.283147e-01
4.310000e-05	-8.526375e-03	-1.949611e-02
4.311000e-05	-2.849239e-03	-2.716276e-01
4.312000e-05	5.622014e-03	-4.937830e-01
4.313000e-05	-3.781646e-03	-7.910012e-01
4.314000e-05	2.693774e-03	-1.052159e+00
4.315000e-05	-3.285173e-03	-1.326862e+00
4.316000e-05	5.454441e-04	-1.631052e+00
4.317000e-05	7.706270e-03	-1.841148e+00
4.318000e-05	5.548404e-02	-2.051678e+00
4.319000e-05	1.245006e-01	-2.369469e+00
4.320000e-05	-4.716383e-02	-2.796942e+00
4.321000e-05	-1.159915e-02	-3.158472e+00
4.322000e-05	-3.738988e-02	-3.450099e+00
4.323000e-05	-3.403243e-02	-3.609524e+00
4.324000e-05	-1.033566e-01	-3.901156e+00
4.325000e-05	1.414102e-01	-4.050578e+00
4.326000e-05	-3.904200e-02	-4.282731e+00
4.327000e-05	-2.670092e-02	-4.639471e+00
4.328000e-05	1.627321e-01	-4.840999e+00
4.329000e-05	-1.772378e-01	-5.206466e+00
4.330000e-05	1.589086e-01	-5.512679e+00
4.331000e-05	-1.153540e-01	-5.774385e+00
4.332000e-05	1.703980e-02	-6.049572e+00
4.333000e-05	1.062495e-01	-6.229499e+00
4.334000e-05	-9.825116e-02	-6.596937e+00
4.335000e-05	1.537026e-01	-6.818015e+00
4.336000e-05	-1.142822e-01	-7.112154e+00
4.337000e-05	7.882251e-02	-7.406441e+00
4.338000e-05	-1.023056e-02	-7.637996e+00
4.339000e-05	-1.564490e-02	-7.985309e+00
4.340000e-05	1.072246e-01	-8.195760e+00
4.341000e-05	-8.666986e-02	-8.418039e+00
4.342000e-05	1.369504e-01	-8.671021e+00
4.343000e-05	-7.723222e-02	-8.892282e+00
4.344000e-05	5.004996e-02	-9.124261e+00
4.345000e-05	-1.029602e-04	-9.354258e+00
4.346000e-05	1.724171e-02	-9.637391e+00
4.347000e-05	7.435810e-02	-9.788865e+00
4.348000e-05	-3.415979e-02	-1.005857e+01
4.349000e-05	8.844888e-02	-1.028850e+01
4.350000e-05	-5.042549e-02	-1.048165e+01
4.351000e-05	9.005059e-02	-1.071107e+01
4.352000e-05	-3.037322e-02	-1.088057e+01
4.353000e-05	6.090235e-02	-1.112212e+01
4.354000e-05	4.945857e-03	-1.126010e+01
4.355000e-05	4.154023e-02	-1.153170e+01
4.356000e-05	3.395078e-02	-1.176407e+01
4.357000e-05	1.138978e-02	-1.195070e+01
4.358000e-05	4.876950e-02	-1.212267e+01
4.359000e-05	1.298199e-02	-1.225263e+01
4.360000e-05	6.726544e-02	-1.249202e+01
4.361000e-05	4.050919e-03	-1.265634e+01
4.362000e-05	5.411128e-02	-1.283681e+01
4.363000e-05	1.175815e-02	-1.299531e+01
4.364000e-05	6.070210e-02	-1.312217e+01
4.365000e-05	2.716120e-02	-1.329997e+01
4.366000e-05	5.173234e-02	-1.343691e+01
4.367000e-05	3.715111e-02	-1.357233e+01
4.368000e-05	5.039936e-02	-1.371160e+01
4.369000e-05	4.573599e-02	-1.381802e+01
4.370000e-05	3.902921e-02	-1.397628e+01
4.371000e-05	4.719245e-02	-1.410102e+01
4.372000e-05	4.701920e-02	-1.421741e+01
4.373000e-05	6.246252e-02	-1.435277e+01
4.374000e-05	5.021824e-02	-1.445899e+01
4.375000e-05	5.925516e-02	-1.457423e+01
4.376000e-05	5.147782e-02	-1.464941e+01
4.377000e-05	6.922108e-02	-1.474422e+01
4.378000e-05	6.042086e-02	-1.482741e+01
4.379000e-05	6.794604e-02	-1.493204e+01
4.380000e-05	6.258063e-02	-1.498473e+01
4.381000e-05	7.536689e-02	-1.504847e+01
4.382000e-05	7.179057e-02	-1.516465e+01
4.383000e-05	7.540053e-02	-1.513468e+01
4.384000e-05	7.496014e-02	-1.522634e+01
4.385000e-05	8.317549e-02	-1.523946e+01
4.386000e-05	9.065938e-02	-1.530012e+01
4.387000e-05	9.010390e-02	-1.532315e+01
4.388000e-05	9.158046e-02	-1.535423e+01
4.389000e-05	9.237808e-02	-1.540733e+01
4.390000e-05	1.026269e-01	-1.539646e+01
4.391000e-05	1.051769e-01	-1.542889e+01
4.392000e-05	1.105978e-01	-1.545042e+01
4.393000e-05	1.127012e-01	-1.546996e+01
4.394000e-05	1.234168e-01	-1.544847e+01
4.395000e-05	1.297949e-01	-1.543039e+01
4.396000e-05	1.345046e-01	-1.544886e+01
4.397000e-05	1.408932e-01	-1.541771e+01
4.398000e-05	1.529746e-01	-1.540673e+01
4.399000e-05	1.707402e-01	-1.536575e+01
4.400000e-05	1.874548e-01	-1.529110e+01
4.401000e-05	2.079151e-01	-1.528002e+01
4.402000e-05	2.343534e-01	-1.524886e+01
4.403000e-05	2.490637e-01	-1.518533e+01
4.404000e-05	2.499973e-01	-1.514212e+01
4.405000e-05	2.500000e-01	-1.507951e+01
4.406000e-05	2.500000e-01	-1.498728e+01
4.407000e-05	2.500000e-01	-1.491300e+01
4.408000e-05	2.500000e-01	-1.483992e+01
4.409000e-05	2.500000e-01	-1.475518e+01
4.410000e-05	2.336787e-01	-1.467254e+01
4.411000e-05	2.025508e-01	-1.455573e+01
4.412000e-05	1.788519e-01	-1.448057e+01
4.413000e-05	1.570118e-01	-1.437428e+01
4.414000e-05	1.376701e-01	-1.423954e+01
4.415000e-05	1.206965e-01	-1.414370e+01
4.416000e-05	1.103374e-01	-1.402634e+01
4.417000e-05	9.981050e-02	-1.390002e+01
4.418000e-05	8.841528e-02	-1.375621e+01
4.419000e-05	7.963283e-02	-1.360688e+01
4.420000e-05	7.356971e-02	-1.346097e+01
4.421000e-05	7.070042e-02	-1.331368e+01
4.422000e-05	6.444162e-02	-1.320663e+01
4.423000e-05	5.801029e-02	-1.302792e+01
4.424000e-05	5.335661e-02	-1.285157e+01
4.425000e-05	5.066012e-02	-1.270160e+01
4.426000e-05	4.824759e-02	-1.256528e+01
4.427000e-05	4.302579e-02	-1.240626e+01
4.428000e-05	3.989887e-02	-1.218941e+01
4.429000e-05	3.785217e-02	-1.200781e+01
4.430000e-05	3.668457e-02	-1.182781e+01
4.431000e-05	3.381624e-02	-1.157686e+01
4.432000e-05	2.960162e-02	-1.138676e+01
4.433000e-05	2.896018e-02	-1.115478e+01
4.434000e-05	2.814249e-02	-1.094481e+01
4.435000e-05	2.746107e-02	-1.076579e+01
4.436000e-05	2.431996e-02	-1.057639e+01
4.437000e-05	2.161839e-02	-1.036669e+01
4.438000e-05	2.214488e-02	-1.010513e+01
4.439000e-05	2.070634e-02	-9.914027e+00
4.440000e-05	1.930743e-02	-9.742732e+00
4.441000e-05	1.717148e-02	-9.461549e+00
4.442000e-05	1.718636e-02	-9.209493e+00
4.443000e-05	1.753388e-02	-9.008391e+00
4.444000e-05	1.493735e-02	-8.829465e+00
4.445000e-05	1.214466e-02	-8.525780e+00
4.446000e-05	1.172967e-02	-8.293126e+00
4.447000e-05	1.169362e-02	-8.104078e+00
4.448000e-05	1.148697e-02	-7.808515e+00
4.449000e-05	9.558995e-03	-7.484707e+00
4.450000e-05	7.495805e-03	-7.304153e+00
4.451000e-05	7.584530e-03	-7.039446e+00
4.452000e-05	7.869827e-03	-6.767313e+00
4.453000e-05	5.379772e-03	-6.524712e+00
4.454000e-05	5.548223e-03	-6.250595e+00
4.455000e-05	4.154462e-03	-5.967345e+00
4.456000e-05	4.487893e-03	-5.683708e+00
4.457000e-05	3.193523e-03	-5.420951e+00
4.458000e-05	2.315339e-03	-5.116739e+00
4.459000e-05	9.033637e-04	-4.799895e+00
4.460000e-05	2.984339e-03	-4.526293e+00
4.461000e-05	1.676494e-03	-4.275735e+00
4.462000e-05	1.349644e-03	-4.042025e+00
4.463000e-05	-2.310855e-03	-3.716245e+00
4.464000e-05	-1.618488e-03	-3.473134e+00
4.465000e-05	-4.091259e-03	-3.190972e+00
4.466000e-05	-1.913829e-03	-2.914784e+00
4.467000e-05	-4.482833e-03	-2.652028e+00
4.468000e-05	-2.428541e-03	-2.358897e+00
4.469000e-05	-3.546705e-03	-2.032080e+00
4.470000e-05	-2.460571e-03	-1.788371e+00
4.471000e-05	-5.766937e-03	-1.505216e+00
4.472000e-05	-5.550101e-03	-1.159343e+00
4.473000e-05	-6.717865e-03	-9.142342e-01
4.474000e-05	-6.542024e-03	-5.503009e-01
4.475000e-05	-6.214745e-03	-3.182892e-01
4.476000e-05	-5.543911e-03	-3.308145e-02
4.477000e-05	7.476324e-03	2.716818e-01
4.478000e-05	6.756492e-04	5.142396e-01
4.479000e-05	4.425435e-03	7.664411e-01
4.480000e-05	9.809550e-04	1.061153e+00
4.481000e-05	-1.854890e-03	1.345917e+00
4.482000e-05	-1.788643e-05	1.662103e+00
4.483000e-05	4.339131e-03	1.914684e+00
4.484000e-05	3.518198e-02	2.123760e+00
4.485000e-05	1.039113e-01	2.378521e+00
4.486000e-05	-7.871855e-04	2.796841e+00
4.487000e-05	-4.881341e-02	3.082629e+00
4.488000e-05	-3.198836e-02	3.353262e+00
4.489000e-05	-2.874306e-02	3.658525e+00
4.490000e-05	-6.764822e-02	3.832574e+00
4.491000e-05	-5.777252e-02	4.059052e+00
4.492000e-05	1.050117e-01	4.365763e+00
4.493000e-05	-5.994717e-02	4.630520e+00
4.494000e-05	2.388685e-02	4.899650e+00
4.495000e-05	9.803777e-02	5.228490e+00
4.496000e-05	-1.329365e-01	5.473604e+00
4.497000e-05	6.909099e-02	5.702310e+00
4.498000e-05	-6.783407e-02	6.060575e+00
4.499000e-05	3.724132e-02	6.242099e+00
4.500000e-05	-2.074323e-03	6.575909e+00
4.501000e-05	-4.805706e-02	6.838070e+00
4.502000e-05	3.817549e-02	7.061127e+00
4.503000e-05	-5.922131e-02	7.353839e+00
4.504000e-05	3.496132e-02	7.637423e+00
4.505000e-05	-6.941066e-02	7.942656e+00
4.506000e-05	2.480319e-02	8.205861e+00
4.507000e-05	2.180910e-03	8.448467e+00
4.508000e-05	-3.036912e-02	8.648918e+00
4.509000e-05	1.202241e-02	8.869043e+00
4.510000e-05	-6.752139e-02	9.110674e+00
4.511000e-05	8.658001e-03	9.332757e+00
4.512000e-05	-2.460595e-02	9.564232e+00
4.513000e-05	5.142533e-03	9.836366e+00
4.514000e-05	-3.617559e-02	1.001689e+01
4.515000e-05	-1.454480e-02	1.023797e+01
4.516000e-05	-9.140530e-03	1.046002e+01
4.517000e-05	-3.337909e-02	1.067899e+01
4.518000e-05	-1.874661e-02	1.083805e+01
4.519000e-05	-4.131523e-02	1.107002e+01
4.520000e-05	-7.596885e-03	1.132000e+01
4.521000e-05	-2.645615e-02	1.151162e+01
4.522000e-05	-2.495012e-02	1.167959e+01
4.523000e-05	-4.677113e-02	1.190255e+01
4.524000e-05	-2.763850e-02	1.212210e+01
4.525000e-05	-2.594873e-02	1.226792e+01
4.526000e-05	-2.587037e-02	1.240737e+01
4.527000e-05	-3.795330e-02	1.262623e+01
4.528000e-05	-4.163752e-02	1.276471e+01
4.529000e-05	-2.867901e-02	1.295107e+01
4.530000e-05	-3.917395e-02	1.307747e+01
4.531000e-05	-4.319483e-02	1.323694e+01
4.532000e-05	-5.319813e-02	1.336568e+01
4.533000e-05	-3.559088e-02	1.354305e+01
4.534000e-05	-4.147575e-02	1.367901e+01
4.535000e-05	-4.447893e-02	1.380615e+01
4.536000e-05	-5.920633e-02	1.394970e+01
4.537000e-05	-5.072497e-02	1.403947e+01
4.538000e-05	-4.861585e-02	1.421531e+01
4.539000e-05	-5.131640e-02	1.434108e+01
4.540000e-05	-6.292874e-02	1.443738e+01
4.541000e-05	-6.667763e-02	1.452067e+01
4.542000e-05	-5.865385e-02	1.465726e+01
4.543000e-05	-6.194298e-02	1.467102e+01
4.544000e-05	-6.496338e-02	1.479536e+01
4.545000e-05	-7.474178e-02	1.487851e+01
4.546000e-05	-6.839916e-02	1.491257e+01
4.547000e-05	-7.170750e-02	1.498423e+01
4.548000e-05	-7.818456e-02	1.506742e+01
4.549000e-05	-8.984125e-02	1.513115e+01
4.550000e-05	-9.201599e-02	1.517568e+01
4.551000e-05	-8.505459e-02	1.523486e+01
4.552000e-05	-8.859829e-02	1.526742e+01
4.553000e-05	-9.636057e-02	1.529152e+01
4.554000e-05	-1.027780e-01	1.534252e+01
4.555000e-05	-1.000902e-01	1.533468e+01
4.556000e-05	-1.058793e-01	1.536418e+01
4.557000e-05	-1.149348e-01	1.538480e+01
4.558000e-05	-1.244602e-01	1.538478e+01
4.559000e-05	-1.250394e-01	1.541429e+01
4.560000e-05	-1.256232e-01	1.539571e+01
4.561000e-05	-1.341928e-01	1.538423e+01
4.562000e-05	-1.482881e-01	1.540518e+01
4.563000e-05	-1.587265e-01	1.535215e+01
4.564000e-05	-1.652734e-01	1.531250e+01
4.565000e-05	-1.803435e-01	1.529044e+01
4.566000e-05	-2.032717e-01	1.523794e+01
4.567000e-05	-2.305624e-01	1.522626e+01
4.568000e-05	-2.470125e-01	1.516370e+01
4.569000e-05	-2.500000e-01	1.508255e+01
4.570000e-05	-2.500000e-01	1.502837e+01
4.571000e-05	-2.500000e-01	1.495521e+01
4.572000e-05	-2.500000e-01	1.490362e+01
4.573000e-05	-2.500000e-01	1.488002e+01
4.574000e-05	-2.500000e-01	1.475273e+01
4.575000e-05	-2.493000e-01	1.467144e+01
4.576000e-05	-2.341956e-01	1.453531e+01
4.577000e-05	-2.020246e-01	1.450294e+01
4.578000e-05	-1.757775e-01	1.440630e+01
4.579000e-05	-1.566269e-01	1.427049e+01
4.580000e-05	-1.431513e-01	1.417470e+01
4.581000e-05	-1.260095e-01	1.402834e+01
4.582000e-05	-1.122531e-01	1.391355e+01
4.583000e-05	-1.028443e-01	1.376376e+01
4.584000e-05	-9.956464e-02	1.363787e+01
4.585000e-05	-9.214284e-02	1.349105e+01
4.586000e-05	-8.350587e-02	1.336673e+01
4.587000e-05	-7.492881e-02	1.320689e+01
4.588000e-05	-7.223802e-02	1.302936e+01
4.589000e-05	-6.925319e-02	1.292252e+01
4.590000e-05	-6.417629e-02	1.275318e+01
4.591000e-05	-5.883767e-02	1.260631e+01
4.592000e-05	-5.697628e-02	1.239833e+01
4.593000e-05	-5.586274e-02	1.225899e+01
4.594000e-05	-5.346006e-02	1.207902e+01
4.595000e-05	-4.816296e-02	1.186060e+01
4.596000e-05	-4.678638e-02	1.171903e+01
4.597000e-05	-4.668505e-02	1.149052e+01
4.598000e-05	-4.556744e-02	1.120992e+01
4.599000e-05	-4.195104e-02	1.105049e+01
4.600000e-05	-3.847783e-02	1.088250e+01
4.601000e-05	-3.808569e-02	1.067999e+01
4.602000e-05	-3.821183e-02	1.044145e+01
4.603000e-05	-3.610135e-02	1.024895e+01
4.604000e-05	-3.418072e-02	1.001845e+01
4.605000e-05	-3.273720e-02	9.777386e+00
4.606000e-05	-3.465587e-02	9.544637e+00
4.607000e-05	-3.204838e-02	9.345712e+00
4.608000e-05	-3.085564e-02	9.114581e+00
4.609000e-05	-2.850624e-02	8.862704e+00
4.610000e-05	-2.889271e-02	8.650997e+00
4.611000e-05	-2.815735e-02	8.430397e+00
4.612000e-05	-2.758361e-02	8.206862e+00
4.613000e-05	-2.580737e-02	7.922154e+00
4.614000e-05	-2.554572e-02	7.692576e+00
4.615000e-05	-2.581582e-02	7.399342e+00
4.616000e-05	-2.519211e-02	7.135762e+00
4.617000e-05	-2.318772e-02	6.903634e+00
4.618000e-05	-2.240946e-02	6.608898e+00
4.619000e-05	-2.327344e-02	6.375289e+00
4.620000e-05	-2.279028e-02	6.093835e+00
4.621000e-05	-2.101615e-02	5.841998e+00
4.622000e-05	-2.002081e-02	5.558395e+00
4.623000e-05	-1.988360e-02	5.315662e+00
4.624000e-05	-2.087522e-02	4.947815e+00
4.625000e-05	-1.919844e-02	4.663579e+00
4.626000e-05	-1.880625e-02	4.431099e+00
4.627000e-05	-1.858230e-02	4.115284e+00
4.628000e-05	-1.831227e-02	3.823028e+00
4.629000e-05	-1.760470e-02	3.579395e+00
4.630000e-05	-1.547638e-02	3.283088e+00
4.631000e-05	-1.466002e-02	3.021049e+00
4.632000e-05	-1.587274e-02	2.777870e+00
4.633000e-05	-1.614829e-02	2.412080e+00
4.634000e-05	-1.471852e-02	2.148322e+00
4.635000e-05	-1.342413e-02	1.926712e+00
4.636000e-05	-1.323707e-02	1.581099e+00
4.637000e-05	-1.304221e-02	1.296293e+00
4.638000e-05	-1.277371e-02	9.913774e-01
4.639000e-05	-1.039394e-02	6.842378e-01
4.640000e-05	-1.059687e-02	4.220339e-01
4.641000e-05	-9.797072e-03	1.362694e-01
4.642000e-05	-6.774094e-03	-1.372421e-01
4.643000e-05	6.358275e-03	-3.890474e-01
4.644000e-05	-3.892679e-03	-6.837318e-01
4.645000e-05	4.392720e-03	-9.658635e-01
4.646000e-05	-3.195825e-03	-1.248044e+00
4.647000e-05	2.582480e-03	-1.556838e+00
4.648000e-05	3.767443e-04	-1.766864e+00
4.649000e-05	3.181177e-02	-2.009021e+00
4.650000e-05	1.147542e-01	-2.243152e+00
4.651000e-05	2.543759e-02	-2.671146e+00
4.652000e-05	-4.912722e-02	-3.080526e+00
4.653000e-05	-9.623660e-03	-3.346390e+00
4.654000e-05	-4.196679e-02	-3.516840e+00
4.655000e-05	-8.006605e-02	-3.828014e+00
4.656000e-05	1.945812e-02	-3.988919e+00
4.657000e-05	1.203389e-01	-4.185386e+00
4.658000e-05	-1.595444e-01	-4.504181e+00
4.659000e-05	2.119131e-01	-4.737865e+00
4.660000e-05	-9.903366e-02	-5.041049e+00
4.661000e-05	2.518679e-02	-5.449371e+00
4.662000e-05	4.643424e-02	-5.629470e+00
4.663000e-05	-1.387404e-01	-5.925863e+00
4.664000e-05	1.889319e-01	-6.196786e+00
4.665000e-05	-1.056094e-01	-6.441574e+00
4.666000e-05	1.031077e-01	-6.754787e+00
4.667000e-05	-1.070890e-02	-7.006941e+00
4.668000e-05	-4.058578e-02	-7.272706e+00
4.669000e-05	9.670116e-02	-7.533678e+00
4.670000e-05	-9.948530e-02	-7.858968e+00
4.671000e-05	1.389340e-01	-8.091604e+00
4.672000e-05	-6.480078e-02	-8.271603e+00
4.673000e-05	6.956883e-02	-8.627412e+00
4.674000e-05	2.520086e-02	-8.818965e+00
4.675000e-05	-5.011151e-02	-9.060623e+00
4.676000e-05	8.087960e-02	-9.292147e+00
4.677000e-05	-5.751896e-02	-9.492152e+00
4.678000e-05	1.204714e-01	-9.774757e+00
4.679000e-05	-4.767904e-02	-9.954210e+00
4.680000e-05	8.196699e-02	-1.021626e+01
4.681000e-05	-2.247309e-02	-1.041588e+01
4.682000e-05	4.142785e-02	-1.062896e+01
4.683000e-05	2.634983e-02	-1.083736e+01
4.684000e-05	2.267894e-03	-1.104749e+01
4.685000e-05	5.816568e-02	-1.121736e+01
4.686000e-05	-7.086067e-03	-1.146154e+01
4.687000e-05	7.597626e-02	-1.166848e+01
4.688000e-05	-1.585558e-02	-1.184796e+01
4.689000e-05	6.346511e-02	-1.202947e+01
4.690000e-05	1.773813e-04	-1.223904e+01
4.691000e-05	6.721931e-02	-1.242699e+01
4.692000e-05	1.584980e-02	-1.259528e+01
4.693000e-05	4.049164e-02	-1.273475e+01
4.694000e-05	2.632381e-02	-1.288112e+01
4.695000e-05	3.969004e-02	-1.305899e+01
4.696000e-05	4.693244e-02	-1.319627e+01
4.697000e-05	3.279975e-02	-1.338425e+01
4.698000e-05	5.312898e-02	-1.350269e+01
4.699000e-05	3.410153e-02	-1.363849e+01
4.700000e-05	5.858878e-02	-1.377528e+01
4.701000e-05	3.140254e-02	-1.391270e+01
4.702000e-05	5.201135e-02	-1.404754e+01
4.703000e-05	4.056066e-02	-1.419373e+01
4.704000e-05	6.314878e-02	-1.434004e+01
4.705000e-05	5.175389e-02	-1.442739e+01
4.706000e-05	5.813441e-02	-1.450160e+01
4.707000e-05	5.238876e-02	-1.463839e+01
4.708000e-05	6.282232e-02	-1.469112e+01
4.709000e-05	6.456918e-02	-1.481728e+01
4.710000e-05	6.482298e-02	-1.489094e+01
4.711000e-05	6.601903e-02	-1.496368e+01
4.712000e-05	6.810885e-02	-1.504988e+01
4.713000e-05	7.530679e-02	-1.511112e+01
4.714000e-05	7.156998e-02	-1.512320e+01
4.715000e-05	7.745460e-02	-1.520533e+01
4.716000e-05	7.782198e-02	-1.525896e+01
4.717000e-05	9.159673e-02	-1.528105e+01
4.718000e-05	8.862179e-02	-1.535263e+01
4.719000e-05	9.294208e-02	-1.537468e+01
4.720000e-05	9.008055e-02	-1.538529e+01
4.721000e-05	9.949049e-02	-1.543691e+01
4.722000e-05	1.044030e-01	-1.544896e+01
4.723000e-05	1.079481e-01	-1.543894e+01
4.724000e-05	1.124519e-01	-1.547949e+01
4.725000e-05	1.194593e-01	-1.543004e+01
4.726000e-05	1.280733e-01	-1.543687e+01
4.727000e-05	1.312170e-01	-1.544889e+01
4.728000e-05	1.386648e-01	-1.540746e+01
4.729000e-05	1.472626e-01	-1.538591e+01
4.730000e-05	1.637625e-01	-1.536573e+01
4.731000e-05	1.802136e-01	-1.529365e+01
4.732000e-05	2.004627e-01	-1.525052e+01
4.733000e-05	2.235454e-01	-1.523944e+01
4.734000e-05	2.464039e-01	-1.519586e+01
4.735000e-05	2.500000e-01	-1.516275e+01
4.736000e-05	2.500000e-01	-1.510154e+01
4.737000e-05	2.500000e-01	-1.502783e+01
4.738000e-05	2.500000e-01	-1.493523e+01
4.739000e-05	2.500000e-01	-1.487902e+01
4.740000e-05	2.500000e-01	-1.479533e+01
4.741000e-05	2.429389e-01	-1.472265e+01
4.742000e-05	2.126273e-01	-1.462781e+01
4.743000e-05	1.842509e-01	-1.452307e+01
4.744000e-05	1.638822e-01	-1.443626e+01
4.745000e-05	1.403350e-01	-1.432957e+01
4.746000e-05	1.290850e-01	-1.417566e+01
4.747000e-05	1.135461e-01	-1.410844e+01
4.748000e-05	1.089838e-01	-1.393265e+01
4.749000e-05	9.549660e-02	-1.379884e+01
4.750000e-05	8.320267e-02	-1.366000e+01
4.751000e-05	7.623962e-02	-1.353310e+01
4.752000e-05	6.566941e-02	-1.340626e+01
4.753000e-05	6.491506e-02	-1.323886e+01
4.754000e-05	5.619612e-02	-1.305155e+01
4.755000e-05	5.490855e-02	-1.295523e+01
4.756000e-05	5.454290e-02	-1.277576e+01
4.757000e-05	5.450286e-02	-1.260787e+01
4.758000e-05	4.843033e-02	-1.245947e+01
4.759000e-05	4.127051e-02	-1.228099e+01
4.760000e-05	3.585144e-02	-1.208207e+01
4.761000e-05	3.381446e-02	-1.189107e+01
4.762000e-05	3.138800e-02	-1.166102e+01
4.763000e-05	2.920593e-02	-1.149952e+01
4.764000e-05	2.965409e-02	-1.128952e+01
4.765000e-05	3.123498e-02	-1.101047e+01
4.766000e-05	3.158158e-02	-1.084145e+01
4.767000e-05	2.689078e-02	-1.063104e+01
4.768000e-05	2.328007e-02	-1.044002e+01
4.769000e-05	1.940355e-02	-1.021839e+01
4.770000e-05	1.916716e-02	-9.967337e+00
4.771000e-05	1.788684e-02	-9.765816e+00
4.772000e-05	1.739608e-02	-9.556309e+00
4.773000e-05	1.645908e-02	-9.334232e+00
4.774000e-05	1.823728e-02	-9.103633e+00
4.775000e-05	1.745917e-02	-8.903677e+00
4.776000e-05	1.515444e-02	-8.648515e+00
4.777000e-05	1.218392e-02	-8.368291e+00
4.778000e-05	1.179967e-02	-8.166885e+00
4.779000e-05	1.115820e-02	-7.944759e+00
4.780000e-05	9.952867e-03	-7.661449e+00
4.781000e-05	8.126405e-03	-7.377189e+00
4.782000e-05	7.629191e-03	-7.144182e+00
4.783000e-05	8.435966e-03	-6.843576e+00
4.784000e-05	7.090525e-03	-6.598444e+00
4.785000e-05	6.468385e-03	-6.387836e+00
4.786000e-05	4.932670e-03	-6.053204e+00
4.787000e-05	3.313903e-03	-5.789974e+00
4.788000e-05	4.315362e-03	-5.559264e+00
4.789000e-05	2.124754e-03	-5.201124e+00
4.790000e-05	1.094544e-03	-4.957337e+00
4.791000e-05	1.063166e-03	-4.601922e+00
4.792000e-05	2.350618e-03	-4.379969e+00
4.793000e-05	2.977797e-03	-4.136788e+00
4.794000e-05	-5.023376e-04	-3.864129e+00
4.795000e-05	-1.856395e-03	-3.548965e+00
4.796000e-05	-4.301226e-03	-3.296287e+00
4.797000e-05	-2.171865e-03	-3.060449e+00
4.798000e-05	-4.298425e-03	-2.725838e+00
4.799000e-05	-3.379244e-03	-2.462102e+00
4.800000e-05	-4.391541e-03	-2.188343e+00
4.801000e-05	-1.805735e-03	-1.884683e+00
4.802000e-05	-4.664549e-03	-1.620946e+00
4.803000e-05	-5.390652e-03	-1.253686e+00
4.804000e-05	-7.410924e-03	-1.009925e+00
4.805000e-05	-5.933069e-03	-7.367893e-01
4.806000e-05	-6.616850e-03	-3.599739e-01
4.807000e-05	-4.848706e-03	-1.183673e-01
4.808000e-05	1.131216e-03	1.633895e-01
4.809000e-05	6.841746e-03	4.300525e-01
4.810000e-05	-5.903598e-04	6.831567e-01
4.811000e-05	5.687123e-03	9.232167e-01
4.812000e-05	-3.999375e-03	1.240550e+00
4.813000e-05	1.592624e-03	1.493714e+00
4.814000e-05	-1.904420e-03	1.850549e+00
4.815000e-05	2.249152e-02	2.049603e+00
4.816000e-05	7.758452e-02	2.292161e+00
4.817000e-05	6.667985e-02	2.649526e+00
4.818000e-05	-6.418784e-02	2.956288e+00
4.819000e-05	-2.392062e-02	3.220024e+00
4.820000e-05	-3.840526e-02	3.514285e+00
4.821000e-05	-3.629939e-02	3.787387e+00
4.822000e-05	-8.901770e-02	3.946338e+00
4.823000e-05	4.848088e-02	4.210045e+00
4.824000e-05	4.855068e-02	4.555262e+00
4.825000e-05	-9.914212e-02	4.757789e+00
4.826000e-05	1.751318e-01	5.038027e+00
4.827000e-05	-1.178736e-01	5.418446e+00
4.828000e-05	1.858681e-02	5.657495e+00
4.829000e-05	-7.778072e-03	5.984786e+00
4.830000e-05	-2.892397e-02	6.207319e+00
4.831000e-05	5.592067e-02	6.448472e+00
4.832000e-05	-7.320728e-02	6.785362e+00
4.833000e-05	3.701826e-02	7.036890e+00
4.834000e-05	-4.275413e-02	7.290068e+00
4.835000e-05	8.432744e-03	7.534807e+00
4.836000e-05	-2.815727e-02	7.827889e+00
4.837000e-05	-2.831727e-02	8.131073e+00
4.838000e-05	3.606483e-02	8.314259e+00
4.839000e-05	-3.784414e-02	8.566261e+00
4.840000e-05	1.172214e-02	8.755410e+00
4.841000e-05	-4.062425e-02	9.026496e+00
4.842000e-05	-3.224153e-02	9.260075e+00
4.843000e-05	3.555580e-03	9.481521e+00
4.844000e-05	-1.913607e-02	9.741072e+00
4.845000e-05	-8.600425e-03	9.984778e+00
4.846000e-05	-3.759340e-02	1.019426e+01
4.847000e-05	2.764668e-03	1.041423e+01
4.848000e-05	-2.989624e-02	1.057571e+01
4.849000e-05	-2.348856e-02	1.080586e+01
4.850000e-05	-3.403440e-02	1.099581e+01
4.851000e-05	-2.624262e-02	1.121686e+01
4.852000e-05	-1.057331e-02	1.143891e+01
4.853000e-05	-3.308612e-02	1.161589e+01
4.854000e-05	-2.979107e-02	1.183791e+01
4.855000e-05	-4.119416e-02	1.201541e+01
4.856000e-05	-1.774502e-02	1.219626e+01
4.857000e-05	-2.868219e-02	1.238428e+01
4.858000e-05	-3.421157e-02	1.251271e+01
4.859000e-05	-4.426060e-02	1.271007e+01
4.860000e-05	-3.637804e-02	1.286947e+01
4.861000e-05	-3.125602e-02	1.302786e+01
4.862000e-05	-4.250180e-02	1.317530e+01
4.863000e-05	-4.687495e-02	1.338200e+01
4.864000e-05	-4.265565e-02	1.345799e+01
4.865000e-05	-3.452300e-02	1.361643e+01
4.866000e-05	-4.363863e-02	1.378418e+01
4.867000e-05	-5.553462e-02	1.388947e+01
4.868000e-05	-5.706880e-02	1.399630e+01
4.869000e-05	-5.050932e-02	1.413215e+01
4.870000e-05	-4.885663e-02	1.431052e+01
4.871000e-05	-5.881994e-02	1.441280e+01
4.872000e-05	-6.409335e-02	1.451162e+01
4.873000e-05	-5.933198e-02	1.460415e+01
4.874000e-05	-5.805667e-02	1.464904e+01
4.875000e-05	-6.301034e-02	1.473371e+01
4.876000e-05	-7.465218e-02	1.484994e+01
4.877000e-05	-7.274903e-02	1.492157e+01
4.878000e-05	-7.077482e-02	1.496470e+01
4.879000e-05	-7.366291e-02	1.503694e+01
4.880000e-05	-8.706043e-02	1.507154e+01
4.881000e-05	-9.043798e-02	1.515420e+01
4.882000e-05	-8.736612e-02	1.517733e+01
4.883000e-05	-8.533008e-02	1.527834e+01
4.884000e-05	-9.311275e-02	1.526941e+01
4.885000e-05	-1.020426e-01	1.532910e+01
4.886000e-05	-1.017690e-01	1.535315e+01
4.887000e-05	-1.039405e-01	1.539518e+01
4.888000e-05	-1.100445e-01	1.538478e+01
4.889000e-05	-1.218258e-01	1.535470e+01
4.890000e-05	-1.244613e-01	1.544620e+01
4.891000e-05	-1.255516e-01	1.536480e+01
4.892000e-05	-1.295651e-01	1.539278e+01
4.893000e-05	-1.439681e-01	1.537320e+01
4.894000e-05	-1.554150e-01	1.535316e+01
4.895000e-05	-1.631892e-01	1.531259e+01
4.896000e-05	-1.726273e-01	1.531102e+01
4.897000e-05	-1.925963e-01	1.528794e+01
4.898000e-05	-2.206364e-01	1.524629e+01
4.899000e-05	-2.430195e-01	1.518518e+01
4.900000e-05	-2.499900e-01	1.514307e+01
4.901000e-05	-2.500000e-01	1.506854e+01
4.902000e-05	-2.500000e-01	1.501686e+01
4.903000e-05	-2.500000e-01	1.496458e+01
4.904000e-05	-2.500000e-01	1.486949e+01
4.905000e-05	-2.500000e-01	1.481486e+01
4.906000e-05	-2.500000e-01	1.471310e+01
4.907000e-05	-2.439050e-01	1.459686e+01
4.908000e-05	-2.135464e-01	1.453218e+01
4.909000e-05	-1.842254e-01	1.445784e+01
4.910000e-05	-1.627128e-01	1.429210e+01
4.911000e-05	-1.485892e-01	1.421581e+01
4.912000e-05	-1.332271e-01	1.404946e+01
4.913000e-05	-1.188570e-01	1.393268e+01
4.914000e-05	-1.058878e-01	1.381631e+01
4.915000e-05	-1.012608e-01	1.368055e+01
4.916000e-05	-9.463268e-02	1.356418e+01
4.917000e-05	-8.559666e-02	1.340946e+01
4.918000e-05	-7.537070e-02	1.323195e+01
4.919000e-05	-7.324118e-02	1.312256e+01
4.920000e-05	-7.109219e-02	1.290578e+01
4.921000e-05	-6.837155e-02	1.283739e+01
4.922000e-05	-6.083047e-02	1.262939e+01
4.923000e-05	-5.786587e-02	1.249047e+01
4.924000e-05	-5.604559e-02	1.233211e+01
4.925000e-05	-5.464338e-02	1.212415e+01
4.926000e-05	-4.962111e-02	1.198316e+01
4.927000e-05	-4.605019e-02	1.177679e+01
4.928000e-05	-4.650314e-02	1.155518e+01
4.929000e-05	-4.672655e-02	1.132520e+01
4.930000e-05	-4.363255e-02	1.111611e+01
4.931000e-05	-3.885893e-02	1.095371e+01
4.932000e-05	-3.776818e-02	1.074368e+01
4.933000e-05	-3.851530e-02	1.058525e+01
4.934000e-05	-3.804178e-02	1.030208e+01
4.935000e-05	-3.423133e-02	1.014463e+01
4.936000e-05	-3.299844e-02	9.880027e+00
4.937000e-05	-3.366904e-02	9.638944e+00
4.938000e-05	-3.385059e-02	9.397466e+00
4.939000e-05	-3.092695e-02	9.239887e+00
4.940000e-05	-2.794269e-02	8.975814e+00
4.941000e-05	-2.881113e-02	8.705686e+00
4.942000e-05	-2.923386e-02	8.514681e+00
4.943000e-05	-2.922356e-02	8.289577e+00
4.944000e-05	-2.539101e-02	7.979994e+00
4.945000e-05	-2.514613e-02	7.796815e+00
4.946000e-05	-2.539615e-02	7.473555e+00
4.947000e-05	-2.550677e-02	7.229895e+00
4.948000e-05	-2.360025e-02	6.996916e+00
4.949000e-05	-2.219506e-02	6.757160e+00
4.950000e-05	-2.241672e-02	6.439452e+00
4.951000e-05	-2.294816e-02	6.208870e+00
4.952000e-05	-2.208578e-02	5.976789e+00
4.953000e-05	-2.059526e-02	5.673004e+00
4.954000e-05	-1.978249e-02	5.430421e+00
4.955000e-05	-2.063401e-02	5.054137e+00
4.956000e-05	-2.065563e-02	4.797896e+00
4.957000e-05	-1.874106e-02	4.514238e+00
4.958000e-05	-1.733217e-02	4.241480e+00
4.959000e-05	-1.798036e-02	3.956891e+00
4.960000e-05	-1.794026e-02	3.674681e+00
4.961000e-05	-1.706629e-02	3.411999e+00
4.962000e-05	-1.403937e-02	3.146241e+00
4.963000e-05	-1.556686e-02	2.863083e+00
4.964000e-05	-1.569509e-02	2.577396e+00
4.965000e-05	-1.579914e-02	2.273657e+00
4.966000e-05	-1.376461e-02	2.039500e+00
4.967000e-05	-1.263383e-02	1.715840e+00
4.968000e-05	-1.253687e-02	1.412651e+00
4.969000e-05	-1.327646e-02	1.116292e+00
4.970000e-05	-1.158116e-02	7.999978e-01
4.971000e-05	-1.024683e-02	5.248171e-01
4.972000e-05	-9.999376e-03	2.356867e-01
4.973000e-05	-7.917411e-03	-4.163282e-02
4.974000e-05	1.353348e-03	-3.057608e-01
4.975000e-05	2.964504e-03	-5.459695e-01
4.976000e-05	-1.542447e-03	-8.917066e-01
4.977000e-05	1.303124e-03	-1.132185e+00
4.978000e-05	-1.687951e-03	-1.412073e+00
4.979000e-05	1.343037e-03	-1.653232e+00
4.980000e-05	1.440115e-02	-1.904766e+00
4.981000e-05	7.947531e-02	-2.146913e+00
4.982000e-05	9.993136e-02	-2.463255e+00
4.983000e-05	-6.363557e-02	-2.922279e+00
4.984000e-05	-6.960498e-04	-3.283175e+00
4.985000e-05	-4.733168e-02	-3.504158e+00
4.986000e-05	-4.341212e-02	-3.682157e+00
4.987000e-05	-8.080138e-02	-3.946336e+00
4.988000e-05	1.786126e-01	-4.112704e+00
4.989000e-05	-1.318003e-01	-4.387441e+00
4.990000e-05	8.641805e-02	-4.673657e+00
4.991000e-05	7.068762e-02	-4.893226e+00
4.992000e-05	-1.315060e-01	-5.332676e+00
4.993000e-05	1.611660e-01	-5.555207e+00
4.994000e-05	-1.788507e-01	-5.860041e+00
4.995000e-05	1.244498e-01	-6.104175e+00
4.996000e-05	1.182108e-02	-6.341749e+00
4.997000e-05	-2.705534e-02	-6.640097e+00
4.998000e-05	1.141957e-01	-6.880702e+00
4.999000e-05	-1.227250e-01	-7.225784e+00
