# 260604_11:19:46.601755
t	CH1	CH2
0.000000e+00	-1.095625e-02	6.236228e-01
1.000000e-08	-9.087926e-03	3.679199e-01
2.000000e-08	-9.225361e-03	9.517921e-02
3.000000e-08	-3.368865e-03	-2.389824e-01
4.000000e-08	5.831074e-03	-4.711365e-01
5.000000e-08	-1.935687e-03	-7.783710e-01
6.000000e-08	2.321158e-03	-1.009480e+00
7.000000e-08	-2.779117e-03	-1.242166e+00
8.000000e-08	1.466736e-03	-1.598004e+00
9.000000e-08	5.014124e-03	-1.800956e+00
1.000000e-07	4.546910e-02	-2.010055e+00
1.100000e-07	1.157561e-01	-2.286850e+00
1.200000e-07	-1.206005e-02	-2.695247e+00
1.300000e-07	-2.549831e-02	-3.125871e+00
1.400000e-07	-2.613974e-02	-3.349007e+00
1.500000e-07	-4.237293e-02	-3.588999e+00
1.600000e-07	-8.625588e-02	-3.768979e+00
1.700000e-07	8.911251e-02	-4.001051e+00
1.800000e-07	1.746952e-02	-4.201089e+00
1.900000e-07	-6.093468e-02	-4.518449e+00
2.000000e-07	1.665339e-01	-4.768953e+00
2.100000e-07	-1.346113e-01	-5.065225e+00
2.200000e-07	9.746234e-02	-5.431107e+00
2.300000e-07	-4.826340e-02	-5.643190e+00
2.400000e-07	-3.759124e-02	-5.960029e+00
2.500000e-07	1.284603e-01	-6.169928e+00
2.600000e-07	-8.856542e-02	-6.483242e+00
2.700000e-07	1.249492e-01	-6.748520e+00
2.800000e-07	-6.706480e-02	-7.042158e+00
2.900000e-07	2.928713e-02	-7.284446e+00
3.000000e-07	2.850368e-02	-7.538452e+00
3.100000e-07	-4.516501e-02	-7.862239e+00
3.200000e-07	1.124402e-01	-8.034740e+00
3.300000e-07	-7.009234e-02	-8.296324e+00
3.400000e-07	1.075779e-01	-8.560003e+00
3.500000e-07	-3.164752e-02	-8.822582e+00
3.600000e-07	8.098179e-03	-9.013188e+00
3.700000e-07	2.789041e-02	-9.223165e+00
3.800000e-07	-1.234084e-02	-9.517470e+00
3.900000e-07	9.047607e-02	-9.715396e+00
4.000000e-07	-3.404151e-02	-9.949474e+00
4.100000e-07	8.328739e-02	-1.011940e+01
4.200000e-07	-3.431377e-02	-1.038001e+01
4.300000e-07	6.723601e-02	-1.058010e+01
4.400000e-07	-5.983424e-03	-1.078100e+01
4.500000e-07	3.322111e-02	-1.103063e+01
4.600000e-07	2.684569e-02	-1.118050e+01
4.700000e-07	2.264840e-02	-1.141463e+01
4.800000e-07	5.308835e-02	-1.161960e+01
4.900000e-07	2.731577e-03	-1.181116e+01
5.000000e-07	5.224957e-02	-1.200163e+01
5.100000e-07	7.663188e-03	-1.219208e+01
5.200000e-07	6.447217e-02	-1.240947e+01
5.300000e-07	1.143568e-02	-1.253840e+01
5.400000e-07	4.843519e-02	-1.271594e+01
5.500000e-07	1.961454e-02	-1.283576e+01
5.600000e-07	5.179951e-02	-1.300253e+01
5.700000e-07	3.503840e-02	-1.316047e+01
5.800000e-07	4.510978e-02	-1.326882e+01
5.900000e-07	4.211402e-02	-1.339411e+01
6.000000e-07	4.422876e-02	-1.363068e+01
6.100000e-07	5.153386e-02	-1.372840e+01
6.200000e-07	3.871277e-02	-1.385416e+01
6.300000e-07	4.788004e-02	-1.399111e+01
6.400000e-07	4.385446e-02	-1.408886e+01
6.500000e-07	6.223644e-02	-1.418276e+01
6.600000e-07	5.101177e-02	-1.433049e+01
6.700000e-07	6.011886e-02	-1.445478e+01
6.800000e-07	5.195610e-02	-1.452995e+01
6.900000e-07	6.756573e-02	-1.463523e+01
7.000000e-07	6.215567e-02	-1.472694e+01
7.100000e-07	6.757257e-02	-1.479113e+01
7.200000e-07	6.329847e-02	-1.484576e+01
7.300000e-07	7.185116e-02	-1.490049e+01
7.400000e-07	7.378141e-02	-1.496210e+01
7.500000e-07	7.460619e-02	-1.504584e+01
7.600000e-07	7.578634e-02	-1.508842e+01
7.700000e-07	8.054874e-02	-1.517957e+01
7.800000e-07	9.038820e-02	-1.516968e+01
7.900000e-07	8.964588e-02	-1.525523e+01
8.000000e-07	9.242817e-02	-1.524526e+01
8.100000e-07	9.094198e-02	-1.530783e+01
8.200000e-07	9.970808e-02	-1.529797e+01
8.300000e-07	1.030611e-01	-1.526799e+01
8.400000e-07	1.081879e-01	-1.533199e+01
8.500000e-07	1.103668e-01	-1.535147e+01
8.600000e-07	1.190655e-01	-1.535194e+01
8.700000e-07	1.266423e-01	-1.533956e+01
8.800000e-07	1.308128e-01	-1.531694e+01
8.900000e-07	1.361930e-01	-1.530744e+01
9.000000e-07	1.467875e-01	-1.525781e+01
9.100000e-07	1.618977e-01	-1.526571e+01
9.200000e-07	1.782242e-01	-1.519321e+01
9.300000e-07	1.946585e-01	-1.517960e+01
9.400000e-07	2.197780e-01	-1.510944e+01
9.500000e-07	2.438717e-01	-1.506581e+01
9.600000e-07	2.499850e-01	-1.498415e+01
9.700000e-07	2.500000e-01	-1.491207e+01
9.800000e-07	2.500000e-01	-1.488788e+01
9.900000e-07	2.500000e-01	-1.482226e+01
1.000000e-06	2.500000e-01	-1.475097e+01
1.010000e-06	2.500000e-01	-1.466591e+01
1.020000e-06	2.435175e-01	-1.456062e+01
1.030000e-06	2.165427e-01	-1.447783e+01
1.040000e-06	1.903577e-01	-1.440157e+01
1.050000e-06	1.673010e-01	-1.423588e+01
1.060000e-06	1.469967e-01	-1.415204e+01
1.070000e-06	1.295048e-01	-1.400570e+01
1.080000e-06	1.161536e-01	-1.390796e+01
1.090000e-06	1.059021e-01	-1.376160e+01
1.100000e-06	9.419878e-02	-1.368533e+01
1.110000e-06	8.294871e-02	-1.350894e+01
1.120000e-06	7.859000e-02	-1.333157e+01
1.130000e-06	7.248397e-02	-1.326523e+01
1.140000e-06	6.904073e-02	-1.311791e+01
1.150000e-06	6.344070e-02	-1.294957e+01
1.160000e-06	5.483476e-02	-1.281215e+01
1.170000e-06	5.443217e-02	-1.259568e+01
1.180000e-06	4.679106e-02	-1.241631e+01
1.190000e-06	4.438500e-02	-1.234794e+01
1.200000e-06	3.872705e-02	-1.213941e+01
1.210000e-06	4.045327e-02	-1.190946e+01
1.220000e-06	3.911006e-02	-1.174249e+01
1.230000e-06	3.642917e-02	-1.151949e+01
1.240000e-06	3.280515e-02	-1.126841e+01
1.250000e-06	2.986555e-02	-1.111886e+01
1.260000e-06	2.936128e-02	-1.088693e+01
1.270000e-06	2.697185e-02	-1.068849e+01
1.280000e-06	2.511056e-02	-1.046789e+01
1.290000e-06	2.272781e-02	-1.032831e+01
1.300000e-06	2.191956e-02	-1.006628e+01
1.310000e-06	2.116767e-02	-9.865706e+00
1.320000e-06	2.081853e-02	-9.646752e+00
1.330000e-06	1.802005e-02	-9.412755e+00
1.340000e-06	1.835690e-02	-9.213123e+00
1.350000e-06	1.701795e-02	-8.961067e+00
1.360000e-06	1.506024e-02	-8.749964e+00
1.370000e-06	1.296826e-02	-8.479410e+00
1.380000e-06	1.020597e-02	-8.285730e+00
1.390000e-06	1.160447e-02	-8.045726e+00
1.400000e-06	1.227504e-02	-7.809542e+00
1.410000e-06	1.173452e-02	-7.525329e+00
1.420000e-06	9.381690e-03	-7.236750e+00
1.430000e-06	8.173828e-03	-7.002143e+00
1.440000e-06	7.033127e-03	-6.728912e+00
1.450000e-06	6.377356e-03	-6.507856e+00
1.460000e-06	4.539279e-03	-6.233147e+00
1.470000e-06	3.252690e-03	-5.958038e+00
1.480000e-06	4.386026e-03	-5.674360e+00
1.490000e-06	4.431678e-03	-5.433670e+00
1.500000e-06	2.511525e-03	-5.116909e+00
1.510000e-06	1.312185e-03	-4.791621e+00
1.520000e-06	1.255140e-03	-4.517335e+00
1.530000e-06	1.762334e-03	-4.307356e+00
1.540000e-06	4.847163e-04	-3.993124e+00
1.550000e-06	-2.159164e-03	-3.749961e+00
1.560000e-06	-2.391584e-03	-3.494754e+00
1.570000e-06	-2.753759e-03	-3.212069e+00
1.580000e-06	-2.662999e-03	-2.877831e+00
1.590000e-06	-3.348937e-03	-2.653624e+00
1.600000e-06	-3.597062e-03	-2.369020e+00
1.610000e-06	-2.965135e-03	-2.032727e+00
1.620000e-06	-2.566404e-03	-1.809070e+00
1.630000e-06	-5.555845e-03	-1.537235e+00
1.640000e-06	-7.018964e-03	-1.168394e+00
1.650000e-06	-7.690618e-03	-9.047820e-01
1.660000e-06	-6.423993e-03	-5.816403e-01
1.670000e-06	-6.290152e-03	-3.368335e-01
1.680000e-06	-5.117934e-03	-7.515426e-02
1.690000e-06	5.293649e-03	2.310348e-01
1.700000e-06	3.671427e-03	4.631668e-01
1.710000e-06	2.264779e-03	7.063722e-01
1.720000e-06	1.293194e-03	1.029985e+00
1.730000e-06	-2.003595e-03	1.304768e+00
1.740000e-06	-1.633765e-03	1.598585e+00
1.750000e-06	3.357074e-03	1.902689e+00
1.760000e-06	2.800223e-02	2.073713e+00
1.770000e-06	9.198889e-02	2.356902e+00
1.780000e-06	2.619899e-02	2.696320e+00
1.790000e-06	-5.297807e-02	3.029030e+00
1.800000e-06	-2.927952e-02	3.304791e+00
1.810000e-06	-3.229680e-02	3.587878e+00
1.820000e-06	-5.570076e-02	3.820953e+00
1.830000e-06	-6.567393e-02	3.979473e+00
1.840000e-06	7.877859e-02	4.292765e+00
1.850000e-06	-2.151415e-02	4.580054e+00
1.860000e-06	-1.617319e-02	4.779453e+00
1.870000e-06	1.156615e-01	5.156873e+00
1.880000e-06	-1.167855e-01	5.444136e+00
1.890000e-06	4.183413e-02	5.673666e+00
1.900000e-06	-4.127801e-02	5.970477e+00
1.910000e-06	1.192959e-02	6.222559e+00
1.920000e-06	2.296557e-02	6.524792e+00
1.930000e-06	-5.305647e-02	6.779026e+00
1.940000e-06	2.862958e-02	6.991608e+00
1.950000e-06	-4.851500e-02	7.284141e+00
1.960000e-06	1.601193e-02	7.538999e+00
1.970000e-06	-4.955079e-02	7.853584e+00
1.980000e-06	2.615860e-03	8.117946e+00
1.990000e-06	1.624666e-02	8.327973e+00
2.000000e-06	-2.815953e-02	8.547427e+00
2.010000e-06	1.073118e-02	8.788904e+00
2.020000e-06	-5.674627e-02	9.000711e+00
2.030000e-06	-1.299608e-02	9.202162e+00
2.040000e-06	-1.387489e-02	9.463761e+00
2.050000e-06	-6.071226e-03	9.684269e+00
2.060000e-06	-2.394618e-02	9.918373e+00
2.070000e-06	-2.246064e-02	1.016095e+01
2.080000e-06	-1.847505e-03	1.037952e+01
2.090000e-06	-3.038994e-02	1.054055e+01
2.100000e-06	-2.308272e-02	1.077955e+01
2.110000e-06	-4.114119e-02	1.093947e+01
2.120000e-06	-1.641290e-02	1.120303e+01
2.130000e-06	-2.030952e-02	1.136302e+01
2.140000e-06	-2.643926e-02	1.157958e+01
2.150000e-06	-3.888846e-02	1.180158e+01
2.160000e-06	-3.184385e-02	1.201010e+01
2.170000e-06	-2.126242e-02	1.212902e+01
2.180000e-06	-2.893672e-02	1.230697e+01
2.190000e-06	-3.777443e-02	1.250587e+01
2.200000e-06	-4.406313e-02	1.264528e+01
2.210000e-06	-3.177929e-02	1.282266e+01
2.220000e-06	-3.528286e-02	1.294050e+01
2.230000e-06	-4.294968e-02	1.311692e+01
2.240000e-06	-5.056182e-02	1.326481e+01
2.250000e-06	-3.821014e-02	1.337266e+01
2.260000e-06	-3.734847e-02	1.354097e+01
2.270000e-06	-4.526945e-02	1.365529e+01
2.280000e-06	-5.893634e-02	1.377367e+01
2.290000e-06	-5.573504e-02	1.393954e+01
2.300000e-06	-4.972432e-02	1.405744e+01
2.310000e-06	-5.077470e-02	1.419421e+01
2.320000e-06	-6.102598e-02	1.429844e+01
2.330000e-06	-6.466138e-02	1.442416e+01
2.340000e-06	-5.768405e-02	1.455741e+01
2.350000e-06	-6.010890e-02	1.457167e+01
2.360000e-06	-6.616815e-02	1.468739e+01
2.370000e-06	-7.542680e-02	1.479257e+01
2.380000e-06	-7.141158e-02	1.482268e+01
2.390000e-06	-6.979607e-02	1.491536e+01
2.400000e-06	-7.653760e-02	1.493959e+01
2.410000e-06	-8.796554e-02	1.502475e+01
2.420000e-06	-9.043369e-02	1.505639e+01
2.430000e-06	-8.556147e-02	1.509637e+01
2.440000e-06	-8.722681e-02	1.511907e+01
2.450000e-06	-9.493647e-02	1.519265e+01
2.460000e-06	-1.022670e-01	1.521470e+01
2.470000e-06	-1.010409e-01	1.526628e+01
2.480000e-06	-1.039679e-01	1.523534e+01
2.490000e-06	-1.119196e-01	1.526488e+01
2.500000e-06	-1.213271e-01	1.526884e+01
2.510000e-06	-1.228538e-01	1.529694e+01
2.520000e-06	-1.228413e-01	1.527639e+01
2.530000e-06	-1.296300e-01	1.524781e+01
2.540000e-06	-1.436392e-01	1.524738e+01
2.550000e-06	-1.536292e-01	1.519528e+01
2.560000e-06	-1.596470e-01	1.519435e+01
2.570000e-06	-1.715757e-01	1.518167e+01
2.580000e-06	-1.913120e-01	1.516102e+01
2.590000e-06	-2.158124e-01	1.509894e+01
2.600000e-06	-2.390131e-01	1.508628e+01
2.610000e-06	-2.491319e-01	1.504328e+01
2.620000e-06	-2.500000e-01	1.495864e+01
2.630000e-06	-2.500000e-01	1.490746e+01
2.640000e-06	-2.500000e-01	1.482478e+01
2.650000e-06	-2.500000e-01	1.475107e+01
2.660000e-06	-2.500000e-01	1.467788e+01
2.670000e-06	-2.500000e-01	1.456307e+01
2.680000e-06	-2.441184e-01	1.448788e+01
2.690000e-06	-2.149334e-01	1.440217e+01
2.700000e-06	-1.868674e-01	1.432836e+01
2.710000e-06	-1.665870e-01	1.418162e+01
2.720000e-06	-1.526220e-01	1.404738e+01
2.730000e-06	-1.349157e-01	1.389099e+01
2.740000e-06	-1.202622e-01	1.378367e+01
2.750000e-06	-1.090682e-01	1.366683e+01
2.760000e-06	-1.036432e-01	1.355909e+01
2.770000e-06	-9.738690e-02	1.340477e+01
2.780000e-06	-8.704903e-02	1.327744e+01
2.790000e-06	-7.854305e-02	1.313853e+01
2.800000e-06	-7.492179e-02	1.294101e+01
2.810000e-06	-7.123333e-02	1.283423e+01
2.820000e-06	-6.689658e-02	1.268836e+01
2.830000e-06	-5.996744e-02	1.250849e+01
2.840000e-06	-5.958928e-02	1.236064e+01
2.850000e-06	-5.974250e-02	1.215199e+01
2.860000e-06	-5.630784e-02	1.202367e+01
2.870000e-06	-5.188881e-02	1.180369e+01
2.880000e-06	-4.534904e-02	1.161314e+01
2.890000e-06	-4.820227e-02	1.140417e+01
2.900000e-06	-4.519233e-02	1.119417e+01
2.910000e-06	-4.278249e-02	1.098422e+01
2.920000e-06	-3.854796e-02	1.084267e+01
2.930000e-06	-4.066402e-02	1.060420e+01
2.940000e-06	-4.090948e-02	1.040372e+01
2.950000e-06	-3.868869e-02	1.018317e+01
2.960000e-06	-3.556013e-02	9.991125e+00
2.970000e-06	-3.318272e-02	9.720013e+00
2.980000e-06	-3.496844e-02	9.508964e+00
2.990000e-06	-3.330634e-02	9.359412e+00
3.000000e-06	-2.972213e-02	9.097255e+00
3.010000e-06	-2.848237e-02	8.843250e+00
3.020000e-06	-2.975911e-02	8.612196e+00
3.030000e-06	-3.059487e-02	8.412646e+00
3.040000e-06	-2.874578e-02	8.141037e+00
3.050000e-06	-2.710199e-02	7.917384e+00
3.060000e-06	-2.670256e-02	7.643801e+00
3.070000e-06	-2.641738e-02	7.383013e+00
3.080000e-06	-2.481951e-02	7.127885e+00
3.090000e-06	-2.216250e-02	6.885255e+00
3.100000e-06	-2.133081e-02	6.583642e+00
3.110000e-06	-2.402918e-02	6.339439e+00
3.120000e-06	-2.358821e-02	6.077805e+00
3.130000e-06	-2.287338e-02	5.854627e+00
3.140000e-06	-2.015691e-02	5.549590e+00
3.150000e-06	-2.106526e-02	5.328761e+00
3.160000e-06	-2.098309e-02	5.001062e+00
3.170000e-06	-1.917042e-02	4.664776e+00
3.180000e-06	-1.946602e-02	4.422648e+00
3.190000e-06	-1.750824e-02	4.128885e+00
3.200000e-06	-1.981139e-02	3.874775e+00
3.210000e-06	-1.607507e-02	3.592622e+00
3.220000e-06	-1.500973e-02	3.317314e+00
3.230000e-06	-1.435873e-02	3.053598e+00
3.240000e-06	-1.472033e-02	2.790069e+00
3.250000e-06	-1.865062e-02	2.505702e+00
3.260000e-06	-1.537739e-02	2.173066e+00
3.270000e-06	-1.529722e-02	1.938341e+00
3.280000e-06	-1.319238e-02	1.663625e+00
3.290000e-06	-1.141759e-02	1.339988e+00
3.300000e-06	-1.037762e-02	1.062565e+00
3.310000e-06	-8.682584e-03	7.482846e-01
3.320000e-06	-9.956424e-03	4.541505e-01
3.330000e-06	-1.142539e-02	1.819346e-01
3.340000e-06	-8.983887e-03	-7.379423e-02
3.350000e-06	2.206226e-03	-3.569498e-01
3.360000e-06	-1.038583e-03	-6.305850e-01
3.370000e-06	1.223484e-03	-8.748170e-01
3.380000e-06	2.454346e-04	-1.167505e+00
3.390000e-06	1.499632e-03	-1.484218e+00
3.400000e-06	1.867791e-03	-1.717348e+00
3.410000e-06	2.411674e-02	-1.916844e+00
3.420000e-06	1.000475e-01	-2.189042e+00
3.430000e-06	5.312127e-02	-2.587959e+00
3.440000e-06	-5.262327e-02	-2.966431e+00
3.450000e-06	-9.994648e-03	-3.305345e+00
3.460000e-06	-4.620929e-02	-3.526890e+00
3.470000e-06	-6.773552e-02	-3.736252e+00
3.480000e-06	-9.125231e-03	-3.958947e+00
3.490000e-06	1.273709e-01	-4.095344e+00
3.500000e-06	-1.297774e-01	-4.390037e+00
3.510000e-06	1.539567e-01	-4.666266e+00
3.520000e-06	-2.121992e-02	-4.936402e+00
3.530000e-06	-3.361024e-02	-5.306897e+00
3.540000e-06	8.066067e-02	-5.538369e+00
3.550000e-06	-1.433097e-01	-5.863768e+00
3.560000e-06	1.541238e-01	-6.065365e+00
3.570000e-06	-5.007674e-02	-6.346403e+00
3.580000e-06	5.121304e-02	-6.654212e+00
3.590000e-06	3.631757e-02	-6.914246e+00
3.600000e-06	-6.803116e-02	-7.240609e+00
3.610000e-06	9.870786e-02	-7.433187e+00
3.620000e-06	-8.151975e-02	-7.687378e+00
3.630000e-06	1.030278e-01	-7.961107e+00
3.640000e-06	-2.152717e-02	-8.222683e+00
3.650000e-06	2.473237e-02	-8.453715e+00
3.660000e-06	6.128772e-02	-8.696492e+00
3.670000e-06	-6.546329e-02	-8.961505e+00
3.680000e-06	8.005077e-02	-9.179026e+00
3.690000e-06	-4.952366e-02	-9.400632e+00
3.700000e-06	9.933165e-02	-9.623686e+00
3.710000e-06	-1.633751e-02	-9.853109e+00
3.720000e-06	5.049162e-02	-1.006484e+01
3.730000e-06	8.543602e-03	-1.026781e+01
3.740000e-06	1.314708e-02	-1.051689e+01
3.750000e-06	4.879411e-02	-1.069785e+01
3.760000e-06	-1.303570e-02	-1.090582e+01
3.770000e-06	6.333634e-02	-1.110879e+01
3.780000e-06	-8.755088e-03	-1.127540e+01
3.790000e-06	7.153404e-02	-1.154797e+01
3.800000e-06	-4.640450e-03	-1.172890e+01
3.810000e-06	5.063836e-02	-1.192903e+01
3.820000e-06	1.207870e-02	-1.207734e+01
3.830000e-06	5.208056e-02	-1.228794e+01
3.840000e-06	3.037559e-02	-1.244476e+01
3.850000e-06	3.062425e-02	-1.263368e+01
3.860000e-06	3.566330e-02	-1.279007e+01
3.870000e-06	3.228123e-02	-1.295005e+01
3.880000e-06	5.125300e-02	-1.305587e+01
3.890000e-06	3.022832e-02	-1.323571e+01
3.900000e-06	5.341448e-02	-1.336208e+01
3.910000e-06	3.453409e-02	-1.354000e+01
3.920000e-06	5.881233e-02	-1.366481e+01
3.930000e-06	3.513914e-02	-1.375270e+01
3.940000e-06	4.941968e-02	-1.389992e+01
3.950000e-06	3.965827e-02	-1.403479e+01
3.960000e-06	6.069865e-02	-1.414057e+01
3.970000e-06	5.398235e-02	-1.425841e+01
3.980000e-06	5.718571e-02	-1.438023e+01
3.990000e-06	5.416393e-02	-1.449787e+01
4.000000e-06	6.234621e-02	-1.455320e+01
4.010000e-06	6.637070e-02	-1.466531e+01
4.020000e-06	6.268144e-02	-1.475007e+01
4.030000e-06	6.599354e-02	-1.483378e+01
4.040000e-06	6.611197e-02	-1.488792e+01
4.050000e-06	7.765002e-02	-1.494352e+01
4.060000e-06	7.024133e-02	-1.501465e+01
4.070000e-06	7.555008e-02	-1.504691e+01
4.080000e-06	7.613641e-02	-1.511954e+01
4.090000e-06	8.952215e-02	-1.517112e+01
4.100000e-06	8.932372e-02	-1.520265e+01
4.110000e-06	9.128599e-02	-1.522478e+01
4.120000e-06	9.036407e-02	-1.522651e+01
4.130000e-06	9.668570e-02	-1.531736e+01
4.140000e-06	1.026125e-01	-1.530792e+01
4.150000e-06	1.049085e-01	-1.533102e+01
4.160000e-06	1.092058e-01	-1.530047e+01
4.170000e-06	1.161876e-01	-1.537167e+01
4.180000e-06	1.261495e-01	-1.532997e+01
4.190000e-06	1.293920e-01	-1.532907e+01
4.200000e-06	1.339317e-01	-1.526706e+01
4.210000e-06	1.412723e-01	-1.527736e+01
4.220000e-06	1.565142e-01	-1.524683e+01
4.230000e-06	1.722563e-01	-1.519373e+01
4.240000e-06	1.883991e-01	-1.519262e+01
4.250000e-06	2.093873e-01	-1.510996e+01
4.260000e-06	2.376771e-01	-1.510791e+01
4.270000e-06	2.493774e-01	-1.499373e+01
4.280000e-06	2.500000e-01	-1.493202e+01
4.290000e-06	2.500000e-01	-1.490891e+01
4.300000e-06	2.500000e-01	-1.484531e+01
4.310000e-06	2.500000e-01	-1.476112e+01
4.320000e-06	2.500000e-01	-1.470831e+01
4.330000e-06	2.492637e-01	-1.462363e+01
4.340000e-06	2.286496e-01	-1.452939e+01
4.350000e-06	1.999336e-01	-1.443575e+01
4.360000e-06	1.762400e-01	-1.431996e+01
4.370000e-06	1.542547e-01	-1.417360e+01
4.380000e-06	1.355806e-01	-1.406739e+01
4.390000e-06	1.208685e-01	-1.397359e+01
4.400000e-06	1.098169e-01	-1.385720e+01
4.410000e-06	9.900177e-02	-1.369891e+01
4.420000e-06	8.837268e-02	-1.355204e+01
4.430000e-06	7.955150e-02	-1.342418e+01
4.440000e-06	7.575450e-02	-1.327784e+01
4.450000e-06	6.960458e-02	-1.316101e+01
4.460000e-06	6.330030e-02	-1.298310e+01
4.470000e-06	5.711593e-02	-1.285576e+01
4.480000e-06	5.422514e-02	-1.270733e+01
4.490000e-06	5.166482e-02	-1.253099e+01
4.500000e-06	4.756984e-02	-1.236214e+01
4.510000e-06	4.191389e-02	-1.220510e+01
4.520000e-06	4.055494e-02	-1.199267e+01
4.530000e-06	3.939453e-02	-1.175470e+01
4.540000e-06	3.667404e-02	-1.161370e+01
4.550000e-06	3.246301e-02	-1.145307e+01
4.560000e-06	2.965583e-02	-1.118262e+01
4.570000e-06	2.951587e-02	-1.095207e+01
4.580000e-06	2.966321e-02	-1.080215e+01
4.590000e-06	2.620785e-02	-1.057310e+01
4.600000e-06	2.447961e-02	-1.037305e+01
4.610000e-06	2.229538e-02	-1.011999e+01
4.620000e-06	2.276011e-02	-9.958389e+00
4.630000e-06	2.059268e-02	-9.739938e+00
4.640000e-06	1.904326e-02	-9.519908e+00
4.650000e-06	1.588248e-02	-9.288385e+00
4.660000e-06	1.830960e-02	-9.045726e+00
4.670000e-06	1.596092e-02	-8.884753e+00
4.680000e-06	1.495255e-02	-8.573571e+00
4.690000e-06	1.049036e-02	-8.351538e+00
4.700000e-06	1.281114e-02	-8.129938e+00
4.710000e-06	1.156424e-02	-7.915827e+00
4.720000e-06	1.212959e-02	-7.613094e+00
4.730000e-06	7.468828e-03	-7.340939e+00
4.740000e-06	7.781561e-03	-7.078905e+00
4.750000e-06	6.932832e-03	-6.843701e+00
4.760000e-06	7.740559e-03	-6.591514e+00
4.770000e-06	5.322202e-03	-6.319937e+00
4.780000e-06	3.893663e-03	-6.055779e+00
4.790000e-06	3.826813e-03	-5.792038e+00
4.800000e-06	5.030036e-03	-5.517915e+00
4.810000e-06	3.642653e-03	-5.244196e+00
4.820000e-06	1.817090e-03	-4.907910e+00
4.830000e-06	1.236206e-03	-4.582147e+00
4.840000e-06	2.099731e-03	-4.381041e+00
4.850000e-06	2.035446e-03	-4.137910e+00
4.860000e-06	-2.009892e-03	-3.904700e+00
4.870000e-06	-2.431307e-03	-3.569939e+00
4.880000e-06	-3.384577e-03	-3.336336e+00
4.890000e-06	-1.448318e-03	-3.044043e+00
4.900000e-06	-2.786061e-03	-2.737411e+00
4.910000e-06	-3.689693e-03	-2.475256e+00
4.920000e-06	-3.575316e-03	-2.182364e+00
4.930000e-06	-2.763502e-03	-1.886280e+00
4.940000e-06	-4.620925e-03	-1.644100e+00
4.950000e-06	-6.922942e-03	-1.308756e+00
4.960000e-06	-7.608588e-03	-9.695876e-01
4.970000e-06	-5.842616e-03	-7.068660e-01
4.980000e-06	-5.742669e-03	-4.626213e-01
4.990000e-06	-6.334223e-03	-1.384149e-01
5.000000e-06	-3.440493e-04	7.319298e-02
5.010000e-06	6.307229e-03	3.898538e-01
5.020000e-06	1.330631e-04	6.520390e-01
5.030000e-06	4.314479e-03	9.027220e-01
5.040000e-06	-2.511635e-03	1.219005e+00
5.050000e-06	9.834191e-04	1.492712e+00
5.060000e-06	-1.961578e-03	1.756923e+00
5.070000e-06	1.710633e-02	1.989425e+00
5.080000e-06	6.599141e-02	2.222064e+00
5.090000e-06	7.762544e-02	2.586935e+00
5.100000e-06	-4.801238e-02	2.903747e+00
5.110000e-06	-2.948982e-02	3.158926e+00
5.120000e-06	-3.816766e-02	3.483243e+00
5.130000e-06	-3.601572e-02	3.715344e+00
5.140000e-06	-8.401261e-02	3.925321e+00
5.150000e-06	2.597781e-02	4.156925e+00
5.160000e-06	6.017532e-02	4.452715e+00
5.170000e-06	-8.822941e-02	4.676296e+00
5.180000e-06	1.379992e-01	5.018476e+00
5.190000e-06	-6.352326e-02	5.335375e+00
5.200000e-06	-2.391363e-02	5.588998e+00
5.210000e-06	1.315055e-02	5.885317e+00
5.220000e-06	-4.077756e-02	6.107290e+00
5.230000e-06	5.616938e-02	6.369454e+00
5.240000e-06	-5.292382e-02	6.672240e+00
5.250000e-06	1.275617e-02	6.927766e+00
5.260000e-06	-1.998124e-02	7.161478e+00
5.270000e-06	-1.393675e-02	7.454112e+00
5.280000e-06	-1.158232e-02	7.716823e+00
5.290000e-06	-4.184136e-02	8.004108e+00
5.300000e-06	3.680699e-02	8.263690e+00
5.310000e-06	-2.735255e-02	8.454715e+00
5.320000e-06	1.735584e-03	8.674789e+00
5.330000e-06	-2.681315e-02	8.917398e+00
5.340000e-06	-4.551989e-02	9.149050e+00
5.350000e-06	7.100089e-03	9.379098e+00
5.360000e-06	-2.294911e-02	9.622583e+00
5.370000e-06	-3.101512e-03	9.852761e+00
5.380000e-06	-3.987167e-02	1.005414e+01
5.390000e-06	8.935769e-04	1.029381e+01
5.400000e-06	-2.621229e-02	1.044634e+01
5.410000e-06	-2.538474e-02	1.069279e+01
5.420000e-06	-3.134828e-02	1.086679e+01
5.430000e-06	-3.093771e-02	1.110529e+01
5.440000e-06	-8.681764e-03	1.127789e+01
5.450000e-06	-3.226145e-02	1.146789e+01
5.460000e-06	-2.719159e-02	1.167740e+01
5.470000e-06	-4.481404e-02	1.192742e+01
5.480000e-06	-1.945884e-02	1.206476e+01
5.490000e-06	-2.987658e-02	1.225531e+01
5.500000e-06	-3.222214e-02	1.243271e+01
5.510000e-06	-4.357710e-02	1.257150e+01
5.520000e-06	-3.709094e-02	1.275050e+01
5.530000e-06	-3.089768e-02	1.286742e+01
5.540000e-06	-4.237262e-02	1.301571e+01
5.550000e-06	-4.570855e-02	1.321071e+01
5.560000e-06	-4.648056e-02	1.328002e+01
5.570000e-06	-3.378599e-02	1.349639e+01
5.580000e-06	-4.414920e-02	1.363323e+01
5.590000e-06	-5.250992e-02	1.370045e+01
5.600000e-06	-5.963293e-02	1.385686e+01
5.610000e-06	-5.042538e-02	1.401268e+01
5.620000e-06	-5.174994e-02	1.415108e+01
5.630000e-06	-5.627255e-02	1.425633e+01
5.640000e-06	-6.480004e-02	1.434255e+01
5.650000e-06	-5.897056e-02	1.446586e+01
5.660000e-06	-5.606404e-02	1.454212e+01
5.670000e-06	-6.480640e-02	1.464531e+01
5.680000e-06	-7.149014e-02	1.474887e+01
5.690000e-06	-7.651519e-02	1.479270e+01
5.700000e-06	-7.062343e-02	1.483481e+01
5.710000e-06	-7.512981e-02	1.489799e+01
5.720000e-06	-8.375553e-02	1.497062e+01
5.730000e-06	-8.859552e-02	1.505476e+01
5.740000e-06	-8.542054e-02	1.509629e+01
5.750000e-06	-8.372821e-02	1.512949e+01
5.760000e-06	-9.135208e-02	1.516067e+01
5.770000e-06	-1.009655e-01	1.520513e+01
5.780000e-06	-1.024257e-01	1.522225e+01
5.790000e-06	-1.036883e-01	1.521530e+01
5.800000e-06	-1.079793e-01	1.522581e+01
5.810000e-06	-1.189442e-01	1.526784e+01
5.820000e-06	-1.212172e-01	1.523781e+01
5.830000e-06	-1.223037e-01	1.527788e+01
5.840000e-06	-1.255604e-01	1.527583e+01
5.850000e-06	-1.390312e-01	1.524478e+01
5.860000e-06	-1.513651e-01	1.526833e+01
5.870000e-06	-1.579656e-01	1.519322e+01
5.880000e-06	-1.667885e-01	1.517355e+01
5.890000e-06	-1.826339e-01	1.515007e+01
5.900000e-06	-2.066949e-01	1.514041e+01
5.910000e-06	-2.303408e-01	1.509686e+01
5.920000e-06	-2.470492e-01	1.505568e+01
5.930000e-06	-2.500000e-01	1.498259e+01
5.940000e-06	-2.500000e-01	1.492842e+01
5.950000e-06	-2.500000e-01	1.483531e+01
5.960000e-06	-2.500000e-01	1.478205e+01
5.970000e-06	-2.500000e-01	1.469841e+01
5.980000e-06	-2.500000e-01	1.461465e+01
5.990000e-06	-2.492685e-01	1.453749e+01
6.000000e-06	-2.270930e-01	1.443823e+01
6.010000e-06	-1.971850e-01	1.430949e+01
6.020000e-06	-1.729167e-01	1.423518e+01
6.030000e-06	-1.578387e-01	1.410746e+01
6.040000e-06	-1.411191e-01	1.397364e+01
6.050000e-06	-1.261319e-01	1.384681e+01
6.060000e-06	-1.117323e-01	1.371999e+01
6.070000e-06	-1.066100e-01	1.360209e+01
6.080000e-06	-9.910661e-02	1.346720e+01
6.090000e-06	-9.139180e-02	1.333946e+01
6.100000e-06	-8.071519e-02	1.323270e+01
6.110000e-06	-7.680688e-02	1.304468e+01
6.120000e-06	-7.335789e-02	1.289636e+01
6.130000e-06	-7.072402e-02	1.274047e+01
6.140000e-06	-6.290249e-02	1.254055e+01
6.150000e-06	-6.085008e-02	1.242375e+01
6.160000e-06	-5.843572e-02	1.222670e+01
6.170000e-06	-5.718756e-02	1.210831e+01
6.180000e-06	-5.086161e-02	1.186886e+01
6.190000e-06	-4.823500e-02	1.167891e+01
6.200000e-06	-4.689820e-02	1.149996e+01
6.210000e-06	-4.808464e-02	1.126736e+01
6.220000e-06	-4.594760e-02	1.107730e+01
6.230000e-06	-4.082324e-02	1.088981e+01
6.240000e-06	-4.010121e-02	1.065531e+01
6.250000e-06	-3.913478e-02	1.050988e+01
6.260000e-06	-3.904556e-02	1.028833e+01
6.270000e-06	-3.535617e-02	1.006480e+01
6.280000e-06	-3.437177e-02	9.814723e+00
6.290000e-06	-3.494892e-02	9.614641e+00
6.300000e-06	-3.459945e-02	9.383143e+00
6.310000e-06	-3.178423e-02	9.179038e+00
6.320000e-06	-3.005340e-02	8.918936e+00
6.330000e-06	-2.982153e-02	8.706334e+00
6.340000e-06	-2.974228e-02	8.497304e+00
6.350000e-06	-2.834278e-02	8.215750e+00
6.360000e-06	-2.624954e-02	7.992067e+00
6.370000e-06	-2.610909e-02	7.761463e+00
6.380000e-06	-2.581684e-02	7.456353e+00
6.390000e-06	-2.609688e-02	7.222118e+00
6.400000e-06	-2.347249e-02	6.960492e+00
6.410000e-06	-2.293652e-02	6.697926e+00
6.420000e-06	-2.283801e-02	6.433230e+00
6.430000e-06	-2.402638e-02	6.192044e+00
6.440000e-06	-2.156825e-02	5.919413e+00
6.450000e-06	-2.119999e-02	5.687255e+00
6.460000e-06	-2.042479e-02	5.403067e+00
6.470000e-06	-2.123956e-02	5.079281e+00
6.480000e-06	-2.010181e-02	4.759593e+00
6.490000e-06	-1.831986e-02	4.477435e+00
6.500000e-06	-1.661773e-02	4.224210e+00
6.510000e-06	-1.762656e-02	3.970388e+00
6.520000e-06	-1.722341e-02	3.685831e+00
6.530000e-06	-1.779907e-02	3.453596e+00
6.540000e-06	-1.562183e-02	3.146890e+00
6.550000e-06	-1.665244e-02	2.875753e+00
6.560000e-06	-1.699550e-02	2.562568e+00
6.570000e-06	-1.508239e-02	2.315253e+00
6.580000e-06	-1.211088e-02	2.054652e+00
6.590000e-06	-1.174031e-02	1.778939e+00
6.600000e-06	-1.228887e-02	1.473173e+00
6.610000e-06	-1.295809e-02	1.129436e+00
6.620000e-06	-1.248121e-02	8.211241e-01
6.630000e-06	-1.108047e-02	5.394899e-01
6.640000e-06	-1.151825e-02	2.852569e-01
6.650000e-06	-8.247215e-03	-2.095020e-02
6.660000e-06	-4.848246e-04	-2.722143e-01
6.670000e-06	5.096278e-03	-5.342482e-01
6.680000e-06	-1.689289e-03	-8.315564e-01
6.690000e-06	2.528868e-03	-1.042589e+00
6.700000e-06	-2.162496e-03	-1.358857e+00
6.710000e-06	1.628214e-03	-1.621058e+00
6.720000e-06	9.988390e-03	-1.830664e+00
6.730000e-06	6.553694e-02	-2.073689e+00
6.740000e-06	1.041870e-01	-2.419562e+00
6.750000e-06	-4.146482e-02	-2.820994e+00
6.760000e-06	-1.126567e-02	-3.139555e+00
6.770000e-06	-3.843198e-02	-3.461533e+00
6.780000e-06	-4.495402e-02	-3.602533e+00
6.790000e-06	-7.543977e-02	-3.852242e+00
6.800000e-06	1.373925e-01	-4.052633e+00
6.810000e-06	-6.220247e-02	-4.284797e+00
6.820000e-06	1.108878e-02	-4.600029e+00
6.830000e-06	1.014706e-01	-4.810589e+00
6.840000e-06	-1.345151e-01	-5.210535e+00
6.850000e-06	1.353813e-01	-5.483187e+00
6.860000e-06	-1.250458e-01	-5.746854e+00
6.870000e-06	5.086214e-02	-6.001559e+00
6.880000e-06	6.455324e-02	-6.252136e+00
6.890000e-06	-5.358739e-02	-6.579482e+00
6.900000e-06	1.179485e-01	-6.790560e+00
6.910000e-06	-1.004336e-01	-7.075871e+00
6.920000e-06	8.167938e-02	-7.358476e+00
6.930000e-06	-2.983080e-02	-7.592555e+00
6.940000e-06	1.714819e-02	-7.936920e+00
6.950000e-06	7.144830e-02	-8.116973e+00
6.960000e-06	-5.474899e-02	-8.390450e+00
6.970000e-06	1.173955e-01	-8.613655e+00
6.980000e-06	-7.260333e-02	-8.864167e+00
6.990000e-06	5.518756e-02	-9.094344e+00
7.000000e-06	-1.644249e-02	-9.296820e+00
7.010000e-06	3.960559e-02	-9.559479e+00
7.020000e-06	5.234095e-02	-9.758527e+00
7.030000e-06	-1.043778e-02	-1.001195e+01
7.040000e-06	6.657958e-02	-1.017103e+01
7.050000e-06	-3.337923e-02	-1.043269e+01
7.060000e-06	7.838063e-02	-1.063211e+01
7.070000e-06	-2.546600e-02	-1.082206e+01
7.080000e-06	6.054119e-02	-1.105359e+01
7.090000e-06	2.965559e-03	-1.122466e+01
7.100000e-06	5.053490e-02	-1.145427e+01
7.110000e-06	2.557436e-02	-1.164416e+01
7.120000e-06	2.154888e-02	-1.188327e+01
7.130000e-06	3.814389e-02	-1.205429e+01
7.140000e-06	2.317931e-02	-1.222321e+01
7.150000e-06	5.692257e-02	-1.243158e+01
7.160000e-06	1.295910e-02	-1.255995e+01
7.170000e-06	4.845854e-02	-1.273792e+01
7.180000e-06	1.880094e-02	-1.286532e+01
7.190000e-06	5.756365e-02	-1.304316e+01
7.200000e-06	2.797671e-02	-1.322213e+01
7.210000e-06	5.161929e-02	-1.329995e+01
7.220000e-06	3.639482e-02	-1.345439e+01
7.230000e-06	5.396915e-02	-1.363468e+01
7.240000e-06	4.364631e-02	-1.376087e+01
7.250000e-06	4.274364e-02	-1.385534e+01
7.260000e-06	4.372316e-02	-1.399311e+01
7.270000e-06	5.111961e-02	-1.412899e+01
7.280000e-06	6.033465e-02	-1.419471e+01
7.290000e-06	5.167055e-02	-1.434007e+01
7.300000e-06	5.725596e-02	-1.447676e+01
7.310000e-06	5.467124e-02	-1.452000e+01
7.320000e-06	6.903239e-02	-1.466626e+01
7.330000e-06	6.027755e-02	-1.474702e+01
7.340000e-06	6.725657e-02	-1.480266e+01
7.350000e-06	6.391434e-02	-1.485736e+01
7.360000e-06	7.631674e-02	-1.493997e+01
7.370000e-06	7.035483e-02	-1.496363e+01
7.380000e-06	7.428965e-02	-1.505681e+01
7.390000e-06	7.455394e-02	-1.506791e+01
7.400000e-06	8.520835e-02	-1.516862e+01
7.410000e-06	8.985339e-02	-1.519065e+01
7.420000e-06	8.908152e-02	-1.521475e+01
7.430000e-06	9.156759e-02	-1.525533e+01
7.440000e-06	9.402131e-02	-1.527791e+01
7.450000e-06	1.024305e-01	-1.531846e+01
7.460000e-06	1.031756e-01	-1.536945e+01
7.470000e-06	1.080273e-01	-1.533204e+01
7.480000e-06	1.124606e-01	-1.533092e+01
7.490000e-06	1.220090e-01	-1.534902e+01
7.500000e-06	1.274053e-01	-1.531899e+01
7.510000e-06	1.304485e-01	-1.528034e+01
7.520000e-06	1.382487e-01	-1.527632e+01
7.530000e-06	1.507834e-01	-1.524489e+01
7.540000e-06	1.663447e-01	-1.523515e+01
7.550000e-06	1.813554e-01	-1.523268e+01
7.560000e-06	1.998055e-01	-1.515060e+01
7.570000e-06	2.260298e-01	-1.508992e+01
7.580000e-06	2.465538e-01	-1.505581e+01
7.590000e-06	2.500000e-01	-1.498112e+01
7.600000e-06	2.500000e-01	-1.491251e+01
7.610000e-06	2.500000e-01	-1.486789e+01
7.620000e-06	2.500000e-01	-1.479317e+01
7.630000e-06	2.500000e-01	-1.471797e+01
7.640000e-06	2.500000e-01	-1.467476e+01
7.650000e-06	2.376180e-01	-1.455107e+01
7.660000e-06	2.099964e-01	-1.446581e+01
7.670000e-06	1.856417e-01	-1.440992e+01
7.680000e-06	1.617550e-01	-1.425383e+01
7.690000e-06	1.412396e-01	-1.412099e+01
7.700000e-06	1.252228e-01	-1.401425e+01
7.710000e-06	1.140011e-01	-1.387889e+01
7.720000e-06	1.031698e-01	-1.376209e+01
7.730000e-06	9.187977e-02	-1.363475e+01
7.740000e-06	8.246602e-02	-1.345638e+01
7.750000e-06	7.747997e-02	-1.336099e+01
7.760000e-06	7.279365e-02	-1.319175e+01
7.770000e-06	6.689192e-02	-1.304635e+01
7.780000e-06	5.809717e-02	-1.290689e+01
7.790000e-06	5.464723e-02	-1.276257e+01
7.800000e-06	5.273147e-02	-1.257312e+01
7.810000e-06	5.055384e-02	-1.244273e+01
7.820000e-06	4.353016e-02	-1.223578e+01
7.830000e-06	4.055772e-02	-1.206528e+01
7.840000e-06	3.946117e-02	-1.187833e+01
7.850000e-06	3.833833e-02	-1.170899e+01
7.860000e-06	3.420573e-02	-1.142738e+01
7.870000e-06	3.067443e-02	-1.123575e+01
7.880000e-06	2.854898e-02	-1.109470e+01
7.890000e-06	2.969345e-02	-1.086573e+01
7.900000e-06	2.769108e-02	-1.069590e+01
7.910000e-06	2.534170e-02	-1.049733e+01
7.920000e-06	2.231698e-02	-1.024430e+01
7.930000e-06	2.296622e-02	-9.993751e+00
7.940000e-06	2.207913e-02	-9.864146e+00
7.950000e-06	1.951837e-02	-9.602701e+00
7.960000e-06	1.759390e-02	-9.372092e+00
7.970000e-06	1.716602e-02	-9.158889e+00
7.980000e-06	1.709298e-02	-8.938863e+00
7.990000e-06	1.462439e-02	-8.667232e+00
8.000000e-06	1.265631e-02	-8.425277e+00
8.010000e-06	1.166153e-02	-8.212624e+00
8.020000e-06	1.289558e-02	-7.950043e+00
8.030000e-06	1.204279e-02	-7.697911e+00
8.040000e-06	9.547178e-03	-7.434122e+00
8.050000e-06	7.622931e-03	-7.170521e+00
8.060000e-06	8.197352e-03	-6.928913e+00
8.070000e-06	7.711772e-03	-6.686203e+00
8.080000e-06	5.562581e-03	-6.453176e+00
8.090000e-06	4.773398e-03	-6.128964e+00
8.100000e-06	3.877586e-03	-5.896784e+00
8.110000e-06	5.820736e-03	-5.683201e+00
8.120000e-06	3.338121e-03	-5.329887e+00
8.130000e-06	1.682353e-03	-5.032624e+00
8.140000e-06	1.563939e-04	-4.738464e+00
8.150000e-06	2.937947e-03	-4.453231e+00
8.160000e-06	1.094097e-03	-4.213097e+00
8.170000e-06	5.459004e-04	-3.961495e+00
8.180000e-06	-2.884510e-03	-3.646732e+00
8.190000e-06	-1.810042e-03	-3.403196e+00
8.200000e-06	-3.081402e-03	-3.136917e+00
8.210000e-06	-2.085133e-03	-2.822103e+00
8.220000e-06	-4.501096e-03	-2.561540e+00
8.230000e-06	-1.947936e-03	-2.315810e+00
8.240000e-06	-3.561411e-03	-1.960570e+00
8.250000e-06	-3.840274e-03	-1.745862e+00
8.260000e-06	-6.761924e-03	-1.433694e+00
8.270000e-06	-7.317976e-03	-1.116863e+00
8.280000e-06	-6.611891e-03	-8.116527e-01
8.290000e-06	-6.103524e-03	-5.159345e-01
8.300000e-06	-6.477097e-03	-2.736992e-01
8.310000e-06	-4.051608e-03	-1.002381e-02
8.320000e-06	6.306782e-03	2.637682e-01
8.330000e-06	1.206156e-04	5.163748e-01
8.340000e-06	3.231660e-03	7.594314e-01
8.350000e-06	-1.262587e-03	1.103269e+00
8.360000e-06	1.381009e-03	1.386348e+00
8.370000e-06	-2.411943e-03	1.693742e+00
8.380000e-06	8.101111e-03	1.914266e+00
8.390000e-06	3.955498e-02	2.145296e+00
8.400000e-06	9.771468e-02	2.432558e+00
8.410000e-06	-9.231693e-03	2.760080e+00
8.420000e-06	-4.310713e-02	3.071163e+00
8.430000e-06	-3.324050e-02	3.349929e+00
8.440000e-06	-2.942659e-02	3.650607e+00
8.450000e-06	-7.068601e-02	3.843684e+00
8.460000e-06	-3.624745e-02	4.052661e+00
8.470000e-06	9.134391e-02	4.327924e+00
8.480000e-06	-7.030026e-02	4.630636e+00
8.490000e-06	5.732826e-02	4.854137e+00
8.500000e-06	5.285159e-02	5.203062e+00
8.510000e-06	-9.967109e-02	5.494216e+00
8.520000e-06	5.058983e-02	5.797928e+00
8.530000e-06	-5.823433e-02	6.042635e+00
8.540000e-06	4.267221e-02	6.253211e+00
8.550000e-06	-1.296616e-02	6.509502e+00
8.560000e-06	-2.955348e-02	6.830559e+00
8.570000e-06	1.923119e-02	7.083212e+00
8.580000e-06	-4.396967e-02	7.369448e+00
8.590000e-06	1.730473e-02	7.621637e+00
8.600000e-06	-5.893234e-02	7.866269e+00
8.610000e-06	2.518151e-02	8.149953e+00
8.620000e-06	-3.882466e-03	8.381053e+00
8.630000e-06	-1.931978e-02	8.602106e+00
8.640000e-06	2.945027e-03	8.822186e+00
8.650000e-06	-6.183066e-02	9.105265e+00
8.660000e-06	4.434134e-03	9.305243e+00
8.670000e-06	-2.440072e-02	9.527873e+00
8.680000e-06	2.368151e-03	9.747924e+00
8.690000e-06	-3.644823e-02	9.992999e+00
8.700000e-06	-1.001638e-02	1.015860e+01
8.710000e-06	-1.144475e-02	1.043110e+01
8.720000e-06	-2.900326e-02	1.064113e+01
8.730000e-06	-2.449974e-02	1.080308e+01
8.740000e-06	-4.156721e-02	1.104313e+01
8.750000e-06	-9.656838e-03	1.122423e+01
8.760000e-06	-2.880251e-02	1.139271e+01
8.770000e-06	-2.340790e-02	1.162276e+01
8.780000e-06	-4.390732e-02	1.182316e+01
8.790000e-06	-2.394423e-02	1.204323e+01
8.800000e-06	-2.588682e-02	1.215253e+01
8.810000e-06	-2.922132e-02	1.237002e+01
8.820000e-06	-4.217683e-02	1.257092e+01
8.830000e-06	-4.224941e-02	1.264629e+01
8.840000e-06	-3.037639e-02	1.287418e+01
8.850000e-06	-3.751990e-02	1.295062e+01
8.860000e-06	-4.264791e-02	1.316052e+01
8.870000e-06	-5.023246e-02	1.326829e+01
8.880000e-06	-3.463743e-02	1.347529e+01
8.890000e-06	-4.146157e-02	1.355213e+01
8.900000e-06	-4.674058e-02	1.367739e+01
8.910000e-06	-6.038816e-02	1.381418e+01
8.920000e-06	-5.201461e-02	1.396262e+01
8.930000e-06	-4.922876e-02	1.407739e+01
8.940000e-06	-5.310871e-02	1.419226e+01
8.950000e-06	-6.237964e-02	1.432054e+01
8.960000e-06	-6.382347e-02	1.449571e+01
8.970000e-06	-5.579705e-02	1.449902e+01
8.980000e-06	-6.153097e-02	1.461273e+01
8.990000e-06	-6.767390e-02	1.467836e+01
9.000000e-06	-7.593389e-02	1.480165e+01
9.010000e-06	-7.050066e-02	1.486625e+01
9.020000e-06	-7.175781e-02	1.486689e+01
9.030000e-06	-7.945985e-02	1.491955e+01
9.040000e-06	-8.907373e-02	1.501315e+01
9.050000e-06	-8.856501e-02	1.509633e+01
9.060000e-06	-8.390750e-02	1.509889e+01
9.070000e-06	-8.836641e-02	1.513992e+01
9.080000e-06	-9.800986e-02	1.519262e+01
9.090000e-06	-1.027049e-01	1.524318e+01
9.100000e-06	-1.006431e-01	1.520583e+01
9.110000e-06	-1.038266e-01	1.527528e+01
9.120000e-06	-1.147684e-01	1.526539e+01
9.130000e-06	-1.225715e-01	1.525883e+01
9.140000e-06	-1.233303e-01	1.525786e+01
9.150000e-06	-1.231316e-01	1.523534e+01
9.160000e-06	-1.329829e-01	1.523636e+01
9.170000e-06	-1.459905e-01	1.526628e+01
9.180000e-06	-1.550896e-01	1.525325e+01
9.190000e-06	-1.614315e-01	1.519315e+01
9.200000e-06	-1.753830e-01	1.518150e+01
9.210000e-06	-1.978823e-01	1.514049e+01
9.220000e-06	-2.231150e-01	1.511788e+01
9.230000e-06	-2.422257e-01	1.505726e+01
9.240000e-06	-2.489835e-01	1.501215e+01
9.250000e-06	-2.500000e-01	1.495106e+01
9.260000e-06	-2.500000e-01	1.487684e+01
9.270000e-06	-2.500000e-01	1.481262e+01
9.280000e-06	-2.500000e-01	1.475999e+01
9.290000e-06	-2.500000e-01	1.465527e+01
9.300000e-06	-2.500000e-01	1.456199e+01
9.310000e-06	-2.386557e-01	1.445588e+01
9.320000e-06	-2.089725e-01	1.439162e+01
9.330000e-06	-1.812461e-01	1.426684e+01
9.340000e-06	-1.638734e-01	1.415009e+01
9.350000e-06	-1.483505e-01	1.402370e+01
9.360000e-06	-1.290524e-01	1.388904e+01
9.370000e-06	-1.155619e-01	1.373257e+01
9.380000e-06	-1.056869e-01	1.365588e+01
9.390000e-06	-1.044141e-01	1.352994e+01
9.400000e-06	-9.565014e-02	1.339359e+01
9.410000e-06	-8.746692e-02	1.326570e+01
9.420000e-06	-7.820685e-02	1.305893e+01
9.430000e-06	-7.527655e-02	1.292194e+01
9.440000e-06	-7.105473e-02	1.278157e+01
9.450000e-06	-6.431438e-02	1.262525e+01
9.460000e-06	-5.921021e-02	1.246583e+01
9.470000e-06	-5.829439e-02	1.230788e+01
9.480000e-06	-5.892758e-02	1.213841e+01
9.490000e-06	-5.542010e-02	1.194114e+01
9.500000e-06	-5.031677e-02	1.177406e+01
9.510000e-06	-4.768428e-02	1.158404e+01
9.520000e-06	-4.929867e-02	1.135254e+01
9.530000e-06	-4.597559e-02	1.117206e+01
9.540000e-06	-4.265901e-02	1.095099e+01
9.550000e-06	-3.737349e-02	1.080059e+01
9.560000e-06	-3.963143e-02	1.056054e+01
9.570000e-06	-3.955172e-02	1.036201e+01
9.580000e-06	-3.843737e-02	1.011104e+01
9.590000e-06	-3.451768e-02	9.908939e+00
9.600000e-06	-3.429583e-02	9.706854e+00
9.610000e-06	-3.595910e-02	9.445754e+00
9.620000e-06	-3.440037e-02	9.245727e+00
9.630000e-06	-3.058476e-02	9.005199e+00
9.640000e-06	-2.731736e-02	8.812117e+00
9.650000e-06	-2.838317e-02	8.551012e+00
9.660000e-06	-2.981294e-02	8.398511e+00
9.670000e-06	-2.856457e-02	8.106306e+00
9.680000e-06	-2.602292e-02	7.824751e+00
9.690000e-06	-2.604207e-02	7.592614e+00
9.700000e-06	-2.743783e-02	7.316858e+00
9.710000e-06	-2.568953e-02	7.044699e+00
9.720000e-06	-2.238335e-02	6.803118e+00
9.730000e-06	-2.159242e-02	6.530434e+00
9.740000e-06	-2.342327e-02	6.305751e+00
9.750000e-06	-2.345628e-02	6.063251e+00
9.760000e-06	-2.114498e-02	5.790514e+00
9.770000e-06	-1.985551e-02	5.507285e+00
9.780000e-06	-1.971305e-02	5.263093e+00
9.790000e-06	-2.123661e-02	4.897380e+00
9.800000e-06	-1.999282e-02	4.611040e+00
9.810000e-06	-1.988273e-02	4.379964e+00
9.820000e-06	-1.762130e-02	4.074204e+00
9.830000e-06	-1.858259e-02	3.791540e+00
9.840000e-06	-1.690858e-02	3.556939e+00
9.850000e-06	-1.529836e-02	3.235726e+00
9.860000e-06	-1.283274e-02	2.958966e+00
9.870000e-06	-1.539001e-02	2.717880e+00
9.880000e-06	-1.742300e-02	2.393022e+00
9.890000e-06	-1.744042e-02	2.138359e+00
9.900000e-06	-1.405413e-02	1.896202e+00
9.910000e-06	-1.254487e-02	1.588890e+00
9.920000e-06	-1.328245e-02	1.275278e+00
9.930000e-06	-1.303893e-02	9.499372e-01
9.940000e-06	-1.097899e-02	6.941742e-01
9.950000e-06	-9.439712e-03	3.905201e-01
9.960000e-06	-8.948267e-03	1.067068e-01
9.970000e-06	-5.804603e-03	-1.693510e-01
9.980000e-06	4.632878e-03	-3.900525e-01
9.990000e-06	-2.650854e-03	-7.256984e-01
1.000000e-05	1.442816e-03	-9.478499e-01
1.001000e-05	-4.044196e-03	-1.249160e+00
1.002000e-05	7.039294e-04	-1.548874e+00
1.003000e-05	2.422666e-03	-1.757950e+00
1.004000e-05	3.779472e-02	-2.010499e+00
1.005000e-05	1.155561e-01	-2.243214e+00
1.006000e-05	1.114940e-02	-2.661116e+00
1.007000e-05	-3.759914e-02	-3.073142e+00
1.008000e-05	-2.027836e-02	-3.326925e+00
1.009000e-05	-4.499539e-02	-3.526897e+00
1.010000e-05	-8.385789e-02	-3.769958e+00
1.011000e-05	5.311302e-02	-3.968977e+00
1.012000e-05	6.496463e-02	-4.188004e+00
1.013000e-05	-1.012425e-01	-4.534822e+00
1.014000e-05	1.932910e-01	-4.707870e+00
1.015000e-05	-1.095555e-01	-5.042143e+00
1.016000e-05	5.549012e-02	-5.410129e+00
1.017000e-05	-1.071363e-03	-5.642036e+00
1.018000e-05	-7.918253e-02	-5.906923e+00
1.019000e-05	1.513585e-01	-6.126824e+00
1.020000e-05	-8.759494e-02	-6.442139e+00
1.021000e-05	1.055752e-01	-6.715897e+00
1.022000e-05	-3.385772e-02	-6.997977e+00
1.023000e-05	-7.968251e-03	-7.274791e+00
1.024000e-05	6.110552e-02	-7.496245e+00
1.025000e-05	-6.580039e-02	-7.810628e+00
1.026000e-05	1.208353e-01	-8.022688e+00
1.027000e-05	-6.104772e-02	-8.304194e+00
1.028000e-05	8.247223e-02	-8.508397e+00
1.029000e-05	-6.901916e-04	-8.801032e+00
1.030000e-05	-2.282576e-02	-9.023184e+00
1.031000e-05	5.262519e-02	-9.223105e+00
1.032000e-05	-3.151045e-02	-9.482368e+00
1.033000e-05	1.028444e-01	-9.666268e+00
1.034000e-05	-3.432335e-02	-9.896271e+00
1.035000e-05	7.828200e-02	-1.010892e+01
1.036000e-05	-2.429090e-02	-1.034795e+01
1.037000e-05	5.015830e-02	-1.054858e+01
1.038000e-05	1.267334e-02	-1.074800e+01
1.039000e-05	1.539401e-02	-1.095058e+01
1.040000e-05	4.229309e-02	-1.114747e+01
1.041000e-05	8.672778e-03	-1.136153e+01
1.042000e-05	6.351413e-02	-1.158103e+01
1.043000e-05	-4.458182e-03	-1.170958e+01
1.044000e-05	5.484008e-02	-1.196107e+01
1.045000e-05	6.894266e-03	-1.214005e+01
1.046000e-05	6.284057e-02	-1.235845e+01
1.047000e-05	1.699374e-02	-1.246682e+01
1.048000e-05	4.269391e-02	-1.272386e+01
1.049000e-05	2.544780e-02	-1.284266e+01
1.050000e-05	4.475775e-02	-1.298060e+01
1.051000e-05	4.187329e-02	-1.313784e+01
1.052000e-05	3.774360e-02	-1.326836e+01
1.053000e-05	4.702444e-02	-1.340365e+01
1.054000e-05	4.061224e-02	-1.355158e+01
1.055000e-05	5.621329e-02	-1.367837e+01
1.056000e-05	3.616148e-02	-1.381478e+01
1.057000e-05	4.964937e-02	-1.395110e+01
1.058000e-05	4.104767e-02	-1.405731e+01
1.059000e-05	6.227048e-02	-1.420213e+01
1.060000e-05	5.047924e-02	-1.431902e+01
1.061000e-05	5.919047e-02	-1.443273e+01
1.062000e-05	5.174186e-02	-1.449790e+01
1.063000e-05	6.623331e-02	-1.461218e+01
1.064000e-05	6.327877e-02	-1.467834e+01
1.065000e-05	6.637477e-02	-1.477255e+01
1.066000e-05	6.396684e-02	-1.484376e+01
1.067000e-05	7.033608e-02	-1.488952e+01
1.068000e-05	7.469510e-02	-1.494213e+01
1.069000e-05	7.148270e-02	-1.500633e+01
1.070000e-05	7.543950e-02	-1.508789e+01
1.071000e-05	7.903920e-02	-1.514207e+01
1.072000e-05	9.049948e-02	-1.520210e+01
1.073000e-05	8.900757e-02	-1.519271e+01
1.074000e-05	9.159702e-02	-1.525633e+01
1.075000e-05	9.093474e-02	-1.528744e+01
1.076000e-05	9.903116e-02	-1.526949e+01
1.077000e-05	1.030966e-01	-1.531842e+01
1.078000e-05	1.070432e-01	-1.534107e+01
1.079000e-05	1.102442e-01	-1.535102e+01
1.080000e-05	1.187519e-01	-1.534004e+01
1.081000e-05	1.265844e-01	-1.532896e+01
1.082000e-05	1.292067e-01	-1.530889e+01
1.083000e-05	1.346851e-01	-1.528834e+01
1.084000e-05	1.452097e-01	-1.526736e+01
1.085000e-05	1.603591e-01	-1.528726e+01
1.086000e-05	1.761373e-01	-1.522425e+01
1.087000e-05	1.919893e-01	-1.519207e+01
1.088000e-05	2.155270e-01	-1.510951e+01
1.089000e-05	2.420895e-01	-1.507788e+01
1.090000e-05	2.496897e-01	-1.505515e+01
1.091000e-05	2.500000e-01	-1.494107e+01
1.092000e-05	2.500000e-01	-1.488841e+01
1.093000e-05	2.500000e-01	-1.484276e+01
1.094000e-05	2.500000e-01	-1.475895e+01
1.095000e-05	2.500000e-01	-1.467638e+01
1.096000e-05	2.455604e-01	-1.454062e+01
1.097000e-05	2.216318e-01	-1.450634e+01
1.098000e-05	1.940981e-01	-1.444312e+01
1.099000e-05	1.719167e-01	-1.425633e+01
1.100000e-05	1.491581e-01	-1.413217e+01
1.101000e-05	1.314562e-01	-1.406588e+01
1.102000e-05	1.184830e-01	-1.399054e+01
1.103000e-05	1.074455e-01	-1.382165e+01
1.104000e-05	9.519452e-02	-1.363586e+01
1.105000e-05	8.628985e-02	-1.354951e+01
1.106000e-05	7.945049e-02	-1.340257e+01
1.107000e-05	7.506219e-02	-1.325583e+01
1.108000e-05	6.861534e-02	-1.313741e+01
1.109000e-05	6.173268e-02	-1.297204e+01
1.110000e-05	5.569630e-02	-1.281273e+01
1.111000e-05	5.297869e-02	-1.268625e+01
1.112000e-05	5.144347e-02	-1.246784e+01
1.113000e-05	4.682588e-02	-1.231804e+01
1.114000e-05	4.129394e-02	-1.213854e+01
1.115000e-05	4.008133e-02	-1.197004e+01
1.116000e-05	3.944278e-02	-1.171204e+01
1.117000e-05	3.632424e-02	-1.156212e+01
1.118000e-05	3.231492e-02	-1.135099e+01
1.119000e-05	2.898381e-02	-1.112191e+01
1.120000e-05	3.050302e-02	-1.093836e+01
1.121000e-05	2.893295e-02	-1.073949e+01
1.122000e-05	2.618498e-02	-1.055189e+01
1.123000e-05	2.260897e-02	-1.034796e+01
1.124000e-05	2.218150e-02	-1.009988e+01
1.125000e-05	2.205659e-02	-9.917833e+00
1.126000e-05	2.103135e-02	-9.676334e+00
1.127000e-05	1.751191e-02	-9.436703e+00
1.128000e-05	1.646335e-02	-9.223247e+00
1.129000e-05	1.783030e-02	-9.022171e+00
1.130000e-05	1.672049e-02	-8.779697e+00
1.131000e-05	1.386853e-02	-8.549486e+00
1.132000e-05	1.081712e-02	-8.297959e+00
1.133000e-05	1.209564e-02	-8.097311e+00
1.134000e-05	1.240702e-02	-7.821571e+00
1.135000e-05	1.145456e-02	-7.549867e+00
1.136000e-05	7.905295e-03	-7.267313e+00
1.137000e-05	7.556724e-03	-7.063650e+00
1.138000e-05	7.761765e-03	-6.770017e+00
1.139000e-05	8.163271e-03	-6.529365e+00
1.140000e-05	3.599160e-03	-6.315302e+00
1.141000e-05	3.676521e-03	-6.002598e+00
1.142000e-05	3.096865e-03	-5.729909e+00
1.143000e-05	5.656558e-03	-5.483326e+00
1.144000e-05	1.880807e-03	-5.168938e+00
1.145000e-05	1.148300e-03	-4.864304e+00
1.146000e-05	1.125540e-03	-4.560414e+00
1.147000e-05	2.129929e-03	-4.287338e+00
1.148000e-05	8.877007e-04	-4.083808e+00
1.149000e-05	-2.123577e-03	-3.801090e+00
1.150000e-05	-2.771257e-03	-3.506309e+00
1.151000e-05	-3.480208e-03	-3.273178e+00
1.152000e-05	-1.204022e-03	-2.947887e+00
1.153000e-05	-4.069989e-03	-2.684282e+00
1.154000e-05	-3.237548e-03	-2.400075e+00
1.155000e-05	-3.852629e-03	-2.097308e+00
1.156000e-05	-2.419137e-03	-1.832177e+00
1.157000e-05	-5.147046e-03	-1.557916e+00
1.158000e-05	-6.374308e-03	-1.251199e+00
1.159000e-05	-7.982420e-03	-9.283621e-01
1.160000e-05	-6.484937e-03	-6.436715e-01
1.161000e-05	-6.269083e-03	-3.493636e-01
1.162000e-05	-5.967557e-03	-6.620448e-02
1.163000e-05	2.299470e-03	2.318561e-01
1.164000e-05	4.552111e-03	4.636417e-01
1.165000e-05	1.605273e-03	6.947459e-01
1.166000e-05	1.755110e-03	9.473525e-01
1.167000e-05	-2.048533e-03	1.241192e+00
1.168000e-05	-6.548909e-04	1.567377e+00
1.169000e-05	2.119995e-03	1.822033e+00
1.170000e-05	2.319437e-02	2.061531e+00
1.171000e-05	8.322688e-02	2.333871e+00
1.172000e-05	4.544806e-02	2.672594e+00
1.173000e-05	-5.437823e-02	2.946954e+00
1.174000e-05	-2.851703e-02	3.241082e+00
1.175000e-05	-3.591009e-02	3.526900e+00
1.176000e-05	-4.742041e-02	3.748924e+00
1.177000e-05	-7.551575e-02	3.955927e+00
1.178000e-05	6.398399e-02	4.223132e+00
1.179000e-05	1.075750e-02	4.546404e+00
1.180000e-05	-5.086261e-02	4.736926e+00
1.181000e-05	1.363214e-01	5.072242e+00
1.182000e-05	-1.085621e-01	5.421607e+00
1.183000e-05	2.413796e-02	5.631560e+00
1.184000e-05	-2.413566e-02	5.937398e+00
1.185000e-05	-8.295545e-03	6.178453e+00
1.186000e-05	3.851573e-02	6.462086e+00
1.187000e-05	-5.793381e-02	6.727869e+00
1.188000e-05	2.727325e-02	6.990104e+00
1.189000e-05	-4.201787e-02	7.262033e+00
1.190000e-05	8.260046e-03	7.505896e+00
1.191000e-05	-3.670247e-02	7.791552e+00
1.192000e-05	-1.462397e-02	8.073691e+00
1.193000e-05	2.559728e-02	8.327870e+00
1.194000e-05	-3.294661e-02	8.516769e+00
1.195000e-05	1.058823e-02	8.729498e+00
1.196000e-05	-4.774520e-02	8.979027e+00
1.197000e-05	-2.309658e-02	9.202108e+00
1.198000e-05	-5.684015e-03	9.414731e+00
1.199000e-05	-1.188031e-02	9.673239e+00
1.200000e-05	-1.649434e-02	9.917369e+00
1.201000e-05	-2.999793e-02	1.010637e+01
1.202000e-05	-1.892432e-03	1.029842e+01
1.203000e-05	-3.007081e-02	1.048797e+01
1.204000e-05	-2.397297e-02	1.074947e+01
1.205000e-05	-3.662865e-02	1.095787e+01
1.206000e-05	-2.151914e-02	1.111900e+01
1.207000e-05	-1.648081e-02	1.134895e+01
1.208000e-05	-2.901596e-02	1.153005e+01
1.209000e-05	-3.499627e-02	1.178897e+01
1.210000e-05	-3.693650e-02	1.194095e+01
1.211000e-05	-2.035780e-02	1.208842e+01
1.212000e-05	-2.868582e-02	1.230631e+01
1.213000e-05	-3.677305e-02	1.245529e+01
1.214000e-05	-4.402530e-02	1.265323e+01
1.215000e-05	-3.498586e-02	1.279210e+01
1.216000e-05	-3.327208e-02	1.288942e+01
1.217000e-05	-4.222425e-02	1.312631e+01
1.218000e-05	-4.697724e-02	1.327423e+01
1.219000e-05	-4.074979e-02	1.335357e+01
1.220000e-05	-3.556717e-02	1.354844e+01
1.221000e-05	-4.502734e-02	1.364573e+01
1.222000e-05	-5.637622e-02	1.376200e+01
1.223000e-05	-5.776687e-02	1.395756e+01
1.224000e-05	-4.991898e-02	1.406420e+01
1.225000e-05	-5.076222e-02	1.416255e+01
1.226000e-05	-5.905415e-02	1.426789e+01
1.227000e-05	-6.466171e-02	1.437123e+01
1.228000e-05	-5.863562e-02	1.445789e+01
1.229000e-05	-5.918548e-02	1.465257e+01
1.230000e-05	-6.413985e-02	1.464684e+01
1.231000e-05	-7.365938e-02	1.478002e+01
1.232000e-05	-7.176673e-02	1.482320e+01
1.233000e-05	-7.090010e-02	1.487626e+01
1.234000e-05	-7.574064e-02	1.490894e+01
1.235000e-05	-8.660775e-02	1.501410e+01
1.236000e-05	-9.045576e-02	1.508486e+01
1.237000e-05	-8.605715e-02	1.510896e+01
1.238000e-05	-8.543872e-02	1.516054e+01
1.239000e-05	-9.203630e-02	1.519113e+01
1.240000e-05	-1.005608e-01	1.516418e+01
1.241000e-05	-1.004591e-01	1.520568e+01
1.242000e-05	-1.030585e-01	1.524531e+01
1.243000e-05	-1.111121e-01	1.524734e+01
1.244000e-05	-1.208414e-01	1.526833e+01
1.245000e-05	-1.229955e-01	1.527791e+01
1.246000e-05	-1.222851e-01	1.524686e+01
1.247000e-05	-1.282005e-01	1.525741e+01
1.248000e-05	-1.406606e-01	1.525778e+01
1.249000e-05	-1.515961e-01	1.521476e+01
1.250000e-05	-1.574034e-01	1.518327e+01
1.251000e-05	-1.704322e-01	1.519163e+01
1.252000e-05	-1.878622e-01	1.512107e+01
1.253000e-05	-2.143352e-01	1.511038e+01
1.254000e-05	-2.357971e-01	1.508728e+01
1.255000e-05	-2.482199e-01	1.505570e+01
1.256000e-05	-2.500000e-01	1.496155e+01
1.257000e-05	-2.500000e-01	1.490939e+01
1.258000e-05	-2.500000e-01	1.485275e+01
1.259000e-05	-2.500000e-01	1.478052e+01
1.260000e-05	-2.500000e-01	1.464841e+01
1.261000e-05	-2.500000e-01	1.459067e+01
1.262000e-05	-2.467802e-01	1.449689e+01
1.263000e-05	-2.193029e-01	1.440515e+01
1.264000e-05	-1.899953e-01	1.433899e+01
1.265000e-05	-1.694036e-01	1.422417e+01
1.266000e-05	-1.538548e-01	1.409686e+01
1.267000e-05	-1.377900e-01	1.399056e+01
1.268000e-05	-1.224241e-01	1.378423e+01
1.269000e-05	-1.095849e-01	1.369896e+01
1.270000e-05	-1.051806e-01	1.356009e+01
1.271000e-05	-9.731516e-02	1.343378e+01
1.272000e-05	-8.884132e-02	1.331749e+01
1.273000e-05	-7.921733e-02	1.315051e+01
1.274000e-05	-7.666211e-02	1.300312e+01
1.275000e-05	-7.394401e-02	1.284580e+01
1.276000e-05	-6.884880e-02	1.270878e+01
1.277000e-05	-6.051372e-02	1.251859e+01
1.278000e-05	-5.882960e-02	1.241162e+01
1.279000e-05	-5.771972e-02	1.215215e+01
1.280000e-05	-5.615244e-02	1.202431e+01
1.281000e-05	-5.101295e-02	1.188528e+01
1.282000e-05	-4.754717e-02	1.164625e+01
1.283000e-05	-4.888614e-02	1.142530e+01
1.284000e-05	-4.758919e-02	1.119630e+01
1.285000e-05	-4.471103e-02	1.105472e+01
1.286000e-05	-3.863347e-02	1.086528e+01
1.287000e-05	-3.906333e-02	1.063673e+01
1.288000e-05	-3.965530e-02	1.042425e+01
1.289000e-05	-3.938321e-02	1.023520e+01
1.290000e-05	-3.527970e-02	1.002321e+01
1.291000e-05	-3.381412e-02	9.751545e+00
1.292000e-05	-3.421696e-02	9.569012e+00
1.293000e-05	-3.534098e-02	9.330965e+00
1.294000e-05	-3.165071e-02	9.128884e+00
1.295000e-05	-2.895637e-02	8.898354e+00
1.296000e-05	-2.914616e-02	8.625226e+00
1.297000e-05	-2.986972e-02	8.444196e+00
1.298000e-05	-2.840447e-02	8.212488e+00
1.299000e-05	-2.525255e-02	7.950062e+00
1.300000e-05	-2.455023e-02	7.688406e+00
1.301000e-05	-2.581984e-02	7.404193e+00
1.302000e-05	-2.683980e-02	7.160063e+00
1.303000e-05	-2.455514e-02	6.927809e+00
1.304000e-05	-2.196554e-02	6.685705e+00
1.305000e-05	-2.240601e-02	6.370989e+00
1.306000e-05	-2.315608e-02	6.159910e+00
1.307000e-05	-2.123197e-02	5.896773e+00
1.308000e-05	-1.931968e-02	5.593098e+00
1.309000e-05	-1.889702e-02	5.381009e+00
1.310000e-05	-2.126232e-02	5.064043e+00
1.311000e-05	-2.024074e-02	4.727337e+00
1.312000e-05	-1.892526e-02	4.484753e+00
1.313000e-05	-1.695778e-02	4.210542e+00
1.314000e-05	-1.810593e-02	3.885830e+00
1.315000e-05	-1.872208e-02	3.653152e+00
1.316000e-05	-1.672386e-02	3.410011e+00
1.317000e-05	-1.453040e-02	3.085776e+00
1.318000e-05	-1.407550e-02	2.864120e+00
1.319000e-05	-1.582589e-02	2.538905e+00
1.320000e-05	-1.548341e-02	2.233123e+00
1.321000e-05	-1.327644e-02	1.971996e+00
1.322000e-05	-1.317451e-02	1.684732e+00
1.323000e-05	-1.385053e-02	1.451490e+00
1.324000e-05	-1.320324e-02	1.086781e+00
1.325000e-05	-1.156440e-02	7.483623e-01
1.326000e-05	-9.531453e-03	5.056819e-01
1.327000e-05	-9.309244e-03	2.320413e-01
1.328000e-05	-7.311347e-03	-8.266528e-02
1.329000e-05	2.405496e-03	-3.053220e-01
1.330000e-05	9.697559e-04	-5.984838e-01
1.331000e-05	-8.361449e-04	-8.911406e-01
1.332000e-05	-1.221495e-03	-1.094798e+00
1.333000e-05	-1.253896e-03	-1.459638e+00
1.334000e-05	6.425021e-04	-1.694216e+00
1.335000e-05	1.882274e-02	-1.895370e+00
1.336000e-05	8.868732e-02	-2.174809e+00
1.337000e-05	7.609401e-02	-2.474055e+00
1.338000e-05	-5.211738e-02	-2.924228e+00
1.339000e-05	-7.746152e-03	-3.252191e+00
1.340000e-05	-4.566338e-02	-3.452269e+00
1.341000e-05	-5.884779e-02	-3.692241e+00
1.342000e-05	-4.106406e-02	-3.876417e+00
1.343000e-05	1.442017e-01	-4.093716e+00
1.344000e-05	-1.237614e-01	-4.367909e+00
1.345000e-05	1.067597e-01	-4.632740e+00
1.346000e-05	2.100798e-02	-4.885775e+00
1.347000e-05	-7.285590e-02	-5.274316e+00
1.348000e-05	1.145834e-01	-5.497845e+00
1.349000e-05	-1.527667e-01	-5.791138e+00
1.350000e-05	1.281712e-01	-6.053611e+00
1.351000e-05	-1.265841e-02	-6.304326e+00
1.352000e-05	1.105468e-02	-6.622659e+00
1.353000e-05	7.255811e-02	-6.832639e+00
1.354000e-05	-8.989606e-02	-7.158484e+00
1.355000e-05	1.023773e-01	-7.412061e+00
1.356000e-05	-7.233677e-02	-7.693344e+00
1.357000e-05	7.727660e-02	-7.980027e+00
1.358000e-05	1.270186e-02	-8.190031e+00
1.359000e-05	-6.566452e-03	-8.465139e+00
1.360000e-05	8.923049e-02	-8.656761e+00
1.361000e-05	-7.801419e-02	-8.937974e+00
1.362000e-05	7.787541e-02	-9.168022e+00
1.363000e-05	-4.529094e-02	-9.368481e+00
1.364000e-05	8.295448e-02	-9.611632e+00
1.365000e-05	4.960356e-03	-9.812110e+00
1.366000e-05	3.008096e-02	-1.001376e+01
1.367000e-05	3.343523e-02	-1.022968e+01
1.368000e-05	-7.233196e-03	-1.048877e+01
1.369000e-05	6.412666e-02	-1.064326e+01
1.370000e-05	-2.391944e-02	-1.086422e+01
1.371000e-05	6.793672e-02	-1.105486e+01
1.372000e-05	-9.966859e-03	-1.127827e+01
1.373000e-05	6.810195e-02	-1.149589e+01
1.374000e-05	3.399827e-03	-1.166740e+01
1.375000e-05	4.252146e-02	-1.187739e+01
1.376000e-05	2.056904e-02	-1.204334e+01
1.377000e-05	4.229515e-02	-1.224477e+01
1.378000e-05	4.092611e-02	-1.243323e+01
1.379000e-05	2.305060e-02	-1.257061e+01
1.380000e-05	4.182771e-02	-1.278958e+01
1.381000e-05	2.551813e-02	-1.289787e+01
1.382000e-05	5.600697e-02	-1.308383e+01
1.383000e-05	2.736328e-02	-1.320368e+01
1.384000e-05	5.394877e-02	-1.337097e+01
1.385000e-05	3.268528e-02	-1.350644e+01
1.386000e-05	5.811904e-02	-1.366411e+01
1.387000e-05	3.734379e-02	-1.378158e+01
1.388000e-05	4.780250e-02	-1.389786e+01
1.389000e-05	4.094971e-02	-1.401574e+01
1.390000e-05	5.743408e-02	-1.411757e+01
1.391000e-05	5.527648e-02	-1.428589e+01
1.392000e-05	5.546569e-02	-1.441162e+01
1.393000e-05	5.537662e-02	-1.445734e+01
1.394000e-05	5.747936e-02	-1.458216e+01
1.395000e-05	6.801299e-02	-1.467579e+01
1.396000e-05	6.230020e-02	-1.475947e+01
1.397000e-05	6.667485e-02	-1.481618e+01
1.398000e-05	6.552739e-02	-1.487744e+01
1.399000e-05	7.498122e-02	-1.491954e+01
1.400000e-05	7.143088e-02	-1.501510e+01
1.401000e-05	7.402623e-02	-1.506534e+01
1.402000e-05	7.638956e-02	-1.507897e+01
1.403000e-05	8.851372e-02	-1.520155e+01
1.404000e-05	8.998743e-02	-1.523070e+01
1.405000e-05	9.212807e-02	-1.521633e+01
1.406000e-05	8.902182e-02	-1.524782e+01
1.407000e-05	9.370141e-02	-1.530844e+01
1.408000e-05	1.002503e-01	-1.532089e+01
1.409000e-05	1.038760e-01	-1.533949e+01
1.410000e-05	1.100854e-01	-1.533105e+01
1.411000e-05	1.161821e-01	-1.535095e+01
1.412000e-05	1.263545e-01	-1.535054e+01
1.413000e-05	1.294898e-01	-1.530942e+01
1.414000e-05	1.320377e-01	-1.529899e+01
1.415000e-05	1.386277e-01	-1.530791e+01
1.416000e-05	1.530928e-01	-1.525531e+01
1.417000e-05	1.691449e-01	-1.523485e+01
1.418000e-05	1.855035e-01	-1.523315e+01
1.419000e-05	2.065007e-01	-1.514897e+01
1.420000e-05	2.342625e-01	-1.506893e+01
1.421000e-05	2.487216e-01	-1.501523e+01
1.422000e-05	2.500000e-01	-1.495260e+01
1.423000e-05	2.500000e-01	-1.490942e+01
1.424000e-05	2.500000e-01	-1.481634e+01
1.425000e-05	2.500000e-01	-1.479209e+01
1.426000e-05	2.500000e-01	-1.467894e+01
1.427000e-05	2.496740e-01	-1.460373e+01
1.428000e-05	2.319671e-01	-1.454904e+01
1.429000e-05	2.043574e-01	-1.441425e+01
1.430000e-05	1.814480e-01	-1.432004e+01
1.431000e-05	1.579876e-01	-1.421420e+01
1.432000e-05	1.384167e-01	-1.409093e+01
1.433000e-05	1.230243e-01	-1.398172e+01
1.434000e-05	1.114415e-01	-1.380725e+01
1.435000e-05	9.890636e-02	-1.372894e+01
1.436000e-05	8.843124e-02	-1.359312e+01
1.437000e-05	8.128544e-02	-1.340521e+01
1.438000e-05	7.736909e-02	-1.330894e+01
1.439000e-05	7.224399e-02	-1.317152e+01
1.440000e-05	6.442222e-02	-1.301473e+01
1.441000e-05	5.836448e-02	-1.288578e+01
1.442000e-05	5.465012e-02	-1.270901e+01
1.443000e-05	5.216980e-02	-1.254154e+01
1.444000e-05	4.784226e-02	-1.244214e+01
1.445000e-05	4.244114e-02	-1.217265e+01
1.446000e-05	4.065910e-02	-1.205476e+01
1.447000e-05	3.959482e-02	-1.181772e+01
1.448000e-05	3.705698e-02	-1.164681e+01
1.449000e-05	3.350290e-02	-1.142423e+01
1.450000e-05	3.082909e-02	-1.118460e+01
1.451000e-05	3.030401e-02	-1.100214e+01
1.452000e-05	2.900876e-02	-1.080267e+01
1.453000e-05	2.596021e-02	-1.057420e+01
1.454000e-05	2.357768e-02	-1.042377e+01
1.455000e-05	2.200958e-02	-1.020367e+01
1.456000e-05	2.157536e-02	-9.993042e+00
1.457000e-05	2.113652e-02	-9.751492e+00
1.458000e-05	1.963481e-02	-9.538563e+00
1.459000e-05	1.888815e-02	-9.287359e+00
1.460000e-05	1.844903e-02	-9.086811e+00
1.461000e-05	1.628892e-02	-8.866233e+00
1.462000e-05	1.391126e-02	-8.645176e+00
1.463000e-05	1.186726e-02	-8.380967e+00
1.464000e-05	1.195120e-02	-8.110465e+00
1.465000e-05	1.152811e-02	-7.919384e+00
1.466000e-05	1.144988e-02	-7.645200e+00
1.467000e-05	9.966431e-03	-7.391044e+00
1.468000e-05	9.023442e-03	-7.129367e+00
1.469000e-05	7.029239e-03	-6.835702e+00
1.470000e-05	7.749141e-03	-6.632621e+00
1.471000e-05	5.628857e-03	-6.350989e+00
1.472000e-05	5.324567e-03	-6.125330e+00
1.473000e-05	3.082083e-03	-5.844125e+00
1.474000e-05	5.284256e-03	-5.558943e+00
1.475000e-05	2.940422e-03	-5.275705e+00
1.476000e-05	1.970622e-03	-4.988064e+00
1.477000e-05	1.415889e-03	-4.645250e+00
1.478000e-05	1.675421e-03	-4.412120e+00
1.479000e-05	7.762941e-04	-4.167938e+00
1.480000e-05	1.702300e-04	-3.896409e+00
1.481000e-05	-1.953826e-03	-3.619620e+00
1.482000e-05	-2.465570e-03	-3.309415e+00
1.483000e-05	-5.387713e-04	-3.105780e+00
1.484000e-05	-2.803268e-03	-2.778917e+00
1.485000e-05	-3.941373e-03	-2.504861e+00
1.486000e-05	-5.666803e-03	-2.234644e+00
1.487000e-05	-4.756697e-03	-1.936837e+00
1.488000e-05	-5.477338e-03	-1.665203e+00
1.489000e-05	-3.946223e-03	-1.378862e+00
1.490000e-05	-6.312944e-03	-1.054197e+00
1.491000e-05	-3.608831e-03	-7.899674e-01
1.492000e-05	-5.730507e-03	-4.746518e-01
1.493000e-05	-5.907354e-03	-2.010714e-01
1.494000e-05	-3.316579e-03	8.066040e-02
1.495000e-05	5.035918e-03	3.768536e-01
1.496000e-05	-1.435997e-03	5.904550e-01
1.497000e-05	4.218556e-03	8.310890e-01
1.498000e-05	-4.569522e-04	1.127951e+00
1.499000e-05	1.954137e-03	1.451582e+00
1.500000e-05	-1.038431e-03	1.758396e+00
1.501000e-05	1.385007e-02	1.968450e+00
1.502000e-05	5.515563e-02	2.239533e+00
1.503000e-05	8.872139e-02	2.525796e+00
1.504000e-05	-3.775147e-02	2.893663e+00
1.505000e-05	-3.412778e-02	3.107422e+00
1.506000e-05	-3.752575e-02	3.442164e+00
1.507000e-05	-3.220785e-02	3.685217e+00
1.508000e-05	-8.160376e-02	3.932839e+00
1.509000e-05	2.662450e-03	4.125291e+00
1.510000e-05	8.071298e-02	4.400509e+00
1.511000e-05	-9.225302e-02	4.684267e+00
1.512000e-05	1.178946e-01	4.894794e+00
1.513000e-05	-2.533671e-02	5.256247e+00
1.514000e-05	-5.611420e-02	5.586870e+00
1.515000e-05	3.019029e-02	5.833162e+00
1.516000e-05	-5.335998e-02	6.065715e+00
1.517000e-05	5.783891e-02	6.326894e+00
1.518000e-05	-4.195789e-02	6.622256e+00
1.519000e-05	-1.961575e-04	6.843287e+00
1.520000e-05	-5.014106e-03	7.134903e+00
1.521000e-05	-2.697058e-02	7.422158e+00
1.522000e-05	1.420824e-03	7.746294e+00
1.523000e-05	-5.268175e-02	7.947997e+00
1.524000e-05	3.583660e-02	8.201711e+00
1.525000e-05	-2.130721e-02	8.444662e+00
1.526000e-05	-5.508614e-03	8.653785e+00
1.527000e-05	-1.518632e-02	8.906195e+00
1.528000e-05	-5.375302e-02	9.127949e+00
1.529000e-05	8.924473e-03	9.347973e+00
1.530000e-05	-2.499545e-02	9.601027e+00
1.531000e-05	1.395258e-03	9.801584e+00
1.532000e-05	-4.066648e-02	1.003118e+01
1.533000e-05	-2.067884e-03	1.024223e+01
1.534000e-05	-2.259992e-02	1.046421e+01
1.535000e-05	-2.814753e-02	1.064474e+01
1.536000e-05	-2.989662e-02	1.086574e+01
1.537000e-05	-3.514300e-02	1.105524e+01
1.538000e-05	-6.871364e-03	1.125523e+01
1.539000e-05	-3.120913e-02	1.145621e+01
1.540000e-05	-2.457683e-02	1.167634e+01
1.541000e-05	-4.654969e-02	1.187479e+01
1.542000e-05	-2.039636e-02	1.205426e+01
1.543000e-05	-2.950019e-02	1.219323e+01
1.544000e-05	-3.092403e-02	1.243065e+01
1.545000e-05	-4.348197e-02	1.254052e+01
1.546000e-05	-3.840322e-02	1.275902e+01
1.547000e-05	-2.952231e-02	1.285529e+01
1.548000e-05	-4.134024e-02	1.304413e+01
1.549000e-05	-4.442412e-02	1.318160e+01
1.550000e-05	-4.794784e-02	1.333047e+01
1.551000e-05	-3.366913e-02	1.344631e+01
1.552000e-05	-4.382906e-02	1.362408e+01
1.553000e-05	-5.068934e-02	1.370892e+01
1.554000e-05	-6.099379e-02	1.386586e+01
1.555000e-05	-5.067254e-02	1.405213e+01
1.556000e-05	-4.884201e-02	1.414055e+01
1.557000e-05	-5.539553e-02	1.425471e+01
1.558000e-05	-6.363825e-02	1.433302e+01
1.559000e-05	-6.248733e-02	1.446628e+01
1.560000e-05	-5.648559e-02	1.454012e+01
1.561000e-05	-6.335262e-02	1.462423e+01
1.562000e-05	-7.086955e-02	1.472836e+01
1.563000e-05	-7.530449e-02	1.481215e+01
1.564000e-05	-6.937489e-02	1.485578e+01
1.565000e-05	-7.258343e-02	1.489852e+01
1.566000e-05	-8.209070e-02	1.496205e+01
1.567000e-05	-9.010986e-02	1.502475e+01
1.568000e-05	-8.766377e-02	1.507631e+01
1.569000e-05	-8.362895e-02	1.513957e+01
1.570000e-05	-9.041448e-02	1.512207e+01
1.571000e-05	-9.952272e-02	1.519168e+01
1.572000e-05	-1.030974e-01	1.522468e+01
1.573000e-05	-1.012687e-01	1.523690e+01
1.574000e-05	-1.076990e-01	1.522926e+01
1.575000e-05	-1.169040e-01	1.525789e+01
1.576000e-05	-1.227270e-01	1.528881e+01
1.577000e-05	-1.224729e-01	1.527834e+01
1.578000e-05	-1.247918e-01	1.528733e+01
1.579000e-05	-1.367513e-01	1.523583e+01
1.580000e-05	-1.496481e-01	1.520673e+01
1.581000e-05	-1.570307e-01	1.521470e+01
1.582000e-05	-1.640917e-01	1.516272e+01
1.583000e-05	-1.799386e-01	1.515205e+01
1.584000e-05	-2.041275e-01	1.511899e+01
1.585000e-05	-2.280252e-01	1.509884e+01
1.586000e-05	-2.449843e-01	1.504630e+01
1.587000e-05	-2.500000e-01	1.499108e+01
1.588000e-05	-2.500000e-01	1.490941e+01
1.589000e-05	-2.500000e-01	1.487629e+01
1.590000e-05	-2.500000e-01	1.481309e+01
1.591000e-05	-2.500000e-01	1.470099e+01
1.592000e-05	-2.500000e-01	1.464630e+01
1.593000e-05	-2.497790e-01	1.456095e+01
1.594000e-05	-2.326704e-01	1.443735e+01
1.595000e-05	-2.012812e-01	1.437104e+01
1.596000e-05	-1.763529e-01	1.422625e+01
1.597000e-05	-1.594729e-01	1.412042e+01
1.598000e-05	-1.444092e-01	1.402472e+01
1.599000e-05	-1.276394e-01	1.385936e+01
1.600000e-05	-1.140160e-01	1.376102e+01
1.601000e-05	-1.075486e-01	1.360372e+01
1.602000e-05	-1.011679e-01	1.347734e+01
1.603000e-05	-9.120108e-02	1.334156e+01
1.604000e-05	-8.158548e-02	1.319263e+01
1.605000e-05	-7.735205e-02	1.301678e+01
1.606000e-05	-7.567520e-02	1.289783e+01
1.607000e-05	-7.120734e-02	1.276107e+01
1.608000e-05	-6.360857e-02	1.259455e+01
1.609000e-05	-6.042451e-02	1.246373e+01
1.610000e-05	-5.829904e-02	1.224680e+01
1.611000e-05	-5.721478e-02	1.206786e+01
1.612000e-05	-5.164658e-02	1.191881e+01
1.613000e-05	-4.752526e-02	1.171906e+01
1.614000e-05	-4.783063e-02	1.149946e+01
1.615000e-05	-4.932363e-02	1.135994e+01
1.616000e-05	-4.578920e-02	1.110941e+01
1.617000e-05	-4.035801e-02	1.092896e+01
1.618000e-05	-3.928853e-02	1.071943e+01
1.619000e-05	-4.009822e-02	1.049941e+01
1.620000e-05	-4.010346e-02	1.031831e+01
1.621000e-05	-3.485931e-02	1.007728e+01
1.622000e-05	-3.363880e-02	9.837776e+00
1.623000e-05	-3.443717e-02	9.592224e+00
1.624000e-05	-3.594222e-02	9.452696e+00
1.625000e-05	-3.157856e-02	9.222568e+00
1.626000e-05	-2.932593e-02	8.952046e+00
1.627000e-05	-2.806725e-02	8.729912e+00
1.628000e-05	-3.093948e-02	8.539339e+00
1.629000e-05	-2.966636e-02	8.276279e+00
1.630000e-05	-2.604461e-02	8.042103e+00
1.631000e-05	-2.433388e-02	7.782043e+00
1.632000e-05	-2.687105e-02	7.559460e+00
1.633000e-05	-2.620437e-02	7.264697e+00
1.634000e-05	-2.409961e-02	6.993494e+00
1.635000e-05	-2.162937e-02	6.781435e+00
1.636000e-05	-2.364343e-02	6.505332e+00
1.637000e-05	-2.417849e-02	6.202676e+00
1.638000e-05	-2.275265e-02	5.962597e+00
1.639000e-05	-1.921512e-02	5.717304e+00
1.640000e-05	-1.938392e-02	5.474701e+00
1.641000e-05	-1.996434e-02	5.121463e+00
1.642000e-05	-2.087761e-02	4.843118e+00
1.643000e-05	-1.891414e-02	4.538489e+00
1.644000e-05	-1.814553e-02	4.285357e+00
1.645000e-05	-1.813058e-02	3.980620e+00
1.646000e-05	-1.924582e-02	3.728336e+00
1.647000e-05	-1.603576e-02	3.495277e+00
1.648000e-05	-1.475629e-02	3.149964e+00
1.649000e-05	-1.389884e-02	2.918332e+00
1.650000e-05	-1.619904e-02	2.642697e+00
1.651000e-05	-1.579882e-02	2.337412e+00
1.652000e-05	-1.476128e-02	2.085751e+00
1.653000e-05	-1.229754e-02	1.782518e+00
1.654000e-05	-1.338455e-02	1.508803e+00
1.655000e-05	-1.365907e-02	1.223170e+00
1.656000e-05	-1.299495e-02	9.342555e-01
1.657000e-05	-1.045441e-02	6.120001e-01
1.658000e-05	-1.026399e-02	3.578334e-01
1.659000e-05	-9.226959e-03	5.299639e-02
1.660000e-05	-2.252767e-03	-2.306103e-01
1.661000e-05	5.391653e-03	-4.536919e-01
1.662000e-05	-1.979245e-03	-7.704277e-01
1.663000e-05	1.912802e-03	-1.011033e+00
1.664000e-05	-3.219315e-03	-1.343222e+00
1.665000e-05	6.633594e-04	-1.579500e+00
1.666000e-05	6.674922e-03	-1.830484e+00
1.667000e-05	5.318100e-02	-2.051109e+00
1.668000e-05	1.138625e-01	-2.345930e+00
1.669000e-05	-2.651214e-02	-2.715850e+00
1.670000e-05	-1.836307e-02	-3.117402e+00
1.671000e-05	-3.181016e-02	-3.390528e+00
1.672000e-05	-4.229222e-02	-3.579030e+00
1.673000e-05	-8.628201e-02	-3.772237e+00
1.674000e-05	1.137216e-01	-4.001533e+00
1.675000e-05	-2.085322e-02	-4.243741e+00
1.676000e-05	-2.731071e-02	-4.528007e+00
1.677000e-05	1.425871e-01	-4.810480e+00
1.678000e-05	-1.421507e-01	-5.136331e+00
1.679000e-05	1.197786e-01	-5.413085e+00
1.680000e-05	-8.429358e-02	-5.694322e+00
1.681000e-05	1.489984e-03	-5.959004e+00
1.682000e-05	1.008222e-01	-6.181557e+00
1.683000e-05	-7.718735e-02	-6.507396e+00
1.684000e-05	1.259298e-01	-6.768929e+00
1.685000e-05	-8.610932e-02	-7.040740e+00
1.686000e-05	5.503109e-02	-7.346971e+00
1.687000e-05	1.514318e-03	-7.568474e+00
1.688000e-05	-1.702663e-02	-7.875294e+00
1.689000e-05	9.856236e-02	-8.105319e+00
1.690000e-05	-6.648077e-02	-8.368429e+00
1.691000e-05	1.148204e-01	-8.581052e+00
1.692000e-05	-5.313006e-02	-8.842686e+00
1.693000e-05	2.963122e-02	-9.043786e+00
1.694000e-05	9.044895e-03	-9.264716e+00
1.695000e-05	9.884977e-03	-9.477445e+00
1.696000e-05	7.613214e-02	-9.737298e+00
1.697000e-05	-2.447605e-02	-9.958929e+00
1.698000e-05	7.884201e-02	-1.016057e+01
1.699000e-05	-3.664687e-02	-1.037206e+01
1.700000e-05	7.454922e-02	-1.060158e+01
1.701000e-05	-1.582834e-02	-1.077063e+01
1.702000e-05	4.699572e-02	-1.102276e+01
1.703000e-05	1.549527e-02	-1.121206e+01
1.704000e-05	3.566870e-02	-1.145319e+01
1.705000e-05	4.002496e-02	-1.160313e+01
1.706000e-05	1.114971e-02	-1.182326e+01
1.707000e-05	4.552443e-02	-1.204368e+01
1.708000e-05	1.430680e-02	-1.221118e+01
1.709000e-05	6.235043e-02	-1.235100e+01
1.710000e-05	1.261866e-02	-1.255045e+01
1.711000e-05	4.862416e-02	-1.268787e+01
1.712000e-05	1.837442e-02	-1.283531e+01
1.713000e-05	5.469069e-02	-1.302323e+01
1.714000e-05	3.111039e-02	-1.318205e+01
1.715000e-05	4.728108e-02	-1.326734e+01
1.716000e-05	3.878518e-02	-1.343576e+01
1.717000e-05	4.870471e-02	-1.360258e+01
1.718000e-05	4.739735e-02	-1.373050e+01
1.719000e-05	4.068680e-02	-1.387428e+01
1.720000e-05	4.593436e-02	-1.397210e+01
1.721000e-05	4.766065e-02	-1.408842e+01
1.722000e-05	6.135644e-02	-1.419426e+01
1.723000e-05	5.206578e-02	-1.437949e+01
1.724000e-05	5.896977e-02	-1.446571e+01
1.725000e-05	5.321214e-02	-1.453002e+01
1.726000e-05	6.810682e-02	-1.464378e+01
1.727000e-05	6.044502e-02	-1.471789e+01
1.728000e-05	6.709614e-02	-1.481321e+01
1.729000e-05	6.332634e-02	-1.487826e+01
1.730000e-05	7.376886e-02	-1.488997e+01
1.731000e-05	7.236695e-02	-1.498308e+01
1.732000e-05	7.408485e-02	-1.500683e+01
1.733000e-05	7.432268e-02	-1.510733e+01
1.734000e-05	8.185068e-02	-1.516015e+01
1.735000e-05	9.002579e-02	-1.522058e+01
1.736000e-05	8.985737e-02	-1.523475e+01
1.737000e-05	9.264511e-02	-1.523476e+01
1.738000e-05	9.261543e-02	-1.526931e+01
1.739000e-05	1.011709e-01	-1.528739e+01
1.740000e-05	1.024620e-01	-1.532002e+01
1.741000e-05	1.079763e-01	-1.536155e+01
1.742000e-05	1.104564e-01	-1.533107e+01
1.743000e-05	1.203604e-01	-1.533907e+01
1.744000e-05	1.277891e-01	-1.531849e+01
1.745000e-05	1.320079e-01	-1.528937e+01
1.746000e-05	1.377194e-01	-1.528839e+01
1.747000e-05	1.481637e-01	-1.529736e+01
1.748000e-05	1.626481e-01	-1.524373e+01
1.749000e-05	1.785697e-01	-1.522420e+01
1.750000e-05	1.967180e-01	-1.517210e+01
1.751000e-05	2.219393e-01	-1.506744e+01
1.752000e-05	2.449828e-01	-1.503676e+01
1.753000e-05	2.500000e-01	-1.498275e+01
1.754000e-05	2.500000e-01	-1.492152e+01
1.755000e-05	2.500000e-01	-1.487686e+01
1.756000e-05	2.500000e-01	-1.480420e+01
1.757000e-05	2.500000e-01	-1.475994e+01
1.758000e-05	2.500000e-01	-1.466430e+01
1.759000e-05	2.411407e-01	-1.451455e+01
1.760000e-05	2.143697e-01	-1.446578e+01
1.761000e-05	1.878117e-01	-1.439207e+01
1.762000e-05	1.655914e-01	-1.422635e+01
1.763000e-05	1.462208e-01	-1.408199e+01
1.764000e-05	1.289253e-01	-1.402428e+01
1.765000e-05	1.148934e-01	-1.390743e+01
1.766000e-05	1.042780e-01	-1.377214e+01
1.767000e-05	9.251032e-02	-1.366578e+01
1.768000e-05	8.396799e-02	-1.349546e+01
1.769000e-05	7.668630e-02	-1.336104e+01
1.770000e-05	7.383167e-02	-1.324225e+01
1.771000e-05	6.738660e-02	-1.307791e+01
1.772000e-05	6.208681e-02	-1.293946e+01
1.773000e-05	5.528843e-02	-1.279214e+01
1.774000e-05	5.282576e-02	-1.261315e+01
1.775000e-05	4.765569e-02	-1.246733e+01
1.776000e-05	4.487865e-02	-1.228676e+01
1.777000e-05	4.107814e-02	-1.211729e+01
1.778000e-05	3.974067e-02	-1.189944e+01
1.779000e-05	3.783375e-02	-1.172944e+01
1.780000e-05	3.503941e-02	-1.146744e+01
1.781000e-05	3.178730e-02	-1.131683e+01
1.782000e-05	2.942182e-02	-1.105686e+01
1.783000e-05	2.937979e-02	-1.088638e+01
1.784000e-05	2.715931e-02	-1.068570e+01
1.785000e-05	2.596308e-02	-1.045636e+01
1.786000e-05	2.258221e-02	-1.029593e+01
1.787000e-05	2.268661e-02	-1.006533e+01
1.788000e-05	2.028474e-02	-9.853676e+00
1.789000e-05	2.025191e-02	-9.634255e+00
1.790000e-05	1.744242e-02	-9.402120e+00
1.791000e-05	1.856305e-02	-9.173067e+00
1.792000e-05	1.677566e-02	-8.950944e+00
1.793000e-05	1.549140e-02	-8.727962e+00
1.794000e-05	1.225278e-02	-8.457332e+00
1.795000e-05	1.139177e-02	-8.242653e+00
1.796000e-05	1.120504e-02	-8.031122e+00
1.797000e-05	1.168533e-02	-7.740563e+00
1.798000e-05	9.859109e-03	-7.455202e+00
1.799000e-05	8.828825e-03	-7.202194e+00
1.800000e-05	7.385214e-03	-6.971020e+00
1.801000e-05	7.315149e-03	-6.746860e+00
1.802000e-05	5.256381e-03	-6.454256e+00
1.803000e-05	4.680059e-03	-6.202619e+00
1.804000e-05	4.691539e-03	-5.958410e+00
1.805000e-05	4.251077e-03	-5.644759e+00
1.806000e-05	3.455514e-03	-5.411618e+00
1.807000e-05	2.333689e-03	-5.055333e+00
1.808000e-05	2.140253e-03	-4.761467e+00
1.809000e-05	2.297036e-03	-4.485805e+00
1.810000e-05	1.460800e-03	-4.253806e+00
1.811000e-05	5.371373e-04	-3.993574e+00
1.812000e-05	-1.440281e-03	-3.766355e+00
1.813000e-05	-2.364391e-03	-3.454153e+00
1.814000e-05	-3.247744e-03	-3.160538e+00
1.815000e-05	-2.232535e-03	-2.854231e+00
1.816000e-05	-3.631138e-03	-2.623042e+00
1.817000e-05	-1.954497e-03	-2.305342e+00
1.818000e-05	-3.499535e-03	-2.020980e+00
1.819000e-05	-3.646386e-03	-1.767944e+00
1.820000e-05	-5.165385e-03	-1.483756e+00
1.821000e-05	-6.530179e-03	-1.138340e+00
1.822000e-05	-6.909079e-03	-8.741979e-01
1.823000e-05	-6.922289e-03	-5.910375e-01
1.824000e-05	-6.010667e-03	-3.068032e-01
1.825000e-05	-4.339108e-03	-2.215414e-02
1.826000e-05	6.876459e-03	2.816154e-01
1.827000e-05	2.074025e-03	5.043433e-01
1.828000e-05	2.628898e-03	7.368761e-01
1.829000e-05	-2.533241e-04	1.073041e+00
1.830000e-05	-7.474072e-04	1.315797e+00
1.831000e-05	-6.305548e-04	1.671104e+00
1.832000e-05	6.381380e-03	1.892692e+00
1.833000e-05	3.370132e-02	2.144272e+00
1.834000e-05	9.668246e-02	2.399027e+00
1.835000e-05	1.005948e-02	2.747874e+00
1.836000e-05	-4.987231e-02	3.041064e+00
1.837000e-05	-3.229931e-02	3.345217e+00
1.838000e-05	-3.050088e-02	3.609978e+00
1.839000e-05	-6.255357e-02	3.823059e+00
1.840000e-05	-5.358496e-02	4.008482e+00
1.841000e-05	8.927544e-02	4.287393e+00
1.842000e-05	-4.458249e-02	4.589553e+00
1.843000e-05	1.521501e-02	4.841006e+00
1.844000e-05	8.949399e-02	5.148004e+00
1.845000e-05	-1.132591e-01	5.442661e+00
1.846000e-05	4.784450e-02	5.716144e+00
1.847000e-05	-5.027806e-02	6.010507e+00
1.848000e-05	2.584662e-02	6.193080e+00
1.849000e-05	8.029502e-03	6.516240e+00
1.850000e-05	-4.458424e-02	6.781155e+00
1.851000e-05	2.644895e-02	7.032612e+00
1.852000e-05	-4.835909e-02	7.265245e+00
1.853000e-05	2.005673e-02	7.591054e+00
1.854000e-05	-5.531190e-02	7.856112e+00
1.855000e-05	1.318343e-02	8.137395e+00
1.856000e-05	5.578302e-03	8.360051e+00
1.857000e-05	-2.453537e-02	8.567975e+00
1.858000e-05	7.525697e-03	8.790555e+00
1.859000e-05	-5.917472e-02	9.043685e+00
1.860000e-05	-4.409995e-03	9.284259e+00
1.861000e-05	-1.787972e-02	9.484766e+00
1.862000e-05	-3.014084e-03	9.687396e+00
1.863000e-05	-2.996690e-02	9.969524e+00
1.864000e-05	-1.843305e-02	1.016055e+01
1.865000e-05	-7.941090e-03	1.037108e+01
1.866000e-05	-3.092289e-02	1.057150e+01
1.867000e-05	-2.362833e-02	1.079108e+01
1.868000e-05	-4.043558e-02	1.099103e+01
1.869000e-05	-1.220680e-02	1.118120e+01
1.870000e-05	-2.474391e-02	1.138263e+01
1.871000e-05	-2.459528e-02	1.161165e+01
1.872000e-05	-4.160923e-02	1.178366e+01
1.873000e-05	-2.855552e-02	1.197113e+01
1.874000e-05	-2.420407e-02	1.212103e+01
1.875000e-05	-2.900315e-02	1.235897e+01
1.876000e-05	-4.056558e-02	1.249782e+01
1.877000e-05	-4.326316e-02	1.267526e+01
1.878000e-05	-3.165462e-02	1.281370e+01
1.879000e-05	-3.670101e-02	1.296045e+01
1.880000e-05	-4.241856e-02	1.313845e+01
1.881000e-05	-4.799350e-02	1.327529e+01
1.882000e-05	-3.637189e-02	1.344315e+01
1.883000e-05	-3.892353e-02	1.356997e+01
1.884000e-05	-4.703726e-02	1.367581e+01
1.885000e-05	-5.951872e-02	1.377378e+01
1.886000e-05	-5.542288e-02	1.399009e+01
1.887000e-05	-5.027134e-02	1.409679e+01
1.888000e-05	-5.141989e-02	1.420268e+01
1.889000e-05	-6.017740e-02	1.433049e+01
1.890000e-05	-6.325187e-02	1.438470e+01
1.891000e-05	-5.588999e-02	1.448794e+01
1.892000e-05	-5.994646e-02	1.455165e+01
1.893000e-05	-6.659736e-02	1.469692e+01
1.894000e-05	-7.569624e-02	1.478157e+01
1.895000e-05	-7.111706e-02	1.484328e+01
1.896000e-05	-7.159247e-02	1.487793e+01
1.897000e-05	-7.768822e-02	1.493154e+01
1.898000e-05	-8.690985e-02	1.502210e+01
1.899000e-05	-8.914536e-02	1.508628e+01
1.900000e-05	-8.381221e-02	1.511789e+01
1.901000e-05	-8.718020e-02	1.515099e+01
1.902000e-05	-9.499415e-02	1.517170e+01
1.903000e-05	-1.025619e-01	1.521373e+01
1.904000e-05	-1.014511e-01	1.524575e+01
1.905000e-05	-1.050034e-01	1.523539e+01
1.906000e-05	-1.131182e-01	1.523736e+01
1.907000e-05	-1.216823e-01	1.525896e+01
1.908000e-05	-1.225638e-01	1.525786e+01
1.909000e-05	-1.228626e-01	1.523788e+01
1.910000e-05	-1.312910e-01	1.524786e+01
1.911000e-05	-1.449459e-01	1.524731e+01
1.912000e-05	-1.550542e-01	1.521533e+01
1.913000e-05	-1.603591e-01	1.522373e+01
1.914000e-05	-1.739022e-01	1.515167e+01
1.915000e-05	-1.936189e-01	1.516201e+01
1.916000e-05	-2.189981e-01	1.512839e+01
1.917000e-05	-2.406778e-01	1.501528e+01
1.918000e-05	-2.492634e-01	1.503460e+01
1.919000e-05	-2.500000e-01	1.494147e+01
1.920000e-05	-2.500000e-01	1.491891e+01
1.921000e-05	-2.500000e-01	1.486515e+01
1.922000e-05	-2.500000e-01	1.471904e+01
1.923000e-05	-2.500000e-01	1.465573e+01
1.924000e-05	-2.500000e-01	1.459162e+01
1.925000e-05	-2.419088e-01	1.448881e+01
1.926000e-05	-2.119517e-01	1.437262e+01
1.927000e-05	-1.860516e-01	1.425786e+01
1.928000e-05	-1.663795e-01	1.415314e+01
1.929000e-05	-1.496482e-01	1.406587e+01
1.930000e-05	-1.326522e-01	1.398006e+01
1.931000e-05	-1.189414e-01	1.375410e+01
1.932000e-05	-1.094113e-01	1.366788e+01
1.933000e-05	-1.037417e-01	1.355091e+01
1.934000e-05	-9.455822e-02	1.339460e+01
1.935000e-05	-8.540983e-02	1.326635e+01
1.936000e-05	-7.830890e-02	1.313891e+01
1.937000e-05	-7.572256e-02	1.295246e+01
1.938000e-05	-7.200421e-02	1.279415e+01
1.939000e-05	-6.662605e-02	1.267623e+01
1.940000e-05	-6.119758e-02	1.251746e+01
1.941000e-05	-5.974413e-02	1.233944e+01
1.942000e-05	-5.875067e-02	1.215104e+01
1.943000e-05	-5.359075e-02	1.198317e+01
1.944000e-05	-4.877865e-02	1.181309e+01
1.945000e-05	-4.820180e-02	1.164319e+01
1.946000e-05	-4.909336e-02	1.137354e+01
1.947000e-05	-4.616998e-02	1.120307e+01
1.948000e-05	-4.170924e-02	1.097260e+01
1.949000e-05	-3.877266e-02	1.080162e+01
1.950000e-05	-3.918485e-02	1.058309e+01
1.951000e-05	-4.062535e-02	1.039262e+01
1.952000e-05	-3.689967e-02	1.017162e+01
1.953000e-05	-3.490569e-02	1.000059e+01
1.954000e-05	-3.364028e-02	9.727934e+00
1.955000e-05	-3.557030e-02	9.465308e+00
1.956000e-05	-3.297422e-02	9.307360e+00
1.957000e-05	-3.076660e-02	9.086252e+00
1.958000e-05	-2.890821e-02	8.824696e+00
1.959000e-05	-3.094089e-02	8.601594e+00
1.960000e-05	-2.983167e-02	8.401071e+00
1.961000e-05	-2.707541e-02	8.107934e+00
1.962000e-05	-2.504900e-02	7.886860e+00
1.963000e-05	-2.555852e-02	7.613150e+00
1.964000e-05	-2.737723e-02	7.361038e+00
1.965000e-05	-2.396999e-02	7.105807e+00
1.966000e-05	-2.325321e-02	6.853254e+00
1.967000e-05	-2.273547e-02	6.563069e+00
1.968000e-05	-2.406099e-02	6.318384e+00
1.969000e-05	-2.196939e-02	6.096705e+00
1.970000e-05	-2.133287e-02	5.812142e+00
1.971000e-05	-1.953358e-02	5.518910e+00
1.972000e-05	-2.116988e-02	5.266325e+00
1.973000e-05	-2.047385e-02	4.959460e+00
1.974000e-05	-1.965458e-02	4.674151e+00
1.975000e-05	-1.742934e-02	4.402119e+00
1.976000e-05	-1.853225e-02	4.128836e+00
1.977000e-05	-1.855739e-02	3.822148e+00
1.978000e-05	-1.834957e-02	3.539995e+00
1.979000e-05	-1.593084e-02	3.289302e+00
1.980000e-05	-1.528690e-02	3.023047e+00
1.981000e-05	-1.588119e-02	2.768914e+00
1.982000e-05	-1.592958e-02	2.444252e+00
1.983000e-05	-1.372110e-02	2.160414e+00
1.984000e-05	-1.257571e-02	1.906787e+00
1.985000e-05	-1.344958e-02	1.622069e+00
1.986000e-05	-1.390124e-02	1.317306e+00
1.987000e-05	-1.251950e-02	1.031010e+00
1.988000e-05	-1.130955e-02	6.967055e-01
1.989000e-05	-1.092779e-02	4.251515e-01
1.990000e-05	-9.860730e-03	1.498571e-01
1.991000e-05	-6.016707e-03	-1.228494e-01
1.992000e-05	5.360493e-03	-3.873785e-01
1.993000e-05	-2.355165e-03	-6.416430e-01
1.994000e-05	1.212975e-03	-9.253471e-01
1.995000e-05	-2.339334e-03	-1.248584e+00
1.996000e-05	1.144654e-03	-1.475321e+00
1.997000e-05	1.535364e-03	-1.716322e+00
1.998000e-05	2.796588e-02	-1.957924e+00
1.999000e-05	1.077571e-01	-2.230566e+00
2.000000e-05	3.553336e-02	-2.590032e+00
2.001000e-05	-4.494485e-02	-2.978617e+00
2.002000e-05	-1.374176e-02	-3.305272e+00
2.003000e-05	-4.421499e-02	-3.536420e+00
2.004000e-05	-7.580646e-02	-3.754900e+00
2.005000e-05	1.722059e-02	-3.957949e+00
2.006000e-05	1.032681e-01	-4.166900e+00
2.007000e-05	-1.254455e-01	-4.421137e+00
2.008000e-05	1.787670e-01	-4.706371e+00
2.009000e-05	-6.456301e-02	-5.007560e+00
2.010000e-05	6.934892e-03	-5.369424e+00
2.011000e-05	4.718246e-02	-5.590533e+00
2.012000e-05	-1.185667e-01	-5.886822e+00
2.013000e-05	1.598278e-01	-6.106718e+00
2.014000e-05	-6.966306e-02	-6.380033e+00
2.015000e-05	7.610357e-02	-6.675367e+00
2.016000e-05	2.487700e-03	-6.906249e+00
2.017000e-05	-4.565275e-02	-7.221562e+00
2.018000e-05	8.344145e-02	-7.442765e+00
2.019000e-05	-7.823238e-02	-7.758528e+00
2.020000e-05	1.165991e-01	-7.982682e+00
2.021000e-05	-3.934538e-02	-8.232733e+00
2.022000e-05	5.396875e-02	-8.476312e+00
2.023000e-05	3.443287e-02	-8.746549e+00
2.024000e-05	-5.000525e-02	-8.990577e+00
2.025000e-05	6.805460e-02	-9.181079e+00
2.026000e-05	-4.592526e-02	-9.392690e+00
2.027000e-05	1.037211e-01	-9.654319e+00
2.028000e-05	-2.557582e-02	-9.844189e+00
2.029000e-05	6.565514e-02	-1.007672e+01
2.030000e-05	-5.698726e-03	-1.028799e+01
2.031000e-05	3.052380e-02	-1.055797e+01
2.032000e-05	3.190689e-02	-1.072689e+01
2.033000e-05	-1.192212e-03	-1.091692e+01
2.034000e-05	5.448247e-02	-1.114842e+01
2.035000e-05	-2.292563e-03	-1.136905e+01
2.036000e-05	6.901522e-02	-1.149944e+01
2.037000e-05	-4.933504e-03	-1.173798e+01
2.038000e-05	5.284582e-02	-1.192852e+01
2.039000e-05	9.386855e-03	-1.212844e+01
2.040000e-05	5.881933e-02	-1.232689e+01
2.041000e-05	2.471458e-02	-1.248732e+01
2.042000e-05	3.569128e-02	-1.264324e+01
2.043000e-05	2.928431e-02	-1.281158e+01
2.044000e-05	3.740046e-02	-1.294963e+01
2.045000e-05	4.710380e-02	-1.309787e+01
2.046000e-05	3.294265e-02	-1.327529e+01
2.047000e-05	5.070955e-02	-1.338263e+01
2.048000e-05	3.723843e-02	-1.352897e+01
2.049000e-05	5.844135e-02	-1.368736e+01
2.050000e-05	3.493057e-02	-1.384373e+01
2.051000e-05	4.900264e-02	-1.390997e+01
2.052000e-05	3.950894e-02	-1.402534e+01
2.053000e-05	6.176148e-02	-1.415008e+01
2.054000e-05	5.179132e-02	-1.429697e+01
2.055000e-05	5.832630e-02	-1.442071e+01
2.056000e-05	5.236455e-02	-1.447849e+01
2.057000e-05	6.385435e-02	-1.458260e+01
2.058000e-05	6.505304e-02	-1.468647e+01
2.059000e-05	6.374556e-02	-1.474003e+01
2.060000e-05	6.519995e-02	-1.484528e+01
2.061000e-05	6.746753e-02	-1.489844e+01
2.062000e-05	7.589813e-02	-1.497312e+01
2.063000e-05	7.087037e-02	-1.499373e+01
2.064000e-05	7.560397e-02	-1.507741e+01
2.065000e-05	7.686498e-02	-1.510892e+01
2.066000e-05	9.081876e-02	-1.519162e+01
2.067000e-05	8.894045e-02	-1.521225e+01
2.068000e-05	9.135892e-02	-1.523328e+01
2.069000e-05	9.020434e-02	-1.529681e+01
2.070000e-05	9.797990e-02	-1.530701e+01
2.071000e-05	1.029507e-01	-1.532694e+01
2.072000e-05	1.056003e-01	-1.533195e+01
2.073000e-05	1.101238e-01	-1.534805e+01
2.074000e-05	1.170864e-01	-1.531954e+01
2.075000e-05	1.256647e-01	-1.534054e+01
2.076000e-05	1.291485e-01	-1.529949e+01
2.077000e-05	1.346411e-01	-1.532889e+01
2.078000e-05	1.432614e-01	-1.525686e+01
2.079000e-05	1.578973e-01	-1.525383e+01
2.080000e-05	1.730248e-01	-1.523420e+01
2.081000e-05	1.900063e-01	-1.518159e+01
2.082000e-05	2.126197e-01	-1.512799e+01
2.083000e-05	2.398044e-01	-1.505846e+01
2.084000e-05	2.494679e-01	-1.500478e+01
2.085000e-05	2.500000e-01	-1.495252e+01
2.086000e-05	2.500000e-01	-1.484834e+01
2.087000e-05	2.500000e-01	-1.480428e+01
2.088000e-05	2.500000e-01	-1.479047e+01
2.089000e-05	2.500000e-01	-1.470784e+01
2.090000e-05	2.481481e-01	-1.458270e+01
2.091000e-05	2.254425e-01	-1.451801e+01
2.092000e-05	1.976325e-01	-1.437215e+01
2.093000e-05	1.740173e-01	-1.430854e+01
2.094000e-05	1.525051e-01	-1.417307e+01
2.095000e-05	1.339126e-01	-1.407838e+01
2.096000e-05	1.204406e-01	-1.394954e+01
2.097000e-05	1.089072e-01	-1.377372e+01
2.098000e-05	9.723279e-02	-1.371696e+01
2.099000e-05	8.740956e-02	-1.357009e+01
2.100000e-05	7.941485e-02	-1.336467e+01
2.101000e-05	7.533641e-02	-1.326488e+01
2.102000e-05	7.013592e-02	-1.314846e+01
2.103000e-05	6.264764e-02	-1.300209e+01
2.104000e-05	5.641639e-02	-1.280475e+01
2.105000e-05	5.406852e-02	-1.269681e+01
2.106000e-05	4.979052e-02	-1.249892e+01
2.107000e-05	4.782390e-02	-1.236944e+01
2.108000e-05	4.056334e-02	-1.218006e+01
2.109000e-05	4.235195e-02	-1.204264e+01
2.110000e-05	4.020538e-02	-1.176215e+01
2.111000e-05	3.540456e-02	-1.159152e+01
2.112000e-05	3.375155e-02	-1.140357e+01
2.113000e-05	2.758725e-02	-1.116102e+01
2.114000e-05	2.967832e-02	-1.093149e+01
2.115000e-05	2.584150e-02	-1.079149e+01
2.116000e-05	2.715003e-02	-1.058159e+01
2.117000e-05	2.389258e-02	-1.037154e+01
2.118000e-05	2.532799e-02	-1.013139e+01
2.119000e-05	2.207028e-02	-9.898888e+00
2.120000e-05	2.035102e-02	-9.729863e+00
2.121000e-05	1.767039e-02	-9.498883e+00
2.122000e-05	1.689961e-02	-9.295806e+00
2.123000e-05	1.616304e-02	-9.023151e+00
2.124000e-05	1.558422e-02	-8.833601e+00
2.125000e-05	1.368404e-02	-8.564040e+00
2.126000e-05	1.317245e-02	-8.320388e+00
2.127000e-05	1.239069e-02	-8.117909e+00
2.128000e-05	1.202527e-02	-7.876278e+00
2.129000e-05	1.019103e-02	-7.530064e+00
2.130000e-05	8.033259e-03	-7.288415e+00
2.131000e-05	9.099518e-03	-7.085252e+00
2.132000e-05	7.235372e-03	-6.832021e+00
2.133000e-05	6.930725e-03	-6.538966e+00
2.134000e-05	3.813273e-03	-6.297309e+00
2.135000e-05	5.111607e-03	-6.012647e+00
2.136000e-05	4.411708e-03	-5.780989e+00
2.137000e-05	4.971031e-03	-5.516331e+00
2.138000e-05	2.774820e-03	-5.191044e+00
2.139000e-05	1.749181e-03	-4.876300e+00
2.140000e-05	1.644843e-03	-4.620095e+00
2.141000e-05	1.534477e-03	-4.359465e+00
2.142000e-05	1.127450e-04	-4.136884e+00
2.143000e-05	-1.505586e-03	-3.792521e+00
2.144000e-05	-1.464295e-03	-3.547913e+00
2.145000e-05	-2.859037e-03	-3.305327e+00
2.146000e-05	-1.519864e-03	-3.002560e+00
2.147000e-05	-3.233650e-03	-2.715809e+00
2.148000e-05	-2.472199e-03	-2.433101e+00
2.149000e-05	-3.107066e-03	-2.199414e+00
2.150000e-05	-3.477123e-03	-1.844679e+00
2.151000e-05	-4.488398e-03	-1.620474e+00
2.152000e-05	-6.050690e-03	-1.286777e+00
2.153000e-05	-7.483030e-03	-9.704663e-01
2.154000e-05	-6.946877e-03	-6.758307e-01
2.155000e-05	-6.835883e-03	-3.514726e-01
2.156000e-05	-6.172167e-03	-1.264320e-01
2.157000e-05	1.938421e-03	1.368510e-01
2.158000e-05	7.367980e-03	3.911065e-01
2.159000e-05	1.368620e-04	6.636704e-01
2.160000e-05	3.411978e-03	9.258434e-01
2.161000e-05	-3.093168e-03	1.251055e+00
2.162000e-05	-3.148866e-04	1.526342e+00
2.163000e-05	-9.133421e-04	1.810531e+00
2.164000e-05	1.905561e-02	1.999030e+00
2.165000e-05	7.539406e-02	2.253662e+00
2.166000e-05	6.611399e-02	2.622112e+00
2.167000e-05	-5.150277e-02	2.935324e+00
2.168000e-05	-2.930514e-02	3.202579e+00
2.169000e-05	-3.694321e-02	3.495870e+00
2.170000e-05	-4.159617e-02	3.747822e+00
2.171000e-05	-8.154903e-02	3.916445e+00
2.172000e-05	4.201445e-02	4.238058e+00
2.173000e-05	4.041539e-02	4.515242e+00
2.174000e-05	-7.601853e-02	4.747371e+00
2.175000e-05	1.425491e-01	5.061532e+00
2.176000e-05	-8.587693e-02	5.358928e+00
2.177000e-05	-9.074708e-04	5.611026e+00
2.178000e-05	-2.707149e-03	5.896297e+00
2.179000e-05	-2.803072e-02	6.136898e+00
2.180000e-05	5.004821e-02	6.381031e+00
2.181000e-05	-5.865384e-02	6.664795e+00
2.182000e-05	2.096634e-02	6.927996e+00
2.183000e-05	-3.099728e-02	7.220559e+00
2.184000e-05	-2.883538e-03	7.506817e+00
2.185000e-05	-2.361537e-02	7.768502e+00
2.186000e-05	-3.023118e-02	8.040686e+00
2.187000e-05	3.294633e-02	8.304790e+00
2.188000e-05	-3.068186e-02	8.486847e+00
2.189000e-05	6.057067e-03	8.684369e+00
2.190000e-05	-3.703742e-02	8.927973e+00
2.191000e-05	-3.602911e-02	9.181503e+00
2.192000e-05	1.583578e-03	9.422025e+00
2.193000e-05	-1.868731e-02	9.644610e+00
2.194000e-05	-8.994693e-03	9.904268e+00
2.195000e-05	-3.532909e-02	1.008724e+01
2.196000e-05	2.130079e-04	1.028582e+01
2.197000e-05	-2.841256e-02	1.048779e+01
2.198000e-05	-2.448730e-02	1.072689e+01
2.199000e-05	-3.445192e-02	1.089835e+01
2.200000e-05	-2.716149e-02	1.111787e+01
2.201000e-05	-1.265187e-02	1.128789e+01
2.202000e-05	-3.145848e-02	1.154645e+01
2.203000e-05	-3.108709e-02	1.173945e+01
2.204000e-05	-4.129456e-02	1.190944e+01
2.205000e-05	-1.971277e-02	1.207746e+01
2.206000e-05	-2.890638e-02	1.225481e+01
2.207000e-05	-3.381293e-02	1.243369e+01
2.208000e-05	-4.443495e-02	1.260266e+01
2.209000e-05	-3.583277e-02	1.277095e+01
2.210000e-05	-3.186317e-02	1.289694e+01
2.211000e-05	-4.162632e-02	1.306584e+01
2.212000e-05	-4.694326e-02	1.324268e+01
2.213000e-05	-4.379138e-02	1.336244e+01
2.214000e-05	-3.434483e-02	1.352892e+01
2.215000e-05	-4.477624e-02	1.363526e+01
2.216000e-05	-5.467165e-02	1.377152e+01
2.217000e-05	-5.803193e-02	1.388744e+01
2.218000e-05	-5.019975e-02	1.404371e+01
2.219000e-05	-4.900095e-02	1.414307e+01
2.220000e-05	-5.787360e-02	1.429684e+01
2.221000e-05	-6.412204e-02	1.438265e+01
2.222000e-05	-5.977691e-02	1.448641e+01
2.223000e-05	-5.813062e-02	1.457154e+01
2.224000e-05	-6.525232e-02	1.465581e+01
2.225000e-05	-7.244956e-02	1.478057e+01
2.226000e-05	-7.249193e-02	1.481218e+01
2.227000e-05	-6.943031e-02	1.488626e+01
2.228000e-05	-7.400658e-02	1.492899e+01
2.229000e-05	-8.539289e-02	1.503308e+01
2.230000e-05	-9.074010e-02	1.507430e+01
2.231000e-05	-8.576317e-02	1.511786e+01
2.232000e-05	-8.534715e-02	1.512845e+01
2.233000e-05	-9.284133e-02	1.517265e+01
2.234000e-05	-1.016065e-01	1.517430e+01
2.235000e-05	-1.009004e-01	1.521421e+01
2.236000e-05	-1.016400e-01	1.524586e+01
2.237000e-05	-1.093805e-01	1.525728e+01
2.238000e-05	-1.198236e-01	1.523839e+01
2.239000e-05	-1.228967e-01	1.529781e+01
2.240000e-05	-1.224798e-01	1.525636e+01
2.241000e-05	-1.268159e-01	1.525681e+01
2.242000e-05	-1.408934e-01	1.528631e+01
2.243000e-05	-1.520631e-01	1.523581e+01
2.244000e-05	-1.574130e-01	1.516268e+01
2.245000e-05	-1.664744e-01	1.517220e+01
2.246000e-05	-1.846234e-01	1.515254e+01
2.247000e-05	-2.099195e-01	1.513899e+01
2.248000e-05	-2.331850e-01	1.507686e+01
2.249000e-05	-2.470951e-01	1.503368e+01
2.250000e-05	-2.500000e-01	1.498204e+01
2.251000e-05	-2.500000e-01	1.492888e+01
2.252000e-05	-2.500000e-01	1.486426e+01
2.253000e-05	-2.500000e-01	1.474154e+01
2.254000e-05	-2.500000e-01	1.470783e+01
2.255000e-05	-2.500000e-01	1.459360e+01
2.256000e-05	-2.481529e-01	1.452994e+01
2.257000e-05	-2.242735e-01	1.439322e+01
2.258000e-05	-1.938289e-01	1.435844e+01
2.259000e-05	-1.702912e-01	1.422370e+01
2.260000e-05	-1.558662e-01	1.409644e+01
2.261000e-05	-1.406026e-01	1.402062e+01
2.262000e-05	-1.236525e-01	1.380628e+01
2.263000e-05	-1.119836e-01	1.367051e+01
2.264000e-05	-1.059277e-01	1.360365e+01
2.265000e-05	-9.917275e-02	1.347728e+01
2.266000e-05	-8.907145e-02	1.331989e+01
2.267000e-05	-7.930493e-02	1.318205e+01
2.268000e-05	-7.541909e-02	1.299560e+01
2.269000e-05	-7.258442e-02	1.287680e+01
2.270000e-05	-6.965136e-02	1.273993e+01
2.271000e-05	-6.212983e-02	1.256052e+01
2.272000e-05	-5.996142e-02	1.242264e+01
2.273000e-05	-5.949079e-02	1.218465e+01
2.274000e-05	-5.722905e-02	1.208790e+01
2.275000e-05	-5.092714e-02	1.189676e+01
2.276000e-05	-4.687599e-02	1.166640e+01
2.277000e-05	-4.680385e-02	1.149683e+01
2.278000e-05	-4.668052e-02	1.127730e+01
2.279000e-05	-4.398803e-02	1.108480e+01
2.280000e-05	-3.947044e-02	1.087631e+01
2.281000e-05	-3.975376e-02	1.070578e+01
2.282000e-05	-3.999824e-02	1.046688e+01
2.283000e-05	-3.945863e-02	1.024517e+01
2.284000e-05	-3.531450e-02	1.004517e+01
2.285000e-05	-3.351148e-02	9.834146e+00
2.286000e-05	-3.397239e-02	9.561467e+00
2.287000e-05	-3.414782e-02	9.381015e+00
2.288000e-05	-3.051387e-02	9.139964e+00
2.289000e-05	-2.844190e-02	8.899437e+00
2.290000e-05	-2.913732e-02	8.676784e+00
2.291000e-05	-2.941426e-02	8.486282e+00
2.292000e-05	-2.920331e-02	8.235691e+00
2.293000e-05	-2.635909e-02	7.942043e+00
2.294000e-05	-2.558984e-02	7.708485e+00
2.295000e-05	-2.664128e-02	7.476796e+00
2.296000e-05	-2.673268e-02	7.192096e+00
2.297000e-05	-2.310853e-02	6.960436e+00
2.298000e-05	-2.182058e-02	6.716752e+00
2.299000e-05	-2.289299e-02	6.372022e+00
2.300000e-05	-2.447283e-02	6.170964e+00
2.301000e-05	-2.215256e-02	5.927886e+00
2.302000e-05	-2.069550e-02	5.664174e+00
2.303000e-05	-2.003378e-02	5.390013e+00
2.304000e-05	-2.085715e-02	5.078277e+00
2.305000e-05	-2.027177e-02	4.778861e+00
2.306000e-05	-1.877860e-02	4.485780e+00
2.307000e-05	-1.794872e-02	4.244593e+00
2.308000e-05	-1.778960e-02	3.927836e+00
2.309000e-05	-1.822948e-02	3.674280e+00
2.310000e-05	-1.613406e-02	3.433142e+00
2.311000e-05	-1.483055e-02	3.076783e+00
2.312000e-05	-1.488895e-02	2.855674e+00
2.313000e-05	-1.663862e-02	2.590389e+00
2.314000e-05	-1.582098e-02	2.314753e+00
2.315000e-05	-1.423366e-02	2.031169e+00
2.316000e-05	-1.297166e-02	1.746883e+00
2.317000e-05	-1.381783e-02	1.442120e+00
2.318000e-05	-1.349968e-02	1.159316e+00
2.319000e-05	-1.154266e-02	7.815162e-01
2.320000e-05	-1.054534e-02	5.363582e-01
2.321000e-05	-9.730198e-03	2.652253e-01
2.322000e-05	-8.636479e-03	-2.109020e-02
2.323000e-05	3.959157e-04	-2.847680e-01
2.324000e-05	3.054007e-03	-5.057560e-01
2.325000e-05	-1.855153e-03	-8.606353e-01
2.326000e-05	6.446869e-04	-1.073619e+00
2.327000e-05	-2.866356e-03	-1.399979e+00
2.328000e-05	1.072441e-03	-1.642134e+00
2.329000e-05	1.296812e-02	-1.884644e+00
2.330000e-05	7.669356e-02	-2.093797e+00
2.331000e-05	9.354014e-02	-2.460639e+00
2.332000e-05	-4.711551e-02	-2.810067e+00
2.333000e-05	-8.909281e-03	-3.202408e+00
2.334000e-05	-4.178074e-02	-3.451112e+00
2.335000e-05	-5.072606e-02	-3.632588e+00
2.336000e-05	-6.518352e-02	-3.924269e+00
2.337000e-05	1.463175e-01	-4.041135e+00
2.338000e-05	-9.439304e-02	-4.326424e+00
2.339000e-05	5.289500e-02	-4.651688e+00
2.340000e-05	6.403233e-02	-4.873695e+00
2.341000e-05	-1.114495e-01	-5.211615e+00
2.342000e-05	1.321682e-01	-5.515840e+00
2.343000e-05	-1.443096e-01	-5.767979e+00
2.344000e-05	8.708852e-02	-6.031637e+00
2.345000e-05	3.077821e-02	-6.263790e+00
2.346000e-05	-2.695541e-02	-6.619603e+00
2.347000e-05	1.019722e-01	-6.800536e+00
2.348000e-05	-9.925163e-02	-7.095977e+00
2.349000e-05	9.513306e-02	-7.409049e+00
2.350000e-05	-5.106132e-02	-7.642165e+00
2.351000e-05	4.529604e-02	-7.929449e+00
2.352000e-05	4.589519e-02	-8.128423e+00
2.353000e-05	-3.570712e-02	-8.380033e+00
2.354000e-05	1.087186e-01	-8.641738e+00
2.355000e-05	-7.813728e-02	-8.915820e+00
2.356000e-05	6.826167e-02	-9.075897e+00
2.357000e-05	-3.105648e-02	-9.297841e+00
2.358000e-05	6.007435e-02	-9.580035e+00
2.359000e-05	3.146693e-02	-9.820057e+00
2.360000e-05	6.900558e-03	-1.000261e+01
2.361000e-05	5.214754e-02	-1.022111e+01
2.362000e-05	-2.344125e-02	-1.044387e+01
2.363000e-05	7.342752e-02	-1.062321e+01
2.364000e-05	-2.579794e-02	-1.083374e+01
2.365000e-05	6.395768e-02	-1.106381e+01
2.366000e-05	-3.722887e-03	-1.124371e+01
2.367000e-05	5.886984e-02	-1.145636e+01
2.368000e-05	1.550415e-02	-1.166536e+01
2.369000e-05	3.017439e-02	-1.186636e+01
2.370000e-05	2.981409e-02	-1.204531e+01
2.371000e-05	3.165638e-02	-1.224424e+01
2.372000e-05	5.038281e-02	-1.241265e+01
2.373000e-05	1.684161e-02	-1.257213e+01
2.374000e-05	4.527826e-02	-1.274893e+01
2.375000e-05	1.965936e-02	-1.290744e+01
2.376000e-05	5.709470e-02	-1.305419e+01
2.377000e-05	2.695033e-02	-1.321258e+01
2.378000e-05	5.361461e-02	-1.335053e+01
2.379000e-05	3.440674e-02	-1.351841e+01
2.380000e-05	5.649847e-02	-1.363276e+01
2.381000e-05	4.059812e-02	-1.372205e+01
2.382000e-05	4.456741e-02	-1.387581e+01
2.383000e-05	4.213451e-02	-1.402310e+01
2.384000e-05	5.306415e-02	-1.412057e+01
2.385000e-05	5.778071e-02	-1.422586e+01
2.386000e-05	5.343499e-02	-1.436158e+01
2.387000e-05	5.606582e-02	-1.447576e+01
2.388000e-05	5.562625e-02	-1.456165e+01
2.389000e-05	6.851196e-02	-1.465576e+01
2.390000e-05	6.133794e-02	-1.472845e+01
2.391000e-05	6.847913e-02	-1.481173e+01
2.392000e-05	6.381628e-02	-1.488689e+01
2.393000e-05	7.645274e-02	-1.493100e+01
2.394000e-05	7.043688e-02	-1.499411e+01
2.395000e-05	7.449569e-02	-1.505579e+01
2.396000e-05	7.395395e-02	-1.510949e+01
2.397000e-05	8.568215e-02	-1.517957e+01
2.398000e-05	9.106337e-02	-1.523368e+01
2.399000e-05	9.001682e-02	-1.523573e+01
2.400000e-05	9.171925e-02	-1.526781e+01
2.401000e-05	9.308762e-02	-1.528688e+01
2.402000e-05	1.023532e-01	-1.527862e+01
2.403000e-05	1.034835e-01	-1.528956e+01
2.404000e-05	1.096130e-01	-1.534047e+01
2.405000e-05	1.129162e-01	-1.532092e+01
2.406000e-05	1.231495e-01	-1.536997e+01
2.407000e-05	1.279750e-01	-1.534844e+01
2.408000e-05	1.327218e-01	-1.530991e+01
2.409000e-05	1.384186e-01	-1.525741e+01
2.410000e-05	1.522126e-01	-1.527583e+01
2.411000e-05	1.681061e-01	-1.523523e+01
2.412000e-05	1.839602e-01	-1.517420e+01
2.413000e-05	2.024791e-01	-1.518944e+01
2.414000e-05	2.283151e-01	-1.508796e+01
2.415000e-05	2.471011e-01	-1.501573e+01
2.416000e-05	2.500000e-01	-1.497459e+01
2.417000e-05	2.500000e-01	-1.491054e+01
2.418000e-05	2.500000e-01	-1.487581e+01
2.419000e-05	2.500000e-01	-1.480272e+01
2.420000e-05	2.500000e-01	-1.470741e+01
2.421000e-05	2.497848e-01	-1.461423e+01
2.422000e-05	2.356007e-01	-1.452049e+01
2.423000e-05	2.065554e-01	-1.444378e+01
2.424000e-05	1.828027e-01	-1.436046e+01
2.425000e-05	1.604941e-01	-1.417327e+01
2.426000e-05	1.405249e-01	-1.413994e+01
2.427000e-05	1.245593e-01	-1.397267e+01
2.428000e-05	1.130529e-01	-1.388735e+01
2.429000e-05	1.019850e-01	-1.372998e+01
2.430000e-05	9.079658e-02	-1.360420e+01
2.431000e-05	8.194260e-02	-1.343521e+01
2.432000e-05	7.679067e-02	-1.330986e+01
2.433000e-05	7.188634e-02	-1.319312e+01
2.434000e-05	6.571335e-02	-1.303520e+01
2.435000e-05	5.850730e-02	-1.291689e+01
2.436000e-05	5.445427e-02	-1.276944e+01
2.437000e-05	5.229781e-02	-1.254307e+01
2.438000e-05	4.957559e-02	-1.238270e+01
2.439000e-05	4.429490e-02	-1.225520e+01
2.440000e-05	4.107566e-02	-1.202576e+01
2.441000e-05	3.944643e-02	-1.184538e+01
2.442000e-05	3.634391e-02	-1.165728e+01
2.443000e-05	3.359026e-02	-1.143478e+01
2.444000e-05	2.961691e-02	-1.123470e+01
2.445000e-05	2.927081e-02	-1.100423e+01
2.446000e-05	2.893694e-02	-1.084523e+01
2.447000e-05	2.772238e-02	-1.066578e+01
2.448000e-05	2.436428e-02	-1.047526e+01
2.449000e-05	2.281834e-02	-1.022317e+01
2.450000e-05	2.186453e-02	-9.981671e+00
2.451000e-05	2.116862e-02	-9.783170e+00
2.452000e-05	1.892782e-02	-9.589641e+00
2.453000e-05	1.748456e-02	-9.320538e+00
2.454000e-05	1.728608e-02	-9.146985e+00
2.455000e-05	1.715562e-02	-8.896856e+00
2.456000e-05	1.467388e-02	-8.685827e+00
2.457000e-05	1.180460e-02	-8.443222e+00
2.458000e-05	1.196000e-02	-8.172069e+00
2.459000e-05	1.192374e-02	-7.970465e+00
2.460000e-05	1.189843e-02	-7.688779e+00
2.461000e-05	9.096412e-03	-7.422596e+00
2.462000e-05	8.523655e-03	-7.140044e+00
2.463000e-05	7.335262e-03	-6.867860e+00
2.464000e-05	6.984520e-03	-6.654178e+00
2.465000e-05	5.786191e-03	-6.391094e+00
2.466000e-05	4.515364e-03	-6.107413e+00
2.467000e-05	4.423465e-03	-5.864730e+00
2.468000e-05	3.935647e-03	-5.562565e+00
2.469000e-05	4.023619e-03	-5.308410e+00
2.470000e-05	2.286084e-03	-4.982548e+00
2.471000e-05	1.505940e-03	-4.696907e+00
2.472000e-05	2.016500e-03	-4.442153e+00
2.473000e-05	1.325250e-03	-4.222621e+00
2.474000e-05	7.465286e-05	-3.939439e+00
2.475000e-05	-1.956119e-03	-3.662203e+00
2.476000e-05	-2.738379e-03	-3.421520e+00
2.477000e-05	-2.149745e-03	-3.096860e+00
2.478000e-05	-2.492180e-03	-2.832120e+00
2.479000e-05	-3.183030e-03	-2.547834e+00
2.480000e-05	-2.451584e-03	-2.295218e+00
2.481000e-05	-3.063043e-03	-1.948442e+00
2.482000e-05	-3.598336e-03	-1.705752e+00
2.483000e-05	-5.209134e-03	-1.411538e+00
2.484000e-05	-6.555378e-03	-1.075229e+00
2.485000e-05	-6.617067e-03	-8.130702e-01
2.486000e-05	-6.140329e-03	-5.483334e-01
2.487000e-05	-6.548480e-03	-2.831518e-01
2.488000e-05	-2.886861e-03	7.308027e-02
2.489000e-05	7.225999e-03	2.963219e-01
2.490000e-05	8.621926e-04	5.979023e-01
2.491000e-05	4.294497e-03	7.895337e-01
2.492000e-05	-9.831818e-04	1.106445e+00
2.493000e-05	3.597369e-05	1.396930e+00
2.494000e-05	-3.134671e-03	1.685893e+00
2.495000e-05	1.015626e-02	1.955447e+00
2.496000e-05	4.586059e-02	2.177402e+00
2.497000e-05	9.637041e-02	2.462084e+00
2.498000e-05	-2.194443e-02	2.839557e+00
2.499000e-05	-3.828355e-02	3.125793e+00
2.500000e-05	-3.557332e-02	3.402507e+00
2.501000e-05	-2.971203e-02	3.653187e+00
2.502000e-05	-7.599787e-02	3.845214e+00
2.503000e-05	-2.086225e-02	4.043196e+00
2.504000e-05	9.078897e-02	4.418431e+00
2.505000e-05	-8.442504e-02	4.695138e+00
2.506000e-05	8.661734e-02	4.914742e+00
2.507000e-05	1.714293e-02	5.262643e+00
2.508000e-05	-8.311514e-02	5.504816e+00
2.509000e-05	4.373672e-02	5.808631e+00
2.510000e-05	-5.830351e-02	6.044111e+00
2.511000e-05	5.093051e-02	6.285322e+00
2.512000e-05	-2.620848e-02	6.590506e+00
2.513000e-05	-1.615426e-02	6.833732e+00
2.514000e-05	8.421442e-03	7.104826e+00
2.515000e-05	-3.797906e-02	7.349528e+00
2.516000e-05	1.101626e-02	7.651138e+00
2.517000e-05	-5.743810e-02	7.976899e+00
2.518000e-05	3.060910e-02	8.191529e+00
2.519000e-05	-1.219121e-02	8.432534e+00
2.520000e-05	-1.371341e-02	8.592105e+00
2.521000e-05	-4.515289e-03	8.875109e+00
2.522000e-05	-6.091176e-02	9.095841e+00
2.523000e-05	6.751335e-03	9.317849e+00
2.524000e-05	-2.541038e-02	9.558125e+00
2.525000e-05	3.250354e-03	9.760048e+00
2.526000e-05	-3.836448e-02	1.000216e+01
2.527000e-05	-6.157079e-03	1.021263e+01
2.528000e-05	-1.717761e-02	1.044361e+01
2.529000e-05	-3.025562e-02	1.064073e+01
2.530000e-05	-2.624511e-02	1.083216e+01
2.531000e-05	-3.898347e-02	1.102313e+01
2.532000e-05	-6.702067e-03	1.125529e+01
2.533000e-05	-3.031607e-02	1.144568e+01
2.534000e-05	-2.228315e-02	1.162426e+01
2.535000e-05	-4.653095e-02	1.183321e+01
2.536000e-05	-2.318404e-02	1.204416e+01
2.537000e-05	-2.820406e-02	1.217108e+01
2.538000e-05	-2.932558e-02	1.238202e+01
2.539000e-05	-4.270466e-02	1.252147e+01
2.540000e-05	-3.989364e-02	1.270892e+01
2.541000e-05	-2.943916e-02	1.284473e+01
2.542000e-05	-3.918195e-02	1.303205e+01
2.543000e-05	-4.312223e-02	1.319112e+01
2.544000e-05	-4.985997e-02	1.329839e+01
2.545000e-05	-3.454730e-02	1.344626e+01
2.546000e-05	-4.271651e-02	1.357258e+01
2.547000e-05	-4.865367e-02	1.370732e+01
2.548000e-05	-6.017105e-02	1.381629e+01
2.549000e-05	-5.242039e-02	1.397070e+01
2.550000e-05	-4.935756e-02	1.410846e+01
2.551000e-05	-5.426813e-02	1.423429e+01
2.552000e-05	-6.233061e-02	1.431097e+01
2.553000e-05	-6.258569e-02	1.443519e+01
2.554000e-05	-5.650874e-02	1.456799e+01
2.555000e-05	-6.279910e-02	1.462208e+01
2.556000e-05	-6.952465e-02	1.469094e+01
2.557000e-05	-7.544470e-02	1.478167e+01
2.558000e-05	-7.039935e-02	1.485523e+01
2.559000e-05	-7.151374e-02	1.489676e+01
2.560000e-05	-8.097923e-02	1.495254e+01
2.561000e-05	-8.917651e-02	1.503473e+01
2.562000e-05	-8.866343e-02	1.507886e+01
2.563000e-05	-8.380414e-02	1.512834e+01
2.564000e-05	-8.946412e-02	1.515095e+01
2.565000e-05	-9.808727e-02	1.517368e+01
2.566000e-05	-1.025512e-01	1.524420e+01
2.567000e-05	-1.013656e-01	1.521725e+01
2.568000e-05	-1.054665e-01	1.522433e+01
2.569000e-05	-1.156692e-01	1.526686e+01
2.570000e-05	-1.222258e-01	1.530633e+01
2.571000e-05	-1.234847e-01	1.526834e+01
2.572000e-05	-1.237086e-01	1.524578e+01
2.573000e-05	-1.350271e-01	1.523773e+01
2.574000e-05	-1.488363e-01	1.522533e+01
2.575000e-05	-1.555840e-01	1.519425e+01
2.576000e-05	-1.635625e-01	1.518410e+01
2.577000e-05	-1.781336e-01	1.517262e+01
2.578000e-05	-2.007615e-01	1.510797e+01
2.579000e-05	-2.256684e-01	1.508691e+01
2.580000e-05	-2.417965e-01	1.508526e+01
2.581000e-05	-2.497945e-01	1.498362e+01
2.582000e-05	-2.500000e-01	1.493947e+01
2.583000e-05	-2.500000e-01	1.489691e+01
2.584000e-05	-2.500000e-01	1.480512e+01
2.585000e-05	-2.500000e-01	1.469896e+01
2.586000e-05	-2.500000e-01	1.459626e+01
2.587000e-05	-2.497900e-01	1.455097e+01
2.588000e-05	-2.361245e-01	1.445581e+01
2.589000e-05	-2.009022e-01	1.436107e+01
2.590000e-05	-1.777790e-01	1.424676e+01
2.591000e-05	-1.608769e-01	1.413847e+01
2.592000e-05	-1.477694e-01	1.402420e+01
2.593000e-05	-1.310783e-01	1.387748e+01
2.594000e-05	-1.175660e-01	1.374257e+01
2.595000e-05	-1.093854e-01	1.363471e+01
2.596000e-05	-1.030241e-01	1.351839e+01
2.597000e-05	-9.141374e-02	1.335110e+01
2.598000e-05	-8.193766e-02	1.324520e+01
2.599000e-05	-7.546163e-02	1.306631e+01
2.600000e-05	-7.436476e-02	1.290853e+01
2.601000e-05	-7.112235e-02	1.278212e+01
2.602000e-05	-6.636609e-02	1.262365e+01
2.603000e-05	-6.064503e-02	1.248638e+01
2.604000e-05	-6.008546e-02	1.230732e+01
2.605000e-05	-5.830651e-02	1.211941e+01
2.606000e-05	-5.281831e-02	1.193049e+01
2.607000e-05	-4.795101e-02	1.174009e+01
2.608000e-05	-4.560869e-02	1.154096e+01
2.609000e-05	-4.727532e-02	1.134996e+01
2.610000e-05	-4.578454e-02	1.112959e+01
2.611000e-05	-4.189818e-02	1.094894e+01
2.612000e-05	-3.985945e-02	1.078104e+01
2.613000e-05	-3.981318e-02	1.050034e+01
2.614000e-05	-4.057373e-02	1.034041e+01
2.615000e-05	-3.592301e-02	1.013944e+01
2.616000e-05	-3.437654e-02	9.868430e+00
2.617000e-05	-3.324580e-02	9.684779e+00
2.618000e-05	-3.503506e-02	9.443672e+00
2.619000e-05	-3.199245e-02	9.243781e+00
2.620000e-05	-3.073012e-02	8.996620e+00
2.621000e-05	-2.903617e-02	8.789041e+00
2.622000e-05	-2.986324e-02	8.560440e+00
2.623000e-05	-2.997918e-02	8.337939e+00
2.624000e-05	-2.697755e-02	8.087731e+00
2.625000e-05	-2.504842e-02	7.804673e+00
2.626000e-05	-2.513044e-02	7.580463e+00
2.627000e-05	-2.663177e-02	7.306832e+00
2.628000e-05	-2.484580e-02	7.032118e+00
2.629000e-05	-2.346588e-02	6.801092e+00
2.630000e-05	-2.257957e-02	6.519409e+00
2.631000e-05	-2.383390e-02	6.284225e+00
2.632000e-05	-2.222668e-02	6.023626e+00
2.633000e-05	-2.157108e-02	5.750517e+00
2.634000e-05	-1.878448e-02	5.475756e+00
2.635000e-05	-2.022618e-02	5.221609e+00
2.636000e-05	-2.033654e-02	4.835201e+00
2.637000e-05	-1.966779e-02	4.592543e+00
2.638000e-05	-1.713615e-02	4.358911e+00
2.639000e-05	-1.876473e-02	4.033748e+00
2.640000e-05	-1.884140e-02	3.780466e+00
2.641000e-05	-1.794417e-02	3.497309e+00
2.642000e-05	-1.439114e-02	3.215522e+00
2.643000e-05	-1.436662e-02	2.967886e+00
2.644000e-05	-1.562206e-02	2.625231e+00
2.645000e-05	-1.648117e-02	2.380014e+00
2.646000e-05	-1.415462e-02	2.105779e+00
2.647000e-05	-1.377806e-02	1.865717e+00
2.648000e-05	-1.318533e-02	1.558887e+00
2.649000e-05	-1.402547e-02	1.274652e+00
2.650000e-05	-1.225039e-02	9.583320e-01
2.651000e-05	-1.041643e-02	6.435240e-01
2.652000e-05	-1.012382e-02	3.500461e-01
2.653000e-05	-9.073968e-03	6.214782e-02
2.654000e-05	-4.415633e-03	-2.084812e-01
2.655000e-05	5.867064e-03	-4.620090e-01
2.656000e-05	-3.034261e-03	-7.253746e-01
2.657000e-05	2.424279e-03	-9.975261e-01
2.658000e-05	-3.782308e-03	-1.264696e+00
2.659000e-05	1.690699e-03	-1.579476e+00
2.660000e-05	4.076869e-03	-1.791028e+00
2.661000e-05	4.299974e-02	-2.020476e+00
2.662000e-05	1.156629e-01	-2.304348e+00
2.663000e-05	-5.817226e-03	-2.673673e+00
2.664000e-05	-2.784213e-02	-3.105222e+00
2.665000e-05	-2.450796e-02	-3.388004e+00
2.666000e-05	-4.117224e-02	-3.567455e+00
2.667000e-05	-8.788209e-02	-3.851154e+00
2.668000e-05	8.190900e-02	-4.020030e+00
2.669000e-05	2.830703e-02	-4.230562e+00
2.670000e-05	-7.078557e-02	-4.517319e+00
2.671000e-05	1.775705e-01	-4.770474e+00
2.672000e-05	-1.281716e-01	-5.074697e+00
2.673000e-05	8.840674e-02	-5.411128e+00
2.674000e-05	-3.816818e-02	-5.663165e+00
2.675000e-05	-4.548208e-02	-5.919451e+00
2.676000e-05	1.332562e-01	-6.178955e+00
2.677000e-05	-8.722237e-02	-6.435192e+00
2.678000e-05	1.191841e-01	-6.737371e+00
2.679000e-05	-5.977175e-02	-7.029481e+00
2.680000e-05	2.083108e-02	-7.305294e+00
2.681000e-05	3.514638e-02	-7.548873e+00
2.682000e-05	-4.750119e-02	-7.862713e+00
2.683000e-05	1.145588e-01	-8.085289e+00
2.684000e-05	-6.511414e-02	-8.307845e+00
2.685000e-05	1.012253e-01	-8.509501e+00
2.686000e-05	-2.469146e-02	-8.792659e+00
2.687000e-05	-6.101295e-04	-9.063812e+00
2.688000e-05	3.249079e-02	-9.252637e+00
2.689000e-05	-1.565593e-02	-9.485295e+00
2.690000e-05	9.257716e-02	-9.707398e+00
2.691000e-05	-3.170965e-02	-9.918396e+00
2.692000e-05	8.111478e-02	-1.014850e+01
2.693000e-05	-3.077378e-02	-1.034106e+01
2.694000e-05	6.164350e-02	-1.060160e+01
2.695000e-05	-1.853167e-03	-1.076950e+01
2.696000e-05	2.841302e-02	-1.098213e+01
2.697000e-05	3.062160e-02	-1.117155e+01
2.698000e-05	2.080926e-02	-1.139060e+01
2.699000e-05	5.453610e-02	-1.162110e+01
2.700000e-05	2.770298e-04	-1.179168e+01
2.701000e-05	5.213471e-02	-1.197160e+01
2.702000e-05	9.077662e-03	-1.219012e+01
2.703000e-05	6.297648e-02	-1.234954e+01
2.704000e-05	1.353850e-02	-1.249945e+01
2.705000e-05	4.596143e-02	-1.268737e+01
2.706000e-05	2.177643e-02	-1.284423e+01
2.707000e-05	4.878971e-02	-1.299215e+01
2.708000e-05	3.592152e-02	-1.317900e+01
2.709000e-05	4.129793e-02	-1.326784e+01
2.710000e-05	4.397180e-02	-1.342573e+01
2.711000e-05	4.408127e-02	-1.356111e+01
2.712000e-05	5.252385e-02	-1.369742e+01
2.713000e-05	3.711694e-02	-1.387471e+01
2.714000e-05	4.869794e-02	-1.398052e+01
2.715000e-05	4.394159e-02	-1.404884e+01
2.716000e-05	6.152424e-02	-1.418268e+01
2.717000e-05	5.012339e-02	-1.434852e+01
2.718000e-05	5.872848e-02	-1.439423e+01
2.719000e-05	5.240574e-02	-1.452907e+01
2.720000e-05	6.708690e-02	-1.465326e+01
2.721000e-05	6.248387e-02	-1.474789e+01
2.722000e-05	6.575251e-02	-1.481263e+01
2.723000e-05	6.457526e-02	-1.483726e+01
2.724000e-05	7.175971e-02	-1.491852e+01
2.725000e-05	7.384392e-02	-1.498108e+01
2.726000e-05	7.141135e-02	-1.503578e+01
2.727000e-05	7.567840e-02	-1.504732e+01
2.728000e-05	7.960043e-02	-1.514952e+01
2.729000e-05	9.158457e-02	-1.519057e+01
2.730000e-05	8.829745e-02	-1.524268e+01
2.731000e-05	9.238162e-02	-1.524381e+01
2.732000e-05	9.159549e-02	-1.527786e+01
2.733000e-05	1.009026e-01	-1.528894e+01
2.734000e-05	1.029344e-01	-1.530994e+01
2.735000e-05	1.079606e-01	-1.531047e+01
2.736000e-05	1.109962e-01	-1.534102e+01
2.737000e-05	1.193432e-01	-1.532902e+01
2.738000e-05	1.259116e-01	-1.533842e+01
2.739000e-05	1.296306e-01	-1.532951e+01
2.740000e-05	1.362924e-01	-1.528634e+01
2.741000e-05	1.467926e-01	-1.528883e+01
2.742000e-05	1.633365e-01	-1.523328e+01
2.743000e-05	1.772577e-01	-1.523225e+01
2.744000e-05	1.949000e-01	-1.517910e+01
2.745000e-05	2.184636e-01	-1.514849e+01
2.746000e-05	2.433470e-01	-1.505741e+01
2.747000e-05	2.499847e-01	-1.500522e+01
2.748000e-05	2.500000e-01	-1.493200e+01
2.749000e-05	2.500000e-01	-1.487946e+01
2.750000e-05	2.500000e-01	-1.482468e+01
2.751000e-05	2.500000e-01	-1.476099e+01
2.752000e-05	2.500000e-01	-1.464633e+01
2.753000e-05	2.435673e-01	-1.454307e+01
2.754000e-05	2.190245e-01	-1.447786e+01
2.755000e-05	1.922870e-01	-1.439010e+01
2.756000e-05	1.687887e-01	-1.429933e+01
2.757000e-05	1.466685e-01	-1.418199e+01
2.758000e-05	1.300906e-01	-1.404686e+01
2.759000e-05	1.172895e-01	-1.391999e+01
2.760000e-05	1.060824e-01	-1.381418e+01
2.761000e-05	9.409114e-02	-1.365686e+01
2.762000e-05	8.505821e-02	-1.352996e+01
2.763000e-05	7.913342e-02	-1.335262e+01
2.764000e-05	7.551912e-02	-1.324628e+01
2.765000e-05	6.759370e-02	-1.307681e+01
2.766000e-05	6.074458e-02	-1.294006e+01
2.767000e-05	5.581568e-02	-1.281317e+01
2.768000e-05	5.318858e-02	-1.263378e+01
2.769000e-05	5.014987e-02	-1.249838e+01
2.770000e-05	4.477541e-02	-1.232896e+01
2.771000e-05	4.210418e-02	-1.213834e+01
2.772000e-05	3.956558e-02	-1.192149e+01
2.773000e-05	3.857587e-02	-1.172799e+01
2.774000e-05	3.558613e-02	-1.153144e+01
2.775000e-05	2.976982e-02	-1.132941e+01
2.776000e-05	2.970956e-02	-1.107789e+01
2.777000e-05	2.962176e-02	-1.090644e+01
2.778000e-05	2.874350e-02	-1.071844e+01
2.779000e-05	2.752526e-02	-1.053839e+01
2.780000e-05	2.424393e-02	-1.028938e+01
2.781000e-05	2.416973e-02	-1.010678e+01
2.782000e-05	2.088970e-02	-9.874257e+00
2.783000e-05	1.730447e-02	-9.665356e+00
2.784000e-05	1.652636e-02	-9.435776e+00
2.785000e-05	1.547749e-02	-9.233074e+00
2.786000e-05	1.917429e-02	-8.992567e+00
2.787000e-05	1.561471e-02	-8.731098e+00
2.788000e-05	1.537791e-02	-8.496937e+00
2.789000e-05	1.258313e-02	-8.266782e+00
2.790000e-05	1.246522e-02	-8.064277e+00
2.791000e-05	1.157432e-02	-7.782569e+00
2.792000e-05	8.025476e-03	-7.527409e+00
2.793000e-05	7.563809e-03	-7.265780e+00
2.794000e-05	6.598602e-03	-7.012118e+00
2.795000e-05	8.964991e-03	-6.768964e+00
2.796000e-05	6.164208e-03	-6.497810e+00
2.797000e-05	6.693450e-03	-6.254721e+00
2.798000e-05	5.528719e-03	-5.958968e+00
2.799000e-05	5.250928e-03	-5.747880e+00
2.800000e-05	4.025262e-03	-5.454172e+00
2.801000e-05	9.118527e-04	-5.126885e+00
2.802000e-05	-1.332636e-04	-4.842168e+00
2.803000e-05	9.603116e-04	-4.518384e+00
2.804000e-05	2.633721e-03	-4.307779e+00
2.805000e-05	1.903678e-03	-4.045152e+00
2.806000e-05	-3.542336e-04	-3.778044e+00
2.807000e-05	-8.784839e-04	-3.475230e+00
2.808000e-05	-2.098919e-03	-3.232051e+00
2.809000e-05	-2.668690e-03	-2.925885e+00
2.810000e-05	-3.711499e-03	-2.674127e+00
2.811000e-05	-4.481341e-03	-2.418970e+00
2.812000e-05	-3.906462e-03	-2.085732e+00
2.813000e-05	-3.467397e-03	-1.820968e+00
2.814000e-05	-3.846875e-03	-1.548864e+00
2.815000e-05	-5.495166e-03	-1.230569e+00
2.816000e-05	-6.071341e-03	-9.062071e-01
2.817000e-05	-6.426102e-03	-6.131466e-01
2.818000e-05	-5.600324e-03	-3.374409e-01
2.819000e-05	-5.973887e-03	-7.512927e-02
2.820000e-05	3.680497e-03	2.096640e-01
2.821000e-05	2.749405e-03	4.932167e-01
2.822000e-05	2.594934e-03	7.259209e-01
2.823000e-05	9.945589e-04	9.885351e-01
2.824000e-05	-1.362657e-03	1.272791e+00
2.825000e-05	-4.387257e-04	1.580014e+00
2.826000e-05	5.234555e-03	1.842583e+00
2.827000e-05	2.678993e-02	2.062113e+00
2.828000e-05	9.001039e-02	2.345880e+00
2.829000e-05	2.986484e-02	2.715726e+00
2.830000e-05	-5.245973e-02	2.979106e+00
2.831000e-05	-3.046734e-02	3.211587e+00
2.832000e-05	-3.427707e-02	3.538450e+00
2.833000e-05	-5.431219e-02	3.779531e+00
2.834000e-05	-6.734395e-02	3.959453e+00
2.835000e-05	7.709095e-02	4.243243e+00
2.836000e-05	-1.357731e-02	4.579950e+00
2.837000e-05	-2.503744e-02	4.789474e+00
2.838000e-05	1.200412e-01	5.115874e+00
2.839000e-05	-1.143190e-01	5.411088e+00
2.840000e-05	3.618560e-02	5.674115e+00
2.841000e-05	-3.795726e-02	5.967978e+00
2.842000e-05	6.413518e-03	6.170477e+00
2.843000e-05	2.691144e-02	6.452164e+00
2.844000e-05	-5.372830e-02	6.729926e+00
2.845000e-05	2.845094e-02	7.029536e+00
2.846000e-05	-4.682141e-02	7.263760e+00
2.847000e-05	1.504018e-02	7.567521e+00
2.848000e-05	-4.683782e-02	7.812685e+00
2.849000e-05	-3.152249e-03	8.115345e+00
2.850000e-05	1.754917e-02	8.296920e+00
2.851000e-05	-2.988809e-02	8.569022e+00
2.852000e-05	1.117931e-02	8.787851e+00
2.853000e-05	-5.414943e-02	8.971654e+00
2.854000e-05	-1.528204e-02	9.254188e+00
2.855000e-05	-1.081715e-02	9.452663e+00
2.856000e-05	-7.009132e-03	9.655739e+00
2.857000e-05	-2.264595e-02	9.908445e+00
2.858000e-05	-2.484468e-02	1.013850e+01
2.859000e-05	-4.392435e-03	1.035797e+01
2.860000e-05	-3.081639e-02	1.053693e+01
2.861000e-05	-2.400047e-02	1.075899e+01
2.862000e-05	-3.853451e-02	1.093210e+01
2.863000e-05	-1.724728e-02	1.117045e+01
2.864000e-05	-1.897286e-02	1.139048e+01
2.865000e-05	-2.644514e-02	1.157163e+01
2.866000e-05	-3.793558e-02	1.177959e+01
2.867000e-05	-3.338921e-02	1.198988e+01
2.868000e-05	-2.306749e-02	1.211957e+01
2.869000e-05	-2.939294e-02	1.235792e+01
2.870000e-05	-3.794450e-02	1.248736e+01
2.871000e-05	-4.394311e-02	1.266426e+01
2.872000e-05	-3.254771e-02	1.282113e+01
2.873000e-05	-3.490141e-02	1.292855e+01
2.874000e-05	-4.251929e-02	1.312844e+01
2.875000e-05	-4.774086e-02	1.326526e+01
2.876000e-05	-3.929560e-02	1.335305e+01
2.877000e-05	-3.785877e-02	1.353905e+01
2.878000e-05	-4.605437e-02	1.366786e+01
2.879000e-05	-5.782824e-02	1.378263e+01
2.880000e-05	-5.634598e-02	1.390852e+01
2.881000e-05	-4.984970e-02	1.408583e+01
2.882000e-05	-5.087570e-02	1.416465e+01
2.883000e-05	-6.009428e-02	1.429799e+01
2.884000e-05	-6.424795e-02	1.438370e+01
2.885000e-05	-5.693007e-02	1.451789e+01
2.886000e-05	-5.989307e-02	1.460262e+01
2.887000e-05	-6.566510e-02	1.464634e+01
2.888000e-05	-7.617038e-02	1.476007e+01
2.889000e-05	-7.147231e-02	1.480373e+01
2.890000e-05	-7.120790e-02	1.487749e+01
2.891000e-05	-7.624857e-02	1.493907e+01
2.892000e-05	-8.637667e-02	1.502470e+01
2.893000e-05	-8.944996e-02	1.506531e+01
2.894000e-05	-8.627939e-02	1.510941e+01
2.895000e-05	-8.671079e-02	1.514052e+01
2.896000e-05	-9.470029e-02	1.518310e+01
2.897000e-05	-1.018217e-01	1.523408e+01
2.898000e-05	-1.010818e-01	1.522476e+01
2.899000e-05	-1.042351e-01	1.524490e+01
2.900000e-05	-1.116815e-01	1.522586e+01
2.901000e-05	-1.206654e-01	1.529789e+01
2.902000e-05	-1.237103e-01	1.527843e+01
2.903000e-05	-1.235436e-01	1.523681e+01
2.904000e-05	-1.296952e-01	1.526683e+01
2.905000e-05	-1.418806e-01	1.525675e+01
2.906000e-05	-1.533687e-01	1.518628e+01
2.907000e-05	-1.600880e-01	1.520463e+01
2.908000e-05	-1.731575e-01	1.515072e+01
2.909000e-05	-1.905003e-01	1.513997e+01
2.910000e-05	-2.152571e-01	1.510749e+01
2.911000e-05	-2.376326e-01	1.507633e+01
2.912000e-05	-2.490671e-01	1.501418e+01
2.913000e-05	-2.500000e-01	1.492002e+01
2.914000e-05	-2.500000e-01	1.488841e+01
2.915000e-05	-2.500000e-01	1.486520e+01
2.916000e-05	-2.500000e-01	1.480062e+01
2.917000e-05	-2.500000e-01	1.464838e+01
2.918000e-05	-2.500000e-01	1.460362e+01
2.919000e-05	-2.443131e-01	1.448788e+01
2.920000e-05	-2.176189e-01	1.439462e+01
2.921000e-05	-1.884685e-01	1.426936e+01
2.922000e-05	-1.686869e-01	1.418459e+01
2.923000e-05	-1.529133e-01	1.407786e+01
2.924000e-05	-1.357455e-01	1.393296e+01
2.925000e-05	-1.193132e-01	1.381515e+01
2.926000e-05	-1.078562e-01	1.367840e+01
2.927000e-05	-1.024741e-01	1.354999e+01
2.928000e-05	-9.609303e-02	1.340313e+01
2.929000e-05	-8.808797e-02	1.329828e+01
2.930000e-05	-8.100867e-02	1.314954e+01
2.931000e-05	-7.784281e-02	1.296160e+01
2.932000e-05	-7.399657e-02	1.284425e+01
2.933000e-05	-6.599212e-02	1.266633e+01
2.934000e-05	-5.935310e-02	1.251951e+01
2.935000e-05	-5.554568e-02	1.236156e+01
2.936000e-05	-5.662969e-02	1.216307e+01
2.937000e-05	-5.480272e-02	1.199570e+01
2.938000e-05	-5.171509e-02	1.187568e+01
2.939000e-05	-4.927738e-02	1.161425e+01
2.940000e-05	-4.984428e-02	1.139420e+01
2.941000e-05	-4.739263e-02	1.118222e+01
2.942000e-05	-4.334538e-02	1.102220e+01
2.943000e-05	-3.759515e-02	1.084272e+01
2.944000e-05	-3.786486e-02	1.059318e+01
2.945000e-05	-3.764437e-02	1.042517e+01
2.946000e-05	-3.724163e-02	1.019312e+01
2.947000e-05	-3.457954e-02	1.001164e+01
2.948000e-05	-3.660432e-02	9.730538e+00
2.949000e-05	-3.537246e-02	9.518909e+00
2.950000e-05	-3.588182e-02	9.318909e+00
2.951000e-05	-2.997385e-02	9.128434e+00
2.952000e-05	-2.885091e-02	8.868307e+00
2.953000e-05	-2.763252e-02	8.614124e+00
2.954000e-05	-2.961716e-02	8.432146e+00
2.955000e-05	-2.707090e-02	8.151538e+00
2.956000e-05	-2.587591e-02	7.888356e+00
2.957000e-05	-2.565089e-02	7.686352e+00
2.958000e-05	-2.805178e-02	7.382696e+00
2.959000e-05	-2.630065e-02	7.168439e+00
2.960000e-05	-2.369503e-02	6.887305e+00
2.961000e-05	-2.270489e-02	6.615667e+00
2.962000e-05	-2.368344e-02	6.360463e+00
2.963000e-05	-2.279209e-02	6.108330e+00
2.964000e-05	-2.021803e-02	5.856318e+00
2.965000e-05	-1.990855e-02	5.600968e+00
2.966000e-05	-1.966883e-02	5.330356e+00
2.967000e-05	-2.202846e-02	4.979988e+00
2.968000e-05	-1.994586e-02	4.654780e+00
2.969000e-05	-1.990129e-02	4.424652e+00
2.970000e-05	-1.817729e-02	4.130389e+00
2.971000e-05	-1.862239e-02	3.883676e+00
2.972000e-05	-1.785614e-02	3.622096e+00
2.973000e-05	-1.521568e-02	3.349862e+00
2.974000e-05	-1.404056e-02	3.053724e+00
2.975000e-05	-1.523454e-02	2.791548e+00
2.976000e-05	-1.651578e-02	2.497707e+00
2.977000e-05	-1.593304e-02	2.242621e+00
2.978000e-05	-1.425117e-02	1.939414e+00
2.979000e-05	-1.302751e-02	1.644096e+00
2.980000e-05	-1.338000e-02	1.348365e+00
2.981000e-05	-1.266439e-02	1.024873e+00
2.982000e-05	-1.090403e-02	7.378060e-01
2.983000e-05	-9.802465e-03	4.942005e-01
2.984000e-05	-9.596821e-03	1.835424e-01
2.985000e-05	-7.761247e-03	-1.142445e-01
2.986000e-05	2.762008e-03	-3.863722e-01
2.987000e-05	-4.394178e-04	-5.905629e-01
2.988000e-05	7.323516e-04	-8.832195e-01
2.989000e-05	-1.754301e-03	-1.138399e+00
2.990000e-05	7.605605e-04	-1.443171e+00
2.991000e-05	7.179047e-04	-1.725741e+00
2.992000e-05	2.259482e-02	-1.926850e+00
2.993000e-05	9.799235e-02	-2.188481e+00
2.994000e-05	5.952889e-02	-2.514857e+00
2.995000e-05	-5.098917e-02	-2.946984e+00
2.996000e-05	-8.886035e-03	-3.264243e+00
2.997000e-05	-4.439540e-02	-3.524846e+00
2.998000e-05	-6.690651e-02	-3.723715e+00
2.999000e-05	-1.893194e-02	-3.936420e+00
3.000000e-05	1.328490e-01	-4.106272e+00
3.001000e-05	-1.312853e-01	-4.369561e+00
3.002000e-05	1.416682e-01	-4.685712e+00
3.003000e-05	-1.806358e-02	-4.947455e+00
3.004000e-05	-4.107771e-02	-5.305799e+00
3.005000e-05	8.765845e-02	-5.539023e+00
3.006000e-05	-1.446968e-01	-5.851763e+00
3.007000e-05	1.465114e-01	-6.073187e+00
3.008000e-05	-4.050917e-02	-6.326979e+00
3.009000e-05	4.055873e-02	-6.654236e+00
3.010000e-05	4.401913e-02	-6.876241e+00
3.011000e-05	-7.256871e-02	-7.191508e+00
3.012000e-05	9.765269e-02	-7.433637e+00
3.013000e-05	-7.871607e-02	-7.726898e+00
3.014000e-05	9.663241e-02	-7.961579e+00
3.015000e-05	-1.214035e-02	-8.231607e+00
3.016000e-05	1.896291e-02	-8.474189e+00
3.017000e-05	6.724016e-02	-8.705293e+00
3.018000e-05	-6.732762e-02	-8.950472e+00
3.019000e-05	7.769093e-02	-9.179503e+00
3.020000e-05	-4.733817e-02	-9.380034e+00
3.021000e-05	9.403692e-02	-9.584107e+00
3.022000e-05	-1.022102e-02	-9.843186e+00
3.023000e-05	4.636669e-02	-1.005426e+01
3.024000e-05	1.469113e-02	-1.027584e+01
3.025000e-05	8.536914e-03	-1.051839e+01
3.026000e-05	5.035593e-02	-1.064579e+01
3.027000e-05	-1.399720e-02	-1.087677e+01
3.028000e-05	6.304845e-02	-1.109632e+01
3.029000e-05	-6.921305e-03	-1.131744e+01
3.030000e-05	6.904879e-02	-1.150685e+01
3.031000e-05	-1.606846e-03	-1.170945e+01
3.032000e-05	4.702710e-02	-1.191689e+01
3.033000e-05	1.478533e-02	-1.212884e+01
3.034000e-05	4.898481e-02	-1.228532e+01
3.035000e-05	3.364639e-02	-1.243321e+01
3.036000e-05	2.836461e-02	-1.264371e+01
3.037000e-05	3.656472e-02	-1.279163e+01
3.038000e-05	2.987182e-02	-1.293950e+01
3.039000e-05	5.191169e-02	-1.308737e+01
3.040000e-05	2.891256e-02	-1.327476e+01
3.041000e-05	5.219042e-02	-1.335158e+01
3.042000e-05	3.419325e-02	-1.353797e+01
3.043000e-05	5.870684e-02	-1.368681e+01
3.044000e-05	3.538282e-02	-1.380218e+01
3.045000e-05	4.802453e-02	-1.391837e+01
3.046000e-05	4.036628e-02	-1.405526e+01
3.047000e-05	5.973985e-02	-1.415210e+01
3.048000e-05	5.377198e-02	-1.432634e+01
3.049000e-05	5.591892e-02	-1.441170e+01
3.050000e-05	5.239398e-02	-1.450526e+01
3.051000e-05	6.082057e-02	-1.459260e+01
3.052000e-05	6.659139e-02	-1.465682e+01
3.053000e-05	6.189244e-02	-1.478047e+01
3.054000e-05	6.662582e-02	-1.482366e+01
3.055000e-05	6.703595e-02	-1.490639e+01
3.056000e-05	7.727775e-02	-1.496257e+01
3.057000e-05	7.042261e-02	-1.500571e+01
3.058000e-05	7.481055e-02	-1.505733e+01
3.059000e-05	7.580928e-02	-1.513892e+01
3.060000e-05	8.934114e-02	-1.519059e+01
3.061000e-05	8.929076e-02	-1.522123e+01
3.062000e-05	8.996897e-02	-1.523433e+01
3.063000e-05	9.051145e-02	-1.527681e+01
3.064000e-05	9.587357e-02	-1.528849e+01
3.065000e-05	1.037905e-01	-1.531899e+01
3.066000e-05	1.050660e-01	-1.532999e+01
3.067000e-05	1.105475e-01	-1.532197e+01
3.068000e-05	1.156123e-01	-1.534055e+01
3.069000e-05	1.260791e-01	-1.536047e+01
3.070000e-05	1.279848e-01	-1.532902e+01
3.071000e-05	1.328710e-01	-1.531991e+01
3.072000e-05	1.407855e-01	-1.528729e+01
3.073000e-05	1.563175e-01	-1.524736e+01
3.074000e-05	1.722321e-01	-1.528580e+01
3.075000e-05	1.872909e-01	-1.522267e+01
3.076000e-05	2.086022e-01	-1.515902e+01
3.077000e-05	2.357288e-01	-1.507734e+01
3.078000e-05	2.487622e-01	-1.502583e+01
3.079000e-05	2.500000e-01	-1.496309e+01
3.080000e-05	2.500000e-01	-1.494946e+01
3.081000e-05	2.500000e-01	-1.483528e+01
3.082000e-05	2.500000e-01	-1.478299e+01
3.083000e-05	2.500000e-01	-1.469686e+01
3.084000e-05	2.489682e-01	-1.459470e+01
3.085000e-05	2.293388e-01	-1.450852e+01
3.086000e-05	2.012169e-01	-1.447368e+01
3.087000e-05	1.777421e-01	-1.431044e+01
3.088000e-05	1.554606e-01	-1.418320e+01
3.089000e-05	1.364483e-01	-1.408094e+01
3.090000e-05	1.208921e-01	-1.400005e+01
3.091000e-05	1.096651e-01	-1.385623e+01
3.092000e-05	9.761186e-02	-1.370896e+01
3.093000e-05	8.871780e-02	-1.360149e+01
3.094000e-05	8.069442e-02	-1.338563e+01
3.095000e-05	7.645330e-02	-1.329841e+01
3.096000e-05	6.991644e-02	-1.315052e+01
3.097000e-05	6.282966e-02	-1.295457e+01
3.098000e-05	5.735594e-02	-1.286476e+01
3.099000e-05	5.363988e-02	-1.273738e+01
3.100000e-05	5.175523e-02	-1.251944e+01
3.101000e-05	4.717283e-02	-1.239107e+01
3.102000e-05	4.301145e-02	-1.219319e+01
3.103000e-05	4.004748e-02	-1.204375e+01
3.104000e-05	3.873136e-02	-1.180535e+01
3.105000e-05	3.544656e-02	-1.163375e+01
3.106000e-05	3.211036e-02	-1.141260e+01
3.107000e-05	3.031515e-02	-1.116265e+01
3.108000e-05	3.029154e-02	-1.100054e+01
3.109000e-05	2.898738e-02	-1.080257e+01
3.110000e-05	2.617913e-02	-1.062414e+01
3.111000e-05	2.321831e-02	-1.043262e+01
3.112000e-05	2.253562e-02	-1.013102e+01
3.113000e-05	2.149481e-02	-9.910546e+00
3.114000e-05	2.020431e-02	-9.760017e+00
3.115000e-05	1.846690e-02	-9.550485e+00
3.116000e-05	1.797024e-02	-9.296859e+00
3.117000e-05	1.844019e-02	-9.065801e+00
3.118000e-05	1.660153e-02	-8.815781e+00
3.119000e-05	1.282927e-02	-8.624697e+00
3.120000e-05	1.197364e-02	-8.359488e+00
3.121000e-05	1.282929e-02	-8.139438e+00
3.122000e-05	1.158355e-02	-7.897350e+00
3.123000e-05	1.081180e-02	-7.605125e+00
3.124000e-05	8.620747e-03	-7.371937e+00
3.125000e-05	8.805290e-03	-7.128938e+00
3.126000e-05	7.969412e-03	-6.784222e+00
3.127000e-05	7.705608e-03	-6.572019e+00
3.128000e-05	3.952520e-03	-6.369991e+00
3.129000e-05	5.595493e-03	-6.094775e+00
3.130000e-05	4.602282e-03	-5.781097e+00
3.131000e-05	5.837651e-03	-5.539940e+00
3.132000e-05	1.231884e-03	-5.192201e+00
3.133000e-05	8.738101e-04	-4.939935e+00
3.134000e-05	1.109724e-03	-4.592623e+00
3.135000e-05	2.701687e-03	-4.371047e+00
3.136000e-05	1.804436e-03	-4.168411e+00
3.137000e-05	-1.022739e-03	-3.864773e+00
3.138000e-05	-7.609536e-04	-3.559470e+00
3.139000e-05	-1.941744e-03	-3.307360e+00
3.140000e-05	-1.938812e-03	-3.034191e+00
3.141000e-05	-4.588553e-03	-2.717860e+00
3.142000e-05	-3.992813e-03	-2.446231e+00
3.143000e-05	-2.988024e-03	-2.212497e+00
3.144000e-05	-2.721898e-03	-1.914762e+00
3.145000e-05	-4.485177e-03	-1.663153e+00
3.146000e-05	-4.639750e-03	-1.298282e+00
3.147000e-05	-6.252127e-03	-1.021120e+00
3.148000e-05	-4.970514e-03	-7.279150e-01
3.149000e-05	-7.346113e-03	-4.430765e-01
3.150000e-05	-6.490781e-03	-1.589711e-01
3.151000e-05	-1.093958e-03	1.137154e-01
3.152000e-05	7.606451e-03	3.794999e-01
3.153000e-05	-8.048260e-04	6.126115e-01
3.154000e-05	3.887414e-03	8.836119e-01
3.155000e-05	-2.978263e-03	1.179931e+00
3.156000e-05	3.312660e-04	1.451638e+00
3.157000e-05	-7.614609e-04	1.799430e+00
3.158000e-05	1.349274e-02	1.978950e+00
3.159000e-05	6.492807e-02	2.241589e+00
3.160000e-05	8.190223e-02	2.598009e+00
3.161000e-05	-4.265950e-02	2.904238e+00
3.162000e-05	-3.109366e-02	3.148400e+00
3.163000e-05	-4.053032e-02	3.472716e+00
3.164000e-05	-3.662494e-02	3.734246e+00
3.165000e-05	-8.491950e-02	3.927791e+00
3.166000e-05	1.936867e-02	4.125249e+00
3.167000e-05	6.652629e-02	4.442590e+00
3.168000e-05	-8.891925e-02	4.685795e+00
3.169000e-05	1.332306e-01	4.977950e+00
3.170000e-05	-5.318341e-02	5.326794e+00
3.171000e-05	-3.184152e-02	5.568951e+00
3.172000e-05	1.465560e-02	5.884265e+00
3.173000e-05	-4.404792e-02	6.086795e+00
3.174000e-05	5.401923e-02	6.357980e+00
3.175000e-05	-5.133441e-02	6.672739e+00
3.176000e-05	9.502711e-03	6.906244e+00
3.177000e-05	-1.583008e-02	7.190528e+00
3.178000e-05	-1.614713e-02	7.422584e+00
3.179000e-05	-6.904634e-03	7.716821e+00
3.180000e-05	-4.249846e-02	8.001452e+00
3.181000e-05	3.577688e-02	8.244113e+00
3.182000e-05	-2.771851e-02	8.433688e+00
3.183000e-05	-1.636191e-03	8.673767e+00
3.184000e-05	-2.594193e-02	8.916342e+00
3.185000e-05	-4.806308e-02	9.147526e+00
3.186000e-05	5.935537e-03	9.409404e+00
3.187000e-05	-2.165362e-02	9.602052e+00
3.188000e-05	4.756933e-04	9.852732e+00
3.189000e-05	-3.698550e-02	1.005566e+01
3.190000e-05	-7.325367e-05	1.024474e+01
3.191000e-05	-2.615534e-02	1.044519e+01
3.192000e-05	-2.757839e-02	1.069329e+01
3.193000e-05	-3.313130e-02	1.085576e+01
3.194000e-05	-3.381914e-02	1.107589e+01
3.195000e-05	-8.529622e-03	1.127834e+01
3.196000e-05	-3.073307e-02	1.149589e+01
3.197000e-05	-2.448401e-02	1.166889e+01
3.198000e-05	-4.305244e-02	1.186636e+01
3.199000e-05	-1.963107e-02	1.208583e+01
3.200000e-05	-3.031587e-02	1.228426e+01
3.201000e-05	-3.216315e-02	1.240371e+01
3.202000e-05	-4.531553e-02	1.260207e+01
3.203000e-05	-3.847008e-02	1.275000e+01
3.204000e-05	-3.151873e-02	1.287784e+01
3.205000e-05	-4.142011e-02	1.306516e+01
3.206000e-05	-4.398998e-02	1.319310e+01
3.207000e-05	-4.547854e-02	1.334054e+01
3.208000e-05	-3.296972e-02	1.351737e+01
3.209000e-05	-4.258889e-02	1.363315e+01
3.210000e-05	-5.228166e-02	1.373904e+01
3.211000e-05	-6.077984e-02	1.384671e+01
3.212000e-05	-5.281230e-02	1.404176e+01
3.213000e-05	-5.123421e-02	1.412094e+01
3.214000e-05	-5.623498e-02	1.427634e+01
3.215000e-05	-6.333830e-02	1.436957e+01
3.216000e-05	-5.929984e-02	1.447681e+01
3.217000e-05	-5.639587e-02	1.456947e+01
3.218000e-05	-6.237808e-02	1.463476e+01
3.219000e-05	-7.184452e-02	1.474000e+01
3.220000e-05	-7.540099e-02	1.481310e+01
3.221000e-05	-7.124332e-02	1.487783e+01
3.222000e-05	-7.364556e-02	1.492947e+01
3.223000e-05	-8.353922e-02	1.502115e+01
3.224000e-05	-9.079135e-02	1.503363e+01
3.225000e-05	-8.804325e-02	1.511936e+01
3.226000e-05	-8.418538e-02	1.511839e+01
3.227000e-05	-8.996400e-02	1.514257e+01
3.228000e-05	-1.001728e-01	1.518515e+01
3.229000e-05	-1.025648e-01	1.522568e+01
3.230000e-05	-1.031585e-01	1.524533e+01
3.231000e-05	-1.075902e-01	1.522683e+01
3.232000e-05	-1.190865e-01	1.526788e+01
3.233000e-05	-1.231624e-01	1.522989e+01
3.234000e-05	-1.226767e-01	1.527833e+01
3.235000e-05	-1.249283e-01	1.525583e+01
3.236000e-05	-1.365083e-01	1.524681e+01
3.237000e-05	-1.503537e-01	1.521680e+01
3.238000e-05	-1.581160e-01	1.518430e+01
3.239000e-05	-1.659413e-01	1.517305e+01
3.240000e-05	-1.820792e-01	1.514154e+01
3.241000e-05	-2.072485e-01	1.514999e+01
3.242000e-05	-2.305196e-01	1.509881e+01
3.243000e-05	-2.459371e-01	1.508576e+01
3.244000e-05	-2.500000e-01	1.498262e+01
3.245000e-05	-2.500000e-01	1.493891e+01
3.246000e-05	-2.500000e-01	1.486678e+01
3.247000e-05	-2.500000e-01	1.479162e+01
3.248000e-05	-2.500000e-01	1.470741e+01
3.249000e-05	-2.500000e-01	1.461462e+01
3.250000e-05	-2.492789e-01	1.451101e+01
3.251000e-05	-2.296863e-01	1.444470e+01
3.252000e-05	-1.985835e-01	1.433101e+01
3.253000e-05	-1.738651e-01	1.422525e+01
3.254000e-05	-1.573158e-01	1.415191e+01
3.255000e-05	-1.420504e-01	1.399367e+01
3.256000e-05	-1.262463e-01	1.385838e+01
3.257000e-05	-1.123527e-01	1.374196e+01
3.258000e-05	-1.058171e-01	1.363473e+01
3.259000e-05	-1.001372e-01	1.348778e+01
3.260000e-05	-9.134972e-02	1.333054e+01
3.261000e-05	-8.184819e-02	1.320167e+01
3.262000e-05	-7.620950e-02	1.304665e+01
3.263000e-05	-7.434180e-02	1.288886e+01
3.264000e-05	-6.974789e-02	1.275941e+01
3.265000e-05	-6.288595e-02	1.260222e+01
3.266000e-05	-6.030131e-02	1.246475e+01
3.267000e-05	-5.825607e-02	1.224576e+01
3.268000e-05	-5.604979e-02	1.208893e+01
3.269000e-05	-5.125259e-02	1.189876e+01
3.270000e-05	-4.807555e-02	1.170836e+01
3.271000e-05	-4.821868e-02	1.149938e+01
3.272000e-05	-4.729466e-02	1.127793e+01
3.273000e-05	-4.446550e-02	1.108733e+01
3.274000e-05	-4.059100e-02	1.089829e+01
3.275000e-05	-3.905426e-02	1.072738e+01
3.276000e-05	-3.984398e-02	1.048644e+01
3.277000e-05	-3.829110e-02	1.027781e+01
3.278000e-05	-3.542038e-02	1.005728e+01
3.279000e-05	-3.399894e-02	9.824724e+00
3.280000e-05	-3.525577e-02	9.613821e+00
3.281000e-05	-3.387527e-02	9.392045e+00
3.282000e-05	-3.207475e-02	9.201591e+00
3.283000e-05	-2.911267e-02	8.930987e+00
3.284000e-05	-2.998639e-02	8.739307e+00
3.285000e-05	-2.945333e-02	8.497906e+00
3.286000e-05	-2.944589e-02	8.236676e+00
3.287000e-05	-2.571507e-02	7.982071e+00
3.288000e-05	-2.501936e-02	7.761490e+00
3.289000e-05	-2.484542e-02	7.497880e+00
3.290000e-05	-2.668034e-02	7.235572e+00
3.291000e-05	-2.386646e-02	7.001617e+00
3.292000e-05	-2.384074e-02	6.757934e+00
3.293000e-05	-2.339622e-02	6.494125e+00
3.294000e-05	-2.455900e-02	6.202565e+00
3.295000e-05	-2.156941e-02	5.980990e+00
3.296000e-05	-2.079917e-02	5.688285e+00
3.297000e-05	-1.916821e-02	5.433626e+00
3.298000e-05	-2.090682e-02	5.139283e+00
3.299000e-05	-2.054757e-02	4.813090e+00
3.300000e-05	-1.892800e-02	4.568407e+00
3.301000e-05	-1.866031e-02	4.278247e+00
3.302000e-05	-1.832310e-02	4.009589e+00
3.303000e-05	-1.840895e-02	3.725782e+00
3.304000e-05	-1.660148e-02	3.444649e+00
3.305000e-05	-1.571761e-02	3.137909e+00
3.306000e-05	-1.544636e-02	2.916778e+00
3.307000e-05	-1.540555e-02	2.642067e+00
3.308000e-05	-1.522316e-02	2.326805e+00
3.309000e-05	-1.361643e-02	2.053225e+00
3.310000e-05	-1.252584e-02	1.800444e+00
3.311000e-05	-1.385581e-02	1.505127e+00
3.312000e-05	-1.346016e-02	1.170466e+00
3.313000e-05	-1.197397e-02	8.546205e-01
3.314000e-05	-1.019991e-02	5.879386e-01
3.315000e-05	-1.008206e-02	2.772819e-01
3.316000e-05	-8.588554e-03	1.967124e-02
3.317000e-05	-1.074598e-03	-2.421392e-01
3.318000e-05	4.944277e-03	-4.951231e-01
3.319000e-05	-1.742963e-03	-8.179564e-01
3.320000e-05	2.136240e-03	-1.060114e+00
3.321000e-05	-2.603504e-03	-1.366957e+00
3.322000e-05	1.529381e-03	-1.608484e+00
3.323000e-05	9.595538e-03	-1.851660e+00
3.324000e-05	6.164166e-02	-2.062171e+00
3.325000e-05	1.067582e-01	-2.399055e+00
3.326000e-05	-3.663630e-02	-2.789460e+00
3.327000e-05	-1.248150e-02	-3.178604e+00
3.328000e-05	-3.696647e-02	-3.440611e+00
3.329000e-05	-4.415774e-02	-3.600957e+00
3.330000e-05	-7.943181e-02	-3.873315e+00
3.331000e-05	1.330078e-01	-4.029581e+00
3.332000e-05	-5.516544e-02	-4.275345e+00
3.333000e-05	5.130642e-03	-4.630158e+00
3.334000e-05	1.115940e-01	-4.821679e+00
3.335000e-05	-1.357667e-01	-5.208059e+00
3.336000e-05	1.307697e-01	-5.472235e+00
3.337000e-05	-1.131456e-01	-5.716924e+00
3.338000e-05	4.026605e-02	-6.011633e+00
3.339000e-05	7.325028e-02	-6.262658e+00
3.340000e-05	-5.747147e-02	-6.557930e+00
3.341000e-05	1.189782e-01	-6.782606e+00
3.342000e-05	-9.386194e-02	-7.074844e+00
3.343000e-05	7.468869e-02	-7.387499e+00
3.344000e-05	-2.172883e-02	-7.590563e+00
3.345000e-05	8.113392e-03	-7.924895e+00
3.346000e-05	7.748910e-02	-8.096924e+00
3.347000e-05	-5.642113e-02	-8.361057e+00
3.348000e-05	1.163885e-01	-8.552707e+00
3.349000e-05	-6.647595e-02	-8.854664e+00
3.350000e-05	4.745640e-02	-9.065840e+00
3.351000e-05	-9.643432e-03	-9.267267e+00
3.352000e-05	3.249398e-02	-9.558952e+00
3.353000e-05	5.661515e-02	-9.749500e+00
3.354000e-05	-1.237348e-02	-9.991602e+00
3.355000e-05	6.706714e-02	-1.017058e+01
3.356000e-05	-3.282403e-02	-1.041266e+01
3.357000e-05	7.504059e-02	-1.061420e+01
3.358000e-05	-2.161074e-02	-1.077166e+01
3.359000e-05	5.474893e-02	-1.100078e+01
3.360000e-05	6.973158e-03	-1.123216e+01
3.361000e-05	4.644265e-02	-1.143576e+01
3.362000e-05	2.909742e-02	-1.163524e+01
3.363000e-05	1.746580e-02	-1.180533e+01
3.364000e-05	3.766181e-02	-1.198365e+01
3.365000e-05	2.099405e-02	-1.219370e+01
3.366000e-05	5.782916e-02	-1.239115e+01
3.367000e-05	1.364386e-02	-1.252102e+01
3.368000e-05	4.797324e-02	-1.270005e+01
3.369000e-05	1.836972e-02	-1.288484e+01
3.370000e-05	5.625769e-02	-1.302375e+01
3.371000e-05	2.960399e-02	-1.320260e+01
3.372000e-05	5.067612e-02	-1.330850e+01
3.373000e-05	3.597048e-02	-1.342428e+01
3.374000e-05	5.136013e-02	-1.363218e+01
3.375000e-05	4.441741e-02	-1.379000e+01
3.376000e-05	4.190130e-02	-1.391637e+01
3.377000e-05	4.284767e-02	-1.399262e+01
3.378000e-05	5.006894e-02	-1.410994e+01
3.379000e-05	6.064765e-02	-1.421428e+01
3.380000e-05	5.378473e-02	-1.436903e+01
3.381000e-05	5.855742e-02	-1.446630e+01
3.382000e-05	5.290598e-02	-1.455105e+01
3.383000e-05	6.673633e-02	-1.460534e+01
3.384000e-05	6.012895e-02	-1.474892e+01
3.385000e-05	6.732774e-02	-1.483163e+01
3.386000e-05	6.273704e-02	-1.485741e+01
3.387000e-05	7.553426e-02	-1.490951e+01
3.388000e-05	7.235169e-02	-1.497213e+01
3.389000e-05	7.508234e-02	-1.502523e+01
3.390000e-05	7.501942e-02	-1.509741e+01
3.391000e-05	8.318821e-02	-1.518904e+01
3.392000e-05	8.988464e-02	-1.521063e+01
3.393000e-05	8.905317e-02	-1.525318e+01
3.394000e-05	9.113351e-02	-1.524831e+01
3.395000e-05	9.119505e-02	-1.530954e+01
3.396000e-05	1.015768e-01	-1.531789e+01
3.397000e-05	1.037945e-01	-1.533097e+01
3.398000e-05	1.103874e-01	-1.536150e+01
3.399000e-05	1.128436e-01	-1.536102e+01
3.400000e-05	1.223067e-01	-1.535055e+01
3.401000e-05	1.265771e-01	-1.529854e+01
3.402000e-05	1.320737e-01	-1.531992e+01
3.403000e-05	1.367108e-01	-1.528791e+01
3.404000e-05	1.488809e-01	-1.527928e+01
3.405000e-05	1.650517e-01	-1.522678e+01
3.406000e-05	1.818650e-01	-1.520270e+01
3.407000e-05	2.002554e-01	-1.515049e+01
3.408000e-05	2.249250e-01	-1.509949e+01
3.409000e-05	2.454492e-01	-1.503631e+01
3.410000e-05	2.500000e-01	-1.498465e+01
3.411000e-05	2.500000e-01	-1.495149e+01
3.412000e-05	2.500000e-01	-1.483681e+01
3.413000e-05	2.500000e-01	-1.484265e+01
3.414000e-05	2.500000e-01	-1.471799e+01
3.415000e-05	2.500000e-01	-1.464475e+01
3.416000e-05	2.383605e-01	-1.458149e+01
3.417000e-05	2.105811e-01	-1.446731e+01
3.418000e-05	1.859365e-01	-1.440107e+01
3.419000e-05	1.636901e-01	-1.423590e+01
3.420000e-05	1.447005e-01	-1.413046e+01
3.421000e-05	1.260836e-01	-1.399468e+01
3.422000e-05	1.135277e-01	-1.389894e+01
3.423000e-05	1.030395e-01	-1.374111e+01
3.424000e-05	9.178617e-02	-1.366477e+01
3.425000e-05	8.287088e-02	-1.352791e+01
3.426000e-05	7.679261e-02	-1.332046e+01
3.427000e-05	7.235544e-02	-1.319220e+01
3.428000e-05	6.737150e-02	-1.303631e+01
3.429000e-05	6.132117e-02	-1.289893e+01
3.430000e-05	5.491870e-02	-1.276207e+01
3.431000e-05	5.090419e-02	-1.257205e+01
3.432000e-05	4.848039e-02	-1.244465e+01
3.433000e-05	4.464522e-02	-1.225733e+01
3.434000e-05	4.157452e-02	-1.205686e+01
3.435000e-05	3.886606e-02	-1.186738e+01
3.436000e-05	3.699841e-02	-1.168941e+01
3.437000e-05	3.477493e-02	-1.145688e+01
3.438000e-05	3.125538e-02	-1.129578e+01
3.439000e-05	2.965656e-02	-1.106683e+01
3.440000e-05	2.893098e-02	-1.088428e+01
3.441000e-05	2.768252e-02	-1.064576e+01
3.442000e-05	2.476686e-02	-1.047481e+01
3.443000e-05	2.252477e-02	-1.024671e+01
3.444000e-05	2.215081e-02	-1.003470e+01
3.445000e-05	2.088833e-02	-9.802626e+00
3.446000e-05	1.940640e-02	-9.621697e+00
3.447000e-05	1.862150e-02	-9.401044e+00
3.448000e-05	1.777579e-02	-9.180066e+00
3.449000e-05	1.588924e-02	-8.940938e+00
3.450000e-05	1.504968e-02	-8.716832e+00
3.451000e-05	1.299608e-02	-8.476324e+00
3.452000e-05	1.251910e-02	-8.212648e+00
3.453000e-05	1.120554e-02	-7.961546e+00
3.454000e-05	1.130407e-02	-7.698408e+00
3.455000e-05	9.817922e-03	-7.455800e+00
3.456000e-05	9.136389e-03	-7.221545e+00
3.457000e-05	7.558940e-03	-6.917961e+00
3.458000e-05	7.759666e-03	-6.696783e+00
3.459000e-05	5.468835e-03	-6.443151e+00
3.460000e-05	6.015549e-03	-6.091439e+00
3.461000e-05	4.271658e-03	-5.917810e+00
3.462000e-05	5.410591e-03	-5.654278e+00
3.463000e-05	3.377070e-03	-5.351488e+00
3.464000e-05	2.180172e-03	-5.043300e+00
3.465000e-05	2.223091e-03	-4.757363e+00
3.466000e-05	2.770433e-03	-4.485307e+00
3.467000e-05	8.800956e-04	-4.262626e+00
3.468000e-05	-1.914192e-04	-3.999069e+00
3.469000e-05	-1.636516e-03	-3.688256e+00
3.470000e-05	-9.981228e-04	-3.441627e+00
3.471000e-05	-2.588728e-03	-3.128040e+00
3.472000e-05	-3.071843e-03	-2.852104e+00
3.473000e-05	-3.663430e-03	-2.610540e+00
3.474000e-05	-2.923568e-03	-2.307240e+00
3.475000e-05	-3.268501e-03	-1.992445e+00
3.476000e-05	-3.354050e-03	-1.716864e+00
3.477000e-05	-5.258356e-03	-1.463627e+00
3.478000e-05	-6.440172e-03	-1.105835e+00
3.479000e-05	-5.089244e-03	-8.722003e-01
3.480000e-05	-7.303298e-03	-5.794097e-01
3.481000e-05	-6.498189e-03	-2.927505e-01
3.482000e-05	-4.817367e-03	1.124672e-06
3.483000e-05	6.662308e-03	2.632422e-01
3.484000e-05	5.887451e-04	5.463484e-01
3.485000e-05	3.688041e-03	7.589536e-01
3.486000e-05	-5.117654e-04	1.075218e+00
3.487000e-05	-2.940801e-04	1.326798e+00
3.488000e-05	-1.588768e-03	1.652166e+00
3.489000e-05	7.475662e-03	1.914846e+00
3.490000e-05	3.666269e-02	2.135871e+00
3.491000e-05	9.796259e-02	2.410982e+00
3.492000e-05	-3.803625e-03	2.787478e+00
3.493000e-05	-4.535783e-02	3.044163e+00
3.494000e-05	-3.347866e-02	3.359326e+00
3.495000e-05	-3.010569e-02	3.623029e+00
3.496000e-05	-6.786319e-02	3.823558e+00
3.497000e-05	-4.212824e-02	4.053061e+00
3.498000e-05	9.218078e-02	4.337426e+00
3.499000e-05	-6.409534e-02	4.603134e+00
3.500000e-05	4.608542e-02	4.843630e+00
3.501000e-05	6.012032e-02	5.169979e+00
3.502000e-05	-1.026021e-01	5.444717e+00
3.503000e-05	4.831338e-02	5.736843e+00
3.504000e-05	-5.606310e-02	6.042584e+00
3.505000e-05	3.757582e-02	6.252660e+00
3.506000e-05	-8.324304e-03	6.517474e+00
3.507000e-05	-3.294656e-02	6.802612e+00
3.508000e-05	2.119312e-02	7.074114e+00
3.509000e-05	-4.565159e-02	7.318445e+00
3.510000e-05	1.769280e-02	7.611085e+00
3.511000e-05	-5.821353e-02	7.915290e+00
3.512000e-05	2.230767e-02	8.149478e+00
3.513000e-05	-1.601684e-03	8.380553e+00
3.514000e-05	-1.940066e-02	8.590076e+00
3.515000e-05	3.592026e-03	8.832657e+00
3.516000e-05	-6.020716e-02	9.062785e+00
3.517000e-05	1.468272e-03	9.295819e+00
3.518000e-05	-2.185659e-02	9.506840e+00
3.519000e-05	-2.778386e-04	9.769503e+00
3.520000e-05	-3.437110e-02	9.970577e+00
3.521000e-05	-1.236333e-02	1.019000e+01
3.522000e-05	-1.077878e-02	1.040158e+01
3.523000e-05	-3.016905e-02	1.058151e+01
3.524000e-05	-2.506391e-02	1.079263e+01
3.525000e-05	-4.013120e-02	1.099353e+01
3.526000e-05	-1.011512e-02	1.121563e+01
3.527000e-05	-2.663458e-02	1.141410e+01
3.528000e-05	-2.432382e-02	1.159166e+01
3.529000e-05	-4.341529e-02	1.180163e+01
3.530000e-05	-2.508636e-02	1.201258e+01
3.531000e-05	-2.531496e-02	1.219205e+01
3.532000e-05	-3.021925e-02	1.236897e+01
3.533000e-05	-4.142259e-02	1.252894e+01
3.534000e-05	-4.134024e-02	1.269429e+01
3.535000e-05	-3.003654e-02	1.285521e+01
3.536000e-05	-3.832919e-02	1.297260e+01
3.537000e-05	-4.368457e-02	1.313854e+01
3.538000e-05	-4.947328e-02	1.326643e+01
3.539000e-05	-3.452757e-02	1.343418e+01
3.540000e-05	-3.987084e-02	1.358945e+01
3.541000e-05	-4.685151e-02	1.368804e+01
3.542000e-05	-6.054466e-02	1.381318e+01
3.543000e-05	-5.345946e-02	1.396099e+01
3.544000e-05	-4.900752e-02	1.408989e+01
3.545000e-05	-5.397997e-02	1.421518e+01
3.546000e-05	-6.220642e-02	1.432047e+01
3.547000e-05	-6.366717e-02	1.442430e+01
3.548000e-05	-5.607192e-02	1.454839e+01
3.549000e-05	-6.148541e-02	1.461463e+01
3.550000e-05	-6.811792e-02	1.470844e+01
3.551000e-05	-7.714066e-02	1.476209e+01
3.552000e-05	-6.968516e-02	1.485531e+01
3.553000e-05	-7.186625e-02	1.488794e+01
3.554000e-05	-7.877107e-02	1.491157e+01
3.555000e-05	-9.024629e-02	1.505418e+01
3.556000e-05	-8.923199e-02	1.507736e+01
3.557000e-05	-8.371924e-02	1.509791e+01
3.558000e-05	-8.801632e-02	1.514052e+01
3.559000e-05	-9.689650e-02	1.518365e+01
3.560000e-05	-1.031806e-01	1.519417e+01
3.561000e-05	-1.011547e-01	1.520520e+01
3.562000e-05	-1.052247e-01	1.527681e+01
3.563000e-05	-1.145718e-01	1.525888e+01
3.564000e-05	-1.221123e-01	1.528886e+01
3.565000e-05	-1.232580e-01	1.527836e+01
3.566000e-05	-1.225400e-01	1.528783e+01
3.567000e-05	-1.330989e-01	1.525571e+01
3.568000e-05	-1.467452e-01	1.523683e+01
3.569000e-05	-1.558765e-01	1.524525e+01
3.570000e-05	-1.615495e-01	1.519160e+01
3.571000e-05	-1.740523e-01	1.516100e+01
3.572000e-05	-1.967530e-01	1.512949e+01
3.573000e-05	-2.210904e-01	1.509836e+01
3.574000e-05	-2.420893e-01	1.503678e+01
3.575000e-05	-2.496682e-01	1.501260e+01
3.576000e-05	-2.500000e-01	1.495051e+01
3.577000e-05	-2.500000e-01	1.492036e+01
3.578000e-05	-2.500000e-01	1.486368e+01
3.579000e-05	-2.500000e-01	1.473902e+01
3.580000e-05	-2.500000e-01	1.466626e+01
3.581000e-05	-2.500000e-01	1.459264e+01
3.582000e-05	-2.392964e-01	1.445838e+01
3.583000e-05	-2.091046e-01	1.436154e+01
3.584000e-05	-1.818001e-01	1.427823e+01
3.585000e-05	-1.637689e-01	1.415159e+01
3.586000e-05	-1.494645e-01	1.404530e+01
3.587000e-05	-1.324269e-01	1.389936e+01
3.588000e-05	-1.168063e-01	1.374359e+01
3.589000e-05	-1.088633e-01	1.365728e+01
3.590000e-05	-1.027430e-01	1.352941e+01
3.591000e-05	-9.429060e-02	1.343310e+01
3.592000e-05	-8.374539e-02	1.326668e+01
3.593000e-05	-7.773137e-02	1.311843e+01
3.594000e-05	-7.432927e-02	1.293054e+01
3.595000e-05	-7.318845e-02	1.283267e+01
3.596000e-05	-6.630700e-02	1.265518e+01
3.597000e-05	-6.050968e-02	1.249886e+01
3.598000e-05	-5.728686e-02	1.229893e+01
3.599000e-05	-5.816392e-02	1.214151e+01
3.600000e-05	-5.289982e-02	1.200962e+01
3.601000e-05	-5.047337e-02	1.178099e+01
3.602000e-05	-4.652570e-02	1.162164e+01
3.603000e-05	-4.879337e-02	1.138054e+01
3.604000e-05	-4.613154e-02	1.117159e+01
3.605000e-05	-4.312844e-02	1.095999e+01
3.606000e-05	-3.847425e-02	1.082312e+01
3.607000e-05	-3.927396e-02	1.055209e+01
3.608000e-05	-3.913854e-02	1.038009e+01
3.609000e-05	-3.908134e-02	1.014889e+01
3.610000e-05	-3.421164e-02	9.970488e+00
3.611000e-05	-3.419765e-02	9.689883e+00
3.612000e-05	-3.357373e-02	9.486250e+00
3.613000e-05	-3.366533e-02	9.285801e+00
3.614000e-05	-3.020620e-02	9.054124e+00
3.615000e-05	-2.916106e-02	8.793617e+00
3.616000e-05	-2.869909e-02	8.581018e+00
3.617000e-05	-3.030400e-02	8.370537e+00
3.618000e-05	-2.751867e-02	8.098884e+00
3.619000e-05	-2.543973e-02	7.873621e+00
3.620000e-05	-2.566719e-02	7.583065e+00
3.621000e-05	-2.661529e-02	7.308835e+00
3.622000e-05	-2.638460e-02	7.064749e+00
3.623000e-05	-2.312308e-02	6.822628e+00
3.624000e-05	-2.202564e-02	6.562487e+00
3.625000e-05	-2.248529e-02	6.286329e+00
3.626000e-05	-2.199741e-02	6.075227e+00
3.627000e-05	-2.065755e-02	5.813562e+00
3.628000e-05	-1.960877e-02	5.515786e+00
3.629000e-05	-2.038332e-02	5.244599e+00
3.630000e-05	-2.137131e-02	4.907931e+00
3.631000e-05	-2.006915e-02	4.612173e+00
3.632000e-05	-1.816320e-02	4.380415e+00
3.633000e-05	-1.716355e-02	4.075781e+00
3.634000e-05	-1.811737e-02	3.783017e+00
3.635000e-05	-1.731702e-02	3.559944e+00
3.636000e-05	-1.515081e-02	3.274723e+00
3.637000e-05	-1.546282e-02	3.010540e+00
3.638000e-05	-1.531026e-02	2.677361e+00
3.639000e-05	-1.803074e-02	2.442095e+00
3.640000e-05	-1.546025e-02	2.127936e+00
3.641000e-05	-1.331185e-02	1.895825e+00
3.642000e-05	-1.139165e-02	1.590062e+00
3.643000e-05	-1.259526e-02	1.296258e+00
3.644000e-05	-1.175316e-02	9.610884e-01
3.645000e-05	-1.026380e-02	6.842007e-01
3.646000e-05	-9.765535e-03	4.430463e-01
3.647000e-05	-1.019262e-02	1.173106e-01
3.648000e-05	-7.254798e-03	-1.553798e-01
3.649000e-05	5.110508e-03	-3.694339e-01
3.650000e-05	-1.248378e-03	-6.942421e-01
3.651000e-05	3.328817e-03	-9.764236e-01
3.652000e-05	-1.789005e-03	-1.209988e+00
3.653000e-05	2.315700e-03	-1.518422e+00
3.654000e-05	2.736225e-03	-1.757925e+00
3.655000e-05	3.126354e-02	-2.008925e+00
3.656000e-05	1.130338e-01	-2.283268e+00
3.657000e-05	1.312660e-02	-2.642116e+00
3.658000e-05	-3.611010e-02	-3.021191e+00
3.659000e-05	-1.854215e-02	-3.327946e+00
3.660000e-05	-3.690754e-02	-3.547871e+00
3.661000e-05	-7.930368e-02	-3.778479e+00
3.662000e-05	4.587152e-02	-3.978976e+00
3.663000e-05	7.294749e-02	-4.189978e+00
3.664000e-05	-1.063178e-01	-4.504671e+00
3.665000e-05	1.849028e-01	-4.727476e+00
3.666000e-05	-9.524107e-02	-5.041066e+00
3.667000e-05	4.412829e-02	-5.358553e+00
3.668000e-05	1.689811e-02	-5.580035e+00
3.669000e-05	-8.781570e-02	-5.916399e+00
3.670000e-05	1.557237e-01	-6.097793e+00
3.671000e-05	-8.102217e-02	-6.440560e+00
3.672000e-05	9.330490e-02	-6.678317e+00
3.673000e-05	-2.845729e-02	-6.997950e+00
3.674000e-05	-2.017369e-02	-7.291241e+00
3.675000e-05	6.478339e-02	-7.465270e+00
3.676000e-05	-6.605491e-02	-7.820533e+00
3.677000e-05	1.212753e-01	-8.033161e+00
3.678000e-05	-5.105294e-02	-8.263715e+00
3.679000e-05	7.490154e-02	-8.515894e+00
3.680000e-05	7.609338e-03	-8.759524e+00
3.681000e-05	-3.118627e-02	-9.033106e+00
3.682000e-05	5.382004e-02	-9.182083e+00
3.683000e-05	-3.523844e-02	-9.453236e+00
3.684000e-05	1.005911e-01	-9.714794e+00
3.685000e-05	-3.034217e-02	-9.885794e+00
3.686000e-05	7.468581e-02	-1.008737e+01
3.687000e-05	-1.761958e-02	-1.034000e+01
3.688000e-05	4.465053e-02	-1.055102e+01
3.689000e-05	1.698717e-02	-1.076695e+01
3.690000e-05	1.163016e-02	-1.094142e+01
3.691000e-05	4.455232e-02	-1.112797e+01
3.692000e-05	5.893672e-03	-1.134898e+01
3.693000e-05	6.283793e-02	-1.158047e+01
3.694000e-05	-3.434018e-03	-1.179050e+01
3.695000e-05	5.331963e-02	-1.195997e+01
3.696000e-05	8.855596e-03	-1.216905e+01
3.697000e-05	6.051470e-02	-1.235802e+01
3.698000e-05	2.041183e-02	-1.248881e+01
3.699000e-05	3.987120e-02	-1.265386e+01
3.700000e-05	2.712440e-02	-1.282116e+01
3.701000e-05	4.048551e-02	-1.300066e+01
3.702000e-05	4.235520e-02	-1.311642e+01
3.703000e-05	3.643691e-02	-1.324586e+01
3.704000e-05	4.790331e-02	-1.339265e+01
3.705000e-05	3.977651e-02	-1.354063e+01
3.706000e-05	5.611627e-02	-1.369687e+01
3.707000e-05	3.637404e-02	-1.383428e+01
3.708000e-05	4.916518e-02	-1.397042e+01
3.709000e-05	4.105245e-02	-1.403689e+01
3.710000e-05	6.049049e-02	-1.417203e+01
3.711000e-05	5.175014e-02	-1.430894e+01
3.712000e-05	5.844171e-02	-1.441273e+01
3.713000e-05	5.339044e-02	-1.450997e+01
3.714000e-05	6.485274e-02	-1.462268e+01
3.715000e-05	6.378460e-02	-1.470636e+01
3.716000e-05	6.514432e-02	-1.480010e+01
3.717000e-05	6.527432e-02	-1.485523e+01
3.718000e-05	6.929623e-02	-1.492047e+01
3.719000e-05	7.564727e-02	-1.496368e+01
3.720000e-05	7.153765e-02	-1.500618e+01
3.721000e-05	7.471049e-02	-1.506789e+01
3.722000e-05	7.743395e-02	-1.514002e+01
3.723000e-05	9.006955e-02	-1.518110e+01
3.724000e-05	8.927019e-02	-1.525265e+01
3.725000e-05	9.250175e-02	-1.523575e+01
3.726000e-05	9.129016e-02	-1.531634e+01
3.727000e-05	9.894546e-02	-1.529799e+01
3.728000e-05	1.025863e-01	-1.533039e+01
3.729000e-05	1.056314e-01	-1.532849e+01
3.730000e-05	1.092758e-01	-1.533986e+01
3.731000e-05	1.171557e-01	-1.533152e+01
3.732000e-05	1.266376e-01	-1.530052e+01
3.733000e-05	1.300876e-01	-1.530934e+01
3.734000e-05	1.349660e-01	-1.528629e+01
3.735000e-05	1.438686e-01	-1.526579e+01
3.736000e-05	1.590621e-01	-1.526481e+01
3.737000e-05	1.760471e-01	-1.527365e+01
3.738000e-05	1.921166e-01	-1.521110e+01
3.739000e-05	2.147270e-01	-1.512894e+01
3.740000e-05	2.409034e-01	-1.507683e+01
3.741000e-05	2.499850e-01	-1.501470e+01
3.742000e-05	2.500000e-01	-1.498252e+01
3.743000e-05	2.500000e-01	-1.486939e+01
3.744000e-05	2.500000e-01	-1.481473e+01
3.745000e-05	2.500000e-01	-1.472952e+01
3.746000e-05	2.500000e-01	-1.468733e+01
3.747000e-05	2.460909e-01	-1.459268e+01
3.748000e-05	2.218776e-01	-1.451786e+01
3.749000e-05	1.945269e-01	-1.443112e+01
3.750000e-05	1.709030e-01	-1.426681e+01
3.751000e-05	1.496757e-01	-1.419362e+01
3.752000e-05	1.315331e-01	-1.404734e+01
3.753000e-05	1.192626e-01	-1.395004e+01
3.754000e-05	1.084389e-01	-1.375417e+01
3.755000e-05	9.631583e-02	-1.372733e+01
3.756000e-05	8.542211e-02	-1.353959e+01
3.757000e-05	7.869281e-02	-1.339365e+01
3.758000e-05	7.376274e-02	-1.327633e+01
3.759000e-05	6.849264e-02	-1.309797e+01
3.760000e-05	6.137692e-02	-1.297264e+01
3.761000e-05	5.724107e-02	-1.284420e+01
3.762000e-05	5.336479e-02	-1.264475e+01
3.763000e-05	5.170976e-02	-1.250843e+01
3.764000e-05	4.626702e-02	-1.233896e+01
3.765000e-05	4.152217e-02	-1.219061e+01
3.766000e-05	3.948898e-02	-1.199217e+01
3.767000e-05	3.753393e-02	-1.174192e+01
3.768000e-05	3.510326e-02	-1.157322e+01
3.769000e-05	3.161507e-02	-1.133957e+01
3.770000e-05	2.997489e-02	-1.113241e+01
3.771000e-05	2.960104e-02	-1.092899e+01
3.772000e-05	2.897268e-02	-1.076196e+01
3.773000e-05	2.615057e-02	-1.057057e+01
3.774000e-05	2.379385e-02	-1.033801e+01
3.775000e-05	2.210000e-02	-1.008834e+01
3.776000e-05	2.171432e-02	-9.909761e+00
3.777000e-05	1.990913e-02	-9.667359e+00
3.778000e-05	1.862175e-02	-9.475831e+00
3.779000e-05	1.733280e-02	-9.234251e+00
3.780000e-05	1.760995e-02	-9.031517e+00
3.781000e-05	1.632411e-02	-8.792597e+00
3.782000e-05	1.429612e-02	-8.549039e+00
3.783000e-05	1.282337e-02	-8.316363e+00
3.784000e-05	1.201952e-02	-8.126756e+00
3.785000e-05	1.189435e-02	-7.864198e+00
3.786000e-05	1.115477e-02	-7.507938e+00
3.787000e-05	7.733437e-03	-7.306754e+00
3.788000e-05	8.772622e-03	-7.045225e+00
3.789000e-05	7.563346e-03	-6.760015e+00
3.790000e-05	6.921725e-03	-6.548461e+00
3.791000e-05	5.169462e-03	-6.274200e+00
3.792000e-05	5.962606e-03	-6.001117e+00
3.793000e-05	5.409407e-03	-5.728488e+00
3.794000e-05	4.143113e-03	-5.496803e+00
3.795000e-05	1.274678e-03	-5.168889e+00
3.796000e-05	1.000618e-03	-4.853272e+00
3.797000e-05	2.193725e-03	-4.557965e+00
3.798000e-05	2.203689e-03	-4.347865e+00
3.799000e-05	1.637677e-03	-4.085679e+00
3.800000e-05	-7.914985e-04	-3.801569e+00
3.801000e-05	-1.439221e-03	-3.516336e+00
3.802000e-05	-2.963892e-03	-3.275200e+00
3.803000e-05	-2.092781e-03	-2.930959e+00
3.804000e-05	-3.512148e-03	-2.694231e+00
3.805000e-05	-3.014596e-03	-2.433524e+00
3.806000e-05	-3.680643e-03	-2.136753e+00
3.807000e-05	-2.937654e-03	-1.835148e+00
3.808000e-05	-4.453183e-03	-1.538923e+00
3.809000e-05	-8.777865e-03	-1.244100e+00
3.810000e-05	-5.783513e-03	-9.279124e-01
3.811000e-05	-8.505272e-03	-6.742794e-01
3.812000e-05	-2.990501e-03	-3.684410e-01
3.813000e-05	-5.082339e-03	-1.163356e-01
3.814000e-05	3.812993e-03	1.883310e-01
3.815000e-05	5.243700e-03	4.621903e-01
3.816000e-05	-1.197038e-03	6.742667e-01
3.817000e-05	1.782054e-03	9.469224e-01
3.818000e-05	-3.973521e-03	1.282586e+00
3.819000e-05	1.283778e-04	1.557249e+00
3.820000e-05	2.061259e-03	1.832580e+00
3.821000e-05	2.375998e-02	2.061109e+00
3.822000e-05	8.285459e-02	2.315791e+00
3.823000e-05	5.181863e-02	2.691192e+00
3.824000e-05	-5.333993e-02	2.987396e+00
3.825000e-05	-3.050969e-02	3.241638e+00
3.826000e-05	-3.789915e-02	3.515899e+00
3.827000e-05	-4.697233e-02	3.747901e+00
3.828000e-05	-7.773298e-02	3.958449e+00
3.829000e-05	5.853797e-02	4.250556e+00
3.830000e-05	1.939004e-02	4.537346e+00
3.831000e-05	-5.576545e-02	4.757421e+00
3.832000e-05	1.383842e-01	5.081744e+00
3.833000e-05	-1.007699e-01	5.390481e+00
3.834000e-05	1.603077e-02	5.630558e+00
3.835000e-05	-1.884889e-02	5.918423e+00
3.836000e-05	-1.351107e-02	6.148924e+00
3.837000e-05	4.078175e-02	6.393183e+00
3.838000e-05	-5.811718e-02	6.716419e+00
3.839000e-05	2.629549e-02	6.970453e+00
3.840000e-05	-3.872311e-02	7.203610e+00
3.841000e-05	6.758725e-03	7.537371e+00
3.842000e-05	-3.315081e-02	7.780003e+00
3.843000e-05	-1.812527e-02	8.064262e+00
3.844000e-05	2.645517e-02	8.296365e+00
3.845000e-05	-3.051319e-02	8.496869e+00
3.846000e-05	8.109576e-03	8.747399e+00
3.847000e-05	-4.568884e-02	8.989972e+00
3.848000e-05	-2.623161e-02	9.192581e+00
3.849000e-05	-2.582221e-03	9.422681e+00
3.850000e-05	-1.266518e-02	9.656260e+00
3.851000e-05	-1.371442e-02	9.905836e+00
3.852000e-05	-3.068727e-02	1.011587e+01
3.853000e-05	-2.003713e-04	1.032784e+01
3.854000e-05	-2.967922e-02	1.049844e+01
3.855000e-05	-2.467247e-02	1.074792e+01
3.856000e-05	-3.698336e-02	1.092897e+01
3.857000e-05	-2.239820e-02	1.118850e+01
3.858000e-05	-1.490260e-02	1.130947e+01
3.859000e-05	-2.906876e-02	1.155999e+01
3.860000e-05	-3.372632e-02	1.173057e+01
3.861000e-05	-3.763528e-02	1.194845e+01
3.862000e-05	-2.079985e-02	1.209837e+01
3.863000e-05	-2.898395e-02	1.228681e+01
3.864000e-05	-3.605646e-02	1.244584e+01
3.865000e-05	-4.442675e-02	1.260311e+01
3.866000e-05	-3.368829e-02	1.282406e+01
3.867000e-05	-3.292833e-02	1.291932e+01
3.868000e-05	-4.261280e-02	1.308734e+01
3.869000e-05	-4.835059e-02	1.324423e+01
3.870000e-05	-4.177368e-02	1.340210e+01
3.871000e-05	-3.572821e-02	1.355844e+01
3.872000e-05	-4.463626e-02	1.366584e+01
3.873000e-05	-5.686637e-02	1.376160e+01
3.874000e-05	-5.743641e-02	1.389836e+01
3.875000e-05	-5.027862e-02	1.406733e+01
3.876000e-05	-5.016704e-02	1.418212e+01
3.877000e-05	-5.859972e-02	1.425831e+01
3.878000e-05	-6.487184e-02	1.441310e+01
3.879000e-05	-5.919682e-02	1.451684e+01
3.880000e-05	-5.861134e-02	1.459910e+01
3.881000e-05	-6.482693e-02	1.460828e+01
3.882000e-05	-7.402724e-02	1.472154e+01
3.883000e-05	-7.258751e-02	1.485368e+01
3.884000e-05	-7.070116e-02	1.485634e+01
3.885000e-05	-7.556663e-02	1.493096e+01
3.886000e-05	-8.600851e-02	1.499365e+01
3.887000e-05	-9.051141e-02	1.505721e+01
3.888000e-05	-8.556489e-02	1.509836e+01
3.889000e-05	-8.556446e-02	1.511997e+01
3.890000e-05	-9.205940e-02	1.517107e+01
3.891000e-05	-1.019586e-01	1.519460e+01
3.892000e-05	-1.016077e-01	1.523575e+01
3.893000e-05	-1.033776e-01	1.525528e+01
3.894000e-05	-1.106612e-01	1.524736e+01
3.895000e-05	-1.206589e-01	1.525841e+01
3.896000e-05	-1.237775e-01	1.525831e+01
3.897000e-05	-1.228709e-01	1.525786e+01
3.898000e-05	-1.285501e-01	1.527781e+01
3.899000e-05	-1.409384e-01	1.525675e+01
3.900000e-05	-1.517118e-01	1.520626e+01
3.901000e-05	-1.575284e-01	1.521517e+01
3.902000e-05	-1.689161e-01	1.519310e+01
3.903000e-05	-1.878262e-01	1.516102e+01
3.904000e-05	-2.126417e-01	1.514994e+01
3.905000e-05	-2.352682e-01	1.505776e+01
3.906000e-05	-2.481956e-01	1.501472e+01
3.907000e-05	-2.500000e-01	1.496346e+01
3.908000e-05	-2.500000e-01	1.486886e+01
3.909000e-05	-2.500000e-01	1.488480e+01
3.910000e-05	-2.500000e-01	1.474207e+01
3.911000e-05	-2.500000e-01	1.467741e+01
3.912000e-05	-2.500000e-01	1.459462e+01
3.913000e-05	-2.470710e-01	1.449094e+01
3.914000e-05	-2.218696e-01	1.438475e+01
3.915000e-05	-1.927346e-01	1.427954e+01
3.916000e-05	-1.691080e-01	1.417363e+01
3.917000e-05	-1.547775e-01	1.407603e+01
3.918000e-05	-1.376109e-01	1.396064e+01
3.919000e-05	-1.227350e-01	1.381575e+01
3.920000e-05	-1.100404e-01	1.371093e+01
3.921000e-05	-1.047339e-01	1.359204e+01
3.922000e-05	-9.747595e-02	1.343518e+01
3.923000e-05	-8.864320e-02	1.328943e+01
3.924000e-05	-7.927460e-02	1.319094e+01
3.925000e-05	-7.633612e-02	1.298217e+01
3.926000e-05	-7.371552e-02	1.286678e+01
3.927000e-05	-6.866870e-02	1.272838e+01
3.928000e-05	-6.213014e-02	1.252956e+01
3.929000e-05	-5.877788e-02	1.236354e+01
3.930000e-05	-5.844085e-02	1.218457e+01
3.931000e-05	-5.558005e-02	1.200673e+01
3.932000e-05	-5.137260e-02	1.182636e+01
3.933000e-05	-4.747764e-02	1.165732e+01
3.934000e-05	-4.862246e-02	1.139675e+01
3.935000e-05	-4.723488e-02	1.125577e+01
3.936000e-05	-4.482159e-02	1.105572e+01
3.937000e-05	-4.003208e-02	1.088530e+01
3.938000e-05	-3.955721e-02	1.063727e+01
3.939000e-05	-3.825725e-02	1.047573e+01
3.940000e-05	-3.849962e-02	1.021422e+01
3.941000e-05	-3.399130e-02	1.004259e+01
3.942000e-05	-3.443007e-02	9.792115e+00
3.943000e-05	-3.543511e-02	9.570984e+00
3.944000e-05	-3.502308e-02	9.349413e+00
3.945000e-05	-3.092737e-02	9.119931e+00
3.946000e-05	-3.090174e-02	8.887334e+00
3.947000e-05	-2.794811e-02	8.705301e+00
3.948000e-05	-3.100111e-02	8.463723e+00
3.949000e-05	-2.667751e-02	8.212068e+00
3.950000e-05	-2.444078e-02	7.958485e+00
3.951000e-05	-2.572302e-02	7.678406e+00
3.952000e-05	-2.590588e-02	7.443172e+00
3.953000e-05	-2.917307e-02	7.141419e+00
3.954000e-05	-2.495155e-02	6.918388e+00
3.955000e-05	-2.416943e-02	6.654751e+00
3.956000e-05	-2.331450e-02	6.401568e+00
3.957000e-05	-2.187832e-02	6.149464e+00
3.958000e-05	-1.941622e-02	5.916826e+00
3.959000e-05	-1.800959e-02	5.634173e+00
3.960000e-05	-1.920907e-02	5.372443e+00
3.961000e-05	-2.110096e-02	5.005193e+00
3.962000e-05	-2.243651e-02	4.737360e+00
3.963000e-05	-2.121810e-02	4.485306e+00
3.964000e-05	-1.888608e-02	4.233540e+00
3.965000e-05	-1.797764e-02	3.946334e+00
3.966000e-05	-1.754681e-02	3.664677e+00
3.967000e-05	-1.347477e-02	3.410540e+00
3.968000e-05	-1.406601e-02	3.086276e+00
3.969000e-05	-1.438288e-02	2.854102e+00
3.970000e-05	-1.732766e-02	2.538857e+00
3.971000e-05	-1.625876e-02	2.264099e+00
3.972000e-05	-1.519866e-02	2.018569e+00
3.973000e-05	-1.341566e-02	1.747233e+00
3.974000e-05	-1.304921e-02	1.403068e+00
3.975000e-05	-1.141717e-02	1.108302e+00
3.976000e-05	-1.077261e-02	7.894412e-01
3.977000e-05	-9.399992e-03	5.162332e-01
3.978000e-05	-1.001741e-02	2.026175e-01
3.979000e-05	-7.736726e-03	-8.209040e-02
3.980000e-05	1.125443e-03	-3.063458e-01
3.981000e-05	7.516517e-04	-5.990074e-01
3.982000e-05	-8.737923e-04	-8.421631e-01
3.983000e-05	2.260063e-04	-1.135323e+00
3.984000e-05	-9.969626e-04	-1.411135e+00
3.985000e-05	1.184976e-03	-1.672692e+00
3.986000e-05	1.758918e-02	-1.916791e+00
3.987000e-05	8.692888e-02	-2.143848e+00
3.988000e-05	8.109786e-02	-2.483745e+00
3.989000e-05	-4.925600e-02	-2.913693e+00
3.990000e-05	-9.648366e-03	-3.252092e+00
3.991000e-05	-4.395453e-02	-3.472638e+00
3.992000e-05	-5.662663e-02	-3.633166e+00
3.993000e-05	-4.801752e-02	-3.905870e+00
3.994000e-05	1.449130e-01	-4.094291e+00
3.995000e-05	-1.140394e-01	-4.357955e+00
3.996000e-05	9.147472e-02	-4.643640e+00
3.997000e-05	3.323693e-02	-4.903767e+00
3.998000e-05	-8.277152e-02	-5.276199e+00
3.999000e-05	1.168404e-01	-5.516344e+00
4.000000e-05	-1.494743e-01	-5.810584e+00
4.001000e-05	1.130373e-01	-6.043685e+00
4.002000e-05	-1.353921e-03	-6.305371e+00
4.003000e-05	6.857107e-04	-6.603029e+00
4.004000e-05	7.936648e-02	-6.852237e+00
4.005000e-05	-8.902544e-02	-7.169433e+00
4.006000e-05	1.001261e-01	-7.412132e+00
4.007000e-05	-6.528565e-02	-7.655740e+00
4.008000e-05	6.809390e-02	-7.979529e+00
4.009000e-05	1.985396e-02	-8.161004e+00
4.010000e-05	-1.441669e-02	-8.433636e+00
4.011000e-05	9.155575e-02	-8.654313e+00
4.012000e-05	-7.649750e-02	-8.937950e+00
4.013000e-05	7.425792e-02	-9.137022e+00
4.014000e-05	-3.801646e-02	-9.338023e+00
4.015000e-05	7.689782e-02	-9.591634e+00
4.016000e-05	1.305419e-02	-9.783076e+00
4.017000e-05	2.451151e-02	-1.006321e+01
4.018000e-05	3.612917e-02	-1.022224e+01
4.019000e-05	-1.033106e-02	-1.047674e+01
4.020000e-05	6.313190e-02	-1.063526e+01
4.021000e-05	-2.235487e-02	-1.087582e+01
4.022000e-05	6.406821e-02	-1.103486e+01
4.023000e-05	-5.588238e-03	-1.127692e+01
4.024000e-05	6.512004e-02	-1.147631e+01
4.025000e-05	8.568365e-03	-1.169679e+01
4.026000e-05	3.804940e-02	-1.190692e+01
4.027000e-05	2.190990e-02	-1.207821e+01
4.028000e-05	3.942963e-02	-1.227581e+01
4.029000e-05	4.365907e-02	-1.244423e+01
4.030000e-05	2.173342e-02	-1.260233e+01
4.031000e-05	4.179159e-02	-1.278060e+01
4.032000e-05	2.437511e-02	-1.293802e+01
4.033000e-05	5.658332e-02	-1.306681e+01
4.034000e-05	2.834420e-02	-1.323373e+01
4.035000e-05	5.316442e-02	-1.334202e+01
4.036000e-05	3.405087e-02	-1.351897e+01
4.037000e-05	5.865118e-02	-1.364321e+01
4.038000e-05	3.951199e-02	-1.378265e+01
4.039000e-05	4.591568e-02	-1.389837e+01
4.040000e-05	4.026017e-02	-1.400531e+01
4.041000e-05	5.514761e-02	-1.414997e+01
4.042000e-05	5.639713e-02	-1.428588e+01
4.043000e-05	5.546952e-02	-1.438005e+01
4.044000e-05	5.685168e-02	-1.444482e+01
4.045000e-05	5.857728e-02	-1.458308e+01
4.046000e-05	6.880146e-02	-1.466529e+01
4.047000e-05	6.125429e-02	-1.474003e+01
4.048000e-05	6.714447e-02	-1.483320e+01
4.049000e-05	6.435159e-02	-1.487737e+01
4.050000e-05	7.595024e-02	-1.495010e+01
4.051000e-05	7.148266e-02	-1.497220e+01
4.052000e-05	7.581374e-02	-1.506779e+01
4.053000e-05	7.538223e-02	-1.514901e+01
4.054000e-05	8.685486e-02	-1.513107e+01
4.055000e-05	8.998856e-02	-1.521162e+01
4.056000e-05	8.991343e-02	-1.521378e+01
4.057000e-05	9.116726e-02	-1.524631e+01
4.058000e-05	9.431228e-02	-1.527787e+01
4.059000e-05	1.025889e-01	-1.530749e+01
4.060000e-05	1.041260e-01	-1.531800e+01
4.061000e-05	1.086212e-01	-1.531002e+01
4.062000e-05	1.139679e-01	-1.532102e+01
4.063000e-05	1.247550e-01	-1.536007e+01
4.064000e-05	1.280992e-01	-1.528996e+01
4.065000e-05	1.331339e-01	-1.526949e+01
4.066000e-05	1.395702e-01	-1.530739e+01
4.067000e-05	1.525881e-01	-1.525678e+01
4.068000e-05	1.682143e-01	-1.523373e+01
4.069000e-05	1.849259e-01	-1.521260e+01
4.070000e-05	2.051841e-01	-1.514942e+01
4.071000e-05	2.318261e-01	-1.508889e+01
4.072000e-05	2.481204e-01	-1.503528e+01
4.073000e-05	2.500000e-01	-1.496415e+01
4.074000e-05	2.500000e-01	-1.489949e+01
4.075000e-05	2.500000e-01	-1.484730e+01
4.076000e-05	2.500000e-01	-1.477107e+01
4.077000e-05	2.500000e-01	-1.471846e+01
4.078000e-05	2.493792e-01	-1.460273e+01
4.079000e-05	2.323243e-01	-1.455957e+01
4.080000e-05	2.049224e-01	-1.444471e+01
4.081000e-05	1.801826e-01	-1.436046e+01
4.082000e-05	1.586489e-01	-1.421423e+01
4.083000e-05	1.393796e-01	-1.405991e+01
4.084000e-05	1.236306e-01	-1.398020e+01
4.085000e-05	1.113308e-01	-1.383631e+01
4.086000e-05	9.987847e-02	-1.369091e+01
4.087000e-05	8.914338e-02	-1.360365e+01
4.088000e-05	8.138425e-02	-1.343728e+01
4.089000e-05	7.644060e-02	-1.329034e+01
4.090000e-05	7.102726e-02	-1.318063e+01
4.091000e-05	6.447102e-02	-1.303518e+01
4.092000e-05	5.801822e-02	-1.288689e+01
4.093000e-05	5.470005e-02	-1.273999e+01
4.094000e-05	5.165272e-02	-1.254004e+01
4.095000e-05	4.900188e-02	-1.242320e+01
4.096000e-05	4.380588e-02	-1.223420e+01
4.097000e-05	4.007337e-02	-1.204725e+01
4.098000e-05	3.859915e-02	-1.183575e+01
4.099000e-05	3.524056e-02	-1.164620e+01
4.100000e-05	3.289692e-02	-1.146428e+01
4.101000e-05	3.093806e-02	-1.120265e+01
4.102000e-05	3.068184e-02	-1.102410e+01
4.103000e-05	2.894813e-02	-1.083365e+01
4.104000e-05	2.805854e-02	-1.065367e+01
4.105000e-05	2.391578e-02	-1.046370e+01
4.106000e-05	2.265723e-02	-1.021467e+01
4.107000e-05	2.071058e-02	-1.001212e+01
4.108000e-05	2.126531e-02	-9.780117e+00
4.109000e-05	1.847319e-02	-9.560087e+00
4.110000e-05	1.922959e-02	-9.319962e+00
4.111000e-05	1.742743e-02	-9.097331e+00
4.112000e-05	1.750629e-02	-8.865286e+00
4.113000e-05	1.337527e-02	-8.635204e+00
4.114000e-05	1.269993e-02	-8.422671e+00
4.115000e-05	1.094147e-02	-8.190518e+00
4.116000e-05	1.331555e-02	-7.968464e+00
4.117000e-05	1.107562e-02	-7.663231e+00
4.118000e-05	9.912959e-03	-7.373116e+00
4.119000e-05	8.553258e-03	-7.188512e+00
4.120000e-05	8.491344e-03	-6.865731e+00
4.121000e-05	7.070987e-03	-6.634124e+00
4.122000e-05	4.844772e-03	-6.380019e+00
4.123000e-05	5.193575e-03	-6.098384e+00
4.124000e-05	4.777933e-03	-5.845652e+00
4.125000e-05	6.051008e-03	-5.539513e+00
4.126000e-05	2.856865e-03	-5.275757e+00
4.127000e-05	1.928831e-03	-4.971490e+00
4.128000e-05	1.251895e-03	-4.684256e+00
4.129000e-05	2.749867e-03	-4.392123e+00
4.130000e-05	1.280114e-03	-4.200994e+00
4.131000e-05	-3.734747e-04	-3.907811e+00
4.132000e-05	-2.137043e-03	-3.612698e+00
4.133000e-05	-2.204407e-03	-3.339368e+00
4.134000e-05	-2.683685e-03	-3.075732e+00
4.135000e-05	-2.874969e-03	-2.748493e+00
4.136000e-05	-3.533329e-03	-2.527357e+00
4.137000e-05	-3.191553e-03	-2.273549e+00
4.138000e-05	-3.161104e-03	-1.947836e+00
4.139000e-05	-4.319648e-03	-1.684755e+00
4.140000e-05	-5.503104e-03	-1.409560e+00
4.141000e-05	-6.831181e-03	-1.064177e+00
4.142000e-05	-5.855168e-03	-7.795188e-01
4.143000e-05	-7.016150e-03	-4.866792e-01
4.144000e-05	-6.044959e-03	-2.014727e-01
4.145000e-05	-1.841227e-03	7.255770e-02
4.146000e-05	7.544074e-03	3.669224e-01
4.147000e-05	-6.383768e-04	6.200313e-01
4.148000e-05	3.601434e-03	8.211291e-01
4.149000e-05	-2.843583e-03	1.148849e+00
4.150000e-05	1.348774e-03	1.420009e+00
4.151000e-05	-2.683441e-03	1.725896e+00
4.152000e-05	1.199486e-02	1.957924e+00
4.153000e-05	5.295913e-02	2.198528e+00
4.154000e-05	9.133334e-02	2.504646e+00
4.155000e-05	-3.153518e-02	2.852638e+00
4.156000e-05	-3.751130e-02	3.107370e+00
4.157000e-05	-3.697038e-02	3.441561e+00
4.158000e-05	-3.124007e-02	3.693286e+00
4.159000e-05	-7.849024e-02	3.865240e+00
4.160000e-05	-5.579302e-03	4.114265e+00
4.161000e-05	8.260726e-02	4.369111e+00
4.162000e-05	-9.017042e-02	4.684686e+00
4.163000e-05	1.089336e-01	4.916754e+00
4.164000e-05	-1.332195e-02	5.252812e+00
4.165000e-05	-6.129479e-02	5.545422e+00
4.166000e-05	3.365536e-02	5.811635e+00
4.167000e-05	-5.234773e-02	6.074240e+00
4.168000e-05	5.475252e-02	6.315345e+00
4.169000e-05	-3.808900e-02	6.602136e+00
4.170000e-05	-6.115074e-03	6.874690e+00
4.171000e-05	-1.408970e-03	7.157369e+00
4.172000e-05	-2.833060e-02	7.389628e+00
4.173000e-05	3.347102e-03	7.683687e+00
4.174000e-05	-5.219597e-02	7.989973e+00
4.175000e-05	3.441194e-02	8.211604e+00
4.176000e-05	-1.766650e-02	8.434184e+00
4.177000e-05	-7.876555e-03	8.632205e+00
4.178000e-05	-1.293264e-02	8.875265e+00
4.179000e-05	-5.484009e-02	9.115894e+00
4.180000e-05	7.714374e-03	9.356947e+00
4.181000e-05	-2.318331e-02	9.550425e+00
4.182000e-05	1.299324e-03	9.790652e+00
4.183000e-05	-3.854018e-02	1.002366e+01
4.184000e-05	-2.955766e-03	1.023416e+01
4.185000e-05	-2.044807e-02	1.045268e+01
4.186000e-05	-2.874053e-02	1.067473e+01
4.187000e-05	-2.798749e-02	1.085569e+01
4.188000e-05	-3.817173e-02	1.107426e+01
4.189000e-05	-5.570193e-03	1.126526e+01
4.190000e-05	-3.269956e-02	1.149539e+01
4.191000e-05	-2.274028e-02	1.166679e+01
4.192000e-05	-4.434919e-02	1.184679e+01
4.193000e-05	-2.088338e-02	1.204528e+01
4.194000e-05	-2.629026e-02	1.223358e+01
4.195000e-05	-3.242199e-02	1.238212e+01
4.196000e-05	-4.379529e-02	1.256060e+01
4.197000e-05	-4.050570e-02	1.271937e+01
4.198000e-05	-3.167240e-02	1.286729e+01
4.199000e-05	-4.065020e-02	1.299366e+01
4.200000e-05	-4.323596e-02	1.321215e+01
4.201000e-05	-4.573980e-02	1.331894e+01
4.202000e-05	-3.340246e-02	1.351631e+01
4.203000e-05	-4.258251e-02	1.359363e+01
4.204000e-05	-5.124225e-02	1.370041e+01
4.205000e-05	-6.177419e-02	1.382571e+01
4.206000e-05	-5.233918e-02	1.399212e+01
4.207000e-05	-5.012909e-02	1.413149e+01
4.208000e-05	-5.411425e-02	1.425623e+01
4.209000e-05	-6.235775e-02	1.433202e+01
4.210000e-05	-6.108059e-02	1.442683e+01
4.211000e-05	-5.619386e-02	1.456102e+01
4.212000e-05	-6.356260e-02	1.462374e+01
4.213000e-05	-7.045903e-02	1.473892e+01
4.214000e-05	-7.571004e-02	1.479165e+01
4.215000e-05	-7.035018e-02	1.483518e+01
4.216000e-05	-7.299098e-02	1.489792e+01
4.217000e-05	-8.164138e-02	1.497260e+01
4.218000e-05	-8.940029e-02	1.503420e+01
4.219000e-05	-8.859358e-02	1.509778e+01
4.220000e-05	-8.466798e-02	1.511044e+01
4.221000e-05	-9.019089e-02	1.517047e+01
4.222000e-05	-9.795681e-02	1.518270e+01
4.223000e-05	-1.019639e-01	1.518425e+01
4.224000e-05	-1.017813e-01	1.524620e+01
4.225000e-05	-1.067985e-01	1.524486e+01
4.226000e-05	-1.170574e-01	1.523783e+01
4.227000e-05	-1.229250e-01	1.527881e+01
4.228000e-05	-1.238463e-01	1.528889e+01
4.229000e-05	-1.258962e-01	1.525633e+01
4.230000e-05	-1.354698e-01	1.527676e+01
4.231000e-05	-1.469436e-01	1.524633e+01
4.232000e-05	-1.555908e-01	1.522513e+01
4.233000e-05	-1.637509e-01	1.518307e+01
4.234000e-05	-1.792157e-01	1.515060e+01
4.235000e-05	-2.036632e-01	1.511894e+01
4.236000e-05	-2.271584e-01	1.510791e+01
4.237000e-05	-2.450731e-01	1.505628e+01
4.238000e-05	-2.500000e-01	1.499214e+01
4.239000e-05	-2.500000e-01	1.494096e+01
4.240000e-05	-2.500000e-01	1.487638e+01
4.241000e-05	-2.500000e-01	1.481262e+01
4.242000e-05	-2.500000e-01	1.472896e+01
4.243000e-05	-2.500000e-01	1.465478e+01
4.244000e-05	-2.495793e-01	1.452292e+01
4.245000e-05	-2.321645e-01	1.444380e+01
4.246000e-05	-2.029265e-01	1.438094e+01
4.247000e-05	-1.759044e-01	1.423673e+01
4.248000e-05	-1.619168e-01	1.417161e+01
4.249000e-05	-1.414398e-01	1.403455e+01
4.250000e-05	-1.268594e-01	1.386833e+01
4.251000e-05	-1.131794e-01	1.375204e+01
4.252000e-05	-1.063672e-01	1.360622e+01
4.253000e-05	-1.028767e-01	1.350836e+01
4.254000e-05	-9.433183e-02	1.334002e+01
4.255000e-05	-8.473504e-02	1.324370e+01
4.256000e-05	-7.796592e-02	1.305633e+01
4.257000e-05	-7.333778e-02	1.288889e+01
4.258000e-05	-6.829535e-02	1.281157e+01
4.259000e-05	-6.160523e-02	1.259420e+01
4.260000e-05	-5.929617e-02	1.246680e+01
4.261000e-05	-5.830480e-02	1.230831e+01
4.262000e-05	-5.940551e-02	1.212741e+01
4.263000e-05	-5.442352e-02	1.192791e+01
4.264000e-05	-5.054657e-02	1.172991e+01
4.265000e-05	-4.904849e-02	1.150889e+01
4.266000e-05	-4.653180e-02	1.135088e+01
4.267000e-05	-4.346431e-02	1.112841e+01
4.268000e-05	-3.972016e-02	1.091891e+01
4.269000e-05	-3.921131e-02	1.069999e+01
4.270000e-05	-3.906356e-02	1.054941e+01
4.271000e-05	-4.135210e-02	1.029786e+01
4.272000e-05	-3.742459e-02	1.010736e+01
4.273000e-05	-3.648673e-02	9.857750e+00
4.274000e-05	-3.550914e-02	9.666200e+00
4.275000e-05	-3.445846e-02	9.423100e+00
4.276000e-05	-3.164767e-02	9.241647e+00
4.277000e-05	-2.810031e-02	8.983117e+00
4.278000e-05	-2.925114e-02	8.758488e+00
4.279000e-05	-2.930570e-02	8.529512e+00
4.280000e-05	-2.972295e-02	8.307333e+00
4.281000e-05	-2.761378e-02	8.043272e+00
4.282000e-05	-2.703851e-02	7.841547e+00
4.283000e-05	-2.668323e-02	7.579932e+00
4.284000e-05	-2.571425e-02	7.244225e+00
4.285000e-05	-2.333183e-02	7.004093e+00
4.286000e-05	-2.201105e-02	6.760962e+00
4.287000e-05	-2.290236e-02	6.478231e+00
4.288000e-05	-2.326716e-02	6.223171e+00
4.289000e-05	-2.283181e-02	6.002571e+00
4.290000e-05	-2.060492e-02	5.699259e+00
4.291000e-05	-2.076451e-02	5.475726e+00
4.292000e-05	-2.083221e-02	5.212363e+00
4.293000e-05	-2.093216e-02	4.844148e+00
4.294000e-05	-1.927722e-02	4.550014e+00
4.295000e-05	-1.793547e-02	4.297284e+00
4.296000e-05	-1.683165e-02	3.992066e+00
4.297000e-05	-1.775873e-02	3.738434e+00
4.298000e-05	-1.558081e-02	3.515277e+00
4.299000e-05	-1.441048e-02	3.130043e+00
4.300000e-05	-1.551202e-02	2.927805e+00
4.301000e-05	-1.647624e-02	2.654703e+00
4.302000e-05	-1.679010e-02	2.347860e+00
4.303000e-05	-1.320080e-02	2.095207e+00
4.304000e-05	-1.263211e-02	1.830622e+00
4.305000e-05	-1.195992e-02	1.495837e+00
4.306000e-05	-1.292231e-02	1.232599e+00
4.307000e-05	-1.112586e-02	8.937770e-01
4.308000e-05	-1.037460e-02	6.209663e-01
4.309000e-05	-1.021573e-02	3.374872e-01
4.310000e-05	-9.441807e-03	6.360113e-02
4.311000e-05	-2.754436e-03	-2.301327e-01
4.312000e-05	5.152521e-03	-4.730642e-01
4.313000e-05	-2.021311e-03	-7.479987e-01
4.314000e-05	2.959144e-03	-1.039033e+00
4.315000e-05	-2.324875e-03	-1.305272e+00
4.316000e-05	3.012543e-03	-1.599480e+00
4.317000e-05	6.696936e-03	-1.821009e+00
4.318000e-05	5.119942e-02	-2.061108e+00
4.319000e-05	1.124896e-01	-2.336877e+00
4.320000e-05	-2.009531e-02	-2.726352e+00
4.321000e-05	-2.178670e-02	-3.115925e+00
4.322000e-05	-3.030731e-02	-3.369531e+00
4.323000e-05	-4.260941e-02	-3.560479e+00
4.324000e-05	-8.626900e-02	-3.840112e+00
4.325000e-05	1.062747e-01	-3.982057e+00
4.326000e-05	-5.538357e-03	-4.262666e+00
4.327000e-05	-4.080211e-02	-4.548952e+00
4.328000e-05	1.536272e-01	-4.800528e+00
4.329000e-05	-1.377685e-01	-5.136300e+00
4.330000e-05	1.069715e-01	-5.433188e+00
4.331000e-05	-7.374959e-02	-5.703192e+00
4.332000e-05	-1.140047e-02	-5.960053e+00
4.333000e-05	1.095116e-01	-6.179499e+00
4.334000e-05	-7.668992e-02	-6.505271e+00
4.335000e-05	1.229330e-01	-6.737982e+00
4.336000e-05	-7.609820e-02	-7.021089e+00
4.337000e-05	4.324501e-02	-7.307374e+00
4.338000e-05	1.023137e-02	-7.527929e+00
4.339000e-05	-2.421052e-02	-7.874816e+00
4.340000e-05	1.004881e-01	-8.065319e+00
4.341000e-05	-6.321528e-02	-8.337332e+00
4.342000e-05	1.090308e-01	-8.581623e+00
4.343000e-05	-4.478201e-02	-8.841585e+00
4.344000e-05	2.103624e-02	-9.055766e+00
4.345000e-05	1.447086e-02	-9.245787e+00
4.346000e-05	4.588079e-03	-9.518422e+00
4.347000e-05	7.798574e-02	-9.736868e+00
4.348000e-05	-2.365892e-02	-9.948477e+00
4.349000e-05	7.685986e-02	-1.012910e+01
4.350000e-05	-3.326954e-02	-1.038064e+01
4.351000e-05	6.819932e-02	-1.059215e+01
4.352000e-05	-1.190400e-02	-1.081206e+01
4.353000e-05	4.075437e-02	-1.097155e+01
4.354000e-05	2.004971e-02	-1.120966e+01
4.355000e-05	3.234736e-02	-1.140316e+01
4.356000e-05	4.426583e-02	-1.161323e+01
4.357000e-05	8.449571e-03	-1.180231e+01
4.358000e-05	4.546967e-02	-1.201216e+01
4.359000e-05	1.431345e-02	-1.219215e+01
4.360000e-05	6.154303e-02	-1.236952e+01
4.361000e-05	1.288085e-02	-1.249692e+01
4.362000e-05	4.726301e-02	-1.273631e+01
4.363000e-05	2.002066e-02	-1.289422e+01
4.364000e-05	5.272122e-02	-1.301218e+01
4.365000e-05	3.280816e-02	-1.317155e+01
4.366000e-05	4.608663e-02	-1.330647e+01
4.367000e-05	4.084526e-02	-1.341428e+01
4.368000e-05	4.795524e-02	-1.359065e+01
4.369000e-05	4.951945e-02	-1.372944e+01
4.370000e-05	3.972079e-02	-1.386486e+01
4.371000e-05	4.569161e-02	-1.395265e+01
4.372000e-05	4.515938e-02	-1.408839e+01
4.373000e-05	6.101706e-02	-1.419510e+01
4.374000e-05	5.192334e-02	-1.434007e+01
4.375000e-05	5.925213e-02	-1.446429e+01
4.376000e-05	5.335870e-02	-1.452892e+01
4.377000e-05	6.787698e-02	-1.461416e+01
4.378000e-05	6.221032e-02	-1.472636e+01
4.379000e-05	6.698193e-02	-1.480317e+01
4.380000e-05	6.295842e-02	-1.484684e+01
4.381000e-05	7.305520e-02	-1.491102e+01
4.382000e-05	7.284596e-02	-1.499260e+01
4.383000e-05	7.455551e-02	-1.506731e+01
4.384000e-05	7.378374e-02	-1.514836e+01
4.385000e-05	8.125215e-02	-1.519102e+01
4.386000e-05	9.087611e-02	-1.518165e+01
4.387000e-05	8.964461e-02	-1.521370e+01
4.388000e-05	9.168542e-02	-1.525524e+01
4.389000e-05	9.075027e-02	-1.526739e+01
4.390000e-05	1.012474e-01	-1.532989e+01
4.391000e-05	1.029316e-01	-1.533054e+01
4.392000e-05	1.088651e-01	-1.533244e+01
4.393000e-05	1.098437e-01	-1.534207e+01
4.394000e-05	1.201326e-01	-1.535054e+01
4.395000e-05	1.266938e-01	-1.529897e+01
4.396000e-05	1.319288e-01	-1.530804e+01
4.397000e-05	1.364070e-01	-1.529826e+01
4.398000e-05	1.466488e-01	-1.526586e+01
4.399000e-05	1.626675e-01	-1.523375e+01
4.400000e-05	1.793580e-01	-1.524370e+01
4.401000e-05	1.965075e-01	-1.517107e+01
4.402000e-05	2.209765e-01	-1.510841e+01
4.403000e-05	2.438499e-01	-1.506633e+01
4.404000e-05	2.499997e-01	-1.497472e+01
4.405000e-05	2.500000e-01	-1.494202e+01
4.406000e-05	2.500000e-01	-1.487786e+01
4.407000e-05	2.500000e-01	-1.481310e+01
4.408000e-05	2.500000e-01	-1.478047e+01
4.409000e-05	2.500000e-01	-1.468631e+01
4.410000e-05	2.420986e-01	-1.457249e+01
4.411000e-05	2.145435e-01	-1.448728e+01
4.412000e-05	1.879107e-01	-1.437209e+01
4.413000e-05	1.659835e-01	-1.424739e+01
4.414000e-05	1.462199e-01	-1.414154e+01
4.415000e-05	1.283513e-01	-1.402478e+01
4.416000e-05	1.160709e-01	-1.390936e+01
4.417000e-05	1.049947e-01	-1.377152e+01
4.418000e-05	9.450893e-02	-1.362528e+01
4.419000e-05	8.371213e-02	-1.350738e+01
4.420000e-05	7.641686e-02	-1.334302e+01
4.421000e-05	7.278579e-02	-1.322518e+01
4.422000e-05	6.748736e-02	-1.306736e+01
4.423000e-05	6.154999e-02	-1.290844e+01
4.424000e-05	5.547125e-02	-1.281314e+01
4.425000e-05	5.331368e-02	-1.261422e+01
4.426000e-05	5.011562e-02	-1.244536e+01
4.427000e-05	4.656394e-02	-1.227683e+01
4.428000e-05	4.121449e-02	-1.208684e+01
4.429000e-05	3.890377e-02	-1.188991e+01
4.430000e-05	3.759146e-02	-1.171991e+01
4.431000e-05	3.558156e-02	-1.156984e+01
4.432000e-05	3.113648e-02	-1.131641e+01
4.433000e-05	2.955550e-02	-1.107934e+01
4.434000e-05	2.921077e-02	-1.085541e+01
4.435000e-05	2.879740e-02	-1.069838e+01
4.436000e-05	2.582611e-02	-1.048898e+01
4.437000e-05	2.345916e-02	-1.031683e+01
4.438000e-05	2.192307e-02	-1.006580e+01
4.439000e-05	2.179302e-02	-9.834754e+00
4.440000e-05	1.906374e-02	-9.665776e+00
4.441000e-05	1.705850e-02	-9.392100e+00
4.442000e-05	1.766324e-02	-9.213592e+00
4.443000e-05	1.738821e-02	-8.962042e+00
4.444000e-05	1.565593e-02	-8.718412e+00
4.445000e-05	1.314283e-02	-8.478328e+00
4.446000e-05	1.233377e-02	-8.264677e+00
4.447000e-05	1.154164e-02	-8.043696e+00
4.448000e-05	1.185233e-02	-7.771488e+00
4.449000e-05	9.574732e-03	-7.486802e+00
4.450000e-05	9.002349e-03	-7.204228e+00
4.451000e-05	7.305039e-03	-6.941592e+00
4.452000e-05	7.770107e-03	-6.686434e+00
4.453000e-05	5.607403e-03	-6.475230e+00
4.454000e-05	5.016537e-03	-6.223096e+00
4.455000e-05	4.626796e-03	-5.938915e+00
4.456000e-05	5.009396e-03	-5.656180e+00
4.457000e-05	4.110216e-03	-5.405066e+00
4.458000e-05	2.456090e-03	-5.095757e+00
4.459000e-05	1.745866e-03	-4.783094e+00
4.460000e-05	1.731484e-03	-4.487782e+00
4.461000e-05	7.241812e-04	-4.285281e+00
4.462000e-05	4.468349e-04	-4.023073e+00
4.463000e-05	-2.127177e-03	-3.726886e+00
4.464000e-05	-1.167136e-03	-3.485255e+00
4.465000e-05	-1.715000e-03	-3.182071e+00
4.466000e-05	-7.984948e-04	-2.886254e+00
4.467000e-05	-2.558469e-03	-2.633573e+00
4.468000e-05	-2.991092e-03	-2.317915e+00
4.469000e-05	-4.962157e-03	-2.013124e+00
4.470000e-05	-4.458537e-03	-1.769019e+00
4.471000e-05	-6.093598e-03	-1.505806e+00
4.472000e-05	-5.907730e-03	-1.138368e+00
4.473000e-05	-5.905605e-03	-8.647505e-01
4.474000e-05	-5.274664e-03	-5.415663e-01
4.475000e-05	-6.091734e-03	-3.057580e-01
4.476000e-05	-5.295758e-03	-4.265151e-02
4.477000e-05	4.514026e-03	2.621115e-01
4.478000e-05	1.083286e-03	5.032447e-01
4.479000e-05	1.837761e-03	7.578435e-01
4.480000e-05	-2.058241e-04	1.062616e+00
4.481000e-05	-3.945378e-04	1.315843e+00
4.482000e-05	-5.024808e-04	1.610633e+00
4.483000e-05	5.493081e-03	1.904686e+00
4.484000e-05	3.008861e-02	2.104241e+00
4.485000e-05	9.317281e-02	2.348977e+00
4.486000e-05	1.571582e-02	2.706972e+00
4.487000e-05	-4.845743e-02	3.042610e+00
4.488000e-05	-3.167090e-02	3.286170e+00
4.489000e-05	-3.173092e-02	3.569975e+00
4.490000e-05	-6.067825e-02	3.840979e+00
4.491000e-05	-5.785388e-02	4.011528e+00
4.492000e-05	8.627614e-02	4.284315e+00
4.493000e-05	-3.663296e-02	4.589480e+00
4.494000e-05	4.880761e-03	4.811024e+00
4.495000e-05	9.683888e-02	5.148400e+00
4.496000e-05	-1.101251e-01	5.443181e+00
4.497000e-05	4.377813e-02	5.684721e+00
4.498000e-05	-4.582285e-02	5.999953e+00
4.499000e-05	2.070402e-02	6.240081e+00
4.500000e-05	1.271157e-02	6.495696e+00
4.501000e-05	-4.423461e-02	6.759002e+00
4.502000e-05	2.658023e-02	7.063157e+00
4.503000e-05	-4.807945e-02	7.315716e+00
4.504000e-05	1.575342e-02	7.580004e+00
4.505000e-05	-5.186858e-02	7.843689e+00
4.506000e-05	9.696316e-03	8.138423e+00
4.507000e-05	9.892933e-03	8.338926e+00
4.508000e-05	-2.533816e-02	8.559450e+00
4.509000e-05	8.759341e-03	8.751499e+00
4.510000e-05	-5.689157e-02	9.060257e+00
4.511000e-05	-8.448286e-03	9.254185e+00
4.512000e-05	-1.731465e-02	9.484340e+00
4.513000e-05	-3.794338e-03	9.699364e+00
4.514000e-05	-2.688827e-02	9.958994e+00
4.515000e-05	-1.821401e-02	1.019047e+01
4.516000e-05	-5.984896e-03	1.038905e+01
4.517000e-05	-3.054183e-02	1.051900e+01
4.518000e-05	-2.389515e-02	1.079155e+01
4.519000e-05	-3.961885e-02	1.100155e+01
4.520000e-05	-1.420645e-02	1.120263e+01
4.521000e-05	-2.263161e-02	1.139215e+01
4.522000e-05	-2.514549e-02	1.159163e+01
4.523000e-05	-3.994852e-02	1.180315e+01
4.524000e-05	-3.053288e-02	1.200160e+01
4.525000e-05	-2.474953e-02	1.213100e+01
4.526000e-05	-2.918448e-02	1.233005e+01
4.527000e-05	-3.886682e-02	1.245792e+01
4.528000e-05	-4.247377e-02	1.266578e+01
4.529000e-05	-3.091284e-02	1.285125e+01
4.530000e-05	-3.664288e-02	1.294105e+01
4.531000e-05	-4.182390e-02	1.312947e+01
4.532000e-05	-4.948326e-02	1.324581e+01
4.533000e-05	-3.793339e-02	1.342363e+01
4.534000e-05	-3.924472e-02	1.356105e+01
4.535000e-05	-4.533104e-02	1.368681e+01
4.536000e-05	-5.858583e-02	1.380368e+01
4.537000e-05	-5.484467e-02	1.392844e+01
4.538000e-05	-5.095101e-02	1.407991e+01
4.539000e-05	-5.251121e-02	1.420218e+01
4.540000e-05	-6.093151e-02	1.433944e+01
4.541000e-05	-6.312793e-02	1.439473e+01
4.542000e-05	-5.667467e-02	1.451787e+01
4.543000e-05	-5.985284e-02	1.459260e+01
4.544000e-05	-6.712942e-02	1.470729e+01
4.545000e-05	-7.676561e-02	1.477047e+01
4.546000e-05	-7.170512e-02	1.482471e+01
4.547000e-05	-7.208262e-02	1.489731e+01
4.548000e-05	-7.720826e-02	1.492052e+01
4.549000e-05	-8.798683e-02	1.501368e+01
4.550000e-05	-8.861304e-02	1.509688e+01
4.551000e-05	-8.517865e-02	1.510887e+01
4.552000e-05	-8.668589e-02	1.514049e+01
4.553000e-05	-9.575659e-02	1.515505e+01
4.554000e-05	-1.028759e-01	1.522518e+01
4.555000e-05	-1.015376e-01	1.519525e+01
4.556000e-05	-1.043466e-01	1.525731e+01
4.557000e-05	-1.121971e-01	1.528781e+01
4.558000e-05	-1.215456e-01	1.524939e+01
4.559000e-05	-1.235711e-01	1.526538e+01
4.560000e-05	-1.236472e-01	1.526828e+01
4.561000e-05	-1.303884e-01	1.527731e+01
4.562000e-05	-1.442597e-01	1.527779e+01
4.563000e-05	-1.539762e-01	1.520331e+01
4.564000e-05	-1.603496e-01	1.518570e+01
4.565000e-05	-1.741964e-01	1.518310e+01
4.566000e-05	-1.938281e-01	1.514099e+01
4.567000e-05	-2.186468e-01	1.512739e+01
4.568000e-05	-2.391364e-01	1.501725e+01
4.569000e-05	-2.491534e-01	1.499217e+01
4.570000e-05	-2.500000e-01	1.496054e+01
4.571000e-05	-2.500000e-01	1.488888e+01
4.572000e-05	-2.500000e-01	1.482465e+01
4.573000e-05	-2.500000e-01	1.478109e+01
4.574000e-05	-2.500000e-01	1.466726e+01
4.575000e-05	-2.500000e-01	1.457259e+01
4.576000e-05	-2.417156e-01	1.452686e+01
4.577000e-05	-2.134418e-01	1.439259e+01
4.578000e-05	-1.857022e-01	1.430888e+01
4.579000e-05	-1.662808e-01	1.419262e+01
4.580000e-05	-1.509415e-01	1.409683e+01
4.581000e-05	-1.339589e-01	1.397946e+01
4.582000e-05	-1.187587e-01	1.374505e+01
4.583000e-05	-1.101491e-01	1.368841e+01
4.584000e-05	-1.036194e-01	1.355944e+01
4.585000e-05	-9.580318e-02	1.343509e+01
4.586000e-05	-8.608109e-02	1.327833e+01
4.587000e-05	-7.907050e-02	1.309941e+01
4.588000e-05	-7.576506e-02	1.296099e+01
4.589000e-05	-7.165140e-02	1.281425e+01
4.590000e-05	-6.634516e-02	1.270625e+01
4.591000e-05	-6.155770e-02	1.249889e+01
4.592000e-05	-5.961227e-02	1.237056e+01
4.593000e-05	-5.960997e-02	1.213297e+01
4.594000e-05	-5.511473e-02	1.198455e+01
4.595000e-05	-5.054269e-02	1.180570e+01
4.596000e-05	-4.740774e-02	1.164267e+01
4.597000e-05	-4.769211e-02	1.139264e+01
4.598000e-05	-4.595566e-02	1.120219e+01
4.599000e-05	-4.328734e-02	1.097265e+01
4.600000e-05	-3.950245e-02	1.082412e+01
4.601000e-05	-4.003446e-02	1.062255e+01
4.602000e-05	-3.966386e-02	1.041364e+01
4.603000e-05	-3.794547e-02	1.017252e+01
4.604000e-05	-3.470871e-02	1.001101e+01
4.605000e-05	-3.459391e-02	9.739404e+00
4.606000e-05	-3.536243e-02	9.477355e+00
4.607000e-05	-3.361670e-02	9.257335e+00
4.608000e-05	-3.019629e-02	9.047309e+00
4.609000e-05	-2.844704e-02	8.843722e+00
4.610000e-05	-2.993569e-02	8.602595e+00
4.611000e-05	-2.978568e-02	8.402520e+00
4.612000e-05	-2.800478e-02	8.139909e+00
4.613000e-05	-2.616764e-02	7.887756e+00
4.614000e-05	-2.649939e-02	7.604650e+00
4.615000e-05	-2.685707e-02	7.340962e+00
4.616000e-05	-2.494972e-02	7.106306e+00
4.617000e-05	-2.254279e-02	6.847252e+00
4.618000e-05	-2.286092e-02	6.612541e+00
4.619000e-05	-2.299997e-02	6.317909e+00
4.620000e-05	-2.348387e-02	6.076234e+00
4.621000e-05	-1.972703e-02	5.844600e+00
4.622000e-05	-2.086421e-02	5.569395e+00
4.623000e-05	-2.000105e-02	5.285702e+00
4.624000e-05	-2.135719e-02	4.969460e+00
4.625000e-05	-1.959912e-02	4.664701e+00
4.626000e-05	-1.808057e-02	4.393550e+00
4.627000e-05	-1.730033e-02	4.118880e+00
4.628000e-05	-1.820864e-02	3.854172e+00
4.629000e-05	-1.761993e-02	3.591043e+00
4.630000e-05	-1.555333e-02	3.317353e+00
4.631000e-05	-1.435129e-02	3.034147e+00
4.632000e-05	-1.532523e-02	2.749440e+00
4.633000e-05	-1.632012e-02	2.456228e+00
4.634000e-05	-1.429429e-02	2.159412e+00
4.635000e-05	-1.325160e-02	1.917810e+00
4.636000e-05	-1.209463e-02	1.630577e+00
4.637000e-05	-1.391194e-02	1.346911e+00
4.638000e-05	-1.188311e-02	1.013039e+00
4.639000e-05	-1.117121e-02	7.072318e-01
4.640000e-05	-9.316464e-03	4.825778e-01
4.641000e-05	-1.092838e-02	1.393331e-01
4.642000e-05	-6.279702e-03	-1.052495e-01
4.643000e-05	4.178327e-03	-3.573988e-01
4.644000e-05	-1.079437e-03	-6.416667e-01
4.645000e-05	1.056000e-03	-9.052970e-01
4.646000e-05	-1.697848e-03	-1.177484e+00
4.647000e-05	6.459319e-04	-1.504347e+00
4.648000e-05	1.849993e-03	-1.714797e+00
4.649000e-05	2.797314e-02	-1.946926e+00
4.650000e-05	1.050877e-01	-2.240559e+00
4.651000e-05	4.104200e-02	-2.587487e+00
4.652000e-05	-4.618874e-02	-2.989588e+00
4.653000e-05	-1.405585e-02	-3.324243e+00
4.654000e-05	-4.372907e-02	-3.526399e+00
4.655000e-05	-7.330758e-02	-3.727350e+00
4.656000e-05	8.484751e-03	-3.929451e+00
4.657000e-05	1.103745e-01	-4.125446e+00
4.658000e-05	-1.243444e-01	-4.441640e+00
4.659000e-05	1.651925e-01	-4.696769e+00
4.660000e-05	-5.642017e-02	-4.987585e+00
4.661000e-05	-5.804007e-03	-5.346924e+00
4.662000e-05	5.648207e-02	-5.558853e+00
4.663000e-05	-1.224290e-01	-5.893793e+00
4.664000e-05	1.537374e-01	-6.095265e+00
4.665000e-05	-5.942646e-02	-6.379457e+00
4.666000e-05	6.545536e-02	-6.674291e+00
4.667000e-05	1.396724e-02	-6.926823e+00
4.668000e-05	-4.916850e-02	-7.233089e+00
4.669000e-05	8.516729e-02	-7.452283e+00
4.670000e-05	-7.513933e-02	-7.757002e+00
4.671000e-05	1.075712e-01	-8.043111e+00
4.672000e-05	-3.145178e-02	-8.242688e+00
4.673000e-05	4.282614e-02	-8.505743e+00
4.674000e-05	4.159352e-02	-8.729001e+00
4.675000e-05	-5.246838e-02	-8.990582e+00
4.676000e-05	6.929075e-02	-9.200579e+00
4.677000e-05	-4.146157e-02	-9.412712e+00
4.678000e-05	9.816462e-02	-9.633659e+00
4.679000e-05	-1.994309e-02	-9.834290e+00
4.680000e-05	5.738620e-02	-1.006677e+01
4.681000e-05	5.525230e-04	-1.030529e+01
4.682000e-05	2.446188e-02	-1.054689e+01
4.683000e-05	3.764876e-02	-1.071534e+01
4.684000e-05	-3.462756e-03	-1.090747e+01
4.685000e-05	5.585336e-02	-1.112792e+01
4.686000e-05	-1.248591e-03	-1.135798e+01
4.687000e-05	6.768623e-02	-1.154045e+01
4.688000e-05	-2.643257e-03	-1.173895e+01
4.689000e-05	5.056739e-02	-1.193897e+01
4.690000e-05	1.226392e-02	-1.207842e+01
4.691000e-05	5.521195e-02	-1.228689e+01
4.692000e-05	2.714172e-02	-1.246724e+01
4.693000e-05	3.414239e-02	-1.262474e+01
4.694000e-05	3.127398e-02	-1.281063e+01
4.695000e-05	3.521491e-02	-1.293008e+01
4.696000e-05	4.787695e-02	-1.312789e+01
4.697000e-05	3.396029e-02	-1.325524e+01
4.698000e-05	5.130979e-02	-1.334165e+01
4.699000e-05	3.686833e-02	-1.352899e+01
4.700000e-05	5.741169e-02	-1.365484e+01
4.701000e-05	3.611347e-02	-1.384208e+01
4.702000e-05	4.915744e-02	-1.394747e+01
4.703000e-05	4.085684e-02	-1.404579e+01
4.704000e-05	6.025891e-02	-1.418021e+01
4.705000e-05	5.274795e-02	-1.431739e+01
4.706000e-05	5.829744e-02	-1.440315e+01
4.707000e-05	5.275307e-02	-1.450687e+01
4.708000e-05	6.241281e-02	-1.460313e+01
4.709000e-05	6.511957e-02	-1.470744e+01
4.710000e-05	6.393515e-02	-1.478259e+01
4.711000e-05	6.630198e-02	-1.485571e+01
4.712000e-05	6.802591e-02	-1.487791e+01
4.713000e-05	7.534809e-02	-1.494163e+01
4.714000e-05	7.089342e-02	-1.499523e+01
4.715000e-05	7.502836e-02	-1.506794e+01
4.716000e-05	7.705316e-02	-1.512994e+01
4.717000e-05	8.866278e-02	-1.518057e+01
4.718000e-05	8.947107e-02	-1.519321e+01
4.719000e-05	9.151984e-02	-1.523621e+01
4.720000e-05	9.120790e-02	-1.524699e+01
4.721000e-05	9.682998e-02	-1.527887e+01
4.722000e-05	1.019505e-01	-1.532801e+01
4.723000e-05	1.054767e-01	-1.533995e+01
4.724000e-05	1.102439e-01	-1.531957e+01
4.725000e-05	1.165865e-01	-1.536002e+01
4.726000e-05	1.246702e-01	-1.530949e+01
4.727000e-05	1.293291e-01	-1.532047e+01
4.728000e-05	1.341001e-01	-1.528739e+01
4.729000e-05	1.424855e-01	-1.528686e+01
4.730000e-05	1.571367e-01	-1.525626e+01
4.731000e-05	1.735447e-01	-1.525421e+01
4.732000e-05	1.894517e-01	-1.518107e+01
4.733000e-05	2.109914e-01	-1.512999e+01
4.734000e-05	2.380540e-01	-1.509691e+01
4.735000e-05	2.489680e-01	-1.501430e+01
4.736000e-05	2.500000e-01	-1.494312e+01
4.737000e-05	2.500000e-01	-1.487894e+01
4.738000e-05	2.500000e-01	-1.486323e+01
4.739000e-05	2.500000e-01	-1.476264e+01
4.740000e-05	2.500000e-01	-1.471681e+01
4.741000e-05	2.478329e-01	-1.458267e+01
4.742000e-05	2.267951e-01	-1.454789e+01
4.743000e-05	1.979840e-01	-1.444520e+01
4.744000e-05	1.744298e-01	-1.431748e+01
4.745000e-05	1.534348e-01	-1.420362e+01
4.746000e-05	1.353904e-01	-1.407829e+01
4.747000e-05	1.204181e-01	-1.394142e+01
4.748000e-05	1.092961e-01	-1.381523e+01
4.749000e-05	9.775127e-02	-1.368786e+01
4.750000e-05	8.763494e-02	-1.360061e+01
4.751000e-05	7.981071e-02	-1.343415e+01
4.752000e-05	7.597813e-02	-1.328733e+01
4.753000e-05	6.920536e-02	-1.315057e+01
4.754000e-05	6.255810e-02	-1.298367e+01
4.755000e-05	5.693284e-02	-1.284483e+01
4.756000e-05	5.421055e-02	-1.267733e+01
4.757000e-05	5.093892e-02	-1.251049e+01
4.758000e-05	4.810537e-02	-1.238004e+01
4.759000e-05	4.368192e-02	-1.218307e+01
4.760000e-05	4.041066e-02	-1.201320e+01
4.761000e-05	3.849954e-02	-1.183420e+01
4.762000e-05	3.531580e-02	-1.161425e+01
4.763000e-05	3.185669e-02	-1.137317e+01
4.764000e-05	3.015243e-02	-1.116001e+01
4.765000e-05	2.967326e-02	-1.094107e+01
4.766000e-05	2.872779e-02	-1.076304e+01
4.767000e-05	2.649155e-02	-1.059265e+01
4.768000e-05	2.454201e-02	-1.038202e+01
4.769000e-05	2.182512e-02	-1.011944e+01
4.770000e-05	2.178083e-02	-9.958939e+00
4.771000e-05	2.068043e-02	-9.728462e+00
4.772000e-05	1.879309e-02	-9.498909e+00
4.773000e-05	1.838419e-02	-9.257329e+00
4.774000e-05	1.751886e-02	-9.043126e+00
4.775000e-05	1.573207e-02	-8.823175e+00
4.776000e-05	1.293651e-02	-8.574021e+00
4.777000e-05	1.210684e-02	-8.348892e+00
4.778000e-05	1.219177e-02	-8.138860e+00
4.779000e-05	1.209876e-02	-7.894775e+00
4.780000e-05	1.123325e-02	-7.592068e+00
4.781000e-05	9.319674e-03	-7.337837e+00
4.782000e-05	8.702574e-03	-7.075852e+00
4.783000e-05	7.194518e-03	-6.791644e+00
4.784000e-05	6.202784e-03	-6.581010e+00
4.785000e-05	4.387849e-03	-6.326884e+00
4.786000e-05	4.350696e-03	-6.032647e+00
4.787000e-05	4.059230e-03	-5.781042e+00
4.788000e-05	4.843201e-03	-5.476784e+00
4.789000e-05	3.452982e-03	-5.193120e+00
4.790000e-05	1.825415e-03	-4.867379e+00
4.791000e-05	1.765215e-03	-4.599048e+00
4.792000e-05	1.498585e-03	-4.360494e+00
4.793000e-05	7.433341e-04	-4.127386e+00
4.794000e-05	-2.203484e-03	-3.863699e+00
4.795000e-05	-1.002089e-03	-3.559465e+00
4.796000e-05	-3.534061e-03	-3.286785e+00
4.797000e-05	-2.215718e-03	-3.003570e+00
4.798000e-05	-4.329064e-03	-2.707332e+00
4.799000e-05	-3.554583e-03	-2.465208e+00
4.800000e-05	-4.324062e-03	-2.159415e+00
4.801000e-05	-2.601376e-03	-1.884758e+00
4.802000e-05	-4.226743e-03	-1.622024e+00
4.803000e-05	-6.312413e-03	-1.284781e+00
4.804000e-05	-7.263698e-03	-9.804676e-01
4.805000e-05	-6.198458e-03	-6.863596e-01
4.806000e-05	-6.732354e-03	-4.200214e-01
4.807000e-05	-6.933803e-03	-1.179157e-01
4.808000e-05	-7.119574e-05	1.266959e-01
4.809000e-05	6.363785e-03	4.189790e-01
4.810000e-05	4.832893e-04	6.526107e-01
4.811000e-05	4.017388e-03	9.438120e-01
4.812000e-05	-3.058542e-03	1.220554e+00
4.813000e-05	9.229100e-05	1.503190e+00
4.814000e-05	-5.291189e-04	1.799479e+00
4.815000e-05	1.831038e-02	2.010528e+00
4.816000e-05	7.098877e-02	2.252160e+00
4.817000e-05	6.931686e-02	2.630058e+00
4.818000e-05	-4.741477e-02	2.935396e+00
4.819000e-05	-2.975888e-02	3.199931e+00
4.820000e-05	-3.669794e-02	3.494395e+00
4.821000e-05	-3.963370e-02	3.746351e+00
4.822000e-05	-8.216023e-02	3.937395e+00
4.823000e-05	3.555454e-02	4.168975e+00
4.824000e-05	4.779850e-02	4.483716e+00
4.825000e-05	-7.833987e-02	4.727366e+00
4.826000e-05	1.365219e-01	5.061058e+00
4.827000e-05	-7.660214e-02	5.349399e+00
4.828000e-05	-1.025038e-02	5.569000e+00
4.829000e-05	2.846381e-03	5.885867e+00
4.830000e-05	-3.026726e-02	6.136821e+00
4.831000e-05	5.044030e-02	6.380958e+00
4.832000e-05	-5.429211e-02	6.684241e+00
4.833000e-05	1.735356e-02	6.908324e+00
4.834000e-05	-2.731674e-02	7.181035e+00
4.835000e-05	-7.460512e-03	7.464266e+00
4.836000e-05	-2.030872e-02	7.756375e+00
4.837000e-05	-3.135752e-02	8.003179e+00
4.838000e-05	3.284701e-02	8.263762e+00
4.839000e-05	-2.792790e-02	8.485817e+00
4.840000e-05	3.776745e-03	8.707791e+00
4.841000e-05	-3.290316e-02	8.928924e+00
4.842000e-05	-3.841679e-02	9.159448e+00
4.843000e-05	1.946743e-03	9.370077e+00
4.844000e-05	-1.963263e-02	9.614062e+00
4.845000e-05	-6.940907e-03	9.872209e+00
4.846000e-05	-3.583336e-02	1.005582e+01
4.847000e-05	1.198996e-04	1.030624e+01
4.848000e-05	-2.675641e-02	1.045626e+01
4.849000e-05	-2.612960e-02	1.070836e+01
4.850000e-05	-3.304252e-02	1.088732e+01
4.851000e-05	-2.794532e-02	1.113732e+01
4.852000e-05	-1.079855e-02	1.129834e+01
4.853000e-05	-3.168008e-02	1.149937e+01
4.854000e-05	-2.964407e-02	1.171887e+01
4.855000e-05	-4.160887e-02	1.190744e+01
4.856000e-05	-2.016094e-02	1.209729e+01
4.857000e-05	-2.963261e-02	1.226534e+01
4.858000e-05	-3.368507e-02	1.243218e+01
4.859000e-05	-4.396290e-02	1.260208e+01
4.860000e-05	-3.565689e-02	1.276107e+01
4.861000e-05	-3.239987e-02	1.288701e+01
4.862000e-05	-4.182951e-02	1.303526e+01
4.863000e-05	-4.611671e-02	1.322463e+01
4.864000e-05	-4.435599e-02	1.336203e+01
4.865000e-05	-3.524666e-02	1.350839e+01
4.866000e-05	-4.389125e-02	1.363421e+01
4.867000e-05	-5.457991e-02	1.373064e+01
4.868000e-05	-5.819897e-02	1.386886e+01
4.869000e-05	-5.084656e-02	1.403425e+01
4.870000e-05	-4.967610e-02	1.417309e+01
4.871000e-05	-5.731073e-02	1.427776e+01
4.872000e-05	-6.360330e-02	1.437158e+01
4.873000e-05	-6.046928e-02	1.450931e+01
4.874000e-05	-5.840393e-02	1.455057e+01
4.875000e-05	-6.467748e-02	1.464581e+01
4.876000e-05	-7.319842e-02	1.475949e+01
4.877000e-05	-7.305425e-02	1.482322e+01
4.878000e-05	-6.954321e-02	1.484631e+01
4.879000e-05	-7.380332e-02	1.490852e+01
4.880000e-05	-8.422948e-02	1.495505e+01
4.881000e-05	-8.959455e-02	1.508376e+01
4.882000e-05	-8.665962e-02	1.508689e+01
4.883000e-05	-8.498807e-02	1.513047e+01
4.884000e-05	-9.318574e-02	1.519357e+01
4.885000e-05	-9.969672e-02	1.521320e+01
4.886000e-05	-1.014368e-01	1.523570e+01
4.887000e-05	-1.013288e-01	1.524628e+01
4.888000e-05	-1.100685e-01	1.524581e+01
4.889000e-05	-1.192687e-01	1.528934e+01
4.890000e-05	-1.229744e-01	1.527841e+01
4.891000e-05	-1.217433e-01	1.526681e+01
4.892000e-05	-1.268966e-01	1.524736e+01
4.893000e-05	-1.388454e-01	1.523731e+01
4.894000e-05	-1.515447e-01	1.525583e+01
4.895000e-05	-1.570953e-01	1.518373e+01
4.896000e-05	-1.681431e-01	1.519252e+01
4.897000e-05	-1.840058e-01	1.518002e+01
4.898000e-05	-2.094739e-01	1.514884e+01
4.899000e-05	-2.305279e-01	1.505783e+01
4.900000e-05	-2.466550e-01	1.503420e+01
4.901000e-05	-2.499900e-01	1.499202e+01
4.902000e-05	-2.500000e-01	1.489946e+01
4.903000e-05	-2.500000e-01	1.485426e+01
4.904000e-05	-2.500000e-01	1.479257e+01
4.905000e-05	-2.500000e-01	1.467786e+01
4.906000e-05	-2.500000e-01	1.460412e+01
4.907000e-05	-2.481276e-01	1.451994e+01
4.908000e-05	-2.253513e-01	1.442420e+01
4.909000e-05	-1.960109e-01	1.434249e+01
4.910000e-05	-1.735153e-01	1.420520e+01
4.911000e-05	-1.570434e-01	1.409946e+01
4.912000e-05	-1.401819e-01	1.398259e+01
4.913000e-05	-1.241088e-01	1.382530e+01
4.914000e-05	-1.118232e-01	1.371091e+01
4.915000e-05	-1.058452e-01	1.360310e+01
4.916000e-05	-9.939846e-02	1.345763e+01
4.917000e-05	-8.984380e-02	1.334048e+01
4.918000e-05	-8.110397e-02	1.319204e+01
4.919000e-05	-7.662316e-02	1.301417e+01
4.920000e-05	-7.340428e-02	1.289778e+01
4.921000e-05	-6.988724e-02	1.271098e+01
4.922000e-05	-6.261655e-02	1.256157e+01
4.923000e-05	-6.071578e-02	1.243465e+01
4.924000e-05	-5.894638e-02	1.222570e+01
4.925000e-05	-5.684804e-02	1.205778e+01
4.926000e-05	-5.116638e-02	1.191741e+01
4.927000e-05	-4.811770e-02	1.168689e+01
4.928000e-05	-4.836915e-02	1.150746e+01
4.929000e-05	-4.759045e-02	1.126635e+01
4.930000e-05	-4.562824e-02	1.110573e+01
4.931000e-05	-4.044590e-02	1.089684e+01
4.932000e-05	-3.923853e-02	1.071836e+01
4.933000e-05	-3.982449e-02	1.045881e+01
4.934000e-05	-3.883367e-02	1.025523e+01
4.935000e-05	-3.528902e-02	1.007512e+01
4.936000e-05	-3.507664e-02	9.845672e+00
4.937000e-05	-3.565087e-02	9.592091e+00
4.938000e-05	-3.502192e-02	9.330017e+00
4.939000e-05	-3.168476e-02	9.171013e+00
4.940000e-05	-2.941359e-02	8.929435e+00
4.941000e-05	-2.907499e-02	8.697278e+00
4.942000e-05	-3.051413e-02	8.474858e+00
4.943000e-05	-2.857558e-02	8.225225e+00
4.944000e-05	-2.628022e-02	7.991593e+00
4.945000e-05	-2.570770e-02	7.772360e+00
4.946000e-05	-2.616149e-02	7.466725e+00
4.947000e-05	-2.621451e-02	7.210592e+00
4.948000e-05	-2.395851e-02	6.969462e+00
4.949000e-05	-2.273261e-02	6.718354e+00
4.950000e-05	-2.325216e-02	6.423597e+00
4.951000e-05	-2.309091e-02	6.191994e+00
4.952000e-05	-2.182169e-02	5.969859e+00
4.953000e-05	-1.979698e-02	5.665673e+00
4.954000e-05	-1.993420e-02	5.403592e+00
4.955000e-05	-2.081804e-02	5.107282e+00
4.956000e-05	-2.114729e-02	4.721019e+00
4.957000e-05	-1.821937e-02	4.527307e+00
4.958000e-05	-1.802301e-02	4.234646e+00
4.959000e-05	-1.817703e-02	3.958862e+00
4.960000e-05	-1.706408e-02	3.685279e+00
4.961000e-05	-1.682625e-02	3.422068e+00
4.962000e-05	-1.468743e-02	3.156836e+00
4.963000e-05	-1.598197e-02	2.884249e+00
4.964000e-05	-1.603324e-02	2.593019e+00
4.965000e-05	-1.605440e-02	2.315252e+00
4.966000e-05	-1.335849e-02	2.044100e+00
4.967000e-05	-1.364352e-02	1.749437e+00
4.968000e-05	-1.288170e-02	1.424119e+00
4.969000e-05	-1.369188e-02	1.159410e+00
4.970000e-05	-1.120841e-02	8.130763e-01
4.971000e-05	-1.067824e-02	5.578585e-01
4.972000e-05	-1.018968e-02	2.746993e-01
4.973000e-05	-8.917466e-03	-3.063534e-02
4.974000e-05	7.787429e-04	-2.731444e-01
4.975000e-05	2.438444e-03	-5.457785e-01
4.976000e-05	-1.354010e-03	-8.415878e-01
4.977000e-05	1.194046e-03	-1.113163e+00
4.978000e-05	-1.818482e-03	-1.358485e+00
4.979000e-05	1.105466e-03	-1.602184e+00
4.980000e-05	1.179980e-02	-1.882216e+00
4.981000e-05	7.196944e-02	-2.074216e+00
4.982000e-05	9.613129e-02	-2.451088e+00
4.983000e-05	-4.256864e-02	-2.840540e+00
4.984000e-05	-1.054132e-02	-3.160561e+00
4.985000e-05	-3.958512e-02	-3.440683e+00
4.986000e-05	-4.920471e-02	-3.621182e+00
4.987000e-05	-6.835435e-02	-3.912665e+00
4.988000e-05	1.404247e-01	-4.072135e+00
4.989000e-05	-8.222111e-02	-4.307949e+00
4.990000e-05	4.212936e-02	-4.632157e+00
4.991000e-05	7.789978e-02	-4.869687e+00
4.992000e-05	-1.130921e-01	-5.189963e+00
4.993000e-05	1.278195e-01	-5.493793e+00
4.994000e-05	-1.302472e-01	-5.778429e+00
4.995000e-05	7.354816e-02	-6.023133e+00
4.996000e-05	4.085770e-02	-6.272260e+00
4.997000e-05	-3.392726e-02	-6.600078e+00
4.998000e-05	1.032702e-01	-6.791582e+00
4.999000e-05	-9.495574e-02	-7.107423e+00
