# 260604_11:19:52.080633
t	CH1	CH2
0.000000e+00	-1.107543e-02	6.010239e-01
1.000000e-08	-1.019504e-02	3.578885e-01
2.000000e-08	-7.855479e-03	-7.892228e-03
3.000000e-08	-1.958198e-03	-2.695840e-01
4.000000e-08	6.729176e-03	-4.822103e-01
5.000000e-08	-3.819108e-03	-8.348972e-01
6.000000e-08	3.481537e-03	-1.080530e+00
7.000000e-08	-2.324766e-03	-1.365941e+00
8.000000e-08	3.114636e-03	-1.639528e+00
9.000000e-08	7.028373e-03	-1.890131e+00
1.000000e-07	5.675733e-02	-2.104058e+00
1.100000e-07	1.250720e-01	-2.376920e+00
1.200000e-07	-5.036734e-02	-2.826450e+00
1.300000e-07	-6.318120e-03	-3.187343e+00
1.400000e-07	-4.210925e-02	-3.431081e+00
1.500000e-07	-3.352365e-02	-3.629105e+00
1.600000e-07	-1.029319e-01	-3.922109e+00
1.700000e-07	1.528932e-01	-4.080634e+00
1.800000e-07	-5.459802e-02	-4.331688e+00
1.900000e-07	-1.018949e-02	-4.659501e+00
2.000000e-07	1.544632e-01	-4.870630e+00
2.100000e-07	-1.821102e-01	-5.185897e+00
2.200000e-07	1.677656e-01	-5.554685e+00
2.300000e-07	-1.360088e-01	-5.764864e+00
2.400000e-07	3.743762e-02	-6.069955e+00
2.500000e-07	9.764478e-02	-6.271008e+00
2.600000e-07	-9.387097e-02	-6.595327e+00
2.700000e-07	1.565574e-01	-6.849056e+00
2.800000e-07	-1.247358e-01	-7.123633e+00
2.900000e-07	9.087118e-02	-7.438855e+00
3.000000e-07	-2.311335e-02	-7.637505e+00
3.100000e-07	-4.553954e-03	-7.992239e+00
3.200000e-07	1.031190e-01	-8.165721e+00
3.300000e-07	-8.843880e-02	-8.426900e+00
3.400000e-07	1.446876e-01	-8.689583e+00
3.500000e-07	-9.007286e-02	-8.903686e+00
3.600000e-07	6.124852e-02	-9.156214e+00
3.700000e-07	-1.069179e-02	-9.366792e+00
3.800000e-07	2.601312e-02	-9.648900e+00
3.900000e-07	7.052095e-02	-9.828419e+00
4.000000e-07	-3.296961e-02	-1.006888e+01
4.100000e-07	8.837028e-02	-1.024059e+01
4.200000e-07	-5.457827e-02	-1.048209e+01
4.300000e-07	9.598820e-02	-1.072351e+01
4.400000e-07	-3.747550e-02	-1.087058e+01
4.500000e-07	6.795157e-02	-1.112414e+01
4.600000e-07	-1.883356e-03	-1.130166e+01
4.700000e-07	4.846821e-02	-1.151514e+01
4.800000e-07	2.794410e-02	-1.173362e+01
4.900000e-07	1.268539e-02	-1.192469e+01
5.000000e-07	4.760194e-02	-1.212166e+01
5.100000e-07	1.284236e-02	-1.232216e+01
5.200000e-07	6.992224e-02	-1.245146e+01
5.300000e-07	4.687152e-03	-1.264093e+01
5.400000e-07	5.685300e-02	-1.279672e+01
5.500000e-07	1.038150e-02	-1.299724e+01
5.600000e-07	6.000674e-02	-1.312367e+01
5.700000e-07	2.359195e-02	-1.328056e+01
5.800000e-07	5.048279e-02	-1.344793e+01
5.900000e-07	3.682710e-02	-1.357527e+01
6.000000e-07	5.293477e-02	-1.372356e+01
6.100000e-07	4.873579e-02	-1.384948e+01
6.200000e-07	4.042149e-02	-1.400672e+01
6.300000e-07	4.683135e-02	-1.416209e+01
6.400000e-07	4.626483e-02	-1.420843e+01
6.500000e-07	6.051773e-02	-1.435422e+01
6.600000e-07	4.815402e-02	-1.445051e+01
6.700000e-07	5.837204e-02	-1.453632e+01
6.800000e-07	5.368544e-02	-1.464903e+01
6.900000e-07	7.117299e-02	-1.475512e+01
7.000000e-07	6.331485e-02	-1.483986e+01
7.100000e-07	6.982894e-02	-1.487417e+01
7.200000e-07	6.227627e-02	-1.497785e+01
7.300000e-07	7.381887e-02	-1.506153e+01
7.400000e-07	6.949785e-02	-1.511469e+01
7.500000e-07	7.385474e-02	-1.516778e+01
7.600000e-07	7.465264e-02	-1.521878e+01
7.700000e-07	8.621993e-02	-1.526203e+01
7.800000e-07	9.266976e-02	-1.530406e+01
7.900000e-07	9.113876e-02	-1.533621e+01
8.000000e-07	9.258050e-02	-1.535830e+01
8.100000e-07	9.137518e-02	-1.541985e+01
8.200000e-07	1.025295e-01	-1.544038e+01
8.300000e-07	1.040651e-01	-1.544996e+01
8.400000e-07	1.116008e-01	-1.542146e+01
8.500000e-07	1.138305e-01	-1.546200e+01
8.600000e-07	1.258044e-01	-1.546146e+01
8.700000e-07	1.301952e-01	-1.545991e+01
8.800000e-07	1.356615e-01	-1.542141e+01
8.900000e-07	1.418648e-01	-1.541880e+01
9.000000e-07	1.563097e-01	-1.536788e+01
9.100000e-07	1.743440e-01	-1.535532e+01
9.200000e-07	1.918104e-01	-1.530567e+01
9.300000e-07	2.147337e-01	-1.523346e+01
9.400000e-07	2.414844e-01	-1.520983e+01
9.500000e-07	2.499689e-01	-1.519930e+01
9.600000e-07	2.500000e-01	-1.513622e+01
9.700000e-07	2.500000e-01	-1.503196e+01
9.800000e-07	2.500000e-01	-1.496980e+01
9.900000e-07	2.500000e-01	-1.492464e+01
1.000000e-06	2.500000e-01	-1.487153e+01
1.010000e-06	2.483982e-01	-1.474770e+01
1.020000e-06	2.243072e-01	-1.462308e+01
1.030000e-06	1.929105e-01	-1.454683e+01
1.040000e-06	1.703856e-01	-1.447406e+01
1.050000e-06	1.495959e-01	-1.436725e+01
1.060000e-06	1.308518e-01	-1.427251e+01
1.070000e-06	1.166519e-01	-1.410619e+01
1.080000e-06	1.055279e-01	-1.404140e+01
1.090000e-06	9.592804e-02	-1.387457e+01
1.100000e-06	8.459044e-02	-1.373669e+01
1.110000e-06	7.674639e-02	-1.358038e+01
1.120000e-06	7.150976e-02	-1.347296e+01
1.130000e-06	6.795869e-02	-1.331514e+01
1.140000e-06	6.186674e-02	-1.317843e+01
1.150000e-06	5.428940e-02	-1.305296e+01
1.160000e-06	5.174653e-02	-1.285359e+01
1.170000e-06	4.937299e-02	-1.272614e+01
1.180000e-06	4.726363e-02	-1.254675e+01
1.190000e-06	4.170241e-02	-1.232840e+01
1.200000e-06	3.922875e-02	-1.221143e+01
1.210000e-06	3.695286e-02	-1.199035e+01
1.220000e-06	3.547138e-02	-1.179291e+01
1.230000e-06	3.121909e-02	-1.158940e+01
1.240000e-06	2.863196e-02	-1.137735e+01
1.250000e-06	2.830504e-02	-1.116083e+01
1.260000e-06	2.799068e-02	-1.094887e+01
1.270000e-06	2.725100e-02	-1.075845e+01
1.280000e-06	2.411433e-02	-1.062025e+01
1.290000e-06	2.214117e-02	-1.033817e+01
1.300000e-06	2.148841e-02	-1.009832e+01
1.310000e-06	1.994458e-02	-9.875687e+00
1.320000e-06	1.820645e-02	-9.696817e+00
1.330000e-06	1.647068e-02	-9.495064e+00
1.340000e-06	1.699982e-02	-9.233008e+00
1.350000e-06	1.654165e-02	-9.031955e+00
1.360000e-06	1.444374e-02	-8.780425e+00
1.370000e-06	1.291889e-02	-8.547847e+00
1.380000e-06	1.207141e-02	-8.284166e+00
1.390000e-06	1.188876e-02	-8.084182e+00
1.400000e-06	1.093486e-02	-7.821930e+00
1.410000e-06	9.503576e-03	-7.467367e+00
1.420000e-06	8.391469e-03	-7.274638e+00
1.430000e-06	6.817030e-03	-7.021978e+00
1.440000e-06	7.245036e-03	-6.739376e+00
1.450000e-06	4.995646e-03	-6.517163e+00
1.460000e-06	5.848608e-03	-6.223457e+00
1.470000e-06	3.570087e-03	-5.949974e+00
1.480000e-06	3.982589e-03	-5.707268e+00
1.490000e-06	3.471271e-03	-5.393412e+00
1.500000e-06	2.026592e-03	-5.117420e+00
1.510000e-06	5.685971e-04	-4.802429e+00
1.520000e-06	1.583561e-03	-4.526796e+00
1.530000e-06	5.993375e-04	-4.266265e+00
1.540000e-06	8.706566e-04	-4.012033e+00
1.550000e-06	-2.443422e-03	-3.719371e+00
1.560000e-06	-1.796363e-03	-3.475637e+00
1.570000e-06	-4.519639e-03	-3.180553e+00
1.580000e-06	-1.571358e-03	-2.895743e+00
1.590000e-06	-4.610950e-03	-2.573583e+00
1.600000e-06	-2.604806e-03	-2.348995e+00
1.610000e-06	-4.252472e-03	-2.053179e+00
1.620000e-06	-3.689644e-03	-1.770979e+00
1.630000e-06	-5.830714e-03	-1.497240e+00
1.640000e-06	-7.737196e-03	-1.158899e+00
1.650000e-06	-7.357560e-03	-8.742344e-01
1.660000e-06	-7.181201e-03	-5.944227e-01
1.670000e-06	-5.784782e-03	-2.867647e-01
1.680000e-06	-4.133843e-03	-1.460677e-02
1.690000e-06	8.373203e-03	2.901840e-01
1.700000e-06	1.183908e-04	5.238145e-01
1.710000e-06	3.870166e-03	7.663182e-01
1.720000e-06	-2.615225e-03	1.069552e+00
1.730000e-06	1.933380e-04	1.355213e+00
1.740000e-06	-2.297559e-03	1.659609e+00
1.750000e-06	6.974236e-03	1.872709e+00
1.760000e-06	3.403464e-02	2.143190e+00
1.770000e-06	1.072803e-01	2.417097e+00
1.780000e-06	-5.918461e-03	2.765715e+00
1.790000e-06	-4.607601e-02	3.080005e+00
1.800000e-06	-3.296371e-02	3.315293e+00
1.810000e-06	-2.894765e-02	3.628550e+00
1.820000e-06	-7.017235e-02	3.850078e+00
1.830000e-06	-5.229816e-02	4.030523e+00
1.840000e-06	1.066912e-01	4.364238e+00
1.850000e-06	-7.149362e-02	4.640426e+00
1.860000e-06	3.759963e-02	4.879684e+00
1.870000e-06	8.903854e-02	5.245425e+00
1.880000e-06	-1.312050e-01	5.473137e+00
1.890000e-06	7.164792e-02	5.754797e+00
1.900000e-06	-7.143694e-02	6.050980e+00
1.910000e-06	4.687148e-02	6.271532e+00
1.920000e-06	-6.008447e-03	6.525818e+00
1.930000e-06	-4.697663e-02	6.838576e+00
1.940000e-06	3.773254e-02	7.132062e+00
1.950000e-06	-5.982401e-02	7.314821e+00
1.960000e-06	3.562833e-02	7.618500e+00
1.970000e-06	-7.291248e-02	7.942639e+00
1.980000e-06	2.778398e-02	8.235897e+00
1.990000e-06	6.435782e-04	8.417955e+00
2.000000e-06	-2.786433e-02	8.601452e+00
2.010000e-06	1.390655e-02	8.869508e+00
2.020000e-06	-7.172338e-02	9.092064e+00
2.030000e-06	1.412307e-02	9.323236e+00
2.040000e-06	-2.866560e-02	9.524770e+00
2.050000e-06	7.870544e-03	9.788374e+00
2.060000e-06	-4.224513e-02	1.000940e+01
2.070000e-06	-9.979304e-03	1.025040e+01
2.080000e-06	-1.063726e-02	1.042040e+01
2.090000e-06	-3.075001e-02	1.065848e+01
2.100000e-06	-2.108226e-02	1.085943e+01
2.110000e-06	-4.319936e-02	1.105153e+01
2.120000e-06	-5.229305e-03	1.129114e+01
2.130000e-06	-3.058420e-02	1.149251e+01
2.140000e-06	-2.154871e-02	1.168158e+01
2.150000e-06	-4.743488e-02	1.187258e+01
2.160000e-06	-2.204656e-02	1.208149e+01
2.170000e-06	-2.433288e-02	1.231051e+01
2.180000e-06	-2.756708e-02	1.238888e+01
2.190000e-06	-4.256509e-02	1.258730e+01
2.200000e-06	-4.292439e-02	1.274467e+01
2.210000e-06	-2.874147e-02	1.291414e+01
2.220000e-06	-3.930618e-02	1.307046e+01
2.230000e-06	-4.124788e-02	1.319982e+01
2.240000e-06	-5.243521e-02	1.334674e+01
2.250000e-06	-3.199290e-02	1.352362e+01
2.260000e-06	-4.247859e-02	1.364846e+01
2.270000e-06	-4.550266e-02	1.374837e+01
2.280000e-06	-6.297531e-02	1.390359e+01
2.290000e-06	-5.118594e-02	1.402843e+01
2.300000e-06	-4.897015e-02	1.415728e+01
2.310000e-06	-5.116341e-02	1.430306e+01
2.320000e-06	-6.292511e-02	1.440793e+01
2.330000e-06	-6.456485e-02	1.449569e+01
2.340000e-06	-5.677552e-02	1.458788e+01
2.350000e-06	-6.159650e-02	1.471511e+01
2.360000e-06	-6.717638e-02	1.478587e+01
2.370000e-06	-7.612065e-02	1.484993e+01
2.380000e-06	-6.900219e-02	1.495357e+01
2.390000e-06	-7.080814e-02	1.495937e+01
2.400000e-06	-7.912900e-02	1.501743e+01
2.410000e-06	-8.982536e-02	1.509559e+01
2.420000e-06	-9.038276e-02	1.516820e+01
2.430000e-06	-8.298727e-02	1.519938e+01
2.440000e-06	-8.941211e-02	1.526151e+01
2.450000e-06	-9.617082e-02	1.528259e+01
2.460000e-06	-1.052271e-01	1.529614e+01
2.470000e-06	-1.000916e-01	1.535477e+01
2.480000e-06	-1.061736e-01	1.535572e+01
2.490000e-06	-1.138379e-01	1.532675e+01
2.500000e-06	-1.250457e-01	1.535828e+01
2.510000e-06	-1.240928e-01	1.538775e+01
2.520000e-06	-1.259332e-01	1.534685e+01
2.530000e-06	-1.358358e-01	1.535825e+01
2.540000e-06	-1.512964e-01	1.535527e+01
2.550000e-06	-1.602164e-01	1.533462e+01
2.560000e-06	-1.682903e-01	1.530606e+01
2.570000e-06	-1.829563e-01	1.526309e+01
2.580000e-06	-2.095936e-01	1.523198e+01
2.590000e-06	-2.365707e-01	1.519883e+01
2.600000e-06	-2.491099e-01	1.510622e+01
2.610000e-06	-2.500000e-01	1.508304e+01
2.620000e-06	-2.500000e-01	1.503304e+01
2.630000e-06	-2.500000e-01	1.499040e+01
2.640000e-06	-2.500000e-01	1.486409e+01
2.650000e-06	-2.500000e-01	1.481041e+01
2.660000e-06	-2.500000e-01	1.472832e+01
2.670000e-06	-2.483962e-01	1.464104e+01
2.680000e-06	-2.259707e-01	1.454675e+01
2.690000e-06	-1.921672e-01	1.449464e+01
2.700000e-06	-1.674990e-01	1.431988e+01
2.710000e-06	-1.502139e-01	1.425354e+01
2.720000e-06	-1.384120e-01	1.409677e+01
2.730000e-06	-1.221883e-01	1.399088e+01
2.740000e-06	-1.091925e-01	1.387559e+01
2.750000e-06	-1.007078e-01	1.373877e+01
2.760000e-06	-9.730683e-02	1.360041e+01
2.770000e-06	-8.674115e-02	1.348511e+01
2.780000e-06	-7.953644e-02	1.333880e+01
2.790000e-06	-7.144723e-02	1.320030e+01
2.800000e-06	-7.228999e-02	1.302306e+01
2.810000e-06	-6.828230e-02	1.289459e+01
2.820000e-06	-6.362986e-02	1.267872e+01
2.830000e-06	-5.724549e-02	1.254888e+01
2.840000e-06	-5.691022e-02	1.236993e+01
2.850000e-06	-5.567325e-02	1.227246e+01
2.860000e-06	-5.085998e-02	1.206459e+01
2.870000e-06	-4.605132e-02	1.186459e+01
2.880000e-06	-4.524444e-02	1.164404e+01
2.890000e-06	-4.732155e-02	1.143204e+01
2.900000e-06	-4.454418e-02	1.123553e+01
2.910000e-06	-4.059394e-02	1.104361e+01
2.920000e-06	-3.804043e-02	1.084371e+01
2.930000e-06	-3.954673e-02	1.063354e+01
2.940000e-06	-3.870947e-02	1.040298e+01
2.950000e-06	-3.605188e-02	1.020098e+01
2.960000e-06	-3.343104e-02	9.993049e+00
2.970000e-06	-3.337426e-02	9.779829e+00
2.980000e-06	-3.420925e-02	9.518870e+00
2.990000e-06	-3.113576e-02	9.337369e+00
3.000000e-06	-2.925993e-02	9.088070e+00
3.010000e-06	-2.859727e-02	8.865135e+00
3.020000e-06	-2.998003e-02	8.623506e+00
3.030000e-06	-2.984524e-02	8.401582e+00
3.040000e-06	-2.744516e-02	8.138902e+00
3.050000e-06	-2.517545e-02	7.876790e+00
3.060000e-06	-2.529415e-02	7.625159e+00
3.070000e-06	-2.578865e-02	7.371482e+00
3.080000e-06	-2.316319e-02	7.119263e+00
3.090000e-06	-2.305867e-02	6.886236e+00
3.100000e-06	-2.285470e-02	6.580957e+00
3.110000e-06	-2.357638e-02	6.339370e+00
3.120000e-06	-2.250492e-02	6.066765e+00
3.130000e-06	-2.019558e-02	5.835187e+00
3.140000e-06	-1.972020e-02	5.530999e+00
3.150000e-06	-2.080934e-02	5.267168e+00
3.160000e-06	-2.054092e-02	4.910371e+00
3.170000e-06	-1.856400e-02	4.654735e+00
3.180000e-06	-1.804387e-02	4.421601e+00
3.190000e-06	-1.800040e-02	4.118741e+00
3.200000e-06	-1.883071e-02	3.844059e+00
3.210000e-06	-1.658688e-02	3.560475e+00
3.220000e-06	-1.546298e-02	3.295763e+00
3.230000e-06	-1.538186e-02	3.002527e+00
3.240000e-06	-1.686722e-02	2.748471e+00
3.250000e-06	-1.550974e-02	2.436206e+00
3.260000e-06	-1.383109e-02	2.142022e+00
3.270000e-06	-1.340943e-02	1.886769e+00
3.280000e-06	-1.255290e-02	1.572029e+00
3.290000e-06	-1.338323e-02	1.338315e+00
3.300000e-06	-1.172958e-02	9.734243e-01
3.310000e-06	-1.096703e-02	6.871634e-01
3.320000e-06	-1.006954e-02	3.921530e-01
3.330000e-06	-9.667175e-03	7.094368e-02
3.340000e-06	-5.689583e-03	-1.448408e-01
3.350000e-06	7.576861e-03	-3.889474e-01
3.360000e-06	-4.326609e-03	-7.411103e-01
3.370000e-06	4.550558e-03	-9.458119e-01
3.380000e-06	-3.313410e-03	-1.228977e+00
3.390000e-06	3.116885e-03	-1.555366e+00
3.400000e-06	5.947916e-04	-1.776791e+00
3.410000e-06	3.230661e-02	-1.988370e+00
3.420000e-06	1.185481e-01	-2.309077e+00
3.430000e-06	1.880785e-02	-2.658051e+00
3.440000e-06	-4.484967e-02	-3.068481e+00
3.450000e-06	-1.285020e-02	-3.356266e+00
3.460000e-06	-4.397959e-02	-3.574842e+00
3.470000e-06	-8.255721e-02	-3.776874e+00
3.480000e-06	3.206746e-02	-3.977925e+00
3.490000e-06	1.103356e-01	-4.187371e+00
3.500000e-06	-1.579006e-01	-4.522731e+00
3.510000e-06	2.195526e-01	-4.808345e+00
3.520000e-06	-1.193740e-01	-5.037975e+00
3.530000e-06	4.463290e-02	-5.468329e+00
3.540000e-06	3.056557e-02	-5.591056e+00
3.550000e-06	-1.286833e-01	-5.983212e+00
3.560000e-06	1.922485e-01	-6.205822e+00
3.570000e-06	-1.159261e-01	-6.460505e+00
3.580000e-06	1.155746e-01	-6.775692e+00
3.590000e-06	-2.472499e-02	-7.033898e+00
3.600000e-06	-3.172405e-02	-7.322718e+00
3.610000e-06	9.509162e-02	-7.503635e+00
3.620000e-06	-1.005243e-01	-7.879399e+00
3.630000e-06	1.467835e-01	-8.112688e+00
3.640000e-06	-7.803928e-02	-8.351636e+00
3.650000e-06	8.259140e-02	-8.597276e+00
3.660000e-06	1.456401e-02	-8.837851e+00
3.670000e-06	-4.384805e-02	-9.121082e+00
3.680000e-06	7.982294e-02	-9.241084e+00
3.690000e-06	-5.836172e-02	-9.543564e+00
3.700000e-06	1.276108e-01	-9.773191e+00
3.710000e-06	-5.575703e-02	-9.944745e+00
3.720000e-06	8.827073e-02	-1.021572e+01
3.730000e-06	-3.094270e-02	-1.040792e+01
3.740000e-06	5.089315e-02	-1.065840e+01
3.750000e-06	2.066017e-02	-1.081787e+01
3.760000e-06	6.094152e-03	-1.103885e+01
3.770000e-06	5.624741e-02	-1.125938e+01
3.780000e-06	-6.570708e-03	-1.146146e+01
3.790000e-06	7.600851e-02	-1.167841e+01
3.800000e-06	-1.803432e-02	-1.188106e+01
3.810000e-06	6.724843e-02	-1.204095e+01
3.820000e-06	-3.673903e-03	-1.222888e+01
3.830000e-06	7.303597e-02	-1.242936e+01
3.840000e-06	1.035231e-02	-1.257635e+01
3.850000e-06	4.502707e-02	-1.276572e+01
3.860000e-06	2.518775e-02	-1.287156e+01
3.870000e-06	4.296445e-02	-1.305051e+01
3.880000e-06	4.724965e-02	-1.320835e+01
3.890000e-06	3.099409e-02	-1.336675e+01
3.900000e-06	5.242401e-02	-1.351261e+01
3.910000e-06	3.155689e-02	-1.363143e+01
3.920000e-06	6.130328e-02	-1.376680e+01
3.930000e-06	3.143016e-02	-1.392412e+01
3.940000e-06	5.574144e-02	-1.408943e+01
3.950000e-06	4.042846e-02	-1.417822e+01
3.960000e-06	6.543888e-02	-1.433317e+01
3.970000e-06	4.900210e-02	-1.440933e+01
3.980000e-06	5.765289e-02	-1.450561e+01
3.990000e-06	4.992990e-02	-1.460881e+01
4.000000e-06	6.471301e-02	-1.469314e+01
4.010000e-06	6.561030e-02	-1.480782e+01
4.020000e-06	6.643577e-02	-1.483201e+01
4.030000e-06	6.654278e-02	-1.495577e+01
4.040000e-06	6.980561e-02	-1.506991e+01
4.050000e-06	7.424048e-02	-1.509307e+01
4.060000e-06	7.004857e-02	-1.513529e+01
4.070000e-06	7.497299e-02	-1.520988e+01
4.080000e-06	7.824876e-02	-1.524093e+01
4.090000e-06	9.199777e-02	-1.530356e+01
4.100000e-06	9.031633e-02	-1.532719e+01
4.110000e-06	9.317438e-02	-1.535775e+01
4.120000e-06	9.076062e-02	-1.541937e+01
4.130000e-06	9.966975e-02	-1.539840e+01
4.140000e-06	1.039810e-01	-1.545135e+01
4.150000e-06	1.083460e-01	-1.548138e+01
4.160000e-06	1.114628e-01	-1.543144e+01
4.170000e-06	1.195118e-01	-1.547146e+01
4.180000e-06	1.288418e-01	-1.545241e+01
4.190000e-06	1.327846e-01	-1.540940e+01
4.200000e-06	1.402638e-01	-1.542893e+01
4.210000e-06	1.508040e-01	-1.538085e+01
4.220000e-06	1.683198e-01	-1.538677e+01
4.230000e-06	1.845141e-01	-1.535472e+01
4.240000e-06	2.051683e-01	-1.529501e+01
4.250000e-06	2.310320e-01	-1.520153e+01
4.260000e-06	2.484626e-01	-1.520830e+01
4.270000e-06	2.500000e-01	-1.513617e+01
4.280000e-06	2.500000e-01	-1.509259e+01
4.290000e-06	2.500000e-01	-1.503093e+01
4.300000e-06	2.500000e-01	-1.493725e+01
4.310000e-06	2.500000e-01	-1.489211e+01
4.320000e-06	2.498000e-01	-1.477832e+01
4.330000e-06	2.366010e-01	-1.470524e+01
4.340000e-06	2.044857e-01	-1.460048e+01
4.350000e-06	1.790953e-01	-1.449459e+01
4.360000e-06	1.573773e-01	-1.438038e+01
4.370000e-06	1.372819e-01	-1.428417e+01
4.380000e-06	1.210334e-01	-1.419778e+01
4.390000e-06	1.087687e-01	-1.407411e+01
4.400000e-06	9.954986e-02	-1.389672e+01
4.410000e-06	8.958009e-02	-1.376935e+01
4.420000e-06	8.027531e-02	-1.363456e+01
4.430000e-06	7.325699e-02	-1.349667e+01
4.440000e-06	6.831710e-02	-1.337930e+01
4.450000e-06	6.378790e-02	-1.326096e+01
4.460000e-06	5.741059e-02	-1.307601e+01
4.470000e-06	5.237247e-02	-1.290477e+01
4.480000e-06	5.087803e-02	-1.273874e+01
4.490000e-06	4.799362e-02	-1.261088e+01
4.500000e-06	4.473681e-02	-1.245303e+01
4.510000e-06	3.977087e-02	-1.225512e+01
4.520000e-06	3.755748e-02	-1.205659e+01
4.530000e-06	3.552708e-02	-1.186364e+01
4.540000e-06	3.367451e-02	-1.171461e+01
4.550000e-06	2.977018e-02	-1.141609e+01
4.560000e-06	2.835301e-02	-1.126301e+01
4.570000e-06	2.808184e-02	-1.101348e+01
4.580000e-06	2.728587e-02	-1.084151e+01
4.590000e-06	2.567696e-02	-1.067339e+01
4.600000e-06	2.210729e-02	-1.038406e+01
4.610000e-06	2.174028e-02	-1.026200e+01
4.620000e-06	2.067755e-02	-9.962402e+00
4.630000e-06	2.023920e-02	-9.769427e+00
4.640000e-06	1.692931e-02	-9.538871e+00
4.650000e-06	1.575345e-02	-9.327245e+00
4.660000e-06	1.543830e-02	-9.085712e+00
4.670000e-06	1.680390e-02	-8.864114e+00
4.680000e-06	1.325709e-02	-8.664060e+00
4.690000e-06	1.227515e-02	-8.380375e+00
4.700000e-06	1.076068e-02	-8.159400e+00
4.710000e-06	1.210447e-02	-7.887294e+00
4.720000e-06	9.891601e-03	-7.643579e+00
4.730000e-06	8.337965e-03	-7.351401e+00
4.740000e-06	7.036790e-03	-7.128293e+00
4.750000e-06	7.243146e-03	-6.835110e+00
4.760000e-06	7.366032e-03	-6.611405e+00
4.770000e-06	5.037710e-03	-6.329397e+00
4.780000e-06	4.252523e-03	-6.025656e+00
4.790000e-06	3.538061e-03	-5.821928e+00
4.800000e-06	4.651240e-03	-5.499900e+00
4.810000e-06	2.726101e-03	-5.244607e+00
4.820000e-06	1.468677e-03	-4.900745e+00
4.830000e-06	1.602609e-04	-4.593605e+00
4.840000e-06	1.554638e-03	-4.380553e+00
4.850000e-06	1.399007e-03	-4.138322e+00
4.860000e-06	-2.053743e-03	-3.835584e+00
4.870000e-06	-2.658397e-03	-3.569924e+00
4.880000e-06	-3.532044e-03	-3.308292e+00
4.890000e-06	-1.640516e-03	-2.992485e+00
4.900000e-06	-3.859748e-03	-2.727845e+00
4.910000e-06	-2.787956e-03	-2.455262e+00
4.920000e-06	-3.899210e-03	-2.132421e+00
4.930000e-06	-2.773156e-03	-1.886211e+00
4.940000e-06	-5.685084e-03	-1.574080e+00
4.950000e-06	-5.804749e-03	-1.248263e+00
4.960000e-06	-8.414860e-03	-9.599450e-01
4.970000e-06	-6.020930e-03	-7.177186e-01
4.980000e-06	-6.504041e-03	-3.815751e-01
4.990000e-06	-5.187547e-03	-1.083910e-01
5.000000e-06	1.642850e-03	1.528129e-01
5.010000e-06	6.900565e-03	4.395014e-01
5.020000e-06	-2.705891e-04	7.020601e-01
5.030000e-06	4.598905e-03	9.927644e-01
5.040000e-06	-3.935309e-03	1.250550e+00
5.050000e-06	9.152143e-04	1.512289e+00
5.060000e-06	-1.579437e-03	1.828025e+00
5.070000e-06	2.158085e-02	2.029027e+00
5.080000e-06	8.073126e-02	2.271655e+00
5.090000e-06	6.321353e-02	2.686451e+00
5.100000e-06	-6.298770e-02	2.965366e+00
5.110000e-06	-2.425146e-02	3.261999e+00
5.120000e-06	-3.928078e-02	3.504561e+00
5.130000e-06	-3.817293e-02	3.836821e+00
5.140000e-06	-8.636528e-02	3.966796e+00
5.150000e-06	5.318900e-02	4.208376e+00
5.160000e-06	4.039109e-02	4.543690e+00
5.170000e-06	-9.343018e-02	4.795794e+00
5.180000e-06	1.789370e-01	5.078957e+00
5.190000e-06	-1.290394e-01	5.417801e+00
5.200000e-06	2.856082e-02	5.679027e+00
5.210000e-06	-1.621001e-02	5.953742e+00
5.220000e-06	-2.111699e-02	6.196824e+00
5.230000e-06	5.457411e-02	6.449052e+00
5.240000e-06	-7.652417e-02	6.735140e+00
5.250000e-06	4.023846e-02	6.987900e+00
5.260000e-06	-4.593741e-02	7.289057e+00
5.270000e-06	1.282967e-02	7.533863e+00
5.280000e-06	-3.254050e-02	7.828481e+00
5.290000e-06	-2.305450e-02	8.134012e+00
5.300000e-06	3.585953e-02	8.303667e+00
5.310000e-06	-3.972850e-02	8.574745e+00
5.320000e-06	1.356322e-02	8.814319e+00
5.330000e-06	-4.632540e-02	9.048372e+00
5.340000e-06	-2.807921e-02	9.251582e+00
5.350000e-06	4.071098e-03	9.481033e+00
5.360000e-06	-1.746573e-02	9.702616e+00
5.370000e-06	-1.114801e-02	9.954216e+00
5.380000e-06	-3.810266e-02	1.015575e+01
5.390000e-06	3.149206e-03	1.043685e+01
5.400000e-06	-3.090649e-02	1.058924e+01
5.410000e-06	-2.232611e-02	1.074630e+01
5.420000e-06	-3.565260e-02	1.099585e+01
5.430000e-06	-2.386610e-02	1.122580e+01
5.440000e-06	-1.125212e-02	1.141845e+01
5.450000e-06	-3.334076e-02	1.158880e+01
5.460000e-06	-3.281439e-02	1.179793e+01
5.470000e-06	-3.982641e-02	1.197938e+01
5.480000e-06	-1.658956e-02	1.218637e+01
5.490000e-06	-2.851829e-02	1.236472e+01
5.500000e-06	-3.517071e-02	1.250266e+01
5.510000e-06	-4.539098e-02	1.268314e+01
5.520000e-06	-3.484129e-02	1.283151e+01
5.530000e-06	-3.109216e-02	1.300833e+01
5.540000e-06	-4.258484e-02	1.312727e+01
5.550000e-06	-4.707375e-02	1.335266e+01
5.560000e-06	-4.160506e-02	1.345201e+01
5.570000e-06	-3.469091e-02	1.358678e+01
5.580000e-06	-4.480153e-02	1.374514e+01
5.590000e-06	-5.711414e-02	1.385003e+01
5.600000e-06	-5.667319e-02	1.400835e+01
5.610000e-06	-4.866915e-02	1.410514e+01
5.620000e-06	-4.810818e-02	1.427098e+01
5.630000e-06	-5.847628e-02	1.437680e+01
5.640000e-06	-6.512003e-02	1.448309e+01
5.650000e-06	-5.887910e-02	1.456637e+01
5.660000e-06	-5.871039e-02	1.464146e+01
5.670000e-06	-6.444947e-02	1.480532e+01
5.680000e-06	-7.424472e-02	1.484086e+01
5.690000e-06	-7.092785e-02	1.486309e+01
5.700000e-06	-6.998026e-02	1.493782e+01
5.710000e-06	-7.413183e-02	1.499987e+01
5.720000e-06	-8.662975e-02	1.508359e+01
5.730000e-06	-9.104931e-02	1.513573e+01
5.740000e-06	-8.618104e-02	1.517882e+01
5.750000e-06	-8.422827e-02	1.520940e+01
5.760000e-06	-9.376563e-02	1.527161e+01
5.770000e-06	-1.023607e-01	1.526452e+01
5.780000e-06	-1.018018e-01	1.534565e+01
5.790000e-06	-1.031139e-01	1.537612e+01
5.800000e-06	-1.096161e-01	1.536785e+01
5.810000e-06	-1.224401e-01	1.539931e+01
5.820000e-06	-1.253793e-01	1.537880e+01
5.830000e-06	-1.250663e-01	1.536883e+01
5.840000e-06	-1.310909e-01	1.539770e+01
5.850000e-06	-1.450296e-01	1.535772e+01
5.860000e-06	-1.576715e-01	1.532620e+01
5.870000e-06	-1.637766e-01	1.529364e+01
5.880000e-06	-1.773798e-01	1.531301e+01
5.890000e-06	-1.975156e-01	1.524103e+01
5.900000e-06	-2.282417e-01	1.519935e+01
5.910000e-06	-2.463579e-01	1.518833e+01
5.920000e-06	-2.500000e-01	1.511564e+01
5.930000e-06	-2.500000e-01	1.505201e+01
5.940000e-06	-2.500000e-01	1.500936e+01
5.950000e-06	-2.500000e-01	1.494862e+01
5.960000e-06	-2.500000e-01	1.480201e+01
5.970000e-06	-2.500000e-01	1.478885e+01
5.980000e-06	-2.495000e-01	1.469411e+01
5.990000e-06	-2.355767e-01	1.462131e+01
6.000000e-06	-2.040334e-01	1.450476e+01
6.010000e-06	-1.742866e-01	1.442201e+01
6.020000e-06	-1.561327e-01	1.429514e+01
6.030000e-06	-1.433636e-01	1.417740e+01
6.040000e-06	-1.289320e-01	1.403346e+01
6.050000e-06	-1.135511e-01	1.392512e+01
6.060000e-06	-1.027943e-01	1.377136e+01
6.070000e-06	-9.858333e-02	1.364359e+01
6.080000e-06	-9.239852e-02	1.348679e+01
6.090000e-06	-8.336742e-02	1.339848e+01
6.100000e-06	-7.406998e-02	1.320253e+01
6.110000e-06	-7.208672e-02	1.308552e+01
6.120000e-06	-6.984609e-02	1.292932e+01
6.130000e-06	-6.575135e-02	1.278043e+01
6.140000e-06	-5.828281e-02	1.262501e+01
6.150000e-06	-5.573649e-02	1.246667e+01
6.160000e-06	-5.644275e-02	1.230457e+01
6.170000e-06	-5.448174e-02	1.213725e+01
6.180000e-06	-4.860898e-02	1.190878e+01
6.190000e-06	-4.451663e-02	1.175725e+01
6.200000e-06	-4.622502e-02	1.151927e+01
6.210000e-06	-4.607156e-02	1.134829e+01
6.220000e-06	-4.315453e-02	1.111774e+01
6.230000e-06	-3.797907e-02	1.093732e+01
6.240000e-06	-3.858921e-02	1.072665e+01
6.250000e-06	-3.982976e-02	1.057830e+01
6.260000e-06	-3.747349e-02	1.028624e+01
6.270000e-06	-3.392311e-02	1.004569e+01
6.280000e-06	-3.261870e-02	9.862989e+00
6.290000e-06	-3.404449e-02	9.621506e+00
6.300000e-06	-3.339302e-02	9.400453e+00
6.310000e-06	-3.038219e-02	9.192374e+00
6.320000e-06	-2.811375e-02	8.969375e+00
6.330000e-06	-2.969757e-02	8.708221e+00
6.340000e-06	-2.953636e-02	8.476744e+00
6.350000e-06	-2.833861e-02	8.255536e+00
6.360000e-06	-2.488893e-02	7.963424e+00
6.370000e-06	-2.490315e-02	7.749844e+00
6.380000e-06	-2.585313e-02	7.506114e+00
6.390000e-06	-2.586430e-02	7.204056e+00
6.400000e-06	-2.340573e-02	6.962399e+00
6.410000e-06	-2.208236e-02	6.708744e+00
6.420000e-06	-2.339696e-02	6.425636e+00
6.430000e-06	-2.354492e-02	6.190900e+00
6.440000e-06	-2.170765e-02	5.918448e+00
6.450000e-06	-1.948585e-02	5.627159e+00
6.460000e-06	-1.988920e-02	5.402000e+00
6.470000e-06	-2.063451e-02	5.059269e+00
6.480000e-06	-2.063960e-02	4.781623e+00
6.490000e-06	-1.864188e-02	4.485817e+00
6.500000e-06	-1.801987e-02	4.235131e+00
6.510000e-06	-1.880800e-02	3.927919e+00
6.520000e-06	-1.794406e-02	3.666736e+00
6.530000e-06	-1.711203e-02	3.424012e+00
6.540000e-06	-1.417809e-02	3.117270e+00
6.550000e-06	-1.550659e-02	2.864682e+00
6.560000e-06	-1.538252e-02	2.551874e+00
6.570000e-06	-1.596138e-02	2.255636e+00
6.580000e-06	-1.232002e-02	1.983525e+00
6.590000e-06	-1.337738e-02	1.729271e+00
6.600000e-06	-1.243718e-02	1.394153e+00
6.610000e-06	-1.400112e-02	1.098893e+00
6.620000e-06	-1.054549e-02	7.810815e-01
6.630000e-06	-1.013682e-02	5.274174e-01
6.640000e-06	-8.909264e-03	2.346045e-01
6.650000e-06	-9.303489e-03	-8.057394e-02
6.660000e-06	2.478816e-03	-3.632355e-01
6.670000e-06	8.754363e-04	-5.859695e-01
6.680000e-06	-4.926644e-04	-8.611328e-01
6.690000e-06	8.795648e-05	-1.141716e+00
6.700000e-06	-7.309929e-04	-1.435424e+00
6.710000e-06	5.930546e-04	-1.672709e+00
6.720000e-06	1.620805e-02	-1.923162e+00
6.730000e-06	8.059327e-02	-2.134793e+00
6.740000e-06	9.673271e-02	-2.531257e+00
6.750000e-06	-6.594513e-02	-2.911182e+00
6.760000e-06	2.636109e-03	-3.280606e+00
6.770000e-06	-5.162842e-02	-3.482259e+00
6.780000e-06	-4.578197e-02	-3.712687e+00
6.790000e-06	-7.689997e-02	-3.955184e+00
6.800000e-06	1.814803e-01	-4.142635e+00
6.810000e-06	-1.452761e-01	-4.395842e+00
6.820000e-06	1.078890e-01	-4.684981e+00
6.830000e-06	5.486224e-02	-4.921759e+00
6.840000e-06	-1.218117e-01	-5.289615e+00
6.850000e-06	1.619536e-01	-5.577337e+00
6.860000e-06	-1.859577e-01	-5.838977e+00
6.870000e-06	1.407930e-01	-6.132164e+00
6.880000e-06	-3.189433e-03	-6.333812e+00
6.890000e-06	-1.605921e-02	-6.699956e+00
6.900000e-06	1.089789e-01	-6.891634e+00
6.910000e-06	-1.248137e-01	-7.217844e+00
6.920000e-06	1.294635e-01	-7.462075e+00
6.930000e-06	-8.639195e-02	-7.741137e+00
6.940000e-06	7.679078e-02	-8.029474e+00
6.950000e-06	3.006952e-02	-8.219426e+00
6.960000e-06	-3.646738e-02	-8.499640e+00
6.970000e-06	1.210157e-01	-8.744166e+00
6.980000e-06	-1.076819e-01	-8.984822e+00
6.990000e-06	1.013336e-01	-9.198341e+00
7.000000e-06	-5.846142e-02	-9.417877e+00
7.010000e-06	8.896934e-02	-9.660505e+00
7.020000e-06	8.148414e-03	-9.860006e+00
7.030000e-06	1.912651e-02	-1.011214e+01
7.040000e-06	4.691526e-02	-1.034466e+01
7.050000e-06	-2.558256e-02	-1.056527e+01
7.060000e-06	8.422143e-02	-1.070516e+01
7.070000e-06	-4.019623e-02	-1.094457e+01
7.080000e-06	8.333309e-02	-1.115672e+01
7.090000e-06	-2.306243e-02	-1.138489e+01
7.100000e-06	7.617826e-02	-1.158528e+01
7.110000e-06	-2.020255e-03	-1.178675e+01
7.120000e-06	4.449343e-02	-1.198677e+01
7.130000e-06	2.276212e-02	-1.218521e+01
7.140000e-06	3.920127e-02	-1.238570e+01
7.150000e-06	4.794831e-02	-1.252262e+01
7.160000e-06	1.439461e-02	-1.267359e+01
7.170000e-06	4.821233e-02	-1.284996e+01
7.180000e-06	1.598352e-02	-1.302832e+01
7.190000e-06	6.387407e-02	-1.313424e+01
7.200000e-06	2.090879e-02	-1.332457e+01
7.210000e-06	6.126082e-02	-1.348106e+01
7.220000e-06	2.890727e-02	-1.361687e+01
7.230000e-06	6.211790e-02	-1.375477e+01
7.240000e-06	3.522478e-02	-1.389254e+01
7.250000e-06	4.907818e-02	-1.400784e+01
7.260000e-06	4.131497e-02	-1.411372e+01
7.270000e-06	5.668116e-02	-1.427148e+01
7.280000e-06	5.713557e-02	-1.438772e+01
7.290000e-06	5.380912e-02	-1.446153e+01
7.300000e-06	5.554744e-02	-1.456732e+01
7.310000e-06	5.637219e-02	-1.465149e+01
7.320000e-06	6.871961e-02	-1.475777e+01
7.330000e-06	6.013865e-02	-1.488993e+01
7.340000e-06	6.928126e-02	-1.489617e+01
7.350000e-06	6.379339e-02	-1.500823e+01
7.360000e-06	7.723183e-02	-1.509251e+01
7.370000e-06	6.987161e-02	-1.511509e+01
7.380000e-06	7.667844e-02	-1.518778e+01
7.390000e-06	7.456964e-02	-1.522988e+01
7.400000e-06	8.830429e-02	-1.528203e+01
7.410000e-06	8.951552e-02	-1.529516e+01
7.420000e-06	9.054032e-02	-1.536677e+01
7.430000e-06	9.122600e-02	-1.535779e+01
7.440000e-06	9.470667e-02	-1.540837e+01
7.450000e-06	1.039617e-01	-1.540988e+01
7.460000e-06	1.061654e-01	-1.541946e+01
7.470000e-06	1.125394e-01	-1.544339e+01
7.480000e-06	1.158162e-01	-1.547201e+01
7.490000e-06	1.273825e-01	-1.547146e+01
7.500000e-06	1.302759e-01	-1.541191e+01
7.510000e-06	1.374714e-01	-1.542893e+01
7.520000e-06	1.441858e-01	-1.535995e+01
7.530000e-06	1.611430e-01	-1.538685e+01
7.540000e-06	1.790181e-01	-1.537672e+01
7.550000e-06	1.982927e-01	-1.528461e+01
7.560000e-06	2.213664e-01	-1.526244e+01
7.570000e-06	2.455953e-01	-1.522040e+01
7.580000e-06	2.500000e-01	-1.515780e+01
7.590000e-06	2.500000e-01	-1.512517e+01
7.600000e-06	2.500000e-01	-1.502096e+01
7.610000e-06	2.500000e-01	-1.495880e+01
7.620000e-06	2.500000e-01	-1.491561e+01
7.630000e-06	2.500000e-01	-1.481993e+01
7.640000e-06	2.461268e-01	-1.475667e+01
7.650000e-06	2.158741e-01	-1.464201e+01
7.660000e-06	1.876332e-01	-1.452685e+01
7.670000e-06	1.656623e-01	-1.443148e+01
7.680000e-06	1.461213e-01	-1.434672e+01
7.690000e-06	1.272589e-01	-1.421246e+01
7.700000e-06	1.132793e-01	-1.411221e+01
7.710000e-06	1.020740e-01	-1.397830e+01
7.720000e-06	9.289270e-02	-1.385159e+01
7.730000e-06	8.337329e-02	-1.364724e+01
7.740000e-06	7.535227e-02	-1.355877e+01
7.750000e-06	7.150706e-02	-1.342944e+01
7.760000e-06	6.710940e-02	-1.329516e+01
7.770000e-06	6.016360e-02	-1.309770e+01
7.780000e-06	5.423384e-02	-1.297838e+01
7.790000e-06	5.025121e-02	-1.280193e+01
7.800000e-06	4.918640e-02	-1.267303e+01
7.810000e-06	4.565191e-02	-1.252567e+01
7.820000e-06	4.100695e-02	-1.229567e+01
7.830000e-06	3.744775e-02	-1.210885e+01
7.840000e-06	3.803371e-02	-1.195824e+01
7.850000e-06	3.445248e-02	-1.177830e+01
7.860000e-06	3.157636e-02	-1.149935e+01
7.870000e-06	2.744441e-02	-1.129717e+01
7.880000e-06	2.962481e-02	-1.111672e+01
7.890000e-06	2.799452e-02	-1.088614e+01
7.900000e-06	2.627704e-02	-1.070680e+01
7.910000e-06	2.264132e-02	-1.054822e+01
7.920000e-06	2.189497e-02	-1.027712e+01
7.930000e-06	2.128265e-02	-1.006464e+01
7.940000e-06	2.085182e-02	-9.843129e+00
7.950000e-06	1.830863e-02	-9.643684e+00
7.960000e-06	1.676526e-02	-9.382004e+00
7.970000e-06	1.683290e-02	-9.171326e+00
7.980000e-06	1.545595e-02	-8.978850e+00
7.990000e-06	1.400971e-02	-8.727794e+00
8.000000e-06	1.111123e-02	-8.495187e+00
8.010000e-06	1.148245e-02	-8.263156e+00
8.020000e-06	1.197953e-02	-7.972459e+00
8.030000e-06	1.195031e-02	-7.779345e+00
8.040000e-06	7.845390e-03	-7.444610e+00
8.050000e-06	7.346854e-03	-7.211578e+00
8.060000e-06	6.887291e-03	-6.958348e+00
8.070000e-06	7.097735e-03	-6.704713e+00
8.080000e-06	4.348781e-03	-6.432133e+00
8.090000e-06	5.183918e-03	-6.210448e+00
8.100000e-06	4.189660e-03	-5.897616e+00
8.110000e-06	4.894733e-03	-5.613207e+00
8.120000e-06	2.878027e-03	-5.338869e+00
8.130000e-06	7.261304e-04	-5.053631e+00
8.140000e-06	4.335666e-04	-4.717843e+00
8.150000e-06	2.668116e-03	-4.443759e+00
8.160000e-06	9.376489e-04	-4.253083e+00
8.170000e-06	-8.409857e-04	-3.970949e+00
8.180000e-06	-2.351696e-03	-3.665733e+00
8.190000e-06	-2.853276e-03	-3.382532e+00
8.200000e-06	-3.524258e-03	-3.088899e+00
8.210000e-06	-2.987755e-03	-2.782605e+00
8.220000e-06	-4.036886e-03	-2.540946e+00
8.230000e-06	-2.482742e-03	-2.278741e+00
8.240000e-06	-3.374146e-03	-1.959997e+00
8.250000e-06	-3.864759e-03	-1.718346e+00
8.260000e-06	-6.127313e-03	-1.403604e+00
8.270000e-06	-8.094736e-03	-1.077789e+00
8.280000e-06	-7.011347e-03	-8.031089e-01
8.290000e-06	-7.586948e-03	-4.883420e-01
8.300000e-06	-5.919515e-03	-2.236830e-01
8.310000e-06	-2.930990e-03	1.900006e-02
8.320000e-06	9.769242e-03	3.657634e-01
8.330000e-06	-2.369448e-03	5.764223e-01
8.340000e-06	5.127886e-03	8.384774e-01
8.350000e-06	-3.260146e-03	1.126341e+00
8.360000e-06	1.822142e-03	1.377918e+00
8.370000e-06	-3.904351e-03	1.753168e+00
8.380000e-06	1.327056e-02	1.935391e+00
8.390000e-06	4.820366e-02	2.196870e+00
8.400000e-06	1.056842e-01	2.480609e+00
8.410000e-06	-4.449804e-02	2.839127e+00
8.420000e-06	-3.089376e-02	3.133711e+00
8.430000e-06	-3.992778e-02	3.447976e+00
8.440000e-06	-2.349227e-02	3.693114e+00
8.450000e-06	-8.729976e-02	3.932643e+00
8.460000e-06	-1.487071e-02	4.093258e+00
8.470000e-06	1.068889e-01	4.399000e+00
8.480000e-06	-1.179994e-01	4.661185e+00
8.490000e-06	1.255272e-01	4.873712e+00
8.500000e-06	-8.780180e-03	5.311112e+00
8.510000e-06	-7.633486e-02	5.575816e+00
8.520000e-06	5.422861e-02	5.850903e+00
8.530000e-06	-7.121974e-02	6.091661e+00
8.540000e-06	6.955413e-02	6.344213e+00
8.550000e-06	-4.765431e-02	6.689979e+00
8.560000e-06	-8.736730e-03	6.873708e+00
8.570000e-06	7.412404e-03	7.216315e+00
8.580000e-06	-3.882050e-02	7.418908e+00
8.590000e-06	2.087394e-02	7.691764e+00
8.600000e-06	-6.885931e-02	7.996375e+00
8.610000e-06	4.460096e-02	8.261001e+00
8.620000e-06	-2.250524e-02	8.510608e+00
8.630000e-06	-9.491655e-03	8.681085e+00
8.640000e-06	-5.542564e-03	8.932639e+00
8.650000e-06	-6.710264e-02	9.155816e+00
8.660000e-06	2.273899e-02	9.376851e+00
8.670000e-06	-3.442360e-02	9.586831e+00
8.680000e-06	1.024837e-02	9.860508e+00
8.690000e-06	-5.086275e-02	1.006261e+01
8.700000e-06	1.607011e-03	1.028061e+01
8.710000e-06	-2.071194e-02	1.054256e+01
8.720000e-06	-2.812067e-02	1.073266e+01
8.730000e-06	-2.460374e-02	1.095361e+01
8.740000e-06	-4.094524e-02	1.109366e+01
8.750000e-06	-1.136075e-03	1.134309e+01
8.760000e-06	-3.775631e-02	1.155367e+01
8.770000e-06	-2.087400e-02	1.174416e+01
8.780000e-06	-5.084719e-02	1.193267e+01
8.790000e-06	-1.543631e-02	1.213406e+01
8.800000e-06	-2.839417e-02	1.230409e+01
8.810000e-06	-2.887921e-02	1.247105e+01
8.820000e-06	-4.445915e-02	1.262846e+01
8.830000e-06	-4.123558e-02	1.276685e+01
8.840000e-06	-2.771013e-02	1.294517e+01
8.850000e-06	-4.259225e-02	1.310166e+01
8.860000e-06	-4.104253e-02	1.326003e+01
8.870000e-06	-5.070210e-02	1.336837e+01
8.880000e-06	-2.944123e-02	1.353412e+01
8.890000e-06	-4.467673e-02	1.369204e+01
8.900000e-06	-4.930018e-02	1.381738e+01
8.910000e-06	-6.217342e-02	1.395622e+01
8.920000e-06	-4.952614e-02	1.409096e+01
8.930000e-06	-4.781600e-02	1.421837e+01
8.940000e-06	-5.394053e-02	1.434480e+01
8.950000e-06	-6.287050e-02	1.442093e+01
8.960000e-06	-6.348438e-02	1.454669e+01
8.970000e-06	-5.649259e-02	1.464948e+01
8.980000e-06	-6.340816e-02	1.470266e+01
8.990000e-06	-6.949165e-02	1.475840e+01
9.000000e-06	-7.426377e-02	1.483259e+01
9.010000e-06	-6.870132e-02	1.492621e+01
9.020000e-06	-7.157375e-02	1.494885e+01
9.030000e-06	-8.202985e-02	1.504004e+01
9.040000e-06	-8.983925e-02	1.510567e+01
9.050000e-06	-8.833146e-02	1.515625e+01
9.060000e-06	-8.389438e-02	1.518993e+01
9.070000e-06	-9.015897e-02	1.527151e+01
9.080000e-06	-9.881906e-02	1.532364e+01
9.090000e-06	-1.057503e-01	1.530610e+01
9.100000e-06	-1.010847e-01	1.536575e+01
9.110000e-06	-1.094476e-01	1.533725e+01
9.120000e-06	-1.157410e-01	1.537683e+01
9.130000e-06	-1.219227e-01	1.534928e+01
9.140000e-06	-1.232421e-01	1.539628e+01
9.150000e-06	-1.257820e-01	1.534688e+01
9.160000e-06	-1.414990e-01	1.536574e+01
9.170000e-06	-1.546311e-01	1.532727e+01
9.180000e-06	-1.646841e-01	1.532474e+01
9.190000e-06	-1.713861e-01	1.528461e+01
9.200000e-06	-1.876652e-01	1.529256e+01
9.210000e-06	-2.149040e-01	1.523248e+01
9.220000e-06	-2.401997e-01	1.518133e+01
9.230000e-06	-2.494636e-01	1.508822e+01
9.240000e-06	-2.500000e-01	1.504307e+01
9.250000e-06	-2.500000e-01	1.499993e+01
9.260000e-06	-2.500000e-01	1.493677e+01
9.270000e-06	-2.500000e-01	1.485253e+01
9.280000e-06	-2.500000e-01	1.483993e+01
9.290000e-06	-2.500000e-01	1.468625e+01
9.300000e-06	-2.436149e-01	1.462249e+01
9.310000e-06	-2.151002e-01	1.452722e+01
9.320000e-06	-1.842180e-01	1.443250e+01
9.330000e-06	-1.633298e-01	1.436772e+01
9.340000e-06	-1.493434e-01	1.420145e+01
9.350000e-06	-1.353168e-01	1.412517e+01
9.360000e-06	-1.189790e-01	1.397938e+01
9.370000e-06	-1.056602e-01	1.381306e+01
9.380000e-06	-1.005144e-01	1.369769e+01
9.390000e-06	-9.422323e-02	1.355133e+01
9.400000e-06	-8.561440e-02	1.341351e+01
9.410000e-06	-7.586909e-02	1.325521e+01
9.420000e-06	-7.203158e-02	1.310874e+01
9.430000e-06	-7.070728e-02	1.299103e+01
9.440000e-06	-6.845153e-02	1.284408e+01
9.450000e-06	-6.128301e-02	1.265709e+01
9.460000e-06	-5.799392e-02	1.250522e+01
9.470000e-06	-5.528112e-02	1.235677e+01
9.480000e-06	-5.523850e-02	1.220040e+01
9.490000e-06	-4.939679e-02	1.201298e+01
9.500000e-06	-4.554043e-02	1.181158e+01
9.510000e-06	-4.418836e-02	1.157391e+01
9.520000e-06	-4.733814e-02	1.141348e+01
9.530000e-06	-4.498692e-02	1.116141e+01
9.540000e-06	-4.031309e-02	1.100040e+01
9.550000e-06	-3.804977e-02	1.079200e+01
9.560000e-06	-3.875625e-02	1.063098e+01
9.570000e-06	-3.930559e-02	1.034038e+01
9.580000e-06	-3.482094e-02	1.018997e+01
9.590000e-06	-3.286202e-02	9.919251e+00
9.600000e-06	-3.222272e-02	9.707798e+00
9.610000e-06	-3.452449e-02	9.453644e+00
9.620000e-06	-3.098643e-02	9.285788e+00
9.630000e-06	-2.950323e-02	9.044058e+00
9.640000e-06	-2.881165e-02	8.772575e+00
9.650000e-06	-3.121935e-02	8.569877e+00
9.660000e-06	-3.003293e-02	8.339801e+00
9.670000e-06	-2.660759e-02	8.067267e+00
9.680000e-06	-2.367727e-02	7.853639e+00
9.690000e-06	-2.431907e-02	7.581454e+00
9.700000e-06	-2.540011e-02	7.328800e+00
9.710000e-06	-2.386647e-02	7.056688e+00
9.720000e-06	-2.229180e-02	6.771603e+00
9.730000e-06	-2.238822e-02	6.560376e+00
9.740000e-06	-2.462906e-02	6.275213e+00
9.750000e-06	-2.228672e-02	6.014131e+00
9.760000e-06	-2.052718e-02	5.769423e+00
9.770000e-06	-1.812352e-02	5.467190e+00
9.780000e-06	-2.037911e-02	5.202007e+00
9.790000e-06	-2.030942e-02	4.856236e+00
9.800000e-06	-1.915797e-02	4.593029e+00
9.810000e-06	-1.639042e-02	4.339421e+00
9.820000e-06	-1.989487e-02	3.965137e+00
9.830000e-06	-1.692478e-02	3.750970e+00
9.840000e-06	-1.922746e-02	3.505949e+00
9.850000e-06	-1.228236e-02	3.212104e+00
9.860000e-06	-1.325212e-02	2.928970e+00
9.870000e-06	-1.529212e-02	2.726688e+00
9.880000e-06	-1.475265e-02	2.361023e+00
9.890000e-06	-1.590395e-02	2.078291e+00
9.900000e-06	-1.271186e-02	1.814107e+00
9.910000e-06	-1.563714e-02	1.489444e+00
9.920000e-06	-1.405920e-02	1.254609e+00
9.930000e-06	-1.264555e-02	8.664399e-01
9.940000e-06	-8.487923e-03	6.045342e-01
9.950000e-06	-8.235935e-03	3.504463e-01
9.960000e-06	-7.501306e-03	3.378560e-02
9.970000e-06	-4.154074e-03	-2.480486e-01
9.980000e-06	4.906203e-03	-4.606313e-01
9.990000e-06	-5.585987e-03	-7.847458e-01
1.000000e-05	1.040136e-03	-1.019000e+00
1.001000e-05	-2.847270e-03	-1.311709e+00
1.002000e-05	4.642335e-03	-1.639002e+00
1.003000e-05	5.933465e-03	-1.828976e+00
1.004000e-05	5.001811e-02	-2.029525e+00
1.005000e-05	1.264661e-01	-2.395316e+00
1.006000e-05	-3.307160e-02	-2.793240e+00
1.007000e-05	-2.244428e-02	-3.173716e+00
1.008000e-05	-3.356860e-02	-3.405470e+00
1.009000e-05	-3.509155e-02	-3.639399e+00
1.010000e-05	-1.015259e-01	-3.889432e+00
1.011000e-05	1.167889e-01	-4.050482e+00
1.012000e-05	7.842831e-03	-4.290026e+00
1.013000e-05	-7.135562e-02	-4.607322e+00
1.014000e-05	1.948166e-01	-4.797443e+00
1.015000e-05	-1.797534e-01	-5.173216e+00
1.016000e-05	1.372678e-01	-5.513531e+00
1.017000e-05	-8.217151e-02	-5.713259e+00
1.018000e-05	-2.421595e-02	-6.058429e+00
1.019000e-05	1.440482e-01	-6.259903e+00
1.020000e-05	-1.172331e-01	-6.553764e+00
1.021000e-05	1.564165e-01	-6.796876e+00
1.022000e-05	-1.010113e-01	-7.101529e+00
1.023000e-05	5.031254e-02	-7.406221e+00
1.024000e-05	2.060329e-02	-7.608350e+00
1.025000e-05	-4.717143e-02	-7.943085e+00
1.026000e-05	1.318225e-01	-8.136319e+00
1.027000e-05	-9.800284e-02	-8.395370e+00
1.028000e-05	1.345800e-01	-8.649428e+00
1.029000e-05	-6.030755e-02	-8.859057e+00
1.030000e-05	2.631896e-02	-9.124638e+00
1.031000e-05	2.290476e-02	-9.332167e+00
1.032000e-05	-8.977270e-03	-9.596345e+00
1.033000e-05	9.843172e-02	-9.785798e+00
1.034000e-05	-5.018775e-02	-1.000838e+01
1.035000e-05	9.884362e-02	-1.025790e+01
1.036000e-05	-5.453064e-02	-1.044096e+01
1.037000e-05	8.700441e-02	-1.064203e+01
1.038000e-05	-2.250203e-02	-1.087048e+01
1.039000e-05	4.987477e-02	-1.111206e+01
1.040000e-05	1.786947e-02	-1.128048e+01
1.041000e-05	2.739407e-02	-1.154449e+01
1.042000e-05	4.740099e-02	-1.170149e+01
1.043000e-05	-7.265120e-04	-1.192309e+01
1.044000e-05	5.818771e-02	-1.209216e+01
1.045000e-05	4.736191e-03	-1.229109e+01
1.046000e-05	7.363287e-02	-1.244049e+01
1.047000e-05	1.601098e-03	-1.265843e+01
1.048000e-05	5.449524e-02	-1.280785e+01
1.049000e-05	1.242133e-02	-1.294464e+01
1.050000e-05	5.763553e-02	-1.312359e+01
1.051000e-05	3.027104e-02	-1.324003e+01
1.052000e-05	4.860412e-02	-1.341788e+01
1.053000e-05	4.158486e-02	-1.355467e+01
1.054000e-05	4.674448e-02	-1.371218e+01
1.055000e-05	4.992171e-02	-1.382895e+01
1.056000e-05	3.603196e-02	-1.397520e+01
1.057000e-05	4.865419e-02	-1.407246e+01
1.058000e-05	4.449027e-02	-1.419885e+01
1.059000e-05	6.377634e-02	-1.435569e+01
1.060000e-05	4.896192e-02	-1.444038e+01
1.061000e-05	6.016996e-02	-1.455561e+01
1.062000e-05	5.183650e-02	-1.464945e+01
1.063000e-05	6.889708e-02	-1.473459e+01
1.064000e-05	6.040125e-02	-1.481888e+01
1.065000e-05	6.839227e-02	-1.491306e+01
1.066000e-05	6.407906e-02	-1.501680e+01
1.067000e-05	7.210244e-02	-1.504093e+01
1.068000e-05	7.174072e-02	-1.512319e+01
1.069000e-05	7.374994e-02	-1.517674e+01
1.070000e-05	7.611271e-02	-1.520891e+01
1.071000e-05	8.167698e-02	-1.522101e+01
1.072000e-05	9.048680e-02	-1.530306e+01
1.073000e-05	8.936016e-02	-1.532469e+01
1.074000e-05	9.308171e-02	-1.536730e+01
1.075000e-05	9.220404e-02	-1.540727e+01
1.076000e-05	1.009038e-01	-1.537940e+01
1.077000e-05	1.037062e-01	-1.543241e+01
1.078000e-05	1.097652e-01	-1.544194e+01
1.079000e-05	1.132222e-01	-1.542948e+01
1.080000e-05	1.226670e-01	-1.548098e+01
1.081000e-05	1.289379e-01	-1.541846e+01
1.082000e-05	1.352268e-01	-1.541240e+01
1.083000e-05	1.420662e-01	-1.534993e+01
1.084000e-05	1.553009e-01	-1.538785e+01
1.085000e-05	1.710752e-01	-1.534675e+01
1.086000e-05	1.907510e-01	-1.531254e+01
1.087000e-05	2.110694e-01	-1.528258e+01
1.088000e-05	2.380879e-01	-1.521998e+01
1.089000e-05	2.495488e-01	-1.520028e+01
1.090000e-05	2.500000e-01	-1.513425e+01
1.091000e-05	2.500000e-01	-1.509151e+01
1.092000e-05	2.500000e-01	-1.499838e+01
1.093000e-05	2.500000e-01	-1.490672e+01
1.094000e-05	2.500000e-01	-1.483144e+01
1.095000e-05	2.490995e-01	-1.477780e+01
1.096000e-05	2.298334e-01	-1.466459e+01
1.097000e-05	1.981494e-01	-1.459830e+01
1.098000e-05	1.739060e-01	-1.449509e+01
1.099000e-05	1.529119e-01	-1.434925e+01
1.100000e-05	1.331975e-01	-1.427454e+01
1.101000e-05	1.183384e-01	-1.416773e+01
1.102000e-05	1.067583e-01	-1.406093e+01
1.103000e-05	9.716581e-02	-1.391470e+01
1.104000e-05	8.752057e-02	-1.375787e+01
1.105000e-05	7.875859e-02	-1.361935e+01
1.106000e-05	7.192372e-02	-1.346453e+01
1.107000e-05	6.832139e-02	-1.336572e+01
1.108000e-05	6.211019e-02	-1.317090e+01
1.109000e-05	5.645269e-02	-1.302149e+01
1.110000e-05	5.196218e-02	-1.286464e+01
1.111000e-05	5.102399e-02	-1.272614e+01
1.112000e-05	4.802117e-02	-1.255033e+01
1.113000e-05	4.348337e-02	-1.237985e+01
1.114000e-05	3.925301e-02	-1.220938e+01
1.115000e-05	3.699975e-02	-1.200188e+01
1.116000e-05	3.503212e-02	-1.183094e+01
1.117000e-05	3.327373e-02	-1.159151e+01
1.118000e-05	2.984929e-02	-1.141933e+01
1.119000e-05	2.855035e-02	-1.121095e+01
1.120000e-05	2.785371e-02	-1.098840e+01
1.121000e-05	2.698717e-02	-1.079990e+01
1.122000e-05	2.461654e-02	-1.061090e+01
1.123000e-05	2.228113e-02	-1.037877e+01
1.124000e-05	2.090519e-02	-1.017837e+01
1.125000e-05	2.016339e-02	-9.897293e+00
1.126000e-05	1.976689e-02	-9.726767e+00
1.127000e-05	1.714677e-02	-9.516766e+00
1.128000e-05	1.686488e-02	-9.265691e+00
1.129000e-05	1.425642e-02	-9.052005e+00
1.130000e-05	1.526638e-02	-8.821453e+00
1.131000e-05	1.230960e-02	-8.580372e+00
1.132000e-05	1.279071e-02	-8.348294e+00
1.133000e-05	1.107194e-02	-8.115269e+00
1.134000e-05	1.190046e-02	-7.855083e+00
1.135000e-05	9.206971e-03	-7.587902e+00
1.136000e-05	7.869411e-03	-7.296743e+00
1.137000e-05	6.610468e-03	-7.051586e+00
1.138000e-05	6.621377e-03	-6.770950e+00
1.139000e-05	5.407889e-03	-6.528318e+00
1.140000e-05	5.464909e-03	-6.294612e+00
1.141000e-05	4.289011e-03	-6.021553e+00
1.142000e-05	3.931594e-03	-5.727818e+00
1.143000e-05	4.438481e-03	-5.434109e+00
1.144000e-05	1.829557e-03	-5.157425e+00
1.145000e-05	9.595173e-04	-4.893009e+00
1.146000e-05	7.941656e-04	-4.509425e+00
1.147000e-05	1.669594e-03	-4.308321e+00
1.148000e-05	4.684525e-04	-4.075211e+00
1.149000e-05	-4.402694e-03	-3.781874e+00
1.150000e-05	-1.450290e-03	-3.525266e+00
1.151000e-05	-4.856765e-03	-3.232132e+00
1.152000e-05	1.175210e-04	-2.929297e+00
1.153000e-05	-2.465118e-03	-2.675132e+00
1.154000e-05	-1.909430e-03	-2.380028e+00
1.155000e-05	-3.076530e-03	-2.056240e+00
1.156000e-05	-5.391498e-03	-1.812607e+00
1.157000e-05	-6.470546e-03	-1.528924e+00
1.158000e-05	-8.504180e-03	-1.170074e+00
1.159000e-05	-8.164686e-03	-9.273671e-01
1.160000e-05	-6.635046e-03	-6.056091e-01
1.161000e-05	-4.392661e-03	-3.188447e-01
1.162000e-05	-3.569738e-03	-7.578422e-02
1.163000e-05	6.481214e-03	2.390487e-01
1.164000e-05	2.319440e-03	4.922343e-01
1.165000e-05	2.083464e-03	7.162645e-01
1.166000e-05	1.895868e-05	9.779288e-01
1.167000e-05	-1.440967e-03	1.321709e+00
1.168000e-05	-1.136311e-03	1.637906e+00
1.169000e-05	3.019481e-03	1.851105e+00
1.170000e-05	2.926035e-02	2.071710e+00
1.171000e-05	1.013048e-01	2.423841e+00
1.172000e-05	1.884403e-02	2.784758e+00
1.173000e-05	-5.374898e-02	2.989476e+00
1.174000e-05	-2.926135e-02	3.271809e+00
1.175000e-05	-3.328165e-02	3.586397e+00
1.176000e-05	-5.814097e-02	3.829980e+00
1.177000e-05	-6.852262e-02	4.008525e+00
1.178000e-05	9.275769e-02	4.302659e+00
1.179000e-05	-3.266898e-02	4.617876e+00
1.180000e-05	-1.274218e-02	4.800000e+00
1.181000e-05	1.317655e-01	5.135294e+00
1.182000e-05	-1.428527e-01	5.461031e+00
1.183000e-05	6.616768e-02	5.713216e+00
1.184000e-05	-5.728490e-02	6.008050e+00
1.185000e-05	2.357105e-02	6.230025e+00
1.186000e-05	1.695256e-02	6.526163e+00
1.187000e-05	-6.261456e-02	6.798422e+00
1.188000e-05	4.557384e-02	7.040503e+00
1.189000e-05	-6.224562e-02	7.283664e+00
1.190000e-05	3.305379e-02	7.615870e+00
1.191000e-05	-6.379980e-02	7.901112e+00
1.192000e-05	1.263813e-02	8.144693e+00
1.193000e-05	1.293513e-02	8.388351e+00
1.194000e-05	-3.509932e-02	8.597350e+00
1.195000e-05	1.665737e-02	8.800059e+00
1.196000e-05	-6.673353e-02	9.081554e+00
1.197000e-05	5.463283e-04	9.274162e+00
1.198000e-05	-1.863808e-02	9.533712e+00
1.199000e-05	-3.786139e-04	9.784745e+00
1.200000e-05	-3.163286e-02	1.004784e+01
1.201000e-05	-1.993307e-02	1.017598e+01
1.202000e-05	-4.860827e-03	1.042785e+01
1.203000e-05	-3.307656e-02	1.062895e+01
1.204000e-05	-2.076855e-02	1.085838e+01
1.205000e-05	-4.207778e-02	1.106853e+01
1.206000e-05	-1.070542e-02	1.125008e+01
1.207000e-05	-2.459829e-02	1.143001e+01
1.208000e-05	-2.528396e-02	1.167894e+01
1.209000e-05	-4.274529e-02	1.182158e+01
1.210000e-05	-2.834509e-02	1.207101e+01
1.211000e-05	-2.348869e-02	1.224841e+01
1.212000e-05	-2.784421e-02	1.238683e+01
1.213000e-05	-4.070960e-02	1.257622e+01
1.214000e-05	-4.354093e-02	1.273321e+01
1.215000e-05	-3.081368e-02	1.286354e+01
1.216000e-05	-3.659516e-02	1.303846e+01
1.217000e-05	-4.143550e-02	1.322782e+01
1.218000e-05	-5.156360e-02	1.334624e+01
1.219000e-05	-3.483849e-02	1.347119e+01
1.220000e-05	-4.007504e-02	1.361835e+01
1.221000e-05	-4.482083e-02	1.376627e+01
1.222000e-05	-6.185992e-02	1.391263e+01
1.223000e-05	-5.340184e-02	1.400141e+01
1.224000e-05	-4.917112e-02	1.416472e+01
1.225000e-05	-5.025793e-02	1.428407e+01
1.226000e-05	-6.139849e-02	1.437836e+01
1.227000e-05	-6.503509e-02	1.449364e+01
1.228000e-05	-5.531658e-02	1.457883e+01
1.229000e-05	-6.002876e-02	1.467104e+01
1.230000e-05	-6.524511e-02	1.477837e+01
1.231000e-05	-7.614574e-02	1.484043e+01
1.232000e-05	-6.898765e-02	1.490517e+01
1.233000e-05	-7.104958e-02	1.493629e+01
1.234000e-05	-7.672076e-02	1.501944e+01
1.235000e-05	-8.936259e-02	1.510514e+01
1.236000e-05	-8.977722e-02	1.513622e+01
1.237000e-05	-8.344549e-02	1.518885e+01
1.238000e-05	-8.698220e-02	1.524146e+01
1.239000e-05	-9.534138e-02	1.528301e+01
1.240000e-05	-1.043216e-01	1.529472e+01
1.241000e-05	-1.008648e-01	1.537624e+01
1.242000e-05	-1.053049e-01	1.535777e+01
1.243000e-05	-1.136470e-01	1.536730e+01
1.244000e-05	-1.232189e-01	1.536833e+01
1.245000e-05	-1.241812e-01	1.537930e+01
1.246000e-05	-1.242913e-01	1.538728e+01
1.247000e-05	-1.344869e-01	1.537740e+01
1.248000e-05	-1.491578e-01	1.533673e+01
1.249000e-05	-1.596505e-01	1.534674e+01
1.250000e-05	-1.656202e-01	1.530564e+01
1.251000e-05	-1.807783e-01	1.528556e+01
1.252000e-05	-2.054976e-01	1.527246e+01
1.253000e-05	-2.334766e-01	1.520986e+01
1.254000e-05	-2.485470e-01	1.514832e+01
1.255000e-05	-2.500000e-01	1.510517e+01
1.256000e-05	-2.500000e-01	1.502154e+01
1.257000e-05	-2.500000e-01	1.499882e+01
1.258000e-05	-2.500000e-01	1.489572e+01
1.259000e-05	-2.500000e-01	1.478193e+01
1.260000e-05	-2.500000e-01	1.476673e+01
1.261000e-05	-2.485780e-01	1.467421e+01
1.262000e-05	-2.290951e-01	1.457583e+01
1.263000e-05	-1.954085e-01	1.447469e+01
1.264000e-05	-1.698912e-01	1.435138e+01
1.265000e-05	-1.527829e-01	1.426211e+01
1.266000e-05	-1.406847e-01	1.416627e+01
1.267000e-05	-1.243763e-01	1.397044e+01
1.268000e-05	-1.097738e-01	1.388414e+01
1.269000e-05	-1.023110e-01	1.378782e+01
1.270000e-05	-9.735618e-02	1.361251e+01
1.271000e-05	-9.014281e-02	1.347564e+01
1.272000e-05	-8.009130e-02	1.334878e+01
1.273000e-05	-7.249624e-02	1.320090e+01
1.274000e-05	-7.184105e-02	1.305354e+01
1.275000e-05	-6.913059e-02	1.291569e+01
1.276000e-05	-6.362375e-02	1.273030e+01
1.277000e-05	-5.701282e-02	1.258105e+01
1.278000e-05	-5.609042e-02	1.240153e+01
1.279000e-05	-5.646482e-02	1.224299e+01
1.280000e-05	-5.270750e-02	1.207574e+01
1.281000e-05	-4.701492e-02	1.187412e+01
1.282000e-05	-4.496301e-02	1.166569e+01
1.283000e-05	-4.746737e-02	1.149559e+01
1.284000e-05	-4.539819e-02	1.124672e+01
1.285000e-05	-4.223747e-02	1.104569e+01
1.286000e-05	-3.737134e-02	1.092674e+01
1.287000e-05	-3.831659e-02	1.064719e+01
1.288000e-05	-3.756171e-02	1.047461e+01
1.289000e-05	-3.655732e-02	1.024511e+01
1.290000e-05	-3.406233e-02	1.000361e+01
1.291000e-05	-3.420697e-02	9.820455e+00
1.292000e-05	-3.466923e-02	9.540426e+00
1.293000e-05	-3.326573e-02	9.380898e+00
1.294000e-05	-2.983586e-02	9.099244e+00
1.295000e-05	-2.705766e-02	8.925314e+00
1.296000e-05	-2.792199e-02	8.652641e+00
1.297000e-05	-2.857359e-02	8.445104e+00
1.298000e-05	-2.704010e-02	8.171979e+00
1.299000e-05	-2.456795e-02	7.947800e+00
1.300000e-05	-2.602413e-02	7.666793e+00
1.301000e-05	-2.625066e-02	7.432505e+00
1.302000e-05	-2.640362e-02	7.150894e+00
1.303000e-05	-2.335119e-02	6.898293e+00
1.304000e-05	-2.132605e-02	6.652037e+00
1.305000e-05	-2.105346e-02	6.361475e+00
1.306000e-05	-2.084132e-02	6.156820e+00
1.307000e-05	-2.017308e-02	5.866189e+00
1.308000e-05	-1.897507e-02	5.574076e+00
1.309000e-05	-1.951599e-02	5.330369e+00
1.310000e-05	-2.093679e-02	5.002499e+00
1.311000e-05	-2.063276e-02	4.656670e+00
1.312000e-05	-1.911025e-02	4.414634e+00
1.313000e-05	-1.767938e-02	4.181379e+00
1.314000e-05	-1.631213e-02	3.875188e+00
1.315000e-05	-1.578826e-02	3.613529e+00
1.316000e-05	-1.455063e-02	3.340324e+00
1.317000e-05	-1.469114e-02	3.075685e+00
1.318000e-05	-1.617566e-02	2.813028e+00
1.319000e-05	-1.723807e-02	2.477290e+00
1.320000e-05	-1.592687e-02	2.174553e+00
1.321000e-05	-1.360743e-02	1.908349e+00
1.322000e-05	-1.312735e-02	1.625191e+00
1.323000e-05	-1.238815e-02	1.340974e+00
1.324000e-05	-1.091040e-02	1.014631e+00
1.325000e-05	-1.019684e-02	7.588761e-01
1.326000e-05	-1.085969e-02	4.356582e-01
1.327000e-05	-1.023688e-02	1.624953e-01
1.328000e-05	-7.605515e-03	-1.317106e-01
1.329000e-05	5.146311e-03	-3.678933e-01
1.330000e-05	-3.764809e-03	-6.990787e-01
1.331000e-05	2.222151e-03	-9.347381e-01
1.332000e-05	-2.443567e-03	-1.206443e+00
1.333000e-05	3.203301e-03	-1.543182e+00
1.334000e-05	-3.103907e-05	-1.753762e+00
1.335000e-05	2.667807e-02	-1.974816e+00
1.336000e-05	1.052947e-01	-2.297977e+00
1.337000e-05	4.854269e-02	-2.597894e+00
1.338000e-05	-5.696007e-02	-3.036296e+00
1.339000e-05	-3.819646e-03	-3.343216e+00
1.340000e-05	-4.915986e-02	-3.566189e+00
1.341000e-05	-6.802649e-02	-3.773792e+00
1.342000e-05	-1.312501e-02	-3.997919e+00
1.343000e-05	1.490306e-01	-4.145341e+00
1.344000e-05	-1.744234e-01	-4.498607e+00
1.345000e-05	1.942805e-01	-4.765717e+00
1.346000e-05	-6.149641e-02	-5.027847e+00
1.347000e-05	-1.778660e-02	-5.394797e+00
1.348000e-05	8.770634e-02	-5.637997e+00
1.349000e-05	-1.678546e-01	-5.952212e+00
1.350000e-05	1.876961e-01	-6.166197e+00
1.351000e-05	-8.982568e-02	-6.427425e+00
1.352000e-05	7.172240e-02	-6.753214e+00
1.353000e-05	2.452467e-02	-6.994194e+00
1.354000e-05	-7.113813e-02	-7.309080e+00
1.355000e-05	1.218465e-01	-7.532639e+00
1.356000e-05	-1.067589e-01	-7.847325e+00
1.357000e-05	1.326033e-01	-8.060133e+00
1.358000e-05	-4.639523e-02	-8.291604e+00
1.359000e-05	4.095218e-02	-8.585171e+00
1.360000e-05	5.610813e-02	-8.806369e+00
1.361000e-05	-7.736385e-02	-9.060021e+00
1.362000e-05	9.702878e-02	-9.249980e+00
1.363000e-05	-6.732928e-02	-9.499588e+00
1.364000e-05	1.252895e-01	-9.682214e+00
1.365000e-05	-4.034949e-02	-9.913186e+00
1.366000e-05	6.916181e-02	-1.015315e+01
1.367000e-05	-5.232494e-03	-1.038479e+01
1.368000e-05	2.395860e-02	-1.060977e+01
1.369000e-05	4.558808e-02	-1.077630e+01
1.370000e-05	-1.555262e-02	-1.103582e+01
1.371000e-05	7.018143e-02	-1.118687e+01
1.372000e-05	-1.878498e-02	-1.140830e+01
1.373000e-05	8.346910e-02	-1.160740e+01
1.374000e-05	-1.805042e-02	-1.180043e+01
1.375000e-05	6.448407e-02	-1.202040e+01
1.376000e-05	3.611067e-03	-1.221682e+01
1.377000e-05	6.565071e-02	-1.240627e+01
1.378000e-05	2.168648e-02	-1.255522e+01
1.379000e-05	3.237961e-02	-1.275417e+01
1.380000e-05	3.146453e-02	-1.285206e+01
1.381000e-05	3.194298e-02	-1.304251e+01
1.382000e-05	5.425556e-02	-1.322682e+01
1.383000e-05	2.791590e-02	-1.335669e+01
1.384000e-05	5.778688e-02	-1.348108e+01
1.385000e-05	3.160565e-02	-1.363198e+01
1.386000e-05	6.333977e-02	-1.370477e+01
1.387000e-05	2.940826e-02	-1.390364e+01
1.388000e-05	5.173691e-02	-1.403841e+01
1.389000e-05	3.772759e-02	-1.416767e+01
1.390000e-05	6.362473e-02	-1.431201e+01
1.391000e-05	5.152506e-02	-1.439937e+01
1.392000e-05	5.732796e-02	-1.449366e+01
1.393000e-05	5.266376e-02	-1.460787e+01
1.394000e-05	6.272442e-02	-1.469364e+01
1.395000e-05	6.763956e-02	-1.477672e+01
1.396000e-05	6.337740e-02	-1.488301e+01
1.397000e-05	6.641719e-02	-1.495570e+01
1.398000e-05	6.596997e-02	-1.503035e+01
1.399000e-05	7.554720e-02	-1.508256e+01
1.400000e-05	6.798953e-02	-1.514470e+01
1.401000e-05	7.602541e-02	-1.519883e+01
1.402000e-05	7.646201e-02	-1.524143e+01
1.403000e-05	9.246177e-02	-1.525166e+01
1.404000e-05	8.991832e-02	-1.531501e+01
1.405000e-05	9.255933e-02	-1.535672e+01
1.406000e-05	8.919832e-02	-1.535685e+01
1.407000e-05	9.847505e-02	-1.542998e+01
1.408000e-05	1.030847e-01	-1.543050e+01
1.409000e-05	1.072684e-01	-1.544151e+01
1.410000e-05	1.119405e-01	-1.545241e+01
1.411000e-05	1.192138e-01	-1.541096e+01
1.412000e-05	1.289578e-01	-1.545046e+01
1.413000e-05	1.318315e-01	-1.541046e+01
1.414000e-05	1.379318e-01	-1.540041e+01
1.415000e-05	1.481210e-01	-1.538938e+01
1.416000e-05	1.649346e-01	-1.536782e+01
1.417000e-05	1.828257e-01	-1.530679e+01
1.418000e-05	2.021456e-01	-1.528501e+01
1.419000e-05	2.283442e-01	-1.523149e+01
1.420000e-05	2.476911e-01	-1.521938e+01
1.421000e-05	2.500000e-01	-1.511825e+01
1.422000e-05	2.500000e-01	-1.511452e+01
1.423000e-05	2.500000e-01	-1.501901e+01
1.424000e-05	2.500000e-01	-1.496729e+01
1.425000e-05	2.500000e-01	-1.486561e+01
1.426000e-05	2.500000e-01	-1.477683e+01
1.427000e-05	2.409116e-01	-1.468517e+01
1.428000e-05	2.081190e-01	-1.464103e+01
1.429000e-05	1.823882e-01	-1.455722e+01
1.430000e-05	1.612388e-01	-1.438088e+01
1.431000e-05	1.411981e-01	-1.430612e+01
1.432000e-05	1.222992e-01	-1.422033e+01
1.433000e-05	1.108600e-01	-1.408148e+01
1.434000e-05	1.004693e-01	-1.394870e+01
1.435000e-05	9.074972e-02	-1.382943e+01
1.436000e-05	8.106690e-02	-1.366511e+01
1.437000e-05	7.501770e-02	-1.351724e+01
1.438000e-05	7.030136e-02	-1.336985e+01
1.439000e-05	6.606290e-02	-1.327306e+01
1.440000e-05	5.737137e-02	-1.310564e+01
1.441000e-05	5.304162e-02	-1.294632e+01
1.442000e-05	5.094768e-02	-1.276937e+01
1.443000e-05	4.947300e-02	-1.263241e+01
1.444000e-05	4.384915e-02	-1.247304e+01
1.445000e-05	3.947292e-02	-1.226516e+01
1.446000e-05	3.808578e-02	-1.208619e+01
1.447000e-05	3.691156e-02	-1.193611e+01
1.448000e-05	3.407292e-02	-1.171769e+01
1.449000e-05	3.009298e-02	-1.146516e+01
1.450000e-05	2.747885e-02	-1.127356e+01
1.451000e-05	2.841516e-02	-1.110509e+01
1.452000e-05	2.790480e-02	-1.084263e+01
1.453000e-05	2.568951e-02	-1.066609e+01
1.454000e-05	2.129655e-02	-1.047566e+01
1.455000e-05	2.164847e-02	-1.025496e+01
1.456000e-05	2.107077e-02	-1.001153e+01
1.457000e-05	2.027606e-02	-9.791430e+00
1.458000e-05	1.694720e-02	-9.598505e+00
1.459000e-05	1.576183e-02	-9.378298e+00
1.460000e-05	1.755667e-02	-9.136868e+00
1.461000e-05	1.587751e-02	-8.867317e+00
1.462000e-05	1.232419e-02	-8.684612e+00
1.463000e-05	1.033940e-02	-8.383003e+00
1.464000e-05	1.124151e-02	-8.220877e+00
1.465000e-05	1.198498e-02	-7.959849e+00
1.466000e-05	1.052265e-02	-7.676561e+00
1.467000e-05	8.285926e-03	-7.390905e+00
1.468000e-05	7.668928e-03	-7.118769e+00
1.469000e-05	7.076569e-03	-6.875688e+00
1.470000e-05	6.560249e-03	-6.634055e+00
1.471000e-05	4.393304e-03	-6.391453e+00
1.472000e-05	4.246893e-03	-6.108187e+00
1.473000e-05	3.590358e-03	-5.823609e+00
1.474000e-05	4.865471e-03	-5.551427e+00
1.475000e-05	8.067983e-04	-5.276736e+00
1.476000e-05	7.052483e-04	-4.973001e+00
1.477000e-05	9.977391e-04	-4.624632e+00
1.478000e-05	1.830554e-03	-4.391579e+00
1.479000e-05	1.046942e-03	-4.170978e+00
1.480000e-05	-1.952526e-03	-3.857316e+00
1.481000e-05	-2.415818e-03	-3.591576e+00
1.482000e-05	-2.933608e-03	-3.319345e+00
1.483000e-05	-2.551697e-03	-3.083638e+00
1.484000e-05	-5.022179e-03	-2.747946e+00
1.485000e-05	-3.341116e-03	-2.475841e+00
1.486000e-05	-3.162817e-03	-2.223949e+00
1.487000e-05	-2.143896e-03	-1.918267e+00
1.488000e-05	-4.526363e-03	-1.653659e+00
1.489000e-05	-5.484699e-03	-1.338369e+00
1.490000e-05	-7.829521e-03	-1.013058e+00
1.491000e-05	-6.707564e-03	-7.494237e-01
1.492000e-05	-7.137142e-03	-4.342066e-01
1.493000e-05	-5.926896e-03	-1.499526e-01
1.494000e-05	1.053328e-04	9.226040e-02
1.495000e-05	7.673061e-03	4.074210e-01
1.496000e-05	-5.282537e-04	6.521037e-01
1.497000e-05	4.979435e-03	8.511119e-01
1.498000e-05	-3.282335e-03	1.197871e+00
1.499000e-05	2.198243e-03	1.460055e+00
1.500000e-05	-1.972987e-03	1.758998e+00
1.501000e-05	1.927808e-02	1.988447e+00
1.502000e-05	6.802014e-02	2.260084e+00
1.503000e-05	8.255602e-02	2.625870e+00
1.504000e-05	-6.182157e-02	2.923263e+00
1.505000e-05	-2.402187e-02	3.197291e+00
1.506000e-05	-4.158004e-02	3.501007e+00
1.507000e-05	-2.917895e-02	3.764766e+00
1.508000e-05	-8.989117e-02	3.944719e+00
1.509000e-05	3.074435e-02	4.207348e+00
1.510000e-05	7.133526e-02	4.502137e+00
1.511000e-05	-1.165513e-01	4.735288e+00
1.512000e-05	1.727879e-01	5.066828e+00
1.513000e-05	-9.575553e-02	5.375843e+00
1.514000e-05	-5.481013e-03	5.617851e+00
1.515000e-05	1.113919e-02	5.944085e+00
1.516000e-05	-4.428429e-02	6.175244e+00
1.517000e-05	6.707142e-02	6.436967e+00
1.518000e-05	-7.178531e-02	6.723584e+00
1.519000e-05	2.760922e-02	6.945795e+00
1.520000e-05	-3.124479e-02	7.217353e+00
1.521000e-05	-5.736378e-03	7.522137e+00
1.522000e-05	-1.344704e-02	7.765827e+00
1.523000e-05	-4.142702e-02	8.079879e+00
1.524000e-05	4.223302e-02	8.313158e+00
1.525000e-05	-3.715606e-02	8.512215e+00
1.526000e-05	7.163084e-03	8.703762e+00
1.527000e-05	-3.175333e-02	8.935725e+00
1.528000e-05	-4.369419e-02	9.238928e+00
1.529000e-05	1.236594e-02	9.439480e+00
1.530000e-05	-2.703334e-02	9.681559e+00
1.531000e-05	-1.295241e-03	9.913583e+00
1.532000e-05	-4.443365e-02	1.012371e+01
1.533000e-05	4.046669e-03	1.033524e+01
1.534000e-05	-2.868338e-02	1.057567e+01
1.535000e-05	-2.449639e-02	1.076379e+01
1.536000e-05	-3.095988e-02	1.094629e+01
1.537000e-05	-3.086297e-02	1.122477e+01
1.538000e-05	-5.441231e-03	1.140628e+01
1.539000e-05	-3.684355e-02	1.155780e+01
1.540000e-05	-2.712154e-02	1.174690e+01
1.541000e-05	-4.488817e-02	1.195640e+01
1.542000e-05	-1.604825e-02	1.212664e+01
1.543000e-05	-2.877669e-02	1.236577e+01
1.544000e-05	-3.316191e-02	1.248261e+01
1.545000e-05	-4.486832e-02	1.267006e+01
1.546000e-05	-3.731760e-02	1.279943e+01
1.547000e-05	-2.888684e-02	1.299772e+01
1.548000e-05	-4.280661e-02	1.315474e+01
1.549000e-05	-4.451326e-02	1.326201e+01
1.550000e-05	-4.498669e-02	1.343000e+01
1.551000e-05	-3.324824e-02	1.358775e+01
1.552000e-05	-4.535324e-02	1.370319e+01
1.553000e-05	-5.420627e-02	1.381743e+01
1.554000e-05	-5.847772e-02	1.399730e+01
1.555000e-05	-4.938214e-02	1.408261e+01
1.556000e-05	-4.747851e-02	1.427143e+01
1.557000e-05	-5.825238e-02	1.438630e+01
1.558000e-05	-6.317846e-02	1.449298e+01
1.559000e-05	-6.058419e-02	1.457874e+01
1.560000e-05	-5.687620e-02	1.467001e+01
1.561000e-05	-6.460574e-02	1.475521e+01
1.562000e-05	-7.166517e-02	1.481038e+01
1.563000e-05	-7.277308e-02	1.488411e+01
1.564000e-05	-6.920734e-02	1.494624e+01
1.565000e-05	-7.374408e-02	1.499790e+01
1.566000e-05	-8.492194e-02	1.506146e+01
1.567000e-05	-9.083980e-02	1.512622e+01
1.568000e-05	-8.605972e-02	1.518628e+01
1.569000e-05	-8.338743e-02	1.521048e+01
1.570000e-05	-9.155964e-02	1.528194e+01
1.571000e-05	-1.013546e-01	1.529362e+01
1.572000e-05	-1.028389e-01	1.529611e+01
1.573000e-05	-1.032918e-01	1.532467e+01
1.574000e-05	-1.096645e-01	1.534727e+01
1.575000e-05	-1.207706e-01	1.535725e+01
1.576000e-05	-1.234123e-01	1.538677e+01
1.577000e-05	-1.242562e-01	1.536735e+01
1.578000e-05	-1.292651e-01	1.534680e+01
1.579000e-05	-1.435376e-01	1.535728e+01
1.580000e-05	-1.565643e-01	1.534719e+01
1.581000e-05	-1.633053e-01	1.530517e+01
1.582000e-05	-1.749176e-01	1.531456e+01
1.583000e-05	-1.939202e-01	1.527248e+01
1.584000e-05	-2.238298e-01	1.523143e+01
1.585000e-05	-2.455104e-01	1.518030e+01
1.586000e-05	-2.500000e-01	1.508715e+01
1.587000e-05	-2.500000e-01	1.507259e+01
1.588000e-05	-2.500000e-01	1.496030e+01
1.589000e-05	-2.500000e-01	1.486719e+01
1.590000e-05	-2.500000e-01	1.488299e+01
1.591000e-05	-2.500000e-01	1.475925e+01
1.592000e-05	-2.499000e-01	1.473574e+01
1.593000e-05	-2.410532e-01	1.462008e+01
1.594000e-05	-2.085987e-01	1.453767e+01
1.595000e-05	-1.788623e-01	1.439243e+01
1.596000e-05	-1.574376e-01	1.427617e+01
1.597000e-05	-1.456305e-01	1.419890e+01
1.598000e-05	-1.295302e-01	1.403454e+01
1.599000e-05	-1.162272e-01	1.394930e+01
1.600000e-05	-1.029686e-01	1.383199e+01
1.601000e-05	-9.940544e-02	1.366571e+01
1.602000e-05	-9.252491e-02	1.354822e+01
1.603000e-05	-8.463266e-02	1.342293e+01
1.604000e-05	-7.500280e-02	1.325414e+01
1.605000e-05	-7.292600e-02	1.309519e+01
1.606000e-05	-7.015773e-02	1.297875e+01
1.607000e-05	-6.746015e-02	1.277098e+01
1.608000e-05	-5.842062e-02	1.264254e+01
1.609000e-05	-5.637782e-02	1.247610e+01
1.610000e-05	-5.519899e-02	1.230614e+01
1.611000e-05	-5.461500e-02	1.212883e+01
1.612000e-05	-4.966183e-02	1.192995e+01
1.613000e-05	-4.709592e-02	1.178790e+01
1.614000e-05	-4.532168e-02	1.155938e+01
1.615000e-05	-4.525049e-02	1.130888e+01
1.616000e-05	-4.320431e-02	1.111927e+01
1.617000e-05	-3.892169e-02	1.095882e+01
1.618000e-05	-3.768798e-02	1.076832e+01
1.619000e-05	-3.834590e-02	1.058935e+01
1.620000e-05	-3.840970e-02	1.028777e+01
1.621000e-05	-3.384997e-02	1.009529e+01
1.622000e-05	-3.305246e-02	9.885640e+00
1.623000e-05	-3.326314e-02	9.655188e+00
1.624000e-05	-3.448321e-02	9.423061e+00
1.625000e-05	-3.094868e-02	9.202108e+00
1.626000e-05	-2.886716e-02	8.990007e+00
1.627000e-05	-2.850999e-02	8.710392e+00
1.628000e-05	-2.828612e-02	8.497799e+00
1.629000e-05	-2.862262e-02	8.286692e+00
1.630000e-05	-2.473129e-02	8.033109e+00
1.631000e-05	-2.511684e-02	7.780979e+00
1.632000e-05	-2.561790e-02	7.488220e+00
1.633000e-05	-2.657896e-02	7.274159e+00
1.634000e-05	-2.331081e-02	7.022504e+00
1.635000e-05	-2.230963e-02	6.740401e+00
1.636000e-05	-2.123000e-02	6.446711e+00
1.637000e-05	-2.346547e-02	6.203633e+00
1.638000e-05	-2.090496e-02	5.990953e+00
1.639000e-05	-2.052048e-02	5.707269e+00
1.640000e-05	-1.877740e-02	5.413112e+00
1.641000e-05	-2.061994e-02	5.111374e+00
1.642000e-05	-1.929738e-02	4.761579e+00
1.643000e-05	-1.816341e-02	4.529972e+00
1.644000e-05	-1.778398e-02	4.265715e+00
1.645000e-05	-1.934279e-02	3.982582e+00
1.646000e-05	-1.729919e-02	3.677791e+00
1.647000e-05	-1.666150e-02	3.435211e+00
1.648000e-05	-1.533124e-02	3.148875e+00
1.649000e-05	-1.493206e-02	2.886236e+00
1.650000e-05	-1.576992e-02	2.563053e+00
1.651000e-05	-1.458438e-02	2.286813e+00
1.652000e-05	-1.493560e-02	2.014187e+00
1.653000e-05	-1.292634e-02	1.762449e+00
1.654000e-05	-1.482081e-02	1.456683e+00
1.655000e-05	-1.253686e-02	1.171551e+00
1.656000e-05	-1.247850e-02	8.017857e-01
1.657000e-05	-1.034625e-02	5.494501e-01
1.658000e-05	-1.119943e-02	2.762622e-01
1.659000e-05	-7.556738e-03	-3.950218e-02
1.660000e-05	-1.825168e-04	-2.922303e-01
1.661000e-05	4.066875e-03	-5.242903e-01
1.662000e-05	-3.428959e-03	-8.370048e-01
1.663000e-05	1.410921e-03	-1.080560e+00
1.664000e-05	-2.163352e-03	-1.388395e+00
1.665000e-05	-1.364843e-04	-1.661082e+00
1.666000e-05	1.096588e-02	-1.882110e+00
1.667000e-05	6.666584e-02	-2.041184e+00
1.668000e-05	1.161955e-01	-2.426553e+00
1.669000e-05	-6.053926e-02	-2.858525e+00
1.670000e-05	1.509796e-04	-3.217950e+00
1.671000e-05	-4.938206e-02	-3.469058e+00
1.672000e-05	-3.816919e-02	-3.649638e+00
1.673000e-05	-9.600386e-02	-3.952586e+00
1.674000e-05	1.701663e-01	-4.091605e+00
1.675000e-05	-1.008894e-01	-4.373243e+00
1.676000e-05	4.597954e-02	-4.669930e+00
1.677000e-05	1.131523e-01	-4.881105e+00
1.678000e-05	-1.596281e-01	-5.288479e+00
1.679000e-05	1.728512e-01	-5.573686e+00
1.680000e-05	-1.658435e-01	-5.805920e+00
1.681000e-05	8.802974e-02	-6.071084e+00
1.682000e-05	4.980489e-02	-6.352158e+00
1.683000e-05	-6.137910e-02	-6.648977e+00
1.684000e-05	1.387141e-01	-6.838510e+00
1.685000e-05	-1.300986e-01	-7.145691e+00
1.686000e-05	1.132153e-01	-7.419433e+00
1.687000e-05	-5.403005e-02	-7.681034e+00
1.688000e-05	3.497398e-02	-8.015823e+00
1.689000e-05	7.142544e-02	-8.196400e+00
1.690000e-05	-6.783229e-02	-8.487557e+00
1.691000e-05	1.376108e-01	-8.692611e+00
1.692000e-05	-1.032029e-01	-8.942788e+00
1.693000e-05	8.292770e-02	-9.217320e+00
1.694000e-05	-3.506692e-02	-9.356345e+00
1.695000e-05	5.821364e-02	-9.639454e+00
1.696000e-05	4.173276e-02	-9.818928e+00
1.697000e-05	-1.037664e-02	-1.004951e+01
1.698000e-05	7.013618e-02	-1.031058e+01
1.699000e-05	-4.373007e-02	-1.053206e+01
1.700000e-05	9.369160e-02	-1.070411e+01
1.701000e-05	-4.052444e-02	-1.092309e+01
1.702000e-05	7.806315e-02	-1.112214e+01
1.703000e-05	-1.245148e-02	-1.138269e+01
1.704000e-05	6.278561e-02	-1.151479e+01
1.705000e-05	1.292948e-02	-1.171514e+01
1.706000e-05	2.835445e-02	-1.195670e+01
1.707000e-05	3.540222e-02	-1.215422e+01
1.708000e-05	2.589569e-02	-1.233469e+01
1.709000e-05	6.061071e-02	-1.251404e+01
1.710000e-05	6.866050e-03	-1.266966e+01
1.711000e-05	5.299901e-02	-1.281990e+01
1.712000e-05	1.157108e-02	-1.301635e+01
1.713000e-05	6.459542e-02	-1.318416e+01
1.714000e-05	2.212638e-02	-1.329207e+01
1.715000e-05	5.824619e-02	-1.341953e+01
1.716000e-05	3.172850e-02	-1.361478e+01
1.717000e-05	5.712036e-02	-1.373421e+01
1.718000e-05	3.995889e-02	-1.384049e+01
1.719000e-05	4.348725e-02	-1.400675e+01
1.720000e-05	4.315729e-02	-1.406506e+01
1.721000e-05	5.214384e-02	-1.425998e+01
1.722000e-05	6.055740e-02	-1.437572e+01
1.723000e-05	5.156957e-02	-1.449148e+01
1.724000e-05	5.799985e-02	-1.453777e+01
1.725000e-05	5.372659e-02	-1.463106e+01
1.726000e-05	6.940014e-02	-1.474522e+01
1.727000e-05	6.004633e-02	-1.485943e+01
1.728000e-05	6.797065e-02	-1.493369e+01
1.729000e-05	6.244241e-02	-1.501830e+01
1.730000e-05	7.633214e-02	-1.506901e+01
1.731000e-05	7.089014e-02	-1.514564e+01
1.732000e-05	7.637806e-02	-1.517827e+01
1.733000e-05	7.344704e-02	-1.521093e+01
1.734000e-05	8.593255e-02	-1.526248e+01
1.735000e-05	9.007463e-02	-1.527356e+01
1.736000e-05	9.039954e-02	-1.534824e+01
1.737000e-05	9.171974e-02	-1.535737e+01
1.738000e-05	9.417479e-02	-1.538938e+01
1.739000e-05	1.044613e-01	-1.539888e+01
1.740000e-05	1.040511e-01	-1.543143e+01
1.741000e-05	1.106122e-01	-1.543303e+01
1.742000e-05	1.148391e-01	-1.547301e+01
1.743000e-05	1.262455e-01	-1.541144e+01
1.744000e-05	1.306463e-01	-1.544001e+01
1.745000e-05	1.357587e-01	-1.540993e+01
1.746000e-05	1.431698e-01	-1.539988e+01
1.747000e-05	1.582003e-01	-1.538890e+01
1.748000e-05	1.759560e-01	-1.534639e+01
1.749000e-05	1.949410e-01	-1.527416e+01
1.750000e-05	2.190175e-01	-1.528411e+01
1.751000e-05	2.444436e-01	-1.522033e+01
1.752000e-05	2.499850e-01	-1.518827e+01
1.753000e-05	2.500000e-01	-1.514667e+01
1.754000e-05	2.500000e-01	-1.504101e+01
1.755000e-05	2.500000e-01	-1.496885e+01
1.756000e-05	2.500000e-01	-1.494516e+01
1.757000e-05	2.500000e-01	-1.483096e+01
1.758000e-05	2.471736e-01	-1.473775e+01
1.759000e-05	2.215836e-01	-1.468258e+01
1.760000e-05	1.917956e-01	-1.455932e+01
1.761000e-05	1.688722e-01	-1.445306e+01
1.762000e-05	1.472568e-01	-1.434732e+01
1.763000e-05	1.296748e-01	-1.427101e+01
1.764000e-05	1.166874e-01	-1.408564e+01
1.765000e-05	1.051150e-01	-1.399093e+01
1.766000e-05	9.406226e-02	-1.388358e+01
1.767000e-05	8.355759e-02	-1.374571e+01
1.768000e-05	7.702480e-02	-1.358037e+01
1.769000e-05	7.200182e-02	-1.345354e+01
1.770000e-05	6.794304e-02	-1.334513e+01
1.771000e-05	6.136746e-02	-1.314872e+01
1.772000e-05	5.530916e-02	-1.296998e+01
1.773000e-05	5.140749e-02	-1.281303e+01
1.774000e-05	4.973629e-02	-1.267509e+01
1.775000e-05	4.557484e-02	-1.247872e+01
1.776000e-05	4.114521e-02	-1.235830e+01
1.777000e-05	3.904569e-02	-1.214834e+01
1.778000e-05	3.775967e-02	-1.199030e+01
1.779000e-05	3.620865e-02	-1.180091e+01
1.780000e-05	3.157116e-02	-1.156980e+01
1.781000e-05	2.866862e-02	-1.133929e+01
1.782000e-05	2.862673e-02	-1.114479e+01
1.783000e-05	2.831555e-02	-1.091834e+01
1.784000e-05	2.595315e-02	-1.074777e+01
1.785000e-05	2.301984e-02	-1.052880e+01
1.786000e-05	2.149002e-02	-1.033677e+01
1.787000e-05	2.136947e-02	-1.009662e+01
1.788000e-05	2.025324e-02	-9.895660e+00
1.789000e-05	1.801611e-02	-9.675660e+00
1.790000e-05	1.668641e-02	-9.413034e+00
1.791000e-05	1.759770e-02	-9.212054e+00
1.792000e-05	1.609037e-02	-9.020349e+00
1.793000e-05	1.381781e-02	-8.760899e+00
1.794000e-05	1.111971e-02	-8.567795e+00
1.795000e-05	1.075188e-02	-8.234587e+00
1.796000e-05	1.112319e-02	-8.064657e+00
1.797000e-05	1.107081e-02	-7.789329e+00
1.798000e-05	8.606886e-03	-7.465288e+00
1.799000e-05	9.552229e-03	-7.232659e+00
1.800000e-05	7.298528e-03	-7.000929e+00
1.801000e-05	6.819607e-03	-6.709192e+00
1.802000e-05	4.969564e-03	-6.466737e+00
1.803000e-05	4.814616e-03	-6.201133e+00
1.804000e-05	3.408192e-03	-5.927320e+00
1.805000e-05	3.869281e-03	-5.666638e+00
1.806000e-05	2.779160e-03	-5.401899e+00
1.807000e-05	1.684593e-03	-5.106161e+00
1.808000e-05	1.228118e-03	-4.771400e+00
1.809000e-05	1.712854e-03	-4.476740e+00
1.810000e-05	4.679885e-04	-4.255638e+00
1.811000e-05	-1.621088e-04	-3.981051e+00
1.812000e-05	-1.504094e-03	-3.685740e+00
1.813000e-05	-1.923995e-03	-3.424634e+00
1.814000e-05	-2.894286e-03	-3.150953e+00
1.815000e-05	-2.957249e-03	-2.874131e+00
1.816000e-05	-3.089508e-03	-2.592527e+00
1.817000e-05	-3.235230e-03	-2.336795e+00
1.818000e-05	-3.771528e-03	-2.003529e+00
1.819000e-05	-4.178521e-03	-1.749894e+00
1.820000e-05	-4.713251e-03	-1.466084e+00
1.821000e-05	-7.042587e-03	-1.098491e+00
1.822000e-05	-7.456445e-03	-8.296318e-01
1.823000e-05	-7.129600e-03	-5.684711e-01
1.824000e-05	-5.207853e-03	-2.673093e-01
1.825000e-05	-3.021862e-03	-1.212781e-02
1.826000e-05	8.594332e-03	2.916380e-01
1.827000e-05	-7.859567e-04	5.352634e-01
1.828000e-05	4.923310e-03	7.978959e-01
1.829000e-05	-1.951714e-03	1.121105e+00
1.830000e-05	6.245352e-04	1.385867e+00
1.831000e-05	-3.124595e-03	1.732705e+00
1.832000e-05	1.041451e-02	1.923239e+00
1.833000e-05	4.034805e-02	2.125364e+00
1.834000e-05	1.078419e-01	2.399050e+00
1.835000e-05	-2.620878e-02	2.827470e+00
1.836000e-05	-4.007511e-02	3.082184e+00
1.837000e-05	-3.658588e-02	3.335420e+00
1.838000e-05	-2.420527e-02	3.660183e+00
1.839000e-05	-7.705706e-02	3.860635e+00
1.840000e-05	-3.500076e-02	4.074158e+00
1.841000e-05	1.107787e-01	4.375796e+00
1.842000e-05	-9.681969e-02	4.691028e+00
1.843000e-05	7.900486e-02	4.871184e+00
1.844000e-05	4.202943e-02	5.258999e+00
1.845000e-05	-1.085174e-01	5.495216e+00
1.846000e-05	6.765591e-02	5.798426e+00
1.847000e-05	-7.351162e-02	6.061110e+00
1.848000e-05	5.954982e-02	6.322164e+00
1.849000e-05	-2.665499e-02	6.638881e+00
1.850000e-05	-2.988705e-02	6.851105e+00
1.851000e-05	2.471462e-02	7.143212e+00
1.852000e-05	-5.218575e-02	7.405899e+00
1.853000e-05	2.883424e-02	7.650580e+00
1.854000e-05	-7.307984e-02	7.956271e+00
1.855000e-05	3.735024e-02	8.227848e+00
1.856000e-05	-1.025610e-02	8.440004e+00
1.857000e-05	-2.151039e-02	8.640507e+00
1.858000e-05	5.506611e-03	8.900583e+00
1.859000e-05	-7.108555e-02	9.114689e+00
1.860000e-05	2.089286e-02	9.345271e+00
1.861000e-05	-3.363989e-02	9.557800e+00
1.862000e-05	8.595423e-03	9.838403e+00
1.863000e-05	-4.817888e-02	1.005053e+01
1.864000e-05	-2.791702e-03	1.025203e+01
1.865000e-05	-1.558150e-02	1.047299e+01
1.866000e-05	-3.071775e-02	1.066059e+01
1.867000e-05	-2.345336e-02	1.086205e+01
1.868000e-05	-4.187878e-02	1.111116e+01
1.869000e-05	-2.385598e-03	1.134009e+01
1.870000e-05	-3.504547e-02	1.151161e+01
1.871000e-05	-2.182485e-02	1.170161e+01
1.872000e-05	-4.922592e-02	1.190167e+01
1.873000e-05	-1.801169e-02	1.212344e+01
1.874000e-05	-2.764610e-02	1.227156e+01
1.875000e-05	-2.821467e-02	1.246090e+01
1.876000e-05	-4.405273e-02	1.261837e+01
1.877000e-05	-4.199729e-02	1.277475e+01
1.878000e-05	-2.866703e-02	1.295517e+01
1.879000e-05	-4.124227e-02	1.309059e+01
1.880000e-05	-4.128263e-02	1.324045e+01
1.881000e-05	-5.142971e-02	1.336582e+01
1.882000e-05	-3.089947e-02	1.351367e+01
1.883000e-05	-4.299040e-02	1.368201e+01
1.884000e-05	-4.683822e-02	1.382880e+01
1.885000e-05	-6.235523e-02	1.396461e+01
1.886000e-05	-5.097195e-02	1.402241e+01
1.887000e-05	-4.876284e-02	1.419572e+01
1.888000e-05	-5.417988e-02	1.430559e+01
1.889000e-05	-6.268040e-02	1.446998e+01
1.890000e-05	-6.407811e-02	1.452571e+01
1.891000e-05	-5.475711e-02	1.462995e+01
1.892000e-05	-6.277254e-02	1.469161e+01
1.893000e-05	-6.768389e-02	1.477833e+01
1.894000e-05	-7.618160e-02	1.484209e+01
1.895000e-05	-6.868989e-02	1.494317e+01
1.896000e-05	-7.154661e-02	1.498682e+01
1.897000e-05	-8.029985e-02	1.507201e+01
1.898000e-05	-8.943964e-02	1.509322e+01
1.899000e-05	-8.820793e-02	1.514825e+01
1.900000e-05	-8.293770e-02	1.520948e+01
1.901000e-05	-9.018334e-02	1.526143e+01
1.902000e-05	-9.761595e-02	1.529309e+01
1.903000e-05	-1.033010e-01	1.533519e+01
1.904000e-05	-1.015557e-01	1.535674e+01
1.905000e-05	-1.067284e-01	1.536678e+01
1.906000e-05	-1.168822e-01	1.535725e+01
1.907000e-05	-1.235505e-01	1.538938e+01
1.908000e-05	-1.243995e-01	1.539840e+01
1.909000e-05	-1.259578e-01	1.536585e+01
1.910000e-05	-1.390271e-01	1.537778e+01
1.911000e-05	-1.510601e-01	1.534580e+01
1.912000e-05	-1.608462e-01	1.533402e+01
1.913000e-05	-1.687786e-01	1.531459e+01
1.914000e-05	-1.870805e-01	1.527301e+01
1.915000e-05	-2.130551e-01	1.521901e+01
1.916000e-05	-2.399925e-01	1.520936e+01
1.917000e-05	-2.492182e-01	1.513822e+01
1.918000e-05	-2.500000e-01	1.509302e+01
1.919000e-05	-2.500000e-01	1.501003e+01
1.920000e-05	-2.500000e-01	1.494935e+01
1.921000e-05	-2.500000e-01	1.490265e+01
1.922000e-05	-2.500000e-01	1.483246e+01
1.923000e-05	-2.500000e-01	1.475619e+01
1.924000e-05	-2.471583e-01	1.466204e+01
1.925000e-05	-2.221262e-01	1.455780e+01
1.926000e-05	-1.883511e-01	1.443408e+01
1.927000e-05	-1.662132e-01	1.432780e+01
1.928000e-05	-1.491850e-01	1.424508e+01
1.929000e-05	-1.371600e-01	1.408767e+01
1.930000e-05	-1.203351e-01	1.398985e+01
1.931000e-05	-1.080840e-01	1.387401e+01
1.932000e-05	-1.003273e-01	1.371570e+01
1.933000e-05	-9.576271e-02	1.358045e+01
1.934000e-05	-8.643945e-02	1.346304e+01
1.935000e-05	-7.788773e-02	1.331677e+01
1.936000e-05	-7.285204e-02	1.311829e+01
1.937000e-05	-7.152569e-02	1.301096e+01
1.938000e-05	-6.888288e-02	1.289516e+01
1.939000e-05	-6.098807e-02	1.269767e+01
1.940000e-05	-5.808280e-02	1.254682e+01
1.941000e-05	-5.462918e-02	1.236137e+01
1.942000e-05	-5.559225e-02	1.221196e+01
1.943000e-05	-5.050852e-02	1.200358e+01
1.944000e-05	-4.662007e-02	1.184306e+01
1.945000e-05	-4.454716e-02	1.164346e+01
1.946000e-05	-4.664012e-02	1.146148e+01
1.947000e-05	-4.452950e-02	1.120403e+01
1.948000e-05	-4.069668e-02	1.101050e+01
1.949000e-05	-3.777217e-02	1.081463e+01
1.950000e-05	-3.782807e-02	1.062146e+01
1.951000e-05	-3.883080e-02	1.037345e+01
1.952000e-05	-3.515474e-02	1.018245e+01
1.953000e-05	-3.246024e-02	9.949449e+00
1.954000e-05	-3.155439e-02	9.778370e+00
1.955000e-05	-3.368939e-02	9.516817e+00
1.956000e-05	-3.162279e-02	9.276215e+00
1.957000e-05	-3.027840e-02	9.096137e+00
1.958000e-05	-2.763423e-02	8.816134e+00
1.959000e-05	-2.899377e-02	8.591955e+00
1.960000e-05	-2.834680e-02	8.351475e+00
1.961000e-05	-2.536759e-02	8.099800e+00
1.962000e-05	-2.454717e-02	7.886237e+00
1.963000e-05	-2.494902e-02	7.643109e+00
1.964000e-05	-2.507581e-02	7.349900e+00
1.965000e-05	-2.466687e-02	7.077171e+00
1.966000e-05	-2.323054e-02	6.865186e+00
1.967000e-05	-2.222493e-02	6.599977e+00
1.968000e-05	-2.323936e-02	6.308290e+00
1.969000e-05	-2.172992e-02	6.076713e+00
1.970000e-05	-2.038505e-02	5.813480e+00
1.971000e-05	-1.977446e-02	5.518372e+00
1.972000e-05	-1.879590e-02	5.265212e+00
1.973000e-05	-2.021629e-02	4.868366e+00
1.974000e-05	-1.904953e-02	4.623583e+00
1.975000e-05	-1.805962e-02	4.350903e+00
1.976000e-05	-1.696169e-02	4.066745e+00
1.977000e-05	-1.837530e-02	3.822582e+00
1.978000e-05	-1.763781e-02	3.568425e+00
1.979000e-05	-1.540167e-02	3.255235e+00
1.980000e-05	-1.471990e-02	2.950578e+00
1.981000e-05	-1.545910e-02	2.699370e+00
1.982000e-05	-1.605820e-02	2.422103e+00
1.983000e-05	-1.335761e-02	2.128921e+00
1.984000e-05	-1.329863e-02	1.886686e+00
1.985000e-05	-1.293355e-02	1.570950e+00
1.986000e-05	-1.447697e-02	1.266288e+00
1.987000e-05	-1.275218e-02	9.514976e-01
1.988000e-05	-1.112069e-02	6.551870e-01
1.989000e-05	-1.040189e-02	3.615778e-01
1.990000e-05	-1.010671e-02	8.793317e-02
1.991000e-05	-4.695019e-03	-2.069434e-01
1.992000e-05	7.747806e-03	-4.395535e-01
1.993000e-05	-4.308743e-03	-7.537341e-01
1.994000e-05	3.762100e-03	-9.873696e-01
1.995000e-05	-4.725113e-03	-1.249056e+00
1.996000e-05	2.412004e-03	-1.597343e+00
1.997000e-05	1.593144e-03	-1.806993e+00
1.998000e-05	3.856068e-02	-2.009902e+00
1.999000e-05	1.249344e-01	-2.363056e+00
2.000000e-05	-5.513607e-03	-2.700055e+00
2.001000e-05	-3.270158e-02	-3.141106e+00
2.002000e-05	-2.194447e-02	-3.415347e+00
2.003000e-05	-3.951926e-02	-3.626921e+00
2.004000e-05	-9.344945e-02	-3.850851e+00
2.005000e-05	7.052342e-02	-3.998471e+00
2.006000e-05	6.572360e-02	-4.236928e+00
2.007000e-05	-1.240531e-01	-4.552819e+00
2.008000e-05	2.129927e-01	-4.805895e+00
2.009000e-05	-1.545438e-01	-5.070663e+00
2.010000e-05	9.185825e-02	-5.448454e+00
2.011000e-05	-2.270223e-02	-5.661604e+00
2.012000e-05	-8.453667e-02	-6.016846e+00
2.013000e-05	1.757565e-01	-6.227850e+00
2.014000e-05	-1.232123e-01	-6.481687e+00
2.015000e-05	1.400778e-01	-6.776842e+00
2.016000e-05	-6.329365e-02	-7.048895e+00
2.017000e-05	7.424771e-03	-7.354244e+00
2.018000e-05	6.185450e-02	-7.554367e+00
2.019000e-05	-7.884767e-02	-7.860504e+00
2.020000e-05	1.436987e-01	-8.114710e+00
2.021000e-05	-9.114506e-02	-8.354185e+00
2.022000e-05	1.095878e-01	-8.637876e+00
2.023000e-05	-2.203626e-02	-8.839029e+00
2.024000e-05	-1.127408e-02	-9.152633e+00
2.025000e-05	5.602331e-02	-9.303040e+00
2.026000e-05	-3.797287e-02	-9.572687e+00
2.027000e-05	1.162009e-01	-9.777289e+00
2.028000e-05	-5.756360e-02	-9.984446e+00
2.029000e-05	9.659548e-02	-1.019937e+01
2.030000e-05	-4.410756e-02	-1.043740e+01
2.031000e-05	6.926403e-02	-1.065051e+01
2.032000e-05	-4.305172e-04	-1.085890e+01
2.033000e-05	2.680260e-02	-1.106094e+01
2.034000e-05	3.889022e-02	-1.128003e+01
2.035000e-05	7.578038e-03	-1.146099e+01
2.036000e-05	6.457377e-02	-1.168039e+01
2.037000e-05	-1.290646e-02	-1.191953e+01
2.038000e-05	6.567271e-02	-1.206398e+01
2.039000e-05	-1.510577e-03	-1.225901e+01
2.040000e-05	7.463816e-02	-1.240841e+01
2.041000e-05	4.272666e-03	-1.258787e+01
2.042000e-05	5.045055e-02	-1.274527e+01
2.043000e-05	1.637824e-02	-1.291364e+01
2.044000e-05	5.061128e-02	-1.310264e+01
2.045000e-05	3.758251e-02	-1.321688e+01
2.046000e-05	4.110759e-02	-1.334827e+01
2.047000e-05	4.745833e-02	-1.353367e+01
2.048000e-05	3.990181e-02	-1.369006e+01
2.049000e-05	5.465496e-02	-1.380895e+01
2.050000e-05	3.191828e-02	-1.393519e+01
2.051000e-05	5.122462e-02	-1.411049e+01
2.052000e-05	4.116658e-02	-1.420745e+01
2.053000e-05	6.487433e-02	-1.432359e+01
2.054000e-05	4.881499e-02	-1.442041e+01
2.055000e-05	5.911927e-02	-1.452472e+01
2.056000e-05	4.977242e-02	-1.459887e+01
2.057000e-05	6.703779e-02	-1.474467e+01
2.058000e-05	6.149002e-02	-1.479783e+01
2.059000e-05	6.610870e-02	-1.489206e+01
2.060000e-05	6.419335e-02	-1.500672e+01
2.061000e-05	7.156913e-02	-1.507106e+01
2.062000e-05	7.317731e-02	-1.511364e+01
2.063000e-05	7.144000e-02	-1.516677e+01
2.064000e-05	7.494974e-02	-1.523040e+01
2.065000e-05	7.993430e-02	-1.526041e+01
2.066000e-05	9.204682e-02	-1.530556e+01
2.067000e-05	8.854338e-02	-1.530426e+01
2.068000e-05	9.176999e-02	-1.537777e+01
2.069000e-05	9.012957e-02	-1.540833e+01
2.070000e-05	1.020339e-01	-1.539990e+01
2.071000e-05	1.035260e-01	-1.547951e+01
2.072000e-05	1.087716e-01	-1.547151e+01
2.073000e-05	1.122370e-01	-1.541196e+01
2.074000e-05	1.233404e-01	-1.543198e+01
2.075000e-05	1.294495e-01	-1.549001e+01
2.076000e-05	1.338231e-01	-1.541193e+01
2.077000e-05	1.387764e-01	-1.544938e+01
2.078000e-05	1.517539e-01	-1.537930e+01
2.079000e-05	1.692450e-01	-1.537883e+01
2.080000e-05	1.876826e-01	-1.531272e+01
2.081000e-05	2.084120e-01	-1.527406e+01
2.082000e-05	2.354812e-01	-1.523053e+01
2.083000e-05	2.488918e-01	-1.517935e+01
2.084000e-05	2.500000e-01	-1.511664e+01
2.085000e-05	2.500000e-01	-1.509462e+01
2.086000e-05	2.500000e-01	-1.498143e+01
2.087000e-05	2.500000e-01	-1.494672e+01
2.088000e-05	2.500000e-01	-1.486359e+01
2.089000e-05	2.495000e-01	-1.477983e+01
2.090000e-05	2.332584e-01	-1.468349e+01
2.091000e-05	2.018273e-01	-1.461043e+01
2.092000e-05	1.776449e-01	-1.448412e+01
2.093000e-05	1.557517e-01	-1.438985e+01
2.094000e-05	1.366703e-01	-1.430457e+01
2.095000e-05	1.200789e-01	-1.418031e+01
2.096000e-05	1.085922e-01	-1.404251e+01
2.097000e-05	9.802662e-02	-1.386717e+01
2.098000e-05	8.790184e-02	-1.376885e+01
2.099000e-05	7.847875e-02	-1.364296e+01
2.100000e-05	7.400787e-02	-1.347714e+01
2.101000e-05	6.941489e-02	-1.336830e+01
2.102000e-05	6.433865e-02	-1.321090e+01
2.103000e-05	5.697417e-02	-1.307303e+01
2.104000e-05	5.316901e-02	-1.293517e+01
2.105000e-05	4.973024e-02	-1.273669e+01
2.106000e-05	4.793794e-02	-1.258043e+01
2.107000e-05	4.231859e-02	-1.240201e+01
2.108000e-05	4.029558e-02	-1.222351e+01
2.109000e-05	3.728026e-02	-1.205358e+01
2.110000e-05	3.612953e-02	-1.188403e+01
2.111000e-05	3.297946e-02	-1.164453e+01
2.112000e-05	3.058796e-02	-1.142296e+01
2.113000e-05	2.863958e-02	-1.121249e+01
2.114000e-05	2.812049e-02	-1.099196e+01
2.115000e-05	2.715716e-02	-1.082398e+01
2.116000e-05	2.447583e-02	-1.064253e+01
2.117000e-05	2.158673e-02	-1.040201e+01
2.118000e-05	2.058613e-02	-1.020048e+01
2.119000e-05	2.033817e-02	-9.950797e+00
2.120000e-05	1.913346e-02	-9.739324e+00
2.121000e-05	1.763395e-02	-9.528772e+00
2.122000e-05	1.676882e-02	-9.338242e+00
2.123000e-05	1.645202e-02	-9.045609e+00
2.124000e-05	1.507907e-02	-8.803187e+00
2.125000e-05	1.298547e-02	-8.622482e+00
2.126000e-05	1.055893e-02	-8.328825e+00
2.127000e-05	1.175291e-02	-8.128845e+00
2.128000e-05	1.175836e-02	-7.876141e+00
2.129000e-05	9.262312e-03	-7.571378e+00
2.130000e-05	7.738599e-03	-7.318819e+00
2.131000e-05	6.910711e-03	-7.116668e+00
2.132000e-05	7.125482e-03	-6.822480e+00
2.133000e-05	6.727987e-03	-6.538897e+00
2.134000e-05	5.650892e-03	-6.286766e+00
2.135000e-05	4.115126e-03	-6.034608e+00
2.136000e-05	3.971322e-03	-5.719378e+00
2.137000e-05	3.489786e-03	-5.518242e+00
2.138000e-05	2.811946e-03	-5.222554e+00
2.139000e-05	4.034863e-04	-4.907667e+00
2.140000e-05	2.049138e-03	-4.600079e+00
2.141000e-05	1.776941e-03	-4.338950e+00
2.142000e-05	2.180635e-03	-4.087839e+00
2.143000e-05	-1.645638e-03	-3.821059e+00
2.144000e-05	-2.097453e-03	-3.547369e+00
2.145000e-05	-4.478674e-03	-3.266735e+00
2.146000e-05	-9.154669e-04	-2.982455e+00
2.147000e-05	-3.302587e-03	-2.697267e+00
2.148000e-05	-2.801354e-03	-2.423609e+00
2.149000e-05	-3.984010e-03	-2.158340e+00
2.150000e-05	-3.539257e-03	-1.865161e+00
2.151000e-05	-4.439168e-03	-1.521528e+00
2.152000e-05	-6.809697e-03	-1.235179e+00
2.153000e-05	-7.123084e-03	-9.413975e-01
2.154000e-05	-6.324891e-03	-6.646307e-01
2.155000e-05	-4.337707e-03	-3.489186e-01
2.156000e-05	-4.969102e-03	-1.178882e-01
2.157000e-05	4.513518e-03	1.974434e-01
2.158000e-05	4.093955e-03	4.490553e-01
2.159000e-05	1.525978e-03	7.616868e-01
2.160000e-05	2.491155e-03	1.024402e+00
2.161000e-05	-1.564601e-03	1.260134e+00
2.162000e-05	1.012553e-03	1.544392e+00
2.163000e-05	1.907446e-03	1.829630e+00
2.164000e-05	2.537078e-02	2.059605e+00
2.165000e-05	9.062087e-02	2.354213e+00
2.166000e-05	4.268377e-02	2.689583e+00
2.167000e-05	-6.006421e-02	2.966347e+00
2.168000e-05	-2.542696e-02	3.250581e+00
2.169000e-05	-3.643250e-02	3.584318e+00
2.170000e-05	-4.703794e-02	3.816922e+00
2.171000e-05	-7.861748e-02	3.987449e+00
2.172000e-05	7.315769e-02	4.278979e+00
2.173000e-05	7.651052e-03	4.584795e+00
2.174000e-05	-5.965691e-02	4.808421e+00
2.175000e-05	1.607437e-01	5.151535e+00
2.176000e-05	-1.410540e-01	5.428930e+00
2.177000e-05	4.853251e-02	5.661135e+00
2.178000e-05	-3.678009e-02	5.966321e+00
2.179000e-05	-9.424838e-04	6.217425e+00
2.180000e-05	3.790009e-02	6.520613e+00
2.181000e-05	-7.289165e-02	6.755920e+00
2.182000e-05	4.634039e-02	6.998974e+00
2.183000e-05	-5.691554e-02	7.290016e+00
2.184000e-05	2.387617e-02	7.558293e+00
2.185000e-05	-4.954147e-02	7.840535e+00
2.186000e-05	-4.865638e-03	8.112707e+00
2.187000e-05	2.412638e-02	8.325792e+00
2.188000e-05	-3.938060e-02	8.554846e+00
2.189000e-05	1.578381e-02	8.796897e+00
2.190000e-05	-5.710492e-02	9.058953e+00
2.191000e-05	-1.434927e-02	9.270080e+00
2.192000e-05	-6.980228e-03	9.512160e+00
2.193000e-05	-8.636650e-03	9.704715e+00
2.194000e-05	-2.073069e-02	9.956719e+00
2.195000e-05	-2.895388e-02	1.013635e+01
2.196000e-05	-2.705486e-04	1.040786e+01
2.197000e-05	-3.265575e-02	1.058685e+01
2.198000e-05	-2.197849e-02	1.082737e+01
2.199000e-05	-3.911447e-02	1.097828e+01
2.200000e-05	-1.830902e-02	1.118785e+01
2.201000e-05	-1.681528e-02	1.145883e+01
2.202000e-05	-2.989240e-02	1.162893e+01
2.203000e-05	-3.698271e-02	1.184996e+01
2.204000e-05	-3.398865e-02	1.204943e+01
2.205000e-05	-1.955716e-02	1.220928e+01
2.206000e-05	-2.838065e-02	1.239677e+01
2.207000e-05	-3.725222e-02	1.255574e+01
2.208000e-05	-4.450251e-02	1.270464e+01
2.209000e-05	-3.343271e-02	1.286109e+01
2.210000e-05	-3.449673e-02	1.302888e+01
2.211000e-05	-4.259567e-02	1.318740e+01
2.212000e-05	-4.835315e-02	1.334374e+01
2.213000e-05	-3.784904e-02	1.347111e+01
2.214000e-05	-3.665986e-02	1.356890e+01
2.215000e-05	-4.434988e-02	1.373520e+01
2.216000e-05	-5.914774e-02	1.386306e+01
2.217000e-05	-5.555463e-02	1.401843e+01
2.218000e-05	-4.873370e-02	1.412462e+01
2.219000e-05	-4.945306e-02	1.432003e+01
2.220000e-05	-5.960786e-02	1.439728e+01
2.221000e-05	-6.532827e-02	1.448304e+01
2.222000e-05	-5.746226e-02	1.457783e+01
2.223000e-05	-5.906549e-02	1.466056e+01
2.224000e-05	-6.390625e-02	1.474624e+01
2.225000e-05	-7.469946e-02	1.483045e+01
2.226000e-05	-7.056472e-02	1.487464e+01
2.227000e-05	-7.126143e-02	1.494672e+01
2.228000e-05	-7.596334e-02	1.502995e+01
2.229000e-05	-8.788289e-02	1.509204e+01
2.230000e-05	-9.017667e-02	1.512624e+01
2.231000e-05	-8.420014e-02	1.516935e+01
2.232000e-05	-8.588158e-02	1.523943e+01
2.233000e-05	-9.391759e-02	1.525351e+01
2.234000e-05	-1.033406e-01	1.532312e+01
2.235000e-05	-1.017260e-01	1.533517e+01
2.236000e-05	-1.042294e-01	1.533575e+01
2.237000e-05	-1.122970e-01	1.536832e+01
2.238000e-05	-1.233637e-01	1.538785e+01
2.239000e-05	-1.242305e-01	1.538880e+01
2.240000e-05	-1.254205e-01	1.538685e+01
2.241000e-05	-1.324711e-01	1.534733e+01
2.242000e-05	-1.478726e-01	1.533672e+01
2.243000e-05	-1.585754e-01	1.534709e+01
2.244000e-05	-1.650367e-01	1.534369e+01
2.245000e-05	-1.791125e-01	1.529206e+01
2.246000e-05	-2.015996e-01	1.527149e+01
2.247000e-05	-2.309087e-01	1.520991e+01
2.248000e-05	-2.478980e-01	1.518825e+01
2.249000e-05	-2.500000e-01	1.510564e+01
2.250000e-05	-2.500000e-01	1.506351e+01
2.251000e-05	-2.500000e-01	1.498837e+01
2.252000e-05	-2.500000e-01	1.492674e+01
2.253000e-05	-2.500000e-01	1.484301e+01
2.254000e-05	-2.500000e-01	1.473784e+01
2.255000e-05	-2.490000e-01	1.469469e+01
2.256000e-05	-2.342538e-01	1.457985e+01
2.257000e-05	-2.005871e-01	1.453509e+01
2.258000e-05	-1.741485e-01	1.439195e+01
2.259000e-05	-1.545183e-01	1.424209e+01
2.260000e-05	-1.428955e-01	1.419835e+01
2.261000e-05	-1.262158e-01	1.404248e+01
2.262000e-05	-1.126022e-01	1.389812e+01
2.263000e-05	-1.017798e-01	1.377133e+01
2.264000e-05	-9.767852e-02	1.360253e+01
2.265000e-05	-9.093183e-02	1.351717e+01
2.266000e-05	-8.184992e-02	1.336943e+01
2.267000e-05	-7.361823e-02	1.319292e+01
2.268000e-05	-7.177099e-02	1.306356e+01
2.269000e-05	-7.023558e-02	1.295727e+01
2.270000e-05	-6.547620e-02	1.277935e+01
2.271000e-05	-5.753451e-02	1.261050e+01
2.272000e-05	-5.637094e-02	1.242361e+01
2.273000e-05	-5.486011e-02	1.225459e+01
2.274000e-05	-5.237909e-02	1.212677e+01
2.275000e-05	-4.661854e-02	1.186867e+01
2.276000e-05	-4.447411e-02	1.171614e+01
2.277000e-05	-4.659514e-02	1.146817e+01
2.278000e-05	-4.670443e-02	1.129574e+01
2.279000e-05	-4.269764e-02	1.109769e+01
2.280000e-05	-3.740765e-02	1.087727e+01
2.281000e-05	-3.792080e-02	1.068674e+01
2.282000e-05	-3.788892e-02	1.047519e+01
2.283000e-05	-3.708176e-02	1.025614e+01
2.284000e-05	-3.286381e-02	1.003423e+01
2.285000e-05	-3.224802e-02	9.843959e+00
2.286000e-05	-3.356983e-02	9.571504e+00
2.287000e-05	-3.180992e-02	9.360932e+00
2.288000e-05	-2.821583e-02	9.180796e+00
2.289000e-05	-2.722131e-02	8.918299e+00
2.290000e-05	-2.810732e-02	8.665242e+00
2.291000e-05	-2.959536e-02	8.427136e+00
2.292000e-05	-2.713079e-02	8.234037e+00
2.293000e-05	-2.646280e-02	7.960398e+00
2.294000e-05	-2.520225e-02	7.727269e+00
2.295000e-05	-2.636809e-02	7.415587e+00
2.296000e-05	-2.520368e-02	7.140552e+00
2.297000e-05	-2.349094e-02	6.919349e+00
2.298000e-05	-2.079413e-02	6.676189e+00
2.299000e-05	-2.250700e-02	6.384583e+00
2.300000e-05	-2.238755e-02	6.169424e+00
2.301000e-05	-2.050237e-02	5.917272e+00
2.302000e-05	-1.979274e-02	5.573659e+00
2.303000e-05	-2.012947e-02	5.349525e+00
2.304000e-05	-2.270009e-02	5.044662e+00
2.305000e-05	-2.072548e-02	4.699422e+00
2.306000e-05	-1.852474e-02	4.475287e+00
2.307000e-05	-1.586537e-02	4.154953e+00
2.308000e-05	-1.707342e-02	3.907844e+00
2.309000e-05	-1.623030e-02	3.654659e+00
2.310000e-05	-1.559511e-02	3.341450e+00
2.311000e-05	-1.471806e-02	3.056709e+00
2.312000e-05	-1.761245e-02	2.814109e+00
2.313000e-05	-1.779142e-02	2.530938e+00
2.314000e-05	-1.796712e-02	2.194608e+00
2.315000e-05	-1.351860e-02	1.990900e+00
2.316000e-05	-1.260443e-02	1.667794e+00
2.317000e-05	-1.181365e-02	1.392022e+00
2.318000e-05	-1.124341e-02	1.037712e+00
2.319000e-05	-9.488973e-03	7.599988e-01
2.320000e-05	-1.044256e-02	4.573631e-01
2.321000e-05	-1.118003e-02	1.840780e-01
2.322000e-05	-9.395077e-03	-1.216802e-01
2.323000e-05	1.878594e-03	-3.637432e-01
2.324000e-05	-1.209521e-03	-6.483734e-01
2.325000e-05	1.504198e-03	-9.122090e-01
2.326000e-05	7.467983e-05	-1.155262e+00
2.327000e-05	1.888504e-03	-1.508558e+00
2.328000e-05	1.777494e-03	-1.733688e+00
2.329000e-05	2.058763e-02	-1.945317e+00
2.330000e-05	9.171567e-02	-2.195396e+00
2.331000e-05	7.350268e-02	-2.563834e+00
2.332000e-05	-6.359667e-02	-2.982218e+00
2.333000e-05	2.982331e-04	-3.351660e+00
2.334000e-05	-4.791614e-02	-3.544213e+00
2.335000e-05	-5.360954e-02	-3.752288e+00
2.336000e-05	-4.955565e-02	-3.975943e+00
2.337000e-05	1.725118e-01	-4.144214e+00
2.338000e-05	-1.663784e-01	-4.438501e+00
2.339000e-05	1.535594e-01	-4.743685e+00
2.340000e-05	-3.340295e-04	-4.984294e+00
2.341000e-05	-7.574176e-02	-5.344645e+00
2.342000e-05	1.326673e-01	-5.597844e+00
2.343000e-05	-1.831026e-01	-5.880476e+00
2.344000e-05	1.695300e-01	-6.126166e+00
2.345000e-05	-4.646259e-02	-6.383866e+00
2.346000e-05	2.615061e-02	-6.722610e+00
2.347000e-05	7.169817e-02	-6.944662e+00
2.348000e-05	-1.040175e-01	-7.248330e+00
2.349000e-05	1.304671e-01	-7.501560e+00
2.350000e-05	-1.002630e-01	-7.786742e+00
2.351000e-05	1.055889e-01	-8.060029e+00
2.352000e-05	-7.368551e-03	-8.278979e+00
2.353000e-05	-5.600965e-05	-8.564644e+00
2.354000e-05	9.334380e-02	-8.776295e+00
2.355000e-05	-9.580657e-02	-9.028398e+00
2.356000e-05	1.037586e-01	-9.226930e+00
2.357000e-05	-6.662128e-02	-9.479055e+00
2.358000e-05	1.086769e-01	-9.683562e+00
2.359000e-05	-1.712376e-02	-9.882585e+00
2.360000e-05	4.372050e-02	-1.013417e+01
2.361000e-05	2.235028e-02	-1.033362e+01
2.362000e-05	-3.765312e-03	-1.057527e+01
2.363000e-05	6.793157e-02	-1.077482e+01
2.364000e-05	-3.026692e-02	-1.097519e+01
2.365000e-05	7.968817e-02	-1.115832e+01
2.366000e-05	-2.252224e-02	-1.139575e+01
2.367000e-05	8.170144e-02	-1.159630e+01
2.368000e-05	-1.147974e-02	-1.179672e+01
2.369000e-05	5.407111e-02	-1.201037e+01
2.370000e-05	1.100780e-02	-1.217427e+01
2.371000e-05	5.120477e-02	-1.236732e+01
2.372000e-05	3.489695e-02	-1.252572e+01
2.373000e-05	2.326217e-02	-1.275313e+01
2.374000e-05	4.005719e-02	-1.283096e+01
2.375000e-05	2.283130e-02	-1.299850e+01
2.376000e-05	6.007738e-02	-1.317577e+01
2.377000e-05	2.364287e-02	-1.335369e+01
2.378000e-05	5.967165e-02	-1.350159e+01
2.379000e-05	2.867277e-02	-1.359983e+01
2.380000e-05	6.200033e-02	-1.374616e+01
2.381000e-05	3.232879e-02	-1.391304e+01
2.382000e-05	4.970609e-02	-1.406043e+01
2.383000e-05	3.892284e-02	-1.413614e+01
2.384000e-05	5.944468e-02	-1.430151e+01
2.385000e-05	5.506826e-02	-1.437775e+01
2.386000e-05	5.563500e-02	-1.448211e+01
2.387000e-05	5.407822e-02	-1.458780e+01
2.388000e-05	5.874090e-02	-1.470201e+01
2.389000e-05	6.818369e-02	-1.474722e+01
2.390000e-05	6.180042e-02	-1.486401e+01
2.391000e-05	6.722041e-02	-1.493519e+01
2.392000e-05	6.369048e-02	-1.501930e+01
2.393000e-05	7.659391e-02	-1.508254e+01
2.394000e-05	6.984075e-02	-1.512322e+01
2.395000e-05	7.638058e-02	-1.516883e+01
2.396000e-05	7.547891e-02	-1.522043e+01
2.397000e-05	9.034170e-02	-1.526203e+01
2.398000e-05	9.039069e-02	-1.536564e+01
2.399000e-05	9.137644e-02	-1.533831e+01
2.400000e-05	9.041540e-02	-1.537827e+01
2.401000e-05	9.507352e-02	-1.538886e+01
2.402000e-05	1.040586e-01	-1.545090e+01
2.403000e-05	1.065313e-01	-1.542051e+01
2.404000e-05	1.131959e-01	-1.544050e+01
2.405000e-05	1.166704e-01	-1.547196e+01
2.406000e-05	1.283540e-01	-1.543148e+01
2.407000e-05	1.321776e-01	-1.539045e+01
2.408000e-05	1.386636e-01	-1.543940e+01
2.409000e-05	1.454979e-01	-1.537788e+01
2.410000e-05	1.620452e-01	-1.537837e+01
2.411000e-05	1.799855e-01	-1.534782e+01
2.412000e-05	2.003809e-01	-1.528511e+01
2.413000e-05	2.241096e-01	-1.525101e+01
2.414000e-05	2.465406e-01	-1.520143e+01
2.415000e-05	2.500000e-01	-1.513775e+01
2.416000e-05	2.500000e-01	-1.511619e+01
2.417000e-05	2.500000e-01	-1.497098e+01
2.418000e-05	2.500000e-01	-1.493780e+01
2.419000e-05	2.500000e-01	-1.490309e+01
2.420000e-05	2.500000e-01	-1.480095e+01
2.421000e-05	2.440172e-01	-1.471677e+01
2.422000e-05	2.123212e-01	-1.458151e+01
2.423000e-05	1.854490e-01	-1.453567e+01
2.424000e-05	1.641399e-01	-1.445250e+01
2.425000e-05	1.436454e-01	-1.434814e+01
2.426000e-05	1.256117e-01	-1.424091e+01
2.427000e-05	1.118478e-01	-1.409354e+01
2.428000e-05	1.035434e-01	-1.395837e+01
2.429000e-05	9.172939e-02	-1.383196e+01
2.430000e-05	8.303198e-02	-1.367612e+01
2.431000e-05	7.320664e-02	-1.353829e+01
2.432000e-05	7.110967e-02	-1.342141e+01
2.433000e-05	6.567117e-02	-1.326366e+01
2.434000e-05	6.019248e-02	-1.308817e+01
2.435000e-05	5.307589e-02	-1.295927e+01
2.436000e-05	5.109179e-02	-1.280137e+01
2.437000e-05	4.966491e-02	-1.260204e+01
2.438000e-05	4.513992e-02	-1.246564e+01
2.439000e-05	3.959079e-02	-1.229672e+01
2.440000e-05	3.762232e-02	-1.211720e+01
2.441000e-05	3.579928e-02	-1.194832e+01
2.442000e-05	3.472914e-02	-1.173732e+01
2.443000e-05	3.118143e-02	-1.149732e+01
2.444000e-05	2.826768e-02	-1.127569e+01
2.445000e-05	2.858994e-02	-1.109661e+01
2.446000e-05	2.753099e-02	-1.088461e+01
2.447000e-05	2.695041e-02	-1.072572e+01
2.448000e-05	2.200091e-02	-1.047721e+01
2.449000e-05	2.126185e-02	-1.027509e+01
2.450000e-05	2.030456e-02	-1.002411e+01
2.451000e-05	2.059393e-02	-9.842507e+00
2.452000e-05	1.694079e-02	-9.583111e+00
2.453000e-05	1.626784e-02	-9.400903e+00
2.454000e-05	1.536480e-02	-9.158872e+00
2.455000e-05	1.649986e-02	-8.906795e+00
2.456000e-05	1.315278e-02	-8.677163e+00
2.457000e-05	1.247803e-02	-8.474662e+00
2.458000e-05	1.085550e-02	-8.172581e+00
2.459000e-05	1.115635e-02	-8.010531e+00
2.460000e-05	1.003904e-02	-7.727294e+00
2.461000e-05	8.168312e-03	-7.423509e+00
2.462000e-05	7.274532e-03	-7.161004e+00
2.463000e-05	6.743105e-03	-6.908241e+00
2.464000e-05	7.586311e-03	-6.644637e+00
2.465000e-05	4.482375e-03	-6.442531e+00
2.466000e-05	5.475098e-03	-6.109266e+00
2.467000e-05	2.974644e-03	-5.854237e+00
2.468000e-05	5.209529e-03	-5.632978e+00
2.469000e-05	2.050035e-03	-5.337821e+00
2.470000e-05	2.319451e-03	-5.014055e+00
2.471000e-05	-1.770841e-04	-4.707766e+00
2.472000e-05	2.740287e-03	-4.443532e+00
2.473000e-05	3.748102e-04	-4.211604e+00
2.474000e-05	-1.866482e-04	-3.949341e+00
2.475000e-05	-2.696550e-03	-3.604654e+00
2.476000e-05	-1.741217e-03	-3.381873e+00
2.477000e-05	-2.876596e-03	-3.097764e+00
2.478000e-05	-2.387891e-03	-2.811100e+00
2.479000e-05	-3.266900e-03	-2.498364e+00
2.480000e-05	-3.042031e-03	-2.284586e+00
2.481000e-05	-3.242144e-03	-1.940469e+00
2.482000e-05	-4.650545e-03	-1.686188e+00
2.483000e-05	-5.578394e-03	-1.382472e+00
2.484000e-05	-7.457911e-03	-1.045183e+00
2.485000e-05	-6.455259e-03	-7.509765e-01
2.486000e-05	-6.054043e-03	-4.152868e-01
2.487000e-05	-5.255908e-03	-2.436553e-01
2.488000e-05	-8.895338e-04	8.168040e-02
2.489000e-05	8.969024e-03	3.767922e-01
2.490000e-05	-1.415972e-03	6.079947e-01
2.491000e-05	5.468001e-03	8.600078e-01
2.492000e-05	-3.227605e-03	1.177868e+00
2.493000e-05	1.394696e-03	1.449029e+00
2.494000e-05	-3.029624e-03	1.765261e+00
2.495000e-05	1.678596e-02	1.975870e+00
2.496000e-05	5.800598e-02	2.178922e+00
2.497000e-05	9.655787e-02	2.522790e+00
2.498000e-05	-5.356596e-02	2.900611e+00
2.499000e-05	-2.765087e-02	3.195842e+00
2.500000e-05	-4.038323e-02	3.460003e+00
2.501000e-05	-2.546656e-02	3.713213e+00
2.502000e-05	-9.019255e-02	3.915263e+00
2.503000e-05	4.427564e-03	4.121817e+00
2.504000e-05	9.506790e-02	4.450030e+00
2.505000e-05	-1.221730e-01	4.694712e+00
2.506000e-05	1.533995e-01	4.934292e+00
2.507000e-05	-5.370028e-02	5.363266e+00
2.508000e-05	-4.255114e-02	5.565293e+00
2.509000e-05	3.414364e-02	5.881005e+00
2.510000e-05	-6.099179e-02	6.133696e+00
2.511000e-05	6.990405e-02	6.374315e+00
2.512000e-05	-6.089561e-02	6.700408e+00
2.513000e-05	9.774346e-03	6.913189e+00
2.514000e-05	-1.182829e-02	7.206396e+00
2.515000e-05	-2.296413e-02	7.509505e+00
2.516000e-05	4.447912e-03	7.732694e+00
2.517000e-05	-5.660752e-02	8.039325e+00
2.518000e-05	4.428809e-02	8.292487e+00
2.519000e-05	-3.014979e-02	8.492112e+00
2.520000e-05	-1.869469e-03	8.714612e+00
2.521000e-05	-1.762266e-02	8.964772e+00
2.522000e-05	-5.789296e-02	9.166821e+00
2.523000e-05	1.954842e-02	9.408430e+00
2.524000e-05	-3.235156e-02	9.627983e+00
2.525000e-05	6.384485e-03	9.841157e+00
2.526000e-05	-4.822318e-02	1.008264e+01
2.527000e-05	4.544256e-03	1.032209e+01
2.528000e-05	-2.446588e-02	1.055209e+01
2.529000e-05	-2.635121e-02	1.073266e+01
2.530000e-05	-2.768036e-02	1.092422e+01
2.531000e-05	-3.709096e-02	1.114564e+01
2.532000e-05	-3.320205e-03	1.137574e+01
2.533000e-05	-3.802738e-02	1.155587e+01
2.534000e-05	-2.302874e-02	1.173631e+01
2.535000e-05	-4.821020e-02	1.195422e+01
2.536000e-05	-1.500331e-02	1.215417e+01
2.537000e-05	-2.787885e-02	1.229264e+01
2.538000e-05	-2.999119e-02	1.249111e+01
2.539000e-05	-4.454665e-02	1.262003e+01
2.540000e-05	-3.948655e-02	1.281793e+01
2.541000e-05	-2.907023e-02	1.293672e+01
2.542000e-05	-4.341616e-02	1.312412e+01
2.543000e-05	-4.386461e-02	1.325201e+01
2.544000e-05	-4.816412e-02	1.342743e+01
2.545000e-05	-3.015385e-02	1.352572e+01
2.546000e-05	-4.350393e-02	1.373364e+01
2.547000e-05	-5.026987e-02	1.383790e+01
2.548000e-05	-6.010533e-02	1.396519e+01
2.549000e-05	-5.001380e-02	1.408261e+01
2.550000e-05	-4.788969e-02	1.422741e+01
2.551000e-05	-5.672969e-02	1.431577e+01
2.552000e-05	-6.311698e-02	1.443901e+01
2.553000e-05	-6.263660e-02	1.452522e+01
2.554000e-05	-5.506391e-02	1.461198e+01
2.555000e-05	-6.276278e-02	1.471364e+01
2.556000e-05	-6.924522e-02	1.479945e+01
2.557000e-05	-7.419770e-02	1.485306e+01
2.558000e-05	-6.859634e-02	1.494679e+01
2.559000e-05	-7.369055e-02	1.499787e+01
2.560000e-05	-8.432017e-02	1.504399e+01
2.561000e-05	-9.160034e-02	1.511552e+01
2.562000e-05	-8.858023e-02	1.516832e+01
2.563000e-05	-8.326536e-02	1.523041e+01
2.564000e-05	-9.137770e-02	1.526046e+01
2.565000e-05	-9.965924e-02	1.525506e+01
2.566000e-05	-1.034840e-01	1.532514e+01
2.567000e-05	-1.021820e-01	1.533627e+01
2.568000e-05	-1.086197e-01	1.535727e+01
2.569000e-05	-1.196428e-01	1.534780e+01
2.570000e-05	-1.246820e-01	1.534690e+01
2.571000e-05	-1.254557e-01	1.534987e+01
2.572000e-05	-1.284670e-01	1.536575e+01
2.573000e-05	-1.422082e-01	1.539780e+01
2.574000e-05	-1.548786e-01	1.533667e+01
2.575000e-05	-1.632942e-01	1.528467e+01
2.576000e-05	-1.724285e-01	1.530307e+01
2.577000e-05	-1.921697e-01	1.527356e+01
2.578000e-05	-2.199783e-01	1.519993e+01
2.579000e-05	-2.444599e-01	1.515935e+01
2.580000e-05	-2.497699e-01	1.511769e+01
2.581000e-05	-2.500000e-01	1.504454e+01
2.582000e-05	-2.500000e-01	1.503988e+01
2.583000e-05	-2.500000e-01	1.492735e+01
2.584000e-05	-2.500000e-01	1.487414e+01
2.585000e-05	-2.500000e-01	1.478885e+01
2.586000e-05	-2.500000e-01	1.468566e+01
2.587000e-05	-2.435027e-01	1.466198e+01
2.588000e-05	-2.126626e-01	1.455680e+01
2.589000e-05	-1.823568e-01	1.446148e+01
2.590000e-05	-1.605897e-01	1.430734e+01
2.591000e-05	-1.470696e-01	1.423985e+01
2.592000e-05	-1.322818e-01	1.409502e+01
2.593000e-05	-1.174468e-01	1.395769e+01
2.594000e-05	-1.050809e-01	1.384059e+01
2.595000e-05	-9.989561e-02	1.372467e+01
2.596000e-05	-9.403997e-02	1.354817e+01
2.597000e-05	-8.510061e-02	1.343256e+01
2.598000e-05	-7.610926e-02	1.326516e+01
2.599000e-05	-7.149211e-02	1.312669e+01
2.600000e-05	-7.027068e-02	1.297887e+01
2.601000e-05	-6.675759e-02	1.277348e+01
2.602000e-05	-6.011489e-02	1.263466e+01
2.603000e-05	-5.657962e-02	1.250577e+01
2.604000e-05	-5.575383e-02	1.230617e+01
2.605000e-05	-5.451295e-02	1.217935e+01
2.606000e-05	-5.033207e-02	1.196096e+01
2.607000e-05	-4.535561e-02	1.179048e+01
2.608000e-05	-4.500840e-02	1.156088e+01
2.609000e-05	-4.506878e-02	1.139090e+01
2.610000e-05	-4.376021e-02	1.113990e+01
2.611000e-05	-3.875627e-02	1.101090e+01
2.612000e-05	-3.789794e-02	1.078088e+01
2.613000e-05	-3.802558e-02	1.057138e+01
2.614000e-05	-3.894375e-02	1.031790e+01
2.615000e-05	-3.528390e-02	1.011787e+01
2.616000e-05	-3.300639e-02	9.907799e+00
2.617000e-05	-3.233213e-02	9.666191e+00
2.618000e-05	-3.341344e-02	9.454587e+00
2.619000e-05	-3.025489e-02	9.234709e+00
2.620000e-05	-2.899258e-02	9.002485e+00
2.621000e-05	-2.850623e-02	8.772907e+00
2.622000e-05	-2.918945e-02	8.578347e+00
2.623000e-05	-2.916629e-02	8.308321e+00
2.624000e-05	-2.614002e-02	8.077213e+00
2.625000e-05	-2.399233e-02	7.823532e+00
2.626000e-05	-2.461514e-02	7.551877e+00
2.627000e-05	-2.498946e-02	7.305840e+00
2.628000e-05	-2.412659e-02	7.033587e+00
2.629000e-05	-2.284319e-02	6.821033e+00
2.630000e-05	-2.260898e-02	6.489267e+00
2.631000e-05	-2.285210e-02	6.243612e+00
2.632000e-05	-2.201949e-02	6.013153e+00
2.633000e-05	-1.952701e-02	5.748852e+00
2.634000e-05	-1.995690e-02	5.485170e+00
2.635000e-05	-1.978306e-02	5.171952e+00
2.636000e-05	-2.102059e-02	4.795213e+00
2.637000e-05	-1.898916e-02	4.569424e+00
2.638000e-05	-1.827694e-02	4.286346e+00
2.639000e-05	-1.675441e-02	3.981579e+00
2.640000e-05	-1.877313e-02	3.719969e+00
2.641000e-05	-1.741911e-02	3.486296e+00
2.642000e-05	-1.539466e-02	3.162550e+00
2.643000e-05	-1.459904e-02	2.928344e+00
2.644000e-05	-1.580327e-02	2.615640e+00
2.645000e-05	-1.541996e-02	2.317892e+00
2.646000e-05	-1.403797e-02	2.055760e+00
2.647000e-05	-1.237621e-02	1.763113e+00
2.648000e-05	-1.277709e-02	1.496766e+00
2.649000e-05	-1.336213e-02	1.203580e+00
2.650000e-05	-1.197167e-02	8.566633e-01
2.651000e-05	-1.127307e-02	5.525551e-01
2.652000e-05	-9.000104e-03	3.184163e-01
2.653000e-05	-8.779452e-03	-1.637085e-02
2.654000e-05	-2.425469e-03	-2.580536e-01
2.655000e-05	4.480437e-03	-5.131302e-01
2.656000e-05	-3.524623e-03	-7.998223e-01
2.657000e-05	2.423542e-03	-1.059955e+00
2.658000e-05	-2.126063e-03	-1.383863e+00
2.659000e-05	1.002690e-03	-1.649477e+00
2.660000e-05	7.426715e-03	-1.840106e+00
2.661000e-05	5.700693e-02	-2.091609e+00
2.662000e-05	1.254700e-01	-2.397322e+00
2.663000e-05	-4.712681e-02	-2.775870e+00
2.664000e-05	-9.857514e-03	-3.226340e+00
2.665000e-05	-4.209442e-02	-3.419554e+00
2.666000e-05	-3.340775e-02	-3.629550e+00
2.667000e-05	-1.028136e-01	-3.893085e+00
2.668000e-05	1.443644e-01	-4.030554e+00
2.669000e-05	-4.613018e-02	-4.301710e+00
2.670000e-05	-1.587731e-02	-4.640877e+00
2.671000e-05	1.624444e-01	-4.870103e+00
2.672000e-05	-1.741313e-01	-5.214846e+00
2.673000e-05	1.611062e-01	-5.504112e+00
2.674000e-05	-1.258083e-01	-5.743812e+00
2.675000e-05	3.001196e-02	-6.079028e+00
2.676000e-05	1.019170e-01	-6.299551e+00
2.677000e-05	-9.680755e-02	-6.575345e+00
2.678000e-05	1.544054e-01	-6.839478e+00
2.679000e-05	-1.163865e-01	-7.122185e+00
2.680000e-05	8.695086e-02	-7.418424e+00
2.681000e-05	-1.358966e-02	-7.618949e+00
2.682000e-05	-1.004464e-02	-8.004188e+00
2.683000e-05	1.033637e-01	-8.186796e+00
2.684000e-05	-8.889306e-02	-8.426883e+00
2.685000e-05	1.376580e-01	-8.689534e+00
2.686000e-05	-8.433859e-02	-8.913660e+00
2.687000e-05	5.600588e-02	-9.164714e+00
2.688000e-05	-2.606191e-03	-9.354767e+00
2.689000e-05	2.359990e-02	-9.617396e+00
2.690000e-05	7.398166e-02	-9.828324e+00
2.691000e-05	-3.473258e-02	-9.999402e+00
2.692000e-05	8.791676e-02	-1.028056e+01
2.693000e-05	-5.442564e-02	-1.051151e+01
2.694000e-05	9.196295e-02	-1.068453e+01
2.695000e-05	-3.386948e-02	-1.089055e+01
2.696000e-05	6.450290e-02	-1.111262e+01
2.697000e-05	3.331108e-03	-1.130264e+01
2.698000e-05	4.571724e-02	-1.156322e+01
2.699000e-05	3.180229e-02	-1.171369e+01
2.700000e-05	1.260015e-02	-1.194617e+01
2.701000e-05	4.763771e-02	-1.209364e+01
2.702000e-05	1.273979e-02	-1.230116e+01
2.703000e-05	6.667809e-02	-1.246208e+01
2.704000e-05	1.956351e-03	-1.266903e+01
2.705000e-05	5.394149e-02	-1.280882e+01
2.706000e-05	1.057062e-02	-1.298474e+01
2.707000e-05	6.230188e-02	-1.311314e+01
2.708000e-05	2.682192e-02	-1.328104e+01
2.709000e-05	5.404922e-02	-1.342935e+01
2.710000e-05	3.600324e-02	-1.356779e+01
2.711000e-05	5.052336e-02	-1.367356e+01
2.712000e-05	4.314834e-02	-1.382996e+01
2.713000e-05	3.804179e-02	-1.399630e+01
2.714000e-05	4.587682e-02	-1.411363e+01
2.715000e-05	4.790923e-02	-1.422943e+01
2.716000e-05	6.330573e-02	-1.436574e+01
2.717000e-05	5.062514e-02	-1.445146e+01
2.718000e-05	6.007937e-02	-1.456674e+01
2.719000e-05	5.199266e-02	-1.465998e+01
2.720000e-05	6.890386e-02	-1.475619e+01
2.721000e-05	5.954262e-02	-1.481986e+01
2.722000e-05	6.723244e-02	-1.493304e+01
2.723000e-05	6.208854e-02	-1.499725e+01
2.724000e-05	7.424200e-02	-1.506143e+01
2.725000e-05	7.173924e-02	-1.512367e+01
2.726000e-05	7.537163e-02	-1.517735e+01
2.727000e-05	7.529022e-02	-1.519988e+01
2.728000e-05	8.502774e-02	-1.523251e+01
2.729000e-05	9.079583e-02	-1.529411e+01
2.730000e-05	8.942916e-02	-1.530624e+01
2.731000e-05	9.103462e-02	-1.534725e+01
2.732000e-05	9.120436e-02	-1.540895e+01
2.733000e-05	1.037111e-01	-1.541985e+01
2.734000e-05	1.048599e-01	-1.544993e+01
2.735000e-05	1.115786e-01	-1.544348e+01
2.736000e-05	1.140731e-01	-1.545293e+01
2.737000e-05	1.253447e-01	-1.544003e+01
2.738000e-05	1.293334e-01	-1.543049e+01
2.739000e-05	1.349643e-01	-1.544946e+01
2.740000e-05	1.413809e-01	-1.540043e+01
2.741000e-05	1.562001e-01	-1.540790e+01
2.742000e-05	1.745496e-01	-1.536684e+01
2.743000e-05	1.933796e-01	-1.532512e+01
2.744000e-05	2.142362e-01	-1.522159e+01
2.745000e-05	2.407709e-01	-1.523090e+01
2.746000e-05	2.497494e-01	-1.515633e+01
2.747000e-05	2.500000e-01	-1.513524e+01
2.748000e-05	2.500000e-01	-1.501054e+01
2.749000e-05	2.500000e-01	-1.499882e+01
2.750000e-05	2.500000e-01	-1.490569e+01
2.751000e-05	2.500000e-01	-1.481143e+01
2.752000e-05	2.482980e-01	-1.478825e+01
2.753000e-05	2.244548e-01	-1.464409e+01
2.754000e-05	1.948807e-01	-1.455835e+01
2.755000e-05	1.726454e-01	-1.444311e+01
2.756000e-05	1.508004e-01	-1.435730e+01
2.757000e-05	1.307372e-01	-1.426304e+01
2.758000e-05	1.161231e-01	-1.415870e+01
2.759000e-05	1.052123e-01	-1.399043e+01
2.760000e-05	9.705758e-02	-1.387562e+01
2.761000e-05	8.487558e-02	-1.372632e+01
2.762000e-05	7.787351e-02	-1.356848e+01
2.763000e-05	7.246601e-02	-1.343398e+01
2.764000e-05	6.927017e-02	-1.334570e+01
2.765000e-05	6.042694e-02	-1.315042e+01
2.766000e-05	5.468605e-02	-1.302092e+01
2.767000e-05	5.044978e-02	-1.284454e+01
2.768000e-05	4.993622e-02	-1.269762e+01
2.769000e-05	4.757572e-02	-1.255725e+01
2.770000e-05	4.132490e-02	-1.235837e+01
2.771000e-05	3.803521e-02	-1.219243e+01
2.772000e-05	3.717721e-02	-1.201095e+01
2.773000e-05	3.580227e-02	-1.182141e+01
2.774000e-05	3.178264e-02	-1.161293e+01
2.775000e-05	2.879556e-02	-1.139985e+01
2.776000e-05	2.690479e-02	-1.117885e+01
2.777000e-05	2.855165e-02	-1.093032e+01
2.778000e-05	2.645835e-02	-1.078792e+01
2.779000e-05	2.393470e-02	-1.058048e+01
2.780000e-05	2.120632e-02	-1.038870e+01
2.781000e-05	2.191861e-02	-1.008830e+01
2.782000e-05	2.011714e-02	-9.875689e+00
2.783000e-05	1.919310e-02	-9.705294e+00
2.784000e-05	1.582665e-02	-9.476135e+00
2.785000e-05	1.566672e-02	-9.235129e+00
2.786000e-05	1.645975e-02	-9.043433e+00
2.787000e-05	1.481641e-02	-8.791378e+00
2.788000e-05	1.220312e-02	-8.578824e+00
2.789000e-05	1.152847e-02	-8.306797e+00
2.790000e-05	1.233075e-02	-8.064711e+00
2.791000e-05	1.187083e-02	-7.822535e+00
2.792000e-05	8.531632e-03	-7.508295e+00
2.793000e-05	7.819095e-03	-7.295211e+00
2.794000e-05	6.593080e-03	-7.032411e+00
2.795000e-05	7.008671e-03	-6.760899e+00
2.796000e-05	5.208349e-03	-6.496843e+00
2.797000e-05	4.993419e-03	-6.244637e+00
2.798000e-05	4.189490e-03	-5.991900e+00
2.799000e-05	4.887514e-03	-5.718242e+00
2.800000e-05	3.935424e-03	-5.443511e+00
2.801000e-05	2.280596e-03	-5.127899e+00
2.802000e-05	1.323048e-04	-4.804074e+00
2.803000e-05	2.567088e-03	-4.520463e+00
2.804000e-05	1.967363e-03	-4.296763e+00
2.805000e-05	5.182188e-04	-4.014105e+00
2.806000e-05	-1.727693e-03	-3.749348e+00
2.807000e-05	-2.267625e-03	-3.446640e+00
2.808000e-05	-2.948133e-03	-3.212104e+00
2.809000e-05	-9.688101e-04	-2.906738e+00
2.810000e-05	-4.252799e-03	-2.613107e+00
2.811000e-05	-2.977328e-03	-2.359999e+00
2.812000e-05	-3.635098e-03	-2.024807e+00
2.813000e-05	-2.792234e-03	-1.791527e+00
2.814000e-05	-5.700523e-03	-1.497272e+00
2.815000e-05	-5.989758e-03	-1.158948e+00
2.816000e-05	-6.731768e-03	-8.972370e-01
2.817000e-05	-5.288987e-03	-6.340525e-01
2.818000e-05	-6.129461e-03	-3.072647e-01
2.819000e-05	-4.920523e-03	-3.373033e-02
2.820000e-05	6.453962e-03	2.525328e-01
2.821000e-05	5.933832e-04	5.217669e-01
2.822000e-05	3.568939e-03	7.772947e-01
2.823000e-05	-6.631155e-04	1.038627e+00
2.824000e-05	-4.930991e-04	1.340737e+00
2.825000e-05	-1.503164e-03	1.658904e+00
2.826000e-05	7.831667e-03	1.912133e+00
2.827000e-05	3.443186e-02	2.082212e+00
2.828000e-05	1.049401e-01	2.386897e+00
2.829000e-05	-3.437597e-03	2.765191e+00
2.830000e-05	-4.729047e-02	3.039005e+00
2.831000e-05	-3.315194e-02	3.322296e+00
2.832000e-05	-3.031747e-02	3.608477e+00
2.833000e-05	-6.925117e-02	3.859984e+00
2.834000e-05	-5.280853e-02	4.039075e+00
2.835000e-05	1.050419e-01	4.313663e+00
2.836000e-05	-6.348657e-02	4.629451e+00
2.837000e-05	3.009447e-02	4.820552e+00
2.838000e-05	9.235666e-02	5.185667e+00
2.839000e-05	-1.312127e-01	5.473135e+00
2.840000e-05	6.757369e-02	5.742892e+00
2.841000e-05	-6.842876e-02	6.018476e+00
2.842000e-05	4.159878e-02	6.271484e+00
2.843000e-05	-2.355033e-03	6.564243e+00
2.844000e-05	-4.745530e-02	6.829501e+00
2.845000e-05	3.802804e-02	7.091610e+00
2.846000e-05	-5.953160e-02	7.363772e+00
2.847000e-05	3.331379e-02	7.625950e+00
2.848000e-05	-7.119736e-02	7.902117e+00
2.849000e-05	2.399774e-02	8.184874e+00
2.850000e-05	1.033084e-03	8.418901e+00
2.851000e-05	-2.779262e-02	8.648400e+00
2.852000e-05	1.308999e-02	8.828557e+00
2.853000e-05	-6.915437e-02	9.091212e+00
2.854000e-05	1.327352e-02	9.304141e+00
2.855000e-05	-2.490682e-02	9.553165e+00
2.856000e-05	5.601732e-03	9.765847e+00
2.857000e-05	-4.206315e-02	1.000842e+01
2.858000e-05	-1.472623e-02	1.018891e+01
2.859000e-05	-1.102069e-02	1.044995e+01
2.860000e-05	-3.218926e-02	1.063041e+01
2.861000e-05	-1.993189e-02	1.086006e+01
2.862000e-05	-4.116903e-02	1.105200e+01
2.863000e-05	-3.346792e-03	1.126001e+01
2.864000e-05	-2.764752e-02	1.148104e+01
2.865000e-05	-2.258694e-02	1.163208e+01
2.866000e-05	-4.878912e-02	1.189359e+01
2.867000e-05	-2.477570e-02	1.205256e+01
2.868000e-05	-2.604066e-02	1.223946e+01
2.869000e-05	-2.826736e-02	1.242990e+01
2.870000e-05	-4.243051e-02	1.254634e+01
2.871000e-05	-4.152983e-02	1.272472e+01
2.872000e-05	-2.802390e-02	1.289457e+01
2.873000e-05	-3.770472e-02	1.305006e+01
2.874000e-05	-3.968789e-02	1.324893e+01
2.875000e-05	-5.235503e-02	1.334716e+01
2.876000e-05	-3.226169e-02	1.347209e+01
2.877000e-05	-4.359646e-02	1.364048e+01
2.878000e-05	-4.552782e-02	1.379777e+01
2.879000e-05	-6.249074e-02	1.393314e+01
2.880000e-05	-5.215051e-02	1.402944e+01
2.881000e-05	-4.674984e-02	1.418933e+01
2.882000e-05	-5.259824e-02	1.433309e+01
2.883000e-05	-6.078767e-02	1.437937e+01
2.884000e-05	-6.562691e-02	1.451504e+01
2.885000e-05	-5.613081e-02	1.458888e+01
2.886000e-05	-6.144270e-02	1.468208e+01
2.887000e-05	-6.693873e-02	1.476577e+01
2.888000e-05	-7.637562e-02	1.487356e+01
2.889000e-05	-6.862123e-02	1.489367e+01
2.890000e-05	-7.179777e-02	1.495780e+01
2.891000e-05	-7.844049e-02	1.503948e+01
2.892000e-05	-9.009003e-02	1.511312e+01
2.893000e-05	-8.929728e-02	1.513719e+01
2.894000e-05	-8.385177e-02	1.520986e+01
2.895000e-05	-8.831249e-02	1.525048e+01
2.896000e-05	-9.699367e-02	1.528261e+01
2.897000e-05	-1.050092e-01	1.529369e+01
2.898000e-05	-1.021551e-01	1.534522e+01
2.899000e-05	-1.067231e-01	1.536678e+01
2.900000e-05	-1.141827e-01	1.540734e+01
2.901000e-05	-1.239767e-01	1.537728e+01
2.902000e-05	-1.238033e-01	1.538790e+01
2.903000e-05	-1.259171e-01	1.533775e+01
2.904000e-05	-1.362421e-01	1.530728e+01
2.905000e-05	-1.514500e-01	1.532620e+01
2.906000e-05	-1.606192e-01	1.531672e+01
2.907000e-05	-1.680345e-01	1.529359e+01
2.908000e-05	-1.838841e-01	1.526201e+01
2.909000e-05	-2.091378e-01	1.523150e+01
2.910000e-05	-2.366205e-01	1.520945e+01
2.911000e-05	-2.483597e-01	1.515575e+01
2.912000e-05	-2.500000e-01	1.507364e+01
2.913000e-05	-2.500000e-01	1.500298e+01
2.914000e-05	-2.500000e-01	1.494927e+01
2.915000e-05	-2.500000e-01	1.486469e+01
2.916000e-05	-2.500000e-01	1.482145e+01
2.917000e-05	-2.500000e-01	1.477625e+01
2.918000e-05	-2.484458e-01	1.465311e+01
2.919000e-05	-2.260592e-01	1.457882e+01
2.920000e-05	-1.925100e-01	1.444361e+01
2.921000e-05	-1.663043e-01	1.435880e+01
2.922000e-05	-1.520162e-01	1.428153e+01
2.923000e-05	-1.385857e-01	1.413677e+01
2.924000e-05	-1.234380e-01	1.400040e+01
2.925000e-05	-1.083251e-01	1.386362e+01
2.926000e-05	-1.019364e-01	1.373882e+01
2.927000e-05	-9.623382e-02	1.361100e+01
2.928000e-05	-8.892208e-02	1.347510e+01
2.929000e-05	-7.813524e-02	1.334875e+01
2.930000e-05	-7.266564e-02	1.318095e+01
2.931000e-05	-7.164522e-02	1.302158e+01
2.932000e-05	-6.847505e-02	1.290464e+01
2.933000e-05	-6.255530e-02	1.269734e+01
2.934000e-05	-5.687051e-02	1.258743e+01
2.935000e-05	-5.606891e-02	1.238890e+01
2.936000e-05	-5.501546e-02	1.224256e+01
2.937000e-05	-5.129161e-02	1.203313e+01
2.938000e-05	-4.668679e-02	1.185507e+01
2.939000e-05	-4.513719e-02	1.166519e+01
2.940000e-05	-4.589671e-02	1.146407e+01
2.941000e-05	-4.374858e-02	1.124311e+01
2.942000e-05	-3.982275e-02	1.104406e+01
2.943000e-05	-3.781071e-02	1.087561e+01
2.944000e-05	-3.847494e-02	1.066361e+01
2.945000e-05	-3.876423e-02	1.041501e+01
2.946000e-05	-3.517235e-02	1.022154e+01
2.947000e-05	-3.357140e-02	1.001208e+01
2.948000e-05	-3.209336e-02	9.769975e+00
2.949000e-05	-3.335943e-02	9.499849e+00
2.950000e-05	-3.106132e-02	9.327896e+00
2.951000e-05	-2.942419e-02	9.097220e+00
2.952000e-05	-2.857099e-02	8.867745e+00
2.953000e-05	-2.986660e-02	8.652086e+00
2.954000e-05	-2.910110e-02	8.413657e+00
2.955000e-05	-2.580068e-02	8.160378e+00
2.956000e-05	-2.421282e-02	7.907771e+00
2.957000e-05	-2.552382e-02	7.655137e+00
2.958000e-05	-2.697477e-02	7.369925e+00
2.959000e-05	-2.497486e-02	7.098347e+00
2.960000e-05	-2.291332e-02	6.875240e+00
2.961000e-05	-2.149248e-02	6.662506e+00
2.962000e-05	-2.305763e-02	6.338824e+00
2.963000e-05	-2.228916e-02	6.107739e+00
2.964000e-05	-1.904550e-02	5.883588e+00
2.965000e-05	-1.974487e-02	5.552421e+00
2.966000e-05	-2.057576e-02	5.326216e+00
2.967000e-05	-2.180538e-02	4.990899e+00
2.968000e-05	-1.840171e-02	4.635637e+00
2.969000e-05	-1.748671e-02	4.382630e+00
2.970000e-05	-1.648237e-02	4.130869e+00
2.971000e-05	-1.942057e-02	3.825084e+00
2.972000e-05	-1.809526e-02	3.571524e+00
2.973000e-05	-1.384042e-02	3.277261e+00
2.974000e-05	-1.468585e-02	2.994104e+00
2.975000e-05	-1.626601e-02	2.759526e+00
2.976000e-05	-1.674171e-02	2.445711e+00
2.977000e-05	-1.405781e-02	2.161976e+00
2.978000e-05	-1.284995e-02	1.897822e+00
2.979000e-05	-1.379386e-02	1.591580e+00
2.980000e-05	-1.377797e-02	1.298395e+00
2.981000e-05	-1.159384e-02	1.004508e+00
2.982000e-05	-9.625422e-03	7.077147e-01
2.983000e-05	-9.796803e-03	4.241567e-01
2.984000e-05	-1.054545e-02	1.488723e-01
2.985000e-05	-7.090100e-03	-1.762332e-01
2.986000e-05	6.850265e-03	-4.078959e-01
2.987000e-05	-3.657148e-03	-6.625615e-01
2.988000e-05	3.462501e-03	-9.663393e-01
2.989000e-05	-4.145616e-03	-1.228470e+00
2.990000e-05	4.033465e-03	-1.523292e+00
2.991000e-05	9.157576e-04	-1.756792e+00
2.992000e-05	3.202697e-02	-1.997817e+00
2.993000e-05	1.151539e-01	-2.290130e+00
2.994000e-05	2.286227e-02	-2.657952e+00
2.995000e-05	-4.534336e-02	-3.058500e+00
2.996000e-05	-1.151132e-02	-3.375219e+00
2.997000e-05	-4.389479e-02	-3.577313e+00
2.998000e-05	-8.096596e-02	-3.796326e+00
2.999000e-05	2.570500e-02	-4.008521e+00
3.000000e-05	1.159179e-01	-4.197847e+00
3.001000e-05	-1.556555e-01	-4.480158e+00
3.002000e-05	2.080561e-01	-4.797346e+00
3.003000e-05	-1.074951e-01	-5.047427e+00
3.004000e-05	3.701530e-02	-5.447377e+00
3.005000e-05	3.837380e-02	-5.617928e+00
3.006000e-05	-1.349357e-01	-5.983688e+00
3.007000e-05	1.861589e-01	-6.145849e+00
3.008000e-05	-1.097102e-01	-6.457479e+00
3.009000e-05	1.090146e-01	-6.796063e+00
3.010000e-05	-1.789704e-02	-6.986346e+00
3.011000e-05	-3.641399e-02	-7.311038e+00
3.012000e-05	9.662782e-02	-7.555216e+00
3.013000e-05	-9.760365e-02	-7.848531e+00
3.014000e-05	1.405504e-01	-8.113138e+00
3.015000e-05	-7.143301e-02	-8.332661e+00
3.016000e-05	7.586944e-02	-8.627876e+00
3.017000e-05	2.047680e-02	-8.838467e+00
3.018000e-05	-4.731037e-02	-9.091029e+00
3.019000e-05	7.907777e-02	-9.272013e+00
3.020000e-05	-5.723643e-02	-9.541634e+00
3.021000e-05	1.249368e-01	-9.743790e+00
3.022000e-05	-5.134458e-02	-9.963242e+00
3.023000e-05	8.425104e-02	-1.020674e+01
3.024000e-05	-2.735491e-02	-1.039827e+01
3.025000e-05	4.657518e-02	-1.063850e+01
3.026000e-05	2.365802e-02	-1.079675e+01
3.027000e-05	4.543769e-03	-1.103885e+01
3.028000e-05	5.558201e-02	-1.125032e+01
3.029000e-05	-7.227122e-03	-1.144988e+01
3.030000e-05	7.577928e-02	-1.166988e+01
3.031000e-05	-1.712572e-02	-1.183998e+01
3.032000e-05	6.456798e-02	-1.204003e+01
3.033000e-05	-1.577301e-03	-1.221938e+01
3.034000e-05	7.034631e-02	-1.236788e+01
3.035000e-05	1.334452e-02	-1.256727e+01
3.036000e-05	4.171268e-02	-1.278762e+01
3.037000e-05	2.340436e-02	-1.291264e+01
3.038000e-05	4.075235e-02	-1.309099e+01
3.039000e-05	4.652312e-02	-1.320785e+01
3.040000e-05	3.337424e-02	-1.338677e+01
3.041000e-05	5.196529e-02	-1.348106e+01
3.042000e-05	3.369190e-02	-1.364991e+01
3.043000e-05	5.942418e-02	-1.378774e+01
3.044000e-05	3.147704e-02	-1.392212e+01
3.045000e-05	5.167573e-02	-1.405043e+01
3.046000e-05	3.898709e-02	-1.418835e+01
3.047000e-05	6.357349e-02	-1.432256e+01
3.048000e-05	5.050082e-02	-1.442843e+01
3.049000e-05	5.791181e-02	-1.452364e+01
3.050000e-05	5.016973e-02	-1.460890e+01
3.051000e-05	6.460418e-02	-1.472362e+01
3.052000e-05	6.549346e-02	-1.479890e+01
3.053000e-05	6.561472e-02	-1.486304e+01
3.054000e-05	6.557889e-02	-1.497780e+01
3.055000e-05	6.792589e-02	-1.504793e+01
3.056000e-05	7.459191e-02	-1.507359e+01
3.057000e-05	7.087933e-02	-1.513474e+01
3.058000e-05	7.592018e-02	-1.519990e+01
3.059000e-05	7.773803e-02	-1.522993e+01
3.060000e-05	9.067841e-02	-1.528359e+01
3.061000e-05	8.880043e-02	-1.529567e+01
3.062000e-05	9.241724e-02	-1.535674e+01
3.063000e-05	8.994310e-02	-1.536783e+01
3.064000e-05	9.981957e-02	-1.540985e+01
3.065000e-05	1.039550e-01	-1.540143e+01
3.066000e-05	1.086219e-01	-1.544858e+01
3.067000e-05	1.128997e-01	-1.543198e+01
3.068000e-05	1.196515e-01	-1.544103e+01
3.069000e-05	1.288895e-01	-1.541199e+01
3.070000e-05	1.329977e-01	-1.539943e+01
3.071000e-05	1.395075e-01	-1.539843e+01
3.072000e-05	1.497118e-01	-1.537888e+01
3.073000e-05	1.672036e-01	-1.535789e+01
3.074000e-05	1.849844e-01	-1.532524e+01
3.075000e-05	2.056584e-01	-1.527411e+01
3.076000e-05	2.308200e-01	-1.526290e+01
3.077000e-05	2.482361e-01	-1.516893e+01
3.078000e-05	2.500000e-01	-1.511575e+01
3.079000e-05	2.500000e-01	-1.507406e+01
3.080000e-05	2.500000e-01	-1.499101e+01
3.081000e-05	2.500000e-01	-1.495722e+01
3.082000e-05	2.500000e-01	-1.485301e+01
3.083000e-05	2.496000e-01	-1.474993e+01
3.084000e-05	2.374625e-01	-1.470614e+01
3.085000e-05	2.047090e-01	-1.460943e+01
3.086000e-05	1.802239e-01	-1.449576e+01
3.087000e-05	1.585149e-01	-1.438990e+01
3.088000e-05	1.385874e-01	-1.428712e+01
3.089000e-05	1.209592e-01	-1.420028e+01
3.090000e-05	1.092071e-01	-1.404301e+01
3.091000e-05	9.907145e-02	-1.395572e+01
3.092000e-05	8.934092e-02	-1.381140e+01
3.093000e-05	7.935635e-02	-1.365303e+01
3.094000e-05	7.389905e-02	-1.352722e+01
3.095000e-05	6.912650e-02	-1.336835e+01
3.096000e-05	6.394932e-02	-1.324300e+01
3.097000e-05	5.667981e-02	-1.307399e+01
3.098000e-05	5.250060e-02	-1.290624e+01
3.099000e-05	5.057431e-02	-1.277935e+01
3.100000e-05	4.678809e-02	-1.261991e+01
3.101000e-05	4.328188e-02	-1.242315e+01
3.102000e-05	3.981779e-02	-1.225351e+01
3.103000e-05	3.852908e-02	-1.210568e+01
3.104000e-05	3.559978e-02	-1.190469e+01
3.105000e-05	3.426727e-02	-1.169664e+01
3.106000e-05	3.062367e-02	-1.142161e+01
3.107000e-05	2.925130e-02	-1.125461e+01
3.108000e-05	2.780001e-02	-1.100251e+01
3.109000e-05	2.582047e-02	-1.084308e+01
3.110000e-05	2.349487e-02	-1.067306e+01
3.111000e-05	2.181660e-02	-1.043353e+01
3.112000e-05	2.066394e-02	-1.022251e+01
3.113000e-05	2.027547e-02	-9.979925e+00
3.114000e-05	1.936587e-02	-9.798825e+00
3.115000e-05	1.840592e-02	-9.559873e+00
3.116000e-05	1.750213e-02	-9.319275e+00
3.117000e-05	1.714780e-02	-9.077738e+00
3.118000e-05	1.428331e-02	-8.896217e+00
3.119000e-05	1.205267e-02	-8.643533e+00
3.120000e-05	1.037764e-02	-8.372029e+00
3.121000e-05	1.035177e-02	-8.179895e+00
3.122000e-05	1.008864e-02	-7.907297e+00
3.123000e-05	1.118084e-02	-7.604527e+00
3.124000e-05	1.000494e-02	-7.410901e+00
3.125000e-05	9.974786e-03	-7.098742e+00
3.126000e-05	7.650887e-03	-6.844732e+00
3.127000e-05	5.840544e-03	-6.613479e+00
3.128000e-05	3.940486e-03	-6.350325e+00
3.129000e-05	3.145104e-03	-6.064637e+00
3.130000e-05	2.660243e-03	-5.793005e+00
3.131000e-05	3.544087e-03	-5.500394e+00
3.132000e-05	3.799028e-03	-5.235684e+00
3.133000e-05	2.986514e-03	-4.918896e+00
3.134000e-05	3.753035e-03	-4.592629e+00
3.135000e-05	1.694692e-03	-4.391979e+00
3.136000e-05	1.365169e-03	-4.120395e+00
3.137000e-05	-2.569505e-03	-3.836211e+00
3.138000e-05	-2.374715e-03	-3.572026e+00
3.139000e-05	-4.850969e-03	-3.298841e+00
3.140000e-05	-2.650739e-03	-3.025055e+00
3.141000e-05	-2.847719e-03	-2.708421e+00
3.142000e-05	-4.434960e-04	-2.425711e+00
3.143000e-05	-3.464546e-03	-2.160424e+00
3.144000e-05	-2.294466e-03	-1.887761e+00
3.145000e-05	-4.555327e-03	-1.623529e+00
3.146000e-05	-5.761774e-03	-1.255843e+00
3.147000e-05	-7.927551e-03	-9.724775e-01
3.148000e-05	-7.213562e-03	-7.183910e-01
3.149000e-05	-6.416039e-03	-4.216253e-01
3.150000e-05	-5.197472e-03	-1.004161e-01
3.151000e-05	3.080893e-03	1.122857e-01
3.152000e-05	5.492256e-03	4.200501e-01
3.153000e-05	8.106788e-04	6.531551e-01
3.154000e-05	3.284612e-03	9.142628e-01
3.155000e-05	-2.322727e-03	1.229079e+00
3.156000e-05	2.125002e-04	1.500713e+00
3.157000e-05	-1.763409e-03	1.817953e+00
3.158000e-05	2.132057e-02	1.999481e+00
3.159000e-05	7.887559e-02	2.272134e+00
3.160000e-05	6.540984e-02	2.606951e+00
3.161000e-05	-6.164202e-02	2.925368e+00
3.162000e-05	-2.439281e-02	3.219472e+00
3.163000e-05	-3.995185e-02	3.542686e+00
3.164000e-05	-3.642443e-02	3.776819e+00
3.165000e-05	-8.616092e-02	3.957341e+00
3.166000e-05	4.952174e-02	4.205871e+00
3.167000e-05	4.469452e-02	4.533239e+00
3.168000e-05	-9.494127e-02	4.755871e+00
3.169000e-05	1.733786e-01	5.078432e+00
3.170000e-05	-1.227911e-01	5.426447e+00
3.171000e-05	2.140168e-02	5.639529e+00
3.172000e-05	-1.185896e-02	5.963161e+00
3.173000e-05	-2.440875e-02	6.196842e+00
3.174000e-05	5.501887e-02	6.418102e+00
3.175000e-05	-7.479160e-02	6.723813e+00
3.176000e-05	3.860219e-02	6.945946e+00
3.177000e-05	-4.407125e-02	7.249413e+00
3.178000e-05	9.179497e-03	7.564168e+00
3.179000e-05	-3.129209e-02	7.807877e+00
3.180000e-05	-2.471919e-02	8.094505e+00
3.181000e-05	3.415467e-02	8.354240e+00
3.182000e-05	-3.841899e-02	8.524244e+00
3.183000e-05	1.216131e-02	8.764766e+00
3.184000e-05	-4.267431e-02	8.996854e+00
3.185000e-05	-3.020511e-02	9.259975e+00
3.186000e-05	4.652875e-03	9.481056e+00
3.187000e-05	-1.830103e-02	9.712562e+00
3.188000e-05	-1.014831e-02	9.933187e+00
3.189000e-05	-3.919957e-02	1.015474e+01
3.190000e-05	2.489241e-03	1.037424e+01
3.191000e-05	-3.070795e-02	1.060525e+01
3.192000e-05	-2.192935e-02	1.078527e+01
3.193000e-05	-3.485137e-02	1.098537e+01
3.194000e-05	-2.405210e-02	1.119682e+01
3.195000e-05	-1.119850e-02	1.143780e+01
3.196000e-05	-3.142558e-02	1.160888e+01
3.197000e-05	-3.242573e-02	1.180875e+01
3.198000e-05	-4.035620e-02	1.199588e+01
3.199000e-05	-1.839597e-02	1.217722e+01
3.200000e-05	-2.695754e-02	1.234470e+01
3.201000e-05	-3.638038e-02	1.251311e+01
3.202000e-05	-4.428894e-02	1.266116e+01
3.203000e-05	-3.537020e-02	1.285143e+01
3.204000e-05	-3.055584e-02	1.304627e+01
3.205000e-05	-4.275657e-02	1.316580e+01
3.206000e-05	-4.650398e-02	1.333262e+01
3.207000e-05	-4.243853e-02	1.344846e+01
3.208000e-05	-3.396886e-02	1.359688e+01
3.209000e-05	-4.402880e-02	1.371322e+01
3.210000e-05	-5.757727e-02	1.387191e+01
3.211000e-05	-5.714019e-02	1.397728e+01
3.212000e-05	-4.938311e-02	1.413562e+01
3.213000e-05	-4.743827e-02	1.423159e+01
3.214000e-05	-5.925862e-02	1.436585e+01
3.215000e-05	-6.419266e-02	1.448091e+01
3.216000e-05	-6.002203e-02	1.454722e+01
3.217000e-05	-5.708874e-02	1.462195e+01
3.218000e-05	-6.455505e-02	1.471479e+01
3.219000e-05	-7.451370e-02	1.483836e+01
3.220000e-05	-7.222040e-02	1.489414e+01
3.221000e-05	-7.002307e-02	1.491784e+01
3.222000e-05	-7.393457e-02	1.500988e+01
3.223000e-05	-8.709496e-02	1.508114e+01
3.224000e-05	-9.131489e-02	1.512727e+01
3.225000e-05	-8.617290e-02	1.517682e+01
3.226000e-05	-8.731714e-02	1.520891e+01
3.227000e-05	-9.193384e-02	1.527152e+01
3.228000e-05	-1.042340e-01	1.531414e+01
3.229000e-05	-9.957652e-02	1.533514e+01
3.230000e-05	-1.025062e-01	1.534577e+01
3.231000e-05	-1.092085e-01	1.536577e+01
3.232000e-05	-1.228348e-01	1.539573e+01
3.233000e-05	-1.271251e-01	1.537580e+01
3.234000e-05	-1.276207e-01	1.537792e+01
3.235000e-05	-1.328572e-01	1.537733e+01
3.236000e-05	-1.448536e-01	1.534770e+01
3.237000e-05	-1.560470e-01	1.535775e+01
3.238000e-05	-1.612314e-01	1.531466e+01
3.239000e-05	-1.747474e-01	1.527356e+01
3.240000e-05	-1.982811e-01	1.526203e+01
3.241000e-05	-2.272136e-01	1.519993e+01
3.242000e-05	-2.466118e-01	1.517825e+01
3.243000e-05	-2.500000e-01	1.509567e+01
3.244000e-05	-2.500000e-01	1.504308e+01
3.245000e-05	-2.500000e-01	1.499138e+01
3.246000e-05	-2.500000e-01	1.489672e+01
3.247000e-05	-2.500000e-01	1.487349e+01
3.248000e-05	-2.500000e-01	1.474940e+01
3.249000e-05	-2.494000e-01	1.465414e+01
3.250000e-05	-2.378799e-01	1.459935e+01
3.251000e-05	-2.067108e-01	1.452619e+01
3.252000e-05	-1.779668e-01	1.437148e+01
3.253000e-05	-1.577634e-01	1.429572e+01
3.254000e-05	-1.435154e-01	1.419733e+01
3.255000e-05	-1.280665e-01	1.402414e+01
3.256000e-05	-1.126033e-01	1.394877e+01
3.257000e-05	-1.014651e-01	1.382193e+01
3.258000e-05	-9.826313e-02	1.365364e+01
3.259000e-05	-9.238466e-02	1.350687e+01
3.260000e-05	-8.410430e-02	1.340095e+01
3.261000e-05	-7.552629e-02	1.322411e+01
3.262000e-05	-7.278519e-02	1.309559e+01
3.263000e-05	-6.980064e-02	1.293035e+01
3.264000e-05	-6.608089e-02	1.278293e+01
3.265000e-05	-5.720600e-02	1.265198e+01
3.266000e-05	-5.534158e-02	1.242516e+01
3.267000e-05	-5.440762e-02	1.229567e+01
3.268000e-05	-5.372037e-02	1.214837e+01
3.269000e-05	-4.868729e-02	1.195833e+01
3.270000e-05	-4.606077e-02	1.173778e+01
3.271000e-05	-4.692980e-02	1.151772e+01
3.272000e-05	-4.642179e-02	1.134777e+01
3.273000e-05	-4.266142e-02	1.110877e+01
3.274000e-05	-3.778758e-02	1.092787e+01
3.275000e-05	-3.672447e-02	1.069875e+01
3.276000e-05	-3.770048e-02	1.051685e+01
3.277000e-05	-3.760338e-02	1.027722e+01
3.278000e-05	-3.447157e-02	1.009624e+01
3.279000e-05	-3.374569e-02	9.875162e+00
3.280000e-05	-3.441755e-02	9.615056e+00
3.281000e-05	-3.428529e-02	9.423507e+00
3.282000e-05	-3.058176e-02	9.192550e+00
3.283000e-05	-2.774663e-02	8.969346e+00
3.284000e-05	-2.789209e-02	8.718841e+00
3.285000e-05	-2.974284e-02	8.486689e+00
3.286000e-05	-2.822917e-02	8.264660e+00
3.287000e-05	-2.551463e-02	7.993983e+00
3.288000e-05	-2.461532e-02	7.741446e+00
3.289000e-05	-2.594350e-02	7.495288e+00
3.290000e-05	-2.640400e-02	7.213078e+00
3.291000e-05	-2.361169e-02	6.939426e+00
3.292000e-05	-2.248851e-02	6.688821e+00
3.293000e-05	-2.280629e-02	6.415184e+00
3.294000e-05	-2.343087e-02	6.182453e+00
3.295000e-05	-2.118893e-02	5.960397e+00
3.296000e-05	-1.969968e-02	5.643637e+00
3.297000e-05	-1.904451e-02	5.392528e+00
3.298000e-05	-2.109027e-02	5.078271e+00
3.299000e-05	-2.041599e-02	4.742875e+00
3.300000e-05	-1.785524e-02	4.497338e+00
3.301000e-05	-1.777377e-02	4.245662e+00
3.302000e-05	-1.754933e-02	3.929443e+00
3.303000e-05	-1.909581e-02	3.655711e+00
3.304000e-05	-1.636410e-02	3.433533e+00
3.305000e-05	-1.465317e-02	3.117869e+00
3.306000e-05	-1.442001e-02	2.854187e+00
3.307000e-05	-1.606794e-02	2.531979e+00
3.308000e-05	-1.607939e-02	2.225213e+00
3.309000e-05	-1.320007e-02	1.999555e+00
3.310000e-05	-1.202415e-02	1.757865e+00
3.311000e-05	-1.309913e-02	1.403580e+00
3.312000e-05	-1.400796e-02	1.109441e+00
3.313000e-05	-1.141318e-02	7.725238e-01
3.314000e-05	-1.024045e-02	4.988199e-01
3.315000e-05	-9.043550e-03	2.056832e-01
3.316000e-05	-9.436050e-03	-7.860132e-02
3.317000e-05	2.284835e-03	-3.247328e-01
3.318000e-05	2.667472e-03	-5.869145e-01
3.319000e-05	-9.203146e-05	-8.395812e-01
3.320000e-05	-5.364465e-04	-1.104188e+00
3.321000e-05	-7.557812e-04	-1.438377e+00
3.322000e-05	6.850712e-04	-1.693187e+00
3.323000e-05	1.678388e-02	-1.931713e+00
3.324000e-05	7.801036e-02	-2.134295e+00
3.325000e-05	9.839853e-02	-2.459157e+00
3.326000e-05	-6.247685e-02	-2.942580e+00
3.327000e-05	3.503676e-03	-3.267084e+00
3.328000e-05	-5.002241e-02	-3.481633e+00
3.329000e-05	-4.401059e-02	-3.700714e+00
3.330000e-05	-7.947771e-02	-3.973708e+00
3.331000e-05	1.785585e-01	-4.101662e+00
3.332000e-05	-1.353895e-01	-4.414868e+00
3.333000e-05	1.019242e-01	-4.722107e+00
3.334000e-05	6.349650e-02	-4.932759e+00
3.335000e-05	-1.257822e-01	-5.299563e+00
3.336000e-05	1.592678e-01	-5.586339e+00
3.337000e-05	-1.794706e-01	-5.817476e+00
3.338000e-05	1.295599e-01	-6.082140e+00
3.339000e-05	3.608164e-03	-6.333190e+00
3.340000e-05	-1.983361e-02	-6.659356e+00
3.341000e-05	1.124181e-01	-6.911565e+00
3.342000e-05	-1.227702e-01	-7.216345e+00
3.343000e-05	1.238046e-01	-7.460404e+00
3.344000e-05	-8.074920e-02	-7.720189e+00
3.345000e-05	6.994571e-02	-8.017920e+00
3.346000e-05	3.543356e-02	-8.219452e+00
3.347000e-05	-3.753651e-02	-8.469083e+00
3.348000e-05	1.195663e-01	-8.751132e+00
3.349000e-05	-1.028269e-01	-9.026171e+00
3.350000e-05	9.621872e-02	-9.167951e+00
3.351000e-05	-5.358470e-02	-9.408326e+00
3.352000e-05	8.254646e-02	-9.659529e+00
3.353000e-05	1.344294e-02	-9.871030e+00
3.354000e-05	1.524091e-02	-1.009901e+01
3.355000e-05	4.940957e-02	-1.033164e+01
3.356000e-05	-2.692297e-02	-1.053262e+01
3.357000e-05	8.238072e-02	-1.072471e+01
3.358000e-05	-3.801952e-02	-1.097272e+01
3.359000e-05	8.127196e-02	-1.116317e+01
3.360000e-05	-2.067526e-02	-1.134472e+01
3.361000e-05	7.347659e-02	-1.156670e+01
3.362000e-05	3.475471e-04	-1.177472e+01
3.363000e-05	4.250152e-02	-1.200677e+01
3.364000e-05	2.259855e-02	-1.214377e+01
3.365000e-05	3.687631e-02	-1.230415e+01
3.366000e-05	4.782295e-02	-1.252406e+01
3.367000e-05	1.491219e-02	-1.268262e+01
3.368000e-05	4.797035e-02	-1.286000e+01
3.369000e-05	1.568174e-02	-1.303837e+01
3.370000e-05	6.278072e-02	-1.316527e+01
3.371000e-05	2.173954e-02	-1.332311e+01
3.372000e-05	5.913276e-02	-1.347051e+01
3.373000e-05	2.884174e-02	-1.361735e+01
3.374000e-05	5.901927e-02	-1.372369e+01
3.375000e-05	3.634815e-02	-1.389054e+01
3.376000e-05	4.749475e-02	-1.400780e+01
3.377000e-05	4.198026e-02	-1.414414e+01
3.378000e-05	5.568412e-02	-1.426948e+01
3.379000e-05	5.776175e-02	-1.438725e+01
3.380000e-05	5.326240e-02	-1.447201e+01
3.381000e-05	5.703751e-02	-1.457832e+01
3.382000e-05	5.572304e-02	-1.467204e+01
3.383000e-05	6.824527e-02	-1.477674e+01
3.384000e-05	5.991975e-02	-1.485141e+01
3.385000e-05	6.919808e-02	-1.491514e+01
3.386000e-05	6.394222e-02	-1.499887e+01
3.387000e-05	7.715612e-02	-1.509198e+01
3.388000e-05	6.902802e-02	-1.513412e+01
3.389000e-05	7.625455e-02	-1.516730e+01
3.390000e-05	7.427769e-02	-1.520940e+01
3.391000e-05	8.817767e-02	-1.528353e+01
3.392000e-05	8.970190e-02	-1.530371e+01
3.393000e-05	9.132933e-02	-1.533671e+01
3.394000e-05	9.095953e-02	-1.534685e+01
3.395000e-05	9.524329e-02	-1.541932e+01
3.396000e-05	1.035096e-01	-1.542099e+01
3.397000e-05	1.051010e-01	-1.543893e+01
3.398000e-05	1.116921e-01	-1.542148e+01
3.399000e-05	1.159330e-01	-1.548201e+01
3.400000e-05	1.278080e-01	-1.545241e+01
3.401000e-05	1.303858e-01	-1.545088e+01
3.402000e-05	1.374039e-01	-1.542143e+01
3.403000e-05	1.445904e-01	-1.537990e+01
3.404000e-05	1.608837e-01	-1.538032e+01
3.405000e-05	1.776159e-01	-1.532577e+01
3.406000e-05	1.975165e-01	-1.529514e+01
3.407000e-05	2.203361e-01	-1.526306e+01
3.408000e-05	2.450382e-01	-1.520945e+01
3.409000e-05	2.500000e-01	-1.518825e+01
3.410000e-05	2.500000e-01	-1.512616e+01
3.411000e-05	2.500000e-01	-1.501146e+01
3.412000e-05	2.500000e-01	-1.499927e+01
3.413000e-05	2.500000e-01	-1.488419e+01
3.414000e-05	2.500000e-01	-1.481046e+01
3.415000e-05	2.459582e-01	-1.473829e+01
3.416000e-05	2.171282e-01	-1.465000e+01
3.417000e-05	1.887719e-01	-1.455825e+01
3.418000e-05	1.660651e-01	-1.444251e+01
3.419000e-05	1.457754e-01	-1.435727e+01
3.420000e-05	1.276808e-01	-1.423151e+01
3.421000e-05	1.135837e-01	-1.412356e+01
3.422000e-05	1.025748e-01	-1.397085e+01
3.423000e-05	9.228970e-02	-1.385140e+01
3.424000e-05	8.269005e-02	-1.371621e+01
3.425000e-05	7.579103e-02	-1.356627e+01
3.426000e-05	7.125128e-02	-1.342248e+01
3.427000e-05	6.689012e-02	-1.332464e+01
3.428000e-05	5.972576e-02	-1.311720e+01
3.429000e-05	5.449069e-02	-1.297040e+01
3.430000e-05	5.132508e-02	-1.277156e+01
3.431000e-05	4.882304e-02	-1.266311e+01
3.432000e-05	4.385935e-02	-1.251724e+01
3.433000e-05	4.063542e-02	-1.228774e+01
3.434000e-05	3.771912e-02	-1.215942e+01
3.435000e-05	3.647735e-02	-1.194782e+01
3.436000e-05	3.422004e-02	-1.172895e+01
3.437000e-05	3.156077e-02	-1.156977e+01
3.438000e-05	2.882576e-02	-1.131724e+01
3.439000e-05	2.874097e-02	-1.112624e+01
3.440000e-05	2.751544e-02	-1.087679e+01
3.441000e-05	2.556478e-02	-1.071677e+01
3.442000e-05	2.210446e-02	-1.053777e+01
3.443000e-05	2.102973e-02	-1.029471e+01
3.444000e-05	2.027186e-02	-1.011418e+01
3.445000e-05	1.890479e-02	-9.854584e+00
3.446000e-05	1.846231e-02	-9.644212e+00
3.447000e-05	1.780987e-02	-9.420978e+00
3.448000e-05	1.862424e-02	-9.159975e+00
3.449000e-05	1.583421e-02	-8.978896e+00
3.450000e-05	1.406085e-02	-8.720249e+00
3.451000e-05	1.082655e-02	-8.507739e+00
3.452000e-05	1.142923e-02	-8.274083e+00
3.453000e-05	9.879870e-03	-7.994004e+00
3.454000e-05	1.051757e-02	-7.737865e+00
3.455000e-05	8.859118e-03	-7.455287e+00
3.456000e-05	9.559129e-03	-7.192662e+00
3.457000e-05	8.174062e-03	-6.951471e+00
3.458000e-05	7.491301e-03	-6.686263e+00
3.459000e-05	4.434829e-03	-6.444154e+00
3.460000e-05	4.682983e-03	-6.160927e+00
3.461000e-05	3.013143e-03	-5.906792e+00
3.462000e-05	4.150598e-03	-5.635629e+00
3.463000e-05	2.453117e-03	-5.310325e+00
3.464000e-05	2.963969e-03	-5.044133e+00
3.465000e-05	2.315151e-03	-4.677368e+00
3.466000e-05	1.742119e-03	-4.453636e+00
3.467000e-05	1.583508e-03	-4.214131e+00
3.468000e-05	-1.059297e-04	-3.967975e+00
3.469000e-05	-9.137137e-04	-3.635786e+00
3.470000e-05	-2.849434e-03	-3.394030e+00
3.471000e-05	-3.647978e-03	-3.108996e+00
3.472000e-05	-3.075200e-03	-2.803655e+00
3.473000e-05	-2.732380e-03	-2.568470e+00
3.474000e-05	-2.908785e-03	-2.277761e+00
3.475000e-05	-3.657795e-03	-1.971525e+00
3.476000e-05	-4.639153e-03	-1.707244e+00
3.477000e-05	-5.299653e-03	-1.395105e+00
3.478000e-05	-6.455233e-03	-1.057263e+00
3.479000e-05	-6.980781e-03	-8.236303e-01
3.480000e-05	-7.590542e-03	-5.172895e-01
3.481000e-05	-5.999986e-03	-2.436855e-01
3.482000e-05	-2.425042e-03	-1.051252e-03
3.483000e-05	9.657393e-03	3.742143e-01
3.484000e-05	-2.420617e-03	5.668921e-01
3.485000e-05	3.882224e-03	8.299511e-01
3.486000e-05	-2.641925e-03	1.125208e+00
3.487000e-05	2.078854e-03	1.406400e+00
3.488000e-05	-2.962382e-03	1.724658e+00
3.489000e-05	1.217847e-02	1.974738e+00
3.490000e-05	4.757617e-02	2.176298e+00
3.491000e-05	1.043173e-01	2.480709e+00
3.492000e-05	-3.981971e-02	2.857550e+00
3.493000e-05	-3.473894e-02	3.132665e+00
3.494000e-05	-3.922421e-02	3.419946e+00
3.495000e-05	-2.432079e-02	3.690632e+00
3.496000e-05	-8.382246e-02	3.894139e+00
3.497000e-05	-1.907365e-02	4.072660e+00
3.498000e-05	1.065837e-01	4.427919e+00
3.499000e-05	-1.140534e-01	4.702657e+00
3.500000e-05	1.199712e-01	4.922712e+00
3.501000e-05	-2.474717e-03	5.329533e+00
3.502000e-05	-7.968219e-02	5.554266e+00
3.503000e-05	5.266618e-02	5.816901e+00
3.504000e-05	-7.020320e-02	6.081612e+00
3.505000e-05	6.734050e-02	6.343693e+00
3.506000e-05	-4.443495e-02	6.639401e+00
3.507000e-05	-1.062020e-02	6.892137e+00
3.508000e-05	9.060694e-03	7.155217e+00
3.509000e-05	-3.892355e-02	7.480455e+00
3.510000e-05	1.957258e-02	7.722162e+00
3.511000e-05	-6.810180e-02	7.968797e+00
3.512000e-05	4.097854e-02	8.238474e+00
3.513000e-05	-2.005184e-02	8.450107e+00
3.514000e-05	-1.119611e-02	8.700057e+00
3.515000e-05	-3.859991e-03	8.922587e+00
3.516000e-05	-6.648226e-02	9.185241e+00
3.517000e-05	2.131970e-02	9.395270e+00
3.518000e-05	-3.417182e-02	9.597404e+00
3.519000e-05	1.027061e-02	9.818953e+00
3.520000e-05	-4.918490e-02	1.008058e+01
3.521000e-05	4.709923e-04	1.028111e+01
3.522000e-05	-1.950904e-02	1.051512e+01
3.523000e-05	-2.776550e-02	1.074164e+01
3.524000e-05	-2.416259e-02	1.089409e+01
3.525000e-05	-4.011914e-02	1.110369e+01
3.526000e-05	-2.305708e-03	1.133260e+01
3.527000e-05	-3.596804e-02	1.151320e+01
3.528000e-05	-2.130942e-02	1.173319e+01
3.529000e-05	-4.967778e-02	1.192469e+01
3.530000e-05	-1.716122e-02	1.212466e+01
3.531000e-05	-2.778283e-02	1.225209e+01
3.532000e-05	-2.822703e-02	1.247103e+01
3.533000e-05	-4.396339e-02	1.262898e+01
3.534000e-05	-4.118615e-02	1.278985e+01
3.535000e-05	-2.769764e-02	1.293617e+01
3.536000e-05	-4.163939e-02	1.312317e+01
3.537000e-05	-4.174836e-02	1.324043e+01
3.538000e-05	-4.987420e-02	1.337635e+01
3.539000e-05	-3.047899e-02	1.354424e+01
3.540000e-05	-4.401382e-02	1.368264e+01
3.541000e-05	-4.856759e-02	1.382688e+01
3.542000e-05	-6.274434e-02	1.391277e+01
3.543000e-05	-4.989719e-02	1.403254e+01
3.544000e-05	-4.853181e-02	1.421838e+01
3.545000e-05	-5.429713e-02	1.435527e+01
3.546000e-05	-6.344570e-02	1.442046e+01
3.547000e-05	-6.337333e-02	1.454669e+01
3.548000e-05	-5.702715e-02	1.460838e+01
3.549000e-05	-6.341605e-02	1.473314e+01
3.550000e-05	-7.011053e-02	1.475930e+01
3.551000e-05	-7.599672e-02	1.483261e+01
3.552000e-05	-6.900645e-02	1.493564e+01
3.553000e-05	-7.123410e-02	1.499638e+01
3.554000e-05	-8.223007e-02	1.501053e+01
3.555000e-05	-9.110265e-02	1.509502e+01
3.556000e-05	-9.019168e-02	1.514785e+01
3.557000e-05	-8.336431e-02	1.519037e+01
3.558000e-05	-9.016574e-02	1.526194e+01
3.559000e-05	-9.758894e-02	1.530354e+01
3.560000e-05	-1.039978e-01	1.533469e+01
3.561000e-05	-1.018843e-01	1.531474e+01
3.562000e-05	-1.080857e-01	1.532530e+01
3.563000e-05	-1.188253e-01	1.538780e+01
3.564000e-05	-1.254942e-01	1.538830e+01
3.565000e-05	-1.244959e-01	1.535790e+01
3.566000e-05	-1.272762e-01	1.535580e+01
3.567000e-05	-1.398822e-01	1.538827e+01
3.568000e-05	-1.532217e-01	1.534727e+01
3.569000e-05	-1.626093e-01	1.532465e+01
3.570000e-05	-1.703806e-01	1.531312e+01
3.571000e-05	-1.891136e-01	1.525206e+01
3.572000e-05	-2.163730e-01	1.522048e+01
3.573000e-05	-2.410439e-01	1.519032e+01
3.574000e-05	-2.497336e-01	1.514572e+01
3.575000e-05	-2.500000e-01	1.506309e+01
3.576000e-05	-2.500000e-01	1.498041e+01
3.577000e-05	-2.500000e-01	1.495834e+01
3.578000e-05	-2.500000e-01	1.485511e+01
3.579000e-05	-2.500000e-01	1.480000e+01
3.580000e-05	-2.500000e-01	1.470577e+01
3.581000e-05	-2.461431e-01	1.462154e+01
3.582000e-05	-2.178893e-01	1.457672e+01
3.583000e-05	-1.862645e-01	1.442059e+01
3.584000e-05	-1.634394e-01	1.432840e+01
3.585000e-05	-1.487650e-01	1.421253e+01
3.586000e-05	-1.347987e-01	1.409424e+01
3.587000e-05	-1.190805e-01	1.398982e+01
3.588000e-05	-1.057264e-01	1.384366e+01
3.589000e-05	-1.001063e-01	1.372619e+01
3.590000e-05	-9.505700e-02	1.357038e+01
3.591000e-05	-8.600680e-02	1.343309e+01
3.592000e-05	-7.629803e-02	1.328629e+01
3.593000e-05	-7.248763e-02	1.314830e+01
3.594000e-05	-7.081750e-02	1.301098e+01
3.595000e-05	-6.795690e-02	1.288311e+01
3.596000e-05	-6.049666e-02	1.267664e+01
3.597000e-05	-5.828899e-02	1.250685e+01
3.598000e-05	-5.567871e-02	1.233782e+01
3.599000e-05	-5.474847e-02	1.218995e+01
3.600000e-05	-4.864714e-02	1.199253e+01
3.601000e-05	-4.728248e-02	1.182305e+01
3.602000e-05	-4.483274e-02	1.159103e+01
3.603000e-05	-4.715675e-02	1.140146e+01
3.604000e-05	-4.382671e-02	1.116145e+01
3.605000e-05	-4.055877e-02	1.099301e+01
3.606000e-05	-3.739225e-02	1.079253e+01
3.607000e-05	-3.901446e-02	1.060199e+01
3.608000e-05	-3.782108e-02	1.040243e+01
3.609000e-05	-3.571983e-02	1.013992e+01
3.610000e-05	-3.347459e-02	9.938825e+00
3.611000e-05	-3.324110e-02	9.718819e+00
3.612000e-05	-3.481084e-02	9.454667e+00
3.613000e-05	-3.170845e-02	9.253717e+00
3.614000e-05	-2.866398e-02	9.033584e+00
3.615000e-05	-2.900752e-02	8.813007e+00
3.616000e-05	-2.995907e-02	8.579928e+00
3.617000e-05	-2.935902e-02	8.359529e+00
3.618000e-05	-2.536328e-02	8.107793e+00
3.619000e-05	-2.421513e-02	7.823659e+00
3.620000e-05	-2.454740e-02	7.591528e+00
3.621000e-05	-2.641027e-02	7.278390e+00
3.622000e-05	-2.454680e-02	7.044138e+00
3.623000e-05	-2.291530e-02	6.843606e+00
3.624000e-05	-2.238452e-02	6.529870e+00
3.625000e-05	-2.406595e-02	6.286792e+00
3.626000e-05	-2.243031e-02	6.023186e+00
3.627000e-05	-1.993114e-02	5.740477e+00
3.628000e-05	-1.966749e-02	5.486267e+00
3.629000e-05	-2.039781e-02	5.214580e+00
3.630000e-05	-2.159271e-02	4.846737e+00
3.631000e-05	-1.948288e-02	4.573505e+00
3.632000e-05	-1.770710e-02	4.320898e+00
3.633000e-05	-1.691151e-02	4.016182e+00
3.634000e-05	-1.864560e-02	3.760501e+00
3.635000e-05	-1.750161e-02	3.497319e+00
3.636000e-05	-1.518069e-02	3.184203e+00
3.637000e-05	-1.500415e-02	2.941474e+00
3.638000e-05	-1.581557e-02	2.665815e+00
3.639000e-05	-1.604318e-02	2.370620e+00
3.640000e-05	-1.365807e-02	2.057793e+00
3.641000e-05	-1.274797e-02	1.825107e+00
3.642000e-05	-1.292785e-02	1.520369e+00
3.643000e-05	-1.377093e-02	1.204184e+00
3.644000e-05	-1.187583e-02	9.098660e-01
3.645000e-05	-1.083741e-02	6.250804e-01
3.646000e-05	-1.001954e-02	3.609000e-01
3.647000e-05	-1.048184e-02	4.623434e-02
3.648000e-05	-3.848677e-03	-2.390211e-01
3.649000e-05	6.996141e-03	-4.507050e-01
3.650000e-05	-3.480330e-03	-7.867619e-01
3.651000e-05	3.902959e-03	-9.884259e-01
3.652000e-05	-3.654952e-03	-1.302712e+00
3.653000e-05	3.007318e-03	-1.607372e+00
3.654000e-05	3.906563e-03	-1.817428e+00
3.655000e-05	4.643937e-02	-2.050055e+00
3.656000e-05	1.275081e-01	-2.355666e+00
3.657000e-05	-2.575383e-02	-2.741232e+00
3.658000e-05	-2.071316e-02	-3.162710e+00
3.659000e-05	-3.148628e-02	-3.427847e+00
3.660000e-05	-3.601413e-02	-3.617875e+00
3.661000e-05	-1.003929e-01	-3.869878e+00
3.662000e-05	1.080230e-01	-4.019051e+00
3.663000e-05	1.439224e-02	-4.248978e+00
3.664000e-05	-7.872361e-02	-4.646798e+00
3.665000e-05	1.950231e-01	-4.838477e+00
3.666000e-05	-1.715750e-01	-5.162744e+00
3.667000e-05	1.284938e-01	-5.461506e+00
3.668000e-05	-7.385377e-02	-5.732609e+00
3.669000e-05	-3.049337e-02	-6.007877e+00
3.670000e-05	1.480365e-01	-6.248901e+00
3.671000e-05	-1.136818e-01	-6.512689e+00
3.672000e-05	1.517195e-01	-6.816875e+00
3.673000e-05	-9.309665e-02	-7.060532e+00
3.674000e-05	4.366367e-02	-7.365173e+00
3.675000e-05	2.666084e-02	-7.575748e+00
3.676000e-05	-4.885309e-02	-7.912154e+00
3.677000e-05	1.292251e-01	-8.145217e+00
3.678000e-05	-9.423541e-02	-8.364845e+00
3.679000e-05	1.277732e-01	-8.618954e+00
3.680000e-05	-5.301888e-02	-8.892558e+00
3.681000e-05	2.020911e-02	-9.134688e+00
3.682000e-05	2.640270e-02	-9.354117e+00
3.683000e-05	-1.088700e-02	-9.625817e+00
3.684000e-05	9.912631e-02	-9.806845e+00
3.685000e-05	-4.875706e-02	-1.002642e+01
3.686000e-05	9.505625e-02	-1.026138e+01
3.687000e-05	-5.101307e-02	-1.044053e+01
3.688000e-05	8.217400e-02	-1.066103e+01
3.689000e-05	-1.776960e-02	-1.084241e+01
3.690000e-05	4.489600e-02	-1.111899e+01
3.691000e-05	2.007914e-02	-1.124003e+01
3.692000e-05	2.639846e-02	-1.154214e+01
3.693000e-05	4.951131e-02	-1.168206e+01
3.694000e-05	-1.143270e-03	-1.196159e+01
3.695000e-05	5.513878e-02	-1.206161e+01
3.696000e-05	5.300586e-03	-1.229063e+01
3.697000e-05	7.210503e-02	-1.244135e+01
3.698000e-05	4.330478e-03	-1.264793e+01
3.699000e-05	5.274387e-02	-1.282582e+01
3.700000e-05	1.331531e-02	-1.295474e+01
3.701000e-05	5.669407e-02	-1.308259e+01
3.702000e-05	3.168819e-02	-1.325098e+01
3.703000e-05	4.635065e-02	-1.338788e+01
3.704000e-05	4.074393e-02	-1.357514e+01
3.705000e-05	4.557955e-02	-1.369208e+01
3.706000e-05	5.165373e-02	-1.381895e+01
3.707000e-05	3.653000e-02	-1.394527e+01
3.708000e-05	4.832928e-02	-1.407161e+01
3.709000e-05	4.336373e-02	-1.422988e+01
3.710000e-05	6.343833e-02	-1.435617e+01
3.711000e-05	4.976089e-02	-1.444053e+01
3.712000e-05	5.947514e-02	-1.451272e+01
3.713000e-05	5.092405e-02	-1.464943e+01
3.714000e-05	6.853828e-02	-1.471409e+01
3.715000e-05	6.189630e-02	-1.479896e+01
3.716000e-05	6.825536e-02	-1.490354e+01
3.717000e-05	6.243427e-02	-1.496775e+01
3.718000e-05	7.233308e-02	-1.502996e+01
3.719000e-05	7.253658e-02	-1.509412e+01
3.720000e-05	7.444412e-02	-1.516620e+01
3.721000e-05	7.547004e-02	-1.517886e+01
3.722000e-05	8.228797e-02	-1.527156e+01
3.723000e-05	9.177443e-02	-1.528453e+01
3.724000e-05	9.043988e-02	-1.534519e+01
3.725000e-05	9.175953e-02	-1.536627e+01
3.726000e-05	9.119131e-02	-1.538887e+01
3.727000e-05	1.016414e-01	-1.542090e+01
3.728000e-05	1.047021e-01	-1.544991e+01
3.729000e-05	1.103046e-01	-1.544054e+01
3.730000e-05	1.129521e-01	-1.545056e+01
3.731000e-05	1.226862e-01	-1.545046e+01
3.732000e-05	1.299733e-01	-1.539246e+01
3.733000e-05	1.345308e-01	-1.541139e+01
3.734000e-05	1.411695e-01	-1.538888e+01
3.735000e-05	1.529570e-01	-1.539840e+01
3.736000e-05	1.711786e-01	-1.532779e+01
3.737000e-05	1.894323e-01	-1.531369e+01
3.738000e-05	2.108747e-01	-1.525259e+01
3.739000e-05	2.375770e-01	-1.521198e+01
3.740000e-05	2.492117e-01	-1.516935e+01
3.741000e-05	2.500000e-01	-1.514672e+01
3.742000e-05	2.500000e-01	-1.506159e+01
3.743000e-05	2.500000e-01	-1.499885e+01
3.744000e-05	2.500000e-01	-1.493662e+01
3.745000e-05	2.500000e-01	-1.484301e+01
3.746000e-05	2.489997e-01	-1.478982e+01
3.747000e-05	2.284584e-01	-1.468306e+01
3.748000e-05	1.975871e-01	-1.460898e+01
3.749000e-05	1.742005e-01	-1.448306e+01
3.750000e-05	1.544450e-01	-1.438032e+01
3.751000e-05	1.338680e-01	-1.429214e+01
3.752000e-05	1.180007e-01	-1.416675e+01
3.753000e-05	1.060595e-01	-1.399243e+01
3.754000e-05	9.670904e-02	-1.391554e+01
3.755000e-05	8.731616e-02	-1.376838e+01
3.756000e-05	7.734838e-02	-1.359093e+01
3.757000e-05	7.227598e-02	-1.347306e+01
3.758000e-05	6.807115e-02	-1.335826e+01
3.759000e-05	6.303267e-02	-1.318995e+01
3.760000e-05	5.629172e-02	-1.305105e+01
3.761000e-05	5.213406e-02	-1.288622e+01
3.762000e-05	4.939370e-02	-1.274624e+01
3.763000e-05	4.824904e-02	-1.257832e+01
3.764000e-05	4.152710e-02	-1.240147e+01
3.765000e-05	3.782873e-02	-1.222048e+01
3.766000e-05	3.620873e-02	-1.201409e+01
3.767000e-05	3.591733e-02	-1.184206e+01
3.768000e-05	3.490098e-02	-1.160208e+01
3.769000e-05	3.058794e-02	-1.142042e+01
3.770000e-05	2.923321e-02	-1.121248e+01
3.771000e-05	2.827759e-02	-1.098997e+01
3.772000e-05	2.528146e-02	-1.077940e+01
3.773000e-05	2.299709e-02	-1.059143e+01
3.774000e-05	1.961417e-02	-1.038095e+01
3.775000e-05	2.153608e-02	-1.015943e+01
3.776000e-05	2.138027e-02	-9.907243e+00
3.777000e-05	2.115944e-02	-9.738322e+00
3.778000e-05	1.864846e-02	-9.517145e+00
3.779000e-05	1.582890e-02	-9.265738e+00
3.780000e-05	1.617810e-02	-9.013588e+00
3.781000e-05	1.443923e-02	-8.783554e+00
3.782000e-05	1.289676e-02	-8.600426e+00
3.783000e-05	1.020745e-02	-8.318719e+00
3.784000e-05	1.263184e-02	-8.117296e+00
3.785000e-05	1.203286e-02	-7.834082e+00
3.786000e-05	1.085640e-02	-7.550474e+00
3.787000e-05	7.938706e-03	-7.326844e+00
3.788000e-05	6.542291e-03	-7.085633e+00
3.789000e-05	7.296796e-03	-6.789928e+00
3.790000e-05	5.583899e-03	-6.498872e+00
3.791000e-05	5.732007e-03	-6.297211e+00
3.792000e-05	3.481442e-03	-6.002027e+00
3.793000e-05	4.915510e-03	-5.758342e+00
3.794000e-05	3.011853e-03	-5.456142e+00
3.795000e-05	3.539091e-03	-5.179524e+00
3.796000e-05	3.849111e-04	-4.865663e+00
3.797000e-05	2.777065e-03	-4.539892e+00
3.798000e-05	1.325723e-03	-4.338920e+00
3.799000e-05	1.723690e-03	-4.085686e+00
3.800000e-05	-2.987887e-03	-3.782499e+00
3.801000e-05	-1.780476e-03	-3.527317e+00
3.802000e-05	-3.151028e-03	-3.193685e+00
3.803000e-05	-8.443340e-04	-2.958892e+00
3.804000e-05	-3.980437e-03	-2.684238e+00
3.805000e-05	-3.151905e-03	-2.381054e+00
3.806000e-05	-3.371121e-03	-2.117288e+00
3.807000e-05	-3.438242e-03	-1.823025e+00
3.808000e-05	-6.153624e-03	-1.549396e+00
3.809000e-05	-7.116853e-03	-1.202153e+00
3.810000e-05	-6.858217e-03	-9.483372e-01
3.811000e-05	-5.608300e-03	-6.557092e-01
3.812000e-05	-6.172768e-03	-3.294174e-01
3.813000e-05	-5.510884e-03	-6.528841e-02
3.814000e-05	5.918030e-03	1.985223e-01
3.815000e-05	3.045088e-03	4.911327e-01
3.816000e-05	2.714362e-03	7.252894e-01
3.817000e-05	9.941909e-04	9.574501e-01
3.818000e-05	-1.770136e-03	1.331663e+00
3.819000e-05	-1.041610e-03	1.578400e+00
3.820000e-05	3.504064e-03	1.882634e+00
3.821000e-05	2.853198e-02	2.071659e+00
3.822000e-05	9.729847e-02	2.365241e+00
3.823000e-05	2.179928e-02	2.724189e+00
3.824000e-05	-5.344943e-02	3.057005e+00
3.825000e-05	-2.816322e-02	3.299658e+00
3.826000e-05	-3.423108e-02	3.567873e+00
3.827000e-05	-5.714977e-02	3.819949e+00
3.828000e-05	-6.837122e-02	4.017525e+00
3.829000e-05	9.005171e-02	4.302109e+00
3.830000e-05	-2.662810e-02	4.566368e+00
3.831000e-05	-2.010809e-02	4.817877e+00
3.832000e-05	1.334368e-01	5.132265e+00
3.833000e-05	-1.396149e-01	5.470502e+00
3.834000e-05	6.071199e-02	5.703184e+00
3.835000e-05	-5.349830e-02	5.996400e+00
3.836000e-05	2.026819e-02	6.258453e+00
3.837000e-05	2.027958e-02	6.533189e+00
3.838000e-05	-6.307517e-02	6.787450e+00
3.839000e-05	4.453966e-02	7.029508e+00
3.840000e-05	-6.051610e-02	7.322161e+00
3.841000e-05	3.025212e-02	7.586796e+00
3.842000e-05	-6.067065e-02	7.889090e+00
3.843000e-05	1.011249e-02	8.155713e+00
3.844000e-05	1.579882e-02	8.367348e+00
3.845000e-05	-3.454005e-02	8.595375e+00
3.846000e-05	1.556191e-02	8.807931e+00
3.847000e-05	-6.555437e-02	9.081530e+00
3.848000e-05	-4.286660e-04	9.302114e+00
3.849000e-05	-1.696373e-02	9.534090e+00
3.850000e-05	-1.437318e-04	9.805170e+00
3.851000e-05	-3.109403e-02	9.987321e+00
3.852000e-05	-1.986425e-02	1.018735e+01
3.853000e-05	-4.360396e-03	1.041788e+01
3.854000e-05	-3.103366e-02	1.061895e+01
3.855000e-05	-2.241844e-02	1.086055e+01
3.856000e-05	-4.034417e-02	1.100641e+01
3.857000e-05	-1.280744e-02	1.123788e+01
3.858000e-05	-2.219665e-02	1.148151e+01
3.859000e-05	-2.607240e-02	1.164003e+01
3.860000e-05	-4.226508e-02	1.184154e+01
3.861000e-05	-2.898845e-02	1.206993e+01
3.862000e-05	-2.118279e-02	1.224045e+01
3.863000e-05	-2.757658e-02	1.237783e+01
3.864000e-05	-3.926919e-02	1.260630e+01
3.865000e-05	-4.394423e-02	1.273324e+01
3.866000e-05	-3.118631e-02	1.287154e+01
3.867000e-05	-3.614135e-02	1.301895e+01
3.868000e-05	-4.169082e-02	1.319880e+01
3.869000e-05	-5.107489e-02	1.332474e+01
3.870000e-05	-3.499105e-02	1.348059e+01
3.871000e-05	-3.831942e-02	1.358738e+01
3.872000e-05	-4.464409e-02	1.377575e+01
3.873000e-05	-6.143116e-02	1.387003e+01
3.874000e-05	-5.439266e-02	1.400943e+01
3.875000e-05	-4.926702e-02	1.415671e+01
3.876000e-05	-4.974712e-02	1.427461e+01
3.877000e-05	-6.099473e-02	1.440630e+01
3.878000e-05	-6.502128e-02	1.448419e+01
3.879000e-05	-5.668825e-02	1.455887e+01
3.880000e-05	-6.031559e-02	1.462203e+01
3.881000e-05	-6.647149e-02	1.476619e+01
3.882000e-05	-7.600518e-02	1.484144e+01
3.883000e-05	-6.968972e-02	1.488364e+01
3.884000e-05	-6.943616e-02	1.494680e+01
3.885000e-05	-7.755956e-02	1.507091e+01
3.886000e-05	-8.915111e-02	1.508364e+01
3.887000e-05	-9.124040e-02	1.511727e+01
3.888000e-05	-8.445808e-02	1.519833e+01
3.889000e-05	-8.772034e-02	1.522951e+01
3.890000e-05	-9.582088e-02	1.531361e+01
3.891000e-05	-1.028439e-01	1.530467e+01
3.892000e-05	-1.011813e-01	1.535522e+01
3.893000e-05	-1.043395e-01	1.534570e+01
3.894000e-05	-1.135329e-01	1.535532e+01
3.895000e-05	-1.238214e-01	1.537875e+01
3.896000e-05	-1.255359e-01	1.536680e+01
3.897000e-05	-1.251636e-01	1.534880e+01
3.898000e-05	-1.350793e-01	1.535777e+01
3.899000e-05	-1.485944e-01	1.535580e+01
3.900000e-05	-1.605304e-01	1.534580e+01
3.901000e-05	-1.648416e-01	1.530309e+01
3.902000e-05	-1.802671e-01	1.526403e+01
3.903000e-05	-2.038484e-01	1.525151e+01
3.904000e-05	-2.337617e-01	1.517035e+01
3.905000e-05	-2.478415e-01	1.514883e+01
3.906000e-05	-2.500000e-01	1.507522e+01
3.907000e-05	-2.500000e-01	1.503246e+01
3.908000e-05	-2.500000e-01	1.497982e+01
3.909000e-05	-2.500000e-01	1.483676e+01
3.910000e-05	-2.500000e-01	1.484346e+01
3.911000e-05	-2.500000e-01	1.474737e+01
3.912000e-05	-2.483985e-01	1.465411e+01
3.913000e-05	-2.307979e-01	1.457786e+01
3.914000e-05	-1.963898e-01	1.450417e+01
3.915000e-05	-1.714993e-01	1.431990e+01
3.916000e-05	-1.517601e-01	1.427301e+01
3.917000e-05	-1.413641e-01	1.413732e+01
3.918000e-05	-1.241150e-01	1.401236e+01
3.919000e-05	-1.120143e-01	1.386464e+01
3.920000e-05	-1.007220e-01	1.377885e+01
3.921000e-05	-9.754204e-02	1.360208e+01
3.922000e-05	-8.900473e-02	1.345667e+01
3.923000e-05	-8.117353e-02	1.335940e+01
3.924000e-05	-7.285166e-02	1.319096e+01
3.925000e-05	-7.223046e-02	1.304259e+01
3.926000e-05	-6.829495e-02	1.290719e+01
3.927000e-05	-6.415753e-02	1.270977e+01
3.928000e-05	-5.829616e-02	1.261843e+01
3.929000e-05	-5.721061e-02	1.243303e+01
3.930000e-05	-5.522739e-02	1.224309e+01
3.931000e-05	-5.178347e-02	1.206459e+01
3.932000e-05	-4.724243e-02	1.185664e+01
3.933000e-05	-4.530332e-02	1.169514e+01
3.934000e-05	-4.660905e-02	1.150509e+01
3.935000e-05	-4.458373e-02	1.127563e+01
3.936000e-05	-4.231923e-02	1.105614e+01
3.937000e-05	-3.841161e-02	1.091674e+01
3.938000e-05	-3.960993e-02	1.067566e+01
3.939000e-05	-3.789659e-02	1.047616e+01
3.940000e-05	-3.675317e-02	1.023413e+01
3.941000e-05	-3.345570e-02	1.000403e+01
3.942000e-05	-3.396135e-02	9.841458e+00
3.943000e-05	-3.380956e-02	9.520499e+00
3.944000e-05	-3.339835e-02	9.349349e+00
3.945000e-05	-2.945065e-02	9.090346e+00
3.946000e-05	-2.854624e-02	8.936792e+00
3.947000e-05	-2.889745e-02	8.674211e+00
3.948000e-05	-2.951446e-02	8.444682e+00
3.949000e-05	-2.712957e-02	8.221481e+00
3.950000e-05	-2.582162e-02	7.910377e+00
3.951000e-05	-2.495171e-02	7.697716e+00
3.952000e-05	-2.615428e-02	7.424062e+00
3.953000e-05	-2.539051e-02	7.099419e+00
3.954000e-05	-2.281400e-02	6.897818e+00
3.955000e-05	-2.209999e-02	6.614110e+00
3.956000e-05	-2.339717e-02	6.391350e+00
3.957000e-05	-2.391846e-02	6.149868e+00
3.958000e-05	-2.200661e-02	5.885716e+00
3.959000e-05	-1.979359e-02	5.571125e+00
3.960000e-05	-1.940318e-02	5.329424e+00
3.961000e-05	-1.982220e-02	5.004528e+00
3.962000e-05	-1.939389e-02	4.717791e+00
3.963000e-05	-1.803597e-02	4.426185e+00
3.964000e-05	-1.763901e-02	4.180901e+00
3.965000e-05	-1.854650e-02	3.896712e+00
3.966000e-05	-1.819926e-02	3.634005e+00
3.967000e-05	-1.548649e-02	3.318866e+00
3.968000e-05	-1.399874e-02	3.025682e+00
3.969000e-05	-1.387993e-02	2.771599e+00
3.970000e-05	-1.680461e-02	2.478896e+00
3.971000e-05	-1.412390e-02	2.183130e+00
3.972000e-05	-1.344615e-02	1.939398e+00
3.973000e-05	-1.227525e-02	1.616683e+00
3.974000e-05	-1.353163e-02	1.371471e+00
3.975000e-05	-1.302062e-02	1.056657e+00
3.976000e-05	-1.142836e-02	7.408436e-01
3.977000e-05	-1.031111e-02	4.451845e-01
3.978000e-05	-9.958920e-03	1.325289e-01
3.979000e-05	-6.231259e-03	-1.137592e-01
3.980000e-05	6.407957e-03	-3.858147e-01
3.981000e-05	-2.045075e-04	-6.480015e-01
3.982000e-05	2.950200e-03	-9.627340e-01
3.983000e-05	-2.569037e-03	-1.196868e+00
3.984000e-05	1.161803e-03	-1.511635e+00
3.985000e-05	-7.769499e-04	-1.765242e+00
3.986000e-05	2.581093e-02	-1.976242e+00
3.987000e-05	1.037855e-01	-2.239372e+00
3.988000e-05	5.224880e-02	-2.625321e+00
3.989000e-05	-5.399831e-02	-2.984874e+00
3.990000e-05	-2.632029e-03	-3.372739e+00
3.991000e-05	-4.677615e-02	-3.545214e+00
3.992000e-05	-6.674619e-02	-3.784871e+00
3.993000e-05	-1.836126e-02	-4.007446e+00
3.994000e-05	1.513773e-01	-4.154318e+00
3.995000e-05	-1.695481e-01	-4.447529e+00
3.996000e-05	1.835271e-01	-4.723695e+00
3.997000e-05	-5.433203e-02	-4.986394e+00
3.998000e-05	-2.179854e-02	-5.455225e+00
3.999000e-05	9.346136e-02	-5.625971e+00
4.000000e-05	-1.623770e-01	-5.912109e+00
4.001000e-05	1.830809e-01	-6.125193e+00
4.002000e-05	-7.939757e-02	-6.426952e+00
4.003000e-05	6.791312e-02	-6.703109e+00
4.004000e-05	3.055941e-02	-6.974795e+00
4.005000e-05	-7.507797e-02	-7.269054e+00
4.006000e-05	1.172455e-01	-7.523210e+00
4.007000e-05	-1.041445e-01	-7.805796e+00
4.008000e-05	1.244234e-01	-8.079029e+00
4.009000e-05	-3.820050e-02	-8.301608e+00
4.010000e-05	3.644487e-02	-8.625700e+00
4.011000e-05	6.188601e-02	-8.776892e+00
4.012000e-05	-7.500397e-02	-9.058481e+00
4.013000e-05	9.501096e-02	-9.240904e+00
4.014000e-05	-6.618567e-02	-9.491583e+00
4.015000e-05	1.179114e-01	-9.724189e+00
4.016000e-05	-3.607085e-02	-9.942614e+00
4.017000e-05	6.352733e-02	-1.017512e+01
4.018000e-05	-1.275567e-03	-1.036324e+01
4.019000e-05	2.146478e-02	-1.060684e+01
4.020000e-05	4.777748e-02	-1.077479e+01
4.021000e-05	-1.443427e-02	-1.101685e+01
4.022000e-05	6.897203e-02	-1.119632e+01
4.023000e-05	-1.645582e-02	-1.141885e+01
4.024000e-05	7.977448e-02	-1.162730e+01
4.025000e-05	-1.652958e-02	-1.180691e+01
4.026000e-05	6.045466e-02	-1.200840e+01
4.027000e-05	4.765267e-03	-1.219692e+01
4.028000e-05	6.142699e-02	-1.239530e+01
4.029000e-05	2.440427e-02	-1.258572e+01
4.030000e-05	3.308109e-02	-1.276365e+01
4.031000e-05	3.324862e-02	-1.291109e+01
4.032000e-05	3.213350e-02	-1.304993e+01
4.033000e-05	5.415247e-02	-1.318832e+01
4.034000e-05	2.679206e-02	-1.333672e+01
4.035000e-05	5.664264e-02	-1.348103e+01
4.036000e-05	2.926296e-02	-1.365793e+01
4.037000e-05	6.153338e-02	-1.378684e+01
4.038000e-05	3.100753e-02	-1.390320e+01
4.039000e-05	5.285334e-02	-1.404028e+01
4.040000e-05	3.903833e-02	-1.416422e+01
4.041000e-05	6.310300e-02	-1.430203e+01
4.042000e-05	5.277278e-02	-1.439785e+01
4.043000e-05	5.796489e-02	-1.452464e+01
4.044000e-05	5.212015e-02	-1.459785e+01
4.045000e-05	6.125016e-02	-1.470156e+01
4.046000e-05	6.634373e-02	-1.477675e+01
4.047000e-05	6.387126e-02	-1.486306e+01
4.048000e-05	6.714197e-02	-1.494472e+01
4.049000e-05	6.681414e-02	-1.501988e+01
4.050000e-05	7.707752e-02	-1.510264e+01
4.051000e-05	7.092543e-02	-1.516420e+01
4.052000e-05	7.625607e-02	-1.519838e+01
4.053000e-05	7.563135e-02	-1.523191e+01
4.054000e-05	8.964311e-02	-1.528306e+01
4.055000e-05	8.894793e-02	-1.529564e+01
4.056000e-05	9.268204e-02	-1.537529e+01
4.057000e-05	9.008865e-02	-1.537833e+01
4.058000e-05	9.810935e-02	-1.541836e+01
4.059000e-05	1.035908e-01	-1.541896e+01
4.060000e-05	1.079006e-01	-1.545040e+01
4.061000e-05	1.130485e-01	-1.543245e+01
4.062000e-05	1.189952e-01	-1.545051e+01
4.063000e-05	1.284623e-01	-1.543093e+01
4.064000e-05	1.321565e-01	-1.539896e+01
4.065000e-05	1.375907e-01	-1.540083e+01
4.066000e-05	1.468930e-01	-1.539839e+01
4.067000e-05	1.633538e-01	-1.534780e+01
4.068000e-05	1.814326e-01	-1.537669e+01
4.069000e-05	2.021380e-01	-1.526314e+01
4.070000e-05	2.268545e-01	-1.525156e+01
4.071000e-05	2.470379e-01	-1.519085e+01
4.072000e-05	2.500000e-01	-1.512675e+01
4.073000e-05	2.500000e-01	-1.506414e+01
4.074000e-05	2.500000e-01	-1.499141e+01
4.075000e-05	2.500000e-01	-1.498782e+01
4.076000e-05	2.500000e-01	-1.489459e+01
4.077000e-05	2.500000e-01	-1.478995e+01
4.078000e-05	2.414200e-01	-1.470422e+01
4.079000e-05	2.093487e-01	-1.460096e+01
4.080000e-05	1.836758e-01	-1.449524e+01
4.081000e-05	1.616112e-01	-1.443090e+01
4.082000e-05	1.419549e-01	-1.431622e+01
4.083000e-05	1.223606e-01	-1.417086e+01
4.084000e-05	1.087790e-01	-1.409364e+01
4.085000e-05	9.961687e-02	-1.392772e+01
4.086000e-05	9.050184e-02	-1.381043e+01
4.087000e-05	8.137557e-02	-1.365163e+01
4.088000e-05	7.356954e-02	-1.350827e+01
4.089000e-05	6.956735e-02	-1.340140e+01
4.090000e-05	6.640190e-02	-1.323208e+01
4.091000e-05	5.963813e-02	-1.307566e+01
4.092000e-05	5.295308e-02	-1.292834e+01
4.093000e-05	4.945173e-02	-1.278985e+01
4.094000e-05	4.839192e-02	-1.264198e+01
4.095000e-05	4.474506e-02	-1.245361e+01
4.096000e-05	3.968165e-02	-1.228564e+01
4.097000e-05	3.658135e-02	-1.208669e+01
4.098000e-05	3.691184e-02	-1.189659e+01
4.099000e-05	3.493259e-02	-1.168677e+01
4.100000e-05	3.142060e-02	-1.149571e+01
4.101000e-05	2.659434e-02	-1.124311e+01
4.102000e-05	2.682051e-02	-1.103361e+01
4.103000e-05	2.766416e-02	-1.087564e+01
4.104000e-05	2.661866e-02	-1.065414e+01
4.105000e-05	2.194638e-02	-1.047469e+01
4.106000e-05	2.113193e-02	-1.025253e+01
4.107000e-05	2.083233e-02	-9.993557e+00
4.108000e-05	2.106372e-02	-9.822033e+00
4.109000e-05	1.813299e-02	-9.622053e+00
4.110000e-05	1.630088e-02	-9.409421e+00
4.111000e-05	1.654450e-02	-9.116817e+00
4.112000e-05	1.688319e-02	-8.886322e+00
4.113000e-05	1.477768e-02	-8.666041e+00
4.114000e-05	1.154922e-02	-8.424586e+00
4.115000e-05	1.060396e-02	-8.171929e+00
4.116000e-05	1.063663e-02	-7.949324e+00
4.117000e-05	1.189872e-02	-7.706213e+00
4.118000e-05	8.646234e-03	-7.411953e+00
4.119000e-05	7.630974e-03	-7.119498e+00
4.120000e-05	5.068292e-03	-6.865662e+00
4.121000e-05	7.500567e-03	-6.623562e+00
4.122000e-05	6.063001e-03	-6.382550e+00
4.123000e-05	5.923219e-03	-6.126815e+00
4.124000e-05	2.008831e-03	-5.843032e+00
4.125000e-05	4.550913e-03	-5.572025e+00
4.126000e-05	2.338078e-03	-5.247740e+00
4.127000e-05	2.534095e-03	-5.002530e+00
4.128000e-05	-3.619361e-04	-4.625633e+00
4.129000e-05	1.479843e-03	-4.433105e+00
4.130000e-05	8.961172e-04	-4.171526e+00
4.131000e-05	-4.865288e-04	-3.896789e+00
4.132000e-05	-1.658264e-03	-3.582057e+00
4.133000e-05	-3.206629e-03	-3.349973e+00
4.134000e-05	-3.100617e-03	-3.055662e+00
4.135000e-05	-3.796592e-03	-2.760471e+00
4.136000e-05	-2.201014e-03	-2.457789e+00
4.137000e-05	-3.364891e-03	-2.193029e+00
4.138000e-05	-2.351320e-03	-1.908819e+00
4.139000e-05	-5.215810e-03	-1.665185e+00
4.140000e-05	-4.912619e-03	-1.308372e+00
4.141000e-05	-7.971212e-03	-1.013682e+00
4.142000e-05	-7.075679e-03	-7.305251e-01
4.143000e-05	-7.097732e-03	-4.243329e-01
4.144000e-05	-5.409204e-03	-1.615251e-01
4.145000e-05	3.830418e-04	1.201813e-01
4.146000e-05	8.498676e-03	3.979224e-01
4.147000e-05	-1.234751e-03	6.500313e-01
4.148000e-05	4.505231e-03	8.906827e-01
4.149000e-05	-3.907167e-03	1.196970e+00
4.150000e-05	1.683483e-03	1.440055e+00
4.151000e-05	-2.776923e-03	1.765901e+00
4.152000e-05	1.857038e-02	1.987972e+00
4.153000e-05	6.670707e-02	2.260054e+00
4.154000e-05	8.355668e-02	2.584815e+00
4.155000e-05	-5.908710e-02	2.952789e+00
4.156000e-05	-2.489127e-02	3.207391e+00
4.157000e-05	-4.008212e-02	3.522057e+00
4.158000e-05	-2.873213e-02	3.744717e+00
4.159000e-05	-8.819247e-02	3.923242e+00
4.160000e-05	2.451386e-02	4.214368e+00
4.161000e-05	7.546108e-02	4.479209e+00
4.162000e-05	-1.155100e-01	4.753741e+00
4.163000e-05	1.676186e-01	4.996352e+00
4.164000e-05	-8.785025e-02	5.382770e+00
4.165000e-05	-1.107067e-02	5.596897e+00
4.166000e-05	1.397676e-02	5.933105e+00
4.167000e-05	-4.508333e-02	6.153768e+00
4.168000e-05	6.548722e-02	6.386930e+00
4.169000e-05	-6.866451e-02	6.721562e+00
4.170000e-05	2.518665e-02	6.953741e+00
4.171000e-05	-2.732230e-02	7.206872e+00
4.172000e-05	-8.304550e-03	7.492087e+00
4.173000e-05	-1.136642e-02	7.765848e+00
4.174000e-05	-4.224668e-02	8.048955e+00
4.175000e-05	4.100557e-02	8.303187e+00
4.176000e-05	-3.351564e-02	8.523189e+00
4.177000e-05	6.408387e-03	8.733765e+00
4.178000e-05	-2.856522e-02	8.965322e+00
4.179000e-05	-4.518794e-02	9.257925e+00
4.180000e-05	1.274217e-02	9.459954e+00
4.181000e-05	-2.672350e-02	9.638535e+00
4.182000e-05	-8.974291e-04	9.882113e+00
4.183000e-05	-4.348038e-02	1.007316e+01
4.184000e-05	4.721040e-03	1.034364e+01
4.185000e-05	-2.578241e-02	1.056464e+01
4.186000e-05	-2.352785e-02	1.077717e+01
4.187000e-05	-3.105273e-02	1.095424e+01
4.188000e-05	-3.196163e-02	1.115470e+01
4.189000e-05	-6.092508e-03	1.139628e+01
4.190000e-05	-3.566210e-02	1.158532e+01
4.191000e-05	-2.707756e-02	1.176577e+01
4.192000e-05	-4.504348e-02	1.196522e+01
4.193000e-05	-1.639139e-02	1.215519e+01
4.194000e-05	-2.829871e-02	1.234265e+01
4.195000e-05	-3.149190e-02	1.253306e+01
4.196000e-05	-4.442138e-02	1.264008e+01
4.197000e-05	-3.791121e-02	1.281040e+01
4.198000e-05	-2.954890e-02	1.296785e+01
4.199000e-05	-4.363641e-02	1.315467e+01
4.200000e-05	-4.547553e-02	1.326306e+01
4.201000e-05	-4.627426e-02	1.341846e+01
4.202000e-05	-3.186276e-02	1.358380e+01
4.203000e-05	-4.392929e-02	1.373204e+01
4.204000e-05	-5.314020e-02	1.384941e+01
4.205000e-05	-5.928794e-02	1.397885e+01
4.206000e-05	-4.919525e-02	1.408306e+01
4.207000e-05	-4.706796e-02	1.422938e+01
4.208000e-05	-5.732249e-02	1.436525e+01
4.209000e-05	-6.475483e-02	1.447038e+01
4.210000e-05	-6.226003e-02	1.456630e+01
4.211000e-05	-5.807580e-02	1.461998e+01
4.212000e-05	-6.387625e-02	1.471357e+01
4.213000e-05	-7.246159e-02	1.480933e+01
4.214000e-05	-7.214692e-02	1.489461e+01
4.215000e-05	-6.914217e-02	1.495377e+01
4.216000e-05	-7.224564e-02	1.502840e+01
4.217000e-05	-8.459764e-02	1.505206e+01
4.218000e-05	-9.156827e-02	1.513415e+01
4.219000e-05	-8.738090e-02	1.514783e+01
4.220000e-05	-8.587845e-02	1.524136e+01
4.221000e-05	-9.167267e-02	1.523996e+01
4.222000e-05	-1.021536e-01	1.532466e+01
4.223000e-05	-1.020627e-01	1.532419e+01
4.224000e-05	-1.023053e-01	1.534622e+01
4.225000e-05	-1.096034e-01	1.535627e+01
4.226000e-05	-1.194335e-01	1.538673e+01
4.227000e-05	-1.253290e-01	1.540782e+01
4.228000e-05	-1.247440e-01	1.538585e+01
4.229000e-05	-1.282068e-01	1.536830e+01
4.230000e-05	-1.448104e-01	1.540530e+01
4.231000e-05	-1.534290e-01	1.531662e+01
4.232000e-05	-1.645536e-01	1.531422e+01
4.233000e-05	-1.742409e-01	1.529309e+01
4.234000e-05	-1.946408e-01	1.527156e+01
4.235000e-05	-2.240117e-01	1.521946e+01
4.236000e-05	-2.434783e-01	1.514887e+01
4.237000e-05	-2.495749e-01	1.508522e+01
4.238000e-05	-2.500000e-01	1.507156e+01
4.239000e-05	-2.500000e-01	1.501892e+01
4.240000e-05	-2.500000e-01	1.494772e+01
4.241000e-05	-2.500000e-01	1.483259e+01
4.242000e-05	-2.500000e-01	1.480785e+01
4.243000e-05	-2.477000e-01	1.466474e+01
4.244000e-05	-2.385043e-01	1.459053e+01
4.245000e-05	-2.072347e-01	1.455572e+01
4.246000e-05	-1.785222e-01	1.443193e+01
4.247000e-05	-1.598108e-01	1.432765e+01
4.248000e-05	-1.477423e-01	1.417132e+01
4.249000e-05	-1.319415e-01	1.406459e+01
4.250000e-05	-1.146652e-01	1.393827e+01
4.251000e-05	-1.022511e-01	1.381088e+01
4.252000e-05	-9.940194e-02	1.364406e+01
4.253000e-05	-9.235873e-02	1.351784e+01
4.254000e-05	-8.336449e-02	1.338195e+01
4.255000e-05	-7.568498e-02	1.326466e+01
4.256000e-05	-7.311987e-02	1.311564e+01
4.257000e-05	-7.218353e-02	1.297873e+01
4.258000e-05	-6.615813e-02	1.279106e+01
4.259000e-05	-5.795216e-02	1.261458e+01
4.260000e-05	-5.456188e-02	1.247421e+01
4.261000e-05	-5.618258e-02	1.230722e+01
4.262000e-05	-5.394333e-02	1.211730e+01
4.263000e-05	-4.888337e-02	1.192937e+01
4.264000e-05	-4.592222e-02	1.177888e+01
4.265000e-05	-4.775473e-02	1.154985e+01
4.266000e-05	-4.743649e-02	1.136030e+01
4.267000e-05	-4.397753e-02	1.112778e+01
4.268000e-05	-3.798721e-02	1.096838e+01
4.269000e-05	-3.808719e-02	1.075930e+01
4.270000e-05	-3.815136e-02	1.061885e+01
4.271000e-05	-3.749607e-02	1.031782e+01
4.272000e-05	-3.481414e-02	1.010729e+01
4.273000e-05	-3.366324e-02	9.894190e+00
4.274000e-05	-3.526115e-02	9.635616e+00
4.275000e-05	-3.441325e-02	9.442134e+00
4.276000e-05	-3.087066e-02	9.192557e+00
4.277000e-05	-2.716093e-02	8.991379e+00
4.278000e-05	-2.823004e-02	8.710448e+00
4.279000e-05	-2.926412e-02	8.509324e+00
4.280000e-05	-2.895604e-02	8.296770e+00
4.281000e-05	-2.607577e-02	8.025632e+00
4.282000e-05	-2.602497e-02	7.770976e+00
4.283000e-05	-2.672090e-02	7.538275e+00
4.284000e-05	-2.613833e-02	7.227159e+00
4.285000e-05	-2.320000e-02	7.010483e+00
4.286000e-05	-2.114266e-02	6.760902e+00
4.287000e-05	-2.242852e-02	6.466240e+00
4.288000e-05	-2.317844e-02	6.213108e+00
4.289000e-05	-2.140943e-02	5.970454e+00
4.290000e-05	-2.003584e-02	5.677316e+00
4.291000e-05	-1.998746e-02	5.445561e+00
4.292000e-05	-2.209875e-02	5.079319e+00
4.293000e-05	-2.112476e-02	4.792131e+00
4.294000e-05	-1.755115e-02	4.519921e+00
4.295000e-05	-1.639069e-02	4.265712e+00
4.296000e-05	-1.861756e-02	3.951029e+00
4.297000e-05	-1.820453e-02	3.699317e+00
4.298000e-05	-1.647439e-02	3.446692e+00
4.299000e-05	-1.356804e-02	3.140023e+00
4.300000e-05	-1.617109e-02	2.887287e+00
4.301000e-05	-1.750474e-02	2.614033e+00
4.302000e-05	-1.577939e-02	2.298215e+00
4.303000e-05	-1.202824e-02	2.025685e+00
4.304000e-05	-1.322967e-02	1.740424e+00
4.305000e-05	-1.341999e-02	1.455692e+00
4.306000e-05	-1.363389e-02	1.171548e+00
4.307000e-05	-1.089277e-02	8.057056e-01
4.308000e-05	-9.247546e-03	5.614764e-01
4.309000e-05	-1.013518e-02	2.868384e-01
4.310000e-05	-9.259810e-03	-3.949967e-02
4.311000e-05	-1.457447e-03	-3.116088e-01
4.312000e-05	5.238207e-03	-5.213367e-01
4.313000e-05	-2.137441e-03	-8.394962e-01
4.314000e-05	2.172574e-03	-1.052131e+00
4.315000e-05	-2.898137e-03	-1.416417e+00
4.316000e-05	2.270793e-03	-1.661054e+00
4.317000e-05	1.092034e-02	-1.882084e+00
4.318000e-05	6.496512e-02	-2.102209e+00
4.319000e-05	1.134784e-01	-2.428555e+00
4.320000e-05	-5.509937e-02	-2.888001e+00
4.321000e-05	-2.028544e-03	-3.208998e+00
4.322000e-05	-4.579338e-02	-3.451556e+00
4.323000e-05	-3.916762e-02	-3.679610e+00
4.324000e-05	-9.556826e-02	-3.902187e+00
4.325000e-05	1.638014e-01	-4.050085e+00
4.326000e-05	-8.936007e-02	-4.332713e+00
4.327000e-05	4.029815e-02	-4.640480e+00
4.328000e-05	1.257962e-01	-4.890055e+00
4.329000e-05	-1.567736e-01	-5.284902e+00
4.330000e-05	1.662113e-01	-5.583208e+00
4.331000e-05	-1.565001e-01	-5.794819e+00
4.332000e-05	7.834187e-02	-6.071033e+00
4.333000e-05	5.627219e-02	-6.310607e+00
4.334000e-05	-6.327991e-02	-6.627477e+00
4.335000e-05	1.393805e-01	-6.871132e+00
4.336000e-05	-1.243595e-01	-7.162687e+00
4.337000e-05	1.063118e-01	-7.458429e+00
4.338000e-05	-4.739020e-02	-7.691534e+00
4.339000e-05	2.789839e-02	-8.015295e+00
4.340000e-05	7.379942e-02	-8.197898e+00
4.341000e-05	-6.746657e-02	-8.469528e+00
4.342000e-05	1.334100e-01	-8.722688e+00
4.343000e-05	-9.602764e-02	-8.943164e+00
4.344000e-05	7.685116e-02	-9.175842e+00
4.345000e-05	-2.915172e-02	-9.376798e+00
4.346000e-05	5.171261e-02	-9.648924e+00
4.347000e-05	4.538343e-02	-9.849980e+00
4.348000e-05	-1.065428e-02	-1.008891e+01
4.349000e-05	7.127932e-02	-1.024956e+01
4.350000e-05	-4.296676e-02	-1.051309e+01
4.351000e-05	8.948912e-02	-1.070219e+01
4.352000e-05	-3.704735e-02	-1.092264e+01
4.353000e-05	7.290885e-02	-1.111219e+01
4.354000e-05	-9.288623e-03	-1.133416e+01
4.355000e-05	5.948214e-02	-1.153470e+01
4.356000e-05	1.675542e-02	-1.173372e+01
4.357000e-05	2.706181e-02	-1.195471e+01
4.358000e-05	3.733582e-02	-1.213517e+01
4.359000e-05	2.460568e-02	-1.231216e+01
4.360000e-05	5.857907e-02	-1.249311e+01
4.361000e-05	8.122481e-03	-1.266108e+01
4.362000e-05	5.199355e-02	-1.280895e+01
4.363000e-05	1.313353e-02	-1.299740e+01
4.364000e-05	6.274090e-02	-1.312374e+01
4.365000e-05	2.424888e-02	-1.328361e+01
4.366000e-05	5.680779e-02	-1.345898e+01
4.367000e-05	3.358410e-02	-1.358675e+01
4.368000e-05	5.478029e-02	-1.372366e+01
4.369000e-05	4.104202e-02	-1.385806e+01
4.370000e-05	4.417385e-02	-1.397778e+01
4.371000e-05	4.462497e-02	-1.413209e+01
4.372000e-05	5.154261e-02	-1.423998e+01
4.373000e-05	5.993949e-02	-1.436624e+01
4.374000e-05	5.147271e-02	-1.446208e+01
4.375000e-05	5.765354e-02	-1.456527e+01
4.376000e-05	5.406855e-02	-1.466948e+01
4.377000e-05	7.044146e-02	-1.473472e+01
4.378000e-05	6.133268e-02	-1.485084e+01
4.379000e-05	6.929032e-02	-1.495419e+01
4.380000e-05	6.266475e-02	-1.499783e+01
4.381000e-05	7.513619e-02	-1.507149e+01
4.382000e-05	6.956770e-02	-1.515469e+01
4.383000e-05	7.551923e-02	-1.520670e+01
4.384000e-05	7.479483e-02	-1.523891e+01
4.385000e-05	8.648580e-02	-1.530098e+01
4.386000e-05	9.140941e-02	-1.533211e+01
4.387000e-05	9.124684e-02	-1.533567e+01
4.388000e-05	9.118477e-02	-1.534638e+01
4.389000e-05	9.332943e-02	-1.541745e+01
4.390000e-05	1.029983e-01	-1.539896e+01
4.391000e-05	1.045879e-01	-1.546948e+01
4.392000e-05	1.109259e-01	-1.545051e+01
4.393000e-05	1.146203e-01	-1.544993e+01
4.394000e-05	1.260021e-01	-1.543056e+01
4.395000e-05	1.305145e-01	-1.544993e+01
4.396000e-05	1.357911e-01	-1.542888e+01
4.397000e-05	1.435512e-01	-1.542047e+01
4.398000e-05	1.578267e-01	-1.539840e+01
4.399000e-05	1.757587e-01	-1.533624e+01
4.400000e-05	1.944781e-01	-1.529571e+01
4.401000e-05	2.170339e-01	-1.527248e+01
4.402000e-05	2.428309e-01	-1.521083e+01
4.403000e-05	2.497597e-01	-1.517783e+01
4.404000e-05	2.500000e-01	-1.514519e+01
4.405000e-05	2.500000e-01	-1.503101e+01
4.406000e-05	2.500000e-01	-1.496932e+01
4.407000e-05	2.500000e-01	-1.497412e+01
4.408000e-05	2.500000e-01	-1.479193e+01
4.409000e-05	2.476963e-01	-1.477782e+01
4.410000e-05	2.202713e-01	-1.468356e+01
4.411000e-05	1.912347e-01	-1.456637e+01
4.412000e-05	1.690030e-01	-1.444359e+01
4.413000e-05	1.486893e-01	-1.433729e+01
4.414000e-05	1.298920e-01	-1.426358e+01
4.415000e-05	1.158747e-01	-1.415672e+01
4.416000e-05	1.039741e-01	-1.395998e+01
4.417000e-05	9.343365e-02	-1.385164e+01
4.418000e-05	8.348279e-02	-1.373622e+01
4.419000e-05	7.651196e-02	-1.360838e+01
4.420000e-05	7.169238e-02	-1.347251e+01
4.421000e-05	6.823241e-02	-1.329669e+01
4.422000e-05	6.204193e-02	-1.311827e+01
4.423000e-05	5.523058e-02	-1.300993e+01
4.424000e-05	5.035914e-02	-1.283361e+01
4.425000e-05	4.888205e-02	-1.267461e+01
4.426000e-05	4.620973e-02	-1.252827e+01
4.427000e-05	4.167100e-02	-1.232937e+01
4.428000e-05	3.898741e-02	-1.219003e+01
4.429000e-05	3.663377e-02	-1.199240e+01
4.430000e-05	3.626436e-02	-1.178096e+01
4.431000e-05	3.297813e-02	-1.158038e+01
4.432000e-05	2.849981e-02	-1.131777e+01
4.433000e-05	2.777732e-02	-1.115930e+01
4.434000e-05	2.818290e-02	-1.094835e+01
4.435000e-05	2.744721e-02	-1.073832e+01
4.436000e-05	2.328929e-02	-1.058838e+01
4.437000e-05	2.138875e-02	-1.030530e+01
4.438000e-05	2.103429e-02	-1.011627e+01
4.439000e-05	2.102571e-02	-9.874268e+00
4.440000e-05	1.948818e-02	-9.654663e+00
4.441000e-05	1.666992e-02	-9.452561e+00
4.442000e-05	1.569415e-02	-9.202528e+00
4.443000e-05	1.618158e-02	-9.021499e+00
4.444000e-05	1.510192e-02	-8.749975e+00
4.445000e-05	1.221935e-02	-8.507794e+00
4.446000e-05	1.075989e-02	-8.264116e+00
4.447000e-05	1.081525e-02	-8.024660e+00
4.448000e-05	1.152248e-02	-7.780374e+00
4.449000e-05	9.492756e-03	-7.466770e+00
4.450000e-05	8.474993e-03	-7.232661e+00
4.451000e-05	6.448795e-03	-7.001950e+00
4.452000e-05	7.409328e-03	-6.706290e+00
4.453000e-05	4.384992e-03	-6.466312e+00
4.454000e-05	4.156845e-03	-6.202002e+00
4.455000e-05	3.020124e-03	-5.938796e+00
4.456000e-05	5.136878e-03	-5.687759e+00
4.457000e-05	4.086770e-03	-5.411454e+00
4.458000e-05	2.579070e-03	-5.096745e+00
4.459000e-05	9.428205e-06	-4.752978e+00
4.460000e-05	1.309833e-03	-4.506739e+00
4.461000e-05	4.100439e-04	-4.275190e+00
4.462000e-05	-8.946890e-05	-4.021130e+00
4.463000e-05	-1.387634e-03	-3.697869e+00
4.464000e-05	-2.086673e-03	-3.463633e+00
4.465000e-05	-3.272384e-03	-3.170551e+00
4.466000e-05	-3.611759e-03	-2.845286e+00
4.467000e-05	-5.220663e-03	-2.581550e+00
4.468000e-05	-4.407743e-03	-2.328873e+00
4.469000e-05	-3.753192e-03	-2.013576e+00
4.470000e-05	-3.241068e-03	-1.771524e+00
4.471000e-05	-3.981244e-03	-1.467184e+00
4.472000e-05	-4.832165e-03	-1.118445e+00
4.473000e-05	-7.175749e-03	-8.341857e-01
4.474000e-05	-9.227656e-03	-5.634700e-01
4.475000e-05	-8.813013e-03	-2.452108e-01
4.476000e-05	-6.984579e-03	-1.350538e-02
4.477000e-05	8.833454e-03	3.215828e-01
4.478000e-05	1.126183e-03	5.568407e-01
4.479000e-05	6.444277e-03	8.073435e-01
4.480000e-05	1.204406e-03	1.132555e+00
4.481000e-05	6.480663e-04	1.354293e+00
4.482000e-05	-3.384749e-03	1.680109e+00
4.483000e-05	7.732693e-03	1.934237e+00
4.484000e-05	3.622219e-02	2.175766e+00
4.485000e-05	1.053250e-01	2.407950e+00
4.486000e-05	-2.272636e-02	2.777519e+00
4.487000e-05	-3.853093e-02	3.081587e+00
4.488000e-05	-3.408602e-02	3.374846e+00
4.489000e-05	-2.426483e-02	3.669555e+00
4.490000e-05	-7.605347e-02	3.871558e+00
4.491000e-05	-3.912259e-02	4.070585e+00
4.492000e-05	1.064575e-01	4.376292e+00
4.493000e-05	-9.138160e-02	4.630958e+00
4.494000e-05	7.017891e-02	4.861033e+00
4.495000e-05	5.039490e-02	5.229380e+00
4.496000e-05	-1.080046e-01	5.503137e+00
4.497000e-05	6.530463e-02	5.794323e+00
4.498000e-05	-6.973448e-02	6.069982e+00
4.499000e-05	5.538051e-02	6.262633e+00
4.500000e-05	-2.110022e-02	6.547873e+00
4.501000e-05	-3.275922e-02	6.849530e+00
4.502000e-05	2.587137e-02	7.132688e+00
4.503000e-05	-5.303283e-02	7.395325e+00
4.504000e-05	2.900438e-02	7.649434e+00
4.505000e-05	-7.076741e-02	7.964716e+00
4.506000e-05	3.471633e-02	8.220399e+00
4.507000e-05	-7.267735e-03	8.428507e+00
4.508000e-05	-2.001542e-02	8.650928e+00
4.509000e-05	6.278003e-03	8.860536e+00
4.510000e-05	-6.947371e-02	9.124689e+00
4.511000e-05	1.743484e-02	9.344718e+00
4.512000e-05	-3.087066e-02	9.565817e+00
4.513000e-05	7.638683e-03	9.827824e+00
4.514000e-05	-4.541226e-02	1.004948e+01
4.515000e-05	-5.802255e-03	1.025001e+01
4.516000e-05	-1.358973e-02	1.049006e+01
4.517000e-05	-2.986289e-02	1.067161e+01
4.518000e-05	-2.165094e-02	1.088153e+01
4.519000e-05	-4.156821e-02	1.106114e+01
4.520000e-05	-3.114380e-03	1.130214e+01
4.521000e-05	-3.408954e-02	1.150159e+01
4.522000e-05	-2.160011e-02	1.168206e+01
4.523000e-05	-4.936116e-02	1.188264e+01
4.524000e-05	-2.002320e-02	1.210259e+01
4.525000e-05	-2.625211e-02	1.224096e+01
4.526000e-05	-2.684122e-02	1.244136e+01
4.527000e-05	-4.306875e-02	1.261637e+01
4.528000e-05	-4.199478e-02	1.275775e+01
4.529000e-05	-2.836251e-02	1.291361e+01
4.530000e-05	-4.092149e-02	1.309153e+01
4.531000e-05	-4.193448e-02	1.323943e+01
4.532000e-05	-5.144850e-02	1.335772e+01
4.533000e-05	-3.198010e-02	1.353317e+01
4.534000e-05	-4.247157e-02	1.368098e+01
4.535000e-05	-4.731556e-02	1.374930e+01
4.536000e-05	-6.286420e-02	1.388367e+01
4.537000e-05	-5.116661e-02	1.402999e+01
4.538000e-05	-4.753564e-02	1.421722e+01
4.539000e-05	-5.298177e-02	1.429364e+01
4.540000e-05	-6.223118e-02	1.440893e+01
4.541000e-05	-6.519325e-02	1.452517e+01
4.542000e-05	-5.537829e-02	1.462040e+01
4.543000e-05	-6.352476e-02	1.468308e+01
4.544000e-05	-6.774086e-02	1.480776e+01
4.545000e-05	-7.660222e-02	1.485301e+01
4.546000e-05	-6.877791e-02	1.491427e+01
4.547000e-05	-7.151647e-02	1.496832e+01
4.548000e-05	-7.924685e-02	1.504103e+01
4.549000e-05	-9.056996e-02	1.510711e+01
4.550000e-05	-8.995530e-02	1.514820e+01
4.551000e-05	-8.244480e-02	1.522090e+01
4.552000e-05	-8.947059e-02	1.528098e+01
4.553000e-05	-9.744179e-02	1.529252e+01
4.554000e-05	-1.043037e-01	1.531564e+01
4.555000e-05	-1.013794e-01	1.534619e+01
4.556000e-05	-1.066593e-01	1.536875e+01
4.557000e-05	-1.169859e-01	1.537738e+01
4.558000e-05	-1.236555e-01	1.536783e+01
4.559000e-05	-1.246436e-01	1.539730e+01
4.560000e-05	-1.250322e-01	1.539687e+01
4.561000e-05	-1.379300e-01	1.536783e+01
4.562000e-05	-1.515171e-01	1.532672e+01
4.563000e-05	-1.617972e-01	1.533617e+01
4.564000e-05	-1.685564e-01	1.533304e+01
4.565000e-05	-1.864138e-01	1.526254e+01
4.566000e-05	-2.117694e-01	1.523103e+01
4.567000e-05	-2.382847e-01	1.517935e+01
4.568000e-05	-2.486109e-01	1.511723e+01
4.569000e-05	-2.500000e-01	1.507459e+01
4.570000e-05	-2.500000e-01	1.501246e+01
4.571000e-05	-2.500000e-01	1.493785e+01
4.572000e-05	-2.500000e-01	1.487512e+01
4.573000e-05	-2.500000e-01	1.480033e+01
4.574000e-05	-2.500000e-01	1.473782e+01
4.575000e-05	-2.471848e-01	1.463303e+01
4.576000e-05	-2.223323e-01	1.455735e+01
4.577000e-05	-1.892866e-01	1.447501e+01
4.578000e-05	-1.654295e-01	1.431730e+01
4.579000e-05	-1.489856e-01	1.421096e+01
4.580000e-05	-1.369436e-01	1.410726e+01
4.581000e-05	-1.207520e-01	1.399048e+01
4.582000e-05	-1.087198e-01	1.388359e+01
4.583000e-05	-1.002973e-01	1.373772e+01
4.584000e-05	-9.569813e-02	1.358153e+01
4.585000e-05	-8.713935e-02	1.345254e+01
4.586000e-05	-7.829220e-02	1.331677e+01
4.587000e-05	-7.253219e-02	1.313985e+01
4.588000e-05	-7.117900e-02	1.302298e+01
4.589000e-05	-6.762719e-02	1.285461e+01
4.590000e-05	-6.181857e-02	1.270674e+01
4.591000e-05	-5.724382e-02	1.254882e+01
4.592000e-05	-5.622272e-02	1.235950e+01
4.593000e-05	-5.610179e-02	1.223150e+01
4.594000e-05	-5.138837e-02	1.204258e+01
4.595000e-05	-4.754734e-02	1.180358e+01
4.596000e-05	-4.494325e-02	1.161451e+01
4.597000e-05	-4.696016e-02	1.143309e+01
4.598000e-05	-4.342517e-02	1.120458e+01
4.599000e-05	-4.047093e-02	1.103311e+01
4.600000e-05	-3.776594e-02	1.081413e+01
4.601000e-05	-3.937607e-02	1.062251e+01
4.602000e-05	-3.824953e-02	1.041310e+01
4.603000e-05	-3.552813e-02	1.019050e+01
4.604000e-05	-3.443411e-02	9.950925e+00
4.605000e-05	-3.382123e-02	9.740873e+00
4.606000e-05	-3.489344e-02	9.477240e+00
4.607000e-05	-3.138257e-02	9.306291e+00
4.608000e-05	-2.969396e-02	9.054588e+00
4.609000e-05	-2.822349e-02	8.833656e+00
4.610000e-05	-2.930691e-02	8.622106e+00
4.611000e-05	-2.875892e-02	8.351003e+00
4.612000e-05	-2.758136e-02	8.138369e+00
4.613000e-05	-2.541156e-02	7.886143e+00
4.614000e-05	-2.560842e-02	7.613660e+00
4.615000e-05	-2.617506e-02	7.319348e+00
4.616000e-05	-2.515225e-02	7.075291e+00
4.617000e-05	-2.237074e-02	6.845736e+00
4.618000e-05	-2.202529e-02	6.561455e+00
4.619000e-05	-2.287139e-02	6.297269e+00
4.620000e-05	-2.195803e-02	6.076208e+00
4.621000e-05	-2.053533e-02	5.793483e+00
4.622000e-05	-1.885657e-02	5.499397e+00
4.623000e-05	-2.072601e-02	5.234741e+00
4.624000e-05	-2.088171e-02	4.869368e+00
4.625000e-05	-2.021970e-02	4.603584e+00
4.626000e-05	-1.772451e-02	4.382027e+00
4.627000e-05	-1.746606e-02	4.068342e+00
4.628000e-05	-1.738305e-02	3.794083e+00
4.629000e-05	-1.678849e-02	3.550421e+00
4.630000e-05	-1.479529e-02	3.236182e+00
4.631000e-05	-1.507216e-02	2.972074e+00
4.632000e-05	-1.569994e-02	2.748873e+00
4.633000e-05	-1.475195e-02	2.413156e+00
4.634000e-05	-1.633295e-02	2.130347e+00
4.635000e-05	-1.224110e-02	1.877242e+00
4.636000e-05	-1.522071e-02	1.541004e+00
4.637000e-05	-9.352245e-03	1.257241e+00
4.638000e-05	-1.143008e-02	9.209490e-01
4.639000e-05	-9.768904e-03	6.657398e-01
4.640000e-05	-9.031579e-03	4.111054e-01
4.641000e-05	-1.116892e-02	8.729099e-02
4.642000e-05	-6.441951e-03	-1.758181e-01
4.643000e-05	4.155698e-03	-4.489749e-01
4.644000e-05	-4.900630e-03	-7.411867e-01
4.645000e-05	5.692388e-03	-1.007421e+00
4.646000e-05	-1.807391e-03	-1.290180e+00
4.647000e-05	4.696791e-03	-1.574817e+00
4.648000e-05	2.397848e-03	-1.796796e+00
4.649000e-05	3.733209e-02	-2.027500e+00
4.650000e-05	1.220487e-01	-2.312631e+00
4.651000e-05	-3.011420e-03	-2.730529e+00
4.652000e-05	-3.541015e-02	-3.120530e+00
4.653000e-05	-2.202521e-02	-3.407347e+00
4.654000e-05	-3.843626e-02	-3.576868e+00
4.655000e-05	-8.912521e-02	-3.838431e+00
4.656000e-05	6.437123e-02	-3.988501e+00
4.657000e-05	7.290376e-02	-4.209477e+00
4.658000e-05	-1.304095e-01	-4.562740e+00
4.659000e-05	2.041279e-01	-4.827846e+00
4.660000e-05	-1.434337e-01	-5.121005e+00
4.661000e-05	8.115435e-02	-5.460927e+00
4.662000e-05	-1.617763e-02	-5.641529e+00
4.663000e-05	-9.119572e-02	-6.014827e+00
4.664000e-05	1.712157e-01	-6.216900e+00
4.665000e-05	-1.171352e-01	-6.511061e+00
4.666000e-05	1.316145e-01	-6.747345e+00
4.667000e-05	-5.396145e-02	-7.058379e+00
4.668000e-05	2.155289e-04	-7.364193e+00
4.669000e-05	6.456257e-02	-7.564275e+00
4.670000e-05	-7.811452e-02	-7.929527e+00
4.671000e-05	1.384919e-01	-8.124688e+00
4.672000e-05	-8.386068e-02	-8.362741e+00
4.673000e-05	1.014199e-01	-8.639275e+00
4.674000e-05	-1.500743e-02	-8.840479e+00
4.675000e-05	-1.746515e-02	-9.090585e+00
4.676000e-05	5.717448e-02	-9.301064e+00
4.677000e-05	-3.758857e-02	-9.563218e+00
4.678000e-05	1.144009e-01	-9.775772e+00
4.679000e-05	-5.227650e-02	-9.994744e+00
4.680000e-05	9.138274e-02	-1.024688e+01
4.681000e-05	-3.936813e-02	-1.044887e+01
4.682000e-05	6.452081e-02	-1.063896e+01
4.683000e-05	4.727547e-03	-1.086650e+01
4.684000e-05	2.561841e-02	-1.105051e+01
4.685000e-05	3.988538e-02	-1.123853e+01
4.686000e-05	6.771086e-03	-1.149106e+01
4.687000e-05	6.287060e-02	-1.166951e+01
4.688000e-05	-1.078470e-02	-1.185103e+01
4.689000e-05	6.299973e-02	-1.206098e+01
4.690000e-05	1.839421e-03	-1.225908e+01
4.691000e-05	7.305722e-02	-1.244591e+01
4.692000e-05	8.835264e-03	-1.259585e+01
4.693000e-05	4.841598e-02	-1.277572e+01
4.694000e-05	1.758777e-02	-1.288269e+01
4.695000e-05	4.762140e-02	-1.307258e+01
4.696000e-05	3.904976e-02	-1.318788e+01
4.697000e-05	4.137041e-02	-1.341637e+01
4.698000e-05	4.850990e-02	-1.352217e+01
4.699000e-05	4.058353e-02	-1.365248e+01
4.700000e-05	5.605270e-02	-1.380745e+01
4.701000e-05	3.295830e-02	-1.392472e+01
4.702000e-05	5.099946e-02	-1.407096e+01
4.703000e-05	4.139162e-02	-1.420737e+01
4.704000e-05	6.378756e-02	-1.434361e+01
4.705000e-05	4.956464e-02	-1.438988e+01
4.706000e-05	5.888649e-02	-1.455364e+01
4.707000e-05	5.209999e-02	-1.461893e+01
4.708000e-05	6.625440e-02	-1.471314e+01
4.709000e-05	6.387672e-02	-1.480733e+01
4.710000e-05	6.697495e-02	-1.489201e+01
4.711000e-05	6.562246e-02	-1.494472e+01
4.712000e-05	7.035482e-02	-1.503845e+01
4.713000e-05	7.320355e-02	-1.512364e+01
4.714000e-05	7.079830e-02	-1.515677e+01
4.715000e-05	7.524049e-02	-1.519835e+01
4.716000e-05	7.918950e-02	-1.527101e+01
4.717000e-05	9.138961e-02	-1.529206e+01
4.718000e-05	8.999281e-02	-1.534572e+01
4.719000e-05	9.306914e-02	-1.535829e+01
4.720000e-05	9.058739e-02	-1.535783e+01
4.721000e-05	1.011045e-01	-1.537830e+01
4.722000e-05	1.038267e-01	-1.541990e+01
4.723000e-05	1.087978e-01	-1.545146e+01
4.724000e-05	1.117937e-01	-1.544194e+01
4.725000e-05	1.217908e-01	-1.543354e+01
4.726000e-05	1.279481e-01	-1.541150e+01
4.727000e-05	1.337254e-01	-1.536993e+01
4.728000e-05	1.401205e-01	-1.542048e+01
4.729000e-05	1.513711e-01	-1.540793e+01
4.730000e-05	1.689032e-01	-1.539675e+01
4.731000e-05	1.873910e-01	-1.533474e+01
4.732000e-05	2.080443e-01	-1.527404e+01
4.733000e-05	2.332201e-01	-1.521896e+01
4.734000e-05	2.483937e-01	-1.521830e+01
4.735000e-05	2.500000e-01	-1.514624e+01
4.736000e-05	2.500000e-01	-1.509309e+01
4.737000e-05	2.500000e-01	-1.501895e+01
4.738000e-05	2.500000e-01	-1.493580e+01
4.739000e-05	2.500000e-01	-1.483306e+01
4.740000e-05	2.497000e-01	-1.475790e+01
4.741000e-05	2.334480e-01	-1.468459e+01
4.742000e-05	2.014567e-01	-1.458945e+01
4.743000e-05	1.769805e-01	-1.448574e+01
4.744000e-05	1.557428e-01	-1.437990e+01
4.745000e-05	1.362076e-01	-1.429312e+01
4.746000e-05	1.198899e-01	-1.415787e+01
4.747000e-05	1.085548e-01	-1.400153e+01
4.748000e-05	9.919896e-02	-1.392624e+01
4.749000e-05	8.898703e-02	-1.377835e+01
4.750000e-05	7.953252e-02	-1.361198e+01
4.751000e-05	7.307176e-02	-1.350469e+01
4.752000e-05	6.893867e-02	-1.340742e+01
4.753000e-05	6.455751e-02	-1.320151e+01
4.754000e-05	5.474485e-02	-1.306211e+01
4.755000e-05	5.305883e-02	-1.291529e+01
4.756000e-05	4.810920e-02	-1.274975e+01
4.757000e-05	4.943158e-02	-1.255946e+01
4.758000e-05	4.535210e-02	-1.244205e+01
4.759000e-05	4.039530e-02	-1.222301e+01
4.760000e-05	4.026472e-02	-1.203206e+01
4.761000e-05	3.376061e-02	-1.185309e+01
4.762000e-05	3.279870e-02	-1.166609e+01
4.763000e-05	2.607995e-02	-1.141311e+01
4.764000e-05	2.770150e-02	-1.122153e+01
4.765000e-05	2.816834e-02	-1.102005e+01
4.766000e-05	2.928364e-02	-1.084150e+01
4.767000e-05	2.713966e-02	-1.064208e+01
4.768000e-05	2.391647e-02	-1.041348e+01
4.769000e-05	2.149914e-02	-1.022243e+01
4.770000e-05	1.877204e-02	-9.951374e+00
4.771000e-05	1.794316e-02	-9.739998e+00
4.772000e-05	1.529834e-02	-9.537744e+00
4.773000e-05	1.647305e-02	-9.347265e+00
4.774000e-05	1.563845e-02	-9.073763e+00
4.775000e-05	1.634580e-02	-8.854165e+00
4.776000e-05	1.353885e-02	-8.622007e+00
4.777000e-05	1.347062e-02	-8.341400e+00
4.778000e-05	1.093750e-02	-8.148896e+00
4.779000e-05	1.178731e-02	-7.896243e+00
4.780000e-05	8.749340e-03	-7.593575e+00
4.781000e-05	7.106927e-03	-7.389420e+00
4.782000e-05	6.964345e-03	-7.036789e+00
4.783000e-05	5.606167e-03	-6.833207e+00
4.784000e-05	6.346629e-03	-6.541454e+00
4.785000e-05	6.147121e-03	-6.299345e+00
4.786000e-05	7.393909e-03	-5.994157e+00
4.787000e-05	5.087013e-03	-5.790451e+00
4.788000e-05	3.952519e-03	-5.498416e+00
4.789000e-05	2.906149e-05	-5.222055e+00
4.790000e-05	-1.119771e-04	-4.887792e+00
4.791000e-05	-2.326855e-03	-4.570603e+00
4.792000e-05	3.611261e-04	-4.379373e+00
4.793000e-05	-1.226753e-03	-4.079291e+00
4.794000e-05	1.521192e-03	-3.863584e+00
4.795000e-05	1.464106e-03	-3.548924e+00
4.796000e-05	-8.706097e-04	-3.275165e+00
4.797000e-05	-8.072312e-05	-3.002979e+00
4.798000e-05	-6.685800e-03	-2.698265e+00
4.799000e-05	-3.707228e-03	-2.434183e+00
4.800000e-05	-8.462668e-03	-2.139467e+00
4.801000e-05	-5.132065e-03	-1.865736e+00
4.802000e-05	-6.395838e-03	-1.612003e+00
4.803000e-05	-2.697308e-03	-1.235762e+00
4.804000e-05	-3.922264e-03	-9.604986e-01
4.805000e-05	-2.927288e-03	-6.876620e-01
4.806000e-05	-6.551080e-03	-3.705224e-01
4.807000e-05	-6.027572e-03	-1.289145e-01
4.808000e-05	-4.619413e-05	1.558208e-01
4.809000e-05	3.123916e-03	4.506276e-01
4.810000e-05	-1.000575e-03	7.226605e-01
4.811000e-05	2.827805e-03	9.647657e-01
4.812000e-05	-6.824541e-04	1.270583e+00
4.813000e-05	3.538359e-03	1.534767e+00
4.814000e-05	2.476302e-03	1.829104e+00
4.815000e-05	2.529138e-02	2.039109e+00
4.816000e-05	8.759806e-02	2.302688e+00
4.817000e-05	4.454115e-02	2.660455e+00
4.818000e-05	-5.925544e-02	3.015850e+00
4.819000e-05	-2.775590e-02	3.239579e+00
4.820000e-05	-3.806968e-02	3.566195e+00
4.821000e-05	-4.526337e-02	3.806900e+00
4.822000e-05	-7.723927e-02	3.978369e+00
4.823000e-05	6.949628e-02	4.218954e+00
4.824000e-05	1.514066e-02	4.574318e+00
4.825000e-05	-6.421189e-02	4.807894e+00
4.826000e-05	1.585985e-01	5.091662e+00
4.827000e-05	-1.350218e-01	5.458401e+00
4.828000e-05	4.011568e-02	5.641002e+00
4.829000e-05	-3.233143e-02	5.976297e+00
4.830000e-05	-4.165273e-03	6.197897e+00
4.831000e-05	4.163091e-02	6.490961e+00
4.832000e-05	-6.940819e-02	6.756814e+00
4.833000e-05	4.405207e-02	7.007476e+00
4.834000e-05	-5.311427e-02	7.271007e+00
4.835000e-05	2.061164e-02	7.575794e+00
4.836000e-05	-4.623807e-02	7.829931e+00
4.837000e-05	-8.386853e-03	8.103639e+00
4.838000e-05	2.423956e-02	8.344747e+00
4.839000e-05	-3.818524e-02	8.565770e+00
4.840000e-05	1.458259e-02	8.786452e+00
4.841000e-05	-5.236516e-02	9.017427e+00
4.842000e-05	-1.539846e-02	9.291003e+00
4.843000e-05	-4.076205e-03	9.491608e+00
4.844000e-05	-9.249946e-03	9.703141e+00
4.845000e-05	-2.042591e-02	9.933768e+00
4.846000e-05	-3.154407e-02	1.016577e+01
4.847000e-05	-2.950061e-03	1.040672e+01
4.848000e-05	-3.228193e-02	1.060687e+01
4.849000e-05	-2.179062e-02	1.081737e+01
4.850000e-05	-3.661394e-02	1.102690e+01
4.851000e-05	-1.854187e-02	1.117743e+01
4.852000e-05	-1.557500e-02	1.144898e+01
4.853000e-05	-2.932009e-02	1.161995e+01
4.854000e-05	-3.684938e-02	1.178993e+01
4.855000e-05	-3.670877e-02	1.203841e+01
4.856000e-05	-2.106978e-02	1.218785e+01
4.857000e-05	-2.858536e-02	1.239830e+01
4.858000e-05	-3.697914e-02	1.254419e+01
4.859000e-05	-4.407497e-02	1.269214e+01
4.860000e-05	-3.254771e-02	1.284954e+01
4.861000e-05	-3.304907e-02	1.304838e+01
4.862000e-05	-4.109138e-02	1.318575e+01
4.863000e-05	-4.775901e-02	1.330414e+01
4.864000e-05	-3.888443e-02	1.344151e+01
4.865000e-05	-3.817108e-02	1.363738e+01
4.866000e-05	-4.520178e-02	1.374522e+01
4.867000e-05	-5.920550e-02	1.384203e+01
4.868000e-05	-5.570387e-02	1.398791e+01
4.869000e-05	-4.971840e-02	1.410507e+01
4.870000e-05	-4.829796e-02	1.427151e+01
4.871000e-05	-5.805711e-02	1.439785e+01
4.872000e-05	-6.388441e-02	1.451256e+01
4.873000e-05	-5.836601e-02	1.458687e+01
4.874000e-05	-6.025649e-02	1.464099e+01
4.875000e-05	-6.442200e-02	1.469618e+01
4.876000e-05	-7.549629e-02	1.483948e+01
4.877000e-05	-7.032301e-02	1.489419e+01
4.878000e-05	-7.059871e-02	1.497525e+01
4.879000e-05	-7.389003e-02	1.499891e+01
4.880000e-05	-8.753123e-02	1.510509e+01
4.881000e-05	-8.893170e-02	1.512717e+01
4.882000e-05	-8.625672e-02	1.521680e+01
4.883000e-05	-8.483366e-02	1.522143e+01
4.884000e-05	-9.480216e-02	1.526203e+01
4.885000e-05	-1.022778e-01	1.529407e+01
4.886000e-05	-1.025370e-01	1.533429e+01
4.887000e-05	-1.041825e-01	1.535529e+01
4.888000e-05	-1.123780e-01	1.537630e+01
4.889000e-05	-1.217387e-01	1.538878e+01
4.890000e-05	-1.238706e-01	1.536885e+01
4.891000e-05	-1.250607e-01	1.536775e+01
4.892000e-05	-1.319101e-01	1.539627e+01
4.893000e-05	-1.459186e-01	1.536625e+01
4.894000e-05	-1.584652e-01	1.533727e+01
4.895000e-05	-1.649984e-01	1.533317e+01
4.896000e-05	-1.791355e-01	1.526201e+01
4.897000e-05	-2.008699e-01	1.526206e+01
4.898000e-05	-2.294301e-01	1.519096e+01
4.899000e-05	-2.474333e-01	1.516730e+01
4.900000e-05	-2.500000e-01	1.506524e+01
4.901000e-05	-2.500000e-01	1.505196e+01
4.902000e-05	-2.500000e-01	1.497033e+01
4.903000e-05	-2.500000e-01	1.491224e+01
4.904000e-05	-2.500000e-01	1.486299e+01
4.905000e-05	-2.500000e-01	1.475033e+01
4.906000e-05	-2.490978e-01	1.466469e+01
4.907000e-05	-2.347386e-01	1.455838e+01
4.908000e-05	-2.008763e-01	1.451419e+01
4.909000e-05	-1.742261e-01	1.437943e+01
4.910000e-05	-1.539523e-01	1.428162e+01
4.911000e-05	-1.424187e-01	1.412788e+01
4.912000e-05	-1.256247e-01	1.402201e+01
4.913000e-05	-1.130172e-01	1.389762e+01
4.914000e-05	-1.023770e-01	1.379885e+01
4.915000e-05	-9.847279e-02	1.364251e+01
4.916000e-05	-9.145053e-02	1.349672e+01
4.917000e-05	-8.251436e-02	1.335790e+01
4.918000e-05	-7.407355e-02	1.318353e+01
4.919000e-05	-7.244584e-02	1.306361e+01
4.920000e-05	-6.992605e-02	1.290742e+01
4.921000e-05	-6.532429e-02	1.274988e+01
4.922000e-05	-5.835249e-02	1.260198e+01
4.923000e-05	-5.639364e-02	1.247454e+01
4.924000e-05	-5.493490e-02	1.226511e+01
4.925000e-05	-5.322215e-02	1.209669e+01
4.926000e-05	-4.874987e-02	1.188622e+01
4.927000e-05	-4.602694e-02	1.168772e+01
4.928000e-05	-4.609467e-02	1.150629e+01
4.929000e-05	-4.628320e-02	1.130574e+01
4.930000e-05	-4.288919e-02	1.106622e+01
4.931000e-05	-3.802528e-02	1.090532e+01
4.932000e-05	-3.749131e-02	1.069625e+01
4.933000e-05	-3.838645e-02	1.047672e+01
4.934000e-05	-3.741752e-02	1.025426e+01
4.935000e-05	-3.461688e-02	1.005416e+01
4.936000e-05	-3.394843e-02	9.862508e+00
4.937000e-05	-3.417655e-02	9.553478e+00
4.938000e-05	-3.300293e-02	9.399877e+00
4.939000e-05	-3.006594e-02	9.159919e+00
4.940000e-05	-2.834583e-02	8.917823e+00
4.941000e-05	-2.901837e-02	8.665264e+00
4.942000e-05	-2.935951e-02	8.483689e+00
4.943000e-05	-2.731448e-02	8.252559e+00
4.944000e-05	-2.542828e-02	8.031497e+00
4.945000e-05	-2.459286e-02	7.728850e+00
4.946000e-05	-2.618008e-02	7.436638e+00
4.947000e-05	-2.559931e-02	7.162029e+00
4.948000e-05	-2.348451e-02	6.949375e+00
4.949000e-05	-2.182086e-02	6.678716e+00
4.950000e-05	-2.351992e-02	6.402602e+00
4.951000e-05	-2.328715e-02	6.159878e+00
4.952000e-05	-2.086972e-02	5.919271e+00
4.953000e-05	-1.860513e-02	5.592707e+00
4.954000e-05	-1.927426e-02	5.361979e+00
4.955000e-05	-2.064383e-02	5.004640e+00
4.956000e-05	-1.991180e-02	4.737801e+00
4.957000e-05	-1.864149e-02	4.477786e+00
4.958000e-05	-1.721509e-02	4.205510e+00
4.959000e-05	-1.817437e-02	3.909370e+00
4.960000e-05	-1.735772e-02	3.635658e+00
4.961000e-05	-1.571178e-02	3.363853e+00
4.962000e-05	-1.313622e-02	3.106742e+00
4.963000e-05	-1.555990e-02	2.804657e+00
4.964000e-05	-1.541081e-02	2.520944e+00
4.965000e-05	-1.508356e-02	2.214732e+00
4.966000e-05	-1.287610e-02	1.963025e+00
4.967000e-05	-1.254234e-02	1.667261e+00
4.968000e-05	-1.413121e-02	1.373078e+00
4.969000e-05	-1.284316e-02	1.067316e+00
4.970000e-05	-1.180317e-02	7.701012e-01
4.971000e-05	-9.119858e-03	4.688372e-01
4.972000e-05	-1.028341e-02	2.155530e-01
4.973000e-05	-6.605817e-03	-1.026601e-01
4.974000e-05	2.776749e-03	-3.747643e-01
4.975000e-05	1.475158e-03	-6.374484e-01
4.976000e-05	-9.170555e-04	-8.422092e-01
4.977000e-05	-1.687361e-03	-1.143737e+00
4.978000e-05	-6.924264e-04	-1.470455e+00
4.979000e-05	3.696398e-04	-1.683658e+00
4.980000e-05	2.029473e-02	-1.954739e+00
4.981000e-05	8.970798e-02	-2.214918e+00
4.982000e-05	7.701875e-02	-2.530712e+00
4.983000e-05	-6.017187e-02	-2.991790e+00
4.984000e-05	7.038498e-04	-3.330637e+00
4.985000e-05	-4.988204e-02	-3.533686e+00
4.986000e-05	-5.417096e-02	-3.722739e+00
4.987000e-05	-5.410400e-02	-3.955814e+00
4.988000e-05	1.689390e-01	-4.144189e+00
4.989000e-05	-1.596293e-01	-4.397397e+00
4.990000e-05	1.443830e-01	-4.703137e+00
4.991000e-05	6.774029e-03	-4.944293e+00
4.992000e-05	-8.360990e-02	-5.343094e+00
4.993000e-05	1.329274e-01	-5.565418e+00
4.994000e-05	-1.738356e-01	-5.890053e+00
4.995000e-05	1.590793e-01	-6.143190e+00
4.996000e-05	-3.833538e-02	-6.394316e+00
4.997000e-05	1.975622e-02	-6.701505e+00
4.998000e-05	7.579363e-02	-6.893717e+00
4.999000e-05	-1.031476e-01	-7.276877e+00
