# 260604_11:19:50.715123
t	CH1	CH2
0.000000e+00	-1.141133e-02	5.911249e-01
1.000000e-08	-1.033118e-02	3.079149e-01
2.000000e-08	-9.830987e-03	6.218026e-02
3.000000e-08	-3.581551e-03	-2.715827e-01
4.000000e-08	7.408627e-03	-4.825628e-01
5.000000e-08	-2.862530e-03	-7.779236e-01
6.000000e-08	4.295830e-03	-1.039530e+00
7.000000e-08	-4.128085e-03	-1.324764e+00
8.000000e-08	1.086580e-03	-1.620524e+00
9.000000e-08	4.982897e-03	-1.849506e+00
1.000000e-07	4.862853e-02	-2.060732e+00
1.100000e-07	1.296304e-01	-2.356349e+00
1.200000e-07	-3.671067e-02	-2.797374e+00
1.300000e-07	-1.295667e-02	-3.146900e+00
1.400000e-07	-3.396021e-02	-3.449502e+00
1.500000e-07	-3.121526e-02	-3.640005e+00
1.600000e-07	-1.114084e-01	-3.872138e+00
1.700000e-07	1.312377e-01	-4.071505e+00
1.800000e-07	-1.413773e-02	-4.303134e+00
1.900000e-07	-5.387419e-02	-4.608501e+00
2.000000e-07	1.996754e-01	-4.839030e+00
2.100000e-07	-1.934095e-01	-5.176797e+00
2.200000e-07	1.524665e-01	-5.483708e+00
2.300000e-07	-9.862041e-02	-5.712721e+00
2.400000e-07	-5.067395e-03	-6.040627e+00
2.500000e-07	1.301950e-01	-6.260083e+00
2.600000e-07	-1.117142e-01	-6.616321e+00
2.700000e-07	1.590198e-01	-6.848951e+00
2.800000e-07	-1.084019e-01	-7.061688e+00
2.900000e-07	6.739330e-02	-7.438447e+00
3.000000e-07	3.234516e-03	-7.638432e+00
3.100000e-07	-3.162390e-02	-7.914842e+00
3.200000e-07	1.218198e-01	-8.166368e+00
3.300000e-07	-9.434525e-02	-8.398853e+00
3.400000e-07	1.346174e-01	-8.659108e+00
3.500000e-07	-6.887874e-02	-8.883708e+00
3.600000e-07	3.817353e-02	-9.115267e+00
3.700000e-07	1.170130e-02	-9.334841e+00
3.800000e-07	4.988918e-03	-9.598423e+00
3.900000e-07	8.554055e-02	-9.748549e+00
4.000000e-07	-4.087365e-02	-1.004958e+01
4.100000e-07	9.020072e-02	-1.028114e+01
4.200000e-07	-5.210482e-02	-1.049206e+01
4.300000e-07	8.555842e-02	-1.065211e+01
4.400000e-07	-2.402470e-02	-1.087071e+01
4.500000e-07	5.454275e-02	-1.110181e+01
4.600000e-07	1.315195e-02	-1.126216e+01
4.700000e-07	3.565048e-02	-1.148479e+01
4.800000e-07	3.880754e-02	-1.176271e+01
4.900000e-07	7.125698e-03	-1.191430e+01
5.000000e-07	4.949947e-02	-1.211429e+01
5.100000e-07	1.087533e-02	-1.230269e+01
5.200000e-07	6.788053e-02	-1.248166e+01
5.300000e-07	5.211686e-03	-1.260955e+01
5.400000e-07	5.198910e-02	-1.278848e+01
5.500000e-07	1.399272e-02	-1.294591e+01
5.600000e-07	5.789898e-02	-1.314523e+01
5.700000e-07	2.958380e-02	-1.328066e+01
5.800000e-07	5.029089e-02	-1.339953e+01
5.900000e-07	3.880066e-02	-1.355532e+01
6.000000e-07	4.817110e-02	-1.368271e+01
6.100000e-07	4.632597e-02	-1.383950e+01
6.200000e-07	3.794391e-02	-1.399747e+01
6.300000e-07	4.681773e-02	-1.412173e+01
6.400000e-07	4.463313e-02	-1.423857e+01
6.500000e-07	6.381359e-02	-1.436642e+01
6.600000e-07	5.010435e-02	-1.445251e+01
6.700000e-07	6.027700e-02	-1.452434e+01
6.800000e-07	5.352265e-02	-1.463107e+01
6.900000e-07	6.792358e-02	-1.475639e+01
7.000000e-07	6.278521e-02	-1.485950e+01
7.100000e-07	6.546381e-02	-1.493531e+01
7.200000e-07	6.415764e-02	-1.502792e+01
7.300000e-07	7.090100e-02	-1.506126e+01
7.400000e-07	7.277836e-02	-1.513336e+01
7.500000e-07	7.392117e-02	-1.520850e+01
7.600000e-07	7.708696e-02	-1.523800e+01
7.700000e-07	8.344815e-02	-1.525118e+01
7.800000e-07	9.207325e-02	-1.528374e+01
7.900000e-07	9.006235e-02	-1.531681e+01
8.000000e-07	9.192330e-02	-1.536547e+01
8.100000e-07	9.143629e-02	-1.539807e+01
8.200000e-07	1.016253e-01	-1.543965e+01
8.300000e-07	1.047140e-01	-1.545067e+01
8.400000e-07	1.105959e-01	-1.547177e+01
8.500000e-07	1.141361e-01	-1.543017e+01
8.600000e-07	1.235029e-01	-1.545228e+01
8.700000e-07	1.296755e-01	-1.544160e+01
8.800000e-07	1.356959e-01	-1.545807e+01
8.900000e-07	1.421300e-01	-1.537960e+01
9.000000e-07	1.535479e-01	-1.539850e+01
9.100000e-07	1.701844e-01	-1.535744e+01
9.200000e-07	1.890218e-01	-1.533384e+01
9.300000e-07	2.093524e-01	-1.525373e+01
9.400000e-07	2.368312e-01	-1.524060e+01
9.500000e-07	2.494440e-01	-1.519852e+01
9.600000e-07	2.500000e-01	-1.515639e+01
9.700000e-07	2.500000e-01	-1.507067e+01
9.800000e-07	2.500000e-01	-1.501907e+01
9.900000e-07	2.500000e-01	-1.495634e+01
1.000000e-06	2.500000e-01	-1.486113e+01
1.010000e-06	2.499932e-01	-1.476644e+01
1.020000e-06	2.298713e-01	-1.464223e+01
1.030000e-06	2.002196e-01	-1.460944e+01
1.040000e-06	1.746583e-01	-1.447321e+01
1.050000e-06	1.554152e-01	-1.436905e+01
1.060000e-06	1.339759e-01	-1.426075e+01
1.070000e-06	1.211994e-01	-1.414691e+01
1.080000e-06	1.055539e-01	-1.398105e+01
1.090000e-06	9.830557e-02	-1.394278e+01
1.100000e-06	8.552263e-02	-1.375691e+01
1.110000e-06	8.111640e-02	-1.360955e+01
1.120000e-06	7.206358e-02	-1.350223e+01
1.130000e-06	6.947571e-02	-1.333629e+01
1.140000e-06	6.189647e-02	-1.320954e+01
1.150000e-06	5.715972e-02	-1.305010e+01
1.160000e-06	5.219608e-02	-1.290420e+01
1.170000e-06	4.990782e-02	-1.272488e+01
1.180000e-06	4.702016e-02	-1.256806e+01
1.190000e-06	4.329245e-02	-1.241002e+01
1.200000e-06	3.999473e-02	-1.222007e+01
1.210000e-06	3.684482e-02	-1.202154e+01
1.220000e-06	3.498682e-02	-1.187110e+01
1.230000e-06	3.267834e-02	-1.163167e+01
1.240000e-06	2.968486e-02	-1.138804e+01
1.250000e-06	2.829237e-02	-1.120757e+01
1.260000e-06	2.742713e-02	-1.095949e+01
1.270000e-06	2.598788e-02	-1.077654e+01
1.280000e-06	2.463000e-02	-1.060097e+01
1.290000e-06	2.137613e-02	-1.035002e+01
1.300000e-06	2.123792e-02	-1.015739e+01
1.310000e-06	2.062740e-02	-9.893805e+00
1.320000e-06	1.956656e-02	-9.735886e+00
1.330000e-06	1.741848e-02	-9.511782e+00
1.340000e-06	1.656082e-02	-9.263181e+00
1.350000e-06	1.516123e-02	-9.042121e+00
1.360000e-06	1.394208e-02	-8.800569e+00
1.370000e-06	1.313129e-02	-8.576563e+00
1.380000e-06	1.129320e-02	-8.325357e+00
1.390000e-06	1.210974e-02	-8.054386e+00
1.400000e-06	1.085353e-02	-7.841575e+00
1.410000e-06	1.060402e-02	-7.535893e+00
1.420000e-06	7.747610e-03	-7.304781e+00
1.430000e-06	8.234705e-03	-7.021077e+00
1.440000e-06	6.283628e-03	-6.807465e+00
1.450000e-06	5.166934e-03	-6.505338e+00
1.460000e-06	4.861508e-03	-6.252682e+00
1.470000e-06	4.695264e-03	-5.990521e+00
1.480000e-06	4.710522e-03	-5.746386e+00
1.490000e-06	4.166865e-03	-5.493627e+00
1.500000e-06	2.734531e-03	-5.158918e+00
1.510000e-06	7.768239e-04	-4.832121e+00
1.520000e-06	2.485621e-03	-4.565866e+00
1.530000e-06	6.996582e-04	-4.316362e+00
1.540000e-06	1.252552e-03	-4.064104e+00
1.550000e-06	-3.372125e-03	-3.768916e+00
1.560000e-06	-9.060177e-04	-3.494307e+00
1.570000e-06	-5.113618e-03	-3.221075e+00
1.580000e-06	-8.622631e-04	-2.945837e+00
1.590000e-06	-3.600584e-03	-2.661678e+00
1.600000e-06	-4.435190e-04	-2.357489e+00
1.610000e-06	-3.773933e-03	-2.035201e+00
1.620000e-06	-3.150381e-03	-1.831524e+00
1.630000e-06	-5.709693e-03	-1.517836e+00
1.640000e-06	-5.568017e-03	-1.188520e+00
1.650000e-06	-8.478444e-03	-8.747867e-01
1.660000e-06	-7.605343e-03	-5.815700e-01
1.670000e-06	-6.254426e-03	-3.178859e-01
1.680000e-06	-4.740445e-03	-5.415527e-02
1.690000e-06	7.624714e-03	2.715594e-01
1.700000e-06	1.125709e-03	5.157894e-01
1.710000e-06	3.324671e-03	7.458686e-01
1.720000e-06	1.980460e-04	1.013110e+00
1.730000e-06	-1.296062e-03	1.306316e+00
1.740000e-06	-2.474194e-03	1.672532e+00
1.750000e-06	3.881270e-03	1.873710e+00
1.760000e-06	2.911503e-02	2.115739e+00
1.770000e-06	1.047105e-01	2.379004e+00
1.780000e-06	1.031619e-02	2.716799e+00
1.790000e-06	-5.208370e-02	3.041059e+00
1.800000e-06	-2.965681e-02	3.345768e+00
1.810000e-06	-2.915422e-02	3.597432e+00
1.820000e-06	-6.279624e-02	3.822630e+00
1.830000e-06	-6.929095e-02	3.980050e+00
1.840000e-06	1.014191e-01	4.304813e+00
1.850000e-06	-4.492330e-02	4.610978e+00
1.860000e-06	-2.961897e-03	4.871007e+00
1.870000e-06	1.262957e-01	5.197430e+00
1.880000e-06	-1.461985e-01	5.493186e+00
1.890000e-06	7.135820e-02	5.775216e+00
1.900000e-06	-6.145178e-02	6.040555e+00
1.910000e-06	2.782732e-02	6.254610e+00
1.920000e-06	1.042688e-02	6.545447e+00
1.930000e-06	-5.700428e-02	6.811104e+00
1.940000e-06	4.431492e-02	7.093241e+00
1.950000e-06	-6.406956e-02	7.367392e+00
1.960000e-06	3.665695e-02	7.600629e+00
1.970000e-06	-6.983641e-02	7.914840e+00
1.980000e-06	1.784990e-02	8.177377e+00
1.990000e-06	1.062804e-02	8.439074e+00
2.000000e-06	-3.266316e-02	8.611527e+00
2.010000e-06	1.437509e-02	8.861630e+00
2.020000e-06	-6.502265e-02	9.114792e+00
2.030000e-06	4.585989e-03	9.285266e+00
2.040000e-06	-2.276058e-02	9.557369e+00
2.050000e-06	2.346442e-03	9.787000e+00
2.060000e-06	-3.499437e-02	1.000152e+01
2.070000e-06	-1.643044e-02	1.022915e+01
2.080000e-06	-6.085371e-03	1.043058e+01
2.090000e-06	-3.209970e-02	1.065058e+01
2.100000e-06	-2.009640e-02	1.085169e+01
2.110000e-06	-4.087656e-02	1.104213e+01
2.120000e-06	-8.436939e-03	1.131066e+01
2.130000e-06	-2.555399e-02	1.145173e+01
2.140000e-06	-2.367745e-02	1.165266e+01
2.150000e-06	-4.503335e-02	1.184309e+01
2.160000e-06	-2.644364e-02	1.211413e+01
2.170000e-06	-2.503815e-02	1.224213e+01
2.180000e-06	-2.660104e-02	1.242958e+01
2.190000e-06	-4.071896e-02	1.258955e+01
2.200000e-06	-4.107673e-02	1.279744e+01
2.210000e-06	-2.972102e-02	1.291376e+01
2.220000e-06	-3.539233e-02	1.308306e+01
2.230000e-06	-4.103369e-02	1.319055e+01
2.240000e-06	-5.164499e-02	1.332795e+01
2.250000e-06	-3.517625e-02	1.355369e+01
2.260000e-06	-4.072143e-02	1.365315e+01
2.270000e-06	-4.522199e-02	1.379842e+01
2.280000e-06	-6.047641e-02	1.393533e+01
2.290000e-06	-5.153483e-02	1.404308e+01
2.300000e-06	-4.717390e-02	1.423849e+01
2.310000e-06	-4.922927e-02	1.431429e+01
2.320000e-06	-6.087478e-02	1.439950e+01
2.330000e-06	-6.475361e-02	1.452631e+01
2.340000e-06	-5.611255e-02	1.460653e+01
2.350000e-06	-6.200645e-02	1.469518e+01
2.360000e-06	-6.702822e-02	1.478897e+01
2.370000e-06	-7.718071e-02	1.485063e+01
2.380000e-06	-6.953998e-02	1.494431e+01
2.390000e-06	-7.113824e-02	1.497799e+01
2.400000e-06	-7.595717e-02	1.505117e+01
2.410000e-06	-8.880109e-02	1.514483e+01
2.420000e-06	-9.004069e-02	1.520852e+01
2.430000e-06	-8.410755e-02	1.521955e+01
2.440000e-06	-8.885461e-02	1.524265e+01
2.450000e-06	-9.653286e-02	1.531368e+01
2.460000e-06	-1.050354e-01	1.534634e+01
2.470000e-06	-1.009779e-01	1.532539e+01
2.480000e-06	-1.048778e-01	1.536742e+01
2.490000e-06	-1.130902e-01	1.541857e+01
2.500000e-06	-1.234571e-01	1.540742e+01
2.510000e-06	-1.243408e-01	1.542797e+01
2.520000e-06	-1.251748e-01	1.537750e+01
2.530000e-06	-1.360643e-01	1.538745e+01
2.540000e-06	-1.471850e-01	1.536796e+01
2.550000e-06	-1.610453e-01	1.537781e+01
2.560000e-06	-1.641174e-01	1.529584e+01
2.570000e-06	-1.805005e-01	1.529370e+01
2.580000e-06	-2.045128e-01	1.525205e+01
2.590000e-06	-2.317496e-01	1.520065e+01
2.600000e-06	-2.470487e-01	1.519894e+01
2.610000e-06	-2.500000e-01	1.512486e+01
2.620000e-06	-2.500000e-01	1.509323e+01
2.630000e-06	-2.500000e-01	1.496857e+01
2.640000e-06	-2.500000e-01	1.493386e+01
2.650000e-06	-2.500000e-01	1.484217e+01
2.660000e-06	-2.500000e-01	1.475942e+01
2.670000e-06	-2.497889e-01	1.468323e+01
2.680000e-06	-2.312158e-01	1.455995e+01
2.690000e-06	-1.996950e-01	1.450486e+01
2.700000e-06	-1.737351e-01	1.439952e+01
2.710000e-06	-1.550417e-01	1.428323e+01
2.720000e-06	-1.400699e-01	1.412849e+01
2.730000e-06	-1.240511e-01	1.406163e+01
2.740000e-06	-1.098249e-01	1.391529e+01
2.750000e-06	-1.027544e-01	1.377747e+01
2.760000e-06	-9.862694e-02	1.366318e+01
2.770000e-06	-9.115172e-02	1.351433e+01
2.780000e-06	-8.145731e-02	1.336844e+01
2.790000e-06	-7.386584e-02	1.319015e+01
2.800000e-06	-7.190651e-02	1.307220e+01
2.810000e-06	-6.836916e-02	1.291643e+01
2.820000e-06	-6.285143e-02	1.272844e+01
2.830000e-06	-5.790677e-02	1.260100e+01
2.840000e-06	-5.576147e-02	1.244270e+01
2.850000e-06	-5.600653e-02	1.227465e+01
2.860000e-06	-5.186162e-02	1.209523e+01
2.870000e-06	-4.850610e-02	1.191273e+01
2.880000e-06	-4.546725e-02	1.168533e+01
2.890000e-06	-4.639662e-02	1.149531e+01
2.900000e-06	-4.545169e-02	1.125428e+01
2.910000e-06	-4.148106e-02	1.105368e+01
2.920000e-06	-3.743567e-02	1.091373e+01
2.930000e-06	-3.780642e-02	1.069423e+01
2.940000e-06	-3.771065e-02	1.045478e+01
2.950000e-06	-3.705161e-02	1.023160e+01
2.960000e-06	-3.430181e-02	9.992646e+00
2.970000e-06	-3.407108e-02	9.829619e+00
2.980000e-06	-3.395653e-02	9.560422e+00
2.990000e-06	-3.203484e-02	9.348966e+00
3.000000e-06	-2.941569e-02	9.158390e+00
3.010000e-06	-2.815572e-02	8.876332e+00
3.020000e-06	-2.824833e-02	8.644183e+00
3.030000e-06	-2.994823e-02	8.454178e+00
3.040000e-06	-2.730925e-02	8.211074e+00
3.050000e-06	-2.556811e-02	7.916988e+00
3.060000e-06	-2.517839e-02	7.673274e+00
3.070000e-06	-2.719824e-02	7.452746e+00
3.080000e-06	-2.554248e-02	7.106393e+00
3.090000e-06	-2.333639e-02	6.885760e+00
3.100000e-06	-2.157384e-02	6.652698e+00
3.110000e-06	-2.304357e-02	6.359518e+00
3.120000e-06	-2.131915e-02	6.116385e+00
3.130000e-06	-2.066801e-02	5.894152e+00
3.140000e-06	-1.961038e-02	5.591121e+00
3.150000e-06	-2.070789e-02	5.339307e+00
3.160000e-06	-2.134143e-02	4.970566e+00
3.170000e-06	-1.997016e-02	4.676784e+00
3.180000e-06	-1.891289e-02	4.403675e+00
3.190000e-06	-1.719971e-02	4.127490e+00
3.200000e-06	-1.769543e-02	3.874179e+00
3.210000e-06	-1.699774e-02	3.602525e+00
3.220000e-06	-1.581404e-02	3.299862e+00
3.230000e-06	-1.483744e-02	3.012102e+00
3.240000e-06	-1.578935e-02	2.770496e+00
3.250000e-06	-1.591788e-02	2.444852e+00
3.260000e-06	-1.474464e-02	2.178474e+00
3.270000e-06	-1.342386e-02	1.948887e+00
3.280000e-06	-1.320004e-02	1.633100e+00
3.290000e-06	-1.382350e-02	1.318512e+00
3.300000e-06	-1.265686e-02	9.945952e-01
3.310000e-06	-1.025432e-02	7.068595e-01
3.320000e-06	-1.032541e-02	4.241515e-01
3.330000e-06	-9.397393e-03	1.494426e-01
3.340000e-06	-6.659641e-03	-1.262394e-01
3.350000e-06	6.885235e-03	-3.789523e-01
3.360000e-06	-2.870030e-03	-6.821092e-01
3.370000e-06	2.458547e-03	-8.947920e-01
3.380000e-06	-3.275992e-03	-1.216504e+00
3.390000e-06	3.082807e-03	-1.524644e+00
3.400000e-06	3.325755e-04	-1.725293e+00
3.410000e-06	2.690622e-02	-1.958445e+00
3.420000e-06	1.129717e-01	-2.211503e+00
3.430000e-06	3.876443e-02	-2.609005e+00
3.440000e-06	-5.138063e-02	-3.048981e+00
3.450000e-06	-7.593456e-03	-3.326791e+00
3.460000e-06	-4.274015e-02	-3.535792e+00
3.470000e-06	-7.564430e-02	-3.787847e+00
3.480000e-06	-2.365739e-03	-3.997426e+00
3.490000e-06	1.489704e-01	-4.166899e+00
3.500000e-06	-1.865044e-01	-4.451112e+00
3.510000e-06	2.050682e-01	-4.756396e+00
3.520000e-06	-7.983690e-02	-4.998930e+00
3.530000e-06	3.203215e-03	-5.427399e+00
3.540000e-06	7.451633e-02	-5.648999e+00
3.550000e-06	-1.603254e-01	-5.895343e+00
3.560000e-06	1.977856e-01	-6.176823e+00
3.570000e-06	-9.863870e-02	-6.441482e+00
3.580000e-06	8.886902e-02	-6.734767e+00
3.590000e-06	8.100345e-03	-6.984716e+00
3.600000e-06	-5.840245e-02	-7.343262e+00
3.610000e-06	1.109562e-01	-7.483316e+00
3.620000e-06	-1.060655e-01	-7.788052e+00
3.630000e-06	1.360268e-01	-8.103736e+00
3.640000e-06	-5.618744e-02	-8.282160e+00
3.650000e-06	5.313323e-02	-8.605718e+00
3.660000e-06	4.205057e-02	-8.808453e+00
3.670000e-06	-6.242514e-02	-9.052653e+00
3.680000e-06	8.744648e-02	-9.271632e+00
3.690000e-06	-6.172739e-02	-9.512613e+00
3.700000e-06	1.201250e-01	-9.725338e+00
3.710000e-06	-4.226056e-02	-9.956721e+00
3.720000e-06	7.376773e-02	-1.016589e+01
3.730000e-06	-1.362082e-02	-1.035740e+01
3.740000e-06	3.319569e-02	-1.062855e+01
3.750000e-06	3.534731e-02	-1.079740e+01
3.760000e-06	-4.790867e-03	-1.101952e+01
3.770000e-06	6.127579e-02	-1.119803e+01
3.780000e-06	-1.166407e-02	-1.146948e+01
3.790000e-06	7.607666e-02	-1.166863e+01
3.800000e-06	-1.456131e-02	-1.186060e+01
3.810000e-06	6.138832e-02	-1.201915e+01
3.820000e-06	2.776185e-03	-1.223948e+01
3.830000e-06	6.375315e-02	-1.243943e+01
3.840000e-06	2.046049e-02	-1.260785e+01
3.850000e-06	3.651764e-02	-1.274431e+01
3.860000e-06	2.801109e-02	-1.286316e+01
3.870000e-06	3.555751e-02	-1.308111e+01
3.880000e-06	4.918077e-02	-1.322750e+01
3.890000e-06	3.071007e-02	-1.338592e+01
3.900000e-06	5.402775e-02	-1.347278e+01
3.910000e-06	3.313726e-02	-1.366010e+01
3.920000e-06	6.022859e-02	-1.376744e+01
3.930000e-06	3.328689e-02	-1.392328e+01
3.940000e-06	4.953118e-02	-1.404116e+01
3.950000e-06	3.965225e-02	-1.417789e+01
3.960000e-06	6.105002e-02	-1.432218e+01
3.970000e-06	5.281724e-02	-1.441850e+01
3.980000e-06	5.713077e-02	-1.450219e+01
3.990000e-06	5.317277e-02	-1.464902e+01
4.000000e-06	6.203188e-02	-1.472226e+01
4.010000e-06	6.638269e-02	-1.477810e+01
4.020000e-06	6.416276e-02	-1.489263e+01
4.030000e-06	6.619907e-02	-1.495431e+01
4.040000e-06	6.684841e-02	-1.504960e+01
4.050000e-06	7.582747e-02	-1.513381e+01
4.060000e-06	7.258148e-02	-1.514644e+01
4.070000e-06	7.590242e-02	-1.522899e+01
4.080000e-06	7.607527e-02	-1.525111e+01
4.090000e-06	9.011390e-02	-1.528373e+01
4.100000e-06	9.060992e-02	-1.531377e+01
4.110000e-06	9.296811e-02	-1.537532e+01
4.120000e-06	9.095636e-02	-1.537797e+01
4.130000e-06	9.796399e-02	-1.540765e+01
4.140000e-06	1.039698e-01	-1.542165e+01
4.150000e-06	1.081511e-01	-1.545115e+01
4.160000e-06	1.120843e-01	-1.549018e+01
4.170000e-06	1.184818e-01	-1.546170e+01
4.180000e-06	1.281071e-01	-1.547168e+01
4.190000e-06	1.327770e-01	-1.539962e+01
4.200000e-06	1.381920e-01	-1.547017e+01
4.210000e-06	1.479013e-01	-1.536800e+01
4.220000e-06	1.639873e-01	-1.538694e+01
4.230000e-06	1.826032e-01	-1.536484e+01
4.240000e-06	2.020625e-01	-1.527275e+01
4.250000e-06	2.278598e-01	-1.527015e+01
4.260000e-06	2.449901e-01	-1.519948e+01
4.270000e-06	2.500000e-01	-1.517589e+01
4.280000e-06	2.500000e-01	-1.511378e+01
4.290000e-06	2.500000e-01	-1.504957e+01
4.300000e-06	2.500000e-01	-1.497686e+01
4.310000e-06	2.500000e-01	-1.486370e+01
4.320000e-06	2.500000e-01	-1.478007e+01
4.330000e-06	2.401231e-01	-1.471481e+01
4.340000e-06	2.112264e-01	-1.464912e+01
4.350000e-06	1.842485e-01	-1.451731e+01
4.360000e-06	1.619574e-01	-1.441165e+01
4.370000e-06	1.414306e-01	-1.436434e+01
4.380000e-06	1.249246e-01	-1.425802e+01
4.390000e-06	1.116488e-01	-1.408325e+01
4.400000e-06	1.008312e-01	-1.396594e+01
4.410000e-06	9.070596e-02	-1.382007e+01
4.420000e-06	8.246362e-02	-1.366073e+01
4.430000e-06	7.589937e-02	-1.354638e+01
4.440000e-06	7.078796e-02	-1.338852e+01
4.450000e-06	6.521028e-02	-1.326270e+01
4.460000e-06	5.870085e-02	-1.308321e+01
4.470000e-06	5.372381e-02	-1.296641e+01
4.480000e-06	5.026902e-02	-1.273900e+01
4.490000e-06	4.894033e-02	-1.263052e+01
4.500000e-06	4.443096e-02	-1.245270e+01
4.510000e-06	4.096693e-02	-1.232338e+01
4.520000e-06	3.780482e-02	-1.214474e+01
4.530000e-06	3.663219e-02	-1.192483e+01
4.540000e-06	3.407990e-02	-1.171481e+01
4.550000e-06	3.146991e-02	-1.150120e+01
4.560000e-06	2.804919e-02	-1.128275e+01
4.570000e-06	2.875164e-02	-1.104060e+01
4.580000e-06	2.693739e-02	-1.088215e+01
4.590000e-06	2.567050e-02	-1.068213e+01
4.600000e-06	2.232189e-02	-1.046271e+01
4.610000e-06	2.220028e-02	-1.023112e+01
4.620000e-06	2.042418e-02	-1.001855e+01
4.630000e-06	1.957194e-02	-9.810569e+00
4.640000e-06	1.850456e-02	-9.567444e+00
4.650000e-06	1.759079e-02	-9.357491e+00
4.660000e-06	1.635641e-02	-9.097334e+00
4.670000e-06	1.515502e-02	-8.914328e+00
4.680000e-06	1.275479e-02	-8.673704e+00
4.690000e-06	1.123320e-02	-8.400577e+00
4.700000e-06	1.140363e-02	-8.198495e+00
4.710000e-06	1.178342e-02	-7.952388e+00
4.720000e-06	1.080157e-02	-7.634678e+00
4.730000e-06	9.720805e-03	-7.410045e+00
4.740000e-06	8.314983e-03	-7.145342e+00
4.750000e-06	7.164522e-03	-6.875207e+00
4.760000e-06	6.254797e-03	-6.641621e+00
4.770000e-06	5.681960e-03	-6.376445e+00
4.780000e-06	4.185240e-03	-6.044182e+00
4.790000e-06	4.489506e-03	-5.821018e+00
4.800000e-06	3.917824e-03	-5.597441e+00
4.810000e-06	2.806358e-03	-5.252706e+00
4.820000e-06	1.414822e-03	-4.959442e+00
4.830000e-06	2.087186e-03	-4.642203e+00
4.840000e-06	1.103034e-03	-4.420521e+00
4.850000e-06	2.053271e-03	-4.177942e+00
4.860000e-06	-1.940462e-03	-3.874177e+00
4.870000e-06	-1.178111e-03	-3.589543e+00
4.880000e-06	-4.355178e-03	-3.336311e+00
4.890000e-06	-2.127655e-03	-3.083196e+00
4.900000e-06	-3.984283e-03	-2.756843e+00
4.910000e-06	-1.645374e-03	-2.493231e+00
4.920000e-06	-3.681993e-03	-2.168066e+00
4.930000e-06	-3.247777e-03	-1.886259e+00
4.940000e-06	-4.669865e-03	-1.641625e+00
4.950000e-06	-5.991143e-03	-1.306407e+00
4.960000e-06	-6.878438e-03	-9.595451e-01
4.970000e-06	-7.441719e-03	-7.488847e-01
4.980000e-06	-6.328037e-03	-4.010450e-01
4.990000e-06	-6.375605e-03	-1.283146e-01
5.000000e-06	7.994999e-04	1.028168e-01
5.010000e-06	6.517018e-03	4.114553e-01
5.020000e-06	-7.130308e-04	6.805368e-01
5.030000e-06	5.239690e-03	9.147931e-01
5.040000e-06	-2.474081e-03	1.201034e+00
5.050000e-06	1.713946e-03	1.515796e+00
5.060000e-06	-3.499621e-03	1.801526e+00
5.070000e-06	1.876826e-02	2.018501e+00
5.080000e-06	7.204429e-02	2.242636e+00
5.090000e-06	7.820598e-02	2.610880e+00
5.100000e-06	-6.155684e-02	2.926292e+00
5.110000e-06	-2.363581e-02	3.191505e+00
5.120000e-06	-4.024139e-02	3.483816e+00
5.130000e-06	-3.138785e-02	3.768376e+00
5.140000e-06	-9.221057e-02	3.966421e+00
5.150000e-06	3.398396e-02	4.207923e+00
5.160000e-06	7.067240e-02	4.517738e+00
5.170000e-06	-1.194108e-01	4.746996e+00
5.180000e-06	1.841939e-01	5.053007e+00
5.190000e-06	-1.093181e-01	5.406924e+00
5.200000e-06	2.550427e-03	5.619630e+00
5.210000e-06	5.910751e-03	5.934794e+00
5.220000e-06	-4.189870e-02	6.187950e+00
5.230000e-06	6.488439e-02	6.418504e+00
5.240000e-06	-7.333910e-02	6.716847e+00
5.250000e-06	3.565351e-02	6.999899e+00
5.260000e-06	-3.929435e-02	7.251128e+00
5.270000e-06	3.329637e-03	7.505192e+00
5.280000e-06	-1.995036e-02	7.847601e+00
5.290000e-06	-3.800582e-02	8.093137e+00
5.300000e-06	4.025686e-02	8.335767e+00
5.310000e-06	-3.599027e-02	8.556316e+00
5.320000e-06	7.779345e-03	8.747895e+00
5.330000e-06	-3.317674e-02	8.978973e+00
5.340000e-06	-3.766110e-02	9.252602e+00
5.350000e-06	8.776975e-03	9.464110e+00
5.360000e-06	-2.186961e-02	9.723206e+00
5.370000e-06	-6.096870e-03	9.925791e+00
5.380000e-06	-4.124402e-02	1.016787e+01
5.390000e-06	3.645772e-03	1.036737e+01
5.400000e-06	-2.788502e-02	1.053844e+01
5.410000e-06	-2.484205e-02	1.076840e+01
5.420000e-06	-3.079669e-02	1.096742e+01
5.430000e-06	-2.879449e-02	1.120949e+01
5.440000e-06	-6.976246e-03	1.141855e+01
5.450000e-06	-3.407985e-02	1.161040e+01
5.460000e-06	-2.910869e-02	1.180003e+01
5.470000e-06	-4.324237e-02	1.200937e+01
5.480000e-06	-1.649099e-02	1.217845e+01
5.490000e-06	-2.828205e-02	1.236682e+01
5.500000e-06	-3.368330e-02	1.249934e+01
5.510000e-06	-4.384619e-02	1.270464e+01
5.520000e-06	-3.627016e-02	1.287120e+01
5.530000e-06	-2.922976e-02	1.300800e+01
5.540000e-06	-4.266184e-02	1.317747e+01
5.550000e-06	-4.601803e-02	1.330329e+01
5.560000e-06	-4.443727e-02	1.344210e+01
5.570000e-06	-3.323222e-02	1.360905e+01
5.580000e-06	-4.422282e-02	1.374592e+01
5.590000e-06	-5.514143e-02	1.386268e+01
5.600000e-06	-5.751527e-02	1.402910e+01
5.610000e-06	-4.919818e-02	1.408581e+01
5.620000e-06	-4.741217e-02	1.422076e+01
5.630000e-06	-5.818774e-02	1.439945e+01
5.640000e-06	-6.423449e-02	1.448471e+01
5.650000e-06	-6.079365e-02	1.459690e+01
5.660000e-06	-5.711128e-02	1.465220e+01
5.670000e-06	-6.377578e-02	1.474684e+01
5.680000e-06	-7.371400e-02	1.484265e+01
5.690000e-06	-7.279444e-02	1.489329e+01
5.700000e-06	-7.008983e-02	1.496741e+01
5.710000e-06	-7.264457e-02	1.499007e+01
5.720000e-06	-8.596084e-02	1.512523e+01
5.730000e-06	-9.043526e-02	1.520644e+01
5.740000e-06	-8.629408e-02	1.518102e+01
5.750000e-06	-8.412172e-02	1.521157e+01
5.760000e-06	-9.299667e-02	1.528376e+01
5.770000e-06	-1.019285e-01	1.532574e+01
5.780000e-06	-1.025580e-01	1.538731e+01
5.790000e-06	-1.031489e-01	1.534889e+01
5.800000e-06	-1.103590e-01	1.540894e+01
5.810000e-06	-1.210464e-01	1.544055e+01
5.820000e-06	-1.247430e-01	1.538155e+01
5.830000e-06	-1.245421e-01	1.539949e+01
5.840000e-06	-1.294316e-01	1.537847e+01
5.850000e-06	-1.428957e-01	1.538844e+01
5.860000e-06	-1.562716e-01	1.538739e+01
5.870000e-06	-1.626015e-01	1.530581e+01
5.880000e-06	-1.741688e-01	1.526578e+01
5.890000e-06	-1.944181e-01	1.526422e+01
5.900000e-06	-2.233676e-01	1.521013e+01
5.910000e-06	-2.428854e-01	1.519999e+01
5.920000e-06	-2.499995e-01	1.513584e+01
5.930000e-06	-2.500000e-01	1.510323e+01
5.940000e-06	-2.500000e-01	1.504117e+01
5.950000e-06	-2.500000e-01	1.492689e+01
5.960000e-06	-2.500000e-01	1.487321e+01
5.970000e-06	-2.500000e-01	1.479202e+01
5.980000e-06	-2.500000e-01	1.470491e+01
5.990000e-06	-2.412071e-01	1.465105e+01
6.000000e-06	-2.112282e-01	1.449681e+01
6.010000e-06	-1.809099e-01	1.445115e+01
6.020000e-06	-1.595658e-01	1.431626e+01
6.030000e-06	-1.467643e-01	1.418197e+01
6.040000e-06	-1.316021e-01	1.408418e+01
6.050000e-06	-1.168358e-01	1.394901e+01
6.060000e-06	-1.042735e-01	1.384280e+01
6.070000e-06	-9.861067e-02	1.370476e+01
6.080000e-06	-9.414989e-02	1.354686e+01
6.090000e-06	-8.529363e-02	1.344159e+01
6.100000e-06	-7.582511e-02	1.326525e+01
6.110000e-06	-7.173695e-02	1.312531e+01
6.120000e-06	-7.067608e-02	1.297851e+01
6.130000e-06	-6.677888e-02	1.284115e+01
6.140000e-06	-6.048906e-02	1.264278e+01
6.150000e-06	-5.588005e-02	1.252681e+01
6.160000e-06	-5.599106e-02	1.234634e+01
6.170000e-06	-5.389002e-02	1.219699e+01
6.180000e-06	-4.982390e-02	1.201849e+01
6.190000e-06	-4.501038e-02	1.178054e+01
6.200000e-06	-4.616706e-02	1.156951e+01
6.210000e-06	-4.642570e-02	1.132951e+01
6.220000e-06	-4.419677e-02	1.112842e+01
6.230000e-06	-3.856523e-02	1.096999e+01
6.240000e-06	-3.763553e-02	1.075799e+01
6.250000e-06	-3.806467e-02	1.055949e+01
6.260000e-06	-3.792028e-02	1.034631e+01
6.270000e-06	-3.488668e-02	1.012539e+01
6.280000e-06	-3.355764e-02	9.914231e+00
6.290000e-06	-3.390663e-02	9.643703e+00
6.300000e-06	-3.413256e-02	9.421623e+00
6.310000e-06	-3.148511e-02	9.192097e+00
6.320000e-06	-2.801944e-02	9.001068e+00
6.330000e-06	-2.852414e-02	8.767416e+00
6.340000e-06	-2.885227e-02	8.546414e+00
6.350000e-06	-2.884848e-02	8.284785e+00
6.360000e-06	-2.540086e-02	7.993203e+00
6.370000e-06	-2.523212e-02	7.750494e+00
6.380000e-06	-2.503840e-02	7.514388e+00
6.390000e-06	-2.642312e-02	7.243225e+00
6.400000e-06	-2.380522e-02	6.991548e+00
6.410000e-06	-2.284117e-02	6.747915e+00
6.420000e-06	-2.164824e-02	6.484230e+00
6.430000e-06	-2.336835e-02	6.201649e+00
6.440000e-06	-2.120619e-02	5.980570e+00
6.450000e-06	-2.079090e-02	5.675757e+00
6.460000e-06	-1.961596e-02	5.402148e+00
6.470000e-06	-2.202894e-02	5.147280e+00
6.480000e-06	-2.082569e-02	4.780594e+00
6.490000e-06	-1.902540e-02	4.537387e+00
6.500000e-06	-1.698003e-02	4.244704e+00
6.510000e-06	-1.798203e-02	3.948522e+00
6.520000e-06	-1.844310e-02	3.686762e+00
6.530000e-06	-1.624115e-02	3.494128e+00
6.540000e-06	-1.474635e-02	3.158386e+00
6.550000e-06	-1.469803e-02	2.855730e+00
6.560000e-06	-1.619080e-02	2.591574e+00
6.570000e-06	-1.500890e-02	2.285759e+00
6.580000e-06	-1.412883e-02	2.002202e+00
6.590000e-06	-1.305781e-02	1.768915e+00
6.600000e-06	-1.343390e-02	1.425229e+00
6.610000e-06	-1.294967e-02	1.140467e+00
6.620000e-06	-1.191768e-02	8.515965e-01
6.630000e-06	-1.054614e-02	5.389394e-01
6.640000e-06	-1.011016e-02	2.363356e-01
6.650000e-06	-7.906090e-03	8.493431e-03
6.660000e-06	5.277901e-04	-2.836630e-01
6.670000e-06	3.491127e-03	-5.558957e-01
6.680000e-06	-1.315428e-03	-8.624826e-01
6.690000e-06	1.652022e-03	-1.124261e+00
6.700000e-06	-1.943601e-03	-1.388954e+00
6.710000e-06	4.367156e-04	-1.671210e+00
6.720000e-06	1.239252e-02	-1.895192e+00
6.730000e-06	7.212802e-02	-2.145716e+00
6.740000e-06	1.096011e-01	-2.453585e+00
6.750000e-06	-6.102233e-02	-2.860015e+00
6.760000e-06	-1.130570e-03	-3.251033e+00
6.770000e-06	-4.530874e-02	-3.472608e+00
6.780000e-06	-3.775487e-02	-3.692661e+00
6.790000e-06	-9.773828e-02	-3.873267e+00
6.800000e-06	1.825983e-01	-4.082137e+00
6.810000e-06	-1.190662e-01	-4.335300e+00
6.820000e-06	6.804365e-02	-4.650636e+00
6.830000e-06	9.992495e-02	-4.870590e+00
6.840000e-06	-1.535706e-01	-5.322480e+00
6.850000e-06	1.767931e-01	-5.495343e+00
6.860000e-06	-1.719681e-01	-5.817979e+00
6.870000e-06	9.970825e-02	-6.113682e+00
6.880000e-06	3.254212e-02	-6.293190e+00
6.890000e-06	-4.767143e-02	-6.651052e+00
6.900000e-06	1.309979e-01	-6.870630e+00
6.910000e-06	-1.273540e-01	-7.146922e+00
6.920000e-06	1.202255e-01	-7.401582e+00
6.930000e-06	-6.758004e-02	-7.692584e+00
6.940000e-06	4.623669e-02	-7.989947e+00
6.950000e-06	5.610531e-02	-8.208503e+00
6.960000e-06	-5.501990e-02	-8.521156e+00
6.970000e-06	1.298648e-01	-8.724216e+00
6.980000e-06	-9.879520e-02	-8.975367e+00
6.990000e-06	8.496334e-02	-9.127977e+00
7.000000e-06	-4.132763e-02	-9.417926e+00
7.010000e-06	6.468920e-02	-9.640159e+00
7.020000e-06	2.931159e-02	-9.850657e+00
7.030000e-06	2.036673e-03	-1.014226e+01
7.040000e-06	6.006084e-02	-1.029416e+01
7.050000e-06	-3.245049e-02	-1.055426e+01
7.060000e-06	8.544499e-02	-1.070476e+01
7.070000e-06	-3.584975e-02	-1.094581e+01
7.080000e-06	7.465660e-02	-1.116627e+01
7.090000e-06	-1.344392e-02	-1.135384e+01
7.100000e-06	6.405086e-02	-1.160691e+01
7.110000e-06	9.964703e-03	-1.178692e+01
7.120000e-06	3.345120e-02	-1.198845e+01
7.130000e-06	2.892412e-02	-1.210689e+01
7.140000e-06	3.214063e-02	-1.237536e+01
7.150000e-06	5.243208e-02	-1.252177e+01
7.160000e-06	1.284695e-02	-1.269271e+01
7.170000e-06	4.861396e-02	-1.285101e+01
7.180000e-06	1.618024e-02	-1.297895e+01
7.190000e-06	6.055032e-02	-1.313637e+01
7.200000e-06	2.429191e-02	-1.332326e+01
7.210000e-06	5.654453e-02	-1.346165e+01
7.220000e-06	3.216968e-02	-1.358792e+01
7.230000e-06	5.716175e-02	-1.372594e+01
7.240000e-06	4.019743e-02	-1.389168e+01
7.250000e-06	4.544600e-02	-1.408952e+01
7.260000e-06	4.370461e-02	-1.415478e+01
7.270000e-06	5.322618e-02	-1.427110e+01
7.280000e-06	5.856755e-02	-1.437792e+01
7.290000e-06	5.295164e-02	-1.444168e+01
7.300000e-06	5.749858e-02	-1.456637e+01
7.310000e-06	5.553339e-02	-1.471118e+01
7.320000e-06	6.881962e-02	-1.476689e+01
7.330000e-06	6.114347e-02	-1.485961e+01
7.340000e-06	6.806702e-02	-1.493589e+01
7.350000e-06	6.509572e-02	-1.501854e+01
7.360000e-06	7.658871e-02	-1.504226e+01
7.370000e-06	7.086562e-02	-1.511584e+01
7.380000e-06	7.547678e-02	-1.524849e+01
7.390000e-06	7.506268e-02	-1.522997e+01
7.400000e-06	8.625581e-02	-1.526076e+01
7.410000e-06	9.016114e-02	-1.530381e+01
7.420000e-06	9.050089e-02	-1.533697e+01
7.430000e-06	9.198717e-02	-1.535735e+01
7.440000e-06	9.532701e-02	-1.538802e+01
7.450000e-06	1.034795e-01	-1.542957e+01
7.460000e-06	1.054252e-01	-1.546068e+01
7.470000e-06	1.108634e-01	-1.549020e+01
7.480000e-06	1.154394e-01	-1.545120e+01
7.490000e-06	1.262534e-01	-1.546915e+01
7.500000e-06	1.307863e-01	-1.545165e+01
7.510000e-06	1.354805e-01	-1.545920e+01
7.520000e-06	1.440644e-01	-1.539860e+01
7.530000e-06	1.582890e-01	-1.539689e+01
7.540000e-06	1.763738e-01	-1.533539e+01
7.550000e-06	1.937528e-01	-1.526278e+01
7.560000e-06	2.167765e-01	-1.528213e+01
7.570000e-06	2.404519e-01	-1.522955e+01
7.580000e-06	2.499897e-01	-1.516644e+01
7.590000e-06	2.500000e-01	-1.512633e+01
7.600000e-06	2.500000e-01	-1.504160e+01
7.610000e-06	2.500000e-01	-1.496701e+01
7.620000e-06	2.500000e-01	-1.490478e+01
7.630000e-06	2.500000e-01	-1.485157e+01
7.640000e-06	2.482518e-01	-1.473588e+01
7.650000e-06	2.245959e-01	-1.466422e+01
7.660000e-06	1.936774e-01	-1.457794e+01
7.670000e-06	1.706065e-01	-1.444115e+01
7.680000e-06	1.480622e-01	-1.433691e+01
7.690000e-06	1.293706e-01	-1.428112e+01
7.700000e-06	1.144402e-01	-1.411688e+01
7.710000e-06	1.059829e-01	-1.400859e+01
7.720000e-06	9.558136e-02	-1.388225e+01
7.730000e-06	8.628033e-02	-1.373533e+01
7.740000e-06	7.812579e-02	-1.358699e+01
7.750000e-06	7.248338e-02	-1.348317e+01
7.760000e-06	6.721435e-02	-1.329428e+01
7.770000e-06	6.077103e-02	-1.321684e+01
7.780000e-06	5.469573e-02	-1.300909e+01
7.790000e-06	5.166496e-02	-1.286113e+01
7.800000e-06	4.921459e-02	-1.267373e+01
7.810000e-06	4.728323e-02	-1.253588e+01
7.820000e-06	4.159954e-02	-1.236541e+01
7.830000e-06	3.996911e-02	-1.217939e+01
7.840000e-06	3.763411e-02	-1.194849e+01
7.850000e-06	3.582020e-02	-1.178799e+01
7.860000e-06	3.085357e-02	-1.158746e+01
7.870000e-06	2.926547e-02	-1.135596e+01
7.880000e-06	2.849861e-02	-1.113578e+01
7.890000e-06	2.813856e-02	-1.094581e+01
7.900000e-06	2.627738e-02	-1.077684e+01
7.910000e-06	2.258120e-02	-1.057746e+01
7.920000e-06	2.172998e-02	-1.032486e+01
7.930000e-06	2.121213e-02	-1.011425e+01
7.940000e-06	2.057836e-02	-9.833678e+00
7.950000e-06	1.907139e-02	-9.672728e+00
7.960000e-06	1.810505e-02	-9.431598e+00
7.970000e-06	1.719211e-02	-9.210596e+00
7.980000e-06	1.556001e-02	-9.000442e+00
7.990000e-06	1.371439e-02	-8.748364e+00
8.000000e-06	1.182548e-02	-8.494681e+00
8.010000e-06	1.158433e-02	-8.242650e+00
8.020000e-06	1.221011e-02	-8.070724e+00
8.030000e-06	1.249759e-02	-7.758437e+00
8.040000e-06	9.119070e-03	-7.482752e+00
8.050000e-06	8.826805e-03	-7.223198e+00
8.060000e-06	6.328281e-03	-6.979940e+00
8.070000e-06	7.878493e-03	-6.704886e+00
8.080000e-06	4.244181e-03	-6.463725e+00
8.090000e-06	5.342261e-03	-6.179994e+00
8.100000e-06	3.280897e-03	-5.926860e+00
8.110000e-06	5.864812e-03	-5.653605e+00
8.120000e-06	2.215190e-03	-5.349440e+00
8.130000e-06	3.043072e-03	-5.044728e+00
8.140000e-06	5.324985e-04	-4.746488e+00
8.150000e-06	2.924535e-03	-4.475182e+00
8.160000e-06	1.190648e-03	-4.264204e+00
8.170000e-06	1.148335e-04	-3.989494e+00
8.180000e-06	-3.570456e-03	-3.664379e+00
8.190000e-06	-2.210499e-03	-3.451599e+00
8.200000e-06	-4.063909e-03	-3.188915e+00
8.210000e-06	-2.041115e-03	-2.842174e+00
8.220000e-06	-3.089636e-03	-2.569520e+00
8.230000e-06	-1.931353e-03	-2.327757e+00
8.240000e-06	-3.163703e-03	-1.979595e+00
8.250000e-06	-4.068886e-03	-1.767408e+00
8.260000e-06	-6.499335e-03	-1.432576e+00
8.270000e-06	-7.887840e-03	-1.115262e+00
8.280000e-06	-6.776582e-03	-8.711766e-01
8.290000e-06	-7.581932e-03	-5.362344e-01
8.300000e-06	-6.115131e-03	-2.642279e-01
8.310000e-06	-3.915614e-03	4.774347e-04
8.320000e-06	9.929402e-03	3.073396e-01
8.330000e-06	-1.582636e-03	5.783713e-01
8.340000e-06	5.088062e-03	8.194774e-01
8.350000e-06	-3.163659e-03	1.126742e+00
8.360000e-06	1.132174e-03	1.347449e+00
8.370000e-06	-2.808096e-03	1.746367e+00
8.380000e-06	1.048810e-02	1.925825e+00
8.390000e-06	4.124583e-02	2.157899e+00
8.400000e-06	1.076472e-01	2.472120e+00
8.410000e-06	-3.034493e-02	2.819609e+00
8.420000e-06	-3.809829e-02	3.085317e+00
8.430000e-06	-3.618728e-02	3.408480e+00
8.440000e-06	-2.412307e-02	3.712760e+00
8.450000e-06	-8.002347e-02	3.945211e+00
8.460000e-06	-3.564253e-02	4.064165e+00
8.470000e-06	1.190250e-01	4.399008e+00
8.480000e-06	-1.112036e-01	4.683236e+00
8.490000e-06	9.564638e-02	4.896218e+00
8.500000e-06	3.056275e-02	5.292161e+00
8.510000e-06	-1.028679e-01	5.526318e+00
8.520000e-06	6.683282e-02	5.819528e+00
8.530000e-06	-7.591249e-02	6.083239e+00
8.540000e-06	6.101175e-02	6.304745e+00
8.550000e-06	-3.250276e-02	6.630003e+00
8.560000e-06	-1.983646e-02	6.863160e+00
8.570000e-06	1.723562e-02	7.115342e+00
8.580000e-06	-4.800688e-02	7.461461e+00
8.590000e-06	2.951309e-02	7.714236e+00
8.600000e-06	-7.447414e-02	7.998972e+00
8.610000e-06	3.966177e-02	8.210684e+00
8.620000e-06	-1.188309e-02	8.462133e+00
8.630000e-06	-1.723641e-02	8.673636e+00
8.640000e-06	3.492584e-03	8.914318e+00
8.650000e-06	-6.712992e-02	9.127796e+00
8.660000e-06	1.790932e-02	9.407925e+00
8.670000e-06	-3.277189e-02	9.649534e+00
8.680000e-06	8.937663e-03	9.862105e+00
8.690000e-06	-4.601765e-02	1.006366e+01
8.700000e-06	-1.910602e-03	1.027228e+01
8.710000e-06	-1.553084e-02	1.050326e+01
8.720000e-06	-2.935252e-02	1.069324e+01
8.730000e-06	-2.190761e-02	1.091374e+01
8.740000e-06	-4.194444e-02	1.111311e+01
8.750000e-06	-2.599023e-03	1.133481e+01
8.760000e-06	-3.450170e-02	1.153434e+01
8.770000e-06	-1.996210e-02	1.171492e+01
8.780000e-06	-4.947227e-02	1.193529e+01
8.790000e-06	-1.846093e-02	1.211476e+01
8.800000e-06	-2.732513e-02	1.228471e+01
8.810000e-06	-2.766894e-02	1.242163e+01
8.820000e-06	-4.317804e-02	1.265008e+01
8.830000e-06	-4.060867e-02	1.279942e+01
8.840000e-06	-2.902519e-02	1.295639e+01
8.850000e-06	-4.000741e-02	1.310429e+01
8.860000e-06	-4.219226e-02	1.326211e+01
8.870000e-06	-5.080488e-02	1.336897e+01
8.880000e-06	-3.184165e-02	1.357731e+01
8.890000e-06	-4.179893e-02	1.371178e+01
8.900000e-06	-4.743147e-02	1.383050e+01
8.910000e-06	-6.133345e-02	1.397541e+01
8.920000e-06	-5.114242e-02	1.411619e+01
8.930000e-06	-4.800699e-02	1.419700e+01
8.940000e-06	-5.423186e-02	1.438587e+01
8.950000e-06	-6.195910e-02	1.444208e+01
8.960000e-06	-6.503772e-02	1.454632e+01
8.970000e-06	-5.472641e-02	1.461113e+01
8.980000e-06	-6.329690e-02	1.469537e+01
8.990000e-06	-6.717274e-02	1.481765e+01
9.000000e-06	-7.610322e-02	1.488416e+01
9.010000e-06	-6.854691e-02	1.491587e+01
9.020000e-06	-7.195168e-02	1.499962e+01
9.030000e-06	-8.079185e-02	1.511313e+01
9.040000e-06	-8.999157e-02	1.516589e+01
9.050000e-06	-8.961089e-02	1.518802e+01
9.060000e-06	-8.297160e-02	1.525060e+01
9.070000e-06	-8.971876e-02	1.530115e+01
9.080000e-06	-9.845533e-02	1.530536e+01
9.090000e-06	-1.042342e-01	1.536681e+01
9.100000e-06	-1.019295e-01	1.536792e+01
9.110000e-06	-1.070569e-01	1.539842e+01
9.120000e-06	-1.176056e-01	1.539949e+01
9.130000e-06	-1.239155e-01	1.539997e+01
9.140000e-06	-1.247480e-01	1.541902e+01
9.150000e-06	-1.258659e-01	1.541797e+01
9.160000e-06	-1.380303e-01	1.535799e+01
9.170000e-06	-1.523736e-01	1.536889e+01
9.180000e-06	-1.603982e-01	1.534836e+01
9.190000e-06	-1.685073e-01	1.531476e+01
9.200000e-06	-1.857416e-01	1.528375e+01
9.210000e-06	-2.121032e-01	1.525110e+01
9.220000e-06	-2.376943e-01	1.519962e+01
9.230000e-06	-2.485177e-01	1.517894e+01
9.240000e-06	-2.500000e-01	1.513530e+01
9.250000e-06	-2.500000e-01	1.507368e+01
9.260000e-06	-2.500000e-01	1.498805e+01
9.270000e-06	-2.500000e-01	1.487531e+01
9.280000e-06	-2.500000e-01	1.481312e+01
9.290000e-06	-2.500000e-01	1.477694e+01
9.300000e-06	-2.472463e-01	1.468223e+01
9.310000e-06	-2.218787e-01	1.455797e+01
9.320000e-06	-1.896177e-01	1.443375e+01
9.330000e-06	-1.645356e-01	1.439749e+01
9.340000e-06	-1.535314e-01	1.423323e+01
9.350000e-06	-1.383856e-01	1.413784e+01
9.360000e-06	-1.236795e-01	1.402854e+01
9.370000e-06	-1.077929e-01	1.387436e+01
9.380000e-06	-1.009289e-01	1.374689e+01
9.390000e-06	-9.582257e-02	1.359962e+01
9.400000e-06	-8.714710e-02	1.349428e+01
9.410000e-06	-7.667245e-02	1.331633e+01
9.420000e-06	-7.264963e-02	1.315799e+01
9.430000e-06	-7.222184e-02	1.302112e+01
9.440000e-06	-7.023709e-02	1.287478e+01
9.450000e-06	-6.204838e-02	1.271481e+01
9.460000e-06	-5.737769e-02	1.255852e+01
9.470000e-06	-5.693377e-02	1.235949e+01
9.480000e-06	-5.602621e-02	1.219013e+01
9.490000e-06	-5.029015e-02	1.203365e+01
9.500000e-06	-4.543147e-02	1.183275e+01
9.510000e-06	-4.484021e-02	1.164365e+01
9.520000e-06	-4.708667e-02	1.145465e+01
9.530000e-06	-4.532707e-02	1.124165e+01
9.540000e-06	-4.073659e-02	1.101358e+01
9.550000e-06	-3.817521e-02	1.082317e+01
9.560000e-06	-3.994678e-02	1.064215e+01
9.570000e-06	-3.866768e-02	1.040060e+01
9.580000e-06	-3.551499e-02	1.017049e+01
9.590000e-06	-3.218424e-02	1.000997e+01
9.600000e-06	-3.171559e-02	9.778384e+00
9.610000e-06	-3.393206e-02	9.545839e+00
9.620000e-06	-3.141138e-02	9.305339e+00
9.630000e-06	-2.986608e-02	9.062299e+00
9.640000e-06	-2.919025e-02	8.802127e+00
9.650000e-06	-3.080220e-02	8.611098e+00
9.660000e-06	-2.946601e-02	8.408999e+00
9.670000e-06	-2.673319e-02	8.138961e+00
9.680000e-06	-2.411815e-02	7.913761e+00
9.690000e-06	-2.454452e-02	7.630624e+00
9.700000e-06	-2.684128e-02	7.400565e+00
9.710000e-06	-2.375836e-02	7.104207e+00
9.720000e-06	-2.436555e-02	6.822103e+00
9.730000e-06	-2.171994e-02	6.608490e+00
9.740000e-06	-2.450804e-02	6.306312e+00
9.750000e-06	-2.171496e-02	6.044178e+00
9.760000e-06	-2.143588e-02	5.781520e+00
9.770000e-06	-1.816058e-02	5.515887e+00
9.780000e-06	-2.084995e-02	5.254178e+00
9.790000e-06	-1.931919e-02	4.887408e+00
9.800000e-06	-1.977495e-02	4.631177e+00
9.810000e-06	-1.737059e-02	4.368967e+00
9.820000e-06	-1.895424e-02	4.094857e+00
9.830000e-06	-1.824985e-02	3.760050e+00
9.840000e-06	-1.763364e-02	3.588391e+00
9.850000e-06	-1.490347e-02	3.233128e+00
9.860000e-06	-1.496256e-02	2.959996e+00
9.870000e-06	-1.494108e-02	2.707836e+00
9.880000e-06	-1.517225e-02	2.382475e+00
9.890000e-06	-1.361053e-02	2.127387e+00
9.900000e-06	-1.290528e-02	1.854680e+00
9.910000e-06	-1.310926e-02	1.549441e+00
9.920000e-06	-1.360199e-02	1.275652e+00
9.930000e-06	-1.238690e-02	9.193899e-01
9.940000e-06	-1.138332e-02	6.732268e-01
9.950000e-06	-9.474901e-03	3.700213e-01
9.960000e-06	-8.446965e-03	8.478433e-02
9.970000e-06	-4.592015e-03	-1.889237e-01
9.980000e-06	7.620907e-03	-4.505826e-01
9.990000e-06	-3.895882e-03	-7.662446e-01
1.000000e-05	5.089726e-03	-9.973750e-01
1.001000e-05	-4.159536e-03	-1.273087e+00
1.002000e-05	2.679048e-03	-1.618975e+00
1.003000e-05	1.721653e-03	-1.808402e+00
1.004000e-05	3.888473e-02	-1.999555e+00
1.005000e-05	1.284851e-01	-2.326272e+00
1.006000e-05	-1.282108e-02	-2.722709e+00
1.007000e-05	-2.824867e-02	-3.125716e+00
1.008000e-05	-2.478614e-02	-3.358504e+00
1.009000e-05	-3.439119e-02	-3.589400e+00
1.010000e-05	-1.029106e-01	-3.852005e+00
1.011000e-05	8.545751e-02	-4.051975e+00
1.012000e-05	5.064406e-02	-4.210504e+00
1.013000e-05	-1.129535e-01	-4.577717e+00
1.014000e-05	2.249859e-01	-4.739449e+00
1.015000e-05	-1.647840e-01	-5.123190e+00
1.016000e-05	1.085571e-01	-5.450112e+00
1.017000e-05	-4.006067e-02	-5.672638e+00
1.018000e-05	-6.960606e-02	-6.028448e+00
1.019000e-05	1.677447e-01	-6.220028e+00
1.020000e-05	-1.223569e-01	-6.513191e+00
1.021000e-05	1.460788e-01	-6.809447e+00
1.022000e-05	-7.600344e-02	-7.031529e+00
1.023000e-05	2.228672e-02	-7.366371e+00
1.024000e-05	4.631220e-02	-7.597395e+00
1.025000e-05	-6.540852e-02	-7.884164e+00
1.026000e-05	1.376504e-01	-8.155741e+00
1.027000e-05	-9.069458e-02	-8.355821e+00
1.028000e-05	1.116683e-01	-8.620452e+00
1.029000e-05	-3.040330e-02	-8.851579e+00
1.030000e-05	-3.645991e-04	-9.103736e+00
1.031000e-05	4.204003e-02	-9.333257e+00
1.032000e-05	-2.614725e-02	-9.555872e+00
1.033000e-05	1.057112e-01	-9.785949e+00
1.034000e-05	-4.801495e-02	-1.000895e+01
1.035000e-05	9.295565e-02	-1.017998e+01
1.036000e-05	-4.510722e-02	-1.045951e+01
1.037000e-05	7.127848e-02	-1.066166e+01
1.038000e-05	-4.270104e-03	-1.084903e+01
1.039000e-05	3.415303e-02	-1.108213e+01
1.040000e-05	2.978494e-02	-1.125163e+01
1.041000e-05	1.658593e-02	-1.153416e+01
1.042000e-05	5.591274e-02	-1.173216e+01
1.043000e-05	-4.094088e-03	-1.191419e+01
1.044000e-05	5.762917e-02	-1.205128e+01
1.045000e-05	3.520715e-03	-1.229313e+01
1.046000e-05	7.094708e-02	-1.251061e+01
1.047000e-05	8.783986e-03	-1.261098e+01
1.048000e-05	4.992359e-02	-1.278755e+01
1.049000e-05	1.662261e-02	-1.290479e+01
1.050000e-05	5.023330e-02	-1.309283e+01
1.051000e-05	3.631494e-02	-1.324113e+01
1.052000e-05	4.295111e-02	-1.342997e+01
1.053000e-05	4.490141e-02	-1.357479e+01
1.054000e-05	4.186169e-02	-1.367216e+01
1.055000e-05	5.363748e-02	-1.381862e+01
1.056000e-05	3.568919e-02	-1.398492e+01
1.057000e-05	4.947371e-02	-1.408221e+01
1.058000e-05	4.217469e-02	-1.420842e+01
1.059000e-05	6.273792e-02	-1.434586e+01
1.060000e-05	5.134177e-02	-1.442006e+01
1.061000e-05	5.967808e-02	-1.450489e+01
1.062000e-05	5.202207e-02	-1.462862e+01
1.063000e-05	6.661642e-02	-1.470436e+01
1.064000e-05	6.195641e-02	-1.482957e+01
1.065000e-05	6.613932e-02	-1.489326e+01
1.066000e-05	6.443496e-02	-1.500644e+01
1.067000e-05	7.153683e-02	-1.507103e+01
1.068000e-05	7.377619e-02	-1.512476e+01
1.069000e-05	7.347239e-02	-1.515692e+01
1.070000e-05	7.567534e-02	-1.524855e+01
1.071000e-05	7.983121e-02	-1.526058e+01
1.072000e-05	9.035875e-02	-1.529276e+01
1.073000e-05	8.923469e-02	-1.530484e+01
1.074000e-05	9.366734e-02	-1.537739e+01
1.075000e-05	9.226206e-02	-1.539805e+01
1.076000e-05	1.007529e-01	-1.538912e+01
1.077000e-05	1.038737e-01	-1.545165e+01
1.078000e-05	1.098505e-01	-1.549170e+01
1.079000e-05	1.118013e-01	-1.546128e+01
1.080000e-05	1.217099e-01	-1.544165e+01
1.081000e-05	1.289260e-01	-1.545070e+01
1.082000e-05	1.341254e-01	-1.542012e+01
1.083000e-05	1.396553e-01	-1.541050e+01
1.084000e-05	1.508895e-01	-1.540897e+01
1.085000e-05	1.676150e-01	-1.536744e+01
1.086000e-05	1.857939e-01	-1.530526e+01
1.087000e-05	2.074081e-01	-1.526371e+01
1.088000e-05	2.333714e-01	-1.525015e+01
1.089000e-05	2.480724e-01	-1.521802e+01
1.090000e-05	2.500000e-01	-1.516541e+01
1.091000e-05	2.500000e-01	-1.510375e+01
1.092000e-05	2.500000e-01	-1.500805e+01
1.093000e-05	2.500000e-01	-1.498583e+01
1.094000e-05	2.500000e-01	-1.488273e+01
1.095000e-05	2.499989e-01	-1.478750e+01
1.096000e-05	2.347481e-01	-1.469326e+01
1.097000e-05	2.034579e-01	-1.457849e+01
1.098000e-05	1.777625e-01	-1.451525e+01
1.099000e-05	1.570857e-01	-1.435855e+01
1.100000e-05	1.377260e-01	-1.432268e+01
1.101000e-05	1.215138e-01	-1.421691e+01
1.102000e-05	1.086895e-01	-1.406207e+01
1.103000e-05	9.840819e-02	-1.396386e+01
1.104000e-05	8.853165e-02	-1.377604e+01
1.105000e-05	8.067149e-02	-1.363863e+01
1.106000e-05	7.372352e-02	-1.347480e+01
1.107000e-05	6.911859e-02	-1.333584e+01
1.108000e-05	6.347070e-02	-1.320962e+01
1.109000e-05	5.751054e-02	-1.310223e+01
1.110000e-05	5.345542e-02	-1.288581e+01
1.111000e-05	4.994931e-02	-1.271539e+01
1.112000e-05	4.731669e-02	-1.260709e+01
1.113000e-05	4.292409e-02	-1.241065e+01
1.114000e-05	4.003322e-02	-1.224162e+01
1.115000e-05	3.799576e-02	-1.201328e+01
1.116000e-05	3.696818e-02	-1.192315e+01
1.117000e-05	3.379070e-02	-1.165123e+01
1.118000e-05	3.032206e-02	-1.143174e+01
1.119000e-05	2.881754e-02	-1.120959e+01
1.120000e-05	2.763463e-02	-1.101057e+01
1.121000e-05	2.737601e-02	-1.078905e+01
1.122000e-05	2.433509e-02	-1.061065e+01
1.123000e-05	2.300493e-02	-1.035702e+01
1.124000e-05	2.149790e-02	-1.018799e+01
1.125000e-05	2.114499e-02	-9.946939e+00
1.126000e-05	1.908923e-02	-9.735890e+00
1.127000e-05	1.818044e-02	-9.525763e+00
1.128000e-05	1.703847e-02	-9.323832e+00
1.129000e-05	1.736419e-02	-9.042200e+00
1.130000e-05	1.504797e-02	-8.821699e+00
1.131000e-05	1.281372e-02	-8.569996e+00
1.132000e-05	1.169817e-02	-8.346338e+00
1.133000e-05	1.153087e-02	-8.155887e+00
1.134000e-05	1.167172e-02	-7.864657e+00
1.135000e-05	9.760981e-03	-7.618569e+00
1.136000e-05	9.283101e-03	-7.346386e+00
1.137000e-05	7.738491e-03	-7.083778e+00
1.138000e-05	9.014243e-03	-6.799519e+00
1.139000e-05	5.109164e-03	-6.547965e+00
1.140000e-05	5.272838e-03	-6.293352e+00
1.141000e-05	4.085067e-03	-6.020671e+00
1.142000e-05	4.752846e-03	-5.747494e+00
1.143000e-05	3.847808e-03	-5.475253e+00
1.144000e-05	2.457280e-03	-5.197995e+00
1.145000e-05	1.379150e-04	-4.873707e+00
1.146000e-05	3.324300e-03	-4.598446e+00
1.147000e-05	7.527516e-04	-4.369392e+00
1.148000e-05	1.619855e-03	-4.083782e+00
1.149000e-05	-3.546177e-03	-3.791094e+00
1.150000e-05	-3.226643e-04	-3.528338e+00
1.151000e-05	-4.118155e-03	-3.253628e+00
1.152000e-05	-1.831333e-03	-2.977467e+00
1.153000e-05	-4.943496e-03	-2.654278e+00
1.154000e-05	-1.437361e-03	-2.422044e+00
1.155000e-05	-4.242375e-03	-2.123257e+00
1.156000e-05	-1.981094e-03	-1.852075e+00
1.157000e-05	-6.365089e-03	-1.587911e+00
1.158000e-05	-5.435023e-03	-1.190150e+00
1.159000e-05	-7.487184e-03	-9.363607e-01
1.160000e-05	-6.369849e-03	-6.726502e-01
1.161000e-05	-7.289282e-03	-3.578909e-01
1.162000e-05	-5.903567e-03	-7.378184e-02
1.163000e-05	5.708943e-03	1.893537e-01
1.164000e-05	3.516271e-03	4.741592e-01
1.165000e-05	1.709305e-03	7.157946e-01
1.166000e-05	1.669138e-03	1.029927e+00
1.167000e-05	-1.738190e-03	1.275138e+00
1.168000e-05	-4.838127e-04	1.649829e+00
1.169000e-05	1.849322e-03	1.841133e+00
1.170000e-05	2.475516e-02	2.083111e+00
1.171000e-05	9.461068e-02	2.327342e+00
1.172000e-05	3.420910e-02	2.664169e+00
1.173000e-05	-5.783981e-02	3.009979e+00
1.174000e-05	-2.679848e-02	3.274085e+00
1.175000e-05	-3.322230e-02	3.577906e+00
1.176000e-05	-4.971122e-02	3.839078e+00
1.177000e-05	-8.094464e-02	3.999023e+00
1.178000e-05	8.145373e-02	4.273688e+00
1.179000e-05	-1.829722e-03	4.606903e+00
1.180000e-05	-5.339940e-02	4.798453e+00
1.181000e-05	1.616632e-01	5.147771e+00
1.182000e-05	-1.455966e-01	5.451231e+00
1.183000e-05	5.537769e-02	5.724693e+00
1.184000e-05	-4.116807e-02	5.998450e+00
1.185000e-05	2.394927e-03	6.201579e+00
1.186000e-05	3.444614e-02	6.506140e+00
1.187000e-05	-6.845195e-02	6.778524e+00
1.188000e-05	4.874781e-02	7.020612e+00
1.189000e-05	-6.096070e-02	7.314684e+00
1.190000e-05	3.029955e-02	7.556876e+00
1.191000e-05	-5.639069e-02	7.893212e+00
1.192000e-05	-9.595112e-04	8.146894e+00
1.193000e-05	2.303357e-02	8.408901e+00
1.194000e-05	-3.651943e-02	8.598499e+00
1.195000e-05	1.494989e-02	8.868450e+00
1.196000e-05	-5.624408e-02	9.032113e+00
1.197000e-05	-9.376215e-03	9.292237e+00
1.198000e-05	-1.266279e-02	9.495790e+00
1.199000e-05	-4.909807e-03	9.757868e+00
1.200000e-05	-2.486440e-02	9.956949e+00
1.201000e-05	-2.458246e-02	1.021945e+01
1.202000e-05	-2.616446e-03	1.040100e+01
1.203000e-05	-3.045530e-02	1.061102e+01
1.204000e-05	-2.237939e-02	1.084898e+01
1.205000e-05	-3.823549e-02	1.104063e+01
1.206000e-05	-1.732611e-02	1.126113e+01
1.207000e-05	-1.832647e-02	1.144158e+01
1.208000e-05	-2.764609e-02	1.169163e+01
1.209000e-05	-3.830877e-02	1.185116e+01
1.210000e-05	-3.268379e-02	1.210156e+01
1.211000e-05	-2.149894e-02	1.225155e+01
1.212000e-05	-2.767631e-02	1.240845e+01
1.213000e-05	-3.875117e-02	1.254990e+01
1.214000e-05	-4.339064e-02	1.271531e+01
1.215000e-05	-3.340269e-02	1.289319e+01
1.216000e-05	-3.325938e-02	1.305166e+01
1.217000e-05	-4.199565e-02	1.319795e+01
1.218000e-05	-4.878291e-02	1.333694e+01
1.219000e-05	-3.788146e-02	1.351474e+01
1.220000e-05	-3.829788e-02	1.363060e+01
1.221000e-05	-4.464708e-02	1.378792e+01
1.222000e-05	-5.932056e-02	1.387183e+01
1.223000e-05	-5.473592e-02	1.406160e+01
1.224000e-05	-5.092984e-02	1.414549e+01
1.225000e-05	-4.942810e-02	1.436326e+01
1.226000e-05	-5.986894e-02	1.444003e+01
1.227000e-05	-6.467020e-02	1.451521e+01
1.228000e-05	-5.863687e-02	1.459897e+01
1.229000e-05	-6.003465e-02	1.468526e+01
1.230000e-05	-6.482641e-02	1.478692e+01
1.231000e-05	-7.588276e-02	1.484163e+01
1.232000e-05	-7.121456e-02	1.495579e+01
1.233000e-05	-7.064849e-02	1.494739e+01
1.234000e-05	-7.603791e-02	1.508017e+01
1.235000e-05	-8.671902e-02	1.513581e+01
1.236000e-05	-8.975105e-02	1.519739e+01
1.237000e-05	-8.589478e-02	1.520005e+01
1.238000e-05	-8.755527e-02	1.525258e+01
1.239000e-05	-9.501394e-02	1.531313e+01
1.240000e-05	-1.027738e-01	1.532631e+01
1.241000e-05	-1.005856e-01	1.532533e+01
1.242000e-05	-1.053067e-01	1.536892e+01
1.243000e-05	-1.115848e-01	1.539804e+01
1.244000e-05	-1.232392e-01	1.539957e+01
1.245000e-05	-1.239365e-01	1.540849e+01
1.246000e-05	-1.260182e-01	1.541802e+01
1.247000e-05	-1.330132e-01	1.539894e+01
1.248000e-05	-1.466191e-01	1.540894e+01
1.249000e-05	-1.577525e-01	1.535639e+01
1.250000e-05	-1.651940e-01	1.530628e+01
1.251000e-05	-1.782439e-01	1.529478e+01
1.252000e-05	-2.007128e-01	1.525325e+01
1.253000e-05	-2.290020e-01	1.524013e+01
1.254000e-05	-2.457338e-01	1.518852e+01
1.255000e-05	-2.500000e-01	1.512734e+01
1.256000e-05	-2.500000e-01	1.510278e+01
1.257000e-05	-2.500000e-01	1.499062e+01
1.258000e-05	-2.500000e-01	1.494846e+01
1.259000e-05	-2.500000e-01	1.482115e+01
1.260000e-05	-2.500000e-01	1.479947e+01
1.261000e-05	-2.499892e-01	1.469424e+01
1.262000e-05	-2.343866e-01	1.461952e+01
1.263000e-05	-2.022069e-01	1.449531e+01
1.264000e-05	-1.754540e-01	1.442960e+01
1.265000e-05	-1.573108e-01	1.428380e+01
1.266000e-05	-1.418189e-01	1.416852e+01
1.267000e-05	-1.279858e-01	1.409163e+01
1.268000e-05	-1.120586e-01	1.392641e+01
1.269000e-05	-1.041563e-01	1.377907e+01
1.270000e-05	-9.737373e-02	1.366415e+01
1.271000e-05	-9.247768e-02	1.354541e+01
1.272000e-05	-8.037266e-02	1.342007e+01
1.273000e-05	-7.590367e-02	1.322160e+01
1.274000e-05	-7.241230e-02	1.311331e+01
1.275000e-05	-7.074212e-02	1.292596e+01
1.276000e-05	-6.397557e-02	1.280897e+01
1.277000e-05	-5.857791e-02	1.260107e+01
1.278000e-05	-5.533996e-02	1.243373e+01
1.279000e-05	-5.650886e-02	1.229476e+01
1.280000e-05	-5.195931e-02	1.209583e+01
1.281000e-05	-4.934600e-02	1.195581e+01
1.282000e-05	-4.609054e-02	1.172741e+01
1.283000e-05	-4.695413e-02	1.152781e+01
1.284000e-05	-4.748002e-02	1.132673e+01
1.285000e-05	-4.170782e-02	1.114535e+01
1.286000e-05	-3.871706e-02	1.089636e+01
1.287000e-05	-3.672406e-02	1.072581e+01
1.288000e-05	-3.569179e-02	1.048621e+01
1.289000e-05	-3.656099e-02	1.025520e+01
1.290000e-05	-3.261044e-02	1.005220e+01
1.291000e-05	-3.575222e-02	9.842624e+00
1.292000e-05	-3.581756e-02	9.609525e+00
1.293000e-05	-3.579968e-02	9.381023e+00
1.294000e-05	-3.084232e-02	9.148969e+00
1.295000e-05	-2.725802e-02	8.907913e+00
1.296000e-05	-2.787474e-02	8.724756e+00
1.297000e-05	-2.667336e-02	8.431731e+00
1.298000e-05	-2.682157e-02	8.231698e+00
1.299000e-05	-2.557805e-02	7.999470e+00
1.300000e-05	-2.504923e-02	7.746386e+00
1.301000e-05	-2.727348e-02	7.443155e+00
1.302000e-05	-2.694425e-02	7.149519e+00
1.303000e-05	-2.551616e-02	6.939414e+00
1.304000e-05	-2.242536e-02	6.695685e+00
1.305000e-05	-2.168292e-02	6.401574e+00
1.306000e-05	-2.053536e-02	6.158418e+00
1.307000e-05	-1.866847e-02	5.915360e+00
1.308000e-05	-1.854774e-02	5.610598e+00
1.309000e-05	-1.987704e-02	5.348465e+00
1.310000e-05	-2.234679e-02	4.992119e+00
1.311000e-05	-2.210899e-02	4.755811e+00
1.312000e-05	-2.002555e-02	4.475155e+00
1.313000e-05	-1.704945e-02	4.234572e+00
1.314000e-05	-1.701650e-02	3.905282e+00
1.315000e-05	-1.609079e-02	3.633675e+00
1.316000e-05	-1.504808e-02	3.388537e+00
1.317000e-05	-1.311536e-02	3.076282e+00
1.318000e-05	-1.526991e-02	2.821596e+00
1.319000e-05	-1.654446e-02	2.516359e+00
1.320000e-05	-1.494350e-02	2.222099e+00
1.321000e-05	-1.343137e-02	1.989919e+00
1.322000e-05	-1.282703e-02	1.725232e+00
1.323000e-05	-1.315832e-02	1.389519e+00
1.324000e-05	-1.323739e-02	1.045280e+00
1.325000e-05	-1.069344e-02	8.084645e-01
1.326000e-05	-9.491804e-03	4.653093e-01
1.327000e-05	-9.074973e-03	1.626176e-01
1.328000e-05	-8.119420e-03	-8.464053e-02
1.329000e-05	4.487287e-03	-3.463709e-01
1.330000e-05	-4.694857e-04	-6.295541e-01
1.331000e-05	1.210944e-03	-9.046393e-01
1.332000e-05	-2.536743e-03	-1.146825e+00
1.333000e-05	4.043920e-04	-1.455129e+00
1.334000e-05	-3.124005e-04	-1.694789e+00
1.335000e-05	2.254810e-02	-1.926342e+00
1.336000e-05	9.944445e-02	-2.219051e+00
1.337000e-05	6.749229e-02	-2.554868e+00
1.338000e-05	-6.051479e-02	-2.966374e+00
1.339000e-05	-1.165791e-03	-3.323738e+00
1.340000e-05	-4.686973e-02	-3.513791e+00
1.341000e-05	-5.990988e-02	-3.736265e+00
1.342000e-05	-4.606254e-02	-3.948917e+00
1.343000e-05	1.769957e-01	-4.125345e+00
1.344000e-05	-1.812484e-01	-4.459008e+00
1.345000e-05	1.601679e-01	-4.733766e+00
1.346000e-05	-1.924648e-02	-4.976374e+00
1.347000e-05	-6.077551e-02	-5.376370e+00
1.348000e-05	1.247327e-01	-5.577879e+00
1.349000e-05	-1.885171e-01	-5.892687e+00
1.350000e-05	1.730459e-01	-6.175320e+00
1.351000e-05	-5.938377e-02	-6.396950e+00
1.352000e-05	4.119697e-02	-6.713712e+00
1.353000e-05	5.733666e-02	-6.953816e+00
1.354000e-05	-9.304058e-02	-7.242582e+00
1.355000e-05	1.263032e-01	-7.513289e+00
1.356000e-05	-1.031422e-01	-7.796423e+00
1.357000e-05	1.120780e-01	-8.060628e+00
1.358000e-05	-1.986984e-02	-8.232707e+00
1.359000e-05	1.144824e-02	-8.564866e+00
1.360000e-05	8.103654e-02	-8.747345e+00
1.361000e-05	-8.473572e-02	-8.968528e+00
1.362000e-05	9.619421e-02	-9.239555e+00
1.363000e-05	-6.217360e-02	-9.500561e+00
1.364000e-05	1.080570e-01	-9.712611e+00
1.365000e-05	-2.189675e-02	-9.884240e+00
1.366000e-05	5.048588e-02	-1.016532e+01
1.367000e-05	1.204347e-02	-1.033637e+01
1.368000e-05	6.796787e-03	-1.058850e+01
1.369000e-05	5.863652e-02	-1.076739e+01
1.370000e-05	-2.098493e-02	-1.099692e+01
1.371000e-05	7.138950e-02	-1.117587e+01
1.372000e-05	-1.783733e-02	-1.142805e+01
1.373000e-05	7.675968e-02	-1.157858e+01
1.374000e-05	-9.356897e-03	-1.179900e+01
1.375000e-05	5.451794e-02	-1.200855e+01
1.376000e-05	1.053846e-02	-1.218853e+01
1.377000e-05	5.367534e-02	-1.239744e+01
1.378000e-05	3.185823e-02	-1.253374e+01
1.379000e-05	2.683461e-02	-1.275384e+01
1.380000e-05	3.621156e-02	-1.288366e+01
1.381000e-05	2.781802e-02	-1.309013e+01
1.382000e-05	5.646857e-02	-1.317847e+01
1.383000e-05	2.715776e-02	-1.335541e+01
1.384000e-05	5.702895e-02	-1.347433e+01
1.385000e-05	3.119855e-02	-1.363908e+01
1.386000e-05	6.010655e-02	-1.379741e+01
1.387000e-05	3.406599e-02	-1.393424e+01
1.388000e-05	4.922410e-02	-1.406102e+01
1.389000e-05	4.072468e-02	-1.416542e+01
1.390000e-05	5.982136e-02	-1.428371e+01
1.391000e-05	5.446103e-02	-1.438745e+01
1.392000e-05	5.567671e-02	-1.450219e+01
1.393000e-05	5.407046e-02	-1.458842e+01
1.394000e-05	5.937952e-02	-1.470168e+01
1.395000e-05	6.644111e-02	-1.479605e+01
1.396000e-05	6.318709e-02	-1.489160e+01
1.397000e-05	6.754523e-02	-1.496529e+01
1.398000e-05	6.572708e-02	-1.500867e+01
1.399000e-05	7.555819e-02	-1.509325e+01
1.400000e-05	7.024915e-02	-1.517589e+01
1.401000e-05	7.521191e-02	-1.521747e+01
1.402000e-05	7.602740e-02	-1.524956e+01
1.403000e-05	9.008801e-02	-1.529361e+01
1.404000e-05	9.056466e-02	-1.526339e+01
1.405000e-05	9.258011e-02	-1.534542e+01
1.406000e-05	9.052633e-02	-1.542792e+01
1.407000e-05	9.638575e-02	-1.540912e+01
1.408000e-05	1.035680e-01	-1.542802e+01
1.409000e-05	1.072849e-01	-1.548963e+01
1.410000e-05	1.096435e-01	-1.546058e+01
1.411000e-05	1.164955e-01	-1.548117e+01
1.412000e-05	1.262299e-01	-1.549068e+01
1.413000e-05	1.317432e-01	-1.544063e+01
1.414000e-05	1.367166e-01	-1.547862e+01
1.415000e-05	1.463316e-01	-1.540907e+01
1.416000e-05	1.623606e-01	-1.534857e+01
1.417000e-05	1.816319e-01	-1.532534e+01
1.418000e-05	1.987249e-01	-1.528318e+01
1.419000e-05	2.216851e-01	-1.528111e+01
1.420000e-05	2.427769e-01	-1.522902e+01
1.421000e-05	2.500000e-01	-1.516644e+01
1.422000e-05	2.500000e-01	-1.514533e+01
1.423000e-05	2.500000e-01	-1.505010e+01
1.424000e-05	2.500000e-01	-1.492642e+01
1.425000e-05	2.500000e-01	-1.488323e+01
1.426000e-05	2.500000e-01	-1.485905e+01
1.427000e-05	2.429487e-01	-1.476531e+01
1.428000e-05	2.141343e-01	-1.463958e+01
1.429000e-05	1.859182e-01	-1.452584e+01
1.430000e-05	1.647249e-01	-1.446003e+01
1.431000e-05	1.445407e-01	-1.433537e+01
1.432000e-05	1.273365e-01	-1.424010e+01
1.433000e-05	1.118402e-01	-1.405268e+01
1.434000e-05	1.040518e-01	-1.397699e+01
1.435000e-05	9.369232e-02	-1.383715e+01
1.436000e-05	8.520464e-02	-1.369368e+01
1.437000e-05	7.554507e-02	-1.355694e+01
1.438000e-05	7.090226e-02	-1.342999e+01
1.439000e-05	6.519147e-02	-1.327371e+01
1.440000e-05	5.894131e-02	-1.310431e+01
1.441000e-05	5.291462e-02	-1.295694e+01
1.442000e-05	5.140342e-02	-1.279047e+01
1.443000e-05	4.998063e-02	-1.271073e+01
1.444000e-05	4.716942e-02	-1.249483e+01
1.445000e-05	4.132351e-02	-1.227526e+01
1.446000e-05	3.818254e-02	-1.215529e+01
1.447000e-05	3.648572e-02	-1.191531e+01
1.448000e-05	3.538459e-02	-1.175484e+01
1.449000e-05	3.185523e-02	-1.148628e+01
1.450000e-05	2.883157e-02	-1.129383e+01
1.451000e-05	2.925273e-02	-1.109275e+01
1.452000e-05	2.842944e-02	-1.087273e+01
1.453000e-05	2.609556e-02	-1.073476e+01
1.454000e-05	2.236355e-02	-1.050226e+01
1.455000e-05	2.172881e-02	-1.027228e+01
1.456000e-05	2.217556e-02	-1.002013e+01
1.457000e-05	2.048553e-02	-9.840623e+00
1.458000e-05	1.761450e-02	-9.639569e+00
1.459000e-05	1.663592e-02	-9.379490e+00
1.460000e-05	1.737543e-02	-9.147408e+00
1.461000e-05	1.609913e-02	-8.937363e+00
1.462000e-05	1.349075e-02	-8.694256e+00
1.463000e-05	1.117383e-02	-8.423699e+00
1.464000e-05	1.209165e-02	-8.211646e+00
1.465000e-05	1.186658e-02	-7.988387e+00
1.466000e-05	1.122542e-02	-7.684682e+00
1.467000e-05	7.405942e-03	-7.440069e+00
1.468000e-05	7.424997e-03	-7.147022e+00
1.469000e-05	6.553358e-03	-6.905304e+00
1.470000e-05	7.987227e-03	-6.643198e+00
1.471000e-05	4.427669e-03	-6.420046e+00
1.472000e-05	5.144268e-03	-6.096860e+00
1.473000e-05	2.864546e-03	-5.872703e+00
1.474000e-05	5.766527e-03	-5.618446e+00
1.475000e-05	2.386394e-03	-5.286860e+00
1.476000e-05	1.986408e-03	-5.009070e+00
1.477000e-05	-8.746722e-05	-4.653353e+00
1.478000e-05	2.430649e-03	-4.430553e+00
1.479000e-05	1.535587e-03	-4.220468e+00
1.480000e-05	-2.054701e-04	-3.926362e+00
1.481000e-05	-2.544717e-03	-3.611050e+00
1.482000e-05	-2.865391e-03	-3.357467e+00
1.483000e-05	-1.572973e-03	-3.104728e+00
1.484000e-05	-3.435025e-03	-2.769491e+00
1.485000e-05	-2.929494e-03	-2.526361e+00
1.486000e-05	-4.536165e-03	-2.192153e+00
1.487000e-05	-3.163667e-03	-1.936388e+00
1.488000e-05	-4.901369e-03	-1.674727e+00
1.489000e-05	-5.594057e-03	-1.349465e+00
1.490000e-05	-8.164010e-03	-1.061201e+00
1.491000e-05	-6.510364e-03	-7.898862e-01
1.492000e-05	-7.133877e-03	-4.527040e-01
1.493000e-05	-5.162968e-03	-2.204974e-01
1.494000e-05	-1.337833e-03	8.318915e-02
1.495000e-05	8.484200e-03	3.679236e-01
1.496000e-05	-2.029791e-03	6.294801e-01
1.497000e-05	5.481023e-03	8.951694e-01
1.498000e-05	-2.675366e-03	1.169976e+00
1.499000e-05	1.946554e-03	1.441539e+00
1.500000e-05	-3.899225e-03	1.779602e+00
1.501000e-05	1.664542e-02	1.978878e+00
1.502000e-05	6.109686e-02	2.272084e+00
1.503000e-05	9.215889e-02	2.557823e+00
1.504000e-05	-5.455007e-02	2.904713e+00
1.505000e-05	-2.695477e-02	3.128349e+00
1.506000e-05	-3.830037e-02	3.453662e+00
1.507000e-05	-2.562923e-02	3.725316e+00
1.508000e-05	-9.136930e-02	3.955792e+00
1.509000e-05	6.774013e-03	4.186299e+00
1.510000e-05	9.807615e-02	4.493136e+00
1.511000e-05	-1.304292e-01	4.705867e+00
1.512000e-05	1.652582e-01	5.019978e+00
1.513000e-05	-6.620672e-02	5.347270e+00
1.514000e-05	-3.409894e-02	5.608526e+00
1.515000e-05	3.354958e-02	5.883164e+00
1.516000e-05	-6.032523e-02	6.146768e+00
1.517000e-05	6.930611e-02	6.336999e+00
1.518000e-05	-6.442703e-02	6.673718e+00
1.519000e-05	1.977235e-02	6.956870e+00
1.520000e-05	-2.028727e-02	7.219053e+00
1.521000e-05	-1.502079e-02	7.493242e+00
1.522000e-05	-3.179350e-04	7.817445e+00
1.523000e-05	-5.412749e-02	8.031063e+00
1.524000e-05	4.418123e-02	8.265765e+00
1.525000e-05	-3.046765e-02	8.516235e+00
1.526000e-05	-1.329338e-03	8.695841e+00
1.527000e-05	-1.864167e-02	8.998446e+00
1.528000e-05	-5.151392e-02	9.220628e+00
1.529000e-05	1.548142e-02	9.440129e+00
1.530000e-05	-2.868484e-02	9.672632e+00
1.531000e-05	2.075616e-03	9.863740e+00
1.532000e-05	-4.519523e-02	1.009732e+01
1.533000e-05	3.348226e-03	1.033584e+01
1.534000e-05	-2.500144e-02	1.056737e+01
1.535000e-05	-2.709988e-02	1.072742e+01
1.536000e-05	-2.699656e-02	1.092694e+01
1.537000e-05	-3.575283e-02	1.115782e+01
1.538000e-05	-3.849405e-03	1.140944e+01
1.539000e-05	-3.642087e-02	1.158792e+01
1.540000e-05	-2.431819e-02	1.179747e+01
1.541000e-05	-4.735820e-02	1.196698e+01
1.542000e-05	-1.600114e-02	1.212735e+01
1.543000e-05	-2.953992e-02	1.234737e+01
1.544000e-05	-3.130341e-02	1.247471e+01
1.545000e-05	-4.452642e-02	1.269168e+01
1.546000e-05	-3.874970e-02	1.284955e+01
1.547000e-05	-2.873670e-02	1.296740e+01
1.548000e-05	-4.284859e-02	1.312542e+01
1.549000e-05	-4.408011e-02	1.326376e+01
1.550000e-05	-4.753155e-02	1.343258e+01
1.551000e-05	-3.188899e-02	1.357705e+01
1.552000e-05	-4.385546e-02	1.372534e+01
1.553000e-05	-5.215590e-02	1.384215e+01
1.554000e-05	-5.971092e-02	1.399895e+01
1.555000e-05	-5.108455e-02	1.410479e+01
1.556000e-05	-4.805574e-02	1.420213e+01
1.557000e-05	-5.702736e-02	1.438842e+01
1.558000e-05	-6.363352e-02	1.447275e+01
1.559000e-05	-6.153402e-02	1.452837e+01
1.560000e-05	-5.558740e-02	1.464213e+01
1.561000e-05	-6.393128e-02	1.469494e+01
1.562000e-05	-7.130772e-02	1.486015e+01
1.563000e-05	-7.459138e-02	1.488368e+01
1.564000e-05	-6.875049e-02	1.495739e+01
1.565000e-05	-7.266271e-02	1.500012e+01
1.566000e-05	-8.348177e-02	1.510328e+01
1.567000e-05	-9.036735e-02	1.513681e+01
1.568000e-05	-8.771346e-02	1.523902e+01
1.569000e-05	-8.538133e-02	1.520105e+01
1.570000e-05	-9.111492e-02	1.529368e+01
1.571000e-05	-1.006620e-01	1.532528e+01
1.572000e-05	-1.013622e-01	1.531641e+01
1.573000e-05	-1.023104e-01	1.538639e+01
1.574000e-05	-1.077178e-01	1.535944e+01
1.575000e-05	-1.208270e-01	1.539748e+01
1.576000e-05	-1.240781e-01	1.538849e+01
1.577000e-05	-1.255654e-01	1.537912e+01
1.578000e-05	-1.269885e-01	1.540702e+01
1.579000e-05	-1.408226e-01	1.540749e+01
1.580000e-05	-1.544086e-01	1.534782e+01
1.581000e-05	-1.623577e-01	1.534789e+01
1.582000e-05	-1.711018e-01	1.530486e+01
1.583000e-05	-1.911854e-01	1.525425e+01
1.584000e-05	-2.182213e-01	1.525415e+01
1.585000e-05	-2.407729e-01	1.521002e+01
1.586000e-05	-2.496642e-01	1.517639e+01
1.587000e-05	-2.500000e-01	1.510235e+01
1.588000e-05	-2.500000e-01	1.502213e+01
1.589000e-05	-2.500000e-01	1.494742e+01
1.590000e-05	-2.500000e-01	1.488221e+01
1.591000e-05	-2.500000e-01	1.480107e+01
1.592000e-05	-2.500000e-01	1.473494e+01
1.593000e-05	-2.433122e-01	1.464265e+01
1.594000e-05	-2.156545e-01	1.457744e+01
1.595000e-05	-1.841465e-01	1.444066e+01
1.596000e-05	-1.624893e-01	1.435639e+01
1.597000e-05	-1.475756e-01	1.422212e+01
1.598000e-05	-1.337933e-01	1.410484e+01
1.599000e-05	-1.174863e-01	1.399849e+01
1.600000e-05	-1.070973e-01	1.388165e+01
1.601000e-05	-9.946092e-02	1.371430e+01
1.602000e-05	-9.523569e-02	1.357904e+01
1.603000e-05	-8.524054e-02	1.342166e+01
1.604000e-05	-7.838595e-02	1.330483e+01
1.605000e-05	-7.201425e-02	1.313788e+01
1.606000e-05	-7.178416e-02	1.300052e+01
1.607000e-05	-6.715832e-02	1.281363e+01
1.608000e-05	-6.090857e-02	1.269313e+01
1.609000e-05	-5.652201e-02	1.256676e+01
1.610000e-05	-5.587628e-02	1.231739e+01
1.611000e-05	-5.401088e-02	1.219902e+01
1.612000e-05	-5.064850e-02	1.197010e+01
1.613000e-05	-4.737299e-02	1.181052e+01
1.614000e-05	-4.543359e-02	1.160007e+01
1.615000e-05	-4.587740e-02	1.143907e+01
1.616000e-05	-4.448019e-02	1.118897e+01
1.617000e-05	-3.951504e-02	1.099052e+01
1.618000e-05	-3.778080e-02	1.077897e+01
1.619000e-05	-3.715320e-02	1.058905e+01
1.620000e-05	-3.754141e-02	1.035997e+01
1.621000e-05	-3.575727e-02	1.014747e+01
1.622000e-05	-3.369289e-02	9.915287e+00
1.623000e-05	-3.314481e-02	9.705361e+00
1.624000e-05	-3.363202e-02	9.483727e+00
1.625000e-05	-3.144290e-02	9.264625e+00
1.626000e-05	-2.928253e-02	9.052649e+00
1.627000e-05	-2.793758e-02	8.730047e+00
1.628000e-05	-2.891368e-02	8.589445e+00
1.629000e-05	-2.894216e-02	8.335356e+00
1.630000e-05	-2.631832e-02	8.071679e+00
1.631000e-05	-2.470490e-02	7.831146e+00
1.632000e-05	-2.520967e-02	7.558520e+00
1.633000e-05	-2.567649e-02	7.274781e+00
1.634000e-05	-2.443951e-02	7.034152e+00
1.635000e-05	-2.304181e-02	6.809020e+00
1.636000e-05	-2.202464e-02	6.487286e+00
1.637000e-05	-2.171527e-02	6.263627e+00
1.638000e-05	-2.169326e-02	6.021094e+00
1.639000e-05	-1.979555e-02	5.749936e+00
1.640000e-05	-1.920894e-02	5.493157e+00
1.641000e-05	-1.952168e-02	5.190492e+00
1.642000e-05	-2.104118e-02	4.833676e+00
1.643000e-05	-1.928602e-02	4.579515e+00
1.644000e-05	-1.779921e-02	4.318258e+00
1.645000e-05	-1.630565e-02	4.059550e+00
1.646000e-05	-1.752886e-02	3.727366e+00
1.647000e-05	-1.603291e-02	3.484306e+00
1.648000e-05	-1.389877e-02	3.200448e+00
1.649000e-05	-1.444647e-02	2.885838e+00
1.650000e-05	-1.536894e-02	2.625102e+00
1.651000e-05	-1.701230e-02	2.305861e+00
1.652000e-05	-1.479366e-02	2.093732e+00
1.653000e-05	-1.272743e-02	1.790647e+00
1.654000e-05	-1.247427e-02	1.466283e+00
1.655000e-05	-1.286270e-02	1.211594e+00
1.656000e-05	-1.199097e-02	8.852583e-01
1.657000e-05	-1.002985e-02	6.010174e-01
1.658000e-05	-9.399690e-03	2.978658e-01
1.659000e-05	-7.904231e-03	-1.747244e-02
1.660000e-05	-2.134705e-03	-2.420842e-01
1.661000e-05	5.003215e-03	-5.226403e-01
1.662000e-05	-3.669053e-03	-8.379301e-01
1.663000e-05	3.369914e-03	-1.081609e+00
1.664000e-05	-2.817746e-03	-1.357297e+00
1.665000e-05	2.125795e-03	-1.652629e+00
1.666000e-05	9.069060e-03	-1.881587e+00
1.667000e-05	5.866177e-02	-2.074038e+00
1.668000e-05	1.219757e-01	-2.419953e+00
1.669000e-05	-5.005827e-02	-2.796383e+00
1.670000e-05	-8.164431e-03	-3.196503e+00
1.671000e-05	-4.044869e-02	-3.461954e+00
1.672000e-05	-3.350277e-02	-3.702528e+00
1.673000e-05	-1.088791e-01	-3.884212e+00
1.674000e-05	1.582462e-01	-4.041604e+00
1.675000e-05	-6.489702e-02	-4.344738e+00
1.676000e-05	4.273380e-03	-4.641028e+00
1.677000e-05	1.526350e-01	-4.842629e+00
1.678000e-05	-1.827350e-01	-5.229478e+00
1.679000e-05	1.699382e-01	-5.485713e+00
1.680000e-05	-1.337606e-01	-5.757850e+00
1.681000e-05	4.387303e-02	-6.072208e+00
1.682000e-05	8.713987e-02	-6.264109e+00
1.683000e-05	-8.481380e-02	-6.617850e+00
1.684000e-05	1.504261e-01	-6.879008e+00
1.685000e-05	-1.206290e-01	-7.125271e+00
1.686000e-05	9.262027e-02	-7.460028e+00
1.687000e-05	-3.040822e-02	-7.669631e+00
1.688000e-05	3.852948e-03	-7.986446e+00
1.689000e-05	9.346548e-02	-8.197951e+00
1.690000e-05	-7.832023e-02	-8.451078e+00
1.691000e-05	1.342353e-01	-8.683187e+00
1.692000e-05	-8.326920e-02	-8.904315e+00
1.693000e-05	5.956551e-02	-9.156370e+00
1.694000e-05	-1.334826e-02	-9.356316e+00
1.695000e-05	3.112033e-02	-9.629576e+00
1.696000e-05	6.008913e-02	-9.819056e+00
1.697000e-05	-2.109802e-02	-1.006263e+01
1.698000e-05	7.945615e-02	-1.027213e+01
1.699000e-05	-4.454859e-02	-1.050426e+01
1.700000e-05	8.674914e-02	-1.068374e+01
1.701000e-05	-3.148468e-02	-1.091271e+01
1.702000e-05	6.513619e-02	-1.114222e+01
1.703000e-05	1.994343e-04	-1.129231e+01
1.704000e-05	4.886001e-02	-1.155639e+01
1.705000e-05	2.579969e-02	-1.175387e+01
1.706000e-05	1.958661e-02	-1.197545e+01
1.707000e-05	4.177571e-02	-1.213429e+01
1.708000e-05	1.951656e-02	-1.229524e+01
1.709000e-05	6.167153e-02	-1.249166e+01
1.710000e-05	8.395046e-03	-1.268216e+01
1.711000e-05	5.208283e-02	-1.281905e+01
1.712000e-05	1.462539e-02	-1.296844e+01
1.713000e-05	5.937473e-02	-1.311381e+01
1.714000e-05	2.707237e-02	-1.332271e+01
1.715000e-05	5.348909e-02	-1.347113e+01
1.716000e-05	3.595094e-02	-1.361592e+01
1.717000e-05	5.088813e-02	-1.369431e+01
1.718000e-05	4.510772e-02	-1.388160e+01
1.719000e-05	4.198373e-02	-1.397647e+01
1.720000e-05	4.628205e-02	-1.411236e+01
1.721000e-05	4.870354e-02	-1.421003e+01
1.722000e-05	6.116395e-02	-1.435637e+01
1.723000e-05	5.055265e-02	-1.444068e+01
1.724000e-05	5.878455e-02	-1.453787e+01
1.725000e-05	5.268129e-02	-1.466068e+01
1.726000e-05	6.910416e-02	-1.479380e+01
1.727000e-05	6.064507e-02	-1.484005e+01
1.728000e-05	6.920397e-02	-1.493423e+01
1.729000e-05	6.327749e-02	-1.497747e+01
1.730000e-05	7.507825e-02	-1.508061e+01
1.731000e-05	7.106097e-02	-1.510481e+01
1.732000e-05	7.442596e-02	-1.517645e+01
1.733000e-05	7.427742e-02	-1.524050e+01
1.734000e-05	8.435968e-02	-1.526011e+01
1.735000e-05	9.101939e-02	-1.531274e+01
1.736000e-05	9.030759e-02	-1.533647e+01
1.737000e-05	9.189391e-02	-1.536599e+01
1.738000e-05	9.229923e-02	-1.542910e+01
1.739000e-05	1.021751e-01	-1.542854e+01
1.740000e-05	1.047667e-01	-1.545155e+01
1.741000e-05	1.097075e-01	-1.547177e+01
1.742000e-05	1.127380e-01	-1.551220e+01
1.743000e-05	1.240031e-01	-1.548168e+01
1.744000e-05	1.307070e-01	-1.548112e+01
1.745000e-05	1.374532e-01	-1.546118e+01
1.746000e-05	1.426531e-01	-1.541804e+01
1.747000e-05	1.561351e-01	-1.536907e+01
1.748000e-05	1.720945e-01	-1.534646e+01
1.749000e-05	1.902346e-01	-1.528578e+01
1.750000e-05	2.101396e-01	-1.528215e+01
1.751000e-05	2.366843e-01	-1.523003e+01
1.752000e-05	2.497792e-01	-1.517695e+01
1.753000e-05	2.500000e-01	-1.514489e+01
1.754000e-05	2.500000e-01	-1.505218e+01
1.755000e-05	2.500000e-01	-1.500804e+01
1.756000e-05	2.500000e-01	-1.490631e+01
1.757000e-05	2.500000e-01	-1.487215e+01
1.758000e-05	2.487849e-01	-1.480592e+01
1.759000e-05	2.267771e-01	-1.464223e+01
1.760000e-05	1.967922e-01	-1.458789e+01
1.761000e-05	1.758322e-01	-1.447210e+01
1.762000e-05	1.541455e-01	-1.436697e+01
1.763000e-05	1.346009e-01	-1.429126e+01
1.764000e-05	1.174816e-01	-1.412631e+01
1.765000e-05	1.060091e-01	-1.404005e+01
1.766000e-05	9.601223e-02	-1.387231e+01
1.767000e-05	8.471611e-02	-1.370741e+01
1.768000e-05	7.835415e-02	-1.357802e+01
1.769000e-05	7.250804e-02	-1.349180e+01
1.770000e-05	7.034140e-02	-1.327476e+01
1.771000e-05	6.367486e-02	-1.319844e+01
1.772000e-05	5.726010e-02	-1.303060e+01
1.773000e-05	5.193701e-02	-1.287175e+01
1.774000e-05	5.031238e-02	-1.270379e+01
1.775000e-05	4.671566e-02	-1.253796e+01
1.776000e-05	4.165824e-02	-1.238744e+01
1.777000e-05	3.952706e-02	-1.215805e+01
1.778000e-05	3.734347e-02	-1.200897e+01
1.779000e-05	3.719980e-02	-1.185767e+01
1.780000e-05	3.326633e-02	-1.161104e+01
1.781000e-05	2.899032e-02	-1.131697e+01
1.782000e-05	2.984964e-02	-1.115639e+01
1.783000e-05	2.642235e-02	-1.093636e+01
1.784000e-05	2.716859e-02	-1.076792e+01
1.785000e-05	2.474005e-02	-1.058849e+01
1.786000e-05	2.217262e-02	-1.037841e+01
1.787000e-05	2.372577e-02	-1.014526e+01
1.788000e-05	1.791383e-02	-9.875308e+00
1.789000e-05	1.884141e-02	-9.675808e+00
1.790000e-05	1.525872e-02	-9.472233e+00
1.791000e-05	1.762640e-02	-9.232126e+00
1.792000e-05	1.695864e-02	-8.989046e+00
1.793000e-05	1.645133e-02	-8.789066e+00
1.794000e-05	1.371155e-02	-8.557464e+00
1.795000e-05	1.104427e-02	-8.295229e+00
1.796000e-05	1.155522e-02	-8.053682e+00
1.797000e-05	8.506850e-03	-7.830091e+00
1.798000e-05	7.082934e-03	-7.502855e+00
1.799000e-05	7.829286e-03	-7.273826e+00
1.800000e-05	8.225476e-03	-7.029640e+00
1.801000e-05	8.850248e-03	-6.738935e+00
1.802000e-05	6.513623e-03	-6.495282e+00
1.803000e-05	4.925009e-03	-6.262120e+00
1.804000e-05	3.531285e-03	-5.957967e+00
1.805000e-05	2.244609e-03	-5.703757e+00
1.806000e-05	3.277150e-03	-5.391549e+00
1.807000e-05	7.450389e-04	-5.085866e+00
1.808000e-05	9.418522e-04	-4.801022e+00
1.809000e-05	2.830529e-03	-4.515863e+00
1.810000e-05	1.907599e-03	-4.305806e+00
1.811000e-05	1.129601e-03	-4.010170e+00
1.812000e-05	-2.747978e-03	-3.717856e+00
1.813000e-05	-1.959228e-03	-3.474725e+00
1.814000e-05	-4.290944e-03	-3.220566e+00
1.815000e-05	-1.988490e-03	-2.844233e+00
1.816000e-05	-6.064261e-03	-2.612073e+00
1.817000e-05	-1.837133e-03	-2.358462e+00
1.818000e-05	-4.219805e-03	-2.031074e+00
1.819000e-05	-2.170427e-03	-1.749469e+00
1.820000e-05	-6.009404e-03	-1.475286e+00
1.821000e-05	-6.698380e-03	-1.127387e+00
1.822000e-05	-7.561118e-03	-8.542078e-01
1.823000e-05	-6.796594e-03	-5.684936e-01
1.824000e-05	-6.823726e-03	-2.747319e-01
1.825000e-05	-4.897438e-03	-2.247764e-02
1.826000e-05	8.656748e-03	3.036866e-01
1.827000e-05	3.464614e-04	5.067919e-01
1.828000e-05	4.482445e-03	7.669984e-01
1.829000e-05	-1.714181e-03	1.043711e+00
1.830000e-05	2.814824e-04	1.336798e+00
1.831000e-05	-2.756242e-03	1.642788e+00
1.832000e-05	8.108094e-03	1.915263e+00
1.833000e-05	3.439251e-02	2.115718e+00
1.834000e-05	1.070357e-01	2.399484e+00
1.835000e-05	-1.025317e-02	2.758451e+00
1.836000e-05	-4.489621e-02	3.075189e+00
1.837000e-05	-3.301231e-02	3.357850e+00
1.838000e-05	-2.616456e-02	3.661633e+00
1.839000e-05	-7.046475e-02	3.883135e+00
1.840000e-05	-5.410110e-02	4.060628e+00
1.841000e-05	1.137338e-01	4.365872e+00
1.842000e-05	-7.748782e-02	4.622083e+00
1.843000e-05	4.282857e-02	4.873634e+00
1.844000e-05	8.547814e-02	5.190530e+00
1.845000e-05	-1.274911e-01	5.525865e+00
1.846000e-05	7.123917e-02	5.806346e+00
1.847000e-05	-7.096796e-02	6.082184e+00
1.848000e-05	4.457673e-02	6.312658e+00
1.849000e-05	-7.947268e-03	6.648428e+00
1.850000e-05	-4.039285e-02	6.841155e+00
1.851000e-05	3.292034e-02	7.094220e+00
1.852000e-05	-5.801290e-02	7.389425e+00
1.853000e-05	3.590077e-02	7.642133e+00
1.854000e-05	-7.269694e-02	7.966368e+00
1.855000e-05	2.787877e-02	8.180550e+00
1.856000e-05	-8.303878e-04	8.430577e+00
1.857000e-05	-2.710562e-02	8.650558e+00
1.858000e-05	1.088929e-02	8.862659e+00
1.859000e-05	-6.833496e-02	9.114243e+00
1.860000e-05	1.086272e-02	9.365892e+00
1.861000e-05	-2.907310e-02	9.598601e+00
1.862000e-05	7.376086e-03	9.819053e+00
1.863000e-05	-4.100232e-02	1.006005e+01
1.864000e-05	-9.612870e-03	1.027271e+01
1.865000e-05	-1.203300e-02	1.048229e+01
1.866000e-05	-2.998185e-02	1.070266e+01
1.867000e-05	-2.084305e-02	1.083374e+01
1.868000e-05	-4.220191e-02	1.110166e+01
1.869000e-05	-6.786732e-03	1.132321e+01
1.870000e-05	-2.971302e-02	1.147264e+01
1.871000e-05	-2.078154e-02	1.168366e+01
1.872000e-05	-4.733803e-02	1.192573e+01
1.873000e-05	-2.354079e-02	1.211218e+01
1.874000e-05	-2.679126e-02	1.228466e+01
1.875000e-05	-2.738349e-02	1.242968e+01
1.876000e-05	-4.180338e-02	1.256950e+01
1.877000e-05	-4.228509e-02	1.277794e+01
1.878000e-05	-3.021515e-02	1.293584e+01
1.879000e-05	-3.811827e-02	1.308368e+01
1.880000e-05	-4.099167e-02	1.323051e+01
1.881000e-05	-5.164514e-02	1.335857e+01
1.882000e-05	-3.373686e-02	1.353679e+01
1.883000e-05	-4.317980e-02	1.365323e+01
1.884000e-05	-4.576008e-02	1.379945e+01
1.885000e-05	-6.184138e-02	1.388631e+01
1.886000e-05	-5.155129e-02	1.407321e+01
1.887000e-05	-4.867834e-02	1.416950e+01
1.888000e-05	-5.098536e-02	1.431676e+01
1.889000e-05	-6.120288e-02	1.440165e+01
1.890000e-05	-6.482908e-02	1.448642e+01
1.891000e-05	-5.688279e-02	1.462908e+01
1.892000e-05	-6.228170e-02	1.468584e+01
1.893000e-05	-6.712057e-02	1.481805e+01
1.894000e-05	-7.676207e-02	1.490511e+01
1.895000e-05	-6.912949e-02	1.494729e+01
1.896000e-05	-7.088081e-02	1.499852e+01
1.897000e-05	-7.678320e-02	1.507268e+01
1.898000e-05	-8.906873e-02	1.515594e+01
1.899000e-05	-8.941099e-02	1.519847e+01
1.900000e-05	-8.356546e-02	1.522010e+01
1.901000e-05	-8.865911e-02	1.526318e+01
1.902000e-05	-9.754662e-02	1.530373e+01
1.903000e-05	-1.042307e-01	1.533536e+01
1.904000e-05	-1.013455e-01	1.535647e+01
1.905000e-05	-1.051490e-01	1.539847e+01
1.906000e-05	-1.137258e-01	1.538105e+01
1.907000e-05	-1.222325e-01	1.541847e+01
1.908000e-05	-1.239334e-01	1.541802e+01
1.909000e-05	-1.260768e-01	1.540947e+01
1.910000e-05	-1.366472e-01	1.544045e+01
1.911000e-05	-1.505508e-01	1.539747e+01
1.912000e-05	-1.595781e-01	1.533589e+01
1.913000e-05	-1.667638e-01	1.534578e+01
1.914000e-05	-1.822141e-01	1.529473e+01
1.915000e-05	-2.070725e-01	1.526020e+01
1.916000e-05	-2.337630e-01	1.524160e+01
1.917000e-05	-2.477961e-01	1.516800e+01
1.918000e-05	-2.500000e-01	1.512576e+01
1.919000e-05	-2.500000e-01	1.506173e+01
1.920000e-05	-2.500000e-01	1.496649e+01
1.921000e-05	-2.500000e-01	1.496534e+01
1.922000e-05	-2.500000e-01	1.486113e+01
1.923000e-05	-2.500000e-01	1.475789e+01
1.924000e-05	-2.487591e-01	1.470228e+01
1.925000e-05	-2.271575e-01	1.457852e+01
1.926000e-05	-1.946834e-01	1.446373e+01
1.927000e-05	-1.697937e-01	1.440852e+01
1.928000e-05	-1.540518e-01	1.427231e+01
1.929000e-05	-1.398055e-01	1.413744e+01
1.930000e-05	-1.245666e-01	1.400252e+01
1.931000e-05	-1.095779e-01	1.389481e+01
1.932000e-05	-1.024902e-01	1.376797e+01
1.933000e-05	-9.761509e-02	1.362262e+01
1.934000e-05	-8.952645e-02	1.351493e+01
1.935000e-05	-7.982613e-02	1.336841e+01
1.936000e-05	-7.429902e-02	1.314949e+01
1.937000e-05	-7.150768e-02	1.307221e+01
1.938000e-05	-6.898391e-02	1.286381e+01
1.939000e-05	-6.255884e-02	1.273689e+01
1.940000e-05	-5.834807e-02	1.257952e+01
1.941000e-05	-5.546130e-02	1.238005e+01
1.942000e-05	-5.598942e-02	1.224170e+01
1.943000e-05	-5.212077e-02	1.207271e+01
1.944000e-05	-4.856753e-02	1.185322e+01
1.945000e-05	-4.528297e-02	1.167481e+01
1.946000e-05	-4.693387e-02	1.146378e+01
1.947000e-05	-4.396221e-02	1.123225e+01
1.948000e-05	-4.140870e-02	1.101273e+01
1.949000e-05	-3.733960e-02	1.086368e+01
1.950000e-05	-3.857466e-02	1.066323e+01
1.951000e-05	-3.834535e-02	1.042378e+01
1.952000e-05	-3.592372e-02	1.021065e+01
1.953000e-05	-3.393124e-02	9.989050e+00
1.954000e-05	-3.310141e-02	9.761091e+00
1.955000e-05	-3.511689e-02	9.537019e+00
1.956000e-05	-3.232325e-02	9.318337e+00
1.957000e-05	-2.922999e-02	9.097336e+00
1.958000e-05	-2.780330e-02	8.873281e+00
1.959000e-05	-2.814852e-02	8.640199e+00
1.960000e-05	-2.836942e-02	8.401672e+00
1.961000e-05	-2.674994e-02	8.199516e+00
1.962000e-05	-2.536300e-02	7.896917e+00
1.963000e-05	-2.615778e-02	7.673704e+00
1.964000e-05	-2.648491e-02	7.401465e+00
1.965000e-05	-2.492277e-02	7.166339e+00
1.966000e-05	-2.233830e-02	6.885779e+00
1.967000e-05	-2.146877e-02	6.611619e+00
1.968000e-05	-2.285354e-02	6.317466e+00
1.969000e-05	-2.132464e-02	6.104807e+00
1.970000e-05	-2.036960e-02	5.843100e+00
1.971000e-05	-1.970192e-02	5.578892e+00
1.972000e-05	-2.117391e-02	5.295737e+00
1.973000e-05	-2.031100e-02	4.929967e+00
1.974000e-05	-1.825618e-02	4.663702e+00
1.975000e-05	-1.697656e-02	4.422549e+00
1.976000e-05	-1.552794e-02	4.156388e+00
1.977000e-05	-1.840882e-02	3.853675e+00
1.978000e-05	-1.647087e-02	3.600497e+00
1.979000e-05	-1.537864e-02	3.276283e+00
1.980000e-05	-1.523527e-02	3.022630e+00
1.981000e-05	-1.679270e-02	2.758990e+00
1.982000e-05	-1.559937e-02	2.423604e+00
1.983000e-05	-1.285032e-02	2.169917e+00
1.984000e-05	-1.102528e-02	1.885339e+00
1.985000e-05	-1.242085e-02	1.603146e+00
1.986000e-05	-1.376526e-02	1.304833e+00
1.987000e-05	-1.346415e-02	9.805687e-01
1.988000e-05	-1.155403e-02	6.957844e-01
1.989000e-05	-1.113730e-02	4.220777e-01
1.990000e-05	-9.704086e-03	6.531328e-02
1.991000e-05	-6.154433e-03	-1.473484e-01
1.992000e-05	8.442205e-03	-4.279012e-01
1.993000e-05	-3.947024e-03	-6.727620e-01
1.994000e-05	2.800465e-03	-9.568484e-01
1.995000e-05	-4.902972e-03	-1.249981e+00
1.996000e-05	2.031647e-03	-1.546874e+00
1.997000e-05	1.152359e-03	-1.747398e+00
1.998000e-05	3.144436e-02	-2.018426e+00
1.999000e-05	1.207807e-01	-2.243658e+00
2.000000e-05	1.313955e-02	-2.640058e+00
2.001000e-05	-4.261616e-02	-3.050536e+00
2.002000e-05	-1.578566e-02	-3.375347e+00
2.003000e-05	-3.804621e-02	-3.567897e+00
2.004000e-05	-8.953995e-02	-3.807486e+00
2.005000e-05	3.737651e-02	-3.968000e+00
2.006000e-05	1.068085e-01	-4.218900e+00
2.007000e-05	-1.566782e-01	-4.554322e+00
2.008000e-05	2.214409e-01	-4.759396e+00
2.009000e-05	-1.200887e-01	-5.100486e+00
2.010000e-05	5.200515e-02	-5.430532e+00
2.011000e-05	2.216395e-02	-5.629483e+00
2.012000e-05	-1.233316e-01	-5.966346e+00
2.013000e-05	1.881227e-01	-6.197448e+00
2.014000e-05	-1.140400e-01	-6.492108e+00
2.015000e-05	1.183456e-01	-6.737397e+00
2.016000e-05	-3.119838e-02	-6.956429e+00
2.017000e-05	-2.183359e-02	-7.354369e+00
2.018000e-05	8.397833e-02	-7.534320e+00
2.019000e-05	-9.131216e-02	-7.831609e+00
2.020000e-05	1.398489e-01	-8.082762e+00
2.021000e-05	-7.448068e-02	-8.275246e+00
2.022000e-05	8.257710e-02	-8.608450e+00
2.023000e-05	9.935401e-03	-8.827504e+00
2.024000e-05	-3.459610e-02	-9.063157e+00
2.025000e-05	6.843394e-02	-9.322206e+00
2.026000e-05	-4.691820e-02	-9.495293e+00
2.027000e-05	1.152337e-01	-9.706418e+00
2.028000e-05	-4.679469e-02	-9.966320e+00
2.029000e-05	8.383798e-02	-1.019754e+01
2.030000e-05	-2.843126e-02	-1.040853e+01
2.031000e-05	5.025285e-02	-1.066058e+01
2.032000e-05	1.786436e-02	-1.081853e+01
2.033000e-05	1.276229e-02	-1.110208e+01
2.034000e-05	4.777830e-02	-1.120002e+01
2.035000e-05	2.960667e-04	-1.151011e+01
2.036000e-05	6.810867e-02	-1.169206e+01
2.037000e-05	-9.703899e-03	-1.185371e+01
2.038000e-05	5.963022e-02	-1.205111e+01
2.039000e-05	3.386625e-03	-1.224158e+01
2.040000e-05	6.725251e-02	-1.245903e+01
2.041000e-05	1.532457e-02	-1.258799e+01
2.042000e-05	4.238771e-02	-1.275639e+01
2.043000e-05	2.391261e-02	-1.292381e+01
2.044000e-05	4.224097e-02	-1.309216e+01
2.045000e-05	4.409264e-02	-1.323853e+01
2.046000e-05	3.667292e-02	-1.339795e+01
2.047000e-05	5.063307e-02	-1.354373e+01
2.048000e-05	3.643717e-02	-1.366066e+01
2.049000e-05	5.764679e-02	-1.379707e+01
2.050000e-05	3.421988e-02	-1.394686e+01
2.051000e-05	5.094964e-02	-1.408115e+01
2.052000e-05	4.060395e-02	-1.418845e+01
2.053000e-05	6.265115e-02	-1.431329e+01
2.054000e-05	5.191745e-02	-1.444003e+01
2.055000e-05	5.817676e-02	-1.452628e+01
2.056000e-05	5.133633e-02	-1.459008e+01
2.057000e-05	6.428309e-02	-1.472589e+01
2.058000e-05	6.416971e-02	-1.483802e+01
2.059000e-05	6.554526e-02	-1.490076e+01
2.060000e-05	6.475400e-02	-1.497681e+01
2.061000e-05	6.903284e-02	-1.504065e+01
2.062000e-05	7.443919e-02	-1.508533e+01
2.063000e-05	7.202057e-02	-1.519587e+01
2.064000e-05	7.591463e-02	-1.522848e+01
2.065000e-05	7.834704e-02	-1.525016e+01
2.066000e-05	9.053282e-02	-1.528266e+01
2.067000e-05	8.897705e-02	-1.531579e+01
2.068000e-05	9.184877e-02	-1.537591e+01
2.069000e-05	9.049340e-02	-1.542957e+01
2.070000e-05	9.933129e-02	-1.540862e+01
2.071000e-05	1.039074e-01	-1.545109e+01
2.072000e-05	1.091561e-01	-1.544223e+01
2.073000e-05	1.119832e-01	-1.547213e+01
2.074000e-05	1.192459e-01	-1.546170e+01
2.075000e-05	1.282781e-01	-1.546918e+01
2.076000e-05	1.329882e-01	-1.546108e+01
2.077000e-05	1.392883e-01	-1.546205e+01
2.078000e-05	1.493949e-01	-1.539002e+01
2.079000e-05	1.656404e-01	-1.540849e+01
2.080000e-05	1.831273e-01	-1.535376e+01
2.081000e-05	2.042174e-01	-1.529221e+01
2.082000e-05	2.297020e-01	-1.524155e+01
2.083000e-05	2.465125e-01	-1.518800e+01
2.084000e-05	2.500000e-01	-1.514696e+01
2.085000e-05	2.500000e-01	-1.513426e+01
2.086000e-05	2.500000e-01	-1.502910e+01
2.087000e-05	2.500000e-01	-1.496536e+01
2.088000e-05	2.500000e-01	-1.489118e+01
2.089000e-05	2.500000e-01	-1.482705e+01
2.090000e-05	2.373846e-01	-1.472433e+01
2.091000e-05	2.079365e-01	-1.464162e+01
2.092000e-05	1.810945e-01	-1.454528e+01
2.093000e-05	1.599286e-01	-1.442905e+01
2.094000e-05	1.404075e-01	-1.432485e+01
2.095000e-05	1.247669e-01	-1.423904e+01
2.096000e-05	1.099390e-01	-1.405321e+01
2.097000e-05	1.009610e-01	-1.397488e+01
2.098000e-05	9.068712e-02	-1.379947e+01
2.099000e-05	8.199399e-02	-1.365263e+01
2.100000e-05	7.494861e-02	-1.351438e+01
2.101000e-05	6.908321e-02	-1.337702e+01
2.102000e-05	6.519451e-02	-1.318955e+01
2.103000e-05	5.934589e-02	-1.307325e+01
2.104000e-05	5.404228e-02	-1.294743e+01
2.105000e-05	4.988748e-02	-1.273746e+01
2.106000e-05	4.752506e-02	-1.264962e+01
2.107000e-05	4.473377e-02	-1.245005e+01
2.108000e-05	4.064478e-02	-1.230273e+01
2.109000e-05	3.802751e-02	-1.203328e+01
2.110000e-05	3.620087e-02	-1.186426e+01
2.111000e-05	3.367636e-02	-1.167275e+01
2.112000e-05	3.163017e-02	-1.144260e+01
2.113000e-05	2.863863e-02	-1.128213e+01
2.114000e-05	2.787646e-02	-1.105160e+01
2.115000e-05	2.729949e-02	-1.083158e+01
2.116000e-05	2.659888e-02	-1.064267e+01
2.117000e-05	2.182377e-02	-1.045218e+01
2.118000e-05	2.106774e-02	-1.024954e+01
2.119000e-05	1.938161e-02	-9.977046e+00
2.120000e-05	1.964549e-02	-9.788464e+00
2.121000e-05	1.757247e-02	-9.576914e+00
2.122000e-05	1.657591e-02	-9.337335e+00
2.123000e-05	1.616564e-02	-9.074730e+00
2.124000e-05	1.455523e-02	-8.894254e+00
2.125000e-05	1.377188e-02	-8.652077e+00
2.126000e-05	1.147474e-02	-8.398018e+00
2.127000e-05	1.127280e-02	-8.157416e+00
2.128000e-05	1.085304e-02	-7.926156e+00
2.129000e-05	1.048923e-02	-7.621046e+00
2.130000e-05	8.791528e-03	-7.347916e+00
2.131000e-05	7.682228e-03	-7.145183e+00
2.132000e-05	5.856735e-03	-6.841128e+00
2.133000e-05	5.892798e-03	-6.578571e+00
2.134000e-05	5.136476e-03	-6.324891e+00
2.135000e-05	5.010573e-03	-6.063224e+00
2.136000e-05	2.576059e-03	-5.819545e+00
2.137000e-05	4.282795e-03	-5.537437e+00
2.138000e-05	1.565461e-03	-5.231146e+00
2.139000e-05	1.890156e-03	-4.936887e+00
2.140000e-05	1.103682e-03	-4.629500e+00
2.141000e-05	1.527703e-03	-4.398520e+00
2.142000e-05	1.078606e-03	-4.107337e+00
2.143000e-05	-1.101592e-03	-3.872573e+00
2.144000e-05	-1.621138e-03	-3.547341e+00
2.145000e-05	-3.393079e-03	-3.275756e+00
2.146000e-05	-1.735197e-03	-3.039073e+00
2.147000e-05	-4.692230e-03	-2.738308e+00
2.148000e-05	-2.831907e-03	-2.473174e+00
2.149000e-05	-4.076186e-03	-2.116387e+00
2.150000e-05	-2.057186e-03	-1.885257e+00
2.151000e-05	-7.340749e-03	-1.621541e+00
2.152000e-05	-5.578476e-03	-1.232731e+00
2.153000e-05	-8.666587e-03	-9.799110e-01
2.154000e-05	-5.125918e-03	-6.452795e-01
2.155000e-05	-5.651295e-03	-3.484473e-01
2.156000e-05	-2.810926e-03	-1.057858e-01
2.157000e-05	4.146082e-03	1.474071e-01
2.158000e-05	5.642836e-03	4.420605e-01
2.159000e-05	-2.175055e-03	6.941382e-01
2.160000e-05	1.239611e-03	1.016395e+00
2.161000e-05	-4.809436e-03	1.271112e+00
2.162000e-05	2.425514e-03	1.536294e+00
2.163000e-05	1.563735e-03	1.841607e+00
2.164000e-05	2.421626e-02	2.042607e+00
2.165000e-05	8.497151e-02	2.304867e+00
2.166000e-05	5.813989e-02	2.662537e+00
2.167000e-05	-6.164711e-02	2.975898e+00
2.168000e-05	-2.765099e-02	3.249006e+00
2.169000e-05	-3.800929e-02	3.546822e+00
2.170000e-05	-3.948144e-02	3.778401e+00
2.171000e-05	-8.579612e-02	3.987954e+00
2.172000e-05	5.753069e-02	4.231058e+00
2.173000e-05	4.041262e-02	4.557371e+00
2.174000e-05	-9.323636e-02	4.766953e+00
2.175000e-05	1.792689e-01	5.081565e+00
2.176000e-05	-1.303304e-01	5.441454e+00
2.177000e-05	2.809153e-02	5.682482e+00
2.178000e-05	-1.668208e-02	5.967372e+00
2.179000e-05	-2.186753e-02	6.195952e+00
2.180000e-05	5.272904e-02	6.502663e+00
2.181000e-05	-7.315228e-02	6.757374e+00
2.182000e-05	4.313609e-02	6.990499e+00
2.183000e-05	-5.031681e-02	7.323614e+00
2.184000e-05	1.736351e-02	7.546396e+00
2.185000e-05	-3.778268e-02	7.880157e+00
2.186000e-05	-2.110068e-02	8.055289e+00
2.187000e-05	3.306125e-02	8.336819e+00
2.188000e-05	-3.680340e-02	8.566348e+00
2.189000e-05	1.044898e-02	8.777875e+00
2.190000e-05	-4.536163e-02	9.021109e+00
2.191000e-05	-2.619140e-02	9.242107e+00
2.192000e-05	1.803393e-04	9.474240e+00
2.193000e-05	-1.519613e-02	9.715761e+00
2.194000e-05	-1.349769e-02	9.947292e+00
2.195000e-05	-3.506137e-02	1.019687e+01
2.196000e-05	1.612278e-03	1.043793e+01
2.197000e-05	-2.999007e-02	1.059895e+01
2.198000e-05	-2.392773e-02	1.079850e+01
2.199000e-05	-3.570573e-02	1.101895e+01
2.200000e-05	-2.411741e-02	1.122905e+01
2.201000e-05	-1.224971e-02	1.143195e+01
2.202000e-05	-3.118605e-02	1.164901e+01
2.203000e-05	-3.366532e-02	1.184115e+01
2.204000e-05	-3.719351e-02	1.203008e+01
2.205000e-05	-1.929352e-02	1.222948e+01
2.206000e-05	-2.715040e-02	1.235602e+01
2.207000e-05	-3.774494e-02	1.251689e+01
2.208000e-05	-4.403809e-02	1.274521e+01
2.209000e-05	-3.563715e-02	1.290316e+01
2.210000e-05	-3.180150e-02	1.302105e+01
2.211000e-05	-4.332308e-02	1.322745e+01
2.212000e-05	-4.716212e-02	1.332621e+01
2.213000e-05	-4.028027e-02	1.345373e+01
2.214000e-05	-3.488912e-02	1.360110e+01
2.215000e-05	-4.502169e-02	1.376732e+01
2.216000e-05	-5.790280e-02	1.389525e+01
2.217000e-05	-5.699537e-02	1.403102e+01
2.218000e-05	-4.956613e-02	1.416590e+01
2.219000e-05	-4.846693e-02	1.425326e+01
2.220000e-05	-5.883106e-02	1.440000e+01
2.221000e-05	-6.410637e-02	1.452381e+01
2.222000e-05	-5.810246e-02	1.461897e+01
2.223000e-05	-5.788318e-02	1.467326e+01
2.224000e-05	-6.398070e-02	1.475689e+01
2.225000e-05	-7.562363e-02	1.482064e+01
2.226000e-05	-7.171121e-02	1.489421e+01
2.227000e-05	-6.940109e-02	1.498739e+01
2.228000e-05	-7.467181e-02	1.500260e+01
2.229000e-05	-8.708095e-02	1.511438e+01
2.230000e-05	-8.929094e-02	1.515747e+01
2.231000e-05	-8.507428e-02	1.522002e+01
2.232000e-05	-8.459247e-02	1.523958e+01
2.233000e-05	-9.267485e-02	1.528271e+01
2.234000e-05	-1.025073e-01	1.534576e+01
2.235000e-05	-1.016227e-01	1.535586e+01
2.236000e-05	-1.032141e-01	1.538684e+01
2.237000e-05	-1.101798e-01	1.539840e+01
2.238000e-05	-1.216738e-01	1.540008e+01
2.239000e-05	-1.242249e-01	1.541060e+01
2.240000e-05	-1.243054e-01	1.537000e+01
2.241000e-05	-1.304580e-01	1.539847e+01
2.242000e-05	-1.447999e-01	1.537792e+01
2.243000e-05	-1.568671e-01	1.534752e+01
2.244000e-05	-1.636090e-01	1.533631e+01
2.245000e-05	-1.757541e-01	1.530426e+01
2.246000e-05	-1.966796e-01	1.529365e+01
2.247000e-05	-2.252348e-01	1.524162e+01
2.248000e-05	-2.436920e-01	1.520760e+01
2.249000e-05	-2.499945e-01	1.513636e+01
2.250000e-05	-2.500000e-01	1.509221e+01
2.251000e-05	-2.500000e-01	1.498162e+01
2.252000e-05	-2.500000e-01	1.493644e+01
2.253000e-05	-2.500000e-01	1.487311e+01
2.254000e-05	-2.500000e-01	1.475007e+01
2.255000e-05	-2.499995e-01	1.470531e+01
2.256000e-05	-2.382109e-01	1.462218e+01
2.257000e-05	-2.067156e-01	1.451688e+01
2.258000e-05	-1.782072e-01	1.442965e+01
2.259000e-05	-1.586228e-01	1.434386e+01
2.260000e-05	-1.459769e-01	1.419905e+01
2.261000e-05	-1.307152e-01	1.405223e+01
2.262000e-05	-1.155848e-01	1.396841e+01
2.263000e-05	-1.041099e-01	1.384010e+01
2.264000e-05	-9.813000e-02	1.364323e+01
2.265000e-05	-9.258415e-02	1.355491e+01
2.266000e-05	-8.335516e-02	1.341114e+01
2.267000e-05	-7.581376e-02	1.319315e+01
2.268000e-05	-7.194295e-02	1.308531e+01
2.269000e-05	-7.062297e-02	1.298799e+01
2.270000e-05	-6.556915e-02	1.280052e+01
2.271000e-05	-6.009557e-02	1.261318e+01
2.272000e-05	-5.547567e-02	1.247413e+01
2.273000e-05	-5.683571e-02	1.233478e+01
2.274000e-05	-5.474231e-02	1.213646e+01
2.275000e-05	-5.031977e-02	1.192700e+01
2.276000e-05	-4.484927e-02	1.175742e+01
2.277000e-05	-4.507926e-02	1.154949e+01
2.278000e-05	-4.540331e-02	1.129743e+01
2.279000e-05	-4.308463e-02	1.108534e+01
2.280000e-05	-3.915345e-02	1.093596e+01
2.281000e-05	-3.839619e-02	1.072736e+01
2.282000e-05	-3.931281e-02	1.053738e+01
2.283000e-05	-3.803205e-02	1.033331e+01
2.284000e-05	-3.445877e-02	1.007534e+01
2.285000e-05	-3.215923e-02	9.874154e+00
2.286000e-05	-3.259793e-02	9.631669e+00
2.287000e-05	-3.335630e-02	9.450572e+00
2.288000e-05	-3.064146e-02	9.170546e+00
2.289000e-05	-2.846255e-02	8.990539e+00
2.290000e-05	-2.852044e-02	8.736835e+00
2.291000e-05	-2.888028e-02	8.485312e+00
2.292000e-05	-2.833643e-02	8.293807e+00
2.293000e-05	-2.440708e-02	7.981176e+00
2.294000e-05	-2.402969e-02	7.749041e+00
2.295000e-05	-2.467419e-02	7.495813e+00
2.296000e-05	-2.545126e-02	7.211074e+00
2.297000e-05	-2.350516e-02	6.989448e+00
2.298000e-05	-2.101820e-02	6.707364e+00
2.299000e-05	-2.195309e-02	6.462702e+00
2.300000e-05	-2.241761e-02	6.190072e+00
2.301000e-05	-2.094598e-02	5.977940e+00
2.302000e-05	-1.989428e-02	5.674778e+00
2.303000e-05	-1.978306e-02	5.401045e+00
2.304000e-05	-2.069307e-02	5.097330e+00
2.305000e-05	-1.980066e-02	4.778369e+00
2.306000e-05	-1.792603e-02	4.496311e+00
2.307000e-05	-1.697860e-02	4.223124e+00
2.308000e-05	-1.737428e-02	3.948917e+00
2.309000e-05	-1.837040e-02	3.674229e+00
2.310000e-05	-1.691338e-02	3.401670e+00
2.311000e-05	-1.446417e-02	3.075862e+00
2.312000e-05	-1.557757e-02	2.874627e+00
2.313000e-05	-1.536901e-02	2.499467e+00
2.314000e-05	-1.495540e-02	2.264254e+00
2.315000e-05	-1.278257e-02	1.999023e+00
2.316000e-05	-1.347179e-02	1.748313e+00
2.317000e-05	-1.317674e-02	1.372126e+00
2.318000e-05	-1.326493e-02	1.096860e+00
2.319000e-05	-1.177984e-02	7.898976e-01
2.320000e-05	-1.046524e-02	5.048620e-01
2.321000e-05	-1.020979e-02	2.242278e-01
2.322000e-05	-8.610588e-03	-4.158408e-02
2.323000e-05	2.751443e-03	-3.457132e-01
2.324000e-05	1.830444e-03	-5.873746e-01
2.325000e-05	-4.159613e-04	-8.716090e-01
2.326000e-05	-5.617390e-04	-1.096316e+00
2.327000e-05	3.129245e-05	-1.459987e+00
2.328000e-05	-4.713896e-05	-1.702688e+00
2.329000e-05	1.704434e-02	-1.935791e+00
2.330000e-05	8.328682e-02	-2.166218e+00
2.331000e-05	9.138071e-02	-2.473120e+00
2.332000e-05	-6.332283e-02	-2.943647e+00
2.333000e-05	-1.349540e-04	-3.281684e+00
2.334000e-05	-4.708528e-02	-3.502716e+00
2.335000e-05	-4.630281e-02	-3.705190e+00
2.336000e-05	-7.715166e-02	-3.944842e+00
2.337000e-05	1.862885e-01	-4.113761e+00
2.338000e-05	-1.508972e-01	-4.407900e+00
2.339000e-05	1.068223e-01	-4.683238e+00
2.340000e-05	4.576802e-02	-4.953217e+00
2.341000e-05	-1.160756e-01	-5.362193e+00
2.342000e-05	1.582703e-01	-5.554895e+00
2.343000e-05	-1.889269e-01	-5.810134e+00
2.344000e-05	1.359655e-01	-6.124762e+00
2.345000e-05	-8.703209e-03	-6.325846e+00
2.346000e-05	-7.090586e-03	-6.682683e+00
2.347000e-05	9.929771e-02	-6.894312e+00
2.348000e-05	-1.156064e-01	-7.238528e+00
2.349000e-05	1.267068e-01	-7.481159e+00
2.350000e-05	-8.597431e-02	-7.733268e+00
2.351000e-05	7.956746e-02	-8.029529e+00
2.352000e-05	2.160369e-02	-8.229580e+00
2.353000e-05	-2.607696e-02	-8.552632e+00
2.354000e-05	1.103561e-01	-8.755367e+00
2.355000e-05	-9.453777e-02	-8.986871e+00
2.356000e-05	9.241568e-02	-9.239496e+00
2.357000e-05	-5.222445e-02	-9.439029e+00
2.358000e-05	8.684632e-02	-9.691657e+00
2.359000e-05	5.911640e-03	-9.882657e+00
2.360000e-05	2.394911e-02	-1.014538e+01
2.361000e-05	3.821717e-02	-1.034329e+01
2.362000e-05	-1.649117e-02	-1.057637e+01
2.363000e-05	7.452694e-02	-1.074587e+01
2.364000e-05	-2.934131e-02	-1.095784e+01
2.365000e-05	7.533576e-02	-1.114679e+01
2.366000e-05	-1.588402e-02	-1.137544e+01
2.367000e-05	7.149389e-02	-1.156887e+01
2.368000e-05	9.520405e-05	-1.177693e+01
2.369000e-05	4.289127e-02	-1.198797e+01
2.370000e-05	2.036132e-02	-1.213487e+01
2.371000e-05	4.217134e-02	-1.235479e+01
2.372000e-05	4.357652e-02	-1.254481e+01
2.373000e-05	1.936725e-02	-1.266419e+01
2.374000e-05	4.350494e-02	-1.285106e+01
2.375000e-05	2.038657e-02	-1.301900e+01
2.376000e-05	5.904872e-02	-1.317587e+01
2.377000e-05	2.498720e-02	-1.333383e+01
2.378000e-05	5.720401e-02	-1.349161e+01
2.379000e-05	3.215415e-02	-1.360898e+01
2.380000e-05	5.865645e-02	-1.369737e+01
2.381000e-05	3.628790e-02	-1.392214e+01
2.382000e-05	4.670852e-02	-1.402902e+01
2.383000e-05	4.073130e-02	-1.414679e+01
2.384000e-05	5.538919e-02	-1.425971e+01
2.385000e-05	5.604505e-02	-1.442592e+01
2.386000e-05	5.400540e-02	-1.448324e+01
2.387000e-05	5.573042e-02	-1.456744e+01
2.388000e-05	5.718422e-02	-1.470171e+01
2.389000e-05	6.748077e-02	-1.479739e+01
2.390000e-05	6.131483e-02	-1.486218e+01
2.391000e-05	6.727921e-02	-1.493519e+01
2.392000e-05	6.381105e-02	-1.500805e+01
2.393000e-05	7.528270e-02	-1.509265e+01
2.394000e-05	6.996093e-02	-1.515636e+01
2.395000e-05	7.660958e-02	-1.520895e+01
2.396000e-05	7.524207e-02	-1.527055e+01
2.397000e-05	8.759426e-02	-1.527219e+01
2.398000e-05	8.949329e-02	-1.532534e+01
2.399000e-05	9.148231e-02	-1.531689e+01
2.400000e-05	9.113765e-02	-1.537944e+01
2.401000e-05	9.610273e-02	-1.543863e+01
2.402000e-05	1.031500e-01	-1.538057e+01
2.403000e-05	1.060713e-01	-1.548323e+01
2.404000e-05	1.113944e-01	-1.543223e+01
2.405000e-05	1.154353e-01	-1.548073e+01
2.406000e-05	1.261672e-01	-1.546062e+01
2.407000e-05	1.309118e-01	-1.542117e+01
2.408000e-05	1.383903e-01	-1.542067e+01
2.409000e-05	1.449165e-01	-1.541207e+01
2.410000e-05	1.596134e-01	-1.534804e+01
2.411000e-05	1.761200e-01	-1.532484e+01
2.412000e-05	1.967271e-01	-1.531168e+01
2.413000e-05	2.184368e-01	-1.526120e+01
2.414000e-05	2.409450e-01	-1.522802e+01
2.415000e-05	2.499800e-01	-1.516694e+01
2.416000e-05	2.500000e-01	-1.511434e+01
2.417000e-05	2.500000e-01	-1.503115e+01
2.418000e-05	2.500000e-01	-1.496699e+01
2.419000e-05	2.500000e-01	-1.492428e+01
2.420000e-05	2.500000e-01	-1.483057e+01
2.421000e-05	2.457204e-01	-1.476541e+01
2.422000e-05	2.197842e-01	-1.469213e+01
2.423000e-05	1.901358e-01	-1.454649e+01
2.424000e-05	1.687911e-01	-1.442200e+01
2.425000e-05	1.494214e-01	-1.434586e+01
2.426000e-05	1.298239e-01	-1.426060e+01
2.427000e-05	1.143053e-01	-1.412523e+01
2.428000e-05	1.035019e-01	-1.396799e+01
2.429000e-05	9.511652e-02	-1.385166e+01
2.430000e-05	8.577331e-02	-1.375236e+01
2.431000e-05	7.710275e-02	-1.354744e+01
2.432000e-05	7.133361e-02	-1.345157e+01
2.433000e-05	6.734080e-02	-1.328273e+01
2.434000e-05	6.180373e-02	-1.318689e+01
2.435000e-05	5.514844e-02	-1.299944e+01
2.436000e-05	5.032906e-02	-1.277008e+01
2.437000e-05	4.925457e-02	-1.270115e+01
2.438000e-05	4.731383e-02	-1.248583e+01
2.439000e-05	4.226226e-02	-1.233434e+01
2.440000e-05	3.854127e-02	-1.216642e+01
2.441000e-05	3.623448e-02	-1.193991e+01
2.442000e-05	3.512372e-02	-1.174846e+01
2.443000e-05	3.143980e-02	-1.154641e+01
2.444000e-05	2.939863e-02	-1.131488e+01
2.445000e-05	2.747835e-02	-1.110430e+01
2.446000e-05	2.787583e-02	-1.088471e+01
2.447000e-05	2.729255e-02	-1.072673e+01
2.448000e-05	2.325925e-02	-1.051531e+01
2.449000e-05	2.082496e-02	-1.030373e+01
2.450000e-05	2.046827e-02	-1.007278e+01
2.451000e-05	1.940801e-02	-9.853049e+00
2.452000e-05	1.832155e-02	-9.681703e+00
2.453000e-05	1.674225e-02	-9.421068e+00
2.454000e-05	1.642296e-02	-9.178491e+00
2.455000e-05	1.485174e-02	-8.958469e+00
2.456000e-05	1.426939e-02	-8.705364e+00
2.457000e-05	1.221812e-02	-8.495730e+00
2.458000e-05	1.199531e-02	-8.252174e+00
2.459000e-05	1.077571e-02	-8.051097e+00
2.460000e-05	1.032245e-02	-7.754884e+00
2.461000e-05	8.492019e-03	-7.473124e+00
2.462000e-05	8.251925e-03	-7.229571e+00
2.463000e-05	6.837156e-03	-6.925915e+00
2.464000e-05	6.486919e-03	-6.694256e+00
2.465000e-05	4.997157e-03	-6.451070e+00
2.466000e-05	4.784356e-03	-6.128441e+00
2.467000e-05	3.149961e-03	-5.895305e+00
2.468000e-05	4.227897e-03	-5.619673e+00
2.469000e-05	2.280944e-03	-5.366912e+00
2.470000e-05	1.609162e-03	-5.042125e+00
2.471000e-05	1.327054e-03	-4.726285e+00
2.472000e-05	2.291626e-03	-4.452200e+00
2.473000e-05	4.817318e-04	-4.231099e+00
2.474000e-05	-1.185374e-03	-3.928915e+00
2.475000e-05	-2.397465e-03	-3.632627e+00
2.476000e-05	-1.738141e-03	-3.382969e+00
2.477000e-05	-2.768290e-03	-3.107885e+00
2.478000e-05	-3.129081e-03	-2.801646e+00
2.479000e-05	-3.195447e-03	-2.507342e+00
2.480000e-05	-2.245996e-03	-2.284724e+00
2.481000e-05	-3.154429e-03	-1.948441e+00
2.482000e-05	-4.359876e-03	-1.705787e+00
2.483000e-05	-5.154241e-03	-1.377497e+00
2.484000e-05	-7.286947e-03	-1.063730e+00
2.485000e-05	-6.067418e-03	-8.119263e-01
2.486000e-05	-6.339974e-03	-4.941842e-01
2.487000e-05	-5.263264e-03	-2.426054e-01
2.488000e-05	-2.269663e-03	4.318545e-02
2.489000e-05	1.019118e-02	3.373722e-01
2.490000e-05	-1.778336e-03	5.574548e-01
2.491000e-05	6.007359e-03	8.625579e-01
2.492000e-05	-2.841556e-03	1.146924e+00
2.493000e-05	1.563833e-03	1.428979e+00
2.494000e-05	-2.989134e-03	1.688423e+00
2.495000e-05	1.366162e-02	1.958348e+00
2.496000e-05	5.183801e-02	2.178951e+00
2.497000e-05	1.029584e-01	2.516666e+00
2.498000e-05	-4.162602e-02	2.891158e+00
2.499000e-05	-3.295320e-02	3.135371e+00
2.500000e-05	-3.779313e-02	3.419480e+00
2.501000e-05	-2.448863e-02	3.703714e+00
2.502000e-05	-8.637441e-02	3.905269e+00
2.503000e-05	-1.748873e-02	4.134218e+00
2.504000e-05	1.131641e-01	4.440629e+00
2.505000e-05	-1.238250e-01	4.694747e+00
2.506000e-05	1.318945e-01	4.935770e+00
2.507000e-05	-1.425811e-02	5.325215e+00
2.508000e-05	-7.307965e-02	5.547800e+00
2.509000e-05	5.307960e-02	5.841582e+00
2.510000e-05	-7.230705e-02	6.164314e+00
2.511000e-05	6.637807e-02	6.316846e+00
2.512000e-05	-4.882732e-02	6.661108e+00
2.513000e-05	-1.234295e-03	6.914266e+00
2.514000e-05	1.663532e-03	7.168845e+00
2.515000e-05	-3.306909e-02	7.441158e+00
2.516000e-05	1.729859e-02	7.747765e+00
2.517000e-05	-6.616386e-02	7.998007e+00
2.518000e-05	4.070153e-02	8.292636e+00
2.519000e-05	-2.234734e-02	8.493734e+00
2.520000e-05	-1.175605e-02	8.694741e+00
2.521000e-05	-5.306584e-03	8.976865e+00
2.522000e-05	-6.165536e-02	9.168400e+00
2.523000e-05	1.934893e-02	9.438420e+00
2.524000e-05	-3.249635e-02	9.660074e+00
2.525000e-05	7.878837e-03	9.852088e+00
2.526000e-05	-4.742202e-02	1.011328e+01
2.527000e-05	5.133171e-05	1.030366e+01
2.528000e-05	-2.102734e-02	1.051581e+01
2.529000e-05	-2.767861e-02	1.071579e+01
2.530000e-05	-2.489714e-02	1.093579e+01
2.531000e-05	-3.967347e-02	1.114532e+01
2.532000e-05	-3.637466e-03	1.133539e+01
2.533000e-05	-3.506207e-02	1.155534e+01
2.534000e-05	-2.192824e-02	1.171482e+01
2.535000e-05	-4.958481e-02	1.194682e+01
2.536000e-05	-1.845380e-02	1.216579e+01
2.537000e-05	-2.876204e-02	1.229383e+01
2.538000e-05	-2.949309e-02	1.247419e+01
2.539000e-05	-4.320824e-02	1.265066e+01
2.540000e-05	-4.038110e-02	1.282062e+01
2.541000e-05	-2.781767e-02	1.297687e+01
2.542000e-05	-4.125075e-02	1.315429e+01
2.543000e-05	-4.282893e-02	1.327106e+01
2.544000e-05	-5.094146e-02	1.342958e+01
2.545000e-05	-3.276782e-02	1.355847e+01
2.546000e-05	-4.340053e-02	1.372529e+01
2.547000e-05	-4.897043e-02	1.383115e+01
2.548000e-05	-5.859504e-02	1.394734e+01
2.549000e-05	-5.040380e-02	1.410286e+01
2.550000e-05	-4.747935e-02	1.426958e+01
2.551000e-05	-5.549546e-02	1.436789e+01
2.552000e-05	-6.382790e-02	1.448118e+01
2.553000e-05	-6.479657e-02	1.456739e+01
2.554000e-05	-5.525929e-02	1.463008e+01
2.555000e-05	-6.225593e-02	1.473692e+01
2.556000e-05	-6.771803e-02	1.482010e+01
2.557000e-05	-7.558458e-02	1.489226e+01
2.558000e-05	-6.872762e-02	1.492794e+01
2.559000e-05	-7.240360e-02	1.499908e+01
2.560000e-05	-8.136484e-02	1.510228e+01
2.561000e-05	-9.067060e-02	1.516591e+01
2.562000e-05	-8.780756e-02	1.517757e+01
2.563000e-05	-8.284128e-02	1.524158e+01
2.564000e-05	-8.959670e-02	1.529271e+01
2.565000e-05	-9.989478e-02	1.526529e+01
2.566000e-05	-1.043631e-01	1.531486e+01
2.567000e-05	-1.022648e-01	1.534734e+01
2.568000e-05	-1.071741e-01	1.539600e+01
2.569000e-05	-1.183332e-01	1.540852e+01
2.570000e-05	-1.236191e-01	1.536852e+01
2.571000e-05	-1.251679e-01	1.539754e+01
2.572000e-05	-1.262880e-01	1.540094e+01
2.573000e-05	-1.394715e-01	1.539997e+01
2.574000e-05	-1.530850e-01	1.537737e+01
2.575000e-05	-1.619546e-01	1.533834e+01
2.576000e-05	-1.697679e-01	1.532429e+01
2.577000e-05	-1.876071e-01	1.525523e+01
2.578000e-05	-2.146081e-01	1.523218e+01
2.579000e-05	-2.393058e-01	1.520850e+01
2.580000e-05	-2.493334e-01	1.515539e+01
2.581000e-05	-2.500000e-01	1.511228e+01
2.582000e-05	-2.500000e-01	1.505012e+01
2.583000e-05	-2.500000e-01	1.496747e+01
2.584000e-05	-2.500000e-01	1.490371e+01
2.585000e-05	-2.500000e-01	1.479913e+01
2.586000e-05	-2.500000e-01	1.471691e+01
2.587000e-05	-2.457244e-01	1.465166e+01
2.588000e-05	-2.187366e-01	1.457697e+01
2.589000e-05	-1.880362e-01	1.445278e+01
2.590000e-05	-1.653477e-01	1.435147e+01
2.591000e-05	-1.507054e-01	1.421963e+01
2.592000e-05	-1.361775e-01	1.413339e+01
2.593000e-05	-1.204550e-01	1.395907e+01
2.594000e-05	-1.070482e-01	1.391118e+01
2.595000e-05	-1.008336e-01	1.373586e+01
2.596000e-05	-9.569158e-02	1.358705e+01
2.597000e-05	-8.684579e-02	1.346270e+01
2.598000e-05	-7.807514e-02	1.331536e+01
2.599000e-05	-7.285578e-02	1.314652e+01
2.600000e-05	-7.139270e-02	1.299915e+01
2.601000e-05	-6.869434e-02	1.285221e+01
2.602000e-05	-6.113250e-02	1.265378e+01
2.603000e-05	-5.698490e-02	1.252889e+01
2.604000e-05	-5.662635e-02	1.236695e+01
2.605000e-05	-5.558684e-02	1.222057e+01
2.606000e-05	-5.056598e-02	1.205203e+01
2.607000e-05	-4.687666e-02	1.185015e+01
2.608000e-05	-4.516114e-02	1.161052e+01
2.609000e-05	-4.623545e-02	1.138220e+01
2.610000e-05	-4.365451e-02	1.121162e+01
2.611000e-05	-4.016535e-02	1.100155e+01
2.612000e-05	-3.748605e-02	1.080209e+01
2.613000e-05	-3.858010e-02	1.064109e+01
2.614000e-05	-3.797959e-02	1.037054e+01
2.615000e-05	-3.520120e-02	1.019902e+01
2.616000e-05	-3.308662e-02	9.987962e+00
2.617000e-05	-3.306737e-02	9.727311e+00
2.618000e-05	-3.353123e-02	9.494305e+00
2.619000e-05	-3.110139e-02	9.274303e+00
2.620000e-05	-2.866111e-02	9.081234e+00
2.621000e-05	-2.780384e-02	8.851647e+00
2.622000e-05	-2.962277e-02	8.570569e+00
2.623000e-05	-2.834092e-02	8.368466e+00
2.624000e-05	-2.612359e-02	8.106334e+00
2.625000e-05	-2.466610e-02	7.852203e+00
2.626000e-05	-2.512066e-02	7.612519e+00
2.627000e-05	-2.567154e-02	7.316386e+00
2.628000e-05	-2.475025e-02	7.092177e+00
2.629000e-05	-2.153554e-02	6.861599e+00
2.630000e-05	-2.180252e-02	6.538366e+00
2.631000e-05	-2.282340e-02	6.294433e+00
2.632000e-05	-2.191350e-02	6.023129e+00
2.633000e-05	-2.010398e-02	5.818515e+00
2.634000e-05	-1.920122e-02	5.557328e+00
2.635000e-05	-2.048353e-02	5.211173e+00
2.636000e-05	-2.073183e-02	4.903762e+00
2.637000e-05	-1.928730e-02	4.589525e+00
2.638000e-05	-1.754564e-02	4.366365e+00
2.639000e-05	-1.727121e-02	4.032707e+00
2.640000e-05	-1.705675e-02	3.750021e+00
2.641000e-05	-1.684703e-02	3.566386e+00
2.642000e-05	-1.527763e-02	3.201625e+00
2.643000e-05	-1.634612e-02	2.948912e+00
2.644000e-05	-1.618295e-02	2.717284e+00
2.645000e-05	-1.569211e-02	2.339045e+00
2.646000e-05	-1.373553e-02	2.076809e+00
2.647000e-05	-1.368986e-02	1.903729e+00
2.648000e-05	-1.269262e-02	1.527989e+00
2.649000e-05	-1.307104e-02	1.243652e+00
2.650000e-05	-1.132323e-02	9.063358e-01
2.651000e-05	-1.058029e-02	6.410516e-01
2.652000e-05	-1.083080e-02	3.304147e-01
2.653000e-05	-9.612386e-03	3.320507e-02
2.654000e-05	-3.748316e-03	-2.285101e-01
2.655000e-05	7.493085e-03	-4.416115e-01
2.656000e-05	-4.980698e-03	-7.783449e-01
2.657000e-05	2.332389e-03	-1.040481e+00
2.658000e-05	-4.504811e-03	-1.304641e+00
2.659000e-05	3.516022e-03	-1.619480e+00
2.660000e-05	5.720870e-03	-1.848509e+00
2.661000e-05	4.738194e-02	-2.070529e+00
2.662000e-05	1.263439e-01	-2.375851e+00
2.663000e-05	-3.042655e-02	-2.763296e+00
2.664000e-05	-1.810393e-02	-3.118849e+00
2.665000e-05	-3.337344e-02	-3.430477e+00
2.666000e-05	-3.395011e-02	-3.599478e+00
2.667000e-05	-1.090468e-01	-3.881768e+00
2.668000e-05	1.228142e-01	-4.031134e+00
2.669000e-05	-1.415959e-03	-4.282561e+00
2.670000e-05	-6.247921e-02	-4.618423e+00
2.671000e-05	2.014884e-01	-4.819954e+00
2.672000e-05	-1.826025e-01	-5.165300e+00
2.673000e-05	1.419193e-01	-5.492658e+00
2.674000e-05	-8.627970e-02	-5.692742e+00
2.675000e-05	-1.635521e-02	-6.019576e+00
2.676000e-05	1.340936e-01	-6.208031e+00
2.677000e-05	-1.083445e-01	-6.555791e+00
2.678000e-05	1.534718e-01	-6.819955e+00
2.679000e-05	-9.965406e-02	-7.082116e+00
2.680000e-05	5.682693e-02	-7.387898e+00
2.681000e-05	1.270922e-02	-7.588079e+00
2.682000e-05	-3.514273e-02	-7.905766e+00
2.683000e-05	1.198156e-01	-8.165770e+00
2.684000e-05	-9.044065e-02	-8.458325e+00
2.685000e-05	1.256221e-01	-8.671629e+00
2.686000e-05	-5.668520e-02	-8.882187e+00
2.687000e-05	2.901577e-02	-9.114816e+00
2.688000e-05	2.047184e-02	-9.334815e+00
2.689000e-05	1.216530e-03	-9.566820e+00
2.690000e-05	8.928545e-02	-9.788499e+00
2.691000e-05	-4.060746e-02	-1.001850e+01
2.692000e-05	8.604876e-02	-1.025051e+01
2.693000e-05	-5.106334e-02	-1.044211e+01
2.694000e-05	8.156323e-02	-1.067318e+01
2.695000e-05	-1.580756e-02	-1.082013e+01
2.696000e-05	5.116854e-02	-1.112364e+01
2.697000e-05	1.885888e-02	-1.128174e+01
2.698000e-05	2.988278e-02	-1.154521e+01
2.699000e-05	4.233027e-02	-1.173264e+01
2.700000e-05	3.179949e-03	-1.192519e+01
2.701000e-05	4.969171e-02	-1.210321e+01
2.702000e-05	8.314889e-03	-1.226268e+01
2.703000e-05	6.868335e-02	-1.244111e+01
2.704000e-05	8.807767e-03	-1.263013e+01
2.705000e-05	5.188529e-02	-1.278892e+01
2.706000e-05	1.494942e-02	-1.293789e+01
2.707000e-05	5.506327e-02	-1.312373e+01
2.708000e-05	3.138230e-02	-1.330011e+01
2.709000e-05	4.776516e-02	-1.342800e+01
2.710000e-05	3.991576e-02	-1.353629e+01
2.711000e-05	4.490517e-02	-1.364228e+01
2.712000e-05	4.870197e-02	-1.383948e+01
2.713000e-05	3.826461e-02	-1.400699e+01
2.714000e-05	4.856494e-02	-1.406524e+01
2.715000e-05	4.585912e-02	-1.424855e+01
2.716000e-05	6.185280e-02	-1.434537e+01
2.717000e-05	5.108231e-02	-1.446006e+01
2.718000e-05	5.893007e-02	-1.449586e+01
2.719000e-05	5.127162e-02	-1.466113e+01
2.720000e-05	6.684254e-02	-1.474539e+01
2.721000e-05	6.098104e-02	-1.484050e+01
2.722000e-05	6.750742e-02	-1.490378e+01
2.723000e-05	6.432654e-02	-1.498937e+01
2.724000e-05	7.195466e-02	-1.504115e+01
2.725000e-05	7.186485e-02	-1.514481e+01
2.726000e-05	7.300271e-02	-1.522692e+01
2.727000e-05	7.572739e-02	-1.521897e+01
2.728000e-05	8.188791e-02	-1.526163e+01
2.729000e-05	9.062887e-02	-1.528376e+01
2.730000e-05	8.922530e-02	-1.534484e+01
2.731000e-05	9.293997e-02	-1.535794e+01
2.732000e-05	9.084886e-02	-1.538752e+01
2.733000e-05	1.008986e-01	-1.540110e+01
2.734000e-05	1.029871e-01	-1.542110e+01
2.735000e-05	1.105595e-01	-1.543260e+01
2.736000e-05	1.126926e-01	-1.545168e+01
2.737000e-05	1.237786e-01	-1.547170e+01
2.738000e-05	1.295569e-01	-1.548920e+01
2.739000e-05	1.340437e-01	-1.544012e+01
2.740000e-05	1.410059e-01	-1.541050e+01
2.741000e-05	1.525581e-01	-1.535849e+01
2.742000e-05	1.709681e-01	-1.535589e+01
2.743000e-05	1.884688e-01	-1.532426e+01
2.744000e-05	2.098259e-01	-1.528118e+01
2.745000e-05	2.348711e-01	-1.521853e+01
2.746000e-05	2.490284e-01	-1.521897e+01
2.747000e-05	2.500000e-01	-1.512539e+01
2.748000e-05	2.500000e-01	-1.509325e+01
2.749000e-05	2.500000e-01	-1.499860e+01
2.750000e-05	2.500000e-01	-1.495631e+01
2.751000e-05	2.500000e-01	-1.484268e+01
2.752000e-05	2.497990e-01	-1.480690e+01
2.753000e-05	2.322620e-01	-1.469326e+01
2.754000e-05	2.013227e-01	-1.459005e+01
2.755000e-05	1.770805e-01	-1.447328e+01
2.756000e-05	1.550207e-01	-1.436892e+01
2.757000e-05	1.356055e-01	-1.430283e+01
2.758000e-05	1.186854e-01	-1.419896e+01
2.759000e-05	1.082046e-01	-1.403010e+01
2.760000e-05	9.863499e-02	-1.392428e+01
2.761000e-05	8.857352e-02	-1.377637e+01
2.762000e-05	8.002253e-02	-1.362060e+01
2.763000e-05	7.406184e-02	-1.346423e+01
2.764000e-05	6.937974e-02	-1.336526e+01
2.765000e-05	6.351077e-02	-1.319805e+01
2.766000e-05	5.639400e-02	-1.299113e+01
2.767000e-05	5.222316e-02	-1.290175e+01
2.768000e-05	4.976190e-02	-1.272634e+01
2.769000e-05	4.773661e-02	-1.259797e+01
2.770000e-05	4.314515e-02	-1.237805e+01
2.771000e-05	3.969635e-02	-1.220210e+01
2.772000e-05	3.767359e-02	-1.202212e+01
2.773000e-05	3.615668e-02	-1.186017e+01
2.774000e-05	3.313480e-02	-1.161313e+01
2.775000e-05	3.043231e-02	-1.139852e+01
2.776000e-05	2.829746e-02	-1.123707e+01
2.777000e-05	2.722652e-02	-1.097744e+01
2.778000e-05	2.682302e-02	-1.076755e+01
2.779000e-05	2.356809e-02	-1.060892e+01
2.780000e-05	2.255090e-02	-1.035947e+01
2.781000e-05	2.086915e-02	-1.017741e+01
2.782000e-05	2.109023e-02	-9.914365e+00
2.783000e-05	1.878892e-02	-9.745891e+00
2.784000e-05	1.717214e-02	-9.475803e+00
2.785000e-05	1.571856e-02	-9.232306e+00
2.786000e-05	1.601526e-02	-9.062600e+00
2.787000e-05	1.328523e-02	-8.820121e+00
2.788000e-05	1.295488e-02	-8.587490e+00
2.789000e-05	1.172431e-02	-8.377860e+00
2.790000e-05	1.201317e-02	-8.085286e+00
2.791000e-05	1.063490e-02	-7.882624e+00
2.792000e-05	9.053380e-03	-7.558893e+00
2.793000e-05	8.755055e-03	-7.285331e+00
2.794000e-05	6.634061e-03	-7.084024e+00
2.795000e-05	7.362813e-03	-6.788969e+00
2.796000e-05	4.793617e-03	-6.547312e+00
2.797000e-05	5.352022e-03	-6.294281e+00
2.798000e-05	3.921731e-03	-5.998544e+00
2.799000e-05	4.110277e-03	-5.735863e+00
2.800000e-05	3.389130e-03	-5.484753e+00
2.801000e-05	2.769726e-03	-5.188381e+00
2.802000e-05	4.386368e-04	-4.794150e+00
2.803000e-05	2.700301e-03	-4.507861e+00
2.804000e-05	9.039369e-04	-4.305861e+00
2.805000e-05	1.749835e-03	-4.042695e+00
2.806000e-05	-3.541707e-03	-3.779938e+00
2.807000e-05	-1.002762e-03	-3.515755e+00
2.808000e-05	-5.063627e-03	-3.231652e+00
2.809000e-05	-4.807082e-04	-2.907858e+00
2.810000e-05	-4.387813e-03	-2.653653e+00
2.811000e-05	-6.262008e-04	-2.389440e+00
2.812000e-05	-4.782675e-03	-2.053228e+00
2.813000e-05	-1.873646e-03	-1.812074e+00
2.814000e-05	-6.179956e-03	-1.575387e+00
2.815000e-05	-6.064017e-03	-1.181019e+00
2.816000e-05	-8.140619e-03	-8.962055e-01
2.817000e-05	-5.893784e-03	-6.201240e-01
2.818000e-05	-5.685272e-03	-3.173157e-01
2.819000e-05	-4.182844e-03	-4.263302e-02
2.820000e-05	7.694252e-03	2.621315e-01
2.821000e-05	3.064827e-03	5.347107e-01
2.822000e-05	3.510650e-03	7.572921e-01
2.823000e-05	1.075832e-03	1.018503e+00
2.824000e-05	-7.928816e-04	1.295767e+00
2.825000e-05	-1.314589e-03	1.631956e+00
2.826000e-05	3.328654e-03	1.864689e+00
2.827000e-05	2.887591e-02	2.095666e+00
2.828000e-05	1.010690e-01	2.376500e+00
2.829000e-05	1.522412e-02	2.725823e+00
2.830000e-05	-5.170251e-02	3.041058e+00
2.831000e-05	-2.748592e-02	3.363646e+00
2.832000e-05	-2.972500e-02	3.619054e+00
2.833000e-05	-5.935962e-02	3.871561e+00
2.834000e-05	-7.019603e-02	3.999556e+00
2.835000e-05	9.682892e-02	4.304266e+00
2.836000e-05	-3.651202e-02	4.608480e+00
2.837000e-05	-1.226273e-02	4.811553e+00
2.838000e-05	1.312433e-01	5.137270e+00
2.839000e-05	-1.417197e-01	5.482184e+00
2.840000e-05	6.748252e-02	5.736243e+00
2.841000e-05	-5.604992e-02	6.011053e+00
2.842000e-05	2.221867e-02	6.273129e+00
2.843000e-05	1.373455e-02	6.546392e+00
2.844000e-05	-5.839571e-02	6.810079e+00
2.845000e-05	4.228054e-02	7.082667e+00
2.846000e-05	-6.275249e-02	7.376371e+00
2.847000e-05	3.430783e-02	7.597103e+00
2.848000e-05	-6.487747e-02	7.934336e+00
2.849000e-05	1.392708e-02	8.187399e+00
2.850000e-05	1.267562e-02	8.409002e+00
2.851000e-05	-3.297301e-02	8.599628e+00
2.852000e-05	1.391049e-02	8.853132e+00
2.853000e-05	-6.293693e-02	9.094266e+00
2.854000e-05	1.400903e-04	9.325815e+00
2.855000e-05	-2.057740e-02	9.515290e+00
2.856000e-05	-1.430125e-04	9.777974e+00
2.857000e-05	-3.321329e-02	9.989501e+00
2.858000e-05	-1.783745e-02	1.024000e+01
2.859000e-05	-5.543592e-03	1.042963e+01
2.860000e-05	-3.003107e-02	1.065153e+01
2.861000e-05	-2.109257e-02	1.085103e+01
2.862000e-05	-4.019900e-02	1.103158e+01
2.863000e-05	-1.233376e-02	1.127125e+01
2.864000e-05	-2.417803e-02	1.149216e+01
2.865000e-05	-2.546994e-02	1.165319e+01
2.866000e-05	-4.296066e-02	1.188316e+01
2.867000e-05	-2.755927e-02	1.210176e+01
2.868000e-05	-2.326415e-02	1.225150e+01
2.869000e-05	-2.686767e-02	1.241848e+01
2.870000e-05	-4.004247e-02	1.254797e+01
2.871000e-05	-4.258274e-02	1.274734e+01
2.872000e-05	-3.121190e-02	1.292324e+01
2.873000e-05	-3.576111e-02	1.306168e+01
2.874000e-05	-4.112314e-02	1.322115e+01
2.875000e-05	-5.020894e-02	1.331689e+01
2.876000e-05	-3.548893e-02	1.355376e+01
2.877000e-05	-3.967132e-02	1.366116e+01
2.878000e-05	-4.450078e-02	1.378847e+01
2.879000e-05	-5.990877e-02	1.391539e+01
2.880000e-05	-5.202833e-02	1.408906e+01
2.881000e-05	-4.866927e-02	1.420892e+01
2.882000e-05	-4.990914e-02	1.429269e+01
2.883000e-05	-6.134766e-02	1.436818e+01
2.884000e-05	-6.522341e-02	1.449487e+01
2.885000e-05	-5.645392e-02	1.461895e+01
2.886000e-05	-5.960517e-02	1.467266e+01
2.887000e-05	-6.583295e-02	1.476952e+01
2.888000e-05	-7.496091e-02	1.487111e+01
2.889000e-05	-6.986274e-02	1.493581e+01
2.890000e-05	-7.015218e-02	1.497050e+01
2.891000e-05	-7.789045e-02	1.507213e+01
2.892000e-05	-8.819240e-02	1.512596e+01
2.893000e-05	-9.019673e-02	1.515697e+01
2.894000e-05	-8.414151e-02	1.525110e+01
2.895000e-05	-8.792626e-02	1.524216e+01
2.896000e-05	-9.530198e-02	1.528423e+01
2.897000e-05	-1.035181e-01	1.532471e+01
2.898000e-05	-1.011237e-01	1.534637e+01
2.899000e-05	-1.050906e-01	1.541737e+01
2.900000e-05	-1.134678e-01	1.535747e+01
2.901000e-05	-1.235029e-01	1.542903e+01
2.902000e-05	-1.240359e-01	1.540010e+01
2.903000e-05	-1.248855e-01	1.537904e+01
2.904000e-05	-1.343906e-01	1.541607e+01
2.905000e-05	-1.482987e-01	1.541834e+01
2.906000e-05	-1.595214e-01	1.537629e+01
2.907000e-05	-1.658347e-01	1.533528e+01
2.908000e-05	-1.810147e-01	1.527416e+01
2.909000e-05	-2.042687e-01	1.522221e+01
2.910000e-05	-2.322193e-01	1.522012e+01
2.911000e-05	-2.454220e-01	1.517557e+01
2.912000e-05	-2.500000e-01	1.512436e+01
2.913000e-05	-2.500000e-01	1.506131e+01
2.914000e-05	-2.500000e-01	1.497909e+01
2.915000e-05	-2.500000e-01	1.490574e+01
2.916000e-05	-2.500000e-01	1.482218e+01
2.917000e-05	-2.500000e-01	1.479604e+01
2.918000e-05	-2.487292e-01	1.468276e+01
2.919000e-05	-2.318086e-01	1.459865e+01
2.920000e-05	-1.998743e-01	1.446431e+01
2.921000e-05	-1.739405e-01	1.443102e+01
2.922000e-05	-1.555726e-01	1.427521e+01
2.923000e-05	-1.413992e-01	1.418937e+01
2.924000e-05	-1.261470e-01	1.400013e+01
2.925000e-05	-1.124267e-01	1.392488e+01
2.926000e-05	-1.032576e-01	1.376894e+01
2.927000e-05	-9.856636e-02	1.361115e+01
2.928000e-05	-9.060994e-02	1.356531e+01
2.929000e-05	-8.187335e-02	1.340852e+01
2.930000e-05	-7.310035e-02	1.321047e+01
2.931000e-05	-7.178390e-02	1.306426e+01
2.932000e-05	-6.837101e-02	1.291581e+01
2.933000e-05	-6.436006e-02	1.274687e+01
2.934000e-05	-5.805649e-02	1.260097e+01
2.935000e-05	-5.728364e-02	1.243365e+01
2.936000e-05	-5.568187e-02	1.226365e+01
2.937000e-05	-5.289309e-02	1.205478e+01
2.938000e-05	-4.833238e-02	1.192324e+01
2.939000e-05	-4.548816e-02	1.172529e+01
2.940000e-05	-4.566869e-02	1.152281e+01
2.941000e-05	-4.463897e-02	1.126376e+01
2.942000e-05	-4.201233e-02	1.107221e+01
2.943000e-05	-3.763459e-02	1.089486e+01
2.944000e-05	-3.748364e-02	1.067431e+01
2.945000e-05	-3.779211e-02	1.048421e+01
2.946000e-05	-3.678938e-02	1.028218e+01
2.947000e-05	-3.317825e-02	1.003017e+01
2.948000e-05	-3.286215e-02	9.800574e+00
2.949000e-05	-3.342568e-02	9.588547e+00
2.950000e-05	-3.254701e-02	9.368992e+00
2.951000e-05	-2.952124e-02	9.157891e+00
2.952000e-05	-2.791610e-02	8.955290e+00
2.953000e-05	-2.879399e-02	8.683132e+00
2.954000e-05	-2.878843e-02	8.453127e+00
2.955000e-05	-2.745073e-02	8.221046e+00
2.956000e-05	-2.453118e-02	7.967416e+00
2.957000e-05	-2.458210e-02	7.693861e+00
2.958000e-05	-2.615969e-02	7.402649e+00
2.959000e-05	-2.488409e-02	7.178391e+00
2.960000e-05	-2.258159e-02	6.917359e+00
2.961000e-05	-2.179401e-02	6.644249e+00
2.962000e-05	-2.306168e-02	6.388453e+00
2.963000e-05	-2.327762e-02	6.107892e+00
2.964000e-05	-1.996765e-02	5.906228e+00
2.965000e-05	-1.892970e-02	5.568994e+00
2.966000e-05	-2.005598e-02	5.326964e+00
2.967000e-05	-2.105303e-02	4.990970e+00
2.968000e-05	-1.970466e-02	4.697306e+00
2.969000e-05	-1.765079e-02	4.441175e+00
2.970000e-05	-1.694791e-02	4.148969e+00
2.971000e-05	-1.850960e-02	3.874782e+00
2.972000e-05	-1.807342e-02	3.591578e+00
2.973000e-05	-1.533774e-02	3.285965e+00
2.974000e-05	-1.482573e-02	3.034179e+00
2.975000e-05	-1.605526e-02	2.809499e+00
2.976000e-05	-1.569840e-02	2.485761e+00
2.977000e-05	-1.445292e-02	2.210050e+00
2.978000e-05	-1.360579e-02	1.978417e+00
2.979000e-05	-1.285087e-02	1.643151e+00
2.980000e-05	-1.374692e-02	1.358391e+00
2.981000e-05	-1.272774e-02	1.062274e+00
2.982000e-05	-1.137284e-02	7.178356e-01
2.983000e-05	-1.041956e-02	4.537091e-01
2.984000e-05	-9.575635e-03	1.780124e-01
2.985000e-05	-6.800735e-03	-6.526572e-02
2.986000e-05	6.120261e-03	-3.668737e-01
2.987000e-05	-3.179702e-03	-6.920818e-01
2.988000e-05	2.010548e-03	-9.142918e-01
2.989000e-05	-2.928933e-03	-1.157949e+00
2.990000e-05	1.714634e-03	-1.535695e+00
2.991000e-05	6.001739e-05	-1.737368e+00
2.992000e-05	2.573937e-02	-1.936846e+00
2.993000e-05	1.090711e-01	-2.237580e+00
2.994000e-05	4.415783e-02	-2.618401e+00
2.995000e-05	-5.286935e-02	-3.000455e+00
2.996000e-05	-6.528461e-03	-3.354793e+00
2.997000e-05	-4.428268e-02	-3.506321e+00
2.998000e-05	-7.362631e-02	-3.807322e+00
2.999000e-05	-9.998719e-03	-3.969476e+00
3.000000e-05	1.513073e-01	-4.177873e+00
3.001000e-05	-1.800603e-01	-4.462558e+00
3.002000e-05	1.943896e-01	-4.766874e+00
3.003000e-05	-6.457419e-02	-5.019026e+00
3.004000e-05	-7.582304e-03	-5.419025e+00
3.005000e-05	8.243686e-02	-5.628027e+00
3.006000e-05	-1.612745e-01	-5.904369e+00
3.007000e-05	1.887936e-01	-6.187420e+00
3.008000e-05	-8.771143e-02	-6.430482e+00
3.009000e-05	7.911115e-02	-6.705815e+00
3.010000e-05	1.764880e-02	-6.966349e+00
3.011000e-05	-6.393261e-02	-7.302708e+00
3.012000e-05	1.085437e-01	-7.525268e+00
3.013000e-05	-1.011401e-01	-7.847550e+00
3.014000e-05	1.291658e-01	-8.101660e+00
3.015000e-05	-4.409941e-02	-8.282235e+00
3.016000e-05	4.547445e-02	-8.606995e+00
3.017000e-05	5.038790e-02	-8.737499e+00
3.018000e-05	-6.493762e-02	-9.030058e+00
3.019000e-05	8.610102e-02	-9.301079e+00
3.020000e-05	-5.940876e-02	-9.473115e+00
3.021000e-05	1.122460e-01	-9.715340e+00
3.022000e-05	-3.459418e-02	-9.935242e+00
3.023000e-05	6.828555e-02	-1.015642e+01
3.024000e-05	-5.256509e-03	-1.036492e+01
3.025000e-05	2.742651e-02	-1.062660e+01
3.026000e-05	4.013796e-02	-1.077992e+01
3.027000e-05	-5.846835e-03	-1.101897e+01
3.028000e-05	6.203806e-02	-1.119748e+01
3.029000e-05	-1.097274e-02	-1.143011e+01
3.030000e-05	7.218340e-02	-1.167003e+01
3.031000e-05	-1.176141e-02	-1.182113e+01
3.032000e-05	5.778681e-02	-1.204958e+01
3.033000e-05	7.599901e-03	-1.220852e+01
3.034000e-05	6.043312e-02	-1.245987e+01
3.035000e-05	2.417038e-02	-1.255692e+01
3.036000e-05	3.543789e-02	-1.277735e+01
3.037000e-05	3.090705e-02	-1.288359e+01
3.038000e-05	3.274675e-02	-1.310164e+01
3.039000e-05	4.896352e-02	-1.316848e+01
3.040000e-05	2.990945e-02	-1.337539e+01
3.041000e-05	5.434116e-02	-1.349330e+01
3.042000e-05	3.316986e-02	-1.365010e+01
3.043000e-05	5.944465e-02	-1.371742e+01
3.044000e-05	3.432959e-02	-1.394334e+01
3.045000e-05	4.983989e-02	-1.405063e+01
3.046000e-05	4.072243e-02	-1.418727e+01
3.047000e-05	5.988594e-02	-1.431426e+01
3.048000e-05	5.255526e-02	-1.443950e+01
3.049000e-05	5.642963e-02	-1.449421e+01
3.050000e-05	5.380415e-02	-1.459750e+01
3.051000e-05	6.141376e-02	-1.473276e+01
3.052000e-05	6.563042e-02	-1.481800e+01
3.053000e-05	6.378340e-02	-1.489071e+01
3.054000e-05	6.706909e-02	-1.499639e+01
3.055000e-05	6.712401e-02	-1.500113e+01
3.056000e-05	7.523040e-02	-1.509381e+01
3.057000e-05	7.062483e-02	-1.514786e+01
3.058000e-05	7.545658e-02	-1.517750e+01
3.059000e-05	7.618364e-02	-1.526168e+01
3.060000e-05	8.924278e-02	-1.528274e+01
3.061000e-05	8.939949e-02	-1.532534e+01
3.062000e-05	9.188007e-02	-1.534789e+01
3.063000e-05	9.074608e-02	-1.544902e+01
3.064000e-05	9.856300e-02	-1.542005e+01
3.065000e-05	1.041407e-01	-1.544018e+01
3.066000e-05	1.074268e-01	-1.547165e+01
3.067000e-05	1.114813e-01	-1.547268e+01
3.068000e-05	1.180288e-01	-1.544323e+01
3.069000e-05	1.277707e-01	-1.547962e+01
3.070000e-05	1.313757e-01	-1.542105e+01
3.071000e-05	1.377830e-01	-1.541107e+01
3.072000e-05	1.485957e-01	-1.540857e+01
3.073000e-05	1.646322e-01	-1.535750e+01
3.074000e-05	1.830079e-01	-1.532644e+01
3.075000e-05	2.010520e-01	-1.530321e+01
3.076000e-05	2.257915e-01	-1.521008e+01
3.077000e-05	2.446556e-01	-1.519900e+01
3.078000e-05	2.499995e-01	-1.516594e+01
3.079000e-05	2.500000e-01	-1.509433e+01
3.080000e-05	2.500000e-01	-1.504014e+01
3.081000e-05	2.500000e-01	-1.493589e+01
3.082000e-05	2.500000e-01	-1.485376e+01
3.083000e-05	2.500000e-01	-1.481054e+01
3.084000e-05	2.398935e-01	-1.471479e+01
3.085000e-05	2.116745e-01	-1.462915e+01
3.086000e-05	1.850111e-01	-1.450631e+01
3.087000e-05	1.631829e-01	-1.443003e+01
3.088000e-05	1.412801e-01	-1.432489e+01
3.089000e-05	1.255498e-01	-1.423789e+01
3.090000e-05	1.126949e-01	-1.405218e+01
3.091000e-05	1.035641e-01	-1.396544e+01
3.092000e-05	9.129753e-02	-1.379005e+01
3.093000e-05	8.281067e-02	-1.365221e+01
3.094000e-05	7.441119e-02	-1.353636e+01
3.095000e-05	7.198737e-02	-1.336887e+01
3.096000e-05	6.453412e-02	-1.322168e+01
3.097000e-05	5.850503e-02	-1.308478e+01
3.098000e-05	5.276339e-02	-1.292794e+01
3.099000e-05	5.243418e-02	-1.278890e+01
3.100000e-05	4.869104e-02	-1.265060e+01
3.101000e-05	4.498694e-02	-1.243360e+01
3.102000e-05	4.028323e-02	-1.225223e+01
3.103000e-05	3.860947e-02	-1.207581e+01
3.104000e-05	3.624056e-02	-1.190481e+01
3.105000e-05	3.413386e-02	-1.171569e+01
3.106000e-05	2.937598e-02	-1.149281e+01
3.107000e-05	2.839268e-02	-1.129313e+01
3.108000e-05	2.809341e-02	-1.104260e+01
3.109000e-05	2.776495e-02	-1.085265e+01
3.110000e-05	2.493249e-02	-1.067368e+01
3.111000e-05	2.279206e-02	-1.047173e+01
3.112000e-05	2.147020e-02	-1.024260e+01
3.113000e-05	2.173296e-02	-1.000010e+01
3.114000e-05	1.893199e-02	-9.799519e+00
3.115000e-05	1.738873e-02	-9.578067e+00
3.116000e-05	1.503804e-02	-9.399841e+00
3.117000e-05	1.640435e-02	-9.105334e+00
3.118000e-05	1.447849e-02	-8.936809e+00
3.119000e-05	1.332869e-02	-8.662252e+00
3.120000e-05	1.112404e-02	-8.431098e+00
3.121000e-05	1.216832e-02	-8.158921e+00
3.122000e-05	1.108558e-02	-7.976407e+00
3.123000e-05	1.068352e-02	-7.614225e+00
3.124000e-05	7.512874e-03	-7.409521e+00
3.125000e-05	8.286382e-03	-7.135914e+00
3.126000e-05	7.095066e-03	-6.853753e+00
3.127000e-05	6.351819e-03	-6.630596e+00
3.128000e-05	3.890620e-03	-6.398467e+00
3.129000e-05	4.832472e-03	-6.094230e+00
3.130000e-05	3.945292e-03	-5.843626e+00
3.131000e-05	4.697454e-03	-5.549943e+00
3.132000e-05	2.219162e-03	-5.273777e+00
3.133000e-05	2.113102e-03	-4.968368e+00
3.134000e-05	2.279037e-03	-4.632154e+00
3.135000e-05	1.533164e-03	-4.430046e+00
3.136000e-05	1.353125e-03	-4.158366e+00
3.137000e-05	-2.038568e-03	-3.887353e+00
3.138000e-05	-1.719348e-03	-3.609521e+00
3.139000e-05	-3.751797e-03	-3.326385e+00
3.140000e-05	-1.914418e-03	-3.043650e+00
3.141000e-05	-3.755199e-03	-2.768362e+00
3.142000e-05	-1.967904e-03	-2.484758e+00
3.143000e-05	-2.363677e-03	-2.192017e+00
3.144000e-05	-1.729242e-03	-1.887337e+00
3.145000e-05	-4.615017e-03	-1.631579e+00
3.146000e-05	-6.194330e-03	-1.346254e+00
3.147000e-05	-8.408589e-03	-1.020046e+00
3.148000e-05	-6.496414e-03	-7.279882e-01
3.149000e-05	-6.310282e-03	-4.021252e-01
3.150000e-05	-5.777667e-03	-1.289421e-01
3.151000e-05	1.139389e-03	8.568959e-02
3.152000e-05	8.046736e-03	4.005327e-01
3.153000e-05	-5.698751e-04	6.406379e-01
3.154000e-05	4.895868e-03	9.021410e-01
3.155000e-05	-3.815117e-03	1.230483e+00
3.156000e-05	2.001326e-03	1.504142e+00
3.157000e-05	-1.275567e-03	1.826053e+00
3.158000e-05	1.854750e-02	2.049505e+00
3.159000e-05	7.071416e-02	2.272133e+00
3.160000e-05	7.873236e-02	2.608429e+00
3.161000e-05	-5.811146e-02	2.946318e+00
3.162000e-05	-2.642900e-02	3.177978e+00
3.163000e-05	-3.882347e-02	3.483718e+00
3.164000e-05	-3.144915e-02	3.755819e+00
3.165000e-05	-8.933040e-02	3.929370e+00
3.166000e-05	2.990432e-02	4.168450e+00
3.167000e-05	7.412120e-02	4.514744e+00
3.168000e-05	-1.201183e-01	4.765925e+00
3.169000e-05	1.769699e-01	5.051008e+00
3.170000e-05	-9.909412e-02	5.378050e+00
3.171000e-05	-4.597560e-03	5.630031e+00
3.172000e-05	1.030204e-02	5.885268e+00
3.173000e-05	-4.400210e-02	6.137400e+00
3.174000e-05	6.497858e-02	6.418577e+00
3.175000e-05	-7.076051e-02	6.705716e+00
3.176000e-05	3.151074e-02	6.964898e+00
3.177000e-05	-3.601015e-02	7.301579e+00
3.178000e-05	-2.773910e-05	7.543317e+00
3.179000e-05	-1.671206e-02	7.816426e+00
3.180000e-05	-3.949949e-02	8.043713e+00
3.181000e-05	3.937860e-02	8.315315e+00
3.182000e-05	-3.388301e-02	8.545339e+00
3.183000e-05	4.502381e-03	8.726799e+00
3.184000e-05	-3.045225e-02	9.029001e+00
3.185000e-05	-4.086447e-02	9.200003e+00
3.186000e-05	8.996431e-03	9.442107e+00
3.187000e-05	-2.223268e-02	9.695310e+00
3.188000e-05	-4.460605e-03	9.894342e+00
3.189000e-05	-4.054828e-02	1.015587e+01
3.190000e-05	1.929887e-03	1.034589e+01
3.191000e-05	-2.759496e-02	1.056587e+01
3.192000e-05	-2.476661e-02	1.079642e+01
3.193000e-05	-2.896727e-02	1.096745e+01
3.194000e-05	-3.078005e-02	1.115648e+01
3.195000e-05	-7.956025e-03	1.143047e+01
3.196000e-05	-3.460932e-02	1.160853e+01
3.197000e-05	-2.785104e-02	1.181745e+01
3.198000e-05	-4.355935e-02	1.203053e+01
3.199000e-05	-1.773633e-02	1.214893e+01
3.200000e-05	-2.830367e-02	1.238795e+01
3.201000e-05	-3.299050e-02	1.251386e+01
3.202000e-05	-4.353720e-02	1.269431e+01
3.203000e-05	-3.754569e-02	1.285063e+01
3.204000e-05	-2.870407e-02	1.298895e+01
3.205000e-05	-4.254314e-02	1.319489e+01
3.206000e-05	-4.381072e-02	1.335282e+01
3.207000e-05	-4.425013e-02	1.345211e+01
3.208000e-05	-3.288413e-02	1.360852e+01
3.209000e-05	-4.441228e-02	1.375632e+01
3.210000e-05	-5.412482e-02	1.388373e+01
3.211000e-05	-5.753883e-02	1.405755e+01
3.212000e-05	-4.888020e-02	1.414377e+01
3.213000e-05	-4.814907e-02	1.428315e+01
3.214000e-05	-5.696717e-02	1.441892e+01
3.215000e-05	-6.323258e-02	1.448382e+01
3.216000e-05	-6.220086e-02	1.458690e+01
3.217000e-05	-5.594026e-02	1.463123e+01
3.218000e-05	-6.641071e-02	1.474542e+01
3.219000e-05	-6.957837e-02	1.485012e+01
3.220000e-05	-7.118613e-02	1.492422e+01
3.221000e-05	-6.856807e-02	1.494742e+01
3.222000e-05	-7.253424e-02	1.505067e+01
3.223000e-05	-8.761458e-02	1.509423e+01
3.224000e-05	-9.110190e-02	1.515694e+01
3.225000e-05	-8.914933e-02	1.517855e+01
3.226000e-05	-8.511614e-02	1.525110e+01
3.227000e-05	-9.269319e-02	1.532258e+01
3.228000e-05	-9.957406e-02	1.532486e+01
3.229000e-05	-1.001239e-01	1.534589e+01
3.230000e-05	-1.019071e-01	1.539732e+01
3.231000e-05	-1.098502e-01	1.538840e+01
3.232000e-05	-1.221980e-01	1.541905e+01
3.233000e-05	-1.266992e-01	1.538907e+01
3.234000e-05	-1.258348e-01	1.537945e+01
3.235000e-05	-1.294885e-01	1.540895e+01
3.236000e-05	-1.426679e-01	1.537695e+01
3.237000e-05	-1.535803e-01	1.538584e+01
3.238000e-05	-1.613867e-01	1.531626e+01
3.239000e-05	-1.731246e-01	1.528476e+01
3.240000e-05	-1.945400e-01	1.525223e+01
3.241000e-05	-2.230070e-01	1.522965e+01
3.242000e-05	-2.420444e-01	1.519952e+01
3.243000e-05	-2.499900e-01	1.515392e+01
3.244000e-05	-2.500000e-01	1.507231e+01
3.245000e-05	-2.500000e-01	1.501860e+01
3.246000e-05	-2.500000e-01	1.496744e+01
3.247000e-05	-2.500000e-01	1.488378e+01
3.248000e-05	-2.500000e-01	1.477907e+01
3.249000e-05	-2.500000e-01	1.473434e+01
3.250000e-05	-2.410285e-01	1.462308e+01
3.251000e-05	-2.122749e-01	1.452638e+01
3.252000e-05	-1.822741e-01	1.443117e+01
3.253000e-05	-1.614793e-01	1.433589e+01
3.254000e-05	-1.469629e-01	1.421967e+01
3.255000e-05	-1.321027e-01	1.408379e+01
3.256000e-05	-1.163336e-01	1.396792e+01
3.257000e-05	-1.048343e-01	1.384068e+01
3.258000e-05	-9.897734e-02	1.368533e+01
3.259000e-05	-9.324927e-02	1.358894e+01
3.260000e-05	-8.440046e-02	1.340160e+01
3.261000e-05	-7.628342e-02	1.325321e+01
3.262000e-05	-7.352567e-02	1.311634e+01
3.263000e-05	-7.107591e-02	1.300951e+01
3.264000e-05	-6.714996e-02	1.281060e+01
3.265000e-05	-5.997959e-02	1.265310e+01
3.266000e-05	-5.664523e-02	1.249479e+01
3.267000e-05	-5.492779e-02	1.235646e+01
3.268000e-05	-5.298658e-02	1.216789e+01
3.269000e-05	-4.833721e-02	1.200702e+01
3.270000e-05	-4.614830e-02	1.180900e+01
3.271000e-05	-4.637954e-02	1.154910e+01
3.272000e-05	-4.631228e-02	1.135889e+01
3.273000e-05	-4.336177e-02	1.113742e+01
3.274000e-05	-3.861291e-02	1.095594e+01
3.275000e-05	-3.776082e-02	1.077747e+01
3.276000e-05	-3.779075e-02	1.058834e+01
3.277000e-05	-3.701449e-02	1.032544e+01
3.278000e-05	-3.255590e-02	1.011689e+01
3.279000e-05	-3.352080e-02	9.895236e+00
3.280000e-05	-3.439405e-02	9.643684e+00
3.281000e-05	-3.430895e-02	9.451678e+00
3.282000e-05	-3.009245e-02	9.202723e+00
3.283000e-05	-2.906801e-02	8.969574e+00
3.284000e-05	-2.867659e-02	8.727494e+00
3.285000e-05	-2.870017e-02	8.507441e+00
3.286000e-05	-2.733661e-02	8.276335e+00
3.287000e-05	-2.504762e-02	8.062678e+00
3.288000e-05	-2.458139e-02	7.768624e+00
3.289000e-05	-2.600300e-02	7.505961e+00
3.290000e-05	-2.596215e-02	7.223856e+00
3.291000e-05	-2.353420e-02	7.010595e+00
3.292000e-05	-2.209242e-02	6.767864e+00
3.293000e-05	-2.231933e-02	6.473831e+00
3.294000e-05	-2.297652e-02	6.221622e+00
3.295000e-05	-2.141970e-02	5.978970e+00
3.296000e-05	-1.941725e-02	5.694834e+00
3.297000e-05	-2.010624e-02	5.423124e+00
3.298000e-05	-2.011078e-02	5.167491e+00
3.299000e-05	-1.992096e-02	4.799649e+00
3.300000e-05	-1.794292e-02	4.506892e+00
3.301000e-05	-1.819099e-02	4.295286e+00
3.302000e-05	-1.863257e-02	3.947994e+00
3.303000e-05	-1.843589e-02	3.686782e+00
3.304000e-05	-1.678879e-02	3.463180e+00
3.305000e-05	-1.536653e-02	3.149420e+00
3.306000e-05	-1.604833e-02	2.894811e+00
3.307000e-05	-1.547862e-02	2.632620e+00
3.308000e-05	-1.507998e-02	2.306336e+00
3.309000e-05	-1.258793e-02	2.042177e+00
3.310000e-05	-1.316808e-02	1.720016e+00
3.311000e-05	-1.304223e-02	1.443180e+00
3.312000e-05	-1.368124e-02	1.127470e+00
3.313000e-05	-1.141517e-02	7.906016e-01
3.314000e-05	-1.155854e-02	5.589397e-01
3.315000e-05	-1.040004e-02	2.657818e-01
3.316000e-05	-8.393942e-03	-1.053025e-02
3.317000e-05	6.797856e-04	-2.627107e-01
3.318000e-05	3.774895e-03	-5.157470e-01
3.319000e-05	-2.251884e-03	-8.495065e-01
3.320000e-05	4.284423e-04	-1.104161e+00
3.321000e-05	-2.250119e-03	-1.417427e+00
3.322000e-05	5.691264e-04	-1.694034e+00
3.323000e-05	1.100362e-02	-1.905184e+00
3.324000e-05	6.887611e-02	-2.163139e+00
3.325000e-05	1.102309e-01	-2.459035e+00
3.326000e-05	-5.679998e-02	-2.842030e+00
3.327000e-05	-2.595670e-03	-3.269983e+00
3.328000e-05	-4.323361e-02	-3.462134e+00
3.329000e-05	-3.868311e-02	-3.712685e+00
3.330000e-05	-9.760786e-02	-3.865739e+00
3.331000e-05	1.761936e-01	-4.092157e+00
3.332000e-05	-1.077802e-01	-4.345770e+00
3.333000e-05	5.144692e-02	-4.651733e+00
3.334000e-05	1.060200e-01	-4.873136e+00
3.335000e-05	-1.554767e-01	-5.301080e+00
3.336000e-05	1.722712e-01	-5.513844e+00
3.337000e-05	-1.624827e-01	-5.810473e+00
3.338000e-05	8.691768e-02	-6.122155e+00
3.339000e-05	4.332423e-02	-6.322741e+00
3.340000e-05	-5.288255e-02	-6.650033e+00
3.341000e-05	1.331077e-01	-6.921659e+00
3.342000e-05	-1.235928e-01	-7.155421e+00
3.343000e-05	1.110296e-01	-7.430557e+00
3.344000e-05	-5.754155e-02	-7.711211e+00
3.345000e-05	3.963066e-02	-7.956375e+00
3.346000e-05	6.444454e-02	-8.217949e+00
3.347000e-05	-5.405756e-02	-8.463605e+00
3.348000e-05	1.280946e-01	-8.653316e+00
3.349000e-05	-9.114669e-02	-8.967371e+00
3.350000e-05	7.371214e-02	-9.206974e+00
3.351000e-05	-3.361272e-02	-9.408369e+00
3.352000e-05	5.365772e-02	-9.628054e+00
3.353000e-05	3.751187e-02	-9.841077e+00
3.354000e-05	-7.481202e-04	-1.011071e+01
3.355000e-05	6.451423e-02	-1.031329e+01
3.356000e-05	-3.177466e-02	-1.052526e+01
3.357000e-05	8.371524e-02	-1.070226e+01
3.358000e-05	-3.218133e-02	-1.092579e+01
3.359000e-05	6.761776e-02	-1.112537e+01
3.360000e-05	-1.010113e-02	-1.133479e+01
3.361000e-05	5.670886e-02	-1.158789e+01
3.362000e-05	1.437901e-02	-1.177642e+01
3.363000e-05	3.013873e-02	-1.197694e+01
3.364000e-05	3.436643e-02	-1.215384e+01
3.365000e-05	3.046006e-02	-1.236529e+01
3.366000e-05	5.560458e-02	-1.248373e+01
3.367000e-05	1.147593e-02	-1.273323e+01
3.368000e-05	4.676653e-02	-1.283048e+01
3.369000e-05	1.392750e-02	-1.298702e+01
3.370000e-05	5.777020e-02	-1.315584e+01
3.371000e-05	2.434637e-02	-1.330221e+01
3.372000e-05	5.607324e-02	-1.345262e+01
3.373000e-05	3.391815e-02	-1.358650e+01
3.374000e-05	5.613233e-02	-1.370489e+01
3.375000e-05	4.117062e-02	-1.389168e+01
3.376000e-05	4.401429e-02	-1.401957e+01
3.377000e-05	4.205925e-02	-1.410579e+01
3.378000e-05	5.095040e-02	-1.424020e+01
3.379000e-05	5.797434e-02	-1.437737e+01
3.380000e-05	5.321440e-02	-1.448071e+01
3.381000e-05	5.607673e-02	-1.456644e+01
3.382000e-05	5.429492e-02	-1.470168e+01
3.383000e-05	6.818190e-02	-1.475696e+01
3.384000e-05	6.195165e-02	-1.486208e+01
3.385000e-05	6.862511e-02	-1.493331e+01
3.386000e-05	6.370817e-02	-1.499699e+01
3.387000e-05	7.496017e-02	-1.507431e+01
3.388000e-05	7.017735e-02	-1.512586e+01
3.389000e-05	7.435369e-02	-1.522795e+01
3.390000e-05	7.349516e-02	-1.522905e+01
3.391000e-05	8.535152e-02	-1.526259e+01
3.392000e-05	9.114507e-02	-1.530326e+01
3.393000e-05	9.263315e-02	-1.531582e+01
3.394000e-05	9.217971e-02	-1.538692e+01
3.395000e-05	9.431388e-02	-1.538955e+01
3.396000e-05	1.024590e-01	-1.548112e+01
3.397000e-05	1.059687e-01	-1.545018e+01
3.398000e-05	1.106645e-01	-1.546168e+01
3.399000e-05	1.141725e-01	-1.545226e+01
3.400000e-05	1.256122e-01	-1.549163e+01
3.401000e-05	1.304790e-01	-1.544058e+01
3.402000e-05	1.367959e-01	-1.541103e+01
3.403000e-05	1.435058e-01	-1.537897e+01
3.404000e-05	1.573458e-01	-1.535802e+01
3.405000e-05	1.754407e-01	-1.532852e+01
3.406000e-05	1.935677e-01	-1.530481e+01
3.407000e-05	2.163341e-01	-1.525261e+01
3.408000e-05	2.393383e-01	-1.522953e+01
3.409000e-05	2.499842e-01	-1.518697e+01
3.410000e-05	2.500000e-01	-1.509483e+01
3.411000e-05	2.500000e-01	-1.507173e+01
3.412000e-05	2.500000e-01	-1.497797e+01
3.413000e-05	2.500000e-01	-1.490428e+01
3.414000e-05	2.500000e-01	-1.484010e+01
3.415000e-05	2.477771e-01	-1.474546e+01
3.416000e-05	2.252293e-01	-1.463215e+01
3.417000e-05	1.933806e-01	-1.456844e+01
3.418000e-05	1.707956e-01	-1.446272e+01
3.419000e-05	1.494870e-01	-1.435844e+01
3.420000e-05	1.323902e-01	-1.429167e+01
3.421000e-05	1.159205e-01	-1.410791e+01
3.422000e-05	1.060362e-01	-1.400912e+01
3.423000e-05	9.556861e-02	-1.382366e+01
3.424000e-05	8.635110e-02	-1.369578e+01
3.425000e-05	7.817686e-02	-1.358849e+01
3.426000e-05	7.223119e-02	-1.344967e+01
3.427000e-05	6.697084e-02	-1.333578e+01
3.428000e-05	6.207753e-02	-1.316689e+01
3.429000e-05	5.552890e-02	-1.299000e+01
3.430000e-05	5.259614e-02	-1.287166e+01
3.431000e-05	4.827532e-02	-1.271328e+01
3.432000e-05	4.680933e-02	-1.251734e+01
3.433000e-05	4.133657e-02	-1.234691e+01
3.434000e-05	3.893996e-02	-1.215902e+01
3.435000e-05	3.678946e-02	-1.199597e+01
3.436000e-05	3.626965e-02	-1.178052e+01
3.437000e-05	3.213732e-02	-1.158794e+01
3.438000e-05	3.007145e-02	-1.133539e+01
3.439000e-05	2.774092e-02	-1.111581e+01
3.440000e-05	2.748323e-02	-1.093644e+01
3.441000e-05	2.620689e-02	-1.074691e+01
3.442000e-05	2.366569e-02	-1.055734e+01
3.443000e-05	2.183880e-02	-1.031439e+01
3.444000e-05	2.087088e-02	-1.007481e+01
3.445000e-05	2.033858e-02	-9.874206e+00
3.446000e-05	1.847528e-02	-9.694253e+00
3.447000e-05	1.694614e-02	-9.421152e+00
3.448000e-05	1.594709e-02	-9.200622e+00
3.449000e-05	1.570179e-02	-8.970970e+00
3.450000e-05	1.482529e-02	-8.787363e+00
3.451000e-05	1.237478e-02	-8.506386e+00
3.452000e-05	1.184595e-02	-8.263729e+00
3.453000e-05	1.095683e-02	-8.033125e+00
3.454000e-05	1.057285e-02	-7.719493e+00
3.455000e-05	8.937691e-03	-7.493728e+00
3.456000e-05	9.027536e-03	-7.291127e+00
3.457000e-05	6.493963e-03	-6.969542e+00
3.458000e-05	8.401889e-03	-6.705356e+00
3.459000e-05	4.627402e-03	-6.432682e+00
3.460000e-05	5.866207e-03	-6.210995e+00
3.461000e-05	3.141706e-03	-5.936864e+00
3.462000e-05	4.783950e-03	-5.634254e+00
3.463000e-05	2.933578e-03	-5.399992e+00
3.464000e-05	3.748702e-03	-5.065253e+00
3.465000e-05	1.209495e-03	-4.745969e+00
3.466000e-05	2.952357e-03	-4.483704e+00
3.467000e-05	6.719807e-05	-4.244202e+00
3.468000e-05	5.620386e-04	-3.999545e+00
3.469000e-05	-1.709198e-03	-3.686207e+00
3.470000e-05	-1.471481e-03	-3.442623e+00
3.471000e-05	-3.821640e-03	-3.167937e+00
3.472000e-05	-1.595149e-03	-2.842605e+00
3.473000e-05	-3.038742e-03	-2.558472e+00
3.474000e-05	-2.277826e-03	-2.287253e+00
3.475000e-05	-4.358664e-03	-2.000024e+00
3.476000e-05	-3.225963e-03	-1.747936e+00
3.477000e-05	-5.223368e-03	-1.442177e+00
3.478000e-05	-5.858688e-03	-1.105312e+00
3.479000e-05	-6.246565e-03	-8.422004e-01
3.480000e-05	-6.335777e-03	-5.157583e-01
3.481000e-05	-5.888152e-03	-2.842805e-01
3.482000e-05	-4.336211e-03	-1.001744e-02
3.483000e-05	9.142095e-03	3.147433e-01
3.484000e-05	-9.355970e-04	5.363460e-01
3.485000e-05	5.788789e-03	8.085014e-01
3.486000e-05	-1.399671e-03	1.065667e+00
3.487000e-05	8.348065e-04	1.396851e+00
3.488000e-05	-3.055221e-03	1.665765e+00
3.489000e-05	9.746222e-03	1.906820e+00
3.490000e-05	4.132376e-02	2.187296e+00
3.491000e-05	1.060834e-01	2.472058e+00
3.492000e-05	-2.565523e-02	2.800029e+00
3.493000e-05	-3.952057e-02	3.123192e+00
3.494000e-05	-3.566178e-02	3.368499e+00
3.495000e-05	-2.428544e-02	3.654161e+00
3.496000e-05	-7.762898e-02	3.912714e+00
3.497000e-05	-3.918653e-02	4.083188e+00
3.498000e-05	1.154720e-01	4.348504e+00
3.499000e-05	-1.009045e-01	4.652613e+00
3.500000e-05	8.390955e-02	4.893765e+00
3.501000e-05	4.026369e-02	5.261138e+00
3.502000e-05	-1.074856e-01	5.525268e+00
3.503000e-05	6.540915e-02	5.807929e+00
3.504000e-05	-7.357488e-02	6.093212e+00
3.505000e-05	5.799931e-02	6.345293e+00
3.506000e-05	-2.756932e-02	6.610534e+00
3.507000e-05	-2.361043e-02	6.893211e+00
3.508000e-05	1.954828e-02	7.136294e+00
3.509000e-05	-4.839908e-02	7.440000e+00
3.510000e-05	2.661487e-02	7.693234e+00
3.511000e-05	-7.237173e-02	7.977895e+00
3.512000e-05	3.631761e-02	8.191483e+00
3.513000e-05	-8.733577e-03	8.452209e+00
3.514000e-05	-1.891246e-02	8.651686e+00
3.515000e-05	4.077085e-03	8.893758e+00
3.516000e-05	-6.802968e-02	9.124870e+00
3.517000e-05	1.558512e-02	9.357448e+00
3.518000e-05	-3.056310e-02	9.628500e+00
3.519000e-05	6.910143e-03	9.819604e+00
3.520000e-05	-4.515313e-02	1.005168e+01
3.521000e-05	-4.061123e-03	1.025108e+01
3.522000e-05	-1.431355e-02	1.053226e+01
3.523000e-05	-2.998045e-02	1.070274e+01
3.524000e-05	-2.270131e-02	1.088416e+01
3.525000e-05	-4.109882e-02	1.110419e+01
3.526000e-05	-3.660841e-03	1.136484e+01
3.527000e-05	-3.231816e-02	1.156484e+01
3.528000e-05	-2.136978e-02	1.170371e+01
3.529000e-05	-4.822616e-02	1.195439e+01
3.530000e-05	-1.974133e-02	1.211479e+01
3.531000e-05	-2.660822e-02	1.231424e+01
3.532000e-05	-2.824787e-02	1.243963e+01
3.533000e-05	-4.310543e-02	1.264111e+01
3.534000e-05	-4.120133e-02	1.278797e+01
3.535000e-05	-2.712198e-02	1.296431e+01
3.536000e-05	-3.913727e-02	1.312431e+01
3.537000e-05	-4.088103e-02	1.327008e+01
3.538000e-05	-5.155468e-02	1.336857e+01
3.539000e-05	-3.191186e-02	1.353779e+01
3.540000e-05	-4.252719e-02	1.368326e+01
3.541000e-05	-4.666860e-02	1.381947e+01
3.542000e-05	-6.068558e-02	1.395593e+01
3.543000e-05	-5.148415e-02	1.410326e+01
3.544000e-05	-4.843252e-02	1.420157e+01
3.545000e-05	-5.299592e-02	1.435527e+01
3.546000e-05	-6.157338e-02	1.444118e+01
3.547000e-05	-6.463689e-02	1.455589e+01
3.548000e-05	-5.517484e-02	1.459958e+01
3.549000e-05	-6.240234e-02	1.468439e+01
3.550000e-05	-6.618886e-02	1.480850e+01
3.551000e-05	-7.572737e-02	1.491119e+01
3.552000e-05	-6.957343e-02	1.492737e+01
3.553000e-05	-7.282410e-02	1.500854e+01
3.554000e-05	-8.053468e-02	1.507260e+01
3.555000e-05	-8.916842e-02	1.516587e+01
3.556000e-05	-8.940981e-02	1.518702e+01
3.557000e-05	-8.444452e-02	1.519110e+01
3.558000e-05	-8.990652e-02	1.528263e+01
3.559000e-05	-9.749759e-02	1.530621e+01
3.560000e-05	-1.039959e-01	1.533537e+01
3.561000e-05	-1.021737e-01	1.533739e+01
3.562000e-05	-1.076459e-01	1.539547e+01
3.563000e-05	-1.159947e-01	1.538702e+01
3.564000e-05	-1.234032e-01	1.542905e+01
3.565000e-05	-1.252587e-01	1.536898e+01
3.566000e-05	-1.273430e-01	1.539694e+01
3.567000e-05	-1.372151e-01	1.538845e+01
3.568000e-05	-1.516291e-01	1.537747e+01
3.569000e-05	-1.604179e-01	1.536789e+01
3.570000e-05	-1.686774e-01	1.532371e+01
3.571000e-05	-1.870522e-01	1.529481e+01
3.572000e-05	-2.096713e-01	1.527163e+01
3.573000e-05	-2.369855e-01	1.519007e+01
3.574000e-05	-2.489018e-01	1.515594e+01
3.575000e-05	-2.500000e-01	1.514476e+01
3.576000e-05	-2.500000e-01	1.505115e+01
3.577000e-05	-2.500000e-01	1.494852e+01
3.578000e-05	-2.500000e-01	1.489226e+01
3.579000e-05	-2.500000e-01	1.481073e+01
3.580000e-05	-2.500000e-01	1.472642e+01
3.581000e-05	-2.466377e-01	1.470275e+01
3.582000e-05	-2.223108e-01	1.456899e+01
3.583000e-05	-1.902644e-01	1.449426e+01
3.584000e-05	-1.674023e-01	1.435799e+01
3.585000e-05	-1.516891e-01	1.425270e+01
3.586000e-05	-1.397962e-01	1.413734e+01
3.587000e-05	-1.241007e-01	1.399005e+01
3.588000e-05	-1.111691e-01	1.391428e+01
3.589000e-05	-1.006163e-01	1.372739e+01
3.590000e-05	-9.597772e-02	1.361002e+01
3.591000e-05	-8.634297e-02	1.348273e+01
3.592000e-05	-7.822806e-02	1.333886e+01
3.593000e-05	-7.300378e-02	1.316899e+01
3.594000e-05	-7.199205e-02	1.306265e+01
3.595000e-05	-6.920367e-02	1.288380e+01
3.596000e-05	-6.327930e-02	1.270434e+01
3.597000e-05	-5.790118e-02	1.256949e+01
3.598000e-05	-5.568911e-02	1.236895e+01
3.599000e-05	-5.376404e-02	1.219162e+01
3.600000e-05	-5.109383e-02	1.201418e+01
3.601000e-05	-4.581141e-02	1.182365e+01
3.602000e-05	-4.589417e-02	1.164118e+01
3.603000e-05	-4.599864e-02	1.149275e+01
3.604000e-05	-4.564203e-02	1.122165e+01
3.605000e-05	-4.009822e-02	1.105105e+01
3.606000e-05	-3.798041e-02	1.087320e+01
3.607000e-05	-3.769013e-02	1.068217e+01
3.608000e-05	-3.861360e-02	1.042115e+01
3.609000e-05	-3.459293e-02	1.018055e+01
3.610000e-05	-3.268187e-02	9.999594e+00
3.611000e-05	-3.281482e-02	9.747943e+00
3.612000e-05	-3.470428e-02	9.535914e+00
3.613000e-05	-3.161243e-02	9.336864e+00
3.614000e-05	-2.982949e-02	9.075787e+00
3.615000e-05	-2.813949e-02	8.853302e+00
3.616000e-05	-2.857948e-02	8.621048e+00
3.617000e-05	-2.813197e-02	8.430072e+00
3.618000e-05	-2.624970e-02	8.146989e+00
3.619000e-05	-2.503211e-02	7.875229e+00
3.620000e-05	-2.520062e-02	7.624153e+00
3.621000e-05	-2.613185e-02	7.318116e+00
3.622000e-05	-2.435327e-02	7.104828e+00
3.623000e-05	-2.241986e-02	6.844702e+00
3.624000e-05	-2.217181e-02	6.559991e+00
3.625000e-05	-2.357548e-02	6.336365e+00
3.626000e-05	-2.249741e-02	6.086207e+00
3.627000e-05	-2.107446e-02	5.812196e+00
3.628000e-05	-1.994323e-02	5.536366e+00
3.629000e-05	-2.049641e-02	5.235130e+00
3.630000e-05	-1.963085e-02	4.896835e+00
3.631000e-05	-1.901654e-02	4.642201e+00
3.632000e-05	-1.876394e-02	4.379973e+00
3.633000e-05	-1.810474e-02	4.056337e+00
3.634000e-05	-1.879244e-02	3.811620e+00
3.635000e-05	-1.686910e-02	3.548939e+00
3.636000e-05	-1.548182e-02	3.223827e+00
3.637000e-05	-1.516505e-02	2.990045e+00
3.638000e-05	-1.456391e-02	2.716363e+00
3.639000e-05	-1.542522e-02	2.360100e+00
3.640000e-05	-1.453798e-02	2.146892e+00
3.641000e-05	-1.376356e-02	1.855233e+00
3.642000e-05	-1.277172e-02	1.548445e+00
3.643000e-05	-1.339720e-02	1.274811e+00
3.644000e-05	-1.266283e-02	9.278384e-01
3.645000e-05	-1.124577e-02	6.432019e-01
3.646000e-05	-1.034412e-02	3.999687e-01
3.647000e-05	-8.708475e-03	7.470672e-02
3.648000e-05	-5.416489e-03	-1.689459e-01
3.649000e-05	7.123534e-03	-4.400601e-01
3.650000e-05	-4.640929e-03	-6.952160e-01
3.651000e-05	3.670298e-03	-1.006876e+00
3.652000e-05	-3.613729e-03	-1.292082e+00
3.653000e-05	2.540583e-03	-1.577449e+00
3.654000e-05	2.499495e-03	-1.826451e+00
3.655000e-05	3.892590e-02	-2.039930e+00
3.656000e-05	1.246847e-01	-2.326293e+00
3.657000e-05	-6.603696e-03	-2.652714e+00
3.658000e-05	-3.126596e-02	-3.082691e+00
3.659000e-05	-2.222372e-02	-3.377896e+00
3.660000e-05	-3.502713e-02	-3.599495e+00
3.661000e-05	-9.878100e-02	-3.821530e+00
3.662000e-05	7.592438e-02	-4.009879e+00
3.663000e-05	5.990317e-02	-4.218979e+00
3.664000e-05	-1.188782e-01	-4.586849e+00
3.665000e-05	2.206356e-01	-4.817846e+00
3.666000e-05	-1.543120e-01	-5.153664e+00
3.667000e-05	9.462558e-02	-5.450581e+00
3.668000e-05	-2.616191e-02	-5.671689e+00
3.669000e-05	-7.698208e-02	-6.018950e+00
3.670000e-05	1.681496e-01	-6.208053e+00
3.671000e-05	-1.166415e-01	-6.513188e+00
3.672000e-05	1.379589e-01	-6.797453e+00
3.673000e-05	-6.318039e-02	-7.051557e+00
3.674000e-05	1.337825e-02	-7.385844e+00
3.675000e-05	5.273717e-02	-7.586947e+00
3.676000e-05	-6.870562e-02	-7.832663e+00
3.677000e-05	1.364562e-01	-8.133293e+00
3.678000e-05	-8.325260e-02	-8.356341e+00
3.679000e-05	1.035937e-01	-8.628612e+00
3.680000e-05	-2.099283e-02	-8.860608e+00
3.681000e-05	-7.092281e-03	-9.103788e+00
3.682000e-05	4.756298e-02	-9.334833e+00
3.683000e-05	-2.796028e-02	-9.535819e+00
3.684000e-05	1.044331e-01	-9.756369e+00
3.685000e-05	-4.446559e-02	-9.998399e+00
3.686000e-05	8.799217e-02	-1.019910e+01
3.687000e-05	-3.852144e-02	-1.044898e+01
3.688000e-05	6.393263e-02	-1.067163e+01
3.689000e-05	-7.592419e-04	-1.084955e+01
3.690000e-05	2.999968e-02	-1.108158e+01
3.691000e-05	3.307419e-02	-1.124168e+01
3.692000e-05	1.564710e-02	-1.150321e+01
3.693000e-05	5.847471e-02	-1.169268e+01
3.694000e-05	-4.165296e-03	-1.189319e+01
3.695000e-05	5.819712e-02	-1.206266e+01
3.696000e-05	2.684784e-03	-1.226263e+01
3.697000e-05	6.618956e-02	-1.241905e+01
3.698000e-05	7.818699e-03	-1.261050e+01
3.699000e-05	4.693174e-02	-1.277798e+01
3.700000e-05	2.044551e-02	-1.289574e+01
3.701000e-05	5.055312e-02	-1.310358e+01
3.702000e-05	3.951757e-02	-1.324061e+01
3.703000e-05	4.121669e-02	-1.341900e+01
3.704000e-05	4.538831e-02	-1.353484e+01
3.705000e-05	3.834732e-02	-1.365261e+01
3.706000e-05	5.179093e-02	-1.383007e+01
3.707000e-05	3.398182e-02	-1.396494e+01
3.708000e-05	5.023428e-02	-1.410163e+01
3.709000e-05	4.384972e-02	-1.420797e+01
3.710000e-05	6.462303e-02	-1.434481e+01
3.711000e-05	5.110279e-02	-1.441958e+01
3.712000e-05	5.908923e-02	-1.452729e+01
3.713000e-05	5.042311e-02	-1.462005e+01
3.714000e-05	6.423524e-02	-1.473341e+01
3.715000e-05	6.238660e-02	-1.484954e+01
3.716000e-05	6.484837e-02	-1.489268e+01
3.717000e-05	6.410814e-02	-1.497742e+01
3.718000e-05	7.064207e-02	-1.504112e+01
3.719000e-05	7.461893e-02	-1.512333e+01
3.720000e-05	7.294494e-02	-1.521697e+01
3.721000e-05	7.633975e-02	-1.523945e+01
3.722000e-05	7.976011e-02	-1.525968e+01
3.723000e-05	9.142073e-02	-1.527374e+01
3.724000e-05	8.903727e-02	-1.532582e+01
3.725000e-05	9.219605e-02	-1.533684e+01
3.726000e-05	9.042611e-02	-1.536694e+01
3.727000e-05	9.901281e-02	-1.541955e+01
3.728000e-05	1.049797e-01	-1.544252e+01
3.729000e-05	1.106631e-01	-1.548163e+01
3.730000e-05	1.146011e-01	-1.546262e+01
3.731000e-05	1.211752e-01	-1.545062e+01
3.732000e-05	1.285829e-01	-1.544165e+01
3.733000e-05	1.327589e-01	-1.548013e+01
3.734000e-05	1.399738e-01	-1.544910e+01
3.735000e-05	1.502593e-01	-1.535852e+01
3.736000e-05	1.686595e-01	-1.533747e+01
3.737000e-05	1.859853e-01	-1.528339e+01
3.738000e-05	2.078193e-01	-1.528211e+01
3.739000e-05	2.321116e-01	-1.522058e+01
3.740000e-05	2.476745e-01	-1.521900e+01
3.741000e-05	2.500000e-01	-1.518734e+01
3.742000e-05	2.500000e-01	-1.509420e+01
3.743000e-05	2.500000e-01	-1.502107e+01
3.744000e-05	2.500000e-01	-1.494686e+01
3.745000e-05	2.500000e-01	-1.489215e+01
3.746000e-05	2.497980e-01	-1.478849e+01
3.747000e-05	2.353120e-01	-1.468486e+01
3.748000e-05	2.049788e-01	-1.461897e+01
3.749000e-05	1.800077e-01	-1.449276e+01
3.750000e-05	1.578003e-01	-1.437992e+01
3.751000e-05	1.382921e-01	-1.432478e+01
3.752000e-05	1.213272e-01	-1.418794e+01
3.753000e-05	1.077273e-01	-1.402153e+01
3.754000e-05	9.825574e-02	-1.389476e+01
3.755000e-05	8.924956e-02	-1.380749e+01
3.756000e-05	8.101417e-02	-1.362005e+01
3.757000e-05	7.384163e-02	-1.350473e+01
3.758000e-05	6.915856e-02	-1.331741e+01
3.759000e-05	6.333646e-02	-1.322905e+01
3.760000e-05	5.775579e-02	-1.303215e+01
3.761000e-05	5.247910e-02	-1.293378e+01
3.762000e-05	4.957531e-02	-1.273644e+01
3.763000e-05	4.629598e-02	-1.259109e+01
3.764000e-05	4.473757e-02	-1.238155e+01
3.765000e-05	3.979555e-02	-1.221260e+01
3.766000e-05	3.778845e-02	-1.209315e+01
3.767000e-05	3.459287e-02	-1.185323e+01
3.768000e-05	3.384624e-02	-1.164220e+01
3.769000e-05	2.954857e-02	-1.139107e+01
3.770000e-05	2.770011e-02	-1.123963e+01
3.771000e-05	2.671459e-02	-1.099854e+01
3.772000e-05	2.765852e-02	-1.081002e+01
3.773000e-05	2.472864e-02	-1.062100e+01
3.774000e-05	2.331169e-02	-1.039152e+01
3.775000e-05	2.066205e-02	-1.020949e+01
3.776000e-05	2.018613e-02	-9.946967e+00
3.777000e-05	1.950345e-02	-9.777439e+00
3.778000e-05	1.767445e-02	-9.555314e+00
3.779000e-05	1.722313e-02	-9.304729e+00
3.780000e-05	1.476536e-02	-9.103203e+00
3.781000e-05	1.584545e-02	-8.831702e+00
3.782000e-05	1.205719e-02	-8.603045e+00
3.783000e-05	1.162434e-02	-8.346939e+00
3.784000e-05	1.070617e-02	-8.165837e+00
3.785000e-05	1.286196e-02	-7.853676e+00
3.786000e-05	1.123404e-02	-7.588522e+00
3.787000e-05	9.642516e-03	-7.347813e+00
3.788000e-05	6.326256e-03	-7.063703e+00
3.789000e-05	6.368726e-03	-6.820594e+00
3.790000e-05	5.192824e-03	-6.578370e+00
3.791000e-05	6.057844e-03	-6.286361e+00
3.792000e-05	5.532398e-03	-6.012127e+00
3.793000e-05	4.082599e-03	-5.737365e+00
3.794000e-05	4.823827e-03	-5.535277e+00
3.795000e-05	2.728832e-03	-5.190020e+00
3.796000e-05	1.288530e-03	-4.905831e+00
3.797000e-05	5.150381e-04	-4.537570e+00
3.798000e-05	1.785442e-03	-4.357970e+00
3.799000e-05	1.519094e-03	-4.085658e+00
3.800000e-05	-1.097264e-03	-3.791519e+00
3.801000e-05	-1.805193e-03	-3.537310e+00
3.802000e-05	-4.224659e-03	-3.275703e+00
3.803000e-05	-6.717655e-04	-2.937992e+00
3.804000e-05	-3.491697e-03	-2.704732e+00
3.805000e-05	-1.236529e-03	-2.430600e+00
3.806000e-05	-4.969062e-03	-2.105708e+00
3.807000e-05	-1.931926e-03	-1.802703e+00
3.808000e-05	-4.992160e-03	-1.568019e+00
3.809000e-05	-4.822249e-03	-1.223670e+00
3.810000e-05	-7.729883e-03	-8.978370e-01
3.811000e-05	-6.401063e-03	-6.736767e-01
3.812000e-05	-6.142502e-03	-3.394923e-01
3.813000e-05	-5.073092e-03	-1.072342e-01
3.814000e-05	4.236211e-03	1.784024e-01
3.815000e-05	2.702234e-03	4.616840e-01
3.816000e-05	8.983611e-04	7.147668e-01
3.817000e-05	3.526428e-03	1.000901e+00
3.818000e-05	-1.083590e-03	1.303709e+00
3.819000e-05	-8.784272e-04	1.599426e+00
3.820000e-05	2.510833e-03	1.873083e+00
3.821000e-05	2.380212e-02	2.073610e+00
3.822000e-05	9.168996e-02	2.325318e+00
3.823000e-05	3.824920e-02	2.713267e+00
3.824000e-05	-5.943719e-02	3.039429e+00
3.825000e-05	-2.571136e-02	3.265113e+00
3.826000e-05	-3.459586e-02	3.580944e+00
3.827000e-05	-4.611089e-02	3.789576e+00
3.828000e-05	-7.972198e-02	3.998480e+00
3.829000e-05	7.568723e-02	4.272642e+00
3.830000e-05	7.190637e-03	4.546926e+00
3.831000e-05	-6.273657e-02	4.818520e+00
3.832000e-05	1.603975e-01	5.116767e+00
3.833000e-05	-1.431106e-01	5.412184e+00
3.834000e-05	4.789639e-02	5.672263e+00
3.835000e-05	-3.436223e-02	5.997471e+00
3.836000e-05	-4.691826e-04	6.220451e+00
3.837000e-05	3.859245e-02	6.514213e+00
3.838000e-05	-6.730323e-02	6.797971e+00
3.839000e-05	4.528078e-02	7.060032e+00
3.840000e-05	-5.875897e-02	7.284833e+00
3.841000e-05	2.292539e-02	7.567948e+00
3.842000e-05	-5.318661e-02	7.923130e+00
3.843000e-05	-6.117992e-03	8.104822e+00
3.844000e-05	2.457660e-02	8.377948e+00
3.845000e-05	-3.436633e-02	8.598024e+00
3.846000e-05	1.525132e-02	8.849525e+00
3.847000e-05	-5.095558e-02	9.041109e+00
3.848000e-05	-1.332644e-02	9.314286e+00
3.849000e-05	-9.809086e-03	9.515264e+00
3.850000e-05	-9.854363e-03	9.756321e+00
3.851000e-05	-2.423623e-02	9.967422e+00
3.852000e-05	-2.796704e-02	1.020850e+01
3.853000e-05	-1.167766e-03	1.043908e+01
3.854000e-05	-2.925895e-02	1.059998e+01
3.855000e-05	-2.152485e-02	1.082053e+01
3.856000e-05	-3.538109e-02	1.105058e+01
3.857000e-05	-1.751210e-02	1.126110e+01
3.858000e-05	-1.720294e-02	1.144216e+01
3.859000e-05	-2.916365e-02	1.165848e+01
3.860000e-05	-3.860248e-02	1.189211e+01
3.861000e-05	-3.360343e-02	1.207013e+01
3.862000e-05	-2.029659e-02	1.222053e+01
3.863000e-05	-2.663112e-02	1.240945e+01
3.864000e-05	-3.749675e-02	1.258694e+01
3.865000e-05	-4.182657e-02	1.271577e+01
3.866000e-05	-3.247634e-02	1.290223e+01
3.867000e-05	-3.277331e-02	1.303355e+01
3.868000e-05	-4.250966e-02	1.320810e+01
3.869000e-05	-4.913418e-02	1.333544e+01
3.870000e-05	-3.836655e-02	1.351467e+01
3.871000e-05	-3.734959e-02	1.366213e+01
3.872000e-05	-4.470189e-02	1.376639e+01
3.873000e-05	-5.922536e-02	1.387326e+01
3.874000e-05	-5.329104e-02	1.407858e+01
3.875000e-05	-5.015329e-02	1.411802e+01
3.876000e-05	-4.690943e-02	1.424421e+01
3.877000e-05	-6.182179e-02	1.439907e+01
3.878000e-05	-6.225347e-02	1.450379e+01
3.879000e-05	-5.795251e-02	1.458848e+01
3.880000e-05	-5.871678e-02	1.467221e+01
3.881000e-05	-6.590755e-02	1.475694e+01
3.882000e-05	-7.739709e-02	1.489258e+01
3.883000e-05	-7.172290e-02	1.491379e+01
3.884000e-05	-7.128625e-02	1.499694e+01
3.885000e-05	-7.445113e-02	1.504915e+01
3.886000e-05	-8.686923e-02	1.514386e+01
3.887000e-05	-8.716614e-02	1.515594e+01
3.888000e-05	-8.457485e-02	1.522808e+01
3.889000e-05	-8.671280e-02	1.528158e+01
3.890000e-05	-9.704562e-02	1.529476e+01
3.891000e-05	-1.047729e-01	1.535576e+01
3.892000e-05	-1.025364e-01	1.536732e+01
3.893000e-05	-1.040158e-01	1.536744e+01
3.894000e-05	-1.114176e-01	1.539742e+01
3.895000e-05	-1.209977e-01	1.539902e+01
3.896000e-05	-1.231353e-01	1.540950e+01
3.897000e-05	-1.244966e-01	1.538905e+01
3.898000e-05	-1.341422e-01	1.538799e+01
3.899000e-05	-1.474241e-01	1.536889e+01
3.900000e-05	-1.594042e-01	1.537499e+01
3.901000e-05	-1.647677e-01	1.535479e+01
3.902000e-05	-1.786845e-01	1.527426e+01
3.903000e-05	-1.994062e-01	1.524211e+01
3.904000e-05	-2.279027e-01	1.521060e+01
3.905000e-05	-2.439568e-01	1.522792e+01
3.906000e-05	-2.500000e-01	1.512484e+01
3.907000e-05	-2.500000e-01	1.509420e+01
3.908000e-05	-2.500000e-01	1.496947e+01
3.909000e-05	-2.500000e-01	1.490586e+01
3.910000e-05	-2.500000e-01	1.489313e+01
3.911000e-05	-2.500000e-01	1.477697e+01
3.912000e-05	-2.495990e-01	1.467481e+01
3.913000e-05	-2.351258e-01	1.464057e+01
3.914000e-05	-2.021439e-01	1.452529e+01
3.915000e-05	-1.765142e-01	1.440963e+01
3.916000e-05	-1.566596e-01	1.429531e+01
3.917000e-05	-1.445288e-01	1.416949e+01
3.918000e-05	-1.279469e-01	1.404218e+01
3.919000e-05	-1.143411e-01	1.392741e+01
3.920000e-05	-1.037706e-01	1.380955e+01
3.921000e-05	-9.829101e-02	1.366273e+01
3.922000e-05	-9.179230e-02	1.354592e+01
3.923000e-05	-8.224541e-02	1.340007e+01
3.924000e-05	-7.328649e-02	1.324218e+01
3.925000e-05	-7.166016e-02	1.311378e+01
3.926000e-05	-6.955734e-02	1.295736e+01
3.927000e-05	-6.620293e-02	1.278854e+01
3.928000e-05	-5.924543e-02	1.263210e+01
3.929000e-05	-5.684766e-02	1.244116e+01
3.930000e-05	-5.507548e-02	1.229336e+01
3.931000e-05	-5.176518e-02	1.209536e+01
3.932000e-05	-4.742715e-02	1.194579e+01
3.933000e-05	-4.456395e-02	1.173686e+01
3.934000e-05	-4.641311e-02	1.150541e+01
3.935000e-05	-4.584963e-02	1.127634e+01
3.936000e-05	-4.381686e-02	1.111386e+01
3.937000e-05	-3.886981e-02	1.091641e+01
3.938000e-05	-3.743873e-02	1.070491e+01
3.939000e-05	-3.870732e-02	1.048534e+01
3.940000e-05	-3.735063e-02	1.027471e+01
3.941000e-05	-3.360819e-02	1.007528e+01
3.942000e-05	-3.275078e-02	9.861577e+00
3.943000e-05	-3.443578e-02	9.589075e+00
3.944000e-05	-3.282142e-02	9.390022e+00
3.945000e-05	-3.115058e-02	9.170495e+00
3.946000e-05	-2.789999e-02	8.937941e+00
3.947000e-05	-2.959812e-02	8.684360e+00
3.948000e-05	-2.963505e-02	8.454280e+00
3.949000e-05	-2.851681e-02	8.244227e+00
3.950000e-05	-2.495017e-02	8.018990e+00
3.951000e-05	-2.565119e-02	7.727489e+00
3.952000e-05	-2.624677e-02	7.492225e+00
3.953000e-05	-2.608160e-02	7.147945e+00
3.954000e-05	-2.397904e-02	6.947412e+00
3.955000e-05	-2.189724e-02	6.675758e+00
3.956000e-05	-2.332841e-02	6.400996e+00
3.957000e-05	-2.370867e-02	6.140494e+00
3.958000e-05	-2.087339e-02	5.926361e+00
3.959000e-05	-1.869162e-02	5.600150e+00
3.960000e-05	-1.946495e-02	5.389040e+00
3.961000e-05	-2.159905e-02	5.022125e+00
3.962000e-05	-2.107100e-02	4.727866e+00
3.963000e-05	-1.774770e-02	4.475731e+00
3.964000e-05	-1.811141e-02	4.209075e+00
3.965000e-05	-1.799932e-02	3.896757e+00
3.966000e-05	-1.809857e-02	3.642654e+00
3.967000e-05	-1.594197e-02	3.331017e+00
3.968000e-05	-1.394379e-02	3.055756e+00
3.969000e-05	-1.544366e-02	2.791624e+00
3.970000e-05	-1.687716e-02	2.567766e+00
3.971000e-05	-1.515791e-02	2.242177e+00
3.972000e-05	-1.317665e-02	1.979945e+00
3.973000e-05	-1.202801e-02	1.664781e+00
3.974000e-05	-1.305947e-02	1.369424e+00
3.975000e-05	-1.296531e-02	1.056730e+00
3.976000e-05	-1.089775e-02	7.490660e-01
3.977000e-05	-1.085488e-02	4.757078e-01
3.978000e-05	-9.356389e-03	2.311465e-01
3.979000e-05	-8.066700e-03	-7.368796e-02
3.980000e-05	3.657195e-03	-3.173184e-01
3.981000e-05	-6.014668e-05	-6.115012e-01
3.982000e-05	1.600797e-03	-8.722394e-01
3.983000e-05	-2.932242e-04	-1.146846e+00
3.984000e-05	4.245091e-04	-1.483139e+00
3.985000e-05	4.009143e-04	-1.733763e+00
3.986000e-05	2.142966e-02	-1.936268e+00
3.987000e-05	9.772736e-02	-2.177846e+00
3.988000e-05	7.037284e-02	-2.564768e+00
3.989000e-05	-6.046036e-02	-2.995875e+00
3.990000e-05	-2.230415e-03	-3.315166e+00
3.991000e-05	-4.516634e-02	-3.514767e+00
3.992000e-05	-5.749824e-02	-3.765293e+00
3.993000e-05	-5.004744e-02	-3.967921e+00
3.994000e-05	1.760148e-01	-4.143742e+00
3.995000e-05	-1.685592e-01	-4.429530e+00
3.996000e-05	1.490430e-01	-4.755818e+00
3.997000e-05	-4.256635e-03	-4.954374e+00
3.998000e-05	-7.028785e-02	-5.397296e+00
3.999000e-05	1.288645e-01	-5.567900e+00
4.000000e-05	-1.822939e-01	-5.872659e+00
4.001000e-05	1.608401e-01	-6.144340e+00
4.002000e-05	-4.851906e-02	-6.416346e+00
4.003000e-05	3.093001e-02	-6.673738e+00
4.004000e-05	6.927133e-02	-6.954861e+00
4.005000e-05	-9.373753e-02	-7.231135e+00
4.006000e-05	1.220973e-01	-7.481661e+00
4.007000e-05	-9.760598e-02	-7.765366e+00
4.008000e-05	1.031348e-01	-8.030131e+00
4.009000e-05	-8.012346e-03	-8.259157e+00
4.010000e-05	2.908503e-03	-8.594892e+00
4.011000e-05	8.404161e-02	-8.734821e+00
4.012000e-05	-8.372995e-02	-9.048574e+00
4.013000e-05	9.365636e-02	-9.231004e+00
4.014000e-05	-5.530127e-02	-9.460537e+00
4.015000e-05	9.886818e-02	-9.712211e+00
4.016000e-05	-1.280239e-02	-9.913714e+00
4.017000e-05	4.262434e-02	-1.013579e+01
4.018000e-05	1.946526e-02	-1.035427e+01
4.019000e-05	2.281111e-04	-1.054648e+01
4.020000e-05	5.983595e-02	-1.074694e+01
4.021000e-05	-2.214726e-02	-1.098592e+01
4.022000e-05	7.223741e-02	-1.117530e+01
4.023000e-05	-1.458699e-02	-1.139790e+01
4.024000e-05	7.384733e-02	-1.162895e+01
4.025000e-05	-6.656423e-03	-1.183953e+01
4.026000e-05	5.128907e-02	-1.202897e+01
4.027000e-05	1.413404e-02	-1.216695e+01
4.028000e-05	4.992899e-02	-1.237852e+01
4.029000e-05	3.412881e-02	-1.252481e+01
4.030000e-05	2.470644e-02	-1.276434e+01
4.031000e-05	3.894115e-02	-1.288158e+01
4.032000e-05	2.596293e-02	-1.306065e+01
4.033000e-05	5.574295e-02	-1.316702e+01
4.034000e-05	2.645619e-02	-1.334481e+01
4.035000e-05	5.712149e-02	-1.346281e+01
4.036000e-05	3.169586e-02	-1.362700e+01
4.037000e-05	5.903324e-02	-1.375589e+01
4.038000e-05	3.425971e-02	-1.396374e+01
4.039000e-05	4.873720e-02	-1.404808e+01
4.040000e-05	4.062146e-02	-1.417639e+01
4.041000e-05	5.801469e-02	-1.425156e+01
4.042000e-05	5.419658e-02	-1.438842e+01
4.043000e-05	5.511106e-02	-1.448121e+01
4.044000e-05	5.519099e-02	-1.455850e+01
4.045000e-05	5.923777e-02	-1.470279e+01
4.046000e-05	6.782763e-02	-1.481847e+01
4.047000e-05	6.205965e-02	-1.487160e+01
4.048000e-05	6.776538e-02	-1.493636e+01
4.049000e-05	6.510766e-02	-1.500907e+01
4.050000e-05	7.611702e-02	-1.510371e+01
4.051000e-05	6.940018e-02	-1.516636e+01
4.052000e-05	7.650559e-02	-1.523899e+01
4.053000e-05	7.676184e-02	-1.525057e+01
4.054000e-05	9.083444e-02	-1.526273e+01
4.055000e-05	8.940748e-02	-1.531424e+01
4.056000e-05	9.225958e-02	-1.535582e+01
4.057000e-05	9.117304e-02	-1.541752e+01
4.058000e-05	9.678855e-02	-1.544054e+01
4.059000e-05	1.039965e-01	-1.547013e+01
4.060000e-05	1.066529e-01	-1.543063e+01
4.061000e-05	1.118933e-01	-1.543168e+01
4.062000e-05	1.173901e-01	-1.547170e+01
4.063000e-05	1.281544e-01	-1.546315e+01
4.064000e-05	1.319114e-01	-1.546112e+01
4.065000e-05	1.373312e-01	-1.544102e+01
4.066000e-05	1.456059e-01	-1.535702e+01
4.067000e-05	1.625384e-01	-1.539847e+01
4.068000e-05	1.788440e-01	-1.532684e+01
4.069000e-05	1.983068e-01	-1.530273e+01
4.070000e-05	2.223093e-01	-1.524915e+01
4.071000e-05	2.433583e-01	-1.521107e+01
4.072000e-05	2.500000e-01	-1.519792e+01
4.073000e-05	2.500000e-01	-1.509438e+01
4.074000e-05	2.500000e-01	-1.504260e+01
4.075000e-05	2.500000e-01	-1.496639e+01
4.076000e-05	2.500000e-01	-1.488428e+01
4.077000e-05	2.500000e-01	-1.482158e+01
4.078000e-05	2.435483e-01	-1.474533e+01
4.079000e-05	2.153846e-01	-1.466262e+01
4.080000e-05	1.882935e-01	-1.452584e+01
4.081000e-05	1.653685e-01	-1.441065e+01
4.082000e-05	1.451374e-01	-1.432684e+01
4.083000e-05	1.268570e-01	-1.425012e+01
4.084000e-05	1.142442e-01	-1.413181e+01
4.085000e-05	1.029404e-01	-1.397694e+01
4.086000e-05	9.271660e-02	-1.385155e+01
4.087000e-05	8.253178e-02	-1.365623e+01
4.088000e-05	7.630934e-02	-1.355689e+01
4.089000e-05	7.077407e-02	-1.342059e+01
4.090000e-05	6.717564e-02	-1.326320e+01
4.091000e-05	5.900462e-02	-1.310481e+01
4.092000e-05	5.461616e-02	-1.295742e+01
4.093000e-05	4.986450e-02	-1.279000e+01
4.094000e-05	4.934414e-02	-1.267265e+01
4.095000e-05	4.444130e-02	-1.246323e+01
4.096000e-05	4.120224e-02	-1.229421e+01
4.097000e-05	3.876990e-02	-1.213634e+01
4.098000e-05	3.673630e-02	-1.193694e+01
4.099000e-05	3.470896e-02	-1.174729e+01
4.100000e-05	3.076261e-02	-1.149586e+01
4.101000e-05	2.870060e-02	-1.128328e+01
4.102000e-05	2.805823e-02	-1.106368e+01
4.103000e-05	2.728326e-02	-1.088371e+01
4.104000e-05	2.528949e-02	-1.069568e+01
4.105000e-05	2.302778e-02	-1.049421e+01
4.106000e-05	2.139963e-02	-1.025373e+01
4.107000e-05	2.061233e-02	-1.005363e+01
4.108000e-05	1.976119e-02	-9.860124e+00
4.109000e-05	1.791961e-02	-9.621047e+00
4.110000e-05	1.704159e-02	-9.370020e+00
4.111000e-05	1.600755e-02	-9.137965e+00
4.112000e-05	1.554965e-02	-8.976966e+00
4.113000e-05	1.346974e-02	-8.723305e+00
4.114000e-05	1.178982e-02	-8.482627e+00
4.115000e-05	1.167284e-02	-8.229545e+00
4.116000e-05	1.102695e-02	-7.991464e+00
4.117000e-05	1.177981e-02	-7.705356e+00
4.118000e-05	7.872529e-03	-7.422074e+00
4.119000e-05	9.786674e-03	-7.178993e+00
4.120000e-05	6.334619e-03	-6.896386e+00
4.121000e-05	8.532945e-03	-6.694099e+00
4.122000e-05	4.006228e-03	-6.399596e+00
4.123000e-05	5.747899e-03	-6.117311e+00
4.124000e-05	2.648793e-03	-5.853754e+00
4.125000e-05	5.302960e-03	-5.600120e+00
4.126000e-05	2.625438e-03	-5.314784e+00
4.127000e-05	2.761178e-03	-5.041574e+00
4.128000e-05	5.114964e-04	-4.663285e+00
4.129000e-05	2.745620e-03	-4.442701e+00
4.130000e-05	9.373827e-04	-4.210050e+00
4.131000e-05	-2.306438e-04	-3.908912e+00
4.132000e-05	-2.115104e-03	-3.651628e+00
4.133000e-05	-3.034577e-03	-3.379920e+00
4.134000e-05	-2.933595e-03	-3.095757e+00
4.135000e-05	-2.738341e-03	-2.770044e+00
4.136000e-05	-2.107598e-03	-2.507338e+00
4.137000e-05	-3.123635e-03	-2.234173e+00
4.138000e-05	-2.562130e-03	-1.948363e+00
4.139000e-05	-4.476077e-03	-1.683658e+00
4.140000e-05	-4.950933e-03	-1.377988e+00
4.141000e-05	-7.692948e-03	-1.052680e+00
4.142000e-05	-5.432052e-03	-8.005423e-01
4.143000e-05	-7.858118e-03	-4.631543e-01
4.144000e-05	-5.632658e-03	-2.005963e-01
4.145000e-05	-1.665470e-03	5.051170e-02
4.146000e-05	9.405059e-03	3.788997e-01
4.147000e-05	-2.007430e-03	6.499550e-01
4.148000e-05	5.846315e-03	8.615904e-01
4.149000e-05	-3.332377e-03	1.157376e+00
4.150000e-05	1.859687e-03	1.440587e+00
4.151000e-05	-3.385475e-03	1.807900e+00
4.152000e-05	1.502364e-02	1.977474e+00
4.153000e-05	5.850078e-02	2.230056e+00
4.154000e-05	9.339806e-02	2.517271e+00
4.155000e-05	-5.076794e-02	2.914193e+00
4.156000e-05	-2.818159e-02	3.126368e+00
4.157000e-05	-3.897427e-02	3.451613e+00
4.158000e-05	-2.700931e-02	3.735243e+00
4.159000e-05	-8.972801e-02	3.935745e+00
4.160000e-05	2.832084e-03	4.146799e+00
4.161000e-05	9.859032e-02	4.473187e+00
4.162000e-05	-1.262501e-01	4.725321e+00
4.163000e-05	1.547749e-01	5.017996e+00
4.164000e-05	-5.399881e-02	5.356870e+00
4.165000e-05	-4.335865e-02	5.578425e+00
4.166000e-05	3.608460e-02	5.843242e+00
4.167000e-05	-6.059073e-02	6.146320e+00
4.168000e-05	6.772392e-02	6.438399e+00
4.169000e-05	-6.004321e-02	6.693689e+00
4.170000e-05	1.317808e-02	6.925270e+00
4.171000e-05	-1.442295e-02	7.178474e+00
4.172000e-05	-2.039370e-02	7.492614e+00
4.173000e-05	2.648320e-03	7.787397e+00
4.174000e-05	-5.542272e-02	8.041008e+00
4.175000e-05	4.257104e-02	8.292162e+00
4.176000e-05	-2.708300e-02	8.505763e+00
4.177000e-05	-4.903261e-03	8.714716e+00
4.178000e-05	-1.575841e-02	8.977845e+00
4.179000e-05	-5.352672e-02	9.197979e+00
4.180000e-05	1.537308e-02	9.429029e+00
4.181000e-05	-2.795476e-02	9.681658e+00
4.182000e-05	2.567070e-03	9.904192e+00
4.183000e-05	-4.505675e-02	1.006524e+01
4.184000e-05	2.320181e-03	1.034579e+01
4.185000e-05	-2.330650e-02	1.053237e+01
4.186000e-05	-2.678381e-02	1.076535e+01
4.187000e-05	-2.586408e-02	1.095597e+01
4.188000e-05	-3.499350e-02	1.119547e+01
4.189000e-05	-4.057920e-03	1.140742e+01
4.190000e-05	-3.477776e-02	1.158695e+01
4.191000e-05	-2.443791e-02	1.176450e+01
4.192000e-05	-4.584317e-02	1.197752e+01
4.193000e-05	-1.707689e-02	1.215740e+01
4.194000e-05	-2.764071e-02	1.236485e+01
4.195000e-05	-3.118343e-02	1.247221e+01
4.196000e-05	-4.300884e-02	1.267408e+01
4.197000e-05	-3.965420e-02	1.283063e+01
4.198000e-05	-2.719523e-02	1.298890e+01
4.199000e-05	-4.126160e-02	1.315547e+01
4.200000e-05	-4.218465e-02	1.326274e+01
4.201000e-05	-4.805664e-02	1.344103e+01
4.202000e-05	-3.206293e-02	1.358690e+01
4.203000e-05	-4.431716e-02	1.374234e+01
4.204000e-05	-5.160480e-02	1.384160e+01
4.205000e-05	-5.951115e-02	1.403850e+01
4.206000e-05	-5.001358e-02	1.411337e+01
4.207000e-05	-4.766153e-02	1.424220e+01
4.208000e-05	-5.587037e-02	1.437899e+01
4.209000e-05	-6.265692e-02	1.446166e+01
4.210000e-05	-6.225998e-02	1.456792e+01
4.211000e-05	-5.637114e-02	1.465063e+01
4.212000e-05	-6.401980e-02	1.472492e+01
4.213000e-05	-7.072471e-02	1.484003e+01
4.214000e-05	-7.531499e-02	1.491419e+01
4.215000e-05	-6.938093e-02	1.494539e+01
4.216000e-05	-7.306802e-02	1.503053e+01
4.217000e-05	-8.309602e-02	1.510413e+01
4.218000e-05	-9.013652e-02	1.517692e+01
4.219000e-05	-8.716587e-02	1.521905e+01
4.220000e-05	-8.357413e-02	1.526163e+01
4.221000e-05	-9.131726e-02	1.527215e+01
4.222000e-05	-1.007248e-01	1.530571e+01
4.223000e-05	-1.032766e-01	1.533741e+01
4.224000e-05	-1.027094e-01	1.536639e+01
4.225000e-05	-1.091326e-01	1.536794e+01
4.226000e-05	-1.195560e-01	1.540849e+01
4.227000e-05	-1.241964e-01	1.538910e+01
4.228000e-05	-1.240251e-01	1.539809e+01
4.229000e-05	-1.280080e-01	1.536900e+01
4.230000e-05	-1.410692e-01	1.539799e+01
4.231000e-05	-1.540232e-01	1.536732e+01
4.232000e-05	-1.626932e-01	1.533584e+01
4.233000e-05	-1.715214e-01	1.529376e+01
4.234000e-05	-1.902722e-01	1.529366e+01
4.235000e-05	-2.173823e-01	1.524158e+01
4.236000e-05	-2.404715e-01	1.518005e+01
4.237000e-05	-2.494535e-01	1.515786e+01
4.238000e-05	-2.500000e-01	1.510370e+01
4.239000e-05	-2.500000e-01	1.499107e+01
4.240000e-05	-2.500000e-01	1.494694e+01
4.241000e-05	-2.500000e-01	1.489266e+01
4.242000e-05	-2.500000e-01	1.482005e+01
4.243000e-05	-2.500000e-01	1.471641e+01
4.244000e-05	-2.440222e-01	1.466211e+01
4.245000e-05	-2.154600e-01	1.459737e+01
4.246000e-05	-1.854240e-01	1.445511e+01
4.247000e-05	-1.621146e-01	1.437641e+01
4.248000e-05	-1.484428e-01	1.418120e+01
4.249000e-05	-1.338289e-01	1.414431e+01
4.250000e-05	-1.176325e-01	1.392745e+01
4.251000e-05	-1.051602e-01	1.387270e+01
4.252000e-05	-9.947739e-02	1.370531e+01
4.253000e-05	-9.583741e-02	1.354899e+01
4.254000e-05	-8.588833e-02	1.341110e+01
4.255000e-05	-7.779643e-02	1.328486e+01
4.256000e-05	-7.093048e-02	1.312492e+01
4.257000e-05	-7.225670e-02	1.301010e+01
4.258000e-05	-6.700485e-02	1.284315e+01
4.259000e-05	-6.130541e-02	1.267273e+01
4.260000e-05	-5.506226e-02	1.251781e+01
4.261000e-05	-5.661158e-02	1.233794e+01
4.262000e-05	-5.462346e-02	1.219894e+01
4.263000e-05	-5.091730e-02	1.199107e+01
4.264000e-05	-4.576512e-02	1.181255e+01
4.265000e-05	-4.583318e-02	1.156959e+01
4.266000e-05	-4.593753e-02	1.140897e+01
4.267000e-05	-4.418848e-02	1.120807e+01
4.268000e-05	-3.968591e-02	1.100007e+01
4.269000e-05	-3.748048e-02	1.078005e+01
4.270000e-05	-3.687108e-02	1.056949e+01
4.271000e-05	-3.855181e-02	1.035907e+01
4.272000e-05	-3.509197e-02	1.014797e+01
4.273000e-05	-3.388291e-02	9.915811e+00
4.274000e-05	-3.316644e-02	9.724836e+00
4.275000e-05	-3.401757e-02	9.472801e+00
4.276000e-05	-3.123816e-02	9.252705e+00
4.277000e-05	-2.941253e-02	9.031122e+00
4.278000e-05	-2.831023e-02	8.779073e+00
4.279000e-05	-2.893015e-02	8.587969e+00
4.280000e-05	-2.827777e-02	8.357340e+00
4.281000e-05	-2.614129e-02	8.053828e+00
4.282000e-05	-2.574717e-02	7.810148e+00
4.283000e-05	-2.516849e-02	7.599999e+00
4.284000e-05	-2.666605e-02	7.273357e+00
4.285000e-05	-2.401607e-02	7.060677e+00
4.286000e-05	-2.329648e-02	6.811544e+00
4.287000e-05	-2.213199e-02	6.516836e+00
4.288000e-05	-2.349084e-02	6.263631e+00
4.289000e-05	-2.141736e-02	6.031049e+00
4.290000e-05	-2.070975e-02	5.727387e+00
4.291000e-05	-1.970331e-02	5.484704e+00
4.292000e-05	-2.195588e-02	5.148590e+00
4.293000e-05	-2.006369e-02	4.851178e+00
4.294000e-05	-1.915295e-02	4.567919e+00
4.295000e-05	-1.750068e-02	4.295862e+00
4.296000e-05	-1.848296e-02	4.031073e+00
4.297000e-05	-1.823746e-02	3.738416e+00
4.298000e-05	-1.714346e-02	3.536256e+00
4.299000e-05	-1.433956e-02	3.179921e+00
4.300000e-05	-1.474821e-02	2.897258e+00
4.301000e-05	-1.591615e-02	2.662228e+00
4.302000e-05	-1.510465e-02	2.317387e+00
4.303000e-05	-1.392236e-02	2.082658e+00
4.304000e-05	-1.337742e-02	1.792546e+00
4.305000e-05	-1.392656e-02	1.534762e+00
4.306000e-05	-1.313525e-02	1.181124e+00
4.307000e-05	-1.212457e-02	8.447303e-01
4.308000e-05	-1.036873e-02	6.110688e-01
4.309000e-05	-9.420362e-03	3.073608e-01
4.310000e-05	-8.473654e-03	2.649878e-03
4.311000e-05	-1.577805e-03	-2.700842e-01
4.312000e-05	5.652223e-03	-4.936431e-01
4.313000e-05	-3.524924e-03	-7.694762e-01
4.314000e-05	2.589604e-03	-1.051609e+00
4.315000e-05	-3.095358e-03	-1.338220e+00
4.316000e-05	2.346379e-03	-1.630983e+00
4.317000e-05	8.722286e-03	-1.871608e+00
4.318000e-05	5.692654e-02	-2.070583e+00
4.319000e-05	1.209617e-01	-2.438457e+00
4.320000e-05	-4.297297e-02	-2.807903e+00
4.321000e-05	-1.035121e-02	-3.179879e+00
4.322000e-05	-3.699670e-02	-3.450005e+00
4.323000e-05	-3.494920e-02	-3.681133e+00
4.324000e-05	-1.060787e-01	-3.892687e+00
4.325000e-05	1.475162e-01	-4.082604e+00
4.326000e-05	-4.858016e-02	-4.302166e+00
4.327000e-05	-1.080852e-02	-4.641532e+00
4.328000e-05	1.592662e-01	-4.840010e+00
4.329000e-05	-1.784074e-01	-5.217476e+00
4.330000e-05	1.599909e-01	-5.463244e+00
4.331000e-05	-1.206942e-01	-5.754817e+00
4.332000e-05	2.897530e-02	-6.063158e+00
4.333000e-05	9.551955e-02	-6.252559e+00
4.334000e-05	-8.926203e-02	-6.615899e+00
4.335000e-05	1.479755e-01	-6.851555e+00
4.336000e-05	-1.121462e-01	-7.094218e+00
4.337000e-05	8.224530e-02	-7.429025e+00
4.338000e-05	-1.954987e-02	-7.671004e+00
4.339000e-05	-2.870023e-03	-7.956297e+00
4.340000e-05	9.730890e-02	-8.185946e+00
4.341000e-05	-7.653948e-02	-8.420500e+00
4.342000e-05	1.279186e-01	-8.703158e+00
4.343000e-05	-7.310686e-02	-8.914192e+00
4.344000e-05	4.925813e-02	-9.136841e+00
4.345000e-05	-3.773213e-03	-9.385389e+00
4.346000e-05	2.285452e-02	-9.586953e+00
4.347000e-05	6.545673e-02	-9.839026e+00
4.348000e-05	-2.427301e-02	-1.005865e+01
4.349000e-05	7.853169e-02	-1.029021e+01
4.350000e-05	-4.208163e-02	-1.048316e+01
4.351000e-05	8.293139e-02	-1.070219e+01
4.352000e-05	-2.480820e-02	-1.091126e+01
4.353000e-05	5.878485e-02	-1.113374e+01
4.354000e-05	5.015644e-03	-1.128376e+01
4.355000e-05	4.312316e-02	-1.157437e+01
4.356000e-05	2.932216e-02	-1.174432e+01
4.357000e-05	1.647221e-02	-1.190432e+01
4.358000e-05	4.257551e-02	-1.212434e+01
4.359000e-05	1.742268e-02	-1.231324e+01
4.360000e-05	6.054585e-02	-1.246166e+01
4.361000e-05	9.843676e-03	-1.267163e+01
4.362000e-05	5.042361e-02	-1.283811e+01
4.363000e-05	1.624720e-02	-1.296639e+01
4.364000e-05	5.719138e-02	-1.314484e+01
4.365000e-05	2.902447e-02	-1.328223e+01
4.366000e-05	5.034354e-02	-1.344115e+01
4.367000e-05	3.682378e-02	-1.361742e+01
4.368000e-05	4.829510e-02	-1.369279e+01
4.369000e-05	4.612647e-02	-1.386110e+01
4.370000e-05	4.079325e-02	-1.402845e+01
4.371000e-05	4.773490e-02	-1.411318e+01
4.372000e-05	4.886795e-02	-1.422110e+01
4.373000e-05	6.190577e-02	-1.433637e+01
4.374000e-05	5.165858e-02	-1.446268e+01
4.375000e-05	5.827078e-02	-1.453692e+01
4.376000e-05	5.240256e-02	-1.465163e+01
4.377000e-05	6.764861e-02	-1.477484e+01
4.378000e-05	6.143212e-02	-1.488165e+01
4.379000e-05	6.850654e-02	-1.492371e+01
4.380000e-05	6.400923e-02	-1.500642e+01
4.381000e-05	7.553607e-02	-1.512173e+01
4.382000e-05	7.160635e-02	-1.512423e+01
4.383000e-05	7.581939e-02	-1.519747e+01
4.384000e-05	7.458293e-02	-1.524010e+01
4.385000e-05	8.435907e-02	-1.525119e+01
4.386000e-05	8.924133e-02	-1.531466e+01
4.387000e-05	9.070019e-02	-1.532694e+01
4.388000e-05	9.212634e-02	-1.541809e+01
4.389000e-05	9.340899e-02	-1.539805e+01
4.390000e-05	1.026087e-01	-1.544055e+01
4.391000e-05	1.051122e-01	-1.544075e+01
4.392000e-05	1.112966e-01	-1.546166e+01
4.393000e-05	1.140594e-01	-1.547265e+01
4.394000e-05	1.248247e-01	-1.544113e+01
4.395000e-05	1.301693e-01	-1.544107e+01
4.396000e-05	1.350846e-01	-1.545122e+01
4.397000e-05	1.415792e-01	-1.537000e+01
4.398000e-05	1.553481e-01	-1.538804e+01
4.399000e-05	1.735465e-01	-1.534794e+01
4.400000e-05	1.908276e-01	-1.530334e+01
4.401000e-05	2.133376e-01	-1.527268e+01
4.402000e-05	2.370271e-01	-1.522002e+01
4.403000e-05	2.492432e-01	-1.520792e+01
4.404000e-05	2.500000e-01	-1.513494e+01
4.405000e-05	2.500000e-01	-1.506073e+01
4.406000e-05	2.500000e-01	-1.498807e+01
4.407000e-05	2.500000e-01	-1.493578e+01
4.408000e-05	2.500000e-01	-1.484110e+01
4.409000e-05	2.484832e-01	-1.475632e+01
4.410000e-05	2.282990e-01	-1.469273e+01
4.411000e-05	1.977877e-01	-1.458892e+01
4.412000e-05	1.742407e-01	-1.451423e+01
4.413000e-05	1.524989e-01	-1.434592e+01
4.414000e-05	1.337059e-01	-1.426376e+01
4.415000e-05	1.178208e-01	-1.414591e+01
4.416000e-05	1.065171e-01	-1.404862e+01
4.417000e-05	9.712338e-02	-1.394478e+01
4.418000e-05	8.630573e-02	-1.375689e+01
4.419000e-05	7.967889e-02	-1.361957e+01
4.420000e-05	7.304261e-02	-1.351375e+01
4.421000e-05	6.926548e-02	-1.329436e+01
4.422000e-05	6.142699e-02	-1.316797e+01
4.423000e-05	5.664911e-02	-1.301955e+01
4.424000e-05	5.112106e-02	-1.286323e+01
4.425000e-05	5.042488e-02	-1.271626e+01
4.426000e-05	4.585427e-02	-1.257939e+01
4.427000e-05	4.197165e-02	-1.236792e+01
4.428000e-05	3.925164e-02	-1.220952e+01
4.429000e-05	3.610374e-02	-1.199052e+01
4.430000e-05	3.487328e-02	-1.184967e+01
4.431000e-05	3.303520e-02	-1.161002e+01
4.432000e-05	3.048772e-02	-1.135749e+01
4.433000e-05	3.051857e-02	-1.115894e+01
4.434000e-05	2.919100e-02	-1.096844e+01
4.435000e-05	2.764019e-02	-1.074847e+01
4.436000e-05	2.231438e-02	-1.059852e+01
4.437000e-05	1.998466e-02	-1.037836e+01
4.438000e-05	1.831159e-02	-1.012633e+01
4.439000e-05	1.965088e-02	-9.945235e+00
4.440000e-05	2.141847e-02	-9.705789e+00
4.441000e-05	1.931766e-02	-9.483234e+00
4.442000e-05	1.918173e-02	-9.222626e+00
4.443000e-05	1.662776e-02	-8.990545e+00
4.444000e-05	1.535344e-02	-8.800019e+00
4.445000e-05	1.079084e-02	-8.547840e+00
4.446000e-05	9.113386e-03	-8.325337e+00
4.447000e-05	1.000161e-02	-8.083653e+00
4.448000e-05	1.180278e-02	-7.790645e+00
4.449000e-05	1.004902e-02	-7.557336e+00
4.450000e-05	9.938810e-03	-7.283205e+00
4.451000e-05	8.355798e-03	-7.002123e+00
4.452000e-05	8.620687e-03	-6.717361e+00
4.453000e-05	5.934696e-03	-6.496381e+00
4.454000e-05	4.757247e-03	-6.213623e+00
4.455000e-05	2.993739e-03	-5.969466e+00
4.456000e-05	3.023116e-03	-5.675234e+00
4.457000e-05	4.161670e-03	-5.432076e+00
4.458000e-05	2.555602e-03	-5.157963e+00
4.459000e-05	1.425643e-03	-4.821095e+00
4.460000e-05	2.665306e-03	-4.515287e+00
4.461000e-05	2.350648e-03	-4.315207e+00
4.462000e-05	2.248796e-03	-4.042173e+00
4.463000e-05	-3.073765e-03	-3.754416e+00
4.464000e-05	-3.380960e-03	-3.464781e+00
4.465000e-05	-5.068426e-03	-3.210541e+00
4.466000e-05	-2.071924e-03	-2.886306e+00
4.467000e-05	-3.306316e-03	-2.601573e+00
4.468000e-05	-1.941765e-03	-2.379964e+00
4.469000e-05	-3.533922e-03	-2.011629e+00
4.470000e-05	-2.546215e-03	-1.789545e+00
4.471000e-05	-5.947936e-03	-1.475357e+00
4.472000e-05	-7.316897e-03	-1.159415e+00
4.473000e-05	-7.994080e-03	-8.852057e-01
4.474000e-05	-7.245091e-03	-5.599735e-01
4.475000e-05	-6.099177e-03	-2.863132e-01
4.476000e-05	-4.627547e-03	-4.305271e-02
4.477000e-05	7.630435e-03	2.626355e-01
4.478000e-05	-5.398833e-04	5.258170e-01
4.479000e-05	4.214640e-03	7.479486e-01
4.480000e-05	-7.538314e-04	1.042160e+00
4.481000e-05	5.304634e-04	1.345292e+00
4.482000e-05	-1.992488e-03	1.671085e+00
4.483000e-05	7.537240e-03	1.893242e+00
4.484000e-05	3.353160e-02	2.125266e+00
4.485000e-05	1.041421e-01	2.400507e+00
4.486000e-05	-4.859905e-03	2.755424e+00
4.487000e-05	-4.741281e-02	3.092186e+00
4.488000e-05	-3.216598e-02	3.364820e+00
4.489000e-05	-2.666659e-02	3.641059e+00
4.490000e-05	-6.774718e-02	3.861556e+00
4.491000e-05	-5.668936e-02	4.079605e+00
4.492000e-05	1.079891e-01	4.336299e+00
4.493000e-05	-6.674165e-02	4.661630e+00
4.494000e-05	2.924465e-02	4.861633e+00
4.495000e-05	9.322705e-02	5.239577e+00
4.496000e-05	-1.305104e-01	5.494239e+00
4.497000e-05	6.902166e-02	5.785872e+00
4.498000e-05	-6.583786e-02	6.052056e+00
4.499000e-05	3.809110e-02	6.262235e+00
4.500000e-05	-3.738763e-03	6.585971e+00
4.501000e-05	-4.371635e-02	6.841110e+00
4.502000e-05	3.499653e-02	7.103687e+00
4.503000e-05	-5.660892e-02	7.398376e+00
4.504000e-05	3.299890e-02	7.672084e+00
4.505000e-05	-6.923317e-02	7.926968e+00
4.506000e-05	2.460708e-02	8.186977e+00
4.507000e-05	2.129526e-03	8.450028e+00
4.508000e-05	-2.736460e-02	8.619582e+00
4.509000e-05	1.002531e-02	8.883183e+00
4.510000e-05	-6.363152e-02	9.113711e+00
4.511000e-05	8.673730e-03	9.344817e+00
4.512000e-05	-2.330708e-02	9.536920e+00
4.513000e-05	3.456995e-03	9.788452e+00
4.514000e-05	-3.807114e-02	1.004805e+01
4.515000e-05	-1.204060e-02	1.025056e+01
4.516000e-05	-9.857845e-03	1.045218e+01
4.517000e-05	-3.108769e-02	1.064113e+01
4.518000e-05	-2.149358e-02	1.085308e+01
4.519000e-05	-3.963482e-02	1.109419e+01
4.520000e-05	-7.038886e-03	1.129169e+01
4.521000e-05	-2.827944e-02	1.149326e+01
4.522000e-05	-2.290476e-02	1.166229e+01
4.523000e-05	-4.525464e-02	1.189531e+01
4.524000e-05	-2.359484e-02	1.210261e+01
4.525000e-05	-2.483999e-02	1.225216e+01
4.526000e-05	-2.778901e-02	1.245105e+01
4.527000e-05	-4.196699e-02	1.257745e+01
4.528000e-05	-4.218575e-02	1.276795e+01
4.529000e-05	-3.005246e-02	1.291479e+01
4.530000e-05	-3.791958e-02	1.306318e+01
4.531000e-05	-4.181297e-02	1.322753e+01
4.532000e-05	-5.000106e-02	1.336692e+01
4.533000e-05	-3.274929e-02	1.353389e+01
4.534000e-05	-4.051972e-02	1.367168e+01
4.535000e-05	-4.644374e-02	1.379057e+01
4.536000e-05	-6.155350e-02	1.396484e+01
4.537000e-05	-5.288121e-02	1.408169e+01
4.538000e-05	-4.913833e-02	1.415905e+01
4.539000e-05	-5.212801e-02	1.430484e+01
4.540000e-05	-6.143144e-02	1.443255e+01
4.541000e-05	-6.397398e-02	1.453587e+01
4.542000e-05	-5.633848e-02	1.460900e+01
4.543000e-05	-6.207403e-02	1.466426e+01
4.544000e-05	-6.686470e-02	1.483898e+01
4.545000e-05	-7.574108e-02	1.487171e+01
4.546000e-05	-6.928700e-02	1.494434e+01
4.547000e-05	-7.175696e-02	1.496794e+01
4.548000e-05	-7.875889e-02	1.505115e+01
4.549000e-05	-8.965017e-02	1.511541e+01
4.550000e-05	-9.033412e-02	1.518850e+01
4.551000e-05	-8.440271e-02	1.521010e+01
4.552000e-05	-8.870185e-02	1.525115e+01
4.553000e-05	-9.625852e-02	1.532521e+01
4.554000e-05	-1.033963e-01	1.531586e+01
4.555000e-05	-1.014357e-01	1.533539e+01
4.556000e-05	-1.062890e-01	1.537742e+01
4.557000e-05	-1.149952e-01	1.539849e+01
4.558000e-05	-1.241110e-01	1.542845e+01
4.559000e-05	-1.247448e-01	1.540910e+01
4.560000e-05	-1.258486e-01	1.538852e+01
4.561000e-05	-1.356665e-01	1.539854e+01
4.562000e-05	-1.489680e-01	1.536787e+01
4.563000e-05	-1.591727e-01	1.532532e+01
4.564000e-05	-1.673637e-01	1.530436e+01
4.565000e-05	-1.821979e-01	1.528323e+01
4.566000e-05	-2.071410e-01	1.525161e+01
4.567000e-05	-2.336490e-01	1.521007e+01
4.568000e-05	-2.468622e-01	1.520694e+01
4.569000e-05	-2.500000e-01	1.512329e+01
4.570000e-05	-2.500000e-01	1.506223e+01
4.571000e-05	-2.500000e-01	1.497897e+01
4.572000e-05	-2.500000e-01	1.492639e+01
4.573000e-05	-2.500000e-01	1.483111e+01
4.574000e-05	-2.500000e-01	1.476697e+01
4.575000e-05	-2.481789e-01	1.463321e+01
4.576000e-05	-2.280431e-01	1.455939e+01
4.577000e-05	-1.951106e-01	1.448424e+01
4.578000e-05	-1.700651e-01	1.438799e+01
4.579000e-05	-1.529864e-01	1.425378e+01
4.580000e-05	-1.404650e-01	1.411744e+01
4.581000e-05	-1.237335e-01	1.400907e+01
4.582000e-05	-1.103372e-01	1.390636e+01
4.583000e-05	-1.026727e-01	1.373704e+01
4.584000e-05	-9.701261e-02	1.362057e+01
4.585000e-05	-8.874411e-02	1.352533e+01
4.586000e-05	-7.955705e-02	1.335744e+01
4.587000e-05	-7.354115e-02	1.318947e+01
4.588000e-05	-7.194833e-02	1.307370e+01
4.589000e-05	-6.947524e-02	1.287726e+01
4.590000e-05	-6.251599e-02	1.271644e+01
4.591000e-05	-5.850599e-02	1.258002e+01
4.592000e-05	-5.572783e-02	1.240002e+01
4.593000e-05	-5.629611e-02	1.223070e+01
4.594000e-05	-5.091055e-02	1.205411e+01
4.595000e-05	-4.668313e-02	1.187415e+01
4.596000e-05	-4.598066e-02	1.165528e+01
4.597000e-05	-4.725081e-02	1.148378e+01
4.598000e-05	-4.534794e-02	1.127278e+01
4.599000e-05	-4.138314e-02	1.105270e+01
4.600000e-05	-3.751927e-02	1.087466e+01
4.601000e-05	-3.854178e-02	1.065420e+01
4.602000e-05	-3.823205e-02	1.041363e+01
4.603000e-05	-3.503107e-02	1.020107e+01
4.604000e-05	-3.288825e-02	1.000110e+01
4.605000e-05	-3.382154e-02	9.781045e+00
4.606000e-05	-3.554334e-02	9.515940e+00
4.607000e-05	-3.253978e-02	9.326864e+00
4.608000e-05	-2.970273e-02	9.105811e+00
4.609000e-05	-2.791040e-02	8.845259e+00
4.610000e-05	-2.926309e-02	8.641652e+00
4.611000e-05	-2.935611e-02	8.423147e+00
4.612000e-05	-2.685391e-02	8.150019e+00
4.613000e-05	-2.443341e-02	7.945861e+00
4.614000e-05	-2.535284e-02	7.682204e+00
4.615000e-05	-2.645070e-02	7.381943e+00
4.616000e-05	-2.397737e-02	7.125910e+00
4.617000e-05	-2.390748e-02	6.885158e+00
4.618000e-05	-2.230154e-02	6.643101e+00
4.619000e-05	-2.509816e-02	6.347489e+00
4.620000e-05	-2.223518e-02	6.065883e+00
4.621000e-05	-2.066147e-02	5.862628e+00
4.622000e-05	-1.857665e-02	5.578992e+00
4.623000e-05	-2.005250e-02	5.325836e+00
4.624000e-05	-1.964173e-02	4.939994e+00
4.625000e-05	-1.958663e-02	4.675754e+00
4.626000e-05	-1.810503e-02	4.412127e+00
4.627000e-05	-1.848373e-02	4.135513e+00
4.628000e-05	-1.841225e-02	3.862678e+00
4.629000e-05	-1.789174e-02	3.569971e+00
4.630000e-05	-1.434237e-02	3.254858e+00
4.631000e-05	-1.530645e-02	2.991648e+00
4.632000e-05	-1.548165e-02	2.780044e+00
4.633000e-05	-1.563243e-02	2.444724e+00
4.634000e-05	-1.358232e-02	2.178517e+00
4.635000e-05	-1.283063e-02	1.935786e+00
4.636000e-05	-1.371246e-02	1.631102e+00
4.637000e-05	-1.395447e-02	1.327338e+00
4.638000e-05	-1.265858e-02	9.915687e-01
4.639000e-05	-1.122902e-02	7.183343e-01
4.640000e-05	-1.062633e-02	4.431276e-01
4.641000e-05	-9.372949e-03	1.279096e-01
4.642000e-05	-5.604293e-03	-1.448184e-01
4.643000e-05	7.585990e-03	-3.989712e-01
4.644000e-05	-3.040337e-03	-6.931905e-01
4.645000e-05	3.104553e-03	-9.673473e-01
4.646000e-05	-3.124933e-03	-1.239053e+00
4.647000e-05	2.328354e-03	-1.537895e+00
4.648000e-05	7.817523e-04	-1.766871e+00
4.649000e-05	3.073741e-02	-1.999001e+00
4.650000e-05	1.176496e-01	-2.250560e+00
4.651000e-05	2.063215e-02	-2.630482e+00
4.652000e-05	-4.321467e-02	-3.041134e+00
4.653000e-05	-1.366857e-02	-3.375820e+00
4.654000e-05	-4.005570e-02	-3.545818e+00
4.655000e-05	-8.563234e-02	-3.850078e+00
4.656000e-05	2.784931e-02	-4.010952e+00
4.657000e-05	1.140532e-01	-4.217850e+00
4.658000e-05	-1.561524e-01	-4.515762e+00
4.659000e-05	2.127962e-01	-4.766971e+00
4.660000e-05	-1.055495e-01	-5.041059e+00
4.661000e-05	3.475757e-02	-5.419459e+00
4.662000e-05	3.495012e-02	-5.629481e+00
4.663000e-05	-1.297580e-01	-6.015845e+00
4.664000e-05	1.859266e-01	-6.196850e+00
4.665000e-05	-1.032115e-01	-6.489084e+00
4.666000e-05	1.077469e-01	-6.756320e+00
4.667000e-05	-1.960612e-02	-7.030503e+00
4.668000e-05	-3.176999e-02	-7.343689e+00
4.669000e-05	8.453918e-02	-7.595845e+00
4.670000e-05	-8.814871e-02	-7.819564e+00
4.671000e-05	1.327958e-01	-8.103287e+00
4.672000e-05	-6.344562e-02	-8.324243e+00
4.673000e-05	7.132982e-02	-8.596451e+00
4.674000e-05	2.057538e-02	-8.826982e+00
4.675000e-05	-4.121065e-02	-9.081183e+00
4.676000e-05	6.980561e-02	-9.311656e+00
4.677000e-05	-4.651512e-02	-9.544342e+00
4.678000e-05	1.111048e-01	-9.774893e+00
4.679000e-05	-3.999410e-02	-9.954742e+00
4.680000e-05	7.591517e-02	-1.019842e+01
4.681000e-05	-2.104535e-02	-1.038893e+01
4.682000e-05	4.249665e-02	-1.064858e+01
4.683000e-05	2.436547e-02	-1.081790e+01
4.684000e-05	9.240377e-03	-1.106058e+01
4.685000e-05	5.103435e-02	-1.122950e+01
4.686000e-05	-1.313307e-03	-1.147060e+01
4.687000e-05	6.676672e-02	-1.165113e+01
4.688000e-05	-9.606812e-03	-1.186156e+01
4.689000e-05	5.778304e-02	-1.203261e+01
4.690000e-05	5.367726e-03	-1.220045e+01
4.691000e-05	6.371587e-02	-1.243895e+01
4.692000e-05	2.011085e-02	-1.260695e+01
4.693000e-05	3.983258e-02	-1.274534e+01
4.694000e-05	2.614754e-02	-1.290226e+01
4.695000e-05	3.914951e-02	-1.307066e+01
4.696000e-05	4.604517e-02	-1.322855e+01
4.697000e-05	3.526246e-02	-1.339787e+01
4.698000e-05	5.120323e-02	-1.352486e+01
4.699000e-05	3.620439e-02	-1.364061e+01
4.700000e-05	5.754966e-02	-1.380705e+01
4.701000e-05	3.438611e-02	-1.396529e+01
4.702000e-05	4.965984e-02	-1.408062e+01
4.703000e-05	4.094926e-02	-1.415947e+01
4.704000e-05	6.250465e-02	-1.428181e+01
4.705000e-05	5.308471e-02	-1.444900e+01
4.706000e-05	5.786712e-02	-1.449328e+01
4.707000e-05	5.193378e-02	-1.462014e+01
4.708000e-05	6.318387e-02	-1.470331e+01
4.709000e-05	6.576986e-02	-1.479952e+01
4.710000e-05	6.558108e-02	-1.491216e+01
4.711000e-05	6.566288e-02	-1.495632e+01
4.712000e-05	6.854127e-02	-1.502062e+01
4.713000e-05	7.441086e-02	-1.513323e+01
4.714000e-05	7.237071e-02	-1.516744e+01
4.715000e-05	7.588590e-02	-1.522797e+01
4.716000e-05	7.793720e-02	-1.524053e+01
4.717000e-05	9.080348e-02	-1.530271e+01
4.718000e-05	9.040976e-02	-1.533287e+01
4.719000e-05	9.308927e-02	-1.534592e+01
4.720000e-05	9.111324e-02	-1.540009e+01
4.721000e-05	9.827746e-02	-1.536965e+01
4.722000e-05	1.038595e-01	-1.541123e+01
4.723000e-05	1.086809e-01	-1.546280e+01
4.724000e-05	1.137903e-01	-1.549173e+01
4.725000e-05	1.185433e-01	-1.550162e+01
4.726000e-05	1.286496e-01	-1.539960e+01
4.727000e-05	1.330239e-01	-1.543065e+01
4.728000e-05	1.396928e-01	-1.541105e+01
4.729000e-05	1.487839e-01	-1.540850e+01
4.730000e-05	1.652431e-01	-1.536552e+01
4.731000e-05	1.822224e-01	-1.534382e+01
4.732000e-05	2.044739e-01	-1.531223e+01
4.733000e-05	2.288633e-01	-1.525106e+01
4.734000e-05	2.454462e-01	-1.518645e+01
4.735000e-05	2.500000e-01	-1.513496e+01
4.736000e-05	2.500000e-01	-1.508381e+01
4.737000e-05	2.500000e-01	-1.502110e+01
4.738000e-05	2.500000e-01	-1.497636e+01
4.739000e-05	2.500000e-01	-1.487420e+01
4.740000e-05	2.500000e-01	-1.480752e+01
4.741000e-05	2.382059e-01	-1.472331e+01
4.742000e-05	2.091766e-01	-1.462905e+01
4.743000e-05	1.820725e-01	-1.451578e+01
4.744000e-05	1.603958e-01	-1.440157e+01
4.745000e-05	1.409925e-01	-1.434328e+01
4.746000e-05	1.232774e-01	-1.415897e+01
4.747000e-05	1.103526e-01	-1.405418e+01
4.748000e-05	9.960727e-02	-1.394546e+01
4.749000e-05	9.021801e-02	-1.378952e+01
4.750000e-05	8.015226e-02	-1.367075e+01
4.751000e-05	7.406947e-02	-1.351481e+01
4.752000e-05	6.937058e-02	-1.339795e+01
4.753000e-05	6.608425e-02	-1.327165e+01
4.754000e-05	5.876188e-02	-1.305366e+01
4.755000e-05	5.463591e-02	-1.295776e+01
4.756000e-05	4.955544e-02	-1.276699e+01
4.757000e-05	4.863486e-02	-1.264004e+01
4.758000e-05	4.280158e-02	-1.241170e+01
4.759000e-05	4.039664e-02	-1.227320e+01
4.760000e-05	3.774153e-02	-1.208633e+01
4.761000e-05	3.685340e-02	-1.191336e+01
4.762000e-05	3.361097e-02	-1.168373e+01
4.763000e-05	3.161331e-02	-1.148220e+01
4.764000e-05	2.600031e-02	-1.125320e+01
4.765000e-05	2.873430e-02	-1.101157e+01
4.766000e-05	2.708926e-02	-1.082257e+01
4.767000e-05	2.724012e-02	-1.066370e+01
4.768000e-05	2.376293e-02	-1.041165e+01
4.769000e-05	2.109597e-02	-1.022215e+01
4.770000e-05	2.228866e-02	-9.988495e+00
4.771000e-05	1.729614e-02	-9.779019e+00
4.772000e-05	1.671891e-02	-9.548419e+00
4.773000e-05	1.435643e-02	-9.316933e+00
4.774000e-05	1.763085e-02	-9.105357e+00
4.775000e-05	1.842565e-02	-8.915782e+00
4.776000e-05	1.480327e-02	-8.650646e+00
4.777000e-05	1.294118e-02	-8.397020e+00
4.778000e-05	1.200547e-02	-8.168915e+00
4.779000e-05	1.049151e-02	-7.945835e+00
4.780000e-05	8.717600e-03	-7.601023e+00
4.781000e-05	7.411414e-03	-7.358467e+00
4.782000e-05	6.753748e-03	-7.107359e+00
4.783000e-05	7.336865e-03	-6.851577e+00
4.784000e-05	7.034107e-03	-6.631046e+00
4.785000e-05	6.968903e-03	-6.358391e+00
4.786000e-05	5.272206e-03	-6.054104e+00
4.787000e-05	4.100121e-03	-5.810495e+00
4.788000e-05	4.149390e-03	-5.525790e+00
4.789000e-05	2.492076e-03	-5.241674e+00
4.790000e-05	1.843318e-04	-4.937887e+00
4.791000e-05	1.158257e-03	-4.620574e+00
4.792000e-05	1.008840e-03	-4.380017e+00
4.793000e-05	1.973669e-03	-4.127809e+00
4.794000e-05	-4.680156e-04	-3.872177e+00
4.795000e-05	-1.153512e-03	-3.588495e+00
4.796000e-05	-4.877540e-03	-3.315758e+00
4.797000e-05	-1.784726e-03	-3.032099e+00
4.798000e-05	-4.399965e-03	-2.716336e+00
4.799000e-05	-1.821471e-03	-2.463202e+00
4.800000e-05	-5.339928e-03	-2.137940e+00
4.801000e-05	-2.516574e-03	-1.885207e+00
4.802000e-05	-4.698417e-03	-1.621598e+00
4.803000e-05	-4.463909e-03	-1.295179e+00
4.804000e-05	-8.112259e-03	-9.889401e-01
4.805000e-05	-8.302075e-03	-6.957621e-01
4.806000e-05	-6.640904e-03	-3.790198e-01
4.807000e-05	-6.573818e-03	-1.158657e-01
4.808000e-05	2.447695e-03	1.662435e-01
4.809000e-05	5.323531e-03	4.205852e-01
4.810000e-05	1.396996e-03	6.835593e-01
4.811000e-05	4.438023e-03	9.258183e-01
4.812000e-05	-1.633075e-03	1.261532e+00
4.813000e-05	-1.130965e-03	1.535721e+00
4.814000e-05	-1.584299e-03	1.829452e+00
4.815000e-05	2.100025e-02	2.070108e+00
4.816000e-05	8.047680e-02	2.305216e+00
4.817000e-05	6.115130e-02	2.642655e+00
4.818000e-05	-5.950747e-02	2.998323e+00
4.819000e-05	-2.519946e-02	3.230531e+00
4.820000e-05	-3.543480e-02	3.555422e+00
4.821000e-05	-3.891554e-02	3.798397e+00
4.822000e-05	-8.811301e-02	3.948423e+00
4.823000e-05	4.818447e-02	4.232529e+00
4.824000e-05	4.730256e-02	4.544746e+00
4.825000e-05	-9.707559e-02	4.747924e+00
4.826000e-05	1.742976e-01	5.091635e+00
4.827000e-05	-1.201269e-01	5.411059e+00
4.828000e-05	2.144210e-02	5.612533e+00
4.829000e-05	-9.426762e-03	5.977820e+00
4.830000e-05	-2.618738e-02	6.178024e+00
4.831000e-05	5.125111e-02	6.490060e+00
4.832000e-05	-7.148492e-02	6.714845e+00
4.833000e-05	3.851617e-02	7.007952e+00
4.834000e-05	-4.416001e-02	7.254182e+00
4.835000e-05	1.112113e-02	7.555372e+00
4.836000e-05	-3.051461e-02	7.851108e+00
4.837000e-05	-2.282077e-02	8.113237e+00
4.838000e-05	3.447423e-02	8.375293e+00
4.839000e-05	-3.590751e-02	8.557294e+00
4.840000e-05	6.726936e-03	8.815849e+00
4.841000e-05	-4.124033e-02	9.019553e+00
4.842000e-05	-2.965918e-02	9.221607e+00
4.843000e-05	2.364010e-03	9.462636e+00
4.844000e-05	-1.556512e-02	9.725311e+00
4.845000e-05	-1.129322e-02	9.945921e+00
4.846000e-05	-3.252906e-02	1.018789e+01
4.847000e-05	1.514705e-03	1.036500e+01
4.848000e-05	-2.943561e-02	1.058742e+01
4.849000e-05	-2.697830e-02	1.078743e+01
4.850000e-05	-3.348493e-02	1.099795e+01
4.851000e-05	-2.496703e-02	1.124805e+01
4.852000e-05	-9.986729e-03	1.144155e+01
4.853000e-05	-3.071460e-02	1.161956e+01
4.854000e-05	-3.103906e-02	1.181953e+01
4.855000e-05	-3.814405e-02	1.206806e+01
4.856000e-05	-1.824112e-02	1.218797e+01
4.857000e-05	-2.887447e-02	1.237692e+01
4.858000e-05	-3.708244e-02	1.250594e+01
4.859000e-05	-4.376112e-02	1.271429e+01
4.860000e-05	-3.567872e-02	1.288163e+01
4.861000e-05	-3.053897e-02	1.300945e+01
4.862000e-05	-4.298516e-02	1.318548e+01
4.863000e-05	-4.603262e-02	1.329334e+01
4.864000e-05	-4.144939e-02	1.345163e+01
4.865000e-05	-3.460783e-02	1.363957e+01
4.866000e-05	-4.424225e-02	1.374590e+01
4.867000e-05	-5.594716e-02	1.387433e+01
4.868000e-05	-5.690363e-02	1.410001e+01
4.869000e-05	-5.115979e-02	1.412496e+01
4.870000e-05	-4.967343e-02	1.426371e+01
4.871000e-05	-5.883369e-02	1.442952e+01
4.872000e-05	-6.325388e-02	1.450374e+01
4.873000e-05	-5.806163e-02	1.457753e+01
4.874000e-05	-5.792166e-02	1.469218e+01
4.875000e-05	-6.399611e-02	1.480589e+01
4.876000e-05	-7.429883e-02	1.483115e+01
4.877000e-05	-7.208627e-02	1.491321e+01
4.878000e-05	-7.167989e-02	1.497696e+01
4.879000e-05	-7.424488e-02	1.505210e+01
4.880000e-05	-8.576460e-02	1.513386e+01
4.881000e-05	-8.953877e-02	1.517749e+01
4.882000e-05	-8.568807e-02	1.522905e+01
4.883000e-05	-8.522856e-02	1.525113e+01
4.884000e-05	-9.322207e-02	1.527368e+01
4.885000e-05	-1.023196e-01	1.532572e+01
4.886000e-05	-1.019611e-01	1.535629e+01
4.887000e-05	-1.041240e-01	1.535742e+01
4.888000e-05	-1.100659e-01	1.537855e+01
4.889000e-05	-1.214942e-01	1.540852e+01
4.890000e-05	-1.244175e-01	1.541102e+01
4.891000e-05	-1.254414e-01	1.541844e+01
4.892000e-05	-1.307324e-01	1.538999e+01
4.893000e-05	-1.444618e-01	1.537792e+01
4.894000e-05	-1.557042e-01	1.536839e+01
4.895000e-05	-1.634894e-01	1.533636e+01
4.896000e-05	-1.757060e-01	1.528326e+01
4.897000e-05	-1.972110e-01	1.527216e+01
4.898000e-05	-2.246740e-01	1.524267e+01
4.899000e-05	-2.425335e-01	1.519005e+01
4.900000e-05	-2.499897e-01	1.515441e+01
4.901000e-05	-2.500000e-01	1.509378e+01
4.902000e-05	-2.500000e-01	1.501058e+01
4.903000e-05	-2.500000e-01	1.495646e+01
4.904000e-05	-2.500000e-01	1.489268e+01
4.905000e-05	-2.500000e-01	1.479900e+01
4.906000e-05	-2.499995e-01	1.473383e+01
4.907000e-05	-2.384374e-01	1.461152e+01
4.908000e-05	-2.080470e-01	1.455831e+01
4.909000e-05	-1.785043e-01	1.443110e+01
4.910000e-05	-1.585512e-01	1.432586e+01
4.911000e-05	-1.455847e-01	1.419905e+01
4.912000e-05	-1.295301e-01	1.408221e+01
4.913000e-05	-1.152450e-01	1.397689e+01
4.914000e-05	-1.042595e-01	1.383062e+01
4.915000e-05	-1.002556e-01	1.367376e+01
4.916000e-05	-9.223300e-02	1.355844e+01
4.917000e-05	-8.283018e-02	1.340852e+01
4.918000e-05	-7.436695e-02	1.324170e+01
4.919000e-05	-7.272933e-02	1.310534e+01
4.920000e-05	-7.034425e-02	1.295749e+01
4.921000e-05	-6.627584e-02	1.281950e+01
4.922000e-05	-5.988002e-02	1.263265e+01
4.923000e-05	-5.708469e-02	1.251323e+01
4.924000e-05	-5.516131e-02	1.230486e+01
4.925000e-05	-5.314987e-02	1.214531e+01
4.926000e-05	-4.894070e-02	1.192591e+01
4.927000e-05	-4.553357e-02	1.173642e+01
4.928000e-05	-4.730257e-02	1.153941e+01
4.929000e-05	-4.555623e-02	1.134649e+01
4.930000e-05	-4.352144e-02	1.117786e+01
4.931000e-05	-3.824833e-02	1.093794e+01
4.932000e-05	-3.849896e-02	1.076689e+01
4.933000e-05	-3.954534e-02	1.053586e+01
4.934000e-05	-3.810253e-02	1.029381e+01
4.935000e-05	-3.300813e-02	1.011539e+01
4.936000e-05	-3.544818e-02	9.862731e+00
4.937000e-05	-3.235324e-02	9.623676e+00
4.938000e-05	-3.544453e-02	9.410573e+00
4.939000e-05	-2.752806e-02	9.151574e+00
4.940000e-05	-2.664801e-02	8.979495e+00
4.941000e-05	-2.895778e-02	8.706315e+00
4.942000e-05	-2.808191e-02	8.504914e+00
4.943000e-05	-2.984836e-02	8.273733e+00
4.944000e-05	-2.824370e-02	7.972125e+00
4.945000e-05	-2.684568e-02	7.798966e+00
4.946000e-05	-2.861831e-02	7.506234e+00
4.947000e-05	-2.249829e-02	7.231552e+00
4.948000e-05	-2.004174e-02	6.999466e+00
4.949000e-05	-1.887925e-02	6.727861e+00
4.950000e-05	-2.132957e-02	6.411624e+00
4.951000e-05	-2.519584e-02	6.219473e+00
4.952000e-05	-2.378490e-02	5.966969e+00
4.953000e-05	-2.304569e-02	5.653155e+00
4.954000e-05	-2.208929e-02	5.432073e+00
4.955000e-05	-2.066642e-02	5.115707e+00
4.956000e-05	-1.839808e-02	4.809499e+00
4.957000e-05	-1.394443e-02	4.487787e+00
4.958000e-05	-1.467563e-02	4.275179e+00
4.959000e-05	-1.691701e-02	3.958367e+00
4.960000e-05	-1.975720e-02	3.664261e+00
4.961000e-05	-1.820600e-02	3.420070e+00
4.962000e-05	-1.578833e-02	3.137265e+00
4.963000e-05	-1.721321e-02	2.852779e+00
4.964000e-05	-1.644001e-02	2.548519e+00
4.965000e-05	-1.450101e-02	2.254258e+00
4.966000e-05	-1.076345e-02	2.001599e+00
4.967000e-05	-1.069750e-02	1.688365e+00
4.968000e-05	-1.164334e-02	1.423625e+00
4.969000e-05	-1.328290e-02	1.128912e+00
4.970000e-05	-1.135606e-02	8.091000e-01
4.971000e-05	-1.085755e-02	4.973645e-01
4.972000e-05	-1.129555e-02	2.241815e-01
4.973000e-05	-1.053146e-02	-8.108026e-02
4.974000e-05	1.991034e-03	-3.141932e-01
4.975000e-05	3.263831e-03	-5.869209e-01
4.976000e-05	1.556465e-03	-8.731343e-01
4.977000e-05	1.110733e-03	-1.092766e+00
4.978000e-05	5.889020e-04	-1.440053e+00
4.979000e-05	1.118383e-03	-1.662085e+00
4.980000e-05	1.579504e-02	-1.914738e+00
4.981000e-05	7.978371e-02	-2.144768e+00
4.982000e-05	9.198407e-02	-2.493164e+00
4.983000e-05	-6.096706e-02	-2.922612e+00
4.984000e-05	-1.199942e-03	-3.292183e+00
4.985000e-05	-4.428328e-02	-3.483638e+00
4.986000e-05	-4.565585e-02	-3.712163e+00
4.987000e-05	-7.797171e-02	-3.908320e+00
4.988000e-05	1.799794e-01	-4.113213e+00
4.989000e-05	-1.363865e-01	-4.377974e+00
4.990000e-05	9.377823e-02	-4.693641e+00
4.991000e-05	5.824204e-02	-4.944241e+00
4.992000e-05	-1.231636e-01	-5.355315e+00
4.993000e-05	1.553845e-01	-5.546272e+00
4.994000e-05	-1.768240e-01	-5.820633e+00
4.995000e-05	1.206022e-01	-6.115286e+00
4.996000e-05	4.938837e-03	-6.323745e+00
4.997000e-05	-1.626702e-02	-6.642158e+00
4.998000e-05	1.070244e-01	-6.935183e+00
4.999000e-05	-1.129771e-01	-7.218450e+00
