# 260604_11:19:44.328807
t	CH1	CH2
0.000000e+00	-9.649344e-03	6.306318e-01
1.000000e-08	-9.508502e-03	3.180726e-01
2.000000e-08	-9.286207e-03	5.163701e-02
3.000000e-08	-3.829971e-03	-2.010186e-01
4.000000e-08	5.811155e-03	-5.010489e-01
5.000000e-08	-3.468956e-03	-7.483156e-01
6.000000e-08	3.580969e-03	-1.029951e+00
7.000000e-08	-3.865234e-03	-1.305655e+00
8.000000e-08	2.224204e-03	-1.569473e+00
9.000000e-08	5.251269e-03	-1.798972e+00
1.000000e-07	4.973205e-02	-2.041879e+00
1.100000e-07	1.203181e-01	-2.327716e+00
1.200000e-07	-2.152001e-02	-2.755234e+00
1.300000e-07	-2.280007e-02	-3.114637e+00
1.400000e-07	-2.971361e-02	-3.420427e+00
1.500000e-07	-4.161919e-02	-3.590500e+00
1.600000e-07	-9.306522e-02	-3.831428e+00
1.700000e-07	1.029144e-01	-4.041500e+00
1.800000e-07	9.562091e-03	-4.261951e+00
1.900000e-07	-6.635991e-02	-4.548321e+00
2.000000e-07	1.837543e-01	-4.819351e+00
2.100000e-07	-1.579248e-01	-5.127163e+00
2.200000e-07	1.177928e-01	-5.502033e+00
2.300000e-07	-6.580938e-02	-5.714087e+00
2.400000e-07	-2.912733e-02	-6.029971e+00
2.500000e-07	1.367986e-01	-6.179354e+00
2.600000e-07	-1.004584e-01	-6.566292e+00
2.700000e-07	1.361001e-01	-6.788376e+00
2.800000e-07	-8.545954e-02	-7.079934e+00
2.900000e-07	4.203273e-02	-7.387723e+00
3.000000e-07	2.523735e-02	-7.567348e+00
3.100000e-07	-4.095657e-02	-7.887063e+00
3.200000e-07	1.223953e-01	-8.124716e+00
3.300000e-07	-8.205088e-02	-8.408796e+00
3.400000e-07	1.164314e-01	-8.640404e+00
3.500000e-07	-4.626036e-02	-8.892481e+00
3.600000e-07	1.460917e-02	-9.114138e+00
3.700000e-07	2.691909e-02	-9.314064e+00
3.800000e-07	-7.401845e-03	-9.567247e+00
3.900000e-07	9.536475e-02	-9.767796e+00
4.000000e-07	-4.105942e-02	-9.977850e+00
4.100000e-07	8.700817e-02	-1.020885e+01
4.200000e-07	-4.243201e-02	-1.046046e+01
4.300000e-07	7.698373e-02	-1.067153e+01
4.400000e-07	-1.202276e-02	-1.083998e+01
4.500000e-07	4.066154e-02	-1.102088e+01
4.600000e-07	2.389591e-02	-1.126401e+01
4.700000e-07	2.514173e-02	-1.151257e+01
4.800000e-07	5.078889e-02	-1.164949e+01
4.900000e-07	1.882941e-04	-1.190204e+01
5.000000e-07	5.593467e-02	-1.207298e+01
5.100000e-07	8.830500e-03	-1.227946e+01
5.200000e-07	7.055131e-02	-1.240038e+01
5.300000e-07	6.024261e-03	-1.260836e+01
5.400000e-07	5.100058e-02	-1.276582e+01
5.500000e-07	1.783112e-02	-1.294614e+01
5.600000e-07	5.502687e-02	-1.306356e+01
5.700000e-07	3.303949e-02	-1.324984e+01
5.800000e-07	4.573602e-02	-1.341978e+01
5.900000e-07	4.306817e-02	-1.353367e+01
6.000000e-07	4.599217e-02	-1.365246e+01
6.100000e-07	5.250513e-02	-1.377728e+01
6.200000e-07	3.677774e-02	-1.393615e+01
6.300000e-07	4.918749e-02	-1.404037e+01
6.400000e-07	4.486784e-02	-1.419878e+01
6.500000e-07	6.427354e-02	-1.432355e+01
6.600000e-07	4.991218e-02	-1.440986e+01
6.700000e-07	6.043663e-02	-1.452510e+01
6.800000e-07	5.314579e-02	-1.459940e+01
6.900000e-07	6.948304e-02	-1.468409e+01
7.000000e-07	6.196903e-02	-1.478778e+01
7.100000e-07	6.732772e-02	-1.489244e+01
7.200000e-07	6.420725e-02	-1.496618e+01
7.300000e-07	7.332019e-02	-1.501933e+01
7.400000e-07	7.337257e-02	-1.506302e+01
7.500000e-07	7.468515e-02	-1.514515e+01
7.600000e-07	7.499422e-02	-1.518878e+01
7.700000e-07	8.225380e-02	-1.521986e+01
7.800000e-07	9.024476e-02	-1.525299e+01
7.900000e-07	9.018055e-02	-1.529464e+01
8.000000e-07	9.156753e-02	-1.530623e+01
8.100000e-07	9.124685e-02	-1.537673e+01
8.200000e-07	1.011718e-01	-1.537725e+01
8.300000e-07	1.030325e-01	-1.536884e+01
8.400000e-07	1.083490e-01	-1.542738e+01
8.500000e-07	1.098310e-01	-1.535193e+01
8.600000e-07	1.195836e-01	-1.541093e+01
8.700000e-07	1.261092e-01	-1.540886e+01
8.800000e-07	1.293778e-01	-1.542835e+01
8.900000e-07	1.343601e-01	-1.535768e+01
9.000000e-07	1.446171e-01	-1.534523e+01
9.100000e-07	1.602563e-01	-1.533415e+01
9.200000e-07	1.743206e-01	-1.527207e+01
9.300000e-07	1.911239e-01	-1.525004e+01
9.400000e-07	2.127597e-01	-1.516836e+01
9.500000e-07	2.397059e-01	-1.514568e+01
9.600000e-07	2.496854e-01	-1.509410e+01
9.700000e-07	2.499891e-01	-1.500937e+01
9.800000e-07	2.499893e-01	-1.494521e+01
9.900000e-07	2.499897e-01	-1.489304e+01
1.000000e-06	2.499901e-01	-1.477033e+01
1.010000e-06	2.499901e-01	-1.470820e+01
1.020000e-06	2.465959e-01	-1.467999e+01
1.030000e-06	2.225495e-01	-1.454523e+01
1.040000e-06	1.964174e-01	-1.443952e+01
1.050000e-06	1.736406e-01	-1.435670e+01
1.060000e-06	1.508971e-01	-1.422041e+01
1.070000e-06	1.329679e-01	-1.410460e+01
1.080000e-06	1.198912e-01	-1.397786e+01
1.090000e-06	1.089541e-01	-1.386197e+01
1.100000e-06	9.734827e-02	-1.373470e+01
1.110000e-06	8.739896e-02	-1.358828e+01
1.120000e-06	8.098433e-02	-1.344147e+01
1.130000e-06	7.729371e-02	-1.329367e+01
1.140000e-06	6.901733e-02	-1.313771e+01
1.150000e-06	6.245700e-02	-1.300789e+01
1.160000e-06	5.696758e-02	-1.283954e+01
1.170000e-06	5.499045e-02	-1.271410e+01
1.180000e-06	5.198729e-02	-1.253525e+01
1.190000e-06	4.841557e-02	-1.233833e+01
1.200000e-06	4.268738e-02	-1.218878e+01
1.210000e-06	4.065381e-02	-1.198946e+01
1.220000e-06	3.916460e-02	-1.177893e+01
1.230000e-06	3.630690e-02	-1.158936e+01
1.240000e-06	3.305382e-02	-1.136828e+01
1.250000e-06	3.142809e-02	-1.114732e+01
1.260000e-06	3.129311e-02	-1.093875e+01
1.270000e-06	2.932017e-02	-1.075730e+01
1.280000e-06	2.578323e-02	-1.058733e+01
1.290000e-06	2.369165e-02	-1.040620e+01
1.300000e-06	2.305188e-02	-1.012530e+01
1.310000e-06	2.282331e-02	-9.923145e+00
1.320000e-06	2.036732e-02	-9.694718e+00
1.330000e-06	1.932439e-02	-9.474096e+00
1.340000e-06	1.830436e-02	-9.232463e+00
1.350000e-06	1.849725e-02	-9.050487e+00
1.360000e-06	1.576789e-02	-8.808458e+00
1.370000e-06	1.383403e-02	-8.575829e+00
1.380000e-06	1.225457e-02	-8.274697e+00
1.390000e-06	1.284335e-02	-8.090663e+00
1.400000e-06	1.220707e-02	-7.850966e+00
1.410000e-06	1.079868e-02	-7.517245e+00
1.420000e-06	9.468776e-03	-7.262746e+00
1.430000e-06	9.307299e-03	-7.002586e+00
1.440000e-06	8.052348e-03	-6.767801e+00
1.450000e-06	6.312574e-03	-6.525746e+00
1.460000e-06	6.581760e-03	-6.263141e+00
1.470000e-06	4.315937e-03	-5.957403e+00
1.480000e-06	5.152106e-03	-5.696192e+00
1.490000e-06	3.998474e-03	-5.390515e+00
1.500000e-06	2.540979e-03	-5.145273e+00
1.510000e-06	1.388655e-03	-4.861936e+00
1.520000e-06	2.221477e-03	-4.515750e+00
1.530000e-06	1.141857e-03	-4.295317e+00
1.540000e-06	1.915348e-03	-4.034562e+00
1.550000e-06	-1.709830e-03	-3.766926e+00
1.560000e-06	-1.003745e-04	-3.494240e+00
1.570000e-06	-3.507119e-03	-3.240007e+00
1.580000e-06	-1.526227e-03	-2.915342e+00
1.590000e-06	-4.174980e-03	-2.661582e+00
1.600000e-06	-3.269562e-03	-2.397829e+00
1.610000e-06	-4.032974e-03	-2.061562e+00
1.620000e-06	-3.560054e-03	-1.819529e+00
1.630000e-06	-5.127363e-03	-1.514322e+00
1.640000e-06	-6.430717e-03	-1.179450e+00
1.650000e-06	-6.229898e-03	-8.942884e-01
1.660000e-06	-6.717760e-03	-6.415819e-01
1.670000e-06	-4.919402e-03	-3.263175e-01
1.680000e-06	-3.520350e-03	-3.421062e-02
1.690000e-06	6.680969e-03	2.110260e-01
1.700000e-06	2.297449e-03	5.061852e-01
1.710000e-06	1.426284e-03	7.257895e-01
1.720000e-06	-1.592309e-04	1.030497e+00
1.730000e-06	-2.372915e-03	1.314738e+00
1.740000e-06	-8.849398e-04	1.620946e+00
1.750000e-06	4.904456e-03	1.884131e+00
1.760000e-06	3.233314e-02	2.124707e+00
1.770000e-06	9.765216e-02	2.356365e+00
1.780000e-06	2.167753e-02	2.776739e+00
1.790000e-06	-5.540868e-02	3.052006e+00
1.800000e-06	-2.995666e-02	3.294713e+00
1.810000e-06	-3.591787e-02	3.579977e+00
1.820000e-06	-5.849535e-02	3.819950e+00
1.830000e-06	-6.430292e-02	3.999527e+00
1.840000e-06	8.968859e-02	4.315636e+00
1.850000e-06	-2.627118e-02	4.589879e+00
1.860000e-06	-1.331957e-02	4.849976e+00
1.870000e-06	1.230758e-01	5.198293e+00
1.880000e-06	-1.328353e-01	5.473110e+00
1.890000e-06	5.784091e-02	5.707210e+00
1.900000e-06	-5.190432e-02	6.021504e+00
1.910000e-06	1.815305e-02	6.230530e+00
1.920000e-06	1.750552e-02	6.544712e+00
1.930000e-06	-5.783509e-02	6.820953e+00
1.940000e-06	3.782597e-02	7.110029e+00
1.950000e-06	-5.508168e-02	7.325167e+00
1.960000e-06	2.874309e-02	7.558929e+00
1.970000e-06	-5.595141e-02	7.842512e+00
1.980000e-06	9.254759e-03	8.146795e+00
1.990000e-06	1.404675e-02	8.389321e+00
2.000000e-06	-3.648613e-02	8.618303e+00
2.010000e-06	1.295188e-02	8.830004e+00
2.020000e-06	-6.207737e-02	9.083033e+00
2.030000e-06	-2.909257e-03	9.305591e+00
2.040000e-06	-1.389434e-02	9.516667e+00
2.050000e-06	-2.205319e-03	9.725272e+00
2.060000e-06	-2.790491e-02	9.997829e+00
2.070000e-06	-2.138653e-02	1.018740e+01
2.080000e-06	-5.746134e-03	1.045889e+01
2.090000e-06	-3.373272e-02	1.061083e+01
2.100000e-06	-2.178837e-02	1.084251e+01
2.110000e-06	-4.060702e-02	1.101889e+01
2.120000e-06	-1.358217e-02	1.123039e+01
2.130000e-06	-2.213603e-02	1.142094e+01
2.140000e-06	-2.658022e-02	1.167201e+01
2.150000e-06	-4.105113e-02	1.185201e+01
2.160000e-06	-2.976070e-02	1.207199e+01
2.170000e-06	-2.277144e-02	1.222038e+01
2.180000e-06	-2.918428e-02	1.240833e+01
2.190000e-06	-4.034365e-02	1.256728e+01
2.200000e-06	-4.586984e-02	1.271567e+01
2.210000e-06	-3.200462e-02	1.287257e+01
2.220000e-06	-3.548734e-02	1.303036e+01
2.230000e-06	-4.157657e-02	1.317829e+01
2.240000e-06	-4.957856e-02	1.334478e+01
2.250000e-06	-3.589886e-02	1.345409e+01
2.260000e-06	-3.798573e-02	1.363988e+01
2.270000e-06	-4.706920e-02	1.373573e+01
2.280000e-06	-6.323328e-02	1.385197e+01
2.290000e-06	-5.617159e-02	1.398984e+01
2.300000e-06	-4.937231e-02	1.417725e+01
2.310000e-06	-5.068157e-02	1.423397e+01
2.320000e-06	-6.177151e-02	1.439986e+01
2.330000e-06	-6.351768e-02	1.451254e+01
2.340000e-06	-5.515417e-02	1.459844e+01
2.350000e-06	-5.849277e-02	1.468204e+01
2.360000e-06	-6.805309e-02	1.471780e+01
2.370000e-06	-7.858648e-02	1.482144e+01
2.380000e-06	-7.237978e-02	1.489460e+01
2.390000e-06	-7.043285e-02	1.495631e+01
2.400000e-06	-7.682841e-02	1.501091e+01
2.410000e-06	-8.801480e-02	1.506062e+01
2.420000e-06	-8.988622e-02	1.509613e+01
2.430000e-06	-8.300113e-02	1.514779e+01
2.440000e-06	-8.701817e-02	1.522939e+01
2.450000e-06	-9.614734e-02	1.530344e+01
2.460000e-06	-1.051649e-01	1.531257e+01
2.470000e-06	-1.010104e-01	1.532417e+01
2.480000e-06	-1.037852e-01	1.532665e+01
2.490000e-06	-1.110340e-01	1.535766e+01
2.500000e-06	-1.212733e-01	1.534673e+01
2.510000e-06	-1.210501e-01	1.537778e+01
2.520000e-06	-1.206684e-01	1.537518e+01
2.530000e-06	-1.284381e-01	1.533568e+01
2.540000e-06	-1.440782e-01	1.535611e+01
2.550000e-06	-1.529962e-01	1.532467e+01
2.560000e-06	-1.562975e-01	1.527304e+01
2.570000e-06	-1.679543e-01	1.526199e+01
2.580000e-06	-1.872959e-01	1.517844e+01
2.590000e-06	-2.110212e-01	1.515936e+01
2.600000e-06	-2.317178e-01	1.511721e+01
2.610000e-06	-2.477159e-01	1.507404e+01
2.620000e-06	-2.499892e-01	1.500193e+01
2.630000e-06	-2.499900e-01	1.496678e+01
2.640000e-06	-2.499903e-01	1.489307e+01
2.650000e-06	-2.499902e-01	1.480834e+01
2.660000e-06	-2.499902e-01	1.474775e+01
2.670000e-06	-2.499905e-01	1.464157e+01
2.680000e-06	-2.464168e-01	1.457683e+01
2.690000e-06	-2.199133e-01	1.447449e+01
2.700000e-06	-1.913691e-01	1.435736e+01
2.710000e-06	-1.721875e-01	1.427150e+01
2.720000e-06	-1.575189e-01	1.411473e+01
2.730000e-06	-1.406492e-01	1.398089e+01
2.740000e-06	-1.233047e-01	1.387060e+01
2.750000e-06	-1.125412e-01	1.376628e+01
2.760000e-06	-1.059433e-01	1.362037e+01
2.770000e-06	-9.780562e-02	1.348260e+01
2.780000e-06	-8.845625e-02	1.334821e+01
2.790000e-06	-8.070799e-02	1.317896e+01
2.800000e-06	-7.867415e-02	1.305000e+01
2.810000e-06	-7.555672e-02	1.289522e+01
2.820000e-06	-6.988731e-02	1.270573e+01
2.830000e-06	-6.285566e-02	1.258881e+01
2.840000e-06	-5.978076e-02	1.238099e+01
2.850000e-06	-5.891389e-02	1.220107e+01
2.860000e-06	-5.535527e-02	1.206259e+01
2.870000e-06	-5.171942e-02	1.187320e+01
2.880000e-06	-4.768329e-02	1.168120e+01
2.890000e-06	-4.990608e-02	1.145310e+01
2.900000e-06	-4.719449e-02	1.128357e+01
2.910000e-06	-4.521022e-02	1.106349e+01
2.920000e-06	-3.946322e-02	1.085269e+01
2.930000e-06	-4.106262e-02	1.064257e+01
2.940000e-06	-4.008881e-02	1.044217e+01
2.950000e-06	-3.942823e-02	1.024254e+01
2.960000e-06	-3.447595e-02	1.000809e+01
2.970000e-06	-3.438039e-02	9.800937e+00
2.980000e-06	-3.511544e-02	9.547332e+00
2.990000e-06	-3.443731e-02	9.347853e+00
3.000000e-06	-3.186402e-02	9.134801e+00
3.010000e-06	-2.921501e-02	8.853326e+00
3.020000e-06	-3.073964e-02	8.632592e+00
3.030000e-06	-3.063744e-02	8.440566e+00
3.040000e-06	-2.855683e-02	8.177961e+00
3.050000e-06	-2.573113e-02	7.918380e+00
3.060000e-06	-2.573729e-02	7.691721e+00
3.070000e-06	-2.705369e-02	7.410639e+00
3.080000e-06	-2.609594e-02	7.167806e+00
3.090000e-06	-2.409565e-02	6.904721e+00
3.100000e-06	-2.229719e-02	6.633116e+00
3.110000e-06	-2.391301e-02	6.369358e+00
3.120000e-06	-2.349949e-02	6.136276e+00
3.130000e-06	-2.158858e-02	5.904172e+00
3.140000e-06	-1.871044e-02	5.601532e+00
3.150000e-06	-2.033228e-02	5.326324e+00
3.160000e-06	-2.056090e-02	4.981062e+00
3.170000e-06	-2.026383e-02	4.703265e+00
3.180000e-06	-1.815766e-02	4.432036e+00
3.190000e-06	-1.827637e-02	4.128879e+00
3.200000e-06	-1.846605e-02	3.884240e+00
3.210000e-06	-1.803626e-02	3.611958e+00
3.220000e-06	-1.574131e-02	3.316400e+00
3.230000e-06	-1.470293e-02	3.003158e+00
3.240000e-06	-1.571325e-02	2.797955e+00
3.250000e-06	-1.551199e-02	2.495743e+00
3.260000e-06	-1.513196e-02	2.170455e+00
3.270000e-06	-1.355306e-02	1.938949e+00
3.280000e-06	-1.283282e-02	1.632712e+00
3.290000e-06	-1.329316e-02	1.347876e+00
3.300000e-06	-1.252351e-02	1.021689e+00
3.310000e-06	-1.082084e-02	7.162962e-01
3.320000e-06	-1.051535e-02	4.526380e-01
3.330000e-06	-1.004178e-02	1.569290e-01
3.340000e-06	-6.682104e-03	-1.357105e-01
3.350000e-06	4.715872e-03	-3.793421e-01
3.360000e-06	-1.522695e-03	-6.625702e-01
3.370000e-06	2.063411e-03	-9.062366e-01
3.380000e-06	-1.463813e-03	-1.198395e+00
3.390000e-06	1.448081e-03	-1.475328e+00
3.400000e-06	4.653058e-04	-1.755741e+00
3.410000e-06	2.584887e-02	-1.947341e+00
3.420000e-06	1.028472e-01	-2.200470e+00
3.430000e-06	5.056345e-02	-2.577368e+00
3.440000e-06	-5.445178e-02	-3.009870e+00
3.450000e-06	-5.395979e-03	-3.254714e+00
3.460000e-06	-4.720506e-02	-3.534737e+00
3.470000e-06	-6.642642e-02	-3.757291e+00
3.480000e-06	-9.979428e-03	-3.987295e+00
3.490000e-06	1.387192e-01	-4.157290e+00
3.500000e-06	-1.523836e-01	-4.462526e+00
3.510000e-06	1.733019e-01	-4.765244e+00
3.520000e-06	-4.703126e-02	-4.998821e+00
3.530000e-06	-2.216978e-02	-5.376825e+00
3.540000e-06	8.464285e-02	-5.589376e+00
3.550000e-06	-1.559821e-01	-5.923585e+00
3.560000e-06	1.743785e-01	-6.124795e+00
3.570000e-06	-6.724561e-02	-6.407850e+00
3.580000e-06	6.292900e-02	-6.696213e+00
3.590000e-06	2.776206e-02	-6.954219e+00
3.600000e-06	-6.896454e-02	-7.271405e+00
3.610000e-06	1.063599e-01	-7.525536e+00
3.620000e-06	-9.538532e-02	-7.770777e+00
3.630000e-06	1.204052e-01	-8.042562e+00
3.640000e-06	-3.187293e-02	-8.243009e+00
3.650000e-06	3.445549e-02	-8.516720e+00
3.660000e-06	5.884639e-02	-8.818296e+00
3.670000e-06	-7.084967e-02	-9.010455e+00
3.680000e-06	8.792882e-02	-9.240430e+00
3.690000e-06	-5.767783e-02	-9.431637e+00
3.700000e-06	1.102339e-01	-9.694191e+00
3.710000e-06	-2.684308e-02	-9.904114e+00
3.720000e-06	5.778661e-02	-1.013614e+01
3.730000e-06	3.524612e-03	-1.038467e+01
3.740000e-06	1.758665e-02	-1.058930e+01
3.750000e-06	4.961503e-02	-1.079625e+01
3.760000e-06	-1.055530e-02	-1.099823e+01
3.770000e-06	6.734954e-02	-1.115615e+01
3.780000e-06	-1.071553e-02	-1.139938e+01
3.790000e-06	7.411939e-02	-1.163883e+01
3.800000e-06	-9.488128e-03	-1.179880e+01
3.810000e-06	5.454050e-02	-1.197843e+01
3.820000e-06	8.614815e-03	-1.219673e+01
3.830000e-06	5.745502e-02	-1.238730e+01
3.840000e-06	2.967578e-02	-1.254612e+01
3.850000e-06	3.331580e-02	-1.270360e+01
3.860000e-06	3.629758e-02	-1.287247e+01
3.870000e-06	3.181279e-02	-1.299993e+01
3.880000e-06	5.313640e-02	-1.318675e+01
3.890000e-06	2.777077e-02	-1.331307e+01
3.900000e-06	5.501732e-02	-1.346102e+01
3.910000e-06	3.050585e-02	-1.362886e+01
3.920000e-06	6.145224e-02	-1.376570e+01
3.930000e-06	3.516077e-02	-1.391149e+01
3.940000e-06	5.200402e-02	-1.400829e+01
3.950000e-06	4.182409e-02	-1.414567e+01
3.960000e-06	6.102307e-02	-1.425147e+01
3.970000e-06	5.438679e-02	-1.439825e+01
3.980000e-06	5.643920e-02	-1.448099e+01
3.990000e-06	5.350852e-02	-1.457780e+01
4.000000e-06	6.045662e-02	-1.468056e+01
4.010000e-06	6.794356e-02	-1.476570e+01
4.020000e-06	6.426789e-02	-1.484934e+01
4.030000e-06	6.801458e-02	-1.488502e+01
4.040000e-06	6.661449e-02	-1.496836e+01
4.050000e-06	7.683612e-02	-1.505051e+01
4.060000e-06	7.153710e-02	-1.509465e+01
4.070000e-06	7.751572e-02	-1.514623e+01
4.080000e-06	7.616522e-02	-1.520831e+01
4.090000e-06	9.016753e-02	-1.526089e+01
4.100000e-06	8.871138e-02	-1.529257e+01
4.110000e-06	9.042713e-02	-1.535362e+01
4.120000e-06	8.937347e-02	-1.535625e+01
4.130000e-06	9.678023e-02	-1.535736e+01
4.140000e-06	1.043440e-01	-1.541893e+01
4.150000e-06	1.076943e-01	-1.536796e+01
4.160000e-06	1.103737e-01	-1.541996e+01
4.170000e-06	1.136442e-01	-1.542951e+01
4.180000e-06	1.242498e-01	-1.540896e+01
4.190000e-06	1.266179e-01	-1.539838e+01
4.200000e-06	1.318274e-01	-1.537635e+01
4.210000e-06	1.394398e-01	-1.536580e+01
4.220000e-06	1.553410e-01	-1.532423e+01
4.230000e-06	1.708518e-01	-1.530510e+01
4.240000e-06	1.858431e-01	-1.526204e+01
4.250000e-06	2.031553e-01	-1.524844e+01
4.260000e-06	2.304163e-01	-1.518780e+01
4.270000e-06	2.487148e-01	-1.510514e+01
4.280000e-06	2.499889e-01	-1.505199e+01
4.290000e-06	2.499892e-01	-1.498781e+01
4.300000e-06	2.499895e-01	-1.488617e+01
4.310000e-06	2.499900e-01	-1.485941e+01
4.320000e-06	2.499901e-01	-1.477726e+01
4.330000e-06	2.499897e-01	-1.471362e+01
4.340000e-06	2.336795e-01	-1.454883e+01
4.350000e-06	2.060725e-01	-1.448067e+01
4.360000e-06	1.814827e-01	-1.438841e+01
4.370000e-06	1.591511e-01	-1.428355e+01
4.380000e-06	1.384165e-01	-1.417781e+01
4.390000e-06	1.244564e-01	-1.406191e+01
4.400000e-06	1.123510e-01	-1.388465e+01
4.410000e-06	1.030408e-01	-1.377576e+01
4.420000e-06	9.119993e-02	-1.361052e+01
4.430000e-06	8.350203e-02	-1.354360e+01
4.440000e-06	7.858453e-02	-1.335733e+01
4.450000e-06	7.243478e-02	-1.320041e+01
4.460000e-06	6.470528e-02	-1.303202e+01
4.470000e-06	5.859567e-02	-1.289470e+01
4.480000e-06	5.465087e-02	-1.277675e+01
4.490000e-06	5.268609e-02	-1.259941e+01
4.500000e-06	4.910622e-02	-1.245996e+01
4.510000e-06	4.475390e-02	-1.225256e+01
4.520000e-06	4.173115e-02	-1.205109e+01
4.530000e-06	4.032934e-02	-1.189257e+01
4.540000e-06	3.807418e-02	-1.171207e+01
4.550000e-06	3.458980e-02	-1.144162e+01
4.560000e-06	3.114328e-02	-1.121851e+01
4.570000e-06	3.053035e-02	-1.101244e+01
4.580000e-06	2.922457e-02	-1.080053e+01
4.590000e-06	2.758180e-02	-1.064106e+01
4.600000e-06	2.396205e-02	-1.040951e+01
4.610000e-06	2.361595e-02	-1.020041e+01
4.620000e-06	2.267187e-02	-9.987807e+00
4.630000e-06	2.298407e-02	-9.818302e+00
4.640000e-06	1.967830e-02	-9.547827e+00
4.650000e-06	1.892633e-02	-9.325853e+00
4.660000e-06	1.731621e-02	-9.113145e+00
4.670000e-06	1.657795e-02	-8.865196e+00
4.680000e-06	1.436225e-02	-8.661538e+00
4.690000e-06	1.275801e-02	-8.389461e+00
4.700000e-06	1.215034e-02	-8.128328e+00
4.710000e-06	1.353165e-02	-7.927229e+00
4.720000e-06	1.249036e-02	-7.631566e+00
4.730000e-06	9.260772e-03	-7.418901e+00
4.740000e-06	7.606429e-03	-7.136225e+00
4.750000e-06	7.192752e-03	-6.873113e+00
4.760000e-06	7.279846e-03	-6.590532e+00
4.770000e-06	5.948752e-03	-6.347778e+00
4.780000e-06	4.589317e-03	-6.082266e+00
4.790000e-06	4.121521e-03	-5.810983e+00
4.800000e-06	5.318275e-03	-5.547351e+00
4.810000e-06	3.002595e-03	-5.253613e+00
4.820000e-06	2.031792e-03	-4.956405e+00
4.830000e-06	2.289733e-03	-4.640554e+00
4.840000e-06	2.244596e-03	-4.349404e+00
4.850000e-06	1.890945e-03	-4.138848e+00
4.860000e-06	-6.700409e-04	-3.864708e+00
4.870000e-06	-1.718311e-03	-3.578477e+00
4.880000e-06	-3.212700e-03	-3.326826e+00
4.890000e-06	-2.473162e-03	-3.053586e+00
4.900000e-06	-2.856460e-03	-2.736917e+00
4.910000e-06	-2.314119e-03	-2.471667e+00
4.920000e-06	-3.275971e-03	-2.210978e+00
4.930000e-06	-3.191239e-03	-1.905820e+00
4.940000e-06	-4.561314e-03	-1.590555e+00
4.950000e-06	-6.111694e-03	-1.305267e+00
4.960000e-06	-7.550147e-03	-1.021050e+00
4.970000e-06	-5.899947e-03	-7.162186e-01
4.980000e-06	-6.420064e-03	-3.905977e-01
4.990000e-06	-5.291384e-03	-1.588725e-01
5.000000e-06	8.568495e-05	1.257116e-01
5.010000e-06	8.009872e-03	4.115235e-01
5.020000e-06	-3.592647e-04	6.526313e-01
5.030000e-06	4.317452e-03	9.063352e-01
5.040000e-06	-4.300518e-03	1.212050e+00
5.050000e-06	8.132698e-04	1.475133e+00
5.060000e-06	-1.812425e-03	1.801500e+00
5.070000e-06	1.843069e-02	2.021046e+00
5.080000e-06	6.761226e-02	2.253559e+00
5.090000e-06	7.901527e-02	2.597844e+00
5.100000e-06	-5.491298e-02	2.895739e+00
5.110000e-06	-2.469094e-02	3.188924e+00
5.120000e-06	-4.057793e-02	3.504661e+00
5.130000e-06	-3.437774e-02	3.738271e+00
5.140000e-06	-8.678141e-02	4.006342e+00
5.150000e-06	3.023143e-02	4.147844e+00
5.160000e-06	6.739345e-02	4.484714e+00
5.170000e-06	-1.055492e-01	4.736746e+00
5.180000e-06	1.606284e-01	4.991452e+00
5.190000e-06	-8.449397e-02	5.366849e+00
5.200000e-06	-1.216048e-02	5.600425e+00
5.210000e-06	1.222377e-02	5.905568e+00
5.220000e-06	-4.575142e-02	6.166270e+00
5.230000e-06	6.322323e-02	6.390375e+00
5.240000e-06	-6.504873e-02	6.736746e+00
5.250000e-06	2.169694e-02	6.946270e+00
5.260000e-06	-2.790117e-02	7.250976e+00
5.270000e-06	-7.653973e-03	7.495090e+00
5.280000e-06	-1.159347e-02	7.787850e+00
5.290000e-06	-4.170534e-02	8.090989e+00
5.300000e-06	3.981549e-02	8.305742e+00
5.310000e-06	-3.405854e-02	8.514691e+00
5.320000e-06	3.636355e-03	8.725744e+00
5.330000e-06	-2.876211e-02	8.969305e+00
5.340000e-06	-4.533272e-02	9.199484e+00
5.350000e-06	1.080612e-02	9.411982e+00
5.360000e-06	-2.570818e-02	9.664091e+00
5.370000e-06	-1.829052e-03	9.914643e+00
5.380000e-06	-4.285903e-02	1.011572e+01
5.390000e-06	3.931047e-03	1.034515e+01
5.400000e-06	-2.695813e-02	1.058620e+01
5.410000e-06	-2.488687e-02	1.076680e+01
5.420000e-06	-3.054378e-02	1.097623e+01
5.430000e-06	-3.255870e-02	1.116575e+01
5.440000e-06	-7.782771e-03	1.137678e+01
5.450000e-06	-3.613610e-02	1.158383e+01
5.460000e-06	-2.707652e-02	1.173778e+01
5.470000e-06	-4.457323e-02	1.194828e+01
5.480000e-06	-1.672173e-02	1.215770e+01
5.490000e-06	-3.023224e-02	1.231317e+01
5.500000e-06	-3.257222e-02	1.248517e+01
5.510000e-06	-4.430828e-02	1.265349e+01
5.520000e-06	-3.747941e-02	1.279038e+01
5.530000e-06	-3.057009e-02	1.298680e+01
5.540000e-06	-4.353142e-02	1.307570e+01
5.550000e-06	-4.496563e-02	1.330352e+01
5.560000e-06	-4.542462e-02	1.342089e+01
5.570000e-06	-3.427227e-02	1.358783e+01
5.580000e-06	-4.465159e-02	1.371355e+01
5.590000e-06	-5.303751e-02	1.383039e+01
5.600000e-06	-5.846914e-02	1.396573e+01
5.610000e-06	-5.161548e-02	1.407454e+01
5.620000e-06	-4.875620e-02	1.423089e+01
5.630000e-06	-5.898098e-02	1.433620e+01
5.640000e-06	-6.309628e-02	1.442989e+01
5.650000e-06	-6.228480e-02	1.452626e+01
5.660000e-06	-5.753754e-02	1.463039e+01
5.670000e-06	-6.533757e-02	1.471470e+01
5.680000e-06	-7.144945e-02	1.481091e+01
5.690000e-06	-7.318807e-02	1.485299e+01
5.700000e-06	-7.009518e-02	1.492630e+01
5.710000e-06	-7.519582e-02	1.501886e+01
5.720000e-06	-8.439383e-02	1.502156e+01
5.730000e-06	-8.997263e-02	1.508570e+01
5.740000e-06	-8.804042e-02	1.518678e+01
5.750000e-06	-8.542470e-02	1.520836e+01
5.760000e-06	-9.219058e-02	1.527195e+01
5.770000e-06	-9.865364e-02	1.530214e+01
5.780000e-06	-1.011757e-01	1.531510e+01
5.790000e-06	-1.024079e-01	1.529572e+01
5.800000e-06	-1.085067e-01	1.534718e+01
5.810000e-06	-1.179389e-01	1.535773e+01
5.820000e-06	-1.209555e-01	1.534681e+01
5.830000e-06	-1.220771e-01	1.535731e+01
5.840000e-06	-1.269039e-01	1.533561e+01
5.850000e-06	-1.376819e-01	1.535618e+01
5.860000e-06	-1.493716e-01	1.535460e+01
5.870000e-06	-1.538362e-01	1.531410e+01
5.880000e-06	-1.642377e-01	1.526104e+01
5.890000e-06	-1.791022e-01	1.527999e+01
5.900000e-06	-2.023068e-01	1.518884e+01
5.910000e-06	-2.228200e-01	1.513671e+01
5.920000e-06	-2.452862e-01	1.508513e+01
5.930000e-06	-2.493873e-01	1.506199e+01
5.940000e-06	-2.499897e-01	1.495838e+01
5.950000e-06	-2.499903e-01	1.491515e+01
5.960000e-06	-2.499902e-01	1.489201e+01
5.970000e-06	-2.499902e-01	1.475683e+01
5.980000e-06	-2.499904e-01	1.464257e+01
5.990000e-06	-2.494906e-01	1.460939e+01
6.000000e-06	-2.320728e-01	1.451458e+01
6.010000e-06	-2.017825e-01	1.445034e+01
6.020000e-06	-1.783712e-01	1.426317e+01
6.030000e-06	-1.631746e-01	1.415736e+01
6.040000e-06	-1.457727e-01	1.405105e+01
6.050000e-06	-1.298286e-01	1.391720e+01
6.060000e-06	-1.157443e-01	1.379739e+01
6.070000e-06	-1.094245e-01	1.368307e+01
6.080000e-06	-1.015410e-01	1.351483e+01
6.090000e-06	-9.254631e-02	1.336986e+01
6.100000e-06	-8.193568e-02	1.326157e+01
6.110000e-06	-7.947660e-02	1.308465e+01
6.120000e-06	-7.665794e-02	1.295621e+01
6.130000e-06	-7.263858e-02	1.278839e+01
6.140000e-06	-6.515087e-02	1.262152e+01
6.150000e-06	-6.084797e-02	1.246215e+01
6.160000e-06	-5.876392e-02	1.231420e+01
6.170000e-06	-5.771738e-02	1.210425e+01
6.180000e-06	-5.270800e-02	1.193728e+01
6.190000e-06	-4.989337e-02	1.175038e+01
6.200000e-06	-4.835421e-02	1.152528e+01
6.210000e-06	-4.874949e-02	1.134688e+01
6.220000e-06	-4.600677e-02	1.112630e+01
6.230000e-06	-4.093920e-02	1.096783e+01
6.240000e-06	-4.055723e-02	1.073688e+01
6.250000e-06	-4.010661e-02	1.051733e+01
6.260000e-06	-4.014077e-02	1.030572e+01
6.270000e-06	-3.607651e-02	1.010417e+01
6.280000e-06	-3.459078e-02	9.874046e+00
6.290000e-06	-3.401719e-02	9.631565e+00
6.300000e-06	-3.531466e-02	9.430939e+00
6.310000e-06	-3.173256e-02	9.210985e+00
6.320000e-06	-2.981110e-02	8.968431e+00
6.330000e-06	-2.964896e-02	8.746829e+00
6.340000e-06	-3.093887e-02	8.514752e+00
6.350000e-06	-2.944670e-02	8.324146e+00
6.360000e-06	-2.612081e-02	8.041037e+00
6.370000e-06	-2.547080e-02	7.748903e+00
6.380000e-06	-2.582413e-02	7.526250e+00
6.390000e-06	-2.662210e-02	7.231688e+00
6.400000e-06	-2.378556e-02	6.979483e+00
6.410000e-06	-2.353233e-02	6.717379e+00
6.420000e-06	-2.347764e-02	6.472190e+00
6.430000e-06	-2.364567e-02	6.201058e+00
6.440000e-06	-2.178043e-02	5.978025e+00
6.450000e-06	-2.070835e-02	5.695715e+00
6.460000e-06	-2.018383e-02	5.451158e+00
6.470000e-06	-2.049052e-02	5.135925e+00
6.480000e-06	-2.020232e-02	4.799933e+00
6.490000e-06	-1.822231e-02	4.556849e+00
6.500000e-06	-1.758541e-02	4.313770e+00
6.510000e-06	-1.779272e-02	3.959499e+00
6.520000e-06	-1.852030e-02	3.687268e+00
6.530000e-06	-1.640094e-02	3.442713e+00
6.540000e-06	-1.578188e-02	3.157326e+00
6.550000e-06	-1.575278e-02	2.884268e+00
6.560000e-06	-1.592609e-02	2.601208e+00
6.570000e-06	-1.393830e-02	2.256768e+00
6.580000e-06	-1.297855e-02	2.051158e+00
6.590000e-06	-1.181706e-02	1.777453e+00
6.600000e-06	-1.308659e-02	1.453213e+00
6.610000e-06	-1.233839e-02	1.158499e+00
6.620000e-06	-1.302848e-02	8.025831e-01
6.630000e-06	-1.036581e-02	5.584974e-01
6.640000e-06	-1.035023e-02	2.857911e-01
6.650000e-06	-7.686911e-03	-2.859996e-02
6.660000e-06	-6.341627e-04	-2.950802e-01
6.670000e-06	4.259416e-03	-5.181580e-01
6.680000e-06	-2.799843e-03	-8.225274e-01
6.690000e-06	1.991399e-03	-1.053105e+00
6.700000e-06	-2.184118e-03	-1.398892e+00
6.710000e-06	2.423500e-03	-1.662578e+00
6.720000e-06	1.124737e-02	-1.884158e+00
6.730000e-06	6.881083e-02	-2.094211e+00
6.740000e-06	1.085237e-01	-2.459501e+00
6.750000e-06	-5.358447e-02	-2.850003e+00
6.760000e-06	-6.059034e-03	-3.241550e+00
6.770000e-06	-4.331053e-02	-3.402556e+00
6.780000e-06	-4.208065e-02	-3.660006e+00
6.790000e-06	-8.433891e-02	-3.914164e+00
6.800000e-06	1.562986e-01	-4.062631e+00
6.810000e-06	-8.434351e-02	-4.345710e+00
6.820000e-06	3.750566e-02	-4.621979e+00
6.830000e-06	1.082895e-01	-4.874083e+00
6.840000e-06	-1.498688e-01	-5.260950e+00
6.850000e-06	1.563676e-01	-5.536641e+00
6.860000e-06	-1.456577e-01	-5.797365e+00
6.870000e-06	7.356741e-02	-6.043110e+00
6.880000e-06	5.551776e-02	-6.293962e+00
6.890000e-06	-5.568046e-02	-6.599351e+00
6.900000e-06	1.278263e-01	-6.852080e+00
6.910000e-06	-1.145646e-01	-7.126667e+00
6.920000e-06	9.977375e-02	-7.428953e+00
6.930000e-06	-4.373462e-02	-7.651485e+00
6.940000e-06	2.852982e-02	-7.946298e+00
6.950000e-06	7.113421e-02	-8.178822e+00
6.960000e-06	-6.181863e-02	-8.451481e+00
6.970000e-06	1.267669e-01	-8.714565e+00
6.980000e-06	-8.853413e-02	-8.906668e+00
6.990000e-06	7.046181e-02	-9.177795e+00
7.000000e-06	-2.345774e-02	-9.387671e+00
7.010000e-06	4.971137e-02	-9.641380e+00
7.020000e-06	4.651738e-02	-9.817905e+00
7.030000e-06	-9.207009e-03	-1.003141e+01
7.040000e-06	6.766155e-02	-1.024048e+01
7.050000e-06	-3.818030e-02	-1.049364e+01
7.060000e-06	8.648441e-02	-1.068362e+01
7.070000e-06	-3.193065e-02	-1.089459e+01
7.080000e-06	6.891161e-02	-1.111402e+01
7.090000e-06	-4.602541e-03	-1.130509e+01
7.100000e-06	5.643079e-02	-1.151467e+01
7.110000e-06	2.034532e-02	-1.171505e+01
7.120000e-06	2.612601e-02	-1.198415e+01
7.130000e-06	3.761248e-02	-1.211412e+01
7.140000e-06	2.505276e-02	-1.227302e+01
7.150000e-06	5.915506e-02	-1.247249e+01
7.160000e-06	9.352652e-03	-1.263099e+01
7.170000e-06	5.143629e-02	-1.277928e+01
7.180000e-06	1.505808e-02	-1.297675e+01
7.190000e-06	6.254563e-02	-1.309317e+01
7.200000e-06	2.646016e-02	-1.323141e+01
7.210000e-06	5.580677e-02	-1.341941e+01
7.220000e-06	3.384674e-02	-1.352517e+01
7.230000e-06	5.540038e-02	-1.370304e+01
7.240000e-06	4.266225e-02	-1.383098e+01
7.250000e-06	4.257753e-02	-1.395670e+01
7.260000e-06	4.544437e-02	-1.406402e+01
7.270000e-06	5.142101e-02	-1.418836e+01
7.280000e-06	6.183840e-02	-1.432455e+01
7.290000e-06	5.234011e-02	-1.445986e+01
7.300000e-06	5.772322e-02	-1.452570e+01
7.310000e-06	5.442802e-02	-1.462050e+01
7.320000e-06	7.054477e-02	-1.471467e+01
7.330000e-06	6.093563e-02	-1.480786e+01
7.340000e-06	6.809856e-02	-1.486347e+01
7.350000e-06	6.317268e-02	-1.495680e+01
7.360000e-06	7.645859e-02	-1.503986e+01
7.370000e-06	7.046456e-02	-1.511202e+01
7.380000e-06	7.471970e-02	-1.512468e+01
7.390000e-06	7.500913e-02	-1.518928e+01
7.400000e-06	8.624874e-02	-1.524046e+01
7.410000e-06	9.113545e-02	-1.526307e+01
7.420000e-06	9.017864e-02	-1.530212e+01
7.430000e-06	9.063561e-02	-1.535720e+01
7.440000e-06	9.271460e-02	-1.536681e+01
7.450000e-06	1.023467e-01	-1.537833e+01
7.460000e-06	1.032300e-01	-1.539789e+01
7.470000e-06	1.083769e-01	-1.541748e+01
7.480000e-06	1.121327e-01	-1.543039e+01
7.490000e-06	1.225381e-01	-1.540236e+01
7.500000e-06	1.265794e-01	-1.542846e+01
7.510000e-06	1.305725e-01	-1.536728e+01
7.520000e-06	1.367383e-01	-1.535480e+01
7.530000e-06	1.484177e-01	-1.536572e+01
7.540000e-06	1.638641e-01	-1.534407e+01
7.550000e-06	1.771812e-01	-1.528217e+01
7.560000e-06	1.946558e-01	-1.522051e+01
7.570000e-06	2.195652e-01	-1.517776e+01
7.580000e-06	2.452155e-01	-1.510515e+01
7.590000e-06	2.499887e-01	-1.507197e+01
7.600000e-06	2.499890e-01	-1.500943e+01
7.610000e-06	2.499894e-01	-1.494480e+01
7.620000e-06	2.499899e-01	-1.486254e+01
7.630000e-06	2.499901e-01	-1.480729e+01
7.640000e-06	2.499898e-01	-1.470607e+01
7.650000e-06	2.417445e-01	-1.464191e+01
7.660000e-06	2.163472e-01	-1.454675e+01
7.670000e-06	1.908156e-01	-1.440941e+01
7.680000e-06	1.683829e-01	-1.431465e+01
7.690000e-06	1.460483e-01	-1.420786e+01
7.700000e-06	1.303551e-01	-1.408405e+01
7.710000e-06	1.173293e-01	-1.396629e+01
7.720000e-06	1.066274e-01	-1.381994e+01
7.730000e-06	9.461742e-02	-1.372419e+01
7.740000e-06	8.615105e-02	-1.354728e+01
7.750000e-06	7.960434e-02	-1.341891e+01
7.760000e-06	7.504673e-02	-1.325297e+01
7.770000e-06	6.714298e-02	-1.307475e+01
7.780000e-06	6.132104e-02	-1.296893e+01
7.790000e-06	5.742279e-02	-1.280996e+01
7.800000e-06	5.517348e-02	-1.265252e+01
7.810000e-06	5.093272e-02	-1.249360e+01
7.820000e-06	4.525942e-02	-1.229419e+01
7.830000e-06	4.243176e-02	-1.214625e+01
7.840000e-06	4.081035e-02	-1.193533e+01
7.850000e-06	3.839062e-02	-1.174685e+01
7.860000e-06	3.530398e-02	-1.151623e+01
7.870000e-06	3.113146e-02	-1.133467e+01
7.880000e-06	3.111414e-02	-1.108367e+01
7.890000e-06	3.039468e-02	-1.090520e+01
7.900000e-06	2.950858e-02	-1.067725e+01
7.910000e-06	2.599190e-02	-1.054577e+01
7.920000e-06	2.454707e-02	-1.024510e+01
7.930000e-06	2.144998e-02	-1.003417e+01
7.940000e-06	2.123233e-02	-9.850093e+00
7.950000e-06	1.956416e-02	-9.661543e+00
7.960000e-06	1.764015e-02	-9.410957e+00
7.970000e-06	1.809939e-02	-9.168755e+00
7.980000e-06	1.759120e-02	-8.958829e+00
7.990000e-06	1.631559e-02	-8.705799e+00
8.000000e-06	1.465989e-02	-8.473694e+00
8.010000e-06	1.209770e-02	-8.240591e+00
8.020000e-06	1.197228e-02	-8.019037e+00
8.030000e-06	1.235595e-02	-7.777878e+00
8.040000e-06	1.013703e-02	-7.454088e+00
8.050000e-06	9.641083e-03	-7.209057e+00
8.060000e-06	7.501290e-03	-6.936300e+00
8.070000e-06	6.509875e-03	-6.714217e+00
8.080000e-06	5.601561e-03	-6.442138e+00
8.090000e-06	6.002690e-03	-6.177854e+00
8.100000e-06	4.447216e-03	-5.874245e+00
8.110000e-06	5.648891e-03	-5.663717e+00
8.120000e-06	3.906509e-03	-5.388928e+00
8.130000e-06	2.775553e-03	-5.081194e+00
8.140000e-06	3.771373e-04	-4.767802e+00
8.150000e-06	1.331635e-03	-4.463665e+00
8.160000e-06	1.211547e-03	-4.262136e+00
8.170000e-06	1.237990e-03	-3.948505e+00
8.180000e-06	-1.615901e-03	-3.704114e+00
8.190000e-06	-1.675309e-03	-3.461478e+00
8.200000e-06	-2.702429e-03	-3.166926e+00
8.210000e-06	-2.285486e-03	-2.812080e+00
8.220000e-06	-3.591076e-03	-2.598950e+00
8.230000e-06	-2.131604e-03	-2.324620e+00
8.240000e-06	-3.381674e-03	-1.998476e+00
8.250000e-06	-3.462622e-03	-1.755870e+00
8.260000e-06	-5.512154e-03	-1.412683e+00
8.270000e-06	-7.221811e-03	-1.066246e+00
8.280000e-06	-6.727839e-03	-8.420804e-01
8.290000e-06	-6.924558e-03	-4.863698e-01
8.300000e-06	-5.490959e-03	-2.426342e-01
8.310000e-06	-3.763023e-03	1.449914e-03
8.320000e-06	8.424152e-03	3.357617e-01
8.330000e-06	9.375768e-05	5.578896e-01
8.340000e-06	3.992678e-03	8.199460e-01
8.350000e-06	-1.936318e-03	1.085684e+00
8.360000e-06	8.252718e-04	1.390922e+00
8.370000e-06	-2.203390e-03	1.673708e+00
8.380000e-06	9.616156e-03	1.924740e+00
8.390000e-06	4.056115e-02	2.157316e+00
8.400000e-06	1.036714e-01	2.454035e+00
8.410000e-06	-2.002054e-02	2.840626e+00
8.420000e-06	-4.012213e-02	3.125688e+00
8.430000e-06	-3.486801e-02	3.407846e+00
8.440000e-06	-2.767651e-02	3.693586e+00
8.450000e-06	-7.525529e-02	3.863659e+00
8.460000e-06	-3.543849e-02	4.113063e+00
8.470000e-06	1.032483e-01	4.387321e+00
8.480000e-06	-8.762708e-02	4.675587e+00
8.490000e-06	7.389305e-02	4.882637e+00
8.500000e-06	4.601201e-02	5.283562e+00
8.510000e-06	-1.062871e-01	5.505222e+00
8.520000e-06	6.252205e-02	5.769394e+00
8.530000e-06	-6.956141e-02	6.042613e+00
8.540000e-06	5.336213e-02	6.283194e+00
8.550000e-06	-2.233282e-02	6.579479e+00
8.560000e-06	-3.074351e-02	6.883063e+00
8.570000e-06	2.171691e-02	7.125242e+00
8.580000e-06	-4.798901e-02	7.388827e+00
8.590000e-06	2.639174e-02	7.643634e+00
8.600000e-06	-6.929514e-02	7.956196e+00
8.610000e-06	3.472252e-02	8.229484e+00
8.620000e-06	-7.685720e-03	8.431004e+00
8.630000e-06	-2.090491e-02	8.670482e+00
8.640000e-06	4.550284e-03	8.883568e+00
8.650000e-06	-6.849054e-02	9.144743e+00
8.660000e-06	1.474982e-02	9.346275e+00
8.670000e-06	-2.902788e-02	9.547776e+00
8.680000e-06	6.093877e-03	9.807854e+00
8.690000e-06	-4.330879e-02	1.005204e+01
8.700000e-06	-5.502900e-03	1.026243e+01
8.710000e-06	-1.414619e-02	1.042211e+01
8.720000e-06	-3.152871e-02	1.068109e+01
8.730000e-06	-2.390776e-02	1.087404e+01
8.740000e-06	-4.323238e-02	1.107459e+01
8.750000e-06	-3.919855e-03	1.130157e+01
8.760000e-06	-3.235009e-02	1.147257e+01
8.770000e-06	-2.119413e-02	1.172557e+01
8.780000e-06	-4.750890e-02	1.189409e+01
8.790000e-06	-2.011832e-02	1.208259e+01
8.800000e-06	-2.787440e-02	1.226149e+01
8.810000e-06	-2.937379e-02	1.244041e+01
8.820000e-06	-4.480236e-02	1.260983e+01
8.830000e-06	-4.227506e-02	1.270733e+01
8.840000e-06	-2.867372e-02	1.292560e+01
8.850000e-06	-3.870641e-02	1.306299e+01
8.860000e-06	-4.063516e-02	1.323141e+01
8.870000e-06	-5.187957e-02	1.339678e+01
8.880000e-06	-3.306652e-02	1.350665e+01
8.890000e-06	-4.413360e-02	1.365239e+01
8.900000e-06	-4.657406e-02	1.375875e+01
8.910000e-06	-6.220852e-02	1.389312e+01
8.920000e-06	-5.131358e-02	1.403139e+01
8.930000e-06	-4.966372e-02	1.417828e+01
8.940000e-06	-5.319548e-02	1.430267e+01
8.950000e-06	-6.262667e-02	1.437889e+01
8.960000e-06	-6.445252e-02	1.449515e+01
8.970000e-06	-5.603034e-02	1.458844e+01
8.980000e-06	-6.329145e-02	1.470362e+01
8.990000e-06	-6.685323e-02	1.476826e+01
9.000000e-06	-7.700956e-02	1.484202e+01
9.010000e-06	-6.907504e-02	1.491467e+01
9.020000e-06	-7.321135e-02	1.494783e+01
9.030000e-06	-7.862947e-02	1.502143e+01
9.040000e-06	-8.925732e-02	1.510153e+01
9.050000e-06	-8.847587e-02	1.516815e+01
9.060000e-06	-8.502176e-02	1.518884e+01
9.070000e-06	-8.914017e-02	1.526084e+01
9.080000e-06	-9.676626e-02	1.528205e+01
9.090000e-06	-1.030609e-01	1.532410e+01
9.100000e-06	-1.006141e-01	1.531415e+01
9.110000e-06	-1.052140e-01	1.533573e+01
9.120000e-06	-1.130631e-01	1.533681e+01
9.130000e-06	-1.216595e-01	1.536576e+01
9.140000e-06	-1.225744e-01	1.536778e+01
9.150000e-06	-1.232280e-01	1.537728e+01
9.160000e-06	-1.327594e-01	1.535625e+01
9.170000e-06	-1.445270e-01	1.532668e+01
9.180000e-06	-1.526975e-01	1.532309e+01
9.190000e-06	-1.588259e-01	1.527452e+01
9.200000e-06	-1.723158e-01	1.525952e+01
9.210000e-06	-1.934038e-01	1.520934e+01
9.220000e-06	-2.156997e-01	1.516731e+01
9.230000e-06	-2.378462e-01	1.513565e+01
9.240000e-06	-2.489775e-01	1.508354e+01
9.250000e-06	-2.499893e-01	1.497829e+01
9.260000e-06	-2.499901e-01	1.495675e+01
9.270000e-06	-2.499903e-01	1.487214e+01
9.280000e-06	-2.499901e-01	1.478893e+01
9.290000e-06	-2.499902e-01	1.471365e+01
9.300000e-06	-2.499906e-01	1.462159e+01
9.310000e-06	-2.416358e-01	1.456620e+01
9.320000e-06	-2.119274e-01	1.447202e+01
9.330000e-06	-1.857748e-01	1.429728e+01
9.340000e-06	-1.675754e-01	1.422087e+01
9.350000e-06	-1.525431e-01	1.408365e+01
9.360000e-06	-1.350916e-01	1.396881e+01
9.370000e-06	-1.206736e-01	1.382009e+01
9.380000e-06	-1.113894e-01	1.372572e+01
9.390000e-06	-1.054577e-01	1.356831e+01
9.400000e-06	-9.617958e-02	1.346197e+01
9.410000e-06	-8.625316e-02	1.329425e+01
9.420000e-06	-8.016403e-02	1.315928e+01
9.430000e-06	-7.690199e-02	1.300794e+01
9.440000e-06	-7.264175e-02	1.287162e+01
9.450000e-06	-6.698365e-02	1.267417e+01
9.460000e-06	-6.220280e-02	1.252726e+01
9.470000e-06	-6.121134e-02	1.233638e+01
9.480000e-06	-5.932342e-02	1.218896e+01
9.490000e-06	-5.464890e-02	1.205097e+01
9.500000e-06	-4.943217e-02	1.186004e+01
9.510000e-06	-4.817043e-02	1.166002e+01
9.520000e-06	-4.952891e-02	1.140152e+01
9.530000e-06	-4.667043e-02	1.119099e+01
9.540000e-06	-4.308446e-02	1.101994e+01
9.550000e-06	-4.100485e-02	1.084052e+01
9.560000e-06	-4.100904e-02	1.060107e+01
9.570000e-06	-4.111127e-02	1.039996e+01
9.580000e-06	-3.698969e-02	1.017993e+01
9.590000e-06	-3.564924e-02	9.907404e+00
9.600000e-06	-3.392361e-02	9.724881e+00
9.610000e-06	-3.568518e-02	9.505251e+00
9.620000e-06	-3.248878e-02	9.306272e+00
9.630000e-06	-3.053779e-02	9.062142e+00
9.640000e-06	-2.895111e-02	8.812016e+00
9.650000e-06	-3.100156e-02	8.639482e+00
9.660000e-06	-2.931063e-02	8.357404e+00
9.670000e-06	-2.805745e-02	8.095850e+00
9.680000e-06	-2.665831e-02	7.883141e+00
9.690000e-06	-2.598707e-02	7.629058e+00
9.700000e-06	-2.636563e-02	7.331477e+00
9.710000e-06	-2.490844e-02	7.123720e+00
9.720000e-06	-2.287445e-02	6.822163e+00
9.730000e-06	-2.263520e-02	6.595983e+00
9.740000e-06	-2.319998e-02	6.272797e+00
9.750000e-06	-2.252623e-02	6.054666e+00
9.760000e-06	-2.132126e-02	5.812035e+00
9.770000e-06	-1.997204e-02	5.565372e+00
9.780000e-06	-2.004431e-02	5.283191e+00
9.790000e-06	-2.057842e-02	4.885869e+00
9.800000e-06	-1.970416e-02	4.632162e+00
9.810000e-06	-1.769669e-02	4.356926e+00
9.820000e-06	-1.655168e-02	4.103241e+00
9.830000e-06	-1.791708e-02	3.800030e+00
9.840000e-06	-1.678423e-02	3.587499e+00
9.850000e-06	-1.575686e-02	3.233188e+00
9.860000e-06	-1.477908e-02	2.958980e+00
9.870000e-06	-1.650015e-02	2.755922e+00
9.880000e-06	-1.624973e-02	2.399055e+00
9.890000e-06	-1.464200e-02	2.147450e+00
9.900000e-06	-1.270467e-02	1.843295e+00
9.910000e-06	-1.235198e-02	1.568477e+00
9.920000e-06	-1.277287e-02	1.285262e+00
9.930000e-06	-1.203495e-02	9.179735e-01
9.940000e-06	-1.150578e-02	6.512606e-01
9.950000e-06	-1.078088e-02	3.905551e-01
9.960000e-06	-8.275606e-03	8.424050e-02
9.970000e-06	-5.817048e-03	-1.988485e-01
9.980000e-06	6.533539e-03	-4.420512e-01
9.990000e-06	-3.663553e-03	-7.077333e-01
1.000000e-05	3.608535e-03	-9.683699e-01
1.001000e-05	-3.231281e-03	-1.271579e+00
1.002000e-05	1.919150e-03	-1.587739e+00
1.003000e-05	2.086431e-03	-1.768876e+00
1.004000e-05	3.951044e-02	-2.020946e+00
1.005000e-05	1.189827e-01	-2.304634e+00
1.006000e-05	-1.570277e-03	-2.673505e+00
1.007000e-05	-3.356795e-02	-3.116612e+00
1.008000e-05	-1.922821e-02	-3.398394e+00
1.009000e-05	-4.157695e-02	-3.548392e+00
1.010000e-05	-8.858911e-02	-3.838250e+00
1.011000e-05	6.533371e-02	-4.000400e+00
1.012000e-05	6.248489e-02	-4.219424e+00
1.013000e-05	-1.147323e-01	-4.514212e+00
1.014000e-05	2.046297e-01	-4.768894e+00
1.015000e-05	-1.393083e-01	-5.113559e+00
1.016000e-05	7.829652e-02	-5.442456e+00
1.017000e-05	-1.620256e-02	-5.672555e+00
1.018000e-05	-8.232494e-02	-5.958294e+00
1.019000e-05	1.657955e-01	-6.166350e+00
1.020000e-05	-1.051780e-01	-6.494037e+00
1.021000e-05	1.248448e-01	-6.797771e+00
1.022000e-05	-5.303901e-02	-6.989903e+00
1.023000e-05	2.057715e-03	-7.316217e+00
1.024000e-05	5.904649e-02	-7.526145e+00
1.025000e-05	-7.115970e-02	-7.881534e+00
1.026000e-05	1.356951e-01	-8.115566e+00
1.027000e-05	-7.712545e-02	-8.335616e+00
1.028000e-05	9.880455e-02	-8.607802e+00
1.029000e-05	-1.239568e-02	-8.840851e+00
1.030000e-05	-1.794572e-02	-9.093559e+00
1.031000e-05	5.374638e-02	-9.262986e+00
1.032000e-05	-3.267425e-02	-9.546591e+00
1.033000e-05	1.113724e-01	-9.746672e+00
1.034000e-05	-4.596042e-02	-9.967324e+00
1.035000e-05	8.739606e-02	-1.014825e+01
1.036000e-05	-3.443341e-02	-1.040880e+01
1.037000e-05	6.258325e-02	-1.062046e+01
1.038000e-05	6.090242e-03	-1.081891e+01
1.039000e-05	2.254700e-02	-1.100038e+01
1.040000e-05	4.119034e-02	-1.117978e+01
1.041000e-05	9.497449e-03	-1.144141e+01
1.042000e-05	6.331093e-02	-1.166089e+01
1.043000e-05	-8.090201e-03	-1.190141e+01
1.044000e-05	6.003191e-02	-1.202996e+01
1.045000e-05	4.060486e-03	-1.222051e+01
1.046000e-05	7.089217e-02	-1.239931e+01
1.047000e-05	1.008006e-02	-1.258770e+01
1.048000e-05	4.599142e-02	-1.272582e+01
1.049000e-05	2.093544e-02	-1.287509e+01
1.050000e-05	4.821714e-02	-1.305246e+01
1.051000e-05	4.063333e-02	-1.319931e+01
1.052000e-05	3.938012e-02	-1.336665e+01
1.053000e-05	4.823720e-02	-1.348162e+01
1.054000e-05	4.034989e-02	-1.363843e+01
1.055000e-05	5.774106e-02	-1.378678e+01
1.056000e-05	3.309950e-02	-1.391510e+01
1.057000e-05	5.057177e-02	-1.404091e+01
1.058000e-05	4.222127e-02	-1.414768e+01
1.059000e-05	6.552274e-02	-1.427302e+01
1.060000e-05	5.107112e-02	-1.440828e+01
1.061000e-05	5.977837e-02	-1.444254e+01
1.062000e-05	5.272119e-02	-1.457878e+01
1.063000e-05	6.743250e-02	-1.468410e+01
1.064000e-05	6.367931e-02	-1.480673e+01
1.065000e-05	6.493585e-02	-1.484144e+01
1.066000e-05	6.395445e-02	-1.495418e+01
1.067000e-05	7.150362e-02	-1.497033e+01
1.068000e-05	7.559842e-02	-1.506249e+01
1.069000e-05	7.197755e-02	-1.511523e+01
1.070000e-05	7.526953e-02	-1.516674e+01
1.071000e-05	7.887106e-02	-1.519891e+01
1.072000e-05	9.255382e-02	-1.527252e+01
1.073000e-05	8.926063e-02	-1.530362e+01
1.074000e-05	9.199425e-02	-1.534467e+01
1.075000e-05	8.997520e-02	-1.532628e+01
1.076000e-05	1.005034e-01	-1.535734e+01
1.077000e-05	1.020758e-01	-1.539883e+01
1.078000e-05	1.069288e-01	-1.542081e+01
1.079000e-05	1.089759e-01	-1.541896e+01
1.080000e-05	1.178373e-01	-1.542884e+01
1.081000e-05	1.263278e-01	-1.541991e+01
1.082000e-05	1.298357e-01	-1.537728e+01
1.083000e-05	1.342954e-01	-1.538678e+01
1.084000e-05	1.423671e-01	-1.537675e+01
1.085000e-05	1.580434e-01	-1.530415e+01
1.086000e-05	1.727160e-01	-1.532305e+01
1.087000e-05	1.880934e-01	-1.528144e+01
1.088000e-05	2.086376e-01	-1.517941e+01
1.089000e-05	2.371716e-01	-1.513618e+01
1.090000e-05	2.492824e-01	-1.507410e+01
1.091000e-05	2.499891e-01	-1.504146e+01
1.092000e-05	2.499894e-01	-1.496725e+01
1.093000e-05	2.499897e-01	-1.491312e+01
1.094000e-05	2.499901e-01	-1.482089e+01
1.095000e-05	2.499901e-01	-1.476615e+01
1.096000e-05	2.484578e-01	-1.465251e+01
1.097000e-05	2.256287e-01	-1.453773e+01
1.098000e-05	2.000311e-01	-1.448157e+01
1.099000e-05	1.770057e-01	-1.436738e+01
1.100000e-05	1.560242e-01	-1.430199e+01
1.101000e-05	1.358477e-01	-1.410630e+01
1.102000e-05	1.218964e-01	-1.402786e+01
1.103000e-05	1.101868e-01	-1.390257e+01
1.104000e-05	9.900755e-02	-1.373470e+01
1.105000e-05	8.791383e-02	-1.360898e+01
1.106000e-05	8.076893e-02	-1.349099e+01
1.107000e-05	7.715271e-02	-1.332570e+01
1.108000e-05	7.299643e-02	-1.319830e+01
1.109000e-05	6.479586e-02	-1.300004e+01
1.110000e-05	5.885672e-02	-1.287215e+01
1.111000e-05	5.471156e-02	-1.268712e+01
1.112000e-05	5.239446e-02	-1.255678e+01
1.113000e-05	4.742919e-02	-1.237828e+01
1.114000e-05	4.260493e-02	-1.221096e+01
1.115000e-05	4.080883e-02	-1.198849e+01
1.116000e-05	3.989914e-02	-1.185094e+01
1.117000e-05	3.750172e-02	-1.160984e+01
1.118000e-05	3.428784e-02	-1.137941e+01
1.119000e-05	3.053382e-02	-1.119831e+01
1.120000e-05	3.019091e-02	-1.095638e+01
1.121000e-05	2.932069e-02	-1.076838e+01
1.122000e-05	2.702440e-02	-1.058788e+01
1.123000e-05	2.400380e-02	-1.038788e+01
1.124000e-05	2.279004e-02	-1.016880e+01
1.125000e-05	2.281977e-02	-9.884749e+00
1.126000e-05	2.061482e-02	-9.746726e+00
1.127000e-05	1.862631e-02	-9.505672e+00
1.128000e-05	1.702562e-02	-9.263592e+00
1.129000e-05	1.840202e-02	-9.071662e+00
1.130000e-05	1.714377e-02	-8.829633e+00
1.131000e-05	1.497847e-02	-8.608479e+00
1.132000e-05	1.301452e-02	-8.316752e+00
1.133000e-05	1.215602e-02	-8.123201e+00
1.134000e-05	1.212310e-02	-7.852991e+00
1.135000e-05	1.115817e-02	-7.516803e+00
1.136000e-05	9.287940e-03	-7.325298e+00
1.137000e-05	7.756107e-03	-7.083613e+00
1.138000e-05	8.107185e-03	-6.789881e+00
1.139000e-05	7.264410e-03	-6.527401e+00
1.140000e-05	6.794520e-03	-6.294693e+00
1.141000e-05	5.448779e-03	-6.018933e+00
1.142000e-05	4.132863e-03	-5.737851e+00
1.143000e-05	4.124368e-03	-5.481718e+00
1.144000e-05	1.527728e-03	-5.157904e+00
1.145000e-05	9.027712e-04	-4.883118e+00
1.146000e-05	2.109614e-03	-4.529421e+00
1.147000e-05	1.999111e-03	-4.346821e+00
1.148000e-05	2.297517e-03	-4.076189e+00
1.149000e-05	-1.035032e-03	-3.799977e+00
1.150000e-05	-5.587116e-04	-3.536419e+00
1.151000e-05	-4.572370e-03	-3.254238e+00
1.152000e-05	-2.336807e-03	-2.968547e+00
1.153000e-05	-3.782590e-03	-2.673165e+00
1.154000e-05	-1.794260e-03	-2.420057e+00
1.155000e-05	-3.096586e-03	-2.075340e+00
1.156000e-05	-2.321446e-03	-1.841607e+00
1.157000e-05	-4.147114e-03	-1.575901e+00
1.158000e-05	-5.967174e-03	-1.222083e+00
1.159000e-05	-7.797637e-03	-8.963958e-01
1.160000e-05	-7.311058e-03	-6.637331e-01
1.161000e-05	-6.022469e-03	-3.579174e-01
1.162000e-05	-4.940360e-03	-1.237906e-01
1.163000e-05	4.969076e-03	1.779712e-01
1.164000e-05	4.676945e-03	4.627078e-01
1.165000e-05	2.208203e-03	6.742645e-01
1.166000e-05	2.807402e-03	9.493475e-01
1.167000e-05	-1.646889e-03	1.294686e+00
1.168000e-05	-8.143445e-04	1.587872e+00
1.169000e-05	6.938939e-04	1.863155e+00
1.170000e-05	2.515484e-02	2.082683e+00
1.171000e-05	8.933481e-02	2.336264e+00
1.172000e-05	4.391535e-02	2.675161e+00
1.173000e-05	-5.753421e-02	3.019496e+00
1.174000e-05	-2.492275e-02	3.292608e+00
1.175000e-05	-3.536568e-02	3.547949e+00
1.176000e-05	-4.875649e-02	3.790951e+00
1.177000e-05	-7.877135e-02	4.041948e+00
1.178000e-05	6.990168e-02	4.240933e+00
1.179000e-05	8.476188e-03	4.566275e+00
1.180000e-05	-5.572635e-02	4.809520e+00
1.181000e-05	1.541454e-01	5.155190e+00
1.182000e-05	-1.324881e-01	5.431528e+00
1.183000e-05	4.376690e-02	5.711135e+00
1.184000e-05	-3.235969e-02	5.998849e+00
1.185000e-05	-4.819032e-03	6.210352e+00
1.186000e-05	3.830517e-02	6.475041e+00
1.187000e-05	-6.718999e-02	6.767875e+00
1.188000e-05	3.988046e-02	7.009952e+00
1.189000e-05	-5.176514e-02	7.284167e+00
1.190000e-05	1.879931e-02	7.596775e+00
1.191000e-05	-4.592966e-02	7.821534e+00
1.192000e-05	-8.036813e-03	8.157191e+00
1.193000e-05	2.631669e-02	8.386850e+00
1.194000e-05	-3.702140e-02	8.538774e+00
1.195000e-05	1.399062e-02	8.787948e+00
1.196000e-05	-5.306496e-02	9.040959e+00
1.197000e-05	-1.775970e-02	9.251487e+00
1.198000e-05	-7.932456e-03	9.485692e+00
1.199000e-05	-1.175935e-02	9.705596e+00
1.200000e-05	-2.011536e-02	9.957301e+00
1.201000e-05	-2.925147e-02	1.015683e+01
1.202000e-05	3.129507e-04	1.038839e+01
1.203000e-05	-3.074079e-02	1.058940e+01
1.204000e-05	-2.223589e-02	1.082038e+01
1.205000e-05	-3.812779e-02	1.099941e+01
1.206000e-05	-2.072838e-02	1.120893e+01
1.207000e-05	-1.708485e-02	1.143096e+01
1.208000e-05	-3.075768e-02	1.160837e+01
1.209000e-05	-3.665502e-02	1.180988e+01
1.210000e-05	-3.512204e-02	1.205044e+01
1.211000e-05	-1.917224e-02	1.219828e+01
1.212000e-05	-2.879501e-02	1.241830e+01
1.213000e-05	-3.747252e-02	1.253527e+01
1.214000e-05	-4.499285e-02	1.269362e+01
1.215000e-05	-3.401483e-02	1.282252e+01
1.216000e-05	-3.327127e-02	1.301986e+01
1.217000e-05	-4.339608e-02	1.315633e+01
1.218000e-05	-4.880451e-02	1.332519e+01
1.219000e-05	-3.962124e-02	1.346307e+01
1.220000e-05	-3.744586e-02	1.359836e+01
1.221000e-05	-4.557126e-02	1.371675e+01
1.222000e-05	-5.860384e-02	1.384295e+01
1.223000e-05	-5.570889e-02	1.397826e+01
1.224000e-05	-4.944080e-02	1.415468e+01
1.225000e-05	-4.864972e-02	1.427342e+01
1.226000e-05	-6.041937e-02	1.436638e+01
1.227000e-05	-6.492174e-02	1.450302e+01
1.228000e-05	-5.853801e-02	1.458831e+01
1.229000e-05	-5.967999e-02	1.463359e+01
1.230000e-05	-6.639979e-02	1.471473e+01
1.231000e-05	-7.562278e-02	1.483939e+01
1.232000e-05	-7.117051e-02	1.483160e+01
1.233000e-05	-7.034041e-02	1.493470e+01
1.234000e-05	-7.559528e-02	1.501884e+01
1.235000e-05	-8.744384e-02	1.507367e+01
1.236000e-05	-8.895766e-02	1.511716e+01
1.237000e-05	-8.457479e-02	1.516731e+01
1.238000e-05	-8.601457e-02	1.522126e+01
1.239000e-05	-9.522121e-02	1.528152e+01
1.240000e-05	-1.029403e-01	1.532350e+01
1.241000e-05	-1.011363e-01	1.533365e+01
1.242000e-05	-1.024736e-01	1.533663e+01
1.243000e-05	-1.100057e-01	1.532773e+01
1.244000e-05	-1.191550e-01	1.536788e+01
1.245000e-05	-1.203506e-01	1.536728e+01
1.246000e-05	-1.215435e-01	1.532728e+01
1.247000e-05	-1.291895e-01	1.537571e+01
1.248000e-05	-1.421371e-01	1.536673e+01
1.249000e-05	-1.511997e-01	1.532607e+01
1.250000e-05	-1.563030e-01	1.529552e+01
1.251000e-05	-1.659629e-01	1.528147e+01
1.252000e-05	-1.846484e-01	1.523137e+01
1.253000e-05	-2.076811e-01	1.518834e+01
1.254000e-05	-2.294272e-01	1.516668e+01
1.255000e-05	-2.472398e-01	1.507310e+01
1.256000e-05	-2.499893e-01	1.501139e+01
1.257000e-05	-2.499900e-01	1.492825e+01
1.258000e-05	-2.499910e-01	1.489460e+01
1.259000e-05	-2.499903e-01	1.481996e+01
1.260000e-05	-2.499901e-01	1.470733e+01
1.261000e-05	-2.499901e-01	1.465207e+01
1.262000e-05	-2.477745e-01	1.459689e+01
1.263000e-05	-2.236287e-01	1.450305e+01
1.264000e-05	-1.950312e-01	1.439796e+01
1.265000e-05	-1.741560e-01	1.425107e+01
1.266000e-05	-1.589135e-01	1.412583e+01
1.267000e-05	-1.418291e-01	1.405049e+01
1.268000e-05	-1.262063e-01	1.392465e+01
1.269000e-05	-1.133008e-01	1.378734e+01
1.270000e-05	-1.087242e-01	1.360097e+01
1.271000e-05	-9.955465e-02	1.347410e+01
1.272000e-05	-8.933329e-02	1.334883e+01
1.273000e-05	-8.035277e-02	1.317989e+01
1.274000e-05	-7.861287e-02	1.305254e+01
1.275000e-05	-7.612951e-02	1.290417e+01
1.276000e-05	-7.058093e-02	1.274783e+01
1.277000e-05	-6.314381e-02	1.258148e+01
1.278000e-05	-5.970237e-02	1.243001e+01
1.279000e-05	-6.006409e-02	1.227267e+01
1.280000e-05	-5.673516e-02	1.210360e+01
1.281000e-05	-5.140958e-02	1.189525e+01
1.282000e-05	-4.802002e-02	1.169325e+01
1.283000e-05	-5.079844e-02	1.153570e+01
1.284000e-05	-4.803645e-02	1.130567e+01
1.285000e-05	-4.455036e-02	1.106270e+01
1.286000e-05	-3.898011e-02	1.087467e+01
1.287000e-05	-4.074950e-02	1.065617e+01
1.288000e-05	-4.090256e-02	1.046417e+01
1.289000e-05	-3.968067e-02	1.024212e+01
1.290000e-05	-3.528485e-02	1.007162e+01
1.291000e-05	-3.437003e-02	9.861564e+00
1.292000e-05	-3.553186e-02	9.560404e+00
1.293000e-05	-3.433865e-02	9.398905e+00
1.294000e-05	-2.969655e-02	9.146301e+00
1.295000e-05	-2.854878e-02	8.936355e+00
1.296000e-05	-3.092069e-02	8.644166e+00
1.297000e-05	-3.103012e-02	8.442195e+00
1.298000e-05	-2.832929e-02	8.223085e+00
1.299000e-05	-2.587909e-02	7.928904e+00
1.300000e-05	-2.634181e-02	7.715851e+00
1.301000e-05	-2.689295e-02	7.473614e+00
1.302000e-05	-2.662461e-02	7.160433e+00
1.303000e-05	-2.309687e-02	6.927349e+00
1.304000e-05	-2.280809e-02	6.683696e+00
1.305000e-05	-2.364275e-02	6.380510e+00
1.306000e-05	-2.369377e-02	6.107922e+00
1.307000e-05	-2.063913e-02	5.926221e+00
1.308000e-05	-2.000293e-02	5.630085e+00
1.309000e-05	-2.088000e-02	5.347331e+00
1.310000e-05	-2.207645e-02	5.071091e+00
1.311000e-05	-2.028187e-02	4.747377e+00
1.312000e-05	-1.863709e-02	4.443268e+00
1.313000e-05	-1.764521e-02	4.220083e+00
1.314000e-05	-1.819972e-02	3.925320e+00
1.315000e-05	-1.779684e-02	3.631658e+00
1.316000e-05	-1.583402e-02	3.359005e+00
1.317000e-05	-1.443537e-02	3.065790e+00
1.318000e-05	-1.651365e-02	2.832109e+00
1.319000e-05	-1.669641e-02	2.516949e+00
1.320000e-05	-1.494470e-02	2.230183e+00
1.321000e-05	-1.344720e-02	1.957003e+00
1.322000e-05	-1.281077e-02	1.683313e+00
1.323000e-05	-1.347216e-02	1.390076e+00
1.324000e-05	-1.230155e-02	1.054811e+00
1.325000e-05	-1.136779e-02	7.680275e-01
1.326000e-05	-9.772458e-03	4.837656e-01
1.327000e-05	-9.941808e-03	1.716363e-01
1.328000e-05	-7.799430e-03	-8.370655e-02
1.329000e-05	3.236484e-03	-3.367609e-01
1.330000e-05	7.304353e-04	-5.988960e-01
1.331000e-05	1.212181e-05	-8.826856e-01
1.332000e-05	-1.226498e-03	-1.136265e+00
1.333000e-05	-5.351661e-05	-1.452054e+00
1.334000e-05	5.365039e-04	-1.714706e+00
1.335000e-05	2.140519e-02	-1.926715e+00
1.336000e-05	9.204483e-02	-2.187315e+00
1.337000e-05	7.506246e-02	-2.536741e+00
1.338000e-05	-5.987163e-02	-2.964716e+00
1.339000e-05	-1.807779e-03	-3.283658e+00
1.340000e-05	-4.994997e-02	-3.515261e+00
1.341000e-05	-5.693125e-02	-3.753186e+00
1.342000e-05	-4.388721e-02	-3.947767e+00
1.343000e-05	1.623141e-01	-4.125163e+00
1.344000e-05	-1.509123e-01	-4.379375e+00
1.345000e-05	1.383132e-01	-4.695663e+00
1.346000e-05	2.319604e-03	-4.935165e+00
1.347000e-05	-7.595517e-02	-5.345174e+00
1.348000e-05	1.251229e-01	-5.568816e+00
1.349000e-05	-1.747729e-01	-5.893559e+00
1.350000e-05	1.569791e-01	-6.122564e+00
1.351000e-05	-3.122313e-02	-6.365744e+00
1.352000e-05	2.293568e-02	-6.674587e+00
1.353000e-05	6.902254e-02	-6.913067e+00
1.354000e-05	-9.713695e-02	-7.261424e+00
1.355000e-05	1.186902e-01	-7.442557e+00
1.356000e-05	-8.914475e-02	-7.715742e+00
1.357000e-05	9.834986e-02	-8.001028e+00
1.358000e-05	6.338328e-04	-8.220383e+00
1.359000e-05	-2.975563e-03	-8.502617e+00
1.360000e-05	9.102208e-02	-8.735719e+00
1.361000e-05	-8.982199e-02	-8.989403e+00
1.362000e-05	9.304032e-02	-9.177878e+00
1.363000e-05	-5.540613e-02	-9.428826e+00
1.364000e-05	9.878389e-02	-9.662539e+00
1.365000e-05	-6.017011e-03	-9.873487e+00
1.366000e-05	3.856362e-02	-1.010255e+01
1.367000e-05	2.631976e-02	-1.032522e+01
1.368000e-05	-4.103769e-03	-1.054677e+01
1.369000e-05	6.621003e-02	-1.073612e+01
1.370000e-05	-2.687420e-02	-1.098557e+01
1.371000e-05	7.458397e-02	-1.118620e+01
1.372000e-05	-1.594392e-02	-1.133679e+01
1.373000e-05	7.594018e-02	-1.157582e+01
1.374000e-05	-3.795715e-03	-1.175673e+01
1.375000e-05	5.048832e-02	-1.196788e+01
1.376000e-05	1.685383e-02	-1.215562e+01
1.377000e-05	4.751254e-02	-1.235727e+01
1.378000e-05	3.825566e-02	-1.251457e+01
1.379000e-05	2.229945e-02	-1.271107e+01
1.380000e-05	4.129205e-02	-1.286199e+01
1.381000e-05	2.446114e-02	-1.299936e+01
1.382000e-05	6.035692e-02	-1.313517e+01
1.383000e-05	2.494166e-02	-1.330452e+01
1.384000e-05	5.808461e-02	-1.343036e+01
1.385000e-05	3.024525e-02	-1.358576e+01
1.386000e-05	6.276170e-02	-1.372412e+01
1.387000e-05	3.546993e-02	-1.384194e+01
1.388000e-05	4.930046e-02	-1.399929e+01
1.389000e-05	4.041085e-02	-1.412512e+01
1.390000e-05	5.859538e-02	-1.426038e+01
1.391000e-05	5.525474e-02	-1.436673e+01
1.392000e-05	5.494706e-02	-1.444102e+01
1.393000e-05	5.628038e-02	-1.457720e+01
1.394000e-05	6.062608e-02	-1.464947e+01
1.395000e-05	7.015715e-02	-1.468518e+01
1.396000e-05	6.292103e-02	-1.485939e+01
1.397000e-05	6.801529e-02	-1.488607e+01
1.398000e-05	6.461870e-02	-1.498820e+01
1.399000e-05	7.684164e-02	-1.503946e+01
1.400000e-05	7.006757e-02	-1.512302e+01
1.401000e-05	7.639622e-02	-1.514428e+01
1.402000e-05	7.521908e-02	-1.517829e+01
1.403000e-05	8.963867e-02	-1.528199e+01
1.404000e-05	8.984496e-02	-1.531254e+01
1.405000e-05	9.144988e-02	-1.532514e+01
1.406000e-05	8.917490e-02	-1.534670e+01
1.407000e-05	9.580396e-02	-1.538723e+01
1.408000e-05	1.036236e-01	-1.537883e+01
1.409000e-05	1.059258e-01	-1.543093e+01
1.410000e-05	1.086210e-01	-1.536986e+01
1.411000e-05	1.133272e-01	-1.538984e+01
1.412000e-05	1.235833e-01	-1.540846e+01
1.413000e-05	1.276593e-01	-1.540883e+01
1.414000e-05	1.314063e-01	-1.538728e+01
1.415000e-05	1.385632e-01	-1.538683e+01
1.416000e-05	1.532819e-01	-1.529563e+01
1.417000e-05	1.684034e-01	-1.529315e+01
1.418000e-05	1.822705e-01	-1.527114e+01
1.419000e-05	1.990291e-01	-1.521984e+01
1.420000e-05	2.258123e-01	-1.516778e+01
1.421000e-05	2.478377e-01	-1.513517e+01
1.422000e-05	2.499889e-01	-1.504154e+01
1.423000e-05	2.499891e-01	-1.499888e+01
1.424000e-05	2.499896e-01	-1.493475e+01
1.425000e-05	2.499899e-01	-1.485197e+01
1.426000e-05	2.499902e-01	-1.475770e+01
1.427000e-05	2.498897e-01	-1.468355e+01
1.428000e-05	2.370025e-01	-1.462093e+01
1.429000e-05	2.089902e-01	-1.448262e+01
1.430000e-05	1.857508e-01	-1.438981e+01
1.431000e-05	1.619586e-01	-1.428270e+01
1.432000e-05	1.415619e-01	-1.418771e+01
1.433000e-05	1.258038e-01	-1.408099e+01
1.434000e-05	1.154155e-01	-1.390618e+01
1.435000e-05	1.036712e-01	-1.376791e+01
1.436000e-05	9.319071e-02	-1.363049e+01
1.437000e-05	8.378991e-02	-1.348565e+01
1.438000e-05	7.917473e-02	-1.339986e+01
1.439000e-05	7.341542e-02	-1.325146e+01
1.440000e-05	6.610779e-02	-1.308360e+01
1.441000e-05	5.900852e-02	-1.290673e+01
1.442000e-05	5.533763e-02	-1.274878e+01
1.443000e-05	5.441578e-02	-1.259992e+01
1.444000e-05	5.017771e-02	-1.249157e+01
1.445000e-05	4.547855e-02	-1.226312e+01
1.446000e-05	4.133697e-02	-1.208317e+01
1.447000e-05	3.997368e-02	-1.191612e+01
1.448000e-05	3.752019e-02	-1.170322e+01
1.449000e-05	3.464873e-02	-1.146217e+01
1.450000e-05	3.107652e-02	-1.125259e+01
1.451000e-05	3.084970e-02	-1.103314e+01
1.452000e-05	2.992200e-02	-1.086261e+01
1.453000e-05	2.760982e-02	-1.066356e+01
1.454000e-05	2.584655e-02	-1.046209e+01
1.455000e-05	2.289424e-02	-1.023151e+01
1.456000e-05	2.337329e-02	-1.000039e+01
1.457000e-05	2.150972e-02	-9.819454e+00
1.458000e-05	2.081120e-02	-9.576434e+00
1.459000e-05	1.698511e-02	-9.368250e+00
1.460000e-05	1.820969e-02	-9.107300e+00
1.461000e-05	1.656739e-02	-8.884196e+00
1.462000e-05	1.577963e-02	-8.694645e+00
1.463000e-05	1.213903e-02	-8.420114e+00
1.464000e-05	1.248732e-02	-8.159454e+00
1.465000e-05	1.196581e-02	-7.937874e+00
1.466000e-05	1.254055e-02	-7.652718e+00
1.467000e-05	9.714589e-03	-7.420504e+00
1.468000e-05	8.711011e-03	-7.147979e+00
1.469000e-05	6.995130e-03	-6.873167e+00
1.470000e-05	7.082213e-03	-6.641634e+00
1.471000e-05	5.501183e-03	-6.387406e+00
1.472000e-05	5.509973e-03	-6.114723e+00
1.473000e-05	3.988118e-03	-5.871586e+00
1.474000e-05	5.503630e-03	-5.598404e+00
1.475000e-05	3.507496e-03	-5.334190e+00
1.476000e-05	2.793349e-03	-5.007981e+00
1.477000e-05	1.004173e-03	-4.664709e+00
1.478000e-05	2.022370e-03	-4.400580e+00
1.479000e-05	1.038018e-03	-4.177903e+00
1.480000e-05	6.140138e-05	-3.936365e+00
1.481000e-05	-1.733248e-03	-3.621054e+00
1.482000e-05	-3.096693e-03	-3.348500e+00
1.483000e-05	-2.200647e-03	-3.083741e+00
1.484000e-05	-2.625059e-03	-2.738475e+00
1.485000e-05	-2.582021e-03	-2.524842e+00
1.486000e-05	-3.197181e-03	-2.272562e+00
1.487000e-05	-2.828486e-03	-1.947395e+00
1.488000e-05	-4.113438e-03	-1.663188e+00
1.489000e-05	-4.498511e-03	-1.366921e+00
1.490000e-05	-8.715857e-03	-1.032157e+00
1.491000e-05	-6.972641e-03	-7.484712e-01
1.492000e-05	-6.938663e-03	-4.247565e-01
1.493000e-05	-4.592926e-03	-1.805013e-01
1.494000e-05	-1.300604e-03	9.210681e-02
1.495000e-05	8.161299e-03	3.894225e-01
1.496000e-05	-1.053948e-03	6.410777e-01
1.497000e-05	5.920526e-03	8.634790e-01
1.498000e-05	-3.024231e-03	1.159349e+00
1.499000e-05	1.288222e-03	1.422507e+00
1.500000e-05	-3.377555e-03	1.768420e+00
1.501000e-05	1.569525e-02	1.998796e+00
1.502000e-05	5.774399e-02	2.232129e+00
1.503000e-05	9.231774e-02	2.588293e+00
1.504000e-05	-4.915321e-02	2.894162e+00
1.505000e-05	-2.851364e-02	3.138847e+00
1.506000e-05	-3.914821e-02	3.463109e+00
1.507000e-05	-2.790864e-02	3.715168e+00
1.508000e-05	-8.686903e-02	3.935717e+00
1.509000e-05	5.300570e-03	4.166215e+00
1.510000e-05	9.022930e-02	4.463159e+00
1.511000e-05	-1.151096e-01	4.725172e+00
1.512000e-05	1.428497e-01	4.979274e+00
1.513000e-05	-4.710436e-02	5.307272e+00
1.514000e-05	-4.626203e-02	5.589375e+00
1.515000e-05	3.555659e-02	5.883557e+00
1.516000e-05	-6.034136e-02	6.115695e+00
1.517000e-05	6.812850e-02	6.375795e+00
1.518000e-05	-5.553597e-02	6.662984e+00
1.519000e-05	6.346848e-03	6.926245e+00
1.520000e-05	-1.104398e-02	7.199904e+00
1.521000e-05	-2.454248e-02	7.441012e+00
1.522000e-05	3.473865e-03	7.717270e+00
1.523000e-05	-5.704767e-02	8.038933e+00
1.524000e-05	4.359780e-02	8.263165e+00
1.525000e-05	-2.746183e-02	8.463166e+00
1.526000e-05	-3.636046e-03	8.724042e+00
1.527000e-05	-1.645851e-02	8.945745e+00
1.528000e-05	-5.801981e-02	9.177851e+00
1.529000e-05	1.606180e-02	9.409381e+00
1.530000e-05	-3.121614e-02	9.623454e+00
1.531000e-05	3.637547e-03	9.873587e+00
1.532000e-05	-4.598143e-02	1.009459e+01
1.533000e-05	3.315888e-03	1.026209e+01
1.534000e-05	-2.419730e-02	1.049712e+01
1.535000e-05	-2.777169e-02	1.071420e+01
1.536000e-05	-2.889129e-02	1.090565e+01
1.537000e-05	-3.705546e-02	1.114520e+01
1.538000e-05	-3.331479e-03	1.130718e+01
1.539000e-05	-3.606019e-02	1.155463e+01
1.540000e-05	-2.363386e-02	1.179683e+01
1.541000e-05	-4.725231e-02	1.195728e+01
1.542000e-05	-1.697349e-02	1.209465e+01
1.543000e-05	-3.020311e-02	1.229412e+01
1.544000e-05	-3.223849e-02	1.245351e+01
1.545000e-05	-4.436600e-02	1.267096e+01
1.546000e-05	-3.873955e-02	1.276886e+01
1.547000e-05	-2.724015e-02	1.293770e+01
1.548000e-05	-4.282077e-02	1.304522e+01
1.549000e-05	-4.331305e-02	1.329052e+01
1.550000e-05	-4.928433e-02	1.338938e+01
1.551000e-05	-3.192989e-02	1.355623e+01
1.552000e-05	-4.526804e-02	1.372410e+01
1.553000e-05	-5.109234e-02	1.378732e+01
1.554000e-05	-6.079402e-02	1.394525e+01
1.555000e-05	-4.962117e-02	1.406312e+01
1.556000e-05	-4.848550e-02	1.423036e+01
1.557000e-05	-5.712606e-02	1.434562e+01
1.558000e-05	-6.386824e-02	1.442997e+01
1.559000e-05	-6.144941e-02	1.452673e+01
1.560000e-05	-5.578851e-02	1.461946e+01
1.561000e-05	-6.388844e-02	1.468455e+01
1.562000e-05	-7.107285e-02	1.475988e+01
1.563000e-05	-7.548232e-02	1.483247e+01
1.564000e-05	-6.894096e-02	1.489572e+01
1.565000e-05	-7.316204e-02	1.498828e+01
1.566000e-05	-8.323050e-02	1.504199e+01
1.567000e-05	-8.932187e-02	1.508310e+01
1.568000e-05	-8.707131e-02	1.516628e+01
1.569000e-05	-8.344048e-02	1.518686e+01
1.570000e-05	-9.179558e-02	1.525997e+01
1.571000e-05	-9.978288e-02	1.530455e+01
1.572000e-05	-1.028956e-01	1.533412e+01
1.573000e-05	-1.011283e-01	1.533513e+01
1.574000e-05	-1.068078e-01	1.534518e+01
1.575000e-05	-1.172920e-01	1.536681e+01
1.576000e-05	-1.202748e-01	1.535791e+01
1.577000e-05	-1.214441e-01	1.536736e+01
1.578000e-05	-1.231364e-01	1.536780e+01
1.579000e-05	-1.367194e-01	1.533673e+01
1.580000e-05	-1.478393e-01	1.531562e+01
1.581000e-05	-1.540649e-01	1.534417e+01
1.582000e-05	-1.609631e-01	1.528245e+01
1.583000e-05	-1.769719e-01	1.524345e+01
1.584000e-05	-1.998754e-01	1.520932e+01
1.585000e-05	-2.210628e-01	1.515621e+01
1.586000e-05	-2.418775e-01	1.506415e+01
1.587000e-05	-2.495836e-01	1.502102e+01
1.588000e-05	-2.499897e-01	1.498841e+01
1.589000e-05	-2.499901e-01	1.492615e+01
1.590000e-05	-2.499902e-01	1.486057e+01
1.591000e-05	-2.499902e-01	1.477841e+01
1.592000e-05	-2.499903e-01	1.466212e+01
1.593000e-05	-2.497906e-01	1.462046e+01
1.594000e-05	-2.360687e-01	1.453420e+01
1.595000e-05	-2.050671e-01	1.442946e+01
1.596000e-05	-1.814075e-01	1.430417e+01
1.597000e-05	-1.638764e-01	1.417846e+01
1.598000e-05	-1.488170e-01	1.407162e+01
1.599000e-05	-1.308641e-01	1.395830e+01
1.600000e-05	-1.173034e-01	1.383004e+01
1.601000e-05	-1.095069e-01	1.375312e+01
1.602000e-05	-1.037606e-01	1.354726e+01
1.603000e-05	-9.434324e-02	1.340051e+01
1.604000e-05	-8.383506e-02	1.326162e+01
1.605000e-05	-7.886174e-02	1.311375e+01
1.606000e-05	-7.561015e-02	1.294686e+01
1.607000e-05	-7.234366e-02	1.282039e+01
1.608000e-05	-6.453411e-02	1.264206e+01
1.609000e-05	-6.090703e-02	1.251217e+01
1.610000e-05	-5.990416e-02	1.228525e+01
1.611000e-05	-5.883780e-02	1.215683e+01
1.612000e-05	-5.424655e-02	1.195678e+01
1.613000e-05	-4.851098e-02	1.178691e+01
1.614000e-05	-4.868921e-02	1.159688e+01
1.615000e-05	-4.966880e-02	1.132686e+01
1.616000e-05	-4.586907e-02	1.113931e+01
1.617000e-05	-4.010056e-02	1.096638e+01
1.618000e-05	-3.908321e-02	1.074888e+01
1.619000e-05	-4.032330e-02	1.056838e+01
1.620000e-05	-4.083230e-02	1.031726e+01
1.621000e-05	-3.587264e-02	1.014480e+01
1.622000e-05	-3.459098e-02	9.875198e+00
1.623000e-05	-3.523567e-02	9.652646e+00
1.624000e-05	-3.610269e-02	9.402136e+00
1.625000e-05	-3.190647e-02	9.200113e+00
1.626000e-05	-2.951468e-02	8.970460e+00
1.627000e-05	-2.857406e-02	8.747377e+00
1.628000e-05	-3.061659e-02	8.537302e+00
1.629000e-05	-2.927472e-02	8.305794e+00
1.630000e-05	-2.665527e-02	8.082170e+00
1.631000e-05	-2.538324e-02	7.800633e+00
1.632000e-05	-2.632939e-02	7.537347e+00
1.633000e-05	-2.760697e-02	7.234199e+00
1.634000e-05	-2.470089e-02	7.010637e+00
1.635000e-05	-2.261777e-02	6.778481e+00
1.636000e-05	-2.296623e-02	6.504197e+00
1.637000e-05	-2.377041e-02	6.252589e+00
1.638000e-05	-2.221055e-02	5.988984e+00
1.639000e-05	-2.040035e-02	5.737324e+00
1.640000e-05	-1.949579e-02	5.462643e+00
1.641000e-05	-2.096695e-02	5.158953e+00
1.642000e-05	-2.105271e-02	4.833638e+00
1.643000e-05	-1.963258e-02	4.567927e+00
1.644000e-05	-1.804912e-02	4.355322e+00
1.645000e-05	-1.886832e-02	4.011509e+00
1.646000e-05	-1.775231e-02	3.716851e+00
1.647000e-05	-1.704359e-02	3.484265e+00
1.648000e-05	-1.526231e-02	3.171455e+00
1.649000e-05	-1.454361e-02	2.926348e+00
1.650000e-05	-1.593076e-02	2.633690e+00
1.651000e-05	-1.627920e-02	2.358374e+00
1.652000e-05	-1.521415e-02	2.044166e+00
1.653000e-05	-1.343783e-02	1.800632e+00
1.654000e-05	-1.237266e-02	1.454192e+00
1.655000e-05	-1.344886e-02	1.181577e+00
1.656000e-05	-1.197554e-02	8.647129e-01
1.657000e-05	-1.008625e-02	5.991250e-01
1.658000e-05	-1.001636e-02	3.274459e-01
1.659000e-05	-8.572609e-03	5.163385e-02
1.660000e-05	-2.569106e-03	-2.620778e-01
1.661000e-05	5.443159e-03	-4.921831e-01
1.662000e-05	-4.310834e-03	-8.099988e-01
1.663000e-05	2.994726e-03	-1.080005e+00
1.664000e-05	-3.943734e-03	-1.375166e+00
1.665000e-05	2.160753e-03	-1.660580e+00
1.666000e-05	7.004704e-03	-1.873080e+00
1.667000e-05	5.769653e-02	-2.052057e+00
1.668000e-05	1.199323e-01	-2.428748e+00
1.669000e-05	-4.067877e-02	-2.767867e+00
1.670000e-05	-1.285242e-02	-3.198845e+00
1.671000e-05	-3.723492e-02	-3.421879e+00
1.672000e-05	-3.891560e-02	-3.629448e+00
1.673000e-05	-9.591852e-02	-3.862611e+00
1.674000e-05	1.359093e-01	-4.040530e+00
1.675000e-05	-4.010967e-02	-4.264108e+00
1.676000e-05	-1.487570e-02	-4.610403e+00
1.677000e-05	1.538298e-01	-4.829404e+00
1.678000e-05	-1.674258e-01	-5.146821e+00
1.679000e-05	1.484249e-01	-5.522766e+00
1.680000e-05	-1.098307e-01	-5.716192e+00
1.681000e-05	2.009590e-02	-6.059932e+00
1.682000e-05	1.015290e-01	-6.230925e+00
1.683000e-05	-8.721233e-02	-6.576824e+00
1.684000e-05	1.429827e-01	-6.800429e+00
1.685000e-05	-1.070675e-01	-7.134140e+00
1.686000e-05	7.429915e-02	-7.399353e+00
1.687000e-05	-1.129761e-02	-7.608905e+00
1.688000e-05	-9.289297e-03	-7.947691e+00
1.689000e-05	1.039725e-01	-8.176220e+00
1.690000e-05	-8.085551e-02	-8.388900e+00
1.691000e-05	1.309493e-01	-8.679907e+00
1.692000e-05	-7.215281e-02	-8.863087e+00
1.693000e-05	4.569653e-02	-9.136745e+00
1.694000e-05	1.124333e-03	-9.335126e+00
1.695000e-05	1.867128e-02	-9.587905e+00
1.696000e-05	7.496933e-02	-9.799351e+00
1.697000e-05	-2.971334e-02	-1.001088e+01
1.698000e-05	8.405136e-02	-1.022946e+01
1.699000e-05	-4.627789e-02	-1.044249e+01
1.700000e-05	8.644542e-02	-1.066203e+01
1.701000e-05	-2.544313e-02	-1.084349e+01
1.702000e-05	5.856268e-02	-1.106354e+01
1.703000e-05	6.759908e-03	-1.126349e+01
1.704000e-05	4.080413e-02	-1.150309e+01
1.705000e-05	3.521088e-02	-1.169154e+01
1.706000e-05	1.219611e-02	-1.190404e+01
1.707000e-05	4.825029e-02	-1.206449e+01
1.708000e-05	1.416877e-02	-1.229354e+01
1.709000e-05	6.803997e-02	-1.244189e+01
1.710000e-05	6.044439e-03	-1.261091e+01
1.711000e-05	5.306714e-02	-1.278778e+01
1.712000e-05	1.288112e-02	-1.297730e+01
1.713000e-05	6.038209e-02	-1.308309e+01
1.714000e-05	2.853280e-02	-1.324094e+01
1.715000e-05	5.204591e-02	-1.338879e+01
1.716000e-05	3.739893e-02	-1.349465e+01
1.717000e-05	5.057952e-02	-1.368206e+01
1.718000e-05	4.741502e-02	-1.380989e+01
1.719000e-05	3.981884e-02	-1.393570e+01
1.720000e-05	4.709935e-02	-1.407247e+01
1.721000e-05	4.702749e-02	-1.418885e+01
1.722000e-05	6.294017e-02	-1.430363e+01
1.723000e-05	5.113711e-02	-1.443944e+01
1.724000e-05	6.015176e-02	-1.454465e+01
1.725000e-05	5.365779e-02	-1.463036e+01
1.726000e-05	6.996955e-02	-1.469312e+01
1.727000e-05	6.173714e-02	-1.480028e+01
1.728000e-05	6.767604e-02	-1.489344e+01
1.729000e-05	6.330564e-02	-1.493720e+01
1.730000e-05	7.308886e-02	-1.504041e+01
1.731000e-05	7.242692e-02	-1.507252e+01
1.732000e-05	7.446859e-02	-1.510570e+01
1.733000e-05	7.620579e-02	-1.518728e+01
1.734000e-05	8.426749e-02	-1.520094e+01
1.735000e-05	9.103428e-02	-1.532352e+01
1.736000e-05	8.973239e-02	-1.530267e+01
1.737000e-05	9.268727e-02	-1.536622e+01
1.738000e-05	9.147821e-02	-1.537830e+01
1.739000e-05	1.000897e-01	-1.537683e+01
1.740000e-05	1.017503e-01	-1.540986e+01
1.741000e-05	1.080550e-01	-1.539996e+01
1.742000e-05	1.115467e-01	-1.543948e+01
1.743000e-05	1.215239e-01	-1.543839e+01
1.744000e-05	1.261053e-01	-1.539841e+01
1.745000e-05	1.315054e-01	-1.538878e+01
1.746000e-05	1.357711e-01	-1.535733e+01
1.747000e-05	1.465953e-01	-1.535523e+01
1.748000e-05	1.604952e-01	-1.531467e+01
1.749000e-05	1.752215e-01	-1.530202e+01
1.750000e-05	1.925488e-01	-1.524144e+01
1.751000e-05	2.170826e-01	-1.519726e+01
1.752000e-05	2.419684e-01	-1.512618e+01
1.753000e-05	2.497866e-01	-1.510405e+01
1.754000e-05	2.499890e-01	-1.500894e+01
1.755000e-05	2.499894e-01	-1.497575e+01
1.756000e-05	2.499898e-01	-1.491145e+01
1.757000e-05	2.499901e-01	-1.481684e+01
1.758000e-05	2.499900e-01	-1.472563e+01
1.759000e-05	2.448297e-01	-1.461101e+01
1.760000e-05	2.210838e-01	-1.453575e+01
1.761000e-05	1.939833e-01	-1.444994e+01
1.762000e-05	1.718101e-01	-1.431320e+01
1.763000e-05	1.495680e-01	-1.423944e+01
1.764000e-05	1.317157e-01	-1.412349e+01
1.765000e-05	1.182234e-01	-1.397628e+01
1.766000e-05	1.071535e-01	-1.384149e+01
1.767000e-05	9.596513e-02	-1.366372e+01
1.768000e-05	8.750188e-02	-1.354773e+01
1.769000e-05	8.108440e-02	-1.344199e+01
1.770000e-05	7.747704e-02	-1.331417e+01
1.771000e-05	6.889132e-02	-1.310468e+01
1.772000e-05	6.237249e-02	-1.300983e+01
1.773000e-05	5.592408e-02	-1.281954e+01
1.774000e-05	5.345245e-02	-1.268254e+01
1.775000e-05	5.050726e-02	-1.250514e+01
1.776000e-05	4.685965e-02	-1.229625e+01
1.777000e-05	4.324911e-02	-1.214780e+01
1.778000e-05	4.225461e-02	-1.196638e+01
1.779000e-05	3.935887e-02	-1.179938e+01
1.780000e-05	3.582064e-02	-1.154680e+01
1.781000e-05	3.186682e-02	-1.135677e+01
1.782000e-05	2.967739e-02	-1.110667e+01
1.783000e-05	2.980079e-02	-1.092528e+01
1.784000e-05	2.903939e-02	-1.073475e+01
1.785000e-05	2.612485e-02	-1.053635e+01
1.786000e-05	2.440498e-02	-1.033470e+01
1.787000e-05	2.396062e-02	-1.010515e+01
1.788000e-05	2.203215e-02	-9.903142e+00
1.789000e-05	2.074660e-02	-9.652166e+00
1.790000e-05	1.854201e-02	-9.474033e+00
1.791000e-05	1.867950e-02	-9.199886e+00
1.792000e-05	1.728825e-02	-9.006980e+00
1.793000e-05	1.641316e-02	-8.776430e+00
1.794000e-05	1.243421e-02	-8.494650e+00
1.795000e-05	1.175085e-02	-8.281712e+00
1.796000e-05	1.249969e-02	-8.052010e+00
1.797000e-05	1.232334e-02	-7.787956e+00
1.798000e-05	1.096284e-02	-7.494693e+00
1.799000e-05	1.045979e-02	-7.270614e+00
1.800000e-05	8.602077e-03	-6.978405e+00
1.801000e-05	9.328282e-03	-6.724246e+00
1.802000e-05	5.796086e-03	-6.503764e+00
1.803000e-05	5.098055e-03	-6.231576e+00
1.804000e-05	3.033998e-03	-5.957372e+00
1.805000e-05	4.570189e-03	-5.653221e+00
1.806000e-05	2.956875e-03	-5.430033e+00
1.807000e-05	2.649591e-03	-5.093317e+00
1.808000e-05	1.230215e-03	-4.811982e+00
1.809000e-05	3.746677e-03	-4.524290e+00
1.810000e-05	2.015337e-03	-4.303265e+00
1.811000e-05	1.216646e-03	-3.972558e+00
1.812000e-05	-1.164844e-03	-3.737246e+00
1.813000e-05	-9.940827e-04	-3.441763e+00
1.814000e-05	-3.295195e-03	-3.159951e+00
1.815000e-05	-2.604686e-03	-2.861217e+00
1.816000e-05	-4.524311e-03	-2.580579e+00
1.817000e-05	-1.569668e-03	-2.366969e+00
1.818000e-05	-2.934013e-03	-2.041031e+00
1.819000e-05	-3.273629e-03	-1.726973e+00
1.820000e-05	-5.112666e-03	-1.482588e+00
1.821000e-05	-5.571184e-03	-1.178444e+00
1.822000e-05	-6.308218e-03	-8.742102e-01
1.823000e-05	-6.399059e-03	-5.785036e-01
1.824000e-05	-6.476417e-03	-2.942881e-01
1.825000e-05	-5.307043e-03	-5.108384e-02
1.826000e-05	6.813804e-03	2.436354e-01
1.827000e-05	9.899074e-04	5.267909e-01
1.828000e-05	4.142589e-03	7.568974e-01
1.829000e-05	8.008929e-04	1.053533e+00
1.830000e-05	1.101357e-03	1.326269e+00
1.831000e-05	-1.262470e-03	1.652081e+00
1.832000e-05	6.384619e-03	1.914738e+00
1.833000e-05	3.338322e-02	2.136215e+00
1.834000e-05	1.014669e-01	2.408855e+00
1.835000e-05	-5.707814e-04	2.778372e+00
1.836000e-05	-4.929094e-02	3.033609e+00
1.837000e-05	-3.201035e-02	3.316744e+00
1.838000e-05	-3.022681e-02	3.650458e+00
1.839000e-05	-6.576624e-02	3.831534e+00
1.840000e-05	-5.305714e-02	4.002080e+00
1.841000e-05	1.005543e-01	4.346221e+00
1.842000e-05	-6.021100e-02	4.621487e+00
1.843000e-05	2.816181e-02	4.851610e+00
1.844000e-05	9.093428e-02	5.259803e+00
1.845000e-05	-1.296726e-01	5.465790e+00
1.846000e-05	6.525174e-02	5.714821e+00
1.847000e-05	-6.399366e-02	6.021033e+00
1.848000e-05	3.838055e-02	6.242562e+00
1.849000e-05	3.658410e-04	6.558374e+00
1.850000e-05	-4.596477e-02	6.818063e+00
1.851000e-05	3.388038e-02	7.074615e+00
1.852000e-05	-5.650170e-02	7.325201e+00
1.853000e-05	2.899722e-02	7.619956e+00
1.854000e-05	-6.908130e-02	7.925195e+00
1.855000e-05	2.298963e-02	8.198300e+00
1.856000e-05	2.871640e-03	8.408456e+00
1.857000e-05	-2.946689e-02	8.608833e+00
1.858000e-05	1.175144e-02	8.852514e+00
1.859000e-05	-6.751634e-02	9.114192e+00
1.860000e-05	7.073667e-03	9.284274e+00
1.861000e-05	-2.400274e-02	9.568246e+00
1.862000e-05	2.887228e-03	9.766755e+00
1.863000e-05	-3.761291e-02	1.001986e+01
1.864000e-05	-1.390794e-02	1.022891e+01
1.865000e-05	-9.869509e-03	1.044046e+01
1.866000e-05	-3.224431e-02	1.061996e+01
1.867000e-05	-2.202517e-02	1.086253e+01
1.868000e-05	-4.303310e-02	1.106154e+01
1.869000e-05	-7.880284e-03	1.128002e+01
1.870000e-05	-2.797100e-02	1.146149e+01
1.871000e-05	-2.291787e-02	1.167349e+01
1.872000e-05	-4.700895e-02	1.187370e+01
1.873000e-05	-2.554431e-02	1.207404e+01
1.874000e-05	-2.613315e-02	1.223092e+01
1.875000e-05	-2.769336e-02	1.239888e+01
1.876000e-05	-4.211532e-02	1.254736e+01
1.877000e-05	-4.303216e-02	1.274475e+01
1.878000e-05	-2.968520e-02	1.288504e+01
1.879000e-05	-3.658487e-02	1.304106e+01
1.880000e-05	-4.142501e-02	1.320136e+01
1.881000e-05	-5.195865e-02	1.341623e+01
1.882000e-05	-3.526934e-02	1.349407e+01
1.883000e-05	-4.153216e-02	1.360942e+01
1.884000e-05	-4.687186e-02	1.378836e+01
1.885000e-05	-6.225304e-02	1.390305e+01
1.886000e-05	-5.309076e-02	1.399941e+01
1.887000e-05	-4.876048e-02	1.414783e+01
1.888000e-05	-5.056889e-02	1.432464e+01
1.889000e-05	-6.143943e-02	1.439029e+01
1.890000e-05	-6.439700e-02	1.449564e+01
1.891000e-05	-5.698417e-02	1.457789e+01
1.892000e-05	-6.115983e-02	1.468364e+01
1.893000e-05	-6.779477e-02	1.475673e+01
1.894000e-05	-7.773738e-02	1.481046e+01
1.895000e-05	-7.039998e-02	1.490367e+01
1.896000e-05	-7.113904e-02	1.496680e+01
1.897000e-05	-7.691356e-02	1.504099e+01
1.898000e-05	-8.795806e-02	1.507512e+01
1.899000e-05	-9.002560e-02	1.514568e+01
1.900000e-05	-8.343031e-02	1.518732e+01
1.901000e-05	-8.785566e-02	1.522137e+01
1.902000e-05	-9.723591e-02	1.526247e+01
1.903000e-05	-1.047440e-01	1.529310e+01
1.904000e-05	-1.014044e-01	1.531558e+01
1.905000e-05	-1.035505e-01	1.534671e+01
1.906000e-05	-1.124910e-01	1.535675e+01
1.907000e-05	-1.212503e-01	1.537781e+01
1.908000e-05	-1.213119e-01	1.535773e+01
1.909000e-05	-1.210773e-01	1.535528e+01
1.910000e-05	-1.306521e-01	1.536671e+01
1.911000e-05	-1.443997e-01	1.530621e+01
1.912000e-05	-1.537912e-01	1.529365e+01
1.913000e-05	-1.582704e-01	1.528452e+01
1.914000e-05	-1.700702e-01	1.525102e+01
1.915000e-05	-1.907137e-01	1.525989e+01
1.916000e-05	-2.135173e-01	1.513681e+01
1.917000e-05	-2.346769e-01	1.513575e+01
1.918000e-05	-2.484015e-01	1.506404e+01
1.919000e-05	-2.499894e-01	1.499989e+01
1.920000e-05	-2.499899e-01	1.492780e+01
1.921000e-05	-2.499902e-01	1.490255e+01
1.922000e-05	-2.499901e-01	1.478949e+01
1.923000e-05	-2.499903e-01	1.473528e+01
1.924000e-05	-2.499905e-01	1.467105e+01
1.925000e-05	-2.443359e-01	1.455578e+01
1.926000e-05	-2.165302e-01	1.443094e+01
1.927000e-05	-1.892756e-01	1.436575e+01
1.928000e-05	-1.701740e-01	1.424102e+01
1.929000e-05	-1.539331e-01	1.410413e+01
1.930000e-05	-1.370286e-01	1.396841e+01
1.931000e-05	-1.220149e-01	1.385360e+01
1.932000e-05	-1.118903e-01	1.373576e+01
1.933000e-05	-1.062782e-01	1.361784e+01
1.934000e-05	-9.850360e-02	1.346404e+01
1.935000e-05	-8.745344e-02	1.331528e+01
1.936000e-05	-8.132655e-02	1.321788e+01
1.937000e-05	-7.843330e-02	1.302194e+01
1.938000e-05	-7.441886e-02	1.288357e+01
1.939000e-05	-6.756252e-02	1.269372e+01
1.940000e-05	-6.053475e-02	1.257830e+01
1.941000e-05	-5.932633e-02	1.239894e+01
1.942000e-05	-5.881562e-02	1.221051e+01
1.943000e-05	-5.511765e-02	1.207104e+01
1.944000e-05	-5.166168e-02	1.184064e+01
1.945000e-05	-4.949836e-02	1.163169e+01
1.946000e-05	-5.205444e-02	1.143109e+01
1.947000e-05	-4.714667e-02	1.124201e+01
1.948000e-05	-4.221375e-02	1.106161e+01
1.949000e-05	-3.751568e-02	1.083166e+01
1.950000e-05	-3.936826e-02	1.062001e+01
1.951000e-05	-4.068084e-02	1.041149e+01
1.952000e-05	-3.761083e-02	1.020956e+01
1.953000e-05	-3.602518e-02	9.976983e+00
1.954000e-05	-3.498622e-02	9.797956e+00
1.955000e-05	-3.733076e-02	9.515804e+00
1.956000e-05	-3.413992e-02	9.326276e+00
1.957000e-05	-2.968622e-02	9.085242e+00
1.958000e-05	-2.703654e-02	8.862114e+00
1.959000e-05	-2.927247e-02	8.632137e+00
1.960000e-05	-3.117910e-02	8.410033e+00
1.961000e-05	-2.778609e-02	8.156404e+00
1.962000e-05	-2.461875e-02	7.905270e+00
1.963000e-05	-2.535687e-02	7.641138e+00
1.964000e-05	-2.923116e-02	7.339507e+00
1.965000e-05	-2.616276e-02	7.145271e+00
1.966000e-05	-2.361207e-02	6.832238e+00
1.967000e-05	-2.162005e-02	6.622059e+00
1.968000e-05	-2.476051e-02	6.338323e+00
1.969000e-05	-2.370003e-02	6.084242e+00
1.970000e-05	-1.972436e-02	5.842714e+00
1.971000e-05	-1.813867e-02	5.557904e+00
1.972000e-05	-2.097989e-02	5.265239e+00
1.973000e-05	-2.268368e-02	4.968802e+00
1.974000e-05	-2.062257e-02	4.683710e+00
1.975000e-05	-1.764947e-02	4.391030e+00
1.976000e-05	-1.699865e-02	4.116320e+00
1.977000e-05	-1.977912e-02	3.852713e+00
1.978000e-05	-1.837294e-02	3.575979e+00
1.979000e-05	-1.517537e-02	3.286222e+00
1.980000e-05	-1.310240e-02	3.029133e+00
1.981000e-05	-1.647676e-02	2.777425e+00
1.982000e-05	-1.638003e-02	2.481113e+00
1.983000e-05	-1.492548e-02	2.157925e+00
1.984000e-05	-1.278004e-02	1.925818e+00
1.985000e-05	-1.394492e-02	1.610579e+00
1.986000e-05	-1.389434e-02	1.305843e+00
1.987000e-05	-1.285976e-02	9.896312e-01
1.988000e-05	-9.457323e-03	6.948380e-01
1.989000e-05	-1.001668e-02	4.325552e-01
1.990000e-05	-9.539996e-03	1.459431e-01
1.991000e-05	-7.169712e-03	-1.072623e-01
1.992000e-05	6.067840e-03	-3.993961e-01
1.993000e-05	-2.758937e-03	-7.030819e-01
1.994000e-05	3.177181e-03	-9.472899e-01
1.995000e-05	-3.378250e-03	-1.180900e+00
1.996000e-05	2.801547e-03	-1.535768e+00
1.997000e-05	1.272457e-03	-1.747267e+00
1.998000e-05	3.127719e-02	-1.969395e+00
1.999000e-05	1.125080e-01	-2.242456e+00
2.000000e-05	2.569138e-02	-2.658853e+00
2.001000e-05	-4.520682e-02	-3.060956e+00
2.002000e-05	-1.004433e-02	-3.345691e+00
2.003000e-05	-4.585929e-02	-3.527795e+00
2.004000e-05	-8.067415e-02	-3.727427e+00
2.005000e-05	2.411712e-02	-3.979827e+00
2.006000e-05	1.093189e-01	-4.188824e+00
2.007000e-05	-1.442554e-01	-4.483612e+00
2.008000e-05	2.022754e-01	-4.737320e+00
2.009000e-05	-9.370833e-02	-5.041329e+00
2.010000e-05	2.859886e-02	-5.378853e+00
2.011000e-05	3.945444e-02	-5.607855e+00
2.012000e-05	-1.314065e-01	-5.935267e+00
2.013000e-05	1.804516e-01	-6.147299e+00
2.014000e-05	-9.449309e-02	-6.461907e+00
2.015000e-05	1.011280e-01	-6.715297e+00
2.016000e-05	-1.195734e-02	-6.976279e+00
2.017000e-05	-3.606616e-02	-7.252609e+00
2.018000e-05	8.890012e-02	-7.535217e+00
2.019000e-05	-9.139871e-02	-7.839284e+00
2.020000e-05	1.357639e-01	-8.063563e+00
2.021000e-05	-5.992758e-02	-8.314688e+00
2.022000e-05	6.895107e-02	-8.557274e+00
2.023000e-05	2.532952e-02	-8.798853e+00
2.024000e-05	-4.784495e-02	-9.021960e+00
2.025000e-05	7.634372e-02	-9.232487e+00
2.026000e-05	-5.242146e-02	-9.503086e+00
2.027000e-05	1.166371e-01	-9.694143e+00
2.028000e-05	-4.190369e-02	-9.935694e+00
2.029000e-05	7.846465e-02	-1.014672e+01
2.030000e-05	-1.824564e-02	-1.037773e+01
2.031000e-05	4.133436e-02	-1.058931e+01
2.032000e-05	2.713800e-02	-1.075483e+01
2.033000e-05	2.709428e-03	-1.099866e+01
2.034000e-05	5.659428e-02	-1.117978e+01
2.035000e-05	-4.663380e-03	-1.143091e+01
2.036000e-05	7.283794e-02	-1.160936e+01
2.037000e-05	-1.247956e-02	-1.182076e+01
2.038000e-05	6.148974e-02	-1.202931e+01
2.039000e-05	3.859586e-03	-1.217728e+01
2.040000e-05	6.628462e-02	-1.235840e+01
2.041000e-05	1.765045e-02	-1.251567e+01
2.042000e-05	4.008522e-02	-1.273365e+01
2.043000e-05	2.831288e-02	-1.287202e+01
2.044000e-05	4.047107e-02	-1.305998e+01
2.045000e-05	4.696267e-02	-1.319683e+01
2.046000e-05	3.263020e-02	-1.337612e+01
2.047000e-05	5.266535e-02	-1.349357e+01
2.048000e-05	3.505380e-02	-1.364194e+01
2.049000e-05	6.067030e-02	-1.376623e+01
2.050000e-05	3.320942e-02	-1.389319e+01
2.051000e-05	5.293322e-02	-1.402984e+01
2.052000e-05	3.998100e-02	-1.414665e+01
2.053000e-05	6.385419e-02	-1.425199e+01
2.054000e-05	5.055010e-02	-1.440781e+01
2.055000e-05	5.871394e-02	-1.452357e+01
2.056000e-05	5.291018e-02	-1.455823e+01
2.057000e-05	6.436727e-02	-1.464352e+01
2.058000e-05	6.555436e-02	-1.480622e+01
2.059000e-05	6.411080e-02	-1.483094e+01
2.060000e-05	6.662513e-02	-1.492467e+01
2.061000e-05	6.877628e-02	-1.499926e+01
2.062000e-05	7.751523e-02	-1.505097e+01
2.063000e-05	7.066032e-02	-1.510460e+01
2.064000e-05	7.627786e-02	-1.515618e+01
2.065000e-05	7.692301e-02	-1.519886e+01
2.066000e-05	9.155903e-02	-1.524002e+01
2.067000e-05	8.912865e-02	-1.528305e+01
2.068000e-05	9.097267e-02	-1.529617e+01
2.069000e-05	8.941766e-02	-1.532883e+01
2.070000e-05	9.898861e-02	-1.535828e+01
2.071000e-05	1.026980e-01	-1.539848e+01
2.072000e-05	1.067525e-01	-1.540944e+01
2.073000e-05	1.101394e-01	-1.539039e+01
2.074000e-05	1.173476e-01	-1.541889e+01
2.075000e-05	1.249588e-01	-1.541988e+01
2.076000e-05	1.278879e-01	-1.539891e+01
2.077000e-05	1.318008e-01	-1.536830e+01
2.078000e-05	1.401482e-01	-1.531580e+01
2.079000e-05	1.561917e-01	-1.534520e+01
2.080000e-05	1.713706e-01	-1.528310e+01
2.081000e-05	1.862329e-01	-1.528309e+01
2.082000e-05	2.069133e-01	-1.517839e+01
2.083000e-05	2.343057e-01	-1.519721e+01
2.084000e-05	2.491579e-01	-1.510467e+01
2.085000e-05	2.499889e-01	-1.505994e+01
2.086000e-05	2.499893e-01	-1.500933e+01
2.087000e-05	2.499896e-01	-1.490465e+01
2.088000e-05	2.499901e-01	-1.478184e+01
2.089000e-05	2.499902e-01	-1.472725e+01
2.090000e-05	2.488739e-01	-1.465356e+01
2.091000e-05	2.284242e-01	-1.457586e+01
2.092000e-05	2.060742e-01	-1.445107e+01
2.093000e-05	1.823490e-01	-1.437783e+01
2.094000e-05	1.589633e-01	-1.425247e+01
2.095000e-05	1.395657e-01	-1.413628e+01
2.096000e-05	1.209601e-01	-1.406044e+01
2.097000e-05	1.095863e-01	-1.388407e+01
2.098000e-05	9.559236e-02	-1.377630e+01
2.099000e-05	8.805290e-02	-1.355946e+01
2.100000e-05	8.295267e-02	-1.345350e+01
2.101000e-05	8.212314e-02	-1.335630e+01
2.102000e-05	7.619394e-02	-1.319033e+01
2.103000e-05	6.684062e-02	-1.305196e+01
2.104000e-05	5.807967e-02	-1.289365e+01
2.105000e-05	5.242610e-02	-1.272670e+01
2.106000e-05	4.918432e-02	-1.257733e+01
2.107000e-05	4.685796e-02	-1.238041e+01
2.108000e-05	4.311406e-02	-1.221004e+01
2.109000e-05	4.377812e-02	-1.203107e+01
2.110000e-05	4.269946e-02	-1.182202e+01
2.111000e-05	3.973497e-02	-1.167202e+01
2.112000e-05	3.410123e-02	-1.144896e+01
2.113000e-05	2.966538e-02	-1.122191e+01
2.114000e-05	2.925363e-02	-1.098028e+01
2.115000e-05	2.708224e-02	-1.081941e+01
2.116000e-05	2.604681e-02	-1.062158e+01
2.117000e-05	2.303574e-02	-1.037849e+01
2.118000e-05	2.500538e-02	-1.021936e+01
2.119000e-05	2.273487e-02	-9.927272e+00
2.120000e-05	2.257324e-02	-9.737274e+00
2.121000e-05	1.853421e-02	-9.536823e+00
2.122000e-05	1.722417e-02	-9.295192e+00
2.123000e-05	1.722517e-02	-9.073242e+00
2.124000e-05	1.672322e-02	-8.800587e+00
2.125000e-05	1.455819e-02	-8.630458e+00
2.126000e-05	1.220622e-02	-8.367799e+00
2.127000e-05	1.255766e-02	-8.147295e+00
2.128000e-05	1.276154e-02	-7.933618e+00
2.129000e-05	1.215827e-02	-7.589331e+00
2.130000e-05	8.876463e-03	-7.355823e+00
2.131000e-05	8.248004e-03	-7.093691e+00
2.132000e-05	7.626726e-03	-6.821060e+00
2.133000e-05	7.560639e-03	-6.588478e+00
2.134000e-05	6.362842e-03	-6.335796e+00
2.135000e-05	5.179090e-03	-6.051088e+00
2.136000e-05	4.409054e-03	-5.757479e+00
2.137000e-05	5.188826e-03	-5.535320e+00
2.138000e-05	2.525801e-03	-5.200553e+00
2.139000e-05	2.251875e-03	-4.934821e+00
2.140000e-05	1.994905e-03	-4.599527e+00
2.141000e-05	2.838060e-03	-4.377926e+00
2.142000e-05	1.974089e-03	-4.135767e+00
2.143000e-05	1.895926e-04	-3.801113e+00
2.144000e-05	-1.333436e-03	-3.547349e+00
2.145000e-05	-3.035648e-03	-3.305214e+00
2.146000e-05	-2.898841e-03	-2.991028e+00
2.147000e-05	-3.777168e-03	-2.716318e+00
2.148000e-05	-1.969366e-03	-2.461607e+00
2.149000e-05	-2.868559e-03	-2.156853e+00
2.150000e-05	-2.409621e-03	-1.894713e+00
2.151000e-05	-4.370917e-03	-1.619099e+00
2.152000e-05	-4.958169e-03	-1.253238e+00
2.153000e-05	-7.489590e-03	-9.579671e-01
2.154000e-05	-6.712994e-03	-6.967106e-01
2.155000e-05	-6.335738e-03	-3.889724e-01
2.156000e-05	-5.827098e-03	-1.368182e-01
2.157000e-05	2.024082e-03	1.068912e-01
2.158000e-05	6.221289e-03	4.520816e-01
2.159000e-05	3.719747e-04	6.736569e-01
2.160000e-05	4.789265e-03	9.292411e-01
2.161000e-05	-2.620595e-03	1.243055e+00
2.162000e-05	9.583853e-04	1.516286e+00
2.163000e-05	-4.510928e-04	1.811027e+00
2.164000e-05	1.924053e-02	2.032055e+00
2.165000e-05	7.867135e-02	2.274736e+00
2.166000e-05	6.276399e-02	2.630978e+00
2.167000e-05	-5.849355e-02	2.967371e+00
2.168000e-05	-2.340759e-02	3.221501e+00
2.169000e-05	-3.940269e-02	3.516294e+00
2.170000e-05	-3.798505e-02	3.777302e+00
2.171000e-05	-8.793467e-02	3.987349e+00
2.172000e-05	4.770923e-02	4.219932e+00
2.173000e-05	4.142083e-02	4.536316e+00
2.174000e-05	-8.943914e-02	4.756794e+00
2.175000e-05	1.698918e-01	5.031911e+00
2.176000e-05	-1.146808e-01	5.380404e+00
2.177000e-05	1.895929e-02	5.622558e+00
2.178000e-05	-1.048166e-02	5.947275e+00
2.179000e-05	-2.874467e-02	6.167854e+00
2.180000e-05	5.373771e-02	6.421537e+00
2.181000e-05	-7.117895e-02	6.737199e+00
2.182000e-05	3.356068e-02	6.989373e+00
2.183000e-05	-4.110294e-02	7.282059e+00
2.184000e-05	8.437553e-03	7.517199e+00
2.185000e-05	-2.867196e-02	7.818352e+00
2.186000e-05	-2.585439e-02	8.072570e+00
2.187000e-05	3.433453e-02	8.336745e+00
2.188000e-05	-3.858024e-02	8.526147e+00
2.189000e-05	1.039561e-02	8.756827e+00
2.190000e-05	-4.188522e-02	8.998828e+00
2.191000e-05	-3.210195e-02	9.231512e+00
2.192000e-05	3.899461e-03	9.453017e+00
2.193000e-05	-1.863467e-02	9.712543e+00
2.194000e-05	-8.901492e-03	9.955777e+00
2.195000e-05	-3.727192e-02	1.012774e+01
2.196000e-05	3.333799e-03	1.038633e+01
2.197000e-05	-3.046140e-02	1.054528e+01
2.198000e-05	-2.379941e-02	1.082880e+01
2.199000e-05	-3.574884e-02	1.098730e+01
2.200000e-05	-2.693602e-02	1.116834e+01
2.201000e-05	-1.077407e-02	1.139886e+01
2.202000e-05	-3.258438e-02	1.159981e+01
2.203000e-05	-3.033264e-02	1.181846e+01
2.204000e-05	-3.994975e-02	1.197893e+01
2.205000e-05	-1.860440e-02	1.216770e+01
2.206000e-05	-2.958564e-02	1.233575e+01
2.207000e-05	-3.598000e-02	1.252555e+01
2.208000e-05	-4.596165e-02	1.267254e+01
2.209000e-05	-3.689257e-02	1.281947e+01
2.210000e-05	-3.045126e-02	1.296870e+01
2.211000e-05	-4.148276e-02	1.314625e+01
2.212000e-05	-4.561278e-02	1.333310e+01
2.213000e-05	-4.376606e-02	1.342946e+01
2.214000e-05	-3.421999e-02	1.356881e+01
2.215000e-05	-4.569460e-02	1.373510e+01
2.216000e-05	-5.689216e-02	1.383047e+01
2.217000e-05	-5.834649e-02	1.396873e+01
2.218000e-05	-5.073484e-02	1.409560e+01
2.219000e-05	-4.930482e-02	1.422149e+01
2.220000e-05	-5.852248e-02	1.437668e+01
2.221000e-05	-6.481042e-02	1.446210e+01
2.222000e-05	-6.022133e-02	1.455593e+01
2.223000e-05	-5.799982e-02	1.464254e+01
2.224000e-05	-6.420279e-02	1.469728e+01
2.225000e-05	-7.457885e-02	1.481888e+01
2.226000e-05	-7.378048e-02	1.487505e+01
2.227000e-05	-7.108634e-02	1.493620e+01
2.228000e-05	-7.497439e-02	1.498986e+01
2.229000e-05	-8.685870e-02	1.504304e+01
2.230000e-05	-9.013026e-02	1.510510e+01
2.231000e-05	-8.623698e-02	1.516734e+01
2.232000e-05	-8.440003e-02	1.522836e+01
2.233000e-05	-9.268309e-02	1.525052e+01
2.234000e-05	-1.015495e-01	1.527362e+01
2.235000e-05	-1.023471e-01	1.530460e+01
2.236000e-05	-1.021876e-01	1.530517e+01
2.237000e-05	-1.086869e-01	1.534670e+01
2.238000e-05	-1.197187e-01	1.533828e+01
2.239000e-05	-1.225979e-01	1.534581e+01
2.240000e-05	-1.220704e-01	1.535763e+01
2.241000e-05	-1.254506e-01	1.535718e+01
2.242000e-05	-1.390089e-01	1.532628e+01
2.243000e-05	-1.500582e-01	1.533462e+01
2.244000e-05	-1.554888e-01	1.530452e+01
2.245000e-05	-1.638855e-01	1.526345e+01
2.246000e-05	-1.822939e-01	1.523089e+01
2.247000e-05	-2.057015e-01	1.520931e+01
2.248000e-05	-2.270243e-01	1.512621e+01
2.249000e-05	-2.459257e-01	1.508457e+01
2.250000e-05	-2.496889e-01	1.503056e+01
2.251000e-05	-2.499898e-01	1.497779e+01
2.252000e-05	-2.499903e-01	1.490578e+01
2.253000e-05	-2.499902e-01	1.482109e+01
2.254000e-05	-2.499902e-01	1.477833e+01
2.255000e-05	-2.499904e-01	1.466365e+01
2.256000e-05	-2.490805e-01	1.456841e+01
2.257000e-05	-2.280865e-01	1.450457e+01
2.258000e-05	-1.984848e-01	1.439631e+01
2.259000e-05	-1.772718e-01	1.428457e+01
2.260000e-05	-1.612000e-01	1.415841e+01
2.261000e-05	-1.445943e-01	1.408007e+01
2.262000e-05	-1.268841e-01	1.390667e+01
2.263000e-05	-1.140878e-01	1.378734e+01
2.264000e-05	-1.075657e-01	1.365100e+01
2.265000e-05	-1.007565e-01	1.349525e+01
2.266000e-05	-9.142712e-02	1.336880e+01
2.267000e-05	-8.262240e-02	1.323096e+01
2.268000e-05	-7.876865e-02	1.306459e+01
2.269000e-05	-7.567176e-02	1.291525e+01
2.270000e-05	-7.076097e-02	1.275841e+01
2.271000e-05	-6.319626e-02	1.263046e+01
2.272000e-05	-5.983825e-02	1.244212e+01
2.273000e-05	-5.935328e-02	1.227462e+01
2.274000e-05	-5.803021e-02	1.215520e+01
2.275000e-05	-5.254523e-02	1.190575e+01
2.276000e-05	-4.803967e-02	1.171425e+01
2.277000e-05	-4.929148e-02	1.151478e+01
2.278000e-05	-4.863240e-02	1.130575e+01
2.279000e-05	-4.578824e-02	1.110578e+01
2.280000e-05	-4.033682e-02	1.090625e+01
2.281000e-05	-3.965069e-02	1.072572e+01
2.282000e-05	-4.049554e-02	1.049473e+01
2.283000e-05	-3.839462e-02	1.028520e+01
2.284000e-05	-3.609022e-02	1.006315e+01
2.285000e-05	-3.352281e-02	9.853042e+00
2.286000e-05	-3.584274e-02	9.610037e+00
2.287000e-05	-3.514471e-02	9.369435e+00
2.288000e-05	-3.356419e-02	9.187507e+00
2.289000e-05	-2.858906e-02	8.957327e+00
2.290000e-05	-2.990211e-02	8.684250e+00
2.291000e-05	-3.033684e-02	8.484722e+00
2.292000e-05	-2.909147e-02	8.261567e+00
2.293000e-05	-2.607658e-02	7.959431e+00
2.294000e-05	-2.563272e-02	7.727425e+00
2.295000e-05	-2.597698e-02	7.494222e+00
2.296000e-05	-2.633545e-02	7.242035e+00
2.297000e-05	-2.460582e-02	6.978379e+00
2.298000e-05	-2.233928e-02	6.696297e+00
2.299000e-05	-2.426950e-02	6.423064e+00
2.300000e-05	-2.511507e-02	6.180531e+00
2.301000e-05	-2.333562e-02	5.926398e+00
2.302000e-05	-1.964951e-02	5.662085e+00
2.303000e-05	-1.906919e-02	5.389507e+00
2.304000e-05	-2.043228e-02	5.075721e+00
2.305000e-05	-2.115816e-02	4.749925e+00
2.306000e-05	-1.838217e-02	4.465296e+00
2.307000e-05	-1.793519e-02	4.231511e+00
2.308000e-05	-1.806024e-02	3.948874e+00
2.309000e-05	-1.880228e-02	3.655739e+00
2.310000e-05	-1.794975e-02	3.431581e+00
2.311000e-05	-1.464137e-02	3.075793e+00
2.312000e-05	-1.624037e-02	2.863212e+00
2.313000e-05	-1.662182e-02	2.569474e+00
2.314000e-05	-1.568432e-02	2.263710e+00
2.315000e-05	-1.224830e-02	1.999580e+00
2.316000e-05	-1.241690e-02	1.736371e+00
2.317000e-05	-1.157320e-02	1.412135e+00
2.318000e-05	-1.437059e-02	1.147417e+00
2.319000e-05	-1.202902e-02	7.595562e-01
2.320000e-05	-1.163518e-02	5.263195e-01
2.321000e-05	-1.111467e-02	2.642639e-01
2.322000e-05	-9.166782e-03	-5.360282e-02
2.323000e-05	2.294812e-03	-3.057072e-01
2.324000e-05	4.401192e-03	-5.788174e-01
2.325000e-05	1.783555e-03	-8.610279e-01
2.326000e-05	2.012725e-03	-1.073633e+00
2.327000e-05	-2.114688e-03	-1.419500e+00
2.328000e-05	-2.228935e-04	-1.654159e+00
2.329000e-05	1.342381e-02	-1.924713e+00
2.330000e-05	7.772496e-02	-2.134765e+00
2.331000e-05	9.630551e-02	-2.533036e+00
2.332000e-05	-5.783047e-02	-2.895658e+00
2.333000e-05	6.125792e-04	-3.261557e+00
2.334000e-05	-4.696232e-02	-3.454134e+00
2.335000e-05	-4.668194e-02	-3.702683e+00
2.336000e-05	-7.515873e-02	-3.906693e+00
2.337000e-05	1.698079e-01	-4.092631e+00
2.338000e-05	-1.262707e-01	-4.348266e+00
2.339000e-05	8.592726e-02	-4.673658e+00
2.340000e-05	6.226272e-02	-4.884640e+00
2.341000e-05	-1.204733e-01	-5.281508e+00
2.342000e-05	1.543547e-01	-5.517245e+00
2.343000e-05	-1.743844e-01	-5.860454e+00
2.344000e-05	1.194104e-01	-6.082640e+00
2.345000e-05	1.105622e-02	-6.304142e+00
2.346000e-05	-2.151882e-02	-6.660437e+00
2.347000e-05	1.067487e-01	-6.873089e+00
2.348000e-05	-1.135231e-01	-7.146726e+00
2.349000e-05	1.167729e-01	-7.402005e+00
2.350000e-05	-7.237781e-02	-7.712040e+00
2.351000e-05	6.509308e-02	-8.000855e+00
2.352000e-05	3.989747e-02	-8.209802e+00
2.353000e-05	-3.960814e-02	-8.442514e+00
2.354000e-05	1.167445e-01	-8.714514e+00
2.355000e-05	-9.819975e-02	-8.976771e+00
2.356000e-05	8.699937e-02	-9.147297e+00
2.357000e-05	-4.410270e-02	-9.388779e+00
2.358000e-05	7.778549e-02	-9.630483e+00
2.359000e-05	2.126052e-02	-9.860961e+00
2.360000e-05	1.355498e-02	-1.007254e+01
2.361000e-05	5.067958e-02	-1.026262e+01
2.362000e-05	-2.592205e-02	-1.051520e+01
2.363000e-05	7.969109e-02	-1.068257e+01
2.364000e-05	-3.531978e-02	-1.089462e+01
2.365000e-05	7.537754e-02	-1.110362e+01
2.366000e-05	-1.428117e-02	-1.134622e+01
2.367000e-05	6.832015e-02	-1.154670e+01
2.368000e-05	5.950099e-03	-1.173568e+01
2.369000e-05	3.877398e-02	-1.196775e+01
2.370000e-05	2.786700e-02	-1.208512e+01
2.371000e-05	3.692932e-02	-1.229567e+01
2.372000e-05	4.955873e-02	-1.248402e+01
2.373000e-05	1.369880e-02	-1.267149e+01
2.374000e-05	4.722318e-02	-1.279086e+01
2.375000e-05	1.622103e-02	-1.298782e+01
2.376000e-05	6.143832e-02	-1.314519e+01
2.377000e-05	2.411575e-02	-1.327449e+01
2.378000e-05	5.954882e-02	-1.345146e+01
2.379000e-05	3.336200e-02	-1.355633e+01
2.380000e-05	6.065572e-02	-1.369360e+01
2.381000e-05	3.888822e-02	-1.385144e+01
2.382000e-05	4.576664e-02	-1.396831e+01
2.383000e-05	4.168108e-02	-1.410254e+01
2.384000e-05	5.386608e-02	-1.421033e+01
2.385000e-05	5.768411e-02	-1.436470e+01
2.386000e-05	5.440990e-02	-1.445201e+01
2.387000e-05	5.867072e-02	-1.453615e+01
2.388000e-05	5.836876e-02	-1.463141e+01
2.389000e-05	7.112518e-02	-1.473567e+01
2.390000e-05	6.120508e-02	-1.478043e+01
2.391000e-05	6.796445e-02	-1.487404e+01
2.392000e-05	6.166236e-02	-1.499780e+01
2.393000e-05	7.535198e-02	-1.503089e+01
2.394000e-05	6.999264e-02	-1.507410e+01
2.395000e-05	7.723992e-02	-1.513563e+01
2.396000e-05	7.521079e-02	-1.517691e+01
2.397000e-05	8.998338e-02	-1.522044e+01
2.398000e-05	9.054289e-02	-1.528209e+01
2.399000e-05	9.171626e-02	-1.534372e+01
2.400000e-05	8.941062e-02	-1.537628e+01
2.401000e-05	9.365761e-02	-1.539678e+01
2.402000e-05	1.013840e-01	-1.537878e+01
2.403000e-05	1.041162e-01	-1.538938e+01
2.404000e-05	1.088162e-01	-1.541881e+01
2.405000e-05	1.130228e-01	-1.544091e+01
2.406000e-05	1.233450e-01	-1.540838e+01
2.407000e-05	1.278951e-01	-1.539731e+01
2.408000e-05	1.321211e-01	-1.536978e+01
2.409000e-05	1.375219e-01	-1.535533e+01
2.410000e-05	1.497419e-01	-1.532378e+01
2.411000e-05	1.641477e-01	-1.529370e+01
2.412000e-05	1.792299e-01	-1.527161e+01
2.413000e-05	1.976571e-01	-1.520991e+01
2.414000e-05	2.227979e-01	-1.514778e+01
2.415000e-05	2.462468e-01	-1.508720e+01
2.416000e-05	2.499886e-01	-1.507207e+01
2.417000e-05	2.499891e-01	-1.499041e+01
2.418000e-05	2.499895e-01	-1.494568e+01
2.419000e-05	2.499899e-01	-1.488252e+01
2.420000e-05	2.499902e-01	-1.477928e+01
2.421000e-05	2.498899e-01	-1.466464e+01
2.422000e-05	2.393248e-01	-1.462091e+01
2.423000e-05	2.133531e-01	-1.452170e+01
2.424000e-05	1.870516e-01	-1.438946e+01
2.425000e-05	1.664390e-01	-1.426467e+01
2.426000e-05	1.448985e-01	-1.418889e+01
2.427000e-05	1.293132e-01	-1.407062e+01
2.428000e-05	1.160088e-01	-1.389565e+01
2.429000e-05	1.051992e-01	-1.382041e+01
2.430000e-05	9.302107e-02	-1.369207e+01
2.431000e-05	8.377992e-02	-1.350715e+01
2.432000e-05	7.863464e-02	-1.342088e+01
2.433000e-05	7.477148e-02	-1.322054e+01
2.434000e-05	6.797438e-02	-1.309412e+01
2.435000e-05	6.124819e-02	-1.294731e+01
2.436000e-05	5.652511e-02	-1.276889e+01
2.437000e-05	5.387404e-02	-1.266096e+01
2.438000e-05	5.025120e-02	-1.246259e+01
2.439000e-05	4.440593e-02	-1.226417e+01
2.440000e-05	4.192034e-02	-1.207370e+01
2.441000e-05	3.893937e-02	-1.193610e+01
2.442000e-05	3.856875e-02	-1.171567e+01
2.443000e-05	3.432191e-02	-1.148320e+01
2.444000e-05	3.228566e-02	-1.126362e+01
2.445000e-05	3.037156e-02	-1.107264e+01
2.446000e-05	3.105685e-02	-1.086272e+01
2.447000e-05	2.857757e-02	-1.064474e+01
2.448000e-05	2.481425e-02	-1.050474e+01
2.449000e-05	2.302503e-02	-1.026307e+01
2.450000e-05	2.210507e-02	-1.006256e+01
2.451000e-05	2.142708e-02	-9.820059e+00
2.452000e-05	1.964983e-02	-9.599982e+00
2.453000e-05	1.845295e-02	-9.389005e+00
2.454000e-05	1.829328e-02	-9.147797e+00
2.455000e-05	1.843489e-02	-8.916725e+00
2.456000e-05	1.513528e-02	-8.685793e+00
2.457000e-05	1.293739e-02	-8.443112e+00
2.458000e-05	1.166289e-02	-8.211455e+00
2.459000e-05	1.179569e-02	-7.977556e+00
2.460000e-05	1.214085e-02	-7.716219e+00
2.461000e-05	9.671036e-03	-7.471085e+00
2.462000e-05	9.085384e-03	-7.210954e+00
2.463000e-05	8.503680e-03	-6.934820e+00
2.464000e-05	7.952013e-03	-6.653187e+00
2.465000e-05	6.117207e-03	-6.389083e+00
2.466000e-05	5.811632e-03	-6.106900e+00
2.467000e-05	4.619269e-03	-5.895188e+00
2.468000e-05	5.259465e-03	-5.620605e+00
2.469000e-05	3.099187e-03	-5.368773e+00
2.470000e-05	1.883646e-03	-5.021582e+00
2.471000e-05	3.219108e-04	-4.728268e+00
2.472000e-05	2.276923e-03	-4.432609e+00
2.473000e-05	3.032681e-03	-4.200055e+00
2.474000e-05	1.095961e-03	-3.937800e+00
2.475000e-05	-1.689824e-03	-3.631113e+00
2.476000e-05	-3.094452e-03	-3.399104e+00
2.477000e-05	-2.508511e-03	-3.135869e+00
2.478000e-05	-8.077435e-04	-2.810572e+00
2.479000e-05	-3.285960e-03	-2.556847e+00
2.480000e-05	-3.623247e-03	-2.304137e+00
2.481000e-05	-4.249111e-03	-1.966948e+00
2.482000e-05	-3.669734e-03	-1.696289e+00
2.483000e-05	-4.652056e-03	-1.410152e+00
2.484000e-05	-7.044546e-03	-1.044637e+00
2.485000e-05	-6.300931e-03	-7.904483e-01
2.486000e-05	-5.803011e-03	-4.832615e-01
2.487000e-05	-4.686098e-03	-2.416576e-01
2.488000e-05	-3.075855e-03	6.153151e-02
2.489000e-05	6.744979e-03	3.453187e-01
2.490000e-05	-1.834164e-03	5.868988e-01
2.491000e-05	5.316265e-03	8.215290e-01
2.492000e-05	-1.635982e-03	1.136270e+00
2.493000e-05	1.758226e-03	1.419380e+00
2.494000e-05	-2.731130e-03	1.708235e+00
2.495000e-05	1.187176e-02	1.937770e+00
2.496000e-05	4.804880e-02	2.178873e+00
2.497000e-05	1.017901e-01	2.494716e+00
2.498000e-05	-3.730648e-02	2.823129e+00
2.499000e-05	-3.411845e-02	3.105740e+00
2.500000e-05	-3.857131e-02	3.440453e+00
2.501000e-05	-2.613337e-02	3.662689e+00
2.502000e-05	-8.380626e-02	3.884190e+00
2.503000e-05	-1.806689e-02	4.104720e+00
2.504000e-05	1.038365e-01	4.449481e+00
2.505000e-05	-1.080257e-01	4.684238e+00
2.506000e-05	1.140320e-01	4.875695e+00
2.507000e-05	-8.429075e-04	5.305191e+00
2.508000e-05	-8.144911e-02	5.556422e+00
2.509000e-05	5.263267e-02	5.860955e+00
2.510000e-05	-7.128417e-02	6.084716e+00
2.511000e-05	6.409178e-02	6.335699e+00
2.512000e-05	-3.985483e-02	6.600043e+00
2.513000e-05	-1.076624e-02	6.883617e+00
2.514000e-05	7.492207e-03	7.156799e+00
2.515000e-05	-3.895586e-02	7.401484e+00
2.516000e-05	1.698476e-02	7.683540e+00
2.517000e-05	-6.725342e-02	7.958807e+00
2.518000e-05	4.081979e-02	8.251437e+00
2.519000e-05	-1.822143e-02	8.434089e+00
2.520000e-05	-1.326613e-02	8.664089e+00
2.521000e-05	-3.499437e-03	8.944699e+00
2.522000e-05	-6.740874e-02	9.166324e+00
2.523000e-05	1.821974e-02	9.388830e+00
2.524000e-05	-3.234921e-02	9.589403e+00
2.525000e-05	8.242547e-03	9.830488e+00
2.526000e-05	-4.641017e-02	1.005306e+01
2.527000e-05	3.338422e-04	1.025159e+01
2.528000e-05	-1.903698e-02	1.049502e+01
2.529000e-05	-2.960918e-02	1.068364e+01
2.530000e-05	-2.589354e-02	1.086459e+01
2.531000e-05	-4.167513e-02	1.110372e+01
2.532000e-05	-2.502276e-03	1.130555e+01
2.533000e-05	-3.513544e-02	1.151455e+01
2.534000e-05	-2.134682e-02	1.172563e+01
2.535000e-05	-4.922470e-02	1.189512e+01
2.536000e-05	-1.693144e-02	1.210458e+01
2.537000e-05	-2.910699e-02	1.225259e+01
2.538000e-05	-2.944533e-02	1.244554e+01
2.539000e-05	-4.473301e-02	1.259791e+01
2.540000e-05	-4.048394e-02	1.275678e+01
2.541000e-05	-2.839358e-02	1.294615e+01
2.542000e-05	-4.158887e-02	1.308262e+01
2.543000e-05	-4.298836e-02	1.326252e+01
2.544000e-05	-5.087961e-02	1.337936e+01
2.545000e-05	-3.083002e-02	1.352465e+01
2.546000e-05	-4.388205e-02	1.365099e+01
2.547000e-05	-4.938972e-02	1.376724e+01
2.548000e-05	-6.184203e-02	1.389415e+01
2.549000e-05	-5.053878e-02	1.403145e+01
2.550000e-05	-4.820345e-02	1.422931e+01
2.551000e-05	-5.546479e-02	1.431505e+01
2.552000e-05	-6.407794e-02	1.440949e+01
2.553000e-05	-6.371669e-02	1.453515e+01
2.554000e-05	-5.581986e-02	1.459993e+01
2.555000e-05	-6.241526e-02	1.470315e+01
2.556000e-05	-6.889364e-02	1.473828e+01
2.557000e-05	-7.535108e-02	1.487044e+01
2.558000e-05	-6.921078e-02	1.493670e+01
2.559000e-05	-7.218097e-02	1.498878e+01
2.560000e-05	-8.248086e-02	1.499097e+01
2.561000e-05	-9.039805e-02	1.505358e+01
2.562000e-05	-8.874386e-02	1.514773e+01
2.563000e-05	-8.259700e-02	1.518776e+01
2.564000e-05	-9.035663e-02	1.525142e+01
2.565000e-05	-9.897509e-02	1.527208e+01
2.566000e-05	-1.033486e-01	1.528207e+01
2.567000e-05	-1.001060e-01	1.528670e+01
2.568000e-05	-1.055790e-01	1.531520e+01
2.569000e-05	-1.159731e-01	1.532626e+01
2.570000e-05	-1.225048e-01	1.538776e+01
2.571000e-05	-1.219614e-01	1.538728e+01
2.572000e-05	-1.234576e-01	1.534728e+01
2.573000e-05	-1.355127e-01	1.532470e+01
2.574000e-05	-1.459529e-01	1.530578e+01
2.575000e-05	-1.539254e-01	1.528462e+01
2.576000e-05	-1.581845e-01	1.530247e+01
2.577000e-05	-1.747765e-01	1.525942e+01
2.578000e-05	-1.956323e-01	1.522034e+01
2.579000e-05	-2.193705e-01	1.514876e+01
2.580000e-05	-2.392291e-01	1.509568e+01
2.581000e-05	-2.496710e-01	1.508454e+01
2.582000e-05	-2.499896e-01	1.500084e+01
2.583000e-05	-2.499901e-01	1.493618e+01
2.584000e-05	-2.499902e-01	1.489362e+01
2.585000e-05	-2.499902e-01	1.478846e+01
2.586000e-05	-2.499904e-01	1.468408e+01
2.587000e-05	-2.499907e-01	1.459794e+01
2.588000e-05	-2.397350e-01	1.453660e+01
2.589000e-05	-2.086708e-01	1.447187e+01
2.590000e-05	-1.830565e-01	1.430530e+01
2.591000e-05	-1.658642e-01	1.419949e+01
2.592000e-05	-1.514472e-01	1.405353e+01
2.593000e-05	-1.335240e-01	1.396638e+01
2.594000e-05	-1.182618e-01	1.381304e+01
2.595000e-05	-1.104178e-01	1.371465e+01
2.596000e-05	-1.042906e-01	1.351978e+01
2.597000e-05	-9.473241e-02	1.343201e+01
2.598000e-05	-8.463096e-02	1.326368e+01
2.599000e-05	-7.827864e-02	1.313723e+01
2.600000e-05	-7.686540e-02	1.296841e+01
2.601000e-05	-7.431519e-02	1.285037e+01
2.602000e-05	-6.623165e-02	1.265462e+01
2.603000e-05	-6.135207e-02	1.250570e+01
2.604000e-05	-5.986323e-02	1.235688e+01
2.605000e-05	-5.939992e-02	1.217546e+01
2.606000e-05	-5.290651e-02	1.198981e+01
2.607000e-05	-4.839099e-02	1.179904e+01
2.608000e-05	-4.782622e-02	1.157904e+01
2.609000e-05	-5.078411e-02	1.139944e+01
2.610000e-05	-4.797611e-02	1.115786e+01
2.611000e-05	-4.324887e-02	1.101041e+01
2.612000e-05	-3.995731e-02	1.079741e+01
2.613000e-05	-3.867798e-02	1.059941e+01
2.614000e-05	-3.966405e-02	1.034935e+01
2.615000e-05	-3.557627e-02	1.014837e+01
2.616000e-05	-3.603713e-02	9.926275e+00
2.617000e-05	-3.552485e-02	9.724301e+00
2.618000e-05	-3.610006e-02	9.482697e+00
2.619000e-05	-3.290133e-02	9.261141e+00
2.620000e-05	-2.982823e-02	9.033064e+00
2.621000e-05	-2.913210e-02	8.760859e+00
2.622000e-05	-3.009789e-02	8.568905e+00
2.623000e-05	-3.117336e-02	8.347399e+00
2.624000e-05	-2.730778e-02	8.084295e+00
2.625000e-05	-2.616746e-02	7.842110e+00
2.626000e-05	-2.519461e-02	7.608986e+00
2.627000e-05	-2.673847e-02	7.305370e+00
2.628000e-05	-2.470310e-02	7.043231e+00
2.629000e-05	-2.335897e-02	6.800611e+00
2.630000e-05	-2.331533e-02	6.508827e+00
2.631000e-05	-2.429802e-02	6.272691e+00
2.632000e-05	-2.337397e-02	6.051162e+00
2.633000e-05	-2.097042e-02	5.750005e+00
2.634000e-05	-1.897807e-02	5.494716e+00
2.635000e-05	-2.016289e-02	5.208585e+00
2.636000e-05	-2.054155e-02	4.824241e+00
2.637000e-05	-1.927499e-02	4.610030e+00
2.638000e-05	-1.760665e-02	4.377926e+00
2.639000e-05	-1.847608e-02	4.012135e+00
2.640000e-05	-1.842801e-02	3.768397e+00
2.641000e-05	-1.701922e-02	3.507351e+00
2.642000e-05	-1.458567e-02	3.240581e+00
2.643000e-05	-1.564215e-02	2.937922e+00
2.644000e-05	-1.579351e-02	2.713843e+00
2.645000e-05	-1.600809e-02	2.377999e+00
2.646000e-05	-1.325530e-02	2.073817e+00
2.647000e-05	-1.291141e-02	1.852235e+00
2.648000e-05	-1.336176e-02	1.588418e+00
2.649000e-05	-1.397655e-02	1.234211e+00
2.650000e-05	-1.189851e-02	8.973703e-01
2.651000e-05	-1.026456e-02	6.206777e-01
2.652000e-05	-1.144699e-02	3.379211e-01
2.653000e-05	-8.961720e-03	3.363528e-02
2.654000e-05	-4.189846e-03	-2.309979e-01
2.655000e-05	7.512155e-03	-4.810555e-01
2.656000e-05	-3.673576e-03	-7.688711e-01
2.657000e-05	4.167128e-03	-1.020950e+00
2.658000e-05	-3.963385e-03	-1.322633e+00
2.659000e-05	3.048016e-03	-1.598298e+00
2.660000e-05	4.198659e-03	-1.848975e+00
2.661000e-05	4.577346e-02	-2.090855e+00
2.662000e-05	1.230225e-01	-2.357672e+00
2.663000e-05	-2.178400e-02	-2.726265e+00
2.664000e-05	-2.223824e-02	-3.168741e+00
2.665000e-05	-2.845529e-02	-3.400474e+00
2.666000e-05	-3.949698e-02	-3.637850e+00
2.667000e-05	-9.684062e-02	-3.871933e+00
2.668000e-05	1.036476e-01	-4.020451e+00
2.669000e-05	1.459702e-02	-4.272630e+00
2.670000e-05	-7.440490e-02	-4.547851e+00
2.671000e-05	1.937482e-01	-4.818877e+00
2.672000e-05	-1.683697e-01	-5.155690e+00
2.673000e-05	1.199955e-01	-5.441984e+00
2.674000e-05	-6.696345e-02	-5.703613e+00
2.675000e-05	-3.666274e-02	-5.990400e+00
2.676000e-05	1.428186e-01	-6.199408e+00
2.677000e-05	-1.050147e-01	-6.536644e+00
2.678000e-05	1.435821e-01	-6.769851e+00
2.679000e-05	-8.645960e-02	-7.072062e+00
2.680000e-05	3.915658e-02	-7.306749e+00
2.681000e-05	2.526798e-02	-7.586325e+00
2.682000e-05	-4.520667e-02	-7.895592e+00
2.683000e-05	1.275743e-01	-8.115198e+00
2.684000e-05	-8.638193e-02	-8.337348e+00
2.685000e-05	1.196625e-01	-8.628885e+00
2.686000e-05	-4.603421e-02	-8.832914e+00
2.687000e-05	1.370516e-02	-9.102066e+00
2.688000e-05	2.980563e-02	-9.302487e+00
2.689000e-05	-1.180509e-02	-9.537225e+00
2.690000e-05	9.861418e-02	-9.726845e+00
2.691000e-05	-4.333821e-02	-1.002823e+01
2.692000e-05	9.106309e-02	-1.020973e+01
2.693000e-05	-4.722724e-02	-1.042943e+01
2.694000e-05	7.757570e-02	-1.067151e+01
2.695000e-05	-1.192662e-02	-1.083096e+01
2.696000e-05	4.231452e-02	-1.104096e+01
2.697000e-05	2.347475e-02	-1.123146e+01
2.698000e-05	2.478551e-02	-1.149254e+01
2.699000e-05	5.025123e-02	-1.165341e+01
2.700000e-05	5.499286e-04	-1.186199e+01
2.701000e-05	5.595879e-02	-1.207197e+01
2.702000e-05	6.747086e-03	-1.222189e+01
2.703000e-05	7.119789e-02	-1.242883e+01
2.704000e-05	6.932711e-03	-1.258873e+01
2.705000e-05	5.097749e-02	-1.275623e+01
2.706000e-05	1.631378e-02	-1.291464e+01
2.707000e-05	5.525362e-02	-1.308301e+01
2.708000e-05	3.464046e-02	-1.319894e+01
2.709000e-05	4.520582e-02	-1.335923e+01
2.710000e-05	4.210748e-02	-1.349209e+01
2.711000e-05	4.399300e-02	-1.366204e+01
2.712000e-05	5.230738e-02	-1.377637e+01
2.713000e-05	3.638644e-02	-1.388409e+01
2.714000e-05	5.070530e-02	-1.404094e+01
2.715000e-05	4.463464e-02	-1.418878e+01
2.716000e-05	6.514042e-02	-1.429360e+01
2.717000e-05	5.041063e-02	-1.437884e+01
2.718000e-05	5.973100e-02	-1.451407e+01
2.719000e-05	5.148073e-02	-1.459795e+01
2.720000e-05	6.782407e-02	-1.471259e+01
2.721000e-05	6.239195e-02	-1.480726e+01
2.722000e-05	6.700683e-02	-1.488142e+01
2.723000e-05	6.506876e-02	-1.493570e+01
2.724000e-05	7.384290e-02	-1.502891e+01
2.725000e-05	7.415397e-02	-1.503349e+01
2.726000e-05	7.405092e-02	-1.512415e+01
2.727000e-05	7.586065e-02	-1.515618e+01
2.728000e-05	8.086423e-02	-1.521894e+01
2.729000e-05	9.087436e-02	-1.525047e+01
2.730000e-05	8.873744e-02	-1.532310e+01
2.731000e-05	9.175753e-02	-1.533520e+01
2.732000e-05	9.119211e-02	-1.539725e+01
2.733000e-05	1.022961e-01	-1.540831e+01
2.734000e-05	1.037494e-01	-1.542001e+01
2.735000e-05	1.084604e-01	-1.543036e+01
2.736000e-05	1.103604e-01	-1.540144e+01
2.737000e-05	1.192144e-01	-1.538081e+01
2.738000e-05	1.256415e-01	-1.535733e+01
2.739000e-05	1.285538e-01	-1.539938e+01
2.740000e-05	1.352487e-01	-1.535776e+01
2.741000e-05	1.449982e-01	-1.535630e+01
2.742000e-05	1.609341e-01	-1.530415e+01
2.743000e-05	1.735755e-01	-1.528317e+01
2.744000e-05	1.908714e-01	-1.521141e+01
2.745000e-05	2.113799e-01	-1.522783e+01
2.746000e-05	2.394294e-01	-1.514665e+01
2.747000e-05	2.492855e-01	-1.509310e+01
2.748000e-05	2.499891e-01	-1.501896e+01
2.749000e-05	2.499894e-01	-1.492828e+01
2.750000e-05	2.499898e-01	-1.492410e+01
2.751000e-05	2.499901e-01	-1.482981e+01
2.752000e-05	2.499899e-01	-1.471375e+01
2.753000e-05	2.459164e-01	-1.465102e+01
2.754000e-05	2.243854e-01	-1.458670e+01
2.755000e-05	1.969734e-01	-1.441959e+01
2.756000e-05	1.738797e-01	-1.436618e+01
2.757000e-05	1.508939e-01	-1.423101e+01
2.758000e-05	1.341297e-01	-1.411462e+01
2.759000e-05	1.202194e-01	-1.396681e+01
2.760000e-05	1.096984e-01	-1.386094e+01
2.761000e-05	9.801939e-02	-1.372668e+01
2.762000e-05	8.846829e-02	-1.354538e+01
2.763000e-05	8.070659e-02	-1.342209e+01
2.764000e-05	7.599224e-02	-1.330614e+01
2.765000e-05	6.990211e-02	-1.317683e+01
2.766000e-05	6.316023e-02	-1.304098e+01
2.767000e-05	5.682772e-02	-1.288306e+01
2.768000e-05	5.558440e-02	-1.267315e+01
2.769000e-05	5.199719e-02	-1.253675e+01
2.770000e-05	4.820512e-02	-1.235736e+01
2.771000e-05	4.258484e-02	-1.223886e+01
2.772000e-05	4.140377e-02	-1.198951e+01
2.773000e-05	3.809497e-02	-1.181041e+01
2.774000e-05	3.600417e-02	-1.162936e+01
2.775000e-05	3.286111e-02	-1.138690e+01
2.776000e-05	3.089817e-02	-1.119833e+01
2.777000e-05	3.016881e-02	-1.094578e+01
2.778000e-05	2.955760e-02	-1.076735e+01
2.779000e-05	2.675724e-02	-1.058591e+01
2.780000e-05	2.363332e-02	-1.034640e+01
2.781000e-05	2.299081e-02	-1.014628e+01
2.782000e-05	2.212443e-02	-9.895694e+00
2.783000e-05	2.049774e-02	-9.703696e+00
2.784000e-05	1.853381e-02	-9.492689e+00
2.785000e-05	1.792107e-02	-9.221064e+00
2.786000e-05	1.763072e-02	-9.049033e+00
2.787000e-05	1.712650e-02	-8.798030e+00
2.788000e-05	1.461053e-02	-8.548300e+00
2.789000e-05	1.283127e-02	-8.304742e+00
2.790000e-05	1.285334e-02	-8.063165e+00
2.791000e-05	1.163078e-02	-7.851557e+00
2.792000e-05	1.085154e-02	-7.525694e+00
2.793000e-05	8.964388e-03	-7.294265e+00
2.794000e-05	8.534868e-03	-7.041562e+00
2.795000e-05	8.343814e-03	-6.766854e+00
2.796000e-05	5.237058e-03	-6.515741e+00
2.797000e-05	5.971937e-03	-6.232607e+00
2.798000e-05	4.645080e-03	-5.998946e+00
2.799000e-05	5.353816e-03	-5.717767e+00
2.800000e-05	6.965537e-03	-5.471610e+00
2.801000e-05	4.473533e-03	-5.138347e+00
2.802000e-05	2.409355e-03	-4.833134e+00
2.803000e-05	1.242972e-03	-4.536874e+00
2.804000e-05	4.184549e-06	-4.336267e+00
2.805000e-05	-1.119482e-03	-4.052159e+00
2.806000e-05	-3.359902e-03	-3.738397e+00
2.807000e-05	-3.675371e-04	-3.454814e+00
2.808000e-05	-1.613866e-03	-3.251105e+00
2.809000e-05	9.385280e-04	-2.925342e+00
2.810000e-05	-2.466837e-03	-2.653658e+00
2.811000e-05	-1.015023e-03	-2.368947e+00
2.812000e-05	-5.204745e-03	-2.065161e+00
2.813000e-05	-4.426839e-03	-1.830026e+00
2.814000e-05	-7.657242e-03	-1.537392e+00
2.815000e-05	-7.299826e-03	-1.187025e+00
2.816000e-05	-7.971395e-03	-9.053405e-01
2.817000e-05	-4.665178e-03	-6.095485e-01
2.818000e-05	-4.897355e-03	-3.263409e-01
2.819000e-05	-2.231310e-03	-5.518384e-02
2.820000e-05	5.969041e-03	2.410030e-01
2.821000e-05	2.489802e-03	4.736347e-01
2.822000e-05	-2.439239e-05	7.362925e-01
2.823000e-05	2.718102e-04	1.041456e+00
2.824000e-05	-3.095838e-03	1.294169e+00
2.825000e-05	-2.101159e-03	1.580374e+00
2.826000e-05	3.518707e-03	1.844233e+00
2.827000e-05	2.989417e-02	2.094163e+00
2.828000e-05	9.856701e-02	2.397346e+00
2.829000e-05	2.372901e-02	2.735744e+00
2.830000e-05	-5.506080e-02	3.072504e+00
2.831000e-05	-2.926875e-02	3.303190e+00
2.832000e-05	-3.465454e-02	3.588953e+00
2.833000e-05	-5.759696e-02	3.818981e+00
2.834000e-05	-6.986599e-02	4.010078e+00
2.835000e-05	8.916752e-02	4.294567e+00
2.836000e-05	-2.470283e-02	4.607932e+00
2.837000e-05	-1.848464e-02	4.801480e+00
2.838000e-05	1.318889e-01	5.216175e+00
2.839000e-05	-1.389792e-01	5.462112e+00
2.840000e-05	5.838038e-02	5.734241e+00
2.841000e-05	-5.137946e-02	6.028373e+00
2.842000e-05	1.586343e-02	6.190411e+00
2.843000e-05	2.133816e-02	6.505720e+00
2.844000e-05	-6.231051e-02	6.831957e+00
2.845000e-05	4.117893e-02	7.039964e+00
2.846000e-05	-5.748627e-02	7.313595e+00
2.847000e-05	2.882450e-02	7.598358e+00
2.848000e-05	-5.984783e-02	7.892614e+00
2.849000e-05	9.901842e-03	8.145750e+00
2.850000e-05	1.635182e-02	8.378352e+00
2.851000e-05	-3.490975e-02	8.589829e+00
2.852000e-05	1.427431e-02	8.819957e+00
2.853000e-05	-6.459596e-02	9.042018e+00
2.854000e-05	-5.717466e-03	9.264621e+00
2.855000e-05	-1.576227e-02	9.514593e+00
2.856000e-05	-2.599018e-03	9.797781e+00
2.857000e-05	-2.840448e-02	1.000688e+01
2.858000e-05	-2.108885e-02	1.019633e+01
2.859000e-05	-2.807508e-03	1.038891e+01
2.860000e-05	-3.168468e-02	1.063949e+01
2.861000e-05	-2.239475e-02	1.086098e+01
2.862000e-05	-4.349636e-02	1.104049e+01
2.863000e-05	-1.462517e-02	1.120987e+01
2.864000e-05	-2.223050e-02	1.147147e+01
2.865000e-05	-2.607479e-02	1.165441e+01
2.866000e-05	-4.087218e-02	1.183141e+01
2.867000e-05	-2.879942e-02	1.202196e+01
2.868000e-05	-2.168587e-02	1.220129e+01
2.869000e-05	-2.743325e-02	1.236831e+01
2.870000e-05	-4.135246e-02	1.255613e+01
2.871000e-05	-4.573752e-02	1.269520e+01
2.872000e-05	-3.354735e-02	1.286152e+01
2.873000e-05	-3.554690e-02	1.302939e+01
2.874000e-05	-4.079177e-02	1.319878e+01
2.875000e-05	-4.897388e-02	1.335568e+01
2.876000e-05	-3.655276e-02	1.343259e+01
2.877000e-05	-3.919308e-02	1.360036e+01
2.878000e-05	-4.592042e-02	1.373778e+01
2.879000e-05	-6.108938e-02	1.387102e+01
2.880000e-05	-5.509833e-02	1.398787e+01
2.881000e-05	-5.134373e-02	1.417573e+01
2.882000e-05	-4.931747e-02	1.426304e+01
2.883000e-05	-6.142750e-02	1.434731e+01
2.884000e-05	-6.448319e-02	1.448360e+01
2.885000e-05	-5.826728e-02	1.456678e+01
2.886000e-05	-6.054434e-02	1.467362e+01
2.887000e-05	-6.584995e-02	1.472776e+01
2.888000e-05	-7.600973e-02	1.480091e+01
2.889000e-05	-7.184444e-02	1.488462e+01
2.890000e-05	-7.105501e-02	1.497828e+01
2.891000e-05	-7.763947e-02	1.500091e+01
2.892000e-05	-8.800800e-02	1.510255e+01
2.893000e-05	-9.031656e-02	1.512520e+01
2.894000e-05	-8.371047e-02	1.517586e+01
2.895000e-05	-8.684201e-02	1.518977e+01
2.896000e-05	-9.490186e-02	1.527299e+01
2.897000e-05	-1.026149e-01	1.529312e+01
2.898000e-05	-1.009969e-01	1.531450e+01
2.899000e-05	-1.036459e-01	1.532560e+01
2.900000e-05	-1.122377e-01	1.534621e+01
2.901000e-05	-1.214061e-01	1.534636e+01
2.902000e-05	-1.218376e-01	1.533633e+01
2.903000e-05	-1.215040e-01	1.536726e+01
2.904000e-05	-1.297085e-01	1.536578e+01
2.905000e-05	-1.418467e-01	1.528668e+01
2.906000e-05	-1.526165e-01	1.530513e+01
2.907000e-05	-1.563471e-01	1.527347e+01
2.908000e-05	-1.696854e-01	1.526194e+01
2.909000e-05	-1.869038e-01	1.523044e+01
2.910000e-05	-2.102324e-01	1.514674e+01
2.911000e-05	-2.306061e-01	1.512670e+01
2.912000e-05	-2.477546e-01	1.507417e+01
2.913000e-05	-2.499891e-01	1.502051e+01
2.914000e-05	-2.499900e-01	1.492829e+01
2.915000e-05	-2.499903e-01	1.487370e+01
2.916000e-05	-2.499902e-01	1.479051e+01
2.917000e-05	-2.499903e-01	1.474571e+01
2.918000e-05	-2.499906e-01	1.462459e+01
2.919000e-05	-2.460328e-01	1.459723e+01
2.920000e-05	-2.197515e-01	1.446469e+01
2.921000e-05	-1.923465e-01	1.435834e+01
2.922000e-05	-1.714847e-01	1.422307e+01
2.923000e-05	-1.574586e-01	1.411723e+01
2.924000e-05	-1.385243e-01	1.399896e+01
2.925000e-05	-1.243861e-01	1.389465e+01
2.926000e-05	-1.125648e-01	1.372728e+01
2.927000e-05	-1.079295e-01	1.358939e+01
2.928000e-05	-9.773922e-02	1.347299e+01
2.929000e-05	-8.839998e-02	1.334573e+01
2.930000e-05	-7.928098e-02	1.320896e+01
2.931000e-05	-7.873964e-02	1.303262e+01
2.932000e-05	-7.458416e-02	1.290312e+01
2.933000e-05	-6.939265e-02	1.273678e+01
2.934000e-05	-6.123752e-02	1.259998e+01
2.935000e-05	-6.142539e-02	1.242006e+01
2.936000e-05	-5.910327e-02	1.225202e+01
2.937000e-05	-5.669206e-02	1.205312e+01
2.938000e-05	-5.089056e-02	1.186372e+01
2.939000e-05	-4.691177e-02	1.169270e+01
2.940000e-05	-5.011335e-02	1.147314e+01
2.941000e-05	-4.509628e-02	1.125304e+01
2.942000e-05	-4.252334e-02	1.108259e+01
2.943000e-05	-4.047519e-02	1.088167e+01
2.944000e-05	-3.953561e-02	1.066367e+01
2.945000e-05	-4.290305e-02	1.047260e+01
2.946000e-05	-3.969797e-02	1.023362e+01
2.947000e-05	-3.755939e-02	1.001164e+01
2.948000e-05	-3.304694e-02	9.829964e+00
2.949000e-05	-3.465175e-02	9.547353e+00
2.950000e-05	-3.144606e-02	9.346800e+00
2.951000e-05	-3.005013e-02	9.124223e+00
2.952000e-05	-2.858846e-02	8.873249e+00
2.953000e-05	-3.138451e-02	8.652693e+00
2.954000e-05	-3.247896e-02	8.461612e+00
2.955000e-05	-3.020296e-02	8.220506e+00
2.956000e-05	-2.652496e-02	7.937300e+00
2.957000e-05	-2.539923e-02	7.685644e+00
2.958000e-05	-2.592007e-02	7.370432e+00
2.959000e-05	-2.538544e-02	7.169855e+00
2.960000e-05	-2.268962e-02	6.904772e+00
2.961000e-05	-2.281669e-02	6.661115e+00
2.962000e-05	-2.420319e-02	6.357976e+00
2.963000e-05	-2.475980e-02	6.126768e+00
2.964000e-05	-2.187858e-02	5.855218e+00
2.965000e-05	-2.069119e-02	5.608928e+00
2.966000e-05	-2.030888e-02	5.385797e+00
2.967000e-05	-2.143270e-02	4.982060e+00
2.968000e-05	-1.959855e-02	4.664267e+00
2.969000e-05	-1.773913e-02	4.443137e+00
2.970000e-05	-1.674905e-02	4.148475e+00
2.971000e-05	-1.922603e-02	3.863713e+00
2.972000e-05	-1.819800e-02	3.620482e+00
2.973000e-05	-1.680139e-02	3.326372e+00
2.974000e-05	-1.457606e-02	3.013160e+00
2.975000e-05	-1.714120e-02	2.769456e+00
2.976000e-05	-1.687364e-02	2.466268e+00
2.977000e-05	-1.489742e-02	2.220552e+00
2.978000e-05	-1.186712e-02	1.937396e+00
2.979000e-05	-1.356119e-02	1.633581e+00
2.980000e-05	-1.393199e-02	1.358844e+00
2.981000e-05	-1.310141e-02	1.022160e+00
2.982000e-05	-1.015757e-02	7.364192e-01
2.983000e-05	-1.004646e-02	4.847363e-01
2.984000e-05	-9.384897e-03	1.890484e-01
2.985000e-05	-8.142342e-03	-1.037123e-01
2.986000e-05	5.183385e-03	-3.383437e-01
2.987000e-05	-8.678678e-04	-6.515245e-01
2.988000e-05	2.870939e-03	-9.347410e-01
2.989000e-05	-2.376675e-03	-1.138345e+00
2.990000e-05	1.582092e-03	-1.474638e+00
2.991000e-05	1.036690e-03	-1.705165e+00
2.992000e-05	2.597887e-02	-1.967845e+00
2.993000e-05	1.017550e-01	-2.209323e+00
2.994000e-05	5.218838e-02	-2.597897e+00
2.995000e-05	-5.480953e-02	-2.989273e+00
2.996000e-05	-3.912872e-03	-3.325267e+00
2.997000e-05	-4.731941e-02	-3.565240e+00
2.998000e-05	-6.766557e-02	-3.726214e+00
2.999000e-05	-1.474228e-02	-3.978345e+00
3.000000e-05	1.464053e-01	-4.176693e+00
3.001000e-05	-1.635807e-01	-4.461984e+00
3.002000e-05	1.790368e-01	-4.735646e+00
3.003000e-05	-4.865399e-02	-4.989352e+00
3.004000e-05	-2.767345e-02	-5.366271e+00
3.005000e-05	9.220429e-02	-5.587849e+00
3.006000e-05	-1.617185e-01	-5.893662e+00
3.007000e-05	1.831350e-01	-6.105619e+00
3.008000e-05	-6.934687e-02	-6.419352e+00
3.009000e-05	6.125917e-02	-6.714542e+00
3.010000e-05	3.009752e-02	-6.966174e+00
3.011000e-05	-7.391183e-02	-7.254612e+00
3.012000e-05	1.125162e-01	-7.493564e+00
3.013000e-05	-9.873966e-02	-7.748203e+00
3.014000e-05	1.228319e-01	-8.021987e+00
3.015000e-05	-3.227494e-02	-8.221036e+00
3.016000e-05	3.214396e-02	-8.534214e+00
3.017000e-05	6.266703e-02	-8.787825e+00
3.018000e-05	-7.487967e-02	-9.019859e+00
3.019000e-05	9.059969e-02	-9.219380e+00
3.020000e-05	-6.024649e-02	-9.471006e+00
3.021000e-05	1.126163e-01	-9.705620e+00
3.022000e-05	-2.880632e-02	-9.872566e+00
3.023000e-05	5.864217e-02	-1.014560e+01
3.024000e-05	3.313089e-03	-1.038627e+01
3.025000e-05	1.760985e-02	-1.058783e+01
3.026000e-05	5.074544e-02	-1.071680e+01
3.027000e-05	-1.426697e-02	-1.098673e+01
3.028000e-05	6.707946e-02	-1.114480e+01
3.029000e-05	-1.496535e-02	-1.138028e+01
3.030000e-05	7.492984e-02	-1.156728e+01
3.031000e-05	-1.099666e-02	-1.181881e+01
3.032000e-05	6.005452e-02	-1.198936e+01
3.033000e-05	8.794989e-03	-1.214628e+01
3.034000e-05	6.035936e-02	-1.236580e+01
3.035000e-05	2.517155e-02	-1.255607e+01
3.036000e-05	3.061957e-02	-1.270370e+01
3.037000e-05	3.183492e-02	-1.284194e+01
3.038000e-05	3.048686e-02	-1.298993e+01
3.039000e-05	5.476336e-02	-1.315628e+01
3.040000e-05	3.075493e-02	-1.328610e+01
3.041000e-05	5.938910e-02	-1.347152e+01
3.042000e-05	3.236257e-02	-1.361878e+01
3.043000e-05	6.109473e-02	-1.373622e+01
3.044000e-05	3.177631e-02	-1.382102e+01
3.045000e-05	5.005209e-02	-1.400781e+01
3.046000e-05	3.917668e-02	-1.407360e+01
3.047000e-05	6.083333e-02	-1.425137e+01
3.048000e-05	5.501119e-02	-1.439530e+01
3.049000e-05	5.874766e-02	-1.442202e+01
3.050000e-05	5.518804e-02	-1.457683e+01
3.051000e-05	6.233969e-02	-1.463449e+01
3.052000e-05	6.634981e-02	-1.475570e+01
3.053000e-05	6.344310e-02	-1.482986e+01
3.054000e-05	6.653247e-02	-1.488459e+01
3.055000e-05	6.513947e-02	-1.497831e+01
3.056000e-05	7.734072e-02	-1.507094e+01
3.057000e-05	6.979174e-02	-1.512360e+01
3.058000e-05	7.811570e-02	-1.516778e+01
3.059000e-05	7.509209e-02	-1.520881e+01
3.060000e-05	9.253298e-02	-1.523046e+01
3.061000e-05	9.100069e-02	-1.529307e+01
3.062000e-05	9.176475e-02	-1.532462e+01
3.063000e-05	8.984326e-02	-1.536613e+01
3.064000e-05	9.365997e-02	-1.541777e+01
3.065000e-05	1.025069e-01	-1.538783e+01
3.066000e-05	1.048382e-01	-1.543086e+01
3.067000e-05	1.099498e-01	-1.544939e+01
3.068000e-05	1.169715e-01	-1.540996e+01
3.069000e-05	1.267152e-01	-1.538841e+01
3.070000e-05	1.293290e-01	-1.539994e+01
3.071000e-05	1.324749e-01	-1.537780e+01
3.072000e-05	1.382884e-01	-1.535770e+01
3.073000e-05	1.530026e-01	-1.531307e+01
3.074000e-05	1.679159e-01	-1.535317e+01
3.075000e-05	1.830896e-01	-1.523206e+01
3.076000e-05	2.033395e-01	-1.520991e+01
3.077000e-05	2.289345e-01	-1.516615e+01
3.078000e-05	2.482983e-01	-1.510455e+01
3.079000e-05	2.499889e-01	-1.504299e+01
3.080000e-05	2.499893e-01	-1.499786e+01
3.081000e-05	2.499897e-01	-1.493460e+01
3.082000e-05	2.499900e-01	-1.481092e+01
3.083000e-05	2.499900e-01	-1.473785e+01
3.084000e-05	2.496898e-01	-1.467464e+01
3.085000e-05	2.339138e-01	-1.456879e+01
3.086000e-05	2.074507e-01	-1.449214e+01
3.087000e-05	1.816703e-01	-1.439943e+01
3.088000e-05	1.604727e-01	-1.424354e+01
3.089000e-05	1.385771e-01	-1.414778e+01
3.090000e-05	1.252929e-01	-1.402991e+01
3.091000e-05	1.132542e-01	-1.389517e+01
3.092000e-05	1.024664e-01	-1.375883e+01
3.093000e-05	9.018256e-02	-1.362904e+01
3.094000e-05	8.419990e-02	-1.350512e+01
3.095000e-05	7.795482e-02	-1.333728e+01
3.096000e-05	7.387605e-02	-1.318884e+01
3.097000e-05	6.457143e-02	-1.306302e+01
3.098000e-05	5.929264e-02	-1.293377e+01
3.099000e-05	5.517266e-02	-1.276720e+01
3.100000e-05	5.279116e-02	-1.257043e+01
3.101000e-05	4.799949e-02	-1.243049e+01
3.102000e-05	4.455768e-02	-1.225311e+01
3.103000e-05	4.256918e-02	-1.209167e+01
3.104000e-05	4.048994e-02	-1.187254e+01
3.105000e-05	3.746810e-02	-1.170472e+01
3.106000e-05	3.422280e-02	-1.146044e+01
3.107000e-05	3.102212e-02	-1.125049e+01
3.108000e-05	3.097047e-02	-1.103141e+01
3.109000e-05	2.901093e-02	-1.084056e+01
3.110000e-05	2.758728e-02	-1.063154e+01
3.111000e-05	2.404758e-02	-1.042203e+01
3.112000e-05	2.487762e-02	-1.021141e+01
3.113000e-05	2.283361e-02	-9.950430e+00
3.114000e-05	2.188633e-02	-9.777504e+00
3.115000e-05	1.901916e-02	-9.598927e+00
3.116000e-05	1.874740e-02	-9.376250e+00
3.117000e-05	1.785392e-02	-9.123717e+00
3.118000e-05	1.766024e-02	-8.901742e+00
3.119000e-05	1.337671e-02	-8.633663e+00
3.120000e-05	1.306671e-02	-8.397929e+00
3.121000e-05	1.194153e-02	-8.158374e+00
3.122000e-05	1.329240e-02	-7.955871e+00
3.123000e-05	1.193118e-02	-7.641511e+00
3.124000e-05	1.023351e-02	-7.388456e+00
3.125000e-05	8.346320e-03	-7.135343e+00
3.126000e-05	8.664097e-03	-6.853084e+00
3.127000e-05	6.464333e-03	-6.610054e+00
3.128000e-05	6.077003e-03	-6.355923e+00
3.129000e-05	4.520979e-03	-6.083240e+00
3.130000e-05	4.908231e-03	-5.831558e+00
3.131000e-05	5.348961e-03	-5.546348e+00
3.132000e-05	3.978593e-03	-5.243683e+00
3.133000e-05	2.168210e-03	-4.977398e+00
3.134000e-05	2.561848e-03	-4.620004e+00
3.135000e-05	2.387608e-03	-4.390054e+00
3.136000e-05	1.355647e-03	-4.167420e+00
3.137000e-05	-2.029599e-03	-3.893759e+00
3.138000e-05	-1.247102e-03	-3.588975e+00
3.139000e-05	-2.486993e-03	-3.357392e+00
3.140000e-05	-1.578084e-03	-3.034134e+00
3.141000e-05	-2.611886e-03	-2.757371e+00
3.142000e-05	-3.140711e-03	-2.484264e+00
3.143000e-05	-3.720279e-03	-2.238951e+00
3.144000e-05	-2.609048e-03	-1.915817e+00
3.145000e-05	-4.439181e-03	-1.630610e+00
3.146000e-05	-5.456252e-03	-1.347219e+00
3.147000e-05	-7.319021e-03	-1.032103e+00
3.148000e-05	-5.810521e-03	-7.573893e-01
3.149000e-05	-6.734381e-03	-4.096310e-01
3.150000e-05	-5.512145e-03	-1.589720e-01
3.151000e-05	-3.403461e-04	1.141635e-01
3.152000e-05	7.708735e-03	3.994504e-01
3.153000e-05	-1.063200e-03	6.316057e-01
3.154000e-05	5.676269e-03	8.741862e-01
3.155000e-05	-3.948567e-03	1.170507e+00
3.156000e-05	1.347380e-03	1.492112e+00
3.157000e-05	-2.906271e-03	1.778903e+00
3.158000e-05	1.821131e-02	1.988927e+00
3.159000e-05	6.556119e-02	2.262611e+00
3.160000e-05	8.338995e-02	2.598876e+00
3.161000e-05	-5.802215e-02	2.926244e+00
3.162000e-05	-2.493314e-02	3.190877e+00
3.163000e-05	-4.191472e-02	3.475640e+00
3.164000e-05	-3.002296e-02	3.696794e+00
3.165000e-05	-8.923110e-02	3.957773e+00
3.166000e-05	2.646342e-02	4.139329e+00
3.167000e-05	7.268119e-02	4.495612e+00
3.168000e-05	-1.114038e-01	4.717898e+00
3.169000e-05	1.648851e-01	5.000806e+00
3.170000e-05	-8.628941e-02	5.347823e+00
3.171000e-05	-1.456469e-02	5.578431e+00
3.172000e-05	1.526967e-02	5.915090e+00
3.173000e-05	-4.758260e-02	6.147300e+00
3.174000e-05	6.608858e-02	6.418403e+00
3.175000e-05	-6.592790e-02	6.735119e+00
3.176000e-05	2.189389e-02	6.896823e+00
3.177000e-05	-2.757508e-02	7.219912e+00
3.178000e-05	-8.285493e-03	7.505596e+00
3.179000e-05	-1.224509e-02	7.737830e+00
3.180000e-05	-4.386612e-02	8.121490e+00
3.181000e-05	4.205409e-02	8.304196e+00
3.182000e-05	-3.279668e-02	8.506620e+00
3.183000e-05	5.006800e-03	8.726698e+00
3.184000e-05	-2.833457e-02	9.007254e+00
3.185000e-05	-4.834997e-02	9.178432e+00
3.186000e-05	1.200502e-02	9.441513e+00
3.187000e-05	-2.590446e-02	9.642016e+00
3.188000e-05	-1.020681e-03	9.894694e+00
3.189000e-05	-4.428755e-02	1.012577e+01
3.190000e-05	4.448342e-03	1.031517e+01
3.191000e-05	-2.605311e-02	1.055707e+01
3.192000e-05	-2.461657e-02	1.071673e+01
3.193000e-05	-3.137475e-02	1.095680e+01
3.194000e-05	-3.375831e-02	1.115923e+01
3.195000e-05	-5.266712e-03	1.136663e+01
3.196000e-05	-3.493073e-02	1.157776e+01
3.197000e-05	-2.778764e-02	1.177633e+01
3.198000e-05	-4.554497e-02	1.196681e+01
3.199000e-05	-1.666320e-02	1.216570e+01
3.200000e-05	-2.849851e-02	1.232517e+01
3.201000e-05	-3.243134e-02	1.252412e+01
3.202000e-05	-4.622739e-02	1.263196e+01
3.203000e-05	-3.857598e-02	1.280936e+01
3.204000e-05	-2.881341e-02	1.299823e+01
3.205000e-05	-4.243660e-02	1.310268e+01
3.206000e-05	-4.546908e-02	1.326504e+01
3.207000e-05	-4.766759e-02	1.341986e+01
3.208000e-05	-3.328408e-02	1.353728e+01
3.209000e-05	-4.431331e-02	1.367405e+01
3.210000e-05	-5.397162e-02	1.383142e+01
3.211000e-05	-6.050219e-02	1.396571e+01
3.212000e-05	-5.096198e-02	1.409465e+01
3.213000e-05	-4.817267e-02	1.421041e+01
3.214000e-05	-5.759959e-02	1.435660e+01
3.215000e-05	-6.460106e-02	1.440152e+01
3.216000e-05	-6.225044e-02	1.453515e+01
3.217000e-05	-5.687937e-02	1.463091e+01
3.218000e-05	-6.355002e-02	1.468462e+01
3.219000e-05	-7.238598e-02	1.481891e+01
3.220000e-05	-7.495024e-02	1.485244e+01
3.221000e-05	-7.006227e-02	1.492670e+01
3.222000e-05	-7.324229e-02	1.499928e+01
3.223000e-05	-8.503003e-02	1.505302e+01
3.224000e-05	-9.089902e-02	1.506408e+01
3.225000e-05	-8.743487e-02	1.510826e+01
3.226000e-05	-8.340319e-02	1.519829e+01
3.227000e-05	-9.177994e-02	1.523099e+01
3.228000e-05	-1.016070e-01	1.530350e+01
3.229000e-05	-1.029147e-01	1.529250e+01
3.230000e-05	-1.016708e-01	1.534613e+01
3.231000e-05	-1.072853e-01	1.533425e+01
3.232000e-05	-1.186153e-01	1.534818e+01
3.233000e-05	-1.215425e-01	1.537718e+01
3.234000e-05	-1.227990e-01	1.531831e+01
3.235000e-05	-1.244879e-01	1.536462e+01
3.236000e-05	-1.372092e-01	1.534680e+01
3.237000e-05	-1.499837e-01	1.532665e+01
3.238000e-05	-1.552635e-01	1.529460e+01
3.239000e-05	-1.620499e-01	1.526254e+01
3.240000e-05	-1.782333e-01	1.525139e+01
3.241000e-05	-2.029653e-01	1.517679e+01
3.242000e-05	-2.243551e-01	1.513630e+01
3.243000e-05	-2.438929e-01	1.510662e+01
3.244000e-05	-2.495862e-01	1.505104e+01
3.245000e-05	-2.499898e-01	1.499831e+01
3.246000e-05	-2.499902e-01	1.492367e+01
3.247000e-05	-2.499902e-01	1.486194e+01
3.248000e-05	-2.499903e-01	1.476833e+01
3.249000e-05	-2.499904e-01	1.465269e+01
3.250000e-05	-2.495898e-01	1.459891e+01
3.251000e-05	-2.338044e-01	1.450512e+01
3.252000e-05	-2.016087e-01	1.438881e+01
3.253000e-05	-1.798606e-01	1.429610e+01
3.254000e-05	-1.633643e-01	1.417833e+01
3.255000e-05	-1.470938e-01	1.404149e+01
3.256000e-05	-1.284194e-01	1.394665e+01
3.257000e-05	-1.145955e-01	1.378846e+01
3.258000e-05	-1.083995e-01	1.367309e+01
3.259000e-05	-1.019405e-01	1.353473e+01
3.260000e-05	-9.285362e-02	1.338836e+01
3.261000e-05	-8.271545e-02	1.327114e+01
3.262000e-05	-7.997318e-02	1.307417e+01
3.263000e-05	-7.618981e-02	1.294680e+01
3.264000e-05	-7.203307e-02	1.276984e+01
3.265000e-05	-6.275183e-02	1.262301e+01
3.266000e-05	-5.956910e-02	1.249210e+01
3.267000e-05	-5.908148e-02	1.229457e+01
3.268000e-05	-5.821221e-02	1.214585e+01
3.269000e-05	-5.361032e-02	1.196673e+01
3.270000e-05	-4.917314e-02	1.175791e+01
3.271000e-05	-4.978406e-02	1.155690e+01
3.272000e-05	-4.966384e-02	1.134783e+01
3.273000e-05	-4.519929e-02	1.110722e+01
3.274000e-05	-3.987387e-02	1.093678e+01
3.275000e-05	-3.939089e-02	1.072680e+01
3.276000e-05	-4.045279e-02	1.052635e+01
3.277000e-05	-4.087755e-02	1.033528e+01
3.278000e-05	-3.643117e-02	1.010480e+01
3.279000e-05	-3.568352e-02	9.863115e+00
3.280000e-05	-3.517746e-02	9.652592e+00
3.281000e-05	-3.573905e-02	9.438958e+00
3.282000e-05	-3.082477e-02	9.199009e+00
3.283000e-05	-2.897947e-02	8.978434e+00
3.284000e-05	-2.871221e-02	8.768773e+00
3.285000e-05	-3.043741e-02	8.507298e+00
3.286000e-05	-3.009946e-02	8.294244e+00
3.287000e-05	-2.751231e-02	8.062012e+00
3.288000e-05	-2.551588e-02	7.749478e+00
3.289000e-05	-2.591075e-02	7.536273e+00
3.290000e-05	-2.625161e-02	7.243115e+00
3.291000e-05	-2.467929e-02	7.000031e+00
3.292000e-05	-2.263723e-02	6.728352e+00
3.293000e-05	-2.279641e-02	6.473694e+00
3.294000e-05	-2.374391e-02	6.200585e+00
3.295000e-05	-2.300062e-02	5.978498e+00
3.296000e-05	-2.050669e-02	5.694168e+00
3.297000e-05	-1.986649e-02	5.471134e+00
3.298000e-05	-1.999125e-02	5.115875e+00
3.299000e-05	-1.983183e-02	4.799958e+00
3.300000e-05	-1.957148e-02	4.567874e+00
3.301000e-05	-1.785480e-02	4.313371e+00
3.302000e-05	-1.836404e-02	3.988904e+00
3.303000e-05	-1.902035e-02	3.696318e+00
3.304000e-05	-1.711716e-02	3.471863e+00
3.305000e-05	-1.461330e-02	3.148404e+00
3.306000e-05	-1.425366e-02	2.886314e+00
3.307000e-05	-1.514609e-02	2.581208e+00
3.308000e-05	-1.518433e-02	2.345289e+00
3.309000e-05	-1.404409e-02	2.033683e+00
3.310000e-05	-1.279649e-02	1.759031e+00
3.311000e-05	-1.410136e-02	1.453660e+00
3.312000e-05	-1.276268e-02	1.178948e+00
3.313000e-05	-1.223771e-02	8.422310e-01
3.314000e-05	-9.704975e-03	5.169730e-01
3.315000e-05	-9.550521e-03	3.037167e-01
3.316000e-05	-7.117129e-03	-3.055026e-02
3.317000e-05	-8.675276e-04	-2.825872e-01
3.318000e-05	4.774020e-03	-5.161649e-01
3.319000e-05	-2.725766e-03	-8.399766e-01
3.320000e-05	2.670465e-03	-1.092710e+00
3.321000e-05	-2.752819e-03	-1.369395e+00
3.322000e-05	1.882615e-03	-1.631554e+00
3.323000e-05	1.059319e-02	-1.893637e+00
3.324000e-05	6.692081e-02	-2.072664e+00
3.325000e-05	1.130672e-01	-2.442455e+00
3.326000e-05	-5.249243e-02	-2.851456e+00
3.327000e-05	-3.886730e-03	-3.241077e+00
3.328000e-05	-4.377675e-02	-3.471535e+00
3.329000e-05	-4.063840e-02	-3.660531e+00
3.330000e-05	-9.158638e-02	-3.895116e+00
3.331000e-05	1.603283e-01	-4.032083e+00
3.332000e-05	-8.539289e-02	-4.315614e+00
3.333000e-05	3.604323e-02	-4.620511e+00
3.334000e-05	1.165597e-01	-4.832132e+00
3.335000e-05	-1.553654e-01	-5.249410e+00
3.336000e-05	1.633491e-01	-5.513092e+00
3.337000e-05	-1.480391e-01	-5.796350e+00
3.338000e-05	7.218501e-02	-6.052511e+00
3.339000e-05	6.189697e-02	-6.282512e+00
3.340000e-05	-6.044803e-02	-6.608874e+00
3.341000e-05	1.338357e-01	-6.870959e+00
3.342000e-05	-1.186004e-01	-7.153744e+00
3.343000e-05	1.009758e-01	-7.410379e+00
3.344000e-05	-4.507054e-02	-7.679959e+00
3.345000e-05	2.486682e-02	-7.988253e+00
3.346000e-05	7.583132e-02	-8.177301e+00
3.347000e-05	-6.697183e-02	-8.410461e+00
3.348000e-05	1.325151e-01	-8.652517e+00
3.349000e-05	-9.038425e-02	-8.925619e+00
3.350000e-05	6.967481e-02	-9.155770e+00
3.351000e-05	-2.391195e-02	-9.376627e+00
3.352000e-05	4.644901e-02	-9.619862e+00
3.353000e-05	4.894490e-02	-9.799881e+00
3.354000e-05	-1.178618e-02	-1.000891e+01
3.355000e-05	7.161117e-02	-1.026089e+01
3.356000e-05	-4.034430e-02	-1.053452e+01
3.357000e-05	8.861851e-02	-1.067451e+01
3.358000e-05	-3.385064e-02	-1.090204e+01
3.359000e-05	6.955134e-02	-1.106207e+01
3.360000e-05	-6.135561e-03	-1.128565e+01
3.361000e-05	5.595677e-02	-1.150517e+01
3.362000e-05	2.043488e-02	-1.172255e+01
3.363000e-05	2.575991e-02	-1.194623e+01
3.364000e-05	3.776954e-02	-1.209457e+01
3.365000e-05	2.394715e-02	-1.228267e+01
3.366000e-05	5.926460e-02	-1.245249e+01
3.367000e-05	7.383716e-03	-1.263044e+01
3.368000e-05	5.158513e-02	-1.277834e+01
3.369000e-05	1.507399e-02	-1.297728e+01
3.370000e-05	6.400109e-02	-1.310410e+01
3.371000e-05	2.510929e-02	-1.326047e+01
3.372000e-05	5.501982e-02	-1.337828e+01
3.373000e-05	3.279501e-02	-1.350466e+01
3.374000e-05	5.554990e-02	-1.369457e+01
3.375000e-05	4.283393e-02	-1.382042e+01
3.376000e-05	4.336975e-02	-1.393473e+01
3.377000e-05	4.510678e-02	-1.407250e+01
3.378000e-05	5.122463e-02	-1.419784e+01
3.379000e-05	6.143437e-02	-1.428307e+01
3.380000e-05	5.155321e-02	-1.442994e+01
3.381000e-05	5.815197e-02	-1.456670e+01
3.382000e-05	5.433971e-02	-1.463041e+01
3.383000e-05	7.116548e-02	-1.470552e+01
3.384000e-05	6.118285e-02	-1.481831e+01
3.385000e-05	6.863946e-02	-1.485297e+01
3.386000e-05	6.301225e-02	-1.495670e+01
3.387000e-05	7.614104e-02	-1.504089e+01
3.388000e-05	7.132950e-02	-1.509257e+01
3.389000e-05	7.469593e-02	-1.511563e+01
3.390000e-05	7.490231e-02	-1.518828e+01
3.391000e-05	8.588598e-02	-1.522992e+01
3.392000e-05	9.098089e-02	-1.527257e+01
3.393000e-05	8.938897e-02	-1.530467e+01
3.394000e-05	9.123260e-02	-1.533468e+01
3.395000e-05	9.271419e-02	-1.535731e+01
3.396000e-05	1.027661e-01	-1.539878e+01
3.397000e-05	1.032498e-01	-1.543031e+01
3.398000e-05	1.094097e-01	-1.543091e+01
3.399000e-05	1.113456e-01	-1.540001e+01
3.400000e-05	1.226320e-01	-1.542089e+01
3.401000e-05	1.260280e-01	-1.538833e+01
3.402000e-05	1.310899e-01	-1.535626e+01
3.403000e-05	1.348741e-01	-1.538773e+01
3.404000e-05	1.486915e-01	-1.534668e+01
3.405000e-05	1.643916e-01	-1.527267e+01
3.406000e-05	1.787059e-01	-1.525147e+01
3.407000e-05	1.947511e-01	-1.520986e+01
3.408000e-05	2.188929e-01	-1.519773e+01
3.409000e-05	2.437833e-01	-1.514473e+01
3.410000e-05	2.495888e-01	-1.511349e+01
3.411000e-05	2.499892e-01	-1.498233e+01
3.412000e-05	2.499895e-01	-1.493720e+01
3.413000e-05	2.499899e-01	-1.487397e+01
3.414000e-05	2.499901e-01	-1.480031e+01
3.415000e-05	2.499899e-01	-1.469667e+01
3.416000e-05	2.428266e-01	-1.462094e+01
3.417000e-05	2.158364e-01	-1.449320e+01
3.418000e-05	1.911523e-01	-1.444996e+01
3.419000e-05	1.681139e-01	-1.431520e+01
3.420000e-05	1.465427e-01	-1.420891e+01
3.421000e-05	1.302057e-01	-1.407300e+01
3.422000e-05	1.176649e-01	-1.396677e+01
3.423000e-05	1.076825e-01	-1.384192e+01
3.424000e-05	9.548471e-02	-1.368312e+01
3.425000e-05	8.632273e-02	-1.353477e+01
3.426000e-05	7.908718e-02	-1.341046e+01
3.427000e-05	7.558478e-02	-1.329957e+01
3.428000e-05	6.812032e-02	-1.307665e+01
3.429000e-05	6.053147e-02	-1.298578e+01
3.430000e-05	5.590440e-02	-1.282901e+01
3.431000e-05	5.399671e-02	-1.264154e+01
3.432000e-05	5.137065e-02	-1.249369e+01
3.433000e-05	4.585338e-02	-1.227319e+01
3.434000e-05	4.311772e-02	-1.217378e+01
3.435000e-05	4.123638e-02	-1.194788e+01
3.436000e-05	3.936823e-02	-1.173832e+01
3.437000e-05	3.587414e-02	-1.153378e+01
3.438000e-05	3.171777e-02	-1.135627e+01
3.439000e-05	3.004687e-02	-1.109473e+01
3.440000e-05	2.974548e-02	-1.089422e+01
3.441000e-05	2.889308e-02	-1.070627e+01
3.442000e-05	2.597714e-02	-1.055519e+01
3.443000e-05	2.418069e-02	-1.031472e+01
3.444000e-05	2.395346e-02	-1.008461e+01
3.445000e-05	2.281986e-02	-9.831635e+00
3.446000e-05	2.079698e-02	-9.691562e+00
3.447000e-05	1.784192e-02	-9.430958e+00
3.448000e-05	1.714079e-02	-9.148775e+00
3.449000e-05	1.749873e-02	-8.946902e+00
3.450000e-05	1.509468e-02	-8.725798e+00
3.451000e-05	1.385567e-02	-8.484116e+00
3.452000e-05	1.232174e-02	-8.233063e+00
3.453000e-05	1.375162e-02	-8.020606e+00
3.454000e-05	1.231531e-02	-7.776322e+00
3.455000e-05	1.151661e-02	-7.481690e+00
3.456000e-05	9.155568e-03	-7.228084e+00
3.457000e-05	7.230001e-03	-6.987401e+00
3.458000e-05	7.639260e-03	-6.704167e+00
3.459000e-05	6.085252e-03	-6.441634e+00
3.460000e-05	5.510460e-03	-6.188405e+00
3.461000e-05	4.517165e-03	-5.915315e+00
3.462000e-05	5.097372e-03	-5.691734e+00
3.463000e-05	4.192436e-03	-5.329477e+00
3.464000e-05	2.217010e-03	-5.083214e+00
3.465000e-05	2.074379e-03	-4.748920e+00
3.466000e-05	2.445090e-03	-4.483186e+00
3.467000e-05	1.873507e-03	-4.263186e+00
3.468000e-05	7.132621e-04	-4.010501e+00
3.469000e-05	-1.504351e-03	-3.684261e+00
3.470000e-05	-2.854355e-03	-3.421030e+00
3.471000e-05	-3.602407e-03	-3.157997e+00
3.472000e-05	-2.217770e-03	-2.852606e+00
3.473000e-05	-2.695247e-03	-2.589496e+00
3.474000e-05	-1.908859e-03	-2.315264e+00
3.475000e-05	-2.340203e-03	-1.990546e+00
3.476000e-05	-3.062010e-03	-1.765363e+00
3.477000e-05	-5.284908e-03	-1.462233e+00
3.478000e-05	-8.204217e-03	-1.096314e+00
3.479000e-05	-6.837829e-03	-8.516010e-01
3.480000e-05	-7.636190e-03	-5.278703e-01
3.481000e-05	-5.480152e-03	-2.647536e-01
3.482000e-05	-3.270085e-03	-1.050742e-03
3.483000e-05	9.528270e-03	2.941675e-01
3.484000e-05	-1.086217e-04	5.568464e-01
3.485000e-05	5.089689e-03	8.194318e-01
3.486000e-05	-1.407860e-03	1.113814e+00
3.487000e-05	-3.823698e-04	1.357373e+00
3.488000e-05	-2.924616e-03	1.665191e+00
3.489000e-05	8.218828e-03	1.946216e+00
3.490000e-05	3.971727e-02	2.147295e+00
3.491000e-05	1.045849e-01	2.492490e+00
3.492000e-05	-1.821189e-02	2.790428e+00
3.493000e-05	-4.055236e-02	3.075689e+00
3.494000e-05	-3.446858e-02	3.387806e+00
3.495000e-05	-2.759152e-02	3.642113e+00
3.496000e-05	-7.531553e-02	3.822113e+00
3.497000e-05	-3.976890e-02	4.053961e+00
3.498000e-05	1.079702e-01	4.408427e+00
3.499000e-05	-8.839871e-02	4.652112e+00
3.500000e-05	7.045154e-02	4.842564e+00
3.501000e-05	5.071518e-02	5.230485e+00
3.502000e-05	-1.106628e-01	5.505245e+00
3.503000e-05	6.550176e-02	5.769312e+00
3.504000e-05	-7.313849e-02	6.052536e+00
3.505000e-05	5.354504e-02	6.283669e+00
3.506000e-05	-1.953046e-02	6.610859e+00
3.507000e-05	-3.053854e-02	6.862615e+00
3.508000e-05	2.365176e-02	7.085144e+00
3.509000e-05	-4.951135e-02	7.387956e+00
3.510000e-05	2.638098e-02	7.653513e+00
3.511000e-05	-7.130205e-02	7.947753e+00
3.512000e-05	3.423042e-02	8.220883e+00
3.513000e-05	-6.143882e-03	8.441488e+00
3.514000e-05	-2.244749e-02	8.681988e+00
3.515000e-05	7.769297e-03	8.864640e+00
3.516000e-05	-6.983652e-02	9.115773e+00
3.517000e-05	1.421699e-02	9.356750e+00
3.518000e-05	-3.040889e-02	9.557875e+00
3.519000e-05	6.583644e-03	9.830411e+00
3.520000e-05	-4.323959e-02	1.005244e+01
3.521000e-05	-6.273712e-03	1.025207e+01
3.522000e-05	-1.315858e-02	1.042302e+01
3.523000e-05	-3.091090e-02	1.067207e+01
3.524000e-05	-2.179146e-02	1.088212e+01
3.525000e-05	-4.360034e-02	1.105257e+01
3.526000e-05	-4.417960e-03	1.128652e+01
3.527000e-05	-3.367738e-02	1.150302e+01
3.528000e-05	-2.106754e-02	1.169465e+01
3.529000e-05	-4.855939e-02	1.186459e+01
3.530000e-05	-2.026283e-02	1.206352e+01
3.531000e-05	-2.854502e-02	1.221199e+01
3.532000e-05	-2.858630e-02	1.239997e+01
3.533000e-05	-4.311464e-02	1.259785e+01
3.534000e-05	-4.244841e-02	1.273678e+01
3.535000e-05	-2.957923e-02	1.292510e+01
3.536000e-05	-3.977006e-02	1.307304e+01
3.537000e-05	-4.105489e-02	1.322846e+01
3.538000e-05	-5.140989e-02	1.334833e+01
3.539000e-05	-3.385541e-02	1.348317e+01
3.540000e-05	-4.401119e-02	1.365194e+01
3.541000e-05	-4.703723e-02	1.376785e+01
3.542000e-05	-6.081852e-02	1.391353e+01
3.543000e-05	-5.243897e-02	1.403149e+01
3.544000e-05	-5.025471e-02	1.415727e+01
3.545000e-05	-5.361042e-02	1.431397e+01
3.546000e-05	-6.210763e-02	1.439932e+01
3.547000e-05	-6.449156e-02	1.449315e+01
3.548000e-05	-5.619334e-02	1.456988e+01
3.549000e-05	-6.332066e-02	1.467517e+01
3.550000e-05	-6.784771e-02	1.478835e+01
3.551000e-05	-7.642989e-02	1.482084e+01
3.552000e-05	-6.984487e-02	1.487568e+01
3.553000e-05	-7.237830e-02	1.497831e+01
3.554000e-05	-8.043607e-02	1.502044e+01
3.555000e-05	-8.917976e-02	1.506360e+01
3.556000e-05	-8.979537e-02	1.510616e+01
3.557000e-05	-8.323740e-02	1.518834e+01
3.558000e-05	-8.963274e-02	1.519992e+01
3.559000e-05	-9.770739e-02	1.526245e+01
3.560000e-05	-1.032576e-01	1.532457e+01
3.561000e-05	-9.997365e-02	1.534510e+01
3.562000e-05	-1.045712e-01	1.537618e+01
3.563000e-05	-1.156435e-01	1.535726e+01
3.564000e-05	-1.211604e-01	1.533828e+01
3.565000e-05	-1.228650e-01	1.534613e+01
3.566000e-05	-1.212129e-01	1.535671e+01
3.567000e-05	-1.337261e-01	1.535560e+01
3.568000e-05	-1.445053e-01	1.534473e+01
3.569000e-05	-1.536093e-01	1.528452e+01
3.570000e-05	-1.574191e-01	1.527452e+01
3.571000e-05	-1.724564e-01	1.523094e+01
3.572000e-05	-1.931249e-01	1.522984e+01
3.573000e-05	-2.159578e-01	1.516724e+01
3.574000e-05	-2.367497e-01	1.512620e+01
3.575000e-05	-2.485322e-01	1.507410e+01
3.576000e-05	-2.499895e-01	1.504891e+01
3.577000e-05	-2.499901e-01	1.494727e+01
3.578000e-05	-2.499903e-01	1.488312e+01
3.579000e-05	-2.499902e-01	1.477841e+01
3.580000e-05	-2.499904e-01	1.471678e+01
3.581000e-05	-2.499906e-01	1.463902e+01
3.582000e-05	-2.426670e-01	1.453625e+01
3.583000e-05	-2.126605e-01	1.442242e+01
3.584000e-05	-1.868194e-01	1.433523e+01
3.585000e-05	-1.686954e-01	1.420951e+01
3.586000e-05	-1.526246e-01	1.407460e+01
3.587000e-05	-1.339197e-01	1.398783e+01
3.588000e-05	-1.203377e-01	1.386307e+01
3.589000e-05	-1.107966e-01	1.371518e+01
3.590000e-05	-1.058432e-01	1.356786e+01
3.591000e-05	-9.552358e-02	1.346257e+01
3.592000e-05	-8.599001e-02	1.329570e+01
3.593000e-05	-7.927878e-02	1.312738e+01
3.594000e-05	-7.794077e-02	1.299996e+01
3.595000e-05	-7.359175e-02	1.288311e+01
3.596000e-05	-6.683350e-02	1.269369e+01
3.597000e-05	-6.157402e-02	1.254678e+01
3.598000e-05	-6.013686e-02	1.236783e+01
3.599000e-05	-5.946235e-02	1.220844e+01
3.600000e-05	-5.418035e-02	1.201041e+01
3.601000e-05	-4.941307e-02	1.180956e+01
3.602000e-05	-4.845149e-02	1.165005e+01
3.603000e-05	-5.005257e-02	1.139197e+01
3.604000e-05	-4.705799e-02	1.119848e+01
3.605000e-05	-4.266539e-02	1.098146e+01
3.606000e-05	-4.021351e-02	1.082149e+01
3.607000e-05	-4.045258e-02	1.062004e+01
3.608000e-05	-4.147855e-02	1.040996e+01
3.609000e-05	-3.620069e-02	1.017993e+01
3.610000e-05	-3.519264e-02	9.968428e+00
3.611000e-05	-3.384197e-02	9.736771e+00
3.612000e-05	-3.728941e-02	9.494700e+00
3.613000e-05	-3.307261e-02	9.294747e+00
3.614000e-05	-3.054191e-02	9.065117e+00
3.615000e-05	-2.854891e-02	8.821434e+00
3.616000e-05	-3.072579e-02	8.629883e+00
3.617000e-05	-2.990283e-02	8.327926e+00
3.618000e-05	-2.782143e-02	8.157323e+00
3.619000e-05	-2.510638e-02	7.882793e+00
3.620000e-05	-2.589375e-02	7.639559e+00
3.621000e-05	-2.784118e-02	7.317849e+00
3.622000e-05	-2.493821e-02	7.083242e+00
3.623000e-05	-2.308203e-02	6.821586e+00
3.624000e-05	-2.237152e-02	6.589473e+00
3.625000e-05	-2.442976e-02	6.294769e+00
3.626000e-05	-2.285327e-02	6.075187e+00
3.627000e-05	-2.097720e-02	5.780611e+00
3.628000e-05	-1.932822e-02	5.517318e+00
3.629000e-05	-2.054023e-02	5.253166e+00
3.630000e-05	-2.116643e-02	4.957289e+00
3.631000e-05	-1.956819e-02	4.620581e+00
3.632000e-05	-1.739320e-02	4.379001e+00
3.633000e-05	-1.769444e-02	4.133290e+00
3.634000e-05	-1.862047e-02	3.800630e+00
3.635000e-05	-1.751001e-02	3.547923e+00
3.636000e-05	-1.459289e-02	3.232665e+00
3.637000e-05	-1.433134e-02	2.978573e+00
3.638000e-05	-1.585840e-02	2.737918e+00
3.639000e-05	-1.602283e-02	2.429102e+00
3.640000e-05	-1.368050e-02	2.086919e+00
3.641000e-05	-1.254675e-02	1.902761e+00
3.642000e-05	-1.387502e-02	1.558971e+00
3.643000e-05	-1.387101e-02	1.283814e+00
3.644000e-05	-1.185038e-02	9.379968e-01
3.645000e-05	-9.651508e-03	6.732087e-01
3.646000e-05	-9.460580e-03	3.810769e-01
3.647000e-05	-8.923735e-03	9.528371e-02
3.648000e-05	-5.771336e-03	-1.978703e-01
3.649000e-05	8.244319e-03	-4.100005e-01
3.650000e-05	-4.015166e-03	-6.877386e-01
3.651000e-05	4.301219e-03	-9.573189e-01
3.652000e-05	-4.694237e-03	-1.232507e+00
3.653000e-05	3.277700e-03	-1.537820e+00
3.654000e-05	1.690214e-03	-1.817850e+00
3.655000e-05	3.923708e-02	-2.060973e+00
3.656000e-05	1.202688e-01	-2.304062e+00
3.657000e-05	3.438582e-03	-2.662085e+00
3.658000e-05	-3.527911e-02	-3.063981e+00
3.659000e-05	-1.875224e-02	-3.368372e+00
3.660000e-05	-4.132105e-02	-3.577824e+00
3.661000e-05	-9.069440e-02	-3.819904e+00
3.662000e-05	6.127556e-02	-3.989423e+00
3.663000e-05	7.151334e-02	-4.209405e+00
3.664000e-05	-1.201372e-01	-4.535321e+00
3.665000e-05	2.114545e-01	-4.746748e+00
3.666000e-05	-1.360895e-01	-5.093086e+00
3.667000e-05	7.630068e-02	-5.389961e+00
3.668000e-05	-9.529614e-03	-5.611910e+00
3.669000e-05	-9.459616e-02	-5.957899e+00
3.670000e-05	1.682221e-01	-6.168805e+00
3.671000e-05	-1.104097e-01	-6.484586e+00
3.672000e-05	1.281815e-01	-6.746876e+00
3.673000e-05	-4.907452e-02	-7.018805e+00
3.674000e-05	1.635721e-03	-7.277665e+00
3.675000e-05	6.438203e-02	-7.555699e+00
3.676000e-05	-7.636947e-02	-7.831907e+00
3.677000e-05	1.370148e-01	-8.073644e+00
3.678000e-05	-8.172667e-02	-8.315691e+00
3.679000e-05	9.565430e-02	-8.629254e+00
3.680000e-05	-9.922512e-03	-8.818008e+00
3.681000e-05	-1.891896e-02	-9.062013e+00
3.682000e-05	5.991842e-02	-9.292014e+00
3.683000e-05	-3.622822e-02	-9.535098e+00
3.684000e-05	1.139907e-01	-9.757672e+00
3.685000e-05	-4.924899e-02	-9.947272e+00
3.686000e-05	8.797682e-02	-1.017983e+01
3.687000e-05	-3.709729e-02	-1.039988e+01
3.688000e-05	6.088325e-02	-1.062900e+01
3.689000e-05	7.040837e-03	-1.075888e+01
3.690000e-05	2.259843e-02	-1.099884e+01
3.691000e-05	4.175739e-02	-1.116841e+01
3.692000e-05	7.614404e-03	-1.143004e+01
3.693000e-05	6.447666e-02	-1.162943e+01
3.694000e-05	-8.950988e-03	-1.184246e+01
3.695000e-05	6.082549e-02	-1.203091e+01
3.696000e-05	2.280849e-03	-1.219943e+01
3.697000e-05	7.009342e-02	-1.239836e+01
3.698000e-05	1.051828e-02	-1.255778e+01
3.699000e-05	4.605376e-02	-1.275620e+01
3.700000e-05	2.138672e-02	-1.285354e+01
3.701000e-05	4.731250e-02	-1.303296e+01
3.702000e-05	4.259097e-02	-1.321786e+01
3.703000e-05	3.936245e-02	-1.334810e+01
3.704000e-05	4.878509e-02	-1.349149e+01
3.705000e-05	3.817556e-02	-1.364197e+01
3.706000e-05	5.692063e-02	-1.378673e+01
3.707000e-05	3.336455e-02	-1.388455e+01
3.708000e-05	5.270681e-02	-1.401089e+01
3.709000e-05	4.141416e-02	-1.415673e+01
3.710000e-05	6.569788e-02	-1.429209e+01
3.711000e-05	5.133963e-02	-1.437776e+01
3.712000e-05	5.984508e-02	-1.451507e+01
3.713000e-05	5.042873e-02	-1.458928e+01
3.714000e-05	6.525447e-02	-1.462251e+01
3.715000e-05	6.360743e-02	-1.476630e+01
3.716000e-05	6.686535e-02	-1.487189e+01
3.717000e-05	6.540558e-02	-1.492410e+01
3.718000e-05	7.043616e-02	-1.498826e+01
3.719000e-05	7.490819e-02	-1.506255e+01
3.720000e-05	7.267024e-02	-1.513563e+01
3.721000e-05	7.633429e-02	-1.514773e+01
3.722000e-05	7.799407e-02	-1.515839e+01
3.723000e-05	9.101539e-02	-1.526197e+01
3.724000e-05	8.963697e-02	-1.530260e+01
3.725000e-05	9.239389e-02	-1.535620e+01
3.726000e-05	8.930776e-02	-1.537715e+01
3.727000e-05	9.916305e-02	-1.534880e+01
3.728000e-05	1.027035e-01	-1.540891e+01
3.729000e-05	1.087234e-01	-1.541031e+01
3.730000e-05	1.092785e-01	-1.542094e+01
3.731000e-05	1.168567e-01	-1.543836e+01
3.732000e-05	1.244090e-01	-1.540888e+01
3.733000e-05	1.289864e-01	-1.536783e+01
3.734000e-05	1.341997e-01	-1.540631e+01
3.735000e-05	1.426804e-01	-1.535623e+01
3.736000e-05	1.577604e-01	-1.531417e+01
3.737000e-05	1.727861e-01	-1.531264e+01
3.738000e-05	1.884604e-01	-1.525049e+01
3.739000e-05	2.091692e-01	-1.519784e+01
3.740000e-05	2.346329e-01	-1.515720e+01
3.741000e-05	2.492618e-01	-1.510362e+01
3.742000e-05	2.499889e-01	-1.503047e+01
3.743000e-05	2.499894e-01	-1.497836e+01
3.744000e-05	2.499898e-01	-1.492215e+01
3.745000e-05	2.499901e-01	-1.484936e+01
3.746000e-05	2.499899e-01	-1.472671e+01
3.747000e-05	2.480165e-01	-1.467314e+01
3.748000e-05	2.272275e-01	-1.455591e+01
3.749000e-05	2.019755e-01	-1.447162e+01
3.750000e-05	1.749869e-01	-1.436633e+01
3.751000e-05	1.544994e-01	-1.425002e+01
3.752000e-05	1.320489e-01	-1.415563e+01
3.753000e-05	1.218938e-01	-1.399884e+01
3.754000e-05	1.106997e-01	-1.387099e+01
3.755000e-05	1.025385e-01	-1.376523e+01
3.756000e-05	9.071076e-02	-1.359843e+01
3.757000e-05	8.380715e-02	-1.347302e+01
3.758000e-05	7.639965e-02	-1.334422e+01
3.759000e-05	7.050922e-02	-1.314930e+01
3.760000e-05	6.232813e-02	-1.302144e+01
3.761000e-05	5.685376e-02	-1.286214e+01
3.762000e-05	5.402522e-02	-1.273665e+01
3.763000e-05	5.249221e-02	-1.255485e+01
3.764000e-05	5.000464e-02	-1.233838e+01
3.765000e-05	4.515858e-02	-1.221953e+01
3.766000e-05	4.154161e-02	-1.203048e+01
3.767000e-05	3.910384e-02	-1.181146e+01
3.768000e-05	3.681708e-02	-1.164043e+01
3.769000e-05	3.296301e-02	-1.141096e+01
3.770000e-05	3.029582e-02	-1.116796e+01
3.771000e-05	2.942127e-02	-1.097880e+01
3.772000e-05	2.874025e-02	-1.080835e+01
3.773000e-05	2.776351e-02	-1.058843e+01
3.774000e-05	2.542256e-02	-1.036793e+01
3.775000e-05	2.396247e-02	-1.018690e+01
3.776000e-05	2.248857e-02	-9.946222e+00
3.777000e-05	2.201077e-02	-9.746724e+00
3.778000e-05	1.863556e-02	-9.525192e+00
3.779000e-05	1.685530e-02	-9.283639e+00
3.780000e-05	1.637027e-02	-9.042684e+00
3.781000e-05	1.605826e-02	-8.840485e+00
3.782000e-05	1.481639e-02	-8.589381e+00
3.783000e-05	1.276121e-02	-8.296749e+00
3.784000e-05	1.332170e-02	-8.145695e+00
3.785000e-05	1.209728e-02	-7.842564e+00
3.786000e-05	1.208154e-02	-7.548902e+00
3.787000e-05	8.985816e-03	-7.286771e+00
3.788000e-05	8.271728e-03	-7.074167e+00
3.789000e-05	7.464492e-03	-6.788951e+00
3.790000e-05	6.264236e-03	-6.577297e+00
3.791000e-05	6.415815e-03	-6.294240e+00
3.792000e-05	3.918721e-03	-5.992507e+00
3.793000e-05	4.006341e-03	-5.788348e+00
3.794000e-05	5.577894e-03	-5.493217e+00
3.795000e-05	3.627663e-03	-5.190999e+00
3.796000e-05	2.694801e-03	-4.874711e+00
3.797000e-05	1.155662e-03	-4.577944e+00
3.798000e-05	1.852465e-03	-4.346894e+00
3.799000e-05	1.597168e-03	-4.084733e+00
3.800000e-05	-1.257451e-03	-3.779029e+00
3.801000e-05	-2.883762e-03	-3.537868e+00
3.802000e-05	-3.266006e-03	-3.244605e+00
3.803000e-05	-1.139867e-03	-2.958923e+00
3.804000e-05	-2.358108e-03	-2.703758e+00
3.805000e-05	-2.044923e-03	-2.391005e+00
3.806000e-05	-4.230383e-03	-2.155818e+00
3.807000e-05	-2.660174e-03	-1.873081e+00
3.808000e-05	-4.610780e-03	-1.585996e+00
3.809000e-05	-6.846013e-03	-1.242000e+00
3.810000e-05	-7.766294e-03	-9.469166e-01
3.811000e-05	-5.901875e-03	-6.837071e-01
3.812000e-05	-5.064128e-03	-3.469445e-01
3.813000e-05	-4.705808e-03	-1.067626e-01
3.814000e-05	3.645468e-03	1.878981e-01
3.815000e-05	4.295559e-03	4.421858e-01
3.816000e-05	1.278976e-03	6.956863e-01
3.817000e-05	3.284789e-03	9.478982e-01
3.818000e-05	-2.233934e-03	1.262115e+00
3.819000e-05	-2.950759e-03	1.547352e+00
3.820000e-05	2.236530e-03	1.842085e+00
3.821000e-05	2.254804e-02	2.063707e+00
3.822000e-05	9.034481e-02	2.316718e+00
3.823000e-05	4.620022e-02	2.653519e+00
3.824000e-05	-5.936284e-02	2.978873e+00
3.825000e-05	-2.561212e-02	3.242086e+00
3.826000e-05	-3.911935e-02	3.578327e+00
3.827000e-05	-4.664346e-02	3.789899e+00
3.828000e-05	-8.287135e-02	3.988007e+00
3.829000e-05	6.970160e-02	4.231038e+00
3.830000e-05	1.448089e-02	4.606804e+00
3.831000e-05	-6.034369e-02	4.778480e+00
3.832000e-05	1.599570e-01	5.094990e+00
3.833000e-05	-1.341949e-01	5.420983e+00
3.834000e-05	4.077235e-02	5.661644e+00
3.835000e-05	-3.167164e-02	5.969324e+00
3.836000e-05	-8.287971e-03	6.189408e+00
3.837000e-05	4.186147e-02	6.474641e+00
3.838000e-05	-6.955898e-02	6.777353e+00
3.839000e-05	4.271519e-02	6.979483e+00
3.840000e-05	-5.140266e-02	7.283617e+00
3.841000e-05	1.972082e-02	7.566827e+00
3.842000e-05	-4.588169e-02	7.849463e+00
3.843000e-05	-9.214177e-03	8.123123e+00
3.844000e-05	2.762410e-02	8.356751e+00
3.845000e-05	-3.876935e-02	8.547251e+00
3.846000e-05	1.356490e-02	8.788856e+00
3.847000e-05	-5.229415e-02	9.050440e+00
3.848000e-05	-1.830552e-02	9.233010e+00
3.849000e-05	-4.925836e-03	9.463616e+00
3.850000e-05	-1.072298e-02	9.735068e+00
3.851000e-05	-1.734243e-02	9.956802e+00
3.852000e-05	-2.916321e-02	1.014773e+01
3.853000e-05	-6.888274e-04	1.034875e+01
3.854000e-05	-3.229727e-02	1.059818e+01
3.855000e-05	-2.389949e-02	1.075991e+01
3.856000e-05	-3.776315e-02	1.099838e+01
3.857000e-05	-2.155851e-02	1.119836e+01
3.858000e-05	-1.512370e-02	1.141939e+01
3.859000e-05	-3.111143e-02	1.163943e+01
3.860000e-05	-3.351523e-02	1.180188e+01
3.861000e-05	-3.552449e-02	1.198891e+01
3.862000e-05	-1.953911e-02	1.220828e+01
3.863000e-05	-3.037400e-02	1.238735e+01
3.864000e-05	-3.770268e-02	1.249575e+01
3.865000e-05	-4.556195e-02	1.269260e+01
3.866000e-05	-3.401797e-02	1.287189e+01
3.867000e-05	-3.394047e-02	1.299041e+01
3.868000e-05	-4.246461e-02	1.316578e+01
3.869000e-05	-4.800963e-02	1.328615e+01
3.870000e-05	-3.865513e-02	1.344204e+01
3.871000e-05	-3.723997e-02	1.358834e+01
3.872000e-05	-4.485454e-02	1.371463e+01
3.873000e-05	-5.992917e-02	1.388242e+01
3.874000e-05	-5.593365e-02	1.401831e+01
3.875000e-05	-5.135034e-02	1.412408e+01
3.876000e-05	-4.983194e-02	1.425097e+01
3.877000e-05	-6.180522e-02	1.435623e+01
3.878000e-05	-6.396351e-02	1.446197e+01
3.879000e-05	-5.895270e-02	1.456728e+01
3.880000e-05	-5.834481e-02	1.464149e+01
3.881000e-05	-6.586515e-02	1.472715e+01
3.882000e-05	-7.493907e-02	1.480841e+01
3.883000e-05	-7.293289e-02	1.485304e+01
3.884000e-05	-7.106191e-02	1.493625e+01
3.885000e-05	-7.709149e-02	1.499083e+01
3.886000e-05	-8.762618e-02	1.510152e+01
3.887000e-05	-9.016021e-02	1.510565e+01
3.888000e-05	-8.428197e-02	1.517923e+01
3.889000e-05	-8.569803e-02	1.520039e+01
3.890000e-05	-9.344568e-02	1.526097e+01
3.891000e-05	-1.027127e-01	1.532507e+01
3.892000e-05	-1.010823e-01	1.531520e+01
3.893000e-05	-1.037190e-01	1.534815e+01
3.894000e-05	-1.100280e-01	1.534565e+01
3.895000e-05	-1.204767e-01	1.537733e+01
3.896000e-05	-1.215135e-01	1.533731e+01
3.897000e-05	-1.214196e-01	1.536618e+01
3.898000e-05	-1.268931e-01	1.533833e+01
3.899000e-05	-1.408507e-01	1.532668e+01
3.900000e-05	-1.513825e-01	1.531413e+01
3.901000e-05	-1.554116e-01	1.531452e+01
3.902000e-05	-1.663245e-01	1.526047e+01
3.903000e-05	-1.846612e-01	1.522183e+01
3.904000e-05	-2.081882e-01	1.517931e+01
3.905000e-05	-2.286109e-01	1.514568e+01
3.906000e-05	-2.462452e-01	1.506260e+01
3.907000e-05	-2.496892e-01	1.498199e+01
3.908000e-05	-2.499899e-01	1.492780e+01
3.909000e-05	-2.499904e-01	1.487360e+01
3.910000e-05	-2.499902e-01	1.480989e+01
3.911000e-05	-2.499903e-01	1.474578e+01
3.912000e-05	-2.499905e-01	1.466309e+01
3.913000e-05	-2.481804e-01	1.457839e+01
3.914000e-05	-2.240791e-01	1.450312e+01
3.915000e-05	-1.947781e-01	1.435926e+01
3.916000e-05	-1.746952e-01	1.425357e+01
3.917000e-05	-1.592048e-01	1.415576e+01
3.918000e-05	-1.416074e-01	1.400094e+01
3.919000e-05	-1.245597e-01	1.387507e+01
3.920000e-05	-1.139487e-01	1.374883e+01
3.921000e-05	-1.082671e-01	1.364249e+01
3.922000e-05	-1.001826e-01	1.348462e+01
3.923000e-05	-8.939045e-02	1.335728e+01
3.924000e-05	-8.127266e-02	1.321102e+01
3.925000e-05	-7.909054e-02	1.307209e+01
3.926000e-05	-7.505362e-02	1.290515e+01
3.927000e-05	-7.027328e-02	1.276481e+01
3.928000e-05	-6.216039e-02	1.261138e+01
3.929000e-05	-6.084623e-02	1.242109e+01
3.930000e-05	-5.970178e-02	1.225166e+01
3.931000e-05	-5.660589e-02	1.208212e+01
3.932000e-05	-5.173209e-02	1.188573e+01
3.933000e-05	-4.951745e-02	1.174420e+01
3.934000e-05	-4.918255e-02	1.151475e+01
3.935000e-05	-4.723714e-02	1.127312e+01
3.936000e-05	-4.445533e-02	1.107417e+01
3.937000e-05	-4.052467e-02	1.087480e+01
3.938000e-05	-4.158840e-02	1.070519e+01
3.939000e-05	-4.016296e-02	1.047217e+01
3.940000e-05	-3.890698e-02	1.025364e+01
3.941000e-05	-3.541965e-02	1.004967e+01
3.942000e-05	-3.454228e-02	9.811988e+00
3.943000e-05	-3.490483e-02	9.579438e+00
3.944000e-05	-3.417034e-02	9.349329e+00
3.945000e-05	-3.191328e-02	9.166399e+00
3.946000e-05	-3.043206e-02	8.927252e+00
3.947000e-05	-3.020204e-02	8.665192e+00
3.948000e-05	-2.992106e-02	8.451645e+00
3.949000e-05	-2.817543e-02	8.221585e+00
3.950000e-05	-2.628660e-02	7.957357e+00
3.951000e-05	-2.640441e-02	7.746294e+00
3.952000e-05	-2.634530e-02	7.423140e+00
3.953000e-05	-2.534185e-02	7.178903e+00
3.954000e-05	-2.444540e-02	6.947372e+00
3.955000e-05	-2.379097e-02	6.665690e+00
3.956000e-05	-2.360990e-02	6.410929e+00
3.957000e-05	-2.268309e-02	6.157848e+00
3.958000e-05	-2.119464e-02	5.916340e+00
3.959000e-05	-2.017561e-02	5.611081e+00
3.960000e-05	-2.023609e-02	5.357927e+00
3.961000e-05	-1.962798e-02	5.033661e+00
3.962000e-05	-1.963785e-02	4.756372e+00
3.963000e-05	-1.898647e-02	4.435214e+00
3.964000e-05	-1.869614e-02	4.222053e+00
3.965000e-05	-1.809628e-02	3.935814e+00
3.966000e-05	-1.781277e-02	3.634135e+00
3.967000e-05	-1.550213e-02	3.367573e+00
3.968000e-05	-1.507232e-02	3.093266e+00
3.969000e-05	-1.448352e-02	2.853054e+00
3.970000e-05	-1.533111e-02	2.506322e+00
3.971000e-05	-1.444708e-02	2.221113e+00
3.972000e-05	-1.392580e-02	1.979473e+00
3.973000e-05	-1.255631e-02	1.662809e+00
3.974000e-05	-1.260957e-02	1.400448e+00
3.975000e-05	-1.285662e-02	1.085336e+00
3.976000e-05	-1.110032e-02	7.669919e-01
3.977000e-05	-1.044135e-02	4.942401e-01
3.978000e-05	-9.131182e-03	2.205769e-01
3.979000e-05	-6.971149e-03	-8.410591e-02
3.980000e-05	3.627468e-03	-3.158412e-01
3.981000e-05	1.378165e-03	-6.203770e-01
3.982000e-05	6.491189e-04	-8.836335e-01
3.983000e-05	4.796904e-05	-1.105219e+00
3.984000e-05	-3.283808e-04	-1.483683e+00
3.985000e-05	-1.881211e-04	-1.724714e+00
3.986000e-05	1.882023e-02	-1.897216e+00
3.987000e-05	8.983156e-02	-2.125818e+00
3.988000e-05	7.881763e-02	-2.525190e+00
3.989000e-05	-5.949219e-02	-2.945692e+00
3.990000e-05	9.317988e-04	-3.304590e+00
3.991000e-05	-4.880775e-02	-3.484141e+00
3.992000e-05	-5.488429e-02	-3.714695e+00
3.993000e-05	-5.144172e-02	-3.946765e+00
3.994000e-05	1.682802e-01	-4.124216e+00
3.995000e-05	-1.555249e-01	-4.439428e+00
3.996000e-05	1.344935e-01	-4.714690e+00
3.997000e-05	1.265160e-02	-4.936266e+00
3.998000e-05	-8.420766e-02	-5.364219e+00
3.999000e-05	1.326732e-01	-5.527824e+00
4.000000e-05	-1.818376e-01	-5.872010e+00
4.001000e-05	1.558167e-01	-6.086094e+00
4.002000e-05	-2.895940e-02	-6.357151e+00
4.003000e-05	1.760857e-02	-6.684036e+00
4.004000e-05	7.550170e-02	-6.892094e+00
4.005000e-05	-1.026711e-01	-7.229386e+00
4.006000e-05	1.217161e-01	-7.472037e+00
4.007000e-05	-9.182306e-02	-7.754600e+00
4.008000e-05	9.647165e-02	-8.049956e+00
4.009000e-05	3.919560e-03	-8.240884e+00
4.010000e-05	-6.283142e-03	-8.504594e+00
4.011000e-05	9.768415e-02	-8.764699e+00
4.012000e-05	-9.276365e-02	-8.998359e+00
4.013000e-05	9.317873e-02	-9.167301e+00
4.014000e-05	-5.760014e-02	-9.419381e+00
4.015000e-05	9.742204e-02	-9.672562e+00
4.016000e-05	-4.216645e-03	-9.870988e+00
4.017000e-05	3.744643e-02	-1.011459e+01
4.018000e-05	2.931106e-02	-1.032257e+01
4.019000e-05	-5.838577e-03	-1.056715e+01
4.020000e-05	6.724560e-02	-1.074515e+01
4.021000e-05	-2.966804e-02	-1.092568e+01
4.022000e-05	7.457089e-02	-1.113612e+01
4.023000e-05	-1.860789e-02	-1.138625e+01
4.024000e-05	7.873753e-02	-1.158681e+01
4.025000e-05	-4.485852e-03	-1.175568e+01
4.026000e-05	5.098560e-02	-1.199828e+01
4.027000e-05	1.684694e-02	-1.215718e+01
4.028000e-05	4.750854e-02	-1.231508e+01
4.029000e-05	3.847214e-02	-1.253500e+01
4.030000e-05	2.016035e-02	-1.270262e+01
4.031000e-05	4.322713e-02	-1.283194e+01
4.032000e-05	2.256150e-02	-1.298783e+01
4.033000e-05	6.095801e-02	-1.314470e+01
4.034000e-05	2.518352e-02	-1.332505e+01
4.035000e-05	5.946959e-02	-1.342046e+01
4.036000e-05	3.082671e-02	-1.358686e+01
4.037000e-05	6.163952e-02	-1.376565e+01
4.038000e-05	3.502685e-02	-1.386202e+01
4.039000e-05	4.860627e-02	-1.397876e+01
4.040000e-05	4.067193e-02	-1.412400e+01
4.041000e-05	5.881003e-02	-1.422039e+01
4.042000e-05	5.675151e-02	-1.433561e+01
4.043000e-05	5.528739e-02	-1.445294e+01
4.044000e-05	5.576859e-02	-1.457620e+01
4.045000e-05	5.897527e-02	-1.464201e+01
4.046000e-05	6.968381e-02	-1.472520e+01
4.047000e-05	6.268983e-02	-1.484186e+01
4.048000e-05	6.760435e-02	-1.489504e+01
4.049000e-05	6.493225e-02	-1.497775e+01
4.050000e-05	7.680398e-02	-1.505199e+01
4.051000e-05	7.115101e-02	-1.510357e+01
4.052000e-05	7.607928e-02	-1.515573e+01
4.053000e-05	7.593164e-02	-1.522931e+01
4.054000e-05	8.875954e-02	-1.526144e+01
4.055000e-05	8.948496e-02	-1.532160e+01
4.056000e-05	9.082450e-02	-1.533367e+01
4.057000e-05	8.975794e-02	-1.534673e+01
4.058000e-05	9.464108e-02	-1.536783e+01
4.059000e-05	1.032356e-01	-1.539883e+01
4.060000e-05	1.044874e-01	-1.538786e+01
4.061000e-05	1.093130e-01	-1.544088e+01
4.062000e-05	1.130095e-01	-1.543934e+01
4.063000e-05	1.240379e-01	-1.540993e+01
4.064000e-05	1.265457e-01	-1.541878e+01
4.065000e-05	1.321984e-01	-1.539978e+01
4.066000e-05	1.375152e-01	-1.535473e+01
4.067000e-05	1.521615e-01	-1.534467e+01
4.068000e-05	1.666582e-01	-1.533315e+01
4.069000e-05	1.824358e-01	-1.528199e+01
4.070000e-05	1.993591e-01	-1.524046e+01
4.071000e-05	2.261547e-01	-1.516778e+01
4.072000e-05	2.471190e-01	-1.513412e+01
4.073000e-05	2.499890e-01	-1.507097e+01
4.074000e-05	2.499891e-01	-1.500843e+01
4.075000e-05	2.499894e-01	-1.492465e+01
4.076000e-05	2.499898e-01	-1.489139e+01
4.077000e-05	2.499899e-01	-1.478778e+01
4.078000e-05	2.497898e-01	-1.465264e+01
4.079000e-05	2.370866e-01	-1.463884e+01
4.080000e-05	2.095219e-01	-1.450315e+01
4.081000e-05	1.855103e-01	-1.437894e+01
4.082000e-05	1.625237e-01	-1.430305e+01
4.083000e-05	1.424761e-01	-1.418878e+01
4.084000e-05	1.260900e-01	-1.408094e+01
4.085000e-05	1.152415e-01	-1.393670e+01
4.086000e-05	1.027506e-01	-1.381833e+01
4.087000e-05	9.351786e-02	-1.363104e+01
4.088000e-05	8.356625e-02	-1.352467e+01
4.089000e-05	7.970734e-02	-1.340885e+01
4.090000e-05	7.390411e-02	-1.324041e+01
4.091000e-05	6.665110e-02	-1.307269e+01
4.092000e-05	6.028424e-02	-1.294473e+01
4.093000e-05	5.613021e-02	-1.277928e+01
4.094000e-05	5.462384e-02	-1.260846e+01
4.095000e-05	4.966528e-02	-1.247104e+01
4.096000e-05	4.506499e-02	-1.229312e+01
4.097000e-05	4.100463e-02	-1.210267e+01
4.098000e-05	4.062682e-02	-1.186312e+01
4.099000e-05	3.731299e-02	-1.171370e+01
4.100000e-05	3.503734e-02	-1.145269e+01
4.101000e-05	3.181965e-02	-1.130359e+01
4.102000e-05	3.194366e-02	-1.104211e+01
4.103000e-05	3.032232e-02	-1.087257e+01
4.104000e-05	2.839864e-02	-1.067412e+01
4.105000e-05	2.466197e-02	-1.048269e+01
4.106000e-05	2.375878e-02	-1.026106e+01
4.107000e-05	2.328773e-02	-1.000143e+01
4.108000e-05	2.119244e-02	-9.799455e+00
4.109000e-05	1.980930e-02	-9.599028e+00
4.110000e-05	1.783139e-02	-9.399826e+00
4.111000e-05	1.892479e-02	-9.126248e+00
4.112000e-05	1.727126e-02	-8.945796e+00
4.113000e-05	1.595341e-02	-8.735140e+00
4.114000e-05	1.271681e-02	-8.402060e+00
4.115000e-05	1.248885e-02	-8.199003e+00
4.116000e-05	1.245201e-02	-7.965968e+00
4.117000e-05	1.259197e-02	-7.642089e+00
4.118000e-05	9.186942e-03	-7.409506e+00
4.119000e-05	9.377641e-03	-7.157348e+00
4.120000e-05	7.615358e-03	-6.905689e+00
4.121000e-05	8.081868e-03	-6.621660e+00
4.122000e-05	5.785219e-03	-6.390551e+00
4.123000e-05	6.267331e-03	-6.135842e+00
4.124000e-05	3.500904e-03	-5.871634e+00
4.125000e-05	5.953437e-03	-5.600553e+00
4.126000e-05	2.366400e-03	-5.315312e+00
4.127000e-05	1.610483e-03	-5.018026e+00
4.128000e-05	1.396678e-03	-4.641714e+00
4.129000e-05	3.502165e-03	-4.440582e+00
4.130000e-05	2.440859e-03	-4.199451e+00
4.131000e-05	-1.011357e-03	-3.896368e+00
4.132000e-05	-1.069610e-03	-3.642556e+00
4.133000e-05	-3.072003e-03	-3.398470e+00
4.134000e-05	-2.197144e-03	-3.123715e+00
4.135000e-05	-2.969746e-03	-2.807971e+00
4.136000e-05	-2.347955e-03	-2.517285e+00
4.137000e-05	-3.483132e-03	-2.242106e+00
4.138000e-05	-1.805713e-03	-1.957395e+00
4.139000e-05	-5.451231e-03	-1.703760e+00
4.140000e-05	-5.678211e-03	-1.378369e+00
4.141000e-05	-7.671840e-03	-1.062107e+00
4.142000e-05	-5.732250e-03	-7.594455e-01
4.143000e-05	-6.450213e-03	-4.837536e-01
4.144000e-05	-5.478331e-03	-1.919958e-01
4.145000e-05	-2.400854e-03	5.208491e-02
4.146000e-05	8.334670e-03	3.604240e-01
4.147000e-05	-1.589775e-03	6.104769e-01
4.148000e-05	5.620863e-03	8.321099e-01
4.149000e-05	-3.554579e-03	1.209847e+00
4.150000e-05	1.377012e-03	1.419007e+00
4.151000e-05	-3.247935e-03	1.778895e+00
4.152000e-05	1.477229e-02	1.988400e+00
4.153000e-05	5.582304e-02	2.181485e+00
4.154000e-05	9.503863e-02	2.526220e+00
4.155000e-05	-4.802691e-02	2.873664e+00
4.156000e-05	-2.850595e-02	3.147274e+00
4.157000e-05	-3.972460e-02	3.440639e+00
4.158000e-05	-2.798499e-02	3.705693e+00
4.159000e-05	-8.725838e-02	3.915719e+00
4.160000e-05	4.274383e-04	4.127177e+00
4.161000e-05	9.613682e-02	4.441585e+00
4.162000e-05	-1.189473e-01	4.735298e+00
4.163000e-05	1.442291e-01	4.907302e+00
4.164000e-05	-4.326527e-02	5.336219e+00
4.165000e-05	-4.960832e-02	5.548376e+00
4.166000e-05	3.713418e-02	5.853590e+00
4.167000e-05	-6.366959e-02	6.134668e+00
4.168000e-05	6.937468e-02	6.347848e+00
4.169000e-05	-5.409877e-02	6.664045e+00
4.170000e-05	5.799801e-03	6.925768e+00
4.171000e-05	-9.313338e-03	7.169353e+00
4.172000e-05	-2.500445e-02	7.462016e+00
4.173000e-05	5.834616e-03	7.705223e+00
4.174000e-05	-5.945760e-02	7.990935e+00
4.175000e-05	4.257618e-02	8.263989e+00
4.176000e-05	-2.640755e-02	8.493665e+00
4.177000e-05	-4.472283e-03	8.693041e+00
4.178000e-05	-1.257788e-02	8.926674e+00
4.179000e-05	-5.933842e-02	9.215853e+00
4.180000e-05	1.713366e-02	9.379380e+00
4.181000e-05	-3.151197e-02	9.599939e+00
4.182000e-05	6.056152e-03	9.881491e+00
4.183000e-05	-4.728349e-02	1.006362e+01
4.184000e-05	2.422210e-03	1.031307e+01
4.185000e-05	-2.365366e-02	1.050465e+01
4.186000e-05	-2.711512e-02	1.072370e+01
4.187000e-05	-2.705995e-02	1.089560e+01
4.188000e-05	-3.980215e-02	1.110417e+01
4.189000e-05	-2.878517e-03	1.136510e+01
4.190000e-05	-3.648790e-02	1.149718e+01
4.191000e-05	-2.172907e-02	1.175520e+01
4.192000e-05	-4.869434e-02	1.192628e+01
4.193000e-05	-1.752900e-02	1.214415e+01
4.194000e-05	-2.963497e-02	1.228362e+01
4.195000e-05	-2.978472e-02	1.245299e+01
4.196000e-05	-4.555604e-02	1.260951e+01
4.197000e-05	-3.924111e-02	1.277934e+01
4.198000e-05	-2.919965e-02	1.296620e+01
4.199000e-05	-4.230632e-02	1.309312e+01
4.200000e-05	-4.341101e-02	1.325302e+01
4.201000e-05	-4.965251e-02	1.338883e+01
4.202000e-05	-3.318129e-02	1.350568e+01
4.203000e-05	-4.426463e-02	1.365452e+01
4.204000e-05	-4.997937e-02	1.378984e+01
4.205000e-05	-6.136518e-02	1.394618e+01
4.206000e-05	-5.134464e-02	1.400105e+01
4.207000e-05	-4.892887e-02	1.420929e+01
4.208000e-05	-5.555965e-02	1.430465e+01
4.209000e-05	-6.366499e-02	1.443949e+01
4.210000e-05	-6.266849e-02	1.452518e+01
4.211000e-05	-5.659759e-02	1.459041e+01
4.212000e-05	-6.334037e-02	1.469410e+01
4.213000e-05	-7.108391e-02	1.478786e+01
4.214000e-05	-7.446529e-02	1.485352e+01
4.215000e-05	-7.076275e-02	1.490465e+01
4.216000e-05	-7.211942e-02	1.498831e+01
4.217000e-05	-8.360042e-02	1.503155e+01
4.218000e-05	-8.959131e-02	1.508510e+01
4.219000e-05	-8.856235e-02	1.511673e+01
4.220000e-05	-8.313386e-02	1.516976e+01
4.221000e-05	-9.025795e-02	1.524039e+01
4.222000e-05	-9.826703e-02	1.530300e+01
4.223000e-05	-1.027134e-01	1.528663e+01
4.224000e-05	-1.014553e-01	1.534423e+01
4.225000e-05	-1.062010e-01	1.534673e+01
4.226000e-05	-1.161900e-01	1.535671e+01
4.227000e-05	-1.216103e-01	1.534838e+01
4.228000e-05	-1.214382e-01	1.534578e+01
4.229000e-05	-1.241011e-01	1.534680e+01
4.230000e-05	-1.352666e-01	1.535520e+01
4.231000e-05	-1.478858e-01	1.531568e+01
4.232000e-05	-1.539368e-01	1.529410e+01
4.233000e-05	-1.610541e-01	1.527450e+01
4.234000e-05	-1.758340e-01	1.522944e+01
4.235000e-05	-1.986561e-01	1.519899e+01
4.236000e-05	-2.211167e-01	1.515621e+01
4.237000e-05	-2.429482e-01	1.510513e+01
4.238000e-05	-2.486745e-01	1.505102e+01
4.239000e-05	-2.499898e-01	1.499838e+01
4.240000e-05	-2.499902e-01	1.492680e+01
4.241000e-05	-2.499902e-01	1.482209e+01
4.242000e-05	-2.499901e-01	1.478883e+01
4.243000e-05	-2.499904e-01	1.471410e+01
4.244000e-05	-2.499906e-01	1.458936e+01
4.245000e-05	-2.361623e-01	1.449415e+01
4.246000e-05	-2.093237e-01	1.443939e+01
4.247000e-05	-1.805519e-01	1.431420e+01
4.248000e-05	-1.635543e-01	1.416734e+01
4.249000e-05	-1.452452e-01	1.406257e+01
4.250000e-05	-1.304596e-01	1.392533e+01
4.251000e-05	-1.161568e-01	1.383041e+01
4.252000e-05	-1.113332e-01	1.366367e+01
4.253000e-05	-1.045489e-01	1.355575e+01
4.254000e-05	-9.681646e-02	1.339891e+01
4.255000e-05	-8.482828e-02	1.327319e+01
4.256000e-05	-7.963873e-02	1.309577e+01
4.257000e-05	-7.631603e-02	1.297836e+01
4.258000e-05	-7.169597e-02	1.281041e+01
4.259000e-05	-6.345948e-02	1.264312e+01
4.260000e-05	-6.076333e-02	1.247365e+01
4.261000e-05	-6.025187e-02	1.230572e+01
4.262000e-05	-6.102274e-02	1.216533e+01
4.263000e-05	-5.419427e-02	1.197983e+01
4.264000e-05	-5.102774e-02	1.179791e+01
4.265000e-05	-4.872880e-02	1.159831e+01
4.266000e-05	-4.920565e-02	1.137783e+01
4.267000e-05	-4.422392e-02	1.114680e+01
4.268000e-05	-4.133207e-02	1.095690e+01
4.269000e-05	-4.005716e-02	1.080740e+01
4.270000e-05	-4.152567e-02	1.057796e+01
4.271000e-05	-4.037594e-02	1.032875e+01
4.272000e-05	-3.740212e-02	1.013727e+01
4.273000e-05	-3.501746e-02	9.885173e+00
4.274000e-05	-3.513877e-02	9.673599e+00
4.275000e-05	-3.519377e-02	9.492165e+00
4.276000e-05	-3.252913e-02	9.242638e+00
4.277000e-05	-2.934159e-02	9.011558e+00
4.278000e-05	-2.907840e-02	8.767905e+00
4.279000e-05	-3.076062e-02	8.548875e+00
4.280000e-05	-2.998693e-02	8.304796e+00
4.281000e-05	-2.683091e-02	8.083166e+00
4.282000e-05	-2.607245e-02	7.779507e+00
4.283000e-05	-2.630360e-02	7.566874e+00
4.284000e-05	-2.714627e-02	7.272711e+00
4.285000e-05	-2.420331e-02	7.032085e+00
4.286000e-05	-2.318441e-02	6.778955e+00
4.287000e-05	-2.246865e-02	6.485770e+00
4.288000e-05	-2.377115e-02	6.242134e+00
4.289000e-05	-2.243976e-02	5.989005e+00
4.290000e-05	-2.069070e-02	5.716320e+00
4.291000e-05	-1.988322e-02	5.462735e+00
4.292000e-05	-2.168992e-02	5.218002e+00
4.293000e-05	-2.085226e-02	4.821556e+00
4.294000e-05	-2.012814e-02	4.557878e+00
4.295000e-05	-1.671060e-02	4.327320e+00
4.296000e-05	-1.942619e-02	4.030000e+00
4.297000e-05	-1.610593e-02	3.717896e+00
4.298000e-05	-1.499169e-02	3.504293e+00
4.299000e-05	-1.400658e-02	3.190051e+00
4.300000e-05	-1.499494e-02	2.936793e+00
4.301000e-05	-1.837603e-02	2.634234e+00
4.302000e-05	-1.742808e-02	2.335418e+00
4.303000e-05	-1.567723e-02	2.066309e+00
4.304000e-05	-1.297028e-02	1.781076e+00
4.305000e-05	-1.255514e-02	1.506286e+00
4.306000e-05	-1.105263e-02	1.220182e+00
4.307000e-05	-9.760824e-03	8.442048e-01
4.308000e-05	-9.589264e-03	5.621220e-01
4.309000e-05	-1.097059e-02	2.974150e-01
4.310000e-05	-1.027682e-02	9.153365e-03
4.311000e-05	-4.020200e-03	-2.420045e-01
4.312000e-05	4.130087e-03	-4.851837e-01
4.313000e-05	-3.984647e-03	-7.879978e-01
4.314000e-05	3.731605e-03	-1.031030e+00
4.315000e-05	-8.129900e-04	-1.306689e+00
4.316000e-05	4.268727e-03	-1.600977e+00
4.317000e-05	7.568644e-03	-1.862032e+00
4.318000e-05	5.385050e-02	-2.022060e+00
4.319000e-05	1.213317e-01	-2.390321e+00
4.320000e-05	-3.956806e-02	-2.797223e+00
4.321000e-05	-1.385363e-02	-3.177847e+00
4.322000e-05	-3.693510e-02	-3.430582e+00
4.323000e-05	-3.754902e-02	-3.600901e+00
4.324000e-05	-9.783787e-02	-3.912036e+00
4.325000e-05	1.360945e-01	-4.041008e+00
4.326000e-05	-3.340569e-02	-4.264065e+00
4.327000e-05	-2.567697e-02	-4.589808e+00
4.328000e-05	1.622706e-01	-4.819457e+00
4.329000e-05	-1.743874e-01	-5.147832e+00
4.330000e-05	1.504330e-01	-5.513591e+00
4.331000e-05	-1.086032e-01	-5.706720e+00
4.332000e-05	1.335540e-02	-6.030457e+00
4.333000e-05	1.090595e-01	-6.221885e+00
4.334000e-05	-9.161240e-02	-6.547227e+00
4.335000e-05	1.477655e-01	-6.810353e+00
4.336000e-05	-1.075315e-01	-7.092068e+00
4.337000e-05	7.196103e-02	-7.378377e+00
4.338000e-05	-7.521892e-03	-7.598332e+00
4.339000e-05	-1.577251e-02	-7.934723e+00
4.340000e-05	1.082914e-01	-8.116770e+00
4.341000e-05	-8.495349e-02	-8.408380e+00
4.342000e-05	1.339679e-01	-8.650886e+00
4.343000e-05	-7.128239e-02	-8.905515e+00
4.344000e-05	4.484216e-02	-9.117247e+00
4.345000e-05	3.287854e-03	-9.325124e+00
4.346000e-05	1.570422e-02	-9.608278e+00
4.347000e-05	7.653542e-02	-9.788380e+00
4.348000e-05	-3.213818e-02	-1.002986e+01
4.349000e-05	8.385435e-02	-1.023041e+01
4.350000e-05	-4.727098e-02	-1.049252e+01
4.351000e-05	8.620654e-02	-1.065151e+01
4.352000e-05	-2.496166e-02	-1.083197e+01
4.353000e-05	5.865480e-02	-1.105142e+01
4.354000e-05	8.436092e-03	-1.129206e+01
4.355000e-05	3.980997e-02	-1.148252e+01
4.356000e-05	3.665913e-02	-1.166349e+01
4.357000e-05	1.143590e-02	-1.193360e+01
4.358000e-05	4.857459e-02	-1.208302e+01
4.359000e-05	1.277924e-02	-1.228352e+01
4.360000e-05	6.711057e-02	-1.242086e+01
4.361000e-05	6.260205e-03	-1.260988e+01
4.362000e-05	5.312447e-02	-1.276731e+01
4.363000e-05	1.352586e-02	-1.295710e+01
4.364000e-05	5.997025e-02	-1.310355e+01
4.365000e-05	2.940874e-02	-1.322889e+01
4.366000e-05	5.107415e-02	-1.340931e+01
4.367000e-05	3.766966e-02	-1.355358e+01
4.368000e-05	4.914902e-02	-1.368202e+01
4.369000e-05	4.877242e-02	-1.378934e+01
4.370000e-05	3.955896e-02	-1.395568e+01
4.371000e-05	4.868921e-02	-1.408189e+01
4.372000e-05	4.684378e-02	-1.417826e+01
4.373000e-05	6.386988e-02	-1.429465e+01
4.374000e-05	5.087717e-02	-1.441884e+01
4.375000e-05	6.010878e-02	-1.451417e+01
4.376000e-05	5.225165e-02	-1.458889e+01
4.377000e-05	6.997414e-02	-1.473412e+01
4.378000e-05	6.115530e-02	-1.479773e+01
4.379000e-05	6.760446e-02	-1.487142e+01
4.380000e-05	6.208606e-02	-1.494668e+01
4.381000e-05	7.410618e-02	-1.502989e+01
4.382000e-05	7.280525e-02	-1.506195e+01
4.383000e-05	7.535750e-02	-1.513623e+01
4.384000e-05	7.561566e-02	-1.516781e+01
4.385000e-05	8.266280e-02	-1.522234e+01
4.386000e-05	9.106190e-02	-1.527202e+01
4.387000e-05	8.903842e-02	-1.529312e+01
4.388000e-05	9.095550e-02	-1.535622e+01
4.389000e-05	9.124405e-02	-1.537725e+01
4.390000e-05	1.015524e-01	-1.535838e+01
4.391000e-05	1.040813e-01	-1.540843e+01
4.392000e-05	1.087750e-01	-1.541046e+01
4.393000e-05	1.109825e-01	-1.542938e+01
4.394000e-05	1.204286e-01	-1.541233e+01
4.395000e-05	1.253486e-01	-1.541728e+01
4.396000e-05	1.294966e-01	-1.537035e+01
4.397000e-05	1.342692e-01	-1.537781e+01
4.398000e-05	1.465177e-01	-1.536572e+01
4.399000e-05	1.625795e-01	-1.532412e+01
4.400000e-05	1.760453e-01	-1.530309e+01
4.401000e-05	1.924554e-01	-1.525244e+01
4.402000e-05	2.148033e-01	-1.516776e+01
4.403000e-05	2.414909e-01	-1.511512e+01
4.404000e-05	2.493871e-01	-1.507249e+01
4.405000e-05	2.499891e-01	-1.501994e+01
4.406000e-05	2.499894e-01	-1.497735e+01
4.407000e-05	2.499902e-01	-1.492255e+01
4.408000e-05	2.499903e-01	-1.483031e+01
4.409000e-05	2.499900e-01	-1.474468e+01
4.410000e-05	2.449041e-01	-1.463201e+01
4.411000e-05	2.193110e-01	-1.455720e+01
4.412000e-05	1.942380e-01	-1.442146e+01
4.413000e-05	1.717807e-01	-1.435762e+01
4.414000e-05	1.500667e-01	-1.421999e+01
4.415000e-05	1.326803e-01	-1.416517e+01
4.416000e-05	1.189391e-01	-1.395726e+01
4.417000e-05	1.076266e-01	-1.384094e+01
4.418000e-05	9.628046e-02	-1.372570e+01
4.419000e-05	8.750086e-02	-1.356828e+01
4.420000e-05	8.119370e-02	-1.345149e+01
4.421000e-05	7.669102e-02	-1.330360e+01
4.422000e-05	6.942019e-02	-1.310520e+01
4.423000e-05	6.264382e-02	-1.301885e+01
4.424000e-05	5.607407e-02	-1.286046e+01
4.425000e-05	5.475012e-02	-1.265312e+01
4.426000e-05	5.192676e-02	-1.255565e+01
4.427000e-05	4.731197e-02	-1.232577e+01
4.428000e-05	4.309369e-02	-1.218785e+01
4.429000e-05	4.133997e-02	-1.200783e+01
4.430000e-05	3.786526e-02	-1.179686e+01
4.431000e-05	3.620039e-02	-1.154873e+01
4.432000e-05	3.195876e-02	-1.133780e+01
4.433000e-05	3.136582e-02	-1.112520e+01
4.434000e-05	3.068124e-02	-1.094573e+01
4.435000e-05	2.967205e-02	-1.072625e+01
4.436000e-05	2.537720e-02	-1.058687e+01
4.437000e-05	2.458402e-02	-1.032622e+01
4.438000e-05	2.225847e-02	-1.009529e+01
4.439000e-05	2.302319e-02	-9.903614e+00
4.440000e-05	1.991886e-02	-9.672139e+00
4.441000e-05	1.948101e-02	-9.472563e+00
4.442000e-05	1.953470e-02	-9.230506e+00
4.443000e-05	1.770550e-02	-8.989557e+00
4.444000e-05	1.559735e-02	-8.797427e+00
4.445000e-05	1.269780e-02	-8.514696e+00
4.446000e-05	1.354725e-02	-8.273211e+00
4.447000e-05	1.276579e-02	-8.080112e+00
4.448000e-05	1.252353e-02	-7.809981e+00
4.449000e-05	9.728514e-03	-7.481614e+00
4.450000e-05	1.097621e-02	-7.262063e+00
4.451000e-05	7.498556e-03	-6.999348e+00
4.452000e-05	8.097644e-03	-6.755319e+00
4.453000e-05	4.987590e-03	-6.475189e+00
4.454000e-05	6.531121e-03	-6.280683e+00
4.455000e-05	4.101574e-03	-5.956396e+00
4.456000e-05	5.599437e-03	-5.703788e+00
4.457000e-05	4.169576e-03	-5.470131e+00
4.458000e-05	3.231763e-03	-5.103745e+00
4.459000e-05	8.063328e-05	-4.800527e+00
4.460000e-05	2.034559e-03	-4.505264e+00
4.461000e-05	1.613557e-03	-4.284262e+00
4.462000e-05	1.543834e-03	-4.041528e+00
4.463000e-05	-1.995579e-03	-3.756795e+00
4.464000e-05	-1.688821e-03	-3.483705e+00
4.465000e-05	-3.370115e-03	-3.199500e+00
4.466000e-05	-1.493957e-03	-2.884735e+00
4.467000e-05	-4.072436e-03	-2.602103e+00
4.468000e-05	-2.619086e-03	-2.348444e+00
4.469000e-05	-2.977689e-03	-2.022079e+00
4.470000e-05	-3.413624e-03	-1.788972e+00
4.471000e-05	-5.379954e-03	-1.494266e+00
4.472000e-05	-7.009800e-03	-1.136916e+00
4.473000e-05	-6.818278e-03	-8.751823e-01
4.474000e-05	-6.673910e-03	-5.591014e-01
4.475000e-05	-5.391819e-03	-3.257375e-01
4.476000e-05	-4.247743e-03	-4.315318e-02
4.477000e-05	6.814889e-03	2.826112e-01
4.478000e-05	1.347499e-03	5.462689e-01
4.479000e-05	3.422578e-03	7.568216e-01
4.480000e-05	1.037626e-03	1.042110e+00
4.481000e-05	-1.010549e-03	1.346294e+00
4.482000e-05	-6.210943e-04	1.671110e+00
4.483000e-05	6.122089e-03	1.915189e+00
4.484000e-05	3.372552e-02	2.094716e+00
4.485000e-05	1.021162e-01	2.388927e+00
4.486000e-05	3.349752e-03	2.758898e+00
4.487000e-05	-4.871601e-02	3.063085e+00
4.488000e-05	-3.127115e-02	3.355745e+00
4.489000e-05	-2.906465e-02	3.601007e+00
4.490000e-05	-6.519574e-02	3.843560e+00
4.491000e-05	-5.686718e-02	4.041985e+00
4.492000e-05	1.023561e-01	4.336697e+00
4.493000e-05	-5.750952e-02	4.620011e+00
4.494000e-05	2.209240e-02	4.842065e+00
4.495000e-05	9.842638e-02	5.188882e+00
4.496000e-05	-1.320911e-01	5.484089e+00
4.497000e-05	6.685089e-02	5.737699e+00
4.498000e-05	-6.445617e-02	6.020532e+00
4.499000e-05	3.572365e-02	6.263591e+00
4.500000e-05	2.389318e-03	6.526278e+00
4.501000e-05	-4.818984e-02	6.831085e+00
4.502000e-05	3.613072e-02	7.092543e+00
4.503000e-05	-5.649733e-02	7.346652e+00
4.504000e-05	3.079585e-02	7.649460e+00
4.505000e-05	-6.814752e-02	7.874548e+00
4.506000e-05	2.270496e-02	8.168777e+00
4.507000e-05	5.692193e-03	8.410880e+00
4.508000e-05	-3.039736e-02	8.589885e+00
4.509000e-05	1.283810e-02	8.841465e+00
4.510000e-05	-6.735022e-02	9.072618e+00
4.511000e-05	6.999564e-03	9.285249e+00
4.512000e-05	-2.427102e-02	9.536705e+00
4.513000e-05	2.675711e-03	9.776806e+00
4.514000e-05	-3.683921e-02	1.001043e+01
4.515000e-05	-1.326338e-02	1.017838e+01
4.516000e-05	-8.442607e-03	1.042944e+01
4.517000e-05	-3.273011e-02	1.066149e+01
4.518000e-05	-2.227694e-02	1.085241e+01
4.519000e-05	-4.389517e-02	1.105196e+01
4.520000e-05	-7.906554e-03	1.122102e+01
4.521000e-05	-2.843976e-02	1.147159e+01
4.522000e-05	-2.266167e-02	1.166349e+01
4.523000e-05	-4.571691e-02	1.188202e+01
4.524000e-05	-2.454065e-02	1.207202e+01
4.525000e-05	-2.536584e-02	1.220886e+01
4.526000e-05	-2.814686e-02	1.239886e+01
4.527000e-05	-4.163413e-02	1.254738e+01
4.528000e-05	-4.303725e-02	1.271718e+01
4.529000e-05	-3.047204e-02	1.287108e+01
4.530000e-05	-3.857864e-02	1.302246e+01
4.531000e-05	-4.165829e-02	1.318834e+01
4.532000e-05	-5.161710e-02	1.333723e+01
4.533000e-05	-3.508468e-02	1.349410e+01
4.534000e-05	-4.184558e-02	1.362991e+01
4.535000e-05	-4.563911e-02	1.377674e+01
4.536000e-05	-6.129660e-02	1.387305e+01
4.537000e-05	-5.347496e-02	1.401884e+01
4.538000e-05	-4.975427e-02	1.414526e+01
4.539000e-05	-5.237349e-02	1.430355e+01
4.540000e-05	-6.179175e-02	1.438834e+01
4.541000e-05	-6.553345e-02	1.450257e+01
4.542000e-05	-5.584207e-02	1.456686e+01
4.543000e-05	-6.244501e-02	1.467259e+01
4.544000e-05	-6.610510e-02	1.478730e+01
4.545000e-05	-7.767977e-02	1.483939e+01
4.546000e-05	-6.933281e-02	1.492459e+01
4.547000e-05	-7.257822e-02	1.494676e+01
4.548000e-05	-7.789326e-02	1.501991e+01
4.549000e-05	-8.949026e-02	1.508409e+01
4.550000e-05	-8.914847e-02	1.507563e+01
4.551000e-05	-8.467404e-02	1.518781e+01
4.552000e-05	-8.686134e-02	1.519937e+01
4.553000e-05	-9.609605e-02	1.526099e+01
4.554000e-05	-1.023888e-01	1.531305e+01
4.555000e-05	-1.005723e-01	1.531408e+01
4.556000e-05	-1.035781e-01	1.530663e+01
4.557000e-05	-1.129949e-01	1.532628e+01
4.558000e-05	-1.211434e-01	1.538673e+01
4.559000e-05	-1.229620e-01	1.532671e+01
4.560000e-05	-1.212326e-01	1.534673e+01
4.561000e-05	-1.309962e-01	1.534576e+01
4.562000e-05	-1.431232e-01	1.533418e+01
4.563000e-05	-1.529681e-01	1.530510e+01
4.564000e-05	-1.573848e-01	1.529295e+01
4.565000e-05	-1.699740e-01	1.528944e+01
4.566000e-05	-1.892125e-01	1.518831e+01
4.567000e-05	-2.131260e-01	1.515631e+01
4.568000e-05	-2.343977e-01	1.514513e+01
4.569000e-05	-2.482135e-01	1.506252e+01
4.570000e-05	-2.499895e-01	1.498094e+01
4.571000e-05	-2.499901e-01	1.493620e+01
4.572000e-05	-2.499903e-01	1.488362e+01
4.573000e-05	-2.499902e-01	1.480994e+01
4.574000e-05	-2.499904e-01	1.472520e+01
4.575000e-05	-2.499906e-01	1.459197e+01
4.576000e-05	-2.449268e-01	1.455623e+01
4.577000e-05	-2.173927e-01	1.449252e+01
4.578000e-05	-1.898639e-01	1.436540e+01
4.579000e-05	-1.697849e-01	1.423092e+01
4.580000e-05	-1.561060e-01	1.410670e+01
4.581000e-05	-1.376151e-01	1.397736e+01
4.582000e-05	-1.227883e-01	1.385157e+01
4.583000e-05	-1.115979e-01	1.374673e+01
4.584000e-05	-1.067557e-01	1.357839e+01
4.585000e-05	-9.741823e-02	1.342217e+01
4.586000e-05	-8.782253e-02	1.336523e+01
4.587000e-05	-8.096617e-02	1.317928e+01
4.588000e-05	-7.844077e-02	1.301099e+01
4.589000e-05	-7.450371e-02	1.286399e+01
4.590000e-05	-6.816561e-02	1.267525e+01
4.591000e-05	-6.195775e-02	1.255690e+01
4.592000e-05	-6.027670e-02	1.238041e+01
4.593000e-05	-5.960414e-02	1.221149e+01
4.594000e-05	-5.580545e-02	1.202202e+01
4.595000e-05	-5.004488e-02	1.184259e+01
4.596000e-05	-4.833694e-02	1.167167e+01
4.597000e-05	-4.984964e-02	1.144307e+01
4.598000e-05	-4.807292e-02	1.124301e+01
4.599000e-05	-4.342976e-02	1.102208e+01
4.600000e-05	-4.061096e-02	1.083174e+01
4.601000e-05	-3.960874e-02	1.064259e+01
4.602000e-05	-4.107704e-02	1.040108e+01
4.603000e-05	-3.699430e-02	1.021211e+01
4.604000e-05	-3.534084e-02	1.000903e+01
4.605000e-05	-3.445060e-02	9.768432e+00
4.606000e-05	-3.637056e-02	9.536250e+00
4.607000e-05	-3.444128e-02	9.345722e+00
4.608000e-05	-2.990712e-02	9.095695e+00
4.609000e-05	-2.899289e-02	8.833665e+00
4.610000e-05	-2.968490e-02	8.630608e+00
4.611000e-05	-3.007092e-02	8.419056e+00
4.612000e-05	-2.718356e-02	8.208449e+00
4.613000e-05	-2.668904e-02	7.864717e+00
4.614000e-05	-2.534866e-02	7.673639e+00
4.615000e-05	-2.720865e-02	7.400903e+00
4.616000e-05	-2.436975e-02	7.125245e+00
4.617000e-05	-2.401367e-02	6.865691e+00
4.618000e-05	-2.207449e-02	6.630483e+00
4.619000e-05	-2.477805e-02	6.326398e+00
4.620000e-05	-2.219772e-02	6.125688e+00
4.621000e-05	-2.133978e-02	5.851710e+00
4.622000e-05	-1.997827e-02	5.579396e+00
4.623000e-05	-2.066020e-02	5.304793e+00
4.624000e-05	-2.053339e-02	4.939373e+00
4.625000e-05	-1.888074e-02	4.655185e+00
4.626000e-05	-1.782891e-02	4.411080e+00
4.627000e-05	-1.823919e-02	4.088791e+00
4.628000e-05	-1.910629e-02	3.861633e+00
4.629000e-05	-1.761154e-02	3.590025e+00
4.630000e-05	-1.631421e-02	3.294716e+00
4.631000e-05	-1.463121e-02	3.022100e+00
4.632000e-05	-1.596836e-02	2.769423e+00
4.633000e-05	-1.511044e-02	2.471709e+00
4.634000e-05	-1.460778e-02	2.168969e+00
4.635000e-05	-1.266726e-02	1.906340e+00
4.636000e-05	-1.329999e-02	1.580647e+00
4.637000e-05	-1.329365e-02	1.317291e+00
4.638000e-05	-1.325784e-02	9.811478e-01
4.639000e-05	-1.078346e-02	6.848137e-01
4.640000e-05	-1.163368e-02	4.216059e-01
4.641000e-05	-8.478870e-03	1.434177e-01
4.642000e-05	-6.377910e-03	-1.457402e-01
4.643000e-05	7.778216e-03	-4.088742e-01
4.644000e-05	-3.828863e-03	-7.031587e-01
4.645000e-05	3.668892e-03	-9.453689e-01
4.646000e-05	-3.038058e-03	-1.241423e+00
4.647000e-05	1.753644e-03	-1.508195e+00
4.648000e-05	8.413402e-04	-1.756246e+00
4.649000e-05	2.986833e-02	-1.988353e+00
4.650000e-05	1.135851e-01	-2.240484e+00
4.651000e-05	3.085697e-02	-2.621009e+00
4.652000e-05	-4.556322e-02	-3.020987e+00
4.653000e-05	-9.675876e-03	-3.366745e+00
4.654000e-05	-4.610206e-02	-3.555274e+00
4.655000e-05	-8.038609e-02	-3.808330e+00
4.656000e-05	1.726698e-02	-3.988400e+00
4.657000e-05	1.165151e-01	-4.156749e+00
4.658000e-05	-1.500620e-01	-4.494519e+00
4.659000e-05	2.069019e-01	-4.767274e+00
4.660000e-05	-9.252204e-02	-5.020809e+00
4.661000e-05	2.293302e-02	-5.410406e+00
4.662000e-05	4.712760e-02	-5.609932e+00
4.663000e-05	-1.346238e-01	-5.955723e+00
4.664000e-05	1.831511e-01	-6.156175e+00
4.665000e-05	-9.689170e-02	-6.429935e+00
4.666000e-05	9.776599e-02	-6.726795e+00
4.667000e-05	-7.456794e-03	-6.955754e+00
4.668000e-05	-3.945367e-02	-7.314091e+00
4.669000e-05	9.504820e-02	-7.514670e+00
4.670000e-05	-9.410894e-02	-7.809310e+00
4.671000e-05	1.357299e-01	-8.053614e+00
4.672000e-05	-6.050703e-02	-8.283615e+00
4.673000e-05	6.433758e-02	-8.577276e+00
4.674000e-05	2.954808e-02	-8.808879e+00
4.675000e-05	-5.271877e-02	-9.031462e+00
4.676000e-05	7.998079e-02	-9.241487e+00
4.677000e-05	-5.369629e-02	-9.484522e+00
4.678000e-05	1.200043e-01	-9.705119e+00
4.679000e-05	-4.174705e-02	-9.924146e+00
4.680000e-05	7.767160e-02	-1.015768e+01
4.681000e-05	-1.835563e-02	-1.037825e+01
4.682000e-05	3.922143e-02	-1.060888e+01
4.683000e-05	2.939363e-02	-1.080681e+01
4.684000e-05	3.514050e-04	-1.099873e+01
4.685000e-05	5.840586e-02	-1.121771e+01
4.686000e-05	-6.165604e-03	-1.141899e+01
4.687000e-05	7.599857e-02	-1.161991e+01
4.688000e-05	-1.217990e-02	-1.178984e+01
4.689000e-05	6.312904e-02	-1.202986e+01
4.690000e-05	2.504641e-03	-1.220091e+01
4.691000e-05	6.536703e-02	-1.235781e+01
4.692000e-05	1.806466e-02	-1.253723e+01
4.693000e-05	3.890374e-02	-1.273363e+01
4.694000e-05	2.780698e-02	-1.288499e+01
4.695000e-05	3.921361e-02	-1.302046e+01
4.696000e-05	4.917099e-02	-1.316728e+01
4.697000e-05	3.291319e-02	-1.332415e+01
4.698000e-05	5.471478e-02	-1.347144e+01
4.699000e-05	3.390907e-02	-1.361881e+01
4.700000e-05	6.045966e-02	-1.376568e+01
4.701000e-05	3.234082e-02	-1.389507e+01
4.702000e-05	5.244056e-02	-1.401029e+01
4.703000e-05	3.921639e-02	-1.412625e+01
4.704000e-05	6.316390e-02	-1.427147e+01
4.705000e-05	5.129164e-02	-1.434683e+01
4.706000e-05	6.017962e-02	-1.448302e+01
4.707000e-05	5.248232e-02	-1.458778e+01
4.708000e-05	6.449609e-02	-1.465347e+01
4.709000e-05	6.420462e-02	-1.474618e+01
4.710000e-05	6.438313e-02	-1.482101e+01
4.711000e-05	6.603997e-02	-1.492355e+01
4.712000e-05	6.725604e-02	-1.497983e+01
4.713000e-05	7.534355e-02	-1.507194e+01
4.714000e-05	7.069569e-02	-1.509262e+01
4.715000e-05	7.727144e-02	-1.515718e+01
4.716000e-05	7.810589e-02	-1.522086e+01
4.717000e-05	9.146571e-02	-1.528252e+01
4.718000e-05	8.805210e-02	-1.528307e+01
4.719000e-05	9.174140e-02	-1.534575e+01
4.720000e-05	8.934245e-02	-1.534528e+01
4.721000e-05	9.747306e-02	-1.538731e+01
4.722000e-05	1.018383e-01	-1.540886e+01
4.723000e-05	1.063693e-01	-1.540988e+01
4.724000e-05	1.101202e-01	-1.543948e+01
4.725000e-05	1.162278e-01	-1.540141e+01
4.726000e-05	1.251160e-01	-1.538841e+01
4.727000e-05	1.275372e-01	-1.539833e+01
4.728000e-05	1.333371e-01	-1.538728e+01
4.729000e-05	1.413752e-01	-1.537678e+01
4.730000e-05	1.555127e-01	-1.534527e+01
4.731000e-05	1.698279e-01	-1.533467e+01
4.732000e-05	1.850840e-01	-1.528152e+01
4.733000e-05	2.057548e-01	-1.521888e+01
4.734000e-05	2.338963e-01	-1.516615e+01
4.735000e-05	2.487471e-01	-1.512215e+01
4.736000e-05	2.499889e-01	-1.506289e+01
4.737000e-05	2.499893e-01	-1.501886e+01
4.738000e-05	2.499897e-01	-1.491515e+01
4.739000e-05	2.499901e-01	-1.488193e+01
4.740000e-05	2.499900e-01	-1.476522e+01
4.741000e-05	2.497745e-01	-1.466259e+01
4.742000e-05	2.314508e-01	-1.456791e+01
4.743000e-05	2.042977e-01	-1.452212e+01
4.744000e-05	1.797621e-01	-1.438826e+01
4.745000e-05	1.576515e-01	-1.424252e+01
4.746000e-05	1.380034e-01	-1.414725e+01
4.747000e-05	1.240661e-01	-1.402986e+01
4.748000e-05	1.122223e-01	-1.388459e+01
4.749000e-05	1.013868e-01	-1.376625e+01
4.750000e-05	9.005394e-02	-1.362894e+01
4.751000e-05	8.295652e-02	-1.351404e+01
4.752000e-05	7.743894e-02	-1.336485e+01
4.753000e-05	7.193338e-02	-1.320131e+01
4.754000e-05	6.456425e-02	-1.303249e+01
4.755000e-05	5.939739e-02	-1.290470e+01
4.756000e-05	5.613153e-02	-1.271565e+01
4.757000e-05	5.384595e-02	-1.260881e+01
4.758000e-05	4.829842e-02	-1.238241e+01
4.759000e-05	4.350906e-02	-1.222001e+01
4.760000e-05	4.037994e-02	-1.210014e+01
4.761000e-05	3.947438e-02	-1.186454e+01
4.762000e-05	3.712074e-02	-1.167954e+01
4.763000e-05	3.358722e-02	-1.147256e+01
4.764000e-05	3.192621e-02	-1.119903e+01
4.765000e-05	3.106938e-02	-1.104046e+01
4.766000e-05	2.955376e-02	-1.075998e+01
4.767000e-05	2.738903e-02	-1.063961e+01
4.768000e-05	2.443928e-02	-1.044891e+01
4.769000e-05	2.365369e-02	-1.020040e+01
4.770000e-05	2.244301e-02	-9.949274e+00
4.771000e-05	2.112455e-02	-9.787348e+00
4.772000e-05	1.804152e-02	-9.567347e+00
4.773000e-05	1.850117e-02	-9.306742e+00
4.774000e-05	1.606498e-02	-9.092741e+00
4.775000e-05	1.645066e-02	-8.882114e+00
4.776000e-05	1.450020e-02	-8.632507e+00
4.777000e-05	1.388178e-02	-8.368876e+00
4.778000e-05	1.377804e-02	-8.137247e+00
4.779000e-05	1.410343e-02	-7.935267e+00
4.780000e-05	1.064478e-02	-7.589956e+00
4.781000e-05	8.786089e-03	-7.318845e+00
4.782000e-05	5.429161e-03	-7.114790e+00
4.783000e-05	5.766891e-03	-6.810604e+00
4.784000e-05	5.673801e-03	-6.589481e+00
4.785000e-05	6.894107e-03	-6.327816e+00
4.786000e-05	7.237854e-03	-6.032659e+00
4.787000e-05	6.546963e-03	-5.769951e+00
4.788000e-05	7.555194e-03	-5.526769e+00
4.789000e-05	2.552165e-03	-5.241952e+00
4.790000e-05	4.454791e-04	-4.914315e+00
4.791000e-05	-9.560669e-04	-4.570005e+00
4.792000e-05	6.768199e-04	-4.379399e+00
4.793000e-05	8.290663e-04	-4.133815e+00
4.794000e-05	-4.634979e-04	-3.862108e+00
4.795000e-05	5.311878e-04	-3.546943e+00
4.796000e-05	-1.410200e-04	-3.315265e+00
4.797000e-05	-5.029435e-04	-3.011003e+00
4.798000e-05	-3.673243e-03	-2.735787e+00
4.799000e-05	-3.766106e-03	-2.442106e+00
4.800000e-05	-4.985044e-03	-2.196919e+00
4.801000e-05	-3.250460e-03	-1.864733e+00
4.802000e-05	-5.466679e-03	-1.599049e+00
4.803000e-05	-4.744067e-03	-1.252783e+00
4.804000e-05	-6.779046e-03	-9.779689e-01
4.805000e-05	-5.353343e-03	-7.157835e-01
4.806000e-05	-6.448543e-03	-3.885457e-01
4.807000e-05	-4.701485e-03	-1.463926e-01
4.808000e-05	1.608776e-03	1.383231e-01
4.809000e-05	6.360270e-03	4.416058e-01
4.810000e-05	-4.630029e-04	6.526613e-01
4.811000e-05	3.048939e-03	9.062429e-01
4.812000e-05	-2.874874e-03	1.260934e+00
4.813000e-05	1.117442e-03	1.514766e+00
4.814000e-05	-4.513761e-04	1.831425e+00
4.815000e-05	2.161338e-02	2.030085e+00
4.816000e-05	7.875669e-02	2.285141e+00
4.817000e-05	6.677561e-02	2.641408e+00
4.818000e-05	-6.072361e-02	2.947749e+00
4.819000e-05	-2.582430e-02	3.231506e+00
4.820000e-05	-3.924900e-02	3.525796e+00
4.821000e-05	-3.744415e-02	3.766897e+00
4.822000e-05	-8.664087e-02	3.946223e+00
4.823000e-05	4.653486e-02	4.219485e+00
4.824000e-05	4.929852e-02	4.526248e+00
4.825000e-05	-9.572267e-02	4.718803e+00
4.826000e-05	1.712302e-01	5.042468e+00
4.827000e-05	-1.151280e-01	5.389433e+00
4.828000e-05	1.624499e-02	5.600484e+00
4.829000e-05	-8.020527e-03	5.907321e+00
4.830000e-05	-3.006683e-02	6.127352e+00
4.831000e-05	5.727431e-02	6.430461e+00
4.832000e-05	-7.054818e-02	6.715799e+00
4.833000e-05	3.449947e-02	6.957406e+00
4.834000e-05	-4.097003e-02	7.231538e+00
4.835000e-05	5.496216e-03	7.545749e+00
4.836000e-05	-2.894949e-02	7.788360e+00
4.837000e-05	-2.892032e-02	8.083643e+00
4.838000e-05	3.730962e-02	8.307646e+00
4.839000e-05	-3.734952e-02	8.526751e+00
4.840000e-05	1.134247e-02	8.747303e+00
4.841000e-05	-3.980868e-02	8.970357e+00
4.842000e-05	-3.300817e-02	9.222435e+00
4.843000e-05	3.431209e-03	9.431442e+00
4.844000e-05	-1.929385e-02	9.674119e+00
4.845000e-05	-9.749343e-03	9.903199e+00
4.846000e-05	-3.800714e-02	1.010723e+01
4.847000e-05	2.553775e-03	1.035625e+01
4.848000e-05	-2.901271e-02	1.054828e+01
4.849000e-05	-2.376166e-02	1.076635e+01
4.850000e-05	-3.420219e-02	1.096773e+01
4.851000e-05	-2.718707e-02	1.114726e+01
4.852000e-05	-1.026115e-02	1.138978e+01
4.853000e-05	-3.429302e-02	1.160634e+01
4.854000e-05	-3.106608e-02	1.179833e+01
4.855000e-05	-4.107707e-02	1.197883e+01
4.856000e-05	-1.787669e-02	1.214921e+01
4.857000e-05	-2.942335e-02	1.232723e+01
4.858000e-05	-3.493975e-02	1.249665e+01
4.859000e-05	-4.430854e-02	1.266252e+01
4.860000e-05	-3.587625e-02	1.279182e+01
4.861000e-05	-3.072148e-02	1.295826e+01
4.862000e-05	-4.326774e-02	1.311720e+01
4.863000e-05	-4.695927e-02	1.330515e+01
4.864000e-05	-4.394233e-02	1.343091e+01
4.865000e-05	-3.404991e-02	1.354574e+01
4.866000e-05	-4.465668e-02	1.370515e+01
4.867000e-05	-5.615907e-02	1.386099e+01
4.868000e-05	-5.767769e-02	1.395729e+01
4.869000e-05	-4.909813e-02	1.409563e+01
4.870000e-05	-4.870313e-02	1.420992e+01
4.871000e-05	-5.951145e-02	1.434565e+01
4.872000e-05	-6.525344e-02	1.448249e+01
4.873000e-05	-6.070246e-02	1.453530e+01
4.874000e-05	-5.778500e-02	1.464156e+01
4.875000e-05	-6.590189e-02	1.471421e+01
4.876000e-05	-7.306159e-02	1.479939e+01
4.877000e-05	-7.344084e-02	1.486315e+01
4.878000e-05	-6.995936e-02	1.495523e+01
4.879000e-05	-7.446337e-02	1.498831e+01
4.880000e-05	-8.565796e-02	1.505304e+01
4.881000e-05	-9.052635e-02	1.511565e+01
4.882000e-05	-8.599843e-02	1.514771e+01
4.883000e-05	-8.489384e-02	1.522986e+01
4.884000e-05	-9.250076e-02	1.523239e+01
4.885000e-05	-1.015147e-01	1.527257e+01
4.886000e-05	-1.014636e-01	1.530513e+01
4.887000e-05	-1.019672e-01	1.529563e+01
4.888000e-05	-1.083741e-01	1.534670e+01
4.889000e-05	-1.193283e-01	1.534876e+01
4.890000e-05	-1.213458e-01	1.532678e+01
4.891000e-05	-1.212185e-01	1.532828e+01
4.892000e-05	-1.265256e-01	1.534576e+01
4.893000e-05	-1.393672e-01	1.531671e+01
4.894000e-05	-1.500259e-01	1.532570e+01
4.895000e-05	-1.549684e-01	1.530265e+01
4.896000e-05	-1.647886e-01	1.527200e+01
4.897000e-05	-1.805803e-01	1.522042e+01
4.898000e-05	-2.048368e-01	1.519831e+01
4.899000e-05	-2.249794e-01	1.511568e+01
4.900000e-05	-2.449684e-01	1.507257e+01
4.901000e-05	-2.495888e-01	1.504249e+01
4.902000e-05	-2.499899e-01	1.497883e+01
4.903000e-05	-2.499904e-01	1.490368e+01
4.904000e-05	-2.499901e-01	1.485104e+01
4.905000e-05	-2.499902e-01	1.474878e+01
4.906000e-05	-2.499905e-01	1.468260e+01
4.907000e-05	-2.490804e-01	1.458891e+01
4.908000e-05	-2.288194e-01	1.447412e+01
4.909000e-05	-1.990961e-01	1.440836e+01
4.910000e-05	-1.767394e-01	1.426410e+01
4.911000e-05	-1.611307e-01	1.418781e+01
4.912000e-05	-1.440010e-01	1.409104e+01
4.913000e-05	-1.289814e-01	1.388663e+01
4.914000e-05	-1.158190e-01	1.380886e+01
4.915000e-05	-1.107830e-01	1.363344e+01
4.916000e-05	-1.009132e-01	1.352465e+01
4.917000e-05	-9.092559e-02	1.337636e+01
4.918000e-05	-8.066997e-02	1.321106e+01
4.919000e-05	-7.885140e-02	1.307410e+01
4.920000e-05	-7.633338e-02	1.291525e+01
4.921000e-05	-7.318634e-02	1.277983e+01
4.922000e-05	-6.401898e-02	1.260194e+01
4.923000e-05	-6.067779e-02	1.246264e+01
4.924000e-05	-5.940359e-02	1.233364e+01
4.925000e-05	-5.789145e-02	1.211370e+01
4.926000e-05	-5.160313e-02	1.191523e+01
4.927000e-05	-4.838385e-02	1.172681e+01
4.928000e-05	-4.939517e-02	1.154635e+01
4.929000e-05	-4.893182e-02	1.131532e+01
4.930000e-05	-4.546886e-02	1.107577e+01
4.931000e-05	-4.024994e-02	1.092577e+01
4.932000e-05	-4.111583e-02	1.075680e+01
4.933000e-05	-4.089559e-02	1.054529e+01
4.934000e-05	-4.098089e-02	1.028620e+01
4.935000e-05	-3.604629e-02	1.009412e+01
4.936000e-05	-3.484109e-02	9.832092e+00
4.937000e-05	-3.514982e-02	9.622033e+00
4.938000e-05	-3.450355e-02	9.398507e+00
4.939000e-05	-3.210517e-02	9.217502e+00
4.940000e-05	-2.865137e-02	8.978851e+00
4.941000e-05	-2.941199e-02	8.735723e+00
4.942000e-05	-3.079544e-02	8.514192e+00
4.943000e-05	-2.950724e-02	8.252684e+00
4.944000e-05	-2.607830e-02	7.990028e+00
4.945000e-05	-2.582257e-02	7.738349e+00
4.946000e-05	-2.633082e-02	7.494795e+00
4.947000e-05	-2.706547e-02	7.211531e+00
4.948000e-05	-2.373343e-02	6.958929e+00
4.949000e-05	-2.220153e-02	6.706868e+00
4.950000e-05	-2.330526e-02	6.422605e+00
4.951000e-05	-2.376955e-02	6.160576e+00
4.952000e-05	-2.206995e-02	5.946448e+00
4.953000e-05	-1.915658e-02	5.642161e+00
4.954000e-05	-1.937999e-02	5.391029e+00
4.955000e-05	-2.059646e-02	5.135365e+00
4.956000e-05	-2.157578e-02	4.757823e+00
4.957000e-05	-1.851269e-02	4.514743e+00
4.958000e-05	-1.776775e-02	4.242207e+00
4.959000e-05	-1.896544e-02	3.937348e+00
4.960000e-05	-1.703440e-02	3.664261e+00
4.961000e-05	-1.699250e-02	3.382203e+00
4.962000e-05	-1.262697e-02	3.125414e+00
4.963000e-05	-1.459417e-02	2.854655e+00
4.964000e-05	-1.654026e-02	2.580549e+00
4.965000e-05	-1.579153e-02	2.245238e+00
4.966000e-05	-1.532734e-02	2.021078e+00
4.967000e-05	-1.374144e-02	1.737365e+00
4.968000e-05	-1.401079e-02	1.412179e+00
4.969000e-05	-1.298703e-02	1.138965e+00
4.970000e-05	-1.045912e-02	7.785769e-01
4.971000e-05	-9.432223e-03	5.268152e-01
4.972000e-05	-7.994983e-03	2.547294e-01
4.973000e-05	-8.364843e-03	-7.062597e-02
4.974000e-05	1.282791e-03	-3.057137e-01
4.975000e-05	1.821970e-03	-5.677693e-01
4.976000e-05	-2.111834e-03	-8.615812e-01
4.977000e-05	-1.145710e-04	-1.114665e+00
4.978000e-05	-1.031770e-03	-1.449980e+00
4.979000e-05	1.362982e-03	-1.672559e+00
4.980000e-05	1.479909e-02	-1.903166e+00
4.981000e-05	7.736478e-02	-2.134648e+00
4.982000e-05	1.008104e-01	-2.472067e+00
4.983000e-05	-5.955361e-02	-2.912614e+00
4.984000e-05	-1.581541e-03	-3.262056e+00
4.985000e-05	-4.921468e-02	-3.484086e+00
4.986000e-05	-4.636427e-02	-3.685113e+00
4.987000e-05	-7.884487e-02	-3.956241e+00
4.988000e-05	1.724148e-01	-4.072640e+00
4.989000e-05	-1.216717e-01	-4.367796e+00
4.990000e-05	8.119221e-02	-4.711437e+00
4.991000e-05	7.518771e-02	-4.905214e+00
4.992000e-05	-1.255293e-01	-5.313440e+00
4.993000e-05	1.587271e-01	-5.575765e+00
4.994000e-05	-1.780224e-01	-5.830379e+00
4.995000e-05	1.176421e-01	-6.093066e+00
4.996000e-05	1.771668e-02	-6.314145e+00
4.997000e-05	-2.673415e-02	-6.630490e+00
4.998000e-05	1.120040e-01	-6.851516e+00
4.999000e-05	-1.172415e-01	-7.166730e+00
