# 260604_11:19:47.053581
t	CH1	CH2
0.000000e+00	-1.014781e-02	5.911812e-01
1.000000e-08	-1.065440e-02	3.683960e-01
2.000000e-08	-9.861269e-03	9.475896e-02
3.000000e-08	-5.368443e-03	-2.119491e-01
4.000000e-08	8.491554e-03	-4.635568e-01
5.000000e-08	-4.396784e-03	-7.789186e-01
6.000000e-08	3.416058e-03	-1.030474e+00
7.000000e-08	-5.238956e-03	-1.342108e+00
8.000000e-08	3.673337e-03	-1.639900e+00
9.000000e-08	3.050706e-03	-1.840048e+00
1.000000e-07	4.557346e-02	-2.050503e+00
1.100000e-07	1.351878e-01	-2.304343e+00
1.200000e-07	-4.100300e-02	-2.734762e+00
1.300000e-07	-1.227492e-02	-3.166294e+00
1.400000e-07	-4.000699e-02	-3.427450e+00
1.500000e-07	-3.121865e-02	-3.629450e+00
1.600000e-07	-1.134128e-01	-3.848449e+00
1.700000e-07	1.372556e-01	-4.040053e+00
1.800000e-07	-2.122653e-02	-4.270055e+00
1.900000e-07	-4.854673e-02	-4.595923e+00
2.000000e-07	2.102267e-01	-4.838448e+00
2.100000e-07	-1.921306e-01	-5.173261e+00
2.200000e-07	1.623731e-01	-5.481555e+00
2.300000e-07	-1.132132e-01	-5.712159e+00
2.400000e-07	3.020439e-03	-6.038002e+00
2.500000e-07	1.380230e-01	-6.238497e+00
2.600000e-07	-1.167283e-01	-6.544162e+00
2.700000e-07	1.685475e-01	-6.787426e+00
2.800000e-07	-1.199532e-01	-7.052108e+00
2.900000e-07	7.056436e-02	-7.384222e+00
3.000000e-07	1.725184e-03	-7.576923e+00
3.100000e-07	-3.555825e-02	-7.923112e+00
3.200000e-07	1.321220e-01	-8.131737e+00
3.300000e-07	-1.061046e-01	-8.394817e+00
3.400000e-07	1.501789e-01	-8.608000e+00
3.500000e-07	-7.898238e-02	-8.891129e+00
3.600000e-07	4.290491e-02	-9.140659e+00
3.700000e-07	9.094521e-03	-9.291158e+00
3.800000e-07	-1.704223e-05	-9.585874e+00
3.900000e-07	9.702381e-02	-9.795770e+00
4.000000e-07	-5.140208e-02	-1.000747e+01
4.100000e-07	1.057644e-01	-1.014597e+01
4.200000e-07	-6.561569e-02	-1.045900e+01
4.300000e-07	9.766180e-02	-1.065901e+01
4.400000e-07	-3.339917e-02	-1.082905e+01
4.500000e-07	5.926106e-02	-1.106153e+01
4.600000e-07	1.044228e-02	-1.125903e+01
4.700000e-07	3.503242e-02	-1.148073e+01
4.800000e-07	4.505442e-02	-1.166098e+01
4.900000e-07	1.536579e-03	-1.190056e+01
5.000000e-07	5.691248e-02	-1.210008e+01
5.100000e-07	2.783160e-03	-1.226960e+01
5.200000e-07	7.582361e-02	-1.244047e+01
5.300000e-07	-6.282161e-04	-1.261692e+01
5.400000e-07	5.782176e-02	-1.275580e+01
5.500000e-07	9.080727e-03	-1.293179e+01
5.600000e-07	6.198998e-02	-1.310013e+01
5.700000e-07	2.685192e-02	-1.322802e+01
5.800000e-07	5.205549e-02	-1.341344e+01
5.900000e-07	3.740570e-02	-1.348971e+01
6.000000e-07	4.901144e-02	-1.368153e+01
6.100000e-07	4.837669e-02	-1.377642e+01
6.200000e-07	3.673564e-02	-1.392271e+01
6.300000e-07	4.809400e-02	-1.400956e+01
6.400000e-07	4.529273e-02	-1.413444e+01
6.500000e-07	6.551182e-02	-1.432914e+01
6.600000e-07	4.855059e-02	-1.439652e+01
6.700000e-07	6.100594e-02	-1.454274e+01
6.800000e-07	4.819781e-02	-1.461650e+01
6.900000e-07	7.057829e-02	-1.469176e+01
7.000000e-07	5.920779e-02	-1.478635e+01
7.100000e-07	6.817863e-02	-1.487956e+01
7.200000e-07	6.176493e-02	-1.491229e+01
7.300000e-07	7.489256e-02	-1.502502e+01
7.400000e-07	7.188907e-02	-1.509811e+01
7.500000e-07	7.393031e-02	-1.510229e+01
7.600000e-07	7.458932e-02	-1.517442e+01
7.700000e-07	8.222744e-02	-1.521898e+01
7.800000e-07	9.261942e-02	-1.528848e+01
7.900000e-07	8.848230e-02	-1.529276e+01
8.000000e-07	9.202141e-02	-1.534226e+01
8.100000e-07	8.914710e-02	-1.538539e+01
8.200000e-07	1.023854e-01	-1.537490e+01
8.300000e-07	1.020531e-01	-1.540340e+01
8.400000e-07	1.094094e-01	-1.541660e+01
8.500000e-07	1.111183e-01	-1.540757e+01
8.600000e-07	1.235533e-01	-1.540760e+01
8.700000e-07	1.279321e-01	-1.539698e+01
8.800000e-07	1.314406e-01	-1.537585e+01
8.900000e-07	1.360097e-01	-1.537537e+01
9.000000e-07	1.488394e-01	-1.535289e+01
9.100000e-07	1.659949e-01	-1.530329e+01
9.200000e-07	1.810112e-01	-1.527966e+01
9.300000e-07	1.996329e-01	-1.520898e+01
9.400000e-07	2.245889e-01	-1.518547e+01
9.500000e-07	2.478936e-01	-1.514329e+01
9.600000e-07	2.499992e-01	-1.509921e+01
9.700000e-07	2.500000e-01	-1.504560e+01
9.800000e-07	2.500000e-01	-1.497439e+01
9.900000e-07	2.500000e-01	-1.488111e+01
1.000000e-06	2.500000e-01	-1.478755e+01
1.010000e-06	2.500000e-01	-1.473330e+01
1.020000e-06	2.414759e-01	-1.465803e+01
1.030000e-06	2.116271e-01	-1.454389e+01
1.040000e-06	1.872179e-01	-1.445008e+01
1.050000e-06	1.641651e-01	-1.434179e+01
1.060000e-06	1.436498e-01	-1.424760e+01
1.070000e-06	1.258752e-01	-1.410029e+01
1.080000e-06	1.150077e-01	-1.396540e+01
1.090000e-06	1.031951e-01	-1.385808e+01
1.100000e-06	9.190994e-02	-1.373427e+01
1.110000e-06	8.244744e-02	-1.356545e+01
1.120000e-06	7.742950e-02	-1.341658e+01
1.130000e-06	7.212420e-02	-1.331326e+01
1.140000e-06	6.695204e-02	-1.309590e+01
1.150000e-06	5.917204e-02	-1.299748e+01
1.160000e-06	5.494174e-02	-1.286061e+01
1.170000e-06	5.312161e-02	-1.268978e+01
1.180000e-06	4.963955e-02	-1.256082e+01
1.190000e-06	4.431925e-02	-1.236740e+01
1.200000e-06	4.133636e-02	-1.217697e+01
1.210000e-06	3.922267e-02	-1.199547e+01
1.220000e-06	3.695551e-02	-1.175712e+01
1.230000e-06	3.352146e-02	-1.161597e+01
1.240000e-06	3.064026e-02	-1.132342e+01
1.250000e-06	3.009328e-02	-1.118594e+01
1.260000e-06	2.996807e-02	-1.093435e+01
1.270000e-06	2.804859e-02	-1.076442e+01
1.280000e-06	2.495553e-02	-1.059339e+01
1.290000e-06	2.273639e-02	-1.034642e+01
1.300000e-06	2.189598e-02	-1.012331e+01
1.310000e-06	2.035838e-02	-9.883285e+00
1.320000e-06	1.854093e-02	-9.712338e+00
1.330000e-06	1.700100e-02	-9.440638e+00
1.340000e-06	1.731785e-02	-9.230656e+00
1.350000e-06	1.735090e-02	-9.008053e+00
1.360000e-06	1.515301e-02	-8.807498e+00
1.370000e-06	1.314841e-02	-8.523971e+00
1.380000e-06	1.131030e-02	-8.294287e+00
1.390000e-06	1.218022e-02	-8.082286e+00
1.400000e-06	1.111375e-02	-7.820477e+00
1.410000e-06	9.686726e-03	-7.526267e+00
1.420000e-06	8.769085e-03	-7.321838e+00
1.430000e-06	7.508692e-03	-7.040107e+00
1.440000e-06	7.051657e-03	-6.736446e+00
1.450000e-06	4.518868e-03	-6.515393e+00
1.460000e-06	5.226964e-03	-6.261657e+00
1.470000e-06	4.662635e-03	-5.967902e+00
1.480000e-06	4.619301e-03	-5.723718e+00
1.490000e-06	3.821584e-03	-5.401684e+00
1.500000e-06	2.025576e-03	-5.145846e+00
1.510000e-06	6.656093e-04	-4.829581e+00
1.520000e-06	1.962757e-03	-4.515867e+00
1.530000e-06	2.388117e-03	-4.305368e+00
1.540000e-06	-1.175764e-03	-4.029656e+00
1.550000e-06	-1.907958e-03	-3.727498e+00
1.560000e-06	-2.819579e-03	-3.504738e+00
1.570000e-06	-1.037688e-03	-3.200603e+00
1.580000e-06	-4.331499e-04	-2.913892e+00
1.590000e-06	-3.667447e-03	-2.632681e+00
1.600000e-06	-1.979853e-03	-2.348451e+00
1.610000e-06	-5.448257e-03	-2.091636e+00
1.620000e-06	-4.128320e-03	-1.780454e+00
1.630000e-06	-8.577792e-03	-1.546862e+00
1.640000e-06	-6.750948e-03	-1.158420e+00
1.650000e-06	-5.784531e-03	-8.552391e-01
1.660000e-06	-3.721200e-03	-5.790820e-01
1.670000e-06	-3.914508e-03	-3.568417e-01
1.680000e-06	-4.755897e-03	-6.375771e-02
1.690000e-06	5.664683e-03	2.515517e-01
1.700000e-06	-1.642863e-05	4.931584e-01
1.710000e-06	2.113239e-03	7.353186e-01
1.720000e-06	-1.535340e-03	1.051499e+00
1.730000e-06	-8.001797e-04	1.325238e+00
1.740000e-06	-1.816882e-04	1.639929e+00
1.750000e-06	7.667854e-03	1.865135e+00
1.760000e-06	2.770011e-02	2.113686e+00
1.770000e-06	1.072994e-01	2.387845e+00
1.780000e-06	8.609950e-03	2.744816e+00
1.790000e-06	-4.964891e-02	3.041452e+00
1.800000e-06	-3.246398e-02	3.285240e+00
1.810000e-06	-3.201484e-02	3.589394e+00
1.820000e-06	-6.538504e-02	3.851048e+00
1.830000e-06	-6.698370e-02	3.988974e+00
1.840000e-06	1.071389e-01	4.294638e+00
1.850000e-06	-5.357571e-02	4.609003e+00
1.860000e-06	6.991341e-03	4.808973e+00
1.870000e-06	1.247831e-01	5.157844e+00
1.880000e-06	-1.469393e-01	5.492207e+00
1.890000e-06	7.519171e-02	5.733683e+00
1.900000e-06	-7.116390e-02	6.018524e+00
1.910000e-06	3.349648e-02	6.251128e+00
1.920000e-06	1.244828e-02	6.526240e+00
1.930000e-06	-5.905283e-02	6.808951e+00
1.940000e-06	4.553148e-02	7.079581e+00
1.950000e-06	-6.592575e-02	7.324207e+00
1.960000e-06	4.060060e-02	7.616950e+00
1.970000e-06	-7.697754e-02	7.842679e+00
1.980000e-06	2.053079e-02	8.165897e+00
1.990000e-06	9.412334e-03	8.386399e+00
2.000000e-06	-3.380798e-02	8.577372e+00
2.010000e-06	2.013656e-02	8.809445e+00
2.020000e-06	-7.353732e-02	9.090036e+00
2.030000e-06	7.650197e-03	9.270108e+00
2.040000e-06	-2.649375e-02	9.523188e+00
2.050000e-06	6.396439e-03	9.754214e+00
2.060000e-06	-3.789731e-02	9.975919e+00
2.070000e-06	-1.602303e-02	1.016805e+01
2.080000e-06	-5.592376e-03	1.037898e+01
2.090000e-06	-3.351950e-02	1.061703e+01
2.100000e-06	-2.055414e-02	1.085898e+01
2.110000e-06	-4.655706e-02	1.100697e+01
2.120000e-06	-8.620645e-03	1.122015e+01
2.130000e-06	-2.671548e-02	1.145815e+01
2.140000e-06	-1.992196e-02	1.160898e+01
2.150000e-06	-4.504442e-02	1.181008e+01
2.160000e-06	-2.699219e-02	1.204051e+01
2.170000e-06	-2.566312e-02	1.223645e+01
2.180000e-06	-2.834684e-02	1.238535e+01
2.190000e-06	-4.088872e-02	1.255529e+01
2.200000e-06	-4.480316e-02	1.273226e+01
2.210000e-06	-2.978897e-02	1.286113e+01
2.220000e-06	-3.676415e-02	1.303702e+01
2.230000e-06	-3.984749e-02	1.315585e+01
2.240000e-06	-5.322809e-02	1.333324e+01
2.250000e-06	-3.491051e-02	1.346863e+01
2.260000e-06	-4.116743e-02	1.359705e+01
2.270000e-06	-4.416348e-02	1.371276e+01
2.280000e-06	-6.154682e-02	1.385868e+01
2.290000e-06	-5.368675e-02	1.400698e+01
2.300000e-06	-4.958622e-02	1.416287e+01
2.310000e-06	-5.123874e-02	1.430971e+01
2.320000e-06	-6.065130e-02	1.437492e+01
2.330000e-06	-6.593307e-02	1.450121e+01
2.340000e-06	-5.578420e-02	1.456787e+01
2.350000e-06	-6.170545e-02	1.461858e+01
2.360000e-06	-6.500841e-02	1.476437e+01
2.370000e-06	-7.717134e-02	1.483963e+01
2.380000e-06	-6.927058e-02	1.488113e+01
2.390000e-06	-7.088980e-02	1.496577e+01
2.400000e-06	-7.672688e-02	1.502698e+01
2.410000e-06	-8.869828e-02	1.509124e+01
2.420000e-06	-9.012169e-02	1.512282e+01
2.430000e-06	-8.437808e-02	1.514482e+01
2.440000e-06	-8.726135e-02	1.518595e+01
2.450000e-06	-9.614683e-02	1.524963e+01
2.460000e-06	-1.034134e-01	1.529074e+01
2.470000e-06	-1.012521e-01	1.530331e+01
2.480000e-06	-1.036984e-01	1.535177e+01
2.490000e-06	-1.129960e-01	1.533324e+01
2.500000e-06	-1.208664e-01	1.536344e+01
2.510000e-06	-1.242427e-01	1.533485e+01
2.520000e-06	-1.230421e-01	1.531382e+01
2.530000e-06	-1.330815e-01	1.535239e+01
2.540000e-06	-1.452820e-01	1.535237e+01
2.550000e-06	-1.564815e-01	1.529976e+01
2.560000e-06	-1.604824e-01	1.527972e+01
2.570000e-06	-1.753788e-01	1.520908e+01
2.580000e-06	-1.940656e-01	1.521805e+01
2.590000e-06	-2.209906e-01	1.515495e+01
2.600000e-06	-2.420507e-01	1.510431e+01
2.610000e-06	-2.499566e-01	1.509216e+01
2.620000e-06	-2.500000e-01	1.500793e+01
2.630000e-06	-2.500000e-01	1.495537e+01
2.640000e-06	-2.500000e-01	1.487124e+01
2.650000e-06	-2.500000e-01	1.479755e+01
2.660000e-06	-2.500000e-01	1.473389e+01
2.670000e-06	-2.500000e-01	1.468815e+01
2.680000e-06	-2.421059e-01	1.455439e+01
2.690000e-06	-2.074467e-01	1.450011e+01
2.700000e-06	-1.809434e-01	1.433642e+01
2.710000e-06	-1.638294e-01	1.423908e+01
2.720000e-06	-1.484311e-01	1.412237e+01
2.730000e-06	-1.350458e-01	1.401455e+01
2.740000e-06	-1.191131e-01	1.389918e+01
2.750000e-06	-1.108534e-01	1.372334e+01
2.760000e-06	-1.027822e-01	1.357795e+01
2.770000e-06	-9.346935e-02	1.347024e+01
2.780000e-06	-8.245245e-02	1.333387e+01
2.790000e-06	-7.552716e-02	1.318693e+01
2.800000e-06	-7.474609e-02	1.307705e+01
2.810000e-06	-7.276167e-02	1.291171e+01
2.820000e-06	-6.844483e-02	1.274442e+01
2.830000e-06	-6.249837e-02	1.255542e+01
2.840000e-06	-5.927947e-02	1.239803e+01
2.850000e-06	-5.788713e-02	1.225760e+01
2.860000e-06	-5.201539e-02	1.204118e+01
2.870000e-06	-4.769444e-02	1.188018e+01
2.880000e-06	-4.606745e-02	1.166066e+01
2.890000e-06	-4.851012e-02	1.147021e+01
2.900000e-06	-4.715962e-02	1.123971e+01
2.910000e-06	-4.403913e-02	1.103921e+01
2.920000e-06	-3.972740e-02	1.088213e+01
2.930000e-06	-3.943320e-02	1.065021e+01
2.940000e-06	-3.924548e-02	1.046019e+01
2.950000e-06	-3.643444e-02	1.023916e+01
2.960000e-06	-3.407801e-02	9.999556e+00
2.970000e-06	-3.295914e-02	9.756001e+00
2.980000e-06	-3.364842e-02	9.555449e+00
2.990000e-06	-3.226532e-02	9.397971e+00
3.000000e-06	-2.918611e-02	9.104863e+00
3.010000e-06	-2.922412e-02	8.882163e+00
3.020000e-06	-3.178796e-02	8.630610e+00
3.030000e-06	-3.122974e-02	8.410633e+00
3.040000e-06	-2.863729e-02	8.207052e+00
3.050000e-06	-2.475510e-02	7.915869e+00
3.060000e-06	-2.363513e-02	7.652190e+00
3.070000e-06	-2.492087e-02	7.419151e+00
3.080000e-06	-2.434098e-02	7.136394e+00
3.090000e-06	-2.420813e-02	6.914263e+00
3.100000e-06	-2.406654e-02	6.619182e+00
3.110000e-06	-2.570146e-02	6.346972e+00
3.120000e-06	-2.207941e-02	6.113890e+00
3.130000e-06	-2.084367e-02	5.852731e+00
3.140000e-06	-1.800785e-02	5.567480e+00
3.150000e-06	-2.045326e-02	5.286438e+00
3.160000e-06	-1.864916e-02	5.010053e+00
3.170000e-06	-1.955852e-02	4.663239e+00
3.180000e-06	-1.797330e-02	4.431132e+00
3.190000e-06	-1.947541e-02	4.116444e+00
3.200000e-06	-1.929057e-02	3.893739e+00
3.210000e-06	-1.830375e-02	3.589631e+00
3.220000e-06	-1.585049e-02	3.335866e+00
3.230000e-06	-1.601794e-02	3.052680e+00
3.240000e-06	-1.493602e-02	2.789503e+00
3.250000e-06	-1.573253e-02	2.515285e+00
3.260000e-06	-1.386887e-02	2.178653e+00
3.270000e-06	-1.356486e-02	1.916917e+00
3.280000e-06	-1.345962e-02	1.653181e+00
3.290000e-06	-1.487088e-02	1.346999e+00
3.300000e-06	-1.351888e-02	9.831283e-01
3.310000e-06	-1.133413e-02	7.174142e-01
3.320000e-06	-1.019782e-02	4.727075e-01
3.330000e-06	-1.107127e-02	1.490967e-01
3.340000e-06	-8.149195e-03	-1.436897e-01
3.350000e-06	6.710312e-03	-3.678475e-01
3.360000e-06	-3.051929e-03	-7.115293e-01
3.370000e-06	3.461174e-03	-9.637409e-01
3.380000e-06	-4.087728e-03	-1.158375e+00
3.390000e-06	7.749816e-04	-1.514211e+00
3.400000e-06	-2.106611e-03	-1.745867e+00
3.410000e-06	2.600584e-02	-1.955842e+00
3.420000e-06	1.136024e-01	-2.179452e+00
3.430000e-06	3.955606e-02	-2.619398e+00
3.440000e-06	-5.193117e-02	-3.018322e+00
3.450000e-06	-5.499733e-03	-3.325267e+00
3.460000e-06	-4.651047e-02	-3.526345e+00
3.470000e-06	-7.478678e-02	-3.776813e+00
3.480000e-06	-5.756262e-03	-3.997947e+00
3.490000e-06	1.518686e-01	-4.124767e+00
3.500000e-06	-1.889889e-01	-4.449502e+00
3.510000e-06	1.967978e-01	-4.723313e+00
3.520000e-06	-1.008610e-01	-5.006820e+00
3.530000e-06	1.361949e-02	-5.345345e+00
3.540000e-06	7.593304e-02	-5.576918e+00
3.550000e-06	-1.760655e-01	-5.913188e+00
3.560000e-06	2.011062e-01	-6.123268e+00
3.570000e-06	-1.110038e-01	-6.427320e+00
3.580000e-06	9.856066e-02	-6.702711e+00
3.590000e-06	7.915879e-03	-6.925712e+00
3.600000e-06	-5.980156e-02	-7.292031e+00
3.610000e-06	1.205354e-01	-7.511659e+00
3.620000e-06	-1.188760e-01	-7.794369e+00
3.630000e-06	1.482514e-01	-8.058055e+00
3.640000e-06	-6.597636e-02	-8.291134e+00
3.650000e-06	5.843662e-02	-8.522686e+00
3.660000e-06	4.786439e-02	-8.774825e+00
3.670000e-06	-7.477317e-02	-9.058075e+00
3.680000e-06	1.021025e-01	-9.218951e+00
3.690000e-06	-7.917619e-02	-9.440032e+00
3.700000e-06	1.381666e-01	-9.721185e+00
3.710000e-06	-5.421688e-02	-9.872656e+00
3.720000e-06	8.532458e-02	-1.013324e+01
3.730000e-06	-1.767282e-02	-1.036339e+01
3.740000e-06	3.185736e-02	-1.055584e+01
3.750000e-06	3.853971e-02	-1.076489e+01
3.760000e-06	-1.495179e-02	-1.099529e+01
3.770000e-06	7.226682e-02	-1.118544e+01
3.780000e-06	-1.963776e-02	-1.141377e+01
3.790000e-06	8.847671e-02	-1.158740e+01
3.800000e-06	-2.353202e-02	-1.182645e+01
3.810000e-06	6.993192e-02	-1.200645e+01
3.820000e-06	-3.596065e-03	-1.217387e+01
3.830000e-06	6.770403e-02	-1.238440e+01
3.840000e-06	1.591878e-02	-1.252224e+01
3.850000e-06	3.773121e-02	-1.270168e+01
3.860000e-06	2.988317e-02	-1.285950e+01
3.870000e-06	3.571406e-02	-1.301750e+01
3.880000e-06	5.176265e-02	-1.315279e+01
3.890000e-06	2.771142e-02	-1.329179e+01
3.900000e-06	5.757073e-02	-1.346810e+01
3.910000e-06	3.132671e-02	-1.358700e+01
3.920000e-06	6.494062e-02	-1.375324e+01
3.930000e-06	2.835696e-02	-1.388764e+01
3.940000e-06	5.287099e-02	-1.400500e+01
3.950000e-06	3.578291e-02	-1.412174e+01
3.960000e-06	6.603493e-02	-1.426703e+01
3.970000e-06	4.939912e-02	-1.436292e+01
3.980000e-06	5.925929e-02	-1.445901e+01
3.990000e-06	5.070820e-02	-1.459489e+01
4.000000e-06	6.461731e-02	-1.468766e+01
4.010000e-06	6.561854e-02	-1.472327e+01
4.020000e-06	6.183407e-02	-1.480750e+01
4.030000e-06	6.499968e-02	-1.491169e+01
4.040000e-06	6.690560e-02	-1.494440e+01
4.050000e-06	7.758250e-02	-1.505718e+01
4.060000e-06	6.971207e-02	-1.509073e+01
4.070000e-06	7.677751e-02	-1.515235e+01
4.080000e-06	7.580682e-02	-1.517598e+01
4.090000e-06	9.137611e-02	-1.525856e+01
4.100000e-06	8.836619e-02	-1.529013e+01
4.110000e-06	9.246430e-02	-1.534124e+01
4.120000e-06	9.071821e-02	-1.536133e+01
4.130000e-06	9.823429e-02	-1.536587e+01
4.140000e-06	1.027306e-01	-1.541540e+01
4.150000e-06	1.057454e-01	-1.543655e+01
4.160000e-06	1.103603e-01	-1.541502e+01
4.170000e-06	1.174094e-01	-1.544858e+01
4.180000e-06	1.269075e-01	-1.541650e+01
4.190000e-06	1.295696e-01	-1.541645e+01
4.200000e-06	1.353966e-01	-1.539335e+01
4.210000e-06	1.440636e-01	-1.535387e+01
4.220000e-06	1.606257e-01	-1.537234e+01
4.230000e-06	1.747128e-01	-1.527969e+01
4.240000e-06	1.909200e-01	-1.524963e+01
4.250000e-06	2.141694e-01	-1.520550e+01
4.260000e-06	2.413839e-01	-1.518540e+01
4.270000e-06	2.499689e-01	-1.510969e+01
4.280000e-06	2.500000e-01	-1.510660e+01
4.290000e-06	2.500000e-01	-1.498545e+01
4.300000e-06	2.500000e-01	-1.491227e+01
4.310000e-06	2.500000e-01	-1.484806e+01
4.320000e-06	2.500000e-01	-1.474542e+01
4.330000e-06	2.487632e-01	-1.467118e+01
4.340000e-06	2.240325e-01	-1.457647e+01
4.350000e-06	1.953967e-01	-1.449179e+01
4.360000e-06	1.730120e-01	-1.437600e+01
4.370000e-06	1.505127e-01	-1.426868e+01
4.380000e-06	1.324790e-01	-1.415337e+01
4.390000e-06	1.182434e-01	-1.399868e+01
4.400000e-06	1.088909e-01	-1.390286e+01
4.410000e-06	9.585009e-02	-1.375495e+01
4.420000e-06	8.681864e-02	-1.361760e+01
4.430000e-06	7.887758e-02	-1.349121e+01
4.440000e-06	7.598773e-02	-1.337389e+01
4.450000e-06	6.768023e-02	-1.321805e+01
4.460000e-06	6.296502e-02	-1.303916e+01
4.470000e-06	5.455580e-02	-1.292279e+01
4.480000e-06	5.461126e-02	-1.275537e+01
4.490000e-06	4.988324e-02	-1.256655e+01
4.500000e-06	4.527849e-02	-1.244811e+01
4.510000e-06	4.239570e-02	-1.226026e+01
4.520000e-06	3.952775e-02	-1.204963e+01
4.530000e-06	4.036973e-02	-1.187773e+01
4.540000e-06	3.793370e-02	-1.168069e+01
4.550000e-06	3.242315e-02	-1.147265e+01
4.560000e-06	3.138279e-02	-1.121913e+01
4.570000e-06	2.737579e-02	-1.100760e+01
4.580000e-06	2.738316e-02	-1.082011e+01
4.590000e-06	2.241039e-02	-1.063866e+01
4.600000e-06	2.292398e-02	-1.045865e+01
4.610000e-06	2.281477e-02	-1.022600e+01
4.620000e-06	2.453801e-02	-9.967919e+00
4.630000e-06	2.222964e-02	-9.776997e+00
4.640000e-06	1.805216e-02	-9.555996e+00
4.650000e-06	1.569412e-02	-9.334419e+00
4.660000e-06	1.621548e-02	-9.032286e+00
4.670000e-06	1.549805e-02	-8.884238e+00
4.680000e-06	1.254763e-02	-8.648679e+00
4.690000e-06	1.142452e-02	-8.407577e+00
4.700000e-06	1.274056e-02	-8.196497e+00
4.710000e-06	1.347821e-02	-7.905791e+00
4.720000e-06	1.090648e-02	-7.620655e+00
4.730000e-06	8.873442e-03	-7.377047e+00
4.740000e-06	8.689078e-03	-7.093945e+00
4.750000e-06	8.346642e-03	-6.872185e+00
4.760000e-06	7.487028e-03	-6.609576e+00
4.770000e-06	3.266110e-03	-6.355997e+00
4.780000e-06	4.094683e-03	-6.062789e+00
4.790000e-06	2.891341e-03	-5.839602e+00
4.800000e-06	5.351502e-03	-5.545896e+00
4.810000e-06	1.982133e-03	-5.242210e+00
4.820000e-06	2.690855e-03	-4.955396e+00
4.830000e-06	2.961810e-03	-4.629107e+00
4.840000e-06	3.804987e-03	-4.379052e+00
4.850000e-06	8.017723e-04	-4.146896e+00
4.860000e-06	-2.700495e-03	-3.875235e+00
4.870000e-06	-2.021565e-03	-3.598497e+00
4.880000e-06	-3.169229e-03	-3.316817e+00
4.890000e-06	-1.372416e-03	-3.032202e+00
4.900000e-06	-4.439303e-03	-2.726871e+00
4.910000e-06	-2.184485e-03	-2.463763e+00
4.920000e-06	-2.678766e-03	-2.169118e+00
4.930000e-06	-1.238175e-03	-1.894314e+00
4.940000e-06	-5.031046e-03	-1.632205e+00
4.950000e-06	-5.046147e-03	-1.275438e+00
4.960000e-06	-7.080430e-03	-1.018479e+00
4.970000e-06	-6.892131e-03	-7.153433e-01
4.980000e-06	-7.387134e-03	-4.231311e-01
4.990000e-06	-6.116711e-03	-1.569207e-01
5.000000e-06	1.282798e-03	9.365965e-02
5.010000e-06	8.715362e-03	4.094927e-01
5.020000e-06	3.066532e-04	6.726020e-01
5.030000e-06	5.815724e-03	8.851361e-01
5.040000e-06	-3.325582e-03	1.230950e+00
5.050000e-06	1.749171e-03	1.484636e+00
5.060000e-06	-4.298079e-03	1.787846e+00
5.070000e-06	1.785532e-02	1.999471e+00
5.080000e-06	7.029957e-02	2.261103e+00
5.090000e-06	8.258128e-02	2.609347e+00
5.100000e-06	-6.300062e-02	2.915187e+00
5.110000e-06	-2.177449e-02	3.167946e+00
5.120000e-06	-4.420838e-02	3.494162e+00
5.130000e-06	-2.710079e-02	3.755767e+00
5.140000e-06	-9.340063e-02	3.916266e+00
5.150000e-06	3.799889e-02	4.187846e+00
5.160000e-06	7.100877e-02	4.482636e+00
5.170000e-06	-1.235115e-01	4.713815e+00
5.180000e-06	1.913000e-01	4.990924e+00
5.190000e-06	-1.236762e-01	5.356769e+00
5.200000e-06	9.304320e-03	5.569450e+00
5.210000e-06	-2.342473e-03	5.884266e+00
5.220000e-06	-4.053888e-02	6.175365e+00
5.230000e-06	6.990847e-02	6.388473e+00
5.240000e-06	-7.594619e-02	6.663612e+00
5.250000e-06	4.053781e-02	6.956388e+00
5.260000e-06	-4.209906e-02	7.228074e+00
5.270000e-06	3.603163e-03	7.512706e+00
5.280000e-06	-2.527912e-02	7.765841e+00
5.290000e-06	-3.779207e-02	8.040205e+00
5.300000e-06	4.114035e-02	8.313185e+00
5.310000e-06	-4.046763e-02	8.532736e+00
5.320000e-06	1.208678e-02	8.723740e+00
5.330000e-06	-3.304066e-02	8.975870e+00
5.340000e-06	-4.037600e-02	9.167453e+00
5.350000e-06	9.655005e-03	9.418955e+00
5.360000e-06	-2.564746e-02	9.661129e+00
5.370000e-06	-3.655076e-03	9.902638e+00
5.380000e-06	-4.509359e-02	1.011271e+01
5.390000e-06	5.544679e-03	1.031469e+01
5.400000e-06	-3.051062e-02	1.057232e+01
5.410000e-06	-2.316924e-02	1.071464e+01
5.420000e-06	-3.256742e-02	1.096334e+01
5.430000e-06	-2.944689e-02	1.115526e+01
5.440000e-06	-6.634089e-03	1.141389e+01
5.450000e-06	-3.581307e-02	1.156339e+01
5.460000e-06	-2.785958e-02	1.175387e+01
5.470000e-06	-4.554070e-02	1.191637e+01
5.480000e-06	-1.637294e-02	1.215324e+01
5.490000e-06	-3.039383e-02	1.234277e+01
5.500000e-06	-3.231111e-02	1.250164e+01
5.510000e-06	-4.487886e-02	1.263858e+01
5.520000e-06	-3.665455e-02	1.278752e+01
5.530000e-06	-2.984489e-02	1.294337e+01
5.540000e-06	-4.261863e-02	1.310079e+01
5.550000e-06	-4.548543e-02	1.329054e+01
5.560000e-06	-4.432403e-02	1.346400e+01
5.570000e-06	-3.368930e-02	1.352482e+01
5.580000e-06	-4.500746e-02	1.371166e+01
5.590000e-06	-5.542550e-02	1.380502e+01
5.600000e-06	-5.888165e-02	1.397284e+01
5.610000e-06	-4.992127e-02	1.410063e+01
5.620000e-06	-4.818750e-02	1.422755e+01
5.630000e-06	-5.801363e-02	1.437282e+01
5.640000e-06	-6.374000e-02	1.441713e+01
5.650000e-06	-6.064853e-02	1.452329e+01
5.660000e-06	-5.750320e-02	1.463711e+01
5.670000e-06	-6.404032e-02	1.471227e+01
5.680000e-06	-7.437451e-02	1.480744e+01
5.690000e-06	-7.352576e-02	1.485964e+01
5.700000e-06	-7.003117e-02	1.489174e+01
5.710000e-06	-7.335649e-02	1.499490e+01
5.720000e-06	-8.548778e-02	1.507853e+01
5.730000e-06	-8.962978e-02	1.510274e+01
5.740000e-06	-8.527103e-02	1.511481e+01
5.750000e-06	-8.518641e-02	1.517647e+01
5.760000e-06	-9.296761e-02	1.523803e+01
5.770000e-06	-1.028483e-01	1.527026e+01
5.780000e-06	-1.011213e-01	1.531111e+01
5.790000e-06	-1.031844e-01	1.534077e+01
5.800000e-06	-1.083990e-01	1.534129e+01
5.810000e-06	-1.206472e-01	1.539339e+01
5.820000e-06	-1.226609e-01	1.535189e+01
5.830000e-06	-1.226152e-01	1.536389e+01
5.840000e-06	-1.276780e-01	1.534379e+01
5.850000e-06	-1.422516e-01	1.537224e+01
5.860000e-06	-1.535683e-01	1.531342e+01
5.870000e-06	-1.587983e-01	1.527966e+01
5.880000e-06	-1.679394e-01	1.522868e+01
5.890000e-06	-1.855317e-01	1.524750e+01
5.900000e-06	-2.130348e-01	1.515702e+01
5.910000e-06	-2.354171e-01	1.515484e+01
5.920000e-06	-2.490525e-01	1.509278e+01
5.930000e-06	-2.500000e-01	1.501913e+01
5.940000e-06	-2.500000e-01	1.495642e+01
5.950000e-06	-2.500000e-01	1.492177e+01
5.960000e-06	-2.500000e-01	1.479910e+01
5.970000e-06	-2.500000e-01	1.476492e+01
5.980000e-06	-2.500000e-01	1.469073e+01
5.990000e-06	-2.491634e-01	1.459687e+01
6.000000e-06	-2.233547e-01	1.454191e+01
6.010000e-06	-1.911593e-01	1.440547e+01
6.020000e-06	-1.697458e-01	1.428176e+01
6.030000e-06	-1.543919e-01	1.417537e+01
6.040000e-06	-1.391560e-01	1.401868e+01
6.050000e-06	-1.221066e-01	1.392234e+01
6.060000e-06	-1.108866e-01	1.379600e+01
6.070000e-06	-1.056305e-01	1.366010e+01
6.080000e-06	-9.915534e-02	1.351336e+01
6.090000e-06	-8.796959e-02	1.336697e+01
6.100000e-06	-7.793576e-02	1.322163e+01
6.110000e-06	-7.604035e-02	1.312223e+01
6.120000e-06	-7.376790e-02	1.292482e+01
6.130000e-06	-6.973620e-02	1.278702e+01
6.140000e-06	-6.114513e-02	1.260703e+01
6.150000e-06	-5.904251e-02	1.248119e+01
6.160000e-06	-5.832179e-02	1.229134e+01
6.170000e-06	-5.695938e-02	1.212542e+01
6.180000e-06	-4.974308e-02	1.193344e+01
6.190000e-06	-4.661175e-02	1.174395e+01
6.200000e-06	-4.874491e-02	1.153500e+01
6.210000e-06	-4.900423e-02	1.129337e+01
6.220000e-06	-4.409738e-02	1.111387e+01
6.230000e-06	-3.864116e-02	1.094449e+01
6.240000e-06	-3.890506e-02	1.073277e+01
6.250000e-06	-3.965674e-02	1.055549e+01
6.260000e-06	-3.865228e-02	1.030442e+01
6.270000e-06	-3.476781e-02	1.010324e+01
6.280000e-06	-3.331859e-02	9.880736e+00
6.290000e-06	-3.384745e-02	9.620732e+00
6.300000e-06	-3.542997e-02	9.409157e+00
6.310000e-06	-3.058921e-02	9.198952e+00
6.320000e-06	-2.830267e-02	8.985947e+00
6.330000e-06	-2.909108e-02	8.715317e+00
6.340000e-06	-3.058712e-02	8.534866e+00
6.350000e-06	-2.891714e-02	8.260788e+00
6.360000e-06	-2.531248e-02	7.969603e+00
6.370000e-06	-2.440546e-02	7.738073e+00
6.380000e-06	-2.629084e-02	7.492818e+00
6.390000e-06	-2.680484e-02	7.271106e+00
6.400000e-06	-2.327363e-02	6.998025e+00
6.410000e-06	-2.174683e-02	6.744896e+00
6.420000e-06	-2.264190e-02	6.451662e+00
6.430000e-06	-2.450132e-02	6.219602e+00
6.440000e-06	-2.157841e-02	5.945971e+00
6.450000e-06	-2.046000e-02	5.684363e+00
6.460000e-06	-1.922124e-02	5.420153e+00
6.470000e-06	-2.126198e-02	5.103964e+00
6.480000e-06	-2.060509e-02	4.807980e+00
6.490000e-06	-1.891599e-02	4.523872e+00
6.500000e-06	-1.713089e-02	4.261211e+00
6.510000e-06	-1.888133e-02	3.978519e+00
6.520000e-06	-1.906117e-02	3.714292e+00
6.530000e-06	-1.758995e-02	3.432680e+00
6.540000e-06	-1.468109e-02	3.147345e+00
6.550000e-06	-1.513262e-02	2.843788e+00
6.560000e-06	-1.684978e-02	2.598128e+00
6.570000e-06	-1.565412e-02	2.265763e+00
6.580000e-06	-1.320554e-02	2.062733e+00
6.590000e-06	-1.198702e-02	1.738947e+00
6.600000e-06	-1.391444e-02	1.423659e+00
6.610000e-06	-1.434790e-02	1.156472e+00
6.620000e-06	-1.192406e-02	8.610562e-01
6.630000e-06	-9.254024e-03	5.269745e-01
6.640000e-06	-1.027591e-02	2.942628e-01
6.650000e-06	-8.612361e-03	-1.047510e-03
6.660000e-06	-3.242412e-04	-3.236107e-01
6.670000e-06	3.854814e-03	-5.567124e-01
6.680000e-06	-1.784464e-03	-8.215778e-01
6.690000e-06	4.264435e-04	-1.122129e+00
6.700000e-06	-2.308125e-03	-1.357943e+00
6.710000e-06	1.381411e-03	-1.621053e+00
6.720000e-06	1.139942e-02	-1.881533e+00
6.730000e-06	6.547685e-02	-2.093684e+00
6.740000e-06	1.177094e-01	-2.440978e+00
6.750000e-06	-6.567324e-02	-2.851050e+00
6.760000e-06	6.836717e-03	-3.226978e+00
6.770000e-06	-5.292160e-02	-3.473077e+00
6.780000e-06	-3.434770e-02	-3.630127e+00
6.790000e-06	-1.053720e-01	-3.902612e+00
6.800000e-06	1.911696e-01	-4.082632e+00
6.810000e-06	-1.312101e-01	-4.334240e+00
6.820000e-06	8.855444e-02	-4.650001e+00
6.830000e-06	1.102735e-01	-4.860530e+00
6.840000e-06	-1.657258e-01	-5.230527e+00
6.850000e-06	1.882691e-01	-5.474159e+00
6.860000e-06	-1.836523e-01	-5.807343e+00
6.870000e-06	1.164431e-01	-6.070078e+00
6.880000e-06	3.062766e-02	-6.302607e+00
6.890000e-06	-5.007937e-02	-6.628974e+00
6.900000e-06	1.412974e-01	-6.899528e+00
6.910000e-06	-1.396217e-01	-7.113794e+00
6.920000e-06	1.309840e-01	-7.407924e+00
6.930000e-06	-7.709154e-02	-7.639628e+00
6.940000e-06	5.055741e-02	-7.986846e+00
6.950000e-06	6.387242e-02	-8.135849e+00
6.960000e-06	-6.593745e-02	-8.459523e+00
6.970000e-06	1.488698e-01	-8.680683e+00
6.980000e-06	-1.189302e-01	-8.933208e+00
6.990000e-06	9.955938e-02	-9.104717e+00
7.000000e-06	-5.382213e-02	-9.374841e+00
7.010000e-06	7.158028e-02	-9.617974e+00
7.020000e-06	3.301705e-02	-9.817927e+00
7.030000e-06	-3.021889e-03	-1.005060e+01
7.040000e-06	7.262898e-02	-1.027855e+01
7.050000e-06	-4.816896e-02	-1.050163e+01
7.060000e-06	9.991903e-02	-1.066161e+01
7.070000e-06	-5.167330e-02	-1.092110e+01
7.080000e-06	8.722706e-02	-1.108268e+01
7.090000e-06	-2.115172e-02	-1.130123e+01
7.100000e-06	7.212675e-02	-1.155271e+01
7.110000e-06	6.278718e-03	-1.169221e+01
7.120000e-06	3.337745e-02	-1.192416e+01
7.130000e-06	3.140720e-02	-1.211271e+01
7.140000e-06	2.785897e-02	-1.231116e+01
7.150000e-06	5.774613e-02	-1.245158e+01
7.160000e-06	7.047955e-03	-1.266800e+01
7.170000e-06	5.372293e-02	-1.277690e+01
7.180000e-06	1.064005e-02	-1.297327e+01
7.190000e-06	6.677818e-02	-1.313216e+01
7.200000e-06	1.829884e-02	-1.324111e+01
7.210000e-06	6.108097e-02	-1.341500e+01
7.220000e-06	2.841974e-02	-1.353272e+01
7.230000e-06	5.999846e-02	-1.368173e+01
7.240000e-06	3.628232e-02	-1.381804e+01
7.250000e-06	4.563718e-02	-1.396277e+01
7.260000e-06	4.148616e-02	-1.412966e+01
7.270000e-06	5.495598e-02	-1.419645e+01
7.280000e-06	5.991673e-02	-1.432974e+01
7.290000e-06	5.198353e-02	-1.445700e+01
7.300000e-06	5.706280e-02	-1.456384e+01
7.310000e-06	5.253356e-02	-1.464600e+01
7.320000e-06	7.075162e-02	-1.470331e+01
7.330000e-06	5.901388e-02	-1.479735e+01
7.340000e-06	7.026283e-02	-1.487013e+01
7.350000e-06	6.179572e-02	-1.493287e+01
7.360000e-06	7.751584e-02	-1.504700e+01
7.370000e-06	6.911774e-02	-1.509818e+01
7.380000e-06	7.651449e-02	-1.514284e+01
7.390000e-06	7.372770e-02	-1.518340e+01
7.400000e-06	8.696042e-02	-1.523843e+01
7.410000e-06	9.019268e-02	-1.523953e+01
7.420000e-06	9.115408e-02	-1.530074e+01
7.430000e-06	9.157838e-02	-1.532277e+01
7.440000e-06	9.290107e-02	-1.539390e+01
7.450000e-06	1.030215e-01	-1.540592e+01
7.460000e-06	1.039588e-01	-1.543847e+01
7.470000e-06	1.097014e-01	-1.542660e+01
7.480000e-06	1.140230e-01	-1.542655e+01
7.490000e-06	1.244005e-01	-1.545745e+01
7.500000e-06	1.282703e-01	-1.542595e+01
7.510000e-06	1.325224e-01	-1.537402e+01
7.520000e-06	1.394124e-01	-1.537382e+01
7.530000e-06	1.530392e-01	-1.535224e+01
7.540000e-06	1.702172e-01	-1.529176e+01
7.550000e-06	1.851678e-01	-1.524163e+01
7.560000e-06	2.058903e-01	-1.519753e+01
7.570000e-06	2.324015e-01	-1.516450e+01
7.580000e-06	2.492277e-01	-1.512279e+01
7.590000e-06	2.500000e-01	-1.508906e+01
7.600000e-06	2.500000e-01	-1.504563e+01
7.610000e-06	2.500000e-01	-1.497339e+01
7.620000e-06	2.500000e-01	-1.486966e+01
7.630000e-06	2.500000e-01	-1.476590e+01
7.640000e-06	2.500000e-01	-1.468374e+01
7.650000e-06	2.350809e-01	-1.460755e+01
7.660000e-06	2.057998e-01	-1.455329e+01
7.670000e-06	1.803821e-01	-1.439050e+01
7.680000e-06	1.588878e-01	-1.429269e+01
7.690000e-06	1.385620e-01	-1.419605e+01
7.700000e-06	1.239611e-01	-1.404071e+01
7.710000e-06	1.112001e-01	-1.395394e+01
7.720000e-06	1.003585e-01	-1.384810e+01
7.730000e-06	8.889399e-02	-1.365174e+01
7.740000e-06	8.232331e-02	-1.356282e+01
7.750000e-06	7.697400e-02	-1.338805e+01
7.760000e-06	7.133968e-02	-1.325959e+01
7.770000e-06	6.474460e-02	-1.310232e+01
7.780000e-06	5.780486e-02	-1.299534e+01
7.790000e-06	5.343236e-02	-1.283813e+01
7.800000e-06	5.223657e-02	-1.264866e+01
7.810000e-06	4.812769e-02	-1.252214e+01
7.820000e-06	4.357651e-02	-1.233179e+01
7.830000e-06	4.012789e-02	-1.212326e+01
7.840000e-06	3.887306e-02	-1.195392e+01
7.850000e-06	3.551692e-02	-1.177545e+01
7.860000e-06	3.291029e-02	-1.151137e+01
7.870000e-06	3.013372e-02	-1.132179e+01
7.880000e-06	3.062745e-02	-1.110474e+01
7.890000e-06	2.918467e-02	-1.090329e+01
7.900000e-06	2.728455e-02	-1.072480e+01
7.910000e-06	2.306709e-02	-1.053487e+01
7.920000e-06	2.251585e-02	-1.032222e+01
7.930000e-06	2.114831e-02	-1.005969e+01
7.940000e-06	2.080396e-02	-9.843207e+00
7.950000e-06	1.847592e-02	-9.610135e+00
7.960000e-06	1.727970e-02	-9.428605e+00
7.970000e-06	1.735830e-02	-9.197944e+00
7.980000e-06	1.695465e-02	-8.996943e+00
7.990000e-06	1.463122e-02	-8.713362e+00
8.000000e-06	1.173282e-02	-8.511264e+00
8.010000e-06	1.218308e-02	-8.230631e+00
8.020000e-06	1.194478e-02	-8.007502e+00
8.030000e-06	1.230214e-02	-7.744896e+00
8.040000e-06	7.477359e-03	-7.481706e+00
8.050000e-06	8.881147e-03	-7.178526e+00
8.060000e-06	7.409868e-03	-6.996446e+00
8.070000e-06	8.385589e-03	-6.684310e+00
8.080000e-06	4.778129e-03	-6.442659e+00
8.090000e-06	5.438670e-03	-6.146448e+00
8.100000e-06	2.993879e-03	-5.914839e+00
8.110000e-06	5.191037e-03	-5.604160e+00
8.120000e-06	2.466906e-03	-5.416494e+00
8.130000e-06	1.984118e-03	-5.031631e+00
8.140000e-06	2.107820e-03	-4.766923e+00
8.150000e-06	3.346897e-03	-4.462662e+00
8.160000e-06	1.854705e-03	-4.240655e+00
8.170000e-06	-7.727050e-04	-3.978075e+00
8.180000e-06	-9.442255e-04	-3.652337e+00
8.190000e-06	-1.490502e-03	-3.420160e+00
8.200000e-06	-2.354070e-03	-3.146846e+00
8.210000e-06	-3.404257e-03	-2.841105e+00
8.220000e-06	-2.925055e-03	-2.558077e+00
8.230000e-06	-2.997397e-03	-2.325791e+00
8.240000e-06	-1.978071e-03	-1.998029e+00
8.250000e-06	-3.792014e-03	-1.777293e+00
8.260000e-06	-5.238096e-03	-1.421685e+00
8.270000e-06	-7.365899e-03	-1.105843e+00
8.280000e-06	-4.730595e-03	-8.305826e-01
8.290000e-06	-6.805176e-03	-5.057967e-01
8.300000e-06	-5.323855e-03	-2.636850e-01
8.310000e-06	-4.302581e-03	-3.050119e-02
8.320000e-06	1.001534e-02	3.031884e-01
8.330000e-06	-1.693969e-03	5.358188e-01
8.340000e-06	6.661583e-03	7.779716e-01
8.350000e-06	-3.363129e-03	1.095164e+00
8.360000e-06	1.669051e-03	1.379317e+00
8.370000e-06	-3.620597e-03	1.694687e+00
8.380000e-06	1.170506e-02	1.905713e+00
8.390000e-06	3.777775e-02	2.147265e+00
8.400000e-06	1.145857e-01	2.451628e+00
8.410000e-06	-3.466159e-02	2.788004e+00
8.420000e-06	-3.475536e-02	3.123558e+00
8.430000e-06	-3.916203e-02	3.397497e+00
8.440000e-06	-2.107133e-02	3.662530e+00
8.450000e-06	-8.473430e-02	3.862184e+00
8.460000e-06	-3.641237e-02	4.032633e+00
8.470000e-06	1.239672e-01	4.406396e+00
8.480000e-06	-1.201150e-01	4.671532e+00
8.490000e-06	1.081664e-01	4.892707e+00
8.500000e-06	2.364258e-02	5.260153e+00
8.510000e-06	-1.024836e-01	5.534711e+00
8.520000e-06	6.982949e-02	5.759896e+00
8.530000e-06	-8.461172e-02	6.072132e+00
8.540000e-06	6.913361e-02	6.302661e+00
8.550000e-06	-3.444831e-02	6.605475e+00
8.560000e-06	-2.137768e-02	6.841528e+00
8.570000e-06	1.866156e-02	7.094161e+00
8.580000e-06	-5.049849e-02	7.368473e+00
8.590000e-06	3.156524e-02	7.671082e+00
8.600000e-06	-8.094662e-02	7.933314e+00
8.610000e-06	4.365908e-02	8.237498e+00
8.620000e-06	-1.409412e-02	8.449053e+00
8.630000e-06	-1.756599e-02	8.630106e+00
8.640000e-06	8.647252e-03	8.891109e+00
8.650000e-06	-7.599154e-02	9.105263e+00
8.660000e-06	2.382171e-02	9.365262e+00
8.670000e-06	-3.822004e-02	9.556394e+00
8.680000e-06	1.511841e-02	9.787396e+00
8.690000e-06	-5.112241e-02	1.005965e+01
8.700000e-06	-1.200819e-03	1.024793e+01
8.710000e-06	-1.637224e-02	1.043156e+01
8.720000e-06	-3.095016e-02	1.064206e+01
8.730000e-06	-2.122499e-02	1.089015e+01
8.740000e-06	-4.687836e-02	1.106216e+01
8.750000e-06	2.717158e-03	1.128121e+01
8.760000e-06	-3.694013e-02	1.146964e+01
8.770000e-06	-1.587040e-02	1.168114e+01
8.780000e-06	-5.419537e-02	1.188116e+01
8.790000e-06	-1.729721e-02	1.208216e+01
8.800000e-06	-3.049434e-02	1.223763e+01
8.810000e-06	-2.646107e-02	1.240850e+01
8.820000e-06	-4.340884e-02	1.259855e+01
8.830000e-06	-4.161247e-02	1.275231e+01
8.840000e-06	-2.721882e-02	1.290371e+01
8.850000e-06	-4.027600e-02	1.307753e+01
8.860000e-06	-3.943240e-02	1.321803e+01
8.870000e-06	-5.321162e-02	1.338341e+01
8.880000e-06	-3.113187e-02	1.347376e+01
8.890000e-06	-4.307308e-02	1.363761e+01
8.900000e-06	-4.663703e-02	1.376387e+01
8.910000e-06	-6.461941e-02	1.391071e+01
8.920000e-06	-5.060073e-02	1.401813e+01
8.930000e-06	-4.986144e-02	1.414387e+01
8.940000e-06	-5.055544e-02	1.428961e+01
8.950000e-06	-6.041898e-02	1.441603e+01
8.960000e-06	-6.399118e-02	1.452479e+01
8.970000e-06	-5.518985e-02	1.456495e+01
8.980000e-06	-6.497655e-02	1.467064e+01
8.990000e-06	-6.888370e-02	1.474392e+01
9.000000e-06	-7.859670e-02	1.487008e+01
9.010000e-06	-6.912503e-02	1.488331e+01
9.020000e-06	-7.118789e-02	1.495334e+01
9.030000e-06	-7.727300e-02	1.502598e+01
9.040000e-06	-8.865369e-02	1.508066e+01
9.050000e-06	-8.912826e-02	1.512482e+01
9.060000e-06	-8.369538e-02	1.517494e+01
9.070000e-06	-9.061833e-02	1.521700e+01
9.080000e-06	-9.970050e-02	1.524963e+01
9.090000e-06	-1.042352e-01	1.527216e+01
9.100000e-06	-1.015322e-01	1.530029e+01
9.110000e-06	-1.048913e-01	1.531376e+01
9.120000e-06	-1.150384e-01	1.535327e+01
9.130000e-06	-1.219286e-01	1.536294e+01
9.140000e-06	-1.229665e-01	1.534289e+01
9.150000e-06	-1.250566e-01	1.537177e+01
9.160000e-06	-1.363492e-01	1.531182e+01
9.170000e-06	-1.499995e-01	1.534331e+01
9.180000e-06	-1.586545e-01	1.530266e+01
9.190000e-06	-1.650716e-01	1.526966e+01
9.200000e-06	-1.774692e-01	1.522907e+01
9.210000e-06	-2.002941e-01	1.515702e+01
9.220000e-06	-2.250558e-01	1.514589e+01
9.230000e-06	-2.457113e-01	1.513286e+01
9.240000e-06	-2.499492e-01	1.505061e+01
9.250000e-06	-2.500000e-01	1.503755e+01
9.260000e-06	-2.500000e-01	1.494384e+01
9.270000e-06	-2.500000e-01	1.484063e+01
9.280000e-06	-2.500000e-01	1.477800e+01
9.290000e-06	-2.500000e-01	1.471276e+01
9.300000e-06	-2.500000e-01	1.459810e+01
9.310000e-06	-2.334328e-01	1.452279e+01
9.320000e-06	-2.023486e-01	1.444958e+01
9.330000e-06	-1.794623e-01	1.432334e+01
9.340000e-06	-1.610937e-01	1.418750e+01
9.350000e-06	-1.470175e-01	1.408119e+01
9.360000e-06	-1.281526e-01	1.399445e+01
9.370000e-06	-1.144781e-01	1.386663e+01
9.380000e-06	-1.048843e-01	1.369279e+01
9.390000e-06	-1.006207e-01	1.355650e+01
9.400000e-06	-9.148251e-02	1.343968e+01
9.410000e-06	-8.387335e-02	1.331329e+01
9.420000e-06	-7.721034e-02	1.311295e+01
9.430000e-06	-7.526383e-02	1.300610e+01
9.440000e-06	-6.985274e-02	1.283908e+01
9.450000e-06	-6.421572e-02	1.268126e+01
9.460000e-06	-5.996051e-02	1.256329e+01
9.470000e-06	-5.821472e-02	1.233539e+01
9.480000e-06	-5.734638e-02	1.220692e+01
9.490000e-06	-5.137101e-02	1.196706e+01
9.500000e-06	-4.911584e-02	1.183870e+01
9.510000e-06	-4.688422e-02	1.160920e+01
9.520000e-06	-4.906494e-02	1.142763e+01
9.530000e-06	-4.419878e-02	1.121860e+01
9.540000e-06	-4.213295e-02	1.101755e+01
9.550000e-06	-3.856868e-02	1.080003e+01
9.560000e-06	-3.928157e-02	1.057803e+01
9.570000e-06	-3.917759e-02	1.042810e+01
9.580000e-06	-3.602187e-02	1.017555e+01
9.590000e-06	-3.432589e-02	9.955447e+00
9.600000e-06	-3.441479e-02	9.745343e+00
9.610000e-06	-3.539796e-02	9.502288e+00
9.620000e-06	-3.092002e-02	9.282287e+00
9.630000e-06	-2.882924e-02	9.050260e+00
9.640000e-06	-2.776587e-02	8.840606e+00
9.650000e-06	-3.121916e-02	8.597551e+00
9.660000e-06	-3.009065e-02	8.399926e+00
9.670000e-06	-2.772823e-02	8.145315e+00
9.680000e-06	-2.580115e-02	7.881238e+00
9.690000e-06	-2.450210e-02	7.649631e+00
9.700000e-06	-2.627189e-02	7.365843e+00
9.710000e-06	-2.308448e-02	7.072235e+00
9.720000e-06	-2.271917e-02	6.830156e+00
9.730000e-06	-2.197962e-02	6.576522e+00
9.740000e-06	-2.507116e-02	6.285288e+00
9.750000e-06	-2.297282e-02	6.073163e+00
9.760000e-06	-2.135725e-02	5.799526e+00
9.770000e-06	-1.959278e-02	5.525364e+00
9.780000e-06	-2.078565e-02	5.233155e+00
9.790000e-06	-1.986183e-02	4.904869e+00
9.800000e-06	-1.889964e-02	4.640552e+00
9.810000e-06	-1.739414e-02	4.358998e+00
9.820000e-06	-1.888107e-02	4.073710e+00
9.830000e-06	-1.872913e-02	3.789577e+00
9.840000e-06	-1.884543e-02	3.557847e+00
9.850000e-06	-1.516492e-02	3.291786e+00
9.860000e-06	-1.544164e-02	2.957948e+00
9.870000e-06	-1.646950e-02	2.705894e+00
9.880000e-06	-1.607115e-02	2.419651e+00
9.890000e-06	-1.357202e-02	2.146918e+00
9.900000e-06	-1.320271e-02	1.864810e+00
9.910000e-06	-1.362724e-02	1.559445e+00
9.920000e-06	-1.446412e-02	1.273764e+00
9.930000e-06	-1.245195e-02	9.374969e-01
9.940000e-06	-1.054895e-02	6.547087e-01
9.950000e-06	-1.117199e-02	4.095260e-01
9.960000e-06	-1.014741e-02	8.533534e-02
9.970000e-06	-5.990230e-03	-1.884676e-01
9.980000e-06	9.331644e-03	-4.195026e-01
9.990000e-06	-5.532543e-03	-7.562849e-01
1.000000e-05	4.372141e-03	-1.017393e+00
1.001000e-05	-5.002210e-03	-1.252458e+00
1.002000e-05	3.035197e-03	-1.587444e+00
1.003000e-05	5.211333e-04	-1.817898e+00
1.004000e-05	3.698974e-02	-2.000525e+00
1.005000e-05	1.339778e-01	-2.302161e+00
1.006000e-05	-1.614253e-02	-2.683056e+00
1.007000e-05	-2.607996e-02	-3.113657e+00
1.008000e-05	-2.741392e-02	-3.376346e+00
1.009000e-05	-3.574977e-02	-3.556345e+00
1.010000e-05	-1.049929e-01	-3.798498e+00
1.011000e-05	9.055566e-02	-3.988449e+00
1.012000e-05	5.354823e-02	-4.239400e+00
1.013000e-05	-1.262621e-01	-4.556741e+00
1.014000e-05	2.276646e-01	-4.785394e+00
1.015000e-05	-1.754778e-01	-5.092107e+00
1.016000e-05	1.220745e-01	-5.420507e+00
1.017000e-05	-4.935357e-02	-5.672102e+00
1.018000e-05	-7.625913e-02	-5.975346e+00
1.019000e-05	1.852679e-01	-6.196341e+00
1.020000e-05	-1.342798e-01	-6.492107e+00
1.021000e-05	1.619788e-01	-6.755795e+00
1.022000e-05	-8.679289e-02	-7.029899e+00
1.023000e-05	2.370159e-02	-7.343740e+00
1.024000e-05	5.205528e-02	-7.554812e+00
1.025000e-05	-7.859002e-02	-7.850531e+00
1.026000e-05	1.544418e-01	-8.131134e+00
1.027000e-05	-1.088524e-01	-8.325210e+00
1.028000e-05	1.298236e-01	-8.605420e+00
1.029000e-05	-3.713451e-02	-8.840052e+00
1.030000e-05	-1.541289e-03	-9.061159e+00
1.031000e-05	4.783126e-02	-9.251155e+00
1.032000e-05	-3.837552e-02	-9.494119e+00
1.033000e-05	1.247422e-01	-9.743314e+00
1.034000e-05	-6.661617e-02	-9.974814e+00
1.035000e-05	1.094141e-01	-1.019545e+01
1.036000e-05	-5.901455e-02	-1.042740e+01
1.037000e-05	8.220792e-02	-1.061743e+01
1.038000e-05	-1.026633e-02	-1.078740e+01
1.039000e-05	3.326970e-02	-1.104753e+01
1.040000e-05	3.431466e-02	-1.122737e+01
1.041000e-05	1.193364e-02	-1.144808e+01
1.042000e-05	6.587571e-02	-1.165905e+01
1.043000e-05	-1.362291e-02	-1.186548e+01
1.044000e-05	6.604201e-02	-1.206805e+01
1.045000e-05	-5.155287e-03	-1.220700e+01
1.046000e-05	7.904203e-02	-1.239792e+01
1.047000e-05	1.949687e-03	-1.258334e+01
1.048000e-05	5.383470e-02	-1.273619e+01
1.049000e-05	1.347239e-02	-1.288213e+01
1.050000e-05	5.423789e-02	-1.303903e+01
1.051000e-05	3.509367e-02	-1.316689e+01
1.052000e-05	4.278718e-02	-1.333342e+01
1.053000e-05	4.435122e-02	-1.348018e+01
1.054000e-05	4.103061e-02	-1.364758e+01
1.055000e-05	5.561067e-02	-1.378392e+01
1.056000e-05	3.400808e-02	-1.391074e+01
1.057000e-05	5.098247e-02	-1.400756e+01
1.058000e-05	4.035239e-02	-1.414287e+01
1.059000e-05	6.621353e-02	-1.428011e+01
1.060000e-05	4.792396e-02	-1.436595e+01
1.061000e-05	6.105952e-02	-1.450164e+01
1.062000e-05	4.848710e-02	-1.461490e+01
1.063000e-05	6.861167e-02	-1.467061e+01
1.064000e-05	6.206394e-02	-1.476392e+01
1.065000e-05	6.801874e-02	-1.480863e+01
1.066000e-05	6.359834e-02	-1.493219e+01
1.067000e-05	7.121681e-02	-1.499448e+01
1.068000e-05	7.453476e-02	-1.510711e+01
1.069000e-05	7.167414e-02	-1.514032e+01
1.070000e-05	7.617198e-02	-1.514439e+01
1.071000e-05	7.935196e-02	-1.522710e+01
1.072000e-05	9.232498e-02	-1.527011e+01
1.073000e-05	8.945038e-02	-1.527964e+01
1.074000e-05	9.397986e-02	-1.538282e+01
1.075000e-05	8.934674e-02	-1.538437e+01
1.076000e-05	1.006516e-01	-1.537347e+01
1.077000e-05	1.040548e-01	-1.543592e+01
1.078000e-05	1.093522e-01	-1.540705e+01
1.079000e-05	1.108122e-01	-1.540755e+01
1.080000e-05	1.202376e-01	-1.542700e+01
1.081000e-05	1.275292e-01	-1.537645e+01
1.082000e-05	1.310603e-01	-1.542544e+01
1.083000e-05	1.373343e-01	-1.537442e+01
1.084000e-05	1.470605e-01	-1.535337e+01
1.085000e-05	1.639180e-01	-1.533436e+01
1.086000e-05	1.793069e-01	-1.528121e+01
1.087000e-05	1.967995e-01	-1.523960e+01
1.088000e-05	2.206764e-01	-1.518548e+01
1.089000e-05	2.455045e-01	-1.515389e+01
1.090000e-05	2.499845e-01	-1.509276e+01
1.091000e-05	2.500000e-01	-1.506705e+01
1.092000e-05	2.500000e-01	-1.494442e+01
1.093000e-05	2.500000e-01	-1.490214e+01
1.094000e-05	2.500000e-01	-1.479795e+01
1.095000e-05	2.500000e-01	-1.472382e+01
1.096000e-05	2.447780e-01	-1.466703e+01
1.097000e-05	2.152816e-01	-1.458532e+01
1.098000e-05	1.900049e-01	-1.447216e+01
1.099000e-05	1.672958e-01	-1.436282e+01
1.100000e-05	1.459579e-01	-1.425661e+01
1.101000e-05	1.283728e-01	-1.416329e+01
1.102000e-05	1.168242e-01	-1.399953e+01
1.103000e-05	1.049723e-01	-1.389108e+01
1.104000e-05	9.385973e-02	-1.372179e+01
1.105000e-05	8.281450e-02	-1.359748e+01
1.106000e-05	7.777253e-02	-1.344013e+01
1.107000e-05	7.305311e-02	-1.333279e+01
1.108000e-05	6.773077e-02	-1.316687e+01
1.109000e-05	5.978664e-02	-1.301860e+01
1.110000e-05	5.498482e-02	-1.289064e+01
1.111000e-05	5.284894e-02	-1.273431e+01
1.112000e-05	4.977218e-02	-1.253339e+01
1.113000e-05	4.474130e-02	-1.235590e+01
1.114000e-05	4.156470e-02	-1.224693e+01
1.115000e-05	3.900407e-02	-1.197850e+01
1.116000e-05	3.807214e-02	-1.187560e+01
1.117000e-05	3.411621e-02	-1.162811e+01
1.118000e-05	3.101575e-02	-1.138755e+01
1.119000e-05	2.894919e-02	-1.117610e+01
1.120000e-05	2.942515e-02	-1.092692e+01
1.121000e-05	2.724665e-02	-1.078697e+01
1.122000e-05	2.590925e-02	-1.061759e+01
1.123000e-05	2.263045e-02	-1.035740e+01
1.124000e-05	2.300908e-02	-1.017499e+01
1.125000e-05	2.050283e-02	-9.915892e+00
1.126000e-05	1.905157e-02	-9.663817e+00
1.127000e-05	1.777560e-02	-9.501835e+00
1.128000e-05	1.762317e-02	-9.261163e+00
1.129000e-05	1.649152e-02	-9.031109e+00
1.130000e-05	1.483603e-02	-8.808985e+00
1.131000e-05	1.349343e-02	-8.577475e+00
1.132000e-05	1.204086e-02	-8.314898e+00
1.133000e-05	1.260478e-02	-8.104865e+00
1.134000e-05	1.172035e-02	-7.821079e+00
1.135000e-05	1.017273e-02	-7.557493e+00
1.136000e-05	8.395265e-03	-7.343366e+00
1.137000e-05	7.577837e-03	-7.023183e+00
1.138000e-05	7.188088e-03	-6.758501e+00
1.139000e-05	5.608164e-03	-6.536468e+00
1.140000e-05	6.379958e-03	-6.275765e+00
1.141000e-05	4.783826e-03	-6.010130e+00
1.142000e-05	5.254843e-03	-5.696495e+00
1.143000e-05	3.782828e-03	-5.454166e+00
1.144000e-05	1.894040e-03	-5.158447e+00
1.145000e-05	1.257415e-03	-4.883215e+00
1.146000e-05	3.156277e-03	-4.558021e+00
1.147000e-05	1.306497e-03	-4.334367e+00
1.148000e-05	1.344385e-03	-4.084191e+00
1.149000e-05	-2.206179e-03	-3.790055e+00
1.150000e-05	-1.238563e-03	-3.535316e+00
1.151000e-05	-3.574011e-03	-3.243659e+00
1.152000e-05	-1.560201e-03	-2.937394e+00
1.153000e-05	-3.703500e-03	-2.684214e+00
1.154000e-05	-1.761877e-03	-2.430004e+00
1.155000e-05	-3.692632e-03	-2.114865e+00
1.156000e-05	-2.720957e-03	-1.831609e+00
1.157000e-05	-5.357352e-03	-1.597896e+00
1.158000e-05	-6.218716e-03	-1.252560e+00
1.159000e-05	-7.199121e-03	-9.364181e-01
1.160000e-05	-7.024247e-03	-6.121836e-01
1.161000e-05	-5.513454e-03	-3.574682e-01
1.162000e-05	-4.998378e-03	-6.331022e-02
1.163000e-05	4.714974e-03	1.615928e-01
1.164000e-05	3.727606e-03	4.731821e-01
1.165000e-05	2.680264e-03	7.147373e-01
1.166000e-05	1.887756e-03	9.873676e-01
1.167000e-05	-2.102427e-03	1.272060e+00
1.168000e-05	-3.274455e-05	1.578369e+00
1.169000e-05	7.059998e-04	1.851102e+00
1.170000e-05	2.335972e-02	2.033077e+00
1.171000e-05	9.536135e-02	2.306694e+00
1.172000e-05	3.837241e-02	2.673630e+00
1.173000e-05	-5.781891e-02	2.977348e+00
1.174000e-05	-2.522585e-02	3.282054e+00
1.175000e-05	-3.729551e-02	3.546345e+00
1.176000e-05	-5.057102e-02	3.797446e+00
1.177000e-05	-8.107579e-02	3.997796e+00
1.178000e-05	8.479920e-02	4.271157e+00
1.179000e-05	-6.162125e-03	4.587320e+00
1.180000e-05	-5.304313e-02	4.796846e+00
1.181000e-05	1.681161e-01	5.103612e+00
1.182000e-05	-1.573281e-01	5.441080e+00
1.183000e-05	6.360690e-02	5.681578e+00
1.184000e-05	-5.050679e-02	5.966870e+00
1.185000e-05	7.185223e-03	6.188923e+00
1.186000e-05	3.722579e-02	6.503104e+00
1.187000e-05	-7.449669e-02	6.766394e+00
1.188000e-05	5.046366e-02	7.049505e+00
1.189000e-05	-6.510090e-02	7.263102e+00
1.190000e-05	3.321300e-02	7.595295e+00
1.191000e-05	-6.193513e-02	7.849578e+00
1.192000e-05	2.568802e-03	8.083685e+00
1.193000e-05	2.457987e-02	8.356394e+00
1.194000e-05	-4.044733e-02	8.565839e+00
1.195000e-05	2.112941e-02	8.786475e+00
1.196000e-05	-6.308726e-02	9.008951e+00
1.197000e-05	-9.154830e-03	9.310106e+00
1.198000e-05	-1.358420e-02	9.520737e+00
1.199000e-05	-3.294015e-03	9.713662e+00
1.200000e-05	-2.542472e-02	9.965869e+00
1.201000e-05	-2.669990e-02	1.016532e+01
1.202000e-05	4.053785e-04	1.039492e+01
1.203000e-05	-3.280354e-02	1.057440e+01
1.204000e-05	-1.949865e-02	1.080747e+01
1.205000e-05	-4.233143e-02	1.100789e+01
1.206000e-05	-1.517596e-02	1.117595e+01
1.207000e-05	-1.982404e-02	1.142745e+01
1.208000e-05	-2.615080e-02	1.162650e+01
1.209000e-05	-4.014981e-02	1.181945e+01
1.210000e-05	-3.314683e-02	1.198705e+01
1.211000e-05	-2.071789e-02	1.219442e+01
1.212000e-05	-2.833429e-02	1.234532e+01
1.213000e-05	-3.723865e-02	1.252276e+01
1.214000e-05	-4.670127e-02	1.269266e+01
1.215000e-05	-2.974929e-02	1.283961e+01
1.216000e-05	-3.286361e-02	1.303447e+01
1.217000e-05	-4.011122e-02	1.314632e+01
1.218000e-05	-5.044886e-02	1.329371e+01
1.219000e-05	-3.973749e-02	1.344768e+01
1.220000e-05	-3.977836e-02	1.357742e+01
1.221000e-05	-4.605137e-02	1.376229e+01
1.222000e-05	-6.041881e-02	1.382810e+01
1.223000e-05	-5.418835e-02	1.400788e+01
1.224000e-05	-4.619595e-02	1.410321e+01
1.225000e-05	-4.643811e-02	1.425813e+01
1.226000e-05	-5.945271e-02	1.439339e+01
1.227000e-05	-6.673309e-02	1.445856e+01
1.228000e-05	-5.883178e-02	1.455289e+01
1.229000e-05	-6.155928e-02	1.464263e+01
1.230000e-05	-6.580699e-02	1.474234e+01
1.231000e-05	-7.728297e-02	1.481900e+01
1.232000e-05	-6.918834e-02	1.484116e+01
1.233000e-05	-6.914501e-02	1.495381e+01
1.234000e-05	-7.358704e-02	1.498545e+01
1.235000e-05	-8.793039e-02	1.510071e+01
1.236000e-05	-9.012279e-02	1.509424e+01
1.237000e-05	-8.660286e-02	1.515545e+01
1.238000e-05	-8.767194e-02	1.518803e+01
1.239000e-05	-9.620182e-02	1.525956e+01
1.240000e-05	-1.036280e-01	1.525821e+01
1.241000e-05	-9.982296e-02	1.529028e+01
1.242000e-05	-1.030529e-01	1.532227e+01
1.243000e-05	-1.110556e-01	1.534237e+01
1.244000e-05	-1.217421e-01	1.533342e+01
1.245000e-05	-1.235498e-01	1.535390e+01
1.246000e-05	-1.243143e-01	1.535234e+01
1.247000e-05	-1.317100e-01	1.534287e+01
1.248000e-05	-1.452330e-01	1.536289e+01
1.249000e-05	-1.554798e-01	1.535074e+01
1.250000e-05	-1.591702e-01	1.526916e+01
1.251000e-05	-1.718216e-01	1.526958e+01
1.252000e-05	-1.913931e-01	1.520605e+01
1.253000e-05	-2.172168e-01	1.516552e+01
1.254000e-05	-2.407899e-01	1.512436e+01
1.255000e-05	-2.499110e-01	1.509279e+01
1.256000e-05	-2.500000e-01	1.502808e+01
1.257000e-05	-2.500000e-01	1.497547e+01
1.258000e-05	-2.500000e-01	1.490264e+01
1.259000e-05	-2.500000e-01	1.481903e+01
1.260000e-05	-2.500000e-01	1.474242e+01
1.261000e-05	-2.500000e-01	1.466953e+01
1.262000e-05	-2.450390e-01	1.461484e+01
1.263000e-05	-2.142652e-01	1.448026e+01
1.264000e-05	-1.858998e-01	1.432695e+01
1.265000e-05	-1.657702e-01	1.425121e+01
1.266000e-05	-1.513927e-01	1.413484e+01
1.267000e-05	-1.352895e-01	1.401953e+01
1.268000e-05	-1.195212e-01	1.387921e+01
1.269000e-05	-1.082793e-01	1.378495e+01
1.270000e-05	-1.031590e-01	1.361800e+01
1.271000e-05	-9.496576e-02	1.348169e+01
1.272000e-05	-8.614207e-02	1.336587e+01
1.273000e-05	-7.686087e-02	1.319753e+01
1.274000e-05	-7.623311e-02	1.305016e+01
1.275000e-05	-7.249720e-02	1.291229e+01
1.276000e-05	-6.834244e-02	1.276544e+01
1.277000e-05	-6.032569e-02	1.259593e+01
1.278000e-05	-5.904148e-02	1.241058e+01
1.279000e-05	-5.738599e-02	1.224761e+01
1.280000e-05	-5.520762e-02	1.207122e+01
1.281000e-05	-4.925065e-02	1.188426e+01
1.282000e-05	-4.597736e-02	1.172231e+01
1.283000e-05	-4.724431e-02	1.147127e+01
1.284000e-05	-4.697946e-02	1.127982e+01
1.285000e-05	-4.363555e-02	1.101274e+01
1.286000e-05	-3.893168e-02	1.088326e+01
1.287000e-05	-3.855317e-02	1.066184e+01
1.288000e-05	-4.008277e-02	1.047121e+01
1.289000e-05	-3.836916e-02	1.023176e+01
1.290000e-05	-3.406399e-02	1.001116e+01
1.291000e-05	-3.269071e-02	9.797577e+00
1.292000e-05	-3.531085e-02	9.558451e+00
1.293000e-05	-3.426705e-02	9.376548e+00
1.294000e-05	-3.168254e-02	9.136444e+00
1.295000e-05	-2.804782e-02	8.934918e+00
1.296000e-05	-2.905731e-02	8.681262e+00
1.297000e-05	-2.989349e-02	8.452210e+00
1.298000e-05	-2.912022e-02	8.200625e+00
1.299000e-05	-2.576263e-02	7.957503e+00
1.300000e-05	-2.492751e-02	7.714420e+00
1.301000e-05	-2.649099e-02	7.410210e+00
1.302000e-05	-2.554199e-02	7.148003e+00
1.303000e-05	-2.402776e-02	6.926391e+00
1.304000e-05	-2.209828e-02	6.654285e+00
1.305000e-05	-2.362030e-02	6.388550e+00
1.306000e-05	-2.335781e-02	6.167996e+00
1.307000e-05	-2.176160e-02	5.914839e+00
1.308000e-05	-1.936598e-02	5.619655e+00
1.309000e-05	-1.944485e-02	5.359051e+00
1.310000e-05	-2.106312e-02	4.993202e+00
1.311000e-05	-2.021204e-02	4.746367e+00
1.312000e-05	-1.914626e-02	4.494238e+00
1.313000e-05	-1.804789e-02	4.180527e+00
1.314000e-05	-1.970530e-02	3.864291e+00
1.315000e-05	-1.873610e-02	3.642658e+00
1.316000e-05	-1.603619e-02	3.370501e+00
1.317000e-05	-1.422652e-02	3.074289e+00
1.318000e-05	-1.610378e-02	2.813206e+00
1.319000e-05	-1.619130e-02	2.516945e+00
1.320000e-05	-1.557417e-02	2.211656e+00
1.321000e-05	-1.356382e-02	1.948600e+00
1.322000e-05	-1.315873e-02	1.694237e+00
1.323000e-05	-1.399253e-02	1.362575e+00
1.324000e-05	-1.296016e-02	1.074339e+00
1.325000e-05	-1.037822e-02	7.574181e-01
1.326000e-05	-9.576573e-03	4.552841e-01
1.327000e-05	-1.026546e-02	1.616021e-01
1.328000e-05	-8.965568e-03	-1.341333e-01
1.329000e-05	4.520275e-03	-3.352661e-01
1.330000e-05	-1.251512e-03	-6.099242e-01
1.331000e-05	1.658193e-03	-9.045570e-01
1.332000e-05	-2.561075e-03	-1.144740e+00
1.333000e-05	6.373052e-04	-1.472982e+00
1.334000e-05	1.321251e-04	-1.734711e+00
1.335000e-05	2.154114e-02	-1.944768e+00
1.336000e-05	9.493437e-02	-2.168740e+00
1.337000e-05	7.190470e-02	-2.553703e+00
1.338000e-05	-6.320587e-02	-2.976211e+00
1.339000e-05	5.012693e-03	-3.312610e+00
1.340000e-05	-5.058317e-02	-3.512614e+00
1.341000e-05	-5.574239e-02	-3.644612e+00
1.342000e-05	-5.185321e-02	-3.953821e+00
1.343000e-05	1.863101e-01	-4.134686e+00
1.344000e-05	-1.921881e-01	-4.438396e+00
1.345000e-05	1.697380e-01	-4.681637e+00
1.346000e-05	-3.384960e-02	-4.934289e+00
1.347000e-05	-6.344280e-02	-5.403716e+00
1.348000e-05	1.396292e-01	-5.524892e+00
1.349000e-05	-2.042383e-01	-5.869557e+00
1.350000e-05	1.866086e-01	-6.092681e+00
1.351000e-05	-6.963292e-02	-6.365216e+00
1.352000e-05	4.705274e-02	-6.691133e+00
1.353000e-05	6.432791e-02	-6.901632e+00
1.354000e-05	-1.043948e-01	-7.247924e+00
1.355000e-05	1.408189e-01	-7.450603e+00
1.356000e-05	-1.214168e-01	-7.744667e+00
1.357000e-05	1.235638e-01	-8.039001e+00
1.358000e-05	-2.416491e-02	-8.209502e+00
1.359000e-05	1.137168e-02	-8.503257e+00
1.360000e-05	9.726153e-02	-8.722838e+00
1.361000e-05	-1.035007e-01	-8.986899e+00
1.362000e-05	1.151938e-01	-9.168401e+00
1.363000e-05	-8.556455e-02	-9.438424e+00
1.364000e-05	1.236477e-01	-9.670582e+00
1.365000e-05	-3.115198e-02	-9.860606e+00
1.366000e-05	5.550405e-02	-1.011069e+01
1.367000e-05	1.477176e-02	-1.033148e+01
1.368000e-05	-2.616603e-04	-1.055444e+01
1.369000e-05	6.920634e-02	-1.074216e+01
1.370000e-05	-3.529597e-02	-1.097321e+01
1.371000e-05	8.549684e-02	-1.113274e+01
1.372000e-05	-3.129834e-02	-1.137391e+01
1.373000e-05	8.980510e-02	-1.155479e+01
1.374000e-05	-1.933001e-02	-1.176337e+01
1.375000e-05	6.082608e-02	-1.197387e+01
1.376000e-05	4.528452e-03	-1.217217e+01
1.377000e-05	5.631476e-02	-1.234224e+01
1.378000e-05	3.194631e-02	-1.249166e+01
1.379000e-05	2.725253e-02	-1.269853e+01
1.380000e-05	3.859139e-02	-1.283948e+01
1.381000e-05	2.357591e-02	-1.300489e+01
1.382000e-05	5.920035e-02	-1.315419e+01
1.383000e-05	2.176816e-02	-1.329018e+01
1.384000e-05	5.999744e-02	-1.342855e+01
1.385000e-05	2.673427e-02	-1.355532e+01
1.386000e-05	6.490595e-02	-1.369321e+01
1.387000e-05	3.026719e-02	-1.384908e+01
1.388000e-05	5.359013e-02	-1.395489e+01
1.389000e-05	3.624749e-02	-1.412079e+01
1.390000e-05	6.277171e-02	-1.426588e+01
1.391000e-05	5.246383e-02	-1.435429e+01
1.392000e-05	5.657329e-02	-1.444058e+01
1.393000e-05	5.206883e-02	-1.455287e+01
1.394000e-05	5.957397e-02	-1.466911e+01
1.395000e-05	6.810065e-02	-1.472379e+01
1.396000e-05	6.191501e-02	-1.480797e+01
1.397000e-05	6.843374e-02	-1.487081e+01
1.398000e-05	6.467637e-02	-1.499387e+01
1.399000e-05	7.844906e-02	-1.504598e+01
1.400000e-05	6.977155e-02	-1.514076e+01
1.401000e-05	7.730131e-02	-1.515327e+01
1.402000e-05	7.371948e-02	-1.517395e+01
1.403000e-05	8.962569e-02	-1.524008e+01
1.404000e-05	8.719938e-02	-1.529154e+01
1.405000e-05	9.200641e-02	-1.531082e+01
1.406000e-05	8.955110e-02	-1.536239e+01
1.407000e-05	9.738507e-02	-1.534542e+01
1.408000e-05	1.053125e-01	-1.541604e+01
1.409000e-05	1.068938e-01	-1.541697e+01
1.410000e-05	1.112043e-01	-1.540655e+01
1.411000e-05	1.148091e-01	-1.543755e+01
1.412000e-05	1.254177e-01	-1.538753e+01
1.413000e-05	1.276745e-01	-1.543547e+01
1.414000e-05	1.336019e-01	-1.538495e+01
1.415000e-05	1.423314e-01	-1.540540e+01
1.416000e-05	1.585546e-01	-1.533277e+01
1.417000e-05	1.746573e-01	-1.526174e+01
1.418000e-05	1.906752e-01	-1.525166e+01
1.419000e-05	2.102250e-01	-1.519745e+01
1.420000e-05	2.381131e-01	-1.515345e+01
1.421000e-05	2.499361e-01	-1.513076e+01
1.422000e-05	2.500000e-01	-1.509763e+01
1.423000e-05	2.500000e-01	-1.500547e+01
1.424000e-05	2.500000e-01	-1.494082e+01
1.425000e-05	2.500000e-01	-1.483960e+01
1.426000e-05	2.500000e-01	-1.475395e+01
1.427000e-05	2.499837e-01	-1.468019e+01
1.428000e-05	2.270984e-01	-1.459745e+01
1.429000e-05	1.977179e-01	-1.450071e+01
1.430000e-05	1.743724e-01	-1.435600e+01
1.431000e-05	1.533994e-01	-1.431071e+01
1.432000e-05	1.342208e-01	-1.420455e+01
1.433000e-05	1.212512e-01	-1.401909e+01
1.434000e-05	1.091721e-01	-1.392036e+01
1.435000e-05	9.814532e-02	-1.383645e+01
1.436000e-05	8.702157e-02	-1.363966e+01
1.437000e-05	7.946428e-02	-1.350026e+01
1.438000e-05	7.466846e-02	-1.338545e+01
1.439000e-05	6.981220e-02	-1.322858e+01
1.440000e-05	6.302111e-02	-1.305074e+01
1.441000e-05	5.741823e-02	-1.297429e+01
1.442000e-05	5.313251e-02	-1.275545e+01
1.443000e-05	5.160849e-02	-1.259708e+01
1.444000e-05	4.759212e-02	-1.242211e+01
1.445000e-05	4.152206e-02	-1.222863e+01
1.446000e-05	4.013296e-02	-1.209274e+01
1.447000e-05	3.807974e-02	-1.190089e+01
1.448000e-05	3.605285e-02	-1.171234e+01
1.449000e-05	3.337515e-02	-1.146121e+01
1.450000e-05	2.924146e-02	-1.126923e+01
1.451000e-05	3.011520e-02	-1.106011e+01
1.452000e-05	2.835044e-02	-1.084013e+01
1.453000e-05	2.649801e-02	-1.063871e+01
1.454000e-05	2.347889e-02	-1.049119e+01
1.455000e-05	2.270048e-02	-1.025018e+01
1.456000e-05	2.147877e-02	-1.001965e+01
1.457000e-05	2.055683e-02	-9.777575e+00
1.458000e-05	1.818174e-02	-9.596929e+00
1.459000e-05	1.694441e-02	-9.374368e+00
1.460000e-05	1.672245e-02	-9.134340e+00
1.461000e-05	1.661445e-02	-8.913312e+00
1.462000e-05	1.299556e-02	-8.652259e+00
1.463000e-05	1.149336e-02	-8.429049e+00
1.464000e-05	1.099756e-02	-8.165523e+00
1.465000e-05	1.287641e-02	-7.975969e+00
1.466000e-05	1.127249e-02	-7.672260e+00
1.467000e-05	9.698322e-03	-7.379552e+00
1.468000e-05	7.151173e-03	-7.176468e+00
1.469000e-05	7.851462e-03	-6.861785e+00
1.470000e-05	8.587458e-03	-6.631631e+00
1.471000e-05	5.681443e-03	-6.377550e+00
1.472000e-05	4.366229e-03	-6.106267e+00
1.473000e-05	3.554104e-03	-5.872206e+00
1.474000e-05	5.264213e-03	-5.597947e+00
1.475000e-05	2.847021e-03	-5.283785e+00
1.476000e-05	1.798531e-03	-4.979403e+00
1.477000e-05	1.070794e-03	-4.672262e+00
1.478000e-05	2.383771e-03	-4.400606e+00
1.479000e-05	2.138815e-03	-4.198397e+00
1.480000e-05	-9.914885e-04	-3.914820e+00
1.481000e-05	-1.597691e-03	-3.610981e+00
1.482000e-05	-3.123279e-03	-3.315471e+00
1.483000e-05	-1.326939e-03	-3.095289e+00
1.484000e-05	-2.440163e-03	-2.778946e+00
1.485000e-05	-2.897069e-03	-2.515243e+00
1.486000e-05	-3.283340e-03	-2.231732e+00
1.487000e-05	-2.237835e-03	-1.916842e+00
1.488000e-05	-4.273867e-03	-1.673260e+00
1.489000e-05	-5.497311e-03	-1.348943e+00
1.490000e-05	-7.415647e-03	-1.032710e+00
1.491000e-05	-6.180442e-03	-8.194984e-01
1.492000e-05	-6.986526e-03	-4.437326e-01
1.493000e-05	-5.795368e-03	-2.300536e-01
1.494000e-05	-1.765829e-03	6.403302e-02
1.495000e-05	9.151796e-03	3.788427e-01
1.496000e-05	-2.271800e-03	5.895228e-01
1.497000e-05	6.810928e-03	8.315545e-01
1.498000e-05	-3.722848e-03	1.196398e+00
1.499000e-05	1.997707e-03	1.432579e+00
1.500000e-05	-4.951922e-03	1.737920e+00
1.501000e-05	1.579250e-02	1.958422e+00
1.502000e-05	5.635778e-02	2.241977e+00
1.503000e-05	1.016361e-01	2.506290e+00
1.504000e-05	-6.108758e-02	2.904683e+00
1.505000e-05	-2.360639e-02	3.145371e+00
1.506000e-05	-4.477629e-02	3.462108e+00
1.507000e-05	-2.081039e-02	3.714261e+00
1.508000e-05	-9.328019e-02	3.936642e+00
1.509000e-05	6.733122e-03	4.126265e+00
1.510000e-05	1.027357e-01	4.470025e+00
1.511000e-05	-1.422127e-01	4.734213e+00
1.512000e-05	1.796947e-01	4.994740e+00
1.513000e-05	-8.046684e-02	5.352812e+00
1.514000e-05	-3.010571e-02	5.579343e+00
1.515000e-05	3.130952e-02	5.831658e+00
1.516000e-05	-6.356800e-02	6.113286e+00
1.517000e-05	7.769195e-02	6.376345e+00
1.518000e-05	-6.859790e-02	6.661113e+00
1.519000e-05	2.069019e-02	6.922164e+00
1.520000e-05	-2.135071e-02	7.156745e+00
1.521000e-05	-1.644853e-02	7.451108e+00
1.522000e-05	-8.289588e-04	7.737315e+00
1.523000e-05	-5.743409e-02	8.027400e+00
1.524000e-05	4.849183e-02	8.240086e+00
1.525000e-05	-3.406536e-02	8.502234e+00
1.526000e-05	1.224569e-03	8.702690e+00
1.527000e-05	-1.705932e-02	8.945310e+00
1.528000e-05	-5.848765e-02	9.146397e+00
1.529000e-05	2.024622e-02	9.417399e+00
1.530000e-05	-3.364977e-02	9.580052e+00
1.531000e-05	7.969763e-03	9.850079e+00
1.532000e-05	-5.063333e-02	1.008156e+01
1.533000e-05	6.796606e-03	1.031211e+01
1.534000e-05	-2.583000e-02	1.051321e+01
1.535000e-05	-2.650738e-02	1.069224e+01
1.536000e-05	-2.759483e-02	1.090329e+01
1.537000e-05	-3.755715e-02	1.110276e+01
1.538000e-05	-3.435682e-04	1.134276e+01
1.539000e-05	-3.856046e-02	1.152281e+01
1.540000e-05	-2.132884e-02	1.172382e+01
1.541000e-05	-4.982749e-02	1.198374e+01
1.542000e-05	-1.441982e-02	1.215271e+01
1.543000e-05	-3.067501e-02	1.231966e+01
1.544000e-05	-3.034620e-02	1.246153e+01
1.545000e-05	-4.487410e-02	1.264703e+01
1.546000e-05	-3.852016e-02	1.278795e+01
1.547000e-05	-2.727612e-02	1.293276e+01
1.548000e-05	-4.316701e-02	1.308221e+01
1.549000e-05	-4.292121e-02	1.324908e+01
1.550000e-05	-4.869739e-02	1.339652e+01
1.551000e-05	-3.098346e-02	1.353232e+01
1.552000e-05	-4.449146e-02	1.368120e+01
1.553000e-05	-5.173447e-02	1.380545e+01
1.554000e-05	-6.114969e-02	1.396329e+01
1.555000e-05	-5.023363e-02	1.403261e+01
1.556000e-05	-4.774210e-02	1.424703e+01
1.557000e-05	-5.606978e-02	1.433274e+01
1.558000e-05	-6.368191e-02	1.443665e+01
1.559000e-05	-6.182437e-02	1.452331e+01
1.560000e-05	-5.732428e-02	1.461701e+01
1.561000e-05	-6.386763e-02	1.470121e+01
1.562000e-05	-7.244348e-02	1.480642e+01
1.563000e-05	-7.506523e-02	1.483061e+01
1.564000e-05	-7.006875e-02	1.487279e+01
1.565000e-05	-7.182917e-02	1.500493e+01
1.566000e-05	-8.390454e-02	1.502810e+01
1.567000e-05	-9.110550e-02	1.509124e+01
1.568000e-05	-8.798319e-02	1.515382e+01
1.569000e-05	-8.398145e-02	1.515698e+01
1.570000e-05	-9.152073e-02	1.522610e+01
1.571000e-05	-1.018761e-01	1.526958e+01
1.572000e-05	-1.028549e-01	1.530123e+01
1.573000e-05	-1.030634e-01	1.534185e+01
1.574000e-05	-1.073850e-01	1.531146e+01
1.575000e-05	-1.200452e-01	1.537289e+01
1.576000e-05	-1.231364e-01	1.537444e+01
1.577000e-05	-1.238236e-01	1.534392e+01
1.578000e-05	-1.252396e-01	1.535437e+01
1.579000e-05	-1.396376e-01	1.535179e+01
1.580000e-05	-1.516824e-01	1.533034e+01
1.581000e-05	-1.589515e-01	1.532074e+01
1.582000e-05	-1.667046e-01	1.526814e+01
1.583000e-05	-1.834969e-01	1.523760e+01
1.584000e-05	-2.094064e-01	1.516595e+01
1.585000e-05	-2.330013e-01	1.514494e+01
1.586000e-05	-2.483492e-01	1.508232e+01
1.587000e-05	-2.500000e-01	1.506955e+01
1.588000e-05	-2.500000e-01	1.494547e+01
1.589000e-05	-2.500000e-01	1.492381e+01
1.590000e-05	-2.500000e-01	1.484065e+01
1.591000e-05	-2.500000e-01	1.478505e+01
1.592000e-05	-2.500000e-01	1.468232e+01
1.593000e-05	-2.499889e-01	1.461805e+01
1.594000e-05	-2.289335e-01	1.458187e+01
1.595000e-05	-1.948641e-01	1.438855e+01
1.596000e-05	-1.712176e-01	1.433131e+01
1.597000e-05	-1.551737e-01	1.417602e+01
1.598000e-05	-1.416205e-01	1.404124e+01
1.599000e-05	-1.239820e-01	1.396297e+01
1.600000e-05	-1.130008e-01	1.382805e+01
1.601000e-05	-1.052774e-01	1.366019e+01
1.602000e-05	-1.011584e-01	1.354387e+01
1.603000e-05	-8.966006e-02	1.340708e+01
1.604000e-05	-8.137928e-02	1.325963e+01
1.605000e-05	-7.396760e-02	1.313084e+01
1.606000e-05	-7.338376e-02	1.297489e+01
1.607000e-05	-6.806037e-02	1.276805e+01
1.608000e-05	-6.278043e-02	1.264973e+01
1.609000e-05	-5.892123e-02	1.248319e+01
1.610000e-05	-5.901495e-02	1.230234e+01
1.611000e-05	-5.766074e-02	1.216339e+01
1.612000e-05	-5.228233e-02	1.193594e+01
1.613000e-05	-4.757626e-02	1.172595e+01
1.614000e-05	-4.659153e-02	1.152497e+01
1.615000e-05	-4.716618e-02	1.138800e+01
1.616000e-05	-4.418946e-02	1.113547e+01
1.617000e-05	-4.041790e-02	1.096645e+01
1.618000e-05	-3.866443e-02	1.075597e+01
1.619000e-05	-3.950491e-02	1.058497e+01
1.620000e-05	-3.970518e-02	1.030592e+01
1.621000e-05	-3.584297e-02	1.011386e+01
1.622000e-05	-3.378194e-02	9.891889e+00
1.623000e-05	-3.342186e-02	9.659611e+00
1.624000e-05	-3.439711e-02	9.452635e+00
1.625000e-05	-3.167893e-02	9.221128e+00
1.626000e-05	-2.936630e-02	8.997602e+00
1.627000e-05	-2.840336e-02	8.726496e+00
1.628000e-05	-2.984698e-02	8.556967e+00
1.629000e-05	-2.938332e-02	8.323814e+00
1.630000e-05	-2.670223e-02	8.102105e+00
1.631000e-05	-2.541670e-02	7.799102e+00
1.632000e-05	-2.644355e-02	7.537973e+00
1.633000e-05	-2.661022e-02	7.253235e+00
1.634000e-05	-2.520498e-02	7.019675e+00
1.635000e-05	-2.208147e-02	6.769072e+00
1.636000e-05	-2.218217e-02	6.505267e+00
1.637000e-05	-2.330893e-02	6.240134e+00
1.638000e-05	-2.253763e-02	6.038130e+00
1.639000e-05	-2.066076e-02	5.725865e+00
1.640000e-05	-2.026920e-02	5.483735e+00
1.641000e-05	-2.069822e-02	5.146073e+00
1.642000e-05	-2.144388e-02	4.832156e+00
1.643000e-05	-1.924571e-02	4.536924e+00
1.644000e-05	-1.880728e-02	4.314268e+00
1.645000e-05	-1.740653e-02	3.999031e+00
1.646000e-05	-1.876229e-02	3.736417e+00
1.647000e-05	-1.770179e-02	3.474764e+00
1.648000e-05	-1.553782e-02	3.177498e+00
1.649000e-05	-1.459494e-02	2.875917e+00
1.650000e-05	-1.610995e-02	2.662135e+00
1.651000e-05	-1.558994e-02	2.346871e+00
1.652000e-05	-1.473806e-02	2.054288e+00
1.653000e-05	-1.331488e-02	1.769126e+00
1.654000e-05	-1.266923e-02	1.495440e+00
1.655000e-05	-1.268295e-02	1.191159e+00
1.656000e-05	-1.184975e-02	8.467128e-01
1.657000e-05	-1.112272e-02	5.806000e-01
1.658000e-05	-9.513200e-03	3.078917e-01
1.659000e-05	-8.361348e-03	2.264982e-02
1.660000e-05	-2.412638e-03	-2.315305e-01
1.661000e-05	6.169583e-03	-4.326846e-01
1.662000e-05	-3.898962e-03	-8.085214e-01
1.663000e-05	3.595640e-03	-1.040552e+00
1.664000e-05	-4.060966e-03	-1.387161e+00
1.665000e-05	2.733168e-03	-1.588975e+00
1.666000e-05	6.133746e-03	-1.861524e+00
1.667000e-05	5.365905e-02	-2.032555e+00
1.668000e-05	1.336931e-01	-2.387297e+00
1.669000e-05	-5.462561e-02	-2.785793e+00
1.670000e-05	-2.618154e-03	-3.175870e+00
1.671000e-05	-4.739051e-02	-3.419526e+00
1.672000e-05	-2.941461e-02	-3.598952e+00
1.673000e-05	-1.162141e-01	-3.898612e+00
1.674000e-05	1.669861e-01	-4.060077e+00
1.675000e-05	-7.294266e-02	-4.272187e+00
1.676000e-05	1.313447e-02	-4.646400e+00
1.677000e-05	1.859294e-01	-4.810524e+00
1.678000e-05	-1.964075e-01	-5.196817e+00
1.679000e-05	1.866889e-01	-5.500654e+00
1.680000e-05	-1.527147e-01	-5.764716e+00
1.681000e-05	5.467450e-02	-6.037950e+00
1.682000e-05	9.674111e-02	-6.219078e+00
1.683000e-05	-9.725937e-02	-6.515370e+00
1.684000e-05	1.667965e-01	-6.808447e+00
1.685000e-05	-1.381055e-01	-7.062037e+00
1.686000e-05	1.031516e-01	-7.387349e+00
1.687000e-05	-3.312429e-02	-7.628424e+00
1.688000e-05	-5.513316e-04	-7.953765e+00
1.689000e-05	1.097281e-01	-8.155266e+00
1.690000e-05	-9.842404e-02	-8.418422e+00
1.691000e-05	1.582410e-01	-8.629053e+00
1.692000e-05	-1.052565e-01	-8.892134e+00
1.693000e-05	7.038156e-02	-9.122189e+00
1.694000e-05	-2.014776e-02	-9.303236e+00
1.695000e-05	3.079425e-02	-9.563873e+00
1.696000e-05	7.230661e-02	-9.776865e+00
1.697000e-05	-3.382380e-02	-1.002795e+01
1.698000e-05	9.624210e-02	-1.025803e+01
1.699000e-05	-6.373235e-02	-1.051860e+01
1.700000e-05	1.020275e-01	-1.067008e+01
1.701000e-05	-4.739142e-02	-1.086853e+01
1.702000e-05	7.354979e-02	-1.106114e+01
1.703000e-05	-4.725236e-03	-1.129060e+01
1.704000e-05	5.328344e-02	-1.151266e+01
1.705000e-05	2.920125e-02	-1.171016e+01
1.706000e-05	1.415749e-02	-1.190116e+01
1.707000e-05	4.597622e-02	-1.210218e+01
1.708000e-05	1.031534e-02	-1.230056e+01
1.709000e-05	6.921752e-02	-1.242755e+01
1.710000e-05	1.130933e-03	-1.264752e+01
1.711000e-05	5.983121e-02	-1.281439e+01
1.712000e-05	9.418722e-03	-1.297177e+01
1.713000e-05	6.603454e-02	-1.305116e+01
1.714000e-05	2.165552e-02	-1.323910e+01
1.715000e-05	5.556406e-02	-1.339337e+01
1.716000e-05	3.183926e-02	-1.354179e+01
1.717000e-05	5.443524e-02	-1.369013e+01
1.718000e-05	4.326987e-02	-1.382653e+01
1.719000e-05	4.193434e-02	-1.393371e+01
1.720000e-05	4.599672e-02	-1.407861e+01
1.721000e-05	4.848304e-02	-1.421442e+01
1.722000e-05	6.336782e-02	-1.429971e+01
1.723000e-05	4.930329e-02	-1.439898e+01
1.724000e-05	6.024849e-02	-1.455329e+01
1.725000e-05	4.996061e-02	-1.463650e+01
1.726000e-05	7.170534e-02	-1.469219e+01
1.727000e-05	5.902225e-02	-1.477589e+01
1.728000e-05	7.015481e-02	-1.487066e+01
1.729000e-05	6.216632e-02	-1.495391e+01
1.730000e-05	7.728845e-02	-1.502450e+01
1.731000e-05	7.091835e-02	-1.508915e+01
1.732000e-05	7.520425e-02	-1.513034e+01
1.733000e-05	7.421614e-02	-1.517537e+01
1.734000e-05	8.379254e-02	-1.523801e+01
1.735000e-05	9.190129e-02	-1.529103e+01
1.736000e-05	8.999287e-02	-1.530174e+01
1.737000e-05	9.253226e-02	-1.538174e+01
1.738000e-05	9.133078e-02	-1.540347e+01
1.739000e-05	1.040585e-01	-1.539437e+01
1.740000e-05	1.041231e-01	-1.538600e+01
1.741000e-05	1.097988e-01	-1.545808e+01
1.742000e-05	1.120228e-01	-1.545655e+01
1.743000e-05	1.229180e-01	-1.543695e+01
1.744000e-05	1.283895e-01	-1.545592e+01
1.745000e-05	1.323004e-01	-1.539447e+01
1.746000e-05	1.378860e-01	-1.540442e+01
1.747000e-05	1.520082e-01	-1.537487e+01
1.748000e-05	1.658324e-01	-1.531219e+01
1.749000e-05	1.857285e-01	-1.523121e+01
1.750000e-05	1.997359e-01	-1.521861e+01
1.751000e-05	2.291970e-01	-1.517337e+01
1.752000e-05	2.483491e-01	-1.513184e+01
1.753000e-05	2.500000e-01	-1.511914e+01
1.754000e-05	2.500000e-01	-1.505608e+01
1.755000e-05	2.500000e-01	-1.495384e+01
1.756000e-05	2.500000e-01	-1.485021e+01
1.757000e-05	2.500000e-01	-1.478800e+01
1.758000e-05	2.500000e-01	-1.473322e+01
1.759000e-05	2.390570e-01	-1.462573e+01
1.760000e-05	2.126185e-01	-1.450329e+01
1.761000e-05	1.866906e-01	-1.443960e+01
1.762000e-05	1.639796e-01	-1.431132e+01
1.763000e-05	1.386110e-01	-1.422410e+01
1.764000e-05	1.208463e-01	-1.411121e+01
1.765000e-05	1.092447e-01	-1.394537e+01
1.766000e-05	1.002139e-01	-1.387861e+01
1.767000e-05	9.182552e-02	-1.368329e+01
1.768000e-05	8.439840e-02	-1.357477e+01
1.769000e-05	7.993432e-02	-1.344805e+01
1.770000e-05	7.469159e-02	-1.329211e+01
1.771000e-05	6.536933e-02	-1.313390e+01
1.772000e-05	5.610434e-02	-1.300697e+01
1.773000e-05	5.116442e-02	-1.279961e+01
1.774000e-05	5.044129e-02	-1.270066e+01
1.775000e-05	4.828279e-02	-1.251337e+01
1.776000e-05	4.434394e-02	-1.235434e+01
1.777000e-05	4.235391e-02	-1.216586e+01
1.778000e-05	4.078704e-02	-1.195497e+01
1.779000e-05	3.839169e-02	-1.178647e+01
1.780000e-05	3.375197e-02	-1.154337e+01
1.781000e-05	2.978937e-02	-1.133584e+01
1.782000e-05	2.767109e-02	-1.109284e+01
1.783000e-05	2.926899e-02	-1.088432e+01
1.784000e-05	2.605797e-02	-1.075429e+01
1.785000e-05	2.399816e-02	-1.052282e+01
1.786000e-05	2.182911e-02	-1.029480e+01
1.787000e-05	2.263433e-02	-1.007327e+01
1.788000e-05	2.191424e-02	-9.872684e+00
1.789000e-05	2.041260e-02	-9.661713e+00
1.790000e-05	1.847212e-02	-9.440106e+00
1.791000e-05	1.872815e-02	-9.228653e+00
1.792000e-05	1.703878e-02	-8.977547e+00
1.793000e-05	1.437457e-02	-8.776398e+00
1.794000e-05	1.091264e-02	-8.542867e+00
1.795000e-05	1.086959e-02	-8.262133e+00
1.796000e-05	1.186025e-02	-8.091556e+00
1.797000e-05	1.188427e-02	-7.737028e+00
1.798000e-05	1.029296e-02	-7.492760e+00
1.799000e-05	1.014144e-02	-7.240110e+00
1.800000e-05	8.469261e-03	-7.008551e+00
1.801000e-05	8.365758e-03	-6.727343e+00
1.802000e-05	4.162819e-03	-6.502713e+00
1.803000e-05	4.234003e-03	-6.230131e+00
1.804000e-05	2.534577e-03	-5.957921e+00
1.805000e-05	4.512554e-03	-5.712238e+00
1.806000e-05	4.072776e-03	-5.440581e+00
1.807000e-05	2.916685e-03	-5.082767e+00
1.808000e-05	2.307013e-03	-4.788073e+00
1.809000e-05	3.314852e-03	-4.514290e+00
1.810000e-05	2.573040e-03	-4.272690e+00
1.811000e-05	4.268569e-04	-3.999679e+00
1.812000e-05	-3.072014e-03	-3.698318e+00
1.813000e-05	-2.718220e-03	-3.462708e+00
1.814000e-05	-3.862387e-03	-3.158027e+00
1.815000e-05	-2.711627e-03	-2.882711e+00
1.816000e-05	-3.881557e-03	-2.631152e+00
1.817000e-05	-2.497725e-03	-2.375267e+00
1.818000e-05	-2.674977e-03	-2.031049e+00
1.819000e-05	-3.082319e-03	-1.768397e+00
1.820000e-05	-5.158269e-03	-1.504188e+00
1.821000e-05	-7.126509e-03	-1.126917e+00
1.822000e-05	-7.045454e-03	-8.737099e-01
1.823000e-05	-7.646115e-03	-5.895519e-01
1.824000e-05	-5.700534e-03	-2.953402e-01
1.825000e-05	-5.816956e-03	-2.110771e-02
1.826000e-05	8.243823e-03	2.740808e-01
1.827000e-05	-8.962987e-04	5.252172e-01
1.828000e-05	5.331445e-03	7.868438e-01
1.829000e-05	-1.612666e-03	1.073652e+00
1.830000e-05	-2.373704e-04	1.325790e+00
1.831000e-05	-2.331528e-03	1.673555e+00
1.832000e-05	6.919069e-03	1.894635e+00
1.833000e-05	2.978507e-02	2.117214e+00
1.834000e-05	1.115341e-01	2.399951e+00
1.835000e-05	-1.169703e-02	2.757394e+00
1.836000e-05	-4.379362e-02	3.052053e+00
1.837000e-05	-3.291497e-02	3.347261e+00
1.838000e-05	-2.672505e-02	3.660499e+00
1.839000e-05	-7.352768e-02	3.881153e+00
1.840000e-05	-5.757925e-02	4.020424e+00
1.841000e-05	1.203638e-01	4.334370e+00
1.842000e-05	-8.722913e-02	4.629478e+00
1.843000e-05	4.966075e-02	4.812050e+00
1.844000e-05	8.617470e-02	5.227400e+00
1.845000e-05	-1.349630e-01	5.482133e+00
1.846000e-05	7.979223e-02	5.745807e+00
1.847000e-05	-8.231391e-02	6.050525e+00
1.848000e-05	5.199233e-02	6.279654e+00
1.849000e-05	-6.998525e-03	6.575812e+00
1.850000e-05	-4.482921e-02	6.809058e+00
1.851000e-05	3.682245e-02	7.061631e+00
1.852000e-05	-6.301796e-02	7.343262e+00
1.853000e-05	4.030284e-02	7.649553e+00
1.854000e-05	-8.206560e-02	7.892806e+00
1.855000e-05	3.355917e-02	8.176870e+00
1.856000e-05	2.789149e-04	8.438003e+00
1.857000e-05	-2.772677e-02	8.608399e+00
1.858000e-05	1.817629e-02	8.869528e+00
1.859000e-05	-7.825874e-02	9.102184e+00
1.860000e-05	1.667950e-02	9.324213e+00
1.861000e-05	-3.429399e-02	9.514239e+00
1.862000e-05	1.214930e-02	9.784370e+00
1.863000e-05	-4.409835e-02	1.001848e+01
1.864000e-05	-7.821652e-03	1.021803e+01
1.865000e-05	-9.597055e-03	1.043855e+01
1.866000e-05	-3.254615e-02	1.064858e+01
1.867000e-05	-1.968142e-02	1.083955e+01
1.868000e-05	-4.802178e-02	1.103955e+01
1.869000e-05	-2.510340e-03	1.125906e+01
1.870000e-05	-3.183720e-02	1.143913e+01
1.871000e-05	-1.712977e-02	1.167058e+01
1.872000e-05	-4.958046e-02	1.187918e+01
1.873000e-05	-2.202778e-02	1.206856e+01
1.874000e-05	-2.721020e-02	1.223605e+01
1.875000e-05	-2.715016e-02	1.240795e+01
1.876000e-05	-4.202828e-02	1.255489e+01
1.877000e-05	-4.426316e-02	1.270376e+01
1.878000e-05	-2.738273e-02	1.285069e+01
1.879000e-05	-3.923505e-02	1.304802e+01
1.880000e-05	-3.892093e-02	1.319692e+01
1.881000e-05	-5.339968e-02	1.336376e+01
1.882000e-05	-3.251860e-02	1.350216e+01
1.883000e-05	-4.194618e-02	1.363850e+01
1.884000e-05	-4.425187e-02	1.376379e+01
1.885000e-05	-6.217594e-02	1.387869e+01
1.886000e-05	-5.387115e-02	1.402950e+01
1.887000e-05	-4.851357e-02	1.414484e+01
1.888000e-05	-5.187100e-02	1.428013e+01
1.889000e-05	-6.200887e-02	1.440652e+01
1.890000e-05	-6.646260e-02	1.451924e+01
1.891000e-05	-5.529450e-02	1.458440e+01
1.892000e-05	-6.169733e-02	1.469758e+01
1.893000e-05	-6.562987e-02	1.475485e+01
1.894000e-05	-7.778482e-02	1.482908e+01
1.895000e-05	-6.955585e-02	1.489216e+01
1.896000e-05	-7.157963e-02	1.495390e+01
1.897000e-05	-7.828441e-02	1.501658e+01
1.898000e-05	-9.044550e-02	1.510111e+01
1.899000e-05	-9.055727e-02	1.513431e+01
1.900000e-05	-8.379061e-02	1.515589e+01
1.901000e-05	-8.825901e-02	1.518755e+01
1.902000e-05	-9.664971e-02	1.521859e+01
1.903000e-05	-1.046281e-01	1.531069e+01
1.904000e-05	-1.014726e-01	1.531229e+01
1.905000e-05	-1.044502e-01	1.533177e+01
1.906000e-05	-1.148559e-01	1.535187e+01
1.907000e-05	-1.232841e-01	1.536295e+01
1.908000e-05	-1.242282e-01	1.534289e+01
1.909000e-05	-1.231431e-01	1.531189e+01
1.910000e-05	-1.338646e-01	1.534239e+01
1.911000e-05	-1.465473e-01	1.531237e+01
1.912000e-05	-1.574527e-01	1.528077e+01
1.913000e-05	-1.617180e-01	1.529119e+01
1.914000e-05	-1.757951e-01	1.523758e+01
1.915000e-05	-1.989810e-01	1.519810e+01
1.916000e-05	-2.246499e-01	1.517642e+01
1.917000e-05	-2.443339e-01	1.512076e+01
1.918000e-05	-2.499632e-01	1.507173e+01
1.919000e-05	-2.500000e-01	1.499707e+01
1.920000e-05	-2.500000e-01	1.497595e+01
1.921000e-05	-2.500000e-01	1.486326e+01
1.922000e-05	-2.500000e-01	1.483595e+01
1.923000e-05	-2.500000e-01	1.473279e+01
1.924000e-05	-2.500000e-01	1.461958e+01
1.925000e-05	-2.402954e-01	1.458444e+01
1.926000e-05	-2.070976e-01	1.443863e+01
1.927000e-05	-1.796026e-01	1.432289e+01
1.928000e-05	-1.614190e-01	1.426766e+01
1.929000e-05	-1.472824e-01	1.418329e+01
1.930000e-05	-1.295326e-01	1.397900e+01
1.931000e-05	-1.160471e-01	1.387771e+01
1.932000e-05	-1.067706e-01	1.372339e+01
1.933000e-05	-1.023871e-01	1.357755e+01
1.934000e-05	-9.372792e-02	1.347973e+01
1.935000e-05	-8.417049e-02	1.333332e+01
1.936000e-05	-7.631545e-02	1.314695e+01
1.937000e-05	-7.498613e-02	1.301762e+01
1.938000e-05	-7.100021e-02	1.285971e+01
1.939000e-05	-6.663130e-02	1.266381e+01
1.940000e-05	-5.935988e-02	1.255587e+01
1.941000e-05	-5.798721e-02	1.235697e+01
1.942000e-05	-5.803754e-02	1.222755e+01
1.943000e-05	-5.247954e-02	1.203916e+01
1.944000e-05	-4.923893e-02	1.185065e+01
1.945000e-05	-4.531009e-02	1.167216e+01
1.946000e-05	-4.885467e-02	1.143868e+01
1.947000e-05	-4.550850e-02	1.121015e+01
1.948000e-05	-4.198546e-02	1.099863e+01
1.949000e-05	-3.843864e-02	1.080008e+01
1.950000e-05	-3.885924e-02	1.064915e+01
1.951000e-05	-3.983127e-02	1.041963e+01
1.952000e-05	-3.694499e-02	1.019858e+01
1.953000e-05	-3.594529e-02	1.000003e+01
1.954000e-05	-3.338202e-02	9.766397e+00
1.955000e-05	-3.587852e-02	9.503266e+00
1.956000e-05	-3.264871e-02	9.295368e+00
1.957000e-05	-3.003833e-02	9.084313e+00
1.958000e-05	-2.684541e-02	8.881235e+00
1.959000e-05	-3.004705e-02	8.620080e+00
1.960000e-05	-2.959158e-02	8.400054e+00
1.961000e-05	-2.885377e-02	8.155397e+00
1.962000e-05	-2.615245e-02	7.884343e+00
1.963000e-05	-2.667793e-02	7.650658e+00
1.964000e-05	-2.706886e-02	7.388052e+00
1.965000e-05	-2.589850e-02	7.115291e+00
1.966000e-05	-2.246266e-02	6.862663e+00
1.967000e-05	-2.143677e-02	6.598154e+00
1.968000e-05	-2.320305e-02	6.325919e+00
1.969000e-05	-2.439847e-02	6.094835e+00
1.970000e-05	-2.226664e-02	5.850607e+00
1.971000e-05	-2.047668e-02	5.555945e+00
1.972000e-05	-2.075850e-02	5.273316e+00
1.973000e-05	-2.092369e-02	4.957973e+00
1.974000e-05	-1.968273e-02	4.663708e+00
1.975000e-05	-1.797147e-02	4.420106e+00
1.976000e-05	-1.752661e-02	4.116442e+00
1.977000e-05	-1.792787e-02	3.831107e+00
1.978000e-05	-1.851748e-02	3.617000e+00
1.979000e-05	-1.579654e-02	3.264465e+00
1.980000e-05	-1.526435e-02	2.981152e+00
1.981000e-05	-1.509406e-02	2.778446e+00
1.982000e-05	-1.679648e-02	2.452213e+00
1.983000e-05	-1.478606e-02	2.188021e+00
1.984000e-05	-1.322879e-02	1.895339e+00
1.985000e-05	-1.277248e-02	1.621103e+00
1.986000e-05	-1.279506e-02	1.305865e+00
1.987000e-05	-1.272598e-02	9.915505e-01
1.988000e-05	-1.036548e-02	6.648353e-01
1.989000e-05	-1.034639e-02	4.212576e-01
1.990000e-05	-9.393037e-03	1.574929e-01
1.991000e-05	-7.800836e-03	-1.661425e-01
1.992000e-05	7.968025e-03	-3.893689e-01
1.993000e-05	-5.017758e-03	-7.120822e-01
1.994000e-05	4.960649e-03	-9.362674e-01
1.995000e-05	-3.816967e-03	-1.212429e+00
1.996000e-05	3.257233e-03	-1.553766e+00
1.997000e-05	-1.523232e-03	-1.745816e+00
1.998000e-05	3.099830e-02	-1.977896e+00
1.999000e-05	1.244879e-01	-2.261528e+00
2.000000e-05	1.487667e-02	-2.629502e+00
2.001000e-05	-4.324724e-02	-3.058931e+00
2.002000e-05	-1.348709e-02	-3.355264e+00
2.003000e-05	-4.111075e-02	-3.536821e+00
2.004000e-05	-8.739033e-02	-3.747745e+00
2.005000e-05	3.516103e-02	-4.007897e+00
2.006000e-05	1.184634e-01	-4.168345e+00
2.007000e-05	-1.804723e-01	-4.531057e+00
2.008000e-05	2.144384e-01	-4.735319e+00
2.009000e-05	-1.403282e-01	-5.030378e+00
2.010000e-05	6.204675e-02	-5.418471e+00
2.011000e-05	2.615912e-02	-5.609527e+00
2.012000e-05	-1.446283e-01	-5.954341e+00
2.013000e-05	2.070914e-01	-6.175336e+00
2.014000e-05	-1.314832e-01	-6.439002e+00
2.015000e-05	1.335052e-01	-6.733768e+00
2.016000e-05	-3.717562e-02	-6.985313e+00
2.017000e-05	-2.698264e-02	-7.321078e+00
2.018000e-05	9.517208e-02	-7.502138e+00
2.019000e-05	-1.106116e-01	-7.817926e+00
2.020000e-05	1.587300e-01	-8.059134e+00
2.021000e-05	-8.986727e-02	-8.331637e+00
2.022000e-05	9.319844e-02	-8.563816e+00
2.023000e-05	1.342164e-02	-8.777328e+00
2.024000e-05	-4.730026e-02	-9.069529e+00
2.025000e-05	8.340273e-02	-9.269054e+00
2.026000e-05	-7.019627e-02	-9.499635e+00
2.027000e-05	1.378861e-01	-9.702716e+00
2.028000e-05	-6.617879e-02	-9.932210e+00
2.029000e-05	1.009828e-01	-1.021384e+01
2.030000e-05	-3.948494e-02	-1.037440e+01
2.031000e-05	5.592619e-02	-1.058790e+01
2.032000e-05	1.669535e-02	-1.077634e+01
2.033000e-05	4.540390e-03	-1.099585e+01
2.034000e-05	5.732413e-02	-1.118742e+01
2.035000e-05	-9.214629e-03	-1.142845e+01
2.036000e-05	8.175076e-02	-1.161497e+01
2.037000e-05	-2.154668e-02	-1.184690e+01
2.038000e-05	6.994229e-02	-1.198643e+01
2.039000e-05	-7.530658e-03	-1.218642e+01
2.040000e-05	7.404097e-02	-1.239634e+01
2.041000e-05	9.435730e-03	-1.250437e+01
2.042000e-05	4.628457e-02	-1.271216e+01
2.043000e-05	2.246422e-02	-1.288058e+01
2.044000e-05	4.377002e-02	-1.305748e+01
2.045000e-05	4.385519e-02	-1.317489e+01
2.046000e-05	3.414713e-02	-1.335376e+01
2.047000e-05	5.173548e-02	-1.347913e+01
2.048000e-05	3.436192e-02	-1.360645e+01
2.049000e-05	6.112207e-02	-1.376437e+01
2.050000e-05	3.054653e-02	-1.386219e+01
2.051000e-05	5.435013e-02	-1.399550e+01
2.052000e-05	3.687545e-02	-1.414127e+01
2.053000e-05	6.708808e-02	-1.423750e+01
2.054000e-05	4.908957e-02	-1.437485e+01
2.055000e-05	6.081632e-02	-1.449104e+01
2.056000e-05	4.951823e-02	-1.461392e+01
2.057000e-05	6.559272e-02	-1.467913e+01
2.058000e-05	6.365265e-02	-1.472432e+01
2.059000e-05	6.518728e-02	-1.480700e+01
2.060000e-05	6.566000e-02	-1.491226e+01
2.061000e-05	6.857338e-02	-1.499492e+01
2.062000e-05	7.779491e-02	-1.507866e+01
2.063000e-05	7.064352e-02	-1.512969e+01
2.064000e-05	7.778020e-02	-1.515387e+01
2.065000e-05	7.694325e-02	-1.519545e+01
2.066000e-05	9.234094e-02	-1.524958e+01
2.067000e-05	8.904703e-02	-1.531061e+01
2.068000e-05	9.336795e-02	-1.529166e+01
2.069000e-05	8.871022e-02	-1.536484e+01
2.070000e-05	9.969900e-02	-1.542535e+01
2.071000e-05	1.038475e-01	-1.539635e+01
2.072000e-05	1.084800e-01	-1.540660e+01
2.073000e-05	1.104062e-01	-1.545740e+01
2.074000e-05	1.188543e-01	-1.542598e+01
2.075000e-05	1.269832e-01	-1.539703e+01
2.076000e-05	1.302574e-01	-1.542497e+01
2.077000e-05	1.348321e-01	-1.542644e+01
2.078000e-05	1.440631e-01	-1.538284e+01
2.079000e-05	1.611949e-01	-1.533269e+01
2.080000e-05	1.777512e-01	-1.529171e+01
2.081000e-05	1.940003e-01	-1.522908e+01
2.082000e-05	2.170310e-01	-1.517640e+01
2.083000e-05	2.438902e-01	-1.514292e+01
2.084000e-05	2.499734e-01	-1.515024e+01
2.085000e-05	2.500000e-01	-1.504763e+01
2.086000e-05	2.500000e-01	-1.501242e+01
2.087000e-05	2.500000e-01	-1.491021e+01
2.088000e-05	2.500000e-01	-1.478952e+01
2.089000e-05	2.500000e-01	-1.475539e+01
2.090000e-05	2.473074e-01	-1.467914e+01
2.091000e-05	2.202721e-01	-1.455590e+01
2.092000e-05	1.933816e-01	-1.445861e+01
2.093000e-05	1.704009e-01	-1.435543e+01
2.094000e-05	1.481253e-01	-1.429865e+01
2.095000e-05	1.299956e-01	-1.415392e+01
2.096000e-05	1.163220e-01	-1.402748e+01
2.097000e-05	1.059454e-01	-1.391869e+01
2.098000e-05	9.456164e-02	-1.377585e+01
2.099000e-05	8.497048e-02	-1.361850e+01
2.100000e-05	7.877075e-02	-1.347823e+01
2.101000e-05	7.416682e-02	-1.337324e+01
2.102000e-05	6.880680e-02	-1.318742e+01
2.103000e-05	6.033238e-02	-1.307010e+01
2.104000e-05	5.632082e-02	-1.288024e+01
2.105000e-05	5.220343e-02	-1.273484e+01
2.106000e-05	5.128953e-02	-1.257495e+01
2.107000e-05	4.529120e-02	-1.237847e+01
2.108000e-05	4.232817e-02	-1.223900e+01
2.109000e-05	3.781760e-02	-1.207213e+01
2.110000e-05	3.941027e-02	-1.186811e+01
2.111000e-05	3.387023e-02	-1.164958e+01
2.112000e-05	3.328758e-02	-1.139018e+01
2.113000e-05	2.917936e-02	-1.122805e+01
2.114000e-05	3.038392e-02	-1.101657e+01
2.115000e-05	2.739208e-02	-1.079957e+01
2.116000e-05	2.645750e-02	-1.064908e+01
2.117000e-05	2.229463e-02	-1.040858e+01
2.118000e-05	2.226640e-02	-1.017657e+01
2.119000e-05	2.150352e-02	-9.944944e+00
2.120000e-05	2.011755e-02	-9.776493e+00
2.121000e-05	1.828352e-02	-9.544944e+00
2.122000e-05	1.794498e-02	-9.304790e+00
2.123000e-05	1.800815e-02	-9.071157e+00
2.124000e-05	1.597921e-02	-8.861680e+00
2.125000e-05	1.338420e-02	-8.608202e+00
2.126000e-05	1.175862e-02	-8.356020e+00
2.127000e-05	1.211953e-02	-8.145895e+00
2.128000e-05	1.150126e-02	-7.893814e+00
2.129000e-05	1.130955e-02	-7.576503e+00
2.130000e-05	9.501663e-03	-7.374421e+00
2.131000e-05	8.554976e-03	-7.084263e+00
2.132000e-05	7.961769e-03	-6.831601e+00
2.133000e-05	6.746537e-03	-6.566948e+00
2.134000e-05	4.990664e-03	-6.314866e+00
2.135000e-05	4.955580e-03	-6.050632e+00
2.136000e-05	5.420586e-03	-5.769050e+00
2.137000e-05	5.348552e-03	-5.515817e+00
2.138000e-05	1.838741e-03	-5.219552e+00
2.139000e-05	3.874591e-04	-4.873815e+00
2.140000e-05	2.382242e-03	-4.551005e+00
2.141000e-05	2.676724e-03	-4.357973e+00
2.142000e-05	1.605637e-03	-4.106844e+00
2.143000e-05	-1.775279e-03	-3.779626e+00
2.144000e-05	-1.773215e-03	-3.557396e+00
2.145000e-05	-3.242952e-03	-3.325266e+00
2.146000e-05	-1.975993e-03	-2.960128e+00
2.147000e-05	-4.761683e-03	-2.755790e+00
2.148000e-05	-2.823610e-03	-2.481655e+00
2.149000e-05	-3.455353e-03	-2.159971e+00
2.150000e-05	-1.873856e-03	-1.862234e+00
2.151000e-05	-5.524420e-03	-1.611024e+00
2.152000e-05	-6.702535e-03	-1.264339e+00
2.153000e-05	-7.474152e-03	-9.585233e-01
2.154000e-05	-5.847344e-03	-6.837916e-01
2.155000e-05	-6.241794e-03	-4.075736e-01
2.156000e-05	-6.808609e-03	-1.063216e-01
2.157000e-05	1.996921e-03	1.568426e-01
2.158000e-05	5.768399e-03	4.295553e-01
2.159000e-05	2.068431e-04	6.631835e-01
2.160000e-05	3.370599e-03	9.362922e-01
2.161000e-05	-3.354658e-03	1.252553e+00
2.162000e-05	1.584256e-03	1.546317e+00
2.163000e-05	-1.245667e-03	1.820527e+00
2.164000e-05	1.995278e-02	2.009952e+00
2.165000e-05	8.026971e-02	2.292683e+00
2.166000e-05	6.570570e-02	2.661106e+00
2.167000e-05	-6.397514e-02	2.986766e+00
2.168000e-05	-2.296526e-02	3.190129e+00
2.169000e-05	-4.234716e-02	3.514794e+00
2.170000e-05	-3.627981e-02	3.767391e+00
2.171000e-05	-8.867746e-02	3.935822e+00
2.172000e-05	5.700072e-02	4.221903e+00
2.173000e-05	4.142077e-02	4.555762e+00
2.174000e-05	-1.026009e-01	4.747369e+00
2.175000e-05	1.932275e-01	5.033077e+00
2.176000e-05	-1.464939e-01	5.437946e+00
2.177000e-05	3.785463e-02	5.630551e+00
2.178000e-05	-2.273536e-02	5.934815e+00
2.179000e-05	-2.150154e-02	6.156845e+00
2.180000e-05	6.010241e-02	6.449052e+00
2.181000e-05	-7.993270e-02	6.743240e+00
2.182000e-05	4.824832e-02	6.966400e+00
2.183000e-05	-5.564987e-02	7.261028e+00
2.184000e-05	1.965582e-02	7.545341e+00
2.185000e-05	-4.168077e-02	7.768425e+00
2.186000e-05	-2.011156e-02	8.072034e+00
2.187000e-05	3.584732e-02	8.345240e+00
2.188000e-05	-4.133409e-02	8.544343e+00
2.189000e-05	1.720285e-02	8.764219e+00
2.190000e-05	-4.695187e-02	8.976399e+00
2.191000e-05	-2.890146e-02	9.269075e+00
2.192000e-05	-4.208210e-04	9.471102e+00
2.193000e-05	-1.583437e-02	9.692231e+00
2.194000e-05	-1.084974e-02	9.925213e+00
2.195000e-05	-3.736646e-02	1.015436e+01
2.196000e-05	5.610651e-03	1.032429e+01
2.197000e-05	-3.152063e-02	1.055439e+01
2.198000e-05	-2.142437e-02	1.073634e+01
2.199000e-05	-3.772260e-02	1.097492e+01
2.200000e-05	-2.525808e-02	1.120589e+01
2.201000e-05	-1.163259e-02	1.138439e+01
2.202000e-05	-3.147293e-02	1.154732e+01
2.203000e-05	-3.175436e-02	1.177697e+01
2.204000e-05	-3.996473e-02	1.201547e+01
2.205000e-05	-1.788564e-02	1.218387e+01
2.206000e-05	-2.914532e-02	1.232274e+01
2.207000e-05	-3.549065e-02	1.250168e+01
2.208000e-05	-4.542175e-02	1.266013e+01
2.209000e-05	-3.539164e-02	1.283855e+01
2.210000e-05	-3.169316e-02	1.298485e+01
2.211000e-05	-4.168132e-02	1.312329e+01
2.212000e-05	-4.764716e-02	1.329213e+01
2.213000e-05	-4.148957e-02	1.344812e+01
2.214000e-05	-3.551724e-02	1.355645e+01
2.215000e-05	-4.393881e-02	1.370176e+01
2.216000e-05	-5.803358e-02	1.386858e+01
2.217000e-05	-5.790160e-02	1.392437e+01
2.218000e-05	-5.070999e-02	1.410219e+01
2.219000e-05	-4.795005e-02	1.423715e+01
2.220000e-05	-5.839368e-02	1.436484e+01
2.221000e-05	-6.530610e-02	1.444913e+01
2.222000e-05	-5.888885e-02	1.454432e+01
2.223000e-05	-5.940653e-02	1.462858e+01
2.224000e-05	-6.346262e-02	1.476279e+01
2.225000e-05	-7.642248e-02	1.478903e+01
2.226000e-05	-7.232460e-02	1.485061e+01
2.227000e-05	-7.097152e-02	1.494431e+01
2.228000e-05	-7.620033e-02	1.499645e+01
2.229000e-05	-8.666965e-02	1.507165e+01
2.230000e-05	-9.183701e-02	1.510372e+01
2.231000e-05	-8.518816e-02	1.514589e+01
2.232000e-05	-8.386736e-02	1.518642e+01
2.233000e-05	-9.214207e-02	1.525863e+01
2.234000e-05	-1.004803e-01	1.528871e+01
2.235000e-05	-1.027450e-01	1.531071e+01
2.236000e-05	-1.045820e-01	1.533229e+01
2.237000e-05	-1.125690e-01	1.530286e+01
2.238000e-05	-1.237912e-01	1.535192e+01
2.239000e-05	-1.232448e-01	1.533489e+01
2.240000e-05	-1.218240e-01	1.533282e+01
2.241000e-05	-1.261408e-01	1.536284e+01
2.242000e-05	-1.407447e-01	1.531432e+01
2.243000e-05	-1.534032e-01	1.528179e+01
2.244000e-05	-1.597707e-01	1.528813e+01
2.245000e-05	-1.722237e-01	1.525861e+01
2.246000e-05	-1.897312e-01	1.521763e+01
2.247000e-05	-2.170960e-01	1.518695e+01
2.248000e-05	-2.377593e-01	1.514384e+01
2.249000e-05	-2.484548e-01	1.507168e+01
2.250000e-05	-2.500000e-01	1.502910e+01
2.251000e-05	-2.500000e-01	1.496644e+01
2.252000e-05	-2.500000e-01	1.491321e+01
2.253000e-05	-2.500000e-01	1.484708e+01
2.254000e-05	-2.500000e-01	1.473539e+01
2.255000e-05	-2.500000e-01	1.463968e+01
2.256000e-05	-2.483076e-01	1.458650e+01
2.257000e-05	-2.181137e-01	1.447966e+01
2.258000e-05	-1.889915e-01	1.438792e+01
2.259000e-05	-1.666146e-01	1.424119e+01
2.260000e-05	-1.524933e-01	1.416482e+01
2.261000e-05	-1.358301e-01	1.402103e+01
2.262000e-05	-1.214826e-01	1.390031e+01
2.263000e-05	-1.091992e-01	1.379353e+01
2.264000e-05	-1.049964e-01	1.366018e+01
2.265000e-05	-9.725864e-02	1.350386e+01
2.266000e-05	-8.785358e-02	1.337599e+01
2.267000e-05	-7.886525e-02	1.323910e+01
2.268000e-05	-7.557096e-02	1.306978e+01
2.269000e-05	-7.192922e-02	1.294384e+01
2.270000e-05	-6.818257e-02	1.276700e+01
2.271000e-05	-6.060649e-02	1.260803e+01
2.272000e-05	-5.889807e-02	1.243113e+01
2.273000e-05	-5.847454e-02	1.227923e+01
2.274000e-05	-5.596145e-02	1.210440e+01
2.275000e-05	-5.114636e-02	1.191484e+01
2.276000e-05	-4.684380e-02	1.173332e+01
2.277000e-05	-4.774019e-02	1.150484e+01
2.278000e-05	-4.623403e-02	1.126387e+01
2.279000e-05	-4.429940e-02	1.110424e+01
2.280000e-05	-3.877352e-02	1.089382e+01
2.281000e-05	-4.008769e-02	1.068529e+01
2.282000e-05	-3.899991e-02	1.049334e+01
2.283000e-05	-3.927293e-02	1.029226e+01
2.284000e-05	-3.496573e-02	1.005226e+01
2.285000e-05	-3.467558e-02	9.861707e+00
2.286000e-05	-3.459862e-02	9.608074e+00
2.287000e-05	-3.410739e-02	9.399051e+00
2.288000e-05	-3.072569e-02	9.156998e+00
2.289000e-05	-2.882210e-02	8.924972e+00
2.290000e-05	-2.925687e-02	8.683839e+00
2.291000e-05	-3.007071e-02	8.504315e+00
2.292000e-05	-2.906017e-02	8.231785e+00
2.293000e-05	-2.671796e-02	7.987102e+00
2.294000e-05	-2.617949e-02	7.745424e+00
2.295000e-05	-2.673206e-02	7.463840e+00
2.296000e-05	-2.543663e-02	7.189605e+00
2.297000e-05	-2.415543e-02	6.958022e+00
2.298000e-05	-2.159103e-02	6.705838e+00
2.299000e-05	-2.354465e-02	6.418601e+00
2.300000e-05	-2.352364e-02	6.178548e+00
2.301000e-05	-2.210763e-02	5.936394e+00
2.302000e-05	-2.013478e-02	5.663209e+00
2.303000e-05	-2.080169e-02	5.409501e+00
2.304000e-05	-2.034286e-02	5.043914e+00
2.305000e-05	-2.031359e-02	4.738943e+00
2.306000e-05	-1.763893e-02	4.504289e+00
2.307000e-05	-1.779744e-02	4.222230e+00
2.308000e-05	-1.848948e-02	3.946392e+00
2.309000e-05	-1.831148e-02	3.673714e+00
2.310000e-05	-1.590670e-02	3.421657e+00
2.311000e-05	-1.444153e-02	3.103839e+00
2.312000e-05	-1.554445e-02	2.852784e+00
2.313000e-05	-1.633193e-02	2.569520e+00
2.314000e-05	-1.499105e-02	2.255738e+00
2.315000e-05	-1.301168e-02	2.031558e+00
2.316000e-05	-1.324858e-02	1.767344e+00
2.317000e-05	-1.319089e-02	1.412106e+00
2.318000e-05	-1.237498e-02	1.137966e+00
2.319000e-05	-1.137713e-02	8.190758e-01
2.320000e-05	-1.082727e-02	5.068179e-01
2.321000e-05	-1.068651e-02	2.532613e-01
2.322000e-05	-7.331824e-03	-3.105451e-02
2.323000e-05	2.419796e-03	-3.142384e-01
2.324000e-05	1.452700e-03	-5.952878e-01
2.325000e-05	2.072423e-04	-8.530318e-01
2.326000e-05	-4.677657e-04	-1.083681e+00
2.327000e-05	5.566822e-04	-1.439999e+00
2.328000e-05	-4.463780e-04	-1.682107e+00
2.329000e-05	1.524841e-02	-1.864232e+00
2.330000e-05	7.673468e-02	-2.094690e+00
2.331000e-05	1.031770e-01	-2.463032e+00
2.332000e-05	-6.805578e-02	-2.930503e+00
2.333000e-05	9.054536e-03	-3.280120e+00
2.334000e-05	-5.398904e-02	-3.482556e+00
2.335000e-05	-4.003630e-02	-3.711629e+00
2.336000e-05	-8.915918e-02	-3.946213e+00
2.337000e-05	1.981159e-01	-4.092057e+00
2.338000e-05	-1.677197e-01	-4.366321e+00
2.339000e-05	1.338448e-01	-4.672584e+00
2.340000e-05	5.060162e-02	-4.913685e+00
2.341000e-05	-1.336725e-01	-5.340581e+00
2.342000e-05	1.804084e-01	-5.555792e+00
2.343000e-05	-2.033155e-01	-5.828399e+00
2.344000e-05	1.534544e-01	-6.091582e+00
2.345000e-05	-1.586109e-02	-6.313190e+00
2.346000e-05	-1.064777e-02	-6.650980e+00
2.347000e-05	1.134986e-01	-6.890027e+00
2.348000e-05	-1.322626e-01	-7.184799e+00
2.349000e-05	1.428567e-01	-7.430453e+00
2.350000e-05	-1.035531e-01	-7.742108e+00
2.351000e-05	8.336481e-02	-8.006472e+00
2.352000e-05	2.739476e-02	-8.196421e+00
2.353000e-05	-3.688536e-02	-8.499002e+00
2.354000e-05	1.344359e-01	-8.722087e+00
2.355000e-05	-1.211069e-01	-8.955791e+00
2.356000e-05	1.116131e-01	-9.173795e+00
2.357000e-05	-7.305283e-02	-9.424892e+00
2.358000e-05	9.650372e-02	-9.649002e+00
2.359000e-05	3.573347e-03	-9.841003e+00
2.360000e-05	2.084503e-02	-1.007013e+01
2.361000e-05	5.090738e-02	-1.023106e+01
2.362000e-05	-2.997206e-02	-1.052219e+01
2.363000e-05	9.147138e-02	-1.070116e+01
2.364000e-05	-5.008990e-02	-1.095169e+01
2.365000e-05	9.069789e-02	-1.111319e+01
2.366000e-05	-2.938615e-02	-1.136219e+01
2.367000e-05	8.164350e-02	-1.152282e+01
2.368000e-05	-7.724793e-03	-1.174327e+01
2.369000e-05	4.630872e-02	-1.193332e+01
2.370000e-05	1.929071e-02	-1.211227e+01
2.371000e-05	4.108282e-02	-1.232221e+01
2.372000e-05	4.861914e-02	-1.246063e+01
2.373000e-05	1.534208e-02	-1.266861e+01
2.374000e-05	4.986391e-02	-1.280745e+01
2.375000e-05	1.368297e-02	-1.302537e+01
2.376000e-05	6.405474e-02	-1.313271e+01
2.377000e-05	1.784752e-02	-1.325063e+01
2.378000e-05	6.248073e-02	-1.346753e+01
2.379000e-05	2.672034e-02	-1.355592e+01
2.380000e-05	6.572493e-02	-1.372164e+01
2.381000e-05	3.312991e-02	-1.382610e+01
2.382000e-05	5.122837e-02	-1.395379e+01
2.383000e-05	3.890673e-02	-1.409116e+01
2.384000e-05	5.765321e-02	-1.426603e+01
2.385000e-05	5.578904e-02	-1.433129e+01
2.386000e-05	5.407175e-02	-1.445808e+01
2.387000e-05	5.560329e-02	-1.454379e+01
2.388000e-05	5.628131e-02	-1.464808e+01
2.389000e-05	7.032560e-02	-1.472279e+01
2.390000e-05	6.076690e-02	-1.480642e+01
2.391000e-05	7.132396e-02	-1.489059e+01
2.392000e-05	6.329082e-02	-1.495434e+01
2.393000e-05	7.942264e-02	-1.504655e+01
2.394000e-05	6.852185e-02	-1.509971e+01
2.395000e-05	7.632479e-02	-1.512279e+01
2.396000e-05	7.259770e-02	-1.519547e+01
2.397000e-05	8.778411e-02	-1.522898e+01
2.398000e-05	9.075317e-02	-1.529168e+01
2.399000e-05	9.210085e-02	-1.529179e+01
2.400000e-05	9.198597e-02	-1.534339e+01
2.401000e-05	9.495439e-02	-1.539434e+01
2.402000e-05	1.037177e-01	-1.539393e+01
2.403000e-05	1.045742e-01	-1.539448e+01
2.404000e-05	1.089807e-01	-1.541702e+01
2.405000e-05	1.130458e-01	-1.539605e+01
2.406000e-05	1.249575e-01	-1.541850e+01
2.407000e-05	1.297988e-01	-1.540742e+01
2.408000e-05	1.331361e-01	-1.542550e+01
2.409000e-05	1.401209e-01	-1.533287e+01
2.410000e-05	1.543106e-01	-1.534379e+01
2.411000e-05	1.720053e-01	-1.533176e+01
2.412000e-05	1.861980e-01	-1.528871e+01
2.413000e-05	2.070240e-01	-1.519947e+01
2.414000e-05	2.351158e-01	-1.516440e+01
2.415000e-05	2.495551e-01	-1.509079e+01
2.416000e-05	2.500000e-01	-1.508873e+01
2.417000e-05	2.500000e-01	-1.501553e+01
2.418000e-05	2.500000e-01	-1.492379e+01
2.419000e-05	2.500000e-01	-1.484014e+01
2.420000e-05	2.500000e-01	-1.477537e+01
2.421000e-05	2.499892e-01	-1.467071e+01
2.422000e-05	2.322800e-01	-1.464603e+01
2.423000e-05	2.015278e-01	-1.452219e+01
2.424000e-05	1.780401e-01	-1.442802e+01
2.425000e-05	1.558247e-01	-1.427866e+01
2.426000e-05	1.378262e-01	-1.423700e+01
2.427000e-05	1.211280e-01	-1.404863e+01
2.428000e-05	1.109527e-01	-1.392437e+01
2.429000e-05	9.869925e-02	-1.383650e+01
2.430000e-05	8.863983e-02	-1.366021e+01
2.431000e-05	8.049713e-02	-1.351176e+01
2.432000e-05	7.563954e-02	-1.340549e+01
2.433000e-05	7.109432e-02	-1.321966e+01
2.434000e-05	6.338567e-02	-1.308176e+01
2.435000e-05	5.722537e-02	-1.299584e+01
2.436000e-05	5.382272e-02	-1.276847e+01
2.437000e-05	5.231489e-02	-1.264715e+01
2.438000e-05	4.917878e-02	-1.243914e+01
2.439000e-05	4.271475e-02	-1.230276e+01
2.440000e-05	4.135379e-02	-1.215129e+01
2.441000e-05	3.827232e-02	-1.190227e+01
2.442000e-05	3.621720e-02	-1.169286e+01
2.443000e-05	3.207951e-02	-1.149174e+01
2.444000e-05	3.008085e-02	-1.129174e+01
2.445000e-05	2.946354e-02	-1.108021e+01
2.446000e-05	2.984685e-02	-1.086226e+01
2.447000e-05	2.688612e-02	-1.071329e+01
2.448000e-05	2.331822e-02	-1.046376e+01
2.449000e-05	2.264092e-02	-1.026116e+01
2.450000e-05	2.249323e-02	-1.000908e+01
2.451000e-05	2.075843e-02	-9.859159e+00
2.452000e-05	1.904639e-02	-9.609482e+00
2.453000e-05	1.657423e-02	-9.376027e+00
2.454000e-05	1.796431e-02	-9.167349e+00
2.455000e-05	1.575778e-02	-8.944843e+00
2.456000e-05	1.493369e-02	-8.674292e+00
2.457000e-05	1.199023e-02	-8.472162e+00
2.458000e-05	1.259800e-02	-8.228604e+00
2.459000e-05	1.119619e-02	-8.008523e+00
2.460000e-05	1.169492e-02	-7.724439e+00
2.461000e-05	8.354821e-03	-7.411130e+00
2.462000e-05	9.126183e-03	-7.217002e+00
2.463000e-05	7.066763e-03	-6.903393e+00
2.464000e-05	7.549226e-03	-6.672709e+00
2.465000e-05	4.789310e-03	-6.379555e+00
2.466000e-05	5.925768e-03	-6.165371e+00
2.467000e-05	3.021173e-03	-5.923237e+00
2.468000e-05	5.296783e-03	-5.608128e+00
2.469000e-05	2.901181e-03	-5.335421e+00
2.470000e-05	2.314304e-03	-5.049128e+00
2.471000e-05	1.375297e-03	-4.764845e+00
2.472000e-05	2.300825e-03	-4.452108e+00
2.473000e-05	1.166263e-03	-4.211131e+00
2.474000e-05	2.037326e-04	-3.976972e+00
2.475000e-05	-1.597806e-03	-3.663110e+00
2.476000e-05	-2.736919e-03	-3.401076e+00
2.477000e-05	-2.807487e-03	-3.134843e+00
2.478000e-05	-2.924609e-03	-2.831606e+00
2.479000e-05	-3.759152e-03	-2.537392e+00
2.480000e-05	-3.422579e-03	-2.304761e+00
2.481000e-05	-3.553152e-03	-2.007422e+00
2.482000e-05	-4.979917e-03	-1.705288e+00
2.483000e-05	-5.960457e-03	-1.360577e+00
2.484000e-05	-6.927769e-03	-1.113761e+00
2.485000e-05	-6.030854e-03	-8.206535e-01
2.486000e-05	-7.107017e-03	-5.074167e-01
2.487000e-05	-5.327424e-03	-2.341576e-01
2.488000e-05	-3.944343e-03	6.365402e-02
2.489000e-05	8.561300e-03	3.548161e-01
2.490000e-05	-3.256890e-03	5.698951e-01
2.491000e-05	6.514725e-03	8.194767e-01
2.492000e-05	-2.849159e-03	1.105322e+00
2.493000e-05	2.101799e-03	1.379847e+00
2.494000e-05	-4.756734e-03	1.694295e+00
2.495000e-05	1.280781e-02	1.967772e+00
2.496000e-05	4.459303e-02	2.188870e+00
2.497000e-05	1.118185e-01	2.533104e+00
2.498000e-05	-5.009722e-02	2.851978e+00
2.499000e-05	-2.931418e-02	3.116290e+00
2.500000e-05	-4.137867e-02	3.390125e+00
2.501000e-05	-1.918560e-02	3.672659e+00
2.502000e-05	-9.009990e-02	3.882261e+00
2.503000e-05	-2.104311e-02	4.092160e+00
2.504000e-05	1.219395e-01	4.440922e+00
2.505000e-05	-1.384213e-01	4.684757e+00
2.506000e-05	1.450309e-01	4.905737e+00
2.507000e-05	-2.264286e-02	5.303132e+00
2.508000e-05	-7.355576e-02	5.545241e+00
2.509000e-05	5.828684e-02	5.840432e+00
2.510000e-05	-8.101518e-02	6.082206e+00
2.511000e-05	7.714653e-02	6.324266e+00
2.512000e-05	-5.051043e-02	6.629525e+00
2.513000e-05	-2.207713e-03	6.911687e+00
2.514000e-05	2.421072e-03	7.155241e+00
2.515000e-05	-3.699895e-02	7.437476e+00
2.516000e-05	1.995081e-02	7.702557e+00
2.517000e-05	-7.417191e-02	7.968845e+00
2.518000e-05	4.833046e-02	8.289577e+00
2.519000e-05	-2.300956e-02	8.501627e+00
2.520000e-05	-8.885671e-03	8.649606e+00
2.521000e-05	-1.125765e-03	8.913756e+00
2.522000e-05	-7.164559e-02	9.134792e+00
2.523000e-05	2.383757e-02	9.325893e+00
2.524000e-05	-3.937052e-02	9.587907e+00
2.525000e-05	1.376252e-02	9.838003e+00
2.526000e-05	-5.231823e-02	1.009011e+01
2.527000e-05	5.092146e-03	1.026063e+01
2.528000e-05	-2.015888e-02	1.046218e+01
2.529000e-05	-2.921278e-02	1.069204e+01
2.530000e-05	-2.421226e-02	1.089161e+01
2.531000e-05	-4.384918e-02	1.109116e+01
2.532000e-05	2.064897e-03	1.130276e+01
2.533000e-05	-3.911581e-02	1.153228e+01
2.534000e-05	-1.771416e-02	1.173121e+01
2.535000e-05	-5.282655e-02	1.192166e+01
2.536000e-05	-1.455920e-02	1.208221e+01
2.537000e-05	-2.981020e-02	1.226855e+01
2.538000e-05	-2.926628e-02	1.244910e+01
2.539000e-05	-4.513524e-02	1.261607e+01
2.540000e-05	-4.149468e-02	1.276545e+01
2.541000e-05	-2.657196e-02	1.293224e+01
2.542000e-05	-4.275910e-02	1.310160e+01
2.543000e-05	-4.095611e-02	1.322956e+01
2.544000e-05	-5.189300e-02	1.340492e+01
2.545000e-05	-3.002737e-02	1.348231e+01
2.546000e-05	-4.413583e-02	1.365863e+01
2.547000e-05	-4.883269e-02	1.374537e+01
2.548000e-05	-6.300855e-02	1.394081e+01
2.549000e-05	-5.132102e-02	1.403854e+01
2.550000e-05	-4.796788e-02	1.417542e+01
2.551000e-05	-5.531341e-02	1.433171e+01
2.552000e-05	-6.331653e-02	1.437555e+01
2.553000e-05	-6.392929e-02	1.452176e+01
2.554000e-05	-5.572544e-02	1.457840e+01
2.555000e-05	-6.423996e-02	1.470110e+01
2.556000e-05	-7.037623e-02	1.478455e+01
2.557000e-05	-7.677224e-02	1.484908e+01
2.558000e-05	-6.931997e-02	1.491276e+01
2.559000e-05	-7.267569e-02	1.496484e+01
2.560000e-05	-8.214896e-02	1.506763e+01
2.561000e-05	-9.045883e-02	1.510174e+01
2.562000e-05	-8.883318e-02	1.511394e+01
2.563000e-05	-8.389021e-02	1.513642e+01
2.564000e-05	-9.027321e-02	1.521755e+01
2.565000e-05	-9.920437e-02	1.524868e+01
2.566000e-05	-1.034276e-01	1.532221e+01
2.567000e-05	-1.014683e-01	1.531086e+01
2.568000e-05	-1.059733e-01	1.534122e+01
2.569000e-05	-1.178835e-01	1.535334e+01
2.570000e-05	-1.232113e-01	1.534532e+01
2.571000e-05	-1.235742e-01	1.533342e+01
2.572000e-05	-1.243854e-01	1.533229e+01
2.573000e-05	-1.363514e-01	1.536189e+01
2.574000e-05	-1.501418e-01	1.529127e+01
2.575000e-05	-1.575792e-01	1.531971e+01
2.576000e-05	-1.652781e-01	1.523921e+01
2.577000e-05	-1.799067e-01	1.524863e+01
2.578000e-05	-2.052381e-01	1.520540e+01
2.579000e-05	-2.287834e-01	1.513435e+01
2.580000e-05	-2.471898e-01	1.511426e+01
2.581000e-05	-2.499897e-01	1.504918e+01
2.582000e-05	-2.500000e-01	1.499697e+01
2.583000e-05	-2.500000e-01	1.493485e+01
2.584000e-05	-2.500000e-01	1.485026e+01
2.585000e-05	-2.500000e-01	1.478495e+01
2.586000e-05	-2.500000e-01	1.470981e+01
2.587000e-05	-2.497895e-01	1.461755e+01
2.588000e-05	-2.322062e-01	1.454279e+01
2.589000e-05	-1.987451e-01	1.444805e+01
2.590000e-05	-1.751890e-01	1.430234e+01
2.591000e-05	-1.575439e-01	1.420692e+01
2.592000e-05	-1.443885e-01	1.406121e+01
2.593000e-05	-1.252539e-01	1.397387e+01
2.594000e-05	-1.133783e-01	1.387713e+01
2.595000e-05	-1.056693e-01	1.370174e+01
2.596000e-05	-1.010512e-01	1.357592e+01
2.597000e-05	-9.027069e-02	1.343756e+01
2.598000e-05	-8.169689e-02	1.326226e+01
2.599000e-05	-7.617308e-02	1.310332e+01
2.600000e-05	-7.511824e-02	1.298543e+01
2.601000e-05	-7.065612e-02	1.282911e+01
2.602000e-05	-6.331831e-02	1.265118e+01
2.603000e-05	-6.003225e-02	1.250432e+01
2.604000e-05	-5.670427e-02	1.233537e+01
2.605000e-05	-5.781533e-02	1.220597e+01
2.606000e-05	-5.154092e-02	1.201652e+01
2.607000e-05	-4.909755e-02	1.177700e+01
2.608000e-05	-4.598044e-02	1.156705e+01
2.609000e-05	-4.966377e-02	1.136750e+01
2.610000e-05	-4.508923e-02	1.116648e+01
2.611000e-05	-4.209491e-02	1.095745e+01
2.612000e-05	-3.799297e-02	1.078905e+01
2.613000e-05	-4.069066e-02	1.060502e+01
2.614000e-05	-3.852869e-02	1.035702e+01
2.615000e-05	-3.609615e-02	1.016697e+01
2.616000e-05	-3.391883e-02	9.913422e+00
2.617000e-05	-3.496229e-02	9.654239e+00
2.618000e-05	-3.565175e-02	9.482184e+00
2.619000e-05	-3.319962e-02	9.282189e+00
2.620000e-05	-2.953651e-02	9.059831e+00
2.621000e-05	-2.955181e-02	8.799452e+00
2.622000e-05	-2.939316e-02	8.588022e+00
2.623000e-05	-3.049896e-02	8.356897e+00
2.624000e-05	-2.664888e-02	8.104387e+00
2.625000e-05	-2.645242e-02	7.810234e+00
2.626000e-05	-2.525652e-02	7.599023e+00
2.627000e-05	-2.723159e-02	7.325342e+00
2.628000e-05	-2.384229e-02	7.041606e+00
2.629000e-05	-2.327330e-02	6.780055e+00
2.630000e-05	-2.242898e-02	6.545971e+00
2.631000e-05	-2.389170e-02	6.294211e+00
2.632000e-05	-2.261134e-02	6.051181e+00
2.633000e-05	-2.037856e-02	5.737526e+00
2.634000e-05	-1.953923e-02	5.463788e+00
2.635000e-05	-1.981131e-02	5.231081e+00
2.636000e-05	-2.091683e-02	4.881760e+00
2.637000e-05	-1.818339e-02	4.579627e+00
2.638000e-05	-1.795681e-02	4.357946e+00
2.639000e-05	-1.783824e-02	4.031687e+00
2.640000e-05	-1.954207e-02	3.789023e+00
2.641000e-05	-1.649721e-02	3.554866e+00
2.642000e-05	-1.541956e-02	3.230776e+00
2.643000e-05	-1.481833e-02	2.938394e+00
2.644000e-05	-1.608110e-02	2.691262e+00
2.645000e-05	-1.542406e-02	2.359001e+00
2.646000e-05	-1.430773e-02	2.095289e+00
2.647000e-05	-1.268890e-02	1.803286e+00
2.648000e-05	-1.345927e-02	1.507944e+00
2.649000e-05	-1.360127e-02	1.213733e+00
2.650000e-05	-1.201252e-02	9.279166e-01
2.651000e-05	-1.042082e-02	6.321762e-01
2.652000e-05	-9.706192e-03	3.675023e-01
2.653000e-05	-8.053699e-03	5.310739e-02
2.654000e-05	-4.420782e-03	-2.304241e-01
2.655000e-05	7.993354e-03	-4.131005e-01
2.656000e-05	-4.651713e-03	-7.562687e-01
2.657000e-05	4.021214e-03	-1.029876e+00
2.658000e-05	-3.989116e-03	-1.293235e+00
2.659000e-05	3.584535e-03	-1.578974e+00
2.660000e-05	3.403844e-03	-1.799551e+00
2.661000e-05	4.254999e-02	-2.041024e+00
2.662000e-05	1.382832e-01	-2.365218e+00
2.663000e-05	-3.669086e-02	-2.743684e+00
2.664000e-05	-1.469211e-02	-3.155261e+00
2.665000e-05	-3.782540e-02	-3.389400e+00
2.666000e-05	-3.015861e-02	-3.608373e+00
2.667000e-05	-1.152941e-01	-3.832558e+00
2.668000e-05	1.273955e-01	-4.001002e+00
2.669000e-05	-3.846486e-04	-4.251528e+00
2.670000e-05	-7.413928e-02	-4.565866e+00
2.671000e-05	2.238785e-01	-4.838524e+00
2.672000e-05	-1.957086e-01	-5.143735e+00
2.673000e-05	1.575203e-01	-5.490556e+00
2.674000e-05	-1.007084e-01	-5.713158e+00
2.675000e-05	-1.997410e-02	-6.015973e+00
2.676000e-05	1.545628e-01	-6.208948e+00
2.677000e-05	-1.280611e-01	-6.521760e+00
2.678000e-05	1.723592e-01	-6.786869e+00
2.679000e-05	-1.154886e-01	-7.081474e+00
2.680000e-05	5.934156e-02	-7.355265e+00
2.681000e-05	1.485732e-02	-7.617444e+00
2.682000e-05	-5.097506e-02	-7.883136e+00
2.683000e-05	1.427279e-01	-8.124264e+00
2.684000e-05	-1.114557e-01	-8.365393e+00
2.685000e-05	1.489613e-01	-8.625475e+00
2.686000e-05	-7.103458e-02	-8.859633e+00
2.687000e-05	3.036949e-02	-9.113191e+00
2.688000e-05	1.982454e-02	-9.302632e+00
2.689000e-05	-1.308280e-02	-9.574265e+00
2.690000e-05	1.060289e-01	-9.745370e+00
2.691000e-05	-5.788548e-02	-9.935920e+00
2.692000e-05	1.097557e-01	-1.019742e+01
2.693000e-05	-6.593869e-02	-1.042705e+01
2.694000e-05	9.528218e-02	-1.061008e+01
2.695000e-05	-3.019266e-02	-1.081848e+01
2.696000e-05	5.162065e-02	-1.106911e+01
2.697000e-05	1.673108e-02	-1.126858e+01
2.698000e-05	2.884046e-02	-1.146953e+01
2.699000e-05	5.122681e-02	-1.167106e+01
2.700000e-05	-4.086149e-03	-1.188958e+01
2.701000e-05	6.020674e-02	-1.206858e+01
2.702000e-05	-4.461169e-04	-1.224951e+01
2.703000e-05	7.734883e-02	-1.239748e+01
2.704000e-05	-1.623075e-03	-1.259497e+01
2.705000e-05	5.879807e-02	-1.276437e+01
2.706000e-05	1.028882e-02	-1.293221e+01
2.707000e-05	6.103949e-02	-1.306961e+01
2.708000e-05	2.659608e-02	-1.319895e+01
2.709000e-05	4.966490e-02	-1.339339e+01
2.710000e-05	3.959859e-02	-1.351129e+01
2.711000e-05	4.910406e-02	-1.365806e+01
2.712000e-05	5.112619e-02	-1.375487e+01
2.713000e-05	3.665585e-02	-1.392374e+01
2.714000e-05	4.933490e-02	-1.407903e+01
2.715000e-05	4.359708e-02	-1.418244e+01
2.716000e-05	6.537621e-02	-1.431913e+01
2.717000e-05	4.760617e-02	-1.439743e+01
2.718000e-05	6.113643e-02	-1.448971e+01
2.719000e-05	5.022029e-02	-1.458645e+01
2.720000e-05	7.075435e-02	-1.468266e+01
2.721000e-05	5.942420e-02	-1.476739e+01
2.722000e-05	6.818763e-02	-1.486063e+01
2.723000e-05	6.262877e-02	-1.491186e+01
2.724000e-05	7.518799e-02	-1.503593e+01
2.725000e-05	7.319220e-02	-1.506905e+01
2.726000e-05	7.257057e-02	-1.513179e+01
2.727000e-05	7.588392e-02	-1.519237e+01
2.728000e-05	8.138002e-02	-1.521748e+01
2.729000e-05	9.227923e-02	-1.524953e+01
2.730000e-05	8.821488e-02	-1.529213e+01
2.731000e-05	9.201909e-02	-1.535219e+01
2.732000e-05	9.097978e-02	-1.541389e+01
2.733000e-05	1.023451e-01	-1.538445e+01
2.734000e-05	1.035467e-01	-1.537550e+01
2.735000e-05	1.091980e-01	-1.543552e+01
2.736000e-05	1.121498e-01	-1.542705e+01
2.737000e-05	1.221672e-01	-1.540645e+01
2.738000e-05	1.274956e-01	-1.542692e+01
2.739000e-05	1.304815e-01	-1.541648e+01
2.740000e-05	1.362146e-01	-1.539432e+01
2.741000e-05	1.484396e-01	-1.536444e+01
2.742000e-05	1.650668e-01	-1.532166e+01
2.743000e-05	1.803629e-01	-1.527161e+01
2.744000e-05	1.993450e-01	-1.520896e+01
2.745000e-05	2.242232e-01	-1.516742e+01
2.746000e-05	2.475674e-01	-1.516287e+01
2.747000e-05	2.499992e-01	-1.510026e+01
2.748000e-05	2.500000e-01	-1.501660e+01
2.749000e-05	2.500000e-01	-1.497397e+01
2.750000e-05	2.500000e-01	-1.488123e+01
2.751000e-05	2.500000e-01	-1.481805e+01
2.752000e-05	2.500000e-01	-1.471232e+01
2.753000e-05	2.427784e-01	-1.465715e+01
2.754000e-05	2.125512e-01	-1.459389e+01
2.755000e-05	1.878144e-01	-1.443951e+01
2.756000e-05	1.640394e-01	-1.432497e+01
2.757000e-05	1.447334e-01	-1.422910e+01
2.758000e-05	1.272045e-01	-1.410234e+01
2.759000e-05	1.156645e-01	-1.397600e+01
2.760000e-05	1.032041e-01	-1.389071e+01
2.761000e-05	9.240456e-02	-1.374284e+01
2.762000e-05	8.355291e-02	-1.356650e+01
2.763000e-05	7.785667e-02	-1.345763e+01
2.764000e-05	7.347596e-02	-1.327231e+01
2.765000e-05	6.657969e-02	-1.314384e+01
2.766000e-05	6.033723e-02	-1.301700e+01
2.767000e-05	5.499079e-02	-1.282066e+01
2.768000e-05	5.275943e-02	-1.266169e+01
2.769000e-05	4.960750e-02	-1.256492e+01
2.770000e-05	4.433877e-02	-1.231645e+01
2.771000e-05	4.180521e-02	-1.218692e+01
2.772000e-05	3.977828e-02	-1.197607e+01
2.773000e-05	3.782880e-02	-1.180640e+01
2.774000e-05	3.467931e-02	-1.157657e+01
2.775000e-05	3.198849e-02	-1.134647e+01
2.776000e-05	2.968548e-02	-1.114389e+01
2.777000e-05	2.958109e-02	-1.093532e+01
2.778000e-05	2.743718e-02	-1.074592e+01
2.779000e-05	2.547626e-02	-1.057692e+01
2.780000e-05	2.251220e-02	-1.037447e+01
2.781000e-05	2.300849e-02	-1.015534e+01
2.782000e-05	2.104449e-02	-9.903713e+00
2.783000e-05	2.046522e-02	-9.703268e+00
2.784000e-05	1.882632e-02	-9.491789e+00
2.785000e-05	1.897388e-02	-9.251654e+00
2.786000e-05	1.705872e-02	-8.999628e+00
2.787000e-05	1.528074e-02	-8.766555e+00
2.788000e-05	1.246890e-02	-8.564847e+00
2.789000e-05	1.192916e-02	-8.313339e+00
2.790000e-05	1.162326e-02	-8.083214e+00
2.791000e-05	1.157872e-02	-7.849129e+00
2.792000e-05	9.601274e-03	-7.526370e+00
2.793000e-05	8.878191e-03	-7.283289e+00
2.794000e-05	8.429930e-03	-7.050606e+00
2.795000e-05	9.048250e-03	-6.758448e+00
2.796000e-05	4.008210e-03	-6.494891e+00
2.797000e-05	5.634673e-03	-6.272736e+00
2.798000e-05	2.676436e-03	-5.977948e+00
2.799000e-05	5.762547e-03	-5.737394e+00
2.800000e-05	5.601263e-03	-5.452709e+00
2.801000e-05	2.445593e-03	-5.186344e+00
2.802000e-05	1.293337e-03	-4.832108e+00
2.803000e-05	8.480155e-04	-4.545919e+00
2.804000e-05	1.316861e-04	-4.305389e+00
2.805000e-05	-4.816111e-06	-4.082258e+00
2.806000e-05	-3.417712e-03	-3.738902e+00
2.807000e-05	-6.439242e-04	-3.473762e+00
2.808000e-05	-1.504946e-03	-3.191603e+00
2.809000e-05	2.665655e-04	-2.906294e+00
2.810000e-05	-5.185575e-03	-2.663706e+00
2.811000e-05	-4.024067e-03	-2.400949e+00
2.812000e-05	-5.895323e-03	-2.034287e+00
2.813000e-05	-3.873370e-03	-1.811048e+00
2.814000e-05	-6.392344e-03	-1.557443e+00
2.815000e-05	-6.074759e-03	-1.191528e+00
2.816000e-05	-5.503567e-03	-8.653104e-01
2.817000e-05	-4.821305e-03	-6.306573e-01
2.818000e-05	-5.580016e-03	-3.468721e-01
2.819000e-05	-7.698695e-03	-6.375646e-02
2.820000e-05	5.684025e-03	2.404832e-01
2.821000e-05	3.374702e-04	5.046609e-01
2.822000e-05	3.429747e-03	7.262961e-01
2.823000e-05	4.497280e-04	1.039427e+00
2.824000e-05	-8.681329e-04	1.323640e+00
2.825000e-05	-8.219363e-04	1.629001e+00
2.826000e-05	4.261728e-03	1.892129e+00
2.827000e-05	2.593950e-02	2.093106e+00
2.828000e-05	1.040005e-01	2.357294e+00
2.829000e-05	1.599324e-02	2.725786e+00
2.830000e-05	-5.262299e-02	3.008955e+00
2.831000e-05	-2.942337e-02	3.310579e+00
2.832000e-05	-3.251385e-02	3.616923e+00
2.833000e-05	-6.011561e-02	3.818976e+00
2.834000e-05	-7.256720e-02	4.047973e+00
2.835000e-05	1.031546e-01	4.272162e+00
2.836000e-05	-4.177887e-02	4.638997e+00
2.837000e-05	-1.145187e-02	4.809474e+00
2.838000e-05	1.410021e-01	5.205794e+00
2.839000e-05	-1.569160e-01	5.480554e+00
2.840000e-05	7.660928e-02	5.723706e+00
2.841000e-05	-6.799787e-02	6.038399e+00
2.842000e-05	2.602068e-02	6.218524e+00
2.843000e-05	2.034557e-02	6.522608e+00
2.844000e-05	-6.608642e-02	6.796496e+00
2.845000e-05	5.172255e-02	7.041477e+00
2.846000e-05	-6.524107e-02	7.333188e+00
2.847000e-05	4.125201e-02	7.598376e+00
2.848000e-05	-7.354189e-02	7.870634e+00
2.849000e-05	1.444239e-02	8.145767e+00
2.850000e-05	1.287746e-02	8.384846e+00
2.851000e-05	-4.039441e-02	8.568451e+00
2.852000e-05	2.075897e-02	8.819393e+00
2.853000e-05	-6.970747e-02	9.058583e+00
2.854000e-05	6.335899e-03	9.272710e+00
2.855000e-05	-2.044086e-02	9.532633e+00
2.856000e-05	4.749544e-03	9.752787e+00
2.857000e-05	-3.403230e-02	9.975422e+00
2.858000e-05	-2.144223e-02	1.016692e+01
2.859000e-05	-5.419622e-03	1.038790e+01
2.860000e-05	-3.594082e-02	1.063685e+01
2.861000e-05	-1.960002e-02	1.079795e+01
2.862000e-05	-4.382673e-02	1.101660e+01
2.863000e-05	-7.062365e-03	1.121852e+01
2.864000e-05	-2.364864e-02	1.144952e+01
2.865000e-05	-2.202226e-02	1.160858e+01
2.866000e-05	-4.479678e-02	1.182898e+01
2.867000e-05	-3.036946e-02	1.202949e+01
2.868000e-05	-2.515338e-02	1.220598e+01
2.869000e-05	-2.906965e-02	1.236790e+01
2.870000e-05	-3.999723e-02	1.257437e+01
2.871000e-05	-4.379716e-02	1.271321e+01
2.872000e-05	-2.942739e-02	1.288106e+01
2.873000e-05	-3.644507e-02	1.306643e+01
2.874000e-05	-4.052597e-02	1.314642e+01
2.875000e-05	-5.238704e-02	1.331326e+01
2.876000e-05	-3.516478e-02	1.343765e+01
2.877000e-05	-4.069294e-02	1.359695e+01
2.878000e-05	-4.440272e-02	1.373339e+01
2.879000e-05	-6.179141e-02	1.386913e+01
2.880000e-05	-5.351730e-02	1.397543e+01
2.881000e-05	-5.019249e-02	1.409429e+01
2.882000e-05	-5.064379e-02	1.423823e+01
2.883000e-05	-6.120472e-02	1.441490e+01
2.884000e-05	-6.511240e-02	1.448919e+01
2.885000e-05	-5.644651e-02	1.458589e+01
2.886000e-05	-6.139466e-02	1.465013e+01
2.887000e-05	-6.578326e-02	1.475232e+01
2.888000e-05	-7.690852e-02	1.480800e+01
2.889000e-05	-6.947362e-02	1.490019e+01
2.890000e-05	-7.126040e-02	1.496387e+01
2.891000e-05	-7.701243e-02	1.502695e+01
2.892000e-05	-8.941884e-02	1.506124e+01
2.893000e-05	-9.117250e-02	1.512327e+01
2.894000e-05	-8.421397e-02	1.514547e+01
2.895000e-05	-8.693554e-02	1.522703e+01
2.896000e-05	-9.483502e-02	1.526915e+01
2.897000e-05	-1.034911e-01	1.526170e+01
2.898000e-05	-1.008541e-01	1.532124e+01
2.899000e-05	-1.041118e-01	1.528225e+01
2.900000e-05	-1.139841e-01	1.535129e+01
2.901000e-05	-1.225333e-01	1.537489e+01
2.902000e-05	-1.234855e-01	1.539392e+01
2.903000e-05	-1.219772e-01	1.533184e+01
2.904000e-05	-1.319848e-01	1.534334e+01
2.905000e-05	-1.440940e-01	1.531284e+01
2.906000e-05	-1.557684e-01	1.529931e+01
2.907000e-05	-1.602044e-01	1.528023e+01
2.908000e-05	-1.744579e-01	1.523754e+01
2.909000e-05	-1.945250e-01	1.520700e+01
2.910000e-05	-2.204629e-01	1.516537e+01
2.911000e-05	-2.418816e-01	1.513382e+01
2.912000e-05	-2.499534e-01	1.508071e+01
2.913000e-05	-2.500000e-01	1.503600e+01
2.914000e-05	-2.500000e-01	1.493442e+01
2.915000e-05	-2.500000e-01	1.489326e+01
2.916000e-05	-2.500000e-01	1.481003e+01
2.917000e-05	-2.500000e-01	1.469242e+01
2.918000e-05	-2.500000e-01	1.463018e+01
2.919000e-05	-2.430157e-01	1.454439e+01
2.920000e-05	-2.111810e-01	1.443973e+01
2.921000e-05	-1.834234e-01	1.436347e+01
2.922000e-05	-1.641344e-01	1.423923e+01
2.923000e-05	-1.497457e-01	1.412389e+01
2.924000e-05	-1.320873e-01	1.396665e+01
2.925000e-05	-1.180657e-01	1.388076e+01
2.926000e-05	-1.078928e-01	1.375392e+01
2.927000e-05	-1.032237e-01	1.360750e+01
2.928000e-05	-9.410466e-02	1.347016e+01
2.929000e-05	-8.490440e-02	1.336491e+01
2.930000e-05	-7.755044e-02	1.317748e+01
2.931000e-05	-7.609214e-02	1.307808e+01
2.932000e-05	-7.189983e-02	1.288221e+01
2.933000e-05	-6.699961e-02	1.271332e+01
2.934000e-05	-6.066766e-02	1.258598e+01
2.935000e-05	-5.877729e-02	1.238808e+01
2.936000e-05	-5.813149e-02	1.222815e+01
2.937000e-05	-5.334014e-02	1.203979e+01
2.938000e-05	-4.998576e-02	1.188378e+01
2.939000e-05	-4.656387e-02	1.167071e+01
2.940000e-05	-4.909222e-02	1.146971e+01
2.941000e-05	-4.606963e-02	1.122911e+01
2.942000e-05	-4.376727e-02	1.106111e+01
2.943000e-05	-3.837976e-02	1.085214e+01
2.944000e-05	-4.069325e-02	1.066966e+01
2.945000e-05	-3.908222e-02	1.045126e+01
2.946000e-05	-3.776208e-02	1.023966e+01
2.947000e-05	-3.322898e-02	1.001058e+01
2.948000e-05	-3.423022e-02	9.796527e+00
2.949000e-05	-3.516862e-02	9.535946e+00
2.950000e-05	-3.469409e-02	9.325946e+00
2.951000e-05	-3.069869e-02	9.106422e+00
2.952000e-05	-2.924255e-02	8.903415e+00
2.953000e-05	-2.928163e-02	8.640707e+00
2.954000e-05	-2.988086e-02	8.401608e+00
2.955000e-05	-2.695355e-02	8.197577e+00
2.956000e-05	-2.519380e-02	7.914418e+00
2.957000e-05	-2.508255e-02	7.684318e+00
2.958000e-05	-2.650259e-02	7.389135e+00
2.959000e-05	-2.531503e-02	7.148422e+00
2.960000e-05	-2.388475e-02	6.934365e+00
2.961000e-05	-2.273525e-02	6.650783e+00
2.962000e-05	-2.388417e-02	6.388023e+00
2.963000e-05	-2.333961e-02	6.135417e+00
2.964000e-05	-2.081090e-02	5.872816e+00
2.965000e-05	-1.989543e-02	5.630048e+00
2.966000e-05	-1.938344e-02	5.346518e+00
2.967000e-05	-2.130142e-02	4.959000e+00
2.968000e-05	-1.969729e-02	4.712739e+00
2.969000e-05	-1.819507e-02	4.461233e+00
2.970000e-05	-1.760887e-02	4.166520e+00
2.971000e-05	-1.863112e-02	3.884184e+00
2.972000e-05	-1.819281e-02	3.611105e+00
2.973000e-05	-1.566078e-02	3.327493e+00
2.974000e-05	-1.430203e-02	3.072686e+00
2.975000e-05	-1.586173e-02	2.799577e+00
2.976000e-05	-1.572579e-02	2.514885e+00
2.977000e-05	-1.459665e-02	2.192131e+00
2.978000e-05	-1.341256e-02	1.966971e+00
2.979000e-05	-1.195138e-02	1.662205e+00
2.980000e-05	-1.316900e-02	1.347418e+00
2.981000e-05	-1.313322e-02	1.071244e+00
2.982000e-05	-1.104520e-02	7.068903e-01
2.983000e-05	-1.029012e-02	4.547100e-01
2.984000e-05	-9.479841e-03	1.491771e-01
2.985000e-05	-7.388063e-03	-1.057122e-01
2.986000e-05	6.638101e-03	-3.893186e-01
2.987000e-05	-2.421971e-03	-6.595282e-01
2.988000e-05	4.136618e-03	-9.141610e-01
2.989000e-05	-3.487715e-03	-1.166920e+00
2.990000e-05	2.438028e-03	-1.532159e+00
2.991000e-05	-1.864105e-03	-1.726287e+00
2.992000e-05	2.472974e-02	-1.936343e+00
2.993000e-05	1.078996e-01	-2.199424e+00
2.994000e-05	4.887645e-02	-2.585743e+00
2.995000e-05	-5.674946e-02	-2.997349e+00
2.996000e-05	-8.443018e-04	-3.323212e+00
2.997000e-05	-4.771977e-02	-3.526242e+00
2.998000e-05	-6.914533e-02	-3.726186e+00
2.999000e-05	-1.904660e-02	-3.976821e+00
3.000000e-05	1.660425e-01	-4.125314e+00
3.001000e-05	-1.980643e-01	-4.438478e+00
3.002000e-05	1.915834e-01	-4.694286e+00
3.003000e-05	-8.840318e-02	-4.957373e+00
3.004000e-05	-9.053885e-03	-5.375290e+00
3.005000e-05	9.878293e-02	-5.616951e+00
3.006000e-05	-1.931348e-01	-5.902588e+00
3.007000e-05	2.030256e-01	-6.103659e+00
3.008000e-05	-1.047255e-01	-6.386349e+00
3.009000e-05	8.722794e-02	-6.712712e+00
3.010000e-05	2.090096e-02	-6.913812e+00
3.011000e-05	-7.482844e-02	-7.259576e+00
3.012000e-05	1.274826e-01	-7.481682e+00
3.013000e-05	-1.249358e-01	-7.786345e+00
3.014000e-05	1.452316e-01	-8.028079e+00
3.015000e-05	-5.600702e-02	-8.261580e+00
3.016000e-05	4.714815e-02	-8.543710e+00
3.017000e-05	6.456201e-02	-8.745265e+00
3.018000e-05	-8.466638e-02	-9.037524e+00
3.019000e-05	1.071846e-01	-9.178975e+00
3.020000e-05	-8.496691e-02	-9.469002e+00
3.021000e-05	1.358019e-01	-9.729206e+00
3.022000e-05	-5.021105e-02	-9.892159e+00
3.023000e-05	7.801834e-02	-1.017271e+01
3.024000e-05	-8.965444e-03	-1.034379e+01
3.025000e-05	2.512685e-02	-1.058592e+01
3.026000e-05	4.801780e-02	-1.075229e+01
3.027000e-05	-2.099986e-02	-1.098384e+01
3.028000e-05	7.585242e-02	-1.115482e+01
3.029000e-05	-2.364607e-02	-1.137587e+01
3.030000e-05	9.045244e-02	-1.162534e+01
3.031000e-05	-2.348034e-02	-1.179547e+01
3.032000e-05	6.625136e-02	-1.195584e+01
3.033000e-05	-1.360734e-03	-1.219644e+01
3.034000e-05	6.584924e-02	-1.237427e+01
3.035000e-05	2.138232e-02	-1.251166e+01
3.036000e-05	3.521823e-02	-1.270219e+01
3.037000e-05	3.252824e-02	-1.283958e+01
3.038000e-05	3.319359e-02	-1.300697e+01
3.039000e-05	5.399559e-02	-1.318437e+01
3.040000e-05	2.564563e-02	-1.331374e+01
3.041000e-05	5.810952e-02	-1.345758e+01
3.042000e-05	2.940966e-02	-1.359690e+01
3.043000e-05	6.473534e-02	-1.372434e+01
3.044000e-05	2.866914e-02	-1.390011e+01
3.045000e-05	5.380123e-02	-1.398592e+01
3.046000e-05	3.671832e-02	-1.412276e+01
3.047000e-05	6.538699e-02	-1.424761e+01
3.048000e-05	5.128860e-02	-1.434632e+01
3.049000e-05	5.899595e-02	-1.450059e+01
3.050000e-05	5.101970e-02	-1.456526e+01
3.051000e-05	6.244103e-02	-1.466963e+01
3.052000e-05	6.602957e-02	-1.474284e+01
3.053000e-05	6.199462e-02	-1.479902e+01
3.054000e-05	6.703129e-02	-1.491118e+01
3.055000e-05	6.615180e-02	-1.497532e+01
3.056000e-05	7.856389e-02	-1.505813e+01
3.057000e-05	6.982113e-02	-1.514029e+01
3.058000e-05	7.744053e-02	-1.514287e+01
3.059000e-05	7.489047e-02	-1.519695e+01
3.060000e-05	9.166706e-02	-1.525953e+01
3.061000e-05	8.816454e-02	-1.529106e+01
3.062000e-05	9.239845e-02	-1.530172e+01
3.063000e-05	8.962558e-02	-1.539384e+01
3.064000e-05	9.799368e-02	-1.535442e+01
3.065000e-05	1.025895e-01	-1.542595e+01
3.066000e-05	1.069533e-01	-1.544650e+01
3.067000e-05	1.098274e-01	-1.540610e+01
3.068000e-05	1.165806e-01	-1.542703e+01
3.069000e-05	1.267040e-01	-1.540802e+01
3.070000e-05	1.292992e-01	-1.540645e+01
3.071000e-05	1.346436e-01	-1.542600e+01
3.072000e-05	1.422393e-01	-1.537436e+01
3.073000e-05	1.593159e-01	-1.536237e+01
3.074000e-05	1.741116e-01	-1.530429e+01
3.075000e-05	1.910646e-01	-1.527113e+01
3.076000e-05	2.132301e-01	-1.517795e+01
3.077000e-05	2.413864e-01	-1.516387e+01
3.078000e-05	2.499381e-01	-1.513129e+01
3.079000e-05	2.500000e-01	-1.507815e+01
3.080000e-05	2.500000e-01	-1.498747e+01
3.081000e-05	2.500000e-01	-1.490176e+01
3.082000e-05	2.500000e-01	-1.485915e+01
3.083000e-05	2.500000e-01	-1.475484e+01
3.084000e-05	2.487484e-01	-1.468974e+01
3.085000e-05	2.239669e-01	-1.459543e+01
3.086000e-05	1.967609e-01	-1.448368e+01
3.087000e-05	1.730871e-01	-1.439552e+01
3.088000e-05	1.519730e-01	-1.426916e+01
3.089000e-05	1.321224e-01	-1.417405e+01
3.090000e-05	1.195446e-01	-1.401000e+01
3.091000e-05	1.082833e-01	-1.391281e+01
3.092000e-05	9.648060e-02	-1.379545e+01
3.093000e-05	8.543589e-02	-1.363007e+01
3.094000e-05	7.903472e-02	-1.348928e+01
3.095000e-05	7.572267e-02	-1.335492e+01
3.096000e-05	7.019582e-02	-1.321753e+01
3.097000e-05	6.234148e-02	-1.301773e+01
3.098000e-05	5.666780e-02	-1.291324e+01
3.099000e-05	5.348200e-02	-1.272687e+01
3.100000e-05	5.218776e-02	-1.264597e+01
3.101000e-05	4.605864e-02	-1.240955e+01
3.102000e-05	4.245058e-02	-1.221966e+01
3.103000e-05	3.960238e-02	-1.209219e+01
3.104000e-05	3.953657e-02	-1.191027e+01
3.105000e-05	3.547233e-02	-1.169169e+01
3.106000e-05	3.220552e-02	-1.144063e+01
3.107000e-05	2.961576e-02	-1.126813e+01
3.108000e-05	3.121458e-02	-1.108003e+01
3.109000e-05	2.914937e-02	-1.085013e+01
3.110000e-05	2.580896e-02	-1.063121e+01
3.111000e-05	2.306092e-02	-1.042163e+01
3.112000e-05	2.192678e-02	-1.020655e+01
3.113000e-05	2.227474e-02	-1.000553e+01
3.114000e-05	1.981022e-02	-9.808001e+00
3.115000e-05	1.842335e-02	-9.557524e+00
3.116000e-05	1.729851e-02	-9.344843e+00
3.117000e-05	1.842201e-02	-9.133290e+00
3.118000e-05	1.643008e-02	-8.910789e+00
3.119000e-05	1.404146e-02	-8.641235e+00
3.120000e-05	1.129868e-02	-8.407975e+00
3.121000e-05	1.294146e-02	-8.176972e+00
3.122000e-05	1.207918e-02	-7.924868e+00
3.123000e-05	1.144059e-02	-7.680256e+00
3.124000e-05	7.231038e-03	-7.388597e+00
3.125000e-05	8.440265e-03	-7.146447e+00
3.126000e-05	6.998471e-03	-6.859211e+00
3.127000e-05	8.085281e-03	-6.618601e+00
3.128000e-05	4.597626e-03	-6.358500e+00
3.129000e-05	5.479775e-03	-6.064739e+00
3.130000e-05	4.030114e-03	-5.829055e+00
3.131000e-05	5.091883e-03	-5.546997e+00
3.132000e-05	1.061594e-03	-5.269610e+00
3.133000e-05	9.436906e-04	-4.966997e+00
3.134000e-05	4.554862e-04	-4.629631e+00
3.135000e-05	2.935084e-03	-4.408552e+00
3.136000e-05	1.490222e-03	-4.148421e+00
3.137000e-05	-1.351137e-03	-3.863239e+00
3.138000e-05	-2.038048e-03	-3.607974e+00
3.139000e-05	-3.697087e-03	-3.335368e+00
3.140000e-05	-1.596941e-03	-3.041710e+00
3.141000e-05	-4.429428e-03	-2.745893e+00
3.142000e-05	-2.599641e-03	-2.492312e+00
3.143000e-05	-4.449401e-03	-2.160625e+00
3.144000e-05	-2.536095e-03	-1.915738e+00
3.145000e-05	-5.124259e-03	-1.633158e+00
3.146000e-05	-5.531988e-03	-1.294914e+00
3.147000e-05	-8.012607e-03	-9.910560e-01
3.148000e-05	-5.748526e-03	-7.663958e-01
3.149000e-05	-6.267306e-03	-4.221538e-01
3.150000e-05	-5.824539e-03	-1.779486e-01
3.151000e-05	-5.546979e-04	1.156858e-01
3.152000e-05	7.380323e-03	3.889750e-01
3.153000e-05	-1.540241e-03	6.506306e-01
3.154000e-05	4.994371e-03	9.041806e-01
3.155000e-05	-3.748913e-03	1.188997e+00
3.156000e-05	2.116563e-03	1.492582e+00
3.157000e-05	-3.438073e-03	1.789972e+00
3.158000e-05	1.817464e-02	1.998948e+00
3.159000e-05	6.704641e-02	2.262080e+00
3.160000e-05	8.819512e-02	2.609901e+00
3.161000e-05	-6.383298e-02	2.945212e+00
3.162000e-05	-2.205468e-02	3.187420e+00
3.163000e-05	-4.402652e-02	3.483636e+00
3.164000e-05	-2.563125e-02	3.726712e+00
3.165000e-05	-9.334598e-02	3.916390e+00
3.166000e-05	2.826843e-02	4.166263e+00
3.167000e-05	8.362632e-02	4.502129e+00
3.168000e-05	-1.346460e-01	4.754290e+00
3.169000e-05	1.939615e-01	4.968898e+00
3.170000e-05	-1.160592e-01	5.326340e+00
3.171000e-05	3.307925e-03	5.558448e+00
3.172000e-05	7.632781e-03	5.884213e+00
3.173000e-05	-4.850240e-02	6.134340e+00
3.174000e-05	7.330097e-02	6.387899e+00
3.175000e-05	-7.616672e-02	6.693637e+00
3.176000e-05	3.527514e-02	6.925312e+00
3.177000e-05	-3.769151e-02	7.229527e+00
3.178000e-05	-1.107356e-03	7.441129e+00
3.179000e-05	-1.694523e-02	7.805841e+00
3.180000e-05	-4.232493e-02	8.030073e+00
3.181000e-05	4.518885e-02	8.302206e+00
3.182000e-05	-3.958593e-02	8.501685e+00
3.183000e-05	9.518191e-03	8.703689e+00
3.184000e-05	-2.959710e-02	8.995817e+00
3.185000e-05	-4.740316e-02	9.187376e+00
3.186000e-05	1.149678e-02	9.450470e+00
3.187000e-05	-2.748268e-02	9.650103e+00
3.188000e-05	1.823785e-03	9.902637e+00
3.189000e-05	-4.484928e-02	1.012278e+01
3.190000e-05	6.496338e-03	1.031224e+01
3.191000e-05	-3.010777e-02	1.058226e+01
3.192000e-05	-2.527892e-02	1.066466e+01
3.193000e-05	-3.145657e-02	1.093279e+01
3.194000e-05	-3.369096e-02	1.113379e+01
3.195000e-05	-5.326481e-03	1.136392e+01
3.196000e-05	-3.713666e-02	1.155479e+01
3.197000e-05	-2.472420e-02	1.175344e+01
3.198000e-05	-4.705262e-02	1.199332e+01
3.199000e-05	-1.538155e-02	1.211429e+01
3.200000e-05	-3.071579e-02	1.232421e+01
3.201000e-05	-3.240816e-02	1.249019e+01
3.202000e-05	-4.516578e-02	1.264010e+01
3.203000e-05	-3.782351e-02	1.274750e+01
3.204000e-05	-2.887594e-02	1.297389e+01
3.205000e-05	-4.447101e-02	1.311326e+01
3.206000e-05	-4.479950e-02	1.325966e+01
3.207000e-05	-4.737393e-02	1.342703e+01
3.208000e-05	-3.314849e-02	1.356587e+01
3.209000e-05	-4.542945e-02	1.370166e+01
3.210000e-05	-5.341409e-02	1.379695e+01
3.211000e-05	-5.933899e-02	1.393234e+01
3.212000e-05	-5.024062e-02	1.405209e+01
3.213000e-05	-4.826171e-02	1.423605e+01
3.214000e-05	-5.781175e-02	1.437382e+01
3.215000e-05	-6.446692e-02	1.444848e+01
3.216000e-05	-6.166499e-02	1.453384e+01
3.217000e-05	-5.791980e-02	1.459847e+01
3.218000e-05	-6.431891e-02	1.474174e+01
3.219000e-05	-7.379223e-02	1.480700e+01
3.220000e-05	-7.277005e-02	1.486065e+01
3.221000e-05	-6.956217e-02	1.493389e+01
3.222000e-05	-7.228228e-02	1.501647e+01
3.223000e-05	-8.387696e-02	1.506106e+01
3.224000e-05	-9.023957e-02	1.511168e+01
3.225000e-05	-8.840217e-02	1.512597e+01
3.226000e-05	-8.580927e-02	1.515592e+01
3.227000e-05	-9.269820e-02	1.522713e+01
3.228000e-05	-1.006086e-01	1.527926e+01
3.229000e-05	-1.009282e-01	1.531128e+01
3.230000e-05	-1.012579e-01	1.530227e+01
3.231000e-05	-1.088795e-01	1.534134e+01
3.232000e-05	-1.192543e-01	1.534339e+01
3.233000e-05	-1.232581e-01	1.537149e+01
3.234000e-05	-1.228338e-01	1.535392e+01
3.235000e-05	-1.279464e-01	1.535279e+01
3.236000e-05	-1.405254e-01	1.534234e+01
3.237000e-05	-1.522177e-01	1.533084e+01
3.238000e-05	-1.578058e-01	1.530922e+01
3.239000e-05	-1.675971e-01	1.526865e+01
3.240000e-05	-1.849040e-01	1.518708e+01
3.241000e-05	-2.109624e-01	1.515750e+01
3.242000e-05	-2.341260e-01	1.513494e+01
3.243000e-05	-2.493969e-01	1.510429e+01
3.244000e-05	-2.500000e-01	1.501913e+01
3.245000e-05	-2.500000e-01	1.496695e+01
3.246000e-05	-2.500000e-01	1.492334e+01
3.247000e-05	-2.500000e-01	1.480958e+01
3.248000e-05	-2.500000e-01	1.478537e+01
3.249000e-05	-2.500000e-01	1.466073e+01
3.250000e-05	-2.494639e-01	1.458555e+01
3.251000e-05	-2.232843e-01	1.453224e+01
3.252000e-05	-1.936292e-01	1.435655e+01
3.253000e-05	-1.702933e-01	1.431126e+01
3.254000e-05	-1.560658e-01	1.416760e+01
3.255000e-05	-1.388025e-01	1.405968e+01
3.256000e-05	-1.236123e-01	1.391292e+01
3.257000e-05	-1.101176e-01	1.379710e+01
3.258000e-05	-1.042909e-01	1.363174e+01
3.259000e-05	-9.810687e-02	1.351439e+01
3.260000e-05	-8.906749e-02	1.340653e+01
3.261000e-05	-7.959241e-02	1.322008e+01
3.262000e-05	-7.621048e-02	1.309233e+01
3.263000e-05	-7.401709e-02	1.294444e+01
3.264000e-05	-7.008740e-02	1.275797e+01
3.265000e-05	-6.244430e-02	1.265011e+01
3.266000e-05	-6.011507e-02	1.246324e+01
3.267000e-05	-5.791281e-02	1.228229e+01
3.268000e-05	-5.700249e-02	1.212445e+01
3.269000e-05	-5.056263e-02	1.191494e+01
3.270000e-05	-4.730378e-02	1.174542e+01
3.271000e-05	-4.751094e-02	1.154497e+01
3.272000e-05	-4.856473e-02	1.134390e+01
3.273000e-05	-4.482328e-02	1.113437e+01
3.274000e-05	-4.062955e-02	1.095491e+01
3.275000e-05	-3.915272e-02	1.073637e+01
3.276000e-05	-3.909220e-02	1.056432e+01
3.277000e-05	-3.931456e-02	1.030389e+01
3.278000e-05	-3.497102e-02	1.010286e+01
3.279000e-05	-3.299995e-02	9.901236e+00
3.280000e-05	-3.346279e-02	9.630691e+00
3.281000e-05	-3.449377e-02	9.399602e+00
3.282000e-05	-3.160374e-02	9.220080e+00
3.283000e-05	-2.885563e-02	9.026549e+00
3.284000e-05	-3.019932e-02	8.706966e+00
3.285000e-05	-2.967267e-02	8.534896e+00
3.286000e-05	-3.067230e-02	8.261834e+00
3.287000e-05	-2.488575e-02	8.049104e+00
3.288000e-05	-2.565097e-02	7.768075e+00
3.289000e-05	-2.354227e-02	7.504894e+00
3.290000e-05	-2.583402e-02	7.261779e+00
3.291000e-05	-2.199332e-02	7.010081e+00
3.292000e-05	-2.239204e-02	6.757897e+00
3.293000e-05	-2.386981e-02	6.484706e+00
3.294000e-05	-2.592795e-02	6.210128e+00
3.295000e-05	-2.357847e-02	5.999050e+00
3.296000e-05	-2.223996e-02	5.694414e+00
3.297000e-05	-1.735841e-02	5.431681e+00
3.298000e-05	-1.934534e-02	5.126964e+00
3.299000e-05	-1.702738e-02	4.800655e+00
3.300000e-05	-1.754640e-02	4.558420e+00
3.301000e-05	-1.853302e-02	4.263912e+00
3.302000e-05	-2.021616e-02	3.990479e+00
3.303000e-05	-2.062045e-02	3.706289e+00
3.304000e-05	-1.773007e-02	3.452233e+00
3.305000e-05	-1.448588e-02	3.156895e+00
3.306000e-05	-1.347232e-02	2.905839e+00
3.307000e-05	-1.447028e-02	2.622103e+00
3.308000e-05	-1.486116e-02	2.316340e+00
3.309000e-05	-1.378082e-02	2.052661e+00
3.310000e-05	-1.342629e-02	1.740022e+00
3.311000e-05	-1.389279e-02	1.445256e+00
3.312000e-05	-1.437301e-02	1.208523e+00
3.313000e-05	-1.309870e-02	8.027310e-01
3.314000e-05	-1.081000e-02	6.193969e-01
3.315000e-05	-9.204103e-03	2.738641e-01
3.316000e-05	-6.829428e-03	-9.016438e-03
3.317000e-05	-3.537299e-04	-3.021070e-01
3.318000e-05	5.147214e-03	-5.547562e-01
3.319000e-05	-2.187148e-03	-8.208978e-01
3.320000e-05	1.806812e-03	-1.053006e+00
3.321000e-05	-4.230175e-03	-1.418348e+00
3.322000e-05	-3.235310e-04	-1.620424e+00
3.323000e-05	1.027978e-02	-1.872583e+00
3.324000e-05	6.148208e-02	-2.133109e+00
3.325000e-05	1.243379e-01	-2.409953e+00
3.326000e-05	-6.393182e-02	-2.869473e+00
3.327000e-05	4.875925e-03	-3.218930e+00
3.328000e-05	-5.224832e-02	-3.482031e+00
3.329000e-05	-3.040789e-02	-3.650048e+00
3.330000e-05	-1.151716e-01	-3.863666e+00
3.331000e-05	1.877504e-01	-4.041479e+00
3.332000e-05	-1.215583e-01	-4.313767e+00
3.333000e-05	7.565653e-02	-4.621508e+00
3.334000e-05	1.370797e-01	-4.851084e+00
3.335000e-05	-1.853883e-01	-5.220403e+00
3.336000e-05	1.951385e-01	-5.503612e+00
3.337000e-05	-1.791573e-01	-5.785846e+00
3.338000e-05	1.024133e-01	-6.070582e+00
3.339000e-05	4.656251e-02	-6.293133e+00
3.340000e-05	-6.597358e-02	-6.607897e+00
3.341000e-05	1.532489e-01	-6.869130e+00
3.342000e-05	-1.410931e-01	-7.143742e+00
3.343000e-05	1.281344e-01	-7.389375e+00
3.344000e-05	-6.868644e-02	-7.639528e+00
3.345000e-05	3.570567e-02	-7.976245e+00
3.346000e-05	7.767446e-02	-8.144846e+00
3.347000e-05	-7.772106e-02	-8.478053e+00
3.348000e-05	1.539194e-01	-8.647636e+00
3.349000e-05	-1.176238e-01	-8.922733e+00
3.350000e-05	9.377283e-02	-9.123292e+00
3.351000e-05	-4.378217e-02	-9.373363e+00
3.352000e-05	6.092470e-02	-9.637948e+00
3.353000e-05	4.403076e-02	-9.797475e+00
3.354000e-05	-1.411868e-02	-1.001958e+01
3.355000e-05	8.035336e-02	-1.027853e+01
3.356000e-05	-5.474120e-02	-1.051063e+01
3.357000e-05	1.021520e-01	-1.066071e+01
3.358000e-05	-5.248054e-02	-1.088858e+01
3.359000e-05	8.453745e-02	-1.110004e+01
3.360000e-05	-1.675134e-02	-1.132161e+01
3.361000e-05	6.812213e-02	-1.152179e+01
3.362000e-05	1.265487e-02	-1.170176e+01
3.363000e-05	2.807329e-02	-1.193027e+01
3.364000e-05	3.548309e-02	-1.214918e+01
3.365000e-05	2.234970e-02	-1.226969e+01
3.366000e-05	6.209146e-02	-1.247956e+01
3.367000e-05	4.682193e-03	-1.265605e+01
3.368000e-05	5.629866e-02	-1.275500e+01
3.369000e-05	1.031849e-02	-1.294424e+01
3.370000e-05	6.731289e-02	-1.313119e+01
3.371000e-05	1.858020e-02	-1.324013e+01
3.372000e-05	5.963381e-02	-1.345542e+01
3.373000e-05	2.949852e-02	-1.354121e+01
3.374000e-05	5.896801e-02	-1.368161e+01
3.375000e-05	3.872087e-02	-1.384950e+01
3.376000e-05	4.519507e-02	-1.394582e+01
3.377000e-05	4.314239e-02	-1.407963e+01
3.378000e-05	5.230345e-02	-1.420550e+01
3.379000e-05	6.143238e-02	-1.434071e+01
3.380000e-05	5.158924e-02	-1.444845e+01
3.381000e-05	5.842787e-02	-1.455332e+01
3.382000e-05	5.234530e-02	-1.466755e+01
3.383000e-05	7.013682e-02	-1.472027e+01
3.384000e-05	5.820645e-02	-1.478745e+01
3.385000e-05	7.036639e-02	-1.487158e+01
3.386000e-05	6.253685e-02	-1.500287e+01
3.387000e-05	7.847672e-02	-1.502548e+01
3.388000e-05	6.981759e-02	-1.512861e+01
3.389000e-05	7.515412e-02	-1.513126e+01
3.390000e-05	7.285097e-02	-1.516487e+01
3.391000e-05	8.595941e-02	-1.520945e+01
3.392000e-05	9.049424e-02	-1.525053e+01
3.393000e-05	9.065266e-02	-1.529266e+01
3.394000e-05	9.105668e-02	-1.534242e+01
3.395000e-05	9.315976e-02	-1.535548e+01
3.396000e-05	1.022788e-01	-1.542589e+01
3.397000e-05	1.036897e-01	-1.544655e+01
3.398000e-05	1.091194e-01	-1.542807e+01
3.399000e-05	1.130422e-01	-1.542805e+01
3.400000e-05	1.251153e-01	-1.538753e+01
3.401000e-05	1.293289e-01	-1.542493e+01
3.402000e-05	1.322037e-01	-1.534600e+01
3.403000e-05	1.373355e-01	-1.533440e+01
3.404000e-05	1.516441e-01	-1.532396e+01
3.405000e-05	1.675526e-01	-1.529134e+01
3.406000e-05	1.848933e-01	-1.525014e+01
3.407000e-05	2.033128e-01	-1.517752e+01
3.408000e-05	2.310463e-01	-1.518497e+01
3.409000e-05	2.489725e-01	-1.511182e+01
3.410000e-05	2.500000e-01	-1.504923e+01
3.411000e-05	2.500000e-01	-1.500757e+01
3.412000e-05	2.500000e-01	-1.494184e+01
3.413000e-05	2.500000e-01	-1.488213e+01
3.414000e-05	2.500000e-01	-1.478590e+01
3.415000e-05	2.500000e-01	-1.471224e+01
3.416000e-05	2.359180e-01	-1.464907e+01
3.417000e-05	2.062291e-01	-1.453337e+01
3.418000e-05	1.847968e-01	-1.442005e+01
3.419000e-05	1.607845e-01	-1.431180e+01
3.420000e-05	1.400350e-01	-1.424652e+01
3.421000e-05	1.220042e-01	-1.409973e+01
3.422000e-05	1.114764e-01	-1.391495e+01
3.423000e-05	9.965198e-02	-1.387706e+01
3.424000e-05	9.028931e-02	-1.370324e+01
3.425000e-05	8.104355e-02	-1.355640e+01
3.426000e-05	7.823963e-02	-1.343602e+01
3.427000e-05	7.291777e-02	-1.326961e+01
3.428000e-05	6.646858e-02	-1.311182e+01
3.429000e-05	5.766606e-02	-1.299495e+01
3.430000e-05	5.444594e-02	-1.282810e+01
3.431000e-05	5.064521e-02	-1.266860e+01
3.432000e-05	4.792402e-02	-1.249223e+01
3.433000e-05	4.293226e-02	-1.229287e+01
3.434000e-05	4.157873e-02	-1.219284e+01
3.435000e-05	4.004331e-02	-1.195337e+01
3.436000e-05	3.774992e-02	-1.175447e+01
3.437000e-05	3.383875e-02	-1.150284e+01
3.438000e-05	3.016277e-02	-1.130479e+01
3.439000e-05	2.968283e-02	-1.109334e+01
3.440000e-05	2.834655e-02	-1.090421e+01
3.441000e-05	2.768413e-02	-1.071229e+01
3.442000e-05	2.393834e-02	-1.053374e+01
3.443000e-05	2.312624e-02	-1.031234e+01
3.444000e-05	2.220754e-02	-1.008174e+01
3.445000e-05	2.224442e-02	-9.840131e+00
3.446000e-05	1.817032e-02	-9.651085e+00
3.447000e-05	1.813108e-02	-9.410052e+00
3.448000e-05	1.638879e-02	-9.199003e+00
3.449000e-05	1.719446e-02	-8.977047e+00
3.450000e-05	1.485248e-02	-8.725842e+00
3.451000e-05	1.244980e-02	-8.473816e+00
3.452000e-05	1.232596e-02	-8.240633e+00
3.453000e-05	1.226028e-02	-8.018077e+00
3.454000e-05	1.176520e-02	-7.774920e+00
3.455000e-05	9.390897e-03	-7.472790e+00
3.456000e-05	7.356820e-03	-7.251077e+00
3.457000e-05	7.077947e-03	-7.015898e+00
3.458000e-05	8.587984e-03	-6.714839e+00
3.459000e-05	4.573442e-03	-6.442158e+00
3.460000e-05	5.200778e-03	-6.224572e+00
3.461000e-05	3.313583e-03	-5.915891e+00
3.462000e-05	5.070530e-03	-5.622714e+00
3.463000e-05	3.168854e-03	-5.377575e+00
3.464000e-05	2.309009e-03	-5.072165e+00
3.465000e-05	3.111546e-04	-4.687868e+00
3.466000e-05	2.338522e-03	-4.464265e+00
3.467000e-05	3.440048e-04	-4.253131e+00
3.468000e-05	7.904291e-04	-4.009953e+00
3.469000e-05	-2.181826e-03	-3.684413e+00
3.470000e-05	-7.499062e-04	-3.452081e+00
3.471000e-05	-3.229436e-03	-3.186402e+00
3.472000e-05	-2.453592e-03	-2.862605e+00
3.473000e-05	-4.283172e-03	-2.580527e+00
3.474000e-05	-2.646178e-03	-2.325362e+00
3.475000e-05	-4.363425e-03	-1.989622e+00
3.476000e-05	-3.167703e-03	-1.775843e+00
3.477000e-05	-5.062918e-03	-1.483181e+00
3.478000e-05	-6.022009e-03	-1.125292e+00
3.479000e-05	-6.254462e-03	-8.436100e-01
3.480000e-05	-7.165165e-03	-5.289705e-01
3.481000e-05	-6.124910e-03	-2.946375e-01
3.482000e-05	-4.240869e-03	2.000006e-02
3.483000e-05	9.833116e-03	3.231621e-01
3.484000e-05	-1.470563e-03	5.373174e-01
3.485000e-05	6.784402e-03	7.979477e-01
3.486000e-05	-2.425588e-03	1.133761e+00
3.487000e-05	7.852960e-04	1.366340e+00
3.488000e-05	-3.779439e-03	1.712608e+00
3.489000e-05	9.573784e-03	1.915742e+00
3.490000e-05	3.603314e-02	2.156794e+00
3.491000e-05	1.154981e-01	2.470549e+00
3.492000e-05	-2.859018e-02	2.819374e+00
3.493000e-05	-3.716789e-02	3.092208e+00
3.494000e-05	-3.757393e-02	3.387966e+00
3.495000e-05	-2.280529e-02	3.651152e+00
3.496000e-05	-8.219316e-02	3.891178e+00
3.497000e-05	-4.400641e-02	4.072653e+00
3.498000e-05	1.272090e-01	4.366871e+00
3.499000e-05	-1.147048e-01	4.640157e+00
3.500000e-05	9.630428e-02	4.852182e+00
3.501000e-05	4.150602e-02	5.248499e+00
3.502000e-05	-1.124301e-01	5.512236e+00
3.503000e-05	7.631567e-02	5.786842e+00
3.504000e-05	-8.610316e-02	6.072129e+00
3.505000e-05	6.607879e-02	6.272633e+00
3.506000e-05	-2.761622e-02	6.615874e+00
3.507000e-05	-2.854733e-02	6.900131e+00
3.508000e-05	2.305966e-02	7.103706e+00
3.509000e-05	-5.418258e-02	7.385922e+00
3.510000e-05	3.518464e-02	7.670554e+00
3.511000e-05	-8.241068e-02	7.975764e+00
3.512000e-05	4.351539e-02	8.207474e+00
3.513000e-05	-8.580085e-03	8.409028e+00
3.514000e-05	-2.127003e-02	8.669504e+00
3.515000e-05	1.107960e-02	8.911633e+00
3.516000e-05	-7.871036e-02	9.133139e+00
3.517000e-05	2.327342e-02	9.324791e+00
3.518000e-05	-3.869283e-02	9.565342e+00
3.519000e-05	1.358611e-02	9.828475e+00
3.520000e-05	-4.991856e-02	1.002853e+01
3.521000e-05	-1.118166e-03	1.021950e+01
3.522000e-05	-1.343894e-02	1.042008e+01
3.523000e-05	-3.230845e-02	1.065908e+01
3.524000e-05	-2.405320e-02	1.088963e+01
3.525000e-05	-4.800656e-02	1.107968e+01
3.526000e-05	-6.057558e-04	1.129078e+01
3.527000e-05	-3.583173e-02	1.144071e+01
3.528000e-05	-1.561619e-02	1.165958e+01
3.529000e-05	-5.217077e-02	1.190008e+01
3.530000e-05	-1.495432e-02	1.205063e+01
3.531000e-05	-3.076575e-02	1.224960e+01
3.532000e-05	-2.841096e-02	1.241845e+01
3.533000e-05	-4.777113e-02	1.257645e+01
3.534000e-05	-4.326702e-02	1.271471e+01
3.535000e-05	-2.610183e-02	1.293276e+01
3.536000e-05	-3.891646e-02	1.305863e+01
3.537000e-05	-3.838423e-02	1.317693e+01
3.538000e-05	-5.277367e-02	1.338332e+01
3.539000e-05	-3.182638e-02	1.351171e+01
3.540000e-05	-4.529355e-02	1.363947e+01
3.541000e-05	-4.904258e-02	1.376440e+01
3.542000e-05	-6.412723e-02	1.392066e+01
3.543000e-05	-5.167297e-02	1.400805e+01
3.544000e-05	-4.575038e-02	1.418449e+01
3.545000e-05	-5.119900e-02	1.430076e+01
3.546000e-05	-6.161032e-02	1.442602e+01
3.547000e-05	-6.588336e-02	1.451122e+01
3.548000e-05	-5.550360e-02	1.459742e+01
3.549000e-05	-6.477427e-02	1.469073e+01
3.550000e-05	-6.840590e-02	1.477542e+01
3.551000e-05	-7.805704e-02	1.481810e+01
3.552000e-05	-6.788426e-02	1.492277e+01
3.553000e-05	-7.099331e-02	1.494440e+01
3.554000e-05	-7.913856e-02	1.501558e+01
3.555000e-05	-9.021232e-02	1.510271e+01
3.556000e-05	-8.956160e-02	1.510387e+01
3.557000e-05	-8.248597e-02	1.516490e+01
3.558000e-05	-9.010082e-02	1.519703e+01
3.559000e-05	-9.804483e-02	1.523918e+01
3.560000e-05	-1.048590e-01	1.528971e+01
3.561000e-05	-1.001577e-01	1.533026e+01
3.562000e-05	-1.046612e-01	1.535384e+01
3.563000e-05	-1.141286e-01	1.539294e+01
3.564000e-05	-1.230056e-01	1.537444e+01
3.565000e-05	-1.235629e-01	1.532392e+01
3.566000e-05	-1.234270e-01	1.535439e+01
3.567000e-05	-1.349549e-01	1.530279e+01
3.568000e-05	-1.488373e-01	1.530184e+01
3.569000e-05	-1.573938e-01	1.533226e+01
3.570000e-05	-1.618775e-01	1.525958e+01
3.571000e-05	-1.761026e-01	1.524805e+01
3.572000e-05	-2.008377e-01	1.519647e+01
3.573000e-05	-2.262545e-01	1.514492e+01
3.574000e-05	-2.458045e-01	1.513184e+01
3.575000e-05	-2.499834e-01	1.506063e+01
3.576000e-05	-2.500000e-01	1.502753e+01
3.577000e-05	-2.500000e-01	1.495602e+01
3.578000e-05	-2.500000e-01	1.489318e+01
3.579000e-05	-2.500000e-01	1.475695e+01
3.580000e-05	-2.500000e-01	1.470331e+01
3.581000e-05	-2.500000e-01	1.462963e+01
3.582000e-05	-2.363648e-01	1.452292e+01
3.583000e-05	-2.020552e-01	1.442808e+01
3.584000e-05	-1.774900e-01	1.433391e+01
3.585000e-05	-1.603884e-01	1.417758e+01
3.586000e-05	-1.486732e-01	1.409226e+01
3.587000e-05	-1.297214e-01	1.396497e+01
3.588000e-05	-1.161403e-01	1.382718e+01
3.589000e-05	-1.054432e-01	1.369286e+01
3.590000e-05	-1.028372e-01	1.354647e+01
3.591000e-05	-9.101453e-02	1.345166e+01
3.592000e-05	-8.188727e-02	1.332333e+01
3.593000e-05	-7.468657e-02	1.315592e+01
3.594000e-05	-7.551647e-02	1.300653e+01
3.595000e-05	-7.215942e-02	1.280163e+01
3.596000e-05	-6.681535e-02	1.265276e+01
3.597000e-05	-6.062549e-02	1.253494e+01
3.598000e-05	-5.856434e-02	1.232495e+01
3.599000e-05	-5.860820e-02	1.220708e+01
3.600000e-05	-5.194499e-02	1.200048e+01
3.601000e-05	-4.772367e-02	1.184905e+01
3.602000e-05	-4.472629e-02	1.160108e+01
3.603000e-05	-4.923967e-02	1.140903e+01
3.604000e-05	-4.610658e-02	1.121858e+01
3.605000e-05	-4.335642e-02	1.098800e+01
3.606000e-05	-3.852372e-02	1.079116e+01
3.607000e-05	-3.926370e-02	1.059761e+01
3.608000e-05	-3.905693e-02	1.037900e+01
3.609000e-05	-3.635407e-02	1.019744e+01
3.610000e-05	-3.351058e-02	9.948524e+00
3.611000e-05	-3.330988e-02	9.704494e+00
3.612000e-05	-3.437869e-02	9.464313e+00
3.613000e-05	-3.438327e-02	9.324290e+00
3.614000e-05	-2.961031e-02	9.082706e+00
3.615000e-05	-2.905805e-02	8.829681e+00
3.616000e-05	-2.883496e-02	8.579051e+00
3.617000e-05	-2.881520e-02	8.368527e+00
3.618000e-05	-2.637593e-02	8.144944e+00
3.619000e-05	-2.427199e-02	7.843681e+00
3.620000e-05	-2.698336e-02	7.639153e+00
3.621000e-05	-2.763077e-02	7.385442e+00
3.622000e-05	-2.671923e-02	7.083238e+00
3.623000e-05	-2.355616e-02	6.831132e+00
3.624000e-05	-1.940128e-02	6.568124e+00
3.625000e-05	-2.302427e-02	6.324317e+00
3.626000e-05	-2.039987e-02	6.043761e+00
3.627000e-05	-1.993288e-02	5.820678e+00
3.628000e-05	-1.968044e-02	5.495789e+00
3.629000e-05	-2.111917e-02	5.262230e+00
3.630000e-05	-2.236857e-02	4.935397e+00
3.631000e-05	-2.030346e-02	4.620609e+00
3.632000e-05	-1.840816e-02	4.389021e+00
3.633000e-05	-1.575818e-02	4.083789e+00
3.634000e-05	-1.590587e-02	3.809151e+00
3.635000e-05	-1.636585e-02	3.597997e+00
3.636000e-05	-1.505754e-02	3.273736e+00
3.637000e-05	-1.637314e-02	2.970527e+00
3.638000e-05	-1.726551e-02	2.753868e+00
3.639000e-05	-1.750154e-02	2.402105e+00
3.640000e-05	-1.407301e-02	2.106397e+00
3.641000e-05	-1.206559e-02	1.914791e+00
3.642000e-05	-1.146958e-02	1.559503e+00
3.643000e-05	-1.332976e-02	1.304813e+00
3.644000e-05	-1.258766e-02	9.380544e-01
3.645000e-05	-1.081319e-02	6.842100e-01
3.646000e-05	-1.138828e-02	4.221523e-01
3.647000e-05	-9.909632e-03	9.586553e-02
3.648000e-05	-6.962740e-03	-1.777690e-01
3.649000e-05	8.455526e-03	-3.884717e-01
3.650000e-05	-5.262419e-03	-7.347121e-01
3.651000e-05	5.466441e-03	-9.688212e-01
3.652000e-05	-4.889450e-03	-1.250499e+00
3.653000e-05	3.415785e-03	-1.545921e+00
3.654000e-05	-6.318871e-05	-1.787896e+00
3.655000e-05	3.506318e-02	-1.990446e+00
3.656000e-05	1.327517e-01	-2.314163e+00
3.657000e-05	-1.044367e-02	-2.672106e+00
3.658000e-05	-3.210551e-02	-3.081060e+00
3.659000e-05	-2.412711e-02	-3.366397e+00
3.660000e-05	-3.584538e-02	-3.587394e+00
3.661000e-05	-1.016652e-01	-3.808924e+00
3.662000e-05	7.549358e-02	-4.008949e+00
3.663000e-05	7.274738e-02	-4.209499e+00
3.664000e-05	-1.480159e-01	-4.535234e+00
3.665000e-05	2.293451e-01	-4.756374e+00
3.666000e-05	-1.701621e-01	-5.072053e+00
3.667000e-05	1.087064e-01	-5.427928e+00
3.668000e-05	-2.905510e-02	-5.639002e+00
3.669000e-05	-9.529079e-02	-5.975820e+00
3.670000e-05	1.959862e-01	-6.154890e+00
3.671000e-05	-1.380511e-01	-6.502028e+00
3.672000e-05	1.568653e-01	-6.753916e+00
3.673000e-05	-7.422287e-02	-6.999898e+00
3.674000e-05	9.591316e-03	-7.354562e+00
3.675000e-05	6.383917e-02	-7.543264e+00
3.676000e-05	-9.100275e-02	-7.871027e+00
3.677000e-05	1.603638e-01	-8.081658e+00
3.678000e-05	-1.068526e-01	-8.333186e+00
3.679000e-05	1.230451e-01	-8.575795e+00
3.680000e-05	-2.481953e-02	-8.817976e+00
3.681000e-05	-1.245931e-02	-9.061655e+00
3.682000e-05	5.859100e-02	-9.269104e+00
3.683000e-05	-4.946192e-02	-9.542662e+00
3.684000e-05	1.288296e-01	-9.735740e+00
3.685000e-05	-6.721711e-02	-9.924290e+00
3.686000e-05	1.102343e-01	-1.020437e+01
3.687000e-05	-5.458098e-02	-1.040700e+01
3.688000e-05	7.573253e-02	-1.063755e+01
3.689000e-05	-3.850641e-03	-1.078835e+01
3.690000e-05	2.658151e-02	-1.104707e+01
3.691000e-05	4.122762e-02	-1.118640e+01
3.692000e-05	4.894683e-03	-1.146745e+01
3.693000e-05	6.994190e-02	-1.162902e+01
3.694000e-05	-1.597170e-02	-1.185953e+01
3.695000e-05	6.926598e-02	-1.201800e+01
3.696000e-05	-6.057221e-03	-1.224845e+01
3.697000e-05	7.742574e-02	-1.236790e+01
3.698000e-05	3.720591e-03	-1.258444e+01
3.699000e-05	5.289356e-02	-1.275269e+01
3.700000e-05	1.535622e-02	-1.288106e+01
3.701000e-05	5.142428e-02	-1.305003e+01
3.702000e-05	3.641776e-02	-1.315582e+01
3.703000e-05	4.192185e-02	-1.336229e+01
3.704000e-05	4.709517e-02	-1.347963e+01
3.705000e-05	3.968883e-02	-1.364703e+01
3.706000e-05	5.680582e-02	-1.379484e+01
3.707000e-05	3.231870e-02	-1.391171e+01
3.708000e-05	5.385826e-02	-1.400852e+01
3.709000e-05	3.865262e-02	-1.415184e+01
3.710000e-05	6.612453e-02	-1.428860e+01
3.711000e-05	4.768751e-02	-1.439545e+01
3.712000e-05	6.302209e-02	-1.450064e+01
3.713000e-05	4.926952e-02	-1.459550e+01
3.714000e-05	6.844264e-02	-1.468113e+01
3.715000e-05	5.958923e-02	-1.476532e+01
3.716000e-05	6.805722e-02	-1.484001e+01
3.717000e-05	6.386372e-02	-1.493276e+01
3.718000e-05	7.136481e-02	-1.500602e+01
3.719000e-05	7.308237e-02	-1.505818e+01
3.720000e-05	7.187688e-02	-1.511031e+01
3.721000e-05	7.633553e-02	-1.517339e+01
3.722000e-05	7.897170e-02	-1.519700e+01
3.723000e-05	9.020348e-02	-1.527906e+01
3.724000e-05	8.736351e-02	-1.527263e+01
3.725000e-05	9.352509e-02	-1.533179e+01
3.726000e-05	9.116451e-02	-1.539582e+01
3.727000e-05	1.001473e-01	-1.538490e+01
3.728000e-05	1.017293e-01	-1.541652e+01
3.729000e-05	1.076816e-01	-1.543642e+01
3.730000e-05	1.116638e-01	-1.541699e+01
3.731000e-05	1.199578e-01	-1.542658e+01
3.732000e-05	1.264319e-01	-1.541503e+01
3.733000e-05	1.308044e-01	-1.538547e+01
3.734000e-05	1.370483e-01	-1.536431e+01
3.735000e-05	1.463934e-01	-1.536329e+01
3.736000e-05	1.620531e-01	-1.535324e+01
3.737000e-05	1.785024e-01	-1.533368e+01
3.738000e-05	1.966058e-01	-1.522056e+01
3.739000e-05	2.210364e-01	-1.516645e+01
3.740000e-05	2.451452e-01	-1.513384e+01
3.741000e-05	2.499992e-01	-1.510074e+01
3.742000e-05	2.500000e-01	-1.505913e+01
3.743000e-05	2.500000e-01	-1.497347e+01
3.744000e-05	2.500000e-01	-1.489074e+01
3.745000e-05	2.500000e-01	-1.483648e+01
3.746000e-05	2.500000e-01	-1.471437e+01
3.747000e-05	2.455046e-01	-1.468963e+01
3.748000e-05	2.176939e-01	-1.459589e+01
3.749000e-05	1.903264e-01	-1.446156e+01
3.750000e-05	1.674452e-01	-1.437334e+01
3.751000e-05	1.477838e-01	-1.425968e+01
3.752000e-05	1.296767e-01	-1.413237e+01
3.753000e-05	1.165631e-01	-1.400750e+01
3.754000e-05	1.045219e-01	-1.385771e+01
3.755000e-05	9.411580e-02	-1.376637e+01
3.756000e-05	8.527111e-02	-1.359698e+01
3.757000e-05	7.873464e-02	-1.346968e+01
3.758000e-05	7.298814e-02	-1.330382e+01
3.759000e-05	6.732463e-02	-1.317490e+01
3.760000e-05	6.076885e-02	-1.298863e+01
3.761000e-05	5.646206e-02	-1.287221e+01
3.762000e-05	5.296824e-02	-1.271224e+01
3.763000e-05	4.998549e-02	-1.257542e+01
3.764000e-05	4.561335e-02	-1.236695e+01
3.765000e-05	4.257611e-02	-1.219953e+01
3.766000e-05	3.967445e-02	-1.201961e+01
3.767000e-05	3.707670e-02	-1.185710e+01
3.768000e-05	3.475516e-02	-1.162866e+01
3.769000e-05	3.208075e-02	-1.136698e+01
3.770000e-05	2.979875e-02	-1.122662e+01
3.771000e-05	2.938005e-02	-1.100645e+01
3.772000e-05	2.804863e-02	-1.077810e+01
3.773000e-05	2.560753e-02	-1.058853e+01
3.774000e-05	2.298969e-02	-1.038690e+01
3.775000e-05	2.210500e-02	-1.016442e+01
3.776000e-05	2.068572e-02	-9.925488e+00
3.777000e-05	2.089546e-02	-9.743368e+00
3.778000e-05	1.843109e-02	-9.503792e+00
3.779000e-05	1.806664e-02	-9.251713e+00
3.780000e-05	1.608050e-02	-9.051576e+00
3.781000e-05	1.561621e-02	-8.829630e+00
3.782000e-05	1.361481e-02	-8.577452e+00
3.783000e-05	1.184117e-02	-8.335818e+00
3.784000e-05	1.120098e-02	-8.116338e+00
3.785000e-05	1.169472e-02	-7.863210e+00
3.786000e-05	1.015774e-02	-7.555397e+00
3.787000e-05	9.586672e-03	-7.325338e+00
3.788000e-05	6.938631e-03	-7.082261e+00
3.789000e-05	7.878168e-03	-6.798001e+00
3.790000e-05	5.346086e-03	-6.557423e+00
3.791000e-05	6.458473e-03	-6.303710e+00
3.792000e-05	4.298130e-03	-6.050056e+00
3.793000e-05	4.270471e-03	-5.726424e+00
3.794000e-05	4.007156e-03	-5.474840e+00
3.795000e-05	2.763734e-03	-5.188445e+00
3.796000e-05	1.150031e-03	-4.852664e+00
3.797000e-05	1.709686e-03	-4.557898e+00
3.798000e-05	1.210184e-03	-4.347393e+00
3.799000e-05	1.581884e-03	-4.094284e+00
3.800000e-05	-8.395749e-04	-3.770079e+00
3.801000e-05	-1.571961e-03	-3.555817e+00
3.802000e-05	-4.648195e-03	-3.253760e+00
3.803000e-05	-1.504639e-03	-2.976548e+00
3.804000e-05	-3.275607e-03	-2.684712e+00
3.805000e-05	-2.250730e-03	-2.401676e+00
3.806000e-05	-4.784032e-03	-2.126838e+00
3.807000e-05	-2.746883e-03	-1.811757e+00
3.808000e-05	-4.522659e-03	-1.556946e+00
3.809000e-05	-5.138893e-03	-1.262205e+00
3.810000e-05	-7.989176e-03	-9.263956e-01
3.811000e-05	-6.225264e-03	-6.637140e-01
3.812000e-05	-5.849525e-03	-3.884221e-01
3.813000e-05	-5.254117e-03	-9.581678e-02
3.814000e-05	3.590650e-03	1.894166e-01
3.815000e-05	3.462185e-03	4.931095e-01
3.816000e-05	5.401481e-04	6.837134e-01
3.817000e-05	4.289103e-03	9.773461e-01
3.818000e-05	-2.098676e-03	1.264129e+00
3.819000e-05	4.064189e-04	1.557862e+00
3.820000e-05	-5.969370e-04	1.841629e+00
3.821000e-05	2.348800e-02	2.043055e+00
3.822000e-05	9.214273e-02	2.295790e+00
3.823000e-05	4.679093e-02	2.704560e+00
3.824000e-05	-6.146700e-02	2.989370e+00
3.825000e-05	-2.382549e-02	3.222082e+00
3.826000e-05	-3.879496e-02	3.535795e+00
3.827000e-05	-4.404862e-02	3.807395e+00
3.828000e-05	-8.508665e-02	3.997922e+00
3.829000e-05	7.752690e-02	4.262528e+00
3.830000e-05	8.169502e-03	4.536867e+00
3.831000e-05	-6.818828e-02	4.797871e+00
3.832000e-05	1.803192e-01	5.094087e+00
3.833000e-05	-1.595385e-01	5.399524e+00
3.834000e-05	5.910154e-02	5.681528e+00
3.835000e-05	-4.334245e-02	5.965921e+00
3.836000e-05	1.244463e-04	6.177446e+00
3.837000e-05	4.463909e-02	6.489659e+00
3.838000e-05	-7.800586e-02	6.765821e+00
3.839000e-05	5.291478e-02	6.998523e+00
3.840000e-05	-6.403616e-02	7.310181e+00
3.841000e-05	3.183794e-02	7.556869e+00
3.842000e-05	-5.905754e-02	7.859000e+00
3.843000e-05	-3.706264e-03	8.123213e+00
3.844000e-05	2.712276e-02	8.324818e+00
3.845000e-05	-4.172566e-02	8.564844e+00
3.846000e-05	1.940548e-02	8.827370e+00
3.847000e-05	-5.888444e-02	8.999499e+00
3.848000e-05	-1.351158e-02	9.269629e+00
3.849000e-05	-9.029112e-03	9.461134e+00
3.850000e-05	-7.533259e-03	9.722813e+00
3.851000e-05	-2.188572e-02	9.935292e+00
3.852000e-05	-3.143436e-02	1.015579e+01
3.853000e-05	1.689982e-03	1.034639e+01
3.854000e-05	-3.388396e-02	1.063492e+01
3.855000e-05	-2.033362e-02	1.078740e+01
3.856000e-05	-4.144917e-02	1.098645e+01
3.857000e-05	-1.791991e-02	1.119942e+01
3.858000e-05	-1.804513e-02	1.141547e+01
3.859000e-05	-2.835344e-02	1.158800e+01
3.860000e-05	-3.798632e-02	1.179653e+01
3.861000e-05	-3.498177e-02	1.197742e+01
3.862000e-05	-2.073999e-02	1.217492e+01
3.863000e-05	-2.844920e-02	1.236434e+01
3.864000e-05	-3.740283e-02	1.256229e+01
3.865000e-05	-4.572134e-02	1.270016e+01
3.866000e-05	-3.238442e-02	1.283120e+01
3.867000e-05	-3.344642e-02	1.299597e+01
3.868000e-05	-4.193064e-02	1.316437e+01
3.869000e-05	-5.051753e-02	1.333221e+01
3.870000e-05	-3.888869e-02	1.344011e+01
3.871000e-05	-3.738641e-02	1.361792e+01
3.872000e-05	-4.283182e-02	1.373329e+01
3.873000e-05	-5.874332e-02	1.385808e+01
3.874000e-05	-5.617182e-02	1.399492e+01
3.875000e-05	-5.011393e-02	1.409337e+01
3.876000e-05	-4.950835e-02	1.424911e+01
3.877000e-05	-5.992999e-02	1.439292e+01
3.878000e-05	-6.524359e-02	1.445066e+01
3.879000e-05	-5.825984e-02	1.454584e+01
3.880000e-05	-5.963057e-02	1.462996e+01
3.881000e-05	-6.424135e-02	1.476041e+01
3.882000e-05	-7.810137e-02	1.478608e+01
3.883000e-05	-7.042938e-02	1.484268e+01
3.884000e-05	-7.113506e-02	1.493282e+01
3.885000e-05	-7.257833e-02	1.504655e+01
3.886000e-05	-8.650043e-02	1.505968e+01
3.887000e-05	-9.032557e-02	1.511286e+01
3.888000e-05	-8.487825e-02	1.517492e+01
3.889000e-05	-8.747823e-02	1.517600e+01
3.890000e-05	-9.560298e-02	1.523855e+01
3.891000e-05	-1.053979e-01	1.529973e+01
3.892000e-05	-1.013804e-01	1.528179e+01
3.893000e-05	-1.030689e-01	1.533276e+01
3.894000e-05	-1.094331e-01	1.535237e+01
3.895000e-05	-1.199330e-01	1.536292e+01
3.896000e-05	-1.230889e-01	1.535292e+01
3.897000e-05	-1.236436e-01	1.537289e+01
3.898000e-05	-1.307275e-01	1.533389e+01
3.899000e-05	-1.441469e-01	1.531284e+01
3.900000e-05	-1.567856e-01	1.531031e+01
3.901000e-05	-1.600764e-01	1.530076e+01
3.902000e-05	-1.708458e-01	1.521965e+01
3.903000e-05	-1.888913e-01	1.517805e+01
3.904000e-05	-2.164321e-01	1.512750e+01
3.905000e-05	-2.392634e-01	1.512289e+01
3.906000e-05	-2.499098e-01	1.511074e+01
3.907000e-05	-2.500000e-01	1.503817e+01
3.908000e-05	-2.500000e-01	1.498344e+01
3.909000e-05	-2.500000e-01	1.491424e+01
3.910000e-05	-2.500000e-01	1.481710e+01
3.911000e-05	-2.500000e-01	1.472387e+01
3.912000e-05	-2.500000e-01	1.469973e+01
3.913000e-05	-2.461536e-01	1.459455e+01
3.914000e-05	-2.142935e-01	1.445924e+01
3.915000e-05	-1.857367e-01	1.440398e+01
3.916000e-05	-1.652554e-01	1.426868e+01
3.917000e-05	-1.534389e-01	1.414380e+01
3.918000e-05	-1.359805e-01	1.401803e+01
3.919000e-05	-1.215368e-01	1.389079e+01
3.920000e-05	-1.086020e-01	1.375555e+01
3.921000e-05	-1.040367e-01	1.366960e+01
3.922000e-05	-9.547380e-02	1.346176e+01
3.923000e-05	-8.693216e-02	1.335447e+01
3.924000e-05	-7.686373e-02	1.318955e+01
3.925000e-05	-7.571681e-02	1.306911e+01
3.926000e-05	-7.328578e-02	1.291334e+01
3.927000e-05	-6.893344e-02	1.273642e+01
3.928000e-05	-6.100651e-02	1.259648e+01
3.929000e-05	-5.943890e-02	1.242818e+01
3.930000e-05	-5.762204e-02	1.225923e+01
3.931000e-05	-5.547900e-02	1.205034e+01
3.932000e-05	-4.956863e-02	1.189132e+01
3.933000e-05	-4.607388e-02	1.168287e+01
3.934000e-05	-4.753113e-02	1.149984e+01
3.935000e-05	-4.726175e-02	1.126279e+01
3.936000e-05	-4.434108e-02	1.106279e+01
3.937000e-05	-3.970161e-02	1.091427e+01
3.938000e-05	-3.967786e-02	1.068186e+01
3.939000e-05	-3.971286e-02	1.049379e+01
3.940000e-05	-3.742498e-02	1.026071e+01
3.941000e-05	-3.329957e-02	1.002213e+01
3.942000e-05	-3.202150e-02	9.849606e+00
3.943000e-05	-3.397176e-02	9.578550e+00
3.944000e-05	-3.395116e-02	9.387471e+00
3.945000e-05	-3.124637e-02	9.145997e+00
3.946000e-05	-2.964509e-02	8.924367e+00
3.947000e-05	-3.069741e-02	8.695265e+00
3.948000e-05	-2.995006e-02	8.493186e+00
3.949000e-05	-2.793388e-02	8.230604e+00
3.950000e-05	-2.422204e-02	7.917924e+00
3.951000e-05	-2.468615e-02	7.703920e+00
3.952000e-05	-2.489529e-02	7.482159e+00
3.953000e-05	-2.475865e-02	7.177071e+00
3.954000e-05	-2.344758e-02	6.945919e+00
3.955000e-05	-2.260847e-02	6.672738e+00
3.956000e-05	-2.406573e-02	6.460078e+00
3.957000e-05	-2.479392e-02	6.177473e+00
3.958000e-05	-2.227081e-02	5.925841e+00
3.959000e-05	-1.920048e-02	5.601709e+00
3.960000e-05	-1.866045e-02	5.408622e+00
3.961000e-05	-1.895505e-02	5.040260e+00
3.962000e-05	-1.822183e-02	4.716868e+00
3.963000e-05	-1.836091e-02	4.464265e+00
3.964000e-05	-1.774430e-02	4.201677e+00
3.965000e-05	-1.949888e-02	3.907317e+00
3.966000e-05	-1.947734e-02	3.643234e+00
3.967000e-05	-1.827374e-02	3.360527e+00
3.968000e-05	-1.540330e-02	3.054314e+00
3.969000e-05	-1.451914e-02	2.842705e+00
3.970000e-05	-1.456638e-02	2.506943e+00
3.971000e-05	-1.411294e-02	2.253205e+00
3.972000e-05	-1.255993e-02	1.990928e+00
3.973000e-05	-1.307078e-02	1.687362e+00
3.974000e-05	-1.385246e-02	1.420153e+00
3.975000e-05	-1.357086e-02	1.105415e+00
3.976000e-05	-1.273863e-02	7.794721e-01
3.977000e-05	-1.207000e-02	4.558117e-01
3.978000e-05	-1.010087e-02	1.801309e-01
3.979000e-05	-7.686837e-03	-6.410452e-02
3.980000e-05	5.656272e-03	-3.253173e-01
3.981000e-05	-6.624174e-04	-6.199504e-01
3.982000e-05	2.256310e-03	-8.721082e-01
3.983000e-05	-2.488700e-03	-1.146766e+00
3.984000e-05	4.501519e-04	-1.470557e+00
3.985000e-05	-2.540751e-03	-1.713635e+00
3.986000e-05	1.827946e-02	-1.935840e+00
3.987000e-05	8.934645e-02	-2.167192e+00
3.988000e-05	8.255490e-02	-2.514187e+00
3.989000e-05	-6.566280e-02	-2.905685e+00
3.990000e-05	6.617582e-03	-3.272605e+00
3.991000e-05	-5.229773e-02	-3.493632e+00
3.992000e-05	-5.003133e-02	-3.731658e+00
3.993000e-05	-6.490088e-02	-3.935294e+00
3.994000e-05	1.951457e-01	-4.104715e+00
3.995000e-05	-1.892020e-01	-4.407898e+00
3.996000e-05	1.656737e-01	-4.752182e+00
3.997000e-05	-1.123815e-02	-4.925188e+00
3.998000e-05	-8.543858e-02	-5.353810e+00
3.999000e-05	1.558420e-01	-5.545817e+00
4.000000e-05	-2.101737e-01	-5.860529e+00
4.001000e-05	1.804519e-01	-6.072184e+00
4.002000e-05	-5.666770e-02	-6.385269e+00
4.003000e-05	2.923429e-02	-6.680151e+00
4.004000e-05	7.776833e-02	-6.902612e+00
4.005000e-05	-1.139513e-01	-7.218472e+00
4.006000e-05	1.441063e-01	-7.460607e+00
4.007000e-05	-1.208643e-01	-7.762787e+00
4.008000e-05	1.161047e-01	-7.998976e+00
4.009000e-05	-1.000730e-02	-8.228050e+00
4.010000e-05	-1.020835e-03	-8.471682e+00
4.011000e-05	1.096778e-01	-8.732716e+00
4.012000e-05	-1.116249e-01	-9.006898e+00
4.013000e-05	1.159129e-01	-9.196851e+00
4.014000e-05	-8.380083e-02	-9.406901e+00
4.015000e-05	1.184449e-01	-9.659582e+00
4.016000e-05	-2.284729e-02	-9.849154e+00
4.017000e-05	4.662558e-02	-1.010316e+01
4.018000e-05	2.590646e-02	-1.032111e+01
4.019000e-05	-7.716553e-03	-1.055384e+01
4.020000e-05	7.575660e-02	-1.072176e+01
4.021000e-05	-4.081774e-02	-1.093379e+01
4.022000e-05	8.750341e-02	-1.114174e+01
4.023000e-05	-2.937941e-02	-1.137385e+01
4.024000e-05	8.905601e-02	-1.154382e+01
4.025000e-05	-1.627158e-02	-1.179484e+01
4.026000e-05	5.690247e-02	-1.198535e+01
4.027000e-05	8.995495e-03	-1.212391e+01
4.028000e-05	5.137148e-02	-1.236379e+01
4.029000e-05	3.728296e-02	-1.250221e+01
4.030000e-05	2.238667e-02	-1.270012e+01
4.031000e-05	4.248958e-02	-1.280903e+01
4.032000e-05	2.231876e-02	-1.300690e+01
4.033000e-05	6.202917e-02	-1.316334e+01
4.034000e-05	2.031721e-02	-1.328169e+01
4.035000e-05	6.055822e-02	-1.343710e+01
4.036000e-05	2.690254e-02	-1.357595e+01
4.037000e-05	6.573256e-02	-1.370216e+01
4.038000e-05	3.087560e-02	-1.389913e+01
4.039000e-05	5.159579e-02	-1.394492e+01
4.040000e-05	3.651301e-02	-1.412027e+01
4.041000e-05	6.105738e-02	-1.423750e+01
4.042000e-05	5.361986e-02	-1.435429e+01
4.043000e-05	5.587348e-02	-1.443900e+01
4.044000e-05	5.394259e-02	-1.457224e+01
4.045000e-05	5.822887e-02	-1.464915e+01
4.046000e-05	6.934007e-02	-1.471326e+01
4.047000e-05	6.106272e-02	-1.478700e+01
4.048000e-05	6.795722e-02	-1.489166e+01
4.049000e-05	6.291758e-02	-1.499387e+01
4.050000e-05	7.839752e-02	-1.503750e+01
4.051000e-05	6.937414e-02	-1.510861e+01
4.052000e-05	7.619069e-02	-1.514339e+01
4.053000e-05	7.406911e-02	-1.515745e+01
4.054000e-05	8.874275e-02	-1.525655e+01
4.055000e-05	8.889943e-02	-1.528058e+01
4.056000e-05	9.109568e-02	-1.532069e+01
4.057000e-05	9.075837e-02	-1.532232e+01
4.058000e-05	9.501562e-02	-1.539389e+01
4.059000e-05	1.041295e-01	-1.539537e+01
4.060000e-05	1.055063e-01	-1.542590e+01
4.061000e-05	1.102311e-01	-1.542550e+01
4.062000e-05	1.143984e-01	-1.542605e+01
4.063000e-05	1.253378e-01	-1.541800e+01
4.064000e-05	1.284050e-01	-1.540450e+01
4.065000e-05	1.333567e-01	-1.537347e+01
4.066000e-05	1.416785e-01	-1.537537e+01
4.067000e-05	1.570294e-01	-1.536284e+01
4.068000e-05	1.732107e-01	-1.527169e+01
4.069000e-05	1.893463e-01	-1.525063e+01
4.070000e-05	2.097592e-01	-1.518747e+01
4.071000e-05	2.362913e-01	-1.514444e+01
4.072000e-05	2.497060e-01	-1.513176e+01
4.073000e-05	2.500000e-01	-1.505821e+01
4.074000e-05	2.500000e-01	-1.500497e+01
4.075000e-05	2.500000e-01	-1.491237e+01
4.076000e-05	2.500000e-01	-1.484855e+01
4.077000e-05	2.500000e-01	-1.473592e+01
4.078000e-05	2.498690e-01	-1.468014e+01
4.079000e-05	2.284162e-01	-1.459798e+01
4.080000e-05	1.994461e-01	-1.446224e+01
4.081000e-05	1.763091e-01	-1.437802e+01
4.082000e-05	1.562325e-01	-1.428071e+01
4.083000e-05	1.354690e-01	-1.419300e+01
4.084000e-05	1.207815e-01	-1.402901e+01
4.085000e-05	1.085665e-01	-1.389182e+01
4.086000e-05	9.859393e-02	-1.377455e+01
4.087000e-05	8.795717e-02	-1.363018e+01
4.088000e-05	8.006921e-02	-1.354186e+01
4.089000e-05	7.502203e-02	-1.338452e+01
4.090000e-05	7.085137e-02	-1.316903e+01
4.091000e-05	6.332355e-02	-1.305176e+01
4.092000e-05	5.590091e-02	-1.290434e+01
4.093000e-05	5.243500e-02	-1.275700e+01
4.094000e-05	5.198264e-02	-1.258700e+01
4.095000e-05	4.875010e-02	-1.244116e+01
4.096000e-05	4.279030e-02	-1.229171e+01
4.097000e-05	3.990367e-02	-1.209236e+01
4.098000e-05	3.802996e-02	-1.189179e+01
4.099000e-05	3.626203e-02	-1.171231e+01
4.100000e-05	3.214485e-02	-1.152321e+01
4.101000e-05	3.084690e-02	-1.126013e+01
4.102000e-05	2.973409e-02	-1.104121e+01
4.103000e-05	3.054741e-02	-1.085168e+01
4.104000e-05	2.640293e-02	-1.067268e+01
4.105000e-05	2.339579e-02	-1.045319e+01
4.106000e-05	2.133286e-02	-1.029073e+01
4.107000e-05	2.213553e-02	-1.000061e+01
4.108000e-05	2.036327e-02	-9.809006e+00
4.109000e-05	1.912366e-02	-9.568005e+00
4.110000e-05	1.626148e-02	-9.375998e+00
4.111000e-05	1.777137e-02	-9.144867e+00
4.112000e-05	1.667532e-02	-8.903264e+00
4.113000e-05	1.396876e-02	-8.671760e+00
4.114000e-05	1.163500e-02	-8.431134e+00
4.115000e-05	1.184707e-02	-8.219526e+00
4.116000e-05	1.226578e-02	-7.968423e+00
4.117000e-05	1.135378e-02	-7.673162e+00
4.118000e-05	8.195648e-03	-7.388656e+00
4.119000e-05	7.927663e-03	-7.199426e+00
4.120000e-05	7.024567e-03	-6.883287e+00
4.121000e-05	7.253550e-03	-6.631706e+00
4.122000e-05	5.042239e-03	-6.419001e+00
4.123000e-05	4.859679e-03	-6.094919e+00
4.124000e-05	3.138897e-03	-5.872283e+00
4.125000e-05	5.302551e-03	-5.616976e+00
4.126000e-05	2.142843e-03	-5.293788e+00
4.127000e-05	1.496442e-03	-4.998575e+00
4.128000e-05	1.162595e-03	-4.674213e+00
4.129000e-05	1.737493e-03	-4.419606e+00
4.130000e-05	1.464006e-03	-4.200050e+00
4.131000e-05	-3.186737e-04	-3.945391e+00
4.132000e-05	-1.406852e-03	-3.620635e+00
4.133000e-05	-2.510220e-03	-3.366968e+00
4.134000e-05	-2.434184e-03	-3.123787e+00
4.135000e-05	-3.143749e-03	-2.787425e+00
4.136000e-05	-2.476667e-03	-2.506368e+00
4.137000e-05	-3.159578e-03	-2.233678e+00
4.138000e-05	-3.158055e-03	-1.917392e+00
4.139000e-05	-4.115982e-03	-1.674238e+00
4.140000e-05	-5.375155e-03	-1.360478e+00
4.141000e-05	-6.741559e-03	-1.033209e+00
4.142000e-05	-5.992759e-03	-7.989760e-01
4.143000e-05	-5.450808e-03	-4.743340e-01
4.144000e-05	-4.902248e-03	-2.200736e-01
4.145000e-05	-2.192061e-03	-6.372115e-03
4.146000e-05	9.677204e-03	3.583461e-01
4.147000e-05	-2.731919e-03	6.010016e-01
4.148000e-05	6.580072e-03	8.110565e-01
4.149000e-05	-4.442179e-03	1.167442e+00
4.150000e-05	2.467439e-03	1.451000e+00
4.151000e-05	-4.634172e-03	1.736295e+00
4.152000e-05	1.649974e-02	1.937896e+00
4.153000e-05	5.284796e-02	2.219926e+00
4.154000e-05	1.052667e-01	2.545232e+00
4.155000e-05	-5.907676e-02	2.872632e+00
4.156000e-05	-2.407557e-02	3.145369e+00
4.157000e-05	-4.434852e-02	3.462078e+00
4.158000e-05	-1.896200e-02	3.694664e+00
4.159000e-05	-9.372452e-02	3.933262e+00
4.160000e-05	2.103481e-05	4.105713e+00
4.161000e-05	1.112304e-01	4.468456e+00
4.162000e-05	-1.450085e-01	4.704234e+00
4.163000e-05	1.736467e-01	4.965838e+00
4.164000e-05	-6.576610e-02	5.312641e+00
4.165000e-05	-4.186474e-02	5.537271e+00
4.166000e-05	3.968277e-02	5.840582e+00
4.167000e-05	-7.221739e-02	6.093712e+00
4.168000e-05	7.993763e-02	6.335767e+00
4.169000e-05	-6.500445e-02	6.650107e+00
4.170000e-05	1.489425e-02	6.923735e+00
4.171000e-05	-1.537045e-02	7.177869e+00
4.172000e-05	-2.091653e-02	7.439481e+00
4.173000e-05	5.967355e-03	7.724184e+00
4.174000e-05	-6.320980e-02	8.019499e+00
4.175000e-05	4.902060e-02	8.280580e+00
4.176000e-05	-3.158333e-02	8.501709e+00
4.177000e-05	-5.938276e-04	8.661611e+00
4.178000e-05	-1.244663e-02	8.943763e+00
4.179000e-05	-6.404201e-02	9.135795e+00
4.180000e-05	2.098572e-02	9.367848e+00
4.181000e-05	-3.605917e-02	9.607522e+00
4.182000e-05	1.056497e-02	9.869533e+00
4.183000e-05	-5.132701e-02	1.007118e+01
4.184000e-05	6.652212e-03	1.027171e+01
4.185000e-05	-2.402240e-02	1.047263e+01
4.186000e-05	-2.783703e-02	1.070374e+01
4.187000e-05	-2.679938e-02	1.090278e+01
4.188000e-05	-4.130859e-02	1.113371e+01
4.189000e-05	1.321490e-03	1.134326e+01
4.190000e-05	-3.873498e-02	1.150477e+01
4.191000e-05	-1.953701e-02	1.176334e+01
4.192000e-05	-5.181746e-02	1.192234e+01
4.193000e-05	-1.444417e-02	1.213226e+01
4.194000e-05	-3.111451e-02	1.227168e+01
4.195000e-05	-3.102110e-02	1.242911e+01
4.196000e-05	-4.538977e-02	1.263803e+01
4.197000e-05	-3.952529e-02	1.277597e+01
4.198000e-05	-2.778362e-02	1.291336e+01
4.199000e-05	-4.313251e-02	1.309968e+01
4.200000e-05	-4.226180e-02	1.325061e+01
4.201000e-05	-4.958699e-02	1.339595e+01
4.202000e-05	-3.087012e-02	1.354582e+01
4.203000e-05	-4.402913e-02	1.367968e+01
4.204000e-05	-5.056211e-02	1.380502e+01
4.205000e-05	-6.058871e-02	1.394129e+01
4.206000e-05	-5.141696e-02	1.405961e+01
4.207000e-05	-4.700646e-02	1.419657e+01
4.208000e-05	-5.710571e-02	1.429281e+01
4.209000e-05	-6.401789e-02	1.441660e+01
4.210000e-05	-6.335403e-02	1.451134e+01
4.211000e-05	-5.480969e-02	1.464805e+01
4.212000e-05	-6.317813e-02	1.468119e+01
4.213000e-05	-7.042295e-02	1.479695e+01
4.214000e-05	-7.488550e-02	1.484958e+01
4.215000e-05	-6.961751e-02	1.492176e+01
4.216000e-05	-7.254955e-02	1.499490e+01
4.217000e-05	-8.368207e-02	1.500863e+01
4.218000e-05	-8.997002e-02	1.509171e+01
4.219000e-05	-8.772968e-02	1.516489e+01
4.220000e-05	-8.333340e-02	1.516552e+01
4.221000e-05	-9.160955e-02	1.519852e+01
4.222000e-05	-9.929784e-02	1.528914e+01
4.223000e-05	-1.031982e-01	1.530921e+01
4.224000e-05	-1.014891e-01	1.533231e+01
4.225000e-05	-1.077399e-01	1.533224e+01
4.226000e-05	-1.188529e-01	1.534189e+01
4.227000e-05	-1.232463e-01	1.539394e+01
4.228000e-05	-1.243923e-01	1.537444e+01
4.229000e-05	-1.265948e-01	1.533282e+01
4.230000e-05	-1.384735e-01	1.534384e+01
4.231000e-05	-1.516472e-01	1.530232e+01
4.232000e-05	-1.573795e-01	1.528126e+01
4.233000e-05	-1.658876e-01	1.526915e+01
4.234000e-05	-1.809608e-01	1.523753e+01
4.235000e-05	-2.080832e-01	1.516595e+01
4.236000e-05	-2.314579e-01	1.514540e+01
4.237000e-05	-2.481537e-01	1.512281e+01
4.238000e-05	-2.500000e-01	1.501961e+01
4.239000e-05	-2.500000e-01	1.499705e+01
4.240000e-05	-2.500000e-01	1.490382e+01
4.241000e-05	-2.500000e-01	1.483063e+01
4.242000e-05	-2.500000e-01	1.475645e+01
4.243000e-05	-2.500000e-01	1.467274e+01
4.244000e-05	-2.498790e-01	1.462615e+01
4.245000e-05	-2.290082e-01	1.451219e+01
4.246000e-05	-1.969463e-01	1.439905e+01
4.247000e-05	-1.733952e-01	1.428184e+01
4.248000e-05	-1.576958e-01	1.419858e+01
4.249000e-05	-1.419720e-01	1.404173e+01
4.250000e-05	-1.254430e-01	1.395342e+01
4.251000e-05	-1.119590e-01	1.381760e+01
4.252000e-05	-1.049184e-01	1.364031e+01
4.253000e-05	-9.964384e-02	1.354542e+01
4.254000e-05	-9.031660e-02	1.340700e+01
4.255000e-05	-8.053676e-02	1.328219e+01
4.256000e-05	-7.649830e-02	1.310282e+01
4.257000e-05	-7.496689e-02	1.294444e+01
4.258000e-05	-7.071477e-02	1.282058e+01
4.259000e-05	-6.268026e-02	1.262971e+01
4.260000e-05	-5.946481e-02	1.249334e+01
4.261000e-05	-5.741524e-02	1.233542e+01
4.262000e-05	-5.717028e-02	1.218637e+01
4.263000e-05	-5.142118e-02	1.199640e+01
4.264000e-05	-4.762733e-02	1.176650e+01
4.265000e-05	-4.655243e-02	1.154544e+01
4.266000e-05	-4.932659e-02	1.134754e+01
4.267000e-05	-4.517322e-02	1.115642e+01
4.268000e-05	-4.018601e-02	1.097595e+01
4.269000e-05	-3.826057e-02	1.078500e+01
4.270000e-05	-3.895318e-02	1.056747e+01
4.271000e-05	-3.896761e-02	1.034489e+01
4.272000e-05	-3.507123e-02	1.014537e+01
4.273000e-05	-3.342434e-02	9.902888e+00
4.274000e-05	-3.337546e-02	9.723310e+00
4.275000e-05	-3.522293e-02	9.421155e+00
4.276000e-05	-3.168239e-02	9.222082e+00
4.277000e-05	-2.960502e-02	9.029156e+00
4.278000e-05	-2.976256e-02	8.797925e+00
4.279000e-05	-3.106529e-02	8.556476e+00
4.280000e-05	-2.938615e-02	8.295367e+00
4.281000e-05	-2.488069e-02	8.042164e+00
4.282000e-05	-2.395193e-02	7.822077e+00
4.283000e-05	-2.503416e-02	7.548997e+00
4.284000e-05	-2.618571e-02	7.252211e+00
4.285000e-05	-2.406659e-02	7.040205e+00
4.286000e-05	-2.370055e-02	6.778048e+00
4.287000e-05	-2.334512e-02	6.523912e+00
4.288000e-05	-2.466336e-02	6.261159e+00
4.289000e-05	-2.184159e-02	6.010129e+00
4.290000e-05	-1.913025e-02	5.724963e+00
4.291000e-05	-1.893823e-02	5.453786e+00
4.292000e-05	-1.984161e-02	5.150618e+00
4.293000e-05	-1.994661e-02	4.822208e+00
4.294000e-05	-1.846386e-02	4.597501e+00
4.295000e-05	-1.839677e-02	4.304864e+00
4.296000e-05	-1.964158e-02	4.029603e+00
4.297000e-05	-1.978794e-02	3.756922e+00
4.298000e-05	-1.617904e-02	3.475764e+00
4.299000e-05	-1.582052e-02	3.216502e+00
4.300000e-05	-1.447560e-02	2.906390e+00
4.301000e-05	-1.742381e-02	2.642735e+00
4.302000e-05	-1.303951e-02	2.337393e+00
4.303000e-05	-1.226004e-02	2.074760e+00
4.304000e-05	-1.253161e-02	1.811531e+00
4.305000e-05	-1.269800e-02	1.484792e+00
4.306000e-05	-1.484612e-02	1.221630e+00
4.307000e-05	-1.435629e-02	8.646889e-01
4.308000e-05	-1.281873e-02	6.110483e-01
4.309000e-05	-1.281079e-02	3.568744e-01
4.310000e-05	-7.972091e-03	2.318006e-02
4.311000e-05	-2.237722e-03	-2.215066e-01
4.312000e-05	1.015763e-02	-4.736532e-01
4.313000e-05	-3.401066e-03	-7.973999e-01
4.314000e-05	3.847957e-03	-1.051952e+00
4.315000e-05	-5.616244e-03	-1.335264e+00
4.316000e-05	1.050627e-03	-1.639974e+00
4.317000e-05	3.234847e-03	-1.811051e+00
4.318000e-05	4.825997e-02	-2.043055e+00
4.319000e-05	1.353245e-01	-2.386844e+00
4.320000e-05	-5.010477e-02	-2.726318e+00
4.321000e-05	-3.389335e-03	-3.175796e+00
4.322000e-05	-4.331537e-02	-3.438477e+00
4.323000e-05	-2.863047e-02	-3.608024e+00
4.324000e-05	-1.194135e-01	-3.902006e+00
4.325000e-05	1.582137e-01	-4.029103e+00
4.326000e-05	-5.627692e-02	-4.303133e+00
4.327000e-05	-1.484010e-02	-4.617448e+00
4.328000e-05	2.032814e-01	-4.840027e+00
4.329000e-05	-2.020884e-01	-5.196815e+00
4.330000e-05	1.820486e-01	-5.501659e+00
4.331000e-05	-1.419875e-01	-5.735160e+00
4.332000e-05	3.572998e-02	-6.038003e+00
4.333000e-05	1.150756e-01	-6.248975e+00
4.334000e-05	-1.088345e-01	-6.575264e+00
4.335000e-05	1.706467e-01	-6.806899e+00
4.336000e-05	-1.353049e-01	-7.071055e+00
4.337000e-05	9.266225e-02	-7.395369e+00
4.338000e-05	-2.198843e-02	-7.566396e+00
4.339000e-05	-1.451053e-02	-7.913741e+00
4.340000e-05	1.214244e-01	-8.153266e+00
4.341000e-05	-1.025608e-01	-8.396867e+00
4.342000e-05	1.592515e-01	-8.659081e+00
4.343000e-05	-9.623910e-02	-8.902079e+00
4.344000e-05	5.885181e-02	-9.122788e+00
4.345000e-05	-9.476457e-03	-9.332290e+00
4.346000e-05	1.722940e-02	-9.555921e+00
4.347000e-05	8.329929e-02	-9.806844e+00
4.348000e-05	-4.208295e-02	-1.003742e+01
4.349000e-05	1.026430e-01	-1.023646e+01
4.350000e-05	-6.566348e-02	-1.047903e+01
4.351000e-05	1.043100e-01	-1.063961e+01
4.352000e-05	-4.339520e-02	-1.085060e+01
4.353000e-05	6.813772e-02	-1.107858e+01
4.354000e-05	-8.975140e-04	-1.127048e+01
4.355000e-05	4.681737e-02	-1.150016e+01
4.356000e-05	3.511329e-02	-1.166066e+01
4.357000e-05	9.122479e-03	-1.189012e+01
4.358000e-05	4.897349e-02	-1.211061e+01
4.359000e-05	9.015673e-03	-1.227961e+01
4.360000e-05	7.247715e-02	-1.241848e+01
4.361000e-05	1.044043e-03	-1.262485e+01
4.362000e-05	5.846315e-02	-1.275682e+01
4.363000e-05	8.301034e-03	-1.293471e+01
4.364000e-05	6.353606e-02	-1.311061e+01
4.365000e-05	2.384041e-02	-1.322858e+01
4.366000e-05	5.330433e-02	-1.342532e+01
4.367000e-05	3.324226e-02	-1.351071e+01
4.368000e-05	5.289776e-02	-1.367953e+01
4.369000e-05	4.667597e-02	-1.378647e+01
4.370000e-05	4.088604e-02	-1.390324e+01
4.371000e-05	4.578458e-02	-1.406763e+01
4.372000e-05	4.695797e-02	-1.417442e+01
4.373000e-05	6.305085e-02	-1.429976e+01
4.374000e-05	4.849617e-02	-1.442700e+01
4.375000e-05	5.926261e-02	-1.449321e+01
4.376000e-05	4.936794e-02	-1.464645e+01
4.377000e-05	7.299385e-02	-1.470071e+01
4.378000e-05	5.961052e-02	-1.477632e+01
4.379000e-05	6.954910e-02	-1.488016e+01
4.380000e-05	6.094792e-02	-1.492234e+01
4.381000e-05	7.515276e-02	-1.505555e+01
4.382000e-05	7.064230e-02	-1.510963e+01
4.383000e-05	7.372778e-02	-1.514337e+01
4.384000e-05	7.438919e-02	-1.517742e+01
4.385000e-05	8.326261e-02	-1.521955e+01
4.386000e-05	9.254381e-02	-1.523908e+01
4.387000e-05	8.958224e-02	-1.530069e+01
4.388000e-05	9.218428e-02	-1.532276e+01
4.389000e-05	8.963752e-02	-1.537337e+01
4.390000e-05	1.026624e-01	-1.541649e+01
4.391000e-05	1.034466e-01	-1.541653e+01
4.392000e-05	1.095433e-01	-1.541662e+01
4.393000e-05	1.112922e-01	-1.540710e+01
4.394000e-05	1.227066e-01	-1.544753e+01
4.395000e-05	1.292347e-01	-1.541495e+01
4.396000e-05	1.327964e-01	-1.540540e+01
4.397000e-05	1.379204e-01	-1.538491e+01
4.398000e-05	1.494324e-01	-1.536329e+01
4.399000e-05	1.668334e-01	-1.536169e+01
4.400000e-05	1.824679e-01	-1.527219e+01
4.401000e-05	2.011254e-01	-1.525855e+01
4.402000e-05	2.255488e-01	-1.515542e+01
4.403000e-05	2.476925e-01	-1.514332e+01
4.404000e-05	2.500000e-01	-1.509874e+01
4.405000e-05	2.500000e-01	-1.504710e+01
4.406000e-05	2.500000e-01	-1.498389e+01
4.407000e-05	2.500000e-01	-1.484066e+01
4.408000e-05	2.500000e-01	-1.479902e+01
4.409000e-05	2.500000e-01	-1.470432e+01
4.410000e-05	2.397049e-01	-1.461863e+01
4.411000e-05	2.095272e-01	-1.452436e+01
4.412000e-05	1.847955e-01	-1.442861e+01
4.413000e-05	1.625992e-01	-1.432237e+01
4.414000e-05	1.423110e-01	-1.420708e+01
4.415000e-05	1.259176e-01	-1.409124e+01
4.416000e-05	1.138035e-01	-1.396547e+01
4.417000e-05	1.030497e-01	-1.389858e+01
4.418000e-05	9.162545e-02	-1.369126e+01
4.419000e-05	8.268561e-02	-1.355537e+01
4.420000e-05	7.582085e-02	-1.341715e+01
4.421000e-05	7.233929e-02	-1.328126e+01
4.422000e-05	6.627437e-02	-1.311337e+01
4.423000e-05	5.987750e-02	-1.299542e+01
4.424000e-05	5.367356e-02	-1.286066e+01
4.425000e-05	5.236569e-02	-1.267071e+01
4.426000e-05	4.960578e-02	-1.252227e+01
4.427000e-05	4.422820e-02	-1.230384e+01
4.428000e-05	4.106073e-02	-1.216434e+01
4.429000e-05	3.824519e-02	-1.198450e+01
4.430000e-05	3.637957e-02	-1.179600e+01
4.431000e-05	3.407908e-02	-1.154849e+01
4.432000e-05	3.025683e-02	-1.132582e+01
4.433000e-05	2.877778e-02	-1.113397e+01
4.434000e-05	2.896054e-02	-1.092277e+01
4.435000e-05	2.753987e-02	-1.072492e+01
4.436000e-05	2.549131e-02	-1.055445e+01
4.437000e-05	2.187296e-02	-1.032584e+01
4.438000e-05	2.119615e-02	-1.010329e+01
4.439000e-05	2.038965e-02	-9.911738e+00
4.440000e-05	1.985319e-02	-9.683289e+00
4.441000e-05	1.655293e-02	-9.469605e+00
4.442000e-05	1.738316e-02	-9.220680e+00
4.443000e-05	1.706941e-02	-8.978102e+00
4.444000e-05	1.608280e-02	-8.775921e+00
4.445000e-05	1.295714e-02	-8.493917e+00
4.446000e-05	1.191669e-02	-8.273234e+00
4.447000e-05	1.147708e-02	-8.052185e+00
4.448000e-05	1.159262e-02	-7.788574e+00
4.449000e-05	9.078737e-03	-7.514340e+00
4.450000e-05	8.750118e-03	-7.250212e+00
4.451000e-05	6.765252e-03	-7.007080e+00
4.452000e-05	8.188506e-03	-6.734322e+00
4.453000e-05	5.480370e-03	-6.513762e+00
4.454000e-05	5.650827e-03	-6.231155e+00
4.455000e-05	3.831340e-03	-5.956946e+00
4.456000e-05	4.850470e-03	-5.732809e+00
4.457000e-05	3.605511e-03	-5.400253e+00
4.458000e-05	2.222805e-03	-5.144788e+00
4.459000e-05	1.872933e-04	-4.789155e+00
4.460000e-05	2.286574e-03	-4.524389e+00
4.461000e-05	1.036209e-03	-4.314264e+00
4.462000e-05	1.022342e-03	-4.031154e+00
4.463000e-05	-2.706359e-03	-3.776344e+00
4.464000e-05	-2.058357e-03	-3.454263e+00
4.465000e-05	-3.385750e-03	-3.239104e+00
4.466000e-05	-6.399248e-04	-2.884313e+00
4.467000e-05	-3.327924e-03	-2.601679e+00
4.468000e-05	-2.549555e-03	-2.375896e+00
4.469000e-05	-4.748108e-03	-2.040656e+00
4.470000e-05	-3.422927e-03	-1.798451e+00
4.471000e-05	-5.804680e-03	-1.505290e+00
4.472000e-05	-6.195387e-03	-1.146918e+00
4.473000e-05	-6.395280e-03	-8.632375e-01
4.474000e-05	-5.763733e-03	-5.370783e-01
4.475000e-05	-5.104587e-03	-2.752879e-01
4.476000e-05	-5.664788e-03	-3.213258e-02
4.477000e-05	7.825702e-03	2.931056e-01
4.478000e-05	-1.458357e-04	5.351623e-01
4.479000e-05	5.591888e-03	7.678922e-01
4.480000e-05	-1.210291e-03	1.063131e+00
4.481000e-05	-3.197269e-04	1.345792e+00
4.482000e-05	-1.825124e-03	1.650532e+00
4.483000e-05	6.974654e-03	1.915234e+00
4.484000e-05	2.930443e-02	2.075212e+00
4.485000e-05	1.112586e-01	2.397449e+00
4.486000e-05	-3.614209e-03	2.775349e+00
4.487000e-05	-4.552287e-02	3.052131e+00
4.488000e-05	-3.348355e-02	3.324309e+00
4.489000e-05	-2.918655e-02	3.648499e+00
4.490000e-05	-7.083392e-02	3.872049e+00
4.491000e-05	-6.319270e-02	4.040576e+00
4.492000e-05	1.169138e-01	4.314216e+00
4.493000e-05	-7.503165e-02	4.629474e+00
4.494000e-05	3.364404e-02	4.810551e+00
4.495000e-05	1.038419e-01	5.197420e+00
4.496000e-05	-1.452063e-01	5.472159e+00
4.497000e-05	8.218891e-02	5.734236e+00
4.498000e-05	-8.019115e-02	6.039998e+00
4.499000e-05	4.653520e-02	6.252004e+00
4.500000e-05	-1.564421e-03	6.554785e+00
4.501000e-05	-5.101173e-02	6.837950e+00
4.502000e-05	4.052901e-02	7.043158e+00
4.503000e-05	-6.490398e-02	7.375786e+00
4.504000e-05	4.038767e-02	7.639000e+00
4.505000e-05	-8.139343e-02	7.942184e+00
4.506000e-05	3.068482e-02	8.176921e+00
4.507000e-05	5.594647e-03	8.416947e+00
4.508000e-05	-3.146691e-02	8.587973e+00
4.509000e-05	1.883797e-02	8.827575e+00
4.510000e-05	-7.784458e-02	9.063013e+00
4.511000e-05	1.397759e-02	9.302709e+00
4.512000e-05	-3.226573e-02	9.534217e+00
4.513000e-05	9.210283e-03	9.754968e+00
4.514000e-05	-4.164441e-02	9.997950e+00
4.515000e-05	-9.510701e-03	1.020952e+01
4.516000e-05	-6.799245e-03	1.039945e+01
4.517000e-05	-3.462709e-02	1.062595e+01
4.518000e-05	-1.939476e-02	1.083958e+01
4.519000e-05	-4.768094e-02	1.105008e+01
4.520000e-05	-3.510323e-03	1.125013e+01
4.521000e-05	-3.113158e-02	1.147961e+01
4.522000e-05	-1.915728e-02	1.166958e+01
4.523000e-05	-4.889743e-02	1.184016e+01
4.524000e-05	-2.192664e-02	1.204008e+01
4.525000e-05	-2.663748e-02	1.223655e+01
4.526000e-05	-2.715923e-02	1.238650e+01
4.527000e-05	-4.184334e-02	1.257290e+01
4.528000e-05	-4.412369e-02	1.272329e+01
4.529000e-05	-2.864564e-02	1.286256e+01
4.530000e-05	-3.833215e-02	1.303705e+01
4.531000e-05	-4.019120e-02	1.318647e+01
4.532000e-05	-5.317416e-02	1.334229e+01
4.533000e-05	-3.219667e-02	1.347118e+01
4.534000e-05	-4.196224e-02	1.360805e+01
4.535000e-05	-4.406655e-02	1.372434e+01
4.536000e-05	-6.242929e-02	1.390018e+01
4.537000e-05	-5.264224e-02	1.402642e+01
4.538000e-05	-4.834755e-02	1.415400e+01
4.539000e-05	-5.292556e-02	1.430011e+01
4.540000e-05	-6.084658e-02	1.440697e+01
4.541000e-05	-6.635640e-02	1.449974e+01
4.542000e-05	-5.413373e-02	1.460589e+01
4.543000e-05	-6.239264e-02	1.466963e+01
4.544000e-05	-6.515647e-02	1.475536e+01
4.545000e-05	-7.793828e-02	1.480852e+01
4.546000e-05	-6.808526e-02	1.491124e+01
4.547000e-05	-7.130413e-02	1.493487e+01
4.548000e-05	-7.726042e-02	1.502603e+01
4.549000e-05	-8.969935e-02	1.508068e+01
4.550000e-05	-9.033066e-02	1.510484e+01
4.551000e-05	-8.385894e-02	1.513544e+01
4.552000e-05	-8.893430e-02	1.521702e+01
4.553000e-05	-9.628783e-02	1.525775e+01
4.554000e-05	-1.042438e-01	1.528126e+01
4.555000e-05	-9.947688e-02	1.531976e+01
4.556000e-05	-1.051173e-01	1.532287e+01
4.557000e-05	-1.132099e-01	1.535439e+01
4.558000e-05	-1.235773e-01	1.538247e+01
4.559000e-05	-1.238786e-01	1.533327e+01
4.560000e-05	-1.236824e-01	1.534341e+01
4.561000e-05	-1.335194e-01	1.535387e+01
4.562000e-05	-1.471130e-01	1.532389e+01
4.563000e-05	-1.565988e-01	1.531017e+01
4.564000e-05	-1.617175e-01	1.525928e+01
4.565000e-05	-1.746098e-01	1.522915e+01
4.566000e-05	-1.973914e-01	1.519705e+01
4.567000e-05	-2.241323e-01	1.517637e+01
4.568000e-05	-2.440568e-01	1.511086e+01
4.569000e-05	-2.499577e-01	1.507961e+01
4.570000e-05	-2.500000e-01	1.503803e+01
4.571000e-05	-2.500000e-01	1.497444e+01
4.572000e-05	-2.500000e-01	1.492123e+01
4.573000e-05	-2.500000e-01	1.479905e+01
4.574000e-05	-2.500000e-01	1.474336e+01
4.575000e-05	-2.500000e-01	1.463863e+01
4.576000e-05	-2.411858e-01	1.454634e+01
4.577000e-05	-2.076721e-01	1.442963e+01
4.578000e-05	-1.809851e-01	1.435544e+01
4.579000e-05	-1.626140e-01	1.423963e+01
4.580000e-05	-1.492471e-01	1.413484e+01
4.581000e-05	-1.309979e-01	1.397897e+01
4.582000e-05	-1.168379e-01	1.385725e+01
4.583000e-05	-1.072075e-01	1.373442e+01
4.584000e-05	-1.032810e-01	1.358797e+01
4.585000e-05	-9.399016e-02	1.345176e+01
4.586000e-05	-8.510406e-02	1.333392e+01
4.587000e-05	-7.645353e-02	1.313497e+01
4.588000e-05	-7.568826e-02	1.303805e+01
4.589000e-05	-7.178257e-02	1.284071e+01
4.590000e-05	-6.611726e-02	1.272531e+01
4.591000e-05	-6.017789e-02	1.258494e+01
4.592000e-05	-5.858062e-02	1.237853e+01
4.593000e-05	-5.858050e-02	1.222665e+01
4.594000e-05	-5.335574e-02	1.203923e+01
4.595000e-05	-4.962714e-02	1.183029e+01
4.596000e-05	-4.557039e-02	1.166213e+01
4.597000e-05	-4.878461e-02	1.143963e+01
4.598000e-05	-4.579779e-02	1.119011e+01
4.599000e-05	-4.346437e-02	1.100863e+01
4.600000e-05	-3.837512e-02	1.086121e+01
4.601000e-05	-4.010173e-02	1.066113e+01
4.602000e-05	-3.878320e-02	1.044068e+01
4.603000e-05	-3.699728e-02	1.022863e+01
4.604000e-05	-3.463544e-02	9.980551e+00
4.605000e-05	-3.232970e-02	9.766970e+00
4.606000e-05	-3.506812e-02	9.523868e+00
4.607000e-05	-3.258084e-02	9.322867e+00
4.608000e-05	-3.070982e-02	9.092365e+00
4.609000e-05	-2.822235e-02	8.832186e+00
4.610000e-05	-2.989679e-02	8.640130e+00
4.611000e-05	-2.938929e-02	8.410126e+00
4.612000e-05	-2.730024e-02	8.136996e+00
4.613000e-05	-2.580838e-02	7.914388e+00
4.614000e-05	-2.582497e-02	7.630233e+00
4.615000e-05	-2.624285e-02	7.377048e+00
4.616000e-05	-2.544749e-02	7.115316e+00
4.617000e-05	-2.312714e-02	6.872363e+00
4.618000e-05	-2.184305e-02	6.620627e+00
4.619000e-05	-2.385000e-02	6.345896e+00
4.620000e-05	-2.317419e-02	6.113812e+00
4.621000e-05	-2.198635e-02	5.842230e+00
4.622000e-05	-1.954321e-02	5.548470e+00
4.623000e-05	-2.010005e-02	5.304285e+00
4.624000e-05	-2.066786e-02	4.948473e+00
4.625000e-05	-2.037996e-02	4.643235e+00
4.626000e-05	-1.790403e-02	4.439678e+00
4.627000e-05	-1.806502e-02	4.075944e+00
4.628000e-05	-1.871043e-02	3.852709e+00
4.629000e-05	-1.928100e-02	3.619552e+00
4.630000e-05	-1.547767e-02	3.305868e+00
4.631000e-05	-1.501756e-02	3.021707e+00
4.632000e-05	-1.586626e-02	2.797472e+00
4.633000e-05	-1.641601e-02	2.432812e+00
4.634000e-05	-1.531472e-02	2.137971e+00
4.635000e-05	-1.286258e-02	1.925891e+00
4.636000e-05	-1.300473e-02	1.621529e+00
4.637000e-05	-1.319560e-02	1.337346e+00
4.638000e-05	-1.319416e-02	9.806520e-01
4.639000e-05	-1.075856e-02	6.453616e-01
4.640000e-05	-1.116582e-02	4.241289e-01
4.641000e-05	-9.446419e-03	9.696666e-02
4.642000e-05	-9.013985e-03	-1.352625e-01
4.643000e-05	7.908917e-03	-3.778699e-01
4.644000e-05	-4.553972e-03	-6.820834e-01
4.645000e-05	5.152800e-03	-9.652649e-01
4.646000e-05	-3.984892e-03	-1.208874e+00
4.647000e-05	2.732297e-03	-1.545217e+00
4.648000e-05	-9.075004e-04	-1.755740e+00
4.649000e-05	2.899866e-02	-1.967346e+00
4.650000e-05	1.199544e-01	-2.242028e+00
4.651000e-05	2.365210e-02	-2.599374e+00
4.652000e-05	-4.830944e-02	-3.019479e+00
4.653000e-05	-9.602793e-03	-3.356212e+00
4.654000e-05	-4.238645e-02	-3.536320e+00
4.655000e-05	-8.156538e-02	-3.756368e+00
4.656000e-05	1.922424e-02	-4.006473e+00
4.657000e-05	1.351187e-01	-4.166272e+00
4.658000e-05	-1.918172e-01	-4.502082e+00
4.659000e-05	2.109596e-01	-4.714838e+00
4.660000e-05	-1.301210e-01	-5.029379e+00
4.661000e-05	4.360980e-02	-5.397346e+00
4.662000e-05	4.872410e-02	-5.637943e+00
4.663000e-05	-1.624215e-01	-5.914690e+00
4.664000e-05	2.103869e-01	-6.104763e+00
4.665000e-05	-1.268713e-01	-6.428973e+00
4.666000e-05	1.225728e-01	-6.743715e+00
4.667000e-05	-1.940164e-02	-6.976341e+00
4.668000e-05	-4.055843e-02	-7.311655e+00
4.669000e-05	1.075584e-01	-7.512614e+00
4.670000e-05	-1.179570e-01	-7.807850e+00
4.671000e-05	1.574786e-01	-8.072156e+00
4.672000e-05	-8.297259e-02	-8.292135e+00
4.673000e-05	8.244131e-02	-8.545288e+00
4.674000e-05	2.867968e-02	-8.766450e+00
4.675000e-05	-5.782342e-02	-9.069529e+00
4.676000e-05	9.176454e-02	-9.240029e+00
4.677000e-05	-7.497308e-02	-9.430636e+00
4.678000e-05	1.383082e-01	-9.721683e+00
4.679000e-05	-6.219716e-02	-9.941715e+00
4.680000e-05	9.536931e-02	-1.019334e+01
4.681000e-05	-2.967238e-02	-1.036526e+01
4.682000e-05	4.722310e-02	-1.059735e+01
4.683000e-05	2.608244e-02	-1.076577e+01
4.684000e-05	-2.973138e-03	-1.100537e+01
4.685000e-05	6.369267e-02	-1.119640e+01
4.686000e-05	-1.466243e-02	-1.142790e+01
4.687000e-05	8.538432e-02	-1.161702e+01
4.688000e-05	-2.303216e-02	-1.186695e+01
4.689000e-05	6.972837e-02	-1.200695e+01
4.690000e-05	-4.986804e-03	-1.222392e+01
4.691000e-05	7.126060e-02	-1.238434e+01
4.692000e-05	1.175709e-02	-1.254336e+01
4.693000e-05	4.260712e-02	-1.270124e+01
4.694000e-05	2.586370e-02	-1.289053e+01
4.695000e-05	4.016075e-02	-1.305650e+01
4.696000e-05	4.659385e-02	-1.315639e+01
4.697000e-05	3.219802e-02	-1.334276e+01
4.698000e-05	5.406549e-02	-1.348708e+01
4.699000e-05	3.244342e-02	-1.362645e+01
4.700000e-05	6.187059e-02	-1.375274e+01
4.701000e-05	2.940568e-02	-1.390210e+01
4.702000e-05	5.405787e-02	-1.401737e+01
4.703000e-05	3.674284e-02	-1.419229e+01
4.704000e-05	6.471295e-02	-1.426901e+01
4.705000e-05	4.813740e-02	-1.436587e+01
4.706000e-05	6.091487e-02	-1.449016e+01
4.707000e-05	5.093766e-02	-1.457534e+01
4.708000e-05	6.492064e-02	-1.469016e+01
4.709000e-05	6.455598e-02	-1.477537e+01
4.710000e-05	6.429676e-02	-1.479913e+01
4.711000e-05	6.651510e-02	-1.491279e+01
4.712000e-05	6.790130e-02	-1.497390e+01
4.713000e-05	7.376741e-02	-1.506708e+01
4.714000e-05	7.074467e-02	-1.513976e+01
4.715000e-05	7.575142e-02	-1.515340e+01
4.716000e-05	7.855266e-02	-1.517650e+01
4.717000e-05	9.333314e-02	-1.524903e+01
4.718000e-05	8.887356e-02	-1.524966e+01
4.719000e-05	9.377600e-02	-1.533181e+01
4.720000e-05	8.716040e-02	-1.534235e+01
4.721000e-05	9.824150e-02	-1.537394e+01
4.722000e-05	1.001975e-01	-1.542640e+01
4.723000e-05	1.073738e-01	-1.543700e+01
4.724000e-05	1.112122e-01	-1.540598e+01
4.725000e-05	1.203293e-01	-1.546800e+01
4.726000e-05	1.281335e-01	-1.540547e+01
4.727000e-05	1.308665e-01	-1.536602e+01
4.728000e-05	1.351050e-01	-1.539437e+01
4.729000e-05	1.437243e-01	-1.538434e+01
4.730000e-05	1.597568e-01	-1.536281e+01
4.731000e-05	1.758772e-01	-1.526271e+01
4.732000e-05	1.932726e-01	-1.522905e+01
4.733000e-05	2.160496e-01	-1.519650e+01
4.734000e-05	2.430027e-01	-1.516485e+01
4.735000e-05	2.499484e-01	-1.509072e+01
4.736000e-05	2.500000e-01	-1.505716e+01
4.737000e-05	2.500000e-01	-1.500395e+01
4.738000e-05	2.500000e-01	-1.491316e+01
4.739000e-05	2.500000e-01	-1.480813e+01
4.740000e-05	2.500000e-01	-1.475584e+01
4.741000e-05	2.473916e-01	-1.467913e+01
4.742000e-05	2.208398e-01	-1.457739e+01
4.743000e-05	1.939992e-01	-1.448226e+01
4.744000e-05	1.718215e-01	-1.435587e+01
4.745000e-05	1.503717e-01	-1.426018e+01
4.746000e-05	1.316695e-01	-1.417391e+01
4.747000e-05	1.181209e-01	-1.401707e+01
4.748000e-05	1.062648e-01	-1.389076e+01
4.749000e-05	9.468757e-02	-1.376439e+01
4.750000e-05	8.488175e-02	-1.358003e+01
4.751000e-05	7.799054e-02	-1.347171e+01
4.752000e-05	7.469891e-02	-1.333437e+01
4.753000e-05	6.816027e-02	-1.321753e+01
4.754000e-05	6.242791e-02	-1.301918e+01
4.755000e-05	5.554664e-02	-1.289224e+01
4.756000e-05	5.321053e-02	-1.271387e+01
4.757000e-05	4.954695e-02	-1.260552e+01
4.758000e-05	4.620527e-02	-1.242900e+01
4.759000e-05	4.118410e-02	-1.225915e+01
4.760000e-05	4.002054e-02	-1.204066e+01
4.761000e-05	3.682498e-02	-1.186171e+01
4.762000e-05	3.576579e-02	-1.161071e+01
4.763000e-05	3.189284e-02	-1.140866e+01
4.764000e-05	3.010762e-02	-1.121800e+01
4.765000e-05	2.868366e-02	-1.098705e+01
4.766000e-05	2.823639e-02	-1.080815e+01
4.767000e-05	2.602458e-02	-1.061963e+01
4.768000e-05	2.232710e-02	-1.041910e+01
4.769000e-05	2.149126e-02	-1.019597e+01
4.770000e-05	2.128904e-02	-9.947947e+00
4.771000e-05	2.003402e-02	-9.756423e+00
4.772000e-05	1.903966e-02	-9.554946e+00
4.773000e-05	1.731921e-02	-9.302867e+00
4.774000e-05	1.597594e-02	-9.082156e+00
4.775000e-05	1.488660e-02	-8.861159e+00
4.776000e-05	1.304683e-02	-8.608701e+00
4.777000e-05	1.190534e-02	-8.357445e+00
4.778000e-05	1.170959e-02	-8.156943e+00
4.779000e-05	1.190494e-02	-7.904739e+00
4.780000e-05	1.066166e-02	-7.569603e+00
4.781000e-05	8.765984e-03	-7.346892e+00
4.782000e-05	8.535129e-03	-7.143793e+00
4.783000e-05	6.559726e-03	-6.819582e+00
4.784000e-05	5.910139e-03	-6.579051e+00
4.785000e-05	5.519393e-03	-6.306344e+00
4.786000e-05	5.117535e-03	-6.041632e+00
4.787000e-05	4.402962e-03	-5.769052e+00
4.788000e-05	3.842160e-03	-5.513839e+00
4.789000e-05	2.572649e-03	-5.229656e+00
4.790000e-05	9.912708e-04	-4.923369e+00
4.791000e-05	2.588261e-03	-4.599952e+00
4.792000e-05	8.749293e-04	-4.378025e+00
4.793000e-05	1.537167e-03	-4.116369e+00
4.794000e-05	-2.010174e-03	-3.853185e+00
4.795000e-05	-1.150105e-03	-3.567973e+00
4.796000e-05	-4.176703e-03	-3.314339e+00
4.797000e-05	-4.107859e-04	-3.000179e+00
4.798000e-05	-3.916453e-03	-2.715367e+00
4.799000e-05	-1.077729e-03	-2.433260e+00
4.800000e-05	-4.616203e-03	-2.087971e+00
4.801000e-05	-1.530069e-03	-1.884238e+00
4.802000e-05	-5.811337e-03	-1.611101e+00
4.803000e-05	-6.215621e-03	-1.294239e+00
4.804000e-05	-7.763185e-03	-9.990234e-01
4.805000e-05	-7.009923e-03	-6.843180e-01
4.806000e-05	-5.936618e-03	-4.210011e-01
4.807000e-05	-4.946690e-03	-1.658958e-01
4.808000e-05	2.596440e-03	1.263348e-01
4.809000e-05	7.318190e-03	4.009490e-01
4.810000e-05	4.241645e-04	6.726306e-01
4.811000e-05	3.600870e-03	8.771906e-01
4.812000e-05	-4.052927e-03	1.241028e+00
4.813000e-05	-1.953855e-04	1.485159e+00
4.814000e-05	-3.126456e-03	1.789974e+00
4.815000e-05	1.931552e-02	2.010526e+00
4.816000e-05	7.804944e-02	2.292608e+00
4.817000e-05	7.496585e-02	2.611503e+00
4.818000e-05	-6.397074e-02	2.936770e+00
4.819000e-05	-2.078794e-02	3.219997e+00
4.820000e-05	-4.283490e-02	3.544720e+00
4.821000e-05	-3.398169e-02	3.777318e+00
4.822000e-05	-9.370802e-02	3.936870e+00
4.823000e-05	4.797773e-02	4.168449e+00
4.824000e-05	5.448993e-02	4.524186e+00
4.825000e-05	-1.144170e-01	4.746368e+00
4.826000e-05	1.981261e-01	5.073053e+00
4.827000e-05	-1.406301e-01	5.397470e+00
4.828000e-05	3.008748e-02	5.618450e+00
4.829000e-05	-1.335768e-02	5.954293e+00
4.830000e-05	-3.171336e-02	6.156841e+00
4.831000e-05	6.322202e-02	6.439048e+00
4.832000e-05	-8.151461e-02	6.704212e+00
4.833000e-05	4.546768e-02	6.965416e+00
4.834000e-05	-5.116584e-02	7.209052e+00
4.835000e-05	1.502698e-02	7.513213e+00
4.836000e-05	-3.511544e-02	7.787819e+00
4.837000e-05	-2.546788e-02	8.060159e+00
4.838000e-05	3.884235e-02	8.313188e+00
4.839000e-05	-4.269640e-02	8.534291e+00
4.840000e-05	1.358884e-02	8.755390e+00
4.841000e-05	-4.294516e-02	9.016446e+00
4.842000e-05	-3.392084e-02	9.227973e+00
4.843000e-05	4.697337e-03	9.458504e+00
4.844000e-05	-1.908163e-02	9.670703e+00
4.845000e-05	-8.047046e-03	9.903611e+00
4.846000e-05	-4.059167e-02	1.016279e+01
4.847000e-05	4.905995e-03	1.031531e+01
4.848000e-05	-3.203782e-02	1.055281e+01
4.849000e-05	-2.270648e-02	1.074542e+01
4.850000e-05	-3.415213e-02	1.097437e+01
4.851000e-05	-2.559727e-02	1.117687e+01
4.852000e-05	-8.839928e-03	1.139492e+01
4.853000e-05	-3.438401e-02	1.156497e+01
4.854000e-05	-3.098221e-02	1.179594e+01
4.855000e-05	-4.298045e-02	1.196537e+01
4.856000e-05	-1.760805e-02	1.218486e+01
4.857000e-05	-2.848163e-02	1.231327e+01
4.858000e-05	-3.348426e-02	1.252161e+01
4.859000e-05	-4.409815e-02	1.267010e+01
4.860000e-05	-3.458285e-02	1.278805e+01
4.861000e-05	-3.052000e-02	1.299435e+01
4.862000e-05	-4.389148e-02	1.313176e+01
4.863000e-05	-4.790584e-02	1.329123e+01
4.864000e-05	-4.341780e-02	1.342810e+01
4.865000e-05	-3.426233e-02	1.359542e+01
4.866000e-05	-4.349457e-02	1.366171e+01
4.867000e-05	-5.652900e-02	1.382653e+01
4.868000e-05	-5.590995e-02	1.397344e+01
4.869000e-05	-5.054233e-02	1.405171e+01
4.870000e-05	-4.708381e-02	1.421865e+01
4.871000e-05	-5.996554e-02	1.431389e+01
4.872000e-05	-6.528017e-02	1.444858e+01
4.873000e-05	-5.972347e-02	1.454547e+01
4.874000e-05	-5.832020e-02	1.463753e+01
4.875000e-05	-6.473388e-02	1.466229e+01
4.876000e-05	-7.355992e-02	1.482797e+01
4.877000e-05	-7.205271e-02	1.483116e+01
4.878000e-05	-6.817716e-02	1.490232e+01
4.879000e-05	-7.359017e-02	1.500543e+01
4.880000e-05	-8.621148e-02	1.506775e+01
4.881000e-05	-9.217973e-02	1.513419e+01
4.882000e-05	-8.603299e-02	1.516434e+01
4.883000e-05	-8.574941e-02	1.518652e+01
4.884000e-05	-9.295929e-02	1.522968e+01
4.885000e-05	-1.026848e-01	1.530066e+01
4.886000e-05	-1.009718e-01	1.531179e+01
4.887000e-05	-1.026664e-01	1.534231e+01
4.888000e-05	-1.095034e-01	1.535229e+01
4.889000e-05	-1.221634e-01	1.534447e+01
4.890000e-05	-1.229487e-01	1.538392e+01
4.891000e-05	-1.237872e-01	1.534334e+01
4.892000e-05	-1.278448e-01	1.536237e+01
4.893000e-05	-1.426423e-01	1.532187e+01
4.894000e-05	-1.534772e-01	1.529279e+01
4.895000e-05	-1.589548e-01	1.529919e+01
4.896000e-05	-1.692072e-01	1.525963e+01
4.897000e-05	-1.876003e-01	1.522900e+01
4.898000e-05	-2.137737e-01	1.518744e+01
4.899000e-05	-2.372264e-01	1.511289e+01
4.900000e-05	-2.493328e-01	1.510171e+01
4.901000e-05	-2.499995e-01	1.500960e+01
4.902000e-05	-2.500000e-01	1.496497e+01
4.903000e-05	-2.500000e-01	1.490271e+01
4.904000e-05	-2.500000e-01	1.478963e+01
4.905000e-05	-2.500000e-01	1.475389e+01
4.906000e-05	-2.500000e-01	1.467021e+01
4.907000e-05	-2.477064e-01	1.459600e+01
4.908000e-05	-2.207676e-01	1.450121e+01
4.909000e-05	-1.905006e-01	1.438712e+01
4.910000e-05	-1.685758e-01	1.426026e+01
4.911000e-05	-1.537522e-01	1.415497e+01
4.912000e-05	-1.380091e-01	1.402913e+01
4.913000e-05	-1.223054e-01	1.392127e+01
4.914000e-05	-1.088912e-01	1.380555e+01
4.915000e-05	-1.038923e-01	1.363016e+01
4.916000e-05	-9.796993e-02	1.350288e+01
4.917000e-05	-8.859219e-02	1.339702e+01
4.918000e-05	-7.825520e-02	1.321960e+01
4.919000e-05	-7.613116e-02	1.311071e+01
4.920000e-05	-7.367022e-02	1.293489e+01
4.921000e-05	-6.939436e-02	1.275555e+01
4.922000e-05	-6.103083e-02	1.259808e+01
4.923000e-05	-5.893579e-02	1.248173e+01
4.924000e-05	-5.764732e-02	1.229129e+01
4.925000e-05	-5.634240e-02	1.214289e+01
4.926000e-05	-5.015832e-02	1.193587e+01
4.927000e-05	-4.630589e-02	1.171434e+01
4.928000e-05	-4.721846e-02	1.155537e+01
4.929000e-05	-4.697952e-02	1.127332e+01
4.930000e-05	-4.508141e-02	1.110529e+01
4.931000e-05	-3.882230e-02	1.090484e+01
4.932000e-05	-3.826193e-02	1.069592e+01
4.933000e-05	-3.979123e-02	1.051294e+01
4.934000e-05	-3.824169e-02	1.027276e+01
4.935000e-05	-3.416445e-02	1.009376e+01
4.936000e-05	-3.355383e-02	9.832284e+00
4.937000e-05	-3.448255e-02	9.619605e+00
4.938000e-05	-3.475110e-02	9.376501e+00
4.939000e-05	-3.148424e-02	9.168551e+00
4.940000e-05	-2.807068e-02	8.986472e+00
4.941000e-05	-2.865375e-02	8.714864e+00
4.942000e-05	-2.962571e-02	8.493743e+00
4.943000e-05	-2.882878e-02	8.271261e+00
4.944000e-05	-2.611401e-02	8.029580e+00
4.945000e-05	-2.588539e-02	7.768618e+00
4.946000e-05	-2.640808e-02	7.533336e+00
4.947000e-05	-2.661073e-02	7.210530e+00
4.948000e-05	-2.359793e-02	6.968473e+00
4.949000e-05	-2.193663e-02	6.735918e+00
4.950000e-05	-2.366261e-02	6.441180e+00
4.951000e-05	-2.365455e-02	6.209600e+00
4.952000e-05	-2.229109e-02	5.958493e+00
4.953000e-05	-1.988985e-02	5.683284e+00
4.954000e-05	-2.009671e-02	5.410180e+00
4.955000e-05	-2.144090e-02	5.065364e+00
4.956000e-05	-2.015737e-02	4.746051e+00
4.957000e-05	-1.881097e-02	4.496365e+00
4.958000e-05	-1.760115e-02	4.211732e+00
4.959000e-05	-1.940885e-02	3.917943e+00
4.960000e-05	-1.865320e-02	3.674264e+00
4.961000e-05	-1.654131e-02	3.411103e+00
4.962000e-05	-1.433437e-02	3.117842e+00
4.963000e-05	-1.589910e-02	2.864212e+00
4.964000e-05	-1.660166e-02	2.519651e+00
4.965000e-05	-1.550272e-02	2.235763e+00
4.966000e-05	-1.336792e-02	2.012205e+00
4.967000e-05	-1.338218e-02	1.727472e+00
4.968000e-05	-1.344409e-02	1.411206e+00
4.969000e-05	-1.408459e-02	1.137971e+00
4.970000e-05	-1.156042e-02	8.406538e-01
4.971000e-05	-1.083391e-02	5.278929e-01
4.972000e-05	-1.010948e-02	2.737350e-01
4.973000e-05	-7.645873e-03	-5.153177e-02
4.974000e-05	1.738937e-03	-3.236572e-01
4.975000e-05	2.621922e-03	-5.172889e-01
4.976000e-05	-1.567701e-03	-8.520794e-01
4.977000e-05	-2.402977e-04	-1.065658e+00
4.978000e-05	-2.190924e-03	-1.447924e+00
4.979000e-05	-1.447267e-04	-1.680109e+00
4.980000e-05	1.328999e-02	-1.914111e+00
4.981000e-05	7.329847e-02	-2.103711e+00
4.982000e-05	1.087066e-01	-2.462555e+00
4.983000e-05	-6.832843e-02	-2.902027e+00
4.984000e-05	8.072935e-03	-3.218028e+00
4.985000e-05	-5.417926e-02	-3.462034e+00
4.986000e-05	-3.676024e-02	-3.671059e+00
4.987000e-05	-9.821772e-02	-3.905633e+00
4.988000e-05	2.004212e-01	-4.063607e+00
4.989000e-05	-1.572111e-01	-4.395398e+00
4.990000e-05	1.212065e-01	-4.651608e+00
4.991000e-05	7.459499e-02	-4.893484e+00
4.992000e-05	-1.519546e-01	-5.279498e+00
4.993000e-05	1.905910e-01	-5.524690e+00
4.994000e-05	-1.983124e-01	-5.798921e+00
4.995000e-05	1.429774e-01	-6.051157e+00
4.996000e-05	2.942884e-03	-6.303613e+00
4.997000e-05	-2.749636e-02	-6.660004e+00
4.998000e-05	1.266635e-01	-6.849579e+00
4.999000e-05	-1.384478e-01	-7.185371e+00
