# 260604_11:19:47.968997
t	CH1	CH2
0.000000e+00	-9.720370e-03	6.099780e-01
1.000000e-08	-9.916636e-03	3.679210e-01
2.000000e-08	-7.914653e-03	6.273690e-02
3.000000e-08	-3.278421e-03	-2.530299e-01
4.000000e-08	6.551229e-03	-4.631589e-01
5.000000e-08	-4.870992e-03	-7.479473e-01
6.000000e-08	3.003540e-03	-1.021076e+00
7.000000e-08	-3.033098e-03	-1.343355e+00
8.000000e-08	2.584183e-03	-1.590100e+00
9.000000e-08	4.572627e-03	-1.790600e+00
1.000000e-07	4.742394e-02	-2.001126e+00
1.100000e-07	1.292680e-01	-2.346261e+00
1.200000e-07	-3.649751e-02	-2.755337e+00
1.300000e-07	-1.415069e-02	-3.147416e+00
1.400000e-07	-3.815502e-02	-3.380069e+00
1.500000e-07	-3.405805e-02	-3.589074e+00
1.600000e-07	-1.051085e-01	-3.859621e+00
1.700000e-07	1.319831e-01	-4.040100e+00
1.800000e-07	-2.542807e-02	-4.279175e+00
1.900000e-07	-3.794637e-02	-4.557490e+00
2.000000e-07	1.813806e-01	-4.778596e+00
2.100000e-07	-1.768053e-01	-5.145933e+00
2.200000e-07	1.503459e-01	-5.461204e+00
2.300000e-07	-1.038230e-01	-5.725280e+00
2.400000e-07	4.977553e-03	-6.008595e+00
2.500000e-07	1.263551e-01	-6.198596e+00
2.600000e-07	-1.050168e-01	-6.575360e+00
2.700000e-07	1.539064e-01	-6.787469e+00
2.800000e-07	-1.087149e-01	-7.050630e+00
2.900000e-07	6.549641e-02	-7.374961e+00
3.000000e-07	3.354313e-03	-7.546442e+00
3.100000e-07	-3.093890e-02	-7.901808e+00
3.200000e-07	1.203703e-01	-8.103829e+00
3.300000e-07	-9.471526e-02	-8.366487e+00
3.400000e-07	1.397155e-01	-8.609020e+00
3.500000e-07	-7.213246e-02	-8.871728e+00
3.600000e-07	3.772226e-02	-9.073352e+00
3.700000e-07	9.652737e-03	-9.300728e+00
3.800000e-07	2.944957e-03	-9.575465e+00
3.900000e-07	9.071756e-02	-9.734990e+00
4.000000e-07	-4.563851e-02	-9.996519e+00
4.100000e-07	9.744942e-02	-1.013687e+01
4.200000e-07	-5.585404e-02	-1.043915e+01
4.300000e-07	9.000416e-02	-1.058865e+01
4.400000e-07	-2.802350e-02	-1.081757e+01
4.500000e-07	5.384816e-02	-1.104815e+01
4.600000e-07	1.347611e-02	-1.123715e+01
4.700000e-07	3.469758e-02	-1.145020e+01
4.800000e-07	4.417264e-02	-1.162615e+01
4.900000e-07	2.408841e-03	-1.186975e+01
5.000000e-07	5.443228e-02	-1.203025e+01
5.100000e-07	6.236958e-03	-1.224017e+01
5.200000e-07	7.297956e-02	-1.239760e+01
5.300000e-07	2.918430e-03	-1.258754e+01
5.400000e-07	5.603456e-02	-1.273489e+01
5.500000e-07	1.141270e-02	-1.288433e+01
5.600000e-07	5.916998e-02	-1.304925e+01
5.700000e-07	2.735713e-02	-1.319707e+01
5.800000e-07	4.980514e-02	-1.334603e+01
5.900000e-07	3.936352e-02	-1.344972e+01
6.000000e-07	4.986753e-02	-1.363920e+01
6.100000e-07	4.937594e-02	-1.375444e+01
6.200000e-07	3.758184e-02	-1.391231e+01
6.300000e-07	4.750024e-02	-1.398652e+01
6.400000e-07	4.519323e-02	-1.414284e+01
6.500000e-07	6.429878e-02	-1.426182e+01
6.600000e-07	5.041638e-02	-1.436449e+01
6.700000e-07	6.162752e-02	-1.453136e+01
6.800000e-07	5.076550e-02	-1.456454e+01
6.900000e-07	7.040645e-02	-1.466073e+01
7.000000e-07	5.945302e-02	-1.475447e+01
7.100000e-07	6.768045e-02	-1.481870e+01
7.200000e-07	6.222941e-02	-1.490978e+01
7.300000e-07	7.494723e-02	-1.492406e+01
7.400000e-07	7.251973e-02	-1.503975e+01
7.500000e-07	7.360983e-02	-1.508076e+01
7.600000e-07	7.396648e-02	-1.514294e+01
7.700000e-07	8.211057e-02	-1.518755e+01
7.800000e-07	9.162155e-02	-1.524022e+01
7.900000e-07	9.001621e-02	-1.525923e+01
8.000000e-07	9.200506e-02	-1.527286e+01
8.100000e-07	9.128287e-02	-1.536546e+01
8.200000e-07	1.017910e-01	-1.536544e+01
8.300000e-07	1.035001e-01	-1.537601e+01
8.400000e-07	1.082385e-01	-1.533704e+01
8.500000e-07	1.111378e-01	-1.538652e+01
8.600000e-07	1.217089e-01	-1.541652e+01
8.700000e-07	1.288848e-01	-1.536399e+01
8.800000e-07	1.321336e-01	-1.537344e+01
8.900000e-07	1.368200e-01	-1.533444e+01
9.000000e-07	1.491571e-01	-1.529288e+01
9.100000e-07	1.665550e-01	-1.528176e+01
9.200000e-07	1.830875e-01	-1.526820e+01
9.300000e-07	2.003691e-01	-1.518752e+01
9.400000e-07	2.270865e-01	-1.516446e+01
9.500000e-07	2.489047e-01	-1.511286e+01
9.600000e-07	2.500000e-01	-1.504975e+01
9.700000e-07	2.500000e-01	-1.499711e+01
9.800000e-07	2.500000e-01	-1.490144e+01
9.900000e-07	2.500000e-01	-1.483920e+01
1.000000e-06	2.500000e-01	-1.477647e+01
1.010000e-06	2.500000e-01	-1.468133e+01
1.020000e-06	2.398787e-01	-1.459765e+01
1.030000e-06	2.087541e-01	-1.452336e+01
1.040000e-06	1.844881e-01	-1.441763e+01
1.050000e-06	1.618504e-01	-1.435285e+01
1.060000e-06	1.415191e-01	-1.416662e+01
1.070000e-06	1.244247e-01	-1.406025e+01
1.080000e-06	1.136575e-01	-1.393441e+01
1.090000e-06	1.020380e-01	-1.378965e+01
1.100000e-06	9.148978e-02	-1.370184e+01
1.110000e-06	8.181612e-02	-1.354291e+01
1.120000e-06	7.667858e-02	-1.340654e+01
1.130000e-06	7.219531e-02	-1.328128e+01
1.140000e-06	6.649238e-02	-1.309424e+01
1.150000e-06	5.873293e-02	-1.298699e+01
1.160000e-06	5.358236e-02	-1.280715e+01
1.170000e-06	5.205281e-02	-1.261972e+01
1.180000e-06	4.980410e-02	-1.250290e+01
1.190000e-06	4.512580e-02	-1.231392e+01
1.200000e-06	4.120834e-02	-1.215444e+01
1.210000e-06	3.946806e-02	-1.196649e+01
1.220000e-06	3.676239e-02	-1.175489e+01
1.230000e-06	3.455381e-02	-1.158604e+01
1.240000e-06	3.000160e-02	-1.135431e+01
1.250000e-06	3.025023e-02	-1.110147e+01
1.260000e-06	2.992992e-02	-1.091484e+01
1.270000e-06	2.916012e-02	-1.070641e+01
1.280000e-06	2.460239e-02	-1.057498e+01
1.290000e-06	2.310184e-02	-1.030237e+01
1.300000e-06	2.167474e-02	-1.010481e+01
1.310000e-06	2.222090e-02	-9.863208e+00
1.320000e-06	1.936635e-02	-9.662781e+00
1.330000e-06	1.778750e-02	-9.430602e+00
1.340000e-06	1.791330e-02	-9.178577e+00
1.350000e-06	1.771338e-02	-9.000020e+00
1.360000e-06	1.531288e-02	-8.755019e+00
1.370000e-06	1.291287e-02	-8.473810e+00
1.380000e-06	1.243828e-02	-8.262236e+00
1.390000e-06	1.245545e-02	-8.062706e+00
1.400000e-06	1.221778e-02	-7.777551e+00
1.410000e-06	9.834217e-03	-7.494816e+00
1.420000e-06	9.631923e-03	-7.263805e+00
1.430000e-06	6.698772e-03	-6.997600e+00
1.440000e-06	7.627630e-03	-6.736341e+00
1.450000e-06	4.801297e-03	-6.483289e+00
1.460000e-06	6.228068e-03	-6.230154e+00
1.470000e-06	3.986657e-03	-5.935420e+00
1.480000e-06	4.996548e-03	-5.683309e+00
1.490000e-06	3.769554e-03	-5.420504e+00
1.500000e-06	2.145064e-03	-5.085865e+00
1.510000e-06	1.716640e-04	-4.799574e+00
1.520000e-06	2.239907e-03	-4.504790e+00
1.530000e-06	6.609703e-04	-4.295264e+00
1.540000e-06	1.547061e-03	-4.081574e+00
1.550000e-06	-2.204770e-03	-3.704319e+00
1.560000e-06	-1.837049e-03	-3.483762e+00
1.570000e-06	-3.752594e-03	-3.180502e+00
1.580000e-06	-2.646083e-03	-2.904785e+00
1.590000e-06	-3.984169e-03	-2.641082e+00
1.600000e-06	-2.779950e-03	-2.375871e+00
1.610000e-06	-3.888621e-03	-2.053729e+00
1.620000e-06	-3.535321e-03	-1.769451e+00
1.630000e-06	-5.631445e-03	-1.505367e+00
1.640000e-06	-7.121878e-03	-1.158896e+00
1.650000e-06	-7.039462e-03	-8.756381e-01
1.660000e-06	-6.934303e-03	-6.089477e-01
1.670000e-06	-6.409786e-03	-3.163921e-01
1.680000e-06	-5.341890e-03	-8.065940e-02
1.690000e-06	6.829162e-03	2.521289e-01
1.700000e-06	1.234959e-03	4.857329e-01
1.710000e-06	3.125283e-03	7.268383e-01
1.720000e-06	-1.383835e-05	1.049629e+00
1.730000e-06	-6.720004e-04	1.283813e+00
1.740000e-06	-4.404542e-04	1.631100e+00
1.750000e-06	5.079170e-03	1.863663e+00
1.760000e-06	2.853425e-02	2.103284e+00
1.770000e-06	1.027733e-01	2.386470e+00
1.780000e-06	1.057153e-02	2.716362e+00
1.790000e-06	-5.034912e-02	3.029604e+00
1.800000e-06	-3.119116e-02	3.323713e+00
1.810000e-06	-3.134004e-02	3.589474e+00
1.820000e-06	-6.310847e-02	3.862128e+00
1.830000e-06	-6.363246e-02	4.008972e+00
1.840000e-06	1.018229e-01	4.303237e+00
1.850000e-06	-5.437394e-02	4.587523e+00
1.860000e-06	1.237248e-02	4.750023e+00
1.870000e-06	1.114320e-01	5.216895e+00
1.880000e-06	-1.359524e-01	5.460731e+00
1.890000e-06	6.699798e-02	5.712834e+00
1.900000e-06	-6.393791e-02	6.009546e+00
1.910000e-06	3.397874e-02	6.228628e+00
1.920000e-06	9.036121e-03	6.523816e+00
1.930000e-06	-5.283263e-02	6.829023e+00
1.940000e-06	3.809883e-02	7.041199e+00
1.950000e-06	-5.997482e-02	7.321811e+00
1.960000e-06	3.277150e-02	7.579042e+00
1.970000e-06	-6.716745e-02	7.890607e+00
1.980000e-06	1.732633e-02	8.144415e+00
1.990000e-06	1.125353e-02	8.357466e+00
2.000000e-06	-3.172452e-02	8.566444e+00
2.010000e-06	1.766034e-02	8.798024e+00
2.020000e-06	-7.023385e-02	9.060225e+00
2.030000e-06	3.389126e-03	9.271175e+00
2.040000e-06	-2.322623e-02	9.513808e+00
2.050000e-06	3.405991e-03	9.753386e+00
2.060000e-06	-3.373974e-02	9.965940e+00
2.070000e-06	-1.640006e-02	1.018692e+01
2.080000e-06	-4.583981e-03	1.037445e+01
2.090000e-06	-3.305880e-02	1.059654e+01
2.100000e-06	-2.244639e-02	1.077865e+01
2.110000e-06	-4.599639e-02	1.097702e+01
2.120000e-06	-7.276552e-03	1.121505e+01
2.130000e-06	-2.741179e-02	1.139715e+01
2.140000e-06	-2.007481e-02	1.158852e+01
2.150000e-06	-4.470761e-02	1.178753e+01
2.160000e-06	-2.655248e-02	1.200660e+01
2.170000e-06	-2.519916e-02	1.218709e+01
2.180000e-06	-2.952587e-02	1.243446e+01
2.190000e-06	-4.203222e-02	1.256439e+01
2.200000e-06	-4.530201e-02	1.271283e+01
2.210000e-06	-2.927447e-02	1.280815e+01
2.220000e-06	-3.684191e-02	1.300559e+01
2.230000e-06	-3.980462e-02	1.314389e+01
2.240000e-06	-5.113807e-02	1.329133e+01
2.250000e-06	-3.547228e-02	1.340867e+01
2.260000e-06	-4.064292e-02	1.361599e+01
2.270000e-06	-4.606541e-02	1.370278e+01
2.280000e-06	-6.212887e-02	1.387865e+01
2.290000e-06	-5.408922e-02	1.398552e+01
2.300000e-06	-4.851397e-02	1.412241e+01
2.310000e-06	-5.110810e-02	1.421727e+01
2.320000e-06	-6.047663e-02	1.434294e+01
2.330000e-06	-6.531983e-02	1.447075e+01
2.340000e-06	-5.608946e-02	1.456392e+01
2.350000e-06	-6.091927e-02	1.461605e+01
2.360000e-06	-6.625252e-02	1.468241e+01
2.370000e-06	-7.768793e-02	1.481810e+01
2.380000e-06	-7.067318e-02	1.486820e+01
2.390000e-06	-7.118223e-02	1.489341e+01
2.400000e-06	-7.775182e-02	1.496607e+01
2.410000e-06	-8.798175e-02	1.504773e+01
2.420000e-06	-9.016031e-02	1.510031e+01
2.430000e-06	-8.305095e-02	1.513386e+01
2.440000e-06	-8.823316e-02	1.520546e+01
2.450000e-06	-9.538537e-02	1.521762e+01
2.460000e-06	-1.038835e-01	1.524023e+01
2.470000e-06	-1.001481e-01	1.525126e+01
2.480000e-06	-1.043693e-01	1.529038e+01
2.490000e-06	-1.135975e-01	1.528033e+01
2.500000e-06	-1.219872e-01	1.534091e+01
2.510000e-06	-1.235706e-01	1.528234e+01
2.520000e-06	-1.228276e-01	1.530228e+01
2.530000e-06	-1.328727e-01	1.529088e+01
2.540000e-06	-1.461182e-01	1.530088e+01
2.550000e-06	-1.556912e-01	1.525025e+01
2.560000e-06	-1.611612e-01	1.524820e+01
2.570000e-06	-1.753285e-01	1.520702e+01
2.580000e-06	-1.969752e-01	1.512705e+01
2.590000e-06	-2.239325e-01	1.512239e+01
2.600000e-06	-2.429151e-01	1.505326e+01
2.610000e-06	-2.499999e-01	1.501773e+01
2.620000e-06	-2.500000e-01	1.500502e+01
2.630000e-06	-2.500000e-01	1.494389e+01
2.640000e-06	-2.500000e-01	1.482818e+01
2.650000e-06	-2.500000e-01	1.480699e+01
2.660000e-06	-2.500000e-01	1.467134e+01
2.670000e-06	-2.500000e-01	1.458772e+01
2.680000e-06	-2.408053e-01	1.454289e+01
2.690000e-06	-2.060336e-01	1.443775e+01
2.700000e-06	-1.798424e-01	1.429034e+01
2.710000e-06	-1.615946e-01	1.419860e+01
2.720000e-06	-1.492161e-01	1.408081e+01
2.730000e-06	-1.303026e-01	1.392404e+01
2.740000e-06	-1.166928e-01	1.383825e+01
2.750000e-06	-1.048471e-01	1.371031e+01
2.760000e-06	-1.025370e-01	1.358595e+01
2.770000e-06	-9.330868e-02	1.342868e+01
2.780000e-06	-8.416614e-02	1.328333e+01
2.790000e-06	-7.483382e-02	1.311397e+01
2.800000e-06	-7.548687e-02	1.296669e+01
2.810000e-06	-7.099691e-02	1.285878e+01
2.820000e-06	-6.691111e-02	1.266236e+01
2.830000e-06	-5.876625e-02	1.250489e+01
2.840000e-06	-5.857820e-02	1.234600e+01
2.850000e-06	-5.816972e-02	1.216714e+01
2.860000e-06	-5.457004e-02	1.201910e+01
2.870000e-06	-4.805924e-02	1.185020e+01
2.880000e-06	-4.549517e-02	1.161015e+01
2.890000e-06	-4.783128e-02	1.140918e+01
2.900000e-06	-4.670290e-02	1.119060e+01
2.910000e-06	-4.307510e-02	1.100860e+01
2.920000e-06	-3.829432e-02	1.085171e+01
2.930000e-06	-3.965359e-02	1.060863e+01
2.940000e-06	-3.951312e-02	1.042815e+01
2.950000e-06	-3.794109e-02	1.019860e+01
2.960000e-06	-3.400020e-02	9.968499e+00
2.970000e-06	-3.287240e-02	9.754390e+00
2.980000e-06	-3.510412e-02	9.493389e+00
2.990000e-06	-3.478567e-02	9.324995e+00
3.000000e-06	-2.977297e-02	9.074762e+00
3.010000e-06	-2.838806e-02	8.882706e+00
3.020000e-06	-2.965947e-02	8.618577e+00
3.030000e-06	-3.021308e-02	8.420527e+00
3.040000e-06	-2.791159e-02	8.165018e+00
3.050000e-06	-2.393689e-02	7.893790e+00
3.060000e-06	-2.556409e-02	7.662131e+00
3.070000e-06	-2.636230e-02	7.360048e+00
3.080000e-06	-2.443585e-02	7.074841e+00
3.090000e-06	-2.203552e-02	6.884286e+00
3.100000e-06	-2.224017e-02	6.617548e+00
3.110000e-06	-2.414425e-02	6.315368e+00
3.120000e-06	-2.273020e-02	6.104785e+00
3.130000e-06	-2.054711e-02	5.850632e+00
3.140000e-06	-1.922002e-02	5.557419e+00
3.150000e-06	-1.904613e-02	5.313216e+00
3.160000e-06	-2.064662e-02	4.987525e+00
3.170000e-06	-1.941890e-02	4.692158e+00
3.180000e-06	-1.761993e-02	4.420078e+00
3.190000e-06	-1.702869e-02	4.095791e+00
3.200000e-06	-1.841823e-02	3.831734e+00
3.210000e-06	-1.714076e-02	3.609474e+00
3.220000e-06	-1.572463e-02	3.305340e+00
3.230000e-06	-1.423505e-02	3.021632e+00
3.240000e-06	-1.549734e-02	2.768974e+00
3.250000e-06	-1.467933e-02	2.441788e+00
3.260000e-06	-1.408967e-02	2.178947e+00
3.270000e-06	-1.220391e-02	1.967292e+00
3.280000e-06	-1.293865e-02	1.640633e+00
3.290000e-06	-1.328718e-02	1.350368e+00
3.300000e-06	-1.239880e-02	1.023958e+00
3.310000e-06	-1.136334e-02	6.967936e-01
3.320000e-06	-1.045049e-02	4.431818e-01
3.330000e-06	-9.652679e-03	1.478727e-01
3.340000e-06	-7.155373e-03	-1.078592e-01
3.350000e-06	7.021776e-03	-3.674196e-01
3.360000e-06	-2.022630e-03	-6.822788e-01
3.370000e-06	3.113653e-03	-9.344094e-01
3.380000e-06	-3.405219e-03	-1.178396e+00
3.390000e-06	2.246938e-03	-1.535286e+00
3.400000e-06	-6.402666e-04	-1.756865e+00
3.410000e-06	2.771002e-02	-1.957890e+00
3.420000e-06	1.093440e-01	-2.188949e+00
3.430000e-06	3.873889e-02	-2.598049e+00
3.440000e-06	-5.107483e-02	-3.009546e+00
3.450000e-06	-5.043750e-03	-3.334313e+00
3.460000e-06	-4.589128e-02	-3.515316e+00
3.470000e-06	-7.582697e-02	-3.765442e+00
3.480000e-06	4.620610e-03	-3.957995e+00
3.490000e-06	1.334297e-01	-4.144812e+00
3.500000e-06	-1.642425e-01	-4.441624e+00
3.510000e-06	1.951170e-01	-4.773308e+00
3.520000e-06	-9.090216e-02	-4.969017e+00
3.530000e-06	1.628405e-02	-5.383363e+00
3.540000e-06	6.262484e-02	-5.597942e+00
3.550000e-06	-1.520302e-01	-5.904283e+00
3.560000e-06	1.894228e-01	-6.073808e+00
3.570000e-06	-9.940251e-02	-6.419068e+00
3.580000e-06	9.273141e-02	-6.683757e+00
3.590000e-06	5.539791e-03	-6.893314e+00
3.600000e-06	-5.594951e-02	-7.272230e+00
3.610000e-06	1.072263e-01	-7.511279e+00
3.620000e-06	-1.061272e-01	-7.775486e+00
3.630000e-06	1.364656e-01	-8.060145e+00
3.640000e-06	-5.715994e-02	-8.280728e+00
3.650000e-06	5.528610e-02	-8.533307e+00
3.660000e-06	4.519966e-02	-8.755937e+00
3.670000e-06	-6.640693e-02	-9.018145e+00
3.680000e-06	9.280526e-02	-9.207547e+00
3.690000e-06	-6.989794e-02	-9.439600e+00
3.700000e-06	1.259054e-01	-9.711303e+00
3.710000e-06	-4.690054e-02	-9.871682e+00
3.720000e-06	7.787832e-02	-1.012133e+01
3.730000e-06	-1.252418e-02	-1.034491e+01
3.740000e-06	2.912964e-02	-1.056589e+01
3.750000e-06	3.903135e-02	-1.073391e+01
3.760000e-06	-1.053238e-02	-1.095249e+01
3.770000e-06	6.859567e-02	-1.116446e+01
3.780000e-06	-1.552409e-02	-1.137303e+01
3.790000e-06	8.262620e-02	-1.155547e+01
3.800000e-06	-1.843883e-02	-1.175707e+01
3.810000e-06	6.433483e-02	-1.199702e+01
3.820000e-06	1.346010e-03	-1.214443e+01
3.830000e-06	6.412926e-02	-1.237446e+01
3.840000e-06	2.078980e-02	-1.246281e+01
3.850000e-06	3.653933e-02	-1.271025e+01
3.860000e-06	3.123471e-02	-1.283865e+01
3.870000e-06	3.464929e-02	-1.300704e+01
3.880000e-06	5.127941e-02	-1.312388e+01
3.890000e-06	2.856428e-02	-1.325223e+01
3.900000e-06	5.630893e-02	-1.343717e+01
3.910000e-06	3.208832e-02	-1.356597e+01
3.920000e-06	6.327235e-02	-1.369188e+01
3.930000e-06	3.026089e-02	-1.386022e+01
3.940000e-06	5.294718e-02	-1.397601e+01
3.950000e-06	3.728946e-02	-1.409930e+01
3.960000e-06	6.390509e-02	-1.424767e+01
3.970000e-06	5.118350e-02	-1.436341e+01
3.980000e-06	5.945315e-02	-1.444965e+01
3.990000e-06	5.164677e-02	-1.453399e+01
4.000000e-06	6.386655e-02	-1.460872e+01
4.010000e-06	6.469405e-02	-1.474331e+01
4.020000e-06	6.259459e-02	-1.477652e+01
4.030000e-06	6.631750e-02	-1.485978e+01
4.040000e-06	6.776227e-02	-1.496336e+01
4.050000e-06	7.784396e-02	-1.502714e+01
4.060000e-06	6.942428e-02	-1.505873e+01
4.070000e-06	7.684195e-02	-1.512038e+01
4.080000e-06	7.534952e-02	-1.515494e+01
4.090000e-06	9.074844e-02	-1.522915e+01
4.100000e-06	8.772092e-02	-1.525073e+01
4.110000e-06	9.206117e-02	-1.527235e+01
4.120000e-06	9.019180e-02	-1.529290e+01
4.130000e-06	9.942059e-02	-1.533391e+01
4.140000e-06	1.020418e-01	-1.538454e+01
4.150000e-06	1.049644e-01	-1.539509e+01
4.160000e-06	1.101259e-01	-1.539504e+01
4.170000e-06	1.168935e-01	-1.540562e+01
4.180000e-06	1.256773e-01	-1.534554e+01
4.190000e-06	1.301189e-01	-1.534404e+01
4.200000e-06	1.352785e-01	-1.531448e+01
4.210000e-06	1.474502e-01	-1.534488e+01
4.220000e-06	1.603966e-01	-1.529143e+01
4.230000e-06	1.758368e-01	-1.527120e+01
4.240000e-06	1.908873e-01	-1.521762e+01
4.250000e-06	2.143004e-01	-1.516601e+01
4.260000e-06	2.409885e-01	-1.509196e+01
4.270000e-06	2.499999e-01	-1.509127e+01
4.280000e-06	2.500000e-01	-1.500727e+01
4.290000e-06	2.500000e-01	-1.498496e+01
4.300000e-06	2.500000e-01	-1.489028e+01
4.310000e-06	2.500000e-01	-1.482762e+01
4.320000e-06	2.500000e-01	-1.471386e+01
4.330000e-06	2.458369e-01	-1.463968e+01
4.340000e-06	2.198701e-01	-1.455544e+01
4.350000e-06	1.934535e-01	-1.446123e+01
4.360000e-06	1.698875e-01	-1.434394e+01
4.370000e-06	1.484663e-01	-1.425917e+01
4.380000e-06	1.320462e-01	-1.414288e+01
4.390000e-06	1.173556e-01	-1.403650e+01
4.400000e-06	1.066572e-01	-1.383026e+01
4.410000e-06	9.343963e-02	-1.372639e+01
4.420000e-06	8.414205e-02	-1.359854e+01
4.430000e-06	8.098720e-02	-1.347823e+01
4.440000e-06	7.513497e-02	-1.332193e+01
4.450000e-06	6.975920e-02	-1.317505e+01
4.460000e-06	5.869241e-02	-1.301860e+01
4.470000e-06	5.440639e-02	-1.286331e+01
4.480000e-06	5.198653e-02	-1.270389e+01
4.490000e-06	5.039971e-02	-1.254442e+01
4.500000e-06	4.769820e-02	-1.238762e+01
4.510000e-06	4.270599e-02	-1.218815e+01
4.520000e-06	4.337382e-02	-1.200962e+01
4.530000e-06	3.896093e-02	-1.183919e+01
4.540000e-06	3.427484e-02	-1.165870e+01
4.550000e-06	2.911106e-02	-1.140768e+01
4.560000e-06	2.769346e-02	-1.116805e+01
4.570000e-06	2.960344e-02	-1.100652e+01
4.580000e-06	2.882346e-02	-1.081805e+01
4.590000e-06	2.741603e-02	-1.065010e+01
4.600000e-06	2.434731e-02	-1.039015e+01
4.610000e-06	2.371704e-02	-1.018657e+01
4.620000e-06	2.220135e-02	-9.956920e+00
4.630000e-06	1.893558e-02	-9.746443e+00
4.640000e-06	1.621513e-02	-9.494390e+00
4.650000e-06	1.536424e-02	-9.303336e+00
4.660000e-06	1.812554e-02	-9.051081e+00
4.670000e-06	1.650875e-02	-8.852211e+00
4.680000e-06	1.461137e-02	-8.618622e+00
4.690000e-06	1.182356e-02	-8.377019e+00
4.700000e-06	1.283685e-02	-8.166491e+00
4.710000e-06	1.141370e-02	-7.893264e+00
4.720000e-06	1.045727e-02	-7.611552e+00
4.730000e-06	7.027184e-03	-7.354943e+00
4.740000e-06	8.566723e-03	-7.062735e+00
4.750000e-06	6.865867e-03	-6.870181e+00
4.760000e-06	7.183718e-03	-6.566524e+00
4.770000e-06	4.358165e-03	-6.305390e+00
4.780000e-06	5.585237e-03	-6.071157e+00
4.790000e-06	3.627228e-03	-5.819099e+00
4.800000e-06	4.953379e-03	-5.555365e+00
4.810000e-06	1.004955e-03	-5.212106e+00
4.820000e-06	1.676727e-03	-4.933389e+00
4.830000e-06	3.224046e-04	-4.631573e+00
4.840000e-06	2.324513e-03	-4.378948e+00
4.850000e-06	1.082004e-03	-4.117867e+00
4.860000e-06	-2.656751e-03	-3.869188e+00
4.870000e-06	-2.040054e-03	-3.587996e+00
4.880000e-06	-3.742923e-03	-3.295792e+00
4.890000e-06	-1.878431e-03	-3.010581e+00
4.900000e-06	-3.696098e-03	-2.726317e+00
4.910000e-06	-2.730461e-03	-2.473660e+00
4.920000e-06	-3.686697e-03	-2.157923e+00
4.930000e-06	-1.543095e-03	-1.893736e+00
4.940000e-06	-5.937578e-03	-1.611581e+00
4.950000e-06	-6.077616e-03	-1.305189e+00
4.960000e-06	-7.832701e-03	-1.009546e+00
4.970000e-06	-6.332231e-03	-7.327884e-01
4.980000e-06	-6.203468e-03	-3.795578e-01
4.990000e-06	-6.080292e-03	-1.763923e-01
5.000000e-06	7.382071e-04	9.573415e-02
5.010000e-06	8.321789e-03	3.920237e-01
5.020000e-06	3.076662e-05	6.726815e-01
5.030000e-06	4.639539e-03	8.952128e-01
5.040000e-06	-4.238314e-03	1.229077e+00
5.050000e-06	8.043730e-04	1.514212e+00
5.060000e-06	-2.580745e-03	1.808970e+00
5.070000e-06	1.941464e-02	1.999499e+00
5.080000e-06	7.143075e-02	2.290153e+00
5.090000e-06	7.888646e-02	2.597523e+00
5.100000e-06	-5.959250e-02	2.924788e+00
5.110000e-06	-2.366444e-02	3.207920e+00
5.120000e-06	-4.218552e-02	3.484236e+00
5.130000e-06	-3.319275e-02	3.704889e+00
5.140000e-06	-8.959851e-02	3.945791e+00
5.150000e-06	4.083000e-02	4.156970e+00
5.160000e-06	5.870252e-02	4.504207e+00
5.170000e-06	-1.061438e-01	4.735285e+00
5.180000e-06	1.760783e-01	4.978478e+00
5.190000e-06	-1.099742e-01	5.365892e+00
5.200000e-06	8.283262e-03	5.597924e+00
5.210000e-06	-2.080856e-03	5.913711e+00
5.220000e-06	-3.480635e-02	6.124939e+00
5.230000e-06	6.200977e-02	6.417471e+00
5.240000e-06	-6.978487e-02	6.745659e+00
5.250000e-06	3.221635e-02	6.954391e+00
5.260000e-06	-3.812525e-02	7.227570e+00
5.270000e-06	1.894007e-03	7.502282e+00
5.280000e-06	-2.142820e-02	7.816915e+00
5.290000e-06	-3.433448e-02	8.020101e+00
5.300000e-06	3.904285e-02	8.333783e+00
5.310000e-06	-3.702117e-02	8.503832e+00
5.320000e-06	1.038022e-02	8.734310e+00
5.330000e-06	-3.593260e-02	8.983940e+00
5.340000e-06	-3.918594e-02	9.186919e+00
5.350000e-06	6.854138e-03	9.439048e+00
5.360000e-06	-2.303412e-02	9.658653e+00
5.370000e-06	-2.899138e-03	9.850757e+00
5.380000e-06	-4.174274e-02	1.011278e+01
5.390000e-06	4.963862e-03	1.031379e+01
5.400000e-06	-2.945128e-02	1.055393e+01
5.410000e-06	-2.293792e-02	1.070129e+01
5.420000e-06	-3.387142e-02	1.093341e+01
5.430000e-06	-2.938862e-02	1.111539e+01
5.440000e-06	-9.956586e-03	1.132403e+01
5.450000e-06	-3.409953e-02	1.152341e+01
5.460000e-06	-2.807965e-02	1.175438e+01
5.470000e-06	-4.338385e-02	1.191429e+01
5.480000e-06	-1.765093e-02	1.210238e+01
5.490000e-06	-2.933599e-02	1.229136e+01
5.500000e-06	-3.279578e-02	1.245225e+01
5.510000e-06	-4.525720e-02	1.261910e+01
5.520000e-06	-3.609164e-02	1.280647e+01
5.530000e-06	-3.230461e-02	1.288486e+01
5.540000e-06	-4.225155e-02	1.310075e+01
5.550000e-06	-4.639372e-02	1.320023e+01
5.560000e-06	-4.461081e-02	1.338666e+01
5.570000e-06	-3.453423e-02	1.353281e+01
5.580000e-06	-4.354252e-02	1.361928e+01
5.590000e-06	-5.420357e-02	1.377401e+01
5.600000e-06	-5.705721e-02	1.391243e+01
5.610000e-06	-5.110480e-02	1.408125e+01
5.620000e-06	-4.907047e-02	1.420457e+01
5.630000e-06	-5.811504e-02	1.430193e+01
5.640000e-06	-6.457935e-02	1.440804e+01
5.650000e-06	-6.053662e-02	1.448381e+01
5.660000e-06	-5.816376e-02	1.456559e+01
5.670000e-06	-6.292010e-02	1.472378e+01
5.680000e-06	-7.269094e-02	1.475652e+01
5.690000e-06	-7.243882e-02	1.483765e+01
5.700000e-06	-7.010508e-02	1.490323e+01
5.710000e-06	-7.260339e-02	1.493449e+01
5.720000e-06	-8.462872e-02	1.502670e+01
5.730000e-06	-9.041908e-02	1.505026e+01
5.740000e-06	-8.752318e-02	1.509179e+01
5.750000e-06	-8.459797e-02	1.518394e+01
5.760000e-06	-9.138742e-02	1.517710e+01
5.770000e-06	-1.011971e-01	1.521718e+01
5.780000e-06	-1.012828e-01	1.526678e+01
5.790000e-06	-1.024780e-01	1.527985e+01
5.800000e-06	-1.079260e-01	1.526135e+01
5.810000e-06	-1.202316e-01	1.532198e+01
5.820000e-06	-1.223367e-01	1.530238e+01
5.830000e-06	-1.240215e-01	1.530241e+01
5.840000e-06	-1.274742e-01	1.533036e+01
5.850000e-06	-1.412656e-01	1.531243e+01
5.860000e-06	-1.529539e-01	1.528878e+01
5.870000e-06	-1.592320e-01	1.523870e+01
5.880000e-06	-1.686849e-01	1.523707e+01
5.890000e-06	-1.863688e-01	1.521662e+01
5.900000e-06	-2.132376e-01	1.513289e+01
5.910000e-06	-2.375786e-01	1.509189e+01
5.920000e-06	-2.499976e-01	1.506923e+01
5.930000e-06	-2.500000e-01	1.501805e+01
5.940000e-06	-2.500000e-01	1.492489e+01
5.950000e-06	-2.500000e-01	1.484080e+01
5.960000e-06	-2.500000e-01	1.481850e+01
5.970000e-06	-2.500000e-01	1.474441e+01
5.980000e-06	-2.500000e-01	1.464923e+01
5.990000e-06	-2.475329e-01	1.452349e+01
6.000000e-06	-2.200134e-01	1.443035e+01
6.010000e-06	-1.901529e-01	1.436551e+01
6.020000e-06	-1.674544e-01	1.425870e+01
6.030000e-06	-1.531960e-01	1.409244e+01
6.040000e-06	-1.370129e-01	1.395855e+01
6.050000e-06	-1.214553e-01	1.391081e+01
6.060000e-06	-1.086872e-01	1.373449e+01
6.070000e-06	-1.041291e-01	1.363815e+01
6.080000e-06	-9.724289e-02	1.347178e+01
6.090000e-06	-8.742993e-02	1.334542e+01
6.100000e-06	-7.765484e-02	1.321855e+01
6.110000e-06	-7.590010e-02	1.306881e+01
6.120000e-06	-7.273442e-02	1.291131e+01
6.130000e-06	-6.938434e-02	1.274447e+01
6.140000e-06	-5.996286e-02	1.260652e+01
6.150000e-06	-6.005761e-02	1.244970e+01
6.160000e-06	-5.554581e-02	1.225023e+01
6.170000e-06	-5.693740e-02	1.209081e+01
6.180000e-06	-4.936436e-02	1.188383e+01
6.190000e-06	-4.788153e-02	1.172386e+01
6.200000e-06	-4.631686e-02	1.149284e+01
6.210000e-06	-4.850251e-02	1.128273e+01
6.220000e-06	-4.430025e-02	1.107128e+01
6.230000e-06	-4.020661e-02	1.092386e+01
6.240000e-06	-3.915727e-02	1.072533e+01
6.250000e-06	-3.965914e-02	1.053189e+01
6.260000e-06	-3.892663e-02	1.027226e+01
6.270000e-06	-3.465692e-02	1.008226e+01
6.280000e-06	-3.409830e-02	9.808702e+00
6.290000e-06	-3.396462e-02	9.649052e+00
6.300000e-06	-3.463858e-02	9.398023e+00
6.310000e-06	-3.113147e-02	9.187498e+00
6.320000e-06	-2.955076e-02	8.983965e+00
6.330000e-06	-2.855273e-02	8.692289e+00
6.340000e-06	-2.951147e-02	8.522838e+00
6.350000e-06	-2.746229e-02	8.261152e+00
6.360000e-06	-2.679828e-02	8.017924e+00
6.370000e-06	-2.560101e-02	7.745345e+00
6.380000e-06	-2.649073e-02	7.470232e+00
6.390000e-06	-2.539701e-02	7.208178e+00
6.400000e-06	-2.377319e-02	6.955995e+00
6.410000e-06	-2.149437e-02	6.694862e+00
6.420000e-06	-2.315661e-02	6.442629e+00
6.430000e-06	-2.257125e-02	6.198549e+00
6.440000e-06	-2.150895e-02	5.976365e+00
6.450000e-06	-1.998615e-02	5.651211e+00
6.460000e-06	-1.966305e-02	5.409550e+00
6.470000e-06	-2.018816e-02	5.122760e+00
6.480000e-06	-1.923651e-02	4.788020e+00
6.490000e-06	-1.842229e-02	4.494810e+00
6.500000e-06	-1.744283e-02	4.220153e+00
6.510000e-06	-1.776720e-02	3.977446e+00
6.520000e-06	-1.824765e-02	3.663786e+00
6.530000e-06	-1.616898e-02	3.391582e+00
6.540000e-06	-1.358670e-02	3.113868e+00
6.550000e-06	-1.606783e-02	2.863609e+00
6.560000e-06	-1.713713e-02	2.566995e+00
6.570000e-06	-1.599914e-02	2.293164e+00
6.580000e-06	-1.241301e-02	2.021157e+00
6.590000e-06	-1.250997e-02	1.728347e+00
6.600000e-06	-1.275479e-02	1.442559e+00
6.610000e-06	-1.276587e-02	1.158391e+00
6.620000e-06	-1.052981e-02	8.201527e-01
6.630000e-06	-1.070814e-02	5.658175e-01
6.640000e-06	-1.098069e-02	3.032357e-01
6.650000e-06	-8.921531e-03	-3.100262e-02
6.660000e-06	1.384190e-03	-2.828090e-01
6.670000e-06	4.079637e-03	-5.263918e-01
6.680000e-06	-1.779461e-03	-8.325540e-01
6.690000e-06	5.960662e-04	-1.103305e+00
6.700000e-06	-1.715770e-03	-1.389395e+00
6.710000e-06	1.193454e-03	-1.621053e+00
6.720000e-06	1.200350e-02	-1.892704e+00
6.730000e-06	6.894870e-02	-2.122734e+00
6.740000e-06	1.099193e-01	-2.440103e+00
6.750000e-06	-6.017419e-02	-2.842128e+00
6.760000e-06	1.072092e-03	-3.240068e+00
6.770000e-06	-4.932231e-02	-3.471183e+00
6.780000e-06	-4.079587e-02	-3.650575e+00
6.790000e-06	-9.052843e-02	-3.913757e+00
6.800000e-06	1.773929e-01	-4.053207e+00
6.810000e-06	-1.200780e-01	-4.336336e+00
6.820000e-06	7.528639e-02	-4.671625e+00
6.830000e-06	9.652568e-02	-4.841151e+00
6.840000e-06	-1.441793e-01	-5.220076e+00
6.850000e-06	1.691807e-01	-5.512185e+00
6.860000e-06	-1.773341e-01	-5.807018e+00
6.870000e-06	1.046511e-01	-6.070175e+00
6.880000e-06	2.913157e-02	-6.282257e+00
6.890000e-06	-4.347520e-02	-6.638572e+00
6.900000e-06	1.284483e-01	-6.830749e+00
6.910000e-06	-1.286891e-01	-7.133285e+00
6.920000e-06	1.183975e-01	-7.399020e+00
6.930000e-06	-6.665273e-02	-7.660099e+00
6.940000e-06	4.716139e-02	-7.996467e+00
6.950000e-06	5.893968e-02	-8.166340e+00
6.960000e-06	-5.791985e-02	-8.419649e+00
6.970000e-06	1.359572e-01	-8.658702e+00
6.980000e-06	-1.063923e-01	-8.944333e+00
6.990000e-06	8.859390e-02	-9.144762e+00
7.000000e-06	-4.319956e-02	-9.332937e+00
7.010000e-06	6.848895e-02	-9.578545e+00
7.020000e-06	3.587754e-02	-9.838545e+00
7.030000e-06	-2.087555e-03	-1.002813e+01
7.040000e-06	6.569158e-02	-1.021670e+01
7.050000e-06	-4.302043e-02	-1.051175e+01
7.060000e-06	8.981480e-02	-1.069115e+01
7.070000e-06	-4.345919e-02	-1.084080e+01
7.080000e-06	7.904807e-02	-1.109021e+01
7.090000e-06	-1.325288e-02	-1.131925e+01
7.100000e-06	7.030532e-02	-1.149138e+01
7.110000e-06	1.244570e-02	-1.170073e+01
7.120000e-06	3.120845e-02	-1.191231e+01
7.130000e-06	2.980352e-02	-1.210228e+01
7.140000e-06	2.563965e-02	-1.231128e+01
7.150000e-06	5.647937e-02	-1.242963e+01
7.160000e-06	7.677620e-03	-1.263717e+01
7.170000e-06	5.358431e-02	-1.278644e+01
7.180000e-06	1.375160e-02	-1.293343e+01
7.190000e-06	6.797195e-02	-1.307233e+01
7.200000e-06	2.449075e-02	-1.321760e+01
7.210000e-06	5.833770e-02	-1.336504e+01
7.220000e-06	3.201105e-02	-1.351233e+01
7.230000e-06	5.521500e-02	-1.367120e+01
7.240000e-06	3.859071e-02	-1.377855e+01
7.250000e-06	4.131409e-02	-1.392241e+01
7.260000e-06	4.238872e-02	-1.399982e+01
7.270000e-06	5.260239e-02	-1.420299e+01
7.280000e-06	6.261979e-02	-1.433082e+01
7.290000e-06	5.467996e-02	-1.440764e+01
7.300000e-06	5.985766e-02	-1.451241e+01
7.310000e-06	5.394134e-02	-1.461562e+01
7.320000e-06	6.875188e-02	-1.467176e+01
7.330000e-06	5.749254e-02	-1.474549e+01
7.340000e-06	6.744566e-02	-1.482868e+01
7.350000e-06	6.131449e-02	-1.491133e+01
7.360000e-06	7.727879e-02	-1.495662e+01
7.370000e-06	7.147280e-02	-1.505075e+01
7.380000e-06	7.703129e-02	-1.511136e+01
7.390000e-06	7.562932e-02	-1.515396e+01
7.400000e-06	8.647241e-02	-1.517660e+01
7.410000e-06	8.986049e-02	-1.524010e+01
7.420000e-06	8.869789e-02	-1.529125e+01
7.430000e-06	8.999895e-02	-1.530231e+01
7.440000e-06	9.122726e-02	-1.536348e+01
7.450000e-06	1.021426e-01	-1.535451e+01
7.460000e-06	1.042549e-01	-1.538710e+01
7.470000e-06	1.107043e-01	-1.539557e+01
7.480000e-06	1.143051e-01	-1.536557e+01
7.490000e-06	1.250760e-01	-1.539614e+01
7.500000e-06	1.295357e-01	-1.534557e+01
7.510000e-06	1.325013e-01	-1.538544e+01
7.520000e-06	1.389585e-01	-1.535343e+01
7.530000e-06	1.525776e-01	-1.531188e+01
7.540000e-06	1.697255e-01	-1.526073e+01
7.550000e-06	1.866729e-01	-1.522760e+01
7.560000e-06	2.066647e-01	-1.520549e+01
7.570000e-06	2.340360e-01	-1.514441e+01
7.580000e-06	2.499631e-01	-1.511031e+01
7.590000e-06	2.500000e-01	-1.504922e+01
7.600000e-06	2.500000e-01	-1.498511e+01
7.610000e-06	2.500000e-01	-1.489943e+01
7.620000e-06	2.500000e-01	-1.483717e+01
7.630000e-06	2.500000e-01	-1.474491e+01
7.640000e-06	2.494000e-01	-1.467171e+01
7.650000e-06	2.328877e-01	-1.461652e+01
7.660000e-06	2.032745e-01	-1.449288e+01
7.670000e-06	1.801760e-01	-1.435748e+01
7.680000e-06	1.582522e-01	-1.427023e+01
7.690000e-06	1.380864e-01	-1.417599e+01
7.700000e-06	1.223449e-01	-1.404710e+01
7.710000e-06	1.100880e-01	-1.388339e+01
7.720000e-06	9.883590e-02	-1.376512e+01
7.730000e-06	8.795724e-02	-1.367113e+01
7.740000e-06	8.019081e-02	-1.349291e+01
7.750000e-06	7.505244e-02	-1.336547e+01
7.760000e-06	7.145835e-02	-1.323815e+01
7.770000e-06	6.592186e-02	-1.309076e+01
7.780000e-06	5.744951e-02	-1.295549e+01
7.790000e-06	5.385858e-02	-1.280610e+01
7.800000e-06	5.119059e-02	-1.257762e+01
7.810000e-06	4.906032e-02	-1.248081e+01
7.820000e-06	4.226894e-02	-1.224033e+01
7.830000e-06	4.014032e-02	-1.211381e+01
7.840000e-06	3.892719e-02	-1.190138e+01
7.850000e-06	3.782379e-02	-1.172294e+01
7.860000e-06	3.376228e-02	-1.149178e+01
7.870000e-06	3.019034e-02	-1.128080e+01
7.880000e-06	2.854657e-02	-1.107076e+01
7.890000e-06	2.973296e-02	-1.087076e+01
7.900000e-06	2.759821e-02	-1.068481e+01
7.910000e-06	2.406767e-02	-1.051384e+01
7.920000e-06	2.165629e-02	-1.026081e+01
7.930000e-06	2.232787e-02	-1.005815e+01
7.940000e-06	2.102701e-02	-9.810108e+00
7.950000e-06	1.845119e-02	-9.629026e+00
7.960000e-06	1.746820e-02	-9.377072e+00
7.970000e-06	1.787340e-02	-9.117495e+00
7.980000e-06	1.714239e-02	-8.925492e+00
7.990000e-06	1.437658e-02	-8.693784e+00
8.000000e-06	1.145933e-02	-8.440778e+00
8.010000e-06	1.083046e-02	-8.250077e+00
8.020000e-06	1.161986e-02	-7.999019e+00
8.030000e-06	1.137576e-02	-7.745862e+00
8.040000e-06	8.968694e-03	-7.450204e+00
8.050000e-06	8.247203e-03	-7.236946e+00
8.060000e-06	7.443525e-03	-6.943991e+00
8.070000e-06	8.085964e-03	-6.662711e+00
8.080000e-06	3.981946e-03	-6.432607e+00
8.090000e-06	4.588597e-03	-6.165866e+00
8.100000e-06	2.692485e-03	-5.893787e+00
8.110000e-06	5.977978e-03	-5.650010e+00
8.120000e-06	2.586167e-03	-5.345541e+00
8.130000e-06	2.044960e-03	-5.030579e+00
8.140000e-06	7.026955e-05	-4.715417e+00
8.150000e-06	3.593367e-03	-4.463657e+00
8.160000e-06	4.546368e-04	-4.210602e+00
8.170000e-06	-1.019318e-04	-3.989445e+00
8.180000e-06	-2.582361e-03	-3.693131e+00
8.190000e-06	-1.893726e-03	-3.401550e+00
8.200000e-06	-2.940885e-03	-3.166367e+00
8.210000e-06	-3.183511e-03	-2.811603e+00
8.220000e-06	-3.742313e-03	-2.568395e+00
8.230000e-06	-2.527494e-03	-2.324315e+00
8.240000e-06	-2.594945e-03	-1.998995e+00
8.250000e-06	-3.794480e-03	-1.736443e+00
8.260000e-06	-5.668095e-03	-1.403554e+00
8.270000e-06	-8.023415e-03	-1.087265e+00
8.280000e-06	-6.341827e-03	-8.000765e-01
8.290000e-06	-6.917013e-03	-5.082645e-01
8.300000e-06	-6.138310e-03	-2.726592e-01
8.310000e-06	-3.570757e-03	1.842375e-02
8.320000e-06	1.082504e-02	3.042580e-01
8.330000e-06	-2.923492e-05	5.973396e-01
8.340000e-06	5.441654e-03	7.889449e-01
8.350000e-06	-3.418408e-03	1.104238e+00
8.360000e-06	9.091727e-04	1.357948e+00
8.370000e-06	-3.079052e-03	1.743737e+00
8.380000e-06	1.110926e-02	1.925764e+00
8.390000e-06	4.040945e-02	2.177368e+00
8.400000e-06	1.094265e-01	2.430629e+00
8.410000e-06	-2.939166e-02	2.798970e+00
8.420000e-06	-3.519189e-02	3.083809e+00
8.430000e-06	-3.756791e-02	3.375994e+00
8.440000e-06	-2.441268e-02	3.640656e+00
8.450000e-06	-8.146184e-02	3.861155e+00
8.460000e-06	-2.963103e-02	4.080582e+00
8.470000e-06	1.139249e-01	4.367516e+00
8.480000e-06	-1.114953e-01	4.662679e+00
8.490000e-06	1.020154e-01	4.881232e+00
8.500000e-06	2.107911e-02	5.281151e+00
8.510000e-06	-9.329621e-02	5.523837e+00
8.520000e-06	6.142458e-02	5.767900e+00
8.530000e-06	-7.558153e-02	6.071680e+00
8.540000e-06	6.337284e-02	6.252257e+00
8.550000e-06	-3.200112e-02	6.598014e+00
8.560000e-06	-1.975345e-02	6.841104e+00
8.570000e-06	1.404665e-02	7.113236e+00
8.580000e-06	-4.631125e-02	7.377421e+00
8.590000e-06	2.572391e-02	7.681178e+00
8.600000e-06	-7.055237e-02	7.933833e+00
8.610000e-06	3.926415e-02	8.219594e+00
8.620000e-06	-1.317024e-02	8.400123e+00
8.630000e-06	-1.666892e-02	8.639576e+00
8.640000e-06	4.311618e-03	8.841228e+00
8.650000e-06	-7.172998e-02	9.094263e+00
8.660000e-06	1.797456e-02	9.334913e+00
8.670000e-06	-3.416055e-02	9.547391e+00
8.680000e-06	1.088280e-02	9.753969e+00
8.690000e-06	-4.688281e-02	1.002865e+01
8.700000e-06	-3.533002e-03	1.020812e+01
8.710000e-06	-1.633593e-02	1.040908e+01
8.720000e-06	-3.060738e-02	1.062861e+01
8.730000e-06	-2.245306e-02	1.084973e+01
8.740000e-06	-4.334720e-02	1.102916e+01
8.750000e-06	-2.643207e-03	1.124120e+01
8.760000e-06	-3.564735e-02	1.147017e+01
8.770000e-06	-1.931968e-02	1.164020e+01
8.780000e-06	-5.096549e-02	1.185870e+01
8.790000e-06	-2.003824e-02	1.202871e+01
8.800000e-06	-2.882624e-02	1.225759e+01
8.810000e-06	-2.782615e-02	1.240902e+01
8.820000e-06	-4.268352e-02	1.252650e+01
8.830000e-06	-4.153403e-02	1.275338e+01
8.840000e-06	-2.808305e-02	1.286126e+01
8.850000e-06	-4.087069e-02	1.302719e+01
8.860000e-06	-4.163858e-02	1.317505e+01
8.870000e-06	-5.292803e-02	1.333646e+01
8.880000e-06	-3.247283e-02	1.348018e+01
8.890000e-06	-4.229269e-02	1.357759e+01
8.900000e-06	-4.650160e-02	1.370441e+01
8.910000e-06	-6.072655e-02	1.390028e+01
8.920000e-06	-5.106650e-02	1.400755e+01
8.930000e-06	-4.854966e-02	1.414586e+01
8.940000e-06	-5.432639e-02	1.423972e+01
8.950000e-06	-6.301105e-02	1.442504e+01
8.960000e-06	-6.503498e-02	1.449981e+01
8.970000e-06	-5.602798e-02	1.457541e+01
8.980000e-06	-6.139244e-02	1.465018e+01
8.990000e-06	-6.689221e-02	1.476436e+01
9.000000e-06	-7.531649e-02	1.482768e+01
9.010000e-06	-6.930281e-02	1.486971e+01
9.020000e-06	-7.186297e-02	1.491388e+01
9.030000e-06	-8.037819e-02	1.500557e+01
9.040000e-06	-8.921664e-02	1.505920e+01
9.050000e-06	-8.916783e-02	1.506931e+01
9.060000e-06	-8.374924e-02	1.513394e+01
9.070000e-06	-8.913155e-02	1.517554e+01
9.080000e-06	-9.688426e-02	1.521712e+01
9.090000e-06	-1.025106e-01	1.522868e+01
9.100000e-06	-1.003038e-01	1.529025e+01
9.110000e-06	-1.055422e-01	1.527028e+01
9.120000e-06	-1.154476e-01	1.529188e+01
9.130000e-06	-1.238148e-01	1.528141e+01
9.140000e-06	-1.236274e-01	1.529186e+01
9.150000e-06	-1.247826e-01	1.532193e+01
9.160000e-06	-1.354159e-01	1.530128e+01
9.170000e-06	-1.489000e-01	1.530136e+01
9.180000e-06	-1.567266e-01	1.527976e+01
9.190000e-06	-1.640327e-01	1.523717e+01
9.200000e-06	-1.786887e-01	1.520707e+01
9.210000e-06	-2.033907e-01	1.512389e+01
9.220000e-06	-2.284577e-01	1.513436e+01
9.230000e-06	-2.474093e-01	1.508983e+01
9.240000e-06	-2.499999e-01	1.501663e+01
9.250000e-06	-2.500000e-01	1.493509e+01
9.260000e-06	-2.500000e-01	1.491436e+01
9.270000e-06	-2.500000e-01	1.483010e+01
9.280000e-06	-2.500000e-01	1.472545e+01
9.290000e-06	-2.500000e-01	1.470228e+01
9.300000e-06	-2.498000e-01	1.457750e+01
9.310000e-06	-2.336036e-01	1.450131e+01
9.320000e-06	-2.010459e-01	1.438612e+01
9.330000e-06	-1.749087e-01	1.429281e+01
9.340000e-06	-1.579977e-01	1.415497e+01
9.350000e-06	-1.435325e-01	1.402820e+01
9.360000e-06	-1.268504e-01	1.392299e+01
9.370000e-06	-1.131562e-01	1.380567e+01
9.380000e-06	-1.057722e-01	1.363073e+01
9.390000e-06	-1.003816e-01	1.351389e+01
9.400000e-06	-9.122871e-02	1.339760e+01
9.410000e-06	-8.173969e-02	1.325228e+01
9.420000e-06	-7.523803e-02	1.310278e+01
9.430000e-06	-7.283816e-02	1.295452e+01
9.440000e-06	-7.017963e-02	1.279810e+01
9.450000e-06	-6.438054e-02	1.268070e+01
9.460000e-06	-6.078490e-02	1.249391e+01
9.470000e-06	-5.819054e-02	1.231334e+01
9.480000e-06	-5.690837e-02	1.216452e+01
9.490000e-06	-5.193343e-02	1.198742e+01
9.500000e-06	-4.823279e-02	1.182660e+01
9.510000e-06	-4.577221e-02	1.157802e+01
9.520000e-06	-4.811266e-02	1.135507e+01
9.530000e-06	-4.497550e-02	1.119655e+01
9.540000e-06	-4.156534e-02	1.098804e+01
9.550000e-06	-3.838642e-02	1.078950e+01
9.560000e-06	-3.928321e-02	1.057595e+01
9.570000e-06	-3.896795e-02	1.029657e+01
9.580000e-06	-3.579506e-02	1.017644e+01
9.590000e-06	-3.400082e-02	9.914889e+00
9.600000e-06	-3.366104e-02	9.733864e+00
9.610000e-06	-3.472350e-02	9.470756e+00
9.620000e-06	-3.155230e-02	9.273706e+00
9.630000e-06	-2.897207e-02	9.009626e+00
9.640000e-06	-2.769942e-02	8.789102e+00
9.650000e-06	-2.980305e-02	8.574994e+00
9.660000e-06	-2.869023e-02	8.327500e+00
9.670000e-06	-2.719932e-02	8.102863e+00
9.680000e-06	-2.455450e-02	7.871703e+00
9.690000e-06	-2.621126e-02	7.617624e+00
9.700000e-06	-2.541068e-02	7.333915e+00
9.710000e-06	-2.423271e-02	7.020681e+00
9.720000e-06	-2.040180e-02	6.831075e+00
9.730000e-06	-2.322995e-02	6.525941e+00
9.740000e-06	-2.289768e-02	6.242713e+00
9.750000e-06	-2.345243e-02	6.052683e+00
9.760000e-06	-1.855839e-02	5.777499e+00
9.770000e-06	-1.927898e-02	5.515313e+00
9.780000e-06	-1.922697e-02	5.250583e+00
9.790000e-06	-2.162966e-02	4.892262e+00
9.800000e-06	-1.775225e-02	4.567601e+00
9.810000e-06	-1.924349e-02	4.367898e+00
9.820000e-06	-1.678220e-02	4.023184e+00
9.830000e-06	-1.893182e-02	3.768474e+00
9.840000e-06	-1.618711e-02	3.536395e+00
9.850000e-06	-1.476291e-02	3.211730e+00
9.860000e-06	-1.402860e-02	2.928395e+00
9.870000e-06	-1.654617e-02	2.725265e+00
9.880000e-06	-1.604018e-02	2.380049e+00
9.890000e-06	-1.409393e-02	2.086367e+00
9.900000e-06	-1.325801e-02	1.872662e+00
9.910000e-06	-1.280407e-02	1.557899e+00
9.920000e-06	-1.325616e-02	1.254184e+00
9.930000e-06	-1.173613e-02	9.373438e-01
9.940000e-06	-1.061137e-02	6.526368e-01
9.950000e-06	-1.006793e-02	4.010238e-01
9.960000e-06	-9.745369e-03	5.571334e-02
9.970000e-06	-5.194976e-03	-1.679712e-01
9.980000e-06	7.078329e-03	-4.010488e-01
9.990000e-06	-4.643832e-03	-7.268907e-01
1.000000e-05	2.805930e-03	-9.685435e-01
1.001000e-05	-3.812506e-03	-1.250131e+00
1.002000e-05	2.667588e-03	-1.577469e+00
1.003000e-05	1.431303e-03	-1.809545e+00
1.004000e-05	3.865748e-02	-2.021001e+00
1.005000e-05	1.280700e-01	-2.273755e+00
1.006000e-05	-1.286036e-02	-2.673708e+00
1.007000e-05	-2.853520e-02	-3.093784e+00
1.008000e-05	-2.672354e-02	-3.387941e+00
1.009000e-05	-3.834938e-02	-3.598891e+00
1.010000e-05	-1.001925e-01	-3.809496e+00
1.011000e-05	8.873139e-02	-3.979971e+00
1.012000e-05	4.047387e-02	-4.240099e+00
1.013000e-05	-1.047907e-01	-4.563392e+00
1.014000e-05	2.086592e-01	-4.767464e+00
1.015000e-05	-1.666937e-01	-5.093230e+00
1.016000e-05	1.104852e-01	-5.440051e+00
1.017000e-05	-4.852338e-02	-5.682180e+00
1.018000e-05	-6.604565e-02	-5.985438e+00
1.019000e-05	1.659382e-01	-6.175991e+00
1.020000e-05	-1.215457e-01	-6.512730e+00
1.021000e-05	1.477400e-01	-6.765890e+00
1.022000e-05	-7.724699e-02	-7.008075e+00
1.023000e-05	2.184425e-02	-7.314360e+00
1.024000e-05	4.887514e-02	-7.543887e+00
1.025000e-05	-6.886648e-02	-7.851126e+00
1.026000e-05	1.418811e-01	-8.093828e+00
1.027000e-05	-9.532214e-02	-8.325313e+00
1.028000e-05	1.199796e-01	-8.525014e+00
1.029000e-05	-3.340284e-02	-8.839100e+00
1.030000e-05	-3.248854e-03	-9.081653e+00
1.031000e-05	4.692958e-02	-9.279628e+00
1.032000e-05	-3.257094e-02	-9.481736e+00
1.033000e-05	1.173669e-01	-9.724359e+00
1.034000e-05	-5.740154e-02	-9.945437e+00
1.035000e-05	1.018485e-01	-1.015499e+01
1.036000e-05	-4.902254e-02	-1.041557e+01
1.037000e-05	7.448552e-02	-1.061804e+01
1.038000e-05	-6.055666e-03	-1.081697e+01
1.039000e-05	3.026318e-02	-1.097712e+01
1.040000e-05	3.519079e-02	-1.122557e+01
1.041000e-05	1.234483e-02	-1.143912e+01
1.042000e-05	6.459969e-02	-1.162815e+01
1.043000e-05	-1.001906e-02	-1.185766e+01
1.044000e-05	6.296511e-02	-1.203767e+01
1.045000e-05	-8.028883e-04	-1.217702e+01
1.046000e-05	7.372761e-02	-1.239700e+01
1.047000e-05	6.139875e-03	-1.254496e+01
1.048000e-05	5.068959e-02	-1.273184e+01
1.049000e-05	1.660868e-02	-1.287171e+01
1.050000e-05	5.158060e-02	-1.303910e+01
1.051000e-05	3.571274e-02	-1.318492e+01
1.052000e-05	4.158197e-02	-1.333333e+01
1.053000e-05	4.607588e-02	-1.348920e+01
1.054000e-05	4.177258e-02	-1.358612e+01
1.055000e-05	5.595403e-02	-1.375446e+01
1.056000e-05	3.357502e-02	-1.385978e+01
1.057000e-05	4.984246e-02	-1.399452e+01
1.058000e-05	4.030088e-02	-1.410236e+01
1.059000e-05	6.508554e-02	-1.427820e+01
1.060000e-05	4.750981e-02	-1.439492e+01
1.061000e-05	6.016265e-02	-1.447125e+01
1.062000e-05	5.023622e-02	-1.455504e+01
1.063000e-05	6.859153e-02	-1.464968e+01
1.064000e-05	6.174016e-02	-1.474491e+01
1.065000e-05	6.646005e-02	-1.480852e+01
1.066000e-05	6.356400e-02	-1.487033e+01
1.067000e-05	7.203304e-02	-1.495399e+01
1.068000e-05	7.393134e-02	-1.506677e+01
1.069000e-05	7.137419e-02	-1.512035e+01
1.070000e-05	7.535043e-02	-1.518286e+01
1.071000e-05	7.994338e-02	-1.518457e+01
1.072000e-05	9.192082e-02	-1.522718e+01
1.073000e-05	8.889363e-02	-1.524920e+01
1.074000e-05	9.197996e-02	-1.527246e+01
1.075000e-05	8.996837e-02	-1.535396e+01
1.076000e-05	1.004766e-01	-1.536593e+01
1.077000e-05	1.020951e-01	-1.538659e+01
1.078000e-05	1.073634e-01	-1.538552e+01
1.079000e-05	1.104120e-01	-1.538652e+01
1.080000e-05	1.211206e-01	-1.539557e+01
1.081000e-05	1.278788e-01	-1.535544e+01
1.082000e-05	1.313327e-01	-1.536356e+01
1.083000e-05	1.366733e-01	-1.532394e+01
1.084000e-05	1.479627e-01	-1.538288e+01
1.085000e-05	1.646848e-01	-1.529084e+01
1.086000e-05	1.804233e-01	-1.522870e+01
1.087000e-05	1.976220e-01	-1.518910e+01
1.088000e-05	2.238167e-01	-1.517446e+01
1.089000e-05	2.471988e-01	-1.513238e+01
1.090000e-05	2.500000e-01	-1.510173e+01
1.091000e-05	2.500000e-01	-1.497567e+01
1.092000e-05	2.500000e-01	-1.494136e+01
1.093000e-05	2.500000e-01	-1.486876e+01
1.094000e-05	2.500000e-01	-1.476700e+01
1.095000e-05	2.500000e-01	-1.470131e+01
1.096000e-05	2.425120e-01	-1.463017e+01
1.097000e-05	2.136782e-01	-1.453446e+01
1.098000e-05	1.867150e-01	-1.443918e+01
1.099000e-05	1.644232e-01	-1.434391e+01
1.100000e-05	1.448549e-01	-1.419764e+01
1.101000e-05	1.248509e-01	-1.409191e+01
1.102000e-05	1.174271e-01	-1.395500e+01
1.103000e-05	1.024774e-01	-1.386023e+01
1.104000e-05	9.599465e-02	-1.369380e+01
1.105000e-05	8.529704e-02	-1.356599e+01
1.106000e-05	7.841443e-02	-1.340810e+01
1.107000e-05	7.426764e-02	-1.330283e+01
1.108000e-05	6.358433e-02	-1.315492e+01
1.109000e-05	5.850447e-02	-1.300905e+01
1.110000e-05	5.187746e-02	-1.278973e+01
1.111000e-05	5.342212e-02	-1.269184e+01
1.112000e-05	5.070943e-02	-1.253283e+01
1.113000e-05	4.708186e-02	-1.233589e+01
1.114000e-05	4.284891e-02	-1.212562e+01
1.115000e-05	4.178251e-02	-1.196595e+01
1.116000e-05	3.657018e-02	-1.177669e+01
1.117000e-05	3.266029e-02	-1.159757e+01
1.118000e-05	2.839254e-02	-1.135447e+01
1.119000e-05	2.874737e-02	-1.116344e+01
1.120000e-05	2.896856e-02	-1.092532e+01
1.121000e-05	2.863812e-02	-1.077697e+01
1.122000e-05	2.657477e-02	-1.057554e+01
1.123000e-05	2.385158e-02	-1.035489e+01
1.124000e-05	2.379752e-02	-1.012394e+01
1.125000e-05	2.141126e-02	-9.894790e+00
1.126000e-05	1.914263e-02	-9.723660e+00
1.127000e-05	1.602444e-02	-9.451755e+00
1.128000e-05	1.607406e-02	-9.272653e+00
1.129000e-05	1.657623e-02	-9.039078e+00
1.130000e-05	1.467709e-02	-8.819523e+00
1.131000e-05	1.366373e-02	-8.555444e+00
1.132000e-05	1.200010e-02	-8.324787e+00
1.133000e-05	1.379151e-02	-8.062762e+00
1.134000e-05	1.257430e-02	-7.809553e+00
1.135000e-05	9.810432e-03	-7.507394e+00
1.136000e-05	8.395989e-03	-7.283859e+00
1.137000e-05	6.308945e-03	-7.038558e+00
1.138000e-05	6.477970e-03	-6.767896e+00
1.139000e-05	4.954021e-03	-6.514841e+00
1.140000e-05	4.645950e-03	-6.262190e+00
1.141000e-05	4.856960e-03	-6.018025e+00
1.142000e-05	5.593137e-03	-5.746241e+00
1.143000e-05	4.869457e-03	-5.420636e+00
1.144000e-05	3.029735e-03	-5.159396e+00
1.145000e-05	-1.685647e-05	-4.790208e+00
1.146000e-05	1.597891e-03	-4.527395e+00
1.147000e-05	-1.917338e-04	-4.336336e+00
1.148000e-05	1.313361e-03	-4.053711e+00
1.149000e-05	-2.545515e-03	-3.747475e+00
1.150000e-05	-7.980965e-04	-3.506338e+00
1.151000e-05	-3.638935e-03	-3.262109e+00
1.152000e-05	-3.789005e-04	-2.936343e+00
1.153000e-05	-4.494259e-03	-2.653211e+00
1.154000e-05	-1.694405e-03	-2.439075e+00
1.155000e-05	-3.544232e-03	-2.105287e+00
1.156000e-05	-2.861803e-03	-1.811579e+00
1.157000e-05	-6.438394e-03	-1.579495e+00
1.158000e-05	-5.630547e-03	-1.188131e+00
1.159000e-05	-6.202998e-03	-9.248410e-01
1.160000e-05	-6.077561e-03	-6.325305e-01
1.161000e-05	-5.643784e-03	-3.178937e-01
1.162000e-05	-5.307496e-03	-7.565828e-02
1.163000e-05	6.056788e-03	2.204040e-01
1.164000e-05	4.334319e-03	5.136830e-01
1.165000e-05	1.041701e-03	7.147869e-01
1.166000e-05	7.547194e-04	9.579684e-01
1.167000e-05	-2.785256e-03	1.303680e+00
1.168000e-05	1.099181e-04	1.588446e+00
1.169000e-05	2.691765e-03	1.831628e+00
1.170000e-05	2.550340e-02	2.071583e+00
1.171000e-05	9.488841e-02	2.354267e+00
1.172000e-05	3.856593e-02	2.703184e+00
1.173000e-05	-5.640455e-02	2.999443e+00
1.174000e-05	-2.698307e-02	3.260705e+00
1.175000e-05	-3.737324e-02	3.558866e+00
1.176000e-05	-5.196143e-02	3.778994e+00
1.177000e-05	-7.659269e-02	3.948494e+00
1.178000e-05	8.438700e-02	4.211678e+00
1.179000e-05	-9.965406e-03	4.546468e+00
1.180000e-05	-4.056261e-02	4.747992e+00
1.181000e-05	1.533003e-01	5.104259e+00
1.182000e-05	-1.411283e-01	5.420603e+00
1.183000e-05	5.578402e-02	5.693704e+00
1.184000e-05	-4.739627e-02	5.966417e+00
1.185000e-05	7.082963e-03	6.176972e+00
1.186000e-05	3.234807e-02	6.490758e+00
1.187000e-05	-6.645124e-02	6.725916e+00
1.188000e-05	4.428616e-02	6.956124e+00
1.189000e-05	-5.768775e-02	7.260658e+00
1.190000e-05	2.751803e-02	7.535488e+00
1.191000e-05	-5.478484e-02	7.818124e+00
1.192000e-05	-1.238578e-03	8.102209e+00
1.193000e-05	2.116145e-02	8.336391e+00
1.194000e-05	-3.792612e-02	8.514415e+00
1.195000e-05	1.801782e-02	8.784966e+00
1.196000e-05	-6.085772e-02	8.987022e+00
1.197000e-05	-1.061789e-02	9.249775e+00
1.198000e-05	-1.146896e-02	9.472302e+00
1.199000e-05	-5.048235e-03	9.701784e+00
1.200000e-05	-2.292356e-02	9.904915e+00
1.201000e-05	-2.780675e-02	1.014341e+01
1.202000e-05	-1.673987e-03	1.037549e+01
1.203000e-05	-3.415201e-02	1.053494e+01
1.204000e-05	-2.119375e-02	1.073602e+01
1.205000e-05	-4.157083e-02	1.098752e+01
1.206000e-05	-1.575794e-02	1.117744e+01
1.207000e-05	-1.936456e-02	1.140607e+01
1.208000e-05	-2.675538e-02	1.158457e+01
1.209000e-05	-3.937038e-02	1.181755e+01
1.210000e-05	-3.471287e-02	1.198697e+01
1.211000e-05	-2.193180e-02	1.214499e+01
1.212000e-05	-2.857084e-02	1.231136e+01
1.213000e-05	-3.756810e-02	1.251331e+01
1.214000e-05	-4.415176e-02	1.264973e+01
1.215000e-05	-3.154937e-02	1.277860e+01
1.216000e-05	-3.487216e-02	1.294659e+01
1.217000e-05	-4.075528e-02	1.310287e+01
1.218000e-05	-4.973612e-02	1.329123e+01
1.219000e-05	-3.874435e-02	1.340662e+01
1.220000e-05	-3.845445e-02	1.358494e+01
1.221000e-05	-4.404013e-02	1.368041e+01
1.222000e-05	-5.939605e-02	1.383757e+01
1.223000e-05	-5.491047e-02	1.395152e+01
1.224000e-05	-4.924549e-02	1.412276e+01
1.225000e-05	-4.892110e-02	1.421765e+01
1.226000e-05	-5.933363e-02	1.434348e+01
1.227000e-05	-6.429183e-02	1.446915e+01
1.228000e-05	-5.790208e-02	1.450238e+01
1.229000e-05	-6.010390e-02	1.464011e+01
1.230000e-05	-6.479952e-02	1.474236e+01
1.231000e-05	-7.510321e-02	1.476755e+01
1.232000e-05	-7.041297e-02	1.483960e+01
1.233000e-05	-6.990786e-02	1.489188e+01
1.234000e-05	-7.439397e-02	1.496446e+01
1.235000e-05	-8.615983e-02	1.504775e+01
1.236000e-05	-9.010031e-02	1.509124e+01
1.237000e-05	-8.406151e-02	1.513289e+01
1.238000e-05	-8.589418e-02	1.514497e+01
1.239000e-05	-9.449551e-02	1.519865e+01
1.240000e-05	-1.033191e-01	1.520865e+01
1.241000e-05	-1.014496e-01	1.522073e+01
1.242000e-05	-1.033626e-01	1.528981e+01
1.243000e-05	-1.114076e-01	1.527086e+01
1.244000e-05	-1.206594e-01	1.530333e+01
1.245000e-05	-1.237139e-01	1.532138e+01
1.246000e-05	-1.229308e-01	1.530138e+01
1.247000e-05	-1.311443e-01	1.528186e+01
1.248000e-05	-1.430531e-01	1.525941e+01
1.249000e-05	-1.552937e-01	1.527138e+01
1.250000e-05	-1.600229e-01	1.522967e+01
1.251000e-05	-1.735996e-01	1.520767e+01
1.252000e-05	-1.927585e-01	1.513552e+01
1.253000e-05	-2.210431e-01	1.512391e+01
1.254000e-05	-2.415520e-01	1.507081e+01
1.255000e-05	-2.499998e-01	1.502923e+01
1.256000e-05	-2.500000e-01	1.497707e+01
1.257000e-05	-2.500000e-01	1.492244e+01
1.258000e-05	-2.500000e-01	1.483076e+01
1.259000e-05	-2.500000e-01	1.480655e+01
1.260000e-05	-2.500000e-01	1.468186e+01
1.261000e-05	-2.500000e-01	1.461767e+01
1.262000e-05	-2.434126e-01	1.452404e+01
1.263000e-05	-2.135807e-01	1.440920e+01
1.264000e-05	-1.853298e-01	1.432632e+01
1.265000e-05	-1.646894e-01	1.421813e+01
1.266000e-05	-1.492135e-01	1.408134e+01
1.267000e-05	-1.322482e-01	1.400605e+01
1.268000e-05	-1.178938e-01	1.383970e+01
1.269000e-05	-1.065007e-01	1.371296e+01
1.270000e-05	-1.023979e-01	1.356755e+01
1.271000e-05	-9.551242e-02	1.346120e+01
1.272000e-05	-8.753536e-02	1.332291e+01
1.273000e-05	-7.737216e-02	1.316599e+01
1.274000e-05	-7.487059e-02	1.298763e+01
1.275000e-05	-7.169124e-02	1.286128e+01
1.276000e-05	-6.701086e-02	1.270441e+01
1.277000e-05	-5.946082e-02	1.256399e+01
1.278000e-05	-5.816761e-02	1.237603e+01
1.279000e-05	-5.795347e-02	1.222862e+01
1.280000e-05	-5.457302e-02	1.204968e+01
1.281000e-05	-4.952313e-02	1.183171e+01
1.282000e-05	-4.614995e-02	1.165231e+01
1.283000e-05	-4.796811e-02	1.146168e+01
1.284000e-05	-4.661245e-02	1.122920e+01
1.285000e-05	-4.403409e-02	1.101053e+01
1.286000e-05	-3.825233e-02	1.085121e+01
1.287000e-05	-3.860639e-02	1.066115e+01
1.288000e-05	-3.845021e-02	1.045118e+01
1.289000e-05	-3.703593e-02	1.020858e+01
1.290000e-05	-3.405016e-02	1.002953e+01
1.291000e-05	-3.356173e-02	9.786494e+00
1.292000e-05	-3.480328e-02	9.536397e+00
1.293000e-05	-3.411067e-02	9.335442e+00
1.294000e-05	-3.018921e-02	9.094841e+00
1.295000e-05	-2.796512e-02	8.923337e+00
1.296000e-05	-2.883264e-02	8.650703e+00
1.297000e-05	-2.864473e-02	8.433131e+00
1.298000e-05	-2.724280e-02	8.238002e+00
1.299000e-05	-2.518441e-02	7.906394e+00
1.300000e-05	-2.490232e-02	7.703286e+00
1.301000e-05	-2.666623e-02	7.409526e+00
1.302000e-05	-2.540386e-02	7.157870e+00
1.303000e-05	-2.249007e-02	6.894316e+00
1.304000e-05	-2.032525e-02	6.641636e+00
1.305000e-05	-2.327905e-02	6.388471e+00
1.306000e-05	-2.343840e-02	6.136420e+00
1.307000e-05	-2.049941e-02	5.852787e+00
1.308000e-05	-1.803342e-02	5.548549e+00
1.309000e-05	-1.914861e-02	5.347398e+00
1.310000e-05	-2.070766e-02	4.989983e+00
1.311000e-05	-2.058553e-02	4.714866e+00
1.312000e-05	-1.837287e-02	4.442236e+00
1.313000e-05	-1.718512e-02	4.147951e+00
1.314000e-05	-1.869926e-02	3.884661e+00
1.315000e-05	-1.878684e-02	3.620607e+00
1.316000e-05	-1.434509e-02	3.340426e+00
1.317000e-05	-1.380557e-02	3.053186e+00
1.318000e-05	-1.425526e-02	2.810533e+00
1.319000e-05	-1.715048e-02	2.494792e+00
1.320000e-05	-1.567394e-02	2.230029e+00
1.321000e-05	-1.373891e-02	1.988372e+00
1.322000e-05	-1.251790e-02	1.693736e+00
1.323000e-05	-1.309998e-02	1.379406e+00
1.324000e-05	-1.364240e-02	1.026186e+00
1.325000e-05	-1.156595e-02	7.493936e-01
1.326000e-05	-1.018894e-02	4.621382e-01
1.327000e-05	-8.925664e-03	1.904040e-01
1.328000e-05	-8.257414e-03	-9.383533e-02
1.329000e-05	3.451301e-03	-3.563382e-01
1.330000e-05	-1.198129e-03	-6.315248e-01
1.331000e-05	2.149146e-03	-9.237614e-01
1.332000e-05	-4.521403e-03	-1.136362e+00
1.333000e-05	6.965933e-04	-1.482182e+00
1.334000e-05	-1.909670e-03	-1.724337e+00
1.335000e-05	2.445885e-02	-1.956862e+00
1.336000e-05	9.737734e-02	-2.176922e+00
1.337000e-05	6.941477e-02	-2.535384e+00
1.338000e-05	-5.991302e-02	-2.967441e+00
1.339000e-05	-2.232468e-03	-3.283282e+00
1.340000e-05	-5.085646e-02	-3.495282e+00
1.341000e-05	-6.167936e-02	-3.733112e+00
1.342000e-05	-3.973963e-02	-3.957885e+00
1.343000e-05	1.688858e-01	-4.113837e+00
1.344000e-05	-1.753355e-01	-4.440596e+00
1.345000e-05	1.672043e-01	-4.664204e+00
1.346000e-05	-3.151463e-02	-4.933336e+00
1.347000e-05	-5.530861e-02	-5.324009e+00
1.348000e-05	1.211491e-01	-5.556312e+00
1.349000e-05	-1.815556e-01	-5.872674e+00
1.350000e-05	1.784215e-01	-6.093232e+00
1.351000e-05	-6.266408e-02	-6.356413e+00
1.352000e-05	4.571263e-02	-6.671228e+00
1.353000e-05	5.904082e-02	-6.893254e+00
1.354000e-05	-9.352099e-02	-7.217120e+00
1.355000e-05	1.289271e-01	-7.431127e+00
1.356000e-05	-1.048185e-01	-7.723362e+00
1.357000e-05	1.136189e-01	-7.990097e+00
1.358000e-05	-1.918541e-02	-8.197524e+00
1.359000e-05	9.768429e-03	-8.482759e+00
1.360000e-05	8.991316e-02	-8.703807e+00
1.361000e-05	-9.486376e-02	-8.996967e+00
1.362000e-05	1.061080e-01	-9.188421e+00
1.363000e-05	-7.297892e-02	-9.377596e+00
1.364000e-05	1.159341e-01	-9.691177e+00
1.365000e-05	-2.196288e-02	-9.849652e+00
1.366000e-05	5.112876e-02	-1.007228e+01
1.367000e-05	1.759193e-02	-1.029133e+01
1.368000e-05	-2.806539e-04	-1.055539e+01
1.369000e-05	6.562802e-02	-1.073236e+01
1.370000e-05	-3.080824e-02	-1.093393e+01
1.371000e-05	7.973375e-02	-1.112433e+01
1.372000e-05	-2.327325e-02	-1.134493e+01
1.373000e-05	8.465952e-02	-1.154339e+01
1.374000e-05	-1.204833e-02	-1.176391e+01
1.375000e-05	5.602707e-02	-1.193493e+01
1.376000e-05	9.866322e-03	-1.213293e+01
1.377000e-05	5.306079e-02	-1.233286e+01
1.378000e-05	3.381487e-02	-1.245123e+01
1.379000e-05	2.530313e-02	-1.269975e+01
1.380000e-05	3.838148e-02	-1.280560e+01
1.381000e-05	2.484894e-02	-1.298651e+01
1.382000e-05	5.827800e-02	-1.314139e+01
1.383000e-05	2.522942e-02	-1.322973e+01
1.384000e-05	5.925500e-02	-1.336657e+01
1.385000e-05	2.983684e-02	-1.353289e+01
1.386000e-05	6.306727e-02	-1.366273e+01
1.387000e-05	3.211567e-02	-1.384862e+01
1.388000e-05	5.073398e-02	-1.392589e+01
1.389000e-05	3.636062e-02	-1.410130e+01
1.390000e-05	6.016193e-02	-1.418816e+01
1.391000e-05	5.304616e-02	-1.430089e+01
1.392000e-05	5.623144e-02	-1.439760e+01
1.393000e-05	5.409017e-02	-1.454438e+01
1.394000e-05	5.959394e-02	-1.462617e+01
1.395000e-05	6.928525e-02	-1.471281e+01
1.396000e-05	6.266479e-02	-1.478702e+01
1.397000e-05	6.822109e-02	-1.487018e+01
1.398000e-05	6.247669e-02	-1.490448e+01
1.399000e-05	7.593113e-02	-1.500612e+01
1.400000e-05	6.793943e-02	-1.507985e+01
1.401000e-05	7.626826e-02	-1.511288e+01
1.402000e-05	7.459930e-02	-1.517394e+01
1.403000e-05	9.154907e-02	-1.521760e+01
1.404000e-05	9.112800e-02	-1.526023e+01
1.405000e-05	9.295502e-02	-1.528028e+01
1.406000e-05	8.942888e-02	-1.534441e+01
1.407000e-05	9.507347e-02	-1.533386e+01
1.408000e-05	1.015883e-01	-1.536454e+01
1.409000e-05	1.045172e-01	-1.536604e+01
1.410000e-05	1.095880e-01	-1.543652e+01
1.411000e-05	1.152970e-01	-1.541559e+01
1.412000e-05	1.277785e-01	-1.535547e+01
1.413000e-05	1.307192e-01	-1.537509e+01
1.414000e-05	1.360590e-01	-1.535346e+01
1.415000e-05	1.420558e-01	-1.528251e+01
1.416000e-05	1.571064e-01	-1.530383e+01
1.417000e-05	1.722516e-01	-1.527115e+01
1.418000e-05	1.897917e-01	-1.523763e+01
1.419000e-05	2.124006e-01	-1.518649e+01
1.420000e-05	2.409753e-01	-1.515338e+01
1.421000e-05	2.499998e-01	-1.510183e+01
1.422000e-05	2.500000e-01	-1.502924e+01
1.423000e-05	2.500000e-01	-1.496351e+01
1.424000e-05	2.500000e-01	-1.488085e+01
1.425000e-05	2.500000e-01	-1.479710e+01
1.426000e-05	2.500000e-01	-1.473439e+01
1.427000e-05	2.488900e-01	-1.464070e+01
1.428000e-05	2.251878e-01	-1.455549e+01
1.429000e-05	1.979443e-01	-1.447125e+01
1.430000e-05	1.748759e-01	-1.435539e+01
1.431000e-05	1.530935e-01	-1.429078e+01
1.432000e-05	1.324656e-01	-1.416151e+01
1.433000e-05	1.193181e-01	-1.401705e+01
1.434000e-05	1.077879e-01	-1.389130e+01
1.435000e-05	9.751537e-02	-1.376459e+01
1.436000e-05	8.652256e-02	-1.361710e+01
1.437000e-05	7.893366e-02	-1.347075e+01
1.438000e-05	7.418667e-02	-1.333446e+01
1.439000e-05	7.020453e-02	-1.317907e+01
1.440000e-05	6.233255e-02	-1.301913e+01
1.441000e-05	5.584355e-02	-1.291344e+01
1.442000e-05	5.287283e-02	-1.274289e+01
1.443000e-05	5.141902e-02	-1.257649e+01
1.444000e-05	4.660898e-02	-1.243806e+01
1.445000e-05	4.184881e-02	-1.220107e+01
1.446000e-05	3.925534e-02	-1.206173e+01
1.447000e-05	3.844020e-02	-1.181975e+01
1.448000e-05	3.691513e-02	-1.168078e+01
1.449000e-05	3.296344e-02	-1.142915e+01
1.450000e-05	2.911810e-02	-1.120767e+01
1.451000e-05	2.898029e-02	-1.101815e+01
1.452000e-05	2.866588e-02	-1.083910e+01
1.453000e-05	2.591125e-02	-1.061960e+01
1.454000e-05	2.246870e-02	-1.043923e+01
1.455000e-05	2.107175e-02	-1.017863e+01
1.456000e-05	2.172870e-02	-9.998549e+00
1.457000e-05	2.046139e-02	-9.777444e+00
1.458000e-05	1.835046e-02	-9.555993e+00
1.459000e-05	1.687736e-02	-9.333936e+00
1.460000e-05	1.725681e-02	-9.092836e+00
1.461000e-05	1.683154e-02	-8.864783e+00
1.462000e-05	1.378749e-02	-8.598631e+00
1.463000e-05	1.135373e-02	-8.419073e+00
1.464000e-05	1.007249e-02	-8.177414e+00
1.465000e-05	1.139219e-02	-7.932940e+00
1.466000e-05	1.124818e-02	-7.660681e+00
1.467000e-05	9.464246e-03	-7.387449e+00
1.468000e-05	7.397878e-03	-7.167441e+00
1.469000e-05	7.094629e-03	-6.900655e+00
1.470000e-05	6.741469e-03	-6.599079e+00
1.471000e-05	4.674204e-03	-6.377944e+00
1.472000e-05	4.440916e-03	-6.094266e+00
1.473000e-05	3.438885e-03	-5.850181e+00
1.474000e-05	4.938161e-03	-5.576995e+00
1.475000e-05	2.567118e-03	-5.273210e+00
1.476000e-05	2.289496e-03	-5.017949e+00
1.477000e-05	3.826770e-04	-4.642681e+00
1.478000e-05	1.995960e-03	-4.420002e+00
1.479000e-05	1.785347e-03	-4.155996e+00
1.480000e-05	-1.057479e-03	-3.884287e+00
1.481000e-05	-1.083994e-03	-3.610528e+00
1.482000e-05	-2.422808e-03	-3.357289e+00
1.483000e-05	-1.798317e-03	-3.023738e+00
1.484000e-05	-3.451100e-03	-2.778947e+00
1.485000e-05	-3.072243e-03	-2.514788e+00
1.486000e-05	-3.153208e-03	-2.188579e+00
1.487000e-05	-3.150595e-03	-1.925292e+00
1.488000e-05	-4.415685e-03	-1.663183e+00
1.489000e-05	-5.298743e-03	-1.309372e+00
1.490000e-05	-7.233539e-03	-1.043582e+00
1.491000e-05	-6.805451e-03	-7.680488e-01
1.492000e-05	-6.502466e-03	-4.411093e-01
1.493000e-05	-5.089489e-03	-2.100751e-01
1.494000e-05	-3.994146e-04	8.216008e-02
1.495000e-05	8.647880e-03	4.199471e-01
1.496000e-05	-1.890680e-03	6.199738e-01
1.497000e-05	6.397028e-03	8.620789e-01
1.498000e-05	-4.194307e-03	1.158491e+00
1.499000e-05	2.024994e-03	1.451581e+00
1.500000e-05	-2.707380e-03	1.759345e+00
1.501000e-05	1.792448e-02	1.958396e+00
1.502000e-05	5.973590e-02	2.240105e+00
1.503000e-05	9.441910e-02	2.546766e+00
1.504000e-05	-5.682272e-02	2.893262e+00
1.505000e-05	-2.692402e-02	3.196863e+00
1.506000e-05	-4.157694e-02	3.452655e+00
1.507000e-05	-2.508703e-02	3.694286e+00
1.508000e-05	-8.965820e-02	3.906342e+00
1.509000e-05	1.355183e-02	4.104316e+00
1.510000e-05	9.040685e-02	4.482675e+00
1.511000e-05	-1.264555e-01	4.714336e+00
1.512000e-05	1.647142e-01	4.947487e+00
1.513000e-05	-7.188617e-02	5.305382e+00
1.514000e-05	-3.036527e-02	5.535448e+00
1.515000e-05	2.703828e-02	5.861579e+00
1.516000e-05	-5.753392e-02	6.105283e+00
1.517000e-05	7.026923e-02	6.365941e+00
1.518000e-05	-6.142650e-02	6.611153e+00
1.519000e-05	1.703673e-02	6.903806e+00
1.520000e-05	-2.042838e-02	7.177892e+00
1.521000e-05	-1.734112e-02	7.419628e+00
1.522000e-05	-2.702073e-03	7.722843e+00
1.523000e-05	-5.297359e-02	7.977569e+00
1.524000e-05	4.332123e-02	8.260600e+00
1.525000e-05	-3.169017e-02	8.481756e+00
1.526000e-05	1.558062e-03	8.691257e+00
1.527000e-05	-1.825765e-02	8.933363e+00
1.528000e-05	-5.523122e-02	9.155366e+00
1.529000e-05	1.525562e-02	9.388044e+00
1.530000e-05	-3.048413e-02	9.606951e+00
1.531000e-05	5.579924e-03	9.818125e+00
1.532000e-05	-4.739158e-02	1.012020e+01
1.533000e-05	3.486992e-03	1.029228e+01
1.534000e-05	-2.500458e-02	1.047078e+01
1.535000e-05	-2.534627e-02	1.069023e+01
1.536000e-05	-2.862399e-02	1.089176e+01
1.537000e-05	-3.656389e-02	1.111176e+01
1.538000e-05	-3.905859e-03	1.131386e+01
1.539000e-05	-3.516140e-02	1.150281e+01
1.540000e-05	-2.279332e-02	1.173481e+01
1.541000e-05	-4.890957e-02	1.188346e+01
1.542000e-05	-1.685605e-02	1.206288e+01
1.543000e-05	-2.972669e-02	1.222930e+01
1.544000e-05	-3.097087e-02	1.242915e+01
1.545000e-05	-4.408719e-02	1.258612e+01
1.546000e-05	-3.806130e-02	1.276497e+01
1.547000e-05	-2.864319e-02	1.287133e+01
1.548000e-05	-4.253792e-02	1.305971e+01
1.549000e-05	-4.301731e-02	1.320912e+01
1.550000e-05	-4.803675e-02	1.334499e+01
1.551000e-05	-3.295746e-02	1.350183e+01
1.552000e-05	-4.403123e-02	1.363820e+01
1.553000e-05	-5.098934e-02	1.379451e+01
1.554000e-05	-5.946788e-02	1.394041e+01
1.555000e-05	-5.042559e-02	1.404758e+01
1.556000e-05	-4.823436e-02	1.417662e+01
1.557000e-05	-5.665518e-02	1.426033e+01
1.558000e-05	-6.334421e-02	1.442409e+01
1.559000e-05	-6.165456e-02	1.449081e+01
1.560000e-05	-5.572331e-02	1.454754e+01
1.561000e-05	-6.186967e-02	1.467225e+01
1.562000e-05	-7.143611e-02	1.478502e+01
1.563000e-05	-7.429767e-02	1.483958e+01
1.564000e-05	-6.975017e-02	1.486168e+01
1.565000e-05	-7.174458e-02	1.494351e+01
1.566000e-05	-8.353977e-02	1.500757e+01
1.567000e-05	-8.938777e-02	1.505823e+01
1.568000e-05	-8.796496e-02	1.510188e+01
1.569000e-05	-8.297496e-02	1.517389e+01
1.570000e-05	-9.203881e-02	1.517607e+01
1.571000e-05	-9.993970e-02	1.519717e+01
1.572000e-05	-1.025771e-01	1.525925e+01
1.573000e-05	-1.014627e-01	1.524935e+01
1.574000e-05	-1.076035e-01	1.530028e+01
1.575000e-05	-1.179701e-01	1.527043e+01
1.576000e-05	-1.234028e-01	1.531094e+01
1.577000e-05	-1.233846e-01	1.529136e+01
1.578000e-05	-1.264731e-01	1.533239e+01
1.579000e-05	-1.390191e-01	1.529088e+01
1.580000e-05	-1.521392e-01	1.526033e+01
1.581000e-05	-1.571924e-01	1.521880e+01
1.582000e-05	-1.682018e-01	1.521717e+01
1.583000e-05	-1.839338e-01	1.518559e+01
1.584000e-05	-2.109835e-01	1.515441e+01
1.585000e-05	-2.342575e-01	1.514436e+01
1.586000e-05	-2.499409e-01	1.502971e+01
1.587000e-05	-2.500000e-01	1.502867e+01
1.588000e-05	-2.500000e-01	1.493386e+01
1.589000e-05	-2.500000e-01	1.488131e+01
1.590000e-05	-2.500000e-01	1.482760e+01
1.591000e-05	-2.500000e-01	1.477346e+01
1.592000e-05	-2.500000e-01	1.464021e+01
1.593000e-05	-2.486750e-01	1.456555e+01
1.594000e-05	-2.257923e-01	1.443895e+01
1.595000e-05	-1.945672e-01	1.437747e+01
1.596000e-05	-1.707630e-01	1.426983e+01
1.597000e-05	-1.542229e-01	1.412544e+01
1.598000e-05	-1.402241e-01	1.399810e+01
1.599000e-05	-1.241050e-01	1.389091e+01
1.600000e-05	-1.107475e-01	1.374557e+01
1.601000e-05	-1.044432e-01	1.364865e+01
1.602000e-05	-9.810290e-02	1.346136e+01
1.603000e-05	-8.946916e-02	1.335602e+01
1.604000e-05	-7.948345e-02	1.324915e+01
1.605000e-05	-7.514492e-02	1.308133e+01
1.606000e-05	-7.261846e-02	1.292394e+01
1.607000e-05	-6.963515e-02	1.273492e+01
1.608000e-05	-6.319695e-02	1.261862e+01
1.609000e-05	-5.883230e-02	1.246271e+01
1.610000e-05	-5.692254e-02	1.234176e+01
1.611000e-05	-5.525415e-02	1.210291e+01
1.612000e-05	-5.026571e-02	1.194384e+01
1.613000e-05	-4.715394e-02	1.173532e+01
1.614000e-05	-4.652648e-02	1.154381e+01
1.615000e-05	-4.790792e-02	1.132397e+01
1.616000e-05	-4.518048e-02	1.109534e+01
1.617000e-05	-4.042105e-02	1.094592e+01
1.618000e-05	-3.803166e-02	1.075439e+01
1.619000e-05	-3.866376e-02	1.052346e+01
1.620000e-05	-3.853427e-02	1.033376e+01
1.621000e-05	-3.448461e-02	1.010428e+01
1.622000e-05	-3.318446e-02	9.841230e+00
1.623000e-05	-3.316856e-02	9.670649e+00
1.624000e-05	-3.456099e-02	9.399632e+00
1.625000e-05	-3.096920e-02	9.210053e+00
1.626000e-05	-2.940842e-02	8.995494e+00
1.627000e-05	-2.928101e-02	8.766316e+00
1.628000e-05	-3.089462e-02	8.515893e+00
1.629000e-05	-2.914346e-02	8.261810e+00
1.630000e-05	-2.470176e-02	8.022255e+00
1.631000e-05	-2.350354e-02	7.758498e+00
1.632000e-05	-2.539611e-02	7.525345e+00
1.633000e-05	-2.605653e-02	7.263133e+00
1.634000e-05	-2.366301e-02	6.979049e+00
1.635000e-05	-2.219020e-02	6.755923e+00
1.636000e-05	-2.314546e-02	6.464263e+00
1.637000e-05	-2.492327e-02	6.222101e+00
1.638000e-05	-2.137635e-02	5.989095e+00
1.639000e-05	-1.878665e-02	5.693815e+00
1.640000e-05	-1.855067e-02	5.452209e+00
1.641000e-05	-2.025675e-02	5.108365e+00
1.642000e-05	-2.072861e-02	4.779080e+00
1.643000e-05	-1.818812e-02	4.517342e+00
1.644000e-05	-1.741702e-02	4.316286e+00
1.645000e-05	-1.846852e-02	3.988998e+00
1.646000e-05	-1.958691e-02	3.706841e+00
1.647000e-05	-1.701926e-02	3.424187e+00
1.648000e-05	-1.459385e-02	3.157944e+00
1.649000e-05	-1.404649e-02	2.884690e+00
1.650000e-05	-1.576528e-02	2.620655e+00
1.651000e-05	-1.552898e-02	2.306367e+00
1.652000e-05	-1.365685e-02	2.032636e+00
1.653000e-05	-1.327829e-02	1.780423e+00
1.654000e-05	-1.284667e-02	1.534239e+00
1.655000e-05	-1.479671e-02	1.200478e+00
1.656000e-05	-1.246962e-02	8.451168e-01
1.657000e-05	-1.044281e-02	5.594515e-01
1.658000e-05	-9.768783e-03	2.962697e-01
1.659000e-05	-9.550904e-03	1.556625e-03
1.660000e-05	-2.046032e-03	-2.720788e-01
1.661000e-05	4.950424e-03	-5.340817e-01
1.662000e-05	-2.659748e-03	-7.695213e-01
1.663000e-05	2.448989e-03	-1.063101e+00
1.664000e-05	-3.635153e-03	-1.327468e+00
1.665000e-05	7.318329e-04	-1.600972e+00
1.666000e-05	7.105335e-03	-1.860154e+00
1.667000e-05	5.683415e-02	-2.091081e+00
1.668000e-05	1.240442e-01	-2.398468e+00
1.669000e-05	-4.980157e-02	-2.787964e+00
1.670000e-05	-6.446546e-03	-3.209440e+00
1.671000e-05	-4.262348e-02	-3.421049e+00
1.672000e-05	-3.534354e-02	-3.609997e+00
1.673000e-05	-1.051755e-01	-3.871247e+00
1.674000e-05	1.569475e-01	-4.040150e+00
1.675000e-05	-6.833236e-02	-4.291681e+00
1.676000e-05	1.321284e-02	-4.609116e+00
1.677000e-05	1.558098e-01	-4.859026e+00
1.678000e-05	-1.730810e-01	-5.176492e+00
1.679000e-05	1.714267e-01	-5.521752e+00
1.680000e-05	-1.391018e-01	-5.724912e+00
1.681000e-05	4.941669e-02	-6.010095e+00
1.682000e-05	8.910686e-02	-6.208548e+00
1.683000e-05	-8.695815e-02	-6.566788e+00
1.684000e-05	1.544920e-01	-6.857021e+00
1.685000e-05	-1.246103e-01	-7.081155e+00
1.686000e-05	9.269288e-02	-7.344969e+00
1.687000e-05	-2.842281e-02	-7.587571e+00
1.688000e-05	1.303621e-03	-7.955384e+00
1.689000e-05	1.018793e-01	-8.114388e+00
1.690000e-05	-8.593606e-02	-8.405546e+00
1.691000e-05	1.452456e-01	-8.616573e+00
1.692000e-05	-9.044815e-02	-8.922230e+00
1.693000e-05	6.320596e-02	-9.134305e+00
1.694000e-05	-1.435037e-02	-9.321758e+00
1.695000e-05	2.709699e-02	-9.546410e+00
1.696000e-05	7.002077e-02	-9.757442e+00
1.697000e-05	-3.033956e-02	-9.997570e+00
1.698000e-05	9.124061e-02	-1.020615e+01
1.699000e-05	-5.533933e-02	-1.045880e+01
1.700000e-05	9.591507e-02	-1.061968e+01
1.701000e-05	-3.744348e-02	-1.083017e+01
1.702000e-05	6.826888e-02	-1.107915e+01
1.703000e-05	-8.168131e-04	-1.127073e+01
1.704000e-05	4.767321e-02	-1.145078e+01
1.705000e-05	3.023300e-02	-1.166028e+01
1.706000e-05	1.341539e-02	-1.190075e+01
1.707000e-05	4.615994e-02	-1.206126e+01
1.708000e-05	1.283579e-02	-1.223925e+01
1.709000e-05	6.849305e-02	-1.239807e+01
1.710000e-05	5.277828e-03	-1.258512e+01
1.711000e-05	5.656458e-02	-1.274554e+01
1.712000e-05	1.029855e-02	-1.291193e+01
1.713000e-05	6.107509e-02	-1.307263e+01
1.714000e-05	2.392914e-02	-1.321560e+01
1.715000e-05	5.389891e-02	-1.339498e+01
1.716000e-05	3.467960e-02	-1.349085e+01
1.717000e-05	5.316609e-02	-1.367873e+01
1.718000e-05	4.525818e-02	-1.378607e+01
1.719000e-05	4.103984e-02	-1.394133e+01
1.720000e-05	4.533999e-02	-1.402820e+01
1.721000e-05	4.720121e-02	-1.416404e+01
1.722000e-05	5.950842e-02	-1.426975e+01
1.723000e-05	5.027826e-02	-1.438550e+01
1.724000e-05	5.921562e-02	-1.451388e+01
1.725000e-05	5.315990e-02	-1.457709e+01
1.726000e-05	7.101427e-02	-1.468023e+01
1.727000e-05	5.918756e-02	-1.478444e+01
1.728000e-05	7.018039e-02	-1.481818e+01
1.729000e-05	6.021042e-02	-1.491138e+01
1.730000e-05	7.374822e-02	-1.498656e+01
1.731000e-05	6.885730e-02	-1.506872e+01
1.732000e-05	7.366801e-02	-1.510183e+01
1.733000e-05	7.517554e-02	-1.513244e+01
1.734000e-05	8.537948e-02	-1.519560e+01
1.735000e-05	9.283476e-02	-1.524873e+01
1.736000e-05	8.987999e-02	-1.528175e+01
1.737000e-05	9.154634e-02	-1.529145e+01
1.738000e-05	9.140833e-02	-1.534501e+01
1.739000e-05	1.004652e-01	-1.535549e+01
1.740000e-05	1.026353e-01	-1.538647e+01
1.741000e-05	1.094745e-01	-1.538565e+01
1.742000e-05	1.135951e-01	-1.538664e+01
1.743000e-05	1.247073e-01	-1.536659e+01
1.744000e-05	1.284310e-01	-1.533414e+01
1.745000e-05	1.325158e-01	-1.535499e+01
1.746000e-05	1.390847e-01	-1.529401e+01
1.747000e-05	1.521450e-01	-1.529344e+01
1.748000e-05	1.673046e-01	-1.526078e+01
1.749000e-05	1.832093e-01	-1.522908e+01
1.750000e-05	2.024493e-01	-1.515705e+01
1.751000e-05	2.306030e-01	-1.516493e+01
1.752000e-05	2.499359e-01	-1.507183e+01
1.753000e-05	2.500000e-01	-1.506980e+01
1.754000e-05	2.500000e-01	-1.498614e+01
1.755000e-05	2.500000e-01	-1.492388e+01
1.756000e-05	2.500000e-01	-1.485863e+01
1.757000e-05	2.500000e-01	-1.476547e+01
1.758000e-05	2.500000e-01	-1.467083e+01
1.759000e-05	2.369776e-01	-1.464756e+01
1.760000e-05	2.080366e-01	-1.449226e+01
1.761000e-05	1.831467e-01	-1.435660e+01
1.762000e-05	1.602450e-01	-1.428178e+01
1.763000e-05	1.391765e-01	-1.418506e+01
1.764000e-05	1.234271e-01	-1.406178e+01
1.765000e-05	1.120481e-01	-1.392336e+01
1.766000e-05	1.014205e-01	-1.379720e+01
1.767000e-05	8.926957e-02	-1.366121e+01
1.768000e-05	8.165600e-02	-1.355494e+01
1.769000e-05	7.632484e-02	-1.343712e+01
1.770000e-05	7.164173e-02	-1.324873e+01
1.771000e-05	6.435843e-02	-1.308333e+01
1.772000e-05	5.782026e-02	-1.292452e+01
1.773000e-05	5.476291e-02	-1.281750e+01
1.774000e-05	5.252110e-02	-1.259975e+01
1.775000e-05	4.911571e-02	-1.252078e+01
1.776000e-05	4.288586e-02	-1.229439e+01
1.777000e-05	3.974589e-02	-1.214591e+01
1.778000e-05	3.836697e-02	-1.194239e+01
1.779000e-05	3.659598e-02	-1.169347e+01
1.780000e-05	3.297438e-02	-1.153586e+01
1.781000e-05	3.060447e-02	-1.133284e+01
1.782000e-05	2.998918e-02	-1.112173e+01
1.783000e-05	2.912317e-02	-1.091171e+01
1.784000e-05	2.670515e-02	-1.071489e+01
1.785000e-05	2.384500e-02	-1.052381e+01
1.786000e-05	2.132457e-02	-1.027324e+01
1.787000e-05	2.159159e-02	-1.009118e+01
1.788000e-05	2.085479e-02	-9.851682e+00
1.789000e-05	1.947603e-02	-9.640155e+00
1.790000e-05	1.751118e-02	-9.417100e+00
1.791000e-05	1.801682e-02	-9.188072e+00
1.792000e-05	1.637760e-02	-8.975944e+00
1.793000e-05	1.490594e-02	-8.734941e+00
1.794000e-05	1.201228e-02	-8.513357e+00
1.795000e-05	1.107217e-02	-8.272156e+00
1.796000e-05	1.164465e-02	-8.041229e+00
1.797000e-05	1.165971e-02	-7.756343e+00
1.798000e-05	8.685733e-03	-7.483732e+00
1.799000e-05	8.545354e-03	-7.241100e+00
1.800000e-05	7.981173e-03	-6.967022e+00
1.801000e-05	8.230915e-03	-6.714818e+00
1.802000e-05	4.700407e-03	-6.452257e+00
1.803000e-05	6.370585e-03	-6.219075e+00
1.804000e-05	4.571337e-03	-5.926395e+00
1.805000e-05	4.016282e-03	-5.653281e+00
1.806000e-05	2.055182e-03	-5.418102e+00
1.807000e-05	2.437292e-03	-5.104707e+00
1.808000e-05	1.255768e-03	-4.746970e+00
1.809000e-05	3.748287e-03	-4.495286e+00
1.810000e-05	1.506433e-03	-4.253182e+00
1.811000e-05	1.761067e-03	-4.010499e+00
1.812000e-05	-1.922680e-03	-3.723746e+00
1.813000e-05	-9.217955e-04	-3.451657e+00
1.814000e-05	-3.279656e-03	-3.189395e+00
1.815000e-05	-1.831779e-03	-2.862207e+00
1.816000e-05	-4.399704e-03	-2.591578e+00
1.817000e-05	-1.031244e-03	-2.346938e+00
1.818000e-05	-2.761688e-03	-2.011578e+00
1.819000e-05	-2.327706e-03	-1.757921e+00
1.820000e-05	-5.632896e-03	-1.473760e+00
1.821000e-05	-6.017817e-03	-1.137817e+00
1.822000e-05	-6.847614e-03	-8.536843e-01
1.823000e-05	-6.744116e-03	-5.804739e-01
1.824000e-05	-6.564252e-03	-2.842384e-01
1.825000e-05	-4.559542e-03	-4.355277e-02
1.826000e-05	8.970610e-03	2.431852e-01
1.827000e-05	1.227594e-04	5.153131e-01
1.828000e-05	3.818329e-03	7.859671e-01
1.829000e-05	-1.890316e-04	1.113184e+00
1.830000e-05	8.194066e-04	1.325814e+00
1.831000e-05	-1.700829e-03	1.650684e+00
1.832000e-05	7.177298e-03	1.914237e+00
1.833000e-05	3.262446e-02	2.093793e+00
1.834000e-05	1.080088e-01	2.439500e+00
1.835000e-05	-8.509243e-03	2.796893e+00
1.836000e-05	-4.501949e-02	3.052630e+00
1.837000e-05	-3.363229e-02	3.336368e+00
1.838000e-05	-2.670681e-02	3.641651e+00
1.839000e-05	-7.191382e-02	3.840703e+00
1.840000e-05	-5.146895e-02	4.010551e+00
1.841000e-05	1.113059e-01	4.343336e+00
1.842000e-05	-8.203308e-02	4.618074e+00
1.843000e-05	5.068416e-02	4.850530e+00
1.844000e-05	7.699544e-02	5.187069e+00
1.845000e-05	-1.261374e-01	5.472205e+00
1.846000e-05	7.038948e-02	5.715864e+00
1.847000e-05	-7.391579e-02	6.028626e+00
1.848000e-05	4.763498e-02	6.250699e+00
1.849000e-05	-8.832497e-03	6.554940e+00
1.850000e-05	-4.107707e-02	6.809523e+00
1.851000e-05	3.199706e-02	7.070154e+00
1.852000e-05	-5.741755e-02	7.314858e+00
1.853000e-05	3.184076e-02	7.610124e+00
1.854000e-05	-7.281017e-02	7.871232e+00
1.855000e-05	2.875390e-02	8.146942e+00
1.856000e-05	9.706971e-04	8.396595e+00
1.857000e-05	-2.728932e-02	8.598521e+00
1.858000e-05	1.227044e-02	8.818174e+00
1.859000e-05	-7.369065e-02	9.059255e+00
1.860000e-05	1.213670e-02	9.303311e+00
1.861000e-05	-2.989074e-02	9.503786e+00
1.862000e-05	7.990373e-03	9.726961e+00
1.863000e-05	-4.017025e-02	1.001755e+01
1.864000e-05	-9.649554e-03	1.019855e+01
1.865000e-05	-9.623993e-03	1.041610e+01
1.866000e-05	-3.385137e-02	1.064912e+01
1.867000e-05	-2.123920e-02	1.081810e+01
1.868000e-05	-4.441506e-02	1.103760e+01
1.869000e-05	-3.886276e-03	1.118765e+01
1.870000e-05	-3.071960e-02	1.141810e+01
1.871000e-05	-2.064283e-02	1.161918e+01
1.872000e-05	-4.761895e-02	1.182870e+01
1.873000e-05	-2.317007e-02	1.202917e+01
1.874000e-05	-2.605803e-02	1.216609e+01
1.875000e-05	-2.831788e-02	1.236502e+01
1.876000e-05	-4.077507e-02	1.254439e+01
1.877000e-05	-4.249566e-02	1.273326e+01
1.878000e-05	-2.802346e-02	1.283113e+01
1.879000e-05	-3.932309e-02	1.303712e+01
1.880000e-05	-4.080731e-02	1.315649e+01
1.881000e-05	-5.175850e-02	1.331341e+01
1.882000e-05	-3.207630e-02	1.347876e+01
1.883000e-05	-4.073987e-02	1.361710e+01
1.884000e-05	-4.479063e-02	1.369241e+01
1.885000e-05	-6.039544e-02	1.389870e+01
1.886000e-05	-5.285468e-02	1.401707e+01
1.887000e-05	-4.884629e-02	1.410136e+01
1.888000e-05	-5.283468e-02	1.425020e+01
1.889000e-05	-6.105502e-02	1.438552e+01
1.890000e-05	-6.443616e-02	1.450830e+01
1.891000e-05	-5.536324e-02	1.456546e+01
1.892000e-05	-6.124925e-02	1.466974e+01
1.893000e-05	-6.659908e-02	1.473289e+01
1.894000e-05	-7.621446e-02	1.478657e+01
1.895000e-05	-7.005389e-02	1.485173e+01
1.896000e-05	-7.114395e-02	1.496388e+01
1.897000e-05	-7.844071e-02	1.499704e+01
1.898000e-05	-8.894612e-02	1.502725e+01
1.899000e-05	-9.010640e-02	1.511034e+01
1.900000e-05	-8.416448e-02	1.512339e+01
1.901000e-05	-8.866065e-02	1.516697e+01
1.902000e-05	-9.665663e-02	1.518805e+01
1.903000e-05	-1.032116e-01	1.523778e+01
1.904000e-05	-1.005087e-01	1.523828e+01
1.905000e-05	-1.041961e-01	1.529883e+01
1.906000e-05	-1.141771e-01	1.530088e+01
1.907000e-05	-1.233882e-01	1.527091e+01
1.908000e-05	-1.250856e-01	1.527186e+01
1.909000e-05	-1.236279e-01	1.529128e+01
1.910000e-05	-1.333997e-01	1.533036e+01
1.911000e-05	-1.470414e-01	1.527928e+01
1.912000e-05	-1.574736e-01	1.528920e+01
1.913000e-05	-1.638093e-01	1.523673e+01
1.914000e-05	-1.762845e-01	1.520709e+01
1.915000e-05	-2.003875e-01	1.514650e+01
1.916000e-05	-2.263766e-01	1.512244e+01
1.917000e-05	-2.457008e-01	1.509130e+01
1.918000e-05	-2.499999e-01	1.503818e+01
1.919000e-05	-2.500000e-01	1.494549e+01
1.920000e-05	-2.500000e-01	1.488194e+01
1.921000e-05	-2.500000e-01	1.484916e+01
1.922000e-05	-2.500000e-01	1.481509e+01
1.923000e-05	-2.500000e-01	1.468333e+01
1.924000e-05	-2.500000e-01	1.456705e+01
1.925000e-05	-2.381107e-01	1.448396e+01
1.926000e-05	-2.049328e-01	1.443710e+01
1.927000e-05	-1.796440e-01	1.429231e+01
1.928000e-05	-1.600436e-01	1.416667e+01
1.929000e-05	-1.466832e-01	1.404096e+01
1.930000e-05	-1.287188e-01	1.395495e+01
1.931000e-05	-1.151801e-01	1.385769e+01
1.932000e-05	-1.046069e-01	1.370981e+01
1.933000e-05	-1.013510e-01	1.356494e+01
1.934000e-05	-9.236932e-02	1.339720e+01
1.935000e-05	-8.367043e-02	1.325383e+01
1.936000e-05	-7.556079e-02	1.315287e+01
1.937000e-05	-7.416747e-02	1.299604e+01
1.938000e-05	-7.075750e-02	1.280815e+01
1.939000e-05	-6.530658e-02	1.266166e+01
1.940000e-05	-5.969340e-02	1.254339e+01
1.941000e-05	-5.770497e-02	1.233539e+01
1.942000e-05	-5.729010e-02	1.216557e+01
1.943000e-05	-5.246120e-02	1.200760e+01
1.944000e-05	-4.838310e-02	1.181963e+01
1.945000e-05	-4.556328e-02	1.161968e+01
1.946000e-05	-4.846714e-02	1.141660e+01
1.947000e-05	-4.571377e-02	1.119753e+01
1.948000e-05	-4.308997e-02	1.099700e+01
1.949000e-05	-3.821110e-02	1.080750e+01
1.950000e-05	-3.873715e-02	1.057612e+01
1.951000e-05	-3.814458e-02	1.041805e+01
1.952000e-05	-3.626236e-02	1.016800e+01
1.953000e-05	-3.248486e-02	9.977000e+00
1.954000e-05	-3.306846e-02	9.755916e+00
1.955000e-05	-3.405470e-02	9.483759e+00
1.956000e-05	-3.256162e-02	9.265239e+00
1.957000e-05	-2.983510e-02	9.040711e+00
1.958000e-05	-2.810211e-02	8.839203e+00
1.959000e-05	-2.928512e-02	8.607051e+00
1.960000e-05	-2.865398e-02	8.369000e+00
1.961000e-05	-2.790714e-02	8.135889e+00
1.962000e-05	-2.506038e-02	7.862711e+00
1.963000e-05	-2.536170e-02	7.630627e+00
1.964000e-05	-2.528267e-02	7.366470e+00
1.965000e-05	-2.503975e-02	7.072288e+00
1.966000e-05	-2.168116e-02	6.821157e+00
1.967000e-05	-2.209359e-02	6.597995e+00
1.968000e-05	-2.254801e-02	6.294315e+00
1.969000e-05	-2.264100e-02	6.073237e+00
1.970000e-05	-2.146067e-02	5.789127e+00
1.971000e-05	-2.096619e-02	5.506890e+00
1.972000e-05	-2.049190e-02	5.263683e+00
1.973000e-05	-2.010231e-02	4.895895e+00
1.974000e-05	-1.890921e-02	4.650159e+00
1.975000e-05	-1.759993e-02	4.380050e+00
1.976000e-05	-1.723382e-02	4.096791e+00
1.977000e-05	-1.851482e-02	3.790578e+00
1.978000e-05	-1.819129e-02	3.579543e+00
1.979000e-05	-1.619949e-02	3.244161e+00
1.980000e-05	-1.581816e-02	2.969453e+00
1.981000e-05	-1.565274e-02	2.778446e+00
1.982000e-05	-1.671699e-02	2.420131e+00
1.983000e-05	-1.409697e-02	2.116470e+00
1.984000e-05	-1.321807e-02	1.902238e+00
1.985000e-05	-1.154693e-02	1.569053e+00
1.986000e-05	-1.335699e-02	1.297265e+00
1.987000e-05	-1.243182e-02	9.414789e-01
1.988000e-05	-1.214091e-02	6.961621e-01
1.989000e-05	-1.126087e-02	4.000532e-01
1.990000e-05	-1.038848e-02	1.178937e-01
1.991000e-05	-6.429502e-03	-1.564154e-01
1.992000e-05	6.964920e-03	-4.194734e-01
1.993000e-05	-3.892544e-03	-7.337802e-01
1.994000e-05	4.622402e-03	-9.563407e-01
1.995000e-05	-3.589543e-03	-1.210031e+00
1.996000e-05	3.128143e-03	-1.535384e+00
1.997000e-05	-1.208808e-03	-1.785365e+00
1.998000e-05	3.198750e-02	-1.996445e+00
1.999000e-05	1.192212e-01	-2.254154e+00
2.000000e-05	1.674219e-02	-2.619074e+00
2.001000e-05	-4.289312e-02	-3.011147e+00
2.002000e-05	-1.369872e-02	-3.336888e+00
2.003000e-05	-4.158278e-02	-3.575342e+00
2.004000e-05	-8.530848e-02	-3.777369e+00
2.005000e-05	4.043790e-02	-3.988520e+00
2.006000e-05	1.019062e-01	-4.166421e+00
2.007000e-05	-1.508712e-01	-4.482328e+00
2.008000e-05	2.111411e-01	-4.756338e+00
2.009000e-05	-1.253358e-01	-5.028576e+00
2.010000e-05	5.895012e-02	-5.419546e+00
2.011000e-05	2.013540e-02	-5.639524e+00
2.012000e-05	-1.258716e-01	-5.923386e+00
2.013000e-05	1.893277e-01	-6.094438e+00
2.014000e-05	-1.173987e-01	-6.450598e+00
2.015000e-05	1.222388e-01	-6.735334e+00
2.016000e-05	-3.122794e-02	-6.945963e+00
2.017000e-05	-2.530246e-02	-7.281803e+00
2.018000e-05	8.925293e-02	-7.493255e+00
2.019000e-05	-9.712153e-02	-7.806045e+00
2.020000e-05	1.469568e-01	-8.020148e+00
2.021000e-05	-7.911467e-02	-8.282829e+00
2.022000e-05	8.705800e-02	-8.555910e+00
2.023000e-05	1.291855e-02	-8.796444e+00
2.024000e-05	-4.317825e-02	-9.030174e+00
2.025000e-05	7.825351e-02	-9.239673e+00
2.026000e-05	-5.953549e-02	-9.471749e+00
2.027000e-05	1.284597e-01	-9.704257e+00
2.028000e-05	-5.643545e-02	-9.922831e+00
2.029000e-05	9.041246e-02	-1.011403e+01
2.030000e-05	-3.076871e-02	-1.036544e+01
2.031000e-05	4.979982e-02	-1.057647e+01
2.032000e-05	2.107174e-02	-1.080444e+01
2.033000e-05	5.336351e-03	-1.103599e+01
2.034000e-05	5.631831e-02	-1.116297e+01
2.035000e-05	-7.178037e-03	-1.141757e+01
2.036000e-05	7.808438e-02	-1.159604e+01
2.037000e-05	-1.856387e-02	-1.178762e+01
2.038000e-05	6.508986e-02	-1.202747e+01
2.039000e-05	-2.948827e-03	-1.219647e+01
2.040000e-05	7.015011e-02	-1.235349e+01
2.041000e-05	1.289359e-02	-1.248276e+01
2.042000e-05	4.188071e-02	-1.272078e+01
2.043000e-05	2.369116e-02	-1.284870e+01
2.044000e-05	4.180943e-02	-1.302664e+01
2.045000e-05	4.534464e-02	-1.315394e+01
2.046000e-05	3.405537e-02	-1.331238e+01
2.047000e-05	5.256434e-02	-1.345720e+01
2.048000e-05	3.514091e-02	-1.359402e+01
2.049000e-05	6.009281e-02	-1.374141e+01
2.050000e-05	2.923137e-02	-1.388016e+01
2.051000e-05	5.097588e-02	-1.397449e+01
2.052000e-05	3.700219e-02	-1.410285e+01
2.053000e-05	6.504272e-02	-1.422909e+01
2.054000e-05	4.979773e-02	-1.437444e+01
2.055000e-05	6.009704e-02	-1.447123e+01
2.056000e-05	5.140380e-02	-1.452354e+01
2.057000e-05	6.520398e-02	-1.464970e+01
2.058000e-05	6.333413e-02	-1.475281e+01
2.059000e-05	6.367297e-02	-1.480852e+01
2.060000e-05	6.394415e-02	-1.488928e+01
2.061000e-05	6.764644e-02	-1.496399e+01
2.062000e-05	7.573949e-02	-1.499820e+01
2.063000e-05	7.035661e-02	-1.505982e+01
2.064000e-05	7.704445e-02	-1.513238e+01
2.065000e-05	7.788736e-02	-1.515449e+01
2.066000e-05	9.255586e-02	-1.521712e+01
2.067000e-05	8.890262e-02	-1.527978e+01
2.068000e-05	9.179342e-02	-1.529273e+01
2.069000e-05	8.911178e-02	-1.530291e+01
2.070000e-05	9.927425e-02	-1.533506e+01
2.071000e-05	1.031746e-01	-1.535299e+01
2.072000e-05	1.071762e-01	-1.544452e+01
2.073000e-05	1.113510e-01	-1.538614e+01
2.074000e-05	1.185021e-01	-1.536807e+01
2.075000e-05	1.283175e-01	-1.538549e+01
2.076000e-05	1.318406e-01	-1.536406e+01
2.077000e-05	1.363821e-01	-1.531407e+01
2.078000e-05	1.450052e-01	-1.532396e+01
2.079000e-05	1.619580e-01	-1.529283e+01
2.080000e-05	1.780394e-01	-1.527973e+01
2.081000e-05	1.953650e-01	-1.514807e+01
2.082000e-05	2.187776e-01	-1.520444e+01
2.083000e-05	2.447297e-01	-1.512286e+01
2.084000e-05	2.499999e-01	-1.507038e+01
2.085000e-05	2.500000e-01	-1.498812e+01
2.086000e-05	2.500000e-01	-1.492403e+01
2.087000e-05	2.500000e-01	-1.485028e+01
2.088000e-05	2.500000e-01	-1.482697e+01
2.089000e-05	2.500000e-01	-1.468189e+01
2.090000e-05	2.454933e-01	-1.463970e+01
2.091000e-05	2.173707e-01	-1.455289e+01
2.092000e-05	1.910785e-01	-1.440815e+01
2.093000e-05	1.688560e-01	-1.434439e+01
2.094000e-05	1.476703e-01	-1.422775e+01
2.095000e-05	1.292350e-01	-1.413139e+01
2.096000e-05	1.157008e-01	-1.400657e+01
2.097000e-05	1.047149e-01	-1.387830e+01
2.098000e-05	9.454641e-02	-1.368394e+01
2.099000e-05	8.377743e-02	-1.360655e+01
2.100000e-05	7.685693e-02	-1.346970e+01
2.101000e-05	7.263042e-02	-1.331293e+01
2.102000e-05	6.823202e-02	-1.313747e+01
2.103000e-05	5.988583e-02	-1.299718e+01
2.104000e-05	5.598580e-02	-1.286170e+01
2.105000e-05	5.186051e-02	-1.270384e+01
2.106000e-05	5.084323e-02	-1.253244e+01
2.107000e-05	4.459823e-02	-1.242645e+01
2.108000e-05	4.129082e-02	-1.220660e+01
2.109000e-05	3.783455e-02	-1.199818e+01
2.110000e-05	3.728353e-02	-1.180767e+01
2.111000e-05	3.449968e-02	-1.162862e+01
2.112000e-05	3.258322e-02	-1.134898e+01
2.113000e-05	2.873795e-02	-1.121657e+01
2.114000e-05	2.969096e-02	-1.096704e+01
2.115000e-05	2.830348e-02	-1.079750e+01
2.116000e-05	2.622114e-02	-1.059862e+01
2.117000e-05	2.193074e-02	-1.039802e+01
2.118000e-05	2.098567e-02	-1.015644e+01
2.119000e-05	2.076376e-02	-9.936362e+00
2.120000e-05	2.015030e-02	-9.766441e+00
2.121000e-05	1.824571e-02	-9.513363e+00
2.122000e-05	1.700486e-02	-9.322262e+00
2.123000e-05	1.713002e-02	-9.042178e+00
2.124000e-05	1.592495e-02	-8.849654e+00
2.125000e-05	1.418846e-02	-8.587021e+00
2.126000e-05	1.154440e-02	-8.344890e+00
2.127000e-05	1.093530e-02	-8.124365e+00
2.128000e-05	1.148375e-02	-7.901735e+00
2.129000e-05	1.077827e-02	-7.578941e+00
2.130000e-05	8.898755e-03	-7.325436e+00
2.131000e-05	8.401388e-03	-7.080211e+00
2.132000e-05	7.284905e-03	-6.839579e+00
2.133000e-05	6.631867e-03	-6.556417e+00
2.134000e-05	6.237477e-03	-6.303287e+00
2.135000e-05	5.192389e-03	-6.030627e+00
2.136000e-05	4.393552e-03	-5.778423e+00
2.137000e-05	4.988372e-03	-5.466290e+00
2.138000e-05	2.629597e-03	-5.189549e+00
2.139000e-05	1.095969e-03	-4.882685e+00
2.140000e-05	2.415956e-03	-4.567878e+00
2.141000e-05	1.171692e-03	-4.384895e+00
2.142000e-05	2.714014e-03	-4.063767e+00
2.143000e-05	-9.844382e-04	-3.810449e+00
2.144000e-05	-4.594330e-04	-3.575894e+00
2.145000e-05	-3.618108e-03	-3.294313e+00
2.146000e-05	-2.899400e-04	-2.958900e+00
2.147000e-05	-3.986904e-03	-2.713890e+00
2.148000e-05	-1.952059e-03	-2.439704e+00
2.149000e-05	-4.593639e-03	-2.145900e+00
2.150000e-05	-1.434685e-03	-1.883156e+00
2.151000e-05	-5.053811e-03	-1.581528e+00
2.152000e-05	-5.391756e-03	-1.251661e+00
2.153000e-05	-8.073686e-03	-9.773963e-01
2.154000e-05	-5.859619e-03	-7.047095e-01
2.155000e-05	-6.035605e-03	-3.890189e-01
2.156000e-05	-5.552022e-03	-9.626581e-02
2.157000e-05	2.879992e-03	1.178921e-01
2.158000e-05	6.319421e-03	4.310739e-01
2.159000e-05	3.605171e-04	6.741580e-01
2.160000e-05	3.473427e-03	9.573407e-01
2.161000e-05	-3.873387e-03	1.243131e+00
2.162000e-05	1.608961e-03	1.528366e+00
2.163000e-05	-1.178114e-03	1.820551e+00
2.164000e-05	2.213488e-02	2.030025e+00
2.165000e-05	8.123068e-02	2.294232e+00
2.166000e-05	6.214427e-02	2.651653e+00
2.167000e-05	-6.194494e-02	2.926467e+00
2.168000e-05	-2.401741e-02	3.210475e+00
2.169000e-05	-4.032087e-02	3.534287e+00
2.170000e-05	-4.022570e-02	3.766418e+00
2.171000e-05	-8.646670e-02	3.947840e+00
2.172000e-05	5.944250e-02	4.159555e+00
2.173000e-05	3.266855e-02	4.504389e+00
2.174000e-05	-8.748151e-02	4.756869e+00
2.175000e-05	1.767231e-01	5.020083e+00
2.176000e-05	-1.331912e-01	5.359095e+00
2.177000e-05	3.203464e-02	5.629576e+00
2.178000e-05	-2.185684e-02	5.955337e+00
2.179000e-05	-1.939375e-02	6.156392e+00
2.180000e-05	5.372026e-02	6.448623e+00
2.181000e-05	-7.235483e-02	6.724858e+00
2.182000e-05	4.135562e-02	6.956416e+00
2.183000e-05	-4.935413e-02	7.219653e+00
2.184000e-05	1.372414e-02	7.570863e+00
2.185000e-05	-3.770920e-02	7.817921e+00
2.186000e-05	-2.136528e-02	8.069680e+00
2.187000e-05	3.369462e-02	8.323363e+00
2.188000e-05	-3.901834e-02	8.533361e+00
2.189000e-05	1.501801e-02	8.745911e+00
2.190000e-05	-4.635738e-02	8.966441e+00
2.191000e-05	-2.820225e-02	9.259173e+00
2.192000e-05	1.389481e-04	9.419678e+00
2.193000e-05	-1.646959e-02	9.710231e+00
2.194000e-05	-1.041712e-02	9.912313e+00
2.195000e-05	-3.615842e-02	1.014489e+01
2.196000e-05	4.659027e-03	1.036281e+01
2.197000e-05	-3.224880e-02	1.050289e+01
2.198000e-05	-2.254856e-02	1.075384e+01
2.199000e-05	-3.720431e-02	1.097644e+01
2.200000e-05	-2.301315e-02	1.117401e+01
2.201000e-05	-1.141908e-02	1.137296e+01
2.202000e-05	-3.138868e-02	1.161537e+01
2.203000e-05	-3.172939e-02	1.175544e+01
2.204000e-05	-3.997491e-02	1.199504e+01
2.205000e-05	-1.812971e-02	1.213396e+01
2.206000e-05	-2.979286e-02	1.229181e+01
2.207000e-05	-3.435373e-02	1.248125e+01
2.208000e-05	-4.445356e-02	1.262915e+01
2.209000e-05	-3.375848e-02	1.280910e+01
2.210000e-05	-3.163923e-02	1.292596e+01
2.211000e-05	-4.203921e-02	1.310081e+01
2.212000e-05	-4.671412e-02	1.328123e+01
2.213000e-05	-4.147873e-02	1.339762e+01
2.214000e-05	-3.465879e-02	1.353339e+01
2.215000e-05	-4.350485e-02	1.366025e+01
2.216000e-05	-5.642009e-02	1.380717e+01
2.217000e-05	-5.691476e-02	1.393231e+01
2.218000e-05	-4.885678e-02	1.405126e+01
2.219000e-05	-4.961988e-02	1.421659e+01
2.220000e-05	-5.900099e-02	1.428291e+01
2.221000e-05	-6.468327e-02	1.442812e+01
2.222000e-05	-5.753222e-02	1.448186e+01
2.223000e-05	-5.878852e-02	1.455607e+01
2.224000e-05	-6.452366e-02	1.467341e+01
2.225000e-05	-7.518106e-02	1.474697e+01
2.226000e-05	-7.140081e-02	1.484763e+01
2.227000e-05	-6.998743e-02	1.491286e+01
2.228000e-05	-7.507550e-02	1.493399e+01
2.229000e-05	-8.606168e-02	1.501768e+01
2.230000e-05	-9.042460e-02	1.508926e+01
2.231000e-05	-8.568298e-02	1.510186e+01
2.232000e-05	-8.599467e-02	1.515547e+01
2.233000e-05	-9.301036e-02	1.517715e+01
2.234000e-05	-1.018912e-01	1.517722e+01
2.235000e-05	-1.009469e-01	1.525878e+01
2.236000e-05	-1.038615e-01	1.525033e+01
2.237000e-05	-1.101114e-01	1.526076e+01
2.238000e-05	-1.218895e-01	1.529238e+01
2.239000e-05	-1.234481e-01	1.532334e+01
2.240000e-05	-1.247196e-01	1.529283e+01
2.241000e-05	-1.294754e-01	1.531241e+01
2.242000e-05	-1.418719e-01	1.525179e+01
2.243000e-05	-1.541585e-01	1.525920e+01
2.244000e-05	-1.600244e-01	1.521772e+01
2.245000e-05	-1.719556e-01	1.520665e+01
2.246000e-05	-1.898193e-01	1.514654e+01
2.247000e-05	-2.164578e-01	1.510397e+01
2.248000e-05	-2.399844e-01	1.511136e+01
2.249000e-05	-2.499811e-01	1.503818e+01
2.250000e-05	-2.500000e-01	1.502607e+01
2.251000e-05	-2.500000e-01	1.489442e+01
2.252000e-05	-2.500000e-01	1.490278e+01
2.253000e-05	-2.500000e-01	1.479712e+01
2.254000e-05	-2.500000e-01	1.472234e+01
2.255000e-05	-2.500000e-01	1.466860e+01
2.256000e-05	-2.459158e-01	1.451547e+01
2.257000e-05	-2.176253e-01	1.446970e+01
2.258000e-05	-1.874025e-01	1.435647e+01
2.259000e-05	-1.655465e-01	1.422710e+01
2.260000e-05	-1.511162e-01	1.409391e+01
2.261000e-05	-1.362796e-01	1.399805e+01
2.262000e-05	-1.201087e-01	1.385875e+01
2.263000e-05	-1.076580e-01	1.372348e+01
2.264000e-05	-1.021875e-01	1.361715e+01
2.265000e-05	-9.556815e-02	1.346176e+01
2.266000e-05	-8.720464e-02	1.335494e+01
2.267000e-05	-7.757217e-02	1.318710e+01
2.268000e-05	-7.450393e-02	1.302917e+01
2.269000e-05	-7.085482e-02	1.292086e+01
2.270000e-05	-6.867046e-02	1.274592e+01
2.271000e-05	-6.010152e-02	1.258502e+01
2.272000e-05	-5.838225e-02	1.239958e+01
2.273000e-05	-5.566119e-02	1.222020e+01
2.274000e-05	-5.585991e-02	1.205976e+01
2.275000e-05	-4.936287e-02	1.190429e+01
2.276000e-05	-4.599211e-02	1.170233e+01
2.277000e-05	-4.651435e-02	1.147176e+01
2.278000e-05	-4.645059e-02	1.129216e+01
2.279000e-05	-4.403575e-02	1.106176e+01
2.280000e-05	-3.886694e-02	1.087273e+01
2.281000e-05	-3.911022e-02	1.068221e+01
2.282000e-05	-3.848750e-02	1.050273e+01
2.283000e-05	-3.826818e-02	1.022373e+01
2.284000e-05	-3.332742e-02	1.007113e+01
2.285000e-05	-3.353169e-02	9.868654e+00
2.286000e-05	-3.407150e-02	9.547021e+00
2.287000e-05	-3.390027e-02	9.397498e+00
2.288000e-05	-3.040182e-02	9.137893e+00
2.289000e-05	-2.907206e-02	8.933312e+00
2.290000e-05	-2.894314e-02	8.652210e+00
2.291000e-05	-2.958518e-02	8.483261e+00
2.292000e-05	-2.786765e-02	8.210580e+00
2.293000e-05	-2.563680e-02	7.966468e+00
2.294000e-05	-2.517545e-02	7.725864e+00
2.295000e-05	-2.640683e-02	7.450160e+00
2.296000e-05	-2.526859e-02	7.169974e+00
2.297000e-05	-2.294539e-02	6.936895e+00
2.298000e-05	-2.153898e-02	6.702765e+00
2.299000e-05	-2.397386e-02	6.409547e+00
2.300000e-05	-2.321381e-02	6.147447e+00
2.301000e-05	-2.182027e-02	5.915841e+00
2.302000e-05	-2.019034e-02	5.621158e+00
2.303000e-05	-2.035201e-02	5.409524e+00
2.304000e-05	-2.035586e-02	5.021610e+00
2.305000e-05	-1.989079e-02	4.727847e+00
2.306000e-05	-1.909910e-02	4.485261e+00
2.307000e-05	-1.835949e-02	4.222556e+00
2.308000e-05	-1.904622e-02	3.945866e+00
2.309000e-05	-1.841578e-02	3.674184e+00
2.310000e-05	-1.651977e-02	3.368554e+00
2.311000e-05	-1.553610e-02	3.076260e+00
2.312000e-05	-1.582386e-02	2.833632e+00
2.313000e-05	-1.613083e-02	2.526924e+00
2.314000e-05	-1.463248e-02	2.261639e+00
2.315000e-05	-1.339253e-02	2.011079e+00
2.316000e-05	-1.249812e-02	1.726418e+00
2.317000e-05	-1.340298e-02	1.399530e+00
2.318000e-05	-1.305094e-02	1.135845e+00
2.319000e-05	-1.203844e-02	7.895477e-01
2.320000e-05	-1.147707e-02	4.962671e-01
2.321000e-05	-1.130672e-02	2.236332e-01
2.322000e-05	-9.078330e-03	-8.157764e-02
2.323000e-05	2.906050e-03	-2.742856e-01
2.324000e-05	2.728632e-03	-6.074882e-01
2.325000e-05	-2.644819e-04	-8.626326e-01
2.326000e-05	4.438306e-04	-1.144709e+00
2.327000e-05	-2.086083e-04	-1.462100e+00
2.328000e-05	-4.761159e-04	-1.682705e+00
2.329000e-05	1.448312e-02	-1.895661e+00
2.330000e-05	7.974184e-02	-2.144237e+00
2.331000e-05	9.604795e-02	-2.503158e+00
2.332000e-05	-6.364014e-02	-2.922826e+00
2.333000e-05	4.137636e-03	-3.262200e+00
2.334000e-05	-4.947997e-02	-3.492707e+00
2.335000e-05	-4.466509e-02	-3.692779e+00
2.336000e-05	-7.481290e-02	-3.874866e+00
2.337000e-05	1.827553e-01	-4.072730e+00
2.338000e-05	-1.557393e-01	-4.366916e+00
2.339000e-05	1.157746e-01	-4.692182e+00
2.340000e-05	4.474150e-02	-4.893284e+00
2.341000e-05	-1.177342e-01	-5.242852e+00
2.342000e-05	1.605260e-01	-5.493890e+00
2.343000e-05	-1.922683e-01	-5.818071e+00
2.344000e-05	1.433836e-01	-6.091729e+00
2.345000e-05	-1.017965e-02	-6.312283e+00
2.346000e-05	-9.726621e-03	-6.609627e+00
2.347000e-05	1.058588e-01	-6.889225e+00
2.348000e-05	-1.225657e-01	-7.176462e+00
2.349000e-05	1.305971e-01	-7.439076e+00
2.350000e-05	-9.016889e-02	-7.670355e+00
2.351000e-05	7.802842e-02	-8.008016e+00
2.352000e-05	2.773349e-02	-8.186491e+00
2.353000e-05	-3.305721e-02	-8.460748e+00
2.354000e-05	1.245061e-01	-8.663806e+00
2.355000e-05	-1.086628e-01	-8.935390e+00
2.356000e-05	1.022690e-01	-9.175434e+00
2.357000e-05	-6.137264e-02	-9.364562e+00
2.358000e-05	8.928626e-02	-9.639623e+00
2.359000e-05	9.138933e-03	-9.819103e+00
2.360000e-05	1.802211e-02	-1.005918e+01
2.361000e-05	4.810227e-02	-1.026858e+01
2.362000e-05	-2.807993e-02	-1.053281e+01
2.363000e-05	8.573868e-02	-1.068125e+01
2.364000e-05	-4.081523e-02	-1.089988e+01
2.365000e-05	8.301175e-02	-1.108278e+01
2.366000e-05	-2.190347e-02	-1.132341e+01
2.367000e-05	7.635911e-02	-1.150331e+01
2.368000e-05	-9.843125e-04	-1.169186e+01
2.369000e-05	3.992077e-02	-1.194233e+01
2.370000e-05	2.080323e-02	-1.208178e+01
2.371000e-05	3.759771e-02	-1.229131e+01
2.372000e-05	4.980655e-02	-1.243915e+01
2.373000e-05	1.561336e-02	-1.262717e+01
2.374000e-05	4.826966e-02	-1.276702e+01
2.375000e-05	1.616921e-02	-1.295506e+01
2.376000e-05	6.355014e-02	-1.312133e+01
2.377000e-05	2.037462e-02	-1.326963e+01
2.378000e-05	5.930120e-02	-1.338717e+01
2.379000e-05	2.713180e-02	-1.353289e+01
2.380000e-05	6.157931e-02	-1.367230e+01
2.381000e-05	3.486783e-02	-1.380757e+01
2.382000e-05	4.922307e-02	-1.394288e+01
2.383000e-05	3.937727e-02	-1.404873e+01
2.384000e-05	5.585914e-02	-1.419617e+01
2.385000e-05	5.699947e-02	-1.431183e+01
2.386000e-05	5.384518e-02	-1.441715e+01
2.387000e-05	5.494401e-02	-1.450386e+01
2.388000e-05	5.566071e-02	-1.462762e+01
2.389000e-05	6.974082e-02	-1.470281e+01
2.390000e-05	6.042192e-02	-1.476452e+01
2.391000e-05	6.931831e-02	-1.484923e+01
2.392000e-05	6.252323e-02	-1.491339e+01
2.393000e-05	7.785356e-02	-1.500662e+01
2.394000e-05	6.966631e-02	-1.507975e+01
2.395000e-05	7.686581e-02	-1.509231e+01
2.396000e-05	7.434650e-02	-1.515249e+01
2.397000e-05	8.855946e-02	-1.522707e+01
2.398000e-05	8.955189e-02	-1.521923e+01
2.399000e-05	9.135026e-02	-1.525023e+01
2.400000e-05	9.103497e-02	-1.528236e+01
2.401000e-05	9.444239e-02	-1.538449e+01
2.402000e-05	1.042193e-01	-1.531449e+01
2.403000e-05	1.047714e-01	-1.538549e+01
2.404000e-05	1.104575e-01	-1.540504e+01
2.405000e-05	1.140476e-01	-1.539499e+01
2.406000e-05	1.259374e-01	-1.540555e+01
2.407000e-05	1.291895e-01	-1.535502e+01
2.408000e-05	1.345678e-01	-1.534406e+01
2.409000e-05	1.407603e-01	-1.531483e+01
2.410000e-05	1.562408e-01	-1.528436e+01
2.411000e-05	1.720850e-01	-1.531183e+01
2.412000e-05	1.883455e-01	-1.524072e+01
2.413000e-05	2.090976e-01	-1.517450e+01
2.414000e-05	2.369478e-01	-1.514441e+01
2.415000e-05	2.499989e-01	-1.510073e+01
2.416000e-05	2.500000e-01	-1.502922e+01
2.417000e-05	2.500000e-01	-1.496554e+01
2.418000e-05	2.500000e-01	-1.489181e+01
2.419000e-05	2.500000e-01	-1.480660e+01
2.420000e-05	2.500000e-01	-1.475394e+01
2.421000e-05	2.495900e-01	-1.467218e+01
2.422000e-05	2.294607e-01	-1.457612e+01
2.423000e-05	2.002888e-01	-1.445231e+01
2.424000e-05	1.761151e-01	-1.436507e+01
2.425000e-05	1.545696e-01	-1.427870e+01
2.426000e-05	1.347896e-01	-1.415409e+01
2.427000e-05	1.200678e-01	-1.403812e+01
2.428000e-05	1.098174e-01	-1.393081e+01
2.429000e-05	9.833675e-02	-1.377459e+01
2.430000e-05	8.727160e-02	-1.359815e+01
2.431000e-05	7.897625e-02	-1.349128e+01
2.432000e-05	7.477910e-02	-1.335351e+01
2.433000e-05	7.001274e-02	-1.323755e+01
2.434000e-05	6.298347e-02	-1.305070e+01
2.435000e-05	5.666307e-02	-1.292449e+01
2.436000e-05	5.287456e-02	-1.276642e+01
2.437000e-05	5.093079e-02	-1.257762e+01
2.438000e-05	4.701795e-02	-1.244960e+01
2.439000e-05	4.218179e-02	-1.226226e+01
2.440000e-05	3.957839e-02	-1.207488e+01
2.441000e-05	3.930068e-02	-1.189176e+01
2.442000e-05	3.595055e-02	-1.165073e+01
2.443000e-05	3.137020e-02	-1.144173e+01
2.444000e-05	2.851520e-02	-1.124123e+01
2.445000e-05	2.916366e-02	-1.107120e+01
2.446000e-05	2.916962e-02	-1.082016e+01
2.447000e-05	2.692222e-02	-1.064178e+01
2.448000e-05	2.344330e-02	-1.044116e+01
2.449000e-05	2.311160e-02	-1.026965e+01
2.450000e-05	2.247123e-02	-1.002802e+01
2.451000e-05	2.024190e-02	-9.829148e+00
2.452000e-05	1.714262e-02	-9.588024e+00
2.453000e-05	1.626644e-02	-9.355440e+00
2.454000e-05	1.813991e-02	-9.123918e+00
2.455000e-05	1.681940e-02	-8.905362e+00
2.456000e-05	1.368733e-02	-8.712186e+00
2.457000e-05	1.145498e-02	-8.460181e+00
2.458000e-05	1.141150e-02	-8.209072e+00
2.459000e-05	1.205799e-02	-7.957521e+00
2.460000e-05	1.120424e-02	-7.703311e+00
2.461000e-05	8.750888e-03	-7.401028e+00
2.462000e-05	9.137816e-03	-7.148543e+00
2.463000e-05	8.922667e-03	-6.923759e+00
2.464000e-05	8.323873e-03	-6.651682e+00
2.465000e-05	4.166973e-03	-6.398949e+00
2.466000e-05	3.924815e-03	-6.136914e+00
2.467000e-05	3.812553e-03	-5.853308e+00
2.468000e-05	5.578242e-03	-5.600020e+00
2.469000e-05	3.937253e-03	-5.333839e+00
2.470000e-05	1.575786e-03	-5.019623e+00
2.471000e-05	2.098438e-03	-4.701912e+00
2.472000e-05	2.815752e-03	-4.451630e+00
2.473000e-05	2.672916e-03	-4.200028e+00
2.474000e-05	-7.694907e-04	-3.958443e+00
2.475000e-05	-9.989945e-04	-3.620658e+00
2.476000e-05	-3.121842e-03	-3.360003e+00
2.477000e-05	-1.927019e-03	-3.106337e+00
2.478000e-05	-3.572312e-03	-2.790079e+00
2.479000e-05	-3.139398e-03	-2.525844e+00
2.480000e-05	-1.818556e-03	-2.265262e+00
2.481000e-05	-1.083883e-03	-1.958019e+00
2.482000e-05	-3.402450e-03	-1.704763e+00
2.483000e-05	-5.449901e-03	-1.370401e+00
2.484000e-05	-7.892320e-03	-1.043784e+00
2.485000e-05	-7.085077e-03	-8.015516e-01
2.486000e-05	-6.942768e-03	-4.752686e-01
2.487000e-05	-5.888319e-03	-2.320854e-01
2.488000e-05	-2.494861e-03	5.265914e-02
2.489000e-05	1.016140e-02	3.268870e-01
2.490000e-05	-1.318142e-03	5.894248e-01
2.491000e-05	5.846287e-03	8.305487e-01
2.492000e-05	-4.072123e-03	1.136763e+00
2.493000e-05	2.352545e-04	1.409450e+00
2.494000e-05	-4.486892e-03	1.746236e+00
2.495000e-05	1.233702e-02	1.966919e+00
2.496000e-05	4.756648e-02	2.217972e+00
2.497000e-05	1.064846e-01	2.492833e+00
2.498000e-05	-4.242025e-02	2.901130e+00
2.499000e-05	-3.040329e-02	3.136791e+00
2.500000e-05	-4.068845e-02	3.428975e+00
2.501000e-05	-2.582297e-02	3.672682e+00
2.502000e-05	-8.788025e-02	3.915706e+00
2.503000e-05	-1.451261e-02	4.081730e+00
2.504000e-05	1.101699e-01	4.429102e+00
2.505000e-05	-1.249461e-01	4.683712e+00
2.506000e-05	1.358626e-01	4.902265e+00
2.507000e-05	-2.071661e-02	5.303758e+00
2.508000e-05	-7.021889e-02	5.525363e+00
2.509000e-05	4.952572e-02	5.809601e+00
2.510000e-05	-7.325254e-02	6.083206e+00
2.511000e-05	6.869787e-02	6.314311e+00
2.512000e-05	-4.628628e-02	6.607574e+00
2.513000e-05	-3.705520e-03	6.882779e+00
2.514000e-05	1.566053e-03	7.094388e+00
2.515000e-05	-3.595750e-02	7.388594e+00
2.516000e-05	1.667488e-02	7.662256e+00
2.517000e-05	-6.695043e-02	7.955422e+00
2.518000e-05	4.376083e-02	8.229724e+00
2.519000e-05	-2.306252e-02	8.450754e+00
2.520000e-05	-1.015221e-02	8.639624e+00
2.521000e-05	-4.197815e-03	8.902284e+00
2.522000e-05	-6.756912e-02	9.114837e+00
2.523000e-05	2.050960e-02	9.325315e+00
2.524000e-05	-3.281843e-02	9.585470e+00
2.525000e-05	1.160441e-02	9.817095e+00
2.526000e-05	-4.773580e-02	1.001973e+01
2.527000e-05	1.692730e-03	1.023865e+01
2.528000e-05	-1.996040e-02	1.045966e+01
2.529000e-05	-2.919803e-02	1.064873e+01
2.530000e-05	-2.440553e-02	1.089173e+01
2.531000e-05	-4.193462e-02	1.108073e+01
2.532000e-05	-1.198379e-04	1.127026e+01
2.533000e-05	-3.554279e-02	1.149033e+01
2.534000e-05	-2.040429e-02	1.169333e+01
2.535000e-05	-5.075207e-02	1.188130e+01
2.536000e-05	-1.757640e-02	1.204021e+01
2.537000e-05	-2.802953e-02	1.226017e+01
2.538000e-05	-2.872317e-02	1.243112e+01
2.539000e-05	-4.355784e-02	1.259604e+01
2.540000e-05	-4.099374e-02	1.276391e+01
2.541000e-05	-2.755643e-02	1.286133e+01
2.542000e-05	-4.135690e-02	1.304975e+01
2.543000e-05	-4.232239e-02	1.320607e+01
2.544000e-05	-5.044973e-02	1.335401e+01
2.545000e-05	-3.082507e-02	1.349171e+01
2.546000e-05	-4.204534e-02	1.361865e+01
2.547000e-05	-4.864708e-02	1.376486e+01
2.548000e-05	-6.119252e-02	1.388935e+01
2.549000e-05	-5.188330e-02	1.399660e+01
2.550000e-05	-4.710492e-02	1.414494e+01
2.551000e-05	-5.495829e-02	1.427033e+01
2.552000e-05	-6.274829e-02	1.439644e+01
2.553000e-05	-6.367483e-02	1.449080e+01
2.554000e-05	-5.566432e-02	1.457495e+01
2.555000e-05	-6.231560e-02	1.465125e+01
2.556000e-05	-6.903094e-02	1.476396e+01
2.557000e-05	-7.596193e-02	1.481862e+01
2.558000e-05	-6.934330e-02	1.484228e+01
2.559000e-05	-7.164169e-02	1.494291e+01
2.560000e-05	-8.121538e-02	1.499717e+01
2.561000e-05	-9.013615e-02	1.503975e+01
2.562000e-05	-8.893709e-02	1.510078e+01
2.563000e-05	-8.375473e-02	1.512484e+01
2.564000e-05	-9.018569e-02	1.515604e+01
2.565000e-05	-9.957302e-02	1.520762e+01
2.566000e-05	-1.035586e-01	1.524781e+01
2.567000e-05	-1.019987e-01	1.528928e+01
2.568000e-05	-1.061799e-01	1.526985e+01
2.569000e-05	-1.178997e-01	1.533188e+01
2.570000e-05	-1.240180e-01	1.532236e+01
2.571000e-05	-1.244239e-01	1.535083e+01
2.572000e-05	-1.250410e-01	1.524033e+01
2.573000e-05	-1.368909e-01	1.528240e+01
2.574000e-05	-1.500054e-01	1.528973e+01
2.575000e-05	-1.584240e-01	1.524930e+01
2.576000e-05	-1.656482e-01	1.518660e+01
2.577000e-05	-1.810098e-01	1.521712e+01
2.578000e-05	-2.066681e-01	1.512551e+01
2.579000e-05	-2.316820e-01	1.514384e+01
2.580000e-05	-2.488730e-01	1.503029e+01
2.581000e-05	-2.500000e-01	1.502912e+01
2.582000e-05	-2.500000e-01	1.492649e+01
2.583000e-05	-2.500000e-01	1.492134e+01
2.584000e-05	-2.500000e-01	1.480863e+01
2.585000e-05	-2.500000e-01	1.474496e+01
2.586000e-05	-2.500000e-01	1.468077e+01
2.587000e-05	-2.491895e-01	1.455554e+01
2.588000e-05	-2.303455e-01	1.449186e+01
2.589000e-05	-1.977319e-01	1.438712e+01
2.590000e-05	-1.728280e-01	1.427126e+01
2.591000e-05	-1.559739e-01	1.418702e+01
2.592000e-05	-1.416410e-01	1.401915e+01
2.593000e-05	-1.250231e-01	1.392093e+01
2.594000e-05	-1.113785e-01	1.379719e+01
2.595000e-05	-1.041792e-01	1.366975e+01
2.596000e-05	-9.968763e-02	1.351494e+01
2.597000e-05	-9.024068e-02	1.340509e+01
2.598000e-05	-8.088925e-02	1.324016e+01
2.599000e-05	-7.368043e-02	1.308276e+01
2.600000e-05	-7.348780e-02	1.290296e+01
2.601000e-05	-6.941664e-02	1.279857e+01
2.602000e-05	-6.370830e-02	1.261063e+01
2.603000e-05	-5.809508e-02	1.246176e+01
2.604000e-05	-5.738176e-02	1.230284e+01
2.605000e-05	-5.620954e-02	1.213302e+01
2.606000e-05	-5.124885e-02	1.193754e+01
2.607000e-05	-4.737775e-02	1.174694e+01
2.608000e-05	-4.609995e-02	1.156642e+01
2.609000e-05	-4.722916e-02	1.136592e+01
2.610000e-05	-4.530773e-02	1.111742e+01
2.611000e-05	-4.096024e-02	1.098589e+01
2.612000e-05	-3.799498e-02	1.076747e+01
2.613000e-05	-3.908173e-02	1.054451e+01
2.614000e-05	-3.855632e-02	1.034539e+01
2.615000e-05	-3.593024e-02	1.014542e+01
2.616000e-05	-3.370980e-02	9.913284e+00
2.617000e-05	-3.378241e-02	9.732636e+00
2.618000e-05	-3.439413e-02	9.440206e+00
2.619000e-05	-3.206300e-02	9.230206e+00
2.620000e-05	-2.957884e-02	9.019150e+00
2.621000e-05	-2.864888e-02	8.796999e+00
2.622000e-05	-2.950348e-02	8.577470e+00
2.623000e-05	-2.892125e-02	8.284392e+00
2.624000e-05	-2.722662e-02	8.103261e+00
2.625000e-05	-2.596613e-02	7.810026e+00
2.626000e-05	-2.548314e-02	7.527498e+00
2.627000e-05	-2.662308e-02	7.292814e+00
2.628000e-05	-2.490961e-02	7.019604e+00
2.629000e-05	-2.329818e-02	6.837950e+00
2.630000e-05	-2.332607e-02	6.524865e+00
2.631000e-05	-2.437473e-02	6.262736e+00
2.632000e-05	-2.260153e-02	6.019628e+00
2.633000e-05	-1.994095e-02	5.736844e+00
2.634000e-05	-2.039885e-02	5.494160e+00
2.635000e-05	-2.053953e-02	5.168078e+00
2.636000e-05	-2.070729e-02	4.851705e+00
2.637000e-05	-1.836546e-02	4.597949e+00
2.638000e-05	-1.841989e-02	4.327895e+00
2.639000e-05	-1.929960e-02	4.041579e+00
2.640000e-05	-1.888386e-02	3.767973e+00
2.641000e-05	-1.666124e-02	3.495887e+00
2.642000e-05	-1.472355e-02	3.210077e+00
2.643000e-05	-1.627705e-02	2.926846e+00
2.644000e-05	-1.620520e-02	2.703728e+00
2.645000e-05	-1.668356e-02	2.367398e+00
2.646000e-05	-1.360577e-02	2.104238e+00
2.647000e-05	-1.379172e-02	1.802008e+00
2.648000e-05	-1.324365e-02	1.526770e+00
2.649000e-05	-1.273400e-02	1.223534e+00
2.650000e-05	-1.137503e-02	8.958198e-01
2.651000e-05	-1.076105e-02	5.910805e-01
2.652000e-05	-1.104927e-02	3.289188e-01
2.653000e-05	-8.360135e-03	4.313277e-02
2.654000e-05	-4.436052e-03	-2.090761e-01
2.655000e-05	7.274984e-03	-4.715328e-01
2.656000e-05	-5.211629e-03	-7.468907e-01
2.657000e-05	4.615053e-03	-1.031075e+00
2.658000e-05	-4.004973e-03	-1.325733e+00
2.659000e-05	3.788961e-03	-1.597947e+00
2.660000e-05	2.888510e-03	-1.839999e+00
2.661000e-05	4.609138e-02	-2.051103e+00
2.662000e-05	1.294857e-01	-2.336413e+00
2.663000e-05	-3.008673e-02	-2.723859e+00
2.664000e-05	-1.833673e-02	-3.156388e+00
2.665000e-05	-3.300456e-02	-3.388974e+00
2.666000e-05	-3.460540e-02	-3.578521e+00
2.667000e-05	-1.047732e-01	-3.830081e+00
2.668000e-05	1.229135e-01	-4.048503e+00
2.669000e-05	-3.845961e-03	-4.239629e+00
2.670000e-05	-6.240535e-02	-4.585415e+00
2.671000e-05	1.951847e-01	-4.808596e+00
2.672000e-05	-1.847593e-01	-5.164859e+00
2.673000e-05	1.459538e-01	-5.461226e+00
2.674000e-05	-8.815677e-02	-5.693283e+00
2.675000e-05	-1.681994e-02	-6.027540e+00
2.676000e-05	1.425014e-01	-6.216522e+00
2.677000e-05	-1.149752e-01	-6.523304e+00
2.678000e-05	1.590059e-01	-6.797467e+00
2.679000e-05	-1.026437e-01	-7.041204e+00
2.680000e-05	5.428336e-02	-7.315388e+00
2.681000e-05	1.751215e-02	-7.555544e+00
2.682000e-05	-4.451744e-02	-7.861708e+00
2.683000e-05	1.301218e-01	-8.112811e+00
2.684000e-05	-9.980864e-02	-8.335414e+00
2.685000e-05	1.374824e-01	-8.616564e+00
2.686000e-05	-6.060259e-02	-8.808649e+00
2.687000e-05	2.524093e-02	-9.062283e+00
2.688000e-05	2.171456e-02	-9.291257e+00
2.689000e-05	-1.122771e-02	-9.514436e+00
2.690000e-05	1.018051e-01	-9.744864e+00
2.691000e-05	-5.232972e-02	-9.965340e+00
2.692000e-05	1.006594e-01	-1.018649e+01
2.693000e-05	-5.670985e-02	-1.040907e+01
2.694000e-05	8.913321e-02	-1.065803e+01
2.695000e-05	-2.031048e-02	-1.080755e+01
2.696000e-05	4.630905e-02	-1.103767e+01
2.697000e-05	1.735683e-02	-1.118767e+01
2.698000e-05	2.496210e-02	-1.144967e+01
2.699000e-05	5.132307e-02	-1.163818e+01
2.700000e-05	-2.320216e-03	-1.184722e+01
2.701000e-05	5.680552e-02	-1.198917e+01
2.702000e-05	2.033885e-03	-1.221812e+01
2.703000e-05	7.472838e-02	-1.240699e+01
2.704000e-05	3.905943e-03	-1.257399e+01
2.705000e-05	5.456200e-02	-1.273391e+01
2.706000e-05	1.235572e-02	-1.283983e+01
2.707000e-05	5.700260e-02	-1.304967e+01
2.708000e-05	3.084149e-02	-1.320650e+01
2.709000e-05	4.554416e-02	-1.334248e+01
2.710000e-05	3.862900e-02	-1.350878e+01
2.711000e-05	4.552776e-02	-1.361865e+01
2.712000e-05	5.321782e-02	-1.377439e+01
2.713000e-05	3.893664e-02	-1.391181e+01
2.714000e-05	4.914834e-02	-1.397720e+01
2.715000e-05	4.216399e-02	-1.414396e+01
2.716000e-05	6.385844e-02	-1.424980e+01
2.717000e-05	4.780402e-02	-1.438399e+01
2.718000e-05	5.987784e-02	-1.442222e+01
2.719000e-05	4.851555e-02	-1.456447e+01
2.720000e-05	7.059689e-02	-1.465921e+01
2.721000e-05	6.205856e-02	-1.475342e+01
2.722000e-05	6.958047e-02	-1.479815e+01
2.723000e-05	6.249657e-02	-1.491278e+01
2.724000e-05	7.334297e-02	-1.496609e+01
2.725000e-05	7.319298e-02	-1.506817e+01
2.726000e-05	7.327643e-02	-1.509033e+01
2.727000e-05	7.479971e-02	-1.513298e+01
2.728000e-05	8.068845e-02	-1.518504e+01
2.729000e-05	9.270070e-02	-1.520862e+01
2.730000e-05	8.986554e-02	-1.524073e+01
2.731000e-05	9.313005e-02	-1.528138e+01
2.732000e-05	9.061245e-02	-1.530403e+01
2.733000e-05	1.020559e-01	-1.535446e+01
2.734000e-05	1.039489e-01	-1.539444e+01
2.735000e-05	1.096680e-01	-1.537559e+01
2.736000e-05	1.110004e-01	-1.538457e+01
2.737000e-05	1.211804e-01	-1.537752e+01
2.738000e-05	1.284537e-01	-1.540407e+01
2.739000e-05	1.324312e-01	-1.537554e+01
2.740000e-05	1.382155e-01	-1.531349e+01
2.741000e-05	1.488711e-01	-1.527241e+01
2.742000e-05	1.656277e-01	-1.527330e+01
2.743000e-05	1.822909e-01	-1.525068e+01
2.744000e-05	2.007134e-01	-1.521602e+01
2.745000e-05	2.266056e-01	-1.514492e+01
2.746000e-05	2.481139e-01	-1.509191e+01
2.747000e-05	2.500000e-01	-1.506975e+01
2.748000e-05	2.500000e-01	-1.500604e+01
2.749000e-05	2.500000e-01	-1.491144e+01
2.750000e-05	2.500000e-01	-1.482870e+01
2.751000e-05	2.500000e-01	-1.479555e+01
2.752000e-05	2.500000e-01	-1.468178e+01
2.753000e-05	2.410320e-01	-1.460864e+01
2.754000e-05	2.108814e-01	-1.451448e+01
2.755000e-05	1.840595e-01	-1.438610e+01
2.756000e-05	1.631001e-01	-1.434131e+01
2.757000e-05	1.419468e-01	-1.415607e+01
2.758000e-05	1.250280e-01	-1.408976e+01
2.759000e-05	1.121792e-01	-1.391494e+01
2.760000e-05	1.023280e-01	-1.383673e+01
2.761000e-05	9.193102e-02	-1.371236e+01
2.762000e-05	8.355389e-02	-1.353342e+01
2.763000e-05	7.523964e-02	-1.341764e+01
2.764000e-05	7.163869e-02	-1.325068e+01
2.765000e-05	6.619145e-02	-1.310486e+01
2.766000e-05	5.900585e-02	-1.296454e+01
2.767000e-05	5.370248e-02	-1.280855e+01
2.768000e-05	5.095190e-02	-1.266915e+01
2.769000e-05	4.953902e-02	-1.253291e+01
2.770000e-05	4.466585e-02	-1.228429e+01
2.771000e-05	4.098952e-02	-1.218547e+01
2.772000e-05	3.844945e-02	-1.195644e+01
2.773000e-05	3.622457e-02	-1.174502e+01
2.774000e-05	3.421170e-02	-1.154694e+01
2.775000e-05	3.181497e-02	-1.135337e+01
2.776000e-05	2.855921e-02	-1.112436e+01
2.777000e-05	2.849395e-02	-1.090534e+01
2.778000e-05	2.709859e-02	-1.074537e+01
2.779000e-05	2.625869e-02	-1.054594e+01
2.780000e-05	2.207128e-02	-1.031394e+01
2.781000e-05	2.173252e-02	-1.009339e+01
2.782000e-05	2.054761e-02	-9.853759e+00
2.783000e-05	2.003616e-02	-9.693258e+00
2.784000e-05	1.694707e-02	-9.451230e+00
2.785000e-05	1.720744e-02	-9.208129e+00
2.786000e-05	1.666765e-02	-9.030499e+00
2.787000e-05	1.637820e-02	-8.767917e+00
2.788000e-05	1.372117e-02	-8.545412e+00
2.789000e-05	1.249982e-02	-8.273784e+00
2.790000e-05	1.147406e-02	-8.072708e+00
2.791000e-05	1.166395e-02	-7.788123e+00
2.792000e-05	9.489004e-03	-7.506316e+00
2.793000e-05	8.587196e-03	-7.232208e+00
2.794000e-05	8.036075e-03	-7.030627e+00
2.795000e-05	8.842621e-03	-6.746896e+00
2.796000e-05	6.600021e-03	-6.484237e+00
2.797000e-05	5.524087e-03	-6.220182e+00
2.798000e-05	3.956691e-03	-5.928445e+00
2.799000e-05	4.739407e-03	-5.704844e+00
2.800000e-05	4.679003e-03	-5.410132e+00
2.801000e-05	2.591114e-03	-5.126966e+00
2.802000e-05	1.613233e-03	-4.801580e+00
2.803000e-05	2.667120e-03	-4.536365e+00
2.804000e-05	1.830329e-03	-4.294764e+00
2.805000e-05	1.529988e-03	-4.051706e+00
2.806000e-05	-2.588544e-03	-3.716847e+00
2.807000e-05	-1.486610e-03	-3.486185e+00
2.808000e-05	-3.133762e-03	-3.182479e+00
2.809000e-05	-4.793336e-04	-2.906266e+00
2.810000e-05	-3.627964e-03	-2.671659e+00
2.811000e-05	-2.650060e-03	-2.391002e+00
2.812000e-05	-4.169738e-03	-2.073086e+00
2.813000e-05	-3.219684e-03	-1.809528e+00
2.814000e-05	-5.200981e-03	-1.526894e+00
2.815000e-05	-6.290187e-03	-1.148979e+00
2.816000e-05	-7.193759e-03	-8.946633e-01
2.817000e-05	-6.622054e-03	-6.100767e-01
2.818000e-05	-5.363950e-03	-3.468672e-01
2.819000e-05	-5.459247e-03	-7.265939e-02
2.820000e-05	5.984210e-03	1.916012e-01
2.821000e-05	1.645844e-03	4.737617e-01
2.822000e-05	3.058574e-03	7.258158e-01
2.823000e-05	7.011243e-04	1.009099e+00
2.824000e-05	-1.302170e-03	1.284809e+00
2.825000e-05	-1.792055e-03	1.619573e+00
2.826000e-05	3.420654e-03	1.872730e+00
2.827000e-05	2.793985e-02	2.063233e+00
2.828000e-05	1.017900e-01	2.368893e+00
2.829000e-05	1.721498e-02	2.695314e+00
2.830000e-05	-5.349156e-02	3.027522e+00
2.831000e-05	-2.931856e-02	3.292777e+00
2.832000e-05	-3.407129e-02	3.599542e+00
2.833000e-05	-5.877029e-02	3.810047e+00
2.834000e-05	-7.103142e-02	3.990620e+00
2.835000e-05	1.018579e-01	4.293181e+00
2.836000e-05	-4.090445e-02	4.609598e+00
2.837000e-05	-4.238630e-03	4.767024e+00
2.838000e-05	1.287025e-01	5.145515e+00
2.839000e-05	-1.462973e-01	5.448701e+00
2.840000e-05	6.719153e-02	5.672309e+00
2.841000e-05	-6.375500e-02	6.008596e+00
2.842000e-05	2.513505e-02	6.218546e+00
2.843000e-05	1.824086e-02	6.514307e+00
2.844000e-05	-5.859022e-02	6.818491e+00
2.845000e-05	4.509431e-02	6.998104e+00
2.846000e-05	-6.075811e-02	7.323333e+00
2.847000e-05	3.218313e-02	7.566496e+00
2.848000e-05	-6.685886e-02	7.849677e+00
2.849000e-05	1.290611e-02	8.103364e+00
2.850000e-05	1.312719e-02	8.335962e+00
2.851000e-05	-3.461099e-02	8.554922e+00
2.852000e-05	1.836190e-02	8.787049e+00
2.853000e-05	-6.567927e-02	9.057646e+00
2.854000e-05	1.865840e-03	9.251182e+00
2.855000e-05	-1.920610e-02	9.482832e+00
2.856000e-05	1.268738e-04	9.703882e+00
2.857000e-05	-3.105008e-02	9.944939e+00
2.858000e-05	-2.054361e-02	1.016692e+01
2.859000e-05	-4.108549e-03	1.039597e+01
2.860000e-05	-3.414985e-02	1.060659e+01
2.861000e-05	-2.062400e-02	1.075650e+01
2.862000e-05	-4.102957e-02	1.097754e+01
2.863000e-05	-8.942656e-03	1.121655e+01
2.864000e-05	-2.301912e-02	1.136712e+01
2.865000e-05	-2.471006e-02	1.161852e+01
2.866000e-05	-4.337199e-02	1.180757e+01
2.867000e-05	-2.938093e-02	1.199807e+01
2.868000e-05	-2.248788e-02	1.218602e+01
2.869000e-05	-2.852768e-02	1.236492e+01
2.870000e-05	-3.851000e-02	1.252294e+01
2.871000e-05	-4.339950e-02	1.265128e+01
2.872000e-05	-2.961357e-02	1.282770e+01
2.873000e-05	-3.635611e-02	1.301667e+01
2.874000e-05	-4.177132e-02	1.313387e+01
2.875000e-05	-5.078097e-02	1.328078e+01
2.876000e-05	-3.483291e-02	1.340809e+01
2.877000e-05	-3.842673e-02	1.352549e+01
2.878000e-05	-4.515101e-02	1.368283e+01
2.879000e-05	-6.104448e-02	1.383017e+01
2.880000e-05	-5.490379e-02	1.397394e+01
2.881000e-05	-4.875548e-02	1.405224e+01
2.882000e-05	-4.981661e-02	1.419760e+01
2.883000e-05	-5.968301e-02	1.433404e+01
2.884000e-05	-6.534278e-02	1.446922e+01
2.885000e-05	-5.679112e-02	1.455296e+01
2.886000e-05	-6.062849e-02	1.461813e+01
2.887000e-05	-6.632946e-02	1.470238e+01
2.888000e-05	-7.751227e-02	1.481702e+01
2.889000e-05	-7.136869e-02	1.482925e+01
2.890000e-05	-6.983315e-02	1.488291e+01
2.891000e-05	-7.707753e-02	1.496657e+01
2.892000e-05	-8.784855e-02	1.503665e+01
2.893000e-05	-9.248294e-02	1.508031e+01
2.894000e-05	-8.418554e-02	1.511286e+01
2.895000e-05	-8.780234e-02	1.513507e+01
2.896000e-05	-9.509709e-02	1.519717e+01
2.897000e-05	-1.048287e-01	1.522815e+01
2.898000e-05	-9.973714e-02	1.524930e+01
2.899000e-05	-1.045803e-01	1.525071e+01
2.900000e-05	-1.123700e-01	1.527038e+01
2.901000e-05	-1.237613e-01	1.532294e+01
2.902000e-05	-1.245537e-01	1.529198e+01
2.903000e-05	-1.244149e-01	1.525183e+01
2.904000e-05	-1.315000e-01	1.527986e+01
2.905000e-05	-1.453702e-01	1.525178e+01
2.906000e-05	-1.564244e-01	1.521775e+01
2.907000e-05	-1.612505e-01	1.524920e+01
2.908000e-05	-1.739862e-01	1.517659e+01
2.909000e-05	-1.956163e-01	1.519452e+01
2.910000e-05	-2.236062e-01	1.514391e+01
2.911000e-05	-2.444647e-01	1.509133e+01
2.912000e-05	-2.499999e-01	1.503870e+01
2.913000e-05	-2.500000e-01	1.496459e+01
2.914000e-05	-2.500000e-01	1.488384e+01
2.915000e-05	-2.500000e-01	1.486023e+01
2.916000e-05	-2.500000e-01	1.476653e+01
2.917000e-05	-2.500000e-01	1.469173e+01
2.918000e-05	-2.500000e-01	1.457758e+01
2.919000e-05	-2.409775e-01	1.454336e+01
2.920000e-05	-2.092730e-01	1.441810e+01
2.921000e-05	-1.805136e-01	1.435341e+01
2.922000e-05	-1.628253e-01	1.422760e+01
2.923000e-05	-1.491194e-01	1.404231e+01
2.924000e-05	-1.309252e-01	1.396442e+01
2.925000e-05	-1.164252e-01	1.384920e+01
2.926000e-05	-1.056297e-01	1.371089e+01
2.927000e-05	-1.022481e-01	1.358502e+01
2.928000e-05	-9.292527e-02	1.343968e+01
2.929000e-05	-8.472227e-02	1.330291e+01
2.930000e-05	-7.520388e-02	1.316394e+01
2.931000e-05	-7.412523e-02	1.296670e+01
2.932000e-05	-7.123975e-02	1.283921e+01
2.933000e-05	-6.691250e-02	1.267278e+01
2.934000e-05	-5.971167e-02	1.255497e+01
2.935000e-05	-5.746195e-02	1.235647e+01
2.936000e-05	-5.710533e-02	1.216757e+01
2.937000e-05	-5.434335e-02	1.204960e+01
2.938000e-05	-4.766997e-02	1.182021e+01
2.939000e-05	-4.525141e-02	1.167118e+01
2.940000e-05	-4.767773e-02	1.143767e+01
2.941000e-05	-4.666518e-02	1.124007e+01
2.942000e-05	-4.385442e-02	1.101065e+01
2.943000e-05	-3.926095e-02	1.084113e+01
2.944000e-05	-3.875674e-02	1.060067e+01
2.945000e-05	-3.859271e-02	1.043013e+01
2.946000e-05	-3.682941e-02	1.018910e+01
2.947000e-05	-3.399807e-02	1.000753e+01
2.948000e-05	-3.199558e-02	9.746492e+00
2.949000e-05	-3.457292e-02	9.514340e+00
2.950000e-05	-3.313174e-02	9.304315e+00
2.951000e-05	-3.142175e-02	9.084266e+00
2.952000e-05	-2.899311e-02	8.823259e+00
2.953000e-05	-2.990821e-02	8.630602e+00
2.954000e-05	-2.971970e-02	8.410004e+00
2.955000e-05	-2.862738e-02	8.166994e+00
2.956000e-05	-2.548299e-02	7.902286e+00
2.957000e-05	-2.408771e-02	7.662711e+00
2.958000e-05	-2.546626e-02	7.397973e+00
2.959000e-05	-2.522829e-02	7.104371e+00
2.960000e-05	-2.383971e-02	6.893336e+00
2.961000e-05	-2.347184e-02	6.600127e+00
2.962000e-05	-2.397971e-02	6.337970e+00
2.963000e-05	-2.352835e-02	6.113339e+00
2.964000e-05	-2.099203e-02	5.831682e+00
2.965000e-05	-1.923974e-02	5.527575e+00
2.966000e-05	-1.965346e-02	5.325366e+00
2.967000e-05	-2.042825e-02	4.927898e+00
2.968000e-05	-1.942924e-02	4.684782e+00
2.969000e-05	-1.927549e-02	4.410653e+00
2.970000e-05	-1.791902e-02	4.126916e+00
2.971000e-05	-1.885158e-02	3.842210e+00
2.972000e-05	-1.818048e-02	3.590528e+00
2.973000e-05	-1.535415e-02	3.336819e+00
2.974000e-05	-1.418076e-02	3.003682e+00
2.975000e-05	-1.568966e-02	2.778499e+00
2.976000e-05	-1.539432e-02	2.473787e+00
2.977000e-05	-1.460149e-02	2.159980e+00
2.978000e-05	-1.302353e-02	1.916917e+00
2.979000e-05	-1.306488e-02	1.622156e+00
2.980000e-05	-1.354292e-02	1.317369e+00
2.981000e-05	-1.236783e-02	1.030178e+00
2.982000e-05	-1.112261e-02	7.072672e-01
2.983000e-05	-1.021573e-02	4.316368e-01
2.984000e-05	-9.378700e-03	1.298729e-01
2.985000e-05	-7.313470e-03	-9.376428e-02
2.986000e-05	5.776595e-03	-3.784733e-01
2.987000e-05	-2.056055e-03	-6.526488e-01
2.988000e-05	3.830342e-03	-9.242854e-01
2.989000e-05	-2.443719e-03	-1.147417e+00
2.990000e-05	1.246095e-03	-1.531830e+00
2.991000e-05	-8.346603e-04	-1.744816e+00
2.992000e-05	2.559683e-02	-1.967841e+00
2.993000e-05	1.074148e-01	-2.208499e+00
2.994000e-05	4.889219e-02	-2.567464e+00
2.995000e-05	-5.456688e-02	-2.977993e+00
2.996000e-05	-3.652111e-03	-3.344808e+00
2.997000e-05	-4.728930e-02	-3.535316e+00
2.998000e-05	-7.022287e-02	-3.715816e+00
2.999000e-05	-9.772616e-03	-3.976442e+00
3.000000e-05	1.492801e-01	-4.154813e+00
3.001000e-05	-1.779652e-01	-4.460596e+00
3.002000e-05	1.979090e-01	-4.703236e+00
3.003000e-05	-7.081601e-02	-4.986894e+00
3.004000e-05	-6.027633e-03	-5.375438e+00
3.005000e-05	8.547196e-02	-5.565042e+00
3.006000e-05	-1.682528e-01	-5.912757e+00
3.007000e-05	1.949826e-01	-6.124259e+00
3.008000e-05	-9.214682e-02	-6.387466e+00
3.009000e-05	7.952807e-02	-6.683782e+00
3.010000e-05	2.250725e-02	-6.942785e+00
3.011000e-05	-7.066207e-02	-7.258649e+00
3.012000e-05	1.181637e-01	-7.470704e+00
3.013000e-05	-1.108623e-01	-7.773966e+00
3.014000e-05	1.332781e-01	-8.030070e+00
3.015000e-05	-4.830002e-02	-8.261154e+00
3.016000e-05	4.379287e-02	-8.533860e+00
3.017000e-05	6.029141e-02	-8.753863e+00
3.018000e-05	-7.856167e-02	-9.018094e+00
3.019000e-05	9.874797e-02	-9.207448e+00
3.020000e-05	-7.295742e-02	-9.389173e+00
3.021000e-05	1.256445e-01	-9.682323e+00
3.022000e-05	-4.011053e-02	-9.881731e+00
3.023000e-05	6.992005e-02	-1.011243e+01
3.024000e-05	-3.877414e-03	-1.033236e+01
3.025000e-05	1.881782e-02	-1.055497e+01
3.026000e-05	4.747505e-02	-1.073538e+01
3.027000e-05	-1.880750e-02	-1.093446e+01
3.028000e-05	7.308463e-02	-1.113189e+01
3.029000e-05	-1.962412e-02	-1.134544e+01
3.030000e-05	8.448613e-02	-1.158506e+01
3.031000e-05	-1.837870e-02	-1.176499e+01
3.032000e-05	6.057563e-02	-1.198539e+01
3.033000e-05	2.131598e-03	-1.216399e+01
3.034000e-05	6.095463e-02	-1.234394e+01
3.035000e-05	2.566346e-02	-1.243178e+01
3.036000e-05	3.307805e-02	-1.269926e+01
3.037000e-05	3.349132e-02	-1.282910e+01
3.038000e-05	3.046299e-02	-1.300652e+01
3.039000e-05	5.328499e-02	-1.315346e+01
3.040000e-05	2.672912e-02	-1.326028e+01
3.041000e-05	5.670528e-02	-1.343864e+01
3.042000e-05	3.106353e-02	-1.355449e+01
3.043000e-05	6.362684e-02	-1.368181e+01
3.044000e-05	3.048667e-02	-1.384875e+01
3.045000e-05	5.240950e-02	-1.394546e+01
3.046000e-05	3.744180e-02	-1.408031e+01
3.047000e-05	6.368847e-02	-1.423662e+01
3.048000e-05	5.204822e-02	-1.434337e+01
3.049000e-05	5.886249e-02	-1.441925e+01
3.050000e-05	5.258755e-02	-1.453391e+01
3.051000e-05	6.300611e-02	-1.465767e+01
3.052000e-05	6.606508e-02	-1.470286e+01
3.053000e-05	6.302999e-02	-1.479600e+01
3.054000e-05	6.706758e-02	-1.487028e+01
3.055000e-05	6.716538e-02	-1.494444e+01
3.056000e-05	7.816141e-02	-1.501665e+01
3.057000e-05	6.983455e-02	-1.508885e+01
3.058000e-05	7.602360e-02	-1.515136e+01
3.059000e-05	7.616223e-02	-1.515499e+01
3.060000e-05	9.111417e-02	-1.520715e+01
3.061000e-05	8.940042e-02	-1.525173e+01
3.062000e-05	9.182600e-02	-1.525075e+01
3.063000e-05	9.078407e-02	-1.531248e+01
3.064000e-05	9.723499e-02	-1.531339e+01
3.065000e-05	1.041465e-01	-1.534657e+01
3.066000e-05	1.052674e-01	-1.536462e+01
3.067000e-05	1.104446e-01	-1.542502e+01
3.068000e-05	1.161565e-01	-1.542707e+01
3.069000e-05	1.284518e-01	-1.537552e+01
3.070000e-05	1.306083e-01	-1.537452e+01
3.071000e-05	1.363716e-01	-1.531507e+01
3.072000e-05	1.428256e-01	-1.531294e+01
3.073000e-05	1.596483e-01	-1.529191e+01
3.074000e-05	1.748753e-01	-1.522176e+01
3.075000e-05	1.924327e-01	-1.521968e+01
3.076000e-05	2.149581e-01	-1.520595e+01
3.077000e-05	2.426285e-01	-1.512191e+01
3.078000e-05	2.499998e-01	-1.508083e+01
3.079000e-05	2.500000e-01	-1.505870e+01
3.080000e-05	2.500000e-01	-1.495447e+01
3.081000e-05	2.500000e-01	-1.486025e+01
3.082000e-05	2.500000e-01	-1.478615e+01
3.083000e-05	2.500000e-01	-1.471439e+01
3.084000e-05	2.472469e-01	-1.463972e+01
3.085000e-05	2.215549e-01	-1.459499e+01
3.086000e-05	1.936569e-01	-1.445071e+01
3.087000e-05	1.700977e-01	-1.436349e+01
3.088000e-05	1.496949e-01	-1.421667e+01
3.089000e-05	1.306003e-01	-1.412294e+01
3.090000e-05	1.175389e-01	-1.399753e+01
3.091000e-05	1.068157e-01	-1.385078e+01
3.092000e-05	9.573621e-02	-1.374449e+01
3.093000e-05	8.464859e-02	-1.358658e+01
3.094000e-05	7.775259e-02	-1.345872e+01
3.095000e-05	7.316931e-02	-1.331389e+01
3.096000e-05	6.852549e-02	-1.316804e+01
3.097000e-05	6.133086e-02	-1.305854e+01
3.098000e-05	5.519667e-02	-1.290228e+01
3.099000e-05	5.174371e-02	-1.271282e+01
3.100000e-05	5.026547e-02	-1.255712e+01
3.101000e-05	4.704015e-02	-1.239852e+01
3.102000e-05	4.226613e-02	-1.222805e+01
3.103000e-05	3.886401e-02	-1.200023e+01
3.104000e-05	3.720884e-02	-1.183078e+01
3.105000e-05	3.553368e-02	-1.163973e+01
3.106000e-05	2.992552e-02	-1.135960e+01
3.107000e-05	3.042404e-02	-1.118867e+01
3.108000e-05	2.763304e-02	-1.099870e+01
3.109000e-05	3.057287e-02	-1.079913e+01
3.110000e-05	2.959452e-02	-1.061908e+01
3.111000e-05	2.263765e-02	-1.039655e+01
3.112000e-05	2.340482e-02	-1.016652e+01
3.113000e-05	1.787569e-02	-9.925514e+00
3.114000e-05	2.007453e-02	-9.777020e+00
3.115000e-05	1.535106e-02	-9.553894e+00
3.116000e-05	1.783825e-02	-9.325362e+00
3.117000e-05	1.733606e-02	-9.072833e+00
3.118000e-05	1.992108e-02	-8.883277e+00
3.119000e-05	1.581510e-02	-8.638603e+00
3.120000e-05	1.330825e-02	-8.348520e+00
3.121000e-05	1.108235e-02	-8.156942e+00
3.122000e-05	1.034020e-02	-7.883312e+00
3.123000e-05	1.016360e-02	-7.619201e+00
3.124000e-05	7.628078e-03	-7.344472e+00
3.125000e-05	8.066101e-03	-7.114866e+00
3.126000e-05	7.797497e-03	-6.801648e+00
3.127000e-05	1.069021e-02	-6.580547e+00
3.128000e-05	6.016494e-03	-6.347396e+00
3.129000e-05	6.038700e-03	-6.052662e+00
3.130000e-05	2.470075e-03	-5.810073e+00
3.131000e-05	4.652730e-03	-5.516868e+00
3.132000e-05	1.102654e-03	-5.291674e+00
3.133000e-05	3.873592e-04	-4.944418e+00
3.134000e-05	1.201139e-03	-4.620574e+00
3.135000e-05	3.572338e-03	-4.400021e+00
3.136000e-05	2.773726e-03	-4.176871e+00
3.137000e-05	-6.337783e-05	-3.882158e+00
3.138000e-05	-1.380095e-03	-3.558020e+00
3.139000e-05	-2.929243e-03	-3.326338e+00
3.140000e-05	-2.118992e-03	-3.031604e+00
3.141000e-05	-4.321074e-03	-2.725865e+00
3.142000e-05	-3.011499e-03	-2.473231e+00
3.143000e-05	-3.656124e-03	-2.160902e+00
3.144000e-05	-2.911340e-03	-1.884289e+00
3.145000e-05	-5.077811e-03	-1.643083e+00
3.146000e-05	-5.673830e-03	-1.287237e+00
3.147000e-05	-6.650032e-03	-9.904776e-01
3.148000e-05	-6.229372e-03	-7.584160e-01
3.149000e-05	-6.570668e-03	-4.210554e-01
3.150000e-05	-6.799562e-03	-1.784449e-01
3.151000e-05	1.286133e-04	1.147892e-01
3.152000e-05	7.688451e-03	4.209724e-01
3.153000e-05	-1.448851e-03	6.301266e-01
3.154000e-05	4.707486e-03	8.637605e-01
3.155000e-05	-3.509372e-03	1.178973e+00
3.156000e-05	2.060292e-03	1.482731e+00
3.157000e-05	-2.593595e-03	1.756475e+00
3.158000e-05	1.878544e-02	2.017997e+00
3.159000e-05	6.662262e-02	2.262655e+00
3.160000e-05	8.322049e-02	2.598025e+00
3.161000e-05	-6.238959e-02	2.914363e+00
3.162000e-05	-2.389514e-02	3.187469e+00
3.163000e-05	-4.227007e-02	3.472709e+00
3.164000e-05	-3.000408e-02	3.683817e+00
3.165000e-05	-9.103337e-02	3.944291e+00
3.166000e-05	3.225067e-02	4.125916e+00
3.167000e-05	7.097407e-02	4.502255e+00
3.168000e-05	-1.181216e-01	4.734886e+00
3.169000e-05	1.784599e-01	4.997422e+00
3.170000e-05	-1.032452e-01	5.367816e+00
3.171000e-05	-1.376730e-03	5.557396e+00
3.172000e-05	8.419082e-03	5.893711e+00
3.173000e-05	-4.381626e-02	6.125336e+00
3.174000e-05	6.731826e-02	6.367470e+00
3.175000e-05	-7.097042e-02	6.742734e+00
3.176000e-05	2.989319e-02	6.943313e+00
3.177000e-05	-3.472423e-02	7.208574e+00
3.178000e-05	-2.592769e-03	7.460103e+00
3.179000e-05	-1.706236e-02	7.755015e+00
3.180000e-05	-3.976581e-02	8.008575e+00
3.181000e-05	4.195297e-02	8.332756e+00
3.182000e-05	-3.715897e-02	8.472255e+00
3.183000e-05	7.958796e-03	8.692760e+00
3.184000e-05	-3.060899e-02	8.925990e+00
3.185000e-05	-4.327351e-02	9.175968e+00
3.186000e-05	1.274374e-02	9.377126e+00
3.187000e-05	-2.472371e-02	9.638626e+00
3.188000e-05	4.955910e-05	9.859257e+00
3.189000e-05	-4.489212e-02	1.009231e+01
3.190000e-05	4.141241e-03	1.029228e+01
3.191000e-05	-3.065027e-02	1.052346e+01
3.192000e-05	-2.373820e-02	1.069216e+01
3.193000e-05	-3.065364e-02	1.095333e+01
3.194000e-05	-2.883923e-02	1.111183e+01
3.195000e-05	-4.233317e-03	1.130541e+01
3.196000e-05	-3.500284e-02	1.150339e+01
3.197000e-05	-2.637681e-02	1.176538e+01
3.198000e-05	-4.643263e-02	1.192298e+01
3.199000e-05	-1.734345e-02	1.211129e+01
3.200000e-05	-3.096679e-02	1.229381e+01
3.201000e-05	-3.118102e-02	1.244973e+01
3.202000e-05	-4.348292e-02	1.259760e+01
3.203000e-05	-3.533456e-02	1.277737e+01
3.204000e-05	-2.909719e-02	1.292343e+01
3.205000e-05	-4.301118e-02	1.308078e+01
3.206000e-05	-4.505700e-02	1.322865e+01
3.207000e-05	-4.668844e-02	1.335757e+01
3.208000e-05	-3.386787e-02	1.351191e+01
3.209000e-05	-4.578858e-02	1.366975e+01
3.210000e-05	-5.345354e-02	1.375499e+01
3.211000e-05	-5.845335e-02	1.391083e+01
3.212000e-05	-4.773060e-02	1.403613e+01
3.213000e-05	-4.868066e-02	1.416459e+01
3.214000e-05	-5.637453e-02	1.427293e+01
3.215000e-05	-6.391617e-02	1.441762e+01
3.216000e-05	-6.116416e-02	1.450083e+01
3.217000e-05	-5.724480e-02	1.457600e+01
3.218000e-05	-6.475580e-02	1.470185e+01
3.219000e-05	-7.267448e-02	1.479502e+01
3.220000e-05	-7.361693e-02	1.481915e+01
3.221000e-05	-6.868391e-02	1.485383e+01
3.222000e-05	-7.320071e-02	1.495504e+01
3.223000e-05	-8.398970e-02	1.502615e+01
3.224000e-05	-9.102060e-02	1.508878e+01
3.225000e-05	-8.786601e-02	1.513231e+01
3.226000e-05	-8.433953e-02	1.515439e+01
3.227000e-05	-9.219675e-02	1.519557e+01
3.228000e-05	-1.011915e-01	1.518720e+01
3.229000e-05	-1.021823e-01	1.525878e+01
3.230000e-05	-1.024031e-01	1.527076e+01
3.231000e-05	-1.080622e-01	1.528885e+01
3.232000e-05	-1.195331e-01	1.530186e+01
3.233000e-05	-1.224232e-01	1.531193e+01
3.234000e-05	-1.229721e-01	1.532038e+01
3.235000e-05	-1.268449e-01	1.530238e+01
3.236000e-05	-1.413913e-01	1.529236e+01
3.237000e-05	-1.535456e-01	1.523033e+01
3.238000e-05	-1.596895e-01	1.524677e+01
3.239000e-05	-1.687240e-01	1.518717e+01
3.240000e-05	-1.852423e-01	1.515597e+01
3.241000e-05	-2.119124e-01	1.516389e+01
3.242000e-05	-2.347453e-01	1.512334e+01
3.243000e-05	-2.499635e-01	1.508976e+01
3.244000e-05	-2.500000e-01	1.498605e+01
3.245000e-05	-2.500000e-01	1.493392e+01
3.246000e-05	-2.500000e-01	1.484131e+01
3.247000e-05	-2.500000e-01	1.479752e+01
3.248000e-05	-2.500000e-01	1.471596e+01
3.249000e-05	-2.500000e-01	1.461865e+01
3.250000e-05	-2.471637e-01	1.455596e+01
3.251000e-05	-2.214482e-01	1.448933e+01
3.252000e-05	-1.901741e-01	1.433589e+01
3.253000e-05	-1.684807e-01	1.423928e+01
3.254000e-05	-1.527452e-01	1.408342e+01
3.255000e-05	-1.381320e-01	1.402765e+01
3.256000e-05	-1.215890e-01	1.390028e+01
3.257000e-05	-1.092353e-01	1.376549e+01
3.258000e-05	-1.038507e-01	1.365758e+01
3.259000e-05	-9.682027e-02	1.349079e+01
3.260000e-05	-8.708767e-02	1.333502e+01
3.261000e-05	-7.787898e-02	1.319705e+01
3.262000e-05	-7.446553e-02	1.302973e+01
3.263000e-05	-7.287004e-02	1.289236e+01
3.264000e-05	-6.901022e-02	1.277590e+01
3.265000e-05	-6.129111e-02	1.259713e+01
3.266000e-05	-5.922529e-02	1.241116e+01
3.267000e-05	-5.674978e-02	1.224971e+01
3.268000e-05	-5.546251e-02	1.209231e+01
3.269000e-05	-4.921641e-02	1.190529e+01
3.270000e-05	-4.723326e-02	1.168486e+01
3.271000e-05	-4.742378e-02	1.147386e+01
3.272000e-05	-4.829641e-02	1.131386e+01
3.273000e-05	-4.424706e-02	1.109384e+01
3.274000e-05	-4.008658e-02	1.087439e+01
3.275000e-05	-3.989288e-02	1.067334e+01
3.276000e-05	-3.915773e-02	1.051241e+01
3.277000e-05	-3.758329e-02	1.026176e+01
3.278000e-05	-3.437743e-02	1.007276e+01
3.279000e-05	-3.427750e-02	9.830753e+00
3.280000e-05	-3.414866e-02	9.648077e+00
3.281000e-05	-3.578624e-02	9.387499e+00
3.282000e-05	-3.154401e-02	9.158050e+00
3.283000e-05	-2.970714e-02	8.934566e+00
3.284000e-05	-2.912550e-02	8.753768e+00
3.285000e-05	-3.066918e-02	8.512838e+00
3.286000e-05	-2.882168e-02	8.241155e+00
3.287000e-05	-2.619722e-02	8.020623e+00
3.288000e-05	-2.419413e-02	7.765920e+00
3.289000e-05	-2.605386e-02	7.482262e+00
3.290000e-05	-2.673459e-02	7.179155e+00
3.291000e-05	-2.525998e-02	6.967525e+00
3.292000e-05	-2.288098e-02	6.704895e+00
3.293000e-05	-2.389968e-02	6.471212e+00
3.294000e-05	-2.358982e-02	6.188525e+00
3.295000e-05	-2.187895e-02	5.936998e+00
3.296000e-05	-1.970060e-02	5.683736e+00
3.297000e-05	-1.968840e-02	5.430079e+00
3.298000e-05	-2.038336e-02	5.103818e+00
3.299000e-05	-2.069257e-02	4.769502e+00
3.300000e-05	-1.947387e-02	4.485396e+00
3.301000e-05	-1.830633e-02	4.281160e+00
3.302000e-05	-1.793054e-02	3.957476e+00
3.303000e-05	-1.782155e-02	3.704766e+00
3.304000e-05	-1.662933e-02	3.441631e+00
3.305000e-05	-1.448122e-02	3.126392e+00
3.306000e-05	-1.509868e-02	2.884265e+00
3.307000e-05	-1.494118e-02	2.610555e+00
3.308000e-05	-1.512715e-02	2.276291e+00
3.309000e-05	-1.359945e-02	2.042132e+00
3.310000e-05	-1.299357e-02	1.737350e+00
3.311000e-05	-1.297973e-02	1.444113e+00
3.312000e-05	-1.371593e-02	1.148021e+00
3.313000e-05	-1.150275e-02	8.235068e-01
3.314000e-05	-1.009703e-02	5.485485e-01
3.315000e-05	-9.013011e-03	2.931847e-01
3.316000e-05	-8.527074e-03	-5.102254e-02
3.317000e-05	-3.358843e-04	-2.652553e-01
3.318000e-05	4.462868e-03	-5.263869e-01
3.319000e-05	-2.230468e-03	-8.095523e-01
3.320000e-05	1.849517e-03	-1.081633e+00
3.321000e-05	-1.790575e-03	-1.377046e+00
3.322000e-05	-6.408089e-04	-1.650051e+00
3.323000e-05	1.168570e-02	-1.883681e+00
3.324000e-05	6.426371e-02	-2.124833e+00
3.325000e-05	1.181758e-01	-2.429025e+00
3.326000e-05	-5.752983e-02	-2.849674e+00
3.327000e-05	2.132190e-03	-3.219547e+00
3.328000e-05	-4.646562e-02	-3.463205e+00
3.329000e-05	-3.916602e-02	-3.672625e+00
3.330000e-05	-1.011179e-01	-3.901159e+00
3.331000e-05	1.726044e-01	-4.062604e+00
3.332000e-05	-1.074439e-01	-4.324785e+00
3.333000e-05	5.622414e-02	-4.660554e+00
3.334000e-05	1.129377e-01	-4.871628e+00
3.335000e-05	-1.593435e-01	-5.259551e+00
3.336000e-05	1.788279e-01	-5.513259e+00
3.337000e-05	-1.726579e-01	-5.747965e+00
3.338000e-05	8.741104e-02	-6.039676e+00
3.339000e-05	4.727141e-02	-6.230733e+00
3.340000e-05	-6.159494e-02	-6.577520e+00
3.341000e-05	1.406981e-01	-6.861173e+00
3.342000e-05	-1.304127e-01	-7.094360e+00
3.343000e-05	1.162353e-01	-7.387974e+00
3.344000e-05	-5.547672e-02	-7.626099e+00
3.345000e-05	3.324427e-02	-7.935941e+00
3.346000e-05	7.167419e-02	-8.155862e+00
3.347000e-05	-7.176430e-02	-8.439195e+00
3.348000e-05	1.417598e-01	-8.660119e+00
3.349000e-05	-1.062841e-01	-8.893807e+00
3.350000e-05	8.172444e-02	-9.163308e+00
3.351000e-05	-3.621446e-02	-9.334934e+00
3.352000e-05	5.610731e-02	-9.597595e+00
3.353000e-05	4.728008e-02	-9.796494e+00
3.354000e-05	-1.340030e-02	-1.002755e+01
3.355000e-05	7.631589e-02	-1.027670e+01
3.356000e-05	-4.871685e-02	-1.045078e+01
3.357000e-05	9.498539e-02	-1.064965e+01
3.358000e-05	-4.515620e-02	-1.084072e+01
3.359000e-05	7.574135e-02	-1.107925e+01
3.360000e-05	-1.097188e-02	-1.127180e+01
3.361000e-05	6.296031e-02	-1.150080e+01
3.362000e-05	1.798164e-02	-1.165875e+01
3.363000e-05	2.450018e-02	-1.186983e+01
3.364000e-05	3.683871e-02	-1.210187e+01
3.365000e-05	2.174088e-02	-1.225017e+01
3.366000e-05	6.254023e-02	-1.243870e+01
3.367000e-05	6.286706e-03	-1.263814e+01
3.368000e-05	5.375075e-02	-1.277339e+01
3.369000e-05	1.065080e-02	-1.294486e+01
3.370000e-05	6.583328e-02	-1.311083e+01
3.371000e-05	2.103145e-02	-1.323860e+01
3.372000e-05	5.802409e-02	-1.337464e+01
3.373000e-05	3.145875e-02	-1.351185e+01
3.374000e-05	5.874242e-02	-1.369020e+01
3.375000e-05	4.049680e-02	-1.381512e+01
3.376000e-05	4.379799e-02	-1.394236e+01
3.377000e-05	4.252286e-02	-1.402770e+01
3.378000e-05	5.148576e-02	-1.419451e+01
3.379000e-05	6.080358e-02	-1.432085e+01
3.380000e-05	5.270898e-02	-1.440612e+01
3.381000e-05	5.989107e-02	-1.445288e+01
3.382000e-05	5.252087e-02	-1.461667e+01
3.383000e-05	7.143034e-02	-1.467980e+01
3.384000e-05	5.988052e-02	-1.477547e+01
3.385000e-05	6.968592e-02	-1.483868e+01
3.386000e-05	6.115634e-02	-1.491251e+01
3.387000e-05	7.750620e-02	-1.497656e+01
3.388000e-05	7.092455e-02	-1.504882e+01
3.389000e-05	7.610289e-02	-1.511983e+01
3.390000e-05	7.390213e-02	-1.514341e+01
3.391000e-05	8.613490e-02	-1.519552e+01
3.392000e-05	9.190624e-02	-1.518963e+01
3.393000e-05	9.077664e-02	-1.526073e+01
3.394000e-05	9.169265e-02	-1.528286e+01
3.395000e-05	9.257290e-02	-1.534389e+01
3.396000e-05	1.029057e-01	-1.534556e+01
3.397000e-05	1.036392e-01	-1.536512e+01
3.398000e-05	1.097478e-01	-1.539507e+01
3.399000e-05	1.123576e-01	-1.544707e+01
3.400000e-05	1.239928e-01	-1.545597e+01
3.401000e-05	1.292583e-01	-1.535456e+01
3.402000e-05	1.344055e-01	-1.533487e+01
3.403000e-05	1.389783e-01	-1.529484e+01
3.404000e-05	1.529541e-01	-1.529081e+01
3.405000e-05	1.686139e-01	-1.527273e+01
3.406000e-05	1.856572e-01	-1.521863e+01
3.407000e-05	2.049383e-01	-1.516644e+01
3.408000e-05	2.331026e-01	-1.514296e+01
3.409000e-05	2.499574e-01	-1.511328e+01
3.410000e-05	2.500000e-01	-1.505662e+01
3.411000e-05	2.500000e-01	-1.497652e+01
3.412000e-05	2.500000e-01	-1.488135e+01
3.413000e-05	2.500000e-01	-1.485921e+01
3.414000e-05	2.500000e-01	-1.475496e+01
3.415000e-05	2.500000e-01	-1.469028e+01
3.416000e-05	2.354348e-01	-1.458712e+01
3.417000e-05	2.036806e-01	-1.451333e+01
3.418000e-05	1.794970e-01	-1.439655e+01
3.419000e-05	1.576570e-01	-1.425928e+01
3.420000e-05	1.373351e-01	-1.417562e+01
3.421000e-05	1.212500e-01	-1.405925e+01
3.422000e-05	1.112587e-01	-1.391379e+01
3.423000e-05	1.008291e-01	-1.377519e+01
3.424000e-05	8.896073e-02	-1.359226e+01
3.425000e-05	7.940261e-02	-1.350239e+01
3.426000e-05	7.379560e-02	-1.335609e+01
3.427000e-05	7.030230e-02	-1.325917e+01
3.428000e-05	6.524617e-02	-1.306328e+01
3.429000e-05	5.784417e-02	-1.292449e+01
3.430000e-05	5.398112e-02	-1.278757e+01
3.431000e-05	5.174161e-02	-1.263067e+01
3.432000e-05	4.886481e-02	-1.249023e+01
3.433000e-05	4.241733e-02	-1.227373e+01
3.434000e-05	4.022395e-02	-1.216448e+01
3.435000e-05	3.794511e-02	-1.192338e+01
3.436000e-05	3.732938e-02	-1.172239e+01
3.437000e-05	3.438960e-02	-1.149376e+01
3.438000e-05	3.000041e-02	-1.128276e+01
3.439000e-05	2.888921e-02	-1.113173e+01
3.440000e-05	2.925587e-02	-1.087076e+01
3.441000e-05	2.745421e-02	-1.070278e+01
3.442000e-05	2.442485e-02	-1.052333e+01
3.443000e-05	2.264782e-02	-1.026278e+01
3.444000e-05	2.235552e-02	-1.002020e+01
3.445000e-05	2.136061e-02	-9.810601e+00
3.446000e-05	1.915043e-02	-9.620128e+00
3.447000e-05	1.694033e-02	-9.408025e+00
3.448000e-05	1.808097e-02	-9.156998e+00
3.449000e-05	1.757299e-02	-8.965943e+00
3.450000e-05	1.569213e-02	-8.716315e+00
3.451000e-05	1.273612e-02	-8.483185e+00
3.452000e-05	1.184582e-02	-8.211602e+00
3.453000e-05	1.199565e-02	-7.998045e+00
3.454000e-05	1.170941e-02	-7.765437e+00
3.455000e-05	9.158478e-03	-7.442182e+00
3.456000e-05	9.083392e-03	-7.238128e+00
3.457000e-05	7.137695e-03	-6.965540e+00
3.458000e-05	8.496470e-03	-6.663787e+00
3.459000e-05	5.281434e-03	-6.441105e+00
3.460000e-05	5.048002e-03	-6.198062e+00
3.461000e-05	3.333284e-03	-5.924290e+00
3.462000e-05	5.602677e-03	-5.672557e+00
3.463000e-05	3.372922e-03	-5.356444e+00
3.464000e-05	2.895773e-03	-5.012681e+00
3.465000e-05	7.507779e-04	-4.735720e+00
3.466000e-05	2.295846e-03	-4.433661e+00
3.467000e-05	1.330860e-03	-4.242633e+00
3.468000e-05	6.976085e-06	-3.975525e+00
3.469000e-05	-2.250455e-03	-3.693711e+00
3.470000e-05	-1.821875e-03	-3.373130e+00
3.471000e-05	-2.588074e-03	-3.127466e+00
3.472000e-05	-1.311134e-03	-2.832656e+00
3.473000e-05	-4.050708e-03	-2.557451e+00
3.474000e-05	-2.476616e-03	-2.325313e+00
3.475000e-05	-4.640909e-03	-1.979474e+00
3.476000e-05	-3.877919e-03	-1.697940e+00
3.477000e-05	-5.852658e-03	-1.441708e+00
3.478000e-05	-6.645055e-03	-1.135813e+00
3.479000e-05	-7.415636e-03	-8.331090e-01
3.480000e-05	-6.122913e-03	-5.173224e-01
3.481000e-05	-5.565312e-03	-2.627366e-01
3.482000e-05	-2.595602e-03	-2.145000e-02
3.483000e-05	8.734583e-03	2.953079e-01
3.484000e-05	-5.236764e-04	5.348433e-01
3.485000e-05	4.041961e-03	7.774949e-01
3.486000e-05	-3.291064e-03	1.094334e+00
3.487000e-05	-1.528037e-03	1.358416e+00
3.488000e-05	-4.119449e-03	1.713282e+00
3.489000e-05	8.783935e-03	1.914789e+00
3.490000e-05	3.914008e-02	2.135892e+00
3.491000e-05	1.104388e-01	2.470676e+00
3.492000e-05	-2.394648e-02	2.818048e+00
3.493000e-05	-3.961792e-02	3.083731e+00
3.494000e-05	-3.640394e-02	3.358970e+00
3.495000e-05	-2.555201e-02	3.671628e+00
3.496000e-05	-7.983549e-02	3.881728e+00
3.497000e-05	-3.858002e-02	4.070182e+00
3.498000e-05	1.159530e-01	4.376417e+00
3.499000e-05	-1.037418e-01	4.621100e+00
3.500000e-05	8.878076e-02	4.910631e+00
3.501000e-05	3.795377e-02	5.209121e+00
3.502000e-05	-1.078561e-01	5.483781e+00
3.503000e-05	6.730579e-02	5.736467e+00
3.504000e-05	-7.672026e-02	6.061180e+00
3.505000e-05	6.158020e-02	6.251682e+00
3.506000e-05	-2.415904e-02	6.577540e+00
3.507000e-05	-2.573137e-02	6.830750e+00
3.508000e-05	2.117265e-02	7.072759e+00
3.509000e-05	-5.110046e-02	7.364965e+00
3.510000e-05	2.841296e-02	7.630176e+00
3.511000e-05	-7.358603e-02	7.923439e+00
3.512000e-05	3.765879e-02	8.218519e+00
3.513000e-05	-8.346451e-03	8.399023e+00
3.514000e-05	-1.863318e-02	8.598674e+00
3.515000e-05	9.142700e-03	8.878779e+00
3.516000e-05	-7.206678e-02	9.042333e+00
3.517000e-05	1.823318e-02	9.334312e+00
3.518000e-05	-3.384173e-02	9.536914e+00
3.519000e-05	8.868966e-03	9.775071e+00
3.520000e-05	-4.665480e-02	9.969071e+00
3.521000e-05	-4.017796e-03	1.019805e+01
3.522000e-05	-1.181860e-02	1.042705e+01
3.523000e-05	-3.025577e-02	1.064015e+01
3.524000e-05	-1.951513e-02	1.081922e+01
3.525000e-05	-4.388502e-02	1.103920e+01
3.526000e-05	-3.501515e-03	1.123823e+01
3.527000e-05	-3.511958e-02	1.144810e+01
3.528000e-05	-2.047904e-02	1.164865e+01
3.529000e-05	-4.882043e-02	1.187975e+01
3.530000e-05	-1.999739e-02	1.204813e+01
3.531000e-05	-2.558692e-02	1.221812e+01
3.532000e-05	-2.850603e-02	1.235605e+01
3.533000e-05	-4.195443e-02	1.255544e+01
3.534000e-05	-4.269317e-02	1.271329e+01
3.535000e-05	-2.808526e-02	1.283883e+01
3.536000e-05	-4.162229e-02	1.299765e+01
3.537000e-05	-4.038096e-02	1.318444e+01
3.538000e-05	-5.251694e-02	1.330446e+01
3.539000e-05	-3.108957e-02	1.345828e+01
3.540000e-05	-4.300324e-02	1.361910e+01
3.541000e-05	-4.627261e-02	1.371241e+01
3.542000e-05	-6.221032e-02	1.388130e+01
3.543000e-05	-5.228918e-02	1.397352e+01
3.544000e-05	-4.904938e-02	1.412396e+01
3.545000e-05	-5.239800e-02	1.427975e+01
3.546000e-05	-6.268403e-02	1.436507e+01
3.547000e-05	-6.460471e-02	1.445128e+01
3.548000e-05	-5.597876e-02	1.456499e+01
3.549000e-05	-6.350194e-02	1.465923e+01
3.550000e-05	-6.790102e-02	1.470644e+01
3.551000e-05	-7.729515e-02	1.478805e+01
3.552000e-05	-6.981971e-02	1.484031e+01
3.553000e-05	-7.157248e-02	1.490486e+01
3.554000e-05	-8.099785e-02	1.498604e+01
3.555000e-05	-8.916554e-02	1.506926e+01
3.556000e-05	-8.966891e-02	1.508176e+01
3.557000e-05	-8.150622e-02	1.510191e+01
3.558000e-05	-8.822526e-02	1.514549e+01
3.559000e-05	-9.865512e-02	1.516860e+01
3.560000e-05	-1.025272e-01	1.522872e+01
3.561000e-05	-1.038054e-01	1.526083e+01
3.562000e-05	-1.053267e-01	1.528188e+01
3.563000e-05	-1.173053e-01	1.528048e+01
3.564000e-05	-1.229125e-01	1.531094e+01
3.565000e-05	-1.219889e-01	1.531131e+01
3.566000e-05	-1.228636e-01	1.529089e+01
3.567000e-05	-1.341074e-01	1.531026e+01
3.568000e-05	-1.487171e-01	1.525325e+01
3.569000e-05	-1.581085e-01	1.523933e+01
3.570000e-05	-1.636297e-01	1.519765e+01
3.571000e-05	-1.793853e-01	1.513712e+01
3.572000e-05	-2.027071e-01	1.517549e+01
3.573000e-05	-2.279406e-01	1.512236e+01
3.574000e-05	-2.463345e-01	1.504033e+01
3.575000e-05	-2.497000e-01	1.502715e+01
3.576000e-05	-2.500000e-01	1.495557e+01
3.577000e-05	-2.500000e-01	1.488339e+01
3.578000e-05	-2.500000e-01	1.485023e+01
3.579000e-05	-2.500000e-01	1.471539e+01
3.580000e-05	-2.500000e-01	1.467126e+01
3.581000e-05	-2.498000e-01	1.456757e+01
3.582000e-05	-2.338659e-01	1.449131e+01
3.583000e-05	-2.004401e-01	1.436757e+01
3.584000e-05	-1.747687e-01	1.431233e+01
3.585000e-05	-1.580310e-01	1.416694e+01
3.586000e-05	-1.441967e-01	1.408973e+01
3.587000e-05	-1.260493e-01	1.392241e+01
3.588000e-05	-1.141804e-01	1.376657e+01
3.589000e-05	-1.053986e-01	1.367073e+01
3.590000e-05	-1.011971e-01	1.354487e+01
3.591000e-05	-9.164254e-02	1.340713e+01
3.592000e-05	-8.073472e-02	1.326231e+01
3.593000e-05	-7.408672e-02	1.310289e+01
3.594000e-05	-7.423879e-02	1.293452e+01
3.595000e-05	-7.067040e-02	1.281800e+01
3.596000e-05	-6.469704e-02	1.264063e+01
3.597000e-05	-5.905657e-02	1.252334e+01
3.598000e-05	-5.827641e-02	1.234431e+01
3.599000e-05	-5.810652e-02	1.215402e+01
3.600000e-05	-5.192486e-02	1.199600e+01
3.601000e-05	-4.849931e-02	1.176762e+01
3.602000e-05	-4.576682e-02	1.159700e+01
3.603000e-05	-4.913310e-02	1.137602e+01
3.604000e-05	-4.550027e-02	1.119755e+01
3.605000e-05	-4.137839e-02	1.099747e+01
3.606000e-05	-3.835131e-02	1.079898e+01
3.607000e-05	-3.970316e-02	1.059699e+01
3.608000e-05	-3.940765e-02	1.035745e+01
3.609000e-05	-3.661089e-02	1.014649e+01
3.610000e-05	-3.474878e-02	9.965371e+00
3.611000e-05	-3.378328e-02	9.722761e+00
3.612000e-05	-3.507595e-02	9.462661e+00
3.613000e-05	-3.234096e-02	9.263311e+00
3.614000e-05	-2.967403e-02	9.030207e+00
3.615000e-05	-2.875265e-02	8.760574e+00
3.616000e-05	-3.012709e-02	8.578948e+00
3.617000e-05	-3.004704e-02	8.327922e+00
3.618000e-05	-2.793594e-02	8.092362e+00
3.619000e-05	-2.588568e-02	7.852609e+00
3.620000e-05	-2.558246e-02	7.588098e+00
3.621000e-05	-2.646408e-02	7.295964e+00
3.622000e-05	-2.500680e-02	7.062208e+00
3.623000e-05	-2.202889e-02	6.820078e+00
3.624000e-05	-2.226350e-02	6.587420e+00
3.625000e-05	-2.315756e-02	6.284311e+00
3.626000e-05	-2.293600e-02	6.041610e+00
3.627000e-05	-2.069483e-02	5.798052e+00
3.628000e-05	-1.965420e-02	5.505239e+00
3.629000e-05	-2.018780e-02	5.229656e+00
3.630000e-05	-2.083092e-02	4.905839e+00
3.631000e-05	-1.923076e-02	4.601052e+00
3.632000e-05	-1.776602e-02	4.368473e+00
3.633000e-05	-1.649940e-02	4.063210e+00
3.634000e-05	-1.865977e-02	3.820023e+00
3.635000e-05	-1.750092e-02	3.547995e+00
3.636000e-05	-1.562764e-02	3.263684e+00
3.637000e-05	-1.402593e-02	2.947926e+00
3.638000e-05	-1.580816e-02	2.676885e+00
3.639000e-05	-1.511875e-02	2.409505e+00
3.640000e-05	-1.423018e-02	2.085766e+00
3.641000e-05	-1.240016e-02	1.865787e+00
3.642000e-05	-1.251367e-02	1.588899e+00
3.643000e-05	-1.288832e-02	1.254762e+00
3.644000e-05	-1.198147e-02	9.478452e-01
3.645000e-05	-9.962033e-03	6.532105e-01
3.646000e-05	-9.103471e-03	3.905554e-01
3.647000e-05	-8.999774e-03	8.673967e-02
3.648000e-05	-6.617407e-03	-1.799444e-01
3.649000e-05	7.561139e-03	-4.304712e-01
3.650000e-05	-5.068156e-03	-7.338368e-01
3.651000e-05	4.913666e-03	-9.664221e-01
3.652000e-05	-4.132224e-03	-1.263626e+00
3.653000e-05	2.893540e-03	-1.596365e+00
3.654000e-05	1.464842e-03	-1.807970e+00
3.655000e-05	3.722266e-02	-1.979976e+00
3.656000e-05	1.257769e-01	-2.271785e+00
3.657000e-05	-3.986110e-03	-2.691680e+00
3.658000e-05	-3.268027e-02	-3.103203e+00
3.659000e-05	-2.150532e-02	-3.366916e+00
3.660000e-05	-3.844961e-02	-3.546469e+00
3.661000e-05	-9.704417e-02	-3.787522e+00
3.662000e-05	7.504874e-02	-3.998022e+00
3.663000e-05	6.174187e-02	-4.197524e+00
3.664000e-05	-1.234150e-01	-4.535338e+00
3.665000e-05	2.196484e-01	-4.746891e+00
3.666000e-05	-1.606204e-01	-5.101180e+00
3.667000e-05	9.776677e-02	-5.447570e+00
3.668000e-05	-2.796764e-02	-5.670598e+00
3.669000e-05	-8.749323e-02	-5.967940e+00
3.670000e-05	1.776600e-01	-6.155387e+00
3.671000e-05	-1.253801e-01	-6.481755e+00
3.672000e-05	1.431572e-01	-6.775385e+00
3.673000e-05	-6.469056e-02	-7.007000e+00
3.674000e-05	6.818978e-03	-7.333387e+00
3.675000e-05	6.211960e-02	-7.523358e+00
3.676000e-05	-8.026251e-02	-7.839678e+00
3.677000e-05	1.461109e-01	-8.091204e+00
3.678000e-05	-9.344213e-02	-8.304333e+00
3.679000e-05	1.102176e-01	-8.575940e+00
3.680000e-05	-1.937205e-02	-8.768045e+00
3.681000e-05	-1.763115e-02	-9.090654e+00
3.682000e-05	5.875148e-02	-9.239673e+00
3.683000e-05	-4.412366e-02	-9.492857e+00
3.684000e-05	1.222821e-01	-9.711840e+00
3.685000e-05	-5.951804e-02	-9.943811e+00
3.686000e-05	1.002256e-01	-1.014451e+01
3.687000e-05	-4.640145e-02	-1.038452e+01
3.688000e-05	6.729433e-02	-1.059809e+01
3.689000e-05	1.130373e-03	-1.079547e+01
3.690000e-05	2.280146e-02	-1.102512e+01
3.691000e-05	4.198307e-02	-1.115547e+01
3.692000e-05	6.337237e-03	-1.144817e+01
3.693000e-05	6.812486e-02	-1.158807e+01
3.694000e-05	-1.365993e-02	-1.185815e+01
3.695000e-05	6.405317e-02	-1.197755e+01
3.696000e-05	-1.890143e-03	-1.223762e+01
3.697000e-05	7.377357e-02	-1.237642e+01
3.698000e-05	8.434302e-03	-1.253446e+01
3.699000e-05	4.886224e-02	-1.272338e+01
3.700000e-05	1.913339e-02	-1.286020e+01
3.701000e-05	4.833356e-02	-1.306713e+01
3.702000e-05	3.883105e-02	-1.316539e+01
3.703000e-05	3.868981e-02	-1.331391e+01
3.704000e-05	4.814774e-02	-1.349970e+01
3.705000e-05	4.147422e-02	-1.359712e+01
3.706000e-05	5.716202e-02	-1.377349e+01
3.707000e-05	3.329080e-02	-1.386078e+01
3.708000e-05	5.167965e-02	-1.402852e+01
3.709000e-05	3.975163e-02	-1.414238e+01
3.710000e-05	6.576031e-02	-1.427772e+01
3.711000e-05	4.882422e-02	-1.434299e+01
3.712000e-05	6.092756e-02	-1.446175e+01
3.713000e-05	5.066318e-02	-1.461599e+01
3.714000e-05	6.845111e-02	-1.466970e+01
3.715000e-05	6.235898e-02	-1.478291e+01
3.716000e-05	6.601014e-02	-1.482660e+01
3.717000e-05	6.381466e-02	-1.487083e+01
3.718000e-05	7.083842e-02	-1.493402e+01
3.719000e-05	7.556271e-02	-1.506765e+01
3.720000e-05	7.225469e-02	-1.508228e+01
3.721000e-05	7.538584e-02	-1.513293e+01
3.722000e-05	7.914743e-02	-1.519499e+01
3.723000e-05	9.173551e-02	-1.520770e+01
3.724000e-05	8.937841e-02	-1.523118e+01
3.725000e-05	9.257382e-02	-1.528183e+01
3.726000e-05	9.115792e-02	-1.532349e+01
3.727000e-05	1.003254e-01	-1.533546e+01
3.728000e-05	1.024893e-01	-1.536504e+01
3.729000e-05	1.074642e-01	-1.533509e+01
3.730000e-05	1.100142e-01	-1.541504e+01
3.731000e-05	1.194649e-01	-1.537507e+01
3.732000e-05	1.273961e-01	-1.536654e+01
3.733000e-05	1.321620e-01	-1.536546e+01
3.734000e-05	1.372176e-01	-1.537441e+01
3.735000e-05	1.464610e-01	-1.529291e+01
3.736000e-05	1.631551e-01	-1.528338e+01
3.737000e-05	1.795413e-01	-1.525033e+01
3.738000e-05	1.975015e-01	-1.520805e+01
3.739000e-05	2.214676e-01	-1.516492e+01
3.740000e-05	2.458129e-01	-1.511133e+01
3.741000e-05	2.500000e-01	-1.510025e+01
3.742000e-05	2.500000e-01	-1.501765e+01
3.743000e-05	2.500000e-01	-1.495443e+01
3.744000e-05	2.500000e-01	-1.487023e+01
3.745000e-05	2.500000e-01	-1.477459e+01
3.746000e-05	2.500000e-01	-1.471379e+01
3.747000e-05	2.435338e-01	-1.462922e+01
3.748000e-05	2.135292e-01	-1.451449e+01
3.749000e-05	1.871608e-01	-1.445915e+01
3.750000e-05	1.661086e-01	-1.434393e+01
3.751000e-05	1.454395e-01	-1.420865e+01
3.752000e-05	1.268392e-01	-1.408183e+01
3.753000e-05	1.140264e-01	-1.396302e+01
3.754000e-05	1.040763e-01	-1.385964e+01
3.755000e-05	9.356529e-02	-1.373292e+01
3.756000e-05	8.261818e-02	-1.356699e+01
3.757000e-05	7.625684e-02	-1.344867e+01
3.758000e-05	7.138247e-02	-1.330276e+01
3.759000e-05	6.780831e-02	-1.316544e+01
3.760000e-05	6.028692e-02	-1.298647e+01
3.761000e-05	5.516616e-02	-1.287118e+01
3.762000e-05	5.180742e-02	-1.271178e+01
3.763000e-05	5.190497e-02	-1.254394e+01
3.764000e-05	4.538904e-02	-1.236642e+01
3.765000e-05	4.037644e-02	-1.216800e+01
3.766000e-05	3.802419e-02	-1.200805e+01
3.767000e-05	3.741769e-02	-1.179914e+01
3.768000e-05	3.457689e-02	-1.160807e+01
3.769000e-05	3.157520e-02	-1.138542e+01
3.770000e-05	2.881950e-02	-1.117507e+01
3.771000e-05	3.037845e-02	-1.097502e+01
3.772000e-05	2.885012e-02	-1.075695e+01
3.773000e-05	2.539402e-02	-1.059597e+01
3.774000e-05	2.301748e-02	-1.030497e+01
3.775000e-05	2.131526e-02	-1.015491e+01
3.776000e-05	2.192672e-02	-9.883814e+00
3.777000e-05	1.977224e-02	-9.714359e+00
3.778000e-05	1.790608e-02	-9.441760e+00
3.779000e-05	1.676517e-02	-9.281129e+00
3.780000e-05	1.791520e-02	-9.052129e+00
3.781000e-05	1.679404e-02	-8.818574e+00
3.782000e-05	1.323904e-02	-8.555944e+00
3.783000e-05	1.094460e-02	-8.314340e+00
3.784000e-05	1.152300e-02	-8.073791e+00
3.785000e-05	1.271924e-02	-7.852158e+00
3.786000e-05	1.034039e-02	-7.547889e+00
3.787000e-05	9.263967e-03	-7.304814e+00
3.788000e-05	7.562347e-03	-6.981706e+00
3.789000e-05	8.329696e-03	-6.770495e+00
3.790000e-05	5.723365e-03	-6.495894e+00
3.791000e-05	4.621146e-03	-6.292259e+00
3.792000e-05	3.005745e-03	-5.989125e+00
3.793000e-05	3.935676e-03	-5.726816e+00
3.794000e-05	5.445018e-03	-5.533187e+00
3.795000e-05	4.021910e-03	-5.188471e+00
3.796000e-05	1.127875e-03	-4.840132e+00
3.797000e-05	1.589274e-03	-4.527395e+00
3.798000e-05	1.303026e-03	-4.346869e+00
3.799000e-05	9.789547e-04	-4.094236e+00
3.800000e-05	-2.757099e-03	-3.789425e+00
3.801000e-05	-2.718930e-03	-3.486390e+00
3.802000e-05	-4.256621e-03	-3.234634e+00
3.803000e-05	-7.737616e-04	-2.936441e+00
3.804000e-05	-3.813189e-03	-2.674212e+00
3.805000e-05	-2.675627e-03	-2.410504e+00
3.806000e-05	-4.186960e-03	-2.105317e+00
3.807000e-05	-2.606867e-03	-1.853529e+00
3.808000e-05	-5.751307e-03	-1.589392e+00
3.809000e-05	-6.132847e-03	-1.242656e+00
3.810000e-05	-7.664973e-03	-9.483160e-01
3.811000e-05	-6.560563e-03	-6.736593e-01
3.812000e-05	-6.494624e-03	-3.779711e-01
3.813000e-05	-5.933135e-03	-9.473954e-02
3.814000e-05	3.073977e-03	1.774735e-01
3.815000e-05	4.628656e-03	4.522328e-01
3.816000e-05	4.613504e-04	6.747093e-01
3.817000e-05	3.450723e-03	9.664434e-01
3.818000e-05	-2.425247e-03	1.272660e+00
3.819000e-05	9.710161e-04	1.546895e+00
3.820000e-05	2.235077e-04	1.812104e+00
3.821000e-05	2.401872e-02	2.061108e+00
3.822000e-05	8.902536e-02	2.304240e+00
3.823000e-05	4.422698e-02	2.652261e+00
3.824000e-05	-5.984367e-02	2.967473e+00
3.825000e-05	-2.351956e-02	3.251555e+00
3.826000e-05	-3.659699e-02	3.545840e+00
3.827000e-05	-4.619512e-02	3.768018e+00
3.828000e-05	-8.122272e-02	3.946995e+00
3.829000e-05	7.829382e-02	4.210656e+00
3.830000e-05	3.755423e-03	4.556842e+00
3.831000e-05	-5.827547e-02	4.765995e+00
3.832000e-05	1.642358e-01	5.081235e+00
3.833000e-05	-1.450839e-01	5.419499e+00
3.834000e-05	5.264276e-02	5.622204e+00
3.835000e-05	-3.920836e-02	5.945415e+00
3.836000e-05	-9.096888e-04	6.176944e+00
3.837000e-05	4.082660e-02	6.491724e+00
3.838000e-05	-6.853502e-02	6.753415e+00
3.839000e-05	4.637729e-02	6.987496e+00
3.840000e-05	-5.737509e-02	7.270276e+00
3.841000e-05	2.340960e-02	7.523892e+00
3.842000e-05	-5.096265e-02	7.797148e+00
3.843000e-05	-4.889266e-03	8.072808e+00
3.844000e-05	2.710781e-02	8.323812e+00
3.845000e-05	-3.837432e-02	8.534413e+00
3.846000e-05	1.834851e-02	8.775569e+00
3.847000e-05	-5.455721e-02	8.977999e+00
3.848000e-05	-1.515378e-02	9.249674e+00
3.849000e-05	-9.127573e-03	9.437653e+00
3.850000e-05	-1.014383e-02	9.681807e+00
3.851000e-05	-1.941472e-02	9.933838e+00
3.852000e-05	-2.914359e-02	1.013539e+01
3.853000e-05	1.739225e-03	1.034437e+01
3.854000e-05	-3.251971e-02	1.052559e+01
3.855000e-05	-2.063584e-02	1.078597e+01
3.856000e-05	-3.895362e-02	1.098497e+01
3.857000e-05	-1.763980e-02	1.116550e+01
3.858000e-05	-1.738011e-02	1.136554e+01
3.859000e-05	-2.818589e-02	1.158597e+01
3.860000e-05	-3.652497e-02	1.178799e+01
3.861000e-05	-3.536746e-02	1.194544e+01
3.862000e-05	-2.054185e-02	1.212344e+01
3.863000e-05	-2.910612e-02	1.231341e+01
3.864000e-05	-3.593351e-02	1.249241e+01
3.865000e-05	-4.382931e-02	1.265025e+01
3.866000e-05	-3.318596e-02	1.280758e+01
3.867000e-05	-3.348862e-02	1.294349e+01
3.868000e-05	-4.146983e-02	1.313191e+01
3.869000e-05	-4.909130e-02	1.328233e+01
3.870000e-05	-3.998722e-02	1.339910e+01
3.871000e-05	-3.770847e-02	1.354605e+01
3.872000e-05	-4.413208e-02	1.367933e+01
3.873000e-05	-5.832686e-02	1.381865e+01
3.874000e-05	-5.566543e-02	1.393149e+01
3.875000e-05	-4.964529e-02	1.404073e+01
3.876000e-05	-4.919377e-02	1.421612e+01
3.877000e-05	-5.966483e-02	1.427248e+01
3.878000e-05	-6.445311e-02	1.445813e+01
3.879000e-05	-5.887065e-02	1.451286e+01
3.880000e-05	-5.963408e-02	1.461658e+01
3.881000e-05	-6.469560e-02	1.471240e+01
3.882000e-05	-7.504526e-02	1.476597e+01
3.883000e-05	-7.144608e-02	1.481911e+01
3.884000e-05	-7.036784e-02	1.488183e+01
3.885000e-05	-7.540145e-02	1.497462e+01
3.886000e-05	-8.592126e-02	1.501815e+01
3.887000e-05	-9.014582e-02	1.506928e+01
3.888000e-05	-8.515220e-02	1.512244e+01
3.889000e-05	-8.748870e-02	1.513544e+01
3.890000e-05	-9.334401e-02	1.518660e+01
3.891000e-05	-1.026335e-01	1.523925e+01
3.892000e-05	-1.003485e-01	1.522770e+01
3.893000e-05	-1.046327e-01	1.528033e+01
3.894000e-05	-1.101686e-01	1.531038e+01
3.895000e-05	-1.208548e-01	1.535191e+01
3.896000e-05	-1.229027e-01	1.528188e+01
3.897000e-05	-1.239491e-01	1.531093e+01
3.898000e-05	-1.301018e-01	1.530083e+01
3.899000e-05	-1.451404e-01	1.530078e+01
3.900000e-05	-1.529870e-01	1.529128e+01
3.901000e-05	-1.613102e-01	1.523775e+01
3.902000e-05	-1.712821e-01	1.520705e+01
3.903000e-05	-1.901122e-01	1.516645e+01
3.904000e-05	-2.181311e-01	1.512282e+01
3.905000e-05	-2.397732e-01	1.507181e+01
3.906000e-05	-2.499898e-01	1.501978e+01
3.907000e-05	-2.500000e-01	1.496760e+01
3.908000e-05	-2.500000e-01	1.492496e+01
3.909000e-05	-2.500000e-01	1.487079e+01
3.910000e-05	-2.500000e-01	1.477554e+01
3.911000e-05	-2.500000e-01	1.471281e+01
3.912000e-05	-2.500000e-01	1.465875e+01
3.913000e-05	-2.435804e-01	1.453499e+01
3.914000e-05	-2.140457e-01	1.441965e+01
3.915000e-05	-1.857843e-01	1.430501e+01
3.916000e-05	-1.661581e-01	1.422867e+01
3.917000e-05	-1.499586e-01	1.411336e+01
3.918000e-05	-1.327200e-01	1.394605e+01
3.919000e-05	-1.169238e-01	1.386073e+01
3.920000e-05	-1.065265e-01	1.371239e+01
3.921000e-05	-1.013251e-01	1.357567e+01
3.922000e-05	-9.512369e-02	1.342965e+01
3.923000e-05	-8.596233e-02	1.329439e+01
3.924000e-05	-7.847716e-02	1.316647e+01
3.925000e-05	-7.527429e-02	1.300917e+01
3.926000e-05	-7.194822e-02	1.290078e+01
3.927000e-05	-6.690233e-02	1.275434e+01
3.928000e-05	-6.010252e-02	1.255599e+01
3.929000e-05	-5.764860e-02	1.237907e+01
3.930000e-05	-5.637406e-02	1.219915e+01
3.931000e-05	-5.496870e-02	1.209013e+01
3.932000e-05	-4.966392e-02	1.186223e+01
3.933000e-05	-4.794519e-02	1.168121e+01
3.934000e-05	-4.769883e-02	1.144975e+01
3.935000e-05	-4.799816e-02	1.123066e+01
3.936000e-05	-4.309086e-02	1.101216e+01
3.937000e-05	-4.071926e-02	1.086279e+01
3.938000e-05	-3.832420e-02	1.064220e+01
3.939000e-05	-3.933928e-02	1.045073e+01
3.940000e-05	-3.634356e-02	1.022165e+01
3.941000e-05	-3.538325e-02	1.002906e+01
3.942000e-05	-3.431006e-02	9.787624e+00
3.943000e-05	-3.560993e-02	9.515447e+00
3.944000e-05	-3.475988e-02	9.355469e+00
3.945000e-05	-3.192312e-02	9.113865e+00
3.946000e-05	-2.921911e-02	8.893811e+00
3.947000e-05	-2.871174e-02	8.631239e+00
3.948000e-05	-2.908488e-02	8.451733e+00
3.949000e-05	-2.732984e-02	8.177577e+00
3.950000e-05	-2.550556e-02	7.946295e+00
3.951000e-05	-2.562672e-02	7.684760e+00
3.952000e-05	-2.682724e-02	7.388206e+00
3.953000e-05	-2.565190e-02	7.177943e+00
3.954000e-05	-2.394362e-02	6.904865e+00
3.955000e-05	-2.175152e-02	6.650182e+00
3.956000e-05	-2.385017e-02	6.399650e+00
3.957000e-05	-2.227699e-02	6.145944e+00
3.958000e-05	-2.059068e-02	5.853815e+00
3.959000e-05	-1.868800e-02	5.629504e+00
3.960000e-05	-1.970665e-02	5.357522e+00
3.961000e-05	-2.021239e-02	4.990101e+00
3.962000e-05	-1.996056e-02	4.706792e+00
3.963000e-05	-1.851590e-02	4.431661e+00
3.964000e-05	-1.825936e-02	4.188004e+00
3.965000e-05	-1.885375e-02	3.875268e+00
3.966000e-05	-1.751369e-02	3.632608e+00
3.967000e-05	-1.442069e-02	3.346901e+00
3.968000e-05	-1.408851e-02	3.062636e+00
3.969000e-05	-1.476130e-02	2.791107e+00
3.970000e-05	-1.511642e-02	2.514267e+00
3.971000e-05	-1.447528e-02	2.221633e+00
3.972000e-05	-1.339140e-02	1.978977e+00
3.973000e-05	-1.273268e-02	1.684218e+00
3.974000e-05	-1.376463e-02	1.338050e+00
3.975000e-05	-1.281393e-02	1.065264e+00
3.976000e-05	-1.075185e-02	7.494487e-01
3.977000e-05	-1.177518e-02	4.756395e-01
3.978000e-05	-8.140253e-03	1.914503e-01
3.979000e-05	-9.404217e-03	-9.266026e-02
3.980000e-05	6.679141e-03	-3.263133e-01
3.981000e-05	1.488344e-03	-6.390499e-01
3.982000e-05	1.500641e-03	-8.826803e-01
3.983000e-05	-4.912218e-04	-1.174867e+00
3.984000e-05	-1.708875e-03	-1.441676e+00
3.985000e-05	-1.351352e-03	-1.703284e+00
3.986000e-05	1.743570e-02	-1.935840e+00
3.987000e-05	9.096837e-02	-2.167418e+00
3.988000e-05	7.904139e-02	-2.535286e+00
3.989000e-05	-6.111916e-02	-2.924764e+00
3.990000e-05	4.486544e-03	-3.291682e+00
3.991000e-05	-5.109575e-02	-3.502734e+00
3.992000e-05	-5.513008e-02	-3.713829e+00
3.993000e-05	-5.357725e-02	-3.947338e+00
3.994000e-05	1.770879e-01	-4.084262e+00
3.995000e-05	-1.778830e-01	-4.427520e+00
3.996000e-05	1.525592e-01	-4.702880e+00
3.997000e-05	-5.798098e-03	-4.912813e+00
3.998000e-05	-7.499860e-02	-5.323885e+00
3.999000e-05	1.384196e-01	-5.557365e+00
4.000000e-05	-1.909604e-01	-5.850651e+00
4.001000e-05	1.717761e-01	-6.111681e+00
4.002000e-05	-4.660167e-02	-6.344963e+00
4.003000e-05	2.606809e-02	-6.683700e+00
4.004000e-05	7.192942e-02	-6.880757e+00
4.005000e-05	-1.073849e-01	-7.238046e+00
4.006000e-05	1.318803e-01	-7.449652e+00
4.007000e-05	-1.021822e-01	-7.722407e+00
4.008000e-05	1.043253e-01	-8.027497e+00
4.009000e-05	-4.155018e-03	-8.207070e+00
4.010000e-05	-3.292553e-03	-8.493180e+00
4.011000e-05	1.025392e-01	-8.723832e+00
4.012000e-05	-1.026841e-01	-8.987017e+00
4.013000e-05	1.043898e-01	-9.206992e+00
4.014000e-05	-7.148951e-02	-9.388017e+00
4.015000e-05	1.087011e-01	-9.670649e+00
4.016000e-05	-1.233712e-02	-9.830123e+00
4.017000e-05	3.997657e-02	-1.008076e+01
4.018000e-05	2.834477e-02	-1.028980e+01
4.019000e-05	-9.864292e-03	-1.054439e+01
4.020000e-05	7.361439e-02	-1.073280e+01
4.021000e-05	-3.544705e-02	-1.089333e+01
4.022000e-05	8.226376e-02	-1.112235e+01
4.023000e-05	-2.406345e-02	-1.135393e+01
4.024000e-05	8.283764e-02	-1.156236e+01
4.025000e-05	-9.380680e-03	-1.174249e+01
4.026000e-05	5.117226e-02	-1.192346e+01
4.027000e-05	1.375749e-02	-1.213381e+01
4.028000e-05	4.939343e-02	-1.233241e+01
4.029000e-05	4.142821e-02	-1.244976e+01
4.030000e-05	2.222097e-02	-1.266025e+01
4.031000e-05	4.289623e-02	-1.279852e+01
4.032000e-05	2.062080e-02	-1.296702e+01
4.033000e-05	5.926508e-02	-1.311241e+01
4.034000e-05	2.226579e-02	-1.325070e+01
4.035000e-05	5.943140e-02	-1.341809e+01
4.036000e-05	2.983726e-02	-1.358444e+01
4.037000e-05	6.469433e-02	-1.366126e+01
4.038000e-05	3.459719e-02	-1.384675e+01
4.039000e-05	5.042899e-02	-1.394186e+01
4.040000e-05	3.867628e-02	-1.405030e+01
4.041000e-05	5.834765e-02	-1.419659e+01
4.042000e-05	5.539905e-02	-1.430389e+01
4.043000e-05	5.549469e-02	-1.441810e+01
4.044000e-05	5.503486e-02	-1.454343e+01
4.045000e-05	5.834057e-02	-1.463862e+01
4.046000e-05	7.028335e-02	-1.470278e+01
4.047000e-05	6.152766e-02	-1.478597e+01
4.048000e-05	6.874990e-02	-1.484873e+01
4.049000e-05	6.374230e-02	-1.492248e+01
4.050000e-05	7.816100e-02	-1.502659e+01
4.051000e-05	6.982344e-02	-1.506027e+01
4.052000e-05	7.603548e-02	-1.509036e+01
4.053000e-05	7.322517e-02	-1.516439e+01
4.054000e-05	8.837686e-02	-1.519764e+01
4.055000e-05	9.067725e-02	-1.526820e+01
4.056000e-05	9.219774e-02	-1.526080e+01
4.057000e-05	9.175690e-02	-1.528431e+01
4.058000e-05	9.555754e-02	-1.534348e+01
4.059000e-05	1.036753e-01	-1.533599e+01
4.060000e-05	1.043988e-01	-1.535557e+01
4.061000e-05	1.095706e-01	-1.538606e+01
4.062000e-05	1.138510e-01	-1.539607e+01
4.063000e-05	1.263933e-01	-1.534505e+01
4.064000e-05	1.292810e-01	-1.535651e+01
4.065000e-05	1.353034e-01	-1.535543e+01
4.066000e-05	1.409892e-01	-1.531294e+01
4.067000e-05	1.570276e-01	-1.531291e+01
4.068000e-05	1.728280e-01	-1.529118e+01
4.069000e-05	1.907634e-01	-1.523963e+01
4.070000e-05	2.107494e-01	-1.519597e+01
4.071000e-05	2.385607e-01	-1.516336e+01
4.072000e-05	2.499993e-01	-1.512083e+01
4.073000e-05	2.500000e-01	-1.502865e+01
4.074000e-05	2.500000e-01	-1.498501e+01
4.075000e-05	2.500000e-01	-1.489178e+01
4.076000e-05	2.500000e-01	-1.480812e+01
4.077000e-05	2.500000e-01	-1.476334e+01
4.078000e-05	2.490847e-01	-1.467170e+01
4.079000e-05	2.262861e-01	-1.456900e+01
4.080000e-05	1.969186e-01	-1.446166e+01
4.081000e-05	1.738158e-01	-1.439645e+01
4.082000e-05	1.531356e-01	-1.427120e+01
4.083000e-05	1.332987e-01	-1.413398e+01
4.084000e-05	1.189720e-01	-1.401807e+01
4.085000e-05	1.084964e-01	-1.388223e+01
4.086000e-05	9.765149e-02	-1.374694e+01
4.087000e-05	8.730990e-02	-1.364008e+01
4.088000e-05	7.888018e-02	-1.347135e+01
4.089000e-05	7.480256e-02	-1.335396e+01
4.090000e-05	6.909213e-02	-1.319642e+01
4.091000e-05	6.347831e-02	-1.304013e+01
4.092000e-05	5.680475e-02	-1.290376e+01
4.093000e-05	5.290609e-02	-1.273439e+01
4.094000e-05	5.090996e-02	-1.257747e+01
4.095000e-05	4.690688e-02	-1.243860e+01
4.096000e-05	4.302198e-02	-1.224873e+01
4.097000e-05	4.039476e-02	-1.207173e+01
4.098000e-05	3.858008e-02	-1.190023e+01
4.099000e-05	3.603066e-02	-1.169128e+01
4.100000e-05	3.382036e-02	-1.145331e+01
4.101000e-05	2.966712e-02	-1.118915e+01
4.102000e-05	2.894934e-02	-1.101960e+01
4.103000e-05	2.806637e-02	-1.080063e+01
4.104000e-05	2.760601e-02	-1.067118e+01
4.105000e-05	2.427849e-02	-1.044113e+01
4.106000e-05	2.284333e-02	-1.019923e+01
4.107000e-05	2.154534e-02	-9.987502e+00
4.108000e-05	2.066591e-02	-9.798023e+00
4.109000e-05	1.904281e-02	-9.567920e+00
4.110000e-05	1.685065e-02	-9.345940e+00
4.111000e-05	1.616443e-02	-9.103362e+00
4.112000e-05	1.661669e-02	-8.904258e+00
4.113000e-05	1.400992e-02	-8.649680e+00
4.114000e-05	1.302409e-02	-8.398578e+00
4.115000e-05	1.169462e-02	-8.157549e+00
4.116000e-05	1.232066e-02	-7.955921e+00
4.117000e-05	1.118338e-02	-7.642683e+00
4.118000e-05	8.485489e-03	-7.398472e+00
4.119000e-05	8.229820e-03	-7.135999e+00
4.120000e-05	6.967562e-03	-6.895208e+00
4.121000e-05	7.598134e-03	-6.611579e+00
4.122000e-05	5.362606e-03	-6.369048e+00
4.123000e-05	5.092149e-03	-6.124737e+00
4.124000e-05	2.162847e-03	-5.840681e+00
4.125000e-05	5.373257e-03	-5.590042e+00
4.126000e-05	2.510357e-03	-5.292735e+00
4.127000e-05	2.128741e-03	-4.968997e+00
4.128000e-05	7.579065e-04	-4.672685e+00
4.129000e-05	1.574344e-03	-4.430049e+00
4.130000e-05	1.708660e-03	-4.179500e+00
4.131000e-05	-1.110797e-03	-3.906363e+00
4.132000e-05	-1.328517e-03	-3.590052e+00
4.133000e-05	-4.151276e-03	-3.338418e+00
4.134000e-05	-2.126086e-03	-3.114309e+00
4.135000e-05	-4.147860e-03	-2.789969e+00
4.136000e-05	-2.136192e-03	-2.516266e+00
4.137000e-05	-4.832899e-03	-2.221584e+00
4.138000e-05	-1.932895e-03	-1.936794e+00
4.139000e-05	-5.710290e-03	-1.674186e+00
4.140000e-05	-4.378438e-03	-1.338401e+00
4.141000e-05	-8.606854e-03	-1.043083e+00
4.142000e-05	-6.904982e-03	-7.689975e-01
4.143000e-05	-7.703627e-03	-4.831858e-01
4.144000e-05	-4.737256e-03	-2.010502e-01
4.145000e-05	-1.790480e-03	4.098407e-02
4.146000e-05	9.059193e-03	3.768959e-01
4.147000e-05	-2.941830e-03	5.780025e-01
4.148000e-05	6.261450e-03	8.615277e-01
4.149000e-05	-3.056106e-03	1.165419e+00
4.150000e-05	1.586169e-03	1.380127e+00
4.151000e-05	-3.391585e-03	1.796341e+00
4.152000e-05	1.501625e-02	1.967345e+00
4.153000e-05	5.624212e-02	2.239550e+00
4.154000e-05	9.857317e-02	2.575363e+00
4.155000e-05	-5.251769e-02	2.902682e+00
4.156000e-05	-2.782019e-02	3.156363e+00
4.157000e-05	-4.080087e-02	3.381155e+00
4.158000e-05	-2.493741e-02	3.684737e+00
4.159000e-05	-8.936432e-02	3.893833e+00
4.160000e-05	3.240053e-03	4.113764e+00
4.161000e-05	9.803808e-02	4.429671e+00
4.162000e-05	-1.287775e-01	4.693261e+00
4.163000e-05	1.603091e-01	4.934415e+00
4.164000e-05	-5.638942e-02	5.324782e+00
4.165000e-05	-4.188966e-02	5.526843e+00
4.166000e-05	3.614921e-02	5.800101e+00
4.167000e-05	-6.329555e-02	6.092734e+00
4.168000e-05	7.262985e-02	6.365840e+00
4.169000e-05	-5.932751e-02	6.629625e+00
4.170000e-05	1.021224e-02	6.903309e+00
4.171000e-05	-1.332343e-02	7.184945e+00
4.172000e-05	-2.268229e-02	7.430099e+00
4.173000e-05	3.819918e-03	7.674310e+00
4.174000e-05	-5.774803e-02	7.976549e+00
4.175000e-05	4.602255e-02	8.250701e+00
4.176000e-05	-2.830396e-02	8.431755e+00
4.177000e-05	-1.076485e-03	8.631654e+00
4.178000e-05	-1.463612e-02	8.914859e+00
4.179000e-05	-6.039011e-02	9.143840e+00
4.180000e-05	1.877247e-02	9.366420e+00
4.181000e-05	-3.246515e-02	9.607019e+00
4.182000e-05	7.831413e-03	9.808174e+00
4.183000e-05	-4.844832e-02	1.005018e+01
4.184000e-05	5.136631e-03	1.025018e+01
4.185000e-05	-2.314506e-02	1.043218e+01
4.186000e-05	-2.706959e-02	1.070076e+01
4.187000e-05	-2.782200e-02	1.088276e+01
4.188000e-05	-3.859827e-02	1.109083e+01
4.189000e-05	-1.991696e-03	1.128236e+01
4.190000e-05	-3.704184e-02	1.149126e+01
4.191000e-05	-2.232884e-02	1.169441e+01
4.192000e-05	-4.996955e-02	1.186131e+01
4.193000e-05	-1.713111e-02	1.204033e+01
4.194000e-05	-2.917279e-02	1.226818e+01
4.195000e-05	-3.082755e-02	1.237857e+01
4.196000e-05	-4.367848e-02	1.259810e+01
4.197000e-05	-3.952382e-02	1.276344e+01
4.198000e-05	-2.767946e-02	1.289128e+01
4.199000e-05	-4.287283e-02	1.307975e+01
4.200000e-05	-4.404566e-02	1.318813e+01
4.201000e-05	-5.003897e-02	1.336749e+01
4.202000e-05	-3.205218e-02	1.349186e+01
4.203000e-05	-4.323008e-02	1.361770e+01
4.204000e-05	-5.093641e-02	1.374551e+01
4.205000e-05	-6.112147e-02	1.388985e+01
4.206000e-05	-5.122354e-02	1.402815e+01
4.207000e-05	-4.745752e-02	1.417649e+01
4.208000e-05	-5.680277e-02	1.427173e+01
4.209000e-05	-6.397005e-02	1.436554e+01
4.210000e-05	-6.226839e-02	1.449978e+01
4.211000e-05	-5.575203e-02	1.456462e+01
4.212000e-05	-6.234295e-02	1.467070e+01
4.213000e-05	-7.169606e-02	1.476399e+01
4.214000e-05	-7.435722e-02	1.482662e+01
4.215000e-05	-6.959905e-02	1.485230e+01
4.216000e-05	-7.210138e-02	1.490549e+01
4.217000e-05	-8.287921e-02	1.498752e+01
4.218000e-05	-9.104493e-02	1.505973e+01
4.219000e-05	-8.841933e-02	1.510391e+01
4.220000e-05	-8.286334e-02	1.515391e+01
4.221000e-05	-8.930903e-02	1.516450e+01
4.222000e-05	-9.874325e-02	1.521822e+01
4.223000e-05	-1.019430e-01	1.521877e+01
4.224000e-05	-1.014387e-01	1.528983e+01
4.225000e-05	-1.075044e-01	1.523033e+01
4.226000e-05	-1.195471e-01	1.533185e+01
4.227000e-05	-1.233681e-01	1.527049e+01
4.228000e-05	-1.234010e-01	1.528244e+01
4.229000e-05	-1.244115e-01	1.526133e+01
4.230000e-05	-1.374912e-01	1.526086e+01
4.231000e-05	-1.506341e-01	1.530126e+01
4.232000e-05	-1.585435e-01	1.526820e+01
4.233000e-05	-1.664147e-01	1.521667e+01
4.234000e-05	-1.828324e-01	1.515559e+01
4.235000e-05	-2.091152e-01	1.514491e+01
4.236000e-05	-2.332587e-01	1.511336e+01
4.237000e-05	-2.489854e-01	1.507981e+01
4.238000e-05	-2.500000e-01	1.501655e+01
4.239000e-05	-2.500000e-01	1.491499e+01
4.240000e-05	-2.500000e-01	1.490276e+01
4.241000e-05	-2.500000e-01	1.482008e+01
4.242000e-05	-2.500000e-01	1.473339e+01
4.243000e-05	-2.500000e-01	1.464018e+01
4.244000e-05	-2.489897e-01	1.453557e+01
4.245000e-05	-2.282775e-01	1.448128e+01
4.246000e-05	-1.944024e-01	1.438600e+01
4.247000e-05	-1.715135e-01	1.427120e+01
4.248000e-05	-1.526242e-01	1.415600e+01
4.249000e-05	-1.387699e-01	1.406810e+01
4.250000e-05	-1.215836e-01	1.390188e+01
4.251000e-05	-1.097599e-01	1.375554e+01
4.252000e-05	-1.050273e-01	1.366910e+01
4.253000e-05	-1.013691e-01	1.345136e+01
4.254000e-05	-9.130080e-02	1.334552e+01
4.255000e-05	-7.977634e-02	1.319071e+01
4.256000e-05	-7.415125e-02	1.305926e+01
4.257000e-05	-7.251242e-02	1.292236e+01
4.258000e-05	-6.810179e-02	1.271705e+01
4.259000e-05	-6.186670e-02	1.259907e+01
4.260000e-05	-5.851366e-02	1.247123e+01
4.261000e-05	-5.881854e-02	1.229334e+01
4.262000e-05	-5.926793e-02	1.212297e+01
4.263000e-05	-5.215355e-02	1.190399e+01
4.264000e-05	-4.735407e-02	1.174592e+01
4.265000e-05	-4.561638e-02	1.152586e+01
4.266000e-05	-4.679832e-02	1.133587e+01
4.267000e-05	-4.389294e-02	1.108439e+01
4.268000e-05	-4.025047e-02	1.090644e+01
4.269000e-05	-3.877065e-02	1.074696e+01
4.270000e-05	-3.895239e-02	1.052642e+01
4.271000e-05	-3.875242e-02	1.030436e+01
4.272000e-05	-3.639268e-02	1.010336e+01
4.273000e-05	-3.441356e-02	9.873257e+00
4.274000e-05	-3.476844e-02	9.650309e+00
4.275000e-05	-3.433306e-02	9.430553e+00
4.276000e-05	-3.202421e-02	9.229055e+00
4.277000e-05	-2.838901e-02	8.977573e+00
4.278000e-05	-2.803941e-02	8.724995e+00
4.279000e-05	-2.840266e-02	8.525392e+00
4.280000e-05	-2.954847e-02	8.283239e+00
4.281000e-05	-2.609720e-02	7.999605e+00
4.282000e-05	-2.570488e-02	7.777555e+00
4.283000e-05	-2.630259e-02	7.554873e+00
4.284000e-05	-2.673047e-02	7.231631e+00
4.285000e-05	-2.366517e-02	7.010101e+00
4.286000e-05	-2.172425e-02	6.738445e+00
4.287000e-05	-2.284836e-02	6.472310e+00
4.288000e-05	-2.334166e-02	6.231153e+00
4.289000e-05	-2.173461e-02	5.960525e+00
4.290000e-05	-1.836283e-02	5.725312e+00
4.291000e-05	-1.950735e-02	5.442134e+00
4.292000e-05	-2.079461e-02	5.105377e+00
4.293000e-05	-2.146987e-02	4.801556e+00
4.294000e-05	-1.884116e-02	4.567494e+00
4.295000e-05	-1.722599e-02	4.283762e+00
4.296000e-05	-1.697410e-02	3.958574e+00
4.297000e-05	-1.722947e-02	3.736892e+00
4.298000e-05	-1.563045e-02	3.472690e+00
4.299000e-05	-1.424455e-02	3.157541e+00
4.300000e-05	-1.463619e-02	2.894766e+00
4.301000e-05	-1.678856e-02	2.662607e+00
4.302000e-05	-1.700260e-02	2.336844e+00
4.303000e-05	-1.399565e-02	2.054187e+00
4.304000e-05	-1.217133e-02	1.800529e+00
4.305000e-05	-1.144175e-02	1.506712e+00
4.306000e-05	-1.265212e-02	1.232054e+00
4.307000e-05	-1.169089e-02	8.441617e-01
4.308000e-05	-1.031705e-02	5.915276e-01
4.309000e-05	-1.021703e-02	3.258922e-01
4.310000e-05	-1.054993e-02	1.557950e-03
4.311000e-05	-3.695594e-03	-2.510538e-01
4.312000e-05	6.805394e-03	-5.131841e-01
4.313000e-05	-2.658503e-03	-8.004935e-01
4.314000e-05	3.509620e-03	-1.063630e+00
4.315000e-05	-4.069041e-03	-1.344838e+00
4.316000e-05	2.177627e-03	-1.620600e+00
4.317000e-05	6.508087e-03	-1.859028e+00
4.318000e-05	5.361565e-02	-2.071108e+00
4.319000e-05	1.262233e-01	-2.387467e+00
4.320000e-05	-4.553026e-02	-2.776816e+00
4.321000e-05	-9.658474e-03	-3.188940e+00
4.322000e-05	-3.995329e-02	-3.439596e+00
4.323000e-05	-3.497158e-02	-3.609520e+00
4.324000e-05	-1.066485e-01	-3.862255e+00
4.325000e-05	1.480805e-01	-4.031073e+00
4.326000e-05	-4.880069e-02	-4.292258e+00
4.327000e-05	-1.236710e-02	-4.588544e+00
4.328000e-05	1.708232e-01	-4.799600e+00
4.329000e-05	-1.851152e-01	-5.186492e+00
4.330000e-05	1.674251e-01	-5.471754e+00
4.331000e-05	-1.256050e-01	-5.753838e+00
4.332000e-05	2.791933e-02	-6.028595e+00
4.333000e-05	1.077927e-01	-6.199623e+00
4.334000e-05	-9.846209e-02	-6.574938e+00
4.335000e-05	1.570566e-01	-6.806017e+00
4.336000e-05	-1.208733e-01	-7.061678e+00
4.337000e-05	8.100166e-02	-7.376489e+00
4.338000e-05	-1.422497e-02	-7.598416e+00
4.339000e-05	-1.396128e-02	-7.923784e+00
4.340000e-05	1.118236e-01	-8.103883e+00
4.341000e-05	-9.194141e-02	-8.415493e+00
4.342000e-05	1.461631e-01	-8.608148e+00
4.343000e-05	-8.288560e-02	-8.912755e+00
4.344000e-05	4.998213e-02	-9.104307e+00
4.345000e-05	-3.183692e-03	-9.303331e+00
4.346000e-05	1.468307e-02	-9.556390e+00
4.347000e-05	8.123825e-02	-9.746017e+00
4.348000e-05	-3.791521e-02	-1.002709e+01
4.349000e-05	9.555161e-02	-1.019809e+01
4.350000e-05	-5.619416e-02	-1.045820e+01
4.351000e-05	9.423578e-02	-1.062960e+01
4.352000e-05	-3.328849e-02	-1.082863e+01
4.353000e-05	6.094035e-02	-1.104870e+01
4.354000e-05	6.342756e-03	-1.123918e+01
4.355000e-05	4.209205e-02	-1.148075e+01
4.356000e-05	3.831278e-02	-1.162915e+01
4.357000e-05	7.912806e-03	-1.188073e+01
4.358000e-05	4.979744e-02	-1.206978e+01
4.359000e-05	8.797539e-03	-1.225020e+01
4.360000e-05	7.017620e-02	-1.240705e+01
4.361000e-05	4.367610e-03	-1.253556e+01
4.362000e-05	5.651116e-02	-1.272439e+01
4.363000e-05	1.126075e-02	-1.292384e+01
4.364000e-05	6.083884e-02	-1.306878e+01
4.365000e-05	2.647960e-02	-1.318707e+01
4.366000e-05	5.093326e-02	-1.336456e+01
4.367000e-05	3.644311e-02	-1.353028e+01
4.368000e-05	5.174225e-02	-1.363820e+01
4.369000e-05	4.839669e-02	-1.380597e+01
4.370000e-05	3.968222e-02	-1.391226e+01
4.371000e-05	4.697946e-02	-1.400817e+01
4.372000e-05	4.567740e-02	-1.416294e+01
4.373000e-05	6.300763e-02	-1.430975e+01
4.374000e-05	4.929624e-02	-1.439507e+01
4.375000e-05	6.006316e-02	-1.449023e+01
4.376000e-05	5.112842e-02	-1.456462e+01
4.377000e-05	7.043249e-02	-1.468975e+01
4.378000e-05	6.034403e-02	-1.476294e+01
4.379000e-05	6.841387e-02	-1.481720e+01
4.380000e-05	6.225237e-02	-1.489131e+01
4.381000e-05	7.475288e-02	-1.498714e+01
4.382000e-05	7.222661e-02	-1.505977e+01
4.383000e-05	7.420932e-02	-1.507236e+01
4.384000e-05	7.405598e-02	-1.513444e+01
4.385000e-05	8.219316e-02	-1.518505e+01
4.386000e-05	9.175136e-02	-1.524810e+01
4.387000e-05	8.955896e-02	-1.526075e+01
4.388000e-05	9.218047e-02	-1.529331e+01
4.389000e-05	9.122910e-02	-1.533343e+01
4.390000e-05	1.027417e-01	-1.538404e+01
4.391000e-05	1.027636e-01	-1.535604e+01
4.392000e-05	1.090989e-01	-1.536654e+01
4.393000e-05	1.104882e-01	-1.538452e+01
4.394000e-05	1.207318e-01	-1.538612e+01
4.395000e-05	1.279631e-01	-1.535604e+01
4.396000e-05	1.338520e-01	-1.534401e+01
4.397000e-05	1.372648e-01	-1.528496e+01
4.398000e-05	1.518536e-01	-1.529241e+01
4.399000e-05	1.660821e-01	-1.530140e+01
4.400000e-05	1.859262e-01	-1.523868e+01
4.401000e-05	2.040428e-01	-1.520715e+01
4.402000e-05	2.273589e-01	-1.514439e+01
4.403000e-05	2.494792e-01	-1.513136e+01
4.404000e-05	2.489000e-01	-1.504975e+01
4.405000e-05	2.500000e-01	-1.500462e+01
4.406000e-05	2.500000e-01	-1.491396e+01
4.407000e-05	2.500000e-01	-1.479810e+01
4.408000e-05	2.500000e-01	-1.476600e+01
4.409000e-05	2.500000e-01	-1.467126e+01
4.410000e-05	2.374643e-01	-1.461755e+01
4.411000e-05	2.063188e-01	-1.449381e+01
4.412000e-05	1.807520e-01	-1.442807e+01
4.413000e-05	1.607165e-01	-1.431331e+01
4.414000e-05	1.400508e-01	-1.421652e+01
4.415000e-05	1.246098e-01	-1.408073e+01
4.416000e-05	1.129445e-01	-1.393441e+01
4.417000e-05	1.021976e-01	-1.380775e+01
4.418000e-05	9.210907e-02	-1.368223e+01
4.419000e-05	8.113172e-02	-1.355389e+01
4.420000e-05	7.588455e-02	-1.338704e+01
4.421000e-05	7.016585e-02	-1.327020e+01
4.422000e-05	6.664569e-02	-1.305228e+01
4.423000e-05	5.811470e-02	-1.296649e+01
4.424000e-05	5.464419e-02	-1.282915e+01
4.425000e-05	5.204592e-02	-1.264118e+01
4.426000e-05	5.103402e-02	-1.251231e+01
4.427000e-05	4.431557e-02	-1.230376e+01
4.428000e-05	4.154765e-02	-1.216541e+01
4.429000e-05	3.886562e-02	-1.192546e+01
4.430000e-05	3.782595e-02	-1.172399e+01
4.431000e-05	3.449520e-02	-1.154587e+01
4.432000e-05	3.064564e-02	-1.130331e+01
4.433000e-05	2.807195e-02	-1.111134e+01
4.434000e-05	2.899740e-02	-1.092481e+01
4.435000e-05	2.842885e-02	-1.071431e+01
4.436000e-05	2.598373e-02	-1.055389e+01
4.437000e-05	2.335468e-02	-1.027431e+01
4.438000e-05	2.195299e-02	-1.005226e+01
4.439000e-05	2.053598e-02	-9.810780e+00
4.440000e-05	1.896963e-02	-9.692708e+00
4.441000e-05	1.659138e-02	-9.419674e+00
4.442000e-05	1.654346e-02	-9.197052e+00
4.443000e-05	1.755267e-02	-8.956445e+00
4.444000e-05	1.694021e-02	-8.785940e+00
4.445000e-05	1.386239e-02	-8.511735e+00
4.446000e-05	1.186979e-02	-8.250183e+00
4.447000e-05	1.144869e-02	-8.031130e+00
4.448000e-05	1.078898e-02	-7.805971e+00
4.449000e-05	9.597697e-03	-7.482786e+00
4.450000e-05	8.321876e-03	-7.261126e+00
4.451000e-05	7.811914e-03	-6.978518e+00
4.452000e-05	7.930472e-03	-6.725336e+00
4.453000e-05	5.908701e-03	-6.484784e+00
4.454000e-05	5.289127e-03	-6.238078e+00
4.455000e-05	3.784579e-03	-5.937892e+00
4.456000e-05	5.157126e-03	-5.683332e+00
4.457000e-05	3.409014e-03	-5.380501e+00
4.458000e-05	2.135557e-03	-5.095362e+00
4.459000e-05	-6.545318e-04	-4.757973e+00
4.460000e-05	1.735717e-03	-4.517311e+00
4.461000e-05	5.975906e-04	-4.293786e+00
4.462000e-05	1.857556e-03	-4.010078e+00
4.463000e-05	-2.341766e-03	-3.697941e+00
4.464000e-05	-1.395146e-03	-3.453636e+00
4.465000e-05	-4.503465e-03	-3.188598e+00
4.466000e-05	-1.531600e-03	-2.913711e+00
4.467000e-05	-5.133320e-03	-2.611004e+00
4.468000e-05	-3.416374e-03	-2.358940e+00
4.469000e-05	-4.681870e-03	-2.032102e+00
4.470000e-05	-2.228557e-03	-1.748496e+00
4.471000e-05	-4.774512e-03	-1.486263e+00
4.472000e-05	-6.040489e-03	-1.137367e+00
4.473000e-05	-7.145989e-03	-8.936581e-01
4.474000e-05	-6.809410e-03	-5.203427e-01
4.475000e-05	-5.897762e-03	-3.156882e-01
4.476000e-05	-5.564162e-03	-3.258033e-02
4.477000e-05	6.529565e-03	2.727328e-01
4.478000e-05	2.596354e-04	4.958379e-01
4.479000e-05	4.173980e-03	7.764197e-01
4.480000e-05	3.819743e-04	1.061158e+00
4.481000e-05	4.420071e-05	1.366864e+00
4.482000e-05	-1.154563e-03	1.641126e+00
4.483000e-05	5.652437e-03	1.873788e+00
4.484000e-05	3.279326e-02	2.104188e+00
4.485000e-05	1.045232e-01	2.408494e+00
4.486000e-05	1.125965e-03	2.736438e+00
4.487000e-05	-4.936381e-02	3.051630e+00
4.488000e-05	-3.134371e-02	3.304811e+00
4.489000e-05	-2.922297e-02	3.610121e+00
4.490000e-05	-6.728709e-02	3.829680e+00
4.491000e-05	-5.700798e-02	4.020601e+00
4.492000e-05	1.106873e-01	4.305286e+00
4.493000e-05	-6.886758e-02	4.608074e+00
4.494000e-05	3.273911e-02	4.860027e+00
4.495000e-05	9.510461e-02	5.195994e+00
4.496000e-05	-1.345980e-01	5.441680e+00
4.497000e-05	7.239548e-02	5.723836e+00
4.498000e-05	-7.162548e-02	6.030100e+00
4.499000e-05	4.252634e-02	6.239630e+00
4.500000e-05	2.710890e-04	6.563387e+00
4.501000e-05	-4.682253e-02	6.828095e+00
4.502000e-05	3.619632e-02	7.050608e+00
4.503000e-05	-5.852226e-02	7.335440e+00
4.504000e-05	3.252597e-02	7.569098e+00
4.505000e-05	-7.226349e-02	7.862355e+00
4.506000e-05	2.527671e-02	8.144442e+00
4.507000e-05	4.363987e-03	8.386543e+00
4.508000e-05	-2.964867e-02	8.566970e+00
4.509000e-05	1.496210e-02	8.817069e+00
4.510000e-05	-7.055461e-02	9.069658e+00
4.511000e-05	9.199945e-03	9.302757e+00
4.512000e-05	-2.638067e-02	9.492836e+00
4.513000e-05	5.013026e-03	9.746388e+00
4.514000e-05	-3.823411e-02	9.957495e+00
4.515000e-05	-1.391878e-02	1.018702e+01
4.516000e-05	-8.211998e-03	1.040650e+01
4.517000e-05	-3.363657e-02	1.059657e+01
4.518000e-05	-2.064349e-02	1.081810e+01
4.519000e-05	-4.408920e-02	1.100713e+01
4.520000e-05	-6.753776e-03	1.119913e+01
4.521000e-05	-2.845783e-02	1.144670e+01
4.522000e-05	-2.204789e-02	1.163717e+01
4.523000e-05	-4.645225e-02	1.181910e+01
4.524000e-05	-2.539982e-02	1.203810e+01
4.525000e-05	-2.549160e-02	1.216609e+01
4.526000e-05	-2.814790e-02	1.234597e+01
4.527000e-05	-4.131961e-02	1.249343e+01
4.528000e-05	-4.300531e-02	1.268231e+01
4.529000e-05	-2.960162e-02	1.282916e+01
4.530000e-05	-3.758083e-02	1.298759e+01
4.531000e-05	-4.193048e-02	1.317597e+01
4.532000e-05	-5.125294e-02	1.327336e+01
4.533000e-05	-3.435049e-02	1.341918e+01
4.534000e-05	-4.029991e-02	1.360552e+01
4.535000e-05	-4.557017e-02	1.366131e+01
4.536000e-05	-6.053108e-02	1.387875e+01
4.537000e-05	-5.398661e-02	1.398757e+01
4.538000e-05	-4.834087e-02	1.412389e+01
4.539000e-05	-5.255732e-02	1.423075e+01
4.540000e-05	-6.149712e-02	1.435352e+01
4.541000e-05	-6.505089e-02	1.446925e+01
4.542000e-05	-5.554034e-02	1.450301e+01
4.543000e-05	-6.119098e-02	1.460817e+01
4.544000e-05	-6.535289e-02	1.474389e+01
4.545000e-05	-7.670985e-02	1.480502e+01
4.546000e-05	-6.966522e-02	1.482978e+01
4.547000e-05	-7.099826e-02	1.489384e+01
4.548000e-05	-7.782315e-02	1.496657e+01
4.549000e-05	-8.849925e-02	1.505870e+01
4.550000e-05	-9.039583e-02	1.507126e+01
4.551000e-05	-8.383465e-02	1.514434e+01
4.552000e-05	-8.731234e-02	1.516604e+01
4.553000e-05	-9.622572e-02	1.520814e+01
4.554000e-05	-1.032156e-01	1.520870e+01
4.555000e-05	-1.000837e-01	1.527030e+01
4.556000e-05	-1.037228e-01	1.527081e+01
4.557000e-05	-1.139180e-01	1.532189e+01
4.558000e-05	-1.220789e-01	1.531196e+01
4.559000e-05	-1.237547e-01	1.531433e+01
4.560000e-05	-1.232592e-01	1.528286e+01
4.561000e-05	-1.331138e-01	1.529038e+01
4.562000e-05	-1.452328e-01	1.527081e+01
4.563000e-05	-1.566065e-01	1.525928e+01
4.564000e-05	-1.613543e-01	1.519815e+01
4.565000e-05	-1.753915e-01	1.517707e+01
4.566000e-05	-1.986685e-01	1.517599e+01
4.567000e-05	-2.249453e-01	1.510294e+01
4.568000e-05	-2.450151e-01	1.507928e+01
4.569000e-05	-2.499999e-01	1.502020e+01
4.570000e-05	-2.500000e-01	1.494660e+01
4.571000e-05	-2.500000e-01	1.488444e+01
4.572000e-05	-2.500000e-01	1.484930e+01
4.573000e-05	-2.500000e-01	1.480750e+01
4.574000e-05	-2.500000e-01	1.469186e+01
4.575000e-05	-2.500000e-01	1.457710e+01
4.576000e-05	-2.382230e-01	1.452287e+01
4.577000e-05	-2.058192e-01	1.437757e+01
4.578000e-05	-1.789975e-01	1.432189e+01
4.579000e-05	-1.607415e-01	1.419710e+01
4.580000e-05	-1.465081e-01	1.407934e+01
4.581000e-05	-1.297825e-01	1.393645e+01
4.582000e-05	-1.152271e-01	1.381814e+01
4.583000e-05	-1.057180e-01	1.370234e+01
4.584000e-05	-1.018532e-01	1.354747e+01
4.585000e-05	-9.313498e-02	1.341863e+01
4.586000e-05	-8.434776e-02	1.329283e+01
4.587000e-05	-7.552114e-02	1.315534e+01
4.588000e-05	-7.520922e-02	1.294560e+01
4.589000e-05	-7.127446e-02	1.280960e+01
4.590000e-05	-6.651529e-02	1.267181e+01
4.591000e-05	-5.906545e-02	1.252496e+01
4.592000e-05	-5.851145e-02	1.233345e+01
4.593000e-05	-5.709645e-02	1.219657e+01
4.594000e-05	-5.402339e-02	1.200660e+01
4.595000e-05	-4.918407e-02	1.183958e+01
4.596000e-05	-4.654893e-02	1.161016e+01
4.597000e-05	-4.801696e-02	1.140860e+01
4.598000e-05	-4.697450e-02	1.116848e+01
4.599000e-05	-4.241366e-02	1.099752e+01
4.600000e-05	-3.913094e-02	1.080065e+01
4.601000e-05	-3.827526e-02	1.059765e+01
4.602000e-05	-3.873196e-02	1.037860e+01
4.603000e-05	-3.653750e-02	1.017857e+01
4.604000e-05	-3.428659e-02	9.978951e+00
4.605000e-05	-3.288083e-02	9.754418e+00
4.606000e-05	-3.434767e-02	9.454810e+00
4.607000e-05	-3.335145e-02	9.284807e+00
4.608000e-05	-3.025678e-02	9.032231e+00
4.609000e-05	-2.849556e-02	8.881581e+00
4.610000e-05	-2.908474e-02	8.598601e+00
4.611000e-05	-2.893847e-02	8.358526e+00
4.612000e-05	-2.744325e-02	8.144843e+00
4.613000e-05	-2.494952e-02	7.861786e+00
4.614000e-05	-2.428956e-02	7.630576e+00
4.615000e-05	-2.632561e-02	7.336943e+00
4.616000e-05	-2.484362e-02	7.104788e+00
4.617000e-05	-2.308782e-02	6.853681e+00
4.618000e-05	-2.178461e-02	6.559052e+00
4.619000e-05	-2.337463e-02	6.315365e+00
4.620000e-05	-2.211294e-02	6.133785e+00
4.621000e-05	-2.045997e-02	5.799106e+00
4.622000e-05	-1.832386e-02	5.557871e+00
4.623000e-05	-1.944025e-02	5.264761e+00
4.624000e-05	-2.008667e-02	4.925871e+00
4.625000e-05	-1.937595e-02	4.631608e+00
4.626000e-05	-1.849976e-02	4.439599e+00
4.627000e-05	-1.692016e-02	4.113690e+00
4.628000e-05	-1.890678e-02	3.811132e+00
4.629000e-05	-1.987820e-02	3.558049e+00
4.630000e-05	-1.455369e-02	3.235265e+00
4.631000e-05	-1.600754e-02	3.019554e+00
4.632000e-05	-1.309467e-02	2.747994e+00
4.633000e-05	-1.331604e-02	2.432082e+00
4.634000e-05	-1.340829e-02	2.128845e+00
4.635000e-05	-1.165216e-02	1.884815e+00
4.636000e-05	-1.482751e-02	1.639554e+00
4.637000e-05	-1.488299e-02	1.317343e+00
4.638000e-05	-1.548299e-02	9.509516e-01
4.639000e-05	-1.157690e-02	6.951134e-01
4.640000e-05	-8.747915e-03	4.135603e-01
4.641000e-05	-6.828616e-03	1.077424e-01
4.642000e-05	-3.637535e-03	-9.683816e-02
4.643000e-05	7.309773e-03	-4.189447e-01
4.644000e-05	-5.071385e-03	-6.927052e-01
4.645000e-05	1.087882e-03	-9.454132e-01
4.646000e-05	-6.329963e-03	-1.217522e+00
4.647000e-05	9.918307e-04	-1.535363e+00
4.648000e-05	6.977313e-04	-1.745389e+00
4.649000e-05	3.070750e-02	-2.008418e+00
4.650000e-05	1.176649e-01	-2.260605e+00
4.651000e-05	2.703413e-02	-2.658498e+00
4.652000e-05	-4.688578e-02	-3.010549e+00
4.653000e-05	-1.146401e-02	-3.355891e+00
4.654000e-05	-4.471597e-02	-3.535841e+00
4.655000e-05	-8.241892e-02	-3.805391e+00
4.656000e-05	2.324806e-02	-3.967516e+00
4.657000e-05	1.195478e-01	-4.154416e+00
4.658000e-05	-1.657595e-01	-4.472255e+00
4.659000e-05	2.172324e-01	-4.745787e+00
4.660000e-05	-1.074653e-01	-5.019574e+00
4.661000e-05	3.671403e-02	-5.348493e+00
4.662000e-05	4.169681e-02	-5.588095e+00
4.663000e-05	-1.401661e-01	-5.945287e+00
4.664000e-05	1.967510e-01	-6.114262e+00
4.665000e-05	-1.117772e-01	-6.429572e+00
4.666000e-05	1.090614e-01	-6.714859e+00
4.667000e-05	-1.555850e-02	-6.976441e+00
4.668000e-05	-4.031140e-02	-7.282279e+00
4.669000e-05	9.846390e-02	-7.471282e+00
4.670000e-05	-1.021199e-01	-7.787020e+00
4.671000e-05	1.436087e-01	-8.041680e+00
4.672000e-05	-6.831243e-02	-8.241230e+00
4.673000e-05	7.353111e-02	-8.564864e+00
4.674000e-05	3.034170e-02	-8.785916e+00
4.675000e-05	-5.660456e-02	-9.049174e+00
4.676000e-05	8.583941e-02	-9.258600e+00
4.677000e-05	-6.558244e-02	-9.460577e+00
4.678000e-05	1.285508e-01	-9.702804e+00
4.679000e-05	-5.161550e-02	-9.883854e+00
4.680000e-05	8.479343e-02	-1.010398e+01
4.681000e-05	-2.123418e-02	-1.035291e+01
4.682000e-05	4.113806e-02	-1.058449e+01
4.683000e-05	2.993021e-02	-1.074491e+01
4.684000e-05	-2.842433e-03	-1.099501e+01
4.685000e-05	6.226923e-02	-1.114499e+01
4.686000e-05	-1.042666e-02	-1.141757e+01
4.687000e-05	8.050346e-02	-1.159354e+01
4.688000e-05	-1.823258e-02	-1.178517e+01
4.689000e-05	6.404432e-02	-1.198852e+01
4.690000e-05	9.525330e-04	-1.221656e+01
4.691000e-05	6.772316e-02	-1.239496e+01
4.692000e-05	1.791939e-02	-1.251286e+01
4.693000e-05	4.065652e-02	-1.270125e+01
4.694000e-05	2.752466e-02	-1.284923e+01
4.695000e-05	3.801540e-02	-1.299664e+01
4.696000e-05	4.697649e-02	-1.310639e+01
4.697000e-05	3.190050e-02	-1.330186e+01
4.698000e-05	5.359017e-02	-1.347672e+01
4.699000e-05	3.461111e-02	-1.359457e+01
4.700000e-05	6.150968e-02	-1.371388e+01
4.701000e-05	3.101352e-02	-1.387976e+01
4.702000e-05	5.254015e-02	-1.401454e+01
4.703000e-05	3.826186e-02	-1.409048e+01
4.704000e-05	6.351178e-02	-1.421717e+01
4.705000e-05	4.955535e-02	-1.435441e+01
4.706000e-05	5.976229e-02	-1.443973e+01
4.707000e-05	5.150235e-02	-1.455494e+01
4.708000e-05	6.492730e-02	-1.464873e+01
4.709000e-05	6.367139e-02	-1.471294e+01
4.710000e-05	6.519074e-02	-1.477600e+01
4.711000e-05	6.561129e-02	-1.487028e+01
4.712000e-05	6.753976e-02	-1.495393e+01
4.713000e-05	7.471442e-02	-1.504717e+01
4.714000e-05	6.999186e-02	-1.507985e+01
4.715000e-05	7.583938e-02	-1.513288e+01
4.716000e-05	7.679138e-02	-1.518444e+01
4.717000e-05	9.068834e-02	-1.521912e+01
4.718000e-05	8.871219e-02	-1.525012e+01
4.719000e-05	9.282944e-02	-1.527083e+01
4.720000e-05	9.021791e-02	-1.531436e+01
4.721000e-05	9.819561e-02	-1.536544e+01
4.722000e-05	1.031955e-01	-1.538557e+01
4.723000e-05	1.072484e-01	-1.537559e+01
4.724000e-05	1.107680e-01	-1.539602e+01
4.725000e-05	1.177158e-01	-1.541567e+01
4.726000e-05	1.273353e-01	-1.534601e+01
4.727000e-05	1.307872e-01	-1.535492e+01
4.728000e-05	1.359378e-01	-1.538499e+01
4.729000e-05	1.450293e-01	-1.536396e+01
4.730000e-05	1.609844e-01	-1.529141e+01
4.731000e-05	1.774397e-01	-1.526066e+01
4.732000e-05	1.950582e-01	-1.520857e+01
4.733000e-05	2.181701e-01	-1.517399e+01
4.734000e-05	2.435475e-01	-1.514391e+01
4.735000e-05	2.499999e-01	-1.510073e+01
4.736000e-05	2.500000e-01	-1.501764e+01
4.737000e-05	2.500000e-01	-1.493351e+01
4.738000e-05	2.500000e-01	-1.489128e+01
4.739000e-05	2.500000e-01	-1.480752e+01
4.740000e-05	2.500000e-01	-1.473389e+01
4.741000e-05	2.455435e-01	-1.465920e+01
4.742000e-05	2.189071e-01	-1.452544e+01
4.743000e-05	1.923500e-01	-1.442871e+01
4.744000e-05	1.688646e-01	-1.430489e+01
4.745000e-05	1.480109e-01	-1.422915e+01
4.746000e-05	1.300142e-01	-1.406294e+01
4.747000e-05	1.164453e-01	-1.397754e+01
4.748000e-05	1.055157e-01	-1.386173e+01
4.749000e-05	9.463672e-02	-1.373491e+01
4.750000e-05	8.506721e-02	-1.359995e+01
4.751000e-05	7.784498e-02	-1.344018e+01
4.752000e-05	7.376175e-02	-1.330484e+01
4.753000e-05	6.802540e-02	-1.314554e+01
4.754000e-05	6.044607e-02	-1.301805e+01
4.755000e-05	5.541887e-02	-1.289273e+01
4.756000e-05	5.315803e-02	-1.270378e+01
4.757000e-05	5.114387e-02	-1.254601e+01
4.758000e-05	4.613052e-02	-1.238857e+01
4.759000e-05	4.220296e-02	-1.219765e+01
4.760000e-05	3.857505e-02	-1.202860e+01
4.761000e-05	3.778206e-02	-1.182715e+01
4.762000e-05	3.519942e-02	-1.160753e+01
4.763000e-05	3.236973e-02	-1.140852e+01
4.764000e-05	2.963527e-02	-1.120705e+01
4.765000e-05	2.999171e-02	-1.098697e+01
4.766000e-05	2.863059e-02	-1.077852e+01
4.767000e-05	2.631006e-02	-1.061755e+01
4.768000e-05	2.202582e-02	-1.040755e+01
4.769000e-05	2.141873e-02	-1.015699e+01
4.770000e-05	2.086322e-02	-9.934870e+00
4.771000e-05	2.073509e-02	-9.726391e+00
4.772000e-05	1.843260e-02	-9.523388e+00
4.773000e-05	1.763330e-02	-9.292757e+00
4.774000e-05	1.690994e-02	-9.053205e+00
4.775000e-05	1.566722e-02	-8.870653e+00
4.776000e-05	1.377762e-02	-8.606022e+00
4.777000e-05	1.156976e-02	-8.316394e+00
4.778000e-05	1.186927e-02	-8.153892e+00
4.779000e-05	1.127976e-02	-7.903762e+00
4.780000e-05	1.114665e-02	-7.579424e+00
4.781000e-05	8.561915e-03	-7.275367e+00
4.782000e-05	7.676338e-03	-7.072860e+00
4.783000e-05	6.386400e-03	-6.830549e+00
4.784000e-05	6.209776e-03	-6.577448e+00
4.785000e-05	5.353799e-03	-6.334266e+00
4.786000e-05	5.067794e-03	-6.081604e+00
4.787000e-05	3.561008e-03	-5.789423e+00
4.788000e-05	4.144606e-03	-5.505785e+00
4.789000e-05	1.901432e-03	-5.249574e+00
4.790000e-05	1.817478e-03	-4.934808e+00
4.791000e-05	1.266471e-03	-4.569000e+00
4.792000e-05	2.247187e-03	-4.387445e+00
4.793000e-05	1.118843e-03	-4.115291e+00
4.794000e-05	-9.350254e-04	-3.851633e+00
4.795000e-05	-2.557875e-03	-3.585920e+00
4.796000e-05	-4.490442e-03	-3.314786e+00
4.797000e-05	-2.746027e-03	-2.979500e+00
4.798000e-05	-3.369791e-03	-2.735288e+00
4.799000e-05	-1.697694e-03	-2.440583e+00
4.800000e-05	-2.616541e-03	-2.137220e+00
4.801000e-05	-2.293825e-03	-1.873211e+00
4.802000e-05	-5.819528e-03	-1.578528e+00
4.803000e-05	-6.260539e-03	-1.274236e+00
4.804000e-05	-8.369408e-03	-9.699976e-01
4.805000e-05	-7.227525e-03	-7.157108e-01
4.806000e-05	-6.739842e-03	-3.895525e-01
4.807000e-05	-5.482367e-03	-1.469147e-01
4.808000e-05	2.486491e-03	1.558158e-01
4.809000e-05	6.698296e-03	4.210024e-01
4.810000e-05	-1.439396e-04	6.626816e-01
4.811000e-05	4.849002e-03	8.866930e-01
4.812000e-05	-3.750132e-03	1.220103e+00
4.813000e-05	1.049512e-03	1.485713e+00
4.814000e-05	-1.767816e-03	1.819475e+00
4.815000e-05	2.060829e-02	2.041026e+00
4.816000e-05	7.780513e-02	2.264232e+00
4.817000e-05	6.993742e-02	2.610529e+00
4.818000e-05	-6.113493e-02	2.915342e+00
4.819000e-05	-2.224697e-02	3.209550e+00
4.820000e-05	-4.010209e-02	3.513862e+00
4.821000e-05	-3.575496e-02	3.754943e+00
4.822000e-05	-8.907927e-02	3.935342e+00
4.823000e-05	5.034995e-02	4.217921e+00
4.824000e-05	4.627123e-02	4.504811e+00
4.825000e-05	-9.884605e-02	4.715366e+00
4.826000e-05	1.807053e-01	5.010683e+00
4.827000e-05	-1.254566e-01	5.378494e+00
4.828000e-05	2.272522e-02	5.598046e+00
4.829000e-05	-1.122840e-02	5.914386e+00
4.830000e-05	-2.758929e-02	6.127392e+00
4.831000e-05	5.826806e-02	6.388598e+00
4.832000e-05	-7.290879e-02	6.744761e+00
4.833000e-05	3.730367e-02	6.955914e+00
4.834000e-05	-4.365292e-02	7.227023e+00
4.835000e-05	9.097568e-03	7.522783e+00
4.836000e-05	-3.090779e-02	7.755470e+00
4.837000e-05	-2.690867e-02	8.029150e+00
4.838000e-05	3.593211e-02	8.303283e+00
4.839000e-05	-3.765674e-02	8.504336e+00
4.840000e-05	1.085397e-02	8.763889e+00
4.841000e-05	-3.969736e-02	8.998541e+00
4.842000e-05	-3.260980e-02	9.230070e+00
4.843000e-05	4.231744e-03	9.408146e+00
4.844000e-05	-1.842770e-02	9.628677e+00
4.845000e-05	-1.017012e-02	9.911259e+00
4.846000e-05	-3.936148e-02	1.010491e+01
4.847000e-05	1.867265e-03	1.029079e+01
4.848000e-05	-3.049510e-02	1.048338e+01
4.849000e-05	-2.342177e-02	1.074336e+01
4.850000e-05	-3.376038e-02	1.092394e+01
4.851000e-05	-2.504899e-02	1.114544e+01
4.852000e-05	-9.322100e-03	1.136549e+01
4.853000e-05	-3.444596e-02	1.155591e+01
4.854000e-05	-3.042746e-02	1.176449e+01
4.855000e-05	-4.366245e-02	1.196491e+01
4.856000e-05	-1.800902e-02	1.210296e+01
4.857000e-05	-3.087621e-02	1.231278e+01
4.858000e-05	-3.262871e-02	1.248230e+01
4.859000e-05	-4.424025e-02	1.262868e+01
4.860000e-05	-3.321646e-02	1.278697e+01
4.861000e-05	-3.240630e-02	1.294499e+01
4.862000e-05	-4.271973e-02	1.312133e+01
4.863000e-05	-4.797977e-02	1.320023e+01
4.864000e-05	-4.225855e-02	1.339707e+01
4.865000e-05	-3.520066e-02	1.357299e+01
4.866000e-05	-4.344874e-02	1.367015e+01
4.867000e-05	-5.584632e-02	1.378607e+01
4.868000e-05	-5.751978e-02	1.392143e+01
4.869000e-05	-4.972636e-02	1.405913e+01
4.870000e-05	-4.865271e-02	1.420705e+01
4.871000e-05	-5.797492e-02	1.432128e+01
4.872000e-05	-6.333820e-02	1.444662e+01
4.873000e-05	-5.878931e-02	1.446136e+01
4.874000e-05	-5.866580e-02	1.461759e+01
4.875000e-05	-6.413684e-02	1.468216e+01
4.876000e-05	-7.486890e-02	1.477557e+01
4.877000e-05	-7.161013e-02	1.482958e+01
4.878000e-05	-6.992544e-02	1.488126e+01
4.879000e-05	-7.316398e-02	1.497601e+01
4.880000e-05	-8.617053e-02	1.501717e+01
4.881000e-05	-8.919045e-02	1.507934e+01
4.882000e-05	-8.644509e-02	1.513291e+01
4.883000e-05	-8.402938e-02	1.513597e+01
4.884000e-05	-9.309740e-02	1.516557e+01
4.885000e-05	-1.010267e-01	1.523925e+01
4.886000e-05	-1.015924e-01	1.526028e+01
4.887000e-05	-1.022067e-01	1.527086e+01
4.888000e-05	-1.098038e-01	1.531138e+01
4.889000e-05	-1.203154e-01	1.528136e+01
4.890000e-05	-1.225174e-01	1.528146e+01
4.891000e-05	-1.226495e-01	1.532036e+01
4.892000e-05	-1.280496e-01	1.531191e+01
4.893000e-05	-1.412566e-01	1.528080e+01
4.894000e-05	-1.540037e-01	1.526273e+01
4.895000e-05	-1.596774e-01	1.523725e+01
4.896000e-05	-1.709180e-01	1.520665e+01
4.897000e-05	-1.885290e-01	1.517657e+01
4.898000e-05	-2.145544e-01	1.511497e+01
4.899000e-05	-2.378081e-01	1.507378e+01
4.900000e-05	-2.499883e-01	1.502875e+01
4.901000e-05	-2.500000e-01	1.501702e+01
4.902000e-05	-2.500000e-01	1.494391e+01
4.903000e-05	-2.500000e-01	1.483076e+01
4.904000e-05	-2.500000e-01	1.479597e+01
4.905000e-05	-2.500000e-01	1.474288e+01
4.906000e-05	-2.500000e-01	1.464018e+01
4.907000e-05	-2.460093e-01	1.454199e+01
4.908000e-05	-2.185669e-01	1.447075e+01
4.909000e-05	-1.881463e-01	1.433497e+01
4.910000e-05	-1.671164e-01	1.423865e+01
4.911000e-05	-1.516744e-01	1.412289e+01
4.912000e-05	-1.368450e-01	1.398557e+01
4.913000e-05	-1.208008e-01	1.387030e+01
4.914000e-05	-1.091322e-01	1.372351e+01
4.915000e-05	-1.023047e-01	1.361858e+01
4.916000e-05	-9.706993e-02	1.347226e+01
4.917000e-05	-8.666148e-02	1.338449e+01
4.918000e-05	-7.828064e-02	1.318005e+01
4.919000e-05	-7.447033e-02	1.302228e+01
4.920000e-05	-7.287418e-02	1.291134e+01
4.921000e-05	-6.861849e-02	1.275489e+01
4.922000e-05	-6.218758e-02	1.255650e+01
4.923000e-05	-5.834734e-02	1.238870e+01
4.924000e-05	-5.823412e-02	1.224223e+01
4.925000e-05	-5.535086e-02	1.206136e+01
4.926000e-05	-5.044540e-02	1.186234e+01
4.927000e-05	-4.607577e-02	1.171479e+01
4.928000e-05	-4.725305e-02	1.147289e+01
4.929000e-05	-4.661745e-02	1.128168e+01
4.930000e-05	-4.501771e-02	1.104276e+01
4.931000e-05	-3.957206e-02	1.088426e+01
4.932000e-05	-3.927066e-02	1.067224e+01
4.933000e-05	-3.811948e-02	1.050178e+01
4.934000e-05	-3.871061e-02	1.023268e+01
4.935000e-05	-3.453041e-02	1.005273e+01
4.936000e-05	-3.337389e-02	9.810581e+00
4.937000e-05	-3.361621e-02	9.577549e+00
4.938000e-05	-3.423688e-02	9.386441e+00
4.939000e-05	-3.077871e-02	9.154921e+00
4.940000e-05	-2.907518e-02	8.925466e+00
4.941000e-05	-2.845164e-02	8.674287e+00
4.942000e-05	-2.954407e-02	8.472235e+00
4.943000e-05	-2.942207e-02	8.230678e+00
4.944000e-05	-2.640529e-02	7.997574e+00
4.945000e-05	-2.444971e-02	7.725922e+00
4.946000e-05	-2.446102e-02	7.421833e+00
4.947000e-05	-2.470653e-02	7.158026e+00
4.948000e-05	-2.409900e-02	6.966421e+00
4.949000e-05	-2.202484e-02	6.663840e+00
4.950000e-05	-2.268916e-02	6.380603e+00
4.951000e-05	-2.326414e-02	6.148024e+00
4.952000e-05	-2.231073e-02	5.915396e+00
4.953000e-05	-2.010473e-02	5.601708e+00
4.954000e-05	-1.899524e-02	5.368526e+00
4.955000e-05	-1.960360e-02	5.054664e+00
4.956000e-05	-2.025039e-02	4.758365e+00
4.957000e-05	-1.842203e-02	4.495241e+00
4.958000e-05	-1.686900e-02	4.192029e+00
4.959000e-05	-1.814352e-02	3.956295e+00
4.960000e-05	-1.810163e-02	3.672186e+00
4.961000e-05	-1.651635e-02	3.399528e+00
4.962000e-05	-1.574584e-02	3.096295e+00
4.963000e-05	-1.474475e-02	2.833161e+00
4.964000e-05	-1.603650e-02	2.558299e+00
4.965000e-05	-1.565376e-02	2.262589e+00
4.966000e-05	-1.384342e-02	2.000031e+00
4.967000e-05	-1.153346e-02	1.735819e+00
4.968000e-05	-1.274861e-02	1.460528e+00
4.969000e-05	-1.458521e-02	1.116845e+00
4.970000e-05	-1.246390e-02	7.991016e-01
4.971000e-05	-1.073209e-02	5.268197e-01
4.972000e-05	-9.750274e-03	2.746843e-01
4.973000e-05	-8.964115e-03	-5.312883e-02
4.974000e-05	1.339347e-03	-3.043091e-01
4.975000e-05	1.801555e-03	-5.877932e-01
4.976000e-05	-9.789193e-04	-8.826302e-01
4.977000e-05	-7.506008e-04	-1.074164e+00
4.978000e-05	-1.180477e-03	-1.429120e+00
4.979000e-05	-7.853618e-04	-1.692700e+00
4.980000e-05	1.445823e-02	-1.906285e+00
4.981000e-05	7.612325e-02	-2.165259e+00
4.982000e-05	1.025418e-01	-2.502156e+00
4.983000e-05	-6.422582e-02	-2.911755e+00
4.984000e-05	1.580182e-03	-3.270045e+00
4.985000e-05	-5.067045e-02	-3.463155e+00
4.986000e-05	-4.484690e-02	-3.662678e+00
4.987000e-05	-8.255055e-02	-3.934264e+00
4.988000e-05	1.830561e-01	-4.081659e+00
4.989000e-05	-1.401230e-01	-4.376489e+00
4.990000e-05	9.321802e-02	-4.662629e+00
4.991000e-05	6.504649e-02	-4.890234e+00
4.992000e-05	-1.323799e-01	-5.270199e+00
4.993000e-05	1.703815e-01	-5.482812e+00
4.994000e-05	-1.882708e-01	-5.816497e+00
4.995000e-05	1.259274e-01	-6.070128e+00
4.996000e-05	8.432356e-03	-6.299759e+00
4.997000e-05	-2.613374e-02	-6.638650e+00
4.998000e-05	1.182817e-01	-6.880624e+00
4.999000e-05	-1.260061e-01	-7.113464e+00
