# 260604_11:26:32.046345
t	CH1	CH2
0.000000e+00	-1.123537e-02	5.875673e-01
1.000000e-08	-1.001703e-02	3.643120e-01
2.000000e-08	-9.718289e-03	7.067378e-03
3.000000e-08	-3.487634e-03	-2.450855e-01
4.000000e-08	6.785825e-03	-5.042619e-01
5.000000e-08	-3.774608e-03	-7.819036e-01
6.000000e-08	2.826114e-03	-1.013582e+00
7.000000e-08	-3.497229e-03	-1.289799e+00
8.000000e-08	2.942494e-03	-1.601906e+00
9.000000e-08	5.949864e-03	-1.854586e+00
1.000000e-07	5.035914e-02	-2.055587e+00
1.100000e-07	1.316590e-01	-2.371455e+00
1.200000e-07	-2.560608e-02	-2.750301e+00
1.300000e-07	-1.876502e-02	-3.139421e+00
1.400000e-07	-3.272191e-02	-3.402499e+00
1.500000e-07	-3.607932e-02	-3.594005e+00
1.600000e-07	-1.004616e-01	-3.863587e+00
1.700000e-07	1.027098e-01	-4.033004e+00
1.800000e-07	2.644835e-02	-4.245166e+00
1.900000e-07	-8.694616e-02	-4.578444e+00
2.000000e-07	2.015620e-01	-4.791480e+00
2.100000e-07	-1.683271e-01	-5.119746e+00
2.200000e-07	1.190731e-01	-5.445182e+00
2.300000e-07	-5.792094e-02	-5.686619e+00
2.400000e-07	-4.632950e-02	-5.981505e+00
2.500000e-07	1.560509e-01	-6.183853e+00
2.600000e-07	-1.160491e-01	-6.518746e+00
2.700000e-07	1.473312e-01	-6.760824e+00
2.800000e-07	-8.168624e-02	-7.024410e+00
2.900000e-07	3.229887e-02	-7.350768e+00
3.000000e-07	4.139411e-02	-7.580824e+00
3.100000e-07	-5.776812e-02	-7.866108e+00
3.200000e-07	1.412525e-01	-8.117739e+00
3.300000e-07	-9.317029e-02	-8.350323e+00
3.400000e-07	1.261534e-01	-8.603776e+00
3.500000e-07	-4.172393e-02	-8.895054e+00
3.600000e-07	9.815023e-03	-9.086114e+00
3.700000e-07	3.987766e-02	-9.224563e+00
3.800000e-07	-2.063822e-02	-9.509743e+00
3.900000e-07	1.091700e-01	-9.719770e+00
4.000000e-07	-5.196121e-02	-9.949821e+00
4.100000e-07	1.018571e-01	-1.020035e+01
4.200000e-07	-4.758100e-02	-1.042338e+01
4.300000e-07	8.144252e-02	-1.062245e+01
4.400000e-07	-9.547599e-03	-1.077238e+01
4.500000e-07	4.043069e-02	-1.101245e+01
4.600000e-07	3.170124e-02	-1.121342e+01
4.700000e-07	1.930356e-02	-1.143453e+01
4.800000e-07	5.928622e-02	-1.161293e+01
4.900000e-07	-4.424238e-03	-1.181543e+01
5.000000e-07	6.648690e-02	-1.201453e+01
5.100000e-07	4.064639e-03	-1.220443e+01
5.200000e-07	7.781165e-02	-1.233977e+01
5.300000e-07	5.437160e-03	-1.256077e+01
5.400000e-07	5.494981e-02	-1.268869e+01
5.500000e-07	1.819752e-02	-1.288556e+01
5.600000e-07	5.648097e-02	-1.301343e+01
5.700000e-07	3.741521e-02	-1.318920e+01
5.800000e-07	4.625362e-02	-1.332777e+01
5.900000e-07	4.947191e-02	-1.347598e+01
6.000000e-07	4.478558e-02	-1.358135e+01
6.100000e-07	5.755685e-02	-1.372819e+01
6.200000e-07	3.652355e-02	-1.386503e+01
6.300000e-07	5.623952e-02	-1.398080e+01
6.400000e-07	4.549167e-02	-1.413719e+01
6.500000e-07	6.915727e-02	-1.423193e+01
6.600000e-07	5.132482e-02	-1.435967e+01
6.700000e-07	6.366504e-02	-1.439298e+01
6.800000e-07	5.497601e-02	-1.453974e+01
6.900000e-07	7.213136e-02	-1.462390e+01
7.000000e-07	6.603116e-02	-1.470719e+01
7.100000e-07	7.194754e-02	-1.479130e+01
7.200000e-07	6.948591e-02	-1.488501e+01
7.300000e-07	7.665882e-02	-1.494922e+01
7.400000e-07	7.761812e-02	-1.502277e+01
7.500000e-07	7.654971e-02	-1.507451e+01
7.600000e-07	8.135766e-02	-1.510861e+01
7.700000e-07	8.592597e-02	-1.516727e+01
7.800000e-07	9.772976e-02	-1.516079e+01
7.900000e-07	9.435192e-02	-1.520236e+01
8.000000e-07	9.906370e-02	-1.526451e+01
8.100000e-07	9.824370e-02	-1.530698e+01
8.200000e-07	1.083551e-01	-1.531613e+01
8.300000e-07	1.115716e-01	-1.530566e+01
8.400000e-07	1.175203e-01	-1.535771e+01
8.500000e-07	1.216639e-01	-1.529819e+01
8.600000e-07	1.303952e-01	-1.533719e+01
8.700000e-07	1.378918e-01	-1.534713e+01
8.800000e-07	1.436140e-01	-1.535513e+01
8.900000e-07	1.527246e-01	-1.525651e+01
9.000000e-07	1.654219e-01	-1.530306e+01
9.100000e-07	1.855721e-01	-1.524238e+01
9.200000e-07	2.042383e-01	-1.520133e+01
9.300000e-07	2.286306e-01	-1.514972e+01
9.400000e-07	2.480973e-01	-1.512616e+01
9.500000e-07	2.500000e-01	-1.507506e+01
9.600000e-07	2.500000e-01	-1.497135e+01
9.700000e-07	2.500000e-01	-1.495867e+01
9.800000e-07	2.500000e-01	-1.487458e+01
9.900000e-07	2.500000e-01	-1.481095e+01
1.000000e-06	2.500000e-01	-1.473674e+01
1.010000e-06	2.477698e-01	-1.467396e+01
1.020000e-06	2.213413e-01	-1.456826e+01
1.030000e-06	1.914155e-01	-1.447301e+01
1.040000e-06	1.701667e-01	-1.435964e+01
1.050000e-06	1.511520e-01	-1.425353e+01
1.060000e-06	1.327004e-01	-1.414822e+01
1.070000e-06	1.179710e-01	-1.404190e+01
1.080000e-06	1.070403e-01	-1.389459e+01
1.090000e-06	9.765263e-02	-1.378977e+01
1.100000e-06	8.712898e-02	-1.365098e+01
1.110000e-06	7.931258e-02	-1.351463e+01
1.120000e-06	7.370634e-02	-1.331934e+01
1.130000e-06	7.088249e-02	-1.325992e+01
1.140000e-06	6.511393e-02	-1.308208e+01
1.150000e-06	5.902255e-02	-1.294569e+01
1.160000e-06	5.296063e-02	-1.276881e+01
1.170000e-06	5.207219e-02	-1.256247e+01
1.180000e-06	4.914856e-02	-1.247150e+01
1.190000e-06	4.408266e-02	-1.226303e+01
1.200000e-06	4.037971e-02	-1.208408e+01
1.210000e-06	3.912533e-02	-1.193663e+01
1.220000e-06	3.727991e-02	-1.173511e+01
1.230000e-06	3.528597e-02	-1.150268e+01
1.240000e-06	3.113929e-02	-1.127313e+01
1.250000e-06	2.973738e-02	-1.105413e+01
1.260000e-06	2.965044e-02	-1.090106e+01
1.270000e-06	2.919537e-02	-1.068166e+01
1.280000e-06	2.492343e-02	-1.052365e+01
1.290000e-06	2.287420e-02	-1.029256e+01
1.300000e-06	2.251825e-02	-1.005097e+01
1.310000e-06	2.225482e-02	-9.850552e+00
1.320000e-06	2.043888e-02	-9.651471e+00
1.330000e-06	1.775733e-02	-9.418869e+00
1.340000e-06	1.835300e-02	-9.147420e+00
1.350000e-06	1.784891e-02	-8.975843e+00
1.360000e-06	1.694096e-02	-8.696761e+00
1.370000e-06	1.268015e-02	-8.484001e+00
1.380000e-06	1.235117e-02	-8.271474e+00
1.390000e-06	1.132442e-02	-7.988346e+00
1.400000e-06	1.262869e-02	-7.757737e+00
1.410000e-06	9.071809e-03	-7.461053e+00
1.420000e-06	9.578175e-03	-7.230393e+00
1.430000e-06	8.113357e-03	-6.925842e+00
1.440000e-06	9.069884e-03	-6.714109e+00
1.450000e-06	6.327542e-03	-6.431101e+00
1.460000e-06	4.947646e-03	-6.167019e+00
1.470000e-06	4.367117e-03	-5.874233e+00
1.480000e-06	5.161887e-03	-5.620105e+00
1.490000e-06	3.577056e-03	-5.386443e+00
1.500000e-06	2.846575e-03	-5.101605e+00
1.510000e-06	1.406300e-03	-4.756289e+00
1.520000e-06	2.177259e-03	-4.483214e+00
1.530000e-06	2.069965e-03	-4.270649e+00
1.540000e-06	9.596109e-04	-3.977369e+00
1.550000e-06	-1.340280e-03	-3.733781e+00
1.560000e-06	-2.897923e-03	-3.420500e+00
1.570000e-06	-2.678921e-03	-3.186368e+00
1.580000e-06	-2.350055e-03	-2.862629e+00
1.590000e-06	-3.557484e-03	-2.608022e+00
1.600000e-06	-4.125031e-03	-2.344720e+00
1.610000e-06	-3.738138e-03	-2.039976e+00
1.620000e-06	-4.173568e-03	-1.746816e+00
1.630000e-06	-5.288167e-03	-1.500205e+00
1.640000e-06	-6.793130e-03	-1.114289e+00
1.650000e-06	-7.231267e-03	-8.511037e-01
1.660000e-06	-7.263577e-03	-6.079432e-01
1.670000e-06	-6.374430e-03	-2.926553e-01
1.680000e-06	-4.913336e-03	-2.909988e-02
1.690000e-06	6.161324e-03	2.756608e-01
1.700000e-06	1.469381e-03	5.282973e-01
1.710000e-06	3.352617e-03	7.709463e-01
1.720000e-06	9.243080e-04	1.045632e+00
1.730000e-06	-2.096841e-04	1.329340e+00
1.740000e-06	-7.052388e-04	1.645131e+00
1.750000e-06	4.197773e-03	1.867139e+00
1.760000e-06	2.972235e-02	2.097841e+00
1.770000e-06	1.021060e-01	2.399950e+00
1.780000e-06	2.694717e-02	2.761950e+00
1.790000e-06	-5.607885e-02	3.053655e+00
1.800000e-06	-2.865733e-02	3.307742e+00
1.810000e-06	-3.521165e-02	3.612554e+00
1.820000e-06	-5.409440e-02	3.844053e+00
1.830000e-06	-7.270118e-02	4.023029e+00
1.840000e-06	8.114606e-02	4.319842e+00
1.850000e-06	-1.016880e-02	4.612481e+00
1.860000e-06	-3.496834e-02	4.843529e+00
1.870000e-06	1.419005e-01	5.160401e+00
1.880000e-06	-1.411234e-01	5.505188e+00
1.890000e-06	5.403898e-02	5.698267e+00
1.900000e-06	-4.304087e-02	6.012981e+00
1.910000e-06	9.486444e-03	6.213577e+00
1.920000e-06	3.064673e-02	6.509742e+00
1.930000e-06	-6.949349e-02	6.812376e+00
1.940000e-06	4.584061e-02	7.027008e+00
1.950000e-06	-5.793382e-02	7.269162e+00
1.960000e-06	2.448767e-02	7.591904e+00
1.970000e-06	-5.674507e-02	7.847562e+00
1.980000e-06	2.073252e-03	8.149241e+00
1.990000e-06	2.142191e-02	8.392398e+00
2.000000e-06	-3.721577e-02	8.561424e+00
2.010000e-06	1.483593e-02	8.812953e+00
2.020000e-06	-6.167891e-02	9.065483e+00
2.030000e-06	-7.951650e-03	9.288085e+00
2.040000e-06	-1.203902e-02	9.497137e+00
2.050000e-06	-8.891175e-03	9.738415e+00
2.060000e-06	-2.694710e-02	9.971347e+00
2.070000e-06	-2.686058e-02	1.020082e+01
2.080000e-06	-8.653678e-04	1.037245e+01
2.090000e-06	-3.403932e-02	1.061087e+01
2.100000e-06	-2.333076e-02	1.078240e+01
2.110000e-06	-4.243535e-02	1.100243e+01
2.120000e-06	-1.592048e-02	1.119150e+01
2.130000e-06	-2.111383e-02	1.146335e+01
2.140000e-06	-2.989869e-02	1.161480e+01
2.150000e-06	-4.090794e-02	1.183185e+01
2.160000e-06	-3.271899e-02	1.202095e+01
2.170000e-06	-2.107943e-02	1.216139e+01
2.180000e-06	-3.109195e-02	1.232977e+01
2.190000e-06	-4.212055e-02	1.253816e+01
2.200000e-06	-4.770180e-02	1.268711e+01
2.210000e-06	-3.329095e-02	1.283198e+01
2.220000e-06	-3.554884e-02	1.296077e+01
2.230000e-06	-4.357382e-02	1.313772e+01
2.240000e-06	-5.264981e-02	1.330666e+01
2.250000e-06	-3.983323e-02	1.342396e+01
2.260000e-06	-4.055897e-02	1.360832e+01
2.270000e-06	-4.837730e-02	1.370622e+01
2.280000e-06	-6.359341e-02	1.385240e+01
2.290000e-06	-5.759782e-02	1.395979e+01
2.300000e-06	-5.053665e-02	1.407511e+01
2.310000e-06	-5.263029e-02	1.423045e+01
2.320000e-06	-6.473589e-02	1.435979e+01
2.330000e-06	-6.983214e-02	1.445195e+01
2.340000e-06	-6.056760e-02	1.454874e+01
2.350000e-06	-6.343916e-02	1.463285e+01
2.360000e-06	-6.838307e-02	1.472719e+01
2.370000e-06	-8.098647e-02	1.477925e+01
2.380000e-06	-7.388123e-02	1.485248e+01
2.390000e-06	-7.597532e-02	1.490569e+01
2.400000e-06	-8.064535e-02	1.499079e+01
2.410000e-06	-9.416945e-02	1.500297e+01
2.420000e-06	-9.398878e-02	1.505456e+01
2.430000e-06	-8.960240e-02	1.511619e+01
2.440000e-06	-9.179149e-02	1.517775e+01
2.450000e-06	-1.012621e-01	1.524942e+01
2.460000e-06	-1.095948e-01	1.522082e+01
2.470000e-06	-1.075543e-01	1.526203e+01
2.480000e-06	-1.116305e-01	1.524408e+01
2.490000e-06	-1.206692e-01	1.527461e+01
2.500000e-06	-1.315154e-01	1.527604e+01
2.510000e-06	-1.330706e-01	1.531563e+01
2.520000e-06	-1.340084e-01	1.528413e+01
2.530000e-06	-1.435807e-01	1.526508e+01
2.540000e-06	-1.588233e-01	1.528556e+01
2.550000e-06	-1.698266e-01	1.525353e+01
2.560000e-06	-1.781295e-01	1.521990e+01
2.570000e-06	-1.938111e-01	1.518937e+01
2.580000e-06	-2.202922e-01	1.521827e+01
2.590000e-06	-2.464344e-01	1.513513e+01
2.600000e-06	-2.500000e-01	1.507253e+01
2.610000e-06	-2.500000e-01	1.501092e+01
2.620000e-06	-2.500000e-01	1.494829e+01
2.630000e-06	-2.500000e-01	1.489206e+01
2.640000e-06	-2.500000e-01	1.482047e+01
2.650000e-06	-2.500000e-01	1.478868e+01
2.660000e-06	-2.500000e-01	1.467405e+01
2.670000e-06	-2.471048e-01	1.459134e+01
2.680000e-06	-2.250144e-01	1.447611e+01
2.690000e-06	-1.921925e-01	1.442047e+01
2.700000e-06	-1.694320e-01	1.427356e+01
2.710000e-06	-1.513885e-01	1.416886e+01
2.720000e-06	-1.401458e-01	1.408408e+01
2.730000e-06	-1.247939e-01	1.393669e+01
2.740000e-06	-1.113086e-01	1.386242e+01
2.750000e-06	-1.024678e-01	1.368361e+01
2.760000e-06	-9.854887e-02	1.355973e+01
2.770000e-06	-9.176206e-02	1.339997e+01
2.780000e-06	-8.245931e-02	1.324408e+01
2.790000e-06	-7.479973e-02	1.313619e+01
2.800000e-06	-7.376154e-02	1.294889e+01
2.810000e-06	-7.191008e-02	1.286000e+01
2.820000e-06	-6.635562e-02	1.267303e+01
2.830000e-06	-5.962290e-02	1.252318e+01
2.840000e-06	-5.784483e-02	1.234624e+01
2.850000e-06	-5.839921e-02	1.218881e+01
2.860000e-06	-5.480414e-02	1.201932e+01
2.870000e-06	-5.058681e-02	1.183087e+01
2.880000e-06	-4.699113e-02	1.159992e+01
2.890000e-06	-4.850779e-02	1.141795e+01
2.900000e-06	-4.859296e-02	1.124882e+01
2.910000e-06	-4.436692e-02	1.099992e+01
2.920000e-06	-4.012705e-02	1.081800e+01
2.930000e-06	-3.978739e-02	1.055852e+01
2.940000e-06	-4.155842e-02	1.039789e+01
2.950000e-06	-3.910716e-02	1.021936e+01
2.960000e-06	-3.619195e-02	9.956266e+00
2.970000e-06	-3.456419e-02	9.756733e+00
2.980000e-06	-3.682897e-02	9.503556e+00
2.990000e-06	-3.463172e-02	9.312682e+00
3.000000e-06	-3.228082e-02	9.081603e+00
3.010000e-06	-2.907961e-02	8.828520e+00
3.020000e-06	-3.177873e-02	8.608869e+00
3.030000e-06	-3.151959e-02	8.377866e+00
3.040000e-06	-2.953508e-02	8.185784e+00
3.050000e-06	-2.632395e-02	7.882629e+00
3.060000e-06	-2.619841e-02	7.659475e+00
3.070000e-06	-2.748529e-02	7.397418e+00
3.080000e-06	-2.691689e-02	7.142735e+00
3.090000e-06	-2.484324e-02	6.891578e+00
3.100000e-06	-2.296764e-02	6.608419e+00
3.110000e-06	-2.577877e-02	6.294714e+00
3.120000e-06	-2.534675e-02	6.111130e+00
3.130000e-06	-2.241626e-02	5.808424e+00
3.140000e-06	-1.986463e-02	5.535293e+00
3.150000e-06	-2.078846e-02	5.260580e+00
3.160000e-06	-2.229824e-02	4.944357e+00
3.170000e-06	-2.169830e-02	4.661126e+00
3.180000e-06	-1.934547e-02	4.399475e+00
3.190000e-06	-1.906309e-02	4.154157e+00
3.200000e-06	-1.973273e-02	3.868074e+00
3.210000e-06	-1.856845e-02	3.618395e+00
3.220000e-06	-1.771004e-02	3.324230e+00
3.230000e-06	-1.481516e-02	3.019971e+00
3.240000e-06	-1.782487e-02	2.774418e+00
3.250000e-06	-1.664433e-02	2.499575e+00
3.260000e-06	-1.694763e-02	2.174891e+00
3.270000e-06	-1.379950e-02	1.963784e+00
3.280000e-06	-1.391116e-02	1.620495e+00
3.290000e-06	-1.519222e-02	1.315235e+00
3.300000e-06	-1.456698e-02	1.037967e+00
3.310000e-06	-1.056993e-02	7.132105e-01
3.320000e-06	-1.115396e-02	4.611737e-01
3.330000e-06	-1.021114e-02	1.733119e-01
3.340000e-06	-8.769487e-03	-1.187721e-01
3.350000e-06	5.762121e-03	-3.804514e-01
3.360000e-06	-1.288125e-03	-6.137107e-01
3.370000e-06	3.117158e-03	-8.882687e-01
3.380000e-06	-3.670442e-03	-1.213476e+00
3.390000e-06	2.229484e-03	-1.508820e+00
3.400000e-06	5.561188e-04	-1.728346e+00
3.410000e-06	2.737615e-02	-1.978850e+00
3.420000e-06	1.037733e-01	-2.204958e+00
3.430000e-06	6.358857e-02	-2.562978e+00
3.440000e-06	-5.796755e-02	-2.961958e+00
3.450000e-06	-1.625891e-04	-3.308815e+00
3.460000e-06	-5.058149e-02	-3.526816e+00
3.470000e-06	-6.237788e-02	-3.760222e+00
3.480000e-06	-3.420738e-02	-3.940846e+00
3.490000e-06	1.652116e-01	-4.129324e+00
3.500000e-06	-1.660282e-01	-4.437608e+00
3.510000e-06	1.704259e-01	-4.708693e+00
3.520000e-06	-2.019639e-02	-4.952376e+00
3.530000e-06	-5.361470e-02	-5.360374e+00
3.540000e-06	1.185126e-01	-5.549891e+00
3.550000e-06	-1.790419e-01	-5.867664e+00
3.560000e-06	1.824213e-01	-6.126192e+00
3.570000e-06	-5.769763e-02	-6.391455e+00
3.580000e-06	4.306344e-02	-6.697714e+00
3.590000e-06	5.821057e-02	-6.927669e+00
3.600000e-06	-9.215164e-02	-7.244030e+00
3.610000e-06	1.250754e-01	-7.484582e+00
3.620000e-06	-1.026401e-01	-7.729198e+00
3.630000e-06	1.204620e-01	-8.023554e+00
3.640000e-06	-1.486242e-02	-8.234004e+00
3.650000e-06	1.689577e-02	-8.467692e+00
3.660000e-06	8.346025e-02	-8.710325e+00
3.670000e-06	-9.120178e-02	-8.991403e+00
3.680000e-06	1.039422e-01	-9.131350e+00
3.690000e-06	-6.820513e-02	-9.374458e+00
3.700000e-06	1.149363e-01	-9.674057e+00
3.710000e-06	-2.141553e-02	-9.857155e+00
3.720000e-06	5.723372e-02	-1.008569e+01
3.730000e-06	2.025595e-02	-1.030709e+01
3.740000e-06	5.741474e-03	-1.053919e+01
3.750000e-06	6.293323e-02	-1.072922e+01
3.760000e-06	-2.630146e-02	-1.094027e+01
3.770000e-06	8.052867e-02	-1.109014e+01
3.780000e-06	-2.090294e-02	-1.133122e+01
3.790000e-06	8.472425e-02	-1.153972e+01
3.800000e-06	-9.438424e-03	-1.171169e+01
3.810000e-06	6.279574e-02	-1.194119e+01
3.820000e-06	1.348902e-02	-1.214726e+01
3.830000e-06	5.512805e-02	-1.230919e+01
3.840000e-06	3.316963e-02	-1.249451e+01
3.850000e-06	2.766321e-02	-1.267503e+01
3.860000e-06	4.348019e-02	-1.279187e+01
3.870000e-06	2.791552e-02	-1.297135e+01
3.880000e-06	6.224466e-02	-1.309714e+01
3.890000e-06	2.724315e-02	-1.330406e+01
3.900000e-06	6.483492e-02	-1.341237e+01
3.910000e-06	3.263275e-02	-1.353022e+01
3.920000e-06	6.562909e-02	-1.366553e+01
3.930000e-06	3.414866e-02	-1.381295e+01
3.940000e-06	5.492178e-02	-1.393920e+01
3.950000e-06	4.369083e-02	-1.407456e+01
3.960000e-06	6.429796e-02	-1.420132e+01
3.970000e-06	5.806697e-02	-1.429662e+01
3.980000e-06	5.895988e-02	-1.439133e+01
3.990000e-06	5.914262e-02	-1.452514e+01
4.000000e-06	6.438102e-02	-1.463340e+01
4.010000e-06	7.144215e-02	-1.468761e+01
4.020000e-06	6.592542e-02	-1.479869e+01
4.030000e-06	7.260647e-02	-1.486245e+01
4.040000e-06	6.957584e-02	-1.492819e+01
4.050000e-06	8.208623e-02	-1.499129e+01
4.060000e-06	7.409400e-02	-1.504298e+01
4.070000e-06	8.224023e-02	-1.513661e+01
4.080000e-06	8.151847e-02	-1.511766e+01
4.090000e-06	9.616665e-02	-1.520130e+01
4.100000e-06	9.529617e-02	-1.521238e+01
4.110000e-06	9.789681e-02	-1.523390e+01
4.120000e-06	9.715519e-02	-1.529498e+01
4.130000e-06	1.042739e-01	-1.528611e+01
4.140000e-06	1.116331e-01	-1.532617e+01
4.150000e-06	1.143381e-01	-1.536624e+01
4.160000e-06	1.199411e-01	-1.534669e+01
4.170000e-06	1.261889e-01	-1.531619e+01
4.180000e-06	1.364903e-01	-1.532759e+01
4.190000e-06	1.407915e-01	-1.531861e+01
4.200000e-06	1.484936e-01	-1.530456e+01
4.210000e-06	1.594422e-01	-1.531454e+01
4.220000e-06	1.770525e-01	-1.522396e+01
4.230000e-06	1.960385e-01	-1.522087e+01
4.240000e-06	2.169057e-01	-1.519875e+01
4.250000e-06	2.426569e-01	-1.515869e+01
4.260000e-06	2.499999e-01	-1.505566e+01
4.270000e-06	2.500000e-01	-1.504337e+01
4.280000e-06	2.500000e-01	-1.497129e+01
4.290000e-06	2.500000e-01	-1.491619e+01
4.300000e-06	2.500000e-01	-1.484295e+01
4.310000e-06	2.500000e-01	-1.475932e+01
4.320000e-06	2.498600e-01	-1.468308e+01
4.330000e-06	2.360898e-01	-1.462982e+01
4.340000e-06	2.032443e-01	-1.454616e+01
4.350000e-06	1.788916e-01	-1.438180e+01
4.360000e-06	1.591692e-01	-1.429708e+01
4.370000e-06	1.398907e-01	-1.416132e+01
4.380000e-06	1.237249e-01	-1.408303e+01
4.390000e-06	1.118171e-01	-1.395774e+01
4.400000e-06	1.008443e-01	-1.385038e+01
4.410000e-06	9.103910e-02	-1.372451e+01
4.420000e-06	8.272352e-02	-1.356722e+01
4.430000e-06	7.723631e-02	-1.344187e+01
4.440000e-06	7.200435e-02	-1.328411e+01
4.450000e-06	6.653836e-02	-1.315519e+01
4.460000e-06	5.939439e-02	-1.301884e+01
4.470000e-06	5.525309e-02	-1.284155e+01
4.480000e-06	5.232001e-02	-1.268508e+01
4.490000e-06	5.037141e-02	-1.254429e+01
4.500000e-06	4.690054e-02	-1.237622e+01
4.510000e-06	4.320588e-02	-1.219929e+01
4.520000e-06	4.023477e-02	-1.202037e+01
4.530000e-06	3.802032e-02	-1.183044e+01
4.540000e-06	3.486948e-02	-1.162744e+01
4.550000e-06	3.274696e-02	-1.136921e+01
4.560000e-06	3.120979e-02	-1.119782e+01
4.570000e-06	3.019824e-02	-1.097619e+01
4.580000e-06	2.814319e-02	-1.078829e+01
4.590000e-06	2.709230e-02	-1.058782e+01
4.600000e-06	2.441165e-02	-1.037882e+01
4.610000e-06	2.290383e-02	-1.015626e+01
4.620000e-06	2.155959e-02	-9.905688e+00
4.630000e-06	2.054438e-02	-9.703683e+00
4.640000e-06	1.888334e-02	-9.514159e+00
4.650000e-06	1.889493e-02	-9.294126e+00
4.660000e-06	1.714101e-02	-9.041026e+00
4.670000e-06	1.569865e-02	-8.850498e+00
4.680000e-06	1.353502e-02	-8.597841e+00
4.690000e-06	1.325591e-02	-8.344739e+00
4.700000e-06	1.229393e-02	-8.113757e+00
4.710000e-06	1.267757e-02	-7.860531e+00
4.720000e-06	1.079692e-02	-7.608315e+00
4.730000e-06	9.694947e-03	-7.304184e+00
4.740000e-06	8.637957e-03	-7.099604e+00
4.750000e-06	7.730014e-03	-6.799920e+00
4.760000e-06	6.693322e-03	-6.567813e+00
4.770000e-06	4.977454e-03	-6.282135e+00
4.780000e-06	5.702553e-03	-5.991050e+00
4.790000e-06	4.234698e-03	-5.806839e+00
4.800000e-06	4.721275e-03	-5.492180e+00
4.810000e-06	2.223936e-03	-5.208449e+00
4.820000e-06	2.043749e-03	-4.882206e+00
4.830000e-06	1.465068e-03	-4.596294e+00
4.840000e-06	3.196937e-03	-4.355820e+00
4.850000e-06	2.639193e-04	-4.112262e+00
4.860000e-06	3.157107e-05	-3.828597e+00
4.870000e-06	-2.297115e-03	-3.546837e+00
4.880000e-06	-2.730468e-03	-3.273308e+00
4.890000e-06	-3.869106e-03	-3.048921e+00
4.900000e-06	-2.641962e-03	-2.714760e+00
4.910000e-06	-3.261574e-03	-2.420129e+00
4.920000e-06	-2.241823e-03	-2.173387e+00
4.930000e-06	-2.900703e-03	-1.872100e+00
4.940000e-06	-4.847786e-03	-1.648496e+00
4.950000e-06	-6.715550e-03	-1.314103e+00
4.960000e-06	-7.249539e-03	-9.533882e-01
4.970000e-06	-7.423631e-03	-7.216845e-01
4.980000e-06	-6.904877e-03	-4.054708e-01
4.990000e-06	-6.174949e-03	-1.443131e-01
5.000000e-06	2.702451e-06	1.603474e-01
5.010000e-06	8.192925e-03	4.536318e-01
5.020000e-06	-1.853017e-03	6.646383e-01
5.030000e-06	5.140019e-03	9.177670e-01
5.040000e-06	-3.073521e-03	1.224083e+00
5.050000e-06	2.657397e-03	1.488868e+00
5.060000e-06	-2.155745e-03	1.831529e+00
5.070000e-06	1.864476e-02	2.023503e+00
5.080000e-06	6.557718e-02	2.285662e+00
5.090000e-06	9.319014e-02	2.583552e+00
5.100000e-06	-5.838183e-02	2.948747e+00
5.110000e-06	-2.618823e-02	3.171946e+00
5.120000e-06	-4.221523e-02	3.506785e+00
5.130000e-06	-2.726750e-02	3.739775e+00
5.140000e-06	-9.026840e-02	3.988845e+00
5.150000e-06	1.079753e-02	4.131001e+00
5.160000e-06	8.532680e-02	4.468215e+00
5.170000e-06	-1.160846e-01	4.700323e+00
5.180000e-06	1.556685e-01	5.022477e+00
5.190000e-06	-6.465588e-02	5.349947e+00
5.200000e-06	-3.444644e-02	5.611505e+00
5.210000e-06	2.864714e-02	5.917747e+00
5.220000e-06	-5.578397e-02	6.148819e+00
5.230000e-06	6.847113e-02	6.403001e+00
5.240000e-06	-6.306216e-02	6.688167e+00
5.250000e-06	1.143105e-02	6.968817e+00
5.260000e-06	-1.231947e-02	7.231958e+00
5.270000e-06	-2.240629e-02	7.496583e+00
5.280000e-06	-7.632608e-05	7.730220e+00
5.290000e-06	-5.657246e-02	8.003005e+00
5.300000e-06	4.463257e-02	8.277238e+00
5.310000e-06	-3.040163e-02	8.475189e+00
5.320000e-06	-8.058468e-04	8.707122e+00
5.330000e-06	-1.995223e-02	8.948296e+00
5.340000e-06	-5.645568e-02	9.181378e+00
5.350000e-06	1.851490e-02	9.401953e+00
5.360000e-06	-3.249926e-02	9.633030e+00
5.370000e-06	3.067151e-03	9.937509e+00
5.380000e-06	-4.975427e-02	1.011618e+01
5.390000e-06	4.874732e-03	1.030561e+01
5.400000e-06	-2.525713e-02	1.051669e+01
5.410000e-06	-2.845973e-02	1.070914e+01
5.420000e-06	-3.092452e-02	1.093772e+01
5.430000e-06	-3.687514e-02	1.109776e+01
5.440000e-06	-4.243414e-03	1.135776e+01
5.450000e-06	-3.843175e-02	1.150969e+01
5.460000e-06	-2.564204e-02	1.175976e+01
5.470000e-06	-4.912158e-02	1.191777e+01
5.480000e-06	-1.700105e-02	1.212674e+01
5.490000e-06	-3.057184e-02	1.226709e+01
5.500000e-06	-3.342849e-02	1.247438e+01
5.510000e-06	-4.717534e-02	1.261192e+01
5.520000e-06	-4.061862e-02	1.277940e+01
5.530000e-06	-3.014688e-02	1.294771e+01
5.540000e-06	-4.517917e-02	1.307704e+01
5.550000e-06	-4.655834e-02	1.325300e+01
5.560000e-06	-4.982834e-02	1.337132e+01
5.570000e-06	-3.441411e-02	1.351761e+01
5.580000e-06	-4.654349e-02	1.364553e+01
5.590000e-06	-5.489319e-02	1.379887e+01
5.600000e-06	-6.377024e-02	1.387759e+01
5.610000e-06	-5.256886e-02	1.405488e+01
5.620000e-06	-5.012108e-02	1.415879e+01
5.630000e-06	-5.941991e-02	1.428764e+01
5.640000e-06	-6.693974e-02	1.440347e+01
5.650000e-06	-6.569401e-02	1.448713e+01
5.660000e-06	-5.981318e-02	1.463227e+01
5.670000e-06	-6.841833e-02	1.468453e+01
5.680000e-06	-7.544137e-02	1.477039e+01
5.690000e-06	-7.839207e-02	1.479348e+01
5.700000e-06	-7.348658e-02	1.490358e+01
5.710000e-06	-7.618730e-02	1.498836e+01
5.720000e-06	-8.823539e-02	1.501089e+01
5.730000e-06	-9.499973e-02	1.503395e+01
5.740000e-06	-9.233865e-02	1.510814e+01
5.750000e-06	-8.883170e-02	1.518667e+01
5.760000e-06	-9.776294e-02	1.516787e+01
5.770000e-06	-1.061248e-01	1.524297e+01
5.780000e-06	-1.094294e-01	1.523248e+01
5.790000e-06	-1.087844e-01	1.526251e+01
5.800000e-06	-1.167582e-01	1.530508e+01
5.810000e-06	-1.270692e-01	1.530516e+01
5.820000e-06	-1.328158e-01	1.529611e+01
5.830000e-06	-1.328871e-01	1.528558e+01
5.840000e-06	-1.368756e-01	1.532506e+01
5.850000e-06	-1.519478e-01	1.527258e+01
5.860000e-06	-1.668266e-01	1.527206e+01
5.870000e-06	-1.757314e-01	1.521158e+01
5.880000e-06	-1.870029e-01	1.519985e+01
5.890000e-06	-2.078690e-01	1.517686e+01
5.900000e-06	-2.380042e-01	1.515669e+01
5.910000e-06	-2.498881e-01	1.508463e+01
5.920000e-06	-2.500000e-01	1.502147e+01
5.930000e-06	-2.500000e-01	1.502882e+01
5.940000e-06	-2.500000e-01	1.491718e+01
5.950000e-06	-2.500000e-01	1.489400e+01
5.960000e-06	-2.500000e-01	1.479982e+01
5.970000e-06	-2.500000e-01	1.473521e+01
5.980000e-06	-2.497550e-01	1.458295e+01
5.990000e-06	-2.371117e-01	1.454621e+01
6.000000e-06	-2.051795e-01	1.442145e+01
6.010000e-06	-1.773912e-01	1.432623e+01
6.020000e-06	-1.563142e-01	1.419195e+01
6.030000e-06	-1.456846e-01	1.407616e+01
6.040000e-06	-1.306937e-01	1.395037e+01
6.050000e-06	-1.172907e-01	1.390258e+01
6.060000e-06	-1.043343e-01	1.370671e+01
6.070000e-06	-1.003696e-01	1.361832e+01
6.080000e-06	-9.525933e-02	1.347263e+01
6.090000e-06	-8.801538e-02	1.338629e+01
6.100000e-06	-7.687476e-02	1.319882e+01
6.110000e-06	-7.389133e-02	1.301105e+01
6.120000e-06	-7.205568e-02	1.291466e+01
6.130000e-06	-6.930337e-02	1.272426e+01
6.140000e-06	-6.167116e-02	1.258789e+01
6.150000e-06	-5.867307e-02	1.239990e+01
6.160000e-06	-5.718799e-02	1.226195e+01
6.170000e-06	-5.723029e-02	1.206407e+01
6.180000e-06	-5.223167e-02	1.189661e+01
6.190000e-06	-4.831922e-02	1.169210e+01
6.200000e-06	-4.736764e-02	1.148416e+01
6.210000e-06	-4.804382e-02	1.131113e+01
6.220000e-06	-4.627093e-02	1.107168e+01
6.230000e-06	-4.093127e-02	1.092518e+01
6.240000e-06	-3.964893e-02	1.070409e+01
6.250000e-06	-3.990747e-02	1.049318e+01
6.260000e-06	-4.057093e-02	1.028201e+01
6.270000e-06	-3.721242e-02	1.005248e+01
6.280000e-06	-3.525329e-02	9.819476e+00
6.290000e-06	-3.533128e-02	9.618416e+00
6.300000e-06	-3.542038e-02	9.389467e+00
6.310000e-06	-3.434547e-02	9.155816e+00
6.320000e-06	-2.999914e-02	8.924753e+00
6.330000e-06	-2.915868e-02	8.673057e+00
6.340000e-06	-3.054955e-02	8.492106e+00
6.350000e-06	-3.020280e-02	8.240536e+00
6.360000e-06	-2.789508e-02	7.997892e+00
6.370000e-06	-2.623810e-02	7.747835e+00
6.380000e-06	-2.757374e-02	7.492129e+00
6.390000e-06	-2.743525e-02	7.218493e+00
6.400000e-06	-2.625630e-02	6.935888e+00
6.410000e-06	-2.302904e-02	6.730729e+00
6.420000e-06	-2.406313e-02	6.470424e+00
6.430000e-06	-2.403747e-02	6.156920e+00
6.440000e-06	-2.357947e-02	5.915287e+00
6.450000e-06	-2.145449e-02	5.681175e+00
6.460000e-06	-2.089391e-02	5.378919e+00
6.470000e-06	-2.155852e-02	5.121582e+00
6.480000e-06	-2.230969e-02	4.757893e+00
6.490000e-06	-2.060206e-02	4.494333e+00
6.500000e-06	-1.930494e-02	4.242105e+00
6.510000e-06	-1.872425e-02	3.933837e+00
6.520000e-06	-1.958006e-02	3.692182e+00
6.530000e-06	-1.815704e-02	3.406552e+00
6.540000e-06	-1.644156e-02	3.155262e+00
6.550000e-06	-1.575240e-02	2.861655e+00
6.560000e-06	-1.721901e-02	2.585938e+00
6.570000e-06	-1.671391e-02	2.292681e+00
6.580000e-06	-1.503890e-02	2.020550e+00
6.590000e-06	-1.326576e-02	1.735335e+00
6.600000e-06	-1.498707e-02	1.449101e+00
6.610000e-06	-1.384095e-02	1.151891e+00
6.620000e-06	-1.341362e-02	8.180462e-01
6.630000e-06	-1.088235e-02	5.647682e-01
6.640000e-06	-1.108555e-02	3.106776e-01
6.650000e-06	-8.462058e-03	-2.398277e-02
6.660000e-06	-1.440104e-03	-2.856882e-01
6.670000e-06	4.537937e-03	-5.488486e-01
6.680000e-06	-3.069048e-03	-8.225603e-01
6.690000e-06	1.767762e-03	-1.046237e+00
6.700000e-06	-2.760852e-03	-1.382480e+00
6.710000e-06	2.461636e-03	-1.645111e+00
6.720000e-06	1.110593e-02	-1.865139e+00
6.730000e-06	6.456039e-02	-2.088142e+00
6.740000e-06	1.269575e-01	-2.435009e+00
6.750000e-06	-5.193836e-02	-2.824535e+00
6.760000e-06	-5.155066e-03	-3.214509e+00
6.770000e-06	-4.545013e-02	-3.433059e+00
6.780000e-06	-3.424162e-02	-3.633037e+00
6.790000e-06	-1.017521e-01	-3.926717e+00
6.800000e-06	1.510858e-01	-4.065612e+00
6.810000e-06	-5.403823e-02	-4.308818e+00
6.820000e-06	-4.041774e-03	-4.622560e+00
6.830000e-06	1.522567e-01	-4.855558e+00
6.840000e-06	-1.805089e-01	-5.173454e+00
6.850000e-06	1.639688e-01	-5.508588e+00
6.860000e-06	-1.295621e-01	-5.789849e+00
6.870000e-06	4.042276e-02	-6.022558e+00
6.880000e-06	9.846017e-02	-6.245006e+00
6.890000e-06	-9.102433e-02	-6.562946e+00
6.900000e-06	1.511272e-01	-6.772978e+00
6.910000e-06	-1.157934e-01	-7.087166e+00
6.920000e-06	8.671051e-02	-7.381849e+00
6.930000e-06	-1.799284e-02	-7.604434e+00
6.940000e-06	-3.436384e-03	-7.949238e+00
6.950000e-06	1.090026e-01	-8.150295e+00
6.960000e-06	-8.470775e-02	-8.383428e+00
6.970000e-06	1.423466e-01	-8.676482e+00
6.980000e-06	-8.614622e-02	-8.886687e+00
6.990000e-06	5.866200e-02	-9.107689e+00
7.000000e-06	-3.294603e-03	-9.308192e+00
7.010000e-06	2.587707e-02	-9.571946e+00
7.020000e-06	7.320067e-02	-9.761325e+00
7.030000e-06	-3.069709e-02	-1.001338e+01
7.040000e-06	9.336528e-02	-1.022440e+01
7.050000e-06	-4.941605e-02	-1.048400e+01
7.060000e-06	9.440931e-02	-1.062446e+01
7.070000e-06	-3.337009e-02	-1.081506e+01
7.080000e-06	6.844891e-02	-1.104456e+01
7.090000e-06	6.628572e-03	-1.127401e+01
7.100000e-06	4.716157e-02	-1.141701e+01
7.110000e-06	3.457214e-02	-1.165344e+01
7.120000e-06	1.499866e-02	-1.189644e+01
7.130000e-06	5.404097e-02	-1.205546e+01
7.140000e-06	1.654496e-02	-1.226595e+01
7.150000e-06	7.051355e-02	-1.242143e+01
7.160000e-06	4.388137e-03	-1.261035e+01
7.170000e-06	5.975561e-02	-1.277114e+01
7.180000e-06	1.553244e-02	-1.288871e+01
7.190000e-06	6.362087e-02	-1.307605e+01
7.200000e-06	2.810557e-02	-1.320050e+01
7.210000e-06	5.578608e-02	-1.337072e+01
7.220000e-06	4.181866e-02	-1.348661e+01
7.230000e-06	5.397537e-02	-1.358593e+01
7.240000e-06	4.924227e-02	-1.375980e+01
7.250000e-06	4.187423e-02	-1.390656e+01
7.260000e-06	5.330185e-02	-1.407395e+01
7.270000e-06	5.160832e-02	-1.413971e+01
7.280000e-06	6.630146e-02	-1.426501e+01
7.290000e-06	5.157908e-02	-1.433132e+01
7.300000e-06	6.327357e-02	-1.445451e+01
7.310000e-06	5.716619e-02	-1.455024e+01
7.320000e-06	7.434622e-02	-1.467603e+01
7.330000e-06	6.406023e-02	-1.475814e+01
7.340000e-06	7.343574e-02	-1.482985e+01
7.350000e-06	6.928339e-02	-1.489556e+01
7.360000e-06	7.950014e-02	-1.498926e+01
7.370000e-06	7.584549e-02	-1.501442e+01
7.380000e-06	7.799014e-02	-1.505508e+01
7.390000e-06	8.172693e-02	-1.511866e+01
7.400000e-06	9.058145e-02	-1.516977e+01
7.410000e-06	9.683453e-02	-1.519330e+01
7.420000e-06	9.440712e-02	-1.526390e+01
7.430000e-06	9.883109e-02	-1.526646e+01
7.440000e-06	1.003558e-01	-1.529556e+01
7.450000e-06	1.112377e-01	-1.534713e+01
7.460000e-06	1.100491e-01	-1.537821e+01
7.470000e-06	1.188524e-01	-1.531879e+01
7.480000e-06	1.228544e-01	-1.533764e+01
7.490000e-06	1.347984e-01	-1.531571e+01
7.500000e-06	1.379302e-01	-1.534619e+01
7.510000e-06	1.439777e-01	-1.530626e+01
7.520000e-06	1.537693e-01	-1.532553e+01
7.530000e-06	1.703712e-01	-1.528303e+01
7.540000e-06	1.886930e-01	-1.522191e+01
7.550000e-06	2.066536e-01	-1.522177e+01
7.560000e-06	2.328217e-01	-1.517917e+01
7.570000e-06	2.496594e-01	-1.511461e+01
7.580000e-06	2.500000e-01	-1.505398e+01
7.590000e-06	2.500000e-01	-1.498040e+01
7.600000e-06	2.500000e-01	-1.491979e+01
7.610000e-06	2.500000e-01	-1.487253e+01
7.620000e-06	2.500000e-01	-1.480077e+01
7.630000e-06	2.500000e-01	-1.473614e+01
7.640000e-06	2.461616e-01	-1.465142e+01
7.650000e-06	2.156310e-01	-1.455779e+01
7.660000e-06	1.889013e-01	-1.447343e+01
7.670000e-06	1.667846e-01	-1.438769e+01
7.680000e-06	1.464945e-01	-1.424343e+01
7.690000e-06	1.285823e-01	-1.412714e+01
7.700000e-06	1.160554e-01	-1.404082e+01
7.710000e-06	1.056605e-01	-1.388151e+01
7.720000e-06	9.597639e-02	-1.377729e+01
7.730000e-06	8.616844e-02	-1.361935e+01
7.740000e-06	7.943908e-02	-1.347505e+01
7.750000e-06	7.396853e-02	-1.334724e+01
7.760000e-06	6.907090e-02	-1.327934e+01
7.770000e-06	6.254918e-02	-1.304245e+01
7.780000e-06	5.657035e-02	-1.289558e+01
7.790000e-06	5.410703e-02	-1.273774e+01
7.800000e-06	5.191836e-02	-1.258987e+01
7.810000e-06	4.805534e-02	-1.248090e+01
7.820000e-06	4.323727e-02	-1.223253e+01
7.830000e-06	4.047355e-02	-1.205408e+01
7.840000e-06	3.974615e-02	-1.187511e+01
7.850000e-06	3.692183e-02	-1.170368e+01
7.860000e-06	3.391262e-02	-1.144103e+01
7.870000e-06	3.076173e-02	-1.122100e+01
7.880000e-06	3.084268e-02	-1.104003e+01
7.890000e-06	2.992533e-02	-1.082137e+01
7.900000e-06	2.660259e-02	-1.064156e+01
7.910000e-06	2.419865e-02	-1.048248e+01
7.920000e-06	2.349153e-02	-1.025050e+01
7.930000e-06	2.328695e-02	-1.002997e+01
7.940000e-06	2.228876e-02	-9.800448e+00
7.950000e-06	1.979181e-02	-9.619338e+00
7.960000e-06	1.793559e-02	-9.357738e+00
7.970000e-06	1.843135e-02	-9.154162e+00
7.980000e-06	1.791260e-02	-8.924237e+00
7.990000e-06	1.505193e-02	-8.682608e+00
8.000000e-06	1.224571e-02	-8.451520e+00
8.010000e-06	1.289888e-02	-8.208450e+00
8.020000e-06	1.333839e-02	-7.956765e+00
8.030000e-06	1.185722e-02	-7.682084e+00
8.040000e-06	8.668650e-03	-7.399319e+00
8.050000e-06	9.421946e-03	-7.198313e+00
8.060000e-06	8.927857e-03	-6.953729e+00
8.070000e-06	9.428055e-03	-6.669554e+00
8.080000e-06	4.990859e-03	-6.429946e+00
8.090000e-06	4.242969e-03	-6.164787e+00
8.100000e-06	4.615329e-03	-5.881054e+00
8.110000e-06	4.350397e-03	-5.640472e+00
8.120000e-06	3.980779e-03	-5.324235e+00
8.130000e-06	1.419350e-03	-5.040372e+00
8.140000e-06	2.153757e-03	-4.742279e+00
8.150000e-06	2.851398e-03	-4.461601e+00
8.160000e-06	2.663500e-03	-4.209501e+00
8.170000e-06	-2.465379e-04	-3.946767e+00
8.180000e-06	-2.522799e-03	-3.672103e+00
8.190000e-06	-1.872686e-03	-3.419417e+00
8.200000e-06	-2.582501e-03	-3.163207e+00
8.210000e-06	-3.011797e-03	-2.830446e+00
8.220000e-06	-4.795945e-03	-2.566342e+00
8.230000e-06	-2.652888e-03	-2.282232e+00
8.240000e-06	-2.479918e-03	-1.986892e+00
8.250000e-06	-3.778523e-03	-1.702184e+00
8.260000e-06	-5.668228e-03	-1.388975e+00
8.270000e-06	-7.064474e-03	-1.082233e+00
8.280000e-06	-6.437044e-03	-8.185760e-01
8.290000e-06	-6.932688e-03	-5.343065e-01
8.300000e-06	-6.907766e-03	-2.495751e-01
8.310000e-06	-5.331816e-03	-8.474799e-03
8.320000e-06	8.366934e-03	3.083434e-01
8.330000e-06	-1.148279e-04	5.498488e-01
8.340000e-06	5.978326e-03	7.919578e-01
8.350000e-06	-1.621007e-03	1.118288e+00
8.360000e-06	1.671059e-03	1.382900e+00
8.370000e-06	-1.973984e-03	1.715817e+00
8.380000e-06	9.680198e-03	1.947865e+00
8.390000e-06	3.603454e-02	2.140374e+00
8.400000e-06	1.101860e-01	2.448141e+00
8.410000e-06	-7.319775e-03	2.844055e+00
8.420000e-06	-4.323522e-02	3.158263e+00
8.430000e-06	-3.376288e-02	3.380905e+00
8.440000e-06	-2.930108e-02	3.665135e+00
8.450000e-06	-6.922565e-02	3.904660e+00
8.460000e-06	-5.164893e-02	4.094063e+00
8.470000e-06	1.015716e-01	4.350928e+00
8.480000e-06	-6.304138e-02	4.655613e+00
8.490000e-06	3.069263e-02	4.845615e+00
8.500000e-06	8.898248e-02	5.235533e+00
8.510000e-06	-1.295917e-01	5.506713e+00
8.520000e-06	6.736541e-02	5.762822e+00
8.530000e-06	-6.439528e-02	6.073609e+00
8.540000e-06	4.056861e-02	6.287663e+00
8.550000e-06	-3.200108e-04	6.581897e+00
8.560000e-06	-5.081048e-02	6.852584e+00
8.570000e-06	3.797596e-02	7.107241e+00
8.580000e-06	-6.063311e-02	7.370305e+00
8.590000e-06	3.004254e-02	7.676005e+00
8.600000e-06	-7.099317e-02	7.918191e+00
8.610000e-06	2.537190e-02	8.180896e+00
8.620000e-06	2.838764e-03	8.413025e+00
8.630000e-06	-2.960102e-02	8.621450e+00
8.640000e-06	1.155684e-02	8.833579e+00
8.650000e-06	-7.149029e-02	9.088614e+00
8.660000e-06	9.138461e-03	9.338817e+00
8.670000e-06	-2.628855e-02	9.529795e+00
8.680000e-06	2.199446e-03	9.772326e+00
8.690000e-06	-3.983875e-02	1.002243e+01
8.700000e-06	-1.322058e-02	1.021350e+01
8.710000e-06	-8.174084e-03	1.043145e+01
8.720000e-06	-3.421091e-02	1.063310e+01
8.730000e-06	-2.466361e-02	1.088253e+01
8.740000e-06	-4.535931e-02	1.104400e+01
8.750000e-06	-7.055509e-03	1.120500e+01
8.760000e-06	-2.947041e-02	1.145355e+01
8.770000e-06	-2.470981e-02	1.162506e+01
8.780000e-06	-4.695686e-02	1.185603e+01
8.790000e-06	-2.447720e-02	1.202150e+01
8.800000e-06	-2.697158e-02	1.222455e+01
8.810000e-06	-3.135230e-02	1.235132e+01
8.820000e-06	-4.530281e-02	1.258082e+01
8.830000e-06	-4.557834e-02	1.270769e+01
8.840000e-06	-3.018815e-02	1.287560e+01
8.850000e-06	-3.898298e-02	1.301290e+01
8.860000e-06	-4.330055e-02	1.317082e+01
8.870000e-06	-5.357912e-02	1.330811e+01
8.880000e-06	-3.571508e-02	1.348801e+01
8.890000e-06	-4.363285e-02	1.361785e+01
8.900000e-06	-4.941725e-02	1.371569e+01
8.910000e-06	-6.499651e-02	1.385398e+01
8.920000e-06	-5.520512e-02	1.396085e+01
8.930000e-06	-5.044859e-02	1.413576e+01
8.940000e-06	-5.580611e-02	1.424253e+01
8.950000e-06	-6.496304e-02	1.435074e+01
8.960000e-06	-6.919753e-02	1.444603e+01
8.970000e-06	-5.886155e-02	1.452817e+01
8.980000e-06	-6.409520e-02	1.464393e+01
8.990000e-06	-6.997405e-02	1.467764e+01
9.000000e-06	-8.166524e-02	1.479185e+01
9.010000e-06	-7.359819e-02	1.484256e+01
9.020000e-06	-7.651012e-02	1.490671e+01
9.030000e-06	-8.282155e-02	1.498827e+01
9.040000e-06	-9.586245e-02	1.505153e+01
9.050000e-06	-9.336115e-02	1.511555e+01
9.060000e-06	-8.811060e-02	1.511611e+01
9.070000e-06	-9.259126e-02	1.514824e+01
9.080000e-06	-1.033296e-01	1.520039e+01
9.090000e-06	-1.114820e-01	1.521245e+01
9.100000e-06	-1.081942e-01	1.525258e+01
9.110000e-06	-1.121766e-01	1.528511e+01
9.120000e-06	-1.219623e-01	1.527460e+01
9.130000e-06	-1.328534e-01	1.528608e+01
9.140000e-06	-1.327915e-01	1.528616e+01
9.150000e-06	-1.346934e-01	1.527516e+01
9.160000e-06	-1.457998e-01	1.528458e+01
9.170000e-06	-1.609679e-01	1.526403e+01
9.180000e-06	-1.717846e-01	1.524240e+01
9.190000e-06	-1.806141e-01	1.521152e+01
9.200000e-06	-1.968418e-01	1.519837e+01
9.210000e-06	-2.263880e-01	1.517714e+01
9.220000e-06	-2.479303e-01	1.512661e+01
9.230000e-06	-2.500000e-01	1.504252e+01
9.240000e-06	-2.500000e-01	1.503141e+01
9.250000e-06	-2.500000e-01	1.494689e+01
9.260000e-06	-2.500000e-01	1.491508e+01
9.270000e-06	-2.500000e-01	1.482292e+01
9.280000e-06	-2.500000e-01	1.474766e+01
9.290000e-06	-2.500000e-01	1.468558e+01
9.300000e-06	-2.453621e-01	1.453832e+01
9.310000e-06	-2.191291e-01	1.446360e+01
9.320000e-06	-1.869779e-01	1.438936e+01
9.330000e-06	-1.653340e-01	1.429361e+01
9.340000e-06	-1.497779e-01	1.415826e+01
9.350000e-06	-1.375507e-01	1.403295e+01
9.360000e-06	-1.225964e-01	1.395571e+01
9.370000e-06	-1.075338e-01	1.375987e+01
9.380000e-06	-1.014085e-01	1.365250e+01
9.390000e-06	-9.845002e-02	1.353626e+01
9.400000e-06	-9.095854e-02	1.341937e+01
9.410000e-06	-8.081749e-02	1.326100e+01
9.420000e-06	-7.499580e-02	1.309306e+01
9.430000e-06	-7.402153e-02	1.294678e+01
9.440000e-06	-7.083107e-02	1.281039e+01
9.450000e-06	-6.381671e-02	1.262095e+01
9.460000e-06	-5.904479e-02	1.244313e+01
9.470000e-06	-5.843247e-02	1.230668e+01
9.480000e-06	-5.841431e-02	1.214627e+01
9.490000e-06	-5.325897e-02	1.199776e+01
9.500000e-06	-4.920817e-02	1.177737e+01
9.510000e-06	-4.712513e-02	1.156931e+01
9.520000e-06	-4.997665e-02	1.134882e+01
9.530000e-06	-4.674436e-02	1.116586e+01
9.540000e-06	-4.342628e-02	1.099888e+01
9.550000e-06	-3.977839e-02	1.077782e+01
9.560000e-06	-4.025458e-02	1.056794e+01
9.570000e-06	-4.012734e-02	1.035681e+01
9.580000e-06	-3.758506e-02	1.012684e+01
9.590000e-06	-3.536988e-02	9.895687e+00
9.600000e-06	-3.554345e-02	9.722101e+00
9.610000e-06	-3.653884e-02	9.462052e+00
9.620000e-06	-3.531727e-02	9.261129e+00
9.630000e-06	-3.168208e-02	9.029520e+00
9.640000e-06	-2.940024e-02	8.778921e+00
9.650000e-06	-3.045629e-02	8.546862e+00
9.660000e-06	-2.952842e-02	8.335810e+00
9.670000e-06	-2.868818e-02	8.162129e+00
9.680000e-06	-2.689670e-02	7.873522e+00
9.690000e-06	-2.749443e-02	7.608918e+00
9.700000e-06	-2.733116e-02	7.315755e+00
9.710000e-06	-2.714763e-02	7.051001e+00
9.720000e-06	-2.501847e-02	6.819444e+00
9.730000e-06	-2.380365e-02	6.544758e+00
9.740000e-06	-2.435545e-02	6.272154e+00
9.750000e-06	-2.439878e-02	6.090975e+00
9.760000e-06	-2.135316e-02	5.778394e+00
9.770000e-06	-2.107800e-02	5.552680e+00
9.780000e-06	-2.070221e-02	5.258997e+00
9.790000e-06	-2.232873e-02	4.901706e+00
9.800000e-06	-2.038388e-02	4.599971e+00
9.810000e-06	-1.982372e-02	4.344493e+00
9.820000e-06	-1.883073e-02	4.051126e+00
9.830000e-06	-2.014975e-02	3.787419e+00
9.840000e-06	-1.827971e-02	3.522391e+00
9.850000e-06	-1.774618e-02	3.251571e+00
9.860000e-06	-1.554630e-02	3.016889e+00
9.870000e-06	-1.703657e-02	2.702262e+00
9.880000e-06	-1.672635e-02	2.398021e+00
9.890000e-06	-1.535472e-02	2.124786e+00
9.900000e-06	-1.411338e-02	1.891231e+00
9.910000e-06	-1.463277e-02	1.576337e+00
9.920000e-06	-1.456160e-02	1.313679e+00
9.930000e-06	-1.342261e-02	9.252866e-01
9.940000e-06	-1.177363e-02	6.416565e-01
9.950000e-06	-1.113261e-02	4.066209e-01
9.960000e-06	-9.899449e-03	3.118257e-02
9.970000e-06	-5.989619e-03	-1.914225e-01
9.980000e-06	7.652801e-03	-4.255565e-01
9.990000e-06	-4.325576e-03	-7.376946e-01
1.000000e-05	3.510218e-03	-9.898510e-01
1.001000e-05	-4.322430e-03	-1.225561e+00
1.002000e-05	3.492418e-03	-1.569947e+00
1.003000e-05	1.330182e-03	-1.803426e+00
1.004000e-05	3.626107e-02	-2.031958e+00
1.005000e-05	1.220341e-01	-2.306163e+00
1.006000e-05	2.262121e-02	-2.665112e+00
1.007000e-05	-4.255241e-02	-3.056688e+00
1.008000e-05	-1.333623e-02	-3.350327e+00
1.009000e-05	-4.285652e-02	-3.549897e+00
1.010000e-05	-8.197985e-02	-3.793904e+00
1.011000e-05	2.528662e-02	-3.990976e+00
1.012000e-05	1.173183e-01	-4.191929e+00
1.013000e-05	-1.593366e-01	-4.498167e+00
1.014000e-05	2.122711e-01	-4.768725e+00
1.015000e-05	-1.020264e-01	-5.037035e+00
1.016000e-05	2.852211e-02	-5.372429e+00
1.017000e-05	4.631741e-02	-5.654607e+00
1.018000e-05	-1.353722e-01	-5.949321e+00
1.019000e-05	1.922627e-01	-6.170770e+00
1.020000e-05	-1.050260e-01	-6.455012e+00
1.021000e-05	1.026490e-01	-6.748246e+00
1.022000e-05	-8.581795e-03	-6.981851e+00
1.023000e-05	-4.091733e-02	-7.317213e+00
1.024000e-05	1.013568e-01	-7.507138e+00
1.025000e-05	-1.002691e-01	-7.824405e+00
1.026000e-05	1.464850e-01	-8.085083e+00
1.027000e-05	-6.434799e-02	-8.287664e+00
1.028000e-05	7.385391e-02	-8.599766e+00
1.029000e-05	2.843087e-02	-8.750796e+00
1.030000e-05	-5.250480e-02	-9.045479e+00
1.031000e-05	8.745053e-02	-9.192930e+00
1.032000e-05	-6.011426e-02	-9.487187e+00
1.033000e-05	1.265641e-01	-9.707714e+00
1.034000e-05	-4.863262e-02	-9.898166e+00
1.035000e-05	8.642020e-02	-1.015020e+01
1.036000e-05	-1.807964e-02	-1.034122e+01
1.037000e-05	4.524152e-02	-1.058977e+01
1.038000e-05	3.071290e-02	-1.076022e+01
1.039000e-05	8.745250e-04	-1.101182e+01
1.040000e-05	6.316911e-02	-1.117085e+01
1.041000e-05	-8.722489e-03	-1.141183e+01
1.042000e-05	8.134173e-02	-1.155935e+01
1.043000e-05	-1.545908e-02	-1.178332e+01
1.044000e-05	7.037793e-02	-1.200277e+01
1.045000e-05	3.022418e-03	-1.217135e+01
1.046000e-05	7.048719e-02	-1.232769e+01
1.047000e-05	1.811734e-02	-1.254719e+01
1.048000e-05	4.334798e-02	-1.270556e+01
1.049000e-05	3.108901e-02	-1.286250e+01
1.050000e-05	4.178923e-02	-1.297187e+01
1.051000e-05	5.124893e-02	-1.310877e+01
1.052000e-05	3.375636e-02	-1.331359e+01
1.053000e-05	5.775775e-02	-1.344250e+01
1.054000e-05	3.518620e-02	-1.358122e+01
1.055000e-05	6.479006e-02	-1.368756e+01
1.056000e-05	3.496346e-02	-1.388345e+01
1.057000e-05	5.800744e-02	-1.396877e+01
1.058000e-05	4.278719e-02	-1.410413e+01
1.059000e-05	6.765196e-02	-1.423534e+01
1.060000e-05	5.410537e-02	-1.431764e+01
1.061000e-05	6.134832e-02	-1.442333e+01
1.062000e-05	5.608243e-02	-1.454826e+01
1.063000e-05	6.917474e-02	-1.461295e+01
1.064000e-05	6.993283e-02	-1.472616e+01
1.065000e-05	6.863359e-02	-1.479930e+01
1.066000e-05	7.057301e-02	-1.487548e+01
1.067000e-05	7.265078e-02	-1.495777e+01
1.068000e-05	8.080395e-02	-1.501235e+01
1.069000e-05	7.573544e-02	-1.502395e+01
1.070000e-05	8.187665e-02	-1.508659e+01
1.071000e-05	8.289797e-02	-1.515867e+01
1.072000e-05	9.713345e-02	-1.523175e+01
1.073000e-05	9.557999e-02	-1.525435e+01
1.074000e-05	9.789303e-02	-1.525550e+01
1.075000e-05	9.765040e-02	-1.532603e+01
1.076000e-05	1.055809e-01	-1.530659e+01
1.077000e-05	1.122486e-01	-1.533716e+01
1.078000e-05	1.154105e-01	-1.536714e+01
1.079000e-05	1.209852e-01	-1.535714e+01
1.080000e-05	1.273699e-01	-1.538874e+01
1.081000e-05	1.390579e-01	-1.534757e+01
1.082000e-05	1.417257e-01	-1.532663e+01
1.083000e-05	1.504344e-01	-1.528559e+01
1.084000e-05	1.616018e-01	-1.532553e+01
1.085000e-05	1.799834e-01	-1.528340e+01
1.086000e-05	2.005925e-01	-1.524085e+01
1.087000e-05	2.217434e-01	-1.521072e+01
1.088000e-05	2.459035e-01	-1.512662e+01
1.089000e-05	2.500000e-01	-1.508408e+01
1.090000e-05	2.500000e-01	-1.507192e+01
1.091000e-05	2.500000e-01	-1.498927e+01
1.092000e-05	2.500000e-01	-1.492416e+01
1.093000e-05	2.500000e-01	-1.484998e+01
1.094000e-05	2.500000e-01	-1.477832e+01
1.095000e-05	2.492049e-01	-1.467403e+01
1.096000e-05	2.302758e-01	-1.460921e+01
1.097000e-05	1.982612e-01	-1.451468e+01
1.098000e-05	1.757813e-01	-1.438080e+01
1.099000e-05	1.554863e-01	-1.429604e+01
1.100000e-05	1.359215e-01	-1.420032e+01
1.101000e-05	1.204797e-01	-1.407298e+01
1.102000e-05	1.088426e-01	-1.394421e+01
1.103000e-05	1.001793e-01	-1.382079e+01
1.104000e-05	8.932720e-02	-1.366241e+01
1.105000e-05	8.152739e-02	-1.350469e+01
1.106000e-05	7.485255e-02	-1.337992e+01
1.107000e-05	7.070247e-02	-1.325255e+01
1.108000e-05	6.618642e-02	-1.312309e+01
1.109000e-05	5.997774e-02	-1.296926e+01
1.110000e-05	5.381338e-02	-1.277984e+01
1.111000e-05	5.104438e-02	-1.264348e+01
1.112000e-05	5.068548e-02	-1.250473e+01
1.113000e-05	4.361116e-02	-1.232421e+01
1.114000e-05	4.284991e-02	-1.214731e+01
1.115000e-05	3.892470e-02	-1.192829e+01
1.116000e-05	3.978486e-02	-1.174679e+01
1.117000e-05	3.613705e-02	-1.153579e+01
1.118000e-05	3.277375e-02	-1.134514e+01
1.119000e-05	3.085625e-02	-1.113674e+01
1.120000e-05	2.822964e-02	-1.093521e+01
1.121000e-05	2.740775e-02	-1.074574e+01
1.122000e-05	2.419326e-02	-1.053477e+01
1.123000e-05	2.170703e-02	-1.034469e+01
1.124000e-05	2.441847e-02	-1.010468e+01
1.125000e-05	2.246431e-02	-9.882633e+00
1.126000e-05	2.428457e-02	-9.683134e+00
1.127000e-05	1.904638e-02	-9.472526e+00
1.128000e-05	1.884943e-02	-9.220996e+00
1.129000e-05	1.665614e-02	-9.009446e+00
1.130000e-05	1.428510e-02	-8.756745e+00
1.131000e-05	1.167699e-02	-8.545182e+00
1.132000e-05	1.184066e-02	-8.263660e+00
1.133000e-05	1.362425e-02	-8.131956e+00
1.134000e-05	1.417405e-02	-7.807892e+00
1.135000e-05	1.253784e-02	-7.522739e+00
1.136000e-05	9.350458e-03	-7.302157e+00
1.137000e-05	8.047742e-03	-7.039470e+00
1.138000e-05	7.047126e-03	-6.794290e+00
1.139000e-05	6.919336e-03	-6.524265e+00
1.140000e-05	4.784994e-03	-6.249526e+00
1.141000e-05	4.778002e-03	-5.996897e+00
1.142000e-05	3.536374e-03	-5.715214e+00
1.143000e-05	5.435350e-03	-5.421404e+00
1.144000e-05	3.438586e-03	-5.164892e+00
1.145000e-05	2.120759e-03	-4.868449e+00
1.146000e-05	2.085831e-03	-4.514792e+00
1.147000e-05	2.481513e-03	-4.293817e+00
1.148000e-05	6.153307e-04	-4.082577e+00
1.149000e-05	-2.768158e-03	-3.784388e+00
1.150000e-05	-2.883347e-03	-3.493262e+00
1.151000e-05	-3.011982e-03	-3.249573e+00
1.152000e-05	-1.615409e-03	-2.943884e+00
1.153000e-05	-1.973108e-03	-2.669128e+00
1.154000e-05	-2.853137e-03	-2.406490e+00
1.155000e-05	-3.880149e-03	-2.084234e+00
1.156000e-05	-3.592654e-03	-1.829121e+00
1.157000e-05	-5.692277e-03	-1.583438e+00
1.158000e-05	-6.099471e-03	-1.208000e+00
1.159000e-05	-7.008377e-03	-9.447355e-01
1.160000e-05	-6.326327e-03	-6.486761e-01
1.161000e-05	-6.437855e-03	-3.852920e-01
1.162000e-05	-5.995797e-03	-1.131291e-01
1.163000e-05	1.868203e-03	1.819815e-01
1.164000e-05	6.079853e-03	4.552095e-01
1.165000e-05	1.065140e-03	6.978394e-01
1.166000e-05	4.880865e-03	9.804503e-01
1.167000e-05	-2.910259e-03	1.265711e+00
1.168000e-05	4.288525e-04	1.541528e+00
1.169000e-05	-9.392387e-04	1.844059e+00
1.170000e-05	2.326887e-02	2.056083e+00
1.171000e-05	8.326093e-02	2.327321e+00
1.172000e-05	6.863682e-02	2.684814e+00
1.173000e-05	-6.275427e-02	2.961899e+00
1.174000e-05	-2.436500e-02	3.234038e+00
1.175000e-05	-4.181895e-02	3.550875e+00
1.176000e-05	-3.670465e-02	3.770976e+00
1.177000e-05	-8.871224e-02	4.002973e+00
1.178000e-05	4.436742e-02	4.245057e+00
1.179000e-05	5.129460e-02	4.549822e+00
1.180000e-05	-9.566523e-02	4.800497e+00
1.181000e-05	1.715327e-01	5.078213e+00
1.182000e-05	-1.165684e-01	5.403554e+00
1.183000e-05	1.295410e-02	5.624037e+00
1.184000e-05	-5.168651e-03	5.919871e+00
1.185000e-05	-3.016238e-02	6.170399e+00
1.186000e-05	5.952467e-02	6.465118e+00
1.187000e-05	-7.585433e-02	6.749345e+00
1.188000e-05	3.414716e-02	6.972375e+00
1.189000e-05	-3.804478e-02	7.243137e+00
1.190000e-05	3.673046e-03	7.519773e+00
1.191000e-05	-2.642959e-02	7.793555e+00
1.192000e-05	-3.110066e-02	8.079138e+00
1.193000e-05	3.745063e-02	8.367740e+00
1.194000e-05	-3.870490e-02	8.530794e+00
1.195000e-05	8.865184e-03	8.740295e+00
1.196000e-05	-4.067598e-02	8.992353e+00
1.197000e-05	-3.459407e-02	9.222031e+00
1.198000e-05	8.389225e-03	9.444586e+00
1.199000e-05	-2.424740e-02	9.717637e+00
1.200000e-05	-9.916744e-03	9.897168e+00
1.201000e-05	-4.115573e-02	1.013027e+01
1.202000e-05	4.085540e-03	1.032779e+01
1.203000e-05	-3.037241e-02	1.056679e+01
1.204000e-05	-2.692917e-02	1.076127e+01
1.205000e-05	-3.503562e-02	1.096184e+01
1.206000e-05	-2.828327e-02	1.116982e+01
1.207000e-05	-9.964566e-03	1.135927e+01
1.208000e-05	-3.753110e-02	1.157129e+01
1.209000e-05	-3.186901e-02	1.181039e+01
1.210000e-05	-4.272131e-02	1.194979e+01
1.211000e-05	-1.594680e-02	1.214939e+01
1.212000e-05	-3.157631e-02	1.231964e+01
1.213000e-05	-3.857163e-02	1.245458e+01
1.214000e-05	-4.755341e-02	1.265448e+01
1.215000e-05	-3.690742e-02	1.276085e+01
1.216000e-05	-3.210793e-02	1.291882e+01
1.217000e-05	-4.574283e-02	1.309821e+01
1.218000e-05	-4.908804e-02	1.324400e+01
1.219000e-05	-4.542764e-02	1.340242e+01
1.220000e-05	-3.472018e-02	1.350871e+01
1.221000e-05	-4.882963e-02	1.366371e+01
1.222000e-05	-5.871318e-02	1.379182e+01
1.223000e-05	-6.059442e-02	1.396118e+01
1.224000e-05	-5.088512e-02	1.406506e+01
1.225000e-05	-5.084012e-02	1.416229e+01
1.226000e-05	-6.322327e-02	1.433711e+01
1.227000e-05	-6.817516e-02	1.441302e+01
1.228000e-05	-6.328356e-02	1.450663e+01
1.229000e-05	-6.110643e-02	1.457332e+01
1.230000e-05	-6.857089e-02	1.468608e+01
1.231000e-05	-7.805002e-02	1.480827e+01
1.232000e-05	-7.603312e-02	1.483245e+01
1.233000e-05	-7.271259e-02	1.488519e+01
1.234000e-05	-7.801994e-02	1.495876e+01
1.235000e-05	-9.170721e-02	1.499180e+01
1.236000e-05	-9.629666e-02	1.506306e+01
1.237000e-05	-9.042139e-02	1.512463e+01
1.238000e-05	-8.969303e-02	1.515826e+01
1.239000e-05	-9.864186e-02	1.519884e+01
1.240000e-05	-1.082530e-01	1.524087e+01
1.241000e-05	-1.077462e-01	1.523047e+01
1.242000e-05	-1.093515e-01	1.527650e+01
1.243000e-05	-1.184529e-01	1.528406e+01
1.244000e-05	-1.304035e-01	1.529613e+01
1.245000e-05	-1.325265e-01	1.529561e+01
1.246000e-05	-1.327960e-01	1.529565e+01
1.247000e-05	-1.385225e-01	1.530208e+01
1.248000e-05	-1.563052e-01	1.526458e+01
1.249000e-05	-1.687260e-01	1.529245e+01
1.250000e-05	-1.768249e-01	1.523090e+01
1.251000e-05	-1.880012e-01	1.524834e+01
1.252000e-05	-2.134897e-01	1.517877e+01
1.253000e-05	-2.422386e-01	1.513569e+01
1.254000e-05	-2.499988e-01	1.507506e+01
1.255000e-05	-2.500000e-01	1.503347e+01
1.256000e-05	-2.500000e-01	1.499927e+01
1.257000e-05	-2.500000e-01	1.492514e+01
1.258000e-05	-2.500000e-01	1.483095e+01
1.259000e-05	-2.500000e-01	1.479924e+01
1.260000e-05	-2.499700e-01	1.467516e+01
1.261000e-05	-2.484249e-01	1.459037e+01
1.262000e-05	-2.330389e-01	1.450766e+01
1.263000e-05	-1.982062e-01	1.446145e+01
1.264000e-05	-1.728101e-01	1.429514e+01
1.265000e-05	-1.535008e-01	1.423944e+01
1.266000e-05	-1.440863e-01	1.408603e+01
1.267000e-05	-1.274951e-01	1.396874e+01
1.268000e-05	-1.137147e-01	1.386255e+01
1.269000e-05	-1.027301e-01	1.371424e+01
1.270000e-05	-1.001513e-01	1.358632e+01
1.271000e-05	-9.431435e-02	1.344255e+01
1.272000e-05	-8.386232e-02	1.335526e+01
1.273000e-05	-7.594561e-02	1.315736e+01
1.274000e-05	-7.470043e-02	1.303997e+01
1.275000e-05	-7.356210e-02	1.287208e+01
1.276000e-05	-6.807366e-02	1.270370e+01
1.277000e-05	-6.033152e-02	1.253731e+01
1.278000e-05	-5.800930e-02	1.236032e+01
1.279000e-05	-5.999096e-02	1.220997e+01
1.280000e-05	-5.552306e-02	1.206157e+01
1.281000e-05	-5.020449e-02	1.186103e+01
1.282000e-05	-4.682343e-02	1.166208e+01
1.283000e-05	-5.001625e-02	1.147207e+01
1.284000e-05	-4.826395e-02	1.124015e+01
1.285000e-05	-4.507006e-02	1.106202e+01
1.286000e-05	-3.976693e-02	1.086205e+01
1.287000e-05	-4.115908e-02	1.064108e+01
1.288000e-05	-4.100435e-02	1.046147e+01
1.289000e-05	-3.840223e-02	1.021207e+01
1.290000e-05	-3.502124e-02	1.001792e+01
1.291000e-05	-3.446894e-02	9.777918e+00
1.292000e-05	-3.662862e-02	9.535790e+00
1.293000e-05	-3.632097e-02	9.375387e+00
1.294000e-05	-3.190480e-02	9.155638e+00
1.295000e-05	-3.056572e-02	8.902728e+00
1.296000e-05	-3.183458e-02	8.612003e+00
1.297000e-05	-3.090943e-02	8.449994e+00
1.298000e-05	-2.832350e-02	8.228972e+00
1.299000e-05	-2.556389e-02	7.947288e+00
1.300000e-05	-2.674766e-02	7.703209e+00
1.301000e-05	-2.819424e-02	7.417446e+00
1.302000e-05	-2.730034e-02	7.155915e+00
1.303000e-05	-2.480876e-02	6.913735e+00
1.304000e-05	-2.346985e-02	6.640025e+00
1.305000e-05	-2.581036e-02	6.318394e+00
1.306000e-05	-2.504337e-02	6.145362e+00
1.307000e-05	-2.261971e-02	5.862708e+00
1.308000e-05	-2.025966e-02	5.588446e+00
1.309000e-05	-2.207902e-02	5.335840e+00
1.310000e-05	-2.201317e-02	5.080567e+00
1.311000e-05	-2.121938e-02	4.722942e+00
1.312000e-05	-1.891150e-02	4.472125e+00
1.313000e-05	-1.894326e-02	4.206513e+00
1.314000e-05	-1.992947e-02	3.960759e+00
1.315000e-05	-2.026573e-02	3.629103e+00
1.316000e-05	-1.728263e-02	3.366414e+00
1.317000e-05	-1.513984e-02	3.101231e+00
1.318000e-05	-1.705062e-02	2.829522e+00
1.319000e-05	-1.712718e-02	2.543782e+00
1.320000e-05	-1.727742e-02	2.231574e+00
1.321000e-05	-1.467756e-02	1.966870e+00
1.322000e-05	-1.383078e-02	1.683206e+00
1.323000e-05	-1.470103e-02	1.417916e+00
1.324000e-05	-1.387089e-02	1.111304e+00
1.325000e-05	-1.214146e-02	7.849359e-01
1.326000e-05	-1.079422e-02	5.133080e-01
1.327000e-05	-1.192795e-02	2.195951e-01
1.328000e-05	-9.369815e-03	-6.471185e-02
1.329000e-05	1.395174e-03	-3.183461e-01
1.330000e-05	2.245152e-03	-5.819078e-01
1.331000e-05	8.870658e-04	-8.852857e-01
1.332000e-05	5.521411e-04	-1.128295e+00
1.333000e-05	-1.438035e-03	-1.454913e+00
1.334000e-05	5.175722e-05	-1.696691e+00
1.335000e-05	1.641446e-02	-1.897767e+00
1.336000e-05	8.099850e-02	-2.140769e+00
1.337000e-05	1.055913e-01	-2.489246e+00
1.338000e-05	-6.295596e-02	-2.889196e+00
1.339000e-05	4.060374e-03	-3.255114e+00
1.340000e-05	-5.145537e-02	-3.476188e+00
1.341000e-05	-4.344329e-02	-3.668193e+00
1.342000e-05	-8.459504e-02	-3.938294e+00
1.343000e-05	1.773501e-01	-4.076640e+00
1.344000e-05	-1.218204e-01	-4.360404e+00
1.345000e-05	8.402814e-02	-4.656659e+00
1.346000e-05	8.173291e-02	-4.857241e+00
1.347000e-05	-1.416731e-01	-5.246589e+00
1.348000e-05	1.682170e-01	-5.526193e+00
1.349000e-05	-1.777185e-01	-5.824004e+00
1.350000e-05	1.200697e-01	-6.083089e+00
1.351000e-05	2.702969e-02	-6.299643e+00
1.352000e-05	-3.511717e-02	-6.644531e+00
1.353000e-05	1.240106e-01	-6.876138e+00
1.354000e-05	-1.237495e-01	-7.152871e+00
1.355000e-05	1.212931e-01	-7.413480e+00
1.356000e-05	-6.980559e-02	-7.647516e+00
1.357000e-05	5.674390e-02	-7.970398e+00
1.358000e-05	5.432048e-02	-8.161926e+00
1.359000e-05	-4.970473e-02	-8.435036e+00
1.360000e-05	1.328354e-01	-8.688088e+00
1.361000e-05	-1.037300e-01	-8.929671e+00
1.362000e-05	9.422594e-02	-9.139771e+00
1.363000e-05	-4.316085e-02	-9.318873e+00
1.364000e-05	7.284968e-02	-9.602428e+00
1.365000e-05	2.876158e-02	-9.873503e+00
1.366000e-05	4.117309e-03	-1.001301e+01
1.367000e-05	6.467537e-02	-1.026700e+01
1.368000e-05	-3.391206e-02	-1.051569e+01
1.369000e-05	9.256396e-02	-1.068661e+01
1.370000e-05	-3.823347e-02	-1.088716e+01
1.371000e-05	8.348923e-02	-1.107651e+01
1.372000e-05	-1.337387e-02	-1.126761e+01
1.373000e-05	6.960067e-02	-1.148664e+01
1.374000e-05	9.959337e-03	-1.168616e+01
1.375000e-05	3.657685e-02	-1.188769e+01
1.376000e-05	3.442284e-02	-1.208673e+01
1.377000e-05	3.329191e-02	-1.225711e+01
1.378000e-05	5.850576e-02	-1.240398e+01
1.379000e-05	1.237111e-02	-1.260548e+01
1.380000e-05	5.511649e-02	-1.278172e+01
1.381000e-05	1.703451e-02	-1.294974e+01
1.382000e-05	6.696777e-02	-1.308804e+01
1.383000e-05	2.389190e-02	-1.324446e+01
1.384000e-05	6.184923e-02	-1.338034e+01
1.385000e-05	3.437061e-02	-1.348864e+01
1.386000e-05	6.196890e-02	-1.363543e+01
1.387000e-05	4.163766e-02	-1.381992e+01
1.388000e-05	4.934973e-02	-1.394661e+01
1.389000e-05	4.721574e-02	-1.406295e+01
1.390000e-05	5.749533e-02	-1.417134e+01
1.391000e-05	6.234461e-02	-1.427714e+01
1.392000e-05	5.515317e-02	-1.436232e+01
1.393000e-05	6.178545e-02	-1.446404e+01
1.394000e-05	6.082284e-02	-1.462227e+01
1.395000e-05	7.511718e-02	-1.467658e+01
1.396000e-05	6.411288e-02	-1.475769e+01
1.397000e-05	7.312103e-02	-1.486188e+01
1.398000e-05	6.731502e-02	-1.488611e+01
1.399000e-05	8.124079e-02	-1.498029e+01
1.400000e-05	7.386412e-02	-1.505248e+01
1.401000e-05	8.106965e-02	-1.506756e+01
1.402000e-05	8.021097e-02	-1.513774e+01
1.403000e-05	9.314488e-02	-1.516075e+01
1.404000e-05	9.638923e-02	-1.521035e+01
1.405000e-05	9.588921e-02	-1.525335e+01
1.406000e-05	9.842406e-02	-1.526498e+01
1.407000e-05	1.008000e-01	-1.532714e+01
1.408000e-05	1.124811e-01	-1.532716e+01
1.409000e-05	1.117671e-01	-1.533816e+01
1.410000e-05	1.202971e-01	-1.532616e+01
1.411000e-05	1.228761e-01	-1.535674e+01
1.412000e-05	1.365324e-01	-1.536656e+01
1.413000e-05	1.402726e-01	-1.530714e+01
1.414000e-05	1.481210e-01	-1.532659e+01
1.415000e-05	1.555971e-01	-1.528546e+01
1.416000e-05	1.722424e-01	-1.526256e+01
1.417000e-05	1.920204e-01	-1.522085e+01
1.418000e-05	2.125382e-01	-1.520935e+01
1.419000e-05	2.375775e-01	-1.513919e+01
1.420000e-05	2.498972e-01	-1.510558e+01
1.421000e-05	2.500000e-01	-1.506455e+01
1.422000e-05	2.500000e-01	-1.496192e+01
1.423000e-05	2.500000e-01	-1.492669e+01
1.424000e-05	2.500000e-01	-1.487403e+01
1.425000e-05	2.500000e-01	-1.477883e+01
1.426000e-05	2.499950e-01	-1.473616e+01
1.427000e-05	2.427999e-01	-1.464140e+01
1.428000e-05	2.097164e-01	-1.454628e+01
1.429000e-05	1.840830e-01	-1.443295e+01
1.430000e-05	1.634460e-01	-1.432514e+01
1.431000e-05	1.444025e-01	-1.423245e+01
1.432000e-05	1.259756e-01	-1.410618e+01
1.433000e-05	1.131521e-01	-1.396837e+01
1.434000e-05	1.034358e-01	-1.386158e+01
1.435000e-05	9.465151e-02	-1.376519e+01
1.436000e-05	8.373759e-02	-1.356724e+01
1.437000e-05	7.736218e-02	-1.345255e+01
1.438000e-05	7.280203e-02	-1.331366e+01
1.439000e-05	6.908319e-02	-1.320934e+01
1.440000e-05	6.097430e-02	-1.302995e+01
1.441000e-05	5.620872e-02	-1.289113e+01
1.442000e-05	5.262460e-02	-1.272461e+01
1.443000e-05	5.204560e-02	-1.254827e+01
1.444000e-05	4.738812e-02	-1.240095e+01
1.445000e-05	4.187081e-02	-1.223142e+01
1.446000e-05	3.997946e-02	-1.202248e+01
1.447000e-05	3.882605e-02	-1.187103e+01
1.448000e-05	3.610491e-02	-1.166192e+01
1.449000e-05	3.355725e-02	-1.138100e+01
1.450000e-05	3.122466e-02	-1.118982e+01
1.451000e-05	3.209210e-02	-1.100937e+01
1.452000e-05	2.993496e-02	-1.079947e+01
1.453000e-05	2.715967e-02	-1.059987e+01
1.454000e-05	2.364193e-02	-1.041142e+01
1.455000e-05	2.328128e-02	-1.020882e+01
1.456000e-05	2.252510e-02	-9.967818e+00
1.457000e-05	1.967796e-02	-9.756316e+00
1.458000e-05	1.834079e-02	-9.527764e+00
1.459000e-05	1.609632e-02	-9.334163e+00
1.460000e-05	1.908689e-02	-9.093632e+00
1.461000e-05	1.742163e-02	-8.891608e+00
1.462000e-05	1.555468e-02	-8.631073e+00
1.463000e-05	1.314367e-02	-8.388898e+00
1.464000e-05	1.393789e-02	-8.166766e+00
1.465000e-05	1.100321e-02	-7.923736e+00
1.466000e-05	1.059207e-02	-7.621074e+00
1.467000e-05	6.493954e-03	-7.376343e+00
1.468000e-05	8.324085e-03	-7.125759e+00
1.469000e-05	8.399692e-03	-6.850023e+00
1.470000e-05	9.242923e-03	-6.580420e+00
1.471000e-05	6.404117e-03	-6.376818e+00
1.472000e-05	6.381208e-03	-6.104553e+00
1.473000e-05	3.712078e-03	-5.841473e+00
1.474000e-05	3.959427e-03	-5.536292e+00
1.475000e-05	9.783047e-04	-5.300978e+00
1.476000e-05	4.117322e-04	-4.988868e+00
1.477000e-05	8.816809e-04	-4.671575e+00
1.478000e-05	2.836920e-03	-4.418974e+00
1.479000e-05	3.179562e-03	-4.196913e+00
1.480000e-05	1.700541e-03	-3.901105e+00
1.481000e-05	-9.457232e-04	-3.599947e+00
1.482000e-05	-1.694963e-03	-3.363837e+00
1.483000e-05	-4.467455e-03	-3.069580e+00
1.484000e-05	-4.009448e-03	-2.756417e+00
1.485000e-05	-5.017466e-03	-2.502235e+00
1.486000e-05	-2.167006e-03	-2.217947e+00
1.487000e-05	-3.154687e-03	-1.904389e+00
1.488000e-05	-2.779681e-03	-1.670655e+00
1.489000e-05	-5.302251e-03	-1.336842e+00
1.490000e-05	-6.803137e-03	-1.039976e+00
1.491000e-05	-7.125906e-03	-7.959670e-01
1.492000e-05	-7.287943e-03	-4.305299e-01
1.493000e-05	-6.782340e-03	-2.275197e-01
1.494000e-05	-2.784123e-03	8.771054e-02
1.495000e-05	9.455961e-03	3.919212e-01
1.496000e-05	-1.084020e-03	6.125503e-01
1.497000e-05	5.398605e-03	8.641616e-01
1.498000e-05	-3.392085e-03	1.201924e+00
1.499000e-05	1.790564e-03	1.435137e+00
1.500000e-05	-2.954144e-03	1.780399e+00
1.501000e-05	1.440054e-02	1.990950e+00
1.502000e-05	4.780441e-02	2.203530e+00
1.503000e-05	1.103711e-01	2.489791e+00
1.504000e-05	-3.607942e-02	2.875132e+00
1.505000e-05	-3.346511e-02	3.159442e+00
1.506000e-05	-4.074134e-02	3.425031e+00
1.507000e-05	-2.616644e-02	3.686711e+00
1.508000e-05	-8.369059e-02	3.898317e+00
1.509000e-05	-2.528258e-02	4.150163e+00
1.510000e-05	1.062569e-01	4.444584e+00
1.511000e-05	-1.016606e-01	4.666684e+00
1.512000e-05	9.684201e-02	4.929771e+00
1.513000e-05	2.010085e-02	5.307189e+00
1.514000e-05	-9.543329e-02	5.540817e+00
1.515000e-05	6.037764e-02	5.834604e+00
1.516000e-05	-7.120011e-02	6.097163e+00
1.517000e-05	6.307239e-02	6.349721e+00
1.518000e-05	-3.390439e-02	6.665030e+00
1.519000e-05	-2.330576e-02	6.886262e+00
1.520000e-05	1.895371e-02	7.180372e+00
1.521000e-05	-4.863427e-02	7.443876e+00
1.522000e-05	2.262751e-02	7.678637e+00
1.523000e-05	-7.205015e-02	7.980320e+00
1.524000e-05	4.113520e-02	8.256054e+00
1.525000e-05	-1.402466e-02	8.444584e+00
1.526000e-05	-1.746918e-02	8.656035e+00
1.527000e-05	5.720196e-04	8.887134e+00
1.528000e-05	-7.109835e-02	9.109245e+00
1.529000e-05	1.958127e-02	9.349897e+00
1.530000e-05	-3.497093e-02	9.571904e+00
1.531000e-05	6.960320e-03	9.833404e+00
1.532000e-05	-4.749084e-02	1.003458e+01
1.533000e-05	-2.441056e-03	1.027560e+01
1.534000e-05	-1.575434e-02	1.044503e+01
1.535000e-05	-3.175029e-02	1.068463e+01
1.536000e-05	-2.524735e-02	1.084506e+01
1.537000e-05	-4.468145e-02	1.105603e+01
1.538000e-05	-3.597340e-03	1.130459e+01
1.539000e-05	-3.720655e-02	1.147606e+01
1.540000e-05	-2.248601e-02	1.166814e+01
1.541000e-05	-4.976992e-02	1.186558e+01
1.542000e-05	-1.874996e-02	1.205408e+01
1.543000e-05	-2.914798e-02	1.222345e+01
1.544000e-05	-3.145511e-02	1.244440e+01
1.545000e-05	-4.621109e-02	1.259242e+01
1.546000e-05	-4.412659e-02	1.272864e+01
1.547000e-05	-3.037883e-02	1.290409e+01
1.548000e-05	-4.307626e-02	1.306598e+01
1.549000e-05	-4.337727e-02	1.319285e+01
1.550000e-05	-5.226438e-02	1.331727e+01
1.551000e-05	-3.338474e-02	1.345610e+01
1.552000e-05	-4.648025e-02	1.364237e+01
1.553000e-05	-5.092329e-02	1.374729e+01
1.554000e-05	-6.455917e-02	1.382758e+01
1.555000e-05	-5.347749e-02	1.401135e+01
1.556000e-05	-5.129775e-02	1.414826e+01
1.557000e-05	-5.737609e-02	1.424652e+01
1.558000e-05	-6.552324e-02	1.437177e+01
1.559000e-05	-6.714338e-02	1.449606e+01
1.560000e-05	-5.881876e-02	1.455019e+01
1.561000e-05	-6.707873e-02	1.459603e+01
1.562000e-05	-7.215318e-02	1.477874e+01
1.563000e-05	-7.934563e-02	1.481092e+01
1.564000e-05	-7.314943e-02	1.490404e+01
1.565000e-05	-7.704103e-02	1.492774e+01
1.566000e-05	-8.500364e-02	1.499134e+01
1.567000e-05	-9.511218e-02	1.501497e+01
1.568000e-05	-9.201457e-02	1.512523e+01
1.569000e-05	-8.894838e-02	1.511823e+01
1.570000e-05	-9.538379e-02	1.518832e+01
1.571000e-05	-1.044684e-01	1.522242e+01
1.572000e-05	-1.094289e-01	1.527200e+01
1.573000e-05	-1.083656e-01	1.525310e+01
1.574000e-05	-1.139497e-01	1.527300e+01
1.575000e-05	-1.245992e-01	1.527668e+01
1.576000e-05	-1.316752e-01	1.530418e+01
1.577000e-05	-1.332154e-01	1.527458e+01
1.578000e-05	-1.357741e-01	1.527508e+01
1.579000e-05	-1.499096e-01	1.529455e+01
1.580000e-05	-1.621830e-01	1.525413e+01
1.581000e-05	-1.726875e-01	1.527040e+01
1.582000e-05	-1.830193e-01	1.523990e+01
1.583000e-05	-2.019586e-01	1.520987e+01
1.584000e-05	-2.303313e-01	1.515726e+01
1.585000e-05	-2.486848e-01	1.513514e+01
1.586000e-05	-2.500000e-01	1.504143e+01
1.587000e-05	-2.500000e-01	1.498992e+01
1.588000e-05	-2.500000e-01	1.490524e+01
1.589000e-05	-2.500000e-01	1.488298e+01
1.590000e-05	-2.500000e-01	1.480985e+01
1.591000e-05	-2.500000e-01	1.471566e+01
1.592000e-05	-2.500000e-01	1.466252e+01
1.593000e-05	-2.421606e-01	1.455929e+01
1.594000e-05	-2.117159e-01	1.449400e+01
1.595000e-05	-1.833001e-01	1.436931e+01
1.596000e-05	-1.615692e-01	1.423350e+01
1.597000e-05	-1.481964e-01	1.415769e+01
1.598000e-05	-1.335798e-01	1.400140e+01
1.599000e-05	-1.209270e-01	1.391513e+01
1.600000e-05	-1.063917e-01	1.375789e+01
1.601000e-05	-1.019761e-01	1.366100e+01
1.602000e-05	-9.610091e-02	1.348318e+01
1.603000e-05	-8.898361e-02	1.337829e+01
1.604000e-05	-7.868466e-02	1.322045e+01
1.605000e-05	-7.511090e-02	1.306315e+01
1.606000e-05	-7.251844e-02	1.291571e+01
1.607000e-05	-7.109053e-02	1.275729e+01
1.608000e-05	-6.295389e-02	1.261044e+01
1.609000e-05	-6.016298e-02	1.247260e+01
1.610000e-05	-5.761430e-02	1.228258e+01
1.611000e-05	-5.809018e-02	1.211521e+01
1.612000e-05	-5.222604e-02	1.193474e+01
1.613000e-05	-4.898270e-02	1.173719e+01
1.614000e-05	-4.682585e-02	1.151671e+01
1.615000e-05	-4.883213e-02	1.133566e+01
1.616000e-05	-4.631423e-02	1.113418e+01
1.617000e-05	-4.137875e-02	1.092579e+01
1.618000e-05	-3.990198e-02	1.076719e+01
1.619000e-05	-4.062730e-02	1.053476e+01
1.620000e-05	-4.143124e-02	1.034369e+01
1.621000e-05	-3.739501e-02	1.010513e+01
1.622000e-05	-3.502747e-02	9.892080e+00
1.623000e-05	-3.547581e-02	9.670574e+00
1.624000e-05	-3.586040e-02	9.441496e+00
1.625000e-05	-3.346842e-02	9.220891e+00
1.626000e-05	-2.967242e-02	8.988340e+00
1.627000e-05	-3.048791e-02	8.768813e+00
1.628000e-05	-3.196145e-02	8.545786e+00
1.629000e-05	-3.112074e-02	8.323584e+00
1.630000e-05	-2.906056e-02	8.049947e+00
1.631000e-05	-2.748496e-02	7.758070e+00
1.632000e-05	-2.728870e-02	7.494711e+00
1.633000e-05	-2.708627e-02	7.281599e+00
1.634000e-05	-2.399659e-02	7.008969e+00
1.635000e-05	-2.229127e-02	6.757791e+00
1.636000e-05	-2.271259e-02	6.513103e+00
1.637000e-05	-2.548080e-02	6.228975e+00
1.638000e-05	-2.608002e-02	6.009946e+00
1.639000e-05	-2.360428e-02	5.715754e+00
1.640000e-05	-2.383242e-02	5.471580e+00
1.641000e-05	-2.014758e-02	5.194882e+00
1.642000e-05	-2.100998e-02	4.871550e+00
1.643000e-05	-1.664161e-02	4.555338e+00
1.644000e-05	-1.832950e-02	4.322237e+00
1.645000e-05	-1.806341e-02	3.998996e+00
1.646000e-05	-2.215397e-02	3.734388e+00
1.647000e-05	-1.983531e-02	3.512231e+00
1.648000e-05	-1.810753e-02	3.169395e+00
1.649000e-05	-1.691230e-02	2.923736e+00
1.650000e-05	-1.649470e-02	2.639105e+00
1.651000e-05	-1.550855e-02	2.324386e+00
1.652000e-05	-1.310308e-02	2.113257e+00
1.653000e-05	-1.264953e-02	1.809576e+00
1.654000e-05	-1.461557e-02	1.513234e+00
1.655000e-05	-1.498962e-02	1.247620e+00
1.656000e-05	-1.386266e-02	8.927755e-01
1.657000e-05	-1.115266e-02	5.985211e-01
1.658000e-05	-1.232628e-02	3.464645e-01
1.659000e-05	-1.020431e-02	4.060349e-02
1.660000e-05	-4.904851e-03	-2.321092e-01
1.661000e-05	8.182195e-03	-4.471393e-01
1.662000e-05	-4.028114e-03	-7.709025e-01
1.663000e-05	3.648422e-03	-1.013034e+00
1.664000e-05	-3.910882e-03	-1.268665e+00
1.665000e-05	3.246742e-03	-1.602975e+00
1.666000e-05	4.757812e-03	-1.833928e+00
1.667000e-05	4.713652e-02	-2.025538e+00
1.668000e-05	1.308860e-01	-2.370870e+00
1.669000e-05	-1.858572e-02	-2.709798e+00
1.670000e-05	-2.346219e-02	-3.170875e+00
1.671000e-05	-2.877321e-02	-3.401500e+00
1.672000e-05	-3.640360e-02	-3.611900e+00
1.673000e-05	-9.763300e-02	-3.875563e+00
1.674000e-05	9.013382e-02	-4.021979e+00
1.675000e-05	4.654696e-02	-4.245063e+00
1.676000e-05	-1.070178e-01	-4.580347e+00
1.677000e-05	2.111016e-01	-4.804021e+00
1.678000e-05	-1.637342e-01	-5.099322e+00
1.679000e-05	1.064836e-01	-5.463038e+00
1.680000e-05	-4.006582e-02	-5.685141e+00
1.681000e-05	-6.332374e-02	-6.000401e+00
1.682000e-05	1.668564e-01	-6.160854e+00
1.683000e-05	-1.175012e-01	-6.519744e+00
1.684000e-05	1.435169e-01	-6.789324e+00
1.685000e-05	-7.002212e-02	-7.035481e+00
1.686000e-05	1.895254e-02	-7.338221e+00
1.687000e-05	5.183995e-02	-7.530795e+00
1.688000e-05	-6.863942e-02	-7.855562e+00
1.689000e-05	1.454472e-01	-8.116118e+00
1.690000e-05	-9.038241e-02	-8.328270e+00
1.691000e-05	1.176437e-01	-8.583379e+00
1.692000e-05	-2.918239e-02	-8.834483e+00
1.693000e-05	-1.950101e-03	-9.067108e+00
1.694000e-05	5.097005e-02	-9.274636e+00
1.695000e-05	-3.087435e-02	-9.480620e+00
1.696000e-05	1.159118e-01	-9.757341e+00
1.697000e-05	-5.426455e-02	-9.949748e+00
1.698000e-05	1.019798e-01	-1.018087e+01
1.699000e-05	-4.544159e-02	-1.035295e+01
1.700000e-05	7.596085e-02	-1.063298e+01
1.701000e-05	-1.974190e-03	-1.082137e+01
1.702000e-05	3.426538e-02	-1.097248e+01
1.703000e-05	3.843751e-02	-1.123340e+01
1.704000e-05	1.273287e-02	-1.141398e+01
1.705000e-05	6.438564e-02	-1.162195e+01
1.706000e-05	-7.548012e-03	-1.180443e+01
1.707000e-05	6.531623e-02	-1.196398e+01
1.708000e-05	3.098964e-03	-1.220148e+01
1.709000e-05	7.663897e-02	-1.235029e+01
1.710000e-05	9.812535e-03	-1.255825e+01
1.711000e-05	5.508225e-02	-1.268869e+01
1.712000e-05	1.977369e-02	-1.285606e+01
1.713000e-05	5.416137e-02	-1.303098e+01
1.714000e-05	3.868948e-02	-1.316979e+01
1.715000e-05	4.408231e-02	-1.330727e+01
1.716000e-05	4.865606e-02	-1.345356e+01
1.717000e-05	4.295114e-02	-1.358235e+01
1.718000e-05	5.956122e-02	-1.368822e+01
1.719000e-05	3.800588e-02	-1.386359e+01
1.720000e-05	5.792304e-02	-1.397082e+01
1.721000e-05	4.602467e-02	-1.415766e+01
1.722000e-05	6.816459e-02	-1.422640e+01
1.723000e-05	5.108548e-02	-1.434969e+01
1.724000e-05	6.199135e-02	-1.446443e+01
1.725000e-05	5.453783e-02	-1.455824e+01
1.726000e-05	7.180943e-02	-1.460603e+01
1.727000e-05	6.782388e-02	-1.471764e+01
1.728000e-05	7.211429e-02	-1.480935e+01
1.729000e-05	7.048315e-02	-1.485513e+01
1.730000e-05	7.623857e-02	-1.495679e+01
1.731000e-05	7.825818e-02	-1.500935e+01
1.732000e-05	7.615180e-02	-1.505358e+01
1.733000e-05	8.105729e-02	-1.510709e+01
1.734000e-05	8.510536e-02	-1.513072e+01
1.735000e-05	9.785168e-02	-1.519228e+01
1.736000e-05	9.472579e-02	-1.521293e+01
1.737000e-05	9.912080e-02	-1.527491e+01
1.738000e-05	9.770201e-02	-1.533503e+01
1.739000e-05	1.096010e-01	-1.531712e+01
1.740000e-05	1.119272e-01	-1.538519e+01
1.741000e-05	1.175901e-01	-1.536782e+01
1.742000e-05	1.197897e-01	-1.533774e+01
1.743000e-05	1.303247e-01	-1.535721e+01
1.744000e-05	1.386846e-01	-1.534761e+01
1.745000e-05	1.441630e-01	-1.531617e+01
1.746000e-05	1.517323e-01	-1.530656e+01
1.747000e-05	1.651018e-01	-1.529401e+01
1.748000e-05	1.846165e-01	-1.524188e+01
1.749000e-05	2.042015e-01	-1.519235e+01
1.750000e-05	2.265812e-01	-1.516967e+01
1.751000e-05	2.470054e-01	-1.511566e+01
1.752000e-05	2.500000e-01	-1.508555e+01
1.753000e-05	2.500000e-01	-1.503285e+01
1.754000e-05	2.500000e-01	-1.493714e+01
1.755000e-05	2.500000e-01	-1.489461e+01
1.756000e-05	2.500000e-01	-1.483992e+01
1.757000e-05	2.500000e-01	-1.475624e+01
1.758000e-05	2.479938e-01	-1.465465e+01
1.759000e-05	2.237060e-01	-1.456872e+01
1.760000e-05	1.930680e-01	-1.446361e+01
1.761000e-05	1.719923e-01	-1.437867e+01
1.762000e-05	1.514180e-01	-1.426455e+01
1.763000e-05	1.331672e-01	-1.414826e+01
1.764000e-05	1.181285e-01	-1.409143e+01
1.765000e-05	1.083469e-01	-1.392458e+01
1.766000e-05	9.848484e-02	-1.379886e+01
1.767000e-05	8.849765e-02	-1.364158e+01
1.768000e-05	7.983929e-02	-1.351608e+01
1.769000e-05	7.462464e-02	-1.335834e+01
1.770000e-05	6.950347e-02	-1.323097e+01
1.771000e-05	6.414016e-02	-1.305456e+01
1.772000e-05	5.730430e-02	-1.293579e+01
1.773000e-05	5.448728e-02	-1.275827e+01
1.774000e-05	5.239504e-02	-1.262048e+01
1.775000e-05	5.064913e-02	-1.251261e+01
1.776000e-05	4.448111e-02	-1.229358e+01
1.777000e-05	4.117052e-02	-1.210616e+01
1.778000e-05	3.875788e-02	-1.194564e+01
1.779000e-05	3.739358e-02	-1.173569e+01
1.780000e-05	3.441604e-02	-1.152508e+01
1.781000e-05	3.149761e-02	-1.130361e+01
1.782000e-05	3.030119e-02	-1.113113e+01
1.783000e-05	2.989464e-02	-1.090358e+01
1.784000e-05	2.728993e-02	-1.072471e+01
1.785000e-05	2.612567e-02	-1.046466e+01
1.786000e-05	2.292941e-02	-1.029313e+01
1.787000e-05	2.323504e-02	-1.007265e+01
1.788000e-05	2.140882e-02	-9.851524e+00
1.789000e-05	2.087361e-02	-9.631926e+00
1.790000e-05	1.769408e-02	-9.439472e+00
1.791000e-05	1.882286e-02	-9.197769e+00
1.792000e-05	1.709407e-02	-8.946346e+00
1.793000e-05	1.604010e-02	-8.757158e+00
1.794000e-05	1.293852e-02	-8.492126e+00
1.795000e-05	1.316044e-02	-8.270551e+00
1.796000e-05	1.222718e-02	-8.031502e+00
1.797000e-05	1.121268e-02	-7.806284e+00
1.798000e-05	1.067807e-02	-7.501156e+00
1.799000e-05	8.972604e-03	-7.230476e+00
1.800000e-05	9.518506e-03	-6.996818e+00
1.801000e-05	7.787429e-03	-6.693687e+00
1.802000e-05	6.615236e-03	-6.471632e+00
1.803000e-05	5.387276e-03	-6.199493e+00
1.804000e-05	5.355893e-03	-5.873738e+00
1.805000e-05	4.213034e-03	-5.690605e+00
1.806000e-05	4.692881e-03	-5.397470e+00
1.807000e-05	1.995296e-03	-5.081607e+00
1.808000e-05	1.717777e-03	-4.786739e+00
1.809000e-05	2.336056e-03	-4.542711e+00
1.810000e-05	1.989912e-03	-4.251606e+00
1.811000e-05	6.307303e-04	-3.988970e+00
1.812000e-05	-1.396876e-03	-3.733755e+00
1.813000e-05	-1.658937e-03	-3.460606e+00
1.814000e-05	-3.404481e-03	-3.208416e+00
1.815000e-05	-2.250593e-03	-2.882156e+00
1.816000e-05	-3.793365e-03	-2.626944e+00
1.817000e-05	-3.289361e-03	-2.306243e+00
1.818000e-05	-2.519134e-03	-2.079550e+00
1.819000e-05	-4.925535e-03	-1.816317e+00
1.820000e-05	-4.492815e-03	-1.521153e+00
1.821000e-05	-7.031101e-03	-1.116818e+00
1.822000e-05	-5.670396e-03	-8.821565e-01
1.823000e-05	-5.921259e-03	-5.969134e-01
1.824000e-05	-5.355263e-03	-3.132565e-01
1.825000e-05	-4.521113e-03	-6.018020e-02
1.826000e-05	3.828979e-03	2.352819e-01
1.827000e-05	1.221742e-03	5.162896e-01
1.828000e-05	1.600881e-03	7.198960e-01
1.829000e-05	1.570709e-03	1.014060e+00
1.830000e-05	7.984082e-04	1.317795e+00
1.831000e-05	1.570725e-03	1.634579e+00
1.832000e-05	4.952607e-03	1.845714e+00
1.833000e-05	2.859158e-02	2.076692e+00
1.834000e-05	9.709296e-02	2.372446e+00
1.835000e-05	3.388070e-02	2.761294e+00
1.836000e-05	-5.952603e-02	3.043581e+00
1.837000e-05	-2.660479e-02	3.307696e+00
1.838000e-05	-3.591888e-02	3.593102e+00
1.839000e-05	-4.820390e-02	3.802555e+00
1.840000e-05	-7.593191e-02	4.004004e+00
1.841000e-05	7.616148e-02	4.289241e+00
1.842000e-05	1.533728e-04	4.582051e+00
1.843000e-05	-4.976505e-02	4.804078e+00
1.844000e-05	1.513551e-01	5.092370e+00
1.845000e-05	-1.417159e-01	5.444585e+00
1.846000e-05	4.973100e-02	5.725741e+00
1.847000e-05	-3.678468e-02	6.012001e+00
1.848000e-05	3.345342e-03	6.196055e+00
1.849000e-05	3.610347e-02	6.478219e+00
1.850000e-05	-7.311897e-02	6.773000e+00
1.851000e-05	4.547611e-02	7.034034e+00
1.852000e-05	-5.566837e-02	7.266190e+00
1.853000e-05	2.199033e-02	7.562475e+00
1.854000e-05	-5.224189e-02	7.826107e+00
1.855000e-05	-3.112017e-03	8.129769e+00
1.856000e-05	2.393932e-02	8.380896e+00
1.857000e-05	-3.755457e-02	8.549421e+00
1.858000e-05	1.509645e-02	8.801498e+00
1.859000e-05	-5.949862e-02	9.024982e+00
1.860000e-05	-1.231643e-02	9.285113e+00
1.861000e-05	-8.817845e-03	9.486612e+00
1.862000e-05	-1.071195e-02	9.697742e+00
1.863000e-05	-2.378078e-02	9.961767e+00
1.864000e-05	-2.877755e-02	1.012977e+01
1.865000e-05	-3.311387e-04	1.041132e+01
1.866000e-05	-3.307819e-02	1.056082e+01
1.867000e-05	-2.412546e-02	1.077235e+01
1.868000e-05	-4.122895e-02	1.101190e+01
1.869000e-05	-1.854710e-02	1.122137e+01
1.870000e-05	-1.906851e-02	1.139135e+01
1.871000e-05	-3.026891e-02	1.156388e+01
1.872000e-05	-3.965160e-02	1.183301e+01
1.873000e-05	-3.456429e-02	1.196150e+01
1.874000e-05	-2.226993e-02	1.215942e+01
1.875000e-05	-3.054366e-02	1.231022e+01
1.876000e-05	-4.014281e-02	1.248817e+01
1.877000e-05	-4.544095e-02	1.268606e+01
1.878000e-05	-3.390859e-02	1.283195e+01
1.879000e-05	-3.527251e-02	1.296290e+01
1.880000e-05	-4.512226e-02	1.313869e+01
1.881000e-05	-5.171130e-02	1.328401e+01
1.882000e-05	-4.144915e-02	1.342300e+01
1.883000e-05	-3.861843e-02	1.360127e+01
1.884000e-05	-4.794574e-02	1.369459e+01
1.885000e-05	-6.066918e-02	1.382140e+01
1.886000e-05	-5.724104e-02	1.393027e+01
1.887000e-05	-5.129299e-02	1.408643e+01
1.888000e-05	-5.331627e-02	1.421293e+01
1.889000e-05	-6.432705e-02	1.432814e+01
1.890000e-05	-6.872125e-02	1.443392e+01
1.891000e-05	-6.044365e-02	1.452819e+01
1.892000e-05	-6.318765e-02	1.457235e+01
1.893000e-05	-6.931940e-02	1.472764e+01
1.894000e-05	-7.960658e-02	1.479934e+01
1.895000e-05	-7.345632e-02	1.483296e+01
1.896000e-05	-7.517743e-02	1.490516e+01
1.897000e-05	-8.076520e-02	1.494819e+01
1.898000e-05	-9.434189e-02	1.500095e+01
1.899000e-05	-9.501318e-02	1.504303e+01
1.900000e-05	-8.963816e-02	1.510619e+01
1.901000e-05	-9.102066e-02	1.517727e+01
1.902000e-05	-1.003880e-01	1.521994e+01
1.903000e-05	-1.087437e-01	1.522295e+01
1.904000e-05	-1.077643e-01	1.524105e+01
1.905000e-05	-1.113220e-01	1.525411e+01
1.906000e-05	-1.206806e-01	1.529511e+01
1.907000e-05	-1.307595e-01	1.524616e+01
1.908000e-05	-1.323413e-01	1.528463e+01
1.909000e-05	-1.329009e-01	1.534461e+01
1.910000e-05	-1.441080e-01	1.530308e+01
1.911000e-05	-1.578048e-01	1.524361e+01
1.912000e-05	-1.711245e-01	1.523400e+01
1.913000e-05	-1.781246e-01	1.522052e+01
1.914000e-05	-1.933335e-01	1.516942e+01
1.915000e-05	-2.181087e-01	1.516882e+01
1.916000e-05	-2.456933e-01	1.512513e+01
1.917000e-05	-2.499997e-01	1.507415e+01
1.918000e-05	-2.500000e-01	1.498940e+01
1.919000e-05	-2.500000e-01	1.498831e+01
1.920000e-05	-2.500000e-01	1.490418e+01
1.921000e-05	-2.500000e-01	1.484147e+01
1.922000e-05	-2.500000e-01	1.475882e+01
1.923000e-05	-2.500000e-01	1.470411e+01
1.924000e-05	-2.469844e-01	1.462134e+01
1.925000e-05	-2.258049e-01	1.452519e+01
1.926000e-05	-1.933457e-01	1.442039e+01
1.927000e-05	-1.701527e-01	1.430510e+01
1.928000e-05	-1.519587e-01	1.420887e+01
1.929000e-05	-1.408518e-01	1.407305e+01
1.930000e-05	-1.266869e-01	1.392776e+01
1.931000e-05	-1.114457e-01	1.381195e+01
1.932000e-05	-1.033326e-01	1.367260e+01
1.933000e-05	-9.806415e-02	1.351782e+01
1.934000e-05	-9.172725e-02	1.341048e+01
1.935000e-05	-8.153517e-02	1.324405e+01
1.936000e-05	-7.573230e-02	1.310526e+01
1.937000e-05	-7.354131e-02	1.293987e+01
1.938000e-05	-7.187619e-02	1.285000e+01
1.939000e-05	-6.542332e-02	1.268256e+01
1.940000e-05	-6.121506e-02	1.253474e+01
1.941000e-05	-5.851480e-02	1.234724e+01
1.942000e-05	-5.827863e-02	1.216982e+01
1.943000e-05	-5.423881e-02	1.201092e+01
1.944000e-05	-4.967379e-02	1.183045e+01
1.945000e-05	-4.702290e-02	1.163947e+01
1.946000e-05	-4.894775e-02	1.143999e+01
1.947000e-05	-4.789936e-02	1.118787e+01
1.948000e-05	-4.435776e-02	1.104050e+01
1.949000e-05	-4.057398e-02	1.084050e+01
1.950000e-05	-4.035818e-02	1.066155e+01
1.951000e-05	-4.070377e-02	1.040847e+01
1.952000e-05	-3.882295e-02	1.018944e+01
1.953000e-05	-3.660190e-02	9.947767e+00
1.954000e-05	-3.333063e-02	9.785257e+00
1.955000e-05	-3.685782e-02	9.483232e+00
1.956000e-05	-3.501172e-02	9.293657e+00
1.957000e-05	-3.259848e-02	9.073629e+00
1.958000e-05	-2.891987e-02	8.899648e+00
1.959000e-05	-3.156076e-02	8.619471e+00
1.960000e-05	-3.154292e-02	8.407869e+00
1.961000e-05	-2.980800e-02	8.145837e+00
1.962000e-05	-2.651340e-02	7.893209e+00
1.963000e-05	-2.653841e-02	7.620600e+00
1.964000e-05	-2.833956e-02	7.387943e+00
1.965000e-05	-2.713747e-02	7.112735e+00
1.966000e-05	-2.458766e-02	6.881675e+00
1.967000e-05	-2.325881e-02	6.598491e+00
1.968000e-05	-2.556920e-02	6.315293e+00
1.969000e-05	-2.527767e-02	6.103157e+00
1.970000e-05	-2.321005e-02	5.828551e+00
1.971000e-05	-2.008746e-02	5.567340e+00
1.972000e-05	-2.193770e-02	5.322707e+00
1.973000e-05	-2.187780e-02	4.996438e+00
1.974000e-05	-2.113280e-02	4.712099e+00
1.975000e-05	-1.843971e-02	4.430926e+00
1.976000e-05	-1.991321e-02	4.105805e+00
1.977000e-05	-1.999875e-02	3.860574e+00
1.978000e-05	-2.073886e-02	3.618396e+00
1.979000e-05	-1.703393e-02	3.332805e+00
1.980000e-05	-1.582956e-02	3.040099e+00
1.981000e-05	-1.618182e-02	2.787396e+00
1.982000e-05	-1.751769e-02	2.443680e+00
1.983000e-05	-1.590605e-02	2.205968e+00
1.984000e-05	-1.379041e-02	1.923312e+00
1.985000e-05	-1.460635e-02	1.648051e+00
1.986000e-05	-1.619783e-02	1.345312e+00
1.987000e-05	-1.413338e-02	1.048072e+00
1.988000e-05	-1.217170e-02	7.537855e-01
1.989000e-05	-1.025921e-02	4.606038e-01
1.990000e-05	-1.146690e-02	1.164394e-01
1.991000e-05	-7.449698e-03	-1.283171e-01
1.992000e-05	4.694607e-03	-3.609026e-01
1.993000e-05	-6.124666e-04	-6.245857e-01
1.994000e-05	1.741421e-03	-9.072921e-01
1.995000e-05	-2.704224e-03	-1.201875e+00
1.996000e-05	5.241054e-04	-1.505265e+00
1.997000e-05	1.747035e-03	-1.747343e+00
1.998000e-05	2.466302e-02	-1.951324e+00
1.999000e-05	1.002029e-01	-2.162516e+00
2.000000e-05	7.133860e-02	-2.582451e+00
2.001000e-05	-5.941594e-02	-2.991383e+00
2.002000e-05	1.511617e-03	-3.287717e+00
2.003000e-05	-5.181822e-02	-3.526788e+00
2.004000e-05	-5.763708e-02	-3.768271e+00
2.005000e-05	-4.515455e-02	-3.940345e+00
2.006000e-05	1.724242e-01	-4.128320e+00
2.007000e-05	-1.655952e-01	-4.415035e+00
2.008000e-05	1.592685e-01	-4.748237e+00
2.009000e-05	-2.721770e-03	-4.972823e+00
2.010000e-05	-6.997704e-02	-5.349316e+00
2.011000e-05	1.321524e-01	-5.570472e+00
2.012000e-05	-1.850504e-01	-5.897141e+00
2.013000e-05	1.760990e-01	-6.115111e+00
2.014000e-05	-4.462247e-02	-6.371856e+00
2.015000e-05	2.922834e-02	-6.625588e+00
2.016000e-05	7.066782e-02	-6.939742e+00
2.017000e-05	-1.019345e-01	-7.223930e+00
2.018000e-05	1.297983e-01	-7.454033e+00
2.019000e-05	-9.947273e-02	-7.721720e+00
2.020000e-05	1.111146e-01	-8.083953e+00
2.021000e-05	-4.568526e-03	-8.204980e+00
2.022000e-05	3.093707e-03	-8.485662e+00
2.023000e-05	9.550085e-02	-8.729290e+00
2.024000e-05	-9.531937e-02	-8.981925e+00
2.025000e-05	1.050018e-01	-9.151872e+00
2.026000e-05	-6.491314e-02	-9.424429e+00
2.027000e-05	1.093506e-01	-9.644109e+00
2.028000e-05	-1.314883e-02	-9.844060e+00
2.029000e-05	4.542216e-02	-1.004463e+01
2.030000e-05	2.716180e-02	-1.029762e+01
2.031000e-05	-3.802520e-03	-1.049827e+01
2.032000e-05	7.135930e-02	-1.069869e+01
2.033000e-05	-2.904056e-02	-1.092577e+01
2.034000e-05	8.390856e-02	-1.109914e+01
2.035000e-05	-2.179812e-02	-1.129967e+01
2.036000e-05	8.396814e-02	-1.154924e+01
2.037000e-05	-8.884364e-03	-1.176924e+01
2.038000e-05	5.791217e-02	-1.191969e+01
2.039000e-05	1.547737e-02	-1.211817e+01
2.040000e-05	5.320071e-02	-1.227614e+01
2.041000e-05	3.888889e-02	-1.243509e+01
2.042000e-05	2.575993e-02	-1.261396e+01
2.043000e-05	4.457229e-02	-1.279180e+01
2.044000e-05	2.529265e-02	-1.293982e+01
2.045000e-05	6.361922e-02	-1.309706e+01
2.046000e-05	2.643814e-02	-1.329246e+01
2.047000e-05	6.398001e-02	-1.341132e+01
2.048000e-05	3.121017e-02	-1.354919e+01
2.049000e-05	6.530189e-02	-1.370648e+01
2.050000e-05	3.650107e-02	-1.381240e+01
2.051000e-05	5.508948e-02	-1.392959e+01
2.052000e-05	4.307729e-02	-1.408456e+01
2.053000e-05	6.346792e-02	-1.421282e+01
2.054000e-05	5.874738e-02	-1.432561e+01
2.055000e-05	5.983261e-02	-1.436235e+01
2.056000e-05	5.871149e-02	-1.450716e+01
2.057000e-05	6.295122e-02	-1.461130e+01
2.058000e-05	7.264279e-02	-1.467506e+01
2.059000e-05	6.693889e-02	-1.479975e+01
2.060000e-05	7.308705e-02	-1.481391e+01
2.061000e-05	6.896904e-02	-1.494711e+01
2.062000e-05	8.169918e-02	-1.498182e+01
2.063000e-05	7.438161e-02	-1.504387e+01
2.064000e-05	8.235463e-02	-1.506615e+01
2.065000e-05	8.059679e-02	-1.515014e+01
2.066000e-05	9.482714e-02	-1.516975e+01
2.067000e-05	9.558155e-02	-1.519443e+01
2.068000e-05	9.792266e-02	-1.526300e+01
2.069000e-05	9.788616e-02	-1.527641e+01
2.070000e-05	1.040278e-01	-1.529761e+01
2.071000e-05	1.110435e-01	-1.534722e+01
2.072000e-05	1.140329e-01	-1.533871e+01
2.073000e-05	1.208050e-01	-1.536922e+01
2.074000e-05	1.252043e-01	-1.533776e+01
2.075000e-05	1.366901e-01	-1.534724e+01
2.076000e-05	1.422916e-01	-1.531617e+01
2.077000e-05	1.489776e-01	-1.533413e+01
2.078000e-05	1.583198e-01	-1.529451e+01
2.079000e-05	1.756709e-01	-1.526348e+01
2.080000e-05	1.955200e-01	-1.523240e+01
2.081000e-05	2.166522e-01	-1.516980e+01
2.082000e-05	2.416413e-01	-1.515764e+01
2.083000e-05	2.499989e-01	-1.512763e+01
2.084000e-05	2.500000e-01	-1.504403e+01
2.085000e-05	2.500000e-01	-1.498132e+01
2.086000e-05	2.500000e-01	-1.491559e+01
2.087000e-05	2.500000e-01	-1.486995e+01
2.088000e-05	2.500000e-01	-1.475870e+01
2.089000e-05	2.499450e-01	-1.473406e+01
2.090000e-05	2.378819e-01	-1.459142e+01
2.091000e-05	2.039277e-01	-1.453564e+01
2.092000e-05	1.798575e-01	-1.443090e+01
2.093000e-05	1.592755e-01	-1.431561e+01
2.094000e-05	1.412370e-01	-1.421042e+01
2.095000e-05	1.234705e-01	-1.409254e+01
2.096000e-05	1.128225e-01	-1.389621e+01
2.097000e-05	1.013991e-01	-1.383250e+01
2.098000e-05	9.260870e-02	-1.368214e+01
2.099000e-05	8.195499e-02	-1.356822e+01
2.100000e-05	7.731196e-02	-1.340100e+01
2.101000e-05	6.996404e-02	-1.330303e+01
2.102000e-05	6.708819e-02	-1.316571e+01
2.103000e-05	5.928301e-02	-1.300685e+01
2.104000e-05	5.612920e-02	-1.285200e+01
2.105000e-05	5.246685e-02	-1.272261e+01
2.106000e-05	5.142587e-02	-1.256674e+01
2.107000e-05	4.625893e-02	-1.233729e+01
2.108000e-05	4.362475e-02	-1.219879e+01
2.109000e-05	4.057415e-02	-1.198985e+01
2.110000e-05	3.739498e-02	-1.182097e+01
2.111000e-05	3.422771e-02	-1.162937e+01
2.112000e-05	3.207453e-02	-1.140984e+01
2.113000e-05	3.011312e-02	-1.113724e+01
2.114000e-05	2.900825e-02	-1.096629e+01
2.115000e-05	2.771028e-02	-1.077932e+01
2.116000e-05	2.779546e-02	-1.062680e+01
2.117000e-05	2.673063e-02	-1.034927e+01
2.118000e-05	2.487099e-02	-1.016721e+01
2.119000e-05	2.188463e-02	-9.925163e+00
2.120000e-05	1.960882e-02	-9.745264e+00
2.121000e-05	1.728323e-02	-9.512185e+00
2.122000e-05	1.709853e-02	-9.293051e+00
2.123000e-05	1.673658e-02	-9.030979e+00
2.124000e-05	1.566544e-02	-8.820931e+00
2.125000e-05	1.635047e-02	-8.597795e+00
2.126000e-05	1.420231e-02	-8.363717e+00
2.127000e-05	1.309307e-02	-8.123763e+00
2.128000e-05	1.060579e-02	-7.862580e+00
2.129000e-05	1.056086e-02	-7.588368e+00
2.130000e-05	9.040744e-03	-7.335284e+00
2.131000e-05	8.843101e-03	-7.101554e+00
2.132000e-05	7.279429e-03	-6.807949e+00
2.133000e-05	7.775824e-03	-6.558467e+00
2.134000e-05	5.985740e-03	-6.332663e+00
2.135000e-05	6.594297e-03	-6.069571e+00
2.136000e-05	3.275156e-03	-5.786396e+00
2.137000e-05	4.238237e-03	-5.513239e+00
2.138000e-05	2.922324e-03	-5.239497e+00
2.139000e-05	2.880637e-03	-4.923233e+00
2.140000e-05	1.613019e-03	-4.637396e+00
2.141000e-05	2.103498e-03	-4.376392e+00
2.142000e-05	9.074220e-04	-4.124665e+00
2.143000e-05	-2.982252e-04	-3.850503e+00
2.144000e-05	-1.888754e-03	-3.546337e+00
2.145000e-05	-2.974837e-03	-3.292159e+00
2.146000e-05	-2.760714e-03	-3.027425e+00
2.147000e-05	-2.801667e-03	-2.714763e+00
2.148000e-05	-3.234409e-03	-2.471604e+00
2.149000e-05	-2.740190e-03	-2.196493e+00
2.150000e-05	-4.456168e-03	-1.881709e+00
2.151000e-05	-4.882594e-03	-1.618574e+00
2.152000e-05	-5.882541e-03	-1.312628e+00
2.153000e-05	-7.280828e-03	-9.849184e-01
2.154000e-05	-6.541653e-03	-7.017830e-01
2.155000e-05	-7.651643e-03	-3.979975e-01
2.156000e-05	-6.031139e-03	-1.948368e-01
2.157000e-05	4.573564e-05	9.824112e-02
2.158000e-05	8.739462e-03	4.330065e-01
2.159000e-05	-3.010589e-03	6.866343e-01
2.160000e-05	5.513467e-03	8.908423e-01
2.161000e-05	-3.299589e-03	1.223080e+00
2.162000e-05	2.725225e-03	1.468693e+00
2.163000e-05	-3.245038e-03	1.793479e+00
2.164000e-05	1.828992e-02	2.021980e+00
2.165000e-05	6.258564e-02	2.224734e+00
2.166000e-05	9.812345e-02	2.572476e+00
2.167000e-05	-5.557120e-02	2.928768e+00
2.168000e-05	-2.708698e-02	3.232930e+00
2.169000e-05	-4.301236e-02	3.536764e+00
2.170000e-05	-2.623247e-02	3.699368e+00
2.171000e-05	-9.072117e-02	3.948768e+00
2.172000e-05	3.864854e-03	4.199800e+00
2.173000e-05	9.270667e-02	4.466667e+00
2.174000e-05	-1.182723e-01	4.719843e+00
2.175000e-05	1.508760e-01	4.951878e+00
2.176000e-05	-5.229168e-02	5.367472e+00
2.177000e-05	-4.587891e-02	5.583052e+00
2.178000e-05	3.476863e-02	5.887689e+00
2.179000e-05	-5.966159e-02	6.138820e+00
2.180000e-05	6.907510e-02	6.403451e+00
2.181000e-05	-5.993807e-02	6.726665e+00
2.182000e-05	6.370379e-03	6.898746e+00
2.183000e-05	-6.490235e-03	7.202476e+00
2.184000e-05	-2.498991e-02	7.478612e+00
2.185000e-05	3.679525e-03	7.728898e+00
2.186000e-05	-6.111635e-02	8.034005e+00
2.187000e-05	4.455529e-02	8.274688e+00
2.188000e-05	-2.879132e-02	8.477665e+00
2.189000e-05	-5.136252e-03	8.707641e+00
2.190000e-05	-1.750580e-02	8.947793e+00
2.191000e-05	-6.003676e-02	9.171423e+00
2.192000e-05	2.071261e-02	9.421974e+00
2.193000e-05	-3.277609e-02	9.623452e+00
2.194000e-05	4.655415e-03	9.894583e+00
2.195000e-05	-5.051205e-02	1.007616e+01
2.196000e-05	3.078672e-03	1.027858e+01
2.197000e-05	-2.327047e-02	1.050763e+01
2.198000e-05	-2.963214e-02	1.067866e+01
2.199000e-05	-3.028954e-02	1.092876e+01
2.200000e-05	-3.952705e-02	1.113981e+01
2.201000e-05	-2.710119e-03	1.128669e+01
2.202000e-05	-3.856256e-02	1.151817e+01
2.203000e-05	-2.374829e-02	1.174867e+01
2.204000e-05	-4.896191e-02	1.192984e+01
2.205000e-05	-1.750708e-02	1.211616e+01
2.206000e-05	-3.113834e-02	1.226658e+01
2.207000e-05	-3.422235e-02	1.241303e+01
2.208000e-05	-4.788403e-02	1.261355e+01
2.209000e-05	-4.158127e-02	1.271977e+01
2.210000e-05	-2.890741e-02	1.290824e+01
2.211000e-05	-4.322018e-02	1.307456e+01
2.212000e-05	-4.441309e-02	1.322298e+01
2.213000e-05	-5.072989e-02	1.334979e+01
2.214000e-05	-3.415882e-02	1.351814e+01
2.215000e-05	-4.707727e-02	1.364298e+01
2.216000e-05	-5.489137e-02	1.373972e+01
2.217000e-05	-6.351639e-02	1.392864e+01
2.218000e-05	-5.322533e-02	1.402343e+01
2.219000e-05	-5.006453e-02	1.417877e+01
2.220000e-05	-5.933181e-02	1.426506e+01
2.221000e-05	-6.730767e-02	1.440145e+01
2.222000e-05	-6.648156e-02	1.448666e+01
2.223000e-05	-5.945144e-02	1.458125e+01
2.224000e-05	-6.663384e-02	1.465601e+01
2.225000e-05	-7.409529e-02	1.474882e+01
2.226000e-05	-7.874919e-02	1.480998e+01
2.227000e-05	-7.359584e-02	1.487506e+01
2.228000e-05	-7.726355e-02	1.490724e+01
2.229000e-05	-8.876710e-02	1.495084e+01
2.230000e-05	-9.490672e-02	1.505453e+01
2.231000e-05	-9.224139e-02	1.507509e+01
2.232000e-05	-8.880224e-02	1.514724e+01
2.233000e-05	-9.682782e-02	1.517892e+01
2.234000e-05	-1.063123e-01	1.522045e+01
2.235000e-05	-1.088838e-01	1.526142e+01
2.236000e-05	-1.089843e-01	1.526263e+01
2.237000e-05	-1.148802e-01	1.530358e+01
2.238000e-05	-1.269921e-01	1.525566e+01
2.239000e-05	-1.337228e-01	1.530463e+01
2.240000e-05	-1.345365e-01	1.529558e+01
2.241000e-05	-1.377254e-01	1.528308e+01
2.242000e-05	-1.511139e-01	1.529253e+01
2.243000e-05	-1.651102e-01	1.520203e+01
2.244000e-05	-1.738305e-01	1.525247e+01
2.245000e-05	-1.854148e-01	1.517042e+01
2.246000e-05	-2.058859e-01	1.515777e+01
2.247000e-05	-2.370500e-01	1.514576e+01
2.248000e-05	-2.499765e-01	1.508418e+01
2.249000e-05	-2.499999e-01	1.502197e+01
2.250000e-05	-2.500000e-01	1.497141e+01
2.251000e-05	-2.500000e-01	1.494514e+01
2.252000e-05	-2.500000e-01	1.484358e+01
2.253000e-05	-2.500000e-01	1.480135e+01
2.254000e-05	-2.500000e-01	1.471511e+01
2.255000e-05	-2.497550e-01	1.463245e+01
2.256000e-05	-2.391263e-01	1.452624e+01
2.257000e-05	-2.075990e-01	1.445148e+01
2.258000e-05	-1.795697e-01	1.433824e+01
2.259000e-05	-1.565408e-01	1.426150e+01
2.260000e-05	-1.463034e-01	1.417516e+01
2.261000e-05	-1.302743e-01	1.397037e+01
2.262000e-05	-1.174064e-01	1.386263e+01
2.263000e-05	-1.032463e-01	1.374674e+01
2.264000e-05	-1.002604e-01	1.365890e+01
2.265000e-05	-9.551440e-02	1.349405e+01
2.266000e-05	-8.827983e-02	1.335779e+01
2.267000e-05	-7.733417e-02	1.316042e+01
2.268000e-05	-7.472731e-02	1.306150e+01
2.269000e-05	-7.334808e-02	1.292410e+01
2.270000e-05	-6.992111e-02	1.271524e+01
2.271000e-05	-6.157180e-02	1.261837e+01
2.272000e-05	-5.766644e-02	1.239142e+01
2.273000e-05	-5.834818e-02	1.226055e+01
2.274000e-05	-5.574749e-02	1.210308e+01
2.275000e-05	-5.205570e-02	1.189360e+01
2.276000e-05	-4.687471e-02	1.167366e+01
2.277000e-05	-4.893791e-02	1.153513e+01
2.278000e-05	-4.935776e-02	1.128215e+01
2.279000e-05	-4.766905e-02	1.105215e+01
2.280000e-05	-4.055821e-02	1.092373e+01
2.281000e-05	-4.016626e-02	1.071413e+01
2.282000e-05	-3.934620e-02	1.046518e+01
2.283000e-05	-3.890562e-02	1.029161e+01
2.284000e-05	-3.549399e-02	1.007108e+01
2.285000e-05	-3.457423e-02	9.830596e+00
2.286000e-05	-3.571238e-02	9.619343e+00
2.287000e-05	-3.724652e-02	9.378369e+00
2.288000e-05	-3.405761e-02	9.144340e+00
2.289000e-05	-3.123997e-02	8.933339e+00
2.290000e-05	-3.095221e-02	8.693235e+00
2.291000e-05	-3.117618e-02	8.481256e+00
2.292000e-05	-3.030400e-02	8.271054e+00
2.293000e-05	-2.587007e-02	8.037417e+00
2.294000e-05	-2.586748e-02	7.735818e+00
2.295000e-05	-2.585497e-02	7.502708e+00
2.296000e-05	-2.822570e-02	7.228022e+00
2.297000e-05	-2.574470e-02	6.976316e+00
2.298000e-05	-2.552005e-02	6.702259e+00
2.299000e-05	-2.522116e-02	6.450049e+00
2.300000e-05	-2.647528e-02	6.186970e+00
2.301000e-05	-2.343976e-02	5.966288e+00
2.302000e-05	-2.038064e-02	5.682180e+00
2.303000e-05	-1.984588e-02	5.420023e+00
2.304000e-05	-2.055530e-02	5.090733e+00
2.305000e-05	-2.098628e-02	4.758921e+00
2.306000e-05	-2.003921e-02	4.533784e+00
2.307000e-05	-1.921225e-02	4.228655e+00
2.308000e-05	-2.013924e-02	3.954841e+00
2.309000e-05	-2.097490e-02	3.693255e+00
2.310000e-05	-1.870280e-02	3.450074e+00
2.311000e-05	-1.541270e-02	3.145336e+00
2.312000e-05	-1.706111e-02	2.901258e+00
2.313000e-05	-1.659972e-02	2.565893e+00
2.314000e-05	-1.648507e-02	2.282658e+00
2.315000e-05	-1.592150e-02	2.040549e+00
2.316000e-05	-1.336842e-02	1.795337e+00
2.317000e-05	-1.641004e-02	1.471149e+00
2.318000e-05	-1.308645e-02	1.153418e+00
2.319000e-05	-1.144447e-02	8.280751e-01
2.320000e-05	-1.196767e-02	5.743633e-01
2.321000e-05	-9.645404e-03	2.693829e-01
2.322000e-05	-1.183092e-02	1.797217e-02
2.323000e-05	-2.512395e-03	-2.656880e-01
2.324000e-05	3.995944e-03	-4.997948e-01
2.325000e-05	-2.385996e-03	-8.030340e-01
2.326000e-05	3.998769e-03	-1.076138e+00
2.327000e-05	-7.368778e-04	-1.401926e+00
2.328000e-05	3.321662e-03	-1.614557e+00
2.329000e-05	1.036129e-02	-1.875137e+00
2.330000e-05	5.885132e-02	-2.037666e+00
2.331000e-05	1.269867e-01	-2.414505e+00
2.332000e-05	-4.940940e-02	-2.805010e+00
2.333000e-05	-7.061622e-03	-3.212030e+00
2.334000e-05	-4.116769e-02	-3.425059e+00
2.335000e-05	-3.228891e-02	-3.634610e+00
2.336000e-05	-1.019392e-01	-3.856690e+00
2.337000e-05	1.437652e-01	-4.034060e+00
2.338000e-05	-3.861427e-02	-4.308239e+00
2.339000e-05	-2.395546e-02	-4.633955e+00
2.340000e-05	1.649680e-01	-4.835434e+00
2.341000e-05	-1.822482e-01	-5.212932e+00
2.342000e-05	1.608298e-01	-5.468136e+00
2.343000e-05	-1.161112e-01	-5.739772e+00
2.344000e-05	2.126981e-02	-6.014035e+00
2.345000e-05	1.148317e-01	-6.245057e+00
2.346000e-05	-9.831394e-02	-6.572896e+00
2.347000e-05	1.545157e-01	-6.832551e+00
2.348000e-05	-1.132019e-01	-7.100094e+00
2.349000e-05	7.519585e-02	-7.360917e+00
2.350000e-05	-6.096417e-03	-7.592005e+00
2.351000e-05	-1.551641e-02	-7.908721e+00
2.352000e-05	1.164984e-01	-8.119768e+00
2.353000e-05	-8.808496e-02	-8.373874e+00
2.354000e-05	1.412071e-01	-8.606483e+00
2.355000e-05	-7.655345e-02	-8.856636e+00
2.356000e-05	4.928417e-02	-9.108191e+00
2.357000e-05	5.491169e-03	-9.246664e+00
2.358000e-05	1.318208e-02	-9.572324e+00
2.359000e-05	8.275832e-02	-9.780875e+00
2.360000e-05	-3.678619e-02	-9.982952e+00
2.361000e-05	9.687882e-02	-1.022192e+01
2.362000e-05	-5.177438e-02	-1.042350e+01
2.363000e-05	9.457649e-02	-1.067303e+01
2.364000e-05	-2.856806e-02	-1.082253e+01
2.365000e-05	6.234066e-02	-1.106453e+01
2.366000e-05	9.491550e-03	-1.123538e+01
2.367000e-05	4.047671e-02	-1.147351e+01
2.368000e-05	4.020257e-02	-1.163398e+01
2.369000e-05	1.086839e-02	-1.183813e+01
2.370000e-05	5.557153e-02	-1.206391e+01
2.371000e-05	1.200406e-02	-1.223601e+01
2.372000e-05	7.279240e-02	-1.240140e+01
2.373000e-05	5.182284e-03	-1.259342e+01
2.374000e-05	5.947962e-02	-1.271964e+01
2.375000e-05	1.464622e-02	-1.286661e+01
2.376000e-05	6.336855e-02	-1.306551e+01
2.377000e-05	2.937398e-02	-1.317090e+01
2.378000e-05	5.416773e-02	-1.336827e+01
2.379000e-05	4.203980e-02	-1.344663e+01
2.380000e-05	5.168699e-02	-1.360488e+01
2.381000e-05	5.099990e-02	-1.379929e+01
2.382000e-05	4.148853e-02	-1.389561e+01
2.383000e-05	5.401650e-02	-1.398245e+01
2.384000e-05	4.887791e-02	-1.412864e+01
2.385000e-05	6.645045e-02	-1.426445e+01
2.386000e-05	5.115945e-02	-1.434980e+01
2.387000e-05	6.401880e-02	-1.444543e+01
2.388000e-05	5.644790e-02	-1.454826e+01
2.389000e-05	7.465446e-02	-1.462298e+01
2.390000e-05	6.396201e-02	-1.468870e+01
2.391000e-05	7.299688e-02	-1.479033e+01
2.392000e-05	6.820334e-02	-1.488451e+01
2.393000e-05	7.904411e-02	-1.496024e+01
2.394000e-05	7.570590e-02	-1.500140e+01
2.395000e-05	7.880846e-02	-1.507661e+01
2.396000e-05	8.114146e-02	-1.509561e+01
2.397000e-05	8.943970e-02	-1.517879e+01
2.398000e-05	9.732922e-02	-1.521129e+01
2.399000e-05	9.478911e-02	-1.526348e+01
2.400000e-05	9.820395e-02	-1.526448e+01
2.401000e-05	9.988537e-02	-1.529556e+01
2.402000e-05	1.101921e-01	-1.529567e+01
2.403000e-05	1.120609e-01	-1.533871e+01
2.404000e-05	1.184230e-01	-1.538711e+01
2.405000e-05	1.220068e-01	-1.537721e+01
2.406000e-05	1.328352e-01	-1.533669e+01
2.407000e-05	1.393256e-01	-1.532719e+01
2.408000e-05	1.451360e-01	-1.531711e+01
2.409000e-05	1.542452e-01	-1.527609e+01
2.410000e-05	1.688125e-01	-1.528401e+01
2.411000e-05	1.884755e-01	-1.524393e+01
2.412000e-05	2.072675e-01	-1.521875e+01
2.413000e-05	2.315921e-01	-1.515877e+01
2.414000e-05	2.491795e-01	-1.512666e+01
2.415000e-05	2.500000e-01	-1.508500e+01
2.416000e-05	2.500000e-01	-1.504087e+01
2.417000e-05	2.500000e-01	-1.492819e+01
2.418000e-05	2.500000e-01	-1.489308e+01
2.419000e-05	2.500000e-01	-1.481184e+01
2.420000e-05	2.500000e-01	-1.473674e+01
2.421000e-05	2.461471e-01	-1.466303e+01
2.422000e-05	2.177924e-01	-1.455621e+01
2.423000e-05	1.882081e-01	-1.446297e+01
2.424000e-05	1.681070e-01	-1.435864e+01
2.425000e-05	1.478930e-01	-1.424292e+01
2.426000e-05	1.308597e-01	-1.415716e+01
2.427000e-05	1.158475e-01	-1.403092e+01
2.428000e-05	1.062808e-01	-1.389405e+01
2.429000e-05	9.541209e-02	-1.378834e+01
2.430000e-05	8.671852e-02	-1.362142e+01
2.431000e-05	7.852862e-02	-1.349408e+01
2.432000e-05	7.394275e-02	-1.332776e+01
2.433000e-05	6.958024e-02	-1.323939e+01
2.434000e-05	6.347871e-02	-1.306150e+01
2.435000e-05	5.734768e-02	-1.290464e+01
2.436000e-05	5.366318e-02	-1.275821e+01
2.437000e-05	5.194369e-02	-1.255092e+01
2.438000e-05	4.877693e-02	-1.244145e+01
2.439000e-05	4.316428e-02	-1.227401e+01
2.440000e-05	4.028374e-02	-1.204300e+01
2.441000e-05	3.837774e-02	-1.189361e+01
2.442000e-05	3.695054e-02	-1.170423e+01
2.443000e-05	3.423686e-02	-1.144250e+01
2.444000e-05	3.130974e-02	-1.120010e+01
2.445000e-05	3.121204e-02	-1.107155e+01
2.446000e-05	3.105790e-02	-1.086101e+01
2.447000e-05	2.734702e-02	-1.068205e+01
2.448000e-05	2.463435e-02	-1.048198e+01
2.449000e-05	2.177709e-02	-1.023200e+01
2.450000e-05	2.198767e-02	-1.003892e+01
2.451000e-05	2.174109e-02	-9.828947e+00
2.452000e-05	2.131532e-02	-9.588341e+00
2.453000e-05	1.841784e-02	-9.377367e+00
2.454000e-05	1.828113e-02	-9.135663e+00
2.455000e-05	1.788600e-02	-8.904210e+00
2.456000e-05	1.602333e-02	-8.682605e+00
2.457000e-05	1.274811e-02	-8.451445e+00
2.458000e-05	1.138315e-02	-8.218973e+00
2.459000e-05	1.247805e-02	-8.006818e+00
2.460000e-05	1.177473e-02	-7.714734e+00
2.461000e-05	1.123720e-02	-7.429049e+00
2.462000e-05	8.658676e-03	-7.176394e+00
2.463000e-05	8.481399e-03	-6.924807e+00
2.464000e-05	7.735677e-03	-6.670052e+00
2.465000e-05	6.273948e-03	-6.429421e+00
2.466000e-05	4.272305e-03	-6.135835e+00
2.467000e-05	4.451933e-03	-5.902031e+00
2.468000e-05	3.870739e-03	-5.640451e+00
2.469000e-05	4.912036e-03	-5.363861e+00
2.470000e-05	1.945854e-03	-5.030501e+00
2.471000e-05	1.868849e-03	-4.733733e+00
2.472000e-05	1.987495e-03	-4.471979e+00
2.473000e-05	2.647510e-03	-4.219949e+00
2.474000e-05	1.667627e-03	-4.003868e+00
2.475000e-05	-1.457131e-03	-3.682050e+00
2.476000e-05	-2.039119e-03	-3.399049e+00
2.477000e-05	-3.186441e-03	-3.133836e+00
2.478000e-05	-2.562461e-03	-2.821525e+00
2.479000e-05	-4.180796e-03	-2.565863e+00
2.480000e-05	-3.509244e-03	-2.211604e+00
2.481000e-05	-4.410270e-03	-1.987395e+00
2.482000e-05	-3.364972e-03	-1.724263e+00
2.483000e-05	-5.845011e-03	-1.459022e+00
2.484000e-05	-5.911695e-03	-1.112709e+00
2.485000e-05	-7.824184e-03	-8.200238e-01
2.486000e-05	-7.082788e-03	-5.542353e-01
2.487000e-05	-6.762059e-03	-2.826304e-01
2.488000e-05	-4.906457e-03	2.353283e-02
2.489000e-05	7.802273e-03	3.168435e-01
2.490000e-05	-4.733620e-04	5.899698e-01
2.491000e-05	5.137348e-03	8.304515e-01
2.492000e-05	-4.797313e-04	1.097737e+00
2.493000e-05	1.507832e-03	1.372373e+00
2.494000e-05	-2.721572e-03	1.688266e+00
2.495000e-05	8.146120e-03	1.937842e+00
2.496000e-05	3.390990e-02	2.158871e+00
2.497000e-05	1.098188e-01	2.425558e+00
2.498000e-05	-1.092988e-03	2.794004e+00
2.499000e-05	-4.626894e-02	3.098288e+00
2.500000e-05	-3.417559e-02	3.361849e+00
2.501000e-05	-2.938114e-02	3.652134e+00
2.502000e-05	-6.744782e-02	3.847160e+00
2.503000e-05	-5.787192e-02	4.034633e+00
2.504000e-05	9.859240e-02	4.391399e+00
2.505000e-05	-5.112062e-02	4.684085e+00
2.506000e-05	1.631907e-02	4.905585e+00
2.507000e-05	1.016321e-01	5.173980e+00
2.508000e-05	-1.360231e-01	5.477161e+00
2.509000e-05	6.594687e-02	5.749874e+00
2.510000e-05	-6.194229e-02	6.034613e+00
2.511000e-05	3.426227e-02	6.277158e+00
2.512000e-05	6.667221e-03	6.592447e+00
2.513000e-05	-5.531558e-02	6.834058e+00
2.514000e-05	4.134871e-02	7.058688e+00
2.515000e-05	-6.103262e-02	7.379768e+00
2.516000e-05	2.938570e-02	7.614054e+00
2.517000e-05	-7.055758e-02	7.906188e+00
2.518000e-05	2.103145e-02	8.190947e+00
2.519000e-05	7.390523e-03	8.382450e+00
2.520000e-05	-3.140837e-02	8.592377e+00
2.521000e-05	1.411483e-02	8.833607e+00
2.522000e-05	-6.948544e-02	9.077487e+00
2.523000e-05	7.417581e-03	9.298167e+00
2.524000e-05	-2.622795e-02	9.518667e+00
2.525000e-05	8.588010e-04	9.759843e+00
2.526000e-05	-3.834870e-02	1.000238e+01
2.527000e-05	-1.500843e-02	1.018135e+01
2.528000e-05	-7.407602e-03	1.041396e+01
2.529000e-05	-3.259007e-02	1.061298e+01
2.530000e-05	-2.410987e-02	1.083490e+01
2.531000e-05	-4.484821e-02	1.104403e+01
2.532000e-05	-1.050562e-02	1.123403e+01
2.533000e-05	-2.739431e-02	1.145592e+01
2.534000e-05	-2.570762e-02	1.162565e+01
2.535000e-05	-4.612926e-02	1.186300e+01
2.536000e-05	-2.768647e-02	1.203160e+01
2.537000e-05	-2.468617e-02	1.221190e+01
2.538000e-05	-2.980509e-02	1.237137e+01
2.539000e-05	-4.366124e-02	1.252882e+01
2.540000e-05	-4.613217e-02	1.271766e+01
2.541000e-05	-3.153687e-02	1.288504e+01
2.542000e-05	-3.817420e-02	1.302145e+01
2.543000e-05	-4.404994e-02	1.316084e+01
2.544000e-05	-5.389044e-02	1.333719e+01
2.545000e-05	-3.811017e-02	1.341501e+01
2.546000e-05	-4.281551e-02	1.360192e+01
2.547000e-05	-4.823458e-02	1.372724e+01
2.548000e-05	-6.420462e-02	1.382558e+01
2.549000e-05	-5.564016e-02	1.398037e+01
2.550000e-05	-5.133272e-02	1.410561e+01
2.551000e-05	-5.382480e-02	1.423240e+01
2.552000e-05	-6.416193e-02	1.429880e+01
2.553000e-05	-6.924578e-02	1.442553e+01
2.554000e-05	-6.103317e-02	1.453874e+01
2.555000e-05	-6.429505e-02	1.458395e+01
2.556000e-05	-6.991112e-02	1.474726e+01
2.557000e-05	-8.074181e-02	1.481882e+01
2.558000e-05	-7.318941e-02	1.484201e+01
2.559000e-05	-7.563176e-02	1.486713e+01
2.560000e-05	-8.188374e-02	1.495032e+01
2.561000e-05	-9.499413e-02	1.504345e+01
2.562000e-05	-9.482646e-02	1.507408e+01
2.563000e-05	-8.972229e-02	1.513671e+01
2.564000e-05	-9.295565e-02	1.519085e+01
2.565000e-05	-1.010636e-01	1.520885e+01
2.566000e-05	-1.103005e-01	1.526290e+01
2.567000e-05	-1.082764e-01	1.525303e+01
2.568000e-05	-1.122561e-01	1.528358e+01
2.569000e-05	-1.211694e-01	1.528713e+01
2.570000e-05	-1.320767e-01	1.528666e+01
2.571000e-05	-1.338022e-01	1.529610e+01
2.572000e-05	-1.348103e-01	1.529406e+01
2.573000e-05	-1.441708e-01	1.527506e+01
2.574000e-05	-1.605663e-01	1.526311e+01
2.575000e-05	-1.726147e-01	1.524350e+01
2.576000e-05	-1.816524e-01	1.524985e+01
2.577000e-05	-1.961737e-01	1.517937e+01
2.578000e-05	-2.241530e-01	1.515731e+01
2.579000e-05	-2.465080e-01	1.514616e+01
2.580000e-05	-2.500000e-01	1.508303e+01
2.581000e-05	-2.500000e-01	1.504942e+01
2.582000e-05	-2.500000e-01	1.493774e+01
2.583000e-05	-2.500000e-01	1.488501e+01
2.584000e-05	-2.500000e-01	1.484998e+01
2.585000e-05	-2.500000e-01	1.474776e+01
2.586000e-05	-2.500000e-01	1.467305e+01
2.587000e-05	-2.454624e-01	1.457977e+01
2.588000e-05	-2.196972e-01	1.446358e+01
2.589000e-05	-1.901419e-01	1.440884e+01
2.590000e-05	-1.649269e-01	1.428410e+01
2.591000e-05	-1.496077e-01	1.417779e+01
2.592000e-05	-1.369015e-01	1.404295e+01
2.593000e-05	-1.247184e-01	1.391813e+01
2.594000e-05	-1.088924e-01	1.381939e+01
2.595000e-05	-1.024148e-01	1.367058e+01
2.596000e-05	-9.705616e-02	1.351634e+01
2.597000e-05	-9.200450e-02	1.341892e+01
2.598000e-05	-8.089908e-02	1.323402e+01
2.599000e-05	-7.445507e-02	1.310411e+01
2.600000e-05	-7.214103e-02	1.293884e+01
2.601000e-05	-7.054476e-02	1.283844e+01
2.602000e-05	-6.574672e-02	1.266152e+01
2.603000e-05	-6.013394e-02	1.250513e+01
2.604000e-05	-5.779403e-02	1.233413e+01
2.605000e-05	-5.694991e-02	1.213834e+01
2.606000e-05	-5.378389e-02	1.197534e+01
2.607000e-05	-4.933586e-02	1.180032e+01
2.608000e-05	-4.626919e-02	1.159682e+01
2.609000e-05	-4.884370e-02	1.137789e+01
2.610000e-05	-4.764159e-02	1.119537e+01
2.611000e-05	-4.380738e-02	1.096789e+01
2.612000e-05	-3.956733e-02	1.078832e+01
2.613000e-05	-3.964354e-02	1.056937e+01
2.614000e-05	-3.981536e-02	1.038627e+01
2.615000e-05	-3.877779e-02	1.014684e+01
2.616000e-05	-3.517702e-02	9.914659e+00
2.617000e-05	-3.494982e-02	9.713750e+00
2.618000e-05	-3.648948e-02	9.492078e+00
2.619000e-05	-3.547562e-02	9.273103e+00
2.620000e-05	-3.156668e-02	9.030024e+00
2.621000e-05	-2.988730e-02	8.787971e+00
2.622000e-05	-3.058283e-02	8.576341e+00
2.623000e-05	-3.099957e-02	8.376717e+00
2.624000e-05	-2.864137e-02	8.124182e+00
2.625000e-05	-2.671316e-02	7.892051e+00
2.626000e-05	-2.635321e-02	7.628871e+00
2.627000e-05	-2.803203e-02	7.333734e+00
2.628000e-05	-2.663174e-02	7.059579e+00
2.629000e-05	-2.548900e-02	6.849442e+00
2.630000e-05	-2.311523e-02	6.545337e+00
2.631000e-05	-2.531383e-02	6.324253e+00
2.632000e-05	-2.382169e-02	6.080201e+00
2.633000e-05	-2.220172e-02	5.795942e+00
2.634000e-05	-2.001811e-02	5.516734e+00
2.635000e-05	-2.190888e-02	5.239548e+00
2.636000e-05	-2.139556e-02	4.902830e+00
2.637000e-05	-2.165682e-02	4.638549e+00
2.638000e-05	-1.926355e-02	4.346468e+00
2.639000e-05	-1.904677e-02	4.091704e+00
2.640000e-05	-2.021495e-02	3.817896e+00
2.641000e-05	-1.843926e-02	3.534341e+00
2.642000e-05	-1.705271e-02	3.292678e+00
2.643000e-05	-1.647764e-02	3.016943e+00
2.644000e-05	-1.714669e-02	2.743316e+00
2.645000e-05	-1.704448e-02	2.378095e+00
2.646000e-05	-1.510562e-02	2.136436e+00
2.647000e-05	-1.456341e-02	1.878680e+00
2.648000e-05	-1.429970e-02	1.606016e+00
2.649000e-05	-1.505643e-02	1.323279e+00
2.650000e-05	-1.240346e-02	9.553869e-01
2.651000e-05	-1.153747e-02	6.521528e-01
2.652000e-05	-1.092153e-02	4.170724e-01
2.653000e-05	-9.694909e-03	9.230153e-02
2.654000e-05	-6.233249e-03	-1.698976e-01
2.655000e-05	6.871015e-03	-3.830329e-01
2.656000e-05	-3.834688e-03	-7.182684e-01
2.657000e-05	3.439166e-03	-9.298563e-01
2.658000e-05	-3.973986e-03	-1.214007e+00
2.659000e-05	3.513069e-03	-1.558897e+00
2.660000e-05	1.207731e-03	-1.760925e+00
2.661000e-05	3.417209e-02	-1.992478e+00
2.662000e-05	1.182244e-01	-2.296166e+00
2.663000e-05	3.048803e-02	-2.614533e+00
2.664000e-05	-4.669208e-02	-3.057112e+00
2.665000e-05	-9.723007e-03	-3.350397e+00
2.666000e-05	-4.523815e-02	-3.528495e+00
2.667000e-05	-7.671265e-02	-3.782425e+00
2.668000e-05	1.133474e-02	-4.011525e+00
2.669000e-05	1.309880e-01	-4.161924e+00
2.670000e-05	-1.656551e-01	-4.487767e+00
2.671000e-05	2.088406e-01	-4.738821e+00
2.672000e-05	-8.799780e-02	-5.045538e+00
2.673000e-05	1.122358e-02	-5.382928e+00
2.674000e-05	6.269953e-02	-5.563955e+00
2.675000e-05	-1.474610e-01	-5.947324e+00
2.676000e-05	1.941099e-01	-6.159247e+00
2.677000e-05	-9.668329e-02	-6.393984e+00
2.678000e-05	9.195282e-02	-6.709145e+00
2.679000e-05	6.327440e-03	-6.948796e+00
2.680000e-05	-5.337230e-02	-7.246591e+00
2.681000e-05	1.080045e-01	-7.467190e+00
2.682000e-05	-1.041973e-01	-7.783847e+00
2.683000e-05	1.428089e-01	-8.075134e+00
2.684000e-05	-5.640986e-02	-8.286162e+00
2.685000e-05	6.121227e-02	-8.520270e+00
2.686000e-05	4.174342e-02	-8.761847e+00
2.687000e-05	-6.266419e-02	-9.033960e+00
2.688000e-05	9.269614e-02	-9.162002e+00
2.689000e-05	-6.317272e-02	-9.453508e+00
2.690000e-05	1.265657e-01	-9.687712e+00
2.691000e-05	-4.396562e-02	-9.887765e+00
2.692000e-05	8.037849e-02	-1.012687e+01
2.693000e-05	-1.135286e-02	-1.034127e+01
2.694000e-05	3.601454e-02	-1.054982e+01
2.695000e-05	3.809808e-02	-1.076072e+01
2.696000e-05	-5.096532e-03	-1.098124e+01
2.697000e-05	6.890572e-02	-1.111069e+01
2.698000e-05	-1.163676e-02	-1.137280e+01
2.699000e-05	8.381051e-02	-1.160085e+01
2.700000e-05	-1.519179e-02	-1.179282e+01
2.701000e-05	6.854439e-02	-1.196027e+01
2.702000e-05	4.076377e-03	-1.219077e+01
2.703000e-05	6.825604e-02	-1.234924e+01
2.704000e-05	2.083371e-02	-1.252617e+01
2.705000e-05	3.879101e-02	-1.265559e+01
2.706000e-05	3.245155e-02	-1.282293e+01
2.707000e-05	3.841525e-02	-1.301042e+01
2.708000e-05	5.458632e-02	-1.311915e+01
2.709000e-05	3.373871e-02	-1.328606e+01
2.710000e-05	5.991554e-02	-1.340538e+01
2.711000e-05	3.537325e-02	-1.357082e+01
2.712000e-05	6.416839e-02	-1.368759e+01
2.713000e-05	3.333148e-02	-1.383250e+01
2.714000e-05	5.575209e-02	-1.389972e+01
2.715000e-05	4.220626e-02	-1.407311e+01
2.716000e-05	6.677124e-02	-1.420332e+01
2.717000e-05	5.449492e-02	-1.431719e+01
2.718000e-05	6.198253e-02	-1.444335e+01
2.719000e-05	5.739129e-02	-1.450619e+01
2.720000e-05	6.825182e-02	-1.460340e+01
2.721000e-05	7.022747e-02	-1.468861e+01
2.722000e-05	6.832284e-02	-1.479830e+01
2.723000e-05	7.041953e-02	-1.485299e+01
2.724000e-05	7.119365e-02	-1.492872e+01
2.725000e-05	7.956636e-02	-1.499085e+01
2.726000e-05	7.536782e-02	-1.505455e+01
2.727000e-05	8.331916e-02	-1.507863e+01
2.728000e-05	8.371140e-02	-1.513927e+01
2.729000e-05	9.777553e-02	-1.511177e+01
2.730000e-05	9.448619e-02	-1.520330e+01
2.731000e-05	9.832504e-02	-1.527390e+01
2.732000e-05	9.653287e-02	-1.525756e+01
2.733000e-05	1.056736e-01	-1.529709e+01
2.734000e-05	1.111757e-01	-1.531721e+01
2.735000e-05	1.152633e-01	-1.533822e+01
2.736000e-05	1.214445e-01	-1.534966e+01
2.737000e-05	1.280626e-01	-1.532812e+01
2.738000e-05	1.371617e-01	-1.530661e+01
2.739000e-05	1.419641e-01	-1.532727e+01
2.740000e-05	1.505175e-01	-1.528659e+01
2.741000e-05	1.606136e-01	-1.528564e+01
2.742000e-05	1.800022e-01	-1.524190e+01
2.743000e-05	1.984245e-01	-1.520282e+01
2.744000e-05	2.223301e-01	-1.515920e+01
2.745000e-05	2.440642e-01	-1.510619e+01
2.746000e-05	2.500000e-01	-1.506455e+01
2.747000e-05	2.500000e-01	-1.502298e+01
2.748000e-05	2.500000e-01	-1.492984e+01
2.749000e-05	2.500000e-01	-1.491511e+01
2.750000e-05	2.500000e-01	-1.483997e+01
2.751000e-05	2.500000e-01	-1.473777e+01
2.752000e-05	2.495699e-01	-1.467308e+01
2.753000e-05	2.321638e-01	-1.458082e+01
2.754000e-05	1.990660e-01	-1.450554e+01
2.755000e-05	1.768510e-01	-1.439082e+01
2.756000e-05	1.560136e-01	-1.431608e+01
2.757000e-05	1.388107e-01	-1.417139e+01
2.758000e-05	1.211769e-01	-1.407403e+01
2.759000e-05	1.097585e-01	-1.396569e+01
2.760000e-05	9.834106e-02	-1.381987e+01
2.761000e-05	8.926859e-02	-1.367303e+01
2.762000e-05	8.076714e-02	-1.353819e+01
2.763000e-05	7.596005e-02	-1.339042e+01
2.764000e-05	7.130587e-02	-1.328253e+01
2.765000e-05	6.611463e-02	-1.308521e+01
2.766000e-05	5.949521e-02	-1.299832e+01
2.767000e-05	5.542668e-02	-1.280130e+01
2.768000e-05	5.263072e-02	-1.265308e+01
2.769000e-05	5.014799e-02	-1.253476e+01
2.770000e-05	4.435114e-02	-1.235521e+01
2.771000e-05	4.045264e-02	-1.217981e+01
2.772000e-05	3.854398e-02	-1.196879e+01
2.773000e-05	3.731618e-02	-1.170577e+01
2.774000e-05	3.579175e-02	-1.160474e+01
2.775000e-05	3.363290e-02	-1.138661e+01
2.776000e-05	3.231928e-02	-1.116531e+01
2.777000e-05	3.097279e-02	-1.092318e+01
2.778000e-05	2.794862e-02	-1.075682e+01
2.779000e-05	2.529317e-02	-1.056684e+01
2.780000e-05	2.278610e-02	-1.036671e+01
2.781000e-05	2.224383e-02	-1.010468e+01
2.782000e-05	2.157109e-02	-9.873610e+00
2.783000e-05	2.124170e-02	-9.733659e+00
2.784000e-05	1.994667e-02	-9.481555e+00
2.785000e-05	1.937887e-02	-9.210546e+00
2.786000e-05	1.780508e-02	-8.999497e+00
2.787000e-05	1.551322e-02	-8.809821e+00
2.788000e-05	1.400124e-02	-8.575761e+00
2.789000e-05	1.121811e-02	-8.323660e+00
2.790000e-05	1.213722e-02	-8.083154e+00
2.791000e-05	1.120406e-02	-7.799422e+00
2.792000e-05	1.283511e-02	-7.534783e+00
2.793000e-05	9.535948e-03	-7.312180e+00
2.794000e-05	9.456464e-03	-7.029051e+00
2.795000e-05	7.300579e-03	-6.786339e+00
2.796000e-05	7.489073e-03	-6.533838e+00
2.797000e-05	4.325359e-03	-6.282632e+00
2.798000e-05	4.749424e-03	-5.977972e+00
2.799000e-05	3.285094e-03	-5.724787e+00
2.800000e-05	5.645931e-03	-5.441037e+00
2.801000e-05	2.935975e-03	-5.144870e+00
2.802000e-05	2.890893e-03	-4.859552e+00
2.803000e-05	1.093243e-03	-4.565867e+00
2.804000e-05	1.207506e-03	-4.334865e+00
2.805000e-05	1.480450e-03	-4.063054e+00
2.806000e-05	-1.708820e-03	-3.807392e+00
2.807000e-05	-1.563330e-03	-3.513788e+00
2.808000e-05	-3.067206e-03	-3.261600e+00
2.809000e-05	-2.328557e-03	-2.886316e+00
2.810000e-05	-3.121388e-03	-2.682131e+00
2.811000e-05	-3.437265e-03	-2.389575e+00
2.812000e-05	-3.824987e-03	-2.102212e+00
2.813000e-05	-3.962295e-03	-1.841049e+00
2.814000e-05	-4.703521e-03	-1.575315e+00
2.815000e-05	-5.907127e-03	-1.238047e+00
2.816000e-05	-7.878182e-03	-9.553407e-01
2.817000e-05	-7.263830e-03	-6.880302e-01
2.818000e-05	-7.741807e-03	-3.253146e-01
2.819000e-05	-4.965871e-03	-6.223677e-02
2.820000e-05	2.829894e-03	1.520026e-01
2.821000e-05	7.130018e-03	4.751857e-01
2.822000e-05	-5.900704e-04	6.962633e-01
2.823000e-05	4.178474e-03	9.714463e-01
2.824000e-05	-3.875957e-03	1.244736e+00
2.825000e-05	2.274501e-04	1.541444e+00
2.826000e-05	-2.160752e-03	1.843157e+00
2.827000e-05	2.259552e-02	2.015609e+00
2.828000e-05	7.884152e-02	2.287265e+00
2.829000e-05	7.448698e-02	2.686783e+00
2.830000e-05	-6.278104e-02	2.990394e+00
2.831000e-05	-2.262251e-02	3.244062e+00
2.832000e-05	-4.209272e-02	3.548346e+00
2.833000e-05	-3.298715e-02	3.762474e+00
2.834000e-05	-9.134308e-02	3.939950e+00
2.835000e-05	3.759016e-02	4.196054e+00
2.836000e-05	5.843333e-02	4.530397e+00
2.837000e-05	-1.033196e-01	4.771075e+00
2.838000e-05	1.703935e-01	5.025562e+00
2.839000e-05	-1.073637e-01	5.412453e+00
2.840000e-05	5.386914e-03	5.663056e+00
2.841000e-05	4.348579e-03	5.970769e+00
2.842000e-05	-3.628187e-02	6.180875e+00
2.843000e-05	6.214852e-02	6.465583e+00
2.844000e-05	-7.466839e-02	6.719417e+00
2.845000e-05	3.009404e-02	6.940374e+00
2.846000e-05	-3.462155e-02	7.265108e+00
2.847000e-05	-2.418734e-03	7.510766e+00
2.848000e-05	-2.237310e-02	7.781996e+00
2.849000e-05	-3.580771e-02	8.079634e+00
2.850000e-05	4.044708e-02	8.318790e+00
2.851000e-05	-3.610408e-02	8.538319e+00
2.852000e-05	7.316254e-03	8.750320e+00
2.853000e-05	-3.559964e-02	8.991894e+00
2.854000e-05	-4.086721e-02	9.193051e+00
2.855000e-05	9.463482e-03	9.424054e+00
2.856000e-05	-2.729517e-02	9.666158e+00
2.857000e-05	-6.840411e-03	9.919192e+00
2.858000e-05	-4.387901e-02	1.011829e+01
2.859000e-05	5.233756e-03	1.031779e+01
2.860000e-05	-2.829044e-02	1.052821e+01
2.861000e-05	-2.513830e-02	1.073877e+01
2.862000e-05	-3.452227e-02	1.094934e+01
2.863000e-05	-3.061277e-02	1.113032e+01
2.864000e-05	-9.346156e-03	1.133889e+01
2.865000e-05	-3.781233e-02	1.152927e+01
2.866000e-05	-3.108246e-02	1.174937e+01
2.867000e-05	-4.466322e-02	1.190082e+01
2.868000e-05	-1.724882e-02	1.209829e+01
2.869000e-05	-3.074481e-02	1.227861e+01
2.870000e-05	-3.605285e-02	1.248461e+01
2.871000e-05	-4.701704e-02	1.264443e+01
2.872000e-05	-3.814546e-02	1.281040e+01
2.873000e-05	-3.042613e-02	1.291874e+01
2.874000e-05	-4.518773e-02	1.309816e+01
2.875000e-05	-4.830520e-02	1.321506e+01
2.876000e-05	-4.770320e-02	1.337155e+01
2.877000e-05	-3.648358e-02	1.350674e+01
2.878000e-05	-4.719979e-02	1.365254e+01
2.879000e-05	-5.798741e-02	1.379345e+01
2.880000e-05	-6.035531e-02	1.395674e+01
2.881000e-05	-5.113182e-02	1.406598e+01
2.882000e-05	-4.958435e-02	1.418984e+01
2.883000e-05	-6.229939e-02	1.427673e+01
2.884000e-05	-6.853198e-02	1.440244e+01
2.885000e-05	-6.601664e-02	1.450716e+01
2.886000e-05	-6.120917e-02	1.456085e+01
2.887000e-05	-6.814488e-02	1.467506e+01
2.888000e-05	-7.623394e-02	1.474037e+01
2.889000e-05	-7.676831e-02	1.483290e+01
2.890000e-05	-7.438274e-02	1.486566e+01
2.891000e-05	-7.777575e-02	1.495774e+01
2.892000e-05	-9.141745e-02	1.497047e+01
2.893000e-05	-9.641375e-02	1.508453e+01
2.894000e-05	-9.087559e-02	1.509659e+01
2.895000e-05	-8.900776e-02	1.514782e+01
2.896000e-05	-9.797602e-02	1.519045e+01
2.897000e-05	-1.083410e-01	1.522100e+01
2.898000e-05	-1.091426e-01	1.523358e+01
2.899000e-05	-1.109849e-01	1.527056e+01
2.900000e-05	-1.165283e-01	1.526558e+01
2.901000e-05	-1.294334e-01	1.531411e+01
2.902000e-05	-1.327143e-01	1.531666e+01
2.903000e-05	-1.334041e-01	1.527413e+01
2.904000e-05	-1.390196e-01	1.527311e+01
2.905000e-05	-1.555413e-01	1.529653e+01
2.906000e-05	-1.686389e-01	1.524358e+01
2.907000e-05	-1.768509e-01	1.524145e+01
2.908000e-05	-1.877100e-01	1.526987e+01
2.909000e-05	-2.108341e-01	1.516887e+01
2.910000e-05	-2.411346e-01	1.511569e+01
2.911000e-05	-2.499981e-01	1.506518e+01
2.912000e-05	-2.500000e-01	1.505888e+01
2.913000e-05	-2.500000e-01	1.497889e+01
2.914000e-05	-2.500000e-01	1.490411e+01
2.915000e-05	-2.500000e-01	1.489398e+01
2.916000e-05	-2.500000e-01	1.479687e+01
2.917000e-05	-2.500000e-01	1.470408e+01
2.918000e-05	-2.489199e-01	1.461187e+01
2.919000e-05	-2.330281e-01	1.452516e+01
2.920000e-05	-2.004656e-01	1.447105e+01
2.921000e-05	-1.744891e-01	1.432464e+01
2.922000e-05	-1.536175e-01	1.420990e+01
2.923000e-05	-1.433881e-01	1.409360e+01
2.924000e-05	-1.299586e-01	1.396822e+01
2.925000e-05	-1.166759e-01	1.385255e+01
2.926000e-05	-1.035199e-01	1.372468e+01
2.927000e-05	-9.848295e-02	1.359737e+01
2.928000e-05	-9.373904e-02	1.342103e+01
2.929000e-05	-8.537965e-02	1.332466e+01
2.930000e-05	-7.589458e-02	1.315932e+01
2.931000e-05	-7.284779e-02	1.300992e+01
2.932000e-05	-7.236321e-02	1.289510e+01
2.933000e-05	-6.858443e-02	1.269523e+01
2.934000e-05	-6.171296e-02	1.254524e+01
2.935000e-05	-5.764579e-02	1.241889e+01
2.936000e-05	-5.861201e-02	1.222045e+01
2.937000e-05	-5.675315e-02	1.203152e+01
2.938000e-05	-5.254181e-02	1.184110e+01
2.939000e-05	-4.619274e-02	1.165053e+01
2.940000e-05	-4.733595e-02	1.143003e+01
2.941000e-05	-4.761927e-02	1.124155e+01
2.942000e-05	-4.499972e-02	1.104156e+01
2.943000e-05	-4.032543e-02	1.086055e+01
2.944000e-05	-3.964499e-02	1.065261e+01
2.945000e-05	-4.160049e-02	1.043105e+01
2.946000e-05	-4.083718e-02	1.025048e+01
2.947000e-05	-3.795281e-02	1.001942e+01
2.948000e-05	-3.457806e-02	9.769422e+00
2.949000e-05	-3.467106e-02	9.546888e+00
2.950000e-05	-3.512961e-02	9.345812e+00
2.951000e-05	-3.301460e-02	9.134237e+00
2.952000e-05	-2.946506e-02	8.915650e+00
2.953000e-05	-3.038644e-02	8.671628e+00
2.954000e-05	-3.148527e-02	8.450069e+00
2.955000e-05	-3.200299e-02	8.197571e+00
2.956000e-05	-2.805699e-02	7.945888e+00
2.957000e-05	-2.597221e-02	7.723212e+00
2.958000e-05	-2.580332e-02	7.450102e+00
2.959000e-05	-2.749473e-02	7.185919e+00
2.960000e-05	-2.509668e-02	6.944283e+00
2.961000e-05	-2.321898e-02	6.661150e+00
2.962000e-05	-2.386106e-02	6.347520e+00
2.963000e-05	-2.555190e-02	6.146866e+00
2.964000e-05	-2.359839e-02	5.852735e+00
2.965000e-05	-2.201987e-02	5.628547e+00
2.966000e-05	-2.067768e-02	5.396420e+00
2.967000e-05	-2.166654e-02	5.048048e+00
2.968000e-05	-2.170422e-02	4.763342e+00
2.969000e-05	-2.000847e-02	4.511676e+00
2.970000e-05	-1.825740e-02	4.197493e+00
2.971000e-05	-1.808928e-02	3.902285e+00
2.972000e-05	-1.938545e-02	3.671130e+00
2.973000e-05	-1.821678e-02	3.356435e+00
2.974000e-05	-1.660728e-02	3.092234e+00
2.975000e-05	-1.620945e-02	2.821526e+00
2.976000e-05	-1.828274e-02	2.553939e+00
2.977000e-05	-1.721607e-02	2.250620e+00
2.978000e-05	-1.455805e-02	2.009569e+00
2.979000e-05	-1.229300e-02	1.692633e+00
2.980000e-05	-1.317037e-02	1.427996e+00
2.981000e-05	-1.433436e-02	1.133254e+00
2.982000e-05	-1.287821e-02	7.968922e-01
2.983000e-05	-1.144415e-02	5.032317e-01
2.984000e-05	-1.059151e-02	2.090488e-01
2.985000e-05	-8.938382e-03	-5.555927e-02
2.986000e-05	1.770726e-04	-3.182447e-01
2.987000e-05	2.038949e-03	-5.510251e-01
2.988000e-05	-5.195646e-04	-8.156381e-01
2.989000e-05	-9.684838e-05	-1.088297e+00
2.990000e-05	-1.475881e-03	-1.434610e+00
2.991000e-05	1.978273e-03	-1.635109e+00
2.992000e-05	1.574388e-02	-1.887270e+00
2.993000e-05	7.856849e-02	-2.098816e+00
2.994000e-05	1.099166e-01	-2.467742e+00
2.995000e-05	-6.223969e-02	-2.898194e+00
2.996000e-05	2.144005e-03	-3.245634e+00
2.997000e-05	-5.111850e-02	-3.495637e+00
2.998000e-05	-3.994694e-02	-3.696187e+00
2.999000e-05	-8.950940e-02	-3.929318e+00
3.000000e-05	1.763061e-01	-4.066113e+00
3.001000e-05	-1.093383e-01	-4.352378e+00
3.002000e-05	6.595240e-02	-4.656164e+00
3.003000e-05	9.815804e-02	-4.849191e+00
3.004000e-05	-1.541109e-01	-5.235084e+00
3.005000e-05	1.721818e-01	-5.499238e+00
3.006000e-05	-1.699056e-01	-5.784530e+00
3.007000e-05	1.051851e-01	-6.033137e+00
3.008000e-05	4.282221e-02	-6.278167e+00
3.009000e-05	-4.950594e-02	-6.623955e+00
3.010000e-05	1.322976e-01	-6.834583e+00
3.011000e-05	-1.236495e-01	-7.160897e+00
3.012000e-05	1.144518e-01	-7.352428e+00
3.013000e-05	-5.963918e-02	-7.614539e+00
3.014000e-05	4.444378e-02	-7.961273e+00
3.015000e-05	6.704409e-02	-8.160326e+00
3.016000e-05	-5.980415e-02	-8.433507e+00
3.017000e-05	1.358529e-01	-8.635085e+00
3.018000e-05	-1.011498e-01	-8.938695e+00
3.019000e-05	8.772629e-02	-9.181771e+00
3.020000e-05	-3.554914e-02	-9.309272e+00
3.021000e-05	6.203039e-02	-9.571354e+00
3.022000e-05	3.952698e-02	-9.813455e+00
3.023000e-05	-3.122819e-03	-1.001401e+01
3.024000e-05	7.240716e-02	-1.025501e+01
3.025000e-05	-3.817831e-02	-1.046804e+01
3.026000e-05	9.213174e-02	-1.066651e+01
3.027000e-05	-3.971119e-02	-1.087256e+01
3.028000e-05	7.942418e-02	-1.107791e+01
3.029000e-05	-1.077382e-02	-1.124657e+01
3.030000e-05	6.619534e-02	-1.148721e+01
3.031000e-05	1.454057e-02	-1.165709e+01
3.032000e-05	3.361958e-02	-1.191764e+01
3.033000e-05	3.800173e-02	-1.205561e+01
3.034000e-05	2.851593e-02	-1.225558e+01
3.035000e-05	5.839855e-02	-1.243298e+01
3.036000e-05	1.084106e-02	-1.261090e+01
3.037000e-05	5.658456e-02	-1.276967e+01
3.038000e-05	1.705624e-02	-1.290874e+01
3.039000e-05	6.613316e-02	-1.306401e+01
3.040000e-05	2.541491e-02	-1.319193e+01
3.041000e-05	6.103175e-02	-1.335977e+01
3.042000e-05	3.517377e-02	-1.346808e+01
3.043000e-05	5.970258e-02	-1.364438e+01
3.044000e-05	4.300597e-02	-1.379022e+01
3.045000e-05	4.895726e-02	-1.391714e+01
3.046000e-05	4.939071e-02	-1.404243e+01
3.047000e-05	5.636951e-02	-1.414922e+01
3.048000e-05	6.214782e-02	-1.422654e+01
3.049000e-05	5.485392e-02	-1.436182e+01
3.050000e-05	6.173604e-02	-1.447606e+01
3.051000e-05	5.923798e-02	-1.456787e+01
3.052000e-05	7.422051e-02	-1.463551e+01
3.053000e-05	6.476730e-02	-1.474819e+01
3.054000e-05	7.451939e-02	-1.481090e+01
3.055000e-05	6.854131e-02	-1.491366e+01
3.056000e-05	8.043199e-02	-1.497032e+01
3.057000e-05	7.345404e-02	-1.502340e+01
3.058000e-05	8.125675e-02	-1.506456e+01
3.059000e-05	8.169268e-02	-1.512719e+01
3.060000e-05	9.352095e-02	-1.515970e+01
3.061000e-05	9.546876e-02	-1.516035e+01
3.062000e-05	9.559881e-02	-1.523398e+01
3.063000e-05	9.812940e-02	-1.525403e+01
3.064000e-05	1.015554e-01	-1.528611e+01
3.065000e-05	1.101629e-01	-1.530556e+01
3.066000e-05	1.124132e-01	-1.535069e+01
3.067000e-05	1.201571e-01	-1.534832e+01
3.068000e-05	1.238472e-01	-1.532769e+01
3.069000e-05	1.355605e-01	-1.534467e+01
3.070000e-05	1.392735e-01	-1.528564e+01
3.071000e-05	1.465310e-01	-1.529614e+01
3.072000e-05	1.549919e-01	-1.531268e+01
3.073000e-05	1.733630e-01	-1.527351e+01
3.074000e-05	1.903687e-01	-1.520143e+01
3.075000e-05	2.119921e-01	-1.517972e+01
3.076000e-05	2.353174e-01	-1.513964e+01
3.077000e-05	2.497973e-01	-1.505768e+01
3.078000e-05	2.500000e-01	-1.507398e+01
3.079000e-05	2.500000e-01	-1.499185e+01
3.080000e-05	2.500000e-01	-1.491669e+01
3.081000e-05	2.500000e-01	-1.486352e+01
3.082000e-05	2.500000e-01	-1.478930e+01
3.083000e-05	2.499900e-01	-1.468564e+01
3.084000e-05	2.423524e-01	-1.462997e+01
3.085000e-05	2.118683e-01	-1.453564e+01
3.086000e-05	1.842982e-01	-1.442285e+01
3.087000e-05	1.654274e-01	-1.436816e+01
3.088000e-05	1.443639e-01	-1.422195e+01
3.089000e-05	1.270324e-01	-1.410615e+01
3.090000e-05	1.139418e-01	-1.401879e+01
3.091000e-05	1.045541e-01	-1.386148e+01
3.092000e-05	9.409824e-02	-1.373721e+01
3.093000e-05	8.403076e-02	-1.362035e+01
3.094000e-05	7.769451e-02	-1.345305e+01
3.095000e-05	7.327401e-02	-1.332564e+01
3.096000e-05	6.923231e-02	-1.315782e+01
3.097000e-05	6.163099e-02	-1.301203e+01
3.098000e-05	5.628400e-02	-1.286403e+01
3.099000e-05	5.265528e-02	-1.273718e+01
3.100000e-05	5.182541e-02	-1.255824e+01
3.101000e-05	4.712177e-02	-1.244995e+01
3.102000e-05	4.205580e-02	-1.224085e+01
3.103000e-05	4.047652e-02	-1.205080e+01
3.104000e-05	3.984560e-02	-1.186293e+01
3.105000e-05	3.712037e-02	-1.166048e+01
3.106000e-05	3.327116e-02	-1.144195e+01
3.107000e-05	3.036014e-02	-1.124100e+01
3.108000e-05	3.062042e-02	-1.103894e+01
3.109000e-05	2.948908e-02	-1.082995e+01
3.110000e-05	2.739179e-02	-1.060992e+01
3.111000e-05	2.435580e-02	-1.042095e+01
3.112000e-05	2.348299e-02	-1.023994e+01
3.113000e-05	2.334650e-02	-9.976292e+00
3.114000e-05	2.147633e-02	-9.768867e+00
3.115000e-05	1.900408e-02	-9.527191e+00
3.116000e-05	1.745800e-02	-9.334787e+00
3.117000e-05	1.897050e-02	-9.083628e+00
3.118000e-05	1.731060e-02	-8.892634e+00
3.119000e-05	1.545793e-02	-8.650104e+00
3.120000e-05	1.236331e-02	-8.417842e+00
3.121000e-05	1.223488e-02	-8.166865e+00
3.122000e-05	1.248359e-02	-7.942314e+00
3.123000e-05	1.170521e-02	-7.652071e+00
3.124000e-05	9.933438e-03	-7.386895e+00
3.125000e-05	8.998923e-03	-7.154764e+00
3.126000e-05	8.939662e-03	-6.872099e+00
3.127000e-05	7.507667e-03	-6.569974e+00
3.128000e-05	5.785659e-03	-6.388319e+00
3.129000e-05	4.847193e-03	-6.122609e+00
3.130000e-05	5.104205e-03	-5.850002e+00
3.131000e-05	3.870942e-03	-5.617340e+00
3.132000e-05	3.929381e-03	-5.293228e+00
3.133000e-05	1.604045e-03	-4.956917e+00
3.134000e-05	2.451820e-03	-4.643000e+00
3.135000e-05	2.163913e-03	-4.429999e+00
3.136000e-05	2.476411e-03	-4.217389e+00
3.137000e-05	-3.191641e-04	-3.844686e+00
3.138000e-05	-3.130387e-03	-3.627472e+00
3.139000e-05	-2.487197e-03	-3.354842e+00
3.140000e-05	-3.564901e-03	-3.071106e+00
3.141000e-05	-1.412989e-03	-2.755946e+00
3.142000e-05	-4.349723e-03	-2.503763e+00
3.143000e-05	-2.417065e-03	-2.238480e+00
3.144000e-05	-4.059443e-03	-1.934814e+00
3.145000e-05	-3.719502e-03	-1.682607e+00
3.146000e-05	-6.932533e-03	-1.365841e+00
3.147000e-05	-7.444961e-03	-1.049630e+00
3.148000e-05	-6.851284e-03	-7.679673e-01
3.149000e-05	-6.841743e-03	-4.816291e-01
3.150000e-05	-5.919410e-03	-2.070209e-01
3.151000e-05	-3.385266e-03	5.618310e-02
3.152000e-05	8.751544e-03	3.693972e-01
3.153000e-05	-2.505199e-03	5.929526e-01
3.154000e-05	7.006254e-03	8.546414e-01
3.155000e-05	-3.139429e-03	1.169948e+00
3.156000e-05	1.654326e-03	1.375510e+00
3.157000e-05	-3.984820e-03	1.749445e+00
3.158000e-05	1.340403e-02	1.919397e+00
3.159000e-05	4.395207e-02	2.193103e+00
3.160000e-05	1.104547e-01	2.528720e+00
3.161000e-05	-3.131185e-02	2.856135e+00
3.162000e-05	-3.564704e-02	3.180371e+00
3.163000e-05	-3.956323e-02	3.391604e+00
3.164000e-05	-2.631755e-02	3.686238e+00
3.165000e-05	-8.117041e-02	3.886788e+00
3.166000e-05	-3.239412e-02	4.089189e+00
3.167000e-05	1.077767e-01	4.413528e+00
3.168000e-05	-9.549367e-02	4.706711e+00
3.169000e-05	8.474964e-02	4.959291e+00
3.170000e-05	3.431781e-02	5.305612e+00
3.171000e-05	-1.048444e-01	5.538818e+00
3.172000e-05	6.282727e-02	5.812054e+00
3.173000e-05	-7.078326e-02	6.126184e+00
3.174000e-05	5.878833e-02	6.288272e+00
3.175000e-05	-2.681749e-02	6.624104e+00
3.176000e-05	-2.881022e-02	6.886662e+00
3.177000e-05	2.343105e-02	7.129272e+00
3.178000e-05	-5.115549e-02	7.420950e+00
3.179000e-05	2.467909e-02	7.666639e+00
3.180000e-05	-7.345739e-02	7.981367e+00
3.181000e-05	3.849892e-02	8.232977e+00
3.182000e-05	-9.867746e-03	8.434084e+00
3.183000e-05	-2.132552e-02	8.664081e+00
3.184000e-05	4.046630e-03	8.865689e+00
3.185000e-05	-7.277113e-02	9.110821e+00
3.186000e-05	1.849207e-02	9.328797e+00
3.187000e-05	-3.380368e-02	9.551925e+00
3.188000e-05	7.331655e-03	9.812399e+00
3.189000e-05	-4.794652e-02	1.003206e+01
3.190000e-05	-3.664616e-03	1.023400e+01
3.191000e-05	-1.602494e-02	1.044358e+01
3.192000e-05	-3.186662e-02	1.066653e+01
3.193000e-05	-2.626679e-02	1.089609e+01
3.194000e-05	-4.401642e-02	1.108603e+01
3.195000e-05	-4.146227e-03	1.130458e+01
3.196000e-05	-3.468569e-02	1.149658e+01
3.197000e-05	-2.325119e-02	1.168609e+01
3.198000e-05	-4.928349e-02	1.186661e+01
3.199000e-05	-2.131219e-02	1.207413e+01
3.200000e-05	-2.890653e-02	1.221353e+01
3.201000e-05	-3.255205e-02	1.237185e+01
3.202000e-05	-4.520549e-02	1.259139e+01
3.203000e-05	-4.409469e-02	1.272821e+01
3.204000e-05	-2.956785e-02	1.287511e+01
3.205000e-05	-4.289641e-02	1.303608e+01
3.206000e-05	-4.387506e-02	1.318985e+01
3.207000e-05	-5.411212e-02	1.333036e+01
3.208000e-05	-3.439543e-02	1.348501e+01
3.209000e-05	-4.629057e-02	1.365053e+01
3.210000e-05	-5.036042e-02	1.373719e+01
3.211000e-05	-6.426857e-02	1.386411e+01
3.212000e-05	-5.359008e-02	1.399235e+01
3.213000e-05	-5.148149e-02	1.416767e+01
3.214000e-05	-5.679495e-02	1.428408e+01
3.215000e-05	-6.652091e-02	1.437129e+01
3.216000e-05	-6.658595e-02	1.443453e+01
3.217000e-05	-5.993407e-02	1.452929e+01
3.218000e-05	-6.573312e-02	1.463495e+01
3.219000e-05	-7.261844e-02	1.475776e+01
3.220000e-05	-8.045575e-02	1.478992e+01
3.221000e-05	-7.328823e-02	1.491255e+01
3.222000e-05	-7.545369e-02	1.489739e+01
3.223000e-05	-8.563435e-02	1.500032e+01
3.224000e-05	-9.540853e-02	1.504202e+01
3.225000e-05	-9.361077e-02	1.510503e+01
3.226000e-05	-8.704799e-02	1.512774e+01
3.227000e-05	-9.500906e-02	1.517882e+01
3.228000e-05	-1.049957e-01	1.520135e+01
3.229000e-05	-1.104581e-01	1.524202e+01
3.230000e-05	-1.075239e-01	1.525203e+01
3.231000e-05	-1.135779e-01	1.525558e+01
3.232000e-05	-1.248269e-01	1.529608e+01
3.233000e-05	-1.325475e-01	1.528606e+01
3.234000e-05	-1.331461e-01	1.529458e+01
3.235000e-05	-1.350331e-01	1.529313e+01
3.236000e-05	-1.484042e-01	1.530303e+01
3.237000e-05	-1.628069e-01	1.527005e+01
3.238000e-05	-1.731465e-01	1.527052e+01
3.239000e-05	-1.828214e-01	1.523995e+01
3.240000e-05	-2.003240e-01	1.517887e+01
3.241000e-05	-2.298425e-01	1.514681e+01
3.242000e-05	-2.489533e-01	1.509611e+01
3.243000e-05	-2.500000e-01	1.508113e+01
3.244000e-05	-2.500000e-01	1.496932e+01
3.245000e-05	-2.500000e-01	1.493676e+01
3.246000e-05	-2.500000e-01	1.486358e+01
3.247000e-05	-2.500000e-01	1.483242e+01
3.248000e-05	-2.500000e-01	1.475621e+01
3.249000e-05	-2.499900e-01	1.467250e+01
3.250000e-05	-2.426076e-01	1.454771e+01
3.251000e-05	-2.133567e-01	1.445251e+01
3.252000e-05	-1.850453e-01	1.434742e+01
3.253000e-05	-1.609378e-01	1.426248e+01
3.254000e-05	-1.476844e-01	1.415579e+01
3.255000e-05	-1.335784e-01	1.398150e+01
3.256000e-05	-1.208330e-01	1.388366e+01
3.257000e-05	-1.064942e-01	1.379937e+01
3.258000e-05	-1.017840e-01	1.365148e+01
3.259000e-05	-9.684533e-02	1.348466e+01
3.260000e-05	-8.871306e-02	1.339839e+01
3.261000e-05	-7.987072e-02	1.322105e+01
3.262000e-05	-7.434830e-02	1.304210e+01
3.263000e-05	-7.289832e-02	1.295521e+01
3.264000e-05	-6.990820e-02	1.276637e+01
3.265000e-05	-6.340307e-02	1.261948e+01
3.266000e-05	-5.945111e-02	1.246258e+01
3.267000e-05	-5.755060e-02	1.228208e+01
3.268000e-05	-5.824656e-02	1.212471e+01
3.269000e-05	-5.275356e-02	1.190538e+01
3.270000e-05	-4.942990e-02	1.176729e+01
3.271000e-05	-4.820944e-02	1.151667e+01
3.272000e-05	-4.909083e-02	1.132474e+01
3.273000e-05	-4.624784e-02	1.114424e+01
3.274000e-05	-4.238181e-02	1.096577e+01
3.275000e-05	-3.915630e-02	1.081621e+01
3.276000e-05	-4.053667e-02	1.050524e+01
3.277000e-05	-4.074444e-02	1.034321e+01
3.278000e-05	-3.674973e-02	1.010416e+01
3.279000e-05	-3.616122e-02	9.883559e+00
3.280000e-05	-3.483523e-02	9.670026e+00
3.281000e-05	-3.703336e-02	9.430449e+00
3.282000e-05	-3.369654e-02	9.188442e+00
3.283000e-05	-3.077467e-02	8.996467e+00
3.284000e-05	-2.983109e-02	8.765914e+00
3.285000e-05	-3.129091e-02	8.523736e+00
3.286000e-05	-3.052236e-02	8.294134e+00
3.287000e-05	-2.864707e-02	8.060575e+00
3.288000e-05	-2.625845e-02	7.838470e+00
3.289000e-05	-2.707973e-02	7.536287e+00
3.290000e-05	-2.913421e-02	7.291700e+00
3.291000e-05	-2.658026e-02	7.001021e+00
3.292000e-05	-2.322572e-02	6.799393e+00
3.293000e-05	-2.339967e-02	6.511253e+00
3.294000e-05	-2.498929e-02	6.230551e+00
3.295000e-05	-2.405997e-02	6.017496e+00
3.296000e-05	-2.122915e-02	5.743830e+00
3.297000e-05	-2.090340e-02	5.511601e+00
3.298000e-05	-2.131683e-02	5.206841e+00
3.299000e-05	-2.301068e-02	4.891650e+00
3.300000e-05	-2.039377e-02	4.595892e+00
3.301000e-05	-1.966737e-02	4.333211e+00
3.302000e-05	-1.830873e-02	4.029996e+00
3.303000e-05	-2.010625e-02	3.764888e+00
3.304000e-05	-1.902559e-02	3.494284e+00
3.305000e-05	-1.610048e-02	3.228051e+00
3.306000e-05	-1.450479e-02	2.925841e+00
3.307000e-05	-1.721369e-02	2.690601e+00
3.308000e-05	-1.638373e-02	2.375912e+00
3.309000e-05	-1.583383e-02	2.101760e+00
3.310000e-05	-1.396978e-02	1.848075e+00
3.311000e-05	-1.363333e-02	1.512689e+00
3.312000e-05	-1.496689e-02	1.248549e+00
3.313000e-05	-1.302435e-02	9.021854e-01
3.314000e-05	-1.045205e-02	5.985934e-01
3.315000e-05	-1.043825e-02	3.858920e-01
3.316000e-05	-9.491598e-03	5.967362e-02
3.317000e-05	-4.579675e-03	-2.329829e-01
3.318000e-05	6.895324e-03	-4.561144e-01
3.319000e-05	-4.467034e-03	-7.408261e-01
3.320000e-05	4.075331e-03	-9.930316e-01
3.321000e-05	-3.822570e-03	-1.307720e+00
3.322000e-05	3.187682e-03	-1.589926e+00
3.323000e-05	3.823436e-03	-1.804005e+00
3.324000e-05	4.473885e-02	-2.034035e+00
3.325000e-05	1.302021e-01	-2.350722e+00
3.326000e-05	-9.204747e-03	-2.709241e+00
3.327000e-05	-2.718681e-02	-3.058793e+00
3.328000e-05	-2.464500e-02	-3.381421e+00
3.329000e-05	-3.739824e-02	-3.590980e+00
3.330000e-05	-9.642277e-02	-3.813908e+00
3.331000e-05	7.518727e-02	-4.012030e+00
3.332000e-05	6.256453e-02	-4.214480e+00
3.333000e-05	-1.214996e-01	-4.549347e+00
3.334000e-05	2.178930e-01	-4.781430e+00
3.335000e-05	-1.537326e-01	-5.097746e+00
3.336000e-05	9.224435e-02	-5.465960e+00
3.337000e-05	-2.224709e-02	-5.686088e+00
3.338000e-05	-8.116416e-02	-5.971903e+00
3.339000e-05	1.756369e-01	-6.182877e+00
3.340000e-05	-1.190665e-01	-6.518770e+00
3.341000e-05	1.365490e-01	-6.749849e+00
3.342000e-05	-5.761413e-02	-7.023906e+00
3.343000e-05	7.477989e-03	-7.357767e+00
3.344000e-05	6.338262e-02	-7.539768e+00
3.345000e-05	-7.752853e-02	-7.855010e+00
3.346000e-05	1.467132e-01	-8.137741e+00
3.347000e-05	-8.609211e-02	-8.290245e+00
3.348000e-05	1.100460e-01	-8.592848e+00
3.349000e-05	-1.696405e-02	-8.812505e+00
3.350000e-05	-1.489986e-02	-9.066585e+00
3.351000e-05	6.003273e-02	-9.264537e+00
3.352000e-05	-3.818900e-02	-9.468591e+00
3.353000e-05	1.187862e-01	-9.688768e+00
3.354000e-05	-5.408123e-02	-9.919172e+00
3.355000e-05	9.928605e-02	-1.018982e+01
3.356000e-05	-3.896313e-02	-1.035182e+01
3.357000e-05	6.895715e-02	-1.058240e+01
3.358000e-05	4.505217e-03	-1.078082e+01
3.359000e-05	2.576261e-02	-1.098183e+01
3.360000e-05	4.383470e-02	-1.117188e+01
3.361000e-05	7.789523e-03	-1.145248e+01
3.362000e-05	6.998099e-02	-1.160040e+01
3.363000e-05	-9.499876e-03	-1.181385e+01
3.364000e-05	6.896656e-02	-1.199280e+01
3.365000e-05	1.228395e-03	-1.220080e+01
3.366000e-05	7.666854e-02	-1.235985e+01
3.367000e-05	8.114053e-03	-1.253925e+01
3.368000e-05	5.183522e-02	-1.265864e+01
3.369000e-05	2.239395e-02	-1.283456e+01
3.370000e-05	5.227731e-02	-1.302343e+01
3.371000e-05	4.306310e-02	-1.313965e+01
3.372000e-05	4.228615e-02	-1.328767e+01
3.373000e-05	5.204314e-02	-1.343490e+01
3.374000e-05	4.104454e-02	-1.360282e+01
3.375000e-05	6.037551e-02	-1.366672e+01
3.376000e-05	3.524436e-02	-1.384249e+01
3.377000e-05	5.689347e-02	-1.399932e+01
3.378000e-05	4.502909e-02	-1.411664e+01
3.379000e-05	6.865409e-02	-1.425283e+01
3.380000e-05	5.251067e-02	-1.432967e+01
3.381000e-05	6.284105e-02	-1.446333e+01
3.382000e-05	5.525300e-02	-1.452674e+01
3.383000e-05	7.107722e-02	-1.465395e+01
3.384000e-05	6.822748e-02	-1.471666e+01
3.385000e-05	7.112441e-02	-1.479085e+01
3.386000e-05	7.006124e-02	-1.484356e+01
3.387000e-05	7.450697e-02	-1.493824e+01
3.388000e-05	7.865096e-02	-1.500190e+01
3.389000e-05	7.510030e-02	-1.502566e+01
3.390000e-05	8.154780e-02	-1.511664e+01
3.391000e-05	8.601959e-02	-1.515022e+01
3.392000e-05	9.906733e-02	-1.517077e+01
3.393000e-05	9.428558e-02	-1.521395e+01
3.394000e-05	9.906069e-02	-1.523548e+01
3.395000e-05	9.629836e-02	-1.531354e+01
3.396000e-05	1.079479e-01	-1.528616e+01
3.397000e-05	1.107595e-01	-1.529859e+01
3.398000e-05	1.179119e-01	-1.538762e+01
3.399000e-05	1.220847e-01	-1.534722e+01
3.400000e-05	1.309915e-01	-1.533724e+01
3.401000e-05	1.382123e-01	-1.530764e+01
3.402000e-05	1.421406e-01	-1.533466e+01
3.403000e-05	1.508154e-01	-1.530406e+01
3.404000e-05	1.607920e-01	-1.530496e+01
3.405000e-05	1.853383e-01	-1.520293e+01
3.406000e-05	2.012641e-01	-1.522125e+01
3.407000e-05	2.284469e-01	-1.517879e+01
3.408000e-05	2.469749e-01	-1.513767e+01
3.409000e-05	2.500000e-01	-1.506398e+01
3.410000e-05	2.500000e-01	-1.503143e+01
3.411000e-05	2.500000e-01	-1.496874e+01
3.412000e-05	2.500000e-01	-1.489204e+01
3.413000e-05	2.500000e-01	-1.479992e+01
3.414000e-05	2.500000e-01	-1.473777e+01
3.415000e-05	2.486093e-01	-1.466451e+01
3.416000e-05	2.266456e-01	-1.455787e+01
3.417000e-05	1.968018e-01	-1.445301e+01
3.418000e-05	1.732753e-01	-1.438974e+01
3.419000e-05	1.511437e-01	-1.424406e+01
3.420000e-05	1.319358e-01	-1.416926e+01
3.421000e-05	1.169556e-01	-1.405197e+01
3.422000e-05	1.060403e-01	-1.394416e+01
3.423000e-05	9.808400e-02	-1.377837e+01
3.424000e-05	8.886441e-02	-1.366140e+01
3.425000e-05	8.405344e-02	-1.350468e+01
3.426000e-05	7.633016e-02	-1.333832e+01
3.427000e-05	7.045565e-02	-1.323089e+01
3.428000e-05	6.315395e-02	-1.308208e+01
3.429000e-05	5.657172e-02	-1.294571e+01
3.430000e-05	5.341260e-02	-1.277834e+01
3.431000e-05	5.126828e-02	-1.262150e+01
3.432000e-05	4.885183e-02	-1.249111e+01
3.433000e-05	4.618096e-02	-1.231371e+01
3.434000e-05	4.336802e-02	-1.215666e+01
3.435000e-05	4.102469e-02	-1.196721e+01
3.436000e-05	3.629624e-02	-1.171576e+01
3.437000e-05	3.474173e-02	-1.154454e+01
3.438000e-05	3.080461e-02	-1.131514e+01
3.439000e-05	3.111893e-02	-1.109113e+01
3.440000e-05	2.885395e-02	-1.091456e+01
3.441000e-05	2.795256e-02	-1.067221e+01
3.442000e-05	2.561506e-02	-1.050424e+01
3.443000e-05	2.448032e-02	-1.029463e+01
3.444000e-05	2.311269e-02	-1.007155e+01
3.445000e-05	2.121853e-02	-9.821554e+00
3.446000e-05	1.970130e-02	-9.640451e+00
3.447000e-05	1.876861e-02	-9.399451e+00
3.448000e-05	1.816758e-02	-9.196842e+00
3.449000e-05	1.826757e-02	-8.977341e+00
3.450000e-05	1.498292e-02	-8.757162e+00
3.451000e-05	1.464397e-02	-8.503703e+00
3.452000e-05	1.257310e-02	-8.220630e+00
3.453000e-05	1.199015e-02	-8.040455e+00
3.454000e-05	1.047256e-02	-7.768341e+00
3.455000e-05	1.118143e-02	-7.502608e+00
3.456000e-05	1.005883e-02	-7.271455e+00
3.457000e-05	9.687762e-03	-6.997391e+00
3.458000e-05	8.185146e-03	-6.703188e+00
3.459000e-05	6.623291e-03	-6.493184e+00
3.460000e-05	5.854444e-03	-6.198501e+00
3.461000e-05	5.051172e-03	-5.924288e+00
3.462000e-05	3.491625e-03	-5.692685e+00
3.463000e-05	3.385321e-03	-5.428571e+00
3.464000e-05	3.143990e-03	-5.092157e+00
3.465000e-05	1.581478e-03	-4.756346e+00
3.466000e-05	2.654271e-03	-4.503182e+00
3.467000e-05	9.453121e-04	-4.252082e+00
3.468000e-05	2.174271e-03	-4.010921e+00
3.469000e-05	-2.478955e-03	-3.753862e+00
3.470000e-05	-1.356905e-03	-3.482129e+00
3.471000e-05	-3.918040e-03	-3.198972e+00
3.472000e-05	-3.634835e-03	-2.892709e+00
3.473000e-05	-4.211757e-03	-2.638999e+00
3.474000e-05	-2.537011e-03	-2.323868e+00
3.475000e-05	-3.295834e-03	-2.030103e+00
3.476000e-05	-3.126416e-03	-1.796923e+00
3.477000e-05	-5.256343e-03	-1.491235e+00
3.478000e-05	-6.447916e-03	-1.143842e+00
3.479000e-05	-7.671953e-03	-8.921815e-01
3.480000e-05	-6.362416e-03	-5.868671e-01
3.481000e-05	-6.795756e-03	-3.037881e-01
3.482000e-05	-5.121698e-03	-5.112751e-02
3.483000e-05	4.623908e-03	2.435881e-01
3.484000e-05	3.389320e-03	4.762133e-01
3.485000e-05	1.714277e-03	7.603711e-01
3.486000e-05	2.193755e-03	9.950305e-01
3.487000e-05	-1.786273e-03	1.316242e+00
3.488000e-05	1.936212e-04	1.633530e+00
3.489000e-05	2.394899e-03	1.906661e+00
3.490000e-05	2.615265e-02	2.075238e+00
3.491000e-05	9.475462e-02	2.390950e+00
3.492000e-05	4.208320e-02	2.730321e+00
3.493000e-05	-5.997966e-02	3.013540e+00
3.494000e-05	-2.614849e-02	3.265093e+00
3.495000e-05	-3.764715e-02	3.602000e+00
3.496000e-05	-4.649224e-02	3.803581e+00
3.497000e-05	-7.992919e-02	4.002586e+00
3.498000e-05	7.015134e-02	4.277642e+00
3.499000e-05	1.113359e-02	4.592950e+00
3.500000e-05	-6.119150e-02	4.841001e+00
3.501000e-05	1.579437e-01	5.082369e+00
3.502000e-05	-1.363718e-01	5.425081e+00
3.503000e-05	4.307525e-02	5.677612e+00
3.504000e-05	-2.997668e-02	6.010979e+00
3.505000e-05	-5.679744e-03	6.212454e+00
3.506000e-05	4.280661e-02	6.515190e+00
3.507000e-05	-7.472065e-02	6.771897e+00
3.508000e-05	4.386324e-02	7.024479e+00
3.509000e-05	-5.338183e-02	7.325664e+00
3.510000e-05	1.965712e-02	7.540873e+00
3.511000e-05	-4.763929e-02	7.864609e+00
3.512000e-05	-9.193230e-03	8.139243e+00
3.513000e-05	2.731949e-02	8.329801e+00
3.514000e-05	-3.943824e-02	8.569347e+00
3.515000e-05	1.504318e-02	8.781349e+00
3.516000e-05	-5.468657e-02	9.045503e+00
3.517000e-05	-1.751537e-02	9.244587e+00
3.518000e-05	-6.394166e-03	9.486088e+00
3.519000e-05	-1.284051e-02	9.679665e+00
3.520000e-05	-2.156839e-02	9.921872e+00
3.521000e-05	-3.221698e-02	1.017887e+01
3.522000e-05	-5.921343e-06	1.039132e+01
3.523000e-05	-3.218750e-02	1.058140e+01
3.524000e-05	-2.379755e-02	1.078130e+01
3.525000e-05	-3.900751e-02	1.101239e+01
3.526000e-05	-2.157235e-02	1.115093e+01
3.527000e-05	-1.709743e-02	1.140192e+01
3.528000e-05	-3.201151e-02	1.157190e+01
3.529000e-05	-3.767465e-02	1.178257e+01
3.530000e-05	-3.576756e-02	1.198042e+01
3.531000e-05	-2.151712e-02	1.216134e+01
3.532000e-05	-2.916660e-02	1.231074e+01
3.533000e-05	-4.075096e-02	1.248709e+01
3.534000e-05	-4.673709e-02	1.267506e+01
3.535000e-05	-3.578971e-02	1.280205e+01
3.536000e-05	-3.444771e-02	1.297034e+01
3.537000e-05	-4.485976e-02	1.312869e+01
3.538000e-05	-5.033277e-02	1.329459e+01
3.539000e-05	-4.209232e-02	1.342393e+01
3.540000e-05	-3.920100e-02	1.357024e+01
3.541000e-05	-4.805555e-02	1.369558e+01
3.542000e-05	-6.151837e-02	1.380145e+01
3.543000e-05	-5.916559e-02	1.395872e+01
3.544000e-05	-5.119728e-02	1.404506e+01
3.545000e-05	-5.218228e-02	1.420092e+01
3.546000e-05	-6.292820e-02	1.435874e+01
3.547000e-05	-6.909406e-02	1.442248e+01
3.548000e-05	-6.163667e-02	1.453721e+01
3.549000e-05	-6.346487e-02	1.461035e+01
3.550000e-05	-6.804704e-02	1.466749e+01
3.551000e-05	-8.002809e-02	1.477887e+01
3.552000e-05	-7.454191e-02	1.487305e+01
3.553000e-05	-7.562629e-02	1.489356e+01
3.554000e-05	-7.981934e-02	1.498874e+01
3.555000e-05	-9.367476e-02	1.501042e+01
3.556000e-05	-9.445821e-02	1.504603e+01
3.557000e-05	-8.995125e-02	1.510664e+01
3.558000e-05	-9.057791e-02	1.513832e+01
3.559000e-05	-1.004095e-01	1.520834e+01
3.560000e-05	-1.095498e-01	1.522042e+01
3.561000e-05	-1.082629e-01	1.523307e+01
3.562000e-05	-1.107010e-01	1.527203e+01
3.563000e-05	-1.186117e-01	1.526358e+01
3.564000e-05	-1.305063e-01	1.531616e+01
3.565000e-05	-1.327311e-01	1.529415e+01
3.566000e-05	-1.346609e-01	1.528451e+01
3.567000e-05	-1.412271e-01	1.528308e+01
3.568000e-05	-1.569791e-01	1.525256e+01
3.569000e-05	-1.697206e-01	1.527192e+01
3.570000e-05	-1.772862e-01	1.524993e+01
3.571000e-05	-1.924311e-01	1.518994e+01
3.572000e-05	-2.173874e-01	1.517824e+01
3.573000e-05	-2.447802e-01	1.513474e+01
3.574000e-05	-2.499997e-01	1.506503e+01
3.575000e-05	-2.500000e-01	1.498192e+01
3.576000e-05	-2.500000e-01	1.494684e+01
3.577000e-05	-2.500000e-01	1.487421e+01
3.578000e-05	-2.500000e-01	1.482193e+01
3.579000e-05	-2.500000e-01	1.474881e+01
3.580000e-05	-2.500000e-01	1.467401e+01
3.581000e-05	-2.485341e-01	1.460977e+01
3.582000e-05	-2.276749e-01	1.449413e+01
3.583000e-05	-1.950831e-01	1.440090e+01
3.584000e-05	-1.702809e-01	1.433406e+01
3.585000e-05	-1.522389e-01	1.418990e+01
3.586000e-05	-1.422079e-01	1.409358e+01
3.587000e-05	-1.254670e-01	1.392766e+01
3.588000e-05	-1.120325e-01	1.385044e+01
3.589000e-05	-1.023759e-01	1.370363e+01
3.590000e-05	-9.907758e-02	1.356679e+01
3.591000e-05	-9.270856e-02	1.344102e+01
3.592000e-05	-8.388941e-02	1.327513e+01
3.593000e-05	-7.569709e-02	1.314724e+01
3.594000e-05	-7.487559e-02	1.299235e+01
3.595000e-05	-7.212572e-02	1.285147e+01
3.596000e-05	-6.707505e-02	1.265263e+01
3.597000e-05	-6.073085e-02	1.256528e+01
3.598000e-05	-5.876279e-02	1.234724e+01
3.599000e-05	-5.766170e-02	1.219887e+01
3.600000e-05	-5.401913e-02	1.201997e+01
3.601000e-05	-5.041014e-02	1.180105e+01
3.602000e-05	-4.708483e-02	1.163050e+01
3.603000e-05	-4.954359e-02	1.143842e+01
3.604000e-05	-4.811588e-02	1.119852e+01
3.605000e-05	-4.440954e-02	1.101050e+01
3.606000e-05	-3.962055e-02	1.084097e+01
3.607000e-05	-4.056979e-02	1.063052e+01
3.608000e-05	-4.063989e-02	1.040947e+01
3.609000e-05	-3.844920e-02	1.022747e+01
3.610000e-05	-3.547725e-02	1.000687e+01
3.611000e-05	-3.485342e-02	9.746337e+00
3.612000e-05	-3.644730e-02	9.514237e+00
3.613000e-05	-3.564852e-02	9.313213e+00
3.614000e-05	-3.206633e-02	9.082584e+00
3.615000e-05	-3.001979e-02	8.890022e+00
3.616000e-05	-3.089845e-02	8.630970e+00
3.617000e-05	-3.177032e-02	8.428414e+00
3.618000e-05	-2.984455e-02	8.175367e+00
3.619000e-05	-2.724409e-02	7.913233e+00
3.620000e-05	-2.583421e-02	7.661151e+00
3.621000e-05	-2.790583e-02	7.387492e+00
3.622000e-05	-2.673788e-02	7.114333e+00
3.623000e-05	-2.470069e-02	6.922079e+00
3.624000e-05	-2.276910e-02	6.601016e+00
3.625000e-05	-2.487525e-02	6.344864e+00
3.626000e-05	-2.523315e-02	6.092710e+00
3.627000e-05	-2.270942e-02	5.831081e+00
3.628000e-05	-2.013389e-02	5.565444e+00
3.629000e-05	-2.026435e-02	5.322707e+00
3.630000e-05	-2.231278e-02	4.988439e+00
3.631000e-05	-2.168133e-02	4.693129e+00
3.632000e-05	-1.974044e-02	4.440099e+00
3.633000e-05	-1.812978e-02	4.155363e+00
3.634000e-05	-1.890649e-02	3.871625e+00
3.635000e-05	-1.984392e-02	3.598571e+00
3.636000e-05	-1.825956e-02	3.323834e+00
3.637000e-05	-1.549113e-02	3.081697e+00
3.638000e-05	-1.576346e-02	2.798496e+00
3.639000e-05	-1.818520e-02	2.521226e+00
3.640000e-05	-1.618141e-02	2.207995e+00
3.641000e-05	-1.370248e-02	1.965438e+00
3.642000e-05	-1.180566e-02	1.618175e+00
3.643000e-05	-1.465449e-02	1.345837e+00
3.644000e-05	-1.485002e-02	1.068675e+00
3.645000e-05	-1.294476e-02	7.343620e-01
3.646000e-05	-1.023070e-02	4.716513e-01
3.647000e-05	-9.523341e-03	1.854418e-01
3.648000e-05	-7.941111e-03	-7.722099e-02
3.649000e-05	4.177626e-03	-3.608763e-01
3.650000e-05	1.751620e-04	-6.536843e-01
3.651000e-05	2.100481e-03	-8.982871e-01
3.652000e-05	-2.312996e-03	-1.140876e+00
3.653000e-05	6.337172e-04	-1.504244e+00
3.654000e-05	1.583385e-04	-1.697718e+00
3.655000e-05	2.387173e-02	-1.908397e+00
3.656000e-05	9.675752e-02	-2.171976e+00
3.657000e-05	8.017893e-02	-2.541399e+00
3.658000e-05	-6.242132e-02	-2.931300e+00
3.659000e-05	1.800237e-03	-3.296145e+00
3.660000e-05	-5.146990e-02	-3.507162e+00
3.661000e-05	-5.372529e-02	-3.718641e+00
3.662000e-05	-5.517457e-02	-3.939896e+00
3.663000e-05	1.759362e-01	-4.136744e+00
3.664000e-05	-1.592706e-01	-4.403956e+00
3.665000e-05	1.457352e-01	-4.749643e+00
3.666000e-05	1.587546e-02	-4.931375e+00
3.667000e-05	-8.834782e-02	-5.328747e+00
3.668000e-05	1.430216e-01	-5.519897e+00
3.669000e-05	-1.871289e-01	-5.845489e+00
3.670000e-05	1.663229e-01	-6.078162e+00
3.671000e-05	-2.980261e-02	-6.332772e+00
3.672000e-05	1.423841e-02	-6.665062e+00
3.673000e-05	8.345174e-02	-6.877693e+00
3.674000e-05	-1.073059e-01	-7.203431e+00
3.675000e-05	1.289877e-01	-7.445510e+00
3.676000e-05	-9.427745e-02	-7.749696e+00
3.677000e-05	9.936711e-02	-7.993405e+00
3.678000e-05	8.292063e-03	-8.222459e+00
3.679000e-05	-9.314372e-03	-8.506641e+00
3.680000e-05	1.042251e-01	-8.698695e+00
3.681000e-05	-9.881092e-02	-9.011823e+00
3.682000e-05	1.031446e-01	-9.160372e+00
3.683000e-05	-6.013828e-02	-9.383379e+00
3.684000e-05	1.017569e-01	-9.654984e+00
3.685000e-05	-4.375157e-03	-9.834504e+00
3.686000e-05	3.593807e-02	-1.002714e+01
3.687000e-05	3.567367e-02	-1.028712e+01
3.688000e-05	-9.529266e-03	-1.054779e+01
3.689000e-05	7.527040e-02	-1.065716e+01
3.690000e-05	-3.313759e-02	-1.089919e+01
3.691000e-05	8.414392e-02	-1.108811e+01
3.692000e-05	-1.820761e-02	-1.132827e+01
3.693000e-05	8.091475e-02	-1.151774e+01
3.694000e-05	-5.988288e-03	-1.174764e+01
3.695000e-05	5.294743e-02	-1.192967e+01
3.696000e-05	2.135654e-02	-1.210876e+01
3.697000e-05	4.841439e-02	-1.227866e+01
3.698000e-05	4.194287e-02	-1.246463e+01
3.699000e-05	2.164795e-02	-1.264548e+01
3.700000e-05	4.903743e-02	-1.281087e+01
3.701000e-05	2.412723e-02	-1.297032e+01
3.702000e-05	6.363225e-02	-1.308764e+01
3.703000e-05	2.439911e-02	-1.327451e+01
3.704000e-05	6.441951e-02	-1.337190e+01
3.705000e-05	3.273862e-02	-1.350922e+01
3.706000e-05	6.438377e-02	-1.360456e+01
3.707000e-05	3.679616e-02	-1.381198e+01
3.708000e-05	5.407687e-02	-1.391872e+01
3.709000e-05	4.587626e-02	-1.408503e+01
3.710000e-05	6.233269e-02	-1.417132e+01
3.711000e-05	5.884374e-02	-1.429761e+01
3.712000e-05	5.726628e-02	-1.440328e+01
3.713000e-05	5.979064e-02	-1.445704e+01
3.714000e-05	6.234505e-02	-1.463235e+01
3.715000e-05	7.218476e-02	-1.467651e+01
3.716000e-05	6.529743e-02	-1.475737e+01
3.717000e-05	7.381872e-02	-1.484043e+01
3.718000e-05	6.934070e-02	-1.488417e+01
3.719000e-05	8.171584e-02	-1.498080e+01
3.720000e-05	7.348561e-02	-1.502345e+01
3.721000e-05	8.192691e-02	-1.506509e+01
3.722000e-05	8.177597e-02	-1.513767e+01
3.723000e-05	9.590979e-02	-1.517025e+01
3.724000e-05	9.532205e-02	-1.519290e+01
3.725000e-05	9.744386e-02	-1.527386e+01
3.726000e-05	9.728839e-02	-1.524456e+01
3.727000e-05	1.029363e-01	-1.534664e+01
3.728000e-05	1.106521e-01	-1.529564e+01
3.729000e-05	1.141881e-01	-1.537619e+01
3.730000e-05	1.197090e-01	-1.536764e+01
3.731000e-05	1.251506e-01	-1.533619e+01
3.732000e-05	1.357218e-01	-1.531874e+01
3.733000e-05	1.412884e-01	-1.531617e+01
3.734000e-05	1.486312e-01	-1.528613e+01
3.735000e-05	1.579312e-01	-1.525606e+01
3.736000e-05	1.744620e-01	-1.530353e+01
3.737000e-05	1.943209e-01	-1.521080e+01
3.738000e-05	2.148166e-01	-1.518132e+01
3.739000e-05	2.409514e-01	-1.510764e+01
3.740000e-05	2.499984e-01	-1.511511e+01
3.741000e-05	2.500000e-01	-1.503300e+01
3.742000e-05	2.500000e-01	-1.497085e+01
3.743000e-05	2.500000e-01	-1.491664e+01
3.744000e-05	2.500000e-01	-1.482050e+01
3.745000e-05	2.500000e-01	-1.478787e+01
3.746000e-05	2.499900e-01	-1.468561e+01
3.747000e-05	2.389148e-01	-1.459890e+01
3.748000e-05	2.059916e-01	-1.450466e+01
3.749000e-05	1.799279e-01	-1.443135e+01
3.750000e-05	1.601351e-01	-1.433616e+01
3.751000e-05	1.414977e-01	-1.419237e+01
3.752000e-05	1.251777e-01	-1.411356e+01
3.753000e-05	1.122895e-01	-1.396774e+01
3.754000e-05	1.024920e-01	-1.387043e+01
3.755000e-05	9.180719e-02	-1.372463e+01
3.756000e-05	8.238532e-02	-1.354072e+01
3.757000e-05	7.587568e-02	-1.344150e+01
3.758000e-05	7.198661e-02	-1.327366e+01
3.759000e-05	6.789377e-02	-1.314574e+01
3.760000e-05	6.164316e-02	-1.301040e+01
3.761000e-05	5.570699e-02	-1.283345e+01
3.762000e-05	5.230405e-02	-1.269553e+01
3.763000e-05	4.985403e-02	-1.253371e+01
3.764000e-05	4.724881e-02	-1.236871e+01
3.765000e-05	4.253326e-02	-1.217792e+01
3.766000e-05	4.074448e-02	-1.196930e+01
3.767000e-05	3.765217e-02	-1.182090e+01
3.768000e-05	3.613464e-02	-1.162142e+01
3.769000e-05	3.314853e-02	-1.138027e+01
3.770000e-05	3.050289e-02	-1.119679e+01
3.771000e-05	3.018695e-02	-1.097682e+01
3.772000e-05	2.983399e-02	-1.081977e+01
3.773000e-05	2.797902e-02	-1.060035e+01
3.774000e-05	2.432010e-02	-1.038824e+01
3.775000e-05	2.358771e-02	-1.018730e+01
3.776000e-05	2.131189e-02	-9.936738e+00
3.777000e-05	2.064972e-02	-9.755212e+00
3.778000e-05	1.953800e-02	-9.493713e+00
3.779000e-05	1.828046e-02	-9.244099e+00
3.780000e-05	1.750630e-02	-9.081079e+00
3.781000e-05	1.668312e-02	-8.811428e+00
3.782000e-05	1.465324e-02	-8.597948e+00
3.783000e-05	1.318140e-02	-8.364289e+00
3.784000e-05	1.248518e-02	-8.124689e+00
3.785000e-05	1.277178e-02	-7.882654e+00
3.786000e-05	1.207807e-02	-7.616847e+00
3.787000e-05	9.548167e-03	-7.374813e+00
3.788000e-05	7.609189e-03	-7.122678e+00
3.789000e-05	7.298753e-03	-6.829396e+00
3.790000e-05	8.199871e-03	-6.556892e+00
3.791000e-05	5.541359e-03	-6.324714e+00
3.792000e-05	5.190003e-03	-6.071554e+00
3.793000e-05	4.454188e-03	-5.816870e+00
3.794000e-05	4.638975e-03	-5.504735e+00
3.795000e-05	3.311646e-03	-5.260946e+00
3.796000e-05	1.403888e-03	-4.934337e+00
3.797000e-05	1.614685e-03	-4.648968e+00
3.798000e-05	2.618339e-03	-4.386342e+00
3.799000e-05	1.568321e-03	-4.124237e+00
3.800000e-05	2.102105e-04	-3.899477e+00
3.801000e-05	-2.187219e-03	-3.546820e+00
3.802000e-05	-2.842650e-03	-3.312737e+00
3.803000e-05	-2.871079e-03	-3.028550e+00
3.804000e-05	-2.094589e-03	-2.704783e+00
3.805000e-05	-4.239842e-03	-2.460182e+00
3.806000e-05	-3.036136e-03	-2.176918e+00
3.807000e-05	-4.769057e-03	-1.883653e+00
3.808000e-05	-4.144870e-03	-1.639155e+00
3.809000e-05	-6.205901e-03	-1.313212e+00
3.810000e-05	-7.871524e-03	-1.006473e+00
3.811000e-05	-6.834737e-03	-7.338143e-01
3.812000e-05	-6.883935e-03	-4.195211e-01
3.813000e-05	-6.116917e-03	-1.652657e-01
3.814000e-05	-1.688196e-03	9.774336e-02
3.815000e-05	9.088117e-03	4.121528e-01
3.816000e-05	-2.161319e-03	6.646342e-01
3.817000e-05	5.967640e-03	8.767435e-01
3.818000e-05	-4.514093e-03	1.242030e+00
3.819000e-05	1.931903e-03	1.496162e+00
3.820000e-05	-3.548355e-03	1.782601e+00
3.821000e-05	1.779413e-02	2.002026e+00
3.822000e-05	5.867107e-02	2.275182e+00
3.823000e-05	1.009810e-01	2.571926e+00
3.824000e-05	-5.083958e-02	2.888268e+00
3.825000e-05	-2.697603e-02	3.141428e+00
3.826000e-05	-4.259066e-02	3.486737e+00
3.827000e-05	-2.688462e-02	3.727793e+00
3.828000e-05	-8.876392e-02	3.938743e+00
3.829000e-05	-3.524172e-03	4.139746e+00
3.830000e-05	9.763502e-02	4.455637e+00
3.831000e-05	-1.163798e-01	4.750816e+00
3.832000e-05	1.400369e-01	4.969330e+00
3.833000e-05	-3.595124e-02	5.360321e+00
3.834000e-05	-5.753237e-02	5.532025e+00
3.835000e-05	4.208302e-02	5.896111e+00
3.836000e-05	-6.409223e-02	6.118220e+00
3.837000e-05	6.918493e-02	6.380423e+00
3.838000e-05	-5.418183e-02	6.637113e+00
3.839000e-05	-5.543629e-04	6.927243e+00
3.840000e-05	-1.923548e-03	7.151950e+00
3.841000e-05	-3.122150e-02	7.465609e+00
3.842000e-05	8.785102e-03	7.749747e+00
3.843000e-05	-6.398491e-02	7.993998e+00
3.844000e-05	4.514500e-02	8.275232e+00
3.845000e-05	-2.597229e-02	8.475693e+00
3.846000e-05	-7.124862e-03	8.646114e+00
3.847000e-05	-1.289764e-02	8.966296e+00
3.848000e-05	-6.245853e-02	9.170876e+00
3.849000e-05	1.987553e-02	9.390873e+00
3.850000e-05	-3.275446e-02	9.631424e+00
3.851000e-05	4.661726e-03	9.855006e+00
3.852000e-05	-5.003848e-02	1.007616e+01
3.853000e-05	1.330224e-03	1.026611e+01
3.854000e-05	-2.215410e-02	1.048561e+01
3.855000e-05	-2.936440e-02	1.068756e+01
3.856000e-05	-2.796808e-02	1.093766e+01
3.857000e-05	-4.013570e-02	1.113667e+01
3.858000e-05	-3.064647e-03	1.131616e+01
3.859000e-05	-3.882699e-02	1.151714e+01
3.860000e-05	-2.388608e-02	1.169774e+01
3.861000e-05	-5.056140e-02	1.189661e+01
3.862000e-05	-1.751670e-02	1.206814e+01
3.863000e-05	-2.928881e-02	1.225654e+01
3.864000e-05	-3.294343e-02	1.244445e+01
3.865000e-05	-4.669390e-02	1.259095e+01
3.866000e-05	-4.360355e-02	1.273930e+01
3.867000e-05	-3.024184e-02	1.290719e+01
3.868000e-05	-4.483521e-02	1.308558e+01
3.869000e-05	-4.448608e-02	1.322293e+01
3.870000e-05	-5.060022e-02	1.336884e+01
3.871000e-05	-3.220001e-02	1.350506e+01
3.872000e-05	-4.652870e-02	1.365205e+01
3.873000e-05	-5.319252e-02	1.379122e+01
3.874000e-05	-6.556378e-02	1.388461e+01
3.875000e-05	-5.309025e-02	1.404192e+01
3.876000e-05	-5.198091e-02	1.413879e+01
3.877000e-05	-5.778200e-02	1.428456e+01
3.878000e-05	-6.673427e-02	1.438092e+01
3.879000e-05	-6.519582e-02	1.445461e+01
3.880000e-05	-5.877311e-02	1.455127e+01
3.881000e-05	-6.691609e-02	1.468498e+01
3.882000e-05	-7.428868e-02	1.475879e+01
3.883000e-05	-7.995225e-02	1.481998e+01
3.884000e-05	-7.356830e-02	1.488356e+01
3.885000e-05	-7.679151e-02	1.491776e+01
3.886000e-05	-8.760497e-02	1.502092e+01
3.887000e-05	-9.503597e-02	1.506392e+01
3.888000e-05	-9.185469e-02	1.509511e+01
3.889000e-05	-8.752283e-02	1.515682e+01
3.890000e-05	-9.563267e-02	1.515882e+01
3.891000e-05	-1.060785e-01	1.520189e+01
3.892000e-05	-1.099565e-01	1.527190e+01
3.893000e-05	-1.086754e-01	1.521303e+01
3.894000e-05	-1.152658e-01	1.527463e+01
3.895000e-05	-1.267908e-01	1.529354e+01
3.896000e-05	-1.334836e-01	1.531416e+01
3.897000e-05	-1.331254e-01	1.530408e+01
3.898000e-05	-1.360154e-01	1.530153e+01
3.899000e-05	-1.505396e-01	1.529310e+01
3.900000e-05	-1.648325e-01	1.529208e+01
3.901000e-05	-1.742923e-01	1.524048e+01
3.902000e-05	-1.854094e-01	1.521939e+01
3.903000e-05	-2.054650e-01	1.516830e+01
3.904000e-05	-2.352633e-01	1.511869e+01
3.905000e-05	-2.495655e-01	1.508408e+01
3.906000e-05	-2.500000e-01	1.503397e+01
3.907000e-05	-2.500000e-01	1.496934e+01
3.908000e-05	-2.500000e-01	1.493456e+01
3.909000e-05	-2.500000e-01	1.486258e+01
3.910000e-05	-2.500000e-01	1.477885e+01
3.911000e-05	-2.500000e-01	1.472671e+01
3.912000e-05	-2.496650e-01	1.463285e+01
3.913000e-05	-2.389298e-01	1.452966e+01
3.914000e-05	-2.065971e-01	1.449201e+01
3.915000e-05	-1.798143e-01	1.435624e+01
3.916000e-05	-1.583544e-01	1.426052e+01
3.917000e-05	-1.469965e-01	1.412714e+01
3.918000e-05	-1.307250e-01	1.398837e+01
3.919000e-05	-1.195298e-01	1.387513e+01
3.920000e-05	-1.054559e-01	1.375724e+01
3.921000e-05	-1.023524e-01	1.360940e+01
3.922000e-05	-9.549318e-02	1.347263e+01
3.923000e-05	-8.793211e-02	1.334624e+01
3.924000e-05	-7.776859e-02	1.321932e+01
3.925000e-05	-7.435554e-02	1.301953e+01
3.926000e-05	-7.210962e-02	1.289411e+01
3.927000e-05	-6.958021e-02	1.275476e+01
3.928000e-05	-6.175807e-02	1.260037e+01
3.929000e-05	-6.038567e-02	1.243988e+01
3.930000e-05	-5.862750e-02	1.225057e+01
3.931000e-05	-5.837004e-02	1.207211e+01
3.932000e-05	-5.177650e-02	1.193366e+01
3.933000e-05	-4.893399e-02	1.173466e+01
3.934000e-05	-4.737043e-02	1.150269e+01
3.935000e-05	-4.925453e-02	1.128414e+01
3.936000e-05	-4.539881e-02	1.107268e+01
3.937000e-05	-4.158907e-02	1.092371e+01
3.938000e-05	-3.928818e-02	1.069421e+01
3.939000e-05	-4.176487e-02	1.051268e+01
3.940000e-05	-4.083329e-02	1.027256e+01
3.941000e-05	-3.777183e-02	1.000110e+01
3.942000e-05	-3.507938e-02	9.809048e+00
3.943000e-05	-3.613433e-02	9.608472e+00
3.944000e-05	-3.624806e-02	9.427544e+00
3.945000e-05	-3.342022e-02	9.148371e+00
3.946000e-05	-3.018328e-02	8.934285e+00
3.947000e-05	-2.966003e-02	8.712662e+00
3.948000e-05	-3.154377e-02	8.482233e+00
3.949000e-05	-3.051890e-02	8.250158e+00
3.950000e-05	-2.836069e-02	8.018020e+00
3.951000e-05	-2.644268e-02	7.748366e+00
3.952000e-05	-2.721412e-02	7.503660e+00
3.953000e-05	-2.694547e-02	7.249021e+00
3.954000e-05	-2.613567e-02	6.987845e+00
3.955000e-05	-2.225455e-02	6.733263e+00
3.956000e-05	-2.425764e-02	6.419472e+00
3.957000e-05	-2.484198e-02	6.208496e+00
3.958000e-05	-2.464720e-02	5.996867e+00
3.959000e-05	-2.056199e-02	5.711703e+00
3.960000e-05	-2.126344e-02	5.438022e+00
3.961000e-05	-2.078185e-02	5.082228e+00
3.962000e-05	-2.206775e-02	4.807495e+00
3.963000e-05	-1.924757e-02	4.524287e+00
3.964000e-05	-1.886704e-02	4.250100e+00
3.965000e-05	-1.891513e-02	3.945965e+00
3.966000e-05	-1.900279e-02	3.724212e+00
3.967000e-05	-1.864005e-02	3.429601e+00
3.968000e-05	-1.645899e-02	3.176341e+00
3.969000e-05	-1.616247e-02	2.922185e+00
3.970000e-05	-1.677948e-02	2.656491e+00
3.971000e-05	-1.814127e-02	2.323205e+00
3.972000e-05	-1.403598e-02	2.051075e+00
3.973000e-05	-1.429778e-02	1.756468e+00
3.974000e-05	-1.350662e-02	1.489656e+00
3.975000e-05	-1.499310e-02	1.163967e+00
3.976000e-05	-1.276464e-02	8.491250e-01
3.977000e-05	-1.199354e-02	5.859169e-01
3.978000e-05	-1.090323e-02	3.022867e-01
3.979000e-05	-9.760800e-03	1.704480e-02
3.980000e-05	-1.434442e-03	-2.646657e-01
3.981000e-05	4.662216e-03	-5.077433e-01
3.982000e-05	-3.330450e-03	-8.235053e-01
3.983000e-05	2.964503e-03	-1.075087e+00
3.984000e-05	-2.132815e-03	-1.360479e+00
3.985000e-05	2.335878e-03	-1.634559e+00
3.986000e-05	8.425393e-03	-1.854158e+00
3.987000e-05	5.734794e-02	-2.074137e+00
3.988000e-05	1.298231e-01	-2.354506e+00
3.989000e-05	-4.087424e-02	-2.815956e+00
3.990000e-05	-1.124067e-02	-3.192901e+00
3.991000e-05	-3.983137e-02	-3.413056e+00
3.992000e-05	-3.374824e-02	-3.604086e+00
3.993000e-05	-1.033515e-01	-3.866662e+00
3.994000e-05	1.322077e-01	-4.053059e+00
3.995000e-05	-2.002961e-02	-4.246116e+00
3.996000e-05	-4.252502e-02	-4.603906e+00
3.997000e-05	1.770776e-01	-4.814031e+00
3.998000e-05	-1.821615e-01	-5.191424e+00
3.999000e-05	1.506554e-01	-5.497110e+00
4.000000e-05	-1.010780e-01	-5.758794e+00
4.001000e-05	6.114588e-04	-6.021559e+00
4.002000e-05	1.260054e-01	-6.194833e+00
4.003000e-05	-1.045120e-01	-6.561247e+00
4.004000e-05	1.525835e-01	-6.800903e+00
4.005000e-05	-1.020719e-01	-7.066536e+00
4.006000e-05	6.407628e-02	-7.370771e+00
4.007000e-05	7.304401e-03	-7.562879e+00
4.008000e-05	-2.902516e-02	-7.927192e+00
4.009000e-05	1.235057e-01	-8.117168e+00
4.010000e-05	-9.055463e-02	-8.341903e+00
4.011000e-05	1.362760e-01	-8.604856e+00
4.012000e-05	-6.648629e-02	-8.865008e+00
4.013000e-05	3.721862e-02	-9.128141e+00
4.014000e-05	1.809075e-02	-9.255136e+00
4.015000e-05	3.627825e-03	-9.511374e+00
4.016000e-05	9.125741e-02	-9.779872e+00
4.017000e-05	-4.198759e-02	-9.972899e+00
4.018000e-05	9.816977e-02	-1.018135e+01
4.019000e-05	-5.101791e-02	-1.040296e+01
4.020000e-05	9.051475e-02	-1.063243e+01
4.021000e-05	-2.312760e-02	-1.081348e+01
4.022000e-05	5.670812e-02	-1.106593e+01
4.023000e-05	1.653987e-02	-1.122343e+01
4.024000e-05	3.490974e-02	-1.146553e+01
4.025000e-05	4.561825e-02	-1.161246e+01
4.026000e-05	7.409017e-03	-1.182653e+01
4.027000e-05	5.808080e-02	-1.200441e+01
4.028000e-05	1.031890e-02	-1.223300e+01
4.029000e-05	7.309038e-02	-1.238995e+01
4.030000e-05	5.272973e-03	-1.254137e+01
4.031000e-05	5.709652e-02	-1.269912e+01
4.032000e-05	1.562751e-02	-1.287701e+01
4.033000e-05	6.132451e-02	-1.306348e+01
4.034000e-05	3.275067e-02	-1.316987e+01
4.035000e-05	5.171764e-02	-1.335777e+01
4.036000e-05	4.451098e-02	-1.346711e+01
4.037000e-05	4.928828e-02	-1.358433e+01
4.038000e-05	5.363192e-02	-1.374875e+01
4.039000e-05	4.027970e-02	-1.386549e+01
4.040000e-05	5.416924e-02	-1.398187e+01
4.041000e-05	4.763517e-02	-1.413074e+01
4.042000e-05	6.777589e-02	-1.423453e+01
4.043000e-05	5.260234e-02	-1.433875e+01
4.044000e-05	6.337643e-02	-1.446343e+01
4.045000e-05	5.649829e-02	-1.456027e+01
4.046000e-05	7.236786e-02	-1.462498e+01
4.047000e-05	6.727583e-02	-1.473719e+01
4.048000e-05	7.491010e-02	-1.482195e+01
4.049000e-05	6.764093e-02	-1.490611e+01
4.050000e-05	7.979037e-02	-1.491982e+01
4.051000e-05	7.317470e-02	-1.500187e+01
4.052000e-05	7.786996e-02	-1.505458e+01
4.053000e-05	7.753737e-02	-1.512721e+01
4.054000e-05	8.842684e-02	-1.514129e+01
4.055000e-05	9.754994e-02	-1.517030e+01
4.056000e-05	9.771323e-02	-1.524238e+01
4.057000e-05	1.005510e-01	-1.526393e+01
4.058000e-05	1.000607e-01	-1.526556e+01
4.059000e-05	1.088793e-01	-1.530669e+01
4.060000e-05	1.088621e-01	-1.535579e+01
4.061000e-05	1.167103e-01	-1.530876e+01
4.062000e-05	1.210917e-01	-1.534714e+01
4.063000e-05	1.326910e-01	-1.530612e+01
4.064000e-05	1.392840e-01	-1.532863e+01
4.065000e-05	1.461324e-01	-1.531561e+01
4.066000e-05	1.550429e-01	-1.530508e+01
4.067000e-05	1.656785e-01	-1.529356e+01
4.068000e-05	1.874701e-01	-1.523238e+01
4.069000e-05	2.032280e-01	-1.520132e+01
4.070000e-05	2.320391e-01	-1.517925e+01
4.071000e-05	2.483372e-01	-1.511818e+01
4.072000e-05	2.500000e-01	-1.504453e+01
4.073000e-05	2.500000e-01	-1.499039e+01
4.074000e-05	2.500000e-01	-1.493721e+01
4.075000e-05	2.500000e-01	-1.488256e+01
4.076000e-05	2.500000e-01	-1.480984e+01
4.077000e-05	2.500000e-01	-1.473459e+01
4.078000e-05	2.477837e-01	-1.462295e+01
4.079000e-05	2.196007e-01	-1.458519e+01
4.080000e-05	1.898903e-01	-1.444293e+01
4.081000e-05	1.672870e-01	-1.435819e+01
4.082000e-05	1.454278e-01	-1.422153e+01
4.083000e-05	1.308979e-01	-1.416824e+01
4.084000e-05	1.160793e-01	-1.404187e+01
4.085000e-05	1.096930e-01	-1.394303e+01
4.086000e-05	9.749224e-02	-1.376786e+01
4.087000e-05	8.793342e-02	-1.363047e+01
4.088000e-05	7.827197e-02	-1.348351e+01
4.089000e-05	7.191129e-02	-1.331724e+01
4.090000e-05	6.816711e-02	-1.321887e+01
4.091000e-05	6.345157e-02	-1.305358e+01
4.092000e-05	5.807473e-02	-1.292521e+01
4.093000e-05	5.553339e-02	-1.276780e+01
4.094000e-05	5.250817e-02	-1.258992e+01
4.095000e-05	4.904480e-02	-1.246995e+01
4.096000e-05	4.259518e-02	-1.225153e+01
4.097000e-05	4.105805e-02	-1.204263e+01
4.098000e-05	3.834027e-02	-1.189458e+01
4.099000e-05	3.765180e-02	-1.172416e+01
4.100000e-05	3.400995e-02	-1.147261e+01
4.101000e-05	3.121332e-02	-1.125308e+01
4.102000e-05	3.054920e-02	-1.106050e+01
4.103000e-05	2.932553e-02	-1.086253e+01
4.104000e-05	2.841114e-02	-1.068153e+01
4.105000e-05	2.393163e-02	-1.047253e+01
4.106000e-05	2.428227e-02	-1.024058e+01
4.107000e-05	2.263012e-02	-1.003098e+01
4.108000e-05	2.238965e-02	-9.818999e+00
4.109000e-05	1.837557e-02	-9.619822e+00
4.110000e-05	1.792884e-02	-9.379838e+00
4.111000e-05	1.772328e-02	-9.155838e+00
4.112000e-05	1.781569e-02	-8.954735e+00
4.113000e-05	1.535073e-02	-8.693708e+00
4.114000e-05	1.347325e-02	-8.470549e+00
4.115000e-05	1.326039e-02	-8.239422e+00
4.116000e-05	1.292488e-02	-8.007746e+00
4.117000e-05	1.211552e-02	-7.707259e+00
4.118000e-05	8.581817e-03	-7.450505e+00
4.119000e-05	8.508443e-03	-7.207844e+00
4.120000e-05	8.013328e-03	-6.935742e+00
4.121000e-05	7.897340e-03	-6.682506e+00
4.122000e-05	5.391416e-03	-6.440999e+00
4.123000e-05	5.673475e-03	-6.176366e+00
4.124000e-05	5.053130e-03	-5.884163e+00
4.125000e-05	5.326338e-03	-5.641024e+00
4.126000e-05	4.355902e-03	-5.376289e+00
4.127000e-05	1.610569e-03	-5.059126e+00
4.128000e-05	4.642601e-04	-4.743389e+00
4.129000e-05	2.841533e-03	-4.491129e+00
4.130000e-05	2.678643e-03	-4.240545e+00
4.131000e-05	8.438662e-04	-3.966995e+00
4.132000e-05	-2.897655e-03	-3.671124e+00
4.133000e-05	-1.185310e-03	-3.419049e+00
4.134000e-05	-2.410865e-03	-3.125318e+00
4.135000e-05	-1.737434e-03	-2.840601e+00
4.136000e-05	-5.282779e-03	-2.597396e+00
4.137000e-05	-2.509852e-03	-2.312753e+00
4.138000e-05	-3.588351e-03	-2.016518e+00
4.139000e-05	-2.603411e-03	-1.784236e+00
4.140000e-05	-6.517209e-03	-1.438149e+00
4.141000e-05	-8.449110e-03	-1.113236e+00
4.142000e-05	-7.124873e-03	-8.621013e-01
4.143000e-05	-6.867576e-03	-5.458380e-01
4.144000e-05	-5.619797e-03	-2.791566e-01
4.145000e-05	-4.667952e-03	-1.799619e-02
4.146000e-05	9.425340e-03	3.152657e-01
4.147000e-05	1.500315e-03	5.384186e-01
4.148000e-05	4.150634e-03	7.499263e-01
4.149000e-05	-1.191480e-03	1.085783e+00
4.150000e-05	-2.094330e-03	1.370395e+00
4.151000e-05	-2.856925e-03	1.666736e+00
4.152000e-05	7.955776e-03	1.927263e+00
4.153000e-05	3.321257e-02	2.138323e+00
4.154000e-05	1.087659e-01	2.424557e+00
4.155000e-05	9.083792e-03	2.783480e+00
4.156000e-05	-4.848821e-02	3.085588e+00
4.157000e-05	-3.163155e-02	3.329872e+00
4.158000e-05	-3.310202e-02	3.653105e+00
4.159000e-05	-6.301392e-02	3.885129e+00
4.160000e-05	-6.290854e-02	4.004609e+00
4.161000e-05	9.484738e-02	4.340847e+00
4.162000e-05	-4.039090e-02	4.623554e+00
4.163000e-05	1.861794e-04	4.834012e+00
4.164000e-05	1.159095e-01	5.172953e+00
4.165000e-05	-1.381438e-01	5.486187e+00
4.166000e-05	6.518644e-02	5.759820e+00
4.167000e-05	-5.619711e-02	6.012504e+00
4.168000e-05	2.734726e-02	6.264108e+00
4.169000e-05	1.349809e-02	6.540296e+00
4.170000e-05	-6.012306e-02	6.812978e+00
4.171000e-05	4.135510e-02	7.076111e+00
4.172000e-05	-6.011972e-02	7.310820e+00
4.173000e-05	2.893686e-02	7.603531e+00
4.174000e-05	-6.530810e-02	7.856188e+00
4.175000e-05	1.653210e-02	8.132397e+00
4.176000e-05	1.252004e-02	8.371901e+00
4.177000e-05	-3.358779e-02	8.612900e+00
4.178000e-05	1.408770e-02	8.804105e+00
4.179000e-05	-6.803829e-02	9.096087e+00
4.180000e-05	1.347665e-03	9.286287e+00
4.181000e-05	-2.210025e-02	9.498269e+00
4.182000e-05	-2.764502e-03	9.779821e+00
4.183000e-05	-3.447420e-02	9.961901e+00
4.184000e-05	-1.800517e-02	1.018090e+01
4.185000e-05	-4.262115e-03	1.042193e+01
4.186000e-05	-3.240162e-02	1.061192e+01
4.187000e-05	-2.349552e-02	1.081243e+01
4.188000e-05	-4.376361e-02	1.102150e+01
4.189000e-05	-1.213092e-02	1.122196e+01
4.190000e-05	-2.803642e-02	1.141393e+01
4.191000e-05	-2.845795e-02	1.162441e+01
4.192000e-05	-4.383369e-02	1.182195e+01
4.193000e-05	-2.787375e-02	1.203096e+01
4.194000e-05	-2.273254e-02	1.217945e+01
4.195000e-05	-2.951462e-02	1.233077e+01
4.196000e-05	-4.346927e-02	1.257729e+01
4.197000e-05	-4.690919e-02	1.268664e+01
4.198000e-05	-3.327691e-02	1.287403e+01
4.199000e-05	-3.905885e-02	1.302295e+01
4.200000e-05	-4.367416e-02	1.318022e+01
4.201000e-05	-5.359661e-02	1.328656e+01
4.202000e-05	-3.649206e-02	1.344253e+01
4.203000e-05	-4.220803e-02	1.354890e+01
4.204000e-05	-4.798923e-02	1.374416e+01
4.205000e-05	-6.355464e-02	1.383350e+01
4.206000e-05	-5.618701e-02	1.396930e+01
4.207000e-05	-5.187734e-02	1.412704e+01
4.208000e-05	-5.417932e-02	1.425297e+01
4.209000e-05	-6.528604e-02	1.435832e+01
4.210000e-05	-7.024066e-02	1.448400e+01
4.211000e-05	-5.946724e-02	1.453772e+01
4.212000e-05	-6.547020e-02	1.464340e+01
4.213000e-05	-6.911700e-02	1.474558e+01
4.214000e-05	-8.111769e-02	1.475990e+01
4.215000e-05	-7.269871e-02	1.486248e+01
4.216000e-05	-7.400138e-02	1.494568e+01
4.217000e-05	-8.126608e-02	1.494884e+01
4.218000e-05	-9.307515e-02	1.503202e+01
4.219000e-05	-9.654233e-02	1.508506e+01
4.220000e-05	-9.006303e-02	1.514624e+01
4.221000e-05	-9.433714e-02	1.514835e+01
4.222000e-05	-1.034323e-01	1.520840e+01
4.223000e-05	-1.089196e-01	1.523098e+01
4.224000e-05	-1.063632e-01	1.523200e+01
4.225000e-05	-1.093608e-01	1.531408e+01
4.226000e-05	-1.198989e-01	1.530568e+01
4.227000e-05	-1.325491e-01	1.533555e+01
4.228000e-05	-1.350893e-01	1.530318e+01
4.229000e-05	-1.360895e-01	1.527603e+01
4.230000e-05	-1.455871e-01	1.527253e+01
4.231000e-05	-1.600490e-01	1.524353e+01
4.232000e-05	-1.705547e-01	1.522045e+01
4.233000e-05	-1.782389e-01	1.521892e+01
4.234000e-05	-1.942306e-01	1.518784e+01
4.235000e-05	-2.219330e-01	1.514732e+01
4.236000e-05	-2.466804e-01	1.509611e+01
4.237000e-05	-2.500000e-01	1.503200e+01
4.238000e-05	-2.500000e-01	1.504944e+01
4.239000e-05	-2.500000e-01	1.494679e+01
4.240000e-05	-2.500000e-01	1.489404e+01
4.241000e-05	-2.500000e-01	1.482995e+01
4.242000e-05	-2.500000e-01	1.475719e+01
4.243000e-05	-2.500000e-01	1.472203e+01
4.244000e-05	-2.460899e-01	1.457920e+01
4.245000e-05	-2.223766e-01	1.447356e+01
4.246000e-05	-1.890813e-01	1.436837e+01
4.247000e-05	-1.688129e-01	1.428256e+01
4.248000e-05	-1.495630e-01	1.417829e+01
4.249000e-05	-1.417509e-01	1.409445e+01
4.250000e-05	-1.208672e-01	1.394569e+01
4.251000e-05	-1.082185e-01	1.378989e+01
4.252000e-05	-9.994022e-02	1.368161e+01
4.253000e-05	-9.695601e-02	1.354576e+01
4.254000e-05	-9.210991e-02	1.341884e+01
4.255000e-05	-8.115584e-02	1.320306e+01
4.256000e-05	-7.741517e-02	1.313321e+01
4.257000e-05	-7.523738e-02	1.295682e+01
4.258000e-05	-7.087020e-02	1.282852e+01
4.259000e-05	-6.426355e-02	1.264145e+01
4.260000e-05	-5.732404e-02	1.251113e+01
4.261000e-05	-5.721692e-02	1.231619e+01
4.262000e-05	-5.784002e-02	1.217727e+01
4.263000e-05	-5.318788e-02	1.197736e+01
4.264000e-05	-5.107650e-02	1.178744e+01
4.265000e-05	-4.860908e-02	1.157734e+01
4.266000e-05	-5.080567e-02	1.139586e+01
4.267000e-05	-4.656326e-02	1.119692e+01
4.268000e-05	-4.295848e-02	1.098689e+01
4.269000e-05	-3.862858e-02	1.081887e+01
4.270000e-05	-3.970294e-02	1.058892e+01
4.271000e-05	-4.035575e-02	1.038639e+01
4.272000e-05	-3.787760e-02	1.015787e+01
4.273000e-05	-3.577527e-02	9.925238e+00
4.274000e-05	-3.561608e-02	9.703157e+00
4.275000e-05	-3.747310e-02	9.503658e+00
4.276000e-05	-3.577341e-02	9.322053e+00
4.277000e-05	-3.135243e-02	9.000597e+00
4.278000e-05	-2.996124e-02	8.838421e+00
4.279000e-05	-3.117026e-02	8.567866e+00
4.280000e-05	-3.028152e-02	8.346290e+00
4.281000e-05	-2.660845e-02	8.095833e+00
4.282000e-05	-2.590327e-02	7.882102e+00
4.283000e-05	-2.753765e-02	7.627567e+00
4.284000e-05	-2.895420e-02	7.354357e+00
4.285000e-05	-2.723830e-02	7.052233e+00
4.286000e-05	-2.455223e-02	6.839522e+00
4.287000e-05	-2.410294e-02	6.566333e+00
4.288000e-05	-2.499129e-02	6.323254e+00
4.289000e-05	-2.328593e-02	6.100704e+00
4.290000e-05	-2.098068e-02	5.797465e+00
4.291000e-05	-2.030923e-02	5.514262e+00
4.292000e-05	-2.294341e-02	5.250620e+00
4.293000e-05	-2.308637e-02	4.910708e+00
4.294000e-05	-2.092791e-02	4.640999e+00
4.295000e-05	-1.953146e-02	4.416467e+00
4.296000e-05	-1.938973e-02	4.082680e+00
4.297000e-05	-1.936674e-02	3.818041e+00
4.298000e-05	-1.890343e-02	3.575468e+00
4.299000e-05	-1.500594e-02	3.272150e+00
4.300000e-05	-1.541105e-02	3.005942e+00
4.301000e-05	-1.701067e-02	2.743360e+00
4.302000e-05	-1.881427e-02	2.429995e+00
4.303000e-05	-1.600533e-02	2.144888e+00
4.304000e-05	-1.440193e-02	1.912658e+00
4.305000e-05	-1.418596e-02	1.587017e+00
4.306000e-05	-1.430283e-02	1.292729e+00
4.307000e-05	-1.344476e-02	9.448631e-01
4.308000e-05	-1.001098e-02	6.622041e-01
4.309000e-05	-1.042906e-02	4.179974e-01
4.310000e-05	-1.033621e-02	1.438328e-01
4.311000e-05	-9.219995e-03	-1.408986e-01
4.312000e-05	5.638013e-03	-4.050053e-01
4.313000e-05	-3.074668e-03	-7.356680e-01
4.314000e-05	4.341307e-03	-9.198222e-01
4.315000e-05	-3.205399e-03	-1.191462e+00
4.316000e-05	2.817911e-03	-1.539371e+00
4.317000e-05	-1.246242e-04	-1.731374e+00
4.318000e-05	3.152401e-02	-1.982925e+00
4.319000e-05	1.150881e-01	-2.226087e+00
4.320000e-05	4.187790e-02	-2.584532e+00
4.321000e-05	-4.827571e-02	-3.015555e+00
4.322000e-05	-6.619136e-03	-3.348796e+00
4.323000e-05	-4.753186e-02	-3.539316e+00
4.324000e-05	-7.537261e-02	-3.751877e+00
4.325000e-05	-4.217173e-03	-4.001450e+00
4.326000e-05	1.419561e-01	-4.170395e+00
4.327000e-05	-1.676511e-01	-4.467668e+00
4.328000e-05	2.015174e-01	-4.718773e+00
4.329000e-05	-6.438069e-02	-5.005984e+00
4.330000e-05	-9.657168e-03	-5.400374e+00
4.331000e-05	7.906400e-02	-5.604026e+00
4.332000e-05	-1.603219e-01	-5.908220e+00
4.333000e-05	1.908066e-01	-6.136271e+00
4.334000e-05	-8.579503e-02	-6.397009e+00
4.335000e-05	7.827482e-02	-6.717296e+00
4.336000e-05	2.254059e-02	-6.919699e+00
4.337000e-05	-6.313169e-02	-7.275541e+00
4.338000e-05	1.141093e-01	-7.488139e+00
4.339000e-05	-1.044015e-01	-7.729878e+00
4.340000e-05	1.353038e-01	-8.066035e+00
4.341000e-05	-4.413484e-02	-8.266112e+00
4.342000e-05	4.826488e-02	-8.529245e+00
4.343000e-05	5.476189e-02	-8.722244e+00
4.344000e-05	-7.184348e-02	-9.013504e+00
4.345000e-05	9.602857e-02	-9.171005e+00
4.346000e-05	-6.390316e-02	-9.446054e+00
4.347000e-05	1.234657e-01	-9.685087e+00
4.348000e-05	-3.734301e-02	-9.897168e+00
4.349000e-05	7.269277e-02	-1.010664e+01
4.350000e-05	-1.955726e-03	-1.033017e+01
4.351000e-05	2.701322e-02	-1.057980e+01
4.352000e-05	4.444282e-02	-1.071924e+01
4.353000e-05	-1.187321e-02	-1.097823e+01
4.354000e-05	7.217255e-02	-1.111917e+01
4.355000e-05	-1.346773e-02	-1.135037e+01
4.356000e-05	8.415301e-02	-1.150970e+01
4.357000e-05	-1.404441e-02	-1.175285e+01
4.358000e-05	6.680820e-02	-1.195122e+01
4.359000e-05	6.735253e-03	-1.217182e+01
4.360000e-05	6.361890e-02	-1.232862e+01
4.361000e-05	2.473983e-02	-1.251606e+01
4.362000e-05	3.658776e-02	-1.265556e+01
4.363000e-05	3.677812e-02	-1.281240e+01
4.364000e-05	3.548988e-02	-1.299137e+01
4.365000e-05	5.700384e-02	-1.310766e+01
4.366000e-05	3.104996e-02	-1.326408e+01
4.367000e-05	6.135981e-02	-1.339338e+01
4.368000e-05	3.328001e-02	-1.354225e+01
4.369000e-05	6.588416e-02	-1.369603e+01
4.370000e-05	3.430097e-02	-1.385250e+01
4.371000e-05	5.697159e-02	-1.395919e+01
4.372000e-05	4.244885e-02	-1.407503e+01
4.373000e-05	6.580032e-02	-1.419277e+01
4.374000e-05	5.472052e-02	-1.432819e+01
4.375000e-05	6.168017e-02	-1.441240e+01
4.376000e-05	5.730902e-02	-1.449571e+01
4.377000e-05	6.636305e-02	-1.460140e+01
4.378000e-05	7.030639e-02	-1.467611e+01
4.379000e-05	6.814273e-02	-1.476932e+01
4.380000e-05	7.349966e-02	-1.484046e+01
4.381000e-05	6.883552e-02	-1.493669e+01
4.382000e-05	8.016121e-02	-1.499237e+01
4.383000e-05	7.390489e-02	-1.500453e+01
4.384000e-05	8.383516e-02	-1.510609e+01
4.385000e-05	8.186622e-02	-1.512871e+01
4.386000e-05	9.690436e-02	-1.519085e+01
4.387000e-05	9.499865e-02	-1.522432e+01
4.388000e-05	9.944565e-02	-1.528396e+01
4.389000e-05	9.596546e-02	-1.527251e+01
4.390000e-05	1.049093e-01	-1.530611e+01
4.391000e-05	1.086631e-01	-1.534761e+01
4.392000e-05	1.156018e-01	-1.532569e+01
4.393000e-05	1.205271e-01	-1.533667e+01
4.394000e-05	1.279372e-01	-1.535569e+01
4.395000e-05	1.391202e-01	-1.534714e+01
4.396000e-05	1.436293e-01	-1.529861e+01
4.397000e-05	1.507735e-01	-1.528314e+01
4.398000e-05	1.588929e-01	-1.528351e+01
4.399000e-05	1.762962e-01	-1.526390e+01
4.400000e-05	1.961539e-01	-1.521080e+01
4.401000e-05	2.181564e-01	-1.516822e+01
4.402000e-05	2.440808e-01	-1.514721e+01
4.403000e-05	2.499649e-01	-1.507548e+01
4.404000e-05	2.500000e-01	-1.503198e+01
4.405000e-05	2.500000e-01	-1.498732e+01
4.406000e-05	2.500000e-01	-1.490508e+01
4.407000e-05	2.500000e-01	-1.484040e+01
4.408000e-05	2.500000e-01	-1.476722e+01
4.409000e-05	2.492500e-01	-1.468406e+01
4.410000e-05	2.330811e-01	-1.460885e+01
4.411000e-05	2.014573e-01	-1.449458e+01
4.412000e-05	1.779136e-01	-1.437977e+01
4.413000e-05	1.585380e-01	-1.427556e+01
4.414000e-05	1.397172e-01	-1.417980e+01
4.415000e-05	1.221987e-01	-1.408203e+01
4.416000e-05	1.098372e-01	-1.394771e+01
4.417000e-05	9.984139e-02	-1.381982e+01
4.418000e-05	8.953056e-02	-1.369395e+01
4.419000e-05	8.092305e-02	-1.357619e+01
4.420000e-05	7.549424e-02	-1.342945e+01
4.421000e-05	7.152470e-02	-1.327361e+01
4.422000e-05	6.668492e-02	-1.310363e+01
4.423000e-05	6.104347e-02	-1.296534e+01
4.424000e-05	5.564809e-02	-1.284190e+01
4.425000e-05	5.246481e-02	-1.267300e+01
4.426000e-05	4.936155e-02	-1.252419e+01
4.427000e-05	4.617218e-02	-1.231479e+01
4.428000e-05	4.100274e-02	-1.219836e+01
4.429000e-05	3.954595e-02	-1.195932e+01
4.430000e-05	3.725147e-02	-1.175882e+01
4.431000e-05	3.656475e-02	-1.158631e+01
4.432000e-05	3.256761e-02	-1.137876e+01
4.433000e-05	3.113797e-02	-1.110569e+01
4.434000e-05	3.024402e-02	-1.095571e+01
4.435000e-05	2.817999e-02	-1.077776e+01
4.436000e-05	2.634817e-02	-1.055529e+01
4.437000e-05	2.374986e-02	-1.037624e+01
4.438000e-05	2.341972e-02	-1.012516e+01
4.439000e-05	2.097036e-02	-9.923135e+00
4.440000e-05	1.992840e-02	-9.703210e+00
4.441000e-05	1.964692e-02	-9.472636e+00
4.442000e-05	1.886711e-02	-9.230477e+00
4.443000e-05	1.774984e-02	-9.069969e+00
4.444000e-05	1.596887e-02	-8.780943e+00
4.445000e-05	1.378182e-02	-8.545291e+00
4.446000e-05	1.264862e-02	-8.333636e+00
4.447000e-05	1.264945e-02	-8.070634e+00
4.448000e-05	1.129499e-02	-7.819598e+00
4.449000e-05	1.156790e-02	-7.544890e+00
4.450000e-05	1.001543e-02	-7.313285e+00
4.451000e-05	9.763746e-03	-7.048429e+00
4.452000e-05	7.766133e-03	-6.777867e+00
4.453000e-05	6.602378e-03	-6.555238e+00
4.454000e-05	5.283612e-03	-6.242163e+00
4.455000e-05	4.926014e-03	-6.017946e+00
4.456000e-05	3.101819e-03	-5.764763e+00
4.457000e-05	4.527153e-03	-5.432630e+00
4.458000e-05	3.215439e-03	-5.168366e+00
4.459000e-05	3.194786e-03	-4.881161e+00
4.460000e-05	1.651080e-03	-4.536842e+00
4.461000e-05	1.756349e-03	-4.345918e+00
4.462000e-05	7.099739e-04	-4.102135e+00
4.463000e-05	-1.423563e-03	-3.797468e+00
4.464000e-05	-2.193903e-03	-3.503861e+00
4.465000e-05	-2.706707e-03	-3.251128e+00
4.466000e-05	-3.568157e-03	-2.986318e+00
4.467000e-05	-2.644400e-03	-2.703156e+00
4.468000e-05	-3.205823e-03	-2.398549e+00
4.469000e-05	-3.685645e-03	-2.142760e+00
4.470000e-05	-4.016237e-03	-1.861603e+00
4.471000e-05	-5.033079e-03	-1.594990e+00
4.472000e-05	-5.889936e-03	-1.229999e+00
4.473000e-05	-6.505381e-03	-9.457668e-01
4.474000e-05	-6.684597e-03	-6.891503e-01
4.475000e-05	-7.751611e-03	-3.658634e-01
4.476000e-05	-6.035958e-03	-1.137855e-01
4.477000e-05	1.803664e-03	1.603738e-01
4.478000e-05	7.994395e-03	4.756079e-01
4.479000e-05	-2.506192e-04	7.057645e-01
4.480000e-05	4.284573e-03	9.488987e-01
4.481000e-05	-3.053475e-03	1.274607e+00
4.482000e-05	1.511262e-03	1.539870e+00
4.483000e-05	-1.448051e-03	1.813607e+00
4.484000e-05	2.027393e-02	2.023531e+00
4.485000e-05	7.531072e-02	2.297765e+00
4.486000e-05	7.975063e-02	2.624608e+00
4.487000e-05	-6.096486e-02	2.949402e+00
4.488000e-05	-2.485355e-02	3.214984e+00
4.489000e-05	-4.161769e-02	3.539319e+00
4.490000e-05	-3.282320e-02	3.779424e+00
4.491000e-05	-8.991427e-02	3.950870e+00
4.492000e-05	2.828529e-02	4.223457e+00
4.493000e-05	6.925860e-02	4.508269e+00
4.494000e-05	-1.087865e-01	4.769347e+00
4.495000e-05	1.680645e-01	5.012482e+00
4.496000e-05	-9.477354e-02	5.379974e+00
4.497000e-05	-6.984176e-03	5.634058e+00
4.498000e-05	1.031811e-02	5.888797e+00
4.499000e-05	-4.255090e-02	6.158849e+00
4.500000e-05	6.432965e-02	6.422559e+00
4.501000e-05	-7.074084e-02	6.727666e+00
4.502000e-05	2.544861e-02	6.970848e+00
4.503000e-05	-2.754939e-02	7.212907e+00
4.504000e-05	-7.068019e-03	7.509211e+00
4.505000e-05	-1.691180e-02	7.771853e+00
4.506000e-05	-4.249619e-02	8.076583e+00
4.507000e-05	4.115400e-02	8.318241e+00
4.508000e-05	-3.432445e-02	8.548192e+00
4.509000e-05	4.368303e-03	8.729766e+00
4.510000e-05	-3.043871e-02	8.971821e+00
4.511000e-05	-4.624576e-02	9.212503e+00
4.512000e-05	1.179763e-02	9.414502e+00
4.513000e-05	-2.790431e-02	9.693507e+00
4.514000e-05	-3.767349e-03	9.918141e+00
4.515000e-05	-4.498865e-02	1.011619e+01
4.516000e-05	4.746097e-03	1.029621e+01
4.517000e-05	-2.783650e-02	1.053719e+01
4.518000e-05	-2.726063e-02	1.074869e+01
4.519000e-05	-3.308444e-02	1.096929e+01
4.520000e-05	-3.367527e-02	1.109832e+01
4.521000e-05	-6.546755e-03	1.135982e+01
4.522000e-05	-3.752538e-02	1.154977e+01
4.523000e-05	-2.904123e-02	1.174979e+01
4.524000e-05	-4.594483e-02	1.189927e+01
4.525000e-05	-1.638924e-02	1.211781e+01
4.526000e-05	-3.111292e-02	1.229709e+01
4.527000e-05	-3.537148e-02	1.245368e+01
4.528000e-05	-4.828434e-02	1.260255e+01
4.529000e-05	-3.869460e-02	1.276989e+01
4.530000e-05	-3.069823e-02	1.291824e+01
4.531000e-05	-4.496312e-02	1.309866e+01
4.532000e-05	-4.837911e-02	1.325350e+01
4.533000e-05	-4.788000e-02	1.339137e+01
4.534000e-05	-3.523176e-02	1.350724e+01
4.535000e-05	-4.703577e-02	1.367311e+01
4.536000e-05	-5.814791e-02	1.378187e+01
4.537000e-05	-6.202381e-02	1.389763e+01
4.538000e-05	-5.111274e-02	1.406343e+01
4.539000e-05	-5.002488e-02	1.418889e+01
4.540000e-05	-6.141206e-02	1.431759e+01
4.541000e-05	-6.913967e-02	1.440087e+01
4.542000e-05	-6.440576e-02	1.450513e+01
4.543000e-05	-6.082396e-02	1.459985e+01
4.544000e-05	-6.701315e-02	1.467611e+01
4.545000e-05	-7.791574e-02	1.472884e+01
4.546000e-05	-7.597859e-02	1.484193e+01
4.547000e-05	-7.402362e-02	1.489466e+01
4.548000e-05	-7.759699e-02	1.494624e+01
4.549000e-05	-9.117262e-02	1.501000e+01
4.550000e-05	-9.586645e-02	1.506155e+01
4.551000e-05	-9.185813e-02	1.507454e+01
4.552000e-05	-8.911560e-02	1.516677e+01
4.553000e-05	-9.815973e-02	1.517775e+01
4.554000e-05	-1.070133e-01	1.522185e+01
4.555000e-05	-1.091908e-01	1.526247e+01
4.556000e-05	-1.089267e-01	1.526298e+01
4.557000e-05	-1.168591e-01	1.529206e+01
4.558000e-05	-1.282216e-01	1.531414e+01
4.559000e-05	-1.330650e-01	1.531408e+01
4.560000e-05	-1.336671e-01	1.528411e+01
4.561000e-05	-1.388698e-01	1.528198e+01
4.562000e-05	-1.544194e-01	1.527203e+01
4.563000e-05	-1.672405e-01	1.525153e+01
4.564000e-05	-1.756735e-01	1.524895e+01
4.565000e-05	-1.869047e-01	1.519984e+01
4.566000e-05	-2.101241e-01	1.517734e+01
4.567000e-05	-2.394846e-01	1.514671e+01
4.568000e-05	-2.499978e-01	1.509466e+01
4.569000e-05	-2.500000e-01	1.506097e+01
4.570000e-05	-2.500000e-01	1.497882e+01
4.571000e-05	-2.500000e-01	1.491511e+01
4.572000e-05	-2.500000e-01	1.481100e+01
4.573000e-05	-2.500000e-01	1.476674e+01
4.574000e-05	-2.500000e-01	1.469468e+01
4.575000e-05	-2.489150e-01	1.467187e+01
4.576000e-05	-2.357018e-01	1.451524e+01
4.577000e-05	-2.014087e-01	1.447042e+01
4.578000e-05	-1.744421e-01	1.432614e+01
4.579000e-05	-1.546520e-01	1.421900e+01
4.580000e-05	-1.458083e-01	1.412513e+01
4.581000e-05	-1.306609e-01	1.395877e+01
4.582000e-05	-1.159144e-01	1.386160e+01
4.583000e-05	-1.025333e-01	1.373421e+01
4.584000e-05	-9.981146e-02	1.361787e+01
4.585000e-05	-9.544257e-02	1.346013e+01
4.586000e-05	-8.652067e-02	1.335476e+01
4.587000e-05	-7.584581e-02	1.316779e+01
4.588000e-05	-7.305468e-02	1.302995e+01
4.589000e-05	-7.358332e-02	1.289258e+01
4.590000e-05	-6.891043e-02	1.271474e+01
4.591000e-05	-6.130998e-02	1.255687e+01
4.592000e-05	-5.636033e-02	1.241992e+01
4.593000e-05	-6.015147e-02	1.221895e+01
4.594000e-05	-5.686784e-02	1.206155e+01
4.595000e-05	-5.233650e-02	1.185003e+01
4.596000e-05	-4.548036e-02	1.166256e+01
4.597000e-05	-4.847551e-02	1.151257e+01
4.598000e-05	-4.894843e-02	1.125255e+01
4.599000e-05	-4.654082e-02	1.103153e+01
4.600000e-05	-3.963271e-02	1.086108e+01
4.601000e-05	-4.003769e-02	1.066313e+01
4.602000e-05	-4.114017e-02	1.048200e+01
4.603000e-05	-4.143274e-02	1.022105e+01
4.604000e-05	-3.562565e-02	1.003035e+01
4.605000e-05	-3.351978e-02	9.798571e+00
4.606000e-05	-3.603189e-02	9.554815e+00
4.607000e-05	-3.698149e-02	9.386361e+00
4.608000e-05	-3.296511e-02	9.144237e+00
4.609000e-05	-2.959091e-02	8.933206e+00
4.610000e-05	-3.070319e-02	8.659130e+00
4.611000e-05	-3.172459e-02	8.481127e+00
4.612000e-05	-3.109858e-02	8.237496e+00
4.613000e-05	-2.601910e-02	7.946363e+00
4.614000e-05	-2.676264e-02	7.702787e+00
4.615000e-05	-2.779125e-02	7.439571e+00
4.616000e-05	-2.898790e-02	7.166444e+00
4.617000e-05	-2.386343e-02	6.965313e+00
4.618000e-05	-2.229861e-02	6.691180e+00
4.619000e-05	-2.436056e-02	6.378946e+00
4.620000e-05	-2.591642e-02	6.133913e+00
4.621000e-05	-2.285634e-02	5.921661e+00
4.622000e-05	-2.086054e-02	5.629972e+00
4.623000e-05	-1.996791e-02	5.373943e+00
4.624000e-05	-2.289320e-02	5.039573e+00
4.625000e-05	-2.203557e-02	4.734362e+00
4.626000e-05	-1.950001e-02	4.502255e+00
4.627000e-05	-1.823027e-02	4.196996e+00
4.628000e-05	-2.019298e-02	3.933234e+00
4.629000e-05	-2.097601e-02	3.652175e+00
4.630000e-05	-1.743833e-02	3.377393e+00
4.631000e-05	-1.425411e-02	3.122708e+00
4.632000e-05	-1.583547e-02	2.841076e+00
4.633000e-05	-1.876051e-02	2.575862e+00
4.634000e-05	-1.717991e-02	2.270653e+00
4.635000e-05	-1.421308e-02	1.977496e+00
4.636000e-05	-1.338249e-02	1.699807e+00
4.637000e-05	-1.532505e-02	1.418524e+00
4.638000e-05	-1.490125e-02	1.090733e+00
4.639000e-05	-1.230696e-02	8.059973e-01
4.640000e-05	-1.017164e-02	5.333093e-01
4.641000e-05	-1.105776e-02	2.590961e-01
4.642000e-05	-9.810282e-03	-4.563815e-02
4.643000e-05	1.547574e-04	-3.157421e-01
4.644000e-05	3.535942e-03	-5.113723e-01
4.645000e-05	-1.530503e-03	-8.666617e-01
4.646000e-05	5.125179e-04	-1.108740e+00
4.647000e-05	-2.088497e-03	-1.395032e+00
4.648000e-05	2.190429e-03	-1.646614e+00
4.649000e-05	1.577782e-02	-1.876742e+00
4.650000e-05	7.382031e-02	-2.147674e+00
4.651000e-05	1.150218e-01	-2.466642e+00
4.652000e-05	-5.848583e-02	-2.838163e+00
4.653000e-05	-7.113198e-04	-3.245561e+00
4.654000e-05	-4.878039e-02	-3.455138e+00
4.655000e-05	-3.920642e-02	-3.635611e+00
4.656000e-05	-9.456430e-02	-3.928742e+00
4.657000e-05	1.701557e-01	-4.086136e+00
4.658000e-05	-9.361151e-02	-4.342797e+00
4.659000e-05	4.149615e-02	-4.676589e+00
4.660000e-05	1.141396e-01	-4.907141e+00
4.661000e-05	-1.632685e-01	-5.296534e+00
4.662000e-05	1.714676e-01	-5.518196e+00
4.663000e-05	-1.620362e-01	-5.773928e+00
4.664000e-05	8.257834e-02	-6.054063e+00
4.665000e-05	6.025078e-02	-6.268186e+00
4.666000e-05	-6.158740e-02	-6.602503e+00
4.667000e-05	1.394253e-01	-6.853606e+00
4.668000e-05	-1.201917e-01	-7.131322e+00
4.669000e-05	1.079232e-01	-7.412981e+00
4.670000e-05	-4.843879e-02	-7.645008e+00
4.671000e-05	2.885659e-02	-7.960845e+00
4.672000e-05	7.656522e-02	-8.151325e+00
4.673000e-05	-6.681845e-02	-8.453561e+00
4.674000e-05	1.377559e-01	-8.656536e+00
4.675000e-05	-9.321077e-02	-8.916746e+00
4.676000e-05	7.929541e-02	-9.139771e+00
4.677000e-05	-2.387046e-02	-9.330196e+00
4.678000e-05	5.035705e-02	-9.592377e+00
4.679000e-05	4.920860e-02	-9.802924e+00
4.680000e-05	-1.291498e-02	-1.002391e+01
4.681000e-05	7.714418e-02	-1.023296e+01
4.682000e-05	-4.185700e-02	-1.048564e+01
4.683000e-05	9.392594e-02	-1.065651e+01
4.684000e-05	-3.659783e-02	-1.087303e+01
4.685000e-05	7.626276e-02	-1.105553e+01
4.686000e-05	-4.262003e-03	-1.124609e+01
4.687000e-05	5.899857e-02	-1.152614e+01
4.688000e-05	2.147975e-02	-1.166414e+01
4.689000e-05	2.693791e-02	-1.189764e+01
4.690000e-05	4.227248e-02	-1.205651e+01
4.691000e-05	2.470707e-02	-1.227664e+01
4.692000e-05	6.267894e-02	-1.243193e+01
4.693000e-05	9.520557e-03	-1.262193e+01
4.694000e-05	5.693117e-02	-1.273974e+01
4.695000e-05	1.656808e-02	-1.290777e+01
4.696000e-05	6.578130e-02	-1.306511e+01
4.697000e-05	2.566610e-02	-1.324098e+01
4.698000e-05	5.915288e-02	-1.335077e+01
4.699000e-05	3.705734e-02	-1.350717e+01
4.700000e-05	5.781716e-02	-1.362496e+01
4.701000e-05	4.416490e-02	-1.378932e+01
4.702000e-05	4.643366e-02	-1.388614e+01
4.703000e-05	4.979682e-02	-1.406200e+01
4.704000e-05	5.392894e-02	-1.416124e+01
4.705000e-05	6.393809e-02	-1.422651e+01
4.706000e-05	5.522974e-02	-1.438084e+01
4.707000e-05	6.266778e-02	-1.446511e+01
4.708000e-05	5.801085e-02	-1.457887e+01
4.709000e-05	7.340365e-02	-1.468596e+01
4.710000e-05	6.499005e-02	-1.477817e+01
4.711000e-05	7.276582e-02	-1.483042e+01
4.712000e-05	6.836289e-02	-1.490516e+01
4.713000e-05	8.074158e-02	-1.499074e+01
4.714000e-05	7.560496e-02	-1.504243e+01
4.715000e-05	7.975848e-02	-1.510561e+01
4.716000e-05	8.087152e-02	-1.512822e+01
4.717000e-05	8.918480e-02	-1.518922e+01
4.718000e-05	9.799947e-02	-1.521138e+01
4.719000e-05	9.315837e-02	-1.522095e+01
4.720000e-05	1.015911e-01	-1.524551e+01
4.721000e-05	1.017122e-01	-1.528669e+01
4.722000e-05	1.116442e-01	-1.534661e+01
4.723000e-05	1.132743e-01	-1.532766e+01
4.724000e-05	1.165582e-01	-1.530774e+01
4.725000e-05	1.212317e-01	-1.532829e+01
4.726000e-05	1.308658e-01	-1.533829e+01
4.727000e-05	1.400183e-01	-1.531666e+01
4.728000e-05	1.472968e-01	-1.529461e+01
4.729000e-05	1.583399e-01	-1.529519e+01
4.730000e-05	1.736521e-01	-1.524395e+01
4.731000e-05	1.905716e-01	-1.523238e+01
4.732000e-05	2.091646e-01	-1.518177e+01
4.733000e-05	2.328425e-01	-1.514774e+01
4.734000e-05	2.485653e-01	-1.513661e+01
4.735000e-05	2.500000e-01	-1.502453e+01
4.736000e-05	2.500000e-01	-1.501239e+01
4.737000e-05	2.500000e-01	-1.494821e+01
4.738000e-05	2.500000e-01	-1.489495e+01
4.739000e-05	2.500000e-01	-1.478832e+01
4.740000e-05	2.500000e-01	-1.470566e+01
4.741000e-05	2.428517e-01	-1.464242e+01
4.742000e-05	2.117319e-01	-1.453522e+01
4.743000e-05	1.847681e-01	-1.444090e+01
4.744000e-05	1.639677e-01	-1.433672e+01
4.745000e-05	1.454081e-01	-1.423295e+01
4.746000e-05	1.283325e-01	-1.411714e+01
4.747000e-05	1.159203e-01	-1.398837e+01
4.748000e-05	1.046291e-01	-1.390406e+01
4.749000e-05	9.469324e-02	-1.367474e+01
4.750000e-05	8.426323e-02	-1.360987e+01
4.751000e-05	7.821882e-02	-1.346363e+01
4.752000e-05	7.299632e-02	-1.331431e+01
4.753000e-05	6.894984e-02	-1.318682e+01
4.754000e-05	6.202878e-02	-1.302150e+01
4.755000e-05	5.734657e-02	-1.290458e+01
4.756000e-05	5.383690e-02	-1.271816e+01
4.757000e-05	5.187568e-02	-1.256784e+01
4.758000e-05	4.769391e-02	-1.239939e+01
4.759000e-05	4.346358e-02	-1.225152e+01
4.760000e-05	3.980325e-02	-1.206153e+01
4.761000e-05	3.872885e-02	-1.186248e+01
4.762000e-05	3.672338e-02	-1.168252e+01
4.763000e-05	3.410704e-02	-1.144092e+01
4.764000e-05	3.077949e-02	-1.123000e+01
4.765000e-05	3.053301e-02	-1.104942e+01
4.766000e-05	2.929455e-02	-1.082087e+01
4.767000e-05	2.526451e-02	-1.065103e+01
4.768000e-05	2.522791e-02	-1.045102e+01
4.769000e-05	2.132209e-02	-1.022992e+01
4.770000e-05	2.480084e-02	-1.001737e+01
4.771000e-05	2.337342e-02	-9.757421e+00
4.772000e-05	1.998823e-02	-9.567292e+00
4.773000e-05	2.090044e-02	-9.335337e+00
4.774000e-05	1.517484e-02	-9.152210e+00
4.775000e-05	1.552144e-02	-8.912208e+00
4.776000e-05	1.105940e-02	-8.641603e+00
4.777000e-05	1.223208e-02	-8.406971e+00
4.778000e-05	1.313359e-02	-8.187942e+00
4.779000e-05	1.446845e-02	-7.945265e+00
4.780000e-05	1.446639e-02	-7.661077e+00
4.781000e-05	1.116765e-02	-7.398417e+00
4.782000e-05	8.367542e-03	-7.166813e+00
4.783000e-05	5.988876e-03	-6.892605e+00
4.784000e-05	4.629419e-03	-6.609996e+00
4.785000e-05	5.132471e-03	-6.417896e+00
4.786000e-05	4.869529e-03	-6.125284e+00
4.787000e-05	6.539601e-03	-5.872099e+00
4.788000e-05	4.493458e-03	-5.576968e+00
4.789000e-05	6.082883e-03	-5.260629e+00
4.790000e-05	2.076826e-03	-5.018420e+00
4.791000e-05	2.279024e-03	-4.672604e+00
4.792000e-05	7.919414e-04	-4.438549e+00
4.793000e-05	9.450964e-04	-4.178522e+00
4.794000e-05	-1.547818e-03	-3.923739e+00
4.795000e-05	-2.233598e-03	-3.659526e+00
4.796000e-05	-2.582601e-03	-3.376445e+00
4.797000e-05	-2.783798e-03	-3.101683e+00
4.798000e-05	-2.510453e-03	-2.796425e+00
4.799000e-05	-2.945303e-03	-2.514709e+00
4.800000e-05	-2.261119e-03	-2.227575e+00
4.801000e-05	-3.294601e-03	-1.964840e+00
4.802000e-05	-4.342178e-03	-1.662713e+00
4.803000e-05	-8.865961e-03	-1.415996e+00
4.804000e-05	-4.946855e-03	-1.061650e+00
4.805000e-05	-9.784385e-03	-7.789460e-01
4.806000e-05	-4.172967e-03	-4.721092e-01
4.807000e-05	-6.426690e-03	-2.385524e-01
4.808000e-05	-1.901076e-03	2.553309e-02
4.809000e-05	1.029503e-02	3.798448e-01
4.810000e-05	-3.115861e-03	6.224563e-01
4.811000e-05	4.468049e-03	8.545017e-01
4.812000e-05	-4.385831e-03	1.168396e+00
4.813000e-05	1.503261e-03	1.385033e+00
4.814000e-05	-2.379493e-03	1.758396e+00
4.815000e-05	1.234864e-02	1.938795e+00
4.816000e-05	4.328088e-02	2.161028e+00
4.817000e-05	1.119985e-01	2.470216e+00
4.818000e-05	-2.248395e-02	2.844058e+00
4.819000e-05	-3.828413e-02	3.118289e+00
4.820000e-05	-3.916682e-02	3.393981e+00
4.821000e-05	-2.771340e-02	3.715734e+00
4.822000e-05	-7.726330e-02	3.927662e+00
4.823000e-05	-3.901502e-02	4.106216e+00
4.824000e-05	1.059594e-01	4.393433e+00
4.825000e-05	-8.494010e-02	4.675683e+00
4.826000e-05	6.928263e-02	4.887617e+00
4.827000e-05	5.163131e-02	5.265084e+00
4.828000e-05	-1.131297e-01	5.539269e+00
4.829000e-05	6.381897e-02	5.812928e+00
4.830000e-05	-6.891692e-02	6.074163e+00
4.831000e-05	5.237456e-02	6.297638e+00
4.832000e-05	-1.901165e-02	6.592328e+00
4.833000e-05	-3.754830e-02	6.865162e+00
4.834000e-05	2.766456e-02	7.116717e+00
4.835000e-05	-5.194049e-02	7.413900e+00
4.836000e-05	2.768607e-02	7.626212e+00
4.837000e-05	-7.258364e-02	7.979246e+00
4.838000e-05	3.364698e-02	8.212453e+00
4.839000e-05	-5.620492e-03	8.413056e+00
4.840000e-05	-2.430523e-02	8.624083e+00
4.841000e-05	5.611610e-03	8.854135e+00
4.842000e-05	-7.241715e-02	9.098162e+00
4.843000e-05	1.570285e-02	9.349266e+00
4.844000e-05	-3.044586e-02	9.570422e+00
4.845000e-05	5.496539e-03	9.790901e+00
4.846000e-05	-4.643297e-02	1.002248e+01
4.847000e-05	-6.535388e-03	1.025295e+01
4.848000e-05	-1.107317e-02	1.043306e+01
4.849000e-05	-3.263907e-02	1.062650e+01
4.850000e-05	-2.516549e-02	1.085403e+01
4.851000e-05	-4.559341e-02	1.105609e+01
4.852000e-05	-5.018682e-03	1.127406e+01
4.853000e-05	-3.430500e-02	1.147308e+01
4.854000e-05	-2.396112e-02	1.164561e+01
4.855000e-05	-4.929302e-02	1.187459e+01
4.856000e-05	-2.161706e-02	1.208363e+01
4.857000e-05	-2.702373e-02	1.223443e+01
4.858000e-05	-3.148831e-02	1.240137e+01
4.859000e-05	-4.688750e-02	1.255989e+01
4.860000e-05	-4.438124e-02	1.271819e+01
4.861000e-05	-2.969490e-02	1.288259e+01
4.862000e-05	-4.200308e-02	1.302347e+01
4.863000e-05	-4.506495e-02	1.317927e+01
4.864000e-05	-5.377579e-02	1.329919e+01
4.865000e-05	-3.427613e-02	1.345401e+01
4.866000e-05	-4.395458e-02	1.358892e+01
4.867000e-05	-4.910370e-02	1.369819e+01
4.868000e-05	-6.481959e-02	1.385553e+01
4.869000e-05	-5.427996e-02	1.396387e+01
4.870000e-05	-5.097296e-02	1.411412e+01
4.871000e-05	-5.753270e-02	1.429463e+01
4.872000e-05	-6.636254e-02	1.436129e+01
4.873000e-05	-6.816844e-02	1.445501e+01
4.874000e-05	-5.733322e-02	1.457869e+01
4.875000e-05	-6.504937e-02	1.466187e+01
4.876000e-05	-7.042483e-02	1.473716e+01
4.877000e-05	-8.081655e-02	1.479942e+01
4.878000e-05	-7.306922e-02	1.486348e+01
4.879000e-05	-7.688761e-02	1.495573e+01
4.880000e-05	-8.537656e-02	1.497042e+01
4.881000e-05	-9.639027e-02	1.504252e+01
4.882000e-05	-9.232470e-02	1.510555e+01
4.883000e-05	-8.830580e-02	1.511577e+01
4.884000e-05	-9.349599e-02	1.518774e+01
4.885000e-05	-1.040913e-01	1.521990e+01
4.886000e-05	-1.099475e-01	1.519097e+01
4.887000e-05	-1.072661e-01	1.529358e+01
4.888000e-05	-1.127929e-01	1.523908e+01
4.889000e-05	-1.227253e-01	1.528310e+01
4.890000e-05	-1.331146e-01	1.530363e+01
4.891000e-05	-1.328706e-01	1.531421e+01
4.892000e-05	-1.366385e-01	1.529403e+01
4.893000e-05	-1.487626e-01	1.525450e+01
4.894000e-05	-1.626806e-01	1.528308e+01
4.895000e-05	-1.720922e-01	1.525040e+01
4.896000e-05	-1.805375e-01	1.523047e+01
4.897000e-05	-1.977992e-01	1.522829e+01
4.898000e-05	-2.284597e-01	1.515621e+01
4.899000e-05	-2.480707e-01	1.510321e+01
4.900000e-05	-2.500000e-01	1.501248e+01
4.901000e-05	-2.500000e-01	1.497847e+01
4.902000e-05	-2.500000e-01	1.491574e+01
4.903000e-05	-2.500000e-01	1.487398e+01
4.904000e-05	-2.500000e-01	1.481847e+01
4.905000e-05	-2.500000e-01	1.475619e+01
4.906000e-05	-2.493900e-01	1.463250e+01
4.907000e-05	-2.428442e-01	1.453672e+01
4.908000e-05	-2.146555e-01	1.449455e+01
4.909000e-05	-1.846853e-01	1.434934e+01
4.910000e-05	-1.621588e-01	1.430402e+01
4.911000e-05	-1.501448e-01	1.418723e+01
4.912000e-05	-1.376964e-01	1.399937e+01
4.913000e-05	-1.225234e-01	1.390466e+01
4.914000e-05	-1.068603e-01	1.377784e+01
4.915000e-05	-1.014080e-01	1.366092e+01
4.916000e-05	-9.630557e-02	1.348511e+01
4.917000e-05	-8.855544e-02	1.338830e+01
4.918000e-05	-7.833280e-02	1.325005e+01
4.919000e-05	-7.497161e-02	1.306263e+01
4.920000e-05	-7.474108e-02	1.296669e+01
4.921000e-05	-7.275755e-02	1.279791e+01
4.922000e-05	-6.431128e-02	1.260990e+01
4.923000e-05	-5.941737e-02	1.250255e+01
4.924000e-05	-5.806400e-02	1.227316e+01
4.925000e-05	-5.674978e-02	1.213528e+01
4.926000e-05	-5.198901e-02	1.194474e+01
4.927000e-05	-4.853978e-02	1.172636e+01
4.928000e-05	-4.752641e-02	1.154679e+01
4.929000e-05	-4.925832e-02	1.132578e+01
4.930000e-05	-4.757021e-02	1.115373e+01
4.931000e-05	-4.360294e-02	1.098474e+01
4.932000e-05	-3.944921e-02	1.074574e+01
4.933000e-05	-4.022547e-02	1.056536e+01
4.934000e-05	-3.995188e-02	1.033471e+01
4.935000e-05	-3.754525e-02	1.010276e+01
4.936000e-05	-3.510910e-02	9.884589e+00
4.937000e-05	-3.450329e-02	9.711623e+00
4.938000e-05	-3.585936e-02	9.469501e+00
4.939000e-05	-3.436357e-02	9.279499e+00
4.940000e-05	-3.099376e-02	9.037942e+00
4.941000e-05	-3.069659e-02	8.745891e+00
4.942000e-05	-3.095552e-02	8.545315e+00
4.943000e-05	-3.084438e-02	8.283681e+00
4.944000e-05	-2.880915e-02	8.071100e+00
4.945000e-05	-2.599223e-02	7.838971e+00
4.946000e-05	-2.623119e-02	7.544838e+00
4.947000e-05	-2.703195e-02	7.282628e+00
4.948000e-05	-2.664321e-02	7.029021e+00
4.949000e-05	-2.479102e-02	6.827917e+00
4.950000e-05	-2.555841e-02	6.532731e+00
4.951000e-05	-2.428283e-02	6.280078e+00
4.952000e-05	-2.397953e-02	6.009495e+00
4.953000e-05	-2.159004e-02	5.793288e+00
4.954000e-05	-2.108146e-02	5.502154e+00
4.955000e-05	-2.062050e-02	5.186917e+00
4.956000e-05	-2.150448e-02	4.841025e+00
4.957000e-05	-2.077430e-02	4.597941e+00
4.958000e-05	-1.965118e-02	4.342788e+00
4.959000e-05	-1.884542e-02	4.058050e+00
4.960000e-05	-1.900803e-02	3.797436e+00
4.961000e-05	-1.904950e-02	3.522858e+00
4.962000e-05	-1.776963e-02	3.237992e+00
4.963000e-05	-1.660035e-02	2.944312e+00
4.964000e-05	-1.651253e-02	2.680751e+00
4.965000e-05	-1.784094e-02	2.355366e+00
4.966000e-05	-1.544494e-02	2.104209e+00
4.967000e-05	-1.529993e-02	1.837528e+00
4.968000e-05	-1.464634e-02	1.534762e+00
4.969000e-05	-1.440823e-02	1.248129e+00
4.970000e-05	-1.329138e-02	9.117858e-01
4.971000e-05	-1.177797e-02	6.500473e-01
4.972000e-05	-1.031863e-02	3.648908e-01
4.973000e-05	-1.004541e-02	1.196263e-01
4.974000e-05	-6.104661e-03	-2.030301e-01
4.975000e-05	6.236605e-03	-4.470843e-01
4.976000e-05	-4.905910e-03	-7.588271e-01
4.977000e-05	4.630394e-03	-1.020459e+00
4.978000e-05	-3.976390e-03	-1.259267e+00
4.979000e-05	3.548601e-03	-1.581454e+00
4.980000e-05	3.002887e-03	-1.783905e+00
4.981000e-05	4.168889e-02	-2.014029e+00
4.982000e-05	1.271436e-01	-2.308319e+00
4.983000e-05	1.036353e-03	-2.678666e+00
4.984000e-05	-3.293943e-02	-3.088347e+00
4.985000e-05	-2.107483e-02	-3.392980e+00
4.986000e-05	-3.940427e-02	-3.561951e+00
4.987000e-05	-9.211127e-02	-3.834051e+00
4.988000e-05	5.877193e-02	-4.001529e+00
4.989000e-05	8.038344e-02	-4.194532e+00
4.990000e-05	-1.342381e-01	-4.498296e+00
4.991000e-05	2.201704e-01	-4.790797e+00
4.992000e-05	-1.382719e-01	-5.078619e+00
4.993000e-05	7.228762e-02	-5.402535e+00
4.994000e-05	-8.456720e-04	-5.667633e+00
4.995000e-05	-9.621238e-02	-5.940850e+00
4.996000e-05	1.816587e-01	-6.171376e+00
4.997000e-05	-1.131683e-01	-6.497168e+00
4.998000e-05	1.260162e-01	-6.730275e+00
4.999000e-05	-4.161863e-02	-7.032953e+00
