# 260604_11:26:24.810605
t	CH1	CH2
0.000000e+00	-1.124168e-02	5.279711e-01
1.000000e-08	-1.151231e-02	2.657982e-01
2.000000e-08	-9.853751e-03	-2.899594e-02
3.000000e-08	-8.237502e-04	-2.936254e-01
4.000000e-08	4.876267e-03	-5.262305e-01
5.000000e-08	-1.891181e-03	-8.589750e-01
6.000000e-08	2.052975e-03	-1.081628e+00
7.000000e-08	-2.545398e-03	-1.379388e+00
8.000000e-08	1.554406e-03	-1.640555e+00
9.000000e-08	1.088928e-02	-1.871653e+00
1.000000e-07	6.334884e-02	-2.092101e+00
1.100000e-07	1.251512e-01	-2.428920e+00
1.200000e-07	-4.968139e-02	-2.819317e+00
1.300000e-07	-3.751221e-03	-3.208475e+00
1.400000e-07	-4.459503e-02	-3.410503e+00
1.500000e-07	-3.733463e-02	-3.619578e+00
1.600000e-07	-9.898372e-02	-3.901233e+00
1.700000e-07	1.530098e-01	-4.031503e+00
1.800000e-07	-6.248491e-02	-4.292130e+00
1.900000e-07	8.625728e-03	-4.636945e+00
2.000000e-07	1.435716e-01	-4.840573e+00
2.100000e-07	-1.678253e-01	-5.176892e+00
2.200000e-07	1.610856e-01	-5.481229e+00
2.300000e-07	-1.313163e-01	-5.704286e+00
2.400000e-07	4.255839e-02	-6.008974e+00
2.500000e-07	8.914387e-02	-6.190525e+00
2.600000e-07	-8.199878e-02	-6.536364e+00
2.700000e-07	1.480400e-01	-6.778970e+00
2.800000e-07	-1.147953e-01	-7.131605e+00
2.900000e-07	9.014558e-02	-7.387467e+00
3.000000e-07	-1.914901e-02	-7.564967e+00
3.100000e-07	-8.563935e-04	-7.912217e+00
3.200000e-07	1.023236e-01	-8.123215e+00
3.300000e-07	-8.245413e-02	-8.366945e+00
3.400000e-07	1.415583e-01	-8.594428e+00
3.500000e-07	-8.268854e-02	-8.861182e+00
3.600000e-07	6.165107e-02	-9.101312e+00
3.700000e-07	-5.190479e-03	-9.272684e+00
3.800000e-07	2.795476e-02	-9.544390e+00
3.900000e-07	7.475072e-02	-9.746916e+00
4.000000e-07	-2.909800e-02	-9.974368e+00
4.100000e-07	9.111975e-02	-1.022592e+01
4.200000e-07	-4.998068e-02	-1.043905e+01
4.300000e-07	9.673003e-02	-1.059858e+01
4.400000e-07	-3.123048e-02	-1.079692e+01
4.500000e-07	6.865417e-02	-1.096820e+01
4.600000e-07	4.779073e-03	-1.120702e+01
4.700000e-07	4.900597e-02	-1.142816e+01
4.800000e-07	3.581110e-02	-1.158907e+01
4.900000e-07	1.532099e-02	-1.183715e+01
5.000000e-07	5.238219e-02	-1.201915e+01
5.100000e-07	1.567410e-02	-1.216705e+01
5.200000e-07	7.227817e-02	-1.235700e+01
5.300000e-07	6.760563e-03	-1.253552e+01
5.400000e-07	5.919169e-02	-1.268179e+01
5.500000e-07	1.512012e-02	-1.287224e+01
5.600000e-07	6.502092e-02	-1.299810e+01
5.700000e-07	3.124578e-02	-1.312394e+01
5.800000e-07	5.729126e-02	-1.328384e+01
5.900000e-07	4.199743e-02	-1.343876e+01
6.000000e-07	5.506069e-02	-1.361610e+01
6.100000e-07	5.074177e-02	-1.373595e+01
6.200000e-07	4.333759e-02	-1.380021e+01
6.300000e-07	5.212814e-02	-1.391905e+01
6.400000e-07	5.187466e-02	-1.407384e+01
6.500000e-07	6.767583e-02	-1.419875e+01
6.600000e-07	5.524358e-02	-1.430494e+01
6.700000e-07	6.427421e-02	-1.443116e+01
6.800000e-07	5.694716e-02	-1.453484e+01
6.900000e-07	7.470132e-02	-1.460768e+01
7.000000e-07	6.513287e-02	-1.468142e+01
7.100000e-07	7.487149e-02	-1.475707e+01
7.200000e-07	6.846705e-02	-1.480978e+01
7.300000e-07	8.012624e-02	-1.487447e+01
7.400000e-07	7.490412e-02	-1.492648e+01
7.500000e-07	7.949854e-02	-1.502823e+01
7.600000e-07	8.043014e-02	-1.503031e+01
7.700000e-07	8.958801e-02	-1.509547e+01
7.800000e-07	9.755896e-02	-1.513610e+01
7.900000e-07	9.508436e-02	-1.518855e+01
8.000000e-07	9.799323e-02	-1.521974e+01
8.100000e-07	9.724262e-02	-1.523176e+01
8.200000e-07	1.079570e-01	-1.526329e+01
8.300000e-07	1.084173e-01	-1.530184e+01
8.400000e-07	1.159649e-01	-1.529284e+01
8.500000e-07	1.184302e-01	-1.528294e+01
8.600000e-07	1.287646e-01	-1.527337e+01
8.700000e-07	1.331572e-01	-1.528284e+01
8.800000e-07	1.374336e-01	-1.529174e+01
8.900000e-07	1.439449e-01	-1.524173e+01
9.000000e-07	1.566989e-01	-1.519066e+01
9.100000e-07	1.729821e-01	-1.515860e+01
9.200000e-07	1.871218e-01	-1.513807e+01
9.300000e-07	2.059733e-01	-1.511652e+01
9.400000e-07	2.288111e-01	-1.506131e+01
9.500000e-07	2.491941e-01	-1.498876e+01
9.600000e-07	2.500000e-01	-1.495705e+01
9.700000e-07	2.500000e-01	-1.489287e+01
9.800000e-07	2.500000e-01	-1.484129e+01
9.900000e-07	2.500000e-01	-1.472711e+01
1.000000e-06	2.500000e-01	-1.464287e+01
1.010000e-06	2.500000e-01	-1.459663e+01
1.020000e-06	2.402800e-01	-1.450645e+01
1.030000e-06	2.120319e-01	-1.441114e+01
1.040000e-06	1.875744e-01	-1.428297e+01
1.050000e-06	1.671404e-01	-1.422868e+01
1.060000e-06	1.482693e-01	-1.410387e+01
1.070000e-06	1.315049e-01	-1.393805e+01
1.080000e-06	1.206571e-01	-1.384124e+01
1.090000e-06	1.085812e-01	-1.364449e+01
1.100000e-06	9.734397e-02	-1.354856e+01
1.110000e-06	8.786252e-02	-1.342124e+01
1.120000e-06	8.263010e-02	-1.329595e+01
1.130000e-06	7.767253e-02	-1.313658e+01
1.140000e-06	7.021278e-02	-1.302026e+01
1.150000e-06	6.439872e-02	-1.285279e+01
1.160000e-06	5.969058e-02	-1.270595e+01
1.170000e-06	5.809398e-02	-1.251855e+01
1.180000e-06	5.379155e-02	-1.239011e+01
1.190000e-06	5.028105e-02	-1.218973e+01
1.200000e-06	4.541945e-02	-1.205171e+01
1.210000e-06	4.381479e-02	-1.183274e+01
1.220000e-06	3.957751e-02	-1.164126e+01
1.230000e-06	3.748617e-02	-1.141282e+01
1.240000e-06	3.317288e-02	-1.120014e+01
1.250000e-06	3.413505e-02	-1.100976e+01
1.260000e-06	3.291125e-02	-1.079118e+01
1.270000e-06	3.225279e-02	-1.063168e+01
1.280000e-06	2.794424e-02	-1.043027e+01
1.290000e-06	2.697442e-02	-1.017971e+01
1.300000e-06	2.356363e-02	-9.990158e+00
1.310000e-06	2.348990e-02	-9.780053e+00
1.320000e-06	2.010944e-02	-9.568581e+00
1.330000e-06	1.972604e-02	-9.337451e+00
1.340000e-06	1.962950e-02	-9.095421e+00
1.350000e-06	2.013079e-02	-8.895948e+00
1.360000e-06	1.756731e-02	-8.642314e+00
1.370000e-06	1.659272e-02	-8.402681e+00
1.380000e-06	1.367500e-02	-8.179104e+00
1.390000e-06	1.471678e-02	-7.988531e+00
1.400000e-06	1.238714e-02	-7.664168e+00
1.410000e-06	1.106627e-02	-7.378558e+00
1.420000e-06	8.671738e-03	-7.198500e+00
1.430000e-06	1.027535e-02	-6.885369e+00
1.440000e-06	9.560389e-03	-6.633163e+00
1.450000e-06	9.052129e-03	-6.421135e+00
1.460000e-06	6.426714e-03	-6.166374e+00
1.470000e-06	7.395868e-03	-5.904289e+00
1.480000e-06	4.098304e-03	-5.561055e+00
1.490000e-06	4.827107e-03	-5.344871e+00
1.500000e-06	1.639036e-03	-5.049714e+00
1.510000e-06	2.957177e-03	-4.703343e+00
1.520000e-06	2.942597e-03	-4.453187e+00
1.530000e-06	3.759637e-03	-4.200134e+00
1.540000e-06	1.576729e-03	-3.926923e+00
1.550000e-06	-2.412544e-03	-3.663742e+00
1.560000e-06	-8.864353e-04	-3.361155e+00
1.570000e-06	-2.941817e-03	-3.126872e+00
1.580000e-06	-1.872010e-03	-2.832129e+00
1.590000e-06	-3.825684e-03	-2.559449e+00
1.600000e-06	-1.554029e-03	-2.265840e+00
1.610000e-06	-2.669070e-03	-1.969524e+00
1.620000e-06	-3.443604e-03	-1.707296e+00
1.630000e-06	-5.667054e-03	-1.442680e+00
1.640000e-06	-7.206676e-03	-1.106796e+00
1.650000e-06	-7.248209e-03	-8.321267e-01
1.660000e-06	-6.637114e-03	-4.988734e-01
1.670000e-06	-5.834204e-03	-2.642130e-01
1.680000e-06	-3.007394e-03	2.844607e-02
1.690000e-06	9.731176e-03	3.047592e-01
1.700000e-06	-5.441949e-04	5.568408e-01
1.710000e-06	5.133448e-03	8.093723e-01
1.720000e-06	-2.901044e-03	1.153685e+00
1.730000e-06	-9.826512e-04	1.365916e+00
1.740000e-06	-4.065098e-03	1.682808e+00
1.750000e-06	9.833904e-03	1.914839e+00
1.760000e-06	3.758105e-02	2.135816e+00
1.770000e-06	1.108205e-01	2.410476e+00
1.780000e-06	-6.194879e-03	2.777473e+00
1.790000e-06	-4.546038e-02	3.073153e+00
1.800000e-06	-3.519100e-02	3.304867e+00
1.810000e-06	-3.283069e-02	3.621051e+00
1.820000e-06	-7.211579e-02	3.840603e+00
1.830000e-06	-5.097663e-02	4.032053e+00
1.840000e-06	1.033286e-01	4.355346e+00
1.850000e-06	-6.687692e-02	4.629530e+00
1.860000e-06	4.105978e-02	4.842530e+00
1.870000e-06	8.118244e-02	5.188075e+00
1.880000e-06	-1.261540e-01	5.463190e+00
1.890000e-06	6.420783e-02	5.704863e+00
1.900000e-06	-6.682390e-02	6.000031e+00
1.910000e-06	3.922417e-02	6.270609e+00
1.920000e-06	-4.318333e-03	6.532359e+00
1.930000e-06	-4.712728e-02	6.767524e+00
1.940000e-06	3.375460e-02	7.052160e+00
1.950000e-06	-5.621517e-02	7.293317e+00
1.960000e-06	2.838296e-02	7.630030e+00
1.970000e-06	-6.981389e-02	7.861208e+00
1.980000e-06	2.329566e-02	8.175991e+00
1.990000e-06	3.156670e-03	8.368549e+00
2.000000e-06	-3.217415e-02	8.587472e+00
2.010000e-06	1.015300e-02	8.807179e+00
2.020000e-06	-7.169541e-02	9.030651e+00
2.030000e-06	9.031635e-03	9.252289e+00
2.040000e-06	-2.651994e-02	9.522266e+00
2.050000e-06	2.603565e-03	9.693843e+00
2.060000e-06	-4.024403e-02	9.935997e+00
2.070000e-06	-1.471864e-02	1.012494e+01
2.080000e-06	-9.605529e-03	1.040555e+01
2.090000e-06	-3.566518e-02	1.054710e+01
2.100000e-06	-2.398890e-02	1.076857e+01
2.110000e-06	-4.580260e-02	1.098698e+01
2.120000e-06	-8.624837e-03	1.117610e+01
2.130000e-06	-3.089352e-02	1.138810e+01
2.140000e-06	-2.651062e-02	1.156860e+01
2.150000e-06	-4.854824e-02	1.179915e+01
2.160000e-06	-2.716417e-02	1.195752e+01
2.170000e-06	-2.680997e-02	1.211805e+01
2.180000e-06	-3.184549e-02	1.233244e+01
2.190000e-06	-4.462439e-02	1.249437e+01
2.200000e-06	-4.706738e-02	1.263124e+01
2.210000e-06	-3.211204e-02	1.279565e+01
2.220000e-06	-4.147845e-02	1.291610e+01
2.230000e-06	-4.483267e-02	1.308139e+01
2.240000e-06	-5.454187e-02	1.327279e+01
2.250000e-06	-3.644771e-02	1.336655e+01
2.260000e-06	-4.448830e-02	1.353503e+01
2.270000e-06	-5.128698e-02	1.364187e+01
2.280000e-06	-6.649734e-02	1.374763e+01
2.290000e-06	-5.797805e-02	1.389050e+01
2.300000e-06	-5.242583e-02	1.404010e+01
2.310000e-06	-5.597867e-02	1.417710e+01
2.320000e-06	-6.542700e-02	1.429289e+01
2.330000e-06	-6.883075e-02	1.439723e+01
2.340000e-06	-6.017295e-02	1.449140e+01
2.350000e-06	-6.593312e-02	1.454855e+01
2.360000e-06	-7.196715e-02	1.465139e+01
2.370000e-06	-8.262296e-02	1.473498e+01
2.380000e-06	-7.382989e-02	1.475971e+01
2.390000e-06	-7.687843e-02	1.484227e+01
2.400000e-06	-8.308663e-02	1.487394e+01
2.410000e-06	-9.600858e-02	1.496753e+01
2.420000e-06	-9.420863e-02	1.499874e+01
2.430000e-06	-8.858040e-02	1.501129e+01
2.440000e-06	-9.285274e-02	1.504495e+01
2.450000e-06	-1.017544e-01	1.511503e+01
2.460000e-06	-1.087129e-01	1.515710e+01
2.470000e-06	-1.067009e-01	1.516918e+01
2.480000e-06	-1.111089e-01	1.519876e+01
2.490000e-06	-1.200591e-01	1.519929e+01
2.500000e-06	-1.284903e-01	1.521134e+01
2.510000e-06	-1.278681e-01	1.521927e+01
2.520000e-06	-1.289398e-01	1.521079e+01
2.530000e-06	-1.391472e-01	1.517973e+01
2.540000e-06	-1.527737e-01	1.518973e+01
2.550000e-06	-1.617786e-01	1.515663e+01
2.560000e-06	-1.681842e-01	1.514705e+01
2.570000e-06	-1.806826e-01	1.507600e+01
2.580000e-06	-2.031048e-01	1.507347e+01
2.590000e-06	-2.255445e-01	1.505127e+01
2.600000e-06	-2.455884e-01	1.494871e+01
2.610000e-06	-2.499442e-01	1.488753e+01
2.620000e-06	-2.500000e-01	1.489287e+01
2.630000e-06	-2.500000e-01	1.480026e+01
2.640000e-06	-2.500000e-01	1.476760e+01
2.650000e-06	-2.500000e-01	1.468292e+01
2.660000e-06	-2.500000e-01	1.455864e+01
2.670000e-06	-2.500000e-01	1.448548e+01
2.680000e-06	-2.416613e-01	1.440129e+01
2.690000e-06	-2.109859e-01	1.427450e+01
2.700000e-06	-1.861647e-01	1.422026e+01
2.710000e-06	-1.673948e-01	1.407698e+01
2.720000e-06	-1.531632e-01	1.395711e+01
2.730000e-06	-1.362715e-01	1.381942e+01
2.740000e-06	-1.231904e-01	1.371697e+01
2.750000e-06	-1.149503e-01	1.360871e+01
2.760000e-06	-1.082206e-01	1.344439e+01
2.770000e-06	-9.991845e-02	1.336445e+01
2.780000e-06	-9.017145e-02	1.315968e+01
2.790000e-06	-8.362180e-02	1.300134e+01
2.800000e-06	-8.144440e-02	1.285552e+01
2.810000e-06	-7.711273e-02	1.270556e+01
2.820000e-06	-7.035191e-02	1.257964e+01
2.830000e-06	-6.555353e-02	1.241337e+01
2.840000e-06	-6.274709e-02	1.224289e+01
2.850000e-06	-6.248400e-02	1.210505e+01
2.860000e-06	-5.808995e-02	1.188657e+01
2.870000e-06	-5.501320e-02	1.169548e+01
2.880000e-06	-5.121664e-02	1.146603e+01
2.890000e-06	-5.362085e-02	1.129558e+01
2.900000e-06	-5.060542e-02	1.108461e+01
2.910000e-06	-4.641913e-02	1.090650e+01
2.920000e-06	-4.238960e-02	1.070848e+01
2.930000e-06	-4.241942e-02	1.052757e+01
2.940000e-06	-4.268081e-02	1.024592e+01
2.950000e-06	-4.087238e-02	1.009600e+01
2.960000e-06	-3.782073e-02	9.862418e+00
2.970000e-06	-3.718282e-02	9.612321e+00
2.980000e-06	-3.836490e-02	9.411210e+00
2.990000e-06	-3.632390e-02	9.221235e+00
3.000000e-06	-3.435778e-02	9.001190e+00
3.010000e-06	-3.153663e-02	8.738135e+00
3.020000e-06	-3.316912e-02	8.527003e+00
3.030000e-06	-3.245091e-02	8.287477e+00
3.040000e-06	-3.015058e-02	8.083389e+00
3.050000e-06	-2.801552e-02	7.759740e+00
3.060000e-06	-2.799147e-02	7.588105e+00
3.070000e-06	-2.934491e-02	7.313523e+00
3.080000e-06	-2.739400e-02	7.032164e+00
3.090000e-06	-2.681551e-02	6.749157e+00
3.100000e-06	-2.460878e-02	6.508526e+00
3.110000e-06	-2.559655e-02	6.253822e+00
3.120000e-06	-2.447100e-02	6.041683e+00
3.130000e-06	-2.263076e-02	5.719576e+00
3.140000e-06	-2.187099e-02	5.467369e+00
3.150000e-06	-2.199910e-02	5.199662e+00
3.160000e-06	-2.302767e-02	4.845767e+00
3.170000e-06	-2.095781e-02	4.551560e+00
3.180000e-06	-2.009570e-02	4.336030e+00
3.190000e-06	-1.886917e-02	4.032260e+00
3.200000e-06	-2.098392e-02	3.731084e+00
3.210000e-06	-1.907449e-02	3.517397e+00
3.220000e-06	-1.751295e-02	3.190690e+00
3.230000e-06	-1.744912e-02	2.969930e+00
3.240000e-06	-1.675624e-02	2.677370e+00
3.250000e-06	-1.674078e-02	2.360654e+00
3.260000e-06	-1.589554e-02	2.097846e+00
3.270000e-06	-1.540027e-02	1.824817e+00
3.280000e-06	-1.401660e-02	1.569955e+00
3.290000e-06	-1.385313e-02	1.254317e+00
3.300000e-06	-1.278511e-02	9.283774e-01
3.310000e-06	-1.231616e-02	6.331155e-01
3.320000e-06	-1.096083e-02	3.800539e-01
3.330000e-06	-1.140270e-02	5.687553e-02
3.340000e-06	-6.613183e-03	-1.869187e-01
3.350000e-06	6.212295e-03	-4.295174e-01
3.360000e-06	-3.394397e-03	-7.627842e-01
3.370000e-06	5.338850e-03	-9.683647e-01
3.380000e-06	-1.140281e-03	-1.240047e+00
3.390000e-06	4.134737e-03	-1.585790e+00
3.400000e-06	5.241951e-04	-1.777416e+00
3.410000e-06	3.357940e-02	-1.968419e+00
3.420000e-06	1.195275e-01	-2.243571e+00
3.430000e-06	1.934382e-02	-2.622101e+00
3.440000e-06	-4.176320e-02	-3.031053e+00
3.450000e-06	-1.307713e-02	-3.376391e+00
3.460000e-06	-4.076755e-02	-3.566364e+00
3.470000e-06	-8.111597e-02	-3.708467e+00
3.480000e-06	3.431123e-02	-3.979941e+00
3.490000e-06	1.052746e-01	-4.206442e+00
3.500000e-06	-1.524882e-01	-4.491234e+00
3.510000e-06	2.061612e-01	-4.735838e+00
3.520000e-06	-1.087375e-01	-5.019995e+00
3.530000e-06	3.709415e-02	-5.379067e+00
3.540000e-06	3.498388e-02	-5.617522e+00
3.550000e-06	-1.258778e-01	-5.924384e+00
3.560000e-06	1.895052e-01	-6.103312e+00
3.570000e-06	-1.031424e-01	-6.437550e+00
3.580000e-06	1.068049e-01	-6.724284e+00
3.590000e-06	-1.465875e-02	-6.954862e+00
3.600000e-06	-3.357713e-02	-7.261602e+00
3.610000e-06	9.685767e-02	-7.480781e+00
3.620000e-06	-9.842419e-02	-7.755447e+00
3.630000e-06	1.428410e-01	-8.041679e+00
3.640000e-06	-6.350300e-02	-8.251630e+00
3.650000e-06	7.809223e-02	-8.463864e+00
3.660000e-06	2.740233e-02	-8.725390e+00
3.670000e-06	-4.936714e-02	-9.009525e+00
3.680000e-06	8.404437e-02	-9.176972e+00
3.690000e-06	-5.769356e-02	-9.418654e+00
3.700000e-06	1.268946e-01	-9.661238e+00
3.710000e-06	-4.942192e-02	-9.871235e+00
3.720000e-06	8.828388e-02	-1.010277e+01
3.730000e-06	-1.836832e-02	-1.027179e+01
3.740000e-06	4.624023e-02	-1.054697e+01
3.750000e-06	3.094376e-02	-1.071429e+01
3.760000e-06	1.937940e-03	-1.087447e+01
3.770000e-06	6.500535e-02	-1.110382e+01
3.780000e-06	-6.491798e-03	-1.132545e+01
3.790000e-06	8.289778e-02	-1.151397e+01
3.800000e-06	-1.647297e-02	-1.170447e+01
3.810000e-06	6.973841e-02	-1.194447e+01
3.820000e-06	3.393886e-03	-1.211432e+01
3.830000e-06	7.261758e-02	-1.228291e+01
3.840000e-06	1.980053e-02	-1.244321e+01
3.850000e-06	4.483886e-02	-1.264768e+01
3.860000e-06	3.236881e-02	-1.279708e+01
3.870000e-06	4.275668e-02	-1.296700e+01
3.880000e-06	5.151059e-02	-1.305179e+01
3.890000e-06	3.429519e-02	-1.323271e+01
3.900000e-06	5.929438e-02	-1.337705e+01
3.910000e-06	3.799471e-02	-1.353241e+01
3.920000e-06	6.578190e-02	-1.367126e+01
3.930000e-06	3.463907e-02	-1.376763e+01
3.940000e-06	5.708294e-02	-1.387332e+01
3.950000e-06	4.368596e-02	-1.402923e+01
3.960000e-06	6.950207e-02	-1.414550e+01
3.970000e-06	5.530618e-02	-1.424131e+01
3.980000e-06	6.322191e-02	-1.438657e+01
3.990000e-06	5.733228e-02	-1.449381e+01
4.000000e-06	6.967101e-02	-1.457658e+01
4.010000e-06	7.077434e-02	-1.464126e+01
4.020000e-06	6.917534e-02	-1.474454e+01
4.030000e-06	7.174675e-02	-1.476018e+01
4.040000e-06	7.357662e-02	-1.484237e+01
4.050000e-06	8.137337e-02	-1.493652e+01
4.060000e-06	7.492401e-02	-1.495705e+01
4.070000e-06	8.118678e-02	-1.502971e+01
4.080000e-06	8.332628e-02	-1.509339e+01
4.090000e-06	9.796016e-02	-1.515550e+01
4.100000e-06	9.436045e-02	-1.516908e+01
4.110000e-06	9.797403e-02	-1.517663e+01
4.120000e-06	9.583192e-02	-1.524074e+01
4.130000e-06	1.048812e-01	-1.528126e+01
4.140000e-06	1.090496e-01	-1.531384e+01
4.150000e-06	1.127511e-01	-1.528382e+01
4.160000e-06	1.152918e-01	-1.530189e+01
4.170000e-06	1.242003e-01	-1.527387e+01
4.180000e-06	1.320018e-01	-1.530344e+01
4.190000e-06	1.337356e-01	-1.524332e+01
4.200000e-06	1.420243e-01	-1.522272e+01
4.210000e-06	1.503490e-01	-1.523229e+01
4.220000e-06	1.694407e-01	-1.522779e+01
4.230000e-06	1.811067e-01	-1.516748e+01
4.240000e-06	1.978780e-01	-1.509502e+01
4.250000e-06	2.155604e-01	-1.504239e+01
4.260000e-06	2.430546e-01	-1.499081e+01
4.270000e-06	2.498980e-01	-1.495863e+01
4.280000e-06	2.500000e-01	-1.488450e+01
4.290000e-06	2.500000e-01	-1.484184e+01
4.300000e-06	2.500000e-01	-1.480016e+01
4.310000e-06	2.500000e-01	-1.465345e+01
4.320000e-06	2.500000e-01	-1.462021e+01
4.330000e-06	2.462358e-01	-1.453612e+01
4.340000e-06	2.214505e-01	-1.448282e+01
4.350000e-06	1.964550e-01	-1.437708e+01
4.360000e-06	1.761099e-01	-1.422076e+01
4.370000e-06	1.553422e-01	-1.411698e+01
4.380000e-06	1.384988e-01	-1.398927e+01
4.390000e-06	1.252768e-01	-1.384382e+01
4.400000e-06	1.140948e-01	-1.374623e+01
4.410000e-06	1.018664e-01	-1.360131e+01
4.420000e-06	9.029950e-02	-1.349289e+01
4.430000e-06	8.374587e-02	-1.334553e+01
4.440000e-06	7.969560e-02	-1.323926e+01
4.450000e-06	7.452054e-02	-1.305332e+01
4.460000e-06	6.653687e-02	-1.291505e+01
4.470000e-06	6.157923e-02	-1.271868e+01
4.480000e-06	5.763663e-02	-1.259971e+01
4.490000e-06	5.644169e-02	-1.246182e+01
4.500000e-06	5.054313e-02	-1.225240e+01
4.510000e-06	4.674173e-02	-1.210495e+01
4.520000e-06	4.320712e-02	-1.189550e+01
4.530000e-06	4.253867e-02	-1.171650e+01
4.540000e-06	3.942642e-02	-1.147608e+01
4.550000e-06	3.483640e-02	-1.130590e+01
4.560000e-06	3.398547e-02	-1.108337e+01
4.570000e-06	3.371505e-02	-1.086394e+01
4.580000e-06	3.356143e-02	-1.068547e+01
4.590000e-06	2.972653e-02	-1.051447e+01
4.600000e-06	2.690133e-02	-1.028495e+01
4.610000e-06	2.388298e-02	-1.007384e+01
4.620000e-06	2.412217e-02	-9.843315e+00
4.630000e-06	2.236096e-02	-9.633817e+00
4.640000e-06	2.092810e-02	-9.442713e+00
4.650000e-06	1.915422e-02	-9.168158e+00
4.660000e-06	2.068322e-02	-8.951079e+00
4.670000e-06	1.902657e-02	-8.758027e+00
4.680000e-06	1.625434e-02	-8.497522e+00
4.690000e-06	1.308376e-02	-8.253215e+00
4.700000e-06	1.401021e-02	-8.041716e+00
4.710000e-06	1.275932e-02	-7.799581e+00
4.720000e-06	1.254837e-02	-7.495946e+00
4.730000e-06	1.057949e-02	-7.272938e+00
4.740000e-06	1.129902e-02	-6.979638e+00
4.750000e-06	9.357920e-03	-6.727571e+00
4.760000e-06	9.480410e-03	-6.496944e+00
4.770000e-06	5.791493e-03	-6.203236e+00
4.780000e-06	6.805928e-03	-5.989601e+00
4.790000e-06	3.626024e-03	-5.686448e+00
4.800000e-06	5.529801e-03	-5.432186e+00
4.810000e-06	8.772169e-04	-5.117974e+00
4.820000e-06	2.708338e-03	-4.801664e+00
4.830000e-06	2.376079e-03	-4.526419e+00
4.840000e-06	5.255896e-03	-4.296942e+00
4.850000e-06	3.495248e-03	-4.045237e+00
4.860000e-06	6.837923e-04	-3.761155e+00
4.870000e-06	-9.441880e-04	-3.526247e+00
4.880000e-06	-3.131701e-03	-3.223214e+00
4.890000e-06	-3.476032e-03	-2.928425e+00
4.900000e-06	-5.359115e-03	-2.683735e+00
4.910000e-06	-3.469141e-03	-2.389603e+00
4.920000e-06	-2.384502e-03	-2.105295e+00
4.930000e-06	-1.015342e-03	-1.812133e+00
4.940000e-06	-2.998772e-03	-1.559051e+00
4.950000e-06	-5.350042e-03	-1.222608e+00
4.960000e-06	-7.493956e-03	-9.373707e-01
4.970000e-06	-7.269645e-03	-6.652142e-01
4.980000e-06	-8.065169e-03	-3.378947e-01
4.990000e-06	-7.340409e-03	-1.068184e-01
5.000000e-06	2.299174e-03	1.778671e-01
5.010000e-06	5.382531e-03	4.615267e-01
5.020000e-06	2.197282e-03	6.841332e-01
5.030000e-06	3.955231e-03	9.278120e-01
5.040000e-06	-1.599508e-03	1.241580e+00
5.050000e-06	8.782049e-04	1.546765e+00
5.060000e-06	-2.828605e-04	1.839578e+00
5.070000e-06	2.117917e-02	2.020551e+00
5.080000e-06	8.081442e-02	2.273262e+00
5.090000e-06	6.538310e-02	2.641677e+00
5.100000e-06	-6.148179e-02	2.935390e+00
5.110000e-06	-2.331658e-02	3.219526e+00
5.120000e-06	-4.030351e-02	3.505392e+00
5.130000e-06	-3.836205e-02	3.757923e+00
5.140000e-06	-8.659558e-02	3.967345e+00
5.150000e-06	4.795332e-02	4.219420e+00
5.160000e-06	4.144229e-02	4.514264e+00
5.170000e-06	-9.079133e-02	4.746918e+00
5.180000e-06	1.679625e-01	5.008475e+00
5.190000e-06	-1.175033e-01	5.386500e+00
5.200000e-06	1.581078e-02	5.620052e+00
5.210000e-06	-8.296514e-03	5.933793e+00
5.220000e-06	-2.772548e-02	6.125420e+00
5.230000e-06	5.519551e-02	6.389475e+00
5.240000e-06	-7.323233e-02	6.674342e+00
5.250000e-06	3.377263e-02	6.945423e+00
5.260000e-06	-4.007198e-02	7.218549e+00
5.270000e-06	4.719943e-03	7.462313e+00
5.280000e-06	-2.932212e-02	7.725919e+00
5.290000e-06	-3.199727e-02	8.062230e+00
5.300000e-06	3.599196e-02	8.302288e+00
5.310000e-06	-4.038592e-02	8.484341e+00
5.320000e-06	8.487318e-03	8.702389e+00
5.330000e-06	-4.177450e-02	8.925429e+00
5.340000e-06	-3.385823e-02	9.159027e+00
5.350000e-06	5.373906e-03	9.399004e+00
5.360000e-06	-2.246743e-02	9.639131e+00
5.370000e-06	-1.127237e-02	9.902185e+00
5.380000e-06	-4.283336e-02	1.009482e+01
5.390000e-06	9.572222e-04	1.028219e+01
5.400000e-06	-3.167259e-02	1.045240e+01
5.410000e-06	-2.633662e-02	1.066332e+01
5.420000e-06	-3.549031e-02	1.090334e+01
5.430000e-06	-2.841358e-02	1.108232e+01
5.440000e-06	-1.110244e-02	1.127387e+01
5.450000e-06	-3.776860e-02	1.151392e+01
5.460000e-06	-3.428729e-02	1.171699e+01
5.470000e-06	-4.467779e-02	1.192334e+01
5.480000e-06	-1.928848e-02	1.204325e+01
5.490000e-06	-3.252260e-02	1.222876e+01
5.500000e-06	-3.677164e-02	1.241114e+01
5.510000e-06	-4.749271e-02	1.259658e+01
5.520000e-06	-3.794928e-02	1.279497e+01
5.530000e-06	-3.428138e-02	1.287484e+01
5.540000e-06	-4.740148e-02	1.304026e+01
5.550000e-06	-4.969587e-02	1.318863e+01
5.560000e-06	-4.661804e-02	1.332545e+01
5.570000e-06	-3.738124e-02	1.346329e+01
5.580000e-06	-5.001618e-02	1.359719e+01
5.590000e-06	-5.978472e-02	1.371545e+01
5.600000e-06	-6.207104e-02	1.384036e+01
5.610000e-06	-5.309493e-02	1.396618e+01
5.620000e-06	-5.344429e-02	1.411740e+01
5.630000e-06	-6.374562e-02	1.422821e+01
5.640000e-06	-6.909430e-02	1.431705e+01
5.650000e-06	-6.377305e-02	1.445177e+01
5.660000e-06	-6.235545e-02	1.449643e+01
5.670000e-06	-6.953812e-02	1.463066e+01
5.680000e-06	-7.796871e-02	1.468595e+01
5.690000e-06	-7.788724e-02	1.474918e+01
5.700000e-06	-7.476208e-02	1.480069e+01
5.710000e-06	-7.952820e-02	1.487284e+01
5.720000e-06	-9.131923e-02	1.492657e+01
5.730000e-06	-9.530656e-02	1.499661e+01
5.740000e-06	-9.012544e-02	1.500074e+01
5.750000e-06	-9.064765e-02	1.503192e+01
5.760000e-06	-9.886494e-02	1.511597e+01
5.770000e-06	-1.074017e-01	1.515750e+01
5.780000e-06	-1.060238e-01	1.514973e+01
5.790000e-06	-1.083827e-01	1.517863e+01
5.800000e-06	-1.150204e-01	1.520868e+01
5.810000e-06	-1.252809e-01	1.525976e+01
5.820000e-06	-1.289796e-01	1.522076e+01
5.830000e-06	-1.290063e-01	1.520972e+01
5.840000e-06	-1.343844e-01	1.516126e+01
5.850000e-06	-1.479308e-01	1.514964e+01
5.860000e-06	-1.582256e-01	1.518871e+01
5.870000e-06	-1.639601e-01	1.513608e+01
5.880000e-06	-1.742959e-01	1.513662e+01
5.890000e-06	-1.925704e-01	1.507402e+01
5.900000e-06	-2.170710e-01	1.503184e+01
5.910000e-06	-2.377418e-01	1.502919e+01
5.920000e-06	-2.496659e-01	1.490765e+01
5.930000e-06	-2.500000e-01	1.488400e+01
5.940000e-06	-2.500000e-01	1.480279e+01
5.950000e-06	-2.500000e-01	1.478016e+01
5.960000e-06	-2.500000e-01	1.470495e+01
5.970000e-06	-2.500000e-01	1.460231e+01
5.980000e-06	-2.500000e-01	1.454556e+01
5.990000e-06	-2.478834e-01	1.446182e+01
6.000000e-06	-2.223211e-01	1.438661e+01
6.010000e-06	-1.950239e-01	1.424237e+01
6.020000e-06	-1.747280e-01	1.417658e+01
6.030000e-06	-1.620989e-01	1.395982e+01
6.040000e-06	-1.431734e-01	1.386240e+01
6.050000e-06	-1.286816e-01	1.377866e+01
6.060000e-06	-1.149943e-01	1.363077e+01
6.070000e-06	-1.119091e-01	1.351648e+01
6.080000e-06	-1.029243e-01	1.336766e+01
6.090000e-06	-9.464782e-02	1.322284e+01
6.100000e-06	-8.466284e-02	1.311548e+01
6.110000e-06	-8.258195e-02	1.294656e+01
6.120000e-06	-7.959178e-02	1.278072e+01
6.130000e-06	-7.404595e-02	1.262282e+01
6.140000e-06	-6.674633e-02	1.249545e+01
6.150000e-06	-6.427597e-02	1.230698e+01
6.160000e-06	-6.342014e-02	1.213756e+01
6.170000e-06	-5.988434e-02	1.192912e+01
6.180000e-06	-5.546763e-02	1.171979e+01
6.190000e-06	-5.124619e-02	1.154924e+01
6.200000e-06	-5.258181e-02	1.139021e+01
6.210000e-06	-5.172575e-02	1.114019e+01
6.220000e-06	-4.876379e-02	1.098966e+01
6.230000e-06	-4.380315e-02	1.081172e+01
6.240000e-06	-4.330114e-02	1.058982e+01
6.250000e-06	-4.351974e-02	1.037116e+01
6.260000e-06	-4.213005e-02	1.013956e+01
6.270000e-06	-3.826219e-02	9.938606e+00
6.280000e-06	-3.677423e-02	9.725030e+00
6.290000e-06	-3.787462e-02	9.485055e+00
6.300000e-06	-3.661812e-02	9.315923e+00
6.310000e-06	-3.509494e-02	9.074869e+00
6.320000e-06	-3.177256e-02	8.793741e+00
6.330000e-06	-3.210620e-02	8.621162e+00
6.340000e-06	-3.234407e-02	8.380185e+00
6.350000e-06	-3.172739e-02	8.148505e+00
6.360000e-06	-2.805831e-02	7.917422e+00
6.370000e-06	-2.694645e-02	7.671340e+00
6.380000e-06	-2.826616e-02	7.371636e+00
6.390000e-06	-2.886491e-02	7.136105e+00
6.400000e-06	-2.659009e-02	6.875373e+00
6.410000e-06	-2.462750e-02	6.602643e+00
6.420000e-06	-2.540350e-02	6.338932e+00
6.430000e-06	-2.649008e-02	6.096926e+00
6.440000e-06	-2.436034e-02	5.844845e+00
6.450000e-06	-2.133585e-02	5.582086e+00
6.460000e-06	-2.160079e-02	5.296976e+00
6.470000e-06	-2.251200e-02	4.991065e+00
6.480000e-06	-2.236971e-02	4.706872e+00
6.490000e-06	-2.032477e-02	4.442214e+00
6.500000e-06	-1.902360e-02	4.160605e+00
6.510000e-06	-2.006840e-02	3.876792e+00
6.520000e-06	-1.996999e-02	3.632662e+00
6.530000e-06	-1.923695e-02	3.318526e+00
6.540000e-06	-1.610805e-02	3.043743e+00
6.550000e-06	-1.744986e-02	2.789614e+00
6.560000e-06	-1.709692e-02	2.526349e+00
6.570000e-06	-1.618775e-02	2.222162e+00
6.580000e-06	-1.412012e-02	1.968981e+00
6.590000e-06	-1.458687e-02	1.695843e+00
6.600000e-06	-1.420160e-02	1.362057e+00
6.610000e-06	-1.453733e-02	1.065793e+00
6.620000e-06	-1.234223e-02	7.485249e-01
6.630000e-06	-1.175483e-02	4.957935e-01
6.640000e-06	-9.828071e-03	2.030596e-01
6.650000e-06	-8.179465e-03	-6.310402e-02
6.660000e-06	2.603119e-03	-3.442845e-01
6.670000e-06	1.368612e-03	-6.183419e-01
6.680000e-06	-3.754356e-04	-8.520778e-01
6.690000e-06	-3.930285e-04	-1.155333e+00
6.700000e-06	-4.967852e-04	-1.422546e+00
6.710000e-06	6.744703e-04	-1.694154e+00
6.720000e-06	1.751096e-02	-1.905260e+00
6.730000e-06	8.201909e-02	-2.155783e+00
6.740000e-06	1.030193e-01	-2.483104e+00
6.750000e-06	-6.156742e-02	-2.900228e+00
6.760000e-06	1.841207e-03	-3.252050e+00
6.770000e-06	-5.132376e-02	-3.462203e+00
6.780000e-06	-4.482419e-02	-3.662703e+00
6.790000e-06	-7.644409e-02	-3.924860e+00
6.800000e-06	1.751635e-01	-4.051683e+00
6.810000e-06	-1.295660e-01	-4.394792e+00
6.820000e-06	9.611534e-02	-4.661678e+00
6.830000e-06	7.168639e-02	-4.882255e+00
6.840000e-06	-1.294544e-01	-5.229571e+00
6.850000e-06	1.614577e-01	-5.545213e+00
6.860000e-06	-1.742415e-01	-5.788991e+00
6.870000e-06	1.228606e-01	-6.021203e+00
6.880000e-06	1.931994e-02	-6.251209e+00
6.890000e-06	-2.699306e-02	-6.578045e+00
6.900000e-06	1.177779e-01	-6.828724e+00
6.910000e-06	-1.197495e-01	-7.135842e+00
6.920000e-06	1.244865e-01	-7.408047e+00
6.930000e-06	-7.046990e-02	-7.610627e+00
6.940000e-06	5.882101e-02	-7.986915e+00
6.950000e-06	4.961185e-02	-8.135917e+00
6.960000e-06	-4.521224e-02	-8.419571e+00
6.970000e-06	1.309500e-01	-8.638230e+00
6.980000e-06	-1.014111e-01	-8.933363e+00
6.990000e-06	9.392281e-02	-9.104820e+00
7.000000e-06	-4.452957e-02	-9.293364e+00
7.010000e-06	7.642671e-02	-9.598546e+00
7.020000e-06	2.854447e-02	-9.766497e+00
7.030000e-06	6.374630e-03	-9.979120e+00
7.040000e-06	6.337170e-02	-1.021658e+01
7.050000e-06	-3.310934e-02	-1.045178e+01
7.060000e-06	9.278091e-02	-1.066118e+01
7.070000e-06	-3.875709e-02	-1.082118e+01
7.080000e-06	8.516998e-02	-1.105923e+01
7.090000e-06	-1.251829e-02	-1.125023e+01
7.100000e-06	7.263386e-02	-1.147076e+01
7.110000e-06	1.014921e-02	-1.164071e+01
7.120000e-06	3.747823e-02	-1.186128e+01
7.130000e-06	3.405335e-02	-1.204223e+01
7.140000e-06	3.427698e-02	-1.220071e+01
7.150000e-06	5.975509e-02	-1.235712e+01
7.160000e-06	1.371026e-02	-1.258655e+01
7.170000e-06	5.734817e-02	-1.273194e+01
7.180000e-06	1.810878e-02	-1.287386e+01
7.190000e-06	6.890141e-02	-1.301921e+01
7.200000e-06	2.518352e-02	-1.314707e+01
7.210000e-06	6.353312e-02	-1.332447e+01
7.220000e-06	3.477051e-02	-1.345879e+01
7.230000e-06	6.308582e-02	-1.358668e+01
7.240000e-06	4.153376e-02	-1.374452e+01
7.250000e-06	4.926761e-02	-1.384178e+01
7.260000e-06	4.764680e-02	-1.394855e+01
7.270000e-06	5.951419e-02	-1.410255e+01
7.280000e-06	6.455775e-02	-1.421918e+01
7.290000e-06	5.801743e-02	-1.430552e+01
7.300000e-06	6.220204e-02	-1.442121e+01
7.310000e-06	5.995693e-02	-1.451445e+01
7.320000e-06	7.404326e-02	-1.461818e+01
7.330000e-06	6.560164e-02	-1.474287e+01
7.340000e-06	7.380199e-02	-1.480708e+01
7.350000e-06	6.910042e-02	-1.486184e+01
7.360000e-06	8.292529e-02	-1.491297e+01
7.370000e-06	7.600268e-02	-1.492600e+01
7.380000e-06	8.095031e-02	-1.498928e+01
7.390000e-06	7.991298e-02	-1.505139e+01
7.400000e-06	9.292073e-02	-1.512390e+01
7.410000e-06	9.560438e-02	-1.512762e+01
7.420000e-06	9.582132e-02	-1.518813e+01
7.430000e-06	9.645892e-02	-1.519071e+01
7.440000e-06	1.001116e-01	-1.522324e+01
7.450000e-06	1.093414e-01	-1.529426e+01
7.460000e-06	1.091505e-01	-1.523384e+01
7.470000e-06	1.157966e-01	-1.531297e+01
7.480000e-06	1.197835e-01	-1.528450e+01
7.490000e-06	1.310034e-01	-1.527287e+01
7.500000e-06	1.335188e-01	-1.530434e+01
7.510000e-06	1.394463e-01	-1.526184e+01
7.520000e-06	1.452131e-01	-1.524184e+01
7.530000e-06	1.585124e-01	-1.525227e+01
7.540000e-06	1.752445e-01	-1.516955e+01
7.550000e-06	1.914724e-01	-1.513605e+01
7.560000e-06	2.093824e-01	-1.511295e+01
7.570000e-06	2.342534e-01	-1.504181e+01
7.580000e-06	2.496568e-01	-1.499870e+01
7.590000e-06	2.500000e-01	-1.493650e+01
7.600000e-06	2.500000e-01	-1.487192e+01
7.610000e-06	2.500000e-01	-1.483066e+01
7.620000e-06	2.500000e-01	-1.472750e+01
7.630000e-06	2.500000e-01	-1.465177e+01
7.640000e-06	2.497000e-01	-1.456866e+01
7.650000e-06	2.352662e-01	-1.448287e+01
7.660000e-06	2.068673e-01	-1.438863e+01
7.670000e-06	1.847884e-01	-1.426294e+01
7.680000e-06	1.633556e-01	-1.419613e+01
7.690000e-06	1.441304e-01	-1.404437e+01
7.700000e-06	1.283496e-01	-1.389553e+01
7.710000e-06	1.181625e-01	-1.380119e+01
7.720000e-06	1.063362e-01	-1.366339e+01
7.730000e-06	9.556179e-02	-1.350847e+01
7.740000e-06	8.653153e-02	-1.342874e+01
7.750000e-06	8.263743e-02	-1.325337e+01
7.760000e-06	7.659337e-02	-1.310705e+01
7.770000e-06	7.063596e-02	-1.299768e+01
7.780000e-06	6.252434e-02	-1.284277e+01
7.790000e-06	5.936507e-02	-1.266440e+01
7.800000e-06	5.639906e-02	-1.252402e+01
7.810000e-06	5.363105e-02	-1.235860e+01
7.820000e-06	4.737257e-02	-1.217856e+01
7.830000e-06	4.507334e-02	-1.195971e+01
7.840000e-06	4.292113e-02	-1.178971e+01
7.850000e-06	4.131714e-02	-1.160069e+01
7.860000e-06	3.667734e-02	-1.137911e+01
7.870000e-06	3.468867e-02	-1.114863e+01
7.880000e-06	3.340076e-02	-1.093863e+01
7.890000e-06	3.301283e-02	-1.073808e+01
7.900000e-06	3.027792e-02	-1.057970e+01
7.910000e-06	2.729275e-02	-1.040058e+01
7.920000e-06	2.501712e-02	-1.014598e+01
7.930000e-06	2.459629e-02	-9.947023e+00
7.940000e-06	2.371992e-02	-9.737999e+00
7.950000e-06	2.259272e-02	-9.507998e+00
7.960000e-06	1.964964e-02	-9.285394e+00
7.970000e-06	2.015439e-02	-9.053839e+00
7.980000e-06	1.863842e-02	-8.863317e+00
7.990000e-06	1.724419e-02	-8.622283e+00
8.000000e-06	1.374993e-02	-8.381051e+00
8.010000e-06	1.450345e-02	-8.137952e+00
8.020000e-06	1.344530e-02	-7.903970e+00
8.030000e-06	1.381171e-02	-7.643690e+00
8.040000e-06	1.091558e-02	-7.358452e+00
8.050000e-06	1.055605e-02	-7.115950e+00
8.060000e-06	8.467914e-03	-6.852212e+00
8.070000e-06	9.264451e-03	-6.600605e+00
8.080000e-06	7.054406e-03	-6.359026e+00
8.090000e-06	6.657798e-03	-6.085846e+00
8.100000e-06	5.154303e-03	-5.811606e+00
8.110000e-06	5.363180e-03	-5.579553e+00
8.120000e-06	3.834674e-03	-5.254816e+00
8.130000e-06	3.087097e-03	-4.969030e+00
8.140000e-06	2.843486e-03	-4.634688e+00
8.150000e-06	2.601552e-03	-4.420580e+00
8.160000e-06	2.670128e-03	-4.149550e+00
8.170000e-06	1.576589e-03	-3.907893e+00
8.180000e-06	-2.520741e-04	-3.611083e+00
8.190000e-06	-1.995640e-03	-3.348997e+00
8.200000e-06	-3.588157e-03	-3.045787e+00
8.210000e-06	-2.017913e-03	-2.779999e+00
8.220000e-06	-1.900079e-03	-2.465345e+00
8.230000e-06	-2.430016e-03	-2.244187e+00
8.240000e-06	-4.576844e-03	-1.937918e+00
8.250000e-06	-3.694221e-03	-1.664214e+00
8.260000e-06	-5.163868e-03	-1.347975e+00
8.270000e-06	-6.113457e-03	-1.032234e+00
8.280000e-06	-6.985178e-03	-8.110499e-01
8.290000e-06	-7.461821e-03	-4.741645e-01
8.300000e-06	-6.569342e-03	-2.200790e-01
8.310000e-06	-1.191834e-03	1.210514e-02
8.320000e-06	9.625595e-03	3.568683e-01
8.330000e-06	-3.179094e-03	5.895260e-01
8.340000e-06	5.296902e-03	8.221291e-01
8.350000e-06	-2.752783e-03	1.146941e+00
8.360000e-06	2.678755e-03	1.418422e+00
8.370000e-06	-3.871498e-03	1.735864e+00
8.380000e-06	1.412171e-02	1.975390e+00
8.390000e-06	4.738466e-02	2.167969e+00
8.400000e-06	1.093122e-01	2.471633e+00
8.410000e-06	-3.700456e-02	2.841554e+00
8.420000e-06	-3.405263e-02	3.116790e+00
8.430000e-06	-4.098959e-02	3.388520e+00
8.440000e-06	-2.619367e-02	3.652684e+00
8.450000e-06	-8.451036e-02	3.862743e+00
8.460000e-06	-2.217007e-02	4.093655e+00
8.470000e-06	1.036111e-01	4.417496e+00
8.480000e-06	-1.042053e-01	4.683182e+00
8.490000e-06	1.047817e-01	4.872210e+00
8.500000e-06	1.089111e-02	5.231655e+00
8.510000e-06	-9.053845e-02	5.504342e+00
8.520000e-06	5.723752e-02	5.778501e+00
8.530000e-06	-7.031910e-02	6.042159e+00
8.540000e-06	6.067662e-02	6.293288e+00
8.550000e-06	-3.451363e-02	6.557071e+00
8.560000e-06	-2.129630e-02	6.862654e+00
8.570000e-06	1.394444e-02	7.132814e+00
8.580000e-06	-4.474790e-02	7.356117e+00
8.590000e-06	2.185250e-02	7.631635e+00
8.600000e-06	-7.152758e-02	7.873493e+00
8.610000e-06	3.818190e-02	8.189550e+00
8.620000e-06	-1.512616e-02	8.409033e+00
8.630000e-06	-1.925368e-02	8.618601e+00
8.640000e-06	-8.182868e-04	8.870657e+00
8.650000e-06	-7.053996e-02	9.051788e+00
8.660000e-06	1.928610e-02	9.303920e+00
8.670000e-06	-3.425329e-02	9.525422e+00
8.680000e-06	6.934848e-03	9.807024e+00
8.690000e-06	-5.007227e-02	9.967605e+00
8.700000e-06	-4.759219e-03	1.015655e+01
8.710000e-06	-1.742065e-02	1.037760e+01
8.720000e-06	-3.342169e-02	1.063715e+01
8.730000e-06	-2.554222e-02	1.080018e+01
8.740000e-06	-4.515216e-02	1.101863e+01
8.750000e-06	-2.374346e-03	1.122973e+01
8.760000e-06	-3.793537e-02	1.140821e+01
8.770000e-06	-2.408225e-02	1.164064e+01
8.780000e-06	-5.267374e-02	1.180919e+01
8.790000e-06	-2.059207e-02	1.199918e+01
8.800000e-06	-3.035779e-02	1.217670e+01
8.810000e-06	-3.278083e-02	1.234602e+01
8.820000e-06	-4.740926e-02	1.253502e+01
8.830000e-06	-4.433092e-02	1.263026e+01
8.840000e-06	-3.063570e-02	1.280021e+01
8.850000e-06	-4.443504e-02	1.295713e+01
8.860000e-06	-4.649543e-02	1.310297e+01
8.870000e-06	-5.453886e-02	1.326339e+01
8.880000e-06	-3.449122e-02	1.342914e+01
8.890000e-06	-4.648472e-02	1.349597e+01
8.900000e-06	-5.262034e-02	1.366284e+01
8.910000e-06	-6.617260e-02	1.373818e+01
8.920000e-06	-5.528511e-02	1.388152e+01
8.930000e-06	-5.204560e-02	1.405334e+01
8.940000e-06	-5.908390e-02	1.417920e+01
8.950000e-06	-6.694238e-02	1.429398e+01
8.960000e-06	-6.853524e-02	1.436823e+01
8.970000e-06	-5.947195e-02	1.451392e+01
8.980000e-06	-6.822187e-02	1.459006e+01
8.990000e-06	-7.433550e-02	1.463337e+01
9.000000e-06	-8.118819e-02	1.470558e+01
9.010000e-06	-7.323053e-02	1.478971e+01
9.020000e-06	-7.722989e-02	1.483219e+01
9.030000e-06	-8.570753e-02	1.488400e+01
9.040000e-06	-9.645931e-02	1.494663e+01
9.050000e-06	-9.394950e-02	1.499921e+01
9.060000e-06	-8.858959e-02	1.500235e+01
9.070000e-06	-9.444221e-02	1.507595e+01
9.080000e-06	-1.033105e-01	1.511603e+01
9.090000e-06	-1.078520e-01	1.515908e+01
9.100000e-06	-1.059118e-01	1.519921e+01
9.110000e-06	-1.107768e-01	1.518023e+01
9.120000e-06	-1.228205e-01	1.520976e+01
9.130000e-06	-1.284974e-01	1.517976e+01
9.140000e-06	-1.300294e-01	1.519031e+01
9.150000e-06	-1.306833e-01	1.515919e+01
9.160000e-06	-1.418979e-01	1.515816e+01
9.170000e-06	-1.534753e-01	1.517869e+01
9.180000e-06	-1.616160e-01	1.510666e+01
9.190000e-06	-1.683163e-01	1.512552e+01
9.200000e-06	-1.835565e-01	1.506448e+01
9.210000e-06	-2.077820e-01	1.503242e+01
9.220000e-06	-2.311739e-01	1.501924e+01
9.230000e-06	-2.483758e-01	1.497818e+01
9.240000e-06	-2.500000e-01	1.490397e+01
9.250000e-06	-2.500000e-01	1.483344e+01
9.260000e-06	-2.500000e-01	1.480071e+01
9.270000e-06	-2.500000e-01	1.470615e+01
9.280000e-06	-2.500000e-01	1.467040e+01
9.290000e-06	-2.500000e-01	1.455866e+01
9.300000e-06	-2.498000e-01	1.446447e+01
9.310000e-06	-2.361674e-01	1.441026e+01
9.320000e-06	-2.067587e-01	1.429555e+01
9.330000e-06	-1.822419e-01	1.416866e+01
9.340000e-06	-1.668251e-01	1.404297e+01
9.350000e-06	-1.516694e-01	1.394856e+01
9.360000e-06	-1.342264e-01	1.383034e+01
9.370000e-06	-1.181836e-01	1.366500e+01
9.380000e-06	-1.120567e-01	1.353869e+01
9.390000e-06	-1.062656e-01	1.341234e+01
9.400000e-06	-9.993433e-02	1.326548e+01
9.410000e-06	-8.820677e-02	1.317809e+01
9.420000e-06	-8.451350e-02	1.299979e+01
9.430000e-06	-8.112009e-02	1.284385e+01
9.440000e-06	-7.727780e-02	1.267592e+01
9.450000e-06	-6.755389e-02	1.253706e+01
9.460000e-06	-6.525837e-02	1.236169e+01
9.470000e-06	-6.116418e-02	1.219034e+01
9.480000e-06	-6.329572e-02	1.202280e+01
9.490000e-06	-5.652206e-02	1.186342e+01
9.500000e-06	-5.341125e-02	1.165443e+01
9.510000e-06	-5.151768e-02	1.143400e+01
9.520000e-06	-5.401979e-02	1.125580e+01
9.530000e-06	-5.104054e-02	1.103344e+01
9.540000e-06	-4.535263e-02	1.089498e+01
9.550000e-06	-4.241595e-02	1.069647e+01
9.560000e-06	-4.333604e-02	1.045537e+01
9.570000e-06	-4.329456e-02	1.023384e+01
9.580000e-06	-3.833794e-02	1.006234e+01
9.590000e-06	-3.666242e-02	9.850364e+00
9.600000e-06	-3.793829e-02	9.569214e+00
9.610000e-06	-3.938889e-02	9.360735e+00
9.620000e-06	-3.693962e-02	9.190580e+00
9.630000e-06	-3.264520e-02	8.916154e+00
9.640000e-06	-3.151931e-02	8.696918e+00
9.650000e-06	-3.300571e-02	8.474450e+00
9.660000e-06	-3.194250e-02	8.252842e+00
9.670000e-06	-2.961365e-02	8.022235e+00
9.680000e-06	-2.770804e-02	7.717625e+00
9.690000e-06	-2.928160e-02	7.486374e+00
9.700000e-06	-2.843718e-02	7.213244e+00
9.710000e-06	-2.708490e-02	6.960585e+00
9.720000e-06	-2.495236e-02	6.726580e+00
9.730000e-06	-2.584455e-02	6.423272e+00
9.740000e-06	-2.639090e-02	6.211112e+00
9.750000e-06	-2.518329e-02	5.978103e+00
9.760000e-06	-2.200167e-02	5.725848e+00
9.770000e-06	-2.148547e-02	5.413165e+00
9.780000e-06	-2.066531e-02	5.108002e+00
9.790000e-06	-2.257422e-02	4.812684e+00
9.800000e-06	-2.044632e-02	4.548024e+00
9.810000e-06	-2.039602e-02	4.263848e+00
9.820000e-06	-2.011558e-02	3.978985e+00
9.830000e-06	-2.070862e-02	3.698925e+00
9.840000e-06	-1.933550e-02	3.473992e+00
9.850000e-06	-1.675243e-02	3.149655e+00
9.860000e-06	-1.483679e-02	2.897447e+00
9.870000e-06	-1.639478e-02	2.683188e+00
9.880000e-06	-1.637173e-02	2.297377e+00
9.890000e-06	-1.640986e-02	2.066217e+00
9.900000e-06	-1.530003e-02	1.762581e+00
9.910000e-06	-1.468398e-02	1.476246e+00
9.920000e-06	-1.483090e-02	1.211135e+00
9.930000e-06	-1.233759e-02	8.637218e-01
9.940000e-06	-1.146598e-02	5.706064e-01
9.950000e-06	-9.613190e-03	3.374773e-01
9.960000e-06	-8.127360e-03	4.259289e-02
9.970000e-06	-4.343965e-03	-2.504475e-01
9.980000e-06	6.580619e-03	-4.600778e-01
9.990000e-06	-4.517383e-03	-7.683697e-01
1.000000e-05	3.965070e-03	-1.018946e+00
1.001000e-05	-3.683787e-03	-1.283757e+00
1.002000e-05	3.137374e-03	-1.628945e+00
1.003000e-05	3.972893e-03	-1.801024e+00
1.004000e-05	4.757964e-02	-2.031574e+00
1.005000e-05	1.310400e-01	-2.356737e+00
1.006000e-05	-1.807179e-02	-2.743207e+00
1.007000e-05	-2.259835e-02	-3.155263e+00
1.008000e-05	-2.923114e-02	-3.387469e+00
1.009000e-05	-3.684156e-02	-3.587472e+00
1.010000e-05	-9.800145e-02	-3.812118e+00
1.011000e-05	9.641905e-02	-3.989528e+00
1.012000e-05	3.144067e-02	-4.219550e+00
1.013000e-05	-9.500722e-02	-4.534713e+00
1.014000e-05	2.028052e-01	-4.789512e+00
1.015000e-05	-1.621927e-01	-5.103253e+00
1.016000e-05	1.132180e-01	-5.431056e+00
1.017000e-05	-4.601686e-02	-5.651104e+00
1.018000e-05	-5.448571e-02	-5.957372e+00
1.019000e-05	1.599986e-01	-6.146872e+00
1.020000e-05	-1.149247e-01	-6.512208e+00
1.021000e-05	1.450592e-01	-6.737871e+00
1.022000e-05	-7.347133e-02	-6.996971e+00
1.023000e-05	2.665154e-02	-7.283837e+00
1.024000e-05	4.831577e-02	-7.484264e+00
1.025000e-05	-6.508117e-02	-7.859701e+00
1.026000e-05	1.422171e-01	-8.093234e+00
1.027000e-05	-9.081875e-02	-8.313241e+00
1.028000e-05	1.210869e-01	-8.545943e+00
1.029000e-05	-3.278547e-02	-8.837576e+00
1.030000e-05	3.479151e-03	-9.040280e+00
1.031000e-05	4.748940e-02	-9.200099e+00
1.032000e-05	-2.646488e-02	-9.502809e+00
1.033000e-05	1.139662e-01	-9.702766e+00
1.034000e-05	-5.257897e-02	-9.933765e+00
1.035000e-05	1.022556e-01	-1.011447e+01
1.036000e-05	-4.555968e-02	-1.031697e+01
1.037000e-05	7.785849e-02	-1.056650e+01
1.038000e-05	-4.234238e-03	-1.075599e+01
1.039000e-05	3.574284e-02	-1.094535e+01
1.040000e-05	3.821396e-02	-1.118499e+01
1.041000e-05	1.579685e-02	-1.136848e+01
1.042000e-05	6.533503e-02	-1.155752e+01
1.043000e-05	-7.758601e-03	-1.176508e+01
1.044000e-05	6.793361e-02	-1.196700e+01
1.045000e-05	3.151561e-03	-1.214595e+01
1.046000e-05	7.836087e-02	-1.233484e+01
1.047000e-05	8.569287e-03	-1.246334e+01
1.048000e-05	5.538825e-02	-1.261129e+01
1.049000e-05	2.181667e-02	-1.282164e+01
1.050000e-05	5.406282e-02	-1.295758e+01
1.051000e-05	4.112741e-02	-1.313339e+01
1.052000e-05	4.463325e-02	-1.326321e+01
1.053000e-05	5.294371e-02	-1.339760e+01
1.054000e-05	4.408257e-02	-1.352655e+01
1.055000e-05	6.115735e-02	-1.370389e+01
1.056000e-05	3.710639e-02	-1.377823e+01
1.057000e-05	5.672638e-02	-1.392502e+01
1.058000e-05	4.650007e-02	-1.406031e+01
1.059000e-05	6.956562e-02	-1.419562e+01
1.060000e-05	5.312871e-02	-1.428192e+01
1.061000e-05	6.519991e-02	-1.438655e+01
1.062000e-05	5.617484e-02	-1.449242e+01
1.063000e-05	7.276652e-02	-1.458713e+01
1.064000e-05	6.727425e-02	-1.465177e+01
1.065000e-05	7.271295e-02	-1.474652e+01
1.066000e-05	7.051064e-02	-1.480126e+01
1.067000e-05	7.705767e-02	-1.489282e+01
1.068000e-05	7.820696e-02	-1.489398e+01
1.069000e-05	7.694363e-02	-1.501021e+01
1.070000e-05	8.186245e-02	-1.503876e+01
1.071000e-05	8.591001e-02	-1.510392e+01
1.072000e-05	9.727698e-02	-1.513555e+01
1.073000e-05	9.388354e-02	-1.518908e+01
1.074000e-05	9.828525e-02	-1.521016e+01
1.075000e-05	9.684858e-02	-1.525131e+01
1.076000e-05	1.064772e-01	-1.524187e+01
1.077000e-05	1.083166e-01	-1.526284e+01
1.078000e-05	1.142725e-01	-1.530337e+01
1.079000e-05	1.187154e-01	-1.524382e+01
1.080000e-05	1.259203e-01	-1.528442e+01
1.081000e-05	1.330071e-01	-1.526337e+01
1.082000e-05	1.355982e-01	-1.527384e+01
1.083000e-05	1.428736e-01	-1.526036e+01
1.084000e-05	1.533742e-01	-1.519926e+01
1.085000e-05	1.680508e-01	-1.518916e+01
1.086000e-05	1.830706e-01	-1.516755e+01
1.087000e-05	2.011683e-01	-1.507395e+01
1.088000e-05	2.232864e-01	-1.505334e+01
1.089000e-05	2.475299e-01	-1.499933e+01
1.090000e-05	2.500000e-01	-1.496663e+01
1.091000e-05	2.500000e-01	-1.490500e+01
1.092000e-05	2.500000e-01	-1.483928e+01
1.093000e-05	2.500000e-01	-1.474803e+01
1.094000e-05	2.500000e-01	-1.467440e+01
1.095000e-05	2.500000e-01	-1.460968e+01
1.096000e-05	2.451738e-01	-1.448547e+01
1.097000e-05	2.186077e-01	-1.444019e+01
1.098000e-05	1.931762e-01	-1.428598e+01
1.099000e-05	1.723766e-01	-1.419071e+01
1.100000e-05	1.518413e-01	-1.408542e+01
1.101000e-05	1.356359e-01	-1.397711e+01
1.102000e-05	1.216566e-01	-1.387174e+01
1.103000e-05	1.113501e-01	-1.374662e+01
1.104000e-05	9.917507e-02	-1.358068e+01
1.105000e-05	8.997824e-02	-1.345279e+01
1.106000e-05	8.260616e-02	-1.331600e+01
1.107000e-05	7.926045e-02	-1.320771e+01
1.108000e-05	7.213477e-02	-1.300232e+01
1.109000e-05	6.603276e-02	-1.289397e+01
1.110000e-05	6.034015e-02	-1.272603e+01
1.111000e-05	5.793856e-02	-1.260906e+01
1.112000e-05	5.492233e-02	-1.246121e+01
1.113000e-05	5.146829e-02	-1.225279e+01
1.114000e-05	4.516059e-02	-1.206237e+01
1.115000e-05	4.401042e-02	-1.185287e+01
1.116000e-05	4.014061e-02	-1.167585e+01
1.117000e-05	3.876279e-02	-1.153445e+01
1.118000e-05	3.473353e-02	-1.122282e+01
1.119000e-05	3.427974e-02	-1.105337e+01
1.120000e-05	3.403479e-02	-1.083274e+01
1.121000e-05	3.320035e-02	-1.069384e+01
1.122000e-05	2.899874e-02	-1.047442e+01
1.123000e-05	2.617374e-02	-1.022234e+01
1.124000e-05	2.504597e-02	-1.003364e+01
1.125000e-05	2.375176e-02	-9.821740e+00
1.126000e-05	2.249240e-02	-9.659713e+00
1.127000e-05	2.018479e-02	-9.379606e+00
1.128000e-05	2.029449e-02	-9.128075e+00
1.129000e-05	1.966743e-02	-8.925005e+00
1.130000e-05	1.824438e-02	-8.707000e+00
1.131000e-05	1.603938e-02	-8.443816e+00
1.132000e-05	1.383585e-02	-8.241687e+00
1.133000e-05	1.519125e-02	-7.981184e+00
1.134000e-05	1.250599e-02	-7.726479e+00
1.135000e-05	1.162614e-02	-7.432765e+00
1.136000e-05	8.824988e-03	-7.219712e+00
1.137000e-05	9.118778e-03	-6.948499e+00
1.138000e-05	9.220161e-03	-6.685248e+00
1.139000e-05	1.039794e-02	-6.462238e+00
1.140000e-05	7.101058e-03	-6.232581e+00
1.141000e-05	7.610404e-03	-5.924397e+00
1.142000e-05	4.491149e-03	-5.674216e+00
1.143000e-05	5.402589e-03	-5.341083e+00
1.144000e-05	1.036642e-03	-5.104767e+00
1.145000e-05	2.045753e-03	-4.779004e+00
1.146000e-05	1.305053e-03	-4.495866e+00
1.147000e-05	2.768119e-03	-4.275714e+00
1.148000e-05	1.893022e-03	-4.020604e+00
1.149000e-05	7.369367e-04	-3.706816e+00
1.150000e-05	-9.789728e-04	-3.473240e+00
1.151000e-05	-1.648608e-03	-3.178651e+00
1.152000e-05	-1.996180e-03	-2.898713e+00
1.153000e-05	-3.104594e-03	-2.620583e+00
1.154000e-05	-3.371704e-03	-2.339472e+00
1.155000e-05	-5.256016e-03	-2.022137e+00
1.156000e-05	-5.825439e-03	-1.780556e+00
1.157000e-05	-5.157392e-03	-1.515841e+00
1.158000e-05	-4.238802e-03	-1.169049e+00
1.159000e-05	-4.297177e-03	-8.453157e-01
1.160000e-05	-5.102707e-03	-6.101053e-01
1.161000e-05	-5.813805e-03	-3.558921e-01
1.162000e-05	-5.857392e-03	-7.418270e-02
1.163000e-05	4.495088e-03	2.310039e-01
1.164000e-05	5.993633e-04	4.836818e-01
1.165000e-05	6.949901e-04	7.168634e-01
1.166000e-05	1.218932e-03	1.018974e+00
1.167000e-05	-4.146442e-04	1.315284e+00
1.168000e-05	1.148871e-03	1.618072e+00
1.169000e-05	4.177431e-03	1.872182e+00
1.170000e-05	2.592444e-02	2.061658e+00
1.171000e-05	9.929440e-02	2.346017e+00
1.172000e-05	3.098204e-02	2.735837e+00
1.173000e-05	-5.488902e-02	2.999426e+00
1.174000e-05	-2.797461e-02	3.312659e+00
1.175000e-05	-3.593592e-02	3.587447e+00
1.176000e-05	-5.308256e-02	3.799449e+00
1.177000e-05	-7.534820e-02	4.007976e+00
1.178000e-05	7.763613e-02	4.260159e+00
1.179000e-05	-9.510193e-03	4.567550e+00
1.180000e-05	-3.968977e-02	4.806475e+00
1.181000e-05	1.462395e-01	5.092762e+00
1.182000e-05	-1.389630e-01	5.420077e+00
1.183000e-05	5.177748e-02	5.651254e+00
1.184000e-05	-4.006201e-02	5.977474e+00
1.185000e-05	3.914734e-03	6.158626e+00
1.186000e-05	3.082264e-02	6.421235e+00
1.187000e-05	-7.071735e-02	6.756395e+00
1.188000e-05	4.066264e-02	6.970626e+00
1.189000e-05	-5.872504e-02	7.222159e+00
1.190000e-05	2.410347e-02	7.505448e+00
1.191000e-05	-5.273001e-02	7.809528e+00
1.192000e-05	-6.795029e-04	8.112785e+00
1.193000e-05	2.652366e-02	8.343767e+00
1.194000e-05	-4.015098e-02	8.523917e+00
1.195000e-05	1.285875e-02	8.724923e+00
1.196000e-05	-6.278454e-02	8.967025e+00
1.197000e-05	-1.559426e-02	9.218582e+00
1.198000e-05	-1.153508e-02	9.419655e+00
1.199000e-05	-9.967842e-03	9.632738e+00
1.200000e-05	-2.224867e-02	9.923792e+00
1.201000e-05	-2.775243e-02	1.014439e+01
1.202000e-05	9.679605e-04	1.034392e+01
1.203000e-05	-3.437704e-02	1.050597e+01
1.204000e-05	-2.438698e-02	1.071642e+01
1.205000e-05	-4.421692e-02	1.091595e+01
1.206000e-05	-2.071754e-02	1.112397e+01
1.207000e-05	-2.254353e-02	1.131452e+01
1.208000e-05	-3.263511e-02	1.151502e+01
1.209000e-05	-4.082231e-02	1.174602e+01
1.210000e-05	-3.404432e-02	1.194547e+01
1.211000e-05	-2.018650e-02	1.210297e+01
1.212000e-05	-2.980403e-02	1.225029e+01
1.213000e-05	-4.067818e-02	1.243069e+01
1.214000e-05	-4.978505e-02	1.262906e+01
1.215000e-05	-3.776320e-02	1.273705e+01
1.216000e-05	-3.917358e-02	1.289495e+01
1.217000e-05	-4.681525e-02	1.307126e+01
1.218000e-05	-5.322224e-02	1.321966e+01
1.219000e-05	-3.978039e-02	1.333705e+01
1.220000e-05	-3.971190e-02	1.344385e+01
1.221000e-05	-4.614986e-02	1.361076e+01
1.222000e-05	-6.315621e-02	1.372653e+01
1.223000e-05	-6.321303e-02	1.383137e+01
1.224000e-05	-5.537746e-02	1.397764e+01
1.225000e-05	-5.786596e-02	1.415708e+01
1.226000e-05	-6.436325e-02	1.420039e+01
1.227000e-05	-6.713967e-02	1.432756e+01
1.228000e-05	-6.002011e-02	1.451139e+01
1.229000e-05	-6.089426e-02	1.452650e+01
1.230000e-05	-7.076347e-02	1.463972e+01
1.231000e-05	-8.192939e-02	1.468347e+01
1.232000e-05	-7.968895e-02	1.476758e+01
1.233000e-05	-7.717734e-02	1.483229e+01
1.234000e-05	-8.060576e-02	1.487440e+01
1.235000e-05	-9.166563e-02	1.492510e+01
1.236000e-05	-9.422401e-02	1.495921e+01
1.237000e-05	-8.866450e-02	1.501139e+01
1.238000e-05	-9.125194e-02	1.506387e+01
1.239000e-05	-1.003741e-01	1.511553e+01
1.240000e-05	-1.098727e-01	1.513905e+01
1.241000e-05	-1.081956e-01	1.512771e+01
1.242000e-05	-1.095962e-01	1.516919e+01
1.243000e-05	-1.173917e-01	1.521026e+01
1.244000e-05	-1.259855e-01	1.521982e+01
1.245000e-05	-1.298925e-01	1.522022e+01
1.246000e-05	-1.280757e-01	1.516974e+01
1.247000e-05	-1.361570e-01	1.515821e+01
1.248000e-05	-1.481231e-01	1.515919e+01
1.249000e-05	-1.613100e-01	1.514866e+01
1.250000e-05	-1.668907e-01	1.514763e+01
1.251000e-05	-1.772330e-01	1.509705e+01
1.252000e-05	-1.968456e-01	1.507537e+01
1.253000e-05	-2.211858e-01	1.499980e+01
1.254000e-05	-2.423507e-01	1.496929e+01
1.255000e-05	-2.497980e-01	1.494651e+01
1.256000e-05	-2.500000e-01	1.485445e+01
1.257000e-05	-2.500000e-01	1.479284e+01
1.258000e-05	-2.500000e-01	1.473764e+01
1.259000e-05	-2.500000e-01	1.471454e+01
1.260000e-05	-2.500000e-01	1.458076e+01
1.261000e-05	-2.500000e-01	1.448555e+01
1.262000e-05	-2.459703e-01	1.441234e+01
1.263000e-05	-2.164562e-01	1.431651e+01
1.264000e-05	-1.898978e-01	1.420177e+01
1.265000e-05	-1.695544e-01	1.411601e+01
1.266000e-05	-1.582078e-01	1.395929e+01
1.267000e-05	-1.410972e-01	1.383192e+01
1.268000e-05	-1.275852e-01	1.370713e+01
1.269000e-05	-1.144057e-01	1.362036e+01
1.270000e-05	-1.098386e-01	1.347450e+01
1.271000e-05	-1.024524e-01	1.333663e+01
1.272000e-05	-9.190179e-02	1.325974e+01
1.273000e-05	-8.345687e-02	1.303290e+01
1.274000e-05	-8.131685e-02	1.289605e+01
1.275000e-05	-7.907090e-02	1.275964e+01
1.276000e-05	-7.385996e-02	1.259079e+01
1.277000e-05	-6.641146e-02	1.245195e+01
1.278000e-05	-6.291295e-02	1.228500e+01
1.279000e-05	-6.365992e-02	1.211608e+01
1.280000e-05	-5.954082e-02	1.194958e+01
1.281000e-05	-5.424184e-02	1.173811e+01
1.282000e-05	-5.084280e-02	1.155068e+01
1.283000e-05	-5.303443e-02	1.137910e+01
1.284000e-05	-5.134908e-02	1.115913e+01
1.285000e-05	-4.781123e-02	1.095906e+01
1.286000e-05	-4.395742e-02	1.073958e+01
1.287000e-05	-4.286391e-02	1.050958e+01
1.288000e-05	-4.330954e-02	1.034808e+01
1.289000e-05	-4.129454e-02	1.015856e+01
1.290000e-05	-3.826959e-02	9.906475e+00
1.291000e-05	-3.674169e-02	9.685346e+00
1.292000e-05	-3.797506e-02	9.464365e+00
1.293000e-05	-3.690545e-02	9.284840e+00
1.294000e-05	-3.522758e-02	9.034820e+00
1.295000e-05	-3.173374e-02	8.801165e+00
1.296000e-05	-3.370220e-02	8.550557e+00
1.297000e-05	-3.274001e-02	8.339057e+00
1.298000e-05	-3.259651e-02	8.086499e+00
1.299000e-05	-2.781424e-02	7.834315e+00
1.300000e-05	-2.641953e-02	7.610662e+00
1.301000e-05	-2.735749e-02	7.337429e+00
1.302000e-05	-2.883275e-02	7.074874e+00
1.303000e-05	-2.689095e-02	6.882739e+00
1.304000e-05	-2.522120e-02	6.580111e+00
1.305000e-05	-2.654682e-02	6.275972e+00
1.306000e-05	-2.661183e-02	6.054321e+00
1.307000e-05	-2.354031e-02	5.810664e+00
1.308000e-05	-2.108395e-02	5.518005e+00
1.309000e-05	-2.075357e-02	5.234317e+00
1.310000e-05	-2.234227e-02	4.907505e+00
1.311000e-05	-2.219977e-02	4.634187e+00
1.312000e-05	-2.072817e-02	4.411084e+00
1.313000e-05	-1.825235e-02	4.067478e+00
1.314000e-05	-1.973007e-02	3.863663e+00
1.315000e-05	-1.969159e-02	3.580106e+00
1.316000e-05	-1.858471e-02	3.267875e+00
1.317000e-05	-1.570027e-02	2.971159e+00
1.318000e-05	-1.709288e-02	2.749049e+00
1.319000e-05	-1.822331e-02	2.442248e+00
1.320000e-05	-1.635381e-02	2.129028e+00
1.321000e-05	-1.353304e-02	1.906921e+00
1.322000e-05	-1.230380e-02	1.592232e+00
1.323000e-05	-1.404737e-02	1.307450e+00
1.324000e-05	-1.489344e-02	9.936304e-01
1.325000e-05	-1.340572e-02	6.973957e-01
1.326000e-05	-1.105603e-02	4.541591e-01
1.327000e-05	-9.222369e-03	1.393462e-01
1.328000e-05	-7.516794e-03	-1.541793e-01
1.329000e-05	4.648058e-03	-3.574446e-01
1.330000e-05	-1.318044e-03	-7.110753e-01
1.331000e-05	4.007533e-03	-9.347317e-01
1.332000e-05	-2.755350e-03	-1.187340e+00
1.333000e-05	1.544880e-03	-1.494652e+00
1.334000e-05	4.314521e-05	-1.722783e+00
1.335000e-05	2.613232e-02	-1.976413e+00
1.336000e-05	1.014652e-01	-2.196941e+00
1.337000e-05	6.978037e-02	-2.577362e+00
1.338000e-05	-5.938982e-02	-2.925337e+00
1.339000e-05	9.834143e-04	-3.323136e+00
1.340000e-05	-4.956962e-02	-3.484734e+00
1.341000e-05	-6.034213e-02	-3.693234e+00
1.342000e-05	-3.543893e-02	-3.955917e+00
1.343000e-05	1.629336e-01	-4.093759e+00
1.344000e-05	-1.626584e-01	-4.408522e+00
1.345000e-05	1.655784e-01	-4.723187e+00
1.346000e-05	-1.630180e-02	-4.954814e+00
1.347000e-05	-5.972639e-02	-5.263784e+00
1.348000e-05	1.223522e-01	-5.534867e+00
1.349000e-05	-1.774750e-01	-5.869628e+00
1.350000e-05	1.773784e-01	-6.042832e+00
1.351000e-05	-5.169719e-02	-6.314865e+00
1.352000e-05	3.878736e-02	-6.670205e+00
1.353000e-05	6.355097e-02	-6.861184e+00
1.354000e-05	-9.379121e-02	-7.168051e+00
1.355000e-05	1.285499e-01	-7.410058e+00
1.356000e-05	-1.008912e-01	-7.711236e+00
1.357000e-05	1.121203e-01	-7.989026e+00
1.358000e-05	-8.131625e-03	-8.168998e+00
1.359000e-05	8.927690e-03	-8.430256e+00
1.360000e-05	9.224608e-02	-8.672207e+00
1.361000e-05	-9.225479e-02	-8.925366e+00
1.362000e-05	1.063646e-01	-9.136396e+00
1.363000e-05	-6.430006e-02	-9.353994e+00
1.364000e-05	1.127369e-01	-9.641075e+00
1.365000e-05	-1.668769e-02	-9.808575e+00
1.366000e-05	4.800265e-02	-1.003163e+01
1.367000e-05	2.519771e-02	-1.024718e+01
1.368000e-05	-5.427385e-04	-1.050229e+01
1.369000e-05	6.986704e-02	-1.066226e+01
1.370000e-05	-2.846114e-02	-1.084376e+01
1.371000e-05	8.532765e-02	-1.105928e+01
1.372000e-05	-1.921347e-02	-1.128437e+01
1.373000e-05	8.508732e-02	-1.146331e+01
1.374000e-05	-8.866916e-03	-1.170184e+01
1.375000e-05	5.753096e-02	-1.187386e+01
1.376000e-05	1.777854e-02	-1.209224e+01
1.377000e-05	5.356429e-02	-1.225124e+01
1.378000e-05	4.067351e-02	-1.240963e+01
1.379000e-05	2.565296e-02	-1.258771e+01
1.380000e-05	4.747795e-02	-1.273552e+01
1.381000e-05	2.556121e-02	-1.288597e+01
1.382000e-05	6.394585e-02	-1.303173e+01
1.383000e-05	2.693708e-02	-1.319913e+01
1.384000e-05	6.583452e-02	-1.334607e+01
1.385000e-05	3.370566e-02	-1.347042e+01
1.386000e-05	6.628250e-02	-1.357814e+01
1.387000e-05	3.727574e-02	-1.373708e+01
1.388000e-05	5.544793e-02	-1.388234e+01
1.389000e-05	4.537266e-02	-1.400773e+01
1.390000e-05	6.321914e-02	-1.410350e+01
1.391000e-05	6.031452e-02	-1.425076e+01
1.392000e-05	6.086211e-02	-1.433752e+01
1.393000e-05	6.094908e-02	-1.444179e+01
1.394000e-05	6.326331e-02	-1.452707e+01
1.395000e-05	7.321800e-02	-1.462076e+01
1.396000e-05	6.692796e-02	-1.467486e+01
1.397000e-05	7.447476e-02	-1.477918e+01
1.398000e-05	7.002469e-02	-1.486131e+01
1.399000e-05	8.144431e-02	-1.487495e+01
1.400000e-05	7.440958e-02	-1.501708e+01
1.401000e-05	8.311816e-02	-1.499024e+01
1.402000e-05	8.098268e-02	-1.506195e+01
1.403000e-05	9.481861e-02	-1.511394e+01
1.404000e-05	9.393163e-02	-1.516753e+01
1.405000e-05	9.761601e-02	-1.525111e+01
1.406000e-05	9.724083e-02	-1.521071e+01
1.407000e-05	1.013395e-01	-1.524381e+01
1.408000e-05	1.076227e-01	-1.526332e+01
1.409000e-05	1.102613e-01	-1.528337e+01
1.410000e-05	1.183153e-01	-1.527489e+01
1.411000e-05	1.214690e-01	-1.529285e+01
1.412000e-05	1.310658e-01	-1.529289e+01
1.413000e-05	1.335014e-01	-1.526237e+01
1.414000e-05	1.415566e-01	-1.524184e+01
1.415000e-05	1.473392e-01	-1.524174e+01
1.416000e-05	1.617475e-01	-1.522926e+01
1.417000e-05	1.755748e-01	-1.512798e+01
1.418000e-05	1.931034e-01	-1.511510e+01
1.419000e-05	2.141087e-01	-1.509144e+01
1.420000e-05	2.388853e-01	-1.504274e+01
1.421000e-05	2.498890e-01	-1.495763e+01
1.422000e-05	2.500000e-01	-1.490650e+01
1.423000e-05	2.500000e-01	-1.485384e+01
1.424000e-05	2.500000e-01	-1.475876e+01
1.425000e-05	2.500000e-01	-1.473545e+01
1.426000e-05	2.500000e-01	-1.463229e+01
1.427000e-05	2.485845e-01	-1.456763e+01
1.428000e-05	2.296604e-01	-1.443337e+01
1.429000e-05	2.027105e-01	-1.435856e+01
1.430000e-05	1.800802e-01	-1.426089e+01
1.431000e-05	1.595461e-01	-1.412718e+01
1.432000e-05	1.409664e-01	-1.402077e+01
1.433000e-05	1.271843e-01	-1.390500e+01
1.434000e-05	1.142916e-01	-1.376956e+01
1.435000e-05	1.040140e-01	-1.364274e+01
1.436000e-05	9.372883e-02	-1.351505e+01
1.437000e-05	8.596205e-02	-1.333921e+01
1.438000e-05	8.058113e-02	-1.325336e+01
1.439000e-05	7.463466e-02	-1.307495e+01
1.440000e-05	6.847622e-02	-1.295702e+01
1.441000e-05	6.287473e-02	-1.277976e+01
1.442000e-05	5.907332e-02	-1.263186e+01
1.443000e-05	5.533616e-02	-1.250442e+01
1.444000e-05	5.303905e-02	-1.228705e+01
1.445000e-05	4.730615e-02	-1.211795e+01
1.446000e-05	4.517887e-02	-1.197918e+01
1.447000e-05	4.205261e-02	-1.171621e+01
1.448000e-05	3.972886e-02	-1.152860e+01
1.449000e-05	3.707092e-02	-1.131745e+01
1.450000e-05	3.522594e-02	-1.113550e+01
1.451000e-05	3.407615e-02	-1.091599e+01
1.452000e-05	3.223253e-02	-1.072798e+01
1.453000e-05	2.985102e-02	-1.053761e+01
1.454000e-05	2.725380e-02	-1.033898e+01
1.455000e-05	2.487612e-02	-1.012590e+01
1.456000e-05	2.515259e-02	-9.885422e+00
1.457000e-05	2.329842e-02	-9.706497e+00
1.458000e-05	2.169801e-02	-9.496867e+00
1.459000e-05	1.947529e-02	-9.213216e+00
1.460000e-05	1.914812e-02	-9.022236e+00
1.461000e-05	1.814598e-02	-8.821734e+00
1.462000e-05	1.738620e-02	-8.530553e+00
1.463000e-05	1.529326e-02	-8.307448e+00
1.464000e-05	1.396879e-02	-8.085447e+00
1.465000e-05	1.406322e-02	-7.851316e+00
1.466000e-05	1.271278e-02	-7.578532e+00
1.467000e-05	1.068023e-02	-7.317421e+00
1.468000e-05	1.072607e-02	-6.983818e+00
1.469000e-05	9.020720e-03	-6.790607e+00
1.470000e-05	9.395171e-03	-6.558554e+00
1.471000e-05	7.525415e-03	-6.296873e+00
1.472000e-05	6.737995e-03	-6.032661e+00
1.473000e-05	4.431783e-03	-5.780975e+00
1.474000e-05	5.204130e-03	-5.477873e+00
1.475000e-05	3.834828e-03	-5.200634e+00
1.476000e-05	3.347734e-03	-4.865342e+00
1.477000e-05	2.239145e-03	-4.570049e+00
1.478000e-05	2.467982e-03	-4.379074e+00
1.479000e-05	1.928959e-03	-4.124842e+00
1.480000e-05	8.943079e-04	-3.862788e+00
1.481000e-05	-2.005179e-03	-3.549051e+00
1.482000e-05	-2.204392e-03	-3.255843e+00
1.483000e-05	-2.773619e-03	-3.021660e+00
1.484000e-05	-2.191210e-03	-2.737796e+00
1.485000e-05	-2.473196e-03	-2.463712e+00
1.486000e-05	-3.247774e-03	-2.161504e+00
1.487000e-05	-3.984884e-03	-1.865743e+00
1.488000e-05	-4.047870e-03	-1.621633e+00
1.489000e-05	-5.155353e-03	-1.286317e+00
1.490000e-05	-6.823488e-03	-9.919777e-01
1.491000e-05	-6.853146e-03	-7.359474e-01
1.492000e-05	-6.441152e-03	-4.230842e-01
1.493000e-05	-5.494692e-03	-1.584484e-01
1.494000e-05	-5.998860e-04	1.031830e-01
1.495000e-05	7.038751e-03	4.199987e-01
1.496000e-05	-2.505495e-03	6.521301e-01
1.497000e-05	6.426837e-03	8.941069e-01
1.498000e-05	-2.567091e-03	1.187999e+00
1.499000e-05	1.819949e-03	1.473130e+00
1.500000e-05	-3.573973e-03	1.797446e+00
1.501000e-05	1.801657e-02	1.987971e+00
1.502000e-05	6.171544e-02	2.240050e+00
1.503000e-05	9.666921e-02	2.535863e+00
1.504000e-05	-5.543267e-02	2.882708e+00
1.505000e-05	-2.658777e-02	3.147943e+00
1.506000e-05	-4.252010e-02	3.453177e+00
1.507000e-05	-2.765865e-02	3.695767e+00
1.508000e-05	-9.162142e-02	3.945241e+00
1.509000e-05	8.685365e-03	4.144764e+00
1.510000e-05	8.808833e-02	4.440658e+00
1.511000e-05	-1.151241e-01	4.676314e+00
1.512000e-05	1.531576e-01	4.915441e+00
1.513000e-05	-5.963863e-02	5.303861e+00
1.514000e-05	-4.066049e-02	5.556893e+00
1.515000e-05	3.233973e-02	5.830160e+00
1.516000e-05	-5.930403e-02	6.133810e+00
1.517000e-05	6.730504e-02	6.336448e+00
1.518000e-05	-5.951406e-02	6.649252e+00
1.519000e-05	8.083753e-03	6.882265e+00
1.520000e-05	-1.234142e-02	7.155844e+00
1.521000e-05	-2.364116e-02	7.378151e+00
1.522000e-05	1.516731e-03	7.703788e+00
1.523000e-05	-5.823317e-02	7.947550e+00
1.524000e-05	4.390498e-02	8.232175e+00
1.525000e-05	-2.934690e-02	8.421209e+00
1.526000e-05	-5.618884e-03	8.651180e+00
1.527000e-05	-1.849416e-02	8.863337e+00
1.528000e-05	-5.917427e-02	9.106491e+00
1.529000e-05	1.795404e-02	9.305445e+00
1.530000e-05	-3.329329e-02	9.557025e+00
1.531000e-05	3.471071e-03	9.796529e+00
1.532000e-05	-4.915985e-02	1.003126e+01
1.533000e-05	4.555065e-04	1.021021e+01
1.534000e-05	-2.509986e-02	1.044271e+01
1.535000e-05	-3.081323e-02	1.064921e+01
1.536000e-05	-3.042967e-02	1.083326e+01
1.537000e-05	-3.985596e-02	1.106223e+01
1.538000e-05	-3.927712e-03	1.124281e+01
1.539000e-05	-3.925684e-02	1.140983e+01
1.540000e-05	-2.636088e-02	1.168279e+01
1.541000e-05	-5.085259e-02	1.184226e+01
1.542000e-05	-1.864800e-02	1.202079e+01
1.543000e-05	-3.219390e-02	1.220921e+01
1.544000e-05	-3.480012e-02	1.234955e+01
1.545000e-05	-4.766505e-02	1.253505e+01
1.546000e-05	-4.131685e-02	1.269287e+01
1.547000e-05	-3.064904e-02	1.284121e+01
1.548000e-05	-4.663591e-02	1.294711e+01
1.549000e-05	-4.793435e-02	1.314860e+01
1.550000e-05	-5.224391e-02	1.328539e+01
1.551000e-05	-3.511514e-02	1.341967e+01
1.552000e-05	-4.843086e-02	1.361715e+01
1.553000e-05	-5.573250e-02	1.368245e+01
1.554000e-05	-6.500878e-02	1.378066e+01
1.555000e-05	-5.342550e-02	1.392658e+01
1.556000e-05	-5.224047e-02	1.408337e+01
1.557000e-05	-6.182842e-02	1.418871e+01
1.558000e-05	-6.883924e-02	1.429450e+01
1.559000e-05	-6.662238e-02	1.437974e+01
1.560000e-05	-6.026477e-02	1.451397e+01
1.561000e-05	-6.817963e-02	1.455869e+01
1.562000e-05	-7.631837e-02	1.463391e+01
1.563000e-05	-7.910495e-02	1.474508e+01
1.564000e-05	-7.357913e-02	1.481921e+01
1.565000e-05	-7.859017e-02	1.483292e+01
1.566000e-05	-8.994421e-02	1.488497e+01
1.567000e-05	-9.620377e-02	1.496766e+01
1.568000e-05	-9.204894e-02	1.499971e+01
1.569000e-05	-8.833967e-02	1.505134e+01
1.570000e-05	-9.769973e-02	1.509450e+01
1.571000e-05	-1.044003e-01	1.513703e+01
1.572000e-05	-1.078543e-01	1.511615e+01
1.573000e-05	-1.073042e-01	1.517866e+01
1.574000e-05	-1.149791e-01	1.518869e+01
1.575000e-05	-1.243200e-01	1.522188e+01
1.576000e-05	-1.285152e-01	1.523019e+01
1.577000e-05	-1.271383e-01	1.518929e+01
1.578000e-05	-1.326130e-01	1.518879e+01
1.579000e-05	-1.443703e-01	1.518074e+01
1.580000e-05	-1.566236e-01	1.515966e+01
1.581000e-05	-1.613426e-01	1.516771e+01
1.582000e-05	-1.719294e-01	1.509703e+01
1.583000e-05	-1.872814e-01	1.505397e+01
1.584000e-05	-2.124466e-01	1.505287e+01
1.585000e-05	-2.330255e-01	1.499124e+01
1.586000e-05	-2.491906e-01	1.498764e+01
1.587000e-05	-2.500000e-01	1.486498e+01
1.588000e-05	-2.500000e-01	1.485182e+01
1.589000e-05	-2.500000e-01	1.480816e+01
1.590000e-05	-2.500000e-01	1.472763e+01
1.591000e-05	-2.500000e-01	1.464174e+01
1.592000e-05	-2.500000e-01	1.454708e+01
1.593000e-05	-2.490000e-01	1.445337e+01
1.594000e-05	-2.304672e-01	1.432816e+01
1.595000e-05	-2.006951e-01	1.424540e+01
1.596000e-05	-1.775790e-01	1.418911e+01
1.597000e-05	-1.630941e-01	1.400184e+01
1.598000e-05	-1.471025e-01	1.391763e+01
1.599000e-05	-1.323210e-01	1.380124e+01
1.600000e-05	-1.187258e-01	1.363292e+01
1.601000e-05	-1.142888e-01	1.352658e+01
1.602000e-05	-1.051398e-01	1.338016e+01
1.603000e-05	-9.664428e-02	1.325387e+01
1.604000e-05	-8.534673e-02	1.309701e+01
1.605000e-05	-8.316276e-02	1.292979e+01
1.606000e-05	-7.990669e-02	1.284037e+01
1.607000e-05	-7.643262e-02	1.265534e+01
1.608000e-05	-6.779832e-02	1.250600e+01
1.609000e-05	-6.590635e-02	1.235956e+01
1.610000e-05	-6.237848e-02	1.219973e+01
1.611000e-05	-6.133997e-02	1.200129e+01
1.612000e-05	-5.597123e-02	1.179286e+01
1.613000e-05	-5.310512e-02	1.162184e+01
1.614000e-05	-5.258680e-02	1.143231e+01
1.615000e-05	-5.232954e-02	1.124377e+01
1.616000e-05	-4.939616e-02	1.102234e+01
1.617000e-05	-4.459042e-02	1.086290e+01
1.618000e-05	-4.254371e-02	1.065286e+01
1.619000e-05	-4.347334e-02	1.042327e+01
1.620000e-05	-4.286316e-02	1.018324e+01
1.621000e-05	-4.028188e-02	1.000369e+01
1.622000e-05	-3.807951e-02	9.739734e+00
1.623000e-05	-3.727048e-02	9.537009e+00
1.624000e-05	-3.759166e-02	9.338524e+00
1.625000e-05	-3.620810e-02	9.107552e+00
1.626000e-05	-3.244914e-02	8.886326e+00
1.627000e-05	-3.331130e-02	8.642844e+00
1.628000e-05	-3.310188e-02	8.433291e+00
1.629000e-05	-3.250330e-02	8.200713e+00
1.630000e-05	-2.848005e-02	7.919057e+00
1.631000e-05	-2.819373e-02	7.706472e+00
1.632000e-05	-2.826764e-02	7.432916e+00
1.633000e-05	-2.884885e-02	7.170086e+00
1.634000e-05	-2.648053e-02	6.947951e+00
1.635000e-05	-2.546173e-02	6.655873e+00
1.636000e-05	-2.529000e-02	6.379108e+00
1.637000e-05	-2.651355e-02	6.140606e+00
1.638000e-05	-2.404475e-02	5.895477e+00
1.639000e-05	-2.197464e-02	5.622220e+00
1.640000e-05	-2.165394e-02	5.380131e+00
1.641000e-05	-2.257801e-02	5.034924e+00
1.642000e-05	-2.184965e-02	4.749458e+00
1.643000e-05	-2.008410e-02	4.497821e+00
1.644000e-05	-2.006279e-02	4.202262e+00
1.645000e-05	-1.963633e-02	3.939053e+00
1.646000e-05	-2.068598e-02	3.665317e+00
1.647000e-05	-1.736823e-02	3.372113e+00
1.648000e-05	-1.684448e-02	3.106950e+00
1.649000e-05	-1.699817e-02	2.854692e+00
1.650000e-05	-1.776274e-02	2.590005e+00
1.651000e-05	-1.690808e-02	2.285773e+00
1.652000e-05	-1.522072e-02	2.031613e+00
1.653000e-05	-1.426324e-02	1.748401e+00
1.654000e-05	-1.459270e-02	1.455210e+00
1.655000e-05	-1.451638e-02	1.109052e+00
1.656000e-05	-1.212232e-02	8.226066e-01
1.657000e-05	-1.093566e-02	5.594750e-01
1.658000e-05	-1.074756e-02	2.852956e-01
1.659000e-05	-8.979711e-03	-8.469922e-03
1.660000e-05	-1.698509e-03	-2.936541e-01
1.661000e-05	5.073227e-03	-5.326831e-01
1.662000e-05	-2.845887e-03	-8.490211e-01
1.663000e-05	3.474277e-03	-1.062629e+00
1.664000e-05	-2.083481e-03	-1.374912e+00
1.665000e-05	2.623692e-03	-1.601105e+00
1.666000e-05	9.791391e-03	-1.881625e+00
1.667000e-05	6.072479e-02	-2.061630e+00
1.668000e-05	1.280404e-01	-2.408398e+00
1.669000e-05	-4.759999e-02	-2.828491e+00
1.670000e-05	-6.005117e-03	-3.227496e+00
1.671000e-05	-4.242714e-02	-3.440551e+00
1.672000e-05	-3.566174e-02	-3.620021e+00
1.673000e-05	-1.003056e-01	-3.879684e+00
1.674000e-05	1.485078e-01	-4.012055e+00
1.675000e-05	-5.001650e-02	-4.253158e+00
1.676000e-05	-7.770957e-03	-4.608971e+00
1.677000e-05	1.599470e-01	-4.820426e+00
1.678000e-05	-1.745234e-01	-5.107366e+00
1.679000e-05	1.595383e-01	-5.471279e+00
1.680000e-05	-1.243627e-01	-5.723309e+00
1.681000e-05	2.844808e-02	-5.989000e+00
1.682000e-05	1.030660e-01	-6.228571e+00
1.683000e-05	-9.097540e-02	-6.514863e+00
1.684000e-05	1.524858e-01	-6.738447e+00
1.685000e-05	-1.125845e-01	-7.080706e+00
1.686000e-05	8.355881e-02	-7.334489e+00
1.687000e-05	-9.916449e-03	-7.587019e+00
1.688000e-05	-1.194047e-02	-7.910235e+00
1.689000e-05	1.112316e-01	-8.123789e+00
1.690000e-05	-8.692115e-02	-8.365342e+00
1.691000e-05	1.410998e-01	-8.617025e+00
1.692000e-05	-7.849866e-02	-8.840580e+00
1.693000e-05	5.423063e-02	-9.092839e+00
1.694000e-05	3.880220e-03	-9.263253e+00
1.695000e-05	2.048790e-02	-9.533320e+00
1.696000e-05	8.149217e-02	-9.744917e+00
1.697000e-05	-3.601969e-02	-9.944942e+00
1.698000e-05	9.496061e-02	-1.017655e+01
1.699000e-05	-5.225928e-02	-1.038857e+01
1.700000e-05	9.643353e-02	-1.059955e+01
1.701000e-05	-2.856758e-02	-1.078610e+01
1.702000e-05	6.541229e-02	-1.098715e+01
1.703000e-05	1.036845e-02	-1.122755e+01
1.704000e-05	4.344969e-02	-1.141018e+01
1.705000e-05	4.063582e-02	-1.156653e+01
1.706000e-05	1.007372e-02	-1.183920e+01
1.707000e-05	5.592948e-02	-1.199963e+01
1.708000e-05	1.345304e-02	-1.223616e+01
1.709000e-05	7.596659e-02	-1.235540e+01
1.710000e-05	6.523263e-03	-1.251394e+01
1.711000e-05	5.994128e-02	-1.267334e+01
1.712000e-05	1.470533e-02	-1.280239e+01
1.713000e-05	6.318799e-02	-1.299765e+01
1.714000e-05	3.156015e-02	-1.310649e+01
1.715000e-05	5.650602e-02	-1.327339e+01
1.716000e-05	4.352034e-02	-1.339921e+01
1.717000e-05	5.340097e-02	-1.356808e+01
1.718000e-05	5.123641e-02	-1.371544e+01
1.719000e-05	4.172559e-02	-1.379073e+01
1.720000e-05	5.294161e-02	-1.397602e+01
1.721000e-05	5.131951e-02	-1.409147e+01
1.722000e-05	6.916091e-02	-1.417818e+01
1.723000e-05	5.467434e-02	-1.429347e+01
1.724000e-05	6.481888e-02	-1.442004e+01
1.725000e-05	5.678204e-02	-1.452444e+01
1.726000e-05	7.460093e-02	-1.459863e+01
1.727000e-05	6.464496e-02	-1.467132e+01
1.728000e-05	7.389263e-02	-1.472553e+01
1.729000e-05	6.920100e-02	-1.481978e+01
1.730000e-05	8.088898e-02	-1.488447e+01
1.731000e-05	7.722484e-02	-1.494560e+01
1.732000e-05	7.880038e-02	-1.500873e+01
1.733000e-05	8.034033e-02	-1.506181e+01
1.734000e-05	8.886838e-02	-1.508290e+01
1.735000e-05	9.772794e-02	-1.513710e+01
1.736000e-05	9.462953e-02	-1.514761e+01
1.737000e-05	9.794596e-02	-1.520125e+01
1.738000e-05	9.725728e-02	-1.519171e+01
1.739000e-05	1.083617e-01	-1.528387e+01
1.740000e-05	1.085063e-01	-1.526435e+01
1.741000e-05	1.152986e-01	-1.529487e+01
1.742000e-05	1.176937e-01	-1.528289e+01
1.743000e-05	1.283623e-01	-1.528384e+01
1.744000e-05	1.339631e-01	-1.529339e+01
1.745000e-05	1.378530e-01	-1.525282e+01
1.746000e-05	1.443359e-01	-1.525984e+01
1.747000e-05	1.555181e-01	-1.523068e+01
1.748000e-05	1.716824e-01	-1.518766e+01
1.749000e-05	1.850876e-01	-1.510497e+01
1.750000e-05	2.045136e-01	-1.509442e+01
1.751000e-05	2.275611e-01	-1.506134e+01
1.752000e-05	2.489988e-01	-1.499925e+01
1.753000e-05	2.500000e-01	-1.495705e+01
1.754000e-05	2.500000e-01	-1.489442e+01
1.755000e-05	2.500000e-01	-1.481874e+01
1.756000e-05	2.500000e-01	-1.472460e+01
1.757000e-05	2.500000e-01	-1.467186e+01
1.758000e-05	2.500000e-01	-1.459021e+01
1.759000e-05	2.406947e-01	-1.448349e+01
1.760000e-05	2.127535e-01	-1.438021e+01
1.761000e-05	1.893602e-01	-1.429592e+01
1.762000e-05	1.682710e-01	-1.416778e+01
1.763000e-05	1.479250e-01	-1.407237e+01
1.764000e-05	1.317249e-01	-1.395871e+01
1.765000e-05	1.193192e-01	-1.381934e+01
1.766000e-05	1.084572e-01	-1.371595e+01
1.767000e-05	9.746603e-02	-1.356911e+01
1.768000e-05	8.940447e-02	-1.342929e+01
1.769000e-05	8.298935e-02	-1.330392e+01
1.770000e-05	7.735928e-02	-1.317661e+01
1.771000e-05	7.143571e-02	-1.301119e+01
1.772000e-05	6.418378e-02	-1.287339e+01
1.773000e-05	6.011998e-02	-1.272700e+01
1.774000e-05	5.732415e-02	-1.256700e+01
1.775000e-05	5.463968e-02	-1.237915e+01
1.776000e-05	4.911482e-02	-1.220174e+01
1.777000e-05	4.576091e-02	-1.204326e+01
1.778000e-05	4.319336e-02	-1.180089e+01
1.779000e-05	4.128005e-02	-1.167284e+01
1.780000e-05	3.743672e-02	-1.145276e+01
1.781000e-05	3.525718e-02	-1.120031e+01
1.782000e-05	3.334082e-02	-1.099072e+01
1.783000e-05	3.366472e-02	-1.082171e+01
1.784000e-05	3.129154e-02	-1.067069e+01
1.785000e-05	2.679533e-02	-1.040131e+01
1.786000e-05	2.533631e-02	-1.020021e+01
1.787000e-05	2.566330e-02	-9.960606e+00
1.788000e-05	2.501746e-02	-9.771106e+00
1.789000e-05	2.219032e-02	-9.558605e+00
1.790000e-05	1.889730e-02	-9.326601e+00
1.791000e-05	1.952849e-02	-9.105926e+00
1.792000e-05	1.948505e-02	-8.923973e+00
1.793000e-05	1.809703e-02	-8.635313e+00
1.794000e-05	1.420030e-02	-8.390187e+00
1.795000e-05	1.413854e-02	-8.190055e+00
1.796000e-05	1.419589e-02	-7.987051e+00
1.797000e-05	1.350918e-02	-7.712822e+00
1.798000e-05	1.085976e-02	-7.399582e+00
1.799000e-05	9.846271e-03	-7.169105e+00
1.800000e-05	8.580541e-03	-6.916398e+00
1.801000e-05	1.052501e-02	-6.673237e+00
1.802000e-05	6.453761e-03	-6.440109e+00
1.803000e-05	5.924555e-03	-6.138921e+00
1.804000e-05	4.389195e-03	-5.874241e+00
1.805000e-05	6.060591e-03	-5.620160e+00
1.806000e-05	5.206161e-03	-5.357370e+00
1.807000e-05	2.831599e-03	-5.021634e+00
1.808000e-05	1.529371e-03	-4.686427e+00
1.809000e-05	3.148859e-03	-4.423762e+00
1.810000e-05	2.031995e-03	-4.211184e+00
1.811000e-05	2.517176e-03	-3.999024e+00
1.812000e-05	-2.971254e-03	-3.675213e+00
1.813000e-05	7.404984e-05	-3.380655e+00
1.814000e-05	-2.664639e-03	-3.128497e+00
1.815000e-05	-9.268573e-04	-2.833583e+00
1.816000e-05	-5.097744e-03	-2.557400e+00
1.817000e-05	-2.303747e-03	-2.296341e+00
1.818000e-05	-3.735142e-03	-1.990551e+00
1.819000e-05	-2.301152e-03	-1.739396e+00
1.820000e-05	-6.365532e-03	-1.403212e+00
1.821000e-05	-6.454976e-03	-1.096346e+00
1.822000e-05	-7.729218e-03	-8.225266e-01
1.823000e-05	-6.385993e-03	-5.378723e-01
1.824000e-05	-6.335855e-03	-2.531643e-01
1.825000e-05	-4.720123e-03	-1.105525e-02
1.826000e-05	8.124163e-03	3.037341e-01
1.827000e-05	-1.035187e-03	5.253119e-01
1.828000e-05	5.273915e-03	7.578948e-01
1.829000e-05	-1.971769e-03	1.123258e+00
1.830000e-05	1.696170e-03	1.377866e+00
1.831000e-05	-2.668110e-03	1.661180e+00
1.832000e-05	8.792482e-03	1.894760e+00
1.833000e-05	3.345173e-02	2.165336e+00
1.834000e-05	1.088960e-01	2.429550e+00
1.835000e-05	-3.248317e-03	2.796499e+00
1.836000e-05	-4.645629e-02	3.042678e+00
1.837000e-05	-3.383068e-02	3.324263e+00
1.838000e-05	-3.078747e-02	3.651076e+00
1.839000e-05	-6.972257e-02	3.830605e+00
1.840000e-05	-5.418984e-02	4.030104e+00
1.841000e-05	1.002476e-01	4.302866e+00
1.842000e-05	-5.998502e-02	4.617577e+00
1.843000e-05	2.741674e-02	4.809106e+00
1.844000e-05	9.398332e-02	5.176497e+00
1.845000e-05	-1.327836e-01	5.492284e+00
1.846000e-05	6.645791e-02	5.734287e+00
1.847000e-05	-6.353245e-02	6.041129e+00
1.848000e-05	3.548525e-02	6.240155e+00
1.849000e-05	2.587430e-03	6.524915e+00
1.850000e-05	-5.252012e-02	6.798555e+00
1.851000e-05	3.721004e-02	7.049110e+00
1.852000e-05	-5.929817e-02	7.323862e+00
1.853000e-05	2.966943e-02	7.539573e+00
1.854000e-05	-7.035663e-02	7.840663e+00
1.855000e-05	2.120704e-02	8.126347e+00
1.856000e-05	7.106160e-03	8.348474e+00
1.857000e-05	-3.286510e-02	8.557025e+00
1.858000e-05	1.150898e-02	8.788102e+00
1.859000e-05	-7.011406e-02	9.029232e+00
1.860000e-05	7.565143e-03	9.242713e+00
1.861000e-05	-2.545995e-02	9.462269e+00
1.862000e-05	1.256742e-03	9.704418e+00
1.863000e-05	-3.829774e-02	9.944474e+00
1.864000e-05	-1.609729e-02	1.014542e+01
1.865000e-05	-8.773075e-03	1.037607e+01
1.866000e-05	-3.665132e-02	1.056610e+01
1.867000e-05	-2.346288e-02	1.077805e+01
1.868000e-05	-4.498925e-02	1.095753e+01
1.869000e-05	-8.783782e-03	1.113795e+01
1.870000e-05	-3.047803e-02	1.136710e+01
1.871000e-05	-2.725973e-02	1.154705e+01
1.872000e-05	-4.875005e-02	1.178010e+01
1.873000e-05	-2.814068e-02	1.193705e+01
1.874000e-05	-2.727669e-02	1.212593e+01
1.875000e-05	-3.104754e-02	1.227339e+01
1.876000e-05	-4.409724e-02	1.246494e+01
1.877000e-05	-4.592336e-02	1.263969e+01
1.878000e-05	-3.334729e-02	1.274665e+01
1.879000e-05	-4.184519e-02	1.293600e+01
1.880000e-05	-4.583665e-02	1.307387e+01
1.881000e-05	-5.427598e-02	1.320374e+01
1.882000e-05	-3.679572e-02	1.334910e+01
1.883000e-05	-4.496863e-02	1.350592e+01
1.884000e-05	-5.012653e-02	1.360078e+01
1.885000e-05	-6.644466e-02	1.375718e+01
1.886000e-05	-5.675799e-02	1.389197e+01
1.887000e-05	-5.273743e-02	1.405179e+01
1.888000e-05	-5.647409e-02	1.412863e+01
1.889000e-05	-6.587446e-02	1.426244e+01
1.890000e-05	-6.998047e-02	1.434813e+01
1.891000e-05	-6.078720e-02	1.449399e+01
1.892000e-05	-6.737096e-02	1.451651e+01
1.893000e-05	-7.181693e-02	1.460077e+01
1.894000e-05	-8.162200e-02	1.471560e+01
1.895000e-05	-7.288026e-02	1.481058e+01
1.896000e-05	-7.577140e-02	1.484187e+01
1.897000e-05	-8.319400e-02	1.488495e+01
1.898000e-05	-9.542304e-02	1.491613e+01
1.899000e-05	-9.567729e-02	1.495961e+01
1.900000e-05	-8.865187e-02	1.505289e+01
1.901000e-05	-9.258878e-02	1.507404e+01
1.902000e-05	-1.004838e-01	1.508607e+01
1.903000e-05	-1.084492e-01	1.511758e+01
1.904000e-05	-1.049145e-01	1.514769e+01
1.905000e-05	-1.101105e-01	1.515868e+01
1.906000e-05	-1.198069e-01	1.518969e+01
1.907000e-05	-1.291767e-01	1.519929e+01
1.908000e-05	-1.286858e-01	1.521187e+01
1.909000e-05	-1.291414e-01	1.518979e+01
1.910000e-05	-1.375329e-01	1.519876e+01
1.911000e-05	-1.521953e-01	1.518918e+01
1.912000e-05	-1.605112e-01	1.515773e+01
1.913000e-05	-1.673864e-01	1.509605e+01
1.914000e-05	-1.797662e-01	1.508450e+01
1.915000e-05	-2.004635e-01	1.505442e+01
1.916000e-05	-2.256553e-01	1.503232e+01
1.917000e-05	-2.449376e-01	1.493819e+01
1.918000e-05	-2.500000e-01	1.491558e+01
1.919000e-05	-2.500000e-01	1.482442e+01
1.920000e-05	-2.500000e-01	1.480021e+01
1.921000e-05	-2.500000e-01	1.473676e+01
1.922000e-05	-2.500000e-01	1.462387e+01
1.923000e-05	-2.500000e-01	1.454766e+01
1.924000e-05	-2.500000e-01	1.446500e+01
1.925000e-05	-2.426315e-01	1.441181e+01
1.926000e-05	-2.115607e-01	1.432790e+01
1.927000e-05	-1.868136e-01	1.416884e+01
1.928000e-05	-1.682401e-01	1.410432e+01
1.929000e-05	-1.553823e-01	1.397871e+01
1.930000e-05	-1.374039e-01	1.381234e+01
1.931000e-05	-1.234410e-01	1.370710e+01
1.932000e-05	-1.144930e-01	1.357969e+01
1.933000e-05	-1.087649e-01	1.343342e+01
1.934000e-05	-9.948724e-02	1.330608e+01
1.935000e-05	-9.083859e-02	1.318116e+01
1.936000e-05	-8.388411e-02	1.302332e+01
1.937000e-05	-8.197510e-02	1.286442e+01
1.938000e-05	-7.761758e-02	1.269761e+01
1.939000e-05	-7.183121e-02	1.257026e+01
1.940000e-05	-6.550762e-02	1.242281e+01
1.941000e-05	-6.377656e-02	1.227189e+01
1.942000e-05	-6.255416e-02	1.206495e+01
1.943000e-05	-5.819997e-02	1.186558e+01
1.944000e-05	-5.429675e-02	1.170503e+01
1.945000e-05	-5.045649e-02	1.149443e+01
1.946000e-05	-5.334511e-02	1.129695e+01
1.947000e-05	-5.035326e-02	1.114703e+01
1.948000e-05	-4.745501e-02	1.089753e+01
1.949000e-05	-4.326374e-02	1.071948e+01
1.950000e-05	-4.419346e-02	1.054553e+01
1.951000e-05	-4.326132e-02	1.028645e+01
1.952000e-05	-4.102119e-02	1.008600e+01
1.953000e-05	-3.769423e-02	9.883397e+00
1.954000e-05	-3.692301e-02	9.683343e+00
1.955000e-05	-3.920206e-02	9.401667e+00
1.956000e-05	-3.702220e-02	9.231663e+00
1.957000e-05	-3.513400e-02	8.960160e+00
1.958000e-05	-3.133729e-02	8.767635e+00
1.959000e-05	-3.285085e-02	8.506504e+00
1.960000e-05	-3.251408e-02	8.294949e+00
1.961000e-05	-3.054238e-02	8.034871e+00
1.962000e-05	-2.818246e-02	7.791587e+00
1.963000e-05	-2.770625e-02	7.578555e+00
1.964000e-05	-2.949970e-02	7.285871e+00
1.965000e-05	-2.771769e-02	7.023367e+00
1.966000e-05	-2.593286e-02	6.811683e+00
1.967000e-05	-2.427042e-02	6.507027e+00
1.968000e-05	-2.639376e-02	6.253771e+00
1.969000e-05	-2.523428e-02	6.051168e+00
1.970000e-05	-2.405562e-02	5.789059e+00
1.971000e-05	-2.087983e-02	5.485348e+00
1.972000e-05	-2.146358e-02	5.191238e+00
1.973000e-05	-2.233408e-02	4.865368e+00
1.974000e-05	-2.203609e-02	4.580563e+00
1.975000e-05	-1.939619e-02	4.337580e+00
1.976000e-05	-1.897765e-02	4.035317e+00
1.977000e-05	-1.925603e-02	3.769556e+00
1.978000e-05	-1.957624e-02	3.536950e+00
1.979000e-05	-1.664313e-02	3.252318e+00
1.980000e-05	-1.618322e-02	2.970055e+00
1.981000e-05	-1.665962e-02	2.726972e+00
1.982000e-05	-1.869932e-02	2.401534e+00
1.983000e-05	-1.770295e-02	2.107400e+00
1.984000e-05	-1.401928e-02	1.864746e+00
1.985000e-05	-1.319101e-02	1.578629e+00
1.986000e-05	-1.432705e-02	1.264341e+00
1.987000e-05	-1.368940e-02	9.569547e-01
1.988000e-05	-1.058742e-02	6.327380e-01
1.989000e-05	-9.366343e-03	4.011103e-01
1.990000e-05	-9.224825e-03	9.632074e-02
1.991000e-05	-8.140767e-03	-1.469134e-01
1.992000e-05	5.619758e-03	-4.105223e-01
1.993000e-05	-4.315060e-03	-7.856345e-01
1.994000e-05	4.067157e-03	-9.778646e-01
1.995000e-05	-3.575617e-03	-1.211022e+00
1.996000e-05	3.622508e-03	-1.564388e+00
1.997000e-05	2.834412e-03	-1.806388e+00
1.998000e-05	3.556488e-02	-1.995920e+00
1.999000e-05	1.177105e-01	-2.309601e+00
2.000000e-05	2.651662e-02	-2.621024e+00
2.001000e-05	-4.638123e-02	-3.069523e+00
2.002000e-05	-1.122829e-02	-3.377364e+00
2.003000e-05	-4.493398e-02	-3.546367e+00
2.004000e-05	-7.972538e-02	-3.788466e+00
2.005000e-05	2.304559e-02	-3.998496e+00
2.006000e-05	1.204915e-01	-4.157390e+00
2.007000e-05	-1.599937e-01	-4.482755e+00
2.008000e-05	2.041884e-01	-4.705767e+00
2.009000e-05	-9.984664e-02	-5.007022e+00
2.010000e-05	2.223024e-02	-5.375346e+00
2.011000e-05	5.175803e-02	-5.620475e+00
2.012000e-05	-1.423913e-01	-5.912237e+00
2.013000e-05	1.900119e-01	-6.114808e+00
2.014000e-05	-1.012243e-01	-6.427450e+00
2.015000e-05	1.009987e-01	-6.714811e+00
2.016000e-05	-2.320229e-03	-6.953911e+00
2.017000e-05	-4.262442e-02	-7.240656e+00
2.018000e-05	1.044538e-01	-7.471131e+00
2.019000e-05	-1.019942e-01	-7.806371e+00
2.020000e-05	1.407644e-01	-8.030061e+00
2.021000e-05	-5.910286e-02	-8.252156e+00
2.022000e-05	6.467072e-02	-8.471289e+00
2.023000e-05	3.825128e-02	-8.737417e+00
2.024000e-05	-5.672228e-02	-9.008568e+00
2.025000e-05	9.220009e-02	-9.186422e+00
2.026000e-05	-6.170929e-02	-9.410096e+00
2.027000e-05	1.279298e-01	-9.652210e+00
2.028000e-05	-4.616960e-02	-9.842179e+00
2.029000e-05	8.288928e-02	-1.004533e+01
2.030000e-05	-1.349136e-02	-1.028078e+01
2.031000e-05	3.789291e-02	-1.053437e+01
2.032000e-05	3.798724e-02	-1.065279e+01
2.033000e-05	-3.567137e-03	-1.086442e+01
2.034000e-05	7.059541e-02	-1.110193e+01
2.035000e-05	-1.077565e-02	-1.132440e+01
2.036000e-05	8.542736e-02	-1.150540e+01
2.037000e-05	-1.601052e-02	-1.173494e+01
2.038000e-05	6.986145e-02	-1.191292e+01
2.039000e-05	4.297921e-03	-1.210582e+01
2.040000e-05	6.938520e-02	-1.231289e+01
2.041000e-05	2.239908e-02	-1.245173e+01
2.042000e-05	4.089274e-02	-1.261826e+01
2.043000e-05	3.490083e-02	-1.276803e+01
2.044000e-05	3.958837e-02	-1.295602e+01
2.045000e-05	5.618674e-02	-1.305129e+01
2.046000e-05	3.400729e-02	-1.321223e+01
2.047000e-05	6.214134e-02	-1.334565e+01
2.048000e-05	3.554431e-02	-1.353494e+01
2.049000e-05	6.536196e-02	-1.363319e+01
2.050000e-05	3.414235e-02	-1.376655e+01
2.051000e-05	5.695613e-02	-1.386399e+01
2.052000e-05	4.449346e-02	-1.401919e+01
2.053000e-05	6.855318e-02	-1.417615e+01
2.054000e-05	5.772323e-02	-1.427131e+01
2.055000e-05	6.328295e-02	-1.439707e+01
2.056000e-05	5.804655e-02	-1.443329e+01
2.057000e-05	6.730443e-02	-1.456666e+01
2.058000e-05	7.024475e-02	-1.465071e+01
2.059000e-05	6.801182e-02	-1.473499e+01
2.060000e-05	7.281885e-02	-1.482113e+01
2.061000e-05	7.277564e-02	-1.487187e+01
2.062000e-05	8.185535e-02	-1.490548e+01
2.063000e-05	7.522560e-02	-1.495868e+01
2.064000e-05	8.236721e-02	-1.502879e+01
2.065000e-05	8.260694e-02	-1.508094e+01
2.066000e-05	9.691084e-02	-1.512400e+01
2.067000e-05	9.410705e-02	-1.517805e+01
2.068000e-05	9.847656e-02	-1.517873e+01
2.069000e-05	9.610511e-02	-1.523109e+01
2.070000e-05	1.041148e-01	-1.526281e+01
2.071000e-05	1.079451e-01	-1.526290e+01
2.072000e-05	1.103421e-01	-1.533339e+01
2.073000e-05	1.177168e-01	-1.529339e+01
2.074000e-05	1.215686e-01	-1.527437e+01
2.075000e-05	1.355552e-01	-1.525384e+01
2.076000e-05	1.370734e-01	-1.524234e+01
2.077000e-05	1.421418e-01	-1.524274e+01
2.078000e-05	1.499886e-01	-1.525219e+01
2.079000e-05	1.612948e-01	-1.520928e+01
2.080000e-05	1.789923e-01	-1.515861e+01
2.081000e-05	1.935002e-01	-1.510495e+01
2.082000e-05	2.185054e-01	-1.506339e+01
2.083000e-05	2.432784e-01	-1.501881e+01
2.084000e-05	2.499997e-01	-1.495761e+01
2.085000e-05	2.500000e-01	-1.493547e+01
2.086000e-05	2.500000e-01	-1.486279e+01
2.087000e-05	2.500000e-01	-1.477863e+01
2.088000e-05	2.500000e-01	-1.469595e+01
2.089000e-05	2.500000e-01	-1.460121e+01
2.090000e-05	2.470676e-01	-1.456657e+01
2.091000e-05	2.248173e-01	-1.445167e+01
2.092000e-05	1.990411e-01	-1.432755e+01
2.093000e-05	1.772293e-01	-1.424077e+01
2.094000e-05	1.563853e-01	-1.413397e+01
2.095000e-05	1.390761e-01	-1.402024e+01
2.096000e-05	1.234124e-01	-1.385495e+01
2.097000e-05	1.125822e-01	-1.375713e+01
2.098000e-05	1.006674e-01	-1.362126e+01
2.099000e-05	9.084661e-02	-1.346544e+01
2.100000e-05	8.519435e-02	-1.334763e+01
2.101000e-05	8.082117e-02	-1.322126e+01
2.102000e-05	7.500381e-02	-1.304329e+01
2.103000e-05	6.835930e-02	-1.293445e+01
2.104000e-05	6.246054e-02	-1.277803e+01
2.105000e-05	5.824300e-02	-1.259911e+01
2.106000e-05	5.435309e-02	-1.246224e+01
2.107000e-05	5.055236e-02	-1.226590e+01
2.108000e-05	4.576827e-02	-1.208392e+01
2.109000e-05	4.502751e-02	-1.191408e+01
2.110000e-05	4.247557e-02	-1.172653e+01
2.111000e-05	3.912623e-02	-1.148605e+01
2.112000e-05	3.524355e-02	-1.126589e+01
2.113000e-05	3.528262e-02	-1.109437e+01
2.114000e-05	3.385491e-02	-1.088495e+01
2.115000e-05	3.195643e-02	-1.069547e+01
2.116000e-05	2.864711e-02	-1.049595e+01
2.117000e-05	2.692685e-02	-1.029497e+01
2.118000e-05	2.510453e-02	-1.007387e+01
2.119000e-05	2.451691e-02	-9.851814e+00
2.120000e-05	2.179510e-02	-9.652818e+00
2.121000e-05	2.108751e-02	-9.443734e+00
2.122000e-05	2.016481e-02	-9.179665e+00
2.123000e-05	2.003307e-02	-8.981106e+00
2.124000e-05	1.770688e-02	-8.728660e+00
2.125000e-05	1.542815e-02	-8.505420e+00
2.126000e-05	1.418192e-02	-8.244315e+00
2.127000e-05	1.385286e-02	-8.052264e+00
2.128000e-05	1.359903e-02	-7.790732e+00
2.129000e-05	1.204302e-02	-7.495422e+00
2.130000e-05	1.093049e-02	-7.253266e+00
2.131000e-05	1.002969e-02	-7.012607e+00
2.132000e-05	9.095163e-03	-6.737501e+00
2.133000e-05	6.628712e-03	-6.476792e+00
2.134000e-05	6.700490e-03	-6.253713e+00
2.135000e-05	6.332526e-03	-5.990054e+00
2.136000e-05	5.566074e-03	-5.705920e+00
2.137000e-05	6.459912e-03	-5.474809e+00
2.138000e-05	3.952473e-03	-5.148449e+00
2.139000e-05	2.386212e-03	-4.862188e+00
2.140000e-05	2.269891e-03	-4.538475e+00
2.141000e-05	2.221346e-03	-4.316774e+00
2.142000e-05	1.663504e-03	-4.096267e+00
2.143000e-05	-5.698398e-04	-3.799506e+00
2.144000e-05	-8.747373e-04	-3.516422e+00
2.145000e-05	-2.875365e-03	-3.245162e+00
2.146000e-05	-1.435639e-03	-2.928474e+00
2.147000e-05	-3.297065e-03	-2.695264e+00
2.148000e-05	-2.181911e-03	-2.412155e+00
2.149000e-05	-3.458114e-03	-2.156872e+00
2.150000e-05	-3.173031e-03	-1.843662e+00
2.151000e-05	-5.075369e-03	-1.558579e+00
2.152000e-05	-5.676449e-03	-1.242105e+00
2.153000e-05	-8.460840e-03	-9.689262e-01
2.154000e-05	-6.135797e-03	-6.666642e-01
2.155000e-05	-6.736286e-03	-3.789999e-01
2.156000e-05	-4.919623e-03	-1.158429e-01
2.157000e-05	2.427984e-03	1.773894e-01
2.158000e-05	5.445838e-03	4.616013e-01
2.159000e-05	-5.960142e-04	6.636579e-01
2.160000e-05	2.919492e-03	9.053882e-01
2.161000e-05	-2.169589e-03	1.230557e+00
2.162000e-05	1.083275e-03	1.536291e+00
2.163000e-05	-4.419089e-04	1.800477e+00
2.164000e-05	2.209547e-02	2.021473e+00
2.165000e-05	7.930141e-02	2.272883e+00
2.166000e-05	7.216307e-02	2.648059e+00
2.167000e-05	-6.197947e-02	2.966416e+00
2.168000e-05	-2.395623e-02	3.168555e+00
2.169000e-05	-4.195977e-02	3.543293e+00
2.170000e-05	-3.657906e-02	3.725922e+00
2.171000e-05	-8.865113e-02	3.914845e+00
2.172000e-05	4.225870e-02	4.176969e+00
2.173000e-05	5.209742e-02	4.473818e+00
2.174000e-05	-9.874346e-02	4.715869e+00
2.175000e-05	1.713094e-01	4.997646e+00
2.176000e-05	-1.135532e-01	5.366470e+00
2.177000e-05	9.630106e-03	5.589056e+00
2.178000e-05	-1.283880e-03	5.894792e+00
2.179000e-05	-3.510044e-02	6.095397e+00
2.180000e-05	5.846798e-02	6.387475e+00
2.181000e-05	-7.283367e-02	6.703360e+00
2.182000e-05	3.154941e-02	6.935393e+00
2.183000e-05	-3.725704e-02	7.228528e+00
2.184000e-05	4.457083e-04	7.439336e+00
2.185000e-05	-2.387676e-02	7.736438e+00
2.186000e-05	-3.568485e-02	7.960160e+00
2.187000e-05	3.899039e-02	8.282289e+00
2.188000e-05	-3.937921e-02	8.523287e+00
2.189000e-05	5.966814e-03	8.643292e+00
2.190000e-05	-3.830445e-02	8.895471e+00
2.191000e-05	-3.973145e-02	9.156972e+00
2.192000e-05	7.595988e-03	9.368550e+00
2.193000e-05	-2.513279e-02	9.580183e+00
2.194000e-05	-7.732460e-03	9.829779e+00
2.195000e-05	-4.205853e-02	1.007321e+01
2.196000e-05	1.986688e-03	1.023324e+01
2.197000e-05	-3.121366e-02	1.047335e+01
2.198000e-05	-2.849678e-02	1.066134e+01
2.199000e-05	-3.471864e-02	1.088335e+01
2.200000e-05	-3.119603e-02	1.105179e+01
2.201000e-05	-8.694259e-03	1.125442e+01
2.202000e-05	-3.961995e-02	1.146281e+01
2.203000e-05	-3.183973e-02	1.171329e+01
2.204000e-05	-4.606008e-02	1.188239e+01
2.205000e-05	-1.917637e-02	1.201281e+01
2.206000e-05	-3.303295e-02	1.224876e+01
2.207000e-05	-3.669575e-02	1.238021e+01
2.208000e-05	-4.791249e-02	1.254760e+01
2.209000e-05	-3.878732e-02	1.269597e+01
2.210000e-05	-3.418617e-02	1.284282e+01
2.211000e-05	-4.761787e-02	1.301876e+01
2.212000e-05	-5.059182e-02	1.316015e+01
2.213000e-05	-4.683719e-02	1.333500e+01
2.214000e-05	-3.700422e-02	1.346229e+01
2.215000e-05	-4.821800e-02	1.360866e+01
2.216000e-05	-6.049840e-02	1.366452e+01
2.217000e-05	-6.229687e-02	1.381931e+01
2.218000e-05	-5.381337e-02	1.398658e+01
2.219000e-05	-5.304059e-02	1.405605e+01
2.220000e-05	-6.321732e-02	1.421129e+01
2.221000e-05	-6.958560e-02	1.430358e+01
2.222000e-05	-6.464298e-02	1.442929e+01
2.223000e-05	-6.224490e-02	1.451543e+01
2.224000e-05	-6.826601e-02	1.459068e+01
2.225000e-05	-7.937613e-02	1.466397e+01
2.226000e-05	-7.711284e-02	1.476758e+01
2.227000e-05	-7.558620e-02	1.484034e+01
2.228000e-05	-7.810106e-02	1.484440e+01
2.229000e-05	-9.241922e-02	1.494553e+01
2.230000e-05	-9.628525e-02	1.498858e+01
2.231000e-05	-9.164215e-02	1.505974e+01
2.232000e-05	-8.878892e-02	1.507287e+01
2.233000e-05	-9.764702e-02	1.509550e+01
2.234000e-05	-1.060663e-01	1.509705e+01
2.235000e-05	-1.060517e-01	1.513813e+01
2.236000e-05	-1.079899e-01	1.519821e+01
2.237000e-05	-1.149400e-01	1.520029e+01
2.238000e-05	-1.275236e-01	1.521029e+01
2.239000e-05	-1.295419e-01	1.522827e+01
2.240000e-05	-1.285821e-01	1.520924e+01
2.241000e-05	-1.320457e-01	1.519871e+01
2.242000e-05	-1.464226e-01	1.518875e+01
2.243000e-05	-1.574114e-01	1.516673e+01
2.244000e-05	-1.643237e-01	1.511743e+01
2.245000e-05	-1.731226e-01	1.510705e+01
2.246000e-05	-1.926866e-01	1.507442e+01
2.247000e-05	-2.158876e-01	1.501037e+01
2.248000e-05	-2.389204e-01	1.496919e+01
2.249000e-05	-2.494402e-01	1.494711e+01
2.250000e-05	-2.500000e-01	1.488447e+01
2.251000e-05	-2.500000e-01	1.482279e+01
2.252000e-05	-2.500000e-01	1.475018e+01
2.253000e-05	-2.500000e-01	1.469546e+01
2.254000e-05	-2.500000e-01	1.458187e+01
2.255000e-05	-2.500000e-01	1.448661e+01
2.256000e-05	-2.478857e-01	1.446142e+01
2.257000e-05	-2.234067e-01	1.433906e+01
2.258000e-05	-1.946147e-01	1.427335e+01
2.259000e-05	-1.727861e-01	1.409708e+01
2.260000e-05	-1.610040e-01	1.400134e+01
2.261000e-05	-1.450938e-01	1.386505e+01
2.262000e-05	-1.304601e-01	1.373876e+01
2.263000e-05	-1.179342e-01	1.363182e+01
2.264000e-05	-1.113614e-01	1.348650e+01
2.265000e-05	-1.043600e-01	1.338821e+01
2.266000e-05	-9.296970e-02	1.323290e+01
2.267000e-05	-8.410586e-02	1.310490e+01
2.268000e-05	-8.223592e-02	1.290661e+01
2.269000e-05	-8.114501e-02	1.279177e+01
2.270000e-05	-7.525520e-02	1.264082e+01
2.271000e-05	-6.733633e-02	1.247499e+01
2.272000e-05	-6.430882e-02	1.234858e+01
2.273000e-05	-6.356342e-02	1.211863e+01
2.274000e-05	-6.139639e-02	1.199066e+01
2.275000e-05	-5.522026e-02	1.179121e+01
2.276000e-05	-5.145761e-02	1.159969e+01
2.277000e-05	-5.232941e-02	1.137121e+01
2.278000e-05	-5.219267e-02	1.116864e+01
2.279000e-05	-4.822762e-02	1.102166e+01
2.280000e-05	-4.415486e-02	1.078231e+01
2.281000e-05	-4.392592e-02	1.058024e+01
2.282000e-05	-4.426575e-02	1.038019e+01
2.283000e-05	-4.224691e-02	1.018016e+01
2.284000e-05	-3.755771e-02	9.980111e+00
2.285000e-05	-3.628743e-02	9.717680e+00
2.286000e-05	-3.800554e-02	9.486451e+00
2.287000e-05	-3.717932e-02	9.264974e+00
2.288000e-05	-3.573126e-02	9.073423e+00
2.289000e-05	-3.210170e-02	8.872272e+00
2.290000e-05	-3.262405e-02	8.601189e+00
2.291000e-05	-3.406415e-02	8.370160e+00
2.292000e-05	-3.170427e-02	8.169108e+00
2.293000e-05	-2.863563e-02	7.915453e+00
2.294000e-05	-2.740566e-02	7.652894e+00
2.295000e-05	-2.856533e-02	7.379115e+00
2.296000e-05	-2.834176e-02	7.087625e+00
2.297000e-05	-2.621415e-02	6.916372e+00
2.298000e-05	-2.370899e-02	6.611815e+00
2.299000e-05	-2.545103e-02	6.358056e+00
2.300000e-05	-2.628594e-02	6.127372e+00
2.301000e-05	-2.427295e-02	5.885365e+00
2.302000e-05	-2.177547e-02	5.620633e+00
2.303000e-05	-2.139873e-02	5.346027e+00
2.304000e-05	-2.243215e-02	4.961664e+00
2.305000e-05	-2.211365e-02	4.715900e+00
2.306000e-05	-2.006576e-02	4.432212e+00
2.307000e-05	-1.956852e-02	4.200060e+00
2.308000e-05	-1.954570e-02	3.894897e+00
2.309000e-05	-1.955521e-02	3.623687e+00
2.310000e-05	-1.870941e-02	3.359033e+00
2.311000e-05	-1.621498e-02	3.094315e+00
2.312000e-05	-1.688950e-02	2.861114e+00
2.313000e-05	-1.749244e-02	2.488376e+00
2.314000e-05	-1.685803e-02	2.201712e+00
2.315000e-05	-1.432460e-02	2.000554e+00
2.316000e-05	-1.397240e-02	1.705221e+00
2.317000e-05	-1.309509e-02	1.391556e+00
2.318000e-05	-1.470177e-02	1.096843e+00
2.319000e-05	-1.202939e-02	7.804988e-01
2.320000e-05	-1.162981e-02	4.552707e-01
2.321000e-05	-9.986245e-03	2.051855e-01
2.322000e-05	-8.927776e-03	-5.162907e-02
2.323000e-05	1.367392e-03	-3.346858e-01
2.324000e-05	1.123302e-03	-5.869136e-01
2.325000e-05	-6.551717e-04	-8.621790e-01
2.326000e-05	7.661835e-05	-1.064708e+00
2.327000e-05	-2.042843e-04	-1.472022e+00
2.328000e-05	1.444324e-03	-1.682128e+00
2.329000e-05	1.585886e-02	-1.934305e+00
2.330000e-05	7.788373e-02	-2.094708e+00
2.331000e-05	1.092002e-01	-2.461605e+00
2.332000e-05	-6.186988e-02	-2.851653e+00
2.333000e-05	2.364284e-03	-3.241126e+00
2.334000e-05	-5.154214e-02	-3.472679e+00
2.335000e-05	-4.240247e-02	-3.630652e+00
2.336000e-05	-8.308557e-02	-3.925309e+00
2.337000e-05	1.759935e-01	-4.063204e+00
2.338000e-05	-1.217587e-01	-4.354836e+00
2.339000e-05	8.524511e-02	-4.691624e+00
2.340000e-05	8.969326e-02	-4.811178e+00
2.341000e-05	-1.432964e-01	-5.230626e+00
2.342000e-05	1.668862e-01	-5.486214e+00
2.343000e-05	-1.729112e-01	-5.796017e+00
2.344000e-05	1.116143e-01	-6.001228e+00
2.345000e-05	3.319507e-02	-6.301729e+00
2.346000e-05	-3.902948e-02	-6.567993e+00
2.347000e-05	1.266915e-01	-6.798626e+00
2.348000e-05	-1.239505e-01	-7.144841e+00
2.349000e-05	1.195555e-01	-7.377946e+00
2.350000e-05	-6.247856e-02	-7.579549e+00
2.351000e-05	4.856232e-02	-7.957415e+00
2.352000e-05	6.198829e-02	-8.136392e+00
2.353000e-05	-5.485440e-02	-8.387995e+00
2.354000e-05	1.331716e-01	-8.649655e+00
2.355000e-05	-1.005946e-01	-8.892310e+00
2.356000e-05	8.846992e-02	-9.086285e+00
2.357000e-05	-3.539799e-02	-9.274210e+00
2.358000e-05	7.106670e-02	-9.537545e+00
2.359000e-05	3.812672e-02	-9.705997e+00
2.360000e-05	1.110559e-03	-9.989001e+00
2.361000e-05	6.765624e-02	-1.019660e+01
2.362000e-05	-3.873435e-02	-1.046273e+01
2.363000e-05	9.288901e-02	-1.060120e+01
2.364000e-05	-3.978207e-02	-1.082963e+01
2.365000e-05	8.362709e-02	-1.097775e+01
2.366000e-05	-8.552521e-03	-1.122063e+01
2.367000e-05	7.137723e-02	-1.147176e+01
2.368000e-05	1.470025e-02	-1.163916e+01
2.369000e-05	3.286618e-02	-1.186031e+01
2.370000e-05	3.653187e-02	-1.202015e+01
2.371000e-05	3.037047e-02	-1.221968e+01
2.372000e-05	6.237557e-02	-1.235897e+01
2.373000e-05	1.197693e-02	-1.252750e+01
2.374000e-05	5.767568e-02	-1.268389e+01
2.375000e-05	1.761912e-02	-1.289331e+01
2.376000e-05	6.831486e-02	-1.298761e+01
2.377000e-05	2.710774e-02	-1.317802e+01
2.378000e-05	6.260501e-02	-1.329492e+01
2.379000e-05	3.697836e-02	-1.348029e+01
2.380000e-05	6.211549e-02	-1.357758e+01
2.381000e-05	4.426872e-02	-1.374444e+01
2.382000e-05	4.672594e-02	-1.379028e+01
2.383000e-05	4.859207e-02	-1.394758e+01
2.384000e-05	5.723523e-02	-1.409387e+01
2.385000e-05	6.536596e-02	-1.418876e+01
2.386000e-05	5.712581e-02	-1.434400e+01
2.387000e-05	6.400744e-02	-1.444013e+01
2.388000e-05	5.959052e-02	-1.453552e+01
2.389000e-05	7.540757e-02	-1.458913e+01
2.390000e-05	6.492195e-02	-1.470392e+01
2.391000e-05	7.405674e-02	-1.474710e+01
2.392000e-05	6.791151e-02	-1.481034e+01
2.393000e-05	8.160626e-02	-1.484397e+01
2.394000e-05	7.522877e-02	-1.495510e+01
2.395000e-05	8.081970e-02	-1.498888e+01
2.396000e-05	8.064963e-02	-1.508036e+01
2.397000e-05	9.283323e-02	-1.510345e+01
2.398000e-05	9.635196e-02	-1.512711e+01
2.399000e-05	9.588413e-02	-1.520958e+01
2.400000e-05	9.676823e-02	-1.522114e+01
2.401000e-05	9.842020e-02	-1.522224e+01
2.402000e-05	1.085741e-01	-1.525231e+01
2.403000e-05	1.093798e-01	-1.527337e+01
2.404000e-05	1.160889e-01	-1.526532e+01
2.405000e-05	1.184459e-01	-1.531339e+01
2.406000e-05	1.307273e-01	-1.528294e+01
2.407000e-05	1.330444e-01	-1.529431e+01
2.408000e-05	1.382479e-01	-1.527437e+01
2.409000e-05	1.462280e-01	-1.522921e+01
2.410000e-05	1.591051e-01	-1.521124e+01
2.411000e-05	1.739927e-01	-1.515856e+01
2.412000e-05	1.877881e-01	-1.511550e+01
2.413000e-05	2.084968e-01	-1.510395e+01
2.414000e-05	2.337778e-01	-1.502229e+01
2.415000e-05	2.495293e-01	-1.497986e+01
2.416000e-05	2.500000e-01	-1.492650e+01
2.417000e-05	2.500000e-01	-1.486392e+01
2.418000e-05	2.500000e-01	-1.478968e+01
2.419000e-05	2.500000e-01	-1.469698e+01
2.420000e-05	2.500000e-01	-1.466287e+01
2.421000e-05	2.497000e-01	-1.455658e+01
2.422000e-05	2.363002e-01	-1.447545e+01
2.423000e-05	2.087182e-01	-1.437960e+01
2.424000e-05	1.851365e-01	-1.427294e+01
2.425000e-05	1.633341e-01	-1.414756e+01
2.426000e-05	1.446924e-01	-1.407236e+01
2.427000e-05	1.298465e-01	-1.390605e+01
2.428000e-05	1.183691e-01	-1.383224e+01
2.429000e-05	1.064508e-01	-1.369390e+01
2.430000e-05	9.615411e-02	-1.353653e+01
2.431000e-05	8.744731e-02	-1.339974e+01
2.432000e-05	7.986940e-02	-1.327390e+01
2.433000e-05	7.759394e-02	-1.311648e+01
2.434000e-05	6.891146e-02	-1.297716e+01
2.435000e-05	6.554151e-02	-1.284229e+01
2.436000e-05	6.143601e-02	-1.268639e+01
2.437000e-05	5.723166e-02	-1.250547e+01
2.438000e-05	5.481033e-02	-1.231806e+01
2.439000e-05	4.573287e-02	-1.217768e+01
2.440000e-05	4.382539e-02	-1.201021e+01
2.441000e-05	3.942849e-02	-1.184071e+01
2.442000e-05	4.247324e-02	-1.158979e+01
2.443000e-05	3.726206e-02	-1.137818e+01
2.444000e-05	3.808732e-02	-1.113020e+01
2.445000e-05	3.438666e-02	-1.096858e+01
2.446000e-05	3.374377e-02	-1.077960e+01
2.447000e-05	2.883832e-02	-1.060166e+01
2.448000e-05	2.616718e-02	-1.039166e+01
2.449000e-05	2.422411e-02	-1.017905e+01
2.450000e-05	2.487076e-02	-9.958475e+00
2.451000e-05	2.629609e-02	-9.728500e+00
2.452000e-05	2.256834e-02	-9.526976e+00
2.453000e-05	2.235229e-02	-9.293898e+00
2.454000e-05	1.918518e-02	-9.054289e+00
2.455000e-05	1.914541e-02	-8.883368e+00
2.456000e-05	1.494928e-02	-8.601637e+00
2.457000e-05	1.289386e-02	-8.348556e+00
2.458000e-05	1.190916e-02	-8.148001e+00
2.459000e-05	1.334450e-02	-7.915872e+00
2.460000e-05	1.397618e-02	-7.601663e+00
2.461000e-05	1.226271e-02	-7.367981e+00
2.462000e-05	1.206899e-02	-7.118023e+00
2.463000e-05	1.061432e-02	-6.833164e+00
2.464000e-05	1.072904e-02	-6.631111e+00
2.465000e-05	5.907625e-03	-6.359101e+00
2.466000e-05	4.457009e-03	-6.064266e+00
2.467000e-05	2.717072e-03	-5.842237e+00
2.468000e-05	4.403010e-03	-5.529975e+00
2.469000e-05	3.984935e-03	-5.282288e+00
2.470000e-05	4.436829e-03	-4.949105e+00
2.471000e-05	3.708198e-03	-4.653712e+00
2.472000e-05	4.293597e-03	-4.390610e+00
2.473000e-05	1.978922e-03	-4.200026e+00
2.474000e-05	6.914358e-04	-3.904419e+00
2.475000e-05	-4.066320e-03	-3.609629e+00
2.476000e-05	-2.917460e-03	-3.368951e+00
2.477000e-05	-4.071141e-03	-3.084767e+00
2.478000e-05	-7.051413e-04	-2.800024e+00
2.479000e-05	-2.988000e-03	-2.507842e+00
2.480000e-05	-1.281556e-03	-2.243507e+00
2.481000e-05	-3.876105e-03	-1.928943e+00
2.482000e-05	-3.256194e-03	-1.665742e+00
2.483000e-05	-5.732471e-03	-1.389952e+00
2.484000e-05	-7.385417e-03	-1.065238e+00
2.485000e-05	-7.882017e-03	-7.500540e-01
2.486000e-05	-6.434042e-03	-4.847107e-01
2.487000e-05	-6.821201e-03	-2.241355e-01
2.488000e-05	-2.176936e-03	8.265751e-02
2.489000e-05	8.223503e-03	3.538432e-01
2.490000e-05	-1.028138e-04	5.889461e-01
2.491000e-05	7.764540e-03	8.294801e-01
2.492000e-05	-4.019372e-04	1.165467e+00
2.493000e-05	2.393327e-03	1.408423e+00
2.494000e-05	-4.957352e-03	1.723873e+00
2.495000e-05	1.180168e-02	1.944917e+00
2.496000e-05	4.331274e-02	2.186468e+00
2.497000e-05	1.082720e-01	2.482604e+00
2.498000e-05	-3.180364e-02	2.831129e+00
2.499000e-05	-3.378888e-02	3.124834e+00
2.500000e-05	-3.516945e-02	3.387095e+00
2.501000e-05	-2.541707e-02	3.641111e+00
2.502000e-05	-8.391547e-02	3.855215e+00
2.503000e-05	-3.048255e-02	4.091709e+00
2.504000e-05	1.055561e-01	4.398522e+00
2.505000e-05	-1.010120e-01	4.652208e+00
2.506000e-05	9.369749e-02	4.842263e+00
2.507000e-05	2.366792e-02	5.240133e+00
2.508000e-05	-9.607982e-02	5.495363e+00
2.509000e-05	6.360159e-02	5.757492e+00
2.510000e-05	-7.050404e-02	6.041658e+00
2.511000e-05	5.743959e-02	6.263710e+00
2.512000e-05	-2.909718e-02	6.547502e+00
2.513000e-05	-2.670509e-02	6.830663e+00
2.514000e-05	1.833888e-02	7.075287e+00
2.515000e-05	-4.998875e-02	7.354872e+00
2.516000e-05	2.335626e-02	7.630209e+00
2.517000e-05	-7.331024e-02	7.863869e+00
2.518000e-05	3.854908e-02	8.211073e+00
2.519000e-05	-1.068361e-02	8.380579e+00
2.520000e-05	-2.139573e-02	8.578554e+00
2.521000e-05	2.704840e-03	8.830608e+00
2.522000e-05	-7.152218e-02	9.092360e+00
2.523000e-05	1.778281e-02	9.313265e+00
2.524000e-05	-3.621722e-02	9.514944e+00
2.525000e-05	5.885232e-03	9.747451e+00
2.526000e-05	-4.814500e-02	9.989048e+00
2.527000e-05	-4.966046e-03	1.015760e+01
2.528000e-05	-1.633078e-02	1.034808e+01
2.529000e-05	-3.403224e-02	1.061720e+01
2.530000e-05	-2.425202e-02	1.078911e+01
2.531000e-05	-4.427420e-02	1.100018e+01
2.532000e-05	-4.778245e-03	1.116916e+01
2.533000e-05	-3.797400e-02	1.140766e+01
2.534000e-05	-2.608425e-02	1.162971e+01
2.535000e-05	-5.191425e-02	1.180071e+01
2.536000e-05	-2.234218e-02	1.193863e+01
2.537000e-05	-2.932032e-02	1.216608e+01
2.538000e-05	-3.253326e-02	1.232447e+01
2.539000e-05	-4.422682e-02	1.250447e+01
2.540000e-05	-4.550750e-02	1.265224e+01
2.541000e-05	-3.023056e-02	1.283071e+01
2.542000e-05	-4.507492e-02	1.292615e+01
2.543000e-05	-4.476487e-02	1.309592e+01
2.544000e-05	-5.504335e-02	1.327484e+01
2.545000e-05	-3.518917e-02	1.339918e+01
2.546000e-05	-4.640560e-02	1.351700e+01
2.547000e-05	-5.188429e-02	1.367287e+01
2.548000e-05	-6.554554e-02	1.375866e+01
2.549000e-05	-5.542592e-02	1.387253e+01
2.550000e-05	-5.204089e-02	1.407279e+01
2.551000e-05	-5.843626e-02	1.414826e+01
2.552000e-05	-6.703686e-02	1.427342e+01
2.553000e-05	-6.828813e-02	1.439871e+01
2.554000e-05	-6.035456e-02	1.447242e+01
2.555000e-05	-6.744435e-02	1.455713e+01
2.556000e-05	-7.352683e-02	1.466394e+01
2.557000e-05	-8.132857e-02	1.472448e+01
2.558000e-05	-7.267892e-02	1.476971e+01
2.559000e-05	-7.670426e-02	1.482177e+01
2.560000e-05	-8.477492e-02	1.489552e+01
2.561000e-05	-9.602010e-02	1.494816e+01
2.562000e-05	-9.338194e-02	1.501866e+01
2.563000e-05	-8.862337e-02	1.503187e+01
2.564000e-05	-9.473760e-02	1.503547e+01
2.565000e-05	-1.034254e-01	1.511752e+01
2.566000e-05	-1.090401e-01	1.515716e+01
2.567000e-05	-1.055185e-01	1.516918e+01
2.568000e-05	-1.112409e-01	1.517829e+01
2.569000e-05	-1.205042e-01	1.520026e+01
2.570000e-05	-1.291012e-01	1.522182e+01
2.571000e-05	-1.286363e-01	1.523127e+01
2.572000e-05	-1.300098e-01	1.518221e+01
2.573000e-05	-1.405477e-01	1.516021e+01
2.574000e-05	-1.544034e-01	1.516071e+01
2.575000e-05	-1.618607e-01	1.513728e+01
2.576000e-05	-1.695110e-01	1.517703e+01
2.577000e-05	-1.829713e-01	1.504397e+01
2.578000e-05	-2.061466e-01	1.506284e+01
2.579000e-05	-2.293755e-01	1.499124e+01
2.580000e-05	-2.478436e-01	1.495811e+01
2.581000e-05	-2.499997e-01	1.491553e+01
2.582000e-05	-2.500000e-01	1.484332e+01
2.583000e-05	-2.500000e-01	1.478276e+01
2.584000e-05	-2.500000e-01	1.474055e+01
2.585000e-05	-2.500000e-01	1.463249e+01
2.586000e-05	-2.500000e-01	1.453813e+01
2.587000e-05	-2.500000e-01	1.447502e+01
2.588000e-05	-2.363588e-01	1.439919e+01
2.589000e-05	-2.067665e-01	1.428650e+01
2.590000e-05	-1.828984e-01	1.418923e+01
2.591000e-05	-1.669161e-01	1.405432e+01
2.592000e-05	-1.516008e-01	1.391765e+01
2.593000e-05	-1.351818e-01	1.379979e+01
2.594000e-05	-1.209656e-01	1.367455e+01
2.595000e-05	-1.136743e-01	1.353666e+01
2.596000e-05	-1.074894e-01	1.342284e+01
2.597000e-05	-9.871021e-02	1.326498e+01
2.598000e-05	-8.851000e-02	1.313560e+01
2.599000e-05	-8.339495e-02	1.300127e+01
2.600000e-05	-8.117301e-02	1.284380e+01
2.601000e-05	-7.645366e-02	1.271493e+01
2.602000e-05	-7.040501e-02	1.252911e+01
2.603000e-05	-6.534388e-02	1.239016e+01
2.604000e-05	-6.236012e-02	1.219336e+01
2.605000e-05	-6.255083e-02	1.201295e+01
2.606000e-05	-5.707397e-02	1.184490e+01
2.607000e-05	-5.345105e-02	1.172495e+01
2.608000e-05	-5.144335e-02	1.146543e+01
2.609000e-05	-5.347728e-02	1.129500e+01
2.610000e-05	-5.020495e-02	1.107400e+01
2.611000e-05	-4.561192e-02	1.087495e+01
2.612000e-05	-4.308318e-02	1.067397e+01
2.613000e-05	-4.341755e-02	1.048542e+01
2.614000e-05	-4.270374e-02	1.024490e+01
2.615000e-05	-4.033109e-02	1.005387e+01
2.616000e-05	-3.795133e-02	9.813318e+00
2.617000e-05	-3.727780e-02	9.580291e+00
2.618000e-05	-3.770982e-02	9.389161e+00
2.619000e-05	-3.662842e-02	9.199661e+00
2.620000e-05	-3.286908e-02	8.936056e+00
2.621000e-05	-3.149908e-02	8.715903e+00
2.622000e-05	-3.248125e-02	8.495924e+00
2.623000e-05	-3.298077e-02	8.263346e+00
2.624000e-05	-3.047744e-02	8.004188e+00
2.625000e-05	-2.822286e-02	7.740136e+00
2.626000e-05	-2.760435e-02	7.486527e+00
2.627000e-05	-2.904060e-02	7.251664e+00
2.628000e-05	-2.751241e-02	6.980609e+00
2.629000e-05	-2.600784e-02	6.727052e+00
2.630000e-05	-2.413115e-02	6.454293e+00
2.631000e-05	-2.611954e-02	6.231611e+00
2.632000e-05	-2.525709e-02	5.959584e+00
2.633000e-05	-2.183981e-02	5.685448e+00
2.634000e-05	-2.154073e-02	5.424788e+00
2.635000e-05	-2.088596e-02	5.107502e+00
2.636000e-05	-2.261049e-02	4.792212e+00
2.637000e-05	-2.119125e-02	4.520001e+00
2.638000e-05	-2.027921e-02	4.285343e+00
2.639000e-05	-1.898667e-02	3.981160e+00
2.640000e-05	-1.981405e-02	3.716847e+00
2.641000e-05	-1.839600e-02	3.455771e+00
2.642000e-05	-1.772788e-02	3.179528e+00
2.643000e-05	-1.596003e-02	2.907372e+00
2.644000e-05	-1.832200e-02	2.605264e+00
2.645000e-05	-1.741735e-02	2.317375e+00
2.646000e-05	-1.610410e-02	2.054816e+00
2.647000e-05	-1.392682e-02	1.824664e+00
2.648000e-05	-1.406686e-02	1.487895e+00
2.649000e-05	-1.435177e-02	1.203118e+00
2.650000e-05	-1.293839e-02	8.472446e-01
2.651000e-05	-1.196443e-02	5.920328e-01
2.652000e-05	-1.058421e-02	3.579239e-01
2.653000e-05	-9.969673e-03	2.320664e-02
2.654000e-05	-4.785353e-03	-2.198711e-01
2.655000e-05	6.280414e-03	-4.815767e-01
2.656000e-05	-3.897895e-03	-7.768870e-01
2.657000e-05	3.610121e-03	-1.029399e+00
2.658000e-05	-3.189069e-03	-1.301679e+00
2.659000e-05	1.882073e-03	-1.598420e+00
2.660000e-05	4.204059e-03	-1.797970e+00
2.661000e-05	4.635037e-02	-2.029996e+00
2.662000e-05	1.297701e-01	-2.334781e+00
2.663000e-05	-1.175226e-02	-2.732209e+00
2.664000e-05	-2.653382e-02	-3.132359e+00
2.665000e-05	-2.646584e-02	-3.358015e+00
2.666000e-05	-3.881445e-02	-3.588443e+00
2.667000e-05	-9.593642e-02	-3.800122e+00
2.668000e-05	8.479790e-02	-3.999900e+00
2.669000e-05	4.855270e-02	-4.230496e+00
2.670000e-05	-1.116761e-01	-4.514887e+00
2.671000e-05	2.034308e-01	-4.794920e+00
2.672000e-05	-1.583802e-01	-5.101627e+00
2.673000e-05	1.024222e-01	-5.468679e+00
2.674000e-05	-3.210222e-02	-5.652177e+00
2.675000e-05	-7.117221e-02	-5.957468e+00
2.676000e-05	1.694173e-01	-6.126892e+00
2.677000e-05	-1.172670e-01	-6.490734e+00
2.678000e-05	1.416894e-01	-6.735367e+00
2.679000e-05	-6.411610e-02	-6.996970e+00
2.680000e-05	1.701011e-02	-7.333336e+00
2.681000e-05	5.920249e-02	-7.502738e+00
2.682000e-05	-7.302216e-02	-7.819080e+00
2.683000e-05	1.442733e-01	-8.052706e+00
2.684000e-05	-8.851510e-02	-8.313812e+00
2.685000e-05	1.132442e-01	-8.545466e+00
2.686000e-05	-2.134834e-02	-8.807569e+00
2.687000e-05	-8.217599e-03	-9.030680e+00
2.688000e-05	5.840858e-02	-9.209075e+00
2.689000e-05	-3.345895e-02	-9.492784e+00
2.690000e-05	1.199489e-01	-9.684811e+00
2.691000e-05	-5.506990e-02	-9.923312e+00
2.692000e-05	1.010085e-01	-1.011596e+01
2.693000e-05	-4.194336e-02	-1.033442e+01
2.694000e-05	7.243710e-02	-1.054805e+01
2.695000e-05	3.267471e-03	-1.072647e+01
2.696000e-05	2.884591e-02	-1.094662e+01
2.697000e-05	4.548770e-02	-1.115492e+01
2.698000e-05	1.132334e-02	-1.138705e+01
2.699000e-05	6.999164e-02	-1.153644e+01
2.700000e-05	-1.048602e-02	-1.175602e+01
2.701000e-05	6.921621e-02	-1.192950e+01
2.702000e-05	2.661890e-03	-1.215600e+01
2.703000e-05	7.919183e-02	-1.233487e+01
2.704000e-05	1.011482e-02	-1.250542e+01
2.705000e-05	5.303232e-02	-1.264181e+01
2.706000e-05	2.295599e-02	-1.283010e+01
2.707000e-05	5.236117e-02	-1.297762e+01
2.708000e-05	4.406181e-02	-1.307382e+01
2.709000e-05	4.344242e-02	-1.324226e+01
2.710000e-05	5.503151e-02	-1.340710e+01
2.711000e-05	4.335976e-02	-1.357599e+01
2.712000e-05	6.112801e-02	-1.367372e+01
2.713000e-05	3.525297e-02	-1.378765e+01
2.714000e-05	5.647000e-02	-1.390499e+01
2.715000e-05	4.619123e-02	-1.406178e+01
2.716000e-05	7.138309e-02	-1.416558e+01
2.717000e-05	5.474144e-02	-1.428131e+01
2.718000e-05	6.523839e-02	-1.439763e+01
2.719000e-05	5.536510e-02	-1.451437e+01
2.720000e-05	7.244993e-02	-1.458763e+01
2.721000e-05	6.739509e-02	-1.464279e+01
2.722000e-05	7.161289e-02	-1.470605e+01
2.723000e-05	7.015162e-02	-1.482123e+01
2.724000e-05	7.708521e-02	-1.488379e+01
2.725000e-05	7.983107e-02	-1.495643e+01
2.726000e-05	7.604756e-02	-1.499863e+01
2.727000e-05	8.121324e-02	-1.503074e+01
2.728000e-05	8.509588e-02	-1.505392e+01
2.729000e-05	9.786847e-02	-1.511602e+01
2.730000e-05	9.359019e-02	-1.516808e+01
2.731000e-05	9.718085e-02	-1.519721e+01
2.732000e-05	9.538852e-02	-1.522271e+01
2.733000e-05	1.055465e-01	-1.524227e+01
2.734000e-05	1.088747e-01	-1.522334e+01
2.735000e-05	1.134814e-01	-1.528399e+01
2.736000e-05	1.169574e-01	-1.531436e+01
2.737000e-05	1.260679e-01	-1.528392e+01
2.738000e-05	1.333855e-01	-1.525284e+01
2.739000e-05	1.352195e-01	-1.528334e+01
2.740000e-05	1.415429e-01	-1.525339e+01
2.741000e-05	1.524135e-01	-1.520071e+01
2.742000e-05	1.687293e-01	-1.518013e+01
2.743000e-05	1.833717e-01	-1.513608e+01
2.744000e-05	1.987975e-01	-1.510545e+01
2.745000e-05	2.229135e-01	-1.506334e+01
2.746000e-05	2.473960e-01	-1.500929e+01
2.747000e-05	2.500000e-01	-1.495713e+01
2.748000e-05	2.500000e-01	-1.488445e+01
2.749000e-05	2.500000e-01	-1.482026e+01
2.750000e-05	2.500000e-01	-1.475908e+01
2.751000e-05	2.500000e-01	-1.466288e+01
2.752000e-05	2.500000e-01	-1.458073e+01
2.753000e-05	2.462386e-01	-1.454657e+01
2.754000e-05	2.192943e-01	-1.440079e+01
2.755000e-05	1.953261e-01	-1.428700e+01
2.756000e-05	1.724401e-01	-1.419974e+01
2.757000e-05	1.515928e-01	-1.405350e+01
2.758000e-05	1.335950e-01	-1.398966e+01
2.759000e-05	1.221454e-01	-1.384234e+01
2.760000e-05	1.126755e-01	-1.372503e+01
2.761000e-05	1.001435e-01	-1.360126e+01
2.762000e-05	9.055013e-02	-1.347229e+01
2.763000e-05	8.410453e-02	-1.331700e+01
2.764000e-05	8.054872e-02	-1.319068e+01
2.765000e-05	7.328597e-02	-1.301279e+01
2.766000e-05	6.567511e-02	-1.290540e+01
2.767000e-05	5.989128e-02	-1.275708e+01
2.768000e-05	5.852548e-02	-1.256915e+01
2.769000e-05	5.545667e-02	-1.240227e+01
2.770000e-05	5.166689e-02	-1.224134e+01
2.771000e-05	4.646645e-02	-1.208289e+01
2.772000e-05	4.325050e-02	-1.189537e+01
2.773000e-05	4.249874e-02	-1.166332e+01
2.774000e-05	3.833279e-02	-1.148294e+01
2.775000e-05	3.522850e-02	-1.124232e+01
2.776000e-05	3.254193e-02	-1.108336e+01
2.777000e-05	3.396247e-02	-1.085331e+01
2.778000e-05	3.144476e-02	-1.067427e+01
2.779000e-05	2.897225e-02	-1.047384e+01
2.780000e-05	2.597323e-02	-1.022429e+01
2.781000e-05	2.567109e-02	-1.004174e+01
2.782000e-05	2.403056e-02	-9.831634e+00
2.783000e-05	2.242493e-02	-9.631210e+00
2.784000e-05	1.935471e-02	-9.411185e+00
2.785000e-05	2.033030e-02	-9.147130e+00
2.786000e-05	1.935117e-02	-8.957030e+00
2.787000e-05	1.841415e-02	-8.744948e+00
2.788000e-05	1.488464e-02	-8.423213e+00
2.789000e-05	1.406508e-02	-8.251160e+00
2.790000e-05	1.494696e-02	-8.001636e+00
2.791000e-05	1.430682e-02	-7.746476e+00
2.792000e-05	1.135250e-02	-7.462243e+00
2.793000e-05	9.865797e-03	-7.212610e+00
2.794000e-05	8.994030e-03	-6.929003e+00
2.795000e-05	9.807991e-03	-6.675418e+00
2.796000e-05	7.610322e-03	-6.463168e+00
2.797000e-05	6.348148e-03	-6.150131e+00
2.798000e-05	6.428544e-03	-5.936955e+00
2.799000e-05	4.879051e-03	-5.663641e+00
2.800000e-05	4.884010e-03	-5.370108e+00
2.801000e-05	1.659798e-03	-5.115272e+00
2.802000e-05	1.320780e-03	-4.759586e+00
2.803000e-05	2.360212e-03	-4.516345e+00
2.804000e-05	2.460488e-03	-4.284763e+00
2.805000e-05	2.610027e-03	-4.010658e+00
2.806000e-05	-1.594818e-03	-3.737352e+00
2.807000e-05	-1.433486e-03	-3.474716e+00
2.808000e-05	-4.241770e-03	-3.181101e+00
2.809000e-05	-1.042682e-03	-2.904241e+00
2.810000e-05	-4.290000e-03	-2.632630e+00
2.811000e-05	-2.026249e-03	-2.367979e+00
2.812000e-05	-4.538432e-03	-2.053112e+00
2.813000e-05	-2.154265e-03	-1.809577e+00
2.814000e-05	-6.038520e-03	-1.497846e+00
2.815000e-05	-6.060694e-03	-1.129502e+00
2.816000e-05	-8.677041e-03	-8.847656e-01
2.817000e-05	-6.237567e-03	-6.310564e-01
2.818000e-05	-6.276352e-03	-3.177934e-01
2.819000e-05	-3.917969e-03	-6.416303e-02
2.820000e-05	4.588247e-03	2.601952e-01
2.821000e-05	1.953688e-03	4.642828e-01
2.822000e-05	2.264315e-03	7.362395e-01
2.823000e-05	2.358237e-03	1.008475e+00
2.824000e-05	-1.516166e-03	1.271285e+00
2.825000e-05	2.352019e-04	1.627146e+00
2.826000e-05	2.004878e-03	1.852105e+00
2.827000e-05	2.703998e-02	2.043183e+00
2.828000e-05	9.502003e-02	2.385844e+00
2.829000e-05	3.991069e-02	2.694284e+00
2.830000e-05	-5.862128e-02	2.999100e+00
2.831000e-05	-2.631827e-02	3.261606e+00
2.832000e-05	-3.808797e-02	3.546946e+00
2.833000e-05	-4.931111e-02	3.797525e+00
2.834000e-05	-7.711542e-02	3.967948e+00
2.835000e-05	7.259031e-02	4.250630e+00
2.836000e-05	2.346569e-03	4.525471e+00
2.837000e-05	-5.133625e-02	4.766951e+00
2.838000e-05	1.538151e-01	5.061835e+00
2.839000e-05	-1.405808e-01	5.440127e+00
2.840000e-05	4.736030e-02	5.641656e+00
2.841000e-05	-3.653043e-02	5.957497e+00
2.842000e-05	-1.990338e-03	6.198446e+00
2.843000e-05	3.671937e-02	6.433185e+00
2.844000e-05	-7.205665e-02	6.726946e+00
2.845000e-05	4.194135e-02	6.987450e+00
2.846000e-05	-5.477738e-02	7.231708e+00
2.847000e-05	2.051709e-02	7.494367e+00
2.848000e-05	-5.031623e-02	7.828550e+00
2.849000e-05	-7.183084e-03	8.042765e+00
2.850000e-05	2.662493e-02	8.304868e+00
2.851000e-05	-3.979878e-02	8.513917e+00
2.852000e-05	1.136216e-02	8.745917e+00
2.853000e-05	-5.700760e-02	8.976047e+00
2.854000e-05	-1.810037e-02	9.191233e+00
2.855000e-05	-7.691631e-03	9.410179e+00
2.856000e-05	-1.307892e-02	9.652712e+00
2.857000e-05	-2.078972e-02	9.883315e+00
2.858000e-05	-3.138490e-02	1.010437e+01
2.859000e-05	-8.957284e-05	1.025492e+01
2.860000e-05	-3.504410e-02	1.048497e+01
2.861000e-05	-2.497857e-02	1.071637e+01
2.862000e-05	-4.248148e-02	1.090497e+01
2.863000e-05	-2.190196e-02	1.112445e+01
2.864000e-05	-1.876686e-02	1.130548e+01
2.865000e-05	-3.301930e-02	1.149400e+01
2.866000e-05	-3.818160e-02	1.173550e+01
2.867000e-05	-3.829380e-02	1.187599e+01
2.868000e-05	-2.258984e-02	1.204499e+01
2.869000e-05	-3.160839e-02	1.226227e+01
2.870000e-05	-3.965909e-02	1.244119e+01
2.871000e-05	-4.801873e-02	1.259871e+01
2.872000e-05	-3.598790e-02	1.275700e+01
2.873000e-05	-3.822193e-02	1.286458e+01
2.874000e-05	-4.642548e-02	1.306982e+01
2.875000e-05	-5.269600e-02	1.319074e+01
2.876000e-05	-4.254833e-02	1.333705e+01
2.877000e-05	-4.068332e-02	1.345437e+01
2.878000e-05	-4.783612e-02	1.359974e+01
2.879000e-05	-6.133407e-02	1.373513e+01
2.880000e-05	-5.959184e-02	1.385145e+01
2.881000e-05	-5.438400e-02	1.400709e+01
2.882000e-05	-5.511321e-02	1.410868e+01
2.883000e-05	-6.598489e-02	1.423229e+01
2.884000e-05	-6.969637e-02	1.433608e+01
2.885000e-05	-6.197136e-02	1.445184e+01
2.886000e-05	-6.291990e-02	1.450650e+01
2.887000e-05	-6.718051e-02	1.466226e+01
2.888000e-05	-7.870868e-02	1.469344e+01
2.889000e-05	-7.470498e-02	1.474718e+01
2.890000e-05	-7.834140e-02	1.483329e+01
2.891000e-05	-8.142828e-02	1.485292e+01
2.892000e-05	-9.505855e-02	1.494605e+01
2.893000e-05	-9.629288e-02	1.496976e+01
2.894000e-05	-8.943931e-02	1.500131e+01
2.895000e-05	-9.093450e-02	1.504337e+01
2.896000e-05	-9.593140e-02	1.511705e+01
2.897000e-05	-1.068175e-01	1.512755e+01
2.898000e-05	-1.056175e-01	1.512811e+01
2.899000e-05	-1.101083e-01	1.517874e+01
2.900000e-05	-1.177701e-01	1.519974e+01
2.901000e-05	-1.279636e-01	1.521929e+01
2.902000e-05	-1.293221e-01	1.519137e+01
2.903000e-05	-1.287909e-01	1.522024e+01
2.904000e-05	-1.348668e-01	1.518811e+01
2.905000e-05	-1.476878e-01	1.518926e+01
2.906000e-05	-1.583456e-01	1.513916e+01
2.907000e-05	-1.646560e-01	1.515855e+01
2.908000e-05	-1.760789e-01	1.507608e+01
2.909000e-05	-1.964330e-01	1.504489e+01
2.910000e-05	-2.208998e-01	1.503135e+01
2.911000e-05	-2.421954e-01	1.499021e+01
2.912000e-05	-2.497729e-01	1.494706e+01
2.913000e-05	-2.500000e-01	1.486390e+01
2.914000e-05	-2.500000e-01	1.481032e+01
2.915000e-05	-2.500000e-01	1.476906e+01
2.916000e-05	-2.500000e-01	1.471550e+01
2.917000e-05	-2.500000e-01	1.451136e+01
2.918000e-05	-2.500000e-01	1.447650e+01
2.919000e-05	-2.463956e-01	1.444185e+01
2.920000e-05	-2.191888e-01	1.430761e+01
2.921000e-05	-1.921054e-01	1.424125e+01
2.922000e-05	-1.715816e-01	1.408608e+01
2.923000e-05	-1.585836e-01	1.396116e+01
2.924000e-05	-1.405285e-01	1.385592e+01
2.925000e-05	-1.265013e-01	1.371761e+01
2.926000e-05	-1.146112e-01	1.366019e+01
2.927000e-05	-1.099566e-01	1.342485e+01
2.928000e-05	-1.026929e-01	1.334763e+01
2.929000e-05	-9.319465e-02	1.320124e+01
2.930000e-05	-8.433364e-02	1.304387e+01
2.931000e-05	-8.192202e-02	1.290706e+01
2.932000e-05	-7.945625e-02	1.273919e+01
2.933000e-05	-7.371569e-02	1.257124e+01
2.934000e-05	-6.621733e-02	1.244337e+01
2.935000e-05	-6.330733e-02	1.228548e+01
2.936000e-05	-6.246424e-02	1.209553e+01
2.937000e-05	-6.031068e-02	1.193961e+01
2.938000e-05	-5.501400e-02	1.174906e+01
2.939000e-05	-5.145926e-02	1.151969e+01
2.940000e-05	-5.345814e-02	1.134813e+01
2.941000e-05	-5.169393e-02	1.113760e+01
2.942000e-05	-4.813250e-02	1.095001e+01
2.943000e-05	-4.287707e-02	1.074964e+01
2.944000e-05	-4.226871e-02	1.055968e+01
2.945000e-05	-4.269791e-02	1.035811e+01
2.946000e-05	-4.212983e-02	1.014807e+01
2.947000e-05	-3.919039e-02	9.868955e+00
2.948000e-05	-3.771647e-02	9.678477e+00
2.949000e-05	-3.778843e-02	9.473318e+00
2.950000e-05	-3.687408e-02	9.254846e+00
2.951000e-05	-3.481466e-02	9.014294e+00
2.952000e-05	-3.115010e-02	8.782215e+00
2.953000e-05	-3.273211e-02	8.550583e+00
2.954000e-05	-3.225918e-02	8.359532e+00
2.955000e-05	-3.139728e-02	8.136950e+00
2.956000e-05	-2.889621e-02	7.834349e+00
2.957000e-05	-2.809407e-02	7.592693e+00
2.958000e-05	-2.780992e-02	7.328031e+00
2.959000e-05	-2.791631e-02	7.075897e+00
2.960000e-05	-2.719150e-02	6.832719e+00
2.961000e-05	-2.428618e-02	6.562065e+00
2.962000e-05	-2.540969e-02	6.286400e+00
2.963000e-05	-2.528157e-02	6.064822e+00
2.964000e-05	-2.452404e-02	5.814191e+00
2.965000e-05	-2.196375e-02	5.527551e+00
2.966000e-05	-2.116167e-02	5.254298e+00
2.967000e-05	-2.247271e-02	4.918554e+00
2.968000e-05	-2.228424e-02	4.663766e+00
2.969000e-05	-2.019872e-02	4.402085e+00
2.970000e-05	-1.914014e-02	4.098380e+00
2.971000e-05	-1.986499e-02	3.823708e+00
2.972000e-05	-1.948092e-02	3.600059e+00
2.973000e-05	-1.831316e-02	3.286322e+00
2.974000e-05	-1.632620e-02	3.033709e+00
2.975000e-05	-1.764250e-02	2.790082e+00
2.976000e-05	-1.797826e-02	2.514196e+00
2.977000e-05	-1.708043e-02	2.189553e+00
2.978000e-05	-1.456590e-02	1.956946e+00
2.979000e-05	-1.396651e-02	1.614135e+00
2.980000e-05	-1.385488e-02	1.279925e+00
2.981000e-05	-1.389482e-02	1.043713e+00
2.982000e-05	-1.192614e-02	6.873446e-01
2.983000e-05	-1.093378e-02	4.446867e-01
2.984000e-05	-1.150116e-02	2.214540e-01
2.985000e-05	-8.612257e-03	-1.336544e-01
2.986000e-05	3.763606e-03	-3.964159e-01
2.987000e-05	-9.929347e-04	-7.115523e-01
2.988000e-05	2.255090e-03	-9.036543e-01
2.989000e-05	-2.026808e-03	-1.187440e+00
2.990000e-05	9.135892e-04	-1.532649e+00
2.991000e-05	1.160882e-03	-1.724738e+00
2.992000e-05	2.394109e-02	-1.956862e+00
2.993000e-05	9.647294e-02	-2.189995e+00
2.994000e-05	7.646072e-02	-2.564286e+00
2.995000e-05	-6.093657e-02	-2.955759e+00
2.996000e-05	1.677008e-03	-3.292233e+00
2.997000e-05	-5.116463e-02	-3.545336e+00
2.998000e-05	-5.668313e-02	-3.733333e+00
2.999000e-05	-4.553710e-02	-3.976367e+00
3.000000e-05	1.693048e-01	-4.103737e+00
3.001000e-05	-1.597753e-01	-4.389069e+00
3.002000e-05	1.591252e-01	-4.671684e+00
3.003000e-05	7.146163e-04	-4.925789e+00
3.004000e-05	-7.489138e-02	-5.323307e+00
3.005000e-05	1.333678e-01	-5.557342e+00
3.006000e-05	-1.797081e-01	-5.850678e+00
3.007000e-05	1.707493e-01	-6.071262e+00
3.008000e-05	-4.031941e-02	-6.362887e+00
3.009000e-05	2.538050e-02	-6.671179e+00
3.010000e-05	7.559134e-02	-6.901780e+00
3.011000e-05	-9.992276e-02	-7.207949e+00
3.012000e-05	1.312769e-01	-7.409151e+00
3.013000e-05	-9.783370e-02	-7.693326e+00
3.014000e-05	1.025507e-01	-7.978921e+00
3.015000e-05	2.012833e-03	-8.188546e+00
3.016000e-05	-2.798771e-03	-8.450754e+00
3.017000e-05	1.014501e-01	-8.702287e+00
3.018000e-05	-9.631301e-02	-8.956396e+00
3.019000e-05	1.062197e-01	-9.126892e+00
3.020000e-05	-6.129561e-02	-9.334421e+00
3.021000e-05	1.064979e-01	-9.600050e+00
3.022000e-05	-7.387979e-03	-9.779050e+00
3.023000e-05	3.992350e-02	-1.004170e+01
3.024000e-05	3.315093e-02	-1.025825e+01
3.025000e-05	-8.024688e-03	-1.046341e+01
3.026000e-05	7.578773e-02	-1.064171e+01
3.027000e-05	-3.201877e-02	-1.090374e+01
3.028000e-05	8.677135e-02	-1.103826e+01
3.029000e-05	-1.868511e-02	-1.128174e+01
3.030000e-05	8.478343e-02	-1.146279e+01
3.031000e-05	-6.403951e-03	-1.167237e+01
3.032000e-05	5.380277e-02	-1.189139e+01
3.033000e-05	1.975486e-02	-1.207181e+01
3.034000e-05	5.020309e-02	-1.227171e+01
3.035000e-05	4.467397e-02	-1.241116e+01
3.036000e-05	2.356733e-02	-1.258765e+01
3.037000e-05	4.924409e-02	-1.274297e+01
3.038000e-05	2.443642e-02	-1.288542e+01
3.039000e-05	6.519196e-02	-1.304219e+01
3.040000e-05	2.648165e-02	-1.324007e+01
3.041000e-05	6.523020e-02	-1.329599e+01
3.042000e-05	3.377337e-02	-1.347141e+01
3.043000e-05	6.628352e-02	-1.360063e+01
3.044000e-05	3.735846e-02	-1.373707e+01
3.045000e-05	5.328351e-02	-1.384084e+01
3.046000e-05	4.562305e-02	-1.399865e+01
3.047000e-05	6.324063e-02	-1.414490e+01
3.048000e-05	6.087217e-02	-1.424973e+01
3.049000e-05	5.970208e-02	-1.436400e+01
3.050000e-05	6.099170e-02	-1.444226e+01
3.051000e-05	6.356399e-02	-1.455605e+01
3.052000e-05	7.334159e-02	-1.459016e+01
3.053000e-05	6.546723e-02	-1.470540e+01
3.054000e-05	7.337329e-02	-1.476870e+01
3.055000e-05	7.006870e-02	-1.487979e+01
3.056000e-05	8.053533e-02	-1.489498e+01
3.057000e-05	7.552915e-02	-1.498858e+01
3.058000e-05	8.037880e-02	-1.501926e+01
3.059000e-05	8.201248e-02	-1.507094e+01
3.060000e-05	9.665479e-02	-1.510547e+01
3.061000e-05	9.618426e-02	-1.516603e+01
3.062000e-05	9.856847e-02	-1.521966e+01
3.063000e-05	9.437852e-02	-1.522018e+01
3.064000e-05	1.006832e-01	-1.527222e+01
3.065000e-05	1.051128e-01	-1.526336e+01
3.066000e-05	1.091232e-01	-1.529384e+01
3.067000e-05	1.166785e-01	-1.526519e+01
3.068000e-05	1.238309e-01	-1.528290e+01
3.069000e-05	1.338475e-01	-1.527337e+01
3.070000e-05	1.362146e-01	-1.526434e+01
3.071000e-05	1.392192e-01	-1.526331e+01
3.072000e-05	1.463055e-01	-1.524221e+01
3.073000e-05	1.593124e-01	-1.521978e+01
3.074000e-05	1.753953e-01	-1.520703e+01
3.075000e-05	1.917486e-01	-1.512605e+01
3.076000e-05	2.132411e-01	-1.509289e+01
3.077000e-05	2.386003e-01	-1.501986e+01
3.078000e-05	2.497730e-01	-1.498771e+01
3.079000e-05	2.500000e-01	-1.491607e+01
3.080000e-05	2.500000e-01	-1.484385e+01
3.081000e-05	2.500000e-01	-1.478871e+01
3.082000e-05	2.500000e-01	-1.472550e+01
3.083000e-05	2.500000e-01	-1.464124e+01
3.084000e-05	2.488999e-01	-1.458611e+01
3.085000e-05	2.303244e-01	-1.442337e+01
3.086000e-05	2.046373e-01	-1.436908e+01
3.087000e-05	1.812211e-01	-1.428239e+01
3.088000e-05	1.620469e-01	-1.412550e+01
3.089000e-05	1.411592e-01	-1.403226e+01
3.090000e-05	1.277860e-01	-1.388542e+01
3.091000e-05	1.150338e-01	-1.379008e+01
3.092000e-05	1.054548e-01	-1.365136e+01
3.093000e-05	9.403905e-02	-1.351595e+01
3.094000e-05	8.574962e-02	-1.335866e+01
3.095000e-05	8.070597e-02	-1.323129e+01
3.096000e-05	7.555830e-02	-1.310587e+01
3.097000e-05	6.659642e-02	-1.295758e+01
3.098000e-05	6.293782e-02	-1.281171e+01
3.099000e-05	5.759298e-02	-1.262187e+01
3.100000e-05	5.891202e-02	-1.250342e+01
3.101000e-05	5.520799e-02	-1.228650e+01
3.102000e-05	4.756641e-02	-1.218752e+01
3.103000e-05	4.695876e-02	-1.198066e+01
3.104000e-05	3.876386e-02	-1.176873e+01
3.105000e-05	3.944790e-02	-1.154758e+01
3.106000e-05	3.266417e-02	-1.130998e+01
3.107000e-05	3.391900e-02	-1.112648e+01
3.108000e-05	3.520391e-02	-1.092697e+01
3.109000e-05	3.592363e-02	-1.072703e+01
3.110000e-05	3.373787e-02	-1.054801e+01
3.111000e-05	2.740101e-02	-1.037942e+01
3.112000e-05	2.422813e-02	-1.010702e+01
3.113000e-05	2.277332e-02	-9.885945e+00
3.114000e-05	2.211998e-02	-9.715446e+00
3.115000e-05	1.979244e-02	-9.494797e+00
3.116000e-05	1.938315e-02	-9.272714e+00
3.117000e-05	2.144996e-02	-9.052259e+00
3.118000e-05	2.062263e-02	-8.821133e+00
3.119000e-05	1.686906e-02	-8.559605e+00
3.120000e-05	1.425334e-02	-8.315470e+00
3.121000e-05	1.399422e-02	-8.095444e+00
3.122000e-05	1.349469e-02	-7.872866e+00
3.123000e-05	1.246442e-02	-7.560059e+00
3.124000e-05	9.239916e-03	-7.316046e+00
3.125000e-05	1.030817e-02	-7.054693e+00
3.126000e-05	8.833531e-03	-6.780685e+00
3.127000e-05	1.064506e-02	-6.548976e+00
3.128000e-05	6.114936e-03	-6.326920e+00
3.129000e-05	6.754894e-03	-6.061683e+00
3.130000e-05	5.322669e-03	-5.760527e+00
3.131000e-05	6.343751e-03	-5.536969e+00
3.132000e-05	3.245093e-03	-5.241729e+00
3.133000e-05	1.206375e-03	-4.926317e+00
3.134000e-05	8.610808e-04	-4.591056e+00
3.135000e-05	3.518228e-03	-4.350549e+00
3.136000e-05	2.078823e-03	-4.095346e+00
3.137000e-05	-7.507498e-05	-3.854735e+00
3.138000e-05	-1.501072e-03	-3.577954e+00
3.139000e-05	-2.695157e-03	-3.285241e+00
3.140000e-05	-1.615013e-03	-3.032059e+00
3.141000e-05	-3.573956e-03	-2.718317e+00
3.142000e-05	-5.192106e-03	-2.474141e+00
3.143000e-05	-8.541655e-04	-2.181054e+00
3.144000e-05	-3.970749e-03	-1.875792e+00
3.145000e-05	-1.788239e-03	-1.652636e+00
3.146000e-05	-5.094540e-03	-1.326788e+00
3.147000e-05	-7.872365e-03	-1.000581e+00
3.148000e-05	-5.050143e-03	-7.373687e-01
3.149000e-05	-8.546725e-03	-4.515543e-01
3.150000e-05	-5.551145e-03	-1.789212e-01
3.151000e-05	-2.721395e-03	7.323159e-02
3.152000e-05	9.866337e-03	3.999436e-01
3.153000e-05	-1.241061e-03	6.410539e-01
3.154000e-05	7.441483e-03	8.716316e-01
3.155000e-05	-3.022889e-03	1.199572e+00
3.156000e-05	1.797372e-03	1.431630e+00
3.157000e-05	-4.217328e-03	1.747971e+00
3.158000e-05	1.802342e-02	1.997496e+00
3.159000e-05	5.682967e-02	2.200583e+00
3.160000e-05	9.892659e-02	2.526291e+00
3.161000e-05	-5.371330e-02	2.853758e+00
3.162000e-05	-2.628525e-02	3.137471e+00
3.163000e-05	-4.201273e-02	3.429655e+00
3.164000e-05	-2.642969e-02	3.684814e+00
3.165000e-05	-8.996499e-02	3.904338e+00
3.166000e-05	2.143156e-03	4.095309e+00
3.167000e-05	9.233250e-02	4.440556e+00
3.168000e-05	-1.181714e-01	4.683768e+00
3.169000e-05	1.467887e-01	4.926418e+00
3.170000e-05	-4.706960e-02	5.313716e+00
3.171000e-05	-4.928420e-02	5.575871e+00
3.172000e-05	3.909138e-02	5.822180e+00
3.173000e-05	-6.391691e-02	6.073739e+00
3.174000e-05	6.740614e-02	6.316396e+00
3.175000e-05	-5.588878e-02	6.630679e+00
3.176000e-05	3.210910e-03	6.882264e+00
3.177000e-05	-8.189599e-03	7.095921e+00
3.178000e-05	-2.774280e-02	7.399152e+00
3.179000e-05	5.731166e-03	7.694339e+00
3.180000e-05	-6.210349e-02	7.968049e+00
3.181000e-05	4.367427e-02	8.199687e+00
3.182000e-05	-2.675680e-02	8.432686e+00
3.183000e-05	-7.623859e-03	8.632686e+00
3.184000e-05	-1.457586e-02	8.843343e+00
3.185000e-05	-6.250945e-02	9.135891e+00
3.186000e-05	1.890312e-02	9.326921e+00
3.187000e-05	-3.492985e-02	9.537995e+00
3.188000e-05	3.890928e-03	9.786080e+00
3.189000e-05	-4.983873e-02	1.000116e+01
3.190000e-05	1.675529e-04	1.019976e+01
3.191000e-05	-2.345286e-02	1.046173e+01
3.192000e-05	-3.072980e-02	1.061921e+01
3.193000e-05	-2.815630e-02	1.081129e+01
3.194000e-05	-4.085095e-02	1.102224e+01
3.195000e-05	-3.622336e-03	1.120971e+01
3.196000e-05	-3.959370e-02	1.140026e+01
3.197000e-05	-2.563519e-02	1.163124e+01
3.198000e-05	-5.178763e-02	1.185224e+01
3.199000e-05	-2.035164e-02	1.201168e+01
3.200000e-05	-3.156893e-02	1.222673e+01
3.201000e-05	-3.460119e-02	1.235658e+01
3.202000e-05	-4.703898e-02	1.251550e+01
3.203000e-05	-4.307929e-02	1.269187e+01
3.204000e-05	-3.038098e-02	1.279232e+01
3.205000e-05	-4.621369e-02	1.300818e+01
3.206000e-05	-4.579663e-02	1.315651e+01
3.207000e-05	-5.369535e-02	1.332539e+01
3.208000e-05	-3.548872e-02	1.341119e+01
3.209000e-05	-5.008957e-02	1.354908e+01
3.210000e-05	-5.390637e-02	1.364135e+01
3.211000e-05	-6.547132e-02	1.380874e+01
3.212000e-05	-5.345063e-02	1.392753e+01
3.213000e-05	-5.220609e-02	1.404435e+01
3.214000e-05	-5.920995e-02	1.419029e+01
3.215000e-05	-6.734288e-02	1.432395e+01
3.216000e-05	-6.722897e-02	1.442131e+01
3.217000e-05	-6.172769e-02	1.449245e+01
3.218000e-05	-6.855805e-02	1.454774e+01
3.219000e-05	-7.629026e-02	1.465387e+01
3.220000e-05	-8.009882e-02	1.473705e+01
3.221000e-05	-7.362640e-02	1.479071e+01
3.222000e-05	-7.693540e-02	1.484339e+01
3.223000e-05	-8.732901e-02	1.490605e+01
3.224000e-05	-9.561079e-02	1.496721e+01
3.225000e-05	-9.189643e-02	1.502977e+01
3.226000e-05	-8.948929e-02	1.504385e+01
3.227000e-05	-9.684758e-02	1.509449e+01
3.228000e-05	-1.052009e-01	1.515805e+01
3.229000e-05	-1.082939e-01	1.511706e+01
3.230000e-05	-1.068234e-01	1.516821e+01
3.231000e-05	-1.128021e-01	1.520123e+01
3.232000e-05	-1.232350e-01	1.520976e+01
3.233000e-05	-1.286363e-01	1.521224e+01
3.234000e-05	-1.283106e-01	1.521174e+01
3.235000e-05	-1.313237e-01	1.519081e+01
3.236000e-05	-1.442673e-01	1.516976e+01
3.237000e-05	-1.570199e-01	1.517021e+01
3.238000e-05	-1.629122e-01	1.514768e+01
3.239000e-05	-1.717494e-01	1.509843e+01
3.240000e-05	-1.867571e-01	1.510553e+01
3.241000e-05	-2.112322e-01	1.503240e+01
3.242000e-05	-2.330148e-01	1.500027e+01
3.243000e-05	-2.489186e-01	1.493811e+01
3.244000e-05	-2.500000e-01	1.486648e+01
3.245000e-05	-2.500000e-01	1.484494e+01
3.246000e-05	-2.500000e-01	1.477869e+01
3.247000e-05	-2.500000e-01	1.471803e+01
3.248000e-05	-2.500000e-01	1.460280e+01
3.249000e-05	-2.500000e-01	1.454016e+01
3.250000e-05	-2.496000e-01	1.447440e+01
3.251000e-05	-2.304696e-01	1.434821e+01
3.252000e-05	-2.001636e-01	1.426447e+01
3.253000e-05	-1.787557e-01	1.418921e+01
3.254000e-05	-1.636133e-01	1.401230e+01
3.255000e-05	-1.490778e-01	1.388600e+01
3.256000e-05	-1.322912e-01	1.378971e+01
3.257000e-05	-1.186451e-01	1.367237e+01
3.258000e-05	-1.131416e-01	1.354706e+01
3.259000e-05	-1.065076e-01	1.337979e+01
3.260000e-05	-9.745858e-02	1.327392e+01
3.261000e-05	-8.638261e-02	1.311858e+01
3.262000e-05	-8.254986e-02	1.296819e+01
3.263000e-05	-8.003310e-02	1.280129e+01
3.264000e-05	-7.551286e-02	1.266447e+01
3.265000e-05	-6.802664e-02	1.253600e+01
3.266000e-05	-6.465274e-02	1.234869e+01
3.267000e-05	-6.344717e-02	1.221776e+01
3.268000e-05	-6.289752e-02	1.200077e+01
3.269000e-05	-5.675640e-02	1.182227e+01
3.270000e-05	-5.189790e-02	1.162284e+01
3.271000e-05	-5.187944e-02	1.139239e+01
3.272000e-05	-5.195193e-02	1.122374e+01
3.273000e-05	-4.953821e-02	1.101227e+01
3.274000e-05	-4.449836e-02	1.086482e+01
3.275000e-05	-4.382915e-02	1.062335e+01
3.276000e-05	-4.365953e-02	1.039282e+01
3.277000e-05	-4.333266e-02	1.019229e+01
3.278000e-05	-3.789740e-02	1.000217e+01
3.279000e-05	-3.777020e-02	9.790239e+00
3.280000e-05	-3.736864e-02	9.540533e+00
3.281000e-05	-3.784319e-02	9.338029e+00
3.282000e-05	-3.505243e-02	9.116057e+00
3.283000e-05	-3.219564e-02	8.906826e+00
3.284000e-05	-3.256844e-02	8.653873e+00
3.285000e-05	-3.387812e-02	8.443292e+00
3.286000e-05	-3.231099e-02	8.201263e+00
3.287000e-05	-2.877344e-02	7.979134e+00
3.288000e-05	-2.778565e-02	7.717422e+00
3.289000e-05	-2.846595e-02	7.433870e+00
3.290000e-05	-2.837619e-02	7.181064e+00
3.291000e-05	-2.598132e-02	6.939452e+00
3.292000e-05	-2.534257e-02	6.675949e+00
3.293000e-05	-2.587053e-02	6.392188e+00
3.294000e-05	-2.614149e-02	6.140056e+00
3.295000e-05	-2.397069e-02	5.978077e+00
3.296000e-05	-2.193582e-02	5.643764e+00
3.297000e-05	-2.166459e-02	5.400159e+00
3.298000e-05	-2.321384e-02	5.055347e+00
3.299000e-05	-2.205039e-02	4.728058e+00
3.300000e-05	-2.001927e-02	4.495843e+00
3.301000e-05	-1.904405e-02	4.223712e+00
3.302000e-05	-1.972318e-02	3.928051e+00
3.303000e-05	-2.033089e-02	3.664271e+00
3.304000e-05	-1.915721e-02	3.452689e+00
3.305000e-05	-1.722656e-02	3.128476e+00
3.306000e-05	-1.741087e-02	2.862266e+00
3.307000e-05	-1.842155e-02	2.563110e+00
3.308000e-05	-1.597709e-02	2.308243e+00
3.309000e-05	-1.467939e-02	2.022162e+00
3.310000e-05	-1.413324e-02	1.737504e+00
3.311000e-05	-1.558189e-02	1.474639e+00
3.312000e-05	-1.422094e-02	1.191029e+00
3.313000e-05	-1.225975e-02	8.216593e-01
3.314000e-05	-1.092815e-02	5.799549e-01
3.315000e-05	-1.111497e-02	3.479735e-01
3.316000e-05	-9.620811e-03	-1.742373e-02
3.317000e-05	-1.464436e-03	-2.916277e-01
3.318000e-05	4.837178e-03	-5.357555e-01
3.319000e-05	-3.771409e-03	-8.188199e-01
3.320000e-05	1.710819e-03	-1.041523e+00
3.321000e-05	-2.390765e-03	-1.345812e+00
3.322000e-05	3.287311e-03	-1.660452e+00
3.323000e-05	8.883201e-03	-1.871104e+00
3.324000e-05	5.853876e-02	-2.062078e+00
3.325000e-05	1.285118e-01	-2.409442e+00
3.326000e-05	-4.231339e-02	-2.797413e+00
3.327000e-05	-8.724735e-03	-3.195971e+00
3.328000e-05	-4.092849e-02	-3.438470e+00
3.329000e-05	-3.653681e-02	-3.618500e+00
3.330000e-05	-1.011576e-01	-3.893250e+00
3.331000e-05	1.408524e-01	-4.021029e+00
3.332000e-05	-3.339608e-02	-4.292200e+00
3.333000e-05	-2.680283e-02	-4.578970e+00
3.334000e-05	1.731413e-01	-4.810947e+00
3.335000e-05	-1.738686e-01	-5.155368e+00
3.336000e-05	1.550674e-01	-5.442159e+00
3.337000e-05	-1.134169e-01	-5.702333e+00
3.338000e-05	1.212309e-02	-5.988951e+00
3.339000e-05	1.169008e-01	-6.178074e+00
3.340000e-05	-9.688338e-02	-6.516411e+00
3.341000e-05	1.534603e-01	-6.736545e+00
3.342000e-05	-1.081412e-01	-7.030127e+00
3.343000e-05	7.384471e-02	-7.365394e+00
3.344000e-05	1.423333e-03	-7.545391e+00
3.345000e-05	-2.268275e-02	-7.924712e+00
3.346000e-05	1.185609e-01	-8.112863e+00
3.347000e-05	-9.064663e-02	-8.345892e+00
3.348000e-05	1.398273e-01	-8.567701e+00
3.349000e-05	-6.925064e-02	-8.890129e+00
3.350000e-05	4.500536e-02	-9.071762e+00
3.351000e-05	1.117176e-02	-9.240836e+00
3.352000e-05	9.271948e-03	-9.553968e+00
3.353000e-05	8.927165e-02	-9.694866e+00
3.354000e-05	-4.036035e-02	-9.954891e+00
3.355000e-05	9.828493e-02	-1.012650e+01
3.356000e-05	-5.243998e-02	-1.038912e+01
3.357000e-05	9.460563e-02	-1.058910e+01
3.358000e-05	-2.419474e-02	-1.077745e+01
3.359000e-05	5.968350e-02	-1.093708e+01
3.360000e-05	1.526121e-02	-1.119852e+01
3.361000e-05	3.798974e-02	-1.138958e+01
3.362000e-05	4.604278e-02	-1.160852e+01
3.363000e-05	6.740484e-03	-1.182713e+01
3.364000e-05	5.893906e-02	-1.200760e+01
3.365000e-05	1.110723e-02	-1.216803e+01
3.366000e-05	7.579757e-02	-1.232757e+01
3.367000e-05	6.513358e-03	-1.248449e+01
3.368000e-05	5.931536e-02	-1.272286e+01
3.369000e-05	1.645339e-02	-1.285010e+01
3.370000e-05	6.257752e-02	-1.299660e+01
3.371000e-05	3.379184e-02	-1.309547e+01
3.372000e-05	5.329633e-02	-1.328389e+01
3.373000e-05	4.502784e-02	-1.338876e+01
3.374000e-05	5.169114e-02	-1.355759e+01
3.375000e-05	5.450899e-02	-1.370489e+01
3.376000e-05	4.156642e-02	-1.383779e+01
3.377000e-05	5.563843e-02	-1.396450e+01
3.378000e-05	5.049619e-02	-1.405242e+01
3.379000e-05	6.737578e-02	-1.417668e+01
3.380000e-05	5.336005e-02	-1.430334e+01
3.381000e-05	6.446732e-02	-1.445011e+01
3.382000e-05	5.632076e-02	-1.450337e+01
3.383000e-05	7.320340e-02	-1.460714e+01
3.384000e-05	6.624884e-02	-1.466229e+01
3.385000e-05	7.377196e-02	-1.472710e+01
3.386000e-05	7.016879e-02	-1.483086e+01
3.387000e-05	7.980876e-02	-1.487542e+01
3.388000e-05	7.655986e-02	-1.492500e+01
3.389000e-05	7.856309e-02	-1.498910e+01
3.390000e-05	8.006596e-02	-1.504041e+01
3.391000e-05	8.830057e-02	-1.512289e+01
3.392000e-05	9.598725e-02	-1.514798e+01
3.393000e-05	9.478423e-02	-1.521968e+01
3.394000e-05	9.808860e-02	-1.520213e+01
3.395000e-05	9.892607e-02	-1.521123e+01
3.396000e-05	1.079440e-01	-1.526261e+01
3.397000e-05	1.090940e-01	-1.526442e+01
3.398000e-05	1.142006e-01	-1.528432e+01
3.399000e-05	1.177776e-01	-1.529389e+01
3.400000e-05	1.263542e-01	-1.529284e+01
3.401000e-05	1.332879e-01	-1.526484e+01
3.402000e-05	1.365441e-01	-1.523334e+01
3.403000e-05	1.447859e-01	-1.525176e+01
3.404000e-05	1.556304e-01	-1.524929e+01
3.405000e-05	1.723829e-01	-1.517011e+01
3.406000e-05	1.856477e-01	-1.511648e+01
3.407000e-05	2.040007e-01	-1.509445e+01
3.408000e-05	2.271558e-01	-1.505337e+01
3.409000e-05	2.488580e-01	-1.501921e+01
3.410000e-05	2.500000e-01	-1.493808e+01
3.411000e-05	2.500000e-01	-1.482297e+01
3.412000e-05	2.500000e-01	-1.481171e+01
3.413000e-05	2.500000e-01	-1.472805e+01
3.414000e-05	2.500000e-01	-1.463242e+01
3.415000e-05	2.500000e-01	-1.457066e+01
3.416000e-05	2.418256e-01	-1.452397e+01
3.417000e-05	2.137450e-01	-1.437016e+01
3.418000e-05	1.904400e-01	-1.427445e+01
3.419000e-05	1.690483e-01	-1.418771e+01
3.420000e-05	1.482925e-01	-1.410387e+01
3.421000e-05	1.316663e-01	-1.394761e+01
3.422000e-05	1.205297e-01	-1.385082e+01
3.423000e-05	1.089073e-01	-1.370640e+01
3.424000e-05	9.810566e-02	-1.357015e+01
3.425000e-05	8.938011e-02	-1.343233e+01
3.426000e-05	8.350106e-02	-1.327450e+01
3.427000e-05	7.945903e-02	-1.318905e+01
3.428000e-05	7.154724e-02	-1.303074e+01
3.429000e-05	6.352351e-02	-1.286389e+01
3.430000e-05	5.853135e-02	-1.270795e+01
3.431000e-05	5.712949e-02	-1.254650e+01
3.432000e-05	5.486503e-02	-1.241913e+01
3.433000e-05	4.996206e-02	-1.223271e+01
3.434000e-05	4.561272e-02	-1.205324e+01
3.435000e-05	4.391317e-02	-1.178090e+01
3.436000e-05	4.156398e-02	-1.165377e+01
3.437000e-05	3.772788e-02	-1.144224e+01
3.438000e-05	3.346849e-02	-1.123231e+01
3.439000e-05	3.341500e-02	-1.103319e+01
3.440000e-05	3.303469e-02	-1.084173e+01
3.441000e-05	3.090448e-02	-1.062326e+01
3.442000e-05	2.716704e-02	-1.046329e+01
3.443000e-05	2.517377e-02	-1.020969e+01
3.444000e-05	2.465277e-02	-9.989115e+00
3.445000e-05	2.499738e-02	-9.800103e+00
3.446000e-05	2.128428e-02	-9.560058e+00
3.447000e-05	2.044421e-02	-9.316502e+00
3.448000e-05	1.916959e-02	-9.104972e+00
3.449000e-05	1.915684e-02	-8.916417e+00
3.450000e-05	1.644125e-02	-8.646366e+00
3.451000e-05	1.418200e-02	-8.401688e+00
3.452000e-05	1.401034e-02	-8.200629e+00
3.453000e-05	1.526084e-02	-7.949104e+00
3.454000e-05	1.408623e-02	-7.675819e+00
3.455000e-05	1.125035e-02	-7.411159e+00
3.456000e-05	9.835676e-03	-7.159105e+00
3.457000e-05	8.790437e-03	-6.905397e+00
3.458000e-05	8.923096e-03	-6.642740e+00
3.459000e-05	5.858825e-03	-6.412085e+00
3.460000e-05	5.908116e-03	-6.159974e+00
3.461000e-05	5.672160e-03	-5.876243e+00
3.462000e-05	5.527122e-03	-5.644183e+00
3.463000e-05	5.767860e-03	-5.327951e+00
3.464000e-05	3.145882e-03	-5.031712e+00
3.465000e-05	2.921853e-03	-4.728849e+00
3.466000e-05	3.919230e-03	-4.453191e+00
3.467000e-05	2.884354e-03	-4.229635e+00
3.468000e-05	8.279849e-04	-3.979578e+00
3.469000e-05	-2.373007e-03	-3.683814e+00
3.470000e-05	-1.649297e-03	-3.402107e+00
3.471000e-05	-2.365561e-03	-3.136969e+00
3.472000e-05	-3.495852e-04	-2.823183e+00
3.473000e-05	-2.925035e-03	-2.550475e+00
3.474000e-05	-1.351545e-03	-2.304895e+00
3.475000e-05	-2.914918e-03	-2.020507e+00
3.476000e-05	-4.372095e-03	-1.748969e+00
3.477000e-05	-6.674457e-03	-1.404635e+00
3.478000e-05	-7.707495e-03	-1.097795e+00
3.479000e-05	-7.180369e-03	-8.226317e-01
3.480000e-05	-5.775690e-03	-5.683936e-01
3.481000e-05	-4.512512e-03	-2.947382e-01
3.482000e-05	-4.607399e-03	-3.160277e-02
3.483000e-05	8.920680e-03	2.932028e-01
3.484000e-05	-1.075428e-03	5.263157e-01
3.485000e-05	4.074689e-03	7.779459e-01
3.486000e-05	-2.732503e-03	1.051259e+00
3.487000e-05	4.776984e-04	1.376387e+00
3.488000e-05	-1.512523e-03	1.650161e+00
3.489000e-05	8.094962e-03	1.903734e+00
3.490000e-05	3.307118e-02	2.115813e+00
3.491000e-05	1.073990e-01	2.450496e+00
3.492000e-05	4.568385e-03	2.759451e+00
3.493000e-05	-4.857145e-02	3.023632e+00
3.494000e-05	-3.327431e-02	3.284789e+00
3.495000e-05	-3.318847e-02	3.631075e+00
3.496000e-05	-6.624981e-02	3.880654e+00
3.497000e-05	-5.769753e-02	4.002500e+00
3.498000e-05	9.734711e-02	4.333787e+00
3.499000e-05	-5.048947e-02	4.609154e+00
3.500000e-05	1.384801e-02	4.800553e+00
3.501000e-05	1.052286e-01	5.174896e+00
3.502000e-05	-1.372481e-01	5.451161e+00
3.503000e-05	6.419466e-02	5.712309e+00
3.504000e-05	-6.094591e-02	5.998579e+00
3.505000e-05	2.979713e-02	6.199704e+00
3.506000e-05	9.151039e-03	6.483844e+00
3.507000e-05	-5.646380e-02	6.748525e+00
3.508000e-05	3.936343e-02	7.011101e+00
3.509000e-05	-5.996871e-02	7.284794e+00
3.510000e-05	2.915910e-02	7.567102e+00
3.511000e-05	-6.770306e-02	7.810759e+00
3.512000e-05	1.645401e-02	8.126423e+00
3.513000e-05	9.064518e-03	8.346974e+00
3.514000e-05	-3.683596e-02	8.527997e+00
3.515000e-05	1.287242e-02	8.788526e+00
3.516000e-05	-6.991777e-02	9.018234e+00
3.517000e-05	4.560011e-03	9.261256e+00
3.518000e-05	-2.301101e-02	9.471263e+00
3.519000e-05	2.253221e-04	9.692441e+00
3.520000e-05	-3.549245e-02	9.936476e+00
3.521000e-05	-1.893001e-02	1.013550e+01
3.522000e-05	-8.673449e-03	1.035550e+01
3.523000e-05	-3.608429e-02	1.049558e+01
3.524000e-05	-2.309024e-02	1.073607e+01
3.525000e-05	-4.478667e-02	1.094658e+01
3.526000e-05	-1.127803e-02	1.116555e+01
3.527000e-05	-2.827253e-02	1.136703e+01
3.528000e-05	-2.700860e-02	1.155702e+01
3.529000e-05	-4.654822e-02	1.176615e+01
3.530000e-05	-3.014421e-02	1.196757e+01
3.531000e-05	-2.645521e-02	1.214555e+01
3.532000e-05	-3.119575e-02	1.229489e+01
3.533000e-05	-4.356737e-02	1.247490e+01
3.534000e-05	-4.713117e-02	1.262024e+01
3.535000e-05	-3.371757e-02	1.277868e+01
3.536000e-05	-4.073919e-02	1.288505e+01
3.537000e-05	-4.501837e-02	1.306296e+01
3.538000e-05	-5.405947e-02	1.324129e+01
3.539000e-05	-3.766494e-02	1.334758e+01
3.540000e-05	-4.394187e-02	1.353405e+01
3.541000e-05	-5.037964e-02	1.363279e+01
3.542000e-05	-6.570589e-02	1.376761e+01
3.543000e-05	-5.733812e-02	1.390252e+01
3.544000e-05	-5.287233e-02	1.402036e+01
3.545000e-05	-5.454788e-02	1.415710e+01
3.546000e-05	-6.475442e-02	1.422300e+01
3.547000e-05	-6.906665e-02	1.432766e+01
3.548000e-05	-6.024599e-02	1.449147e+01
3.549000e-05	-6.625266e-02	1.450903e+01
3.550000e-05	-7.101314e-02	1.464179e+01
3.551000e-05	-8.212406e-02	1.471698e+01
3.552000e-05	-7.405093e-02	1.478818e+01
3.553000e-05	-7.482048e-02	1.481284e+01
3.554000e-05	-8.176157e-02	1.487355e+01
3.555000e-05	-9.468416e-02	1.491663e+01
3.556000e-05	-9.502780e-02	1.494873e+01
3.557000e-05	-8.814116e-02	1.501334e+01
3.558000e-05	-9.275005e-02	1.506390e+01
3.559000e-05	-1.008184e-01	1.513718e+01
3.560000e-05	-1.086253e-01	1.511713e+01
3.561000e-05	-1.053651e-01	1.519915e+01
3.562000e-05	-1.099529e-01	1.517869e+01
3.563000e-05	-1.193145e-01	1.521071e+01
3.564000e-05	-1.283482e-01	1.522032e+01
3.565000e-05	-1.283029e-01	1.518076e+01
3.566000e-05	-1.289606e-01	1.519921e+01
3.567000e-05	-1.379046e-01	1.517923e+01
3.568000e-05	-1.515388e-01	1.516883e+01
3.569000e-05	-1.610998e-01	1.514816e+01
3.570000e-05	-1.665044e-01	1.512713e+01
3.571000e-05	-1.790180e-01	1.507850e+01
3.572000e-05	-1.999281e-01	1.503385e+01
3.573000e-05	-2.250989e-01	1.500232e+01
3.574000e-05	-2.444818e-01	1.496861e+01
3.575000e-05	-2.499992e-01	1.491560e+01
3.576000e-05	-2.500000e-01	1.482489e+01
3.577000e-05	-2.500000e-01	1.482079e+01
3.578000e-05	-2.500000e-01	1.473913e+01
3.579000e-05	-2.500000e-01	1.466345e+01
3.580000e-05	-2.500000e-01	1.457868e+01
3.581000e-05	-2.500000e-01	1.449443e+01
3.582000e-05	-2.436517e-01	1.441027e+01
3.583000e-05	-2.131212e-01	1.430705e+01
3.584000e-05	-1.872739e-01	1.419081e+01
3.585000e-05	-1.684799e-01	1.405500e+01
3.586000e-05	-1.552517e-01	1.395821e+01
3.587000e-05	-1.391544e-01	1.384242e+01
3.588000e-05	-1.228560e-01	1.369548e+01
3.589000e-05	-1.150348e-01	1.355971e+01
3.590000e-05	-1.082828e-01	1.341432e+01
3.591000e-05	-1.016494e-01	1.332556e+01
3.592000e-05	-8.986028e-02	1.319116e+01
3.593000e-05	-8.384657e-02	1.304287e+01
3.594000e-05	-8.091682e-02	1.288555e+01
3.595000e-05	-7.863503e-02	1.274658e+01
3.596000e-05	-7.133000e-02	1.258918e+01
3.597000e-05	-6.588140e-02	1.243427e+01
3.598000e-05	-6.300032e-02	1.226395e+01
3.599000e-05	-6.323558e-02	1.210497e+01
3.600000e-05	-5.771669e-02	1.190605e+01
3.601000e-05	-5.449190e-02	1.172853e+01
3.602000e-05	-5.061295e-02	1.148856e+01
3.603000e-05	-5.401925e-02	1.128650e+01
3.604000e-05	-5.116806e-02	1.113603e+01
3.605000e-05	-4.701695e-02	1.092603e+01
3.606000e-05	-4.220203e-02	1.074808e+01
3.607000e-05	-4.258184e-02	1.049543e+01
3.608000e-05	-4.378845e-02	1.029650e+01
3.609000e-05	-4.135240e-02	1.009595e+01
3.610000e-05	-3.715447e-02	9.865398e+00
3.611000e-05	-3.746255e-02	9.645293e+00
3.612000e-05	-3.840088e-02	9.422213e+00
3.613000e-05	-3.608872e-02	9.252312e+00
3.614000e-05	-3.361455e-02	9.021215e+00
3.615000e-05	-3.117381e-02	8.789032e+00
3.616000e-05	-3.368785e-02	8.566378e+00
3.617000e-05	-3.331641e-02	8.317451e+00
3.618000e-05	-2.984820e-02	8.104492e+00
3.619000e-05	-2.780574e-02	7.813191e+00
3.620000e-05	-2.747702e-02	7.581510e+00
3.621000e-05	-2.895212e-02	7.316305e+00
3.622000e-05	-2.826182e-02	7.003215e+00
3.623000e-05	-2.605543e-02	6.810586e+00
3.624000e-05	-2.543756e-02	6.465880e+00
3.625000e-05	-2.627972e-02	6.244265e+00
3.626000e-05	-2.512708e-02	6.041212e+00
3.627000e-05	-2.212312e-02	5.738207e+00
3.628000e-05	-2.060565e-02	5.475873e+00
3.629000e-05	-2.181671e-02	5.213713e+00
3.630000e-05	-2.279237e-02	4.895278e+00
3.631000e-05	-2.174076e-02	4.602110e+00
3.632000e-05	-1.995226e-02	4.410981e+00
3.633000e-05	-2.006849e-02	4.062696e+00
3.634000e-05	-2.065627e-02	3.811109e+00
3.635000e-05	-1.943798e-02	3.529025e+00
3.636000e-05	-1.680142e-02	3.294694e+00
3.637000e-05	-1.596558e-02	2.989504e+00
3.638000e-05	-1.750710e-02	2.707425e+00
3.639000e-05	-1.841935e-02	2.380584e+00
3.640000e-05	-1.635768e-02	2.127903e+00
3.641000e-05	-1.452556e-02	1.887217e+00
3.642000e-05	-1.358540e-02	1.602556e+00
3.643000e-05	-1.540861e-02	1.276318e+00
3.644000e-05	-1.384028e-02	9.089851e-01
3.645000e-05	-1.285426e-02	6.867667e-01
3.646000e-05	-1.051438e-02	3.901090e-01
3.647000e-05	-1.034090e-02	6.732000e-02
3.648000e-05	-6.778506e-03	-1.748382e-01
3.649000e-05	6.162928e-03	-3.884736e-01
3.650000e-05	-2.913109e-03	-7.242293e-01
3.651000e-05	3.244155e-03	-9.473382e-01
3.652000e-05	-3.810864e-03	-1.199024e+00
3.653000e-05	2.285432e-03	-1.534364e+00
3.654000e-05	8.389541e-04	-1.756367e+00
3.655000e-05	3.399425e-02	-1.977945e+00
3.656000e-05	1.140199e-01	-2.261146e+00
3.657000e-05	3.536742e-02	-2.620544e+00
3.658000e-05	-4.859752e-02	-3.040545e+00
3.659000e-05	-6.218720e-03	-3.315836e+00
3.660000e-05	-4.597713e-02	-3.556387e+00
3.661000e-05	-7.547288e-02	-3.725965e+00
3.662000e-05	9.811986e-03	-3.956493e+00
3.663000e-05	1.312232e-01	-4.124866e+00
3.664000e-05	-1.646185e-01	-4.472129e+00
3.665000e-05	1.987775e-01	-4.723269e+00
3.666000e-05	-8.455205e-02	-5.015911e+00
3.667000e-05	8.704256e-03	-5.377495e+00
3.668000e-05	6.745314e-02	-5.607399e+00
3.669000e-05	-1.519677e-01	-5.902810e+00
3.670000e-05	1.878413e-01	-6.102317e+00
3.671000e-05	-9.272512e-02	-6.419048e+00
3.672000e-05	8.926072e-02	-6.711762e+00
3.673000e-05	1.102137e-02	-6.935416e+00
3.674000e-05	-5.432759e-02	-7.240583e+00
3.675000e-05	1.107910e-01	-7.481780e+00
3.676000e-05	-1.041275e-01	-7.744343e+00
3.677000e-05	1.377036e-01	-8.050102e+00
3.678000e-05	-5.064940e-02	-8.240604e+00
3.679000e-05	5.605581e-02	-8.503867e+00
3.680000e-05	4.998694e-02	-8.753390e+00
3.681000e-05	-6.455057e-02	-8.988520e+00
3.682000e-05	9.557618e-02	-9.166947e+00
3.683000e-05	-6.392682e-02	-9.408149e+00
3.684000e-05	1.257602e-01	-9.633180e+00
3.685000e-05	-4.164267e-02	-9.850786e+00
3.686000e-05	7.631510e-02	-1.003326e+01
3.687000e-05	-5.806631e-03	-1.029176e+01
3.688000e-05	3.146337e-02	-1.050397e+01
3.689000e-05	4.532978e-02	-1.068277e+01
3.690000e-05	-9.196827e-03	-1.087439e+01
3.691000e-05	7.336644e-02	-1.108282e+01
3.692000e-05	-1.403019e-02	-1.132545e+01
3.693000e-05	8.574512e-02	-1.149434e+01
3.694000e-05	-1.513544e-02	-1.171495e+01
3.695000e-05	6.779144e-02	-1.188387e+01
3.696000e-05	7.128994e-03	-1.210532e+01
3.697000e-05	6.755177e-02	-1.229174e+01
3.698000e-05	2.626325e-02	-1.246268e+01
3.699000e-05	3.764740e-02	-1.263968e+01
3.700000e-05	3.779162e-02	-1.278855e+01
3.701000e-05	3.593256e-02	-1.291547e+01
3.702000e-05	5.790889e-02	-1.307331e+01
3.703000e-05	3.145844e-02	-1.320973e+01
3.704000e-05	6.312436e-02	-1.336658e+01
3.705000e-05	3.469200e-02	-1.351294e+01
3.706000e-05	6.692470e-02	-1.365968e+01
3.707000e-05	3.465247e-02	-1.376805e+01
3.708000e-05	5.736530e-02	-1.389339e+01
3.709000e-05	4.435166e-02	-1.403920e+01
3.710000e-05	6.813709e-02	-1.413452e+01
3.711000e-05	5.677313e-02	-1.423976e+01
3.712000e-05	6.278653e-02	-1.436860e+01
3.713000e-05	5.787326e-02	-1.446374e+01
3.714000e-05	6.729637e-02	-1.458815e+01
3.715000e-05	7.095422e-02	-1.463116e+01
3.716000e-05	6.887075e-02	-1.470750e+01
3.717000e-05	7.263382e-02	-1.476765e+01
3.718000e-05	7.204688e-02	-1.485236e+01
3.719000e-05	8.222765e-02	-1.490492e+01
3.720000e-05	7.466322e-02	-1.497808e+01
3.721000e-05	8.288726e-02	-1.505931e+01
3.722000e-05	8.214609e-02	-1.503039e+01
3.723000e-05	9.728708e-02	-1.513603e+01
3.724000e-05	9.346846e-02	-1.517898e+01
3.725000e-05	9.798737e-02	-1.518868e+01
3.726000e-05	9.557338e-02	-1.520071e+01
3.727000e-05	1.043112e-01	-1.527234e+01
3.728000e-05	1.086357e-01	-1.527482e+01
3.729000e-05	1.125657e-01	-1.526340e+01
3.730000e-05	1.172889e-01	-1.529327e+01
3.731000e-05	1.234532e-01	-1.531289e+01
3.732000e-05	1.326955e-01	-1.531537e+01
3.733000e-05	1.354229e-01	-1.528342e+01
3.734000e-05	1.403260e-01	-1.527174e+01
3.735000e-05	1.490424e-01	-1.520976e+01
3.736000e-05	1.651337e-01	-1.521168e+01
3.737000e-05	1.801569e-01	-1.515648e+01
3.738000e-05	1.957162e-01	-1.512595e+01
3.739000e-05	2.177074e-01	-1.504187e+01
3.740000e-05	2.426554e-01	-1.503069e+01
3.741000e-05	2.499990e-01	-1.495710e+01
3.742000e-05	2.500000e-01	-1.491543e+01
3.743000e-05	2.500000e-01	-1.486929e+01
3.744000e-05	2.500000e-01	-1.478915e+01
3.745000e-05	2.500000e-01	-1.469487e+01
3.746000e-05	2.500000e-01	-1.462221e+01
3.747000e-05	2.476832e-01	-1.453603e+01
3.748000e-05	2.255365e-01	-1.447319e+01
3.749000e-05	1.995644e-01	-1.432803e+01
3.750000e-05	1.778414e-01	-1.425186e+01
3.751000e-05	1.567724e-01	-1.411502e+01
3.752000e-05	1.398050e-01	-1.399219e+01
3.753000e-05	1.245347e-01	-1.387340e+01
3.754000e-05	1.141947e-01	-1.373558e+01
3.755000e-05	1.024569e-01	-1.363276e+01
3.756000e-05	9.228882e-02	-1.348335e+01
3.757000e-05	8.530380e-02	-1.333760e+01
3.758000e-05	8.095759e-02	-1.318161e+01
3.759000e-05	7.569556e-02	-1.305336e+01
3.760000e-05	6.691474e-02	-1.290550e+01
3.761000e-05	6.119432e-02	-1.275963e+01
3.762000e-05	5.831592e-02	-1.262076e+01
3.763000e-05	5.632813e-02	-1.245339e+01
3.764000e-05	5.163690e-02	-1.228492e+01
3.765000e-05	4.620716e-02	-1.212605e+01
3.766000e-05	4.452503e-02	-1.187456e+01
3.767000e-05	4.173135e-02	-1.172650e+01
3.768000e-05	3.962074e-02	-1.153608e+01
3.769000e-05	3.454553e-02	-1.128635e+01
3.770000e-05	3.452000e-02	-1.108532e+01
3.771000e-05	3.397424e-02	-1.087582e+01
3.772000e-05	3.232377e-02	-1.067647e+01
3.773000e-05	2.947492e-02	-1.053592e+01
3.774000e-05	2.634133e-02	-1.032542e+01
3.775000e-05	2.470282e-02	-1.000540e+01
3.776000e-05	2.427642e-02	-9.874767e+00
3.777000e-05	2.280660e-02	-9.674242e+00
3.778000e-05	2.132282e-02	-9.453713e+00
3.779000e-05	1.987842e-02	-9.212160e+00
3.780000e-05	2.028049e-02	-9.000609e+00
3.781000e-05	1.790703e-02	-8.769080e+00
3.782000e-05	1.551407e-02	-8.518398e+00
3.783000e-05	1.366473e-02	-8.284839e+00
3.784000e-05	1.461174e-02	-8.092788e+00
3.785000e-05	1.272377e-02	-7.790610e+00
3.786000e-05	1.247961e-02	-7.516949e+00
3.787000e-05	1.073567e-02	-7.264293e+00
3.788000e-05	1.000684e-02	-7.062110e+00
3.789000e-05	8.935698e-03	-6.748980e+00
3.790000e-05	8.239207e-03	-6.496844e+00
3.791000e-05	7.789601e-03	-6.264214e+00
3.792000e-05	6.308497e-03	-5.990055e+00
3.793000e-05	4.153194e-03	-5.718376e+00
3.794000e-05	5.016317e-03	-5.442263e+00
3.795000e-05	3.320951e-03	-5.139026e+00
3.796000e-05	2.647294e-03	-4.804640e+00
3.797000e-05	1.844970e-03	-4.557926e+00
3.798000e-05	1.848482e-03	-4.317900e+00
3.799000e-05	2.766279e-03	-4.076234e+00
3.800000e-05	6.198333e-05	-3.800082e+00
3.801000e-05	-1.196997e-03	-3.517296e+00
3.802000e-05	-3.130639e-03	-3.233211e+00
3.803000e-05	-2.016001e-03	-2.889978e+00
3.804000e-05	-3.222817e-03	-2.685786e+00
3.805000e-05	-2.595231e-03	-2.420580e+00
3.806000e-05	-3.972320e-03	-2.156888e+00
3.807000e-05	-4.034830e-03	-1.853611e+00
3.808000e-05	-4.611237e-03	-1.588452e+00
3.809000e-05	-5.069777e-03	-1.263184e+00
3.810000e-05	-7.374655e-03	-9.883748e-01
3.811000e-05	-6.575741e-03	-6.657932e-01
3.812000e-05	-6.742521e-03	-3.878763e-01
3.813000e-05	-4.722499e-03	-7.729092e-02
3.814000e-05	1.327890e-03	2.062907e-01
3.815000e-05	5.289902e-03	4.915541e-01
3.816000e-05	-1.161437e-03	6.832104e-01
3.817000e-05	4.074460e-03	9.342907e-01
3.818000e-05	-3.294409e-03	1.241106e+00
3.819000e-05	9.880862e-04	1.515884e+00
3.820000e-05	-1.601460e-03	1.819628e+00
3.821000e-05	2.172540e-02	2.040576e+00
3.822000e-05	7.546726e-02	2.263702e+00
3.823000e-05	7.675866e-02	2.598576e+00
3.824000e-05	-6.270846e-02	2.924789e+00
3.825000e-05	-2.465197e-02	3.209074e+00
3.826000e-05	-4.226057e-02	3.514818e+00
3.827000e-05	-3.434853e-02	3.725443e+00
3.828000e-05	-8.995076e-02	3.945944e+00
3.829000e-05	3.568947e-02	4.138072e+00
3.830000e-05	6.045836e-02	4.473864e+00
3.831000e-05	-1.042423e-01	4.726389e+00
3.832000e-05	1.688825e-01	4.989051e+00
3.833000e-05	-1.050074e-01	5.346471e+00
3.834000e-05	-4.581986e-05	5.579974e+00
3.835000e-05	4.706275e-03	5.904266e+00
3.836000e-05	-4.055478e-02	6.126893e+00
3.837000e-05	6.082955e-02	6.348449e+00
3.838000e-05	-6.965513e-02	6.692187e+00
3.839000e-05	2.724491e-02	6.895922e+00
3.840000e-05	-3.302781e-02	7.139076e+00
3.841000e-05	-5.050565e-03	7.431255e+00
3.842000e-05	-1.877140e-02	7.685945e+00
3.843000e-05	-4.013160e-02	8.039158e+00
3.844000e-05	3.951988e-02	8.272310e+00
3.845000e-05	-3.755297e-02	8.442738e+00
3.846000e-05	3.140422e-03	8.681287e+00
3.847000e-05	-3.416793e-02	8.904445e+00
3.848000e-05	-4.462658e-02	9.167950e+00
3.849000e-05	1.011275e-02	9.386600e+00
3.850000e-05	-2.744234e-02	9.579054e+00
3.851000e-05	-3.895653e-03	9.830756e+00
3.852000e-05	-4.464080e-02	1.001274e+01
3.853000e-05	2.976540e-03	1.023121e+01
3.854000e-05	-3.130199e-02	1.040341e+01
3.855000e-05	-2.885972e-02	1.067184e+01
3.856000e-05	-3.472886e-02	1.087489e+01
3.857000e-05	-3.259354e-02	1.106184e+01
3.858000e-05	-8.252667e-03	1.127386e+01
3.859000e-05	-3.808326e-02	1.146046e+01
3.860000e-05	-3.135698e-02	1.168447e+01
3.861000e-05	-4.639122e-02	1.190434e+01
3.862000e-05	-1.845145e-02	1.202374e+01
3.863000e-05	-3.216079e-02	1.222823e+01
3.864000e-05	-3.701259e-02	1.238176e+01
3.865000e-05	-4.827885e-02	1.257803e+01
3.866000e-05	-4.007133e-02	1.272594e+01
3.867000e-05	-3.252235e-02	1.283542e+01
3.868000e-05	-4.729305e-02	1.301873e+01
3.869000e-05	-4.928195e-02	1.315908e+01
3.870000e-05	-4.861063e-02	1.330442e+01
3.871000e-05	-3.627708e-02	1.345129e+01
3.872000e-05	-4.817248e-02	1.356765e+01
3.873000e-05	-5.942046e-02	1.368450e+01
3.874000e-05	-6.291903e-02	1.382031e+01
3.875000e-05	-5.340783e-02	1.398861e+01
3.876000e-05	-5.275842e-02	1.406497e+01
3.877000e-05	-6.274297e-02	1.421079e+01
3.878000e-05	-6.928778e-02	1.431660e+01
3.879000e-05	-6.399492e-02	1.446181e+01
3.880000e-05	-6.005606e-02	1.453249e+01
3.881000e-05	-6.887318e-02	1.463166e+01
3.882000e-05	-7.827311e-02	1.468339e+01
3.883000e-05	-7.804550e-02	1.477960e+01
3.884000e-05	-7.479046e-02	1.480924e+01
3.885000e-05	-7.886537e-02	1.487435e+01
3.886000e-05	-9.025876e-02	1.490557e+01
3.887000e-05	-9.550546e-02	1.494918e+01
3.888000e-05	-9.109077e-02	1.501129e+01
3.889000e-05	-8.970962e-02	1.507342e+01
3.890000e-05	-9.773183e-02	1.508543e+01
3.891000e-05	-1.064127e-01	1.515703e+01
3.892000e-05	-1.067463e-01	1.514071e+01
3.893000e-05	-1.069402e-01	1.519063e+01
3.894000e-05	-1.140718e-01	1.517916e+01
3.895000e-05	-1.252508e-01	1.522081e+01
3.896000e-05	-1.295076e-01	1.520984e+01
3.897000e-05	-1.285237e-01	1.518024e+01
3.898000e-05	-1.331459e-01	1.520927e+01
3.899000e-05	-1.464471e-01	1.512871e+01
3.900000e-05	-1.577726e-01	1.515921e+01
3.901000e-05	-1.629371e-01	1.510808e+01
3.902000e-05	-1.729674e-01	1.506611e+01
3.903000e-05	-1.900568e-01	1.507450e+01
3.904000e-05	-2.156015e-01	1.503237e+01
3.905000e-05	-2.374446e-01	1.500131e+01
3.906000e-05	-2.496447e-01	1.492865e+01
3.907000e-05	-2.500000e-01	1.487453e+01
3.908000e-05	-2.500000e-01	1.480334e+01
3.909000e-05	-2.500000e-01	1.477821e+01
3.910000e-05	-2.500000e-01	1.468648e+01
3.911000e-05	-2.500000e-01	1.462077e+01
3.912000e-05	-2.500000e-01	1.453695e+01
3.913000e-05	-2.480886e-01	1.445287e+01
3.914000e-05	-2.247907e-01	1.435914e+01
3.915000e-05	-1.966353e-01	1.427137e+01
3.916000e-05	-1.743890e-01	1.416761e+01
3.917000e-05	-1.627148e-01	1.403329e+01
3.918000e-05	-1.458425e-01	1.391453e+01
3.919000e-05	-1.303762e-01	1.374869e+01
3.920000e-05	-1.152039e-01	1.364235e+01
3.921000e-05	-1.111657e-01	1.350798e+01
3.922000e-05	-1.031888e-01	1.337924e+01
3.923000e-05	-9.583845e-02	1.323432e+01
3.924000e-05	-8.430965e-02	1.307648e+01
3.925000e-05	-8.282276e-02	1.294811e+01
3.926000e-05	-7.892035e-02	1.276974e+01
3.927000e-05	-7.597850e-02	1.260332e+01
3.928000e-05	-6.682858e-02	1.248548e+01
3.929000e-05	-6.258465e-02	1.232843e+01
3.930000e-05	-6.252989e-02	1.216963e+01
3.931000e-05	-6.077853e-02	1.198169e+01
3.932000e-05	-5.572433e-02	1.179119e+01
3.933000e-05	-5.276432e-02	1.160019e+01
3.934000e-05	-5.253804e-02	1.139172e+01
3.935000e-05	-5.244182e-02	1.120067e+01
3.936000e-05	-4.823492e-02	1.099216e+01
3.937000e-05	-4.040679e-02	1.080169e+01
3.938000e-05	-4.195266e-02	1.060224e+01
3.939000e-05	-4.142967e-02	1.040217e+01
3.940000e-05	-4.556728e-02	1.018019e+01
3.941000e-05	-4.033142e-02	9.969084e+00
3.942000e-05	-3.947612e-02	9.709005e+00
3.943000e-05	-3.773584e-02	9.514975e+00
3.944000e-05	-3.611446e-02	9.294425e+00
3.945000e-05	-3.347526e-02	9.086450e+00
3.946000e-05	-2.888206e-02	8.854817e+00
3.947000e-05	-3.222681e-02	8.632211e+00
3.948000e-05	-3.424528e-02	8.391662e+00
3.949000e-05	-3.423034e-02	8.128558e+00
3.950000e-05	-3.040836e-02	7.878531e+00
3.951000e-05	-2.901545e-02	7.663298e+00
3.952000e-05	-2.787605e-02	7.392687e+00
3.953000e-05	-2.744041e-02	7.137505e+00
3.954000e-05	-2.491551e-02	6.886425e+00
3.955000e-05	-2.378120e-02	6.613769e+00
3.956000e-05	-2.500736e-02	6.328579e+00
3.957000e-05	-2.740512e-02	6.098475e+00
3.958000e-05	-2.518025e-02	5.885868e+00
3.959000e-05	-2.307879e-02	5.562136e+00
3.960000e-05	-2.248471e-02	5.319477e+00
3.961000e-05	-2.229721e-02	5.004189e+00
3.962000e-05	-2.177110e-02	4.705946e+00
3.963000e-05	-1.890653e-02	4.455268e+00
3.964000e-05	-1.910470e-02	4.119209e+00
3.965000e-05	-1.984507e-02	3.885897e+00
3.966000e-05	-2.115087e-02	3.632188e+00
3.967000e-05	-1.878563e-02	3.339507e+00
3.968000e-05	-1.793903e-02	3.084892e+00
3.969000e-05	-1.608587e-02	2.823158e+00
3.970000e-05	-1.832372e-02	2.557900e+00
3.971000e-05	-1.635477e-02	2.233189e+00
3.972000e-05	-1.470844e-02	1.990053e+00
3.973000e-05	-1.393226e-02	1.665842e+00
3.974000e-05	-1.468160e-02	1.422134e+00
3.975000e-05	-1.422112e-02	1.097395e+00
3.976000e-05	-1.258632e-02	7.300241e-01
3.977000e-05	-1.110814e-02	4.979169e-01
3.978000e-05	-1.139161e-02	2.136392e-01
3.979000e-05	-9.001731e-03	-4.112902e-02
3.980000e-05	1.797030e-05	-3.047595e-01
3.981000e-05	2.773448e-03	-5.987683e-01
3.982000e-05	-1.723904e-03	-8.526040e-01
3.983000e-05	1.498581e-03	-1.105207e+00
3.984000e-05	-1.804405e-03	-1.458042e+00
3.985000e-05	1.693261e-03	-1.670681e+00
3.986000e-05	1.366865e-02	-1.904058e+00
3.987000e-05	7.490072e-02	-2.124335e+00
3.988000e-05	1.131928e-01	-2.492603e+00
3.989000e-05	-5.865893e-02	-2.850131e+00
3.990000e-05	1.331459e-04	-3.260575e+00
3.991000e-05	-5.038223e-02	-3.452658e+00
3.992000e-05	-4.212758e-02	-3.632205e+00
3.993000e-05	-8.746211e-02	-3.934234e+00
3.994000e-05	1.716507e-01	-4.073130e+00
3.995000e-05	-1.095140e-01	-4.352862e+00
3.996000e-05	6.819205e-02	-4.630581e+00
3.997000e-05	1.066404e-01	-4.841629e+00
3.998000e-05	-1.539752e-01	-5.209021e+00
3.999000e-05	1.673173e-01	-5.504314e+00
4.000000e-05	-1.656372e-01	-5.778015e+00
4.001000e-05	9.683500e-02	-6.031729e+00
4.002000e-05	4.617936e-02	-6.259657e+00
4.003000e-05	-4.952933e-02	-6.598973e+00
4.004000e-05	1.331675e-01	-6.799573e+00
4.005000e-05	-1.225577e-01	-7.124767e+00
4.006000e-05	1.140136e-01	-7.367946e+00
4.007000e-05	-5.401338e-02	-7.596595e+00
4.008000e-05	3.776970e-02	-7.956389e+00
4.009000e-05	7.253033e-02	-8.114917e+00
4.010000e-05	-6.282253e-02	-8.377571e+00
4.011000e-05	1.381307e-01	-8.620653e+00
4.012000e-05	-9.877396e-02	-8.882235e+00
4.013000e-05	8.448863e-02	-9.124341e+00
4.014000e-05	-3.073552e-02	-9.293868e+00
4.015000e-05	5.917417e-02	-9.588047e+00
4.016000e-05	4.636835e-02	-9.755992e+00
4.017000e-05	-8.316009e-03	-9.988471e+00
4.018000e-05	7.445694e-02	-1.017658e+01
4.019000e-05	-4.273028e-02	-1.048125e+01
4.020000e-05	9.598322e-02	-1.064113e+01
4.021000e-05	-3.785129e-02	-1.083013e+01
4.022000e-05	8.109459e-02	-1.100871e+01
4.023000e-05	-6.462545e-03	-1.120169e+01
4.024000e-05	6.538788e-02	-1.145269e+01
4.025000e-05	1.868504e-02	-1.162931e+01
4.026000e-05	2.779376e-02	-1.184073e+01
4.027000e-05	4.030345e-02	-1.201213e+01
4.028000e-05	2.617257e-02	-1.223913e+01
4.029000e-05	6.527604e-02	-1.235762e+01
4.030000e-05	1.083894e-02	-1.253657e+01
4.031000e-05	5.826368e-02	-1.273294e+01
4.032000e-05	1.612086e-02	-1.289331e+01
4.033000e-05	6.769112e-02	-1.301915e+01
4.034000e-05	2.719119e-02	-1.314899e+01
4.035000e-05	5.989262e-02	-1.331395e+01
4.036000e-05	3.805172e-02	-1.341921e+01
4.037000e-05	5.903650e-02	-1.357963e+01
4.038000e-05	4.640380e-02	-1.372540e+01
4.039000e-05	4.604855e-02	-1.384024e+01
4.040000e-05	4.955791e-02	-1.395807e+01
4.041000e-05	5.522489e-02	-1.406182e+01
4.042000e-05	6.687614e-02	-1.423971e+01
4.043000e-05	5.599075e-02	-1.434394e+01
4.044000e-05	6.400475e-02	-1.438979e+01
4.045000e-05	5.785170e-02	-1.451602e+01
4.046000e-05	7.567331e-02	-1.461816e+01
4.047000e-05	6.468352e-02	-1.467289e+01
4.048000e-05	7.379681e-02	-1.474710e+01
4.049000e-05	6.746598e-02	-1.483021e+01
4.050000e-05	8.154577e-02	-1.490490e+01
4.051000e-05	7.546255e-02	-1.495765e+01
4.052000e-05	8.127951e-02	-1.500883e+01
4.053000e-05	8.041603e-02	-1.506187e+01
4.054000e-05	9.189959e-02	-1.513242e+01
4.055000e-05	9.732548e-02	-1.514810e+01
4.056000e-05	9.614212e-02	-1.516968e+01
4.057000e-05	9.644250e-02	-1.520969e+01
4.058000e-05	9.795914e-02	-1.526076e+01
4.059000e-05	1.082713e-01	-1.524232e+01
4.060000e-05	1.100703e-01	-1.528277e+01
4.061000e-05	1.165153e-01	-1.529349e+01
4.062000e-05	1.197111e-01	-1.529292e+01
4.063000e-05	1.305377e-01	-1.531341e+01
4.064000e-05	1.346377e-01	-1.526342e+01
4.065000e-05	1.377500e-01	-1.523132e+01
4.066000e-05	1.454187e-01	-1.525024e+01
4.067000e-05	1.575872e-01	-1.519069e+01
4.068000e-05	1.748772e-01	-1.515760e+01
4.069000e-05	1.889124e-01	-1.511705e+01
4.070000e-05	2.074852e-01	-1.509342e+01
4.071000e-05	2.321852e-01	-1.506031e+01
4.072000e-05	2.496406e-01	-1.496914e+01
4.073000e-05	2.500000e-01	-1.493600e+01
4.074000e-05	2.500000e-01	-1.484337e+01
4.075000e-05	2.500000e-01	-1.476071e+01
4.076000e-05	2.500000e-01	-1.469700e+01
4.077000e-05	2.500000e-01	-1.462381e+01
4.078000e-05	2.500000e-01	-1.458913e+01
4.079000e-05	2.369559e-01	-1.446497e+01
4.080000e-05	2.084109e-01	-1.438961e+01
4.081000e-05	1.868627e-01	-1.426444e+01
4.082000e-05	1.648670e-01	-1.414658e+01
4.083000e-05	1.461232e-01	-1.407234e+01
4.084000e-05	1.292707e-01	-1.393855e+01
4.085000e-05	1.180957e-01	-1.381176e+01
4.086000e-05	1.069201e-01	-1.368389e+01
4.087000e-05	9.663457e-02	-1.355901e+01
4.088000e-05	8.651366e-02	-1.338024e+01
4.089000e-05	8.302912e-02	-1.326382e+01
4.090000e-05	7.735688e-02	-1.311803e+01
4.091000e-05	7.075427e-02	-1.296913e+01
4.092000e-05	6.351616e-02	-1.282327e+01
4.093000e-05	6.000269e-02	-1.264543e+01
4.094000e-05	5.705632e-02	-1.251642e+01
4.095000e-05	5.371391e-02	-1.235011e+01
4.096000e-05	4.871478e-02	-1.217115e+01
4.097000e-05	4.448787e-02	-1.202219e+01
4.098000e-05	4.268358e-02	-1.182979e+01
4.099000e-05	4.021813e-02	-1.163121e+01
4.100000e-05	3.721478e-02	-1.137964e+01
4.101000e-05	3.340856e-02	-1.120071e+01
4.102000e-05	3.416833e-02	-1.095958e+01
4.103000e-05	3.200265e-02	-1.077008e+01
4.104000e-05	3.199044e-02	-1.059016e+01
4.105000e-05	2.696882e-02	-1.040323e+01
4.106000e-05	2.575759e-02	-1.015758e+01
4.107000e-05	2.463344e-02	-9.910102e+00
4.108000e-05	2.417920e-02	-9.778552e+00
4.109000e-05	2.091186e-02	-9.537030e+00
4.110000e-05	1.932977e-02	-9.315847e+00
4.111000e-05	1.939650e-02	-9.084843e+00
4.112000e-05	1.969757e-02	-8.863243e+00
4.113000e-05	1.754319e-02	-8.643187e+00
4.114000e-05	1.445495e-02	-8.369610e+00
4.115000e-05	1.297734e-02	-8.129027e+00
4.116000e-05	1.435484e-02	-7.906923e+00
4.117000e-05	1.269929e-02	-7.622142e+00
4.118000e-05	1.137326e-02	-7.380505e+00
4.119000e-05	1.028105e-02	-7.117398e+00
4.120000e-05	8.969475e-03	-6.825213e+00
4.121000e-05	8.933177e-03	-6.621038e+00
4.122000e-05	7.585818e-03	-6.367556e+00
4.123000e-05	7.416157e-03	-6.095847e+00
4.124000e-05	5.346535e-03	-5.833687e+00
4.125000e-05	5.761579e-03	-5.548551e+00
4.126000e-05	3.606397e-03	-5.325787e+00
4.127000e-05	3.087404e-03	-4.991580e+00
4.128000e-05	1.566047e-03	-4.672690e+00
4.129000e-05	3.245643e-03	-4.442105e+00
4.130000e-05	1.368893e-03	-4.180056e+00
4.131000e-05	1.502633e-03	-3.936947e+00
4.132000e-05	-1.359447e-03	-3.583181e+00
4.133000e-05	-6.771430e-04	-3.369028e+00
4.134000e-05	-3.443566e-03	-3.075867e+00
4.135000e-05	-2.271798e-03	-2.779502e+00
4.136000e-05	-3.028493e-03	-2.518347e+00
4.137000e-05	-2.238868e-03	-2.223736e+00
4.138000e-05	-2.727544e-03	-1.958974e+00
4.139000e-05	-5.450848e-03	-1.685792e+00
4.140000e-05	-5.084223e-03	-1.381080e+00
4.141000e-05	-7.076633e-03	-1.073111e+00
4.142000e-05	-6.025485e-03	-8.200303e-01
4.143000e-05	-7.343284e-03	-4.852896e-01
4.144000e-05	-5.386620e-03	-2.315827e-01
4.145000e-05	-2.948640e-03	1.152881e-02
4.146000e-05	9.221848e-03	3.153708e-01
4.147000e-05	-2.120486e-03	5.879421e-01
4.148000e-05	5.089454e-03	8.290013e-01
4.149000e-05	-3.977227e-03	1.115416e+00
4.150000e-05	2.086125e-03	1.367898e+00
4.151000e-05	-2.829004e-03	1.766763e+00
4.152000e-05	1.182207e-02	1.927316e+00
4.153000e-05	4.325852e-02	2.156918e+00
4.154000e-05	1.106594e-01	2.450606e+00
4.155000e-05	-2.770409e-02	2.810101e+00
4.156000e-05	-3.800813e-02	3.114763e+00
4.157000e-05	-3.882923e-02	3.357447e+00
4.158000e-05	-2.821770e-02	3.652105e+00
4.159000e-05	-8.068770e-02	3.834209e+00
4.160000e-05	-3.307418e-02	4.061109e+00
4.161000e-05	1.054889e-01	4.396476e+00
4.162000e-05	-9.407731e-02	4.662230e+00
4.163000e-05	8.304365e-02	4.891713e+00
4.164000e-05	3.838722e-02	5.250154e+00
4.165000e-05	-1.054913e-01	5.444742e+00
4.166000e-05	6.238374e-02	5.767519e+00
4.167000e-05	-7.189942e-02	6.019662e+00
4.168000e-05	5.265795e-02	6.262691e+00
4.169000e-05	-2.373756e-02	6.596997e+00
4.170000e-05	-3.280857e-02	6.831138e+00
4.171000e-05	2.267032e-02	7.091814e+00
4.172000e-05	-4.990344e-02	7.326022e+00
4.173000e-05	2.673513e-02	7.660185e+00
4.174000e-05	-7.395432e-02	7.903443e+00
4.175000e-05	3.518644e-02	8.167997e+00
4.176000e-05	-9.336749e-03	8.389551e+00
4.177000e-05	-2.557215e-02	8.567128e+00
4.178000e-05	4.222484e-03	8.822180e+00
4.179000e-05	-7.409780e-02	9.110811e+00
4.180000e-05	1.794105e-02	9.274339e+00
4.181000e-05	-3.463755e-02	9.512871e+00
4.182000e-05	8.362952e-03	9.765499e+00
4.183000e-05	-4.386248e-02	9.969051e+00
4.184000e-05	-7.082102e-03	1.016810e+01
4.185000e-05	-1.410214e-02	1.038805e+01
4.186000e-05	-3.842277e-02	1.056761e+01
4.187000e-05	-2.720776e-02	1.084111e+01
4.188000e-05	-4.673459e-02	1.099858e+01
4.189000e-05	-4.891136e-03	1.120818e+01
4.190000e-05	-3.276030e-02	1.137818e+01
4.191000e-05	-2.381512e-02	1.160171e+01
4.192000e-05	-4.888717e-02	1.182161e+01
4.193000e-05	-2.310666e-02	1.197666e+01
4.194000e-05	-3.094764e-02	1.210615e+01
4.195000e-05	-3.389299e-02	1.233650e+01
4.196000e-05	-4.693353e-02	1.250347e+01
4.197000e-05	-4.518612e-02	1.262132e+01
4.198000e-05	-3.085366e-02	1.281021e+01
4.199000e-05	-4.412718e-02	1.293708e+01
4.200000e-05	-4.439529e-02	1.311602e+01
4.201000e-05	-5.378703e-02	1.325237e+01
4.202000e-05	-3.438113e-02	1.339818e+01
4.203000e-05	-4.641844e-02	1.349750e+01
4.204000e-05	-5.224671e-02	1.363279e+01
4.205000e-05	-6.669970e-02	1.376771e+01
4.206000e-05	-5.581459e-02	1.392400e+01
4.207000e-05	-5.296467e-02	1.399979e+01
4.208000e-05	-5.902701e-02	1.417897e+01
4.209000e-05	-6.722135e-02	1.428345e+01
4.210000e-05	-6.835496e-02	1.436868e+01
4.211000e-05	-5.863190e-02	1.444444e+01
4.212000e-05	-6.641201e-02	1.456708e+01
4.213000e-05	-7.289913e-02	1.463382e+01
4.214000e-05	-8.119679e-02	1.474657e+01
4.215000e-05	-7.344971e-02	1.477914e+01
4.216000e-05	-7.779116e-02	1.482219e+01
4.217000e-05	-8.618373e-02	1.491547e+01
4.218000e-05	-9.632760e-02	1.492663e+01
4.219000e-05	-9.339914e-02	1.497929e+01
4.220000e-05	-8.748354e-02	1.501184e+01
4.221000e-05	-9.350940e-02	1.507542e+01
4.222000e-05	-1.015923e-01	1.510705e+01
4.223000e-05	-1.076450e-01	1.511808e+01
4.224000e-05	-1.059074e-01	1.516913e+01
4.225000e-05	-1.121191e-01	1.515021e+01
4.226000e-05	-1.237898e-01	1.517074e+01
4.227000e-05	-1.301441e-01	1.523923e+01
4.228000e-05	-1.293826e-01	1.519874e+01
4.229000e-05	-1.266268e-01	1.520027e+01
4.230000e-05	-1.394441e-01	1.516679e+01
4.231000e-05	-1.528298e-01	1.516721e+01
4.232000e-05	-1.619251e-01	1.516811e+01
4.233000e-05	-1.689144e-01	1.512803e+01
4.234000e-05	-1.845877e-01	1.508697e+01
4.235000e-05	-2.070823e-01	1.503282e+01
4.236000e-05	-2.291412e-01	1.497977e+01
4.237000e-05	-2.468338e-01	1.495916e+01
4.238000e-05	-2.499990e-01	1.490553e+01
4.239000e-05	-2.500000e-01	1.484442e+01
4.240000e-05	-2.500000e-01	1.481224e+01
4.241000e-05	-2.500000e-01	1.471848e+01
4.242000e-05	-2.500000e-01	1.465242e+01
4.243000e-05	-2.500000e-01	1.458806e+01
4.244000e-05	-2.500000e-01	1.446597e+01
4.245000e-05	-2.385390e-01	1.437076e+01
4.246000e-05	-2.055850e-01	1.427497e+01
4.247000e-05	-1.814241e-01	1.417924e+01
4.248000e-05	-1.665739e-01	1.406442e+01
4.249000e-05	-1.518885e-01	1.388708e+01
4.250000e-05	-1.365032e-01	1.385137e+01
4.251000e-05	-1.205841e-01	1.366705e+01
4.252000e-05	-1.149740e-01	1.353811e+01
4.253000e-05	-1.076071e-01	1.342284e+01
4.254000e-05	-9.954484e-02	1.327652e+01
4.255000e-05	-8.728649e-02	1.316863e+01
4.256000e-05	-8.333462e-02	1.299984e+01
4.257000e-05	-7.984245e-02	1.285437e+01
4.258000e-05	-7.829499e-02	1.266601e+01
4.259000e-05	-6.943893e-02	1.252908e+01
4.260000e-05	-6.614560e-02	1.239166e+01
4.261000e-05	-6.235484e-02	1.223384e+01
4.262000e-05	-6.306171e-02	1.206485e+01
4.263000e-05	-5.620787e-02	1.187437e+01
4.264000e-05	-5.279500e-02	1.169400e+01
4.265000e-05	-5.119513e-02	1.146493e+01
4.266000e-05	-5.305283e-02	1.123597e+01
4.267000e-05	-5.005174e-02	1.106592e+01
4.268000e-05	-4.550900e-02	1.087600e+01
4.269000e-05	-4.317727e-02	1.069595e+01
4.270000e-05	-4.432752e-02	1.049488e+01
4.271000e-05	-4.247157e-02	1.026490e+01
4.272000e-05	-3.793913e-02	1.003447e+01
4.273000e-05	-3.700006e-02	9.822845e+00
4.274000e-05	-3.686861e-02	9.590239e+00
4.275000e-05	-3.861567e-02	9.371684e+00
4.276000e-05	-3.568965e-02	9.229657e+00
4.277000e-05	-3.419937e-02	8.909004e+00
4.278000e-05	-3.278387e-02	8.707005e+00
4.279000e-05	-3.428205e-02	8.475446e+00
4.280000e-05	-3.300930e-02	8.264899e+00
4.281000e-05	-2.871413e-02	8.021213e+00
4.282000e-05	-2.710032e-02	7.748581e+00
4.283000e-05	-2.771443e-02	7.546981e+00
4.284000e-05	-2.937542e-02	7.212267e+00
4.285000e-05	-2.716482e-02	6.992054e+00
4.286000e-05	-2.522067e-02	6.757506e+00
4.287000e-05	-2.580932e-02	6.465321e+00
4.288000e-05	-2.742695e-02	6.221660e+00
4.289000e-05	-2.553215e-02	5.999658e+00
4.290000e-05	-2.153989e-02	5.685846e+00
4.291000e-05	-2.195755e-02	5.433315e+00
4.292000e-05	-2.199434e-02	5.150056e+00
4.293000e-05	-2.306524e-02	4.833681e+00
4.294000e-05	-1.956778e-02	4.518530e+00
4.295000e-05	-1.896198e-02	4.314947e+00
4.296000e-05	-1.971084e-02	4.020680e+00
4.297000e-05	-2.168494e-02	3.719975e+00
4.298000e-05	-1.917630e-02	3.496896e+00
4.299000e-05	-1.713806e-02	3.160105e+00
4.300000e-05	-1.702437e-02	2.887425e+00
4.301000e-05	-1.779444e-02	2.704818e+00
4.302000e-05	-1.691087e-02	2.349501e+00
4.303000e-05	-1.415447e-02	2.064841e+00
4.304000e-05	-1.440864e-02	1.842158e+00
4.305000e-05	-1.597124e-02	1.498396e+00
4.306000e-05	-1.659559e-02	1.241588e+00
4.307000e-05	-1.304393e-02	8.767446e-01
4.308000e-05	-1.060358e-02	6.410802e-01
4.309000e-05	-1.087884e-02	3.684975e-01
4.310000e-05	-1.101950e-02	3.416191e-02
4.311000e-05	-4.694819e-03	-2.284713e-01
4.312000e-05	7.381913e-03	-4.605276e-01
4.313000e-05	-4.222338e-03	-7.759184e-01
4.314000e-05	4.374771e-03	-9.984686e-01
4.315000e-05	-3.678564e-03	-1.282134e+00
4.316000e-05	3.104142e-03	-1.577921e+00
4.317000e-05	2.875655e-03	-1.808942e+00
4.318000e-05	4.323386e-02	-2.030474e+00
4.319000e-05	1.263155e-01	-2.292361e+00
4.320000e-05	-4.823175e-03	-2.693652e+00
4.321000e-05	-3.010483e-02	-3.162211e+00
4.322000e-05	-2.150634e-02	-3.388445e+00
4.323000e-05	-3.973676e-02	-3.577471e+00
4.324000e-05	-9.303470e-02	-3.857593e+00
4.325000e-05	7.365130e-02	-4.007949e+00
4.326000e-05	6.236697e-02	-4.239544e+00
4.327000e-05	-1.246375e-01	-4.504734e+00
4.328000e-05	2.015229e-01	-4.775921e+00
4.329000e-05	-1.489821e-01	-5.072226e+00
4.330000e-05	8.901178e-02	-5.448024e+00
4.331000e-05	-1.455198e-02	-5.599601e+00
4.332000e-05	-8.787178e-02	-5.945866e+00
4.333000e-05	1.754790e-01	-6.125392e+00
4.334000e-05	-1.148823e-01	-6.479181e+00
4.335000e-05	1.357144e-01	-6.724816e+00
4.336000e-05	-5.346778e-02	-7.007518e+00
4.337000e-05	5.822941e-03	-7.292314e+00
4.338000e-05	6.803253e-02	-7.482335e+00
4.339000e-05	-7.927431e-02	-7.849575e+00
4.340000e-05	1.437450e-01	-8.083160e+00
4.341000e-05	-8.435991e-02	-8.313259e+00
4.342000e-05	1.049139e-01	-8.537417e+00
4.343000e-05	-8.684712e-03	-8.764998e+00
4.344000e-05	-1.733374e-02	-9.022126e+00
4.345000e-05	6.402239e-02	-9.249630e+00
4.346000e-05	-4.042050e-02	-9.492689e+00
4.347000e-05	1.225871e-01	-9.673786e+00
4.348000e-05	-5.298539e-02	-9.882289e+00
4.349000e-05	9.806405e-02	-1.012494e+01
4.350000e-05	-3.792379e-02	-1.033437e+01
4.351000e-05	6.588576e-02	-1.053655e+01
4.352000e-05	9.382306e-03	-1.075397e+01
4.353000e-05	2.288404e-02	-1.093490e+01
4.354000e-05	4.882828e-02	-1.115392e+01
4.355000e-05	6.744856e-03	-1.138700e+01
4.356000e-05	7.423183e-02	-1.157445e+01
4.357000e-05	-1.161249e-02	-1.177605e+01
4.358000e-05	6.844805e-02	-1.196852e+01
4.359000e-05	1.535723e-03	-1.213502e+01
4.360000e-05	7.609503e-02	-1.231479e+01
4.361000e-05	1.253103e-02	-1.245281e+01
4.362000e-05	5.097577e-02	-1.266081e+01
4.363000e-05	2.570425e-02	-1.282961e+01
4.364000e-05	4.993731e-02	-1.297705e+01
4.365000e-05	4.604034e-02	-1.309286e+01
4.366000e-05	4.148623e-02	-1.323184e+01
4.367000e-05	5.510360e-02	-1.340715e+01
4.368000e-05	4.135853e-02	-1.350603e+01
4.369000e-05	6.337164e-02	-1.365329e+01
4.370000e-05	3.554878e-02	-1.378913e+01
4.371000e-05	5.769378e-02	-1.390347e+01
4.372000e-05	4.478898e-02	-1.402986e+01
4.373000e-05	6.975552e-02	-1.417710e+01
4.374000e-05	5.477474e-02	-1.426039e+01
4.375000e-05	6.428488e-02	-1.437963e+01
4.376000e-05	5.677981e-02	-1.448437e+01
4.377000e-05	7.226905e-02	-1.453760e+01
4.378000e-05	6.831560e-02	-1.462182e+01
4.379000e-05	7.078452e-02	-1.472707e+01
4.380000e-05	7.046886e-02	-1.481971e+01
4.381000e-05	7.625892e-02	-1.489439e+01
4.382000e-05	8.013363e-02	-1.491603e+01
4.383000e-05	7.686919e-02	-1.500678e+01
4.384000e-05	8.248135e-02	-1.503031e+01
4.385000e-05	8.488350e-02	-1.508195e+01
4.386000e-05	9.867879e-02	-1.513608e+01
4.387000e-05	9.353358e-02	-1.519808e+01
4.388000e-05	9.831088e-02	-1.517209e+01
4.389000e-05	9.551327e-02	-1.524071e+01
4.390000e-05	1.062044e-01	-1.528237e+01
4.391000e-05	1.084065e-01	-1.527339e+01
4.392000e-05	1.138624e-01	-1.531484e+01
4.393000e-05	1.176424e-01	-1.528437e+01
4.394000e-05	1.259090e-01	-1.529431e+01
4.395000e-05	1.334346e-01	-1.527222e+01
4.396000e-05	1.356561e-01	-1.526379e+01
4.397000e-05	1.422011e-01	-1.527419e+01
4.398000e-05	1.516741e-01	-1.522024e+01
4.399000e-05	1.685370e-01	-1.523063e+01
4.400000e-05	1.817946e-01	-1.515755e+01
4.401000e-05	1.994678e-01	-1.512595e+01
4.402000e-05	2.212740e-01	-1.506239e+01
4.403000e-05	2.452370e-01	-1.501026e+01
4.404000e-05	2.500000e-01	-1.492710e+01
4.405000e-05	2.500000e-01	-1.489347e+01
4.406000e-05	2.500000e-01	-1.487126e+01
4.407000e-05	2.500000e-01	-1.476860e+01
4.408000e-05	2.500000e-01	-1.467595e+01
4.409000e-05	2.500000e-01	-1.461018e+01
4.410000e-05	2.450828e-01	-1.452602e+01
4.411000e-05	2.186053e-01	-1.439171e+01
4.412000e-05	1.933801e-01	-1.430607e+01
4.413000e-05	1.699633e-01	-1.420019e+01
4.414000e-05	1.530559e-01	-1.406407e+01
4.415000e-05	1.356181e-01	-1.400074e+01
4.416000e-05	1.265701e-01	-1.384382e+01
4.417000e-05	1.154881e-01	-1.375556e+01
4.418000e-05	1.013137e-01	-1.358118e+01
4.419000e-05	9.207408e-02	-1.344337e+01
4.420000e-05	8.019716e-02	-1.331585e+01
4.421000e-05	7.861102e-02	-1.319116e+01
4.422000e-05	6.895719e-02	-1.302277e+01
4.423000e-05	6.577701e-02	-1.290497e+01
4.424000e-05	6.196096e-02	-1.273710e+01
4.425000e-05	6.109806e-02	-1.255024e+01
4.426000e-05	5.924623e-02	-1.243229e+01
4.427000e-05	5.183526e-02	-1.225282e+01
4.428000e-05	4.552188e-02	-1.208497e+01
4.429000e-05	4.007605e-02	-1.188595e+01
4.430000e-05	3.964280e-02	-1.167448e+01
4.431000e-05	3.692504e-02	-1.144594e+01
4.432000e-05	3.533826e-02	-1.127329e+01
4.433000e-05	3.435548e-02	-1.104277e+01
4.434000e-05	3.687197e-02	-1.084281e+01
4.435000e-05	3.382643e-02	-1.068389e+01
4.436000e-05	3.103745e-02	-1.046390e+01
4.437000e-05	2.501508e-02	-1.025329e+01
4.438000e-05	2.429243e-02	-1.002224e+01
4.439000e-05	2.258062e-02	-9.833187e+00
4.440000e-05	2.217997e-02	-9.621662e+00
4.441000e-05	1.978155e-02	-9.379708e+00
4.442000e-05	2.053556e-02	-9.130052e+00
4.443000e-05	2.064227e-02	-8.959027e+00
4.444000e-05	1.910558e-02	-8.736897e+00
4.445000e-05	1.624675e-02	-8.454292e+00
4.446000e-05	1.389543e-02	-8.232689e+00
4.447000e-05	1.454172e-02	-8.022584e+00
4.448000e-05	1.372337e-02	-7.758027e+00
4.449000e-05	1.224539e-02	-7.464343e+00
4.450000e-05	8.783603e-03	-7.222210e+00
4.451000e-05	8.461853e-03	-6.949983e+00
4.452000e-05	8.442711e-03	-6.686398e+00
4.453000e-05	8.537473e-03	-6.455268e+00
4.454000e-05	7.672184e-03	-6.181159e+00
4.455000e-05	6.696979e-03	-5.916421e+00
4.456000e-05	6.104848e-03	-5.665343e+00
4.457000e-05	5.239734e-03	-5.360131e+00
4.458000e-05	2.542156e-03	-5.085396e+00
4.459000e-05	7.371043e-04	-4.760530e+00
4.460000e-05	1.815803e-03	-4.506346e+00
4.461000e-05	2.481493e-03	-4.286293e+00
4.462000e-05	2.381816e-03	-4.030607e+00
4.463000e-05	-8.687131e-04	-3.717899e+00
4.464000e-05	-8.241692e-04	-3.483186e+00
4.465000e-05	-2.827964e-03	-3.179603e+00
4.466000e-05	-1.406053e-03	-2.875267e+00
4.467000e-05	-3.540620e-03	-2.662635e+00
4.468000e-05	-2.230454e-03	-2.360524e+00
4.469000e-05	-4.473337e-03	-2.054764e+00
4.470000e-05	-2.640981e-03	-1.781576e+00
4.471000e-05	-6.550914e-03	-1.506368e+00
4.472000e-05	-5.410265e-03	-1.198902e+00
4.473000e-05	-7.672069e-03	-8.862645e-01
4.474000e-05	-5.002630e-03	-6.440853e-01
4.475000e-05	-6.910427e-03	-3.268947e-01
4.476000e-05	-4.447586e-03	-7.571303e-02
4.477000e-05	4.484781e-03	2.185236e-01
4.478000e-05	2.053239e-03	4.831818e-01
4.479000e-05	1.055431e-03	7.458370e-01
4.480000e-05	1.751307e-03	9.889411e-01
4.481000e-05	-2.232951e-03	1.293159e+00
4.482000e-05	-8.788757e-04	1.608366e+00
4.483000e-05	2.322795e-03	1.831579e+00
4.484000e-05	2.605875e-02	2.061158e+00
4.485000e-05	9.247925e-02	2.325286e+00
4.486000e-05	4.595208e-02	2.663234e+00
4.487000e-05	-6.000941e-02	2.997971e+00
4.488000e-05	-2.677305e-02	3.272055e+00
4.489000e-05	-3.977474e-02	3.567971e+00
4.490000e-05	-4.722172e-02	3.797998e+00
4.491000e-05	-7.924716e-02	3.958424e+00
4.492000e-05	6.734076e-02	4.241625e+00
4.493000e-05	1.261069e-02	4.555867e+00
4.494000e-05	-6.166407e-02	4.766894e+00
4.495000e-05	1.581611e-01	5.044704e+00
4.496000e-05	-1.370989e-01	5.377651e+00
4.497000e-05	4.019922e-02	5.641153e+00
4.498000e-05	-2.878213e-02	5.956395e+00
4.499000e-05	-9.353871e-03	6.158022e+00
4.500000e-05	4.192911e-02	6.451654e+00
4.501000e-05	-7.174574e-02	6.726417e+00
4.502000e-05	4.067615e-02	6.929022e+00
4.503000e-05	-5.144842e-02	7.221131e+00
4.504000e-05	1.689907e-02	7.483918e+00
4.505000e-05	-4.551768e-02	7.767575e+00
4.506000e-05	-1.296795e-02	8.083707e+00
4.507000e-05	2.918976e-02	8.323364e+00
4.508000e-05	-4.116821e-02	8.504915e+00
4.509000e-05	1.051966e-02	8.695292e+00
4.510000e-05	-5.270085e-02	8.956624e+00
4.511000e-05	-2.117875e-02	9.201105e+00
4.512000e-05	-4.146684e-03	9.399631e+00
4.513000e-05	-1.542401e-02	9.631284e+00
4.514000e-05	-1.949728e-02	9.881816e+00
4.515000e-05	-3.407783e-02	1.009442e+01
4.516000e-05	-7.149639e-04	1.028234e+01
4.517000e-05	-3.349544e-02	1.050497e+01
4.518000e-05	-2.541114e-02	1.068589e+01
4.519000e-05	-3.879047e-02	1.092497e+01
4.520000e-05	-2.290683e-02	1.112402e+01
4.521000e-05	-1.661191e-02	1.132602e+01
4.522000e-05	-3.548437e-02	1.152397e+01
4.523000e-05	-3.769219e-02	1.173597e+01
4.524000e-05	-3.951367e-02	1.189490e+01
4.525000e-05	-2.044648e-02	1.207490e+01
4.526000e-05	-3.209735e-02	1.222293e+01
4.527000e-05	-3.913866e-02	1.244226e+01
4.528000e-05	-4.808263e-02	1.258761e+01
4.529000e-05	-3.755715e-02	1.272843e+01
4.530000e-05	-3.699671e-02	1.287544e+01
4.531000e-05	-4.658715e-02	1.304129e+01
4.532000e-05	-5.126017e-02	1.321864e+01
4.533000e-05	-4.229109e-02	1.333505e+01
4.534000e-05	-3.932274e-02	1.347437e+01
4.535000e-05	-4.842999e-02	1.359818e+01
4.536000e-05	-6.326336e-02	1.367511e+01
4.537000e-05	-6.082632e-02	1.383236e+01
4.538000e-05	-5.310262e-02	1.399721e+01
4.539000e-05	-5.333754e-02	1.409707e+01
4.540000e-05	-6.525595e-02	1.416037e+01
4.541000e-05	-6.887053e-02	1.432858e+01
4.542000e-05	-6.219649e-02	1.444242e+01
4.543000e-05	-6.326802e-02	1.453605e+01
4.544000e-05	-7.054217e-02	1.462269e+01
4.545000e-05	-8.035409e-02	1.472484e+01
4.546000e-05	-7.628042e-02	1.473756e+01
4.547000e-05	-7.377835e-02	1.479174e+01
4.548000e-05	-8.038283e-02	1.487494e+01
4.549000e-05	-9.301395e-02	1.492650e+01
4.550000e-05	-9.642555e-02	1.497769e+01
4.551000e-05	-8.989313e-02	1.502129e+01
4.552000e-05	-9.123135e-02	1.502435e+01
4.553000e-05	-9.951418e-02	1.510450e+01
4.554000e-05	-1.076457e-01	1.511660e+01
4.555000e-05	-1.052659e-01	1.515915e+01
4.556000e-05	-1.080368e-01	1.519826e+01
4.557000e-05	-1.168295e-01	1.519022e+01
4.558000e-05	-1.273532e-01	1.519979e+01
4.559000e-05	-1.294013e-01	1.519122e+01
4.560000e-05	-1.283133e-01	1.520981e+01
4.561000e-05	-1.350916e-01	1.517824e+01
4.562000e-05	-1.492130e-01	1.518021e+01
4.563000e-05	-1.600233e-01	1.513868e+01
4.564000e-05	-1.643364e-01	1.510755e+01
4.565000e-05	-1.761788e-01	1.505652e+01
4.566000e-05	-1.955948e-01	1.506545e+01
4.567000e-05	-2.198803e-01	1.502227e+01
4.568000e-05	-2.397778e-01	1.500971e+01
4.569000e-05	-2.497569e-01	1.492656e+01
4.570000e-05	-2.500000e-01	1.486637e+01
4.571000e-05	-2.500000e-01	1.480127e+01
4.572000e-05	-2.500000e-01	1.473764e+01
4.573000e-05	-2.500000e-01	1.471553e+01
4.574000e-05	-2.500000e-01	1.462084e+01
4.575000e-05	-2.500000e-01	1.448698e+01
4.576000e-05	-2.464044e-01	1.442187e+01
4.577000e-05	-2.188491e-01	1.433751e+01
4.578000e-05	-1.922063e-01	1.424125e+01
4.579000e-05	-1.722146e-01	1.409558e+01
4.580000e-05	-1.601330e-01	1.396069e+01
4.581000e-05	-1.412443e-01	1.385342e+01
4.582000e-05	-1.266538e-01	1.370806e+01
4.583000e-05	-1.151373e-01	1.360274e+01
4.584000e-05	-1.109024e-01	1.347597e+01
4.585000e-05	-1.013987e-01	1.336663e+01
4.586000e-05	-9.300197e-02	1.320329e+01
4.587000e-05	-8.313918e-02	1.308292e+01
4.588000e-05	-8.303077e-02	1.289600e+01
4.589000e-05	-7.843572e-02	1.277066e+01
4.590000e-05	-7.342892e-02	1.262129e+01
4.591000e-05	-6.616585e-02	1.247290e+01
4.592000e-05	-6.445776e-02	1.226493e+01
4.593000e-05	-6.345455e-02	1.210695e+01
4.594000e-05	-5.870165e-02	1.189860e+01
4.595000e-05	-5.408268e-02	1.175016e+01
4.596000e-05	-5.107230e-02	1.149921e+01
4.597000e-05	-5.399392e-02	1.133876e+01
4.598000e-05	-5.170959e-02	1.112863e+01
4.599000e-05	-4.697897e-02	1.095058e+01
4.600000e-05	-4.243792e-02	1.077068e+01
4.601000e-05	-4.376520e-02	1.057066e+01
4.602000e-05	-4.366052e-02	1.036859e+01
4.603000e-05	-4.161883e-02	1.017908e+01
4.604000e-05	-3.706854e-02	9.918102e+00
4.605000e-05	-3.737688e-02	9.664973e+00
4.606000e-05	-3.843879e-02	9.475868e+00
4.607000e-05	-3.721305e-02	9.264372e+00
4.608000e-05	-3.333617e-02	9.043342e+00
4.609000e-05	-3.155035e-02	8.820763e+00
4.610000e-05	-3.337282e-02	8.571058e+00
4.611000e-05	-3.481918e-02	8.370030e+00
4.612000e-05	-3.114747e-02	8.088001e+00
4.613000e-05	-2.777750e-02	7.854899e+00
4.614000e-05	-2.820354e-02	7.611716e+00
4.615000e-05	-2.903707e-02	7.320005e+00
4.616000e-05	-2.714621e-02	7.095468e+00
4.617000e-05	-2.522934e-02	6.853813e+00
4.618000e-05	-2.359063e-02	6.591086e+00
4.619000e-05	-2.659499e-02	6.308548e+00
4.620000e-05	-2.607189e-02	6.054296e+00
4.621000e-05	-2.353450e-02	5.821663e+00
4.622000e-05	-2.146294e-02	5.548553e+00
4.623000e-05	-2.223762e-02	5.255901e+00
4.624000e-05	-2.303209e-02	4.899508e+00
4.625000e-05	-2.168849e-02	4.613868e+00
4.626000e-05	-1.942516e-02	4.411136e+00
4.627000e-05	-1.937291e-02	4.116345e+00
4.628000e-05	-2.049508e-02	3.823291e+00
4.629000e-05	-1.975643e-02	3.590104e+00
4.630000e-05	-1.726144e-02	3.308399e+00
4.631000e-05	-1.638195e-02	3.033210e+00
4.632000e-05	-1.834721e-02	2.800079e+00
4.633000e-05	-1.808869e-02	2.455241e+00
4.634000e-05	-1.700298e-02	2.180079e+00
4.635000e-05	-1.354900e-02	1.917847e+00
4.636000e-05	-1.409489e-02	1.623539e+00
4.637000e-05	-1.521047e-02	1.341478e+00
4.638000e-05	-1.454636e-02	9.951629e-01
4.639000e-05	-1.140524e-02	7.178985e-01
4.640000e-05	-1.144399e-02	4.346657e-01
4.641000e-05	-1.190711e-02	1.615290e-01
4.642000e-05	-8.742136e-03	-1.146555e-01
4.643000e-05	3.830510e-03	-3.768633e-01
4.644000e-05	-6.556690e-04	-6.716226e-01
4.645000e-05	8.392557e-04	-9.147830e-01
4.646000e-05	-1.632384e-03	-1.174911e+00
4.647000e-05	1.584644e-03	-1.512203e+00
4.648000e-05	1.520659e-03	-1.724259e+00
4.649000e-05	2.255323e-02	-1.944861e+00
4.650000e-05	9.194038e-02	-2.187888e+00
4.651000e-05	8.247520e-02	-2.544312e+00
4.652000e-05	-6.042934e-02	-2.973309e+00
4.653000e-05	2.657646e-03	-3.263180e+00
4.654000e-05	-5.240170e-02	-3.504708e+00
4.655000e-05	-5.271458e-02	-3.673234e+00
4.656000e-05	-5.356739e-02	-3.966267e+00
4.657000e-05	1.726731e-01	-4.084258e+00
4.658000e-05	-1.548086e-01	-4.407945e+00
4.659000e-05	1.508163e-01	-4.682313e+00
4.660000e-05	1.827604e-02	-4.912734e+00
4.661000e-05	-9.026398e-02	-5.282784e+00
4.662000e-05	1.407617e-01	-5.538316e+00
4.663000e-05	-1.778117e-01	-5.861178e+00
4.664000e-05	1.622063e-01	-6.022710e+00
4.665000e-05	-2.506672e-02	-6.293386e+00
4.666000e-05	1.366824e-02	-6.611227e+00
4.667000e-05	8.508440e-02	-6.831205e+00
4.668000e-05	-1.060975e-01	-7.168447e+00
4.669000e-05	1.291217e-01	-7.409125e+00
4.670000e-05	-9.119596e-02	-7.662281e+00
4.671000e-05	9.301999e-02	-8.019022e+00
4.672000e-05	1.442382e-02	-8.176022e+00
4.673000e-05	-1.418903e-02	-8.452254e+00
4.674000e-05	1.095960e-01	-8.664238e+00
4.675000e-05	-9.819762e-02	-8.933393e+00
4.676000e-05	1.029942e-01	-9.127345e+00
4.677000e-05	-5.874511e-02	-9.334971e+00
4.678000e-05	1.001268e-01	-9.628626e+00
4.679000e-05	1.749214e-03	-9.839155e+00
4.680000e-05	3.244083e-02	-1.001218e+01
4.681000e-05	3.959504e-02	-1.025918e+01
4.682000e-05	-1.516589e-02	-1.050232e+01
4.683000e-05	8.077003e-02	-1.067171e+01
4.684000e-05	-3.358283e-02	-1.085224e+01
4.685000e-05	8.609612e-02	-1.103979e+01
4.686000e-05	-1.890237e-02	-1.127221e+01
4.687000e-05	8.135018e-02	-1.149234e+01
4.688000e-05	-1.204326e-03	-1.166327e+01
4.689000e-05	4.997741e-02	-1.191129e+01
4.690000e-05	2.240272e-02	-1.205378e+01
4.691000e-05	4.503147e-02	-1.225071e+01
4.692000e-05	4.878262e-02	-1.241870e+01
4.693000e-05	2.044711e-02	-1.261863e+01
4.694000e-05	5.053485e-02	-1.273449e+01
4.695000e-05	2.180103e-02	-1.291484e+01
4.696000e-05	6.723324e-02	-1.300024e+01
4.697000e-05	2.728427e-02	-1.318955e+01
4.698000e-05	6.598281e-02	-1.328495e+01
4.699000e-05	3.277213e-02	-1.344991e+01
4.700000e-05	6.422891e-02	-1.362060e+01
4.701000e-05	3.892056e-02	-1.375660e+01
4.702000e-05	5.307136e-02	-1.389231e+01
4.703000e-05	4.568346e-02	-1.399813e+01
4.704000e-05	6.129909e-02	-1.410302e+01
4.705000e-05	6.177459e-02	-1.424926e+01
4.706000e-05	5.990228e-02	-1.430552e+01
4.707000e-05	6.119338e-02	-1.440179e+01
4.708000e-05	6.247238e-02	-1.450647e+01
4.709000e-05	7.411157e-02	-1.459023e+01
4.710000e-05	6.629163e-02	-1.469442e+01
4.711000e-05	7.425805e-02	-1.474870e+01
4.712000e-05	6.898251e-02	-1.485329e+01
4.713000e-05	8.220491e-02	-1.492500e+01
4.714000e-05	7.556035e-02	-1.494863e+01
4.715000e-05	8.236129e-02	-1.499881e+01
4.716000e-05	8.124782e-02	-1.507084e+01
4.717000e-05	9.431276e-02	-1.511450e+01
4.718000e-05	9.495687e-02	-1.514703e+01
4.719000e-05	9.676051e-02	-1.516859e+01
4.720000e-05	9.691940e-02	-1.524176e+01
4.721000e-05	1.010897e-01	-1.518179e+01
4.722000e-05	1.086468e-01	-1.527331e+01
4.723000e-05	1.107488e-01	-1.525442e+01
4.724000e-05	1.165489e-01	-1.526484e+01
4.725000e-05	1.202977e-01	-1.528442e+01
4.726000e-05	1.315808e-01	-1.529387e+01
4.727000e-05	1.356061e-01	-1.527432e+01
4.728000e-05	1.402820e-01	-1.528384e+01
4.729000e-05	1.472279e-01	-1.522178e+01
4.730000e-05	1.610752e-01	-1.521026e+01
4.731000e-05	1.761863e-01	-1.516863e+01
4.732000e-05	1.912603e-01	-1.512495e+01
4.733000e-05	2.111424e-01	-1.508444e+01
4.734000e-05	2.366539e-01	-1.505079e+01
4.735000e-05	2.499722e-01	-1.498823e+01
4.736000e-05	2.500000e-01	-1.490655e+01
4.737000e-05	2.500000e-01	-1.488239e+01
4.738000e-05	2.500000e-01	-1.477966e+01
4.739000e-05	2.500000e-01	-1.470650e+01
4.740000e-05	2.500000e-01	-1.462279e+01
4.741000e-05	2.486950e-01	-1.458650e+01
4.742000e-05	2.319171e-01	-1.447441e+01
4.743000e-05	2.046619e-01	-1.436808e+01
4.744000e-05	1.830422e-01	-1.428189e+01
4.745000e-05	1.607625e-01	-1.413610e+01
4.746000e-05	1.418891e-01	-1.403132e+01
4.747000e-05	1.278138e-01	-1.389700e+01
4.748000e-05	1.168931e-01	-1.379023e+01
4.749000e-05	1.058085e-01	-1.367137e+01
4.750000e-05	9.395377e-02	-1.355703e+01
4.751000e-05	8.619129e-02	-1.334763e+01
4.752000e-05	8.173857e-02	-1.328179e+01
4.753000e-05	7.655227e-02	-1.311444e+01
4.754000e-05	6.818478e-02	-1.295698e+01
4.755000e-05	6.226904e-02	-1.281029e+01
4.756000e-05	5.840719e-02	-1.266237e+01
4.757000e-05	5.754504e-02	-1.249645e+01
4.758000e-05	5.358171e-02	-1.232700e+01
4.759000e-05	4.743429e-02	-1.215813e+01
4.760000e-05	4.452158e-02	-1.196908e+01
4.761000e-05	4.274066e-02	-1.175715e+01
4.762000e-05	3.951067e-02	-1.157758e+01
4.763000e-05	3.612626e-02	-1.132860e+01
4.764000e-05	3.391512e-02	-1.111750e+01
4.765000e-05	3.439553e-02	-1.091797e+01
4.766000e-05	3.308764e-02	-1.072705e+01
4.767000e-05	3.030904e-02	-1.057006e+01
4.768000e-05	2.656066e-02	-1.038800e+01
4.769000e-05	2.567043e-02	-1.011848e+01
4.770000e-05	2.505077e-02	-9.915995e+00
4.771000e-05	2.451854e-02	-9.696945e+00
4.772000e-05	2.061154e-02	-9.485893e+00
4.773000e-05	1.933997e-02	-9.244267e+00
4.774000e-05	1.998018e-02	-9.042740e+00
4.775000e-05	1.869894e-02	-8.853708e+00
4.776000e-05	1.702550e-02	-8.572052e+00
4.777000e-05	1.490621e-02	-8.318001e+00
4.778000e-05	1.439112e-02	-8.135896e+00
4.779000e-05	1.373677e-02	-7.833317e+00
4.780000e-05	1.420753e-02	-7.571534e+00
4.781000e-05	1.020175e-02	-7.357497e+00
4.782000e-05	1.018583e-02	-7.054740e+00
4.783000e-05	9.053209e-03	-6.830183e+00
4.784000e-05	1.002639e-02	-6.570006e+00
4.785000e-05	6.415341e-03	-6.317024e+00
4.786000e-05	7.365120e-03	-6.043162e+00
4.787000e-05	4.539005e-03	-5.780531e+00
4.788000e-05	6.484189e-03	-5.497923e+00
4.789000e-05	4.147164e-03	-5.231162e+00
4.790000e-05	2.890376e-03	-4.946945e+00
4.791000e-05	1.391735e-03	-4.640683e+00
4.792000e-05	2.372903e-03	-4.389555e+00
4.793000e-05	2.700766e-03	-4.117871e+00
4.794000e-05	-2.481634e-05	-3.875667e+00
4.795000e-05	-2.401058e-03	-3.558950e+00
4.796000e-05	-3.350406e-03	-3.286373e+00
4.797000e-05	-1.373010e-03	-3.033734e+00
4.798000e-05	-8.736457e-04	-2.738417e+00
4.799000e-05	-1.685751e-03	-2.493242e+00
4.800000e-05	-1.962801e-03	-2.212029e+00
4.801000e-05	-4.408063e-03	-1.874746e+00
4.802000e-05	-4.372639e-03	-1.622662e+00
4.803000e-05	-8.709003e-03	-1.346894e+00
4.804000e-05	-9.614046e-03	-1.011030e+00
4.805000e-05	-7.110145e-03	-7.374198e-01
4.806000e-05	-5.491807e-03	-4.615815e-01
4.807000e-05	-3.095484e-03	-1.809788e-01
4.808000e-05	3.621287e-04	6.376164e-02
4.809000e-05	8.457388e-03	3.874959e-01
4.810000e-05	-2.836837e-03	6.200751e-01
4.811000e-05	3.615838e-03	8.821027e-01
4.812000e-05	-5.184715e-03	1.167024e+00
4.813000e-05	1.353860e-04	1.421608e+00
4.814000e-05	-3.275239e-03	1.766899e+00
4.815000e-05	1.723041e-02	1.967972e+00
4.816000e-05	5.772467e-02	2.220077e+00
4.817000e-05	1.024865e-01	2.554866e+00
4.818000e-05	-4.874369e-02	2.872710e+00
4.819000e-05	-2.863845e-02	3.167891e+00
4.820000e-05	-4.196074e-02	3.431080e+00
4.821000e-05	-2.887750e-02	3.683335e+00
4.822000e-05	-9.096202e-02	3.905787e+00
4.823000e-05	-5.117766e-03	4.114839e+00
4.824000e-05	9.556997e-02	4.447654e+00
4.825000e-05	-1.146848e-01	4.684836e+00
4.826000e-05	1.388782e-01	4.933416e+00
4.827000e-05	-3.347007e-02	5.275838e+00
4.828000e-05	-5.832867e-02	5.536391e+00
4.829000e-05	4.240720e-02	5.807604e+00
4.830000e-05	-6.629482e-02	6.094287e+00
4.831000e-05	6.435581e-02	6.304392e+00
4.832000e-05	-5.059858e-02	6.618128e+00
4.833000e-05	-3.453277e-03	6.872787e+00
4.834000e-05	-1.441427e-03	7.125368e+00
4.835000e-05	-3.192153e-02	7.388656e+00
4.836000e-05	1.029764e-02	7.673337e+00
4.837000e-05	-6.495620e-02	7.925522e+00
4.838000e-05	4.342280e-02	8.190207e+00
4.839000e-05	-2.279210e-02	8.401583e+00
4.840000e-05	-1.200203e-02	8.620130e+00
4.841000e-05	-1.199243e-02	8.863283e+00
4.842000e-05	-6.615006e-02	9.104842e+00
4.843000e-05	1.844159e-02	9.354446e+00
4.844000e-05	-3.565702e-02	9.547545e+00
4.845000e-05	5.164735e-03	9.776551e+00
4.846000e-05	-4.866643e-02	9.980081e+00
4.847000e-05	7.104269e-04	1.023016e+01
4.848000e-05	-2.161022e-02	1.042011e+01
4.849000e-05	-3.225537e-02	1.063023e+01
4.850000e-05	-2.892366e-02	1.083269e+01
4.851000e-05	-4.312077e-02	1.100018e+01
4.852000e-05	-4.117299e-03	1.120431e+01
4.853000e-05	-3.976186e-02	1.144879e+01
4.854000e-05	-2.531211e-02	1.167318e+01
4.855000e-05	-5.143232e-02	1.184129e+01
4.856000e-05	-1.849389e-02	1.200071e+01
4.857000e-05	-3.212088e-02	1.218866e+01
4.858000e-05	-3.372616e-02	1.236958e+01
4.859000e-05	-4.843994e-02	1.252653e+01
4.860000e-05	-4.291012e-02	1.268329e+01
4.861000e-05	-3.140479e-02	1.284134e+01
4.862000e-05	-4.616572e-02	1.296708e+01
4.863000e-05	-4.686519e-02	1.312755e+01
4.864000e-05	-5.311654e-02	1.327442e+01
4.865000e-05	-3.527333e-02	1.342026e+01
4.866000e-05	-4.847852e-02	1.352615e+01
4.867000e-05	-5.486135e-02	1.367342e+01
4.868000e-05	-6.463916e-02	1.378826e+01
4.869000e-05	-5.443491e-02	1.393553e+01
4.870000e-05	-5.337481e-02	1.406435e+01
4.871000e-05	-6.162169e-02	1.413824e+01
4.872000e-05	-6.854968e-02	1.431550e+01
4.873000e-05	-6.699412e-02	1.440924e+01
4.874000e-05	-6.035004e-02	1.449537e+01
4.875000e-05	-6.747962e-02	1.458058e+01
4.876000e-05	-7.551956e-02	1.470339e+01
4.877000e-05	-7.935063e-02	1.474650e+01
4.878000e-05	-7.436973e-02	1.480069e+01
4.879000e-05	-7.750255e-02	1.483439e+01
4.880000e-05	-8.866650e-02	1.489492e+01
4.881000e-05	-9.604465e-02	1.495761e+01
4.882000e-05	-9.346833e-02	1.499971e+01
4.883000e-05	-8.884646e-02	1.504237e+01
4.884000e-05	-9.790726e-02	1.507598e+01
4.885000e-05	-1.049874e-01	1.511712e+01
4.886000e-05	-1.078220e-01	1.512768e+01
4.887000e-05	-1.049657e-01	1.514871e+01
4.888000e-05	-1.120660e-01	1.517876e+01
4.889000e-05	-1.239040e-01	1.520037e+01
4.890000e-05	-1.294012e-01	1.518034e+01
4.891000e-05	-1.287838e-01	1.520931e+01
4.892000e-05	-1.308431e-01	1.515824e+01
4.893000e-05	-1.435103e-01	1.517973e+01
4.894000e-05	-1.555542e-01	1.518869e+01
4.895000e-05	-1.625953e-01	1.509816e+01
4.896000e-05	-1.696206e-01	1.510460e+01
4.897000e-05	-1.858624e-01	1.507408e+01
4.898000e-05	-2.105320e-01	1.505194e+01
4.899000e-05	-2.328813e-01	1.501172e+01
4.900000e-05	-2.484831e-01	1.493713e+01
4.901000e-05	-2.500000e-01	1.490647e+01
4.902000e-05	-2.500000e-01	1.482279e+01
4.903000e-05	-2.500000e-01	1.478074e+01
4.904000e-05	-2.500000e-01	1.466808e+01
4.905000e-05	-2.500000e-01	1.466239e+01
4.906000e-05	-2.500000e-01	1.453811e+01
4.907000e-05	-2.494000e-01	1.445440e+01
4.908000e-05	-2.319972e-01	1.436923e+01
4.909000e-05	-2.013938e-01	1.423390e+01
4.910000e-05	-1.790194e-01	1.413876e+01
4.911000e-05	-1.656321e-01	1.403432e+01
4.912000e-05	-1.492891e-01	1.388653e+01
4.913000e-05	-1.334188e-01	1.375979e+01
4.914000e-05	-1.174528e-01	1.367387e+01
4.915000e-05	-1.135768e-01	1.353663e+01
4.916000e-05	-1.061727e-01	1.342124e+01
4.917000e-05	-9.711545e-02	1.326445e+01
4.918000e-05	-8.598181e-02	1.313758e+01
4.919000e-05	-8.364831e-02	1.295873e+01
4.920000e-05	-8.069888e-02	1.284279e+01
4.921000e-05	-7.579398e-02	1.265345e+01
4.922000e-05	-6.686095e-02	1.251760e+01
4.923000e-05	-6.394165e-02	1.234911e+01
4.924000e-05	-6.279881e-02	1.221931e+01
4.925000e-05	-6.225231e-02	1.205224e+01
4.926000e-05	-5.639683e-02	1.181382e+01
4.927000e-05	-5.225524e-02	1.162387e+01
4.928000e-05	-5.188523e-02	1.142440e+01
4.929000e-05	-5.256828e-02	1.124385e+01
4.930000e-05	-4.988553e-02	1.103237e+01
4.931000e-05	-4.452148e-02	1.086392e+01
4.932000e-05	-4.231931e-02	1.064537e+01
4.933000e-05	-4.305000e-02	1.040432e+01
4.934000e-05	-4.348537e-02	1.022332e+01
4.935000e-05	-3.935291e-02	1.005222e+01
4.936000e-05	-3.718371e-02	9.781661e+00
4.937000e-05	-3.709893e-02	9.530557e+00
4.938000e-05	-3.830088e-02	9.329059e+00
4.939000e-05	-3.599261e-02	9.139505e+00
4.940000e-05	-3.204823e-02	8.915425e+00
4.941000e-05	-3.116250e-02	8.664371e+00
4.942000e-05	-3.319318e-02	8.444291e+00
4.943000e-05	-3.332424e-02	8.201264e+00
4.944000e-05	-2.877638e-02	7.980134e+00
4.945000e-05	-2.787048e-02	7.726980e+00
4.946000e-05	-2.780478e-02	7.463848e+00
4.947000e-05	-2.905339e-02	7.182090e+00
4.948000e-05	-2.680171e-02	6.959030e+00
4.949000e-05	-2.513182e-02	6.665394e+00
4.950000e-05	-2.530895e-02	6.402763e+00
4.951000e-05	-2.648655e-02	6.200079e+00
4.952000e-05	-2.458925e-02	5.909504e+00
4.953000e-05	-2.271950e-02	5.644769e+00
4.954000e-05	-2.071616e-02	5.422659e+00
4.955000e-05	-2.209435e-02	5.037927e+00
4.956000e-05	-2.283153e-02	4.749602e+00
4.957000e-05	-2.112162e-02	4.466847e+00
4.958000e-05	-1.920674e-02	4.255218e+00
4.959000e-05	-1.938746e-02	3.947551e+00
4.960000e-05	-1.963128e-02	3.676745e+00
4.961000e-05	-1.932427e-02	3.404169e+00
4.962000e-05	-1.603655e-02	3.148926e+00
4.963000e-05	-1.654328e-02	2.885292e+00
4.964000e-05	-1.791727e-02	2.603585e+00
4.965000e-05	-1.837085e-02	2.295821e+00
4.966000e-05	-1.508285e-02	2.044639e+00
4.967000e-05	-1.313402e-02	1.759025e+00
4.968000e-05	-1.339252e-02	1.444167e+00
4.969000e-05	-1.433934e-02	1.181031e+00
4.970000e-05	-1.313184e-02	8.241855e-01
4.971000e-05	-1.104371e-02	5.794990e-01
4.972000e-05	-1.039034e-02	2.762694e-01
4.973000e-05	-8.784519e-03	2.000257e-02
4.974000e-05	-3.635021e-03	-2.611292e-01
4.975000e-05	6.160757e-03	-4.742079e-01
4.976000e-05	-3.695041e-03	-7.984975e-01
4.977000e-05	3.604535e-03	-1.051653e+00
4.978000e-05	-3.508217e-03	-1.354782e+00
4.979000e-05	3.163725e-03	-1.630553e+00
4.980000e-05	7.536207e-03	-1.841603e+00
4.981000e-05	5.802631e-02	-2.041029e+00
4.982000e-05	1.286981e-01	-2.386492e+00
4.983000e-05	-3.751309e-02	-2.816368e+00
4.984000e-05	-1.357742e-02	-3.186918e+00
4.985000e-05	-3.722166e-02	-3.408049e+00
4.986000e-05	-3.628226e-02	-3.628525e+00
4.987000e-05	-9.954154e-02	-3.850175e+00
4.988000e-05	1.312236e-01	-4.041028e+00
4.989000e-05	-1.830877e-02	-4.230629e+00
4.990000e-05	-4.560248e-02	-4.598522e+00
4.991000e-05	1.788779e-01	-4.818523e+00
4.992000e-05	-1.702521e-01	-5.165812e+00
4.993000e-05	1.462476e-01	-5.470708e+00
4.994000e-05	-9.887186e-02	-5.720834e+00
4.995000e-05	-3.989577e-03	-5.990424e+00
4.996000e-05	1.291326e-01	-6.168546e+00
4.997000e-05	-1.023767e-01	-6.514864e+00
4.998000e-05	1.520286e-01	-6.755948e+00
4.999000e-05	-1.003366e-01	-7.010155e+00
