# 260604_11:26:25.252807
t	CH1	CH2
0.000000e+00	-1.266208e-02	5.863986e-01
1.000000e-08	-1.097562e-02	3.432899e-01
2.000000e-08	-8.692688e-03	4.855020e-02
3.000000e-08	-3.441188e-03	-2.246813e-01
4.000000e-08	5.043813e-03	-4.963115e-01
5.000000e-08	-3.594559e-03	-7.429488e-01
6.000000e-08	3.502649e-03	-9.740814e-01
7.000000e-08	-2.827270e-03	-1.298969e+00
8.000000e-08	2.577720e-03	-1.582028e+00
9.000000e-08	6.244464e-03	-1.803583e+00
1.000000e-07	4.906744e-02	-2.004605e+00
1.100000e-07	1.238576e-01	-2.351446e+00
1.200000e-07	-1.048407e-02	-2.700966e+00
1.300000e-07	-2.528756e-02	-3.140424e+00
1.400000e-07	-2.922975e-02	-3.370525e+00
1.500000e-07	-3.986673e-02	-3.580979e+00
1.600000e-07	-9.004919e-02	-3.805062e+00
1.700000e-07	8.785049e-02	-3.991575e+00
1.800000e-07	3.187576e-02	-4.224607e+00
1.900000e-07	-7.436872e-02	-4.551847e+00
2.000000e-07	1.697786e-01	-4.792029e+00
2.100000e-07	-1.356913e-01	-5.088845e+00
2.200000e-07	8.925428e-02	-5.434062e+00
2.300000e-07	-4.056581e-02	-5.625214e+00
2.400000e-07	-4.837208e-02	-5.950449e+00
2.500000e-07	1.391572e-01	-6.169526e+00
2.600000e-07	-8.999994e-02	-6.506818e+00
2.700000e-07	1.303020e-01	-6.748949e+00
2.800000e-07	-6.313977e-02	-7.016580e+00
2.900000e-07	2.510728e-02	-7.339373e+00
3.000000e-07	3.734255e-02	-7.538248e+00
3.100000e-07	-5.124282e-02	-7.825611e+00
3.200000e-07	1.214162e-01	-8.076161e+00
3.300000e-07	-6.972271e-02	-8.308347e+00
3.400000e-07	1.088779e-01	-8.559722e+00
3.500000e-07	-2.763443e-02	-8.823059e+00
3.600000e-07	9.282555e-03	-9.045066e+00
3.700000e-07	3.624048e-02	-9.253634e+00
3.800000e-07	-1.420226e-02	-9.487220e+00
3.900000e-07	9.743754e-02	-9.697346e+00
4.000000e-07	-3.625490e-02	-9.928718e+00
4.100000e-07	8.955599e-02	-1.017130e+01
4.200000e-07	-3.449904e-02	-1.040195e+01
4.300000e-07	7.073650e-02	-1.061993e+01
4.400000e-07	-1.961524e-03	-1.078985e+01
4.500000e-07	3.623271e-02	-1.099841e+01
4.600000e-07	3.323895e-02	-1.119035e+01
4.700000e-07	2.325030e-02	-1.141141e+01
4.800000e-07	5.979056e-02	-1.157945e+01
4.900000e-07	2.466050e-03	-1.180186e+01
5.000000e-07	6.011911e-02	-1.197096e+01
5.100000e-07	9.383705e-03	-1.218835e+01
5.200000e-07	6.801391e-02	-1.230785e+01
5.300000e-07	1.353803e-02	-1.255678e+01
5.400000e-07	4.965959e-02	-1.266409e+01
5.500000e-07	2.525601e-02	-1.287361e+01
5.600000e-07	5.425105e-02	-1.300991e+01
5.700000e-07	4.296229e-02	-1.314620e+01
5.800000e-07	4.796456e-02	-1.332419e+01
5.900000e-07	5.019987e-02	-1.344194e+01
6.000000e-07	4.655304e-02	-1.357081e+01
6.100000e-07	5.503709e-02	-1.368680e+01
6.200000e-07	3.916688e-02	-1.386001e+01
6.300000e-07	5.270641e-02	-1.393595e+01
6.400000e-07	4.809374e-02	-1.409369e+01
6.500000e-07	6.788379e-02	-1.421994e+01
6.600000e-07	5.756218e-02	-1.429525e+01
6.700000e-07	6.601371e-02	-1.442156e+01
6.800000e-07	5.824736e-02	-1.454674e+01
6.900000e-07	7.183507e-02	-1.461038e+01
7.000000e-07	6.565665e-02	-1.469407e+01
7.100000e-07	7.014358e-02	-1.483785e+01
7.200000e-07	6.882335e-02	-1.487049e+01
7.300000e-07	7.730632e-02	-1.491372e+01
7.400000e-07	8.074521e-02	-1.499632e+01
7.500000e-07	7.917493e-02	-1.506141e+01
7.600000e-07	8.372151e-02	-1.509152e+01
7.700000e-07	8.647940e-02	-1.511477e+01
7.800000e-07	9.627795e-02	-1.516681e+01
7.900000e-07	9.345422e-02	-1.522943e+01
8.000000e-07	9.789966e-02	-1.523099e+01
8.100000e-07	9.706213e-02	-1.526159e+01
8.200000e-07	1.074979e-01	-1.530316e+01
8.300000e-07	1.089209e-01	-1.535509e+01
8.400000e-07	1.147982e-01	-1.532464e+01
8.500000e-07	1.184215e-01	-1.533415e+01
8.600000e-07	1.282382e-01	-1.534367e+01
8.700000e-07	1.323579e-01	-1.530414e+01
8.800000e-07	1.374717e-01	-1.531459e+01
8.900000e-07	1.433973e-01	-1.531209e+01
9.000000e-07	1.549350e-01	-1.530953e+01
9.100000e-07	1.694491e-01	-1.523793e+01
9.200000e-07	1.848561e-01	-1.517690e+01
9.300000e-07	2.041987e-01	-1.513583e+01
9.400000e-07	2.267406e-01	-1.512307e+01
9.500000e-07	2.465597e-01	-1.506944e+01
9.600000e-07	2.500000e-01	-1.497785e+01
9.700000e-07	2.500000e-01	-1.491464e+01
9.800000e-07	2.500000e-01	-1.488206e+01
9.900000e-07	2.500000e-01	-1.481636e+01
1.000000e-06	2.500000e-01	-1.469214e+01
1.010000e-06	2.500000e-01	-1.461983e+01
1.020000e-06	2.433140e-01	-1.454532e+01
1.030000e-06	2.169016e-01	-1.451056e+01
1.040000e-06	1.912787e-01	-1.435415e+01
1.050000e-06	1.697570e-01	-1.427143e+01
1.060000e-06	1.504135e-01	-1.413519e+01
1.070000e-06	1.329753e-01	-1.405690e+01
1.080000e-06	1.199329e-01	-1.392206e+01
1.090000e-06	1.093291e-01	-1.377222e+01
1.100000e-06	9.856720e-02	-1.364743e+01
1.110000e-06	8.959313e-02	-1.349106e+01
1.120000e-06	8.343151e-02	-1.334480e+01
1.130000e-06	7.878363e-02	-1.320683e+01
1.140000e-06	7.221064e-02	-1.310101e+01
1.150000e-06	6.531994e-02	-1.291264e+01
1.160000e-06	5.988453e-02	-1.277530e+01
1.170000e-06	5.700470e-02	-1.260593e+01
1.180000e-06	5.368958e-02	-1.244951e+01
1.190000e-06	5.011405e-02	-1.226949e+01
1.200000e-06	4.567097e-02	-1.210259e+01
1.210000e-06	4.349074e-02	-1.195164e+01
1.220000e-06	4.147888e-02	-1.172206e+01
1.230000e-06	3.907431e-02	-1.152064e+01
1.240000e-06	3.495865e-02	-1.129001e+01
1.250000e-06	3.430675e-02	-1.104049e+01
1.260000e-06	3.274556e-02	-1.087956e+01
1.270000e-06	3.141264e-02	-1.073158e+01
1.280000e-06	2.759721e-02	-1.049151e+01
1.290000e-06	2.544872e-02	-1.027899e+01
1.300000e-06	2.537818e-02	-1.006951e+01
1.310000e-06	2.357450e-02	-9.839003e+00
1.320000e-06	2.220547e-02	-9.628429e+00
1.330000e-06	2.018630e-02	-9.406873e+00
1.340000e-06	2.038148e-02	-9.204771e+00
1.350000e-06	1.930654e-02	-8.974797e+00
1.360000e-06	1.777837e-02	-8.752116e+00
1.370000e-06	1.532964e-02	-8.500134e+00
1.380000e-06	1.398375e-02	-8.288955e+00
1.390000e-06	1.363584e-02	-7.979427e+00
1.400000e-06	1.381936e-02	-7.743208e+00
1.410000e-06	1.235331e-02	-7.498928e+00
1.420000e-06	1.093359e-02	-7.239925e+00
1.430000e-06	1.001377e-02	-6.934269e+00
1.440000e-06	9.778020e-03	-6.721658e+00
1.450000e-06	8.652607e-03	-6.451057e+00
1.460000e-06	5.621336e-03	-6.248319e+00
1.470000e-06	6.369794e-03	-5.945215e+00
1.480000e-06	4.504915e-03	-5.678053e+00
1.490000e-06	6.141356e-03	-5.397244e+00
1.500000e-06	2.981952e-03	-5.112486e+00
1.510000e-06	3.747859e-03	-4.785167e+00
1.520000e-06	3.147130e-03	-4.502659e+00
1.530000e-06	3.087982e-03	-4.270007e+00
1.540000e-06	8.788365e-04	-4.026346e+00
1.550000e-06	-4.206272e-04	-3.733187e+00
1.560000e-06	-1.844322e-03	-3.498058e+00
1.570000e-06	-1.647091e-03	-3.206344e+00
1.580000e-06	-3.093601e-03	-2.901606e+00
1.590000e-06	-2.691284e-03	-2.617972e+00
1.600000e-06	-2.277701e-03	-2.343292e+00
1.610000e-06	-3.333454e-03	-2.038476e+00
1.620000e-06	-2.872180e-03	-1.765365e+00
1.630000e-06	-5.283353e-03	-1.492134e+00
1.640000e-06	-6.160334e-03	-1.165340e+00
1.650000e-06	-7.162411e-03	-8.916063e-01
1.660000e-06	-6.431856e-03	-6.049437e-01
1.670000e-06	-7.391710e-03	-2.932107e-01
1.680000e-06	-4.750370e-03	-1.857770e-02
1.690000e-06	5.886559e-03	2.352380e-01
1.700000e-06	2.372790e-03	5.078421e-01
1.710000e-06	2.656673e-03	7.804686e-01
1.720000e-06	1.454948e-03	1.027684e+00
1.730000e-06	-1.349133e-03	1.308296e+00
1.740000e-06	-5.032548e-04	1.644140e+00
1.750000e-06	2.991695e-03	1.885742e+00
1.760000e-06	2.817905e-02	2.116791e+00
1.770000e-06	9.604103e-02	2.380524e+00
1.780000e-06	3.099026e-02	2.748874e+00
1.790000e-06	-5.267302e-02	3.003658e+00
1.800000e-06	-2.955955e-02	3.305243e+00
1.810000e-06	-3.494154e-02	3.571053e+00
1.820000e-06	-5.450579e-02	3.802030e+00
1.830000e-06	-7.194883e-02	4.011603e+00
1.840000e-06	7.346644e-02	4.327767e+00
1.850000e-06	-7.643845e-03	4.571477e+00
1.860000e-06	-3.114701e-02	4.792127e+00
1.870000e-06	1.282591e-01	5.149404e+00
1.880000e-06	-1.221077e-01	5.433160e+00
1.890000e-06	3.581039e-02	5.675243e+00
1.900000e-06	-3.314120e-02	5.990002e+00
1.910000e-06	3.961208e-03	6.223531e+00
1.920000e-06	2.678408e-02	6.516618e+00
1.930000e-06	-6.005637e-02	6.778376e+00
1.940000e-06	3.568773e-02	7.032608e+00
1.950000e-06	-5.081076e-02	7.294666e+00
1.960000e-06	1.571915e-02	7.601502e+00
1.970000e-06	-5.079070e-02	7.833060e+00
1.980000e-06	-5.435217e-03	8.118800e+00
1.990000e-06	2.175783e-02	8.368428e+00
2.000000e-06	-3.290871e-02	8.569374e+00
2.010000e-06	8.607650e-03	8.770359e+00
2.020000e-06	-5.588477e-02	9.031533e+00
2.030000e-06	-1.364842e-02	9.282615e+00
2.040000e-06	-1.252600e-02	9.486114e+00
2.050000e-06	-1.036982e-02	9.744692e+00
2.060000e-06	-2.471220e-02	9.936800e+00
2.070000e-06	-2.773593e-02	1.020625e+01
2.080000e-06	-3.280277e-03	1.036028e+01
2.090000e-06	-3.348326e-02	1.058736e+01
2.100000e-06	-2.539945e-02	1.074843e+01
2.110000e-06	-4.169013e-02	1.097935e+01
2.120000e-06	-1.863124e-02	1.114880e+01
2.130000e-06	-2.094468e-02	1.138941e+01
2.140000e-06	-3.122553e-02	1.160843e+01
2.150000e-06	-4.142741e-02	1.175996e+01
2.160000e-06	-3.635821e-02	1.194788e+01
2.170000e-06	-2.454050e-02	1.216590e+01
2.180000e-06	-3.199228e-02	1.231662e+01
2.190000e-06	-4.063122e-02	1.248472e+01
2.200000e-06	-4.595337e-02	1.264156e+01
2.210000e-06	-3.490560e-02	1.277978e+01
2.220000e-06	-3.717392e-02	1.299581e+01
2.230000e-06	-4.574164e-02	1.310407e+01
2.240000e-06	-5.302710e-02	1.332364e+01
2.250000e-06	-4.212239e-02	1.340833e+01
2.260000e-06	-4.052442e-02	1.354675e+01
2.270000e-06	-4.926435e-02	1.367209e+01
2.280000e-06	-6.232487e-02	1.378738e+01
2.290000e-06	-5.999890e-02	1.392452e+01
2.300000e-06	-5.362129e-02	1.403200e+01
2.310000e-06	-5.529894e-02	1.421886e+01
2.320000e-06	-6.477135e-02	1.430464e+01
2.330000e-06	-6.874154e-02	1.440986e+01
2.340000e-06	-6.270865e-02	1.452457e+01
2.350000e-06	-6.499666e-02	1.458743e+01
2.360000e-06	-7.009836e-02	1.468257e+01
2.370000e-06	-8.153115e-02	1.477675e+01
2.380000e-06	-7.609150e-02	1.483799e+01
2.390000e-06	-7.624392e-02	1.489211e+01
2.400000e-06	-8.025434e-02	1.496370e+01
2.410000e-06	-9.340043e-02	1.500838e+01
2.420000e-06	-9.511044e-02	1.505994e+01
2.430000e-06	-9.022902e-02	1.516056e+01
2.440000e-06	-9.204264e-02	1.514225e+01
2.450000e-06	-1.005877e-01	1.522575e+01
2.460000e-06	-1.081356e-01	1.519786e+01
2.470000e-06	-1.075350e-01	1.524846e+01
2.480000e-06	-1.098555e-01	1.527994e+01
2.490000e-06	-1.179030e-01	1.527996e+01
2.500000e-06	-1.276245e-01	1.528057e+01
2.510000e-06	-1.298934e-01	1.528096e+01
2.520000e-06	-1.295470e-01	1.527054e+01
2.530000e-06	-1.361574e-01	1.527899e+01
2.540000e-06	-1.509387e-01	1.527949e+01
2.550000e-06	-1.604889e-01	1.524783e+01
2.560000e-06	-1.672092e-01	1.521735e+01
2.570000e-06	-1.784341e-01	1.520380e+01
2.580000e-06	-2.001553e-01	1.513367e+01
2.590000e-06	-2.237772e-01	1.512256e+01
2.600000e-06	-2.439794e-01	1.506744e+01
2.610000e-06	-2.492972e-01	1.501438e+01
2.620000e-06	-2.500000e-01	1.495464e+01
2.630000e-06	-2.500000e-01	1.488001e+01
2.640000e-06	-2.500000e-01	1.483838e+01
2.650000e-06	-2.500000e-01	1.475415e+01
2.660000e-06	-2.500000e-01	1.466793e+01
2.670000e-06	-2.500000e-01	1.456427e+01
2.680000e-06	-2.448831e-01	1.452006e+01
2.690000e-06	-2.140493e-01	1.442373e+01
2.700000e-06	-1.891082e-01	1.433101e+01
2.710000e-06	-1.691697e-01	1.418385e+01
2.720000e-06	-1.571582e-01	1.405786e+01
2.730000e-06	-1.382136e-01	1.392097e+01
2.740000e-06	-1.246595e-01	1.378585e+01
2.750000e-06	-1.138475e-01	1.365044e+01
2.760000e-06	-1.099110e-01	1.356222e+01
2.770000e-06	-1.011959e-01	1.342822e+01
2.780000e-06	-9.110858e-02	1.327798e+01
2.790000e-06	-8.348109e-02	1.313007e+01
2.800000e-06	-8.127222e-02	1.297278e+01
2.810000e-06	-7.795564e-02	1.280528e+01
2.820000e-06	-7.131760e-02	1.266898e+01
2.830000e-06	-6.567768e-02	1.252067e+01
2.840000e-06	-6.243736e-02	1.233214e+01
2.850000e-06	-6.342420e-02	1.216525e+01
2.860000e-06	-5.920450e-02	1.203433e+01
2.870000e-06	-5.435066e-02	1.176477e+01
2.880000e-06	-5.146083e-02	1.160330e+01
2.890000e-06	-5.258104e-02	1.139478e+01
2.900000e-06	-5.103027e-02	1.121423e+01
2.910000e-06	-4.682096e-02	1.102533e+01
2.920000e-06	-4.251948e-02	1.082542e+01
2.930000e-06	-4.292097e-02	1.063638e+01
2.940000e-06	-4.363404e-02	1.037230e+01
2.950000e-06	-4.074362e-02	1.020480e+01
2.960000e-06	-3.849104e-02	9.953121e+00
2.970000e-06	-3.655914e-02	9.740616e+00
2.980000e-06	-3.821825e-02	9.490561e+00
2.990000e-06	-3.601620e-02	9.331062e+00
3.000000e-06	-3.521789e-02	9.140060e+00
3.010000e-06	-3.117683e-02	8.816907e+00
3.020000e-06	-3.305846e-02	8.606350e+00
3.030000e-06	-3.192255e-02	8.354374e+00
3.040000e-06	-3.090753e-02	8.144170e+00
3.050000e-06	-2.790078e-02	7.887987e+00
3.060000e-06	-2.859957e-02	7.669405e+00
3.070000e-06	-2.886725e-02	7.385676e+00
3.080000e-06	-2.856970e-02	7.121608e+00
3.090000e-06	-2.564078e-02	6.857458e+00
3.100000e-06	-2.503044e-02	6.615426e+00
3.110000e-06	-2.597983e-02	6.362691e+00
3.120000e-06	-2.502355e-02	6.082084e+00
3.130000e-06	-2.333154e-02	5.875979e+00
3.140000e-06	-2.129355e-02	5.583368e+00
3.150000e-06	-2.249996e-02	5.289983e+00
3.160000e-06	-2.245138e-02	4.992288e+00
3.170000e-06	-2.164789e-02	4.647578e+00
3.180000e-06	-2.010479e-02	4.386802e+00
3.190000e-06	-2.024346e-02	4.151613e+00
3.200000e-06	-2.044920e-02	3.856554e+00
3.210000e-06	-2.015373e-02	3.635870e+00
3.220000e-06	-1.727565e-02	3.339535e+00
3.230000e-06	-1.587246e-02	3.048497e+00
3.240000e-06	-1.703781e-02	2.783868e+00
3.250000e-06	-1.733704e-02	2.438033e+00
3.260000e-06	-1.649478e-02	2.194892e+00
3.270000e-06	-1.347001e-02	1.921241e+00
3.280000e-06	-1.420083e-02	1.638498e+00
3.290000e-06	-1.419266e-02	1.352716e+00
3.300000e-06	-1.433926e-02	1.006419e+00
3.310000e-06	-1.221581e-02	7.316558e-01
3.320000e-06	-1.114804e-02	4.690027e-01
3.330000e-06	-9.770135e-03	1.428438e-01
3.340000e-06	-8.030659e-03	-1.193459e-01
3.350000e-06	4.710615e-03	-3.614759e-01
3.360000e-06	-5.697199e-04	-6.881392e-01
3.370000e-06	2.166943e-03	-9.284182e-01
3.380000e-06	-2.057014e-03	-1.172002e+00
3.390000e-06	8.067369e-04	-1.469289e+00
3.400000e-06	9.262098e-04	-1.698871e+00
3.410000e-06	2.667897e-02	-1.948421e+00
3.420000e-06	1.026764e-01	-2.222179e+00
3.430000e-06	6.236719e-02	-2.561105e+00
3.440000e-06	-4.948816e-02	-2.951553e+00
3.450000e-06	-6.653857e-03	-3.298820e+00
3.460000e-06	-4.483838e-02	-3.538318e+00
3.470000e-06	-6.495580e-02	-3.715423e+00
3.480000e-06	-2.678444e-02	-3.938997e+00
3.490000e-06	1.436637e-01	-4.150322e+00
3.500000e-06	-1.379244e-01	-4.434562e+00
3.510000e-06	1.510081e-01	-4.686792e+00
3.520000e-06	-1.123687e-02	-4.941000e+00
3.530000e-06	-5.354529e-02	-5.338953e+00
3.540000e-06	9.914920e-02	-5.580876e+00
3.550000e-06	-1.462939e-01	-5.856219e+00
3.560000e-06	1.547753e-01	-6.075166e+00
3.570000e-06	-4.265712e-02	-6.331878e+00
3.580000e-06	4.094025e-02	-6.676214e+00
3.590000e-06	5.466706e-02	-6.897743e+00
3.600000e-06	-7.887886e-02	-7.193080e+00
3.610000e-06	1.105429e-01	-7.464039e+00
3.620000e-06	-8.592121e-02	-7.737772e+00
3.630000e-06	1.007421e-01	-8.012084e+00
3.640000e-06	-6.375150e-03	-8.222582e+00
3.650000e-06	1.820461e-02	-8.483194e+00
3.660000e-06	7.697012e-02	-8.756270e+00
3.670000e-06	-7.286836e-02	-9.000476e+00
3.680000e-06	8.840222e-02	-9.158849e+00
3.690000e-06	-5.248468e-02	-9.390933e+00
3.700000e-06	1.015447e-01	-9.653062e+00
3.710000e-06	-1.237110e-02	-9.843562e+00
3.720000e-06	5.061420e-02	-1.008514e+01
3.730000e-06	2.108158e-02	-1.024359e+01
3.740000e-06	8.112012e-03	-1.049735e+01
3.750000e-06	5.964719e-02	-1.070571e+01
3.760000e-06	-1.630310e-02	-1.091372e+01
3.770000e-06	7.285027e-02	-1.109519e+01
3.780000e-06	-9.124591e-03	-1.134627e+01
3.790000e-06	7.634489e-02	-1.150570e+01
3.800000e-06	-2.023649e-03	-1.176522e+01
3.810000e-06	5.418692e-02	-1.191722e+01
3.820000e-06	1.826970e-02	-1.212572e+01
3.830000e-06	5.303088e-02	-1.229415e+01
3.840000e-06	3.849003e-02	-1.246216e+01
3.850000e-06	3.174194e-02	-1.264238e+01
3.860000e-06	4.391844e-02	-1.277985e+01
3.870000e-06	3.113783e-02	-1.297835e+01
3.880000e-06	5.807553e-02	-1.307259e+01
3.890000e-06	3.121476e-02	-1.328164e+01
3.900000e-06	6.026472e-02	-1.340885e+01
3.910000e-06	3.709974e-02	-1.352662e+01
3.920000e-06	6.398910e-02	-1.361356e+01
3.930000e-06	3.923195e-02	-1.377838e+01
3.940000e-06	5.515415e-02	-1.392367e+01
3.950000e-06	4.458430e-02	-1.400146e+01
3.960000e-06	6.347511e-02	-1.414728e+01
3.970000e-06	5.826531e-02	-1.430207e+01
3.980000e-06	6.186110e-02	-1.438933e+01
3.990000e-06	5.996662e-02	-1.449469e+01
4.000000e-06	6.598355e-02	-1.458883e+01
4.010000e-06	7.153872e-02	-1.467206e+01
4.020000e-06	6.855877e-02	-1.468723e+01
4.030000e-06	7.298734e-02	-1.482801e+01
4.040000e-06	7.097883e-02	-1.489212e+01
4.050000e-06	8.196867e-02	-1.499683e+01
4.060000e-06	7.624620e-02	-1.507785e+01
4.070000e-06	8.175934e-02	-1.508149e+01
4.080000e-06	8.106632e-02	-1.511467e+01
4.090000e-06	9.449801e-02	-1.514778e+01
4.100000e-06	9.561803e-02	-1.520845e+01
4.110000e-06	9.799870e-02	-1.522883e+01
4.120000e-06	9.829160e-02	-1.528204e+01
4.130000e-06	1.017441e-01	-1.526406e+01
4.140000e-06	1.091525e-01	-1.533569e+01
4.150000e-06	1.118376e-01	-1.528419e+01
4.160000e-06	1.170646e-01	-1.531509e+01
4.170000e-06	1.220100e-01	-1.531369e+01
4.180000e-06	1.322001e-01	-1.535517e+01
4.190000e-06	1.364868e-01	-1.531217e+01
4.200000e-06	1.418012e-01	-1.530114e+01
4.210000e-06	1.491175e-01	-1.531161e+01
4.220000e-06	1.628720e-01	-1.527139e+01
4.230000e-06	1.791553e-01	-1.519837e+01
4.240000e-06	1.962939e-01	-1.517475e+01
4.250000e-06	2.159780e-01	-1.508212e+01
4.260000e-06	2.410527e-01	-1.506954e+01
4.270000e-06	2.496949e-01	-1.503793e+01
4.280000e-06	2.500000e-01	-1.499423e+01
4.290000e-06	2.500000e-01	-1.490209e+01
4.300000e-06	2.500000e-01	-1.483001e+01
4.310000e-06	2.500000e-01	-1.475267e+01
4.320000e-06	2.500000e-01	-1.468101e+01
4.330000e-06	2.480118e-01	-1.456681e+01
4.340000e-06	2.277725e-01	-1.449414e+01
4.350000e-06	2.001228e-01	-1.439885e+01
4.360000e-06	1.781055e-01	-1.429104e+01
4.370000e-06	1.575671e-01	-1.418585e+01
4.380000e-06	1.401249e-01	-1.404946e+01
4.390000e-06	1.254638e-01	-1.393219e+01
4.400000e-06	1.141047e-01	-1.381731e+01
4.410000e-06	1.026933e-01	-1.369007e+01
4.420000e-06	9.281498e-02	-1.356464e+01
4.430000e-06	8.638730e-02	-1.341728e+01
4.440000e-06	7.958478e-02	-1.329196e+01
4.450000e-06	7.502603e-02	-1.314267e+01
4.460000e-06	6.672685e-02	-1.296575e+01
4.470000e-06	6.247896e-02	-1.285593e+01
4.480000e-06	5.798183e-02	-1.269999e+01
4.490000e-06	5.652209e-02	-1.252309e+01
4.500000e-06	5.122716e-02	-1.237262e+01
4.510000e-06	4.693709e-02	-1.217525e+01
4.520000e-06	4.336036e-02	-1.202478e+01
4.530000e-06	4.202694e-02	-1.183583e+01
4.540000e-06	3.947132e-02	-1.161380e+01
4.550000e-06	3.524182e-02	-1.135530e+01
4.560000e-06	3.499928e-02	-1.118417e+01
4.570000e-06	3.298575e-02	-1.095320e+01
4.580000e-06	3.317807e-02	-1.076427e+01
4.590000e-06	2.868633e-02	-1.060572e+01
4.600000e-06	2.744507e-02	-1.037425e+01
4.610000e-06	2.499415e-02	-1.017369e+01
4.620000e-06	2.460611e-02	-9.922166e+00
4.630000e-06	2.201805e-02	-9.741691e+00
4.640000e-06	2.204641e-02	-9.482136e+00
4.650000e-06	1.955771e-02	-9.258408e+00
4.660000e-06	1.973416e-02	-9.077554e+00
4.670000e-06	1.795133e-02	-8.807902e+00
4.680000e-06	1.661272e-02	-8.604876e+00
4.690000e-06	1.385419e-02	-8.352661e+00
4.700000e-06	1.390051e-02	-8.122086e+00
4.710000e-06	1.403797e-02	-7.899979e+00
4.720000e-06	1.262742e-02	-7.594797e+00
4.730000e-06	1.102897e-02	-7.333647e+00
4.740000e-06	1.056495e-02	-7.078982e+00
4.750000e-06	8.967896e-03	-6.806379e+00
4.760000e-06	8.474021e-03	-6.564847e+00
4.770000e-06	6.389575e-03	-6.320162e+00
4.780000e-06	6.140297e-03	-6.069480e+00
4.790000e-06	5.581301e-03	-5.784322e+00
4.800000e-06	6.276490e-03	-5.471609e+00
4.810000e-06	4.443861e-03	-5.265899e+00
4.820000e-06	2.635417e-03	-4.910083e+00
4.830000e-06	1.718804e-03	-4.616321e+00
4.840000e-06	2.462795e-03	-4.364847e+00
4.850000e-06	1.674762e-03	-4.142262e+00
4.860000e-06	1.234190e-03	-3.838058e+00
4.870000e-06	-1.847209e-03	-3.526312e+00
4.880000e-06	-1.456585e-03	-3.291161e+00
4.890000e-06	-3.873802e-03	-2.986421e+00
4.900000e-06	-1.767956e-03	-2.734187e+00
4.910000e-06	-3.673457e-03	-2.479480e+00
4.920000e-06	-1.919225e-03	-2.165265e+00
4.930000e-06	-3.750767e-03	-1.910607e+00
4.940000e-06	-3.449939e-03	-1.637953e+00
4.950000e-06	-6.667502e-03	-1.281130e+00
4.960000e-06	-7.274698e-03	-9.768685e-01
4.970000e-06	-7.563482e-03	-7.232607e-01
4.980000e-06	-7.103259e-03	-4.068947e-01
4.990000e-06	-5.567021e-03	-1.653409e-01
5.000000e-06	-4.850413e-04	7.889336e-02
5.010000e-06	7.469127e-03	4.030763e-01
5.020000e-06	-1.690136e-03	6.342067e-01
5.030000e-06	4.897762e-03	8.763906e-01
5.040000e-06	-3.079975e-03	1.222079e+00
5.050000e-06	2.243910e-03	1.497338e+00
5.060000e-06	-2.314143e-03	1.781979e+00
5.070000e-06	1.685896e-02	2.001028e+00
5.080000e-06	6.414072e-02	2.243663e+00
5.090000e-06	8.836916e-02	2.632084e+00
5.100000e-06	-4.767409e-02	2.956769e+00
5.110000e-06	-2.986583e-02	3.180976e+00
5.120000e-06	-3.981518e-02	3.495270e+00
5.130000e-06	-3.201810e-02	3.717896e+00
5.140000e-06	-8.642978e-02	3.938367e+00
5.150000e-06	8.797667e-03	4.170971e+00
5.160000e-06	7.887212e-02	4.475713e+00
5.170000e-06	-9.843957e-02	4.717346e+00
5.180000e-06	1.354981e-01	4.950424e+00
5.190000e-06	-4.957517e-02	5.329325e+00
5.200000e-06	-4.350946e-02	5.571003e+00
5.210000e-06	2.548518e-02	5.896690e+00
5.220000e-06	-4.938628e-02	6.146271e+00
5.230000e-06	5.905978e-02	6.359474e+00
5.240000e-06	-5.286162e-02	6.663717e+00
5.250000e-06	9.288632e-03	6.927271e+00
5.260000e-06	-1.330360e-02	7.190928e+00
5.270000e-06	-2.116400e-02	7.423116e+00
5.280000e-06	-3.966105e-03	7.726296e+00
5.290000e-06	-5.289987e-02	8.023111e+00
5.300000e-06	3.789960e-02	8.245115e+00
5.310000e-06	-2.461930e-02	8.474217e+00
5.320000e-06	-4.575634e-03	8.725120e+00
5.330000e-06	-2.288873e-02	8.926272e+00
5.340000e-06	-5.209291e-02	9.147951e+00
5.350000e-06	1.106870e-02	9.379950e+00
5.360000e-06	-2.792337e-02	9.571957e+00
5.370000e-06	-2.063618e-03	9.855109e+00
5.380000e-06	-4.484167e-02	1.009474e+01
5.390000e-06	-5.213901e-05	1.027411e+01
5.400000e-06	-2.488363e-02	1.048262e+01
5.410000e-06	-3.091683e-02	1.067317e+01
5.420000e-06	-3.287452e-02	1.090517e+01
5.430000e-06	-3.612068e-02	1.108412e+01
5.440000e-06	-6.155122e-03	1.130369e+01
5.450000e-06	-3.608843e-02	1.153570e+01
5.460000e-06	-2.851437e-02	1.173585e+01
5.470000e-06	-4.893389e-02	1.190617e+01
5.480000e-06	-1.996442e-02	1.208216e+01
5.490000e-06	-3.212613e-02	1.225144e+01
5.500000e-06	-3.583858e-02	1.240056e+01
5.510000e-06	-4.797464e-02	1.262983e+01
5.520000e-06	-4.029747e-02	1.275975e+01
5.530000e-06	-3.161407e-02	1.291374e+01
5.540000e-06	-4.497008e-02	1.302201e+01
5.550000e-06	-4.898480e-02	1.318943e+01
5.560000e-06	-5.073090e-02	1.334627e+01
5.570000e-06	-3.566906e-02	1.350316e+01
5.580000e-06	-4.730081e-02	1.361986e+01
5.590000e-06	-5.738924e-02	1.374577e+01
5.600000e-06	-6.440355e-02	1.388202e+01
5.610000e-06	-5.395475e-02	1.402831e+01
5.620000e-06	-5.247222e-02	1.410587e+01
5.630000e-06	-6.118728e-02	1.426141e+01
5.640000e-06	-6.935472e-02	1.438585e+01
5.650000e-06	-6.498865e-02	1.446259e+01
5.660000e-06	-6.081777e-02	1.454482e+01
5.670000e-06	-6.707691e-02	1.462153e+01
5.680000e-06	-7.839844e-02	1.472430e+01
5.690000e-06	-7.959436e-02	1.481746e+01
5.700000e-06	-7.463811e-02	1.488003e+01
5.710000e-06	-7.737641e-02	1.495364e+01
5.720000e-06	-8.976597e-02	1.496633e+01
5.730000e-06	-9.516533e-02	1.502983e+01
5.740000e-06	-9.210628e-02	1.511004e+01
5.750000e-06	-8.953239e-02	1.516160e+01
5.760000e-06	-9.714325e-02	1.518580e+01
5.770000e-06	-1.087701e-01	1.520788e+01
5.780000e-06	-1.081012e-01	1.525749e+01
5.790000e-06	-1.080191e-01	1.527893e+01
5.800000e-06	-1.115510e-01	1.525043e+01
5.810000e-06	-1.239641e-01	1.531299e+01
5.820000e-06	-1.293490e-01	1.525104e+01
5.830000e-06	-1.282503e-01	1.528049e+01
5.840000e-06	-1.327192e-01	1.525806e+01
5.850000e-06	-1.461965e-01	1.526748e+01
5.860000e-06	-1.592113e-01	1.523944e+01
5.870000e-06	-1.651980e-01	1.524680e+01
5.880000e-06	-1.720148e-01	1.518683e+01
5.890000e-06	-1.887285e-01	1.512370e+01
5.900000e-06	-2.139536e-01	1.515159e+01
5.910000e-06	-2.354871e-01	1.508146e+01
5.920000e-06	-2.484833e-01	1.502538e+01
5.930000e-06	-2.500000e-01	1.496420e+01
5.940000e-06	-2.500000e-01	1.490014e+01
5.950000e-06	-2.500000e-01	1.485901e+01
5.960000e-06	-2.500000e-01	1.476525e+01
5.970000e-06	-2.500000e-01	1.471012e+01
5.980000e-06	-2.500000e-01	1.459728e+01
5.990000e-06	-2.487942e-01	1.455309e+01
6.000000e-06	-2.260161e-01	1.443933e+01
6.010000e-06	-1.980512e-01	1.434212e+01
6.020000e-06	-1.750364e-01	1.422883e+01
6.030000e-06	-1.629049e-01	1.410799e+01
6.040000e-06	-1.461587e-01	1.399312e+01
6.050000e-06	-1.317341e-01	1.388893e+01
6.060000e-06	-1.166497e-01	1.374154e+01
6.070000e-06	-1.117955e-01	1.360582e+01
6.080000e-06	-1.040462e-01	1.346838e+01
6.090000e-06	-9.453240e-02	1.333114e+01
6.100000e-06	-8.443315e-02	1.319577e+01
6.110000e-06	-8.102910e-02	1.304733e+01
6.120000e-06	-7.907959e-02	1.286904e+01
6.130000e-06	-7.580230e-02	1.272114e+01
6.140000e-06	-6.783732e-02	1.257477e+01
6.150000e-06	-6.391380e-02	1.237535e+01
6.160000e-06	-6.287101e-02	1.227688e+01
6.170000e-06	-6.199422e-02	1.207646e+01
6.180000e-06	-5.537338e-02	1.189599e+01
6.190000e-06	-5.216231e-02	1.168746e+01
6.200000e-06	-5.212909e-02	1.150951e+01
6.210000e-06	-5.258629e-02	1.129701e+01
6.220000e-06	-4.923819e-02	1.108948e+01
6.230000e-06	-4.339016e-02	1.090059e+01
6.240000e-06	-4.246506e-02	1.071949e+01
6.250000e-06	-4.367599e-02	1.048856e+01
6.260000e-06	-4.350651e-02	1.026698e+01
6.270000e-06	-3.921311e-02	1.005693e+01
6.280000e-06	-3.713871e-02	9.846252e+00
6.290000e-06	-3.669373e-02	9.604253e+00
6.300000e-06	-3.743091e-02	9.405796e+00
6.310000e-06	-3.485475e-02	9.153744e+00
6.320000e-06	-3.208863e-02	8.939687e+00
6.330000e-06	-3.310531e-02	8.691058e+00
6.340000e-06	-3.381721e-02	8.469010e+00
6.350000e-06	-3.348637e-02	8.257426e+00
6.360000e-06	-2.830292e-02	8.045871e+00
6.370000e-06	-2.764732e-02	7.783567e+00
6.380000e-06	-2.801331e-02	7.478582e+00
6.390000e-06	-2.894325e-02	7.226805e+00
6.400000e-06	-2.662951e-02	6.983769e+00
6.410000e-06	-2.523138e-02	6.750132e+00
6.420000e-06	-2.457018e-02	6.446947e+00
6.430000e-06	-2.722450e-02	6.204846e+00
6.440000e-06	-2.451802e-02	5.952242e+00
6.450000e-06	-2.206679e-02	5.659104e+00
6.460000e-06	-2.158004e-02	5.404849e+00
6.470000e-06	-2.272560e-02	5.079553e+00
6.480000e-06	-2.151849e-02	4.755344e+00
6.490000e-06	-1.931624e-02	4.522111e+00
6.500000e-06	-1.855118e-02	4.248030e+00
6.510000e-06	-2.000342e-02	3.973840e+00
6.520000e-06	-2.049850e-02	3.721633e+00
6.530000e-06	-1.976185e-02	3.425926e+00
6.540000e-06	-1.780540e-02	3.142187e+00
6.550000e-06	-1.667249e-02	2.929481e+00
6.560000e-06	-1.695485e-02	2.646317e+00
6.570000e-06	-1.610939e-02	2.301108e+00
6.580000e-06	-1.520601e-02	2.018449e+00
6.590000e-06	-1.302934e-02	1.784792e+00
6.600000e-06	-1.491008e-02	1.448103e+00
6.610000e-06	-1.382687e-02	1.143290e+00
6.620000e-06	-1.391711e-02	8.074263e-01
6.630000e-06	-1.008774e-02	5.447897e-01
6.640000e-06	-1.099140e-02	3.101530e-01
6.650000e-06	-8.708974e-03	-2.315520e-02
6.660000e-06	-1.969844e-03	-2.672142e-01
6.670000e-06	5.168431e-03	-5.309171e-01
6.680000e-06	-2.418772e-03	-8.326039e-01
6.690000e-06	1.680349e-03	-1.067767e+00
6.700000e-06	-2.424839e-03	-1.371127e+00
6.710000e-06	2.333724e-03	-1.624708e+00
6.720000e-06	1.017555e-02	-1.835263e+00
6.730000e-06	6.310096e-02	-2.047789e+00
6.740000e-06	1.173510e-01	-2.414155e+00
6.750000e-06	-3.757837e-02	-2.785011e+00
6.760000e-06	-9.507940e-03	-3.202603e+00
6.770000e-06	-3.916619e-02	-3.393110e+00
6.780000e-06	-3.994121e-02	-3.643135e+00
6.790000e-06	-9.202221e-02	-3.886243e+00
6.800000e-06	1.352582e-01	-4.042584e+00
6.810000e-06	-4.057830e-02	-4.269740e+00
6.820000e-06	-8.494234e-03	-4.573084e+00
6.830000e-06	1.385843e-01	-4.854113e+00
6.840000e-06	-1.419727e-01	-5.201479e+00
6.850000e-06	1.352729e-01	-5.497261e+00
6.860000e-06	-1.077121e-01	-5.729450e+00
6.870000e-06	3.284303e-02	-6.021060e+00
6.880000e-06	9.146600e-02	-6.222561e+00
6.890000e-06	-7.094966e-02	-6.538902e+00
6.900000e-06	1.362889e-01	-6.781436e+00
6.910000e-06	-9.968748e-02	-7.086792e+00
6.920000e-06	7.612433e-02	-7.350402e+00
6.930000e-06	-1.462350e-02	-7.620531e+00
6.940000e-06	-2.158949e-03	-7.899346e+00
6.950000e-06	9.598060e-02	-8.136796e+00
6.960000e-06	-6.566061e-02	-8.370979e+00
6.970000e-06	1.259475e-01	-8.601912e+00
6.980000e-06	-6.827056e-02	-8.886668e+00
6.990000e-06	5.139614e-02	-9.095241e+00
7.000000e-06	-3.026479e-03	-9.254668e+00
7.010000e-06	2.662134e-02	-9.569928e+00
7.020000e-06	6.822723e-02	-9.758325e+00
7.030000e-06	-1.978127e-02	-9.998956e+00
7.040000e-06	8.306859e-02	-1.021083e+01
7.050000e-06	-3.835547e-02	-1.045259e+01
7.060000e-06	8.463905e-02	-1.062306e+01
7.070000e-06	-2.213785e-02	-1.082106e+01
7.080000e-06	6.045850e-02	-1.101296e+01
7.090000e-06	1.047409e-02	-1.123251e+01
7.100000e-06	4.583170e-02	-1.144354e+01
7.110000e-06	3.670746e-02	-1.165204e+01
7.120000e-06	1.687391e-02	-1.184306e+01
7.130000e-06	4.990267e-02	-1.200211e+01
7.140000e-06	1.981385e-02	-1.221004e+01
7.150000e-06	6.618776e-02	-1.241786e+01
7.160000e-06	1.248551e-02	-1.255933e+01
7.170000e-06	5.486741e-02	-1.271660e+01
7.180000e-06	2.090544e-02	-1.286369e+01
7.190000e-06	6.114507e-02	-1.306096e+01
7.200000e-06	3.295918e-02	-1.319735e+01
7.210000e-06	5.447666e-02	-1.335622e+01
7.220000e-06	4.293853e-02	-1.345294e+01
7.230000e-06	5.565429e-02	-1.359933e+01
7.240000e-06	5.007669e-02	-1.376723e+01
7.250000e-06	4.506338e-02	-1.384209e+01
7.260000e-06	5.148234e-02	-1.400743e+01
7.270000e-06	5.227571e-02	-1.413513e+01
7.280000e-06	6.632789e-02	-1.422096e+01
7.290000e-06	5.660087e-02	-1.432528e+01
7.300000e-06	6.231010e-02	-1.444106e+01
7.310000e-06	5.929785e-02	-1.454572e+01
7.320000e-06	7.360217e-02	-1.462091e+01
7.330000e-06	6.768008e-02	-1.469714e+01
7.340000e-06	7.609010e-02	-1.480035e+01
7.350000e-06	6.885502e-02	-1.489309e+01
7.360000e-06	8.174627e-02	-1.492565e+01
7.370000e-06	7.420014e-02	-1.497630e+01
7.380000e-06	7.944752e-02	-1.504946e+01
7.390000e-06	7.829565e-02	-1.512257e+01
7.400000e-06	8.924604e-02	-1.512620e+01
7.410000e-06	9.848022e-02	-1.516638e+01
7.420000e-06	9.759107e-02	-1.526941e+01
7.430000e-06	9.992295e-02	-1.523954e+01
7.440000e-06	9.930558e-02	-1.522116e+01
7.450000e-06	1.069671e-01	-1.531471e+01
7.460000e-06	1.074575e-01	-1.530169e+01
7.470000e-06	1.132898e-01	-1.531565e+01
7.480000e-06	1.177892e-01	-1.533423e+01
7.490000e-06	1.295502e-01	-1.533364e+01
7.500000e-06	1.352759e-01	-1.532522e+01
7.510000e-06	1.410723e-01	-1.529309e+01
7.520000e-06	1.459607e-01	-1.525209e+01
7.530000e-06	1.579256e-01	-1.530261e+01
7.540000e-06	1.716622e-01	-1.521848e+01
7.550000e-06	1.875736e-01	-1.515680e+01
7.560000e-06	2.059691e-01	-1.512565e+01
7.570000e-06	2.316127e-01	-1.510209e+01
7.580000e-06	2.480828e-01	-1.504994e+01
7.590000e-06	2.500000e-01	-1.501683e+01
7.600000e-06	2.500000e-01	-1.491360e+01
7.610000e-06	2.500000e-01	-1.485153e+01
7.620000e-06	2.500000e-01	-1.479638e+01
7.630000e-06	2.500000e-01	-1.468259e+01
7.640000e-06	2.499850e-01	-1.464843e+01
7.650000e-06	2.378633e-01	-1.453414e+01
7.660000e-06	2.106434e-01	-1.443943e+01
7.670000e-06	1.871394e-01	-1.434315e+01
7.680000e-06	1.657678e-01	-1.425981e+01
7.690000e-06	1.468065e-01	-1.409222e+01
7.700000e-06	1.311175e-01	-1.402478e+01
7.710000e-06	1.193081e-01	-1.388006e+01
7.720000e-06	1.076168e-01	-1.373317e+01
7.730000e-06	9.657809e-02	-1.362542e+01
7.740000e-06	8.722658e-02	-1.349144e+01
7.750000e-06	8.163188e-02	-1.333267e+01
7.760000e-06	7.742967e-02	-1.321535e+01
7.770000e-06	7.103180e-02	-1.305988e+01
7.780000e-06	6.442622e-02	-1.292214e+01
7.790000e-06	5.966826e-02	-1.275322e+01
7.800000e-06	5.711995e-02	-1.256620e+01
7.810000e-06	5.368155e-02	-1.241793e+01
7.820000e-06	4.906863e-02	-1.227893e+01
7.830000e-06	4.465367e-02	-1.205799e+01
7.840000e-06	4.314606e-02	-1.189949e+01
7.850000e-06	4.096586e-02	-1.166003e+01
7.860000e-06	3.783387e-02	-1.145896e+01
7.870000e-06	3.493444e-02	-1.128743e+01
7.880000e-06	3.327004e-02	-1.102693e+01
7.890000e-06	3.255064e-02	-1.081690e+01
7.900000e-06	3.091390e-02	-1.066899e+01
7.910000e-06	2.836464e-02	-1.049003e+01
7.920000e-06	2.605086e-02	-1.020730e+01
7.930000e-06	2.532982e-02	-1.001735e+01
7.940000e-06	2.318600e-02	-9.826900e+00
7.950000e-06	2.082964e-02	-9.595400e+00
7.960000e-06	1.968248e-02	-9.334270e+00
7.970000e-06	1.910772e-02	-9.132692e+00
7.980000e-06	1.993192e-02	-8.953166e+00
7.990000e-06	1.736221e-02	-8.721114e+00
8.000000e-06	1.618750e-02	-8.419053e+00
8.010000e-06	1.382517e-02	-8.206898e+00
8.020000e-06	1.417227e-02	-7.965198e+00
8.030000e-06	1.219059e-02	-7.692185e+00
8.040000e-06	1.184578e-02	-7.437923e+00
8.050000e-06	1.032780e-02	-7.155798e+00
8.060000e-06	9.023396e-03	-6.932611e+00
8.070000e-06	9.363223e-03	-6.650030e+00
8.080000e-06	7.952721e-03	-6.427951e+00
8.090000e-06	6.832890e-03	-6.154292e+00
8.100000e-06	5.557715e-03	-5.910580e+00
8.110000e-06	5.068159e-03	-5.588978e+00
8.120000e-06	5.391734e-03	-5.342741e+00
8.130000e-06	1.554355e-03	-5.058452e+00
8.140000e-06	2.042174e-03	-4.701734e+00
8.150000e-06	2.430078e-03	-4.461029e+00
8.160000e-06	2.333507e-03	-4.217478e+00
8.170000e-06	7.788295e-04	-3.955395e+00
8.180000e-06	-6.126037e-04	-3.650554e+00
8.190000e-06	-1.299782e-03	-3.397450e+00
8.200000e-06	-2.479408e-03	-3.132289e+00
8.210000e-06	-2.000896e-03	-2.789000e+00
8.220000e-06	-3.095004e-03	-2.563267e+00
8.230000e-06	-2.421501e-03	-2.272209e+00
8.240000e-06	-3.328842e-03	-1.956896e+00
8.250000e-06	-3.784711e-03	-1.743211e+00
8.260000e-06	-5.658193e-03	-1.417399e+00
8.270000e-06	-6.005673e-03	-1.111612e+00
8.280000e-06	-6.649259e-03	-8.105525e-01
8.290000e-06	-6.973091e-03	-4.937082e-01
8.300000e-06	-6.428467e-03	-3.010040e-01
8.310000e-06	-4.059592e-03	6.052569e-04
8.320000e-06	7.781280e-03	3.178434e-01
8.330000e-06	-4.589547e-04	5.694763e-01
8.340000e-06	4.964845e-03	8.011065e-01
8.350000e-06	-2.337639e-03	1.087347e+00
8.360000e-06	2.033938e-03	1.360921e+00
8.370000e-06	-2.893575e-03	1.716793e+00
8.380000e-06	9.806086e-03	1.928770e+00
8.390000e-06	3.536923e-02	2.128398e+00
8.400000e-06	1.066656e-01	2.413582e+00
8.410000e-06	-3.450227e-03	2.802078e+00
8.420000e-06	-4.380263e-02	3.105840e+00
8.430000e-06	-3.464948e-02	3.399426e+00
8.440000e-06	-2.910968e-02	3.612634e+00
8.450000e-06	-6.942552e-02	3.843137e+00
8.460000e-06	-5.290851e-02	4.054683e+00
8.470000e-06	9.278056e-02	4.350875e+00
8.480000e-06	-5.441027e-02	4.614159e+00
8.490000e-06	2.883908e-02	4.873611e+00
8.500000e-06	8.474456e-02	5.181583e+00
8.510000e-06	-1.188269e-01	5.495217e+00
8.520000e-06	5.226188e-02	5.738925e+00
8.530000e-06	-5.411596e-02	6.022108e+00
8.540000e-06	3.103383e-02	6.294665e+00
8.550000e-06	-1.256809e-04	6.557854e+00
8.560000e-06	-4.576482e-02	6.813133e+00
8.570000e-06	3.199722e-02	7.056641e+00
8.580000e-06	-5.403740e-02	7.337806e+00
8.590000e-06	2.439263e-02	7.651582e+00
8.600000e-06	-6.607638e-02	7.913675e+00
8.610000e-06	1.750910e-02	8.189478e+00
8.620000e-06	5.243692e-03	8.420452e+00
8.630000e-06	-2.616269e-02	8.620930e+00
8.640000e-06	5.859086e-03	8.853533e+00
8.650000e-06	-6.542700e-02	9.062589e+00
8.660000e-06	3.264305e-03	9.295196e+00
8.670000e-06	-2.491267e-02	9.516271e+00
8.680000e-06	-7.532575e-04	9.770351e+00
8.690000e-06	-3.700362e-02	9.978380e+00
8.700000e-06	-1.543796e-02	1.020783e+01
8.710000e-06	-9.171033e-03	1.038888e+01
8.720000e-06	-3.367109e-02	1.062186e+01
8.730000e-06	-2.597711e-02	1.079001e+01
8.740000e-06	-4.435761e-02	1.102093e+01
8.750000e-06	-1.121872e-02	1.124149e+01
8.760000e-06	-2.859677e-02	1.143041e+01
8.770000e-06	-2.750411e-02	1.157203e+01
8.780000e-06	-4.733369e-02	1.182046e+01
8.790000e-06	-2.892960e-02	1.200996e+01
8.800000e-06	-2.711789e-02	1.218884e+01
8.810000e-06	-3.233904e-02	1.235730e+01
8.820000e-06	-4.427047e-02	1.255675e+01
8.830000e-06	-4.601655e-02	1.264151e+01
8.840000e-06	-3.223179e-02	1.288001e+01
8.850000e-06	-4.122175e-02	1.300786e+01
8.860000e-06	-4.622477e-02	1.312515e+01
8.870000e-06	-5.482695e-02	1.329317e+01
8.880000e-06	-3.762456e-02	1.341146e+01
8.890000e-06	-4.362424e-02	1.357480e+01
8.900000e-06	-5.033102e-02	1.372314e+01
8.910000e-06	-6.530863e-02	1.384691e+01
8.920000e-06	-5.726426e-02	1.394408e+01
8.930000e-06	-5.340228e-02	1.409267e+01
8.940000e-06	-5.685420e-02	1.425896e+01
8.950000e-06	-6.594712e-02	1.432470e+01
8.960000e-06	-6.972676e-02	1.443841e+01
8.970000e-06	-6.157360e-02	1.453570e+01
8.980000e-06	-6.591110e-02	1.459950e+01
8.990000e-06	-7.241678e-02	1.469167e+01
9.000000e-06	-8.145941e-02	1.475528e+01
9.010000e-06	-7.336153e-02	1.485949e+01
9.020000e-06	-7.626150e-02	1.493161e+01
9.030000e-06	-8.258538e-02	1.497420e+01
9.040000e-06	-9.622297e-02	1.500733e+01
9.050000e-06	-9.549748e-02	1.503996e+01
9.060000e-06	-9.072948e-02	1.512012e+01
9.070000e-06	-9.242212e-02	1.514380e+01
9.080000e-06	-1.020655e-01	1.521580e+01
9.090000e-06	-1.090926e-01	1.524795e+01
9.100000e-06	-1.073956e-01	1.524996e+01
9.110000e-06	-1.099388e-01	1.523901e+01
9.120000e-06	-1.206410e-01	1.531049e+01
9.130000e-06	-1.288249e-01	1.529899e+01
9.140000e-06	-1.311015e-01	1.526952e+01
9.150000e-06	-1.293342e-01	1.529796e+01
9.160000e-06	-1.383949e-01	1.526791e+01
9.170000e-06	-1.517738e-01	1.526893e+01
9.180000e-06	-1.613808e-01	1.525533e+01
9.190000e-06	-1.702158e-01	1.522628e+01
9.200000e-06	-1.824778e-01	1.517322e+01
9.210000e-06	-2.052891e-01	1.513162e+01
9.220000e-06	-2.281587e-01	1.510096e+01
9.230000e-06	-2.450188e-01	1.505891e+01
9.240000e-06	-2.500000e-01	1.495520e+01
9.250000e-06	-2.500000e-01	1.489167e+01
9.260000e-06	-2.500000e-01	1.484004e+01
9.270000e-06	-2.500000e-01	1.484531e+01
9.280000e-06	-2.500000e-01	1.471352e+01
9.290000e-06	-2.500000e-01	1.467793e+01
9.300000e-06	-2.499900e-01	1.456322e+01
9.310000e-06	-2.387084e-01	1.448051e+01
9.320000e-06	-2.092379e-01	1.439478e+01
9.330000e-06	-1.824121e-01	1.427843e+01
9.340000e-06	-1.674413e-01	1.415215e+01
9.350000e-06	-1.524835e-01	1.404743e+01
9.360000e-06	-1.373113e-01	1.392152e+01
9.370000e-06	-1.206092e-01	1.381325e+01
9.380000e-06	-1.142028e-01	1.366693e+01
9.390000e-06	-1.073133e-01	1.354062e+01
9.400000e-06	-1.010967e-01	1.334327e+01
9.410000e-06	-8.931034e-02	1.325890e+01
9.420000e-06	-8.272568e-02	1.309999e+01
9.430000e-06	-8.005601e-02	1.294219e+01
9.440000e-06	-7.706389e-02	1.278380e+01
9.450000e-06	-7.037770e-02	1.263685e+01
9.460000e-06	-6.476292e-02	1.245808e+01
9.470000e-06	-6.355821e-02	1.230952e+01
9.480000e-06	-6.276479e-02	1.216114e+01
9.490000e-06	-5.912610e-02	1.197317e+01
9.500000e-06	-5.347056e-02	1.176272e+01
9.510000e-06	-5.057589e-02	1.157170e+01
9.520000e-06	-5.260099e-02	1.134279e+01
9.530000e-06	-5.005203e-02	1.118167e+01
9.540000e-06	-4.636763e-02	1.097475e+01
9.550000e-06	-4.272080e-02	1.079482e+01
9.560000e-06	-4.376681e-02	1.055277e+01
9.570000e-06	-4.366473e-02	1.035169e+01
9.580000e-06	-4.111690e-02	1.012312e+01
9.590000e-06	-3.713312e-02	9.932518e+00
9.600000e-06	-3.739692e-02	9.688461e+00
9.610000e-06	-3.796945e-02	9.468037e+00
9.620000e-06	-3.674698e-02	9.269529e+00
9.630000e-06	-3.333226e-02	9.015808e+00
9.640000e-06	-3.167597e-02	8.804846e+00
9.650000e-06	-3.245029e-02	8.543723e+00
9.660000e-06	-3.339713e-02	8.362642e+00
9.670000e-06	-3.088068e-02	8.111112e+00
9.680000e-06	-2.838540e-02	7.855881e+00
9.690000e-06	-2.826408e-02	7.604319e+00
9.700000e-06	-2.892186e-02	7.380662e+00
9.710000e-06	-2.795425e-02	7.058029e+00
9.720000e-06	-2.474762e-02	6.836329e+00
9.730000e-06	-2.409223e-02	6.541164e+00
9.740000e-06	-2.581955e-02	6.340556e+00
9.750000e-06	-2.555917e-02	6.078905e+00
9.760000e-06	-2.320008e-02	5.806292e+00
9.770000e-06	-2.157427e-02	5.520658e+00
9.780000e-06	-2.223327e-02	5.215400e+00
9.790000e-06	-2.302871e-02	4.930634e+00
9.800000e-06	-2.102232e-02	4.627401e+00
9.810000e-06	-1.901980e-02	4.383192e+00
9.820000e-06	-1.910578e-02	4.088949e+00
9.830000e-06	-1.963543e-02	3.774946e+00
9.840000e-06	-1.876678e-02	3.553700e+00
9.850000e-06	-1.723762e-02	3.227483e+00
9.860000e-06	-1.654184e-02	2.994872e+00
9.870000e-06	-1.781974e-02	2.724159e+00
9.880000e-06	-1.801859e-02	2.374869e+00
9.890000e-06	-1.652049e-02	2.153311e+00
9.900000e-06	-1.396500e-02	1.818129e+00
9.910000e-06	-1.333420e-02	1.573812e+00
9.920000e-06	-1.334155e-02	1.290557e+00
9.930000e-06	-1.271688e-02	9.631861e-01
9.940000e-06	-1.157330e-02	6.685303e-01
9.950000e-06	-1.098066e-02	4.068739e-01
9.960000e-06	-9.806368e-03	1.421296e-01
9.970000e-06	-6.217198e-03	-1.525224e-01
9.980000e-06	5.829031e-03	-3.930039e-01
9.990000e-06	-2.225869e-03	-7.184185e-01
1.000000e-05	3.398254e-03	-9.709473e-01
1.001000e-05	-2.284189e-03	-1.224188e+00
1.002000e-05	2.656869e-03	-1.551447e+00
1.003000e-05	2.098645e-03	-1.730051e+00
1.004000e-05	3.507898e-02	-1.971579e+00
1.005000e-05	1.187520e-01	-2.247837e+00
1.006000e-05	2.499641e-02	-2.627160e+00
1.007000e-05	-3.952992e-02	-3.067763e+00
1.008000e-05	-1.696156e-02	-3.339374e+00
1.009000e-05	-4.014208e-02	-3.559374e+00
1.010000e-05	-8.180008e-02	-3.770606e+00
1.011000e-05	2.702095e-02	-3.989476e+00
1.012000e-05	1.038720e-01	-4.170978e+00
1.013000e-05	-1.265504e-01	-4.526736e+00
1.014000e-05	1.863403e-01	-4.739476e+00
1.015000e-05	-8.650964e-02	-4.995163e+00
1.016000e-05	2.466090e-02	-5.411553e+00
1.017000e-05	4.079916e-02	-5.602555e+00
1.018000e-05	-1.187243e-01	-5.917869e+00
1.019000e-05	1.655999e-01	-6.177344e+00
1.020000e-05	-8.504624e-02	-6.445610e+00
1.021000e-05	9.705296e-02	-6.716894e+00
1.022000e-05	-5.973566e-03	-6.969849e+00
1.023000e-05	-3.436743e-02	-7.284192e+00
1.024000e-05	8.831579e-02	-7.464213e+00
1.025000e-05	-8.595406e-02	-7.792985e+00
1.026000e-05	1.272109e-01	-8.034662e+00
1.027000e-05	-5.114094e-02	-8.265662e+00
1.028000e-05	6.915435e-02	-8.547297e+00
1.029000e-05	2.696073e-02	-8.751879e+00
1.030000e-05	-4.132604e-02	-9.022014e+00
1.031000e-05	7.467447e-02	-9.220005e+00
1.032000e-05	-4.702325e-02	-9.445141e+00
1.033000e-05	1.142983e-01	-9.655139e+00
1.034000e-05	-3.762895e-02	-9.896688e+00
1.035000e-05	8.071278e-02	-1.012572e+01
1.036000e-05	-1.157798e-02	-1.033585e+01
1.037000e-05	4.249293e-02	-1.059833e+01
1.038000e-05	3.018829e-02	-1.073780e+01
1.039000e-05	5.387142e-03	-1.094727e+01
1.040000e-05	5.961070e-02	-1.114925e+01
1.041000e-05	-2.101577e-04	-1.136842e+01
1.042000e-05	7.516676e-02	-1.155788e+01
1.043000e-05	-7.787931e-03	-1.175825e+01
1.044000e-05	6.399668e-02	-1.196835e+01
1.045000e-05	8.657579e-03	-1.218730e+01
1.046000e-05	6.521805e-02	-1.228674e+01
1.047000e-05	2.322847e-02	-1.249317e+01
1.048000e-05	4.296941e-02	-1.269056e+01
1.049000e-05	3.379084e-02	-1.279108e+01
1.050000e-05	4.250314e-02	-1.298788e+01
1.051000e-05	5.045637e-02	-1.311667e+01
1.052000e-05	3.663166e-02	-1.332316e+01
1.053000e-05	5.724719e-02	-1.341988e+01
1.054000e-05	4.010413e-02	-1.356633e+01
1.055000e-05	6.325787e-02	-1.367519e+01
1.056000e-05	3.815532e-02	-1.383891e+01
1.057000e-05	5.613632e-02	-1.392625e+01
1.058000e-05	4.562501e-02	-1.409302e+01
1.059000e-05	6.757828e-02	-1.417978e+01
1.060000e-05	5.585644e-02	-1.430410e+01
1.061000e-05	6.386000e-02	-1.439933e+01
1.062000e-05	5.750874e-02	-1.454462e+01
1.063000e-05	6.893833e-02	-1.460936e+01
1.064000e-05	6.866371e-02	-1.467259e+01
1.065000e-05	6.883565e-02	-1.479733e+01
1.066000e-05	7.192553e-02	-1.482006e+01
1.067000e-05	7.445289e-02	-1.489464e+01
1.068000e-05	8.171035e-02	-1.498470e+01
1.069000e-05	7.674718e-02	-1.504051e+01
1.070000e-05	8.259313e-02	-1.508194e+01
1.071000e-05	8.339550e-02	-1.511520e+01
1.072000e-05	9.556385e-02	-1.516678e+01
1.073000e-05	9.339418e-02	-1.517945e+01
1.074000e-05	9.731427e-02	-1.521051e+01
1.075000e-05	9.664243e-02	-1.527257e+01
1.076000e-05	1.048239e-01	-1.526209e+01
1.077000e-05	1.100158e-01	-1.527314e+01
1.078000e-05	1.136136e-01	-1.530517e+01
1.079000e-05	1.177358e-01	-1.533219e+01
1.080000e-05	1.241960e-01	-1.535422e+01
1.081000e-05	1.314504e-01	-1.529317e+01
1.082000e-05	1.345799e-01	-1.529369e+01
1.083000e-05	1.414437e-01	-1.530302e+01
1.084000e-05	1.510687e-01	-1.526996e+01
1.085000e-05	1.685025e-01	-1.524946e+01
1.086000e-05	1.839535e-01	-1.517838e+01
1.087000e-05	1.991584e-01	-1.513370e+01
1.088000e-05	2.206643e-01	-1.510267e+01
1.089000e-05	2.441765e-01	-1.505997e+01
1.090000e-05	2.500000e-01	-1.505833e+01
1.091000e-05	2.500000e-01	-1.497525e+01
1.092000e-05	2.500000e-01	-1.487196e+01
1.093000e-05	2.500000e-01	-1.482740e+01
1.094000e-05	2.500000e-01	-1.476372e+01
1.095000e-05	2.500000e-01	-1.470048e+01
1.096000e-05	2.468587e-01	-1.456427e+01
1.097000e-05	2.221304e-01	-1.448201e+01
1.098000e-05	1.965588e-01	-1.438430e+01
1.099000e-05	1.736188e-01	-1.427954e+01
1.100000e-05	1.531921e-01	-1.417427e+01
1.101000e-05	1.360818e-01	-1.403886e+01
1.102000e-05	1.236828e-01	-1.393359e+01
1.103000e-05	1.130675e-01	-1.376733e+01
1.104000e-05	1.018588e-01	-1.367903e+01
1.105000e-05	9.149892e-02	-1.351264e+01
1.106000e-05	8.413031e-02	-1.340580e+01
1.107000e-05	7.886303e-02	-1.326039e+01
1.108000e-05	7.180674e-02	-1.311012e+01
1.109000e-05	6.640164e-02	-1.297470e+01
1.110000e-05	6.121701e-02	-1.278630e+01
1.111000e-05	5.879693e-02	-1.265045e+01
1.112000e-05	5.514612e-02	-1.251306e+01
1.113000e-05	5.107342e-02	-1.232264e+01
1.114000e-05	4.645803e-02	-1.217312e+01
1.115000e-05	4.460052e-02	-1.198264e+01
1.116000e-05	4.150703e-02	-1.176379e+01
1.117000e-05	3.893814e-02	-1.156672e+01
1.118000e-05	3.573668e-02	-1.130114e+01
1.119000e-05	3.471399e-02	-1.110267e+01
1.120000e-05	3.420174e-02	-1.092164e+01
1.121000e-05	3.236002e-02	-1.077469e+01
1.122000e-05	2.844994e-02	-1.051372e+01
1.123000e-05	2.640869e-02	-1.035112e+01
1.124000e-05	2.535230e-02	-1.011168e+01
1.125000e-05	2.388759e-02	-9.901087e+00
1.126000e-05	2.212462e-02	-9.692986e+00
1.127000e-05	2.050924e-02	-9.468981e+00
1.128000e-05	2.061473e-02	-9.236404e+00
1.129000e-05	2.018337e-02	-9.006250e+00
1.130000e-05	1.841222e-02	-8.765350e+00
1.131000e-05	1.580197e-02	-8.492191e+00
1.132000e-05	1.439179e-02	-8.292085e+00
1.133000e-05	1.455956e-02	-8.049059e+00
1.134000e-05	1.312530e-02	-7.826324e+00
1.135000e-05	1.188131e-02	-7.501638e+00
1.136000e-05	9.441250e-03	-7.210986e+00
1.137000e-05	1.045594e-02	-7.027425e+00
1.138000e-05	9.161008e-03	-6.744263e+00
1.139000e-05	9.319898e-03	-6.473112e+00
1.140000e-05	5.955053e-03	-6.251629e+00
1.141000e-05	7.080521e-03	-5.996220e+00
1.142000e-05	4.724558e-03	-5.733711e+00
1.143000e-05	5.470130e-03	-5.477054e+00
1.144000e-05	1.751832e-03	-5.175239e+00
1.145000e-05	2.502288e-03	-4.868950e+00
1.146000e-05	2.265253e-03	-4.554793e+00
1.147000e-05	3.338406e-03	-4.323786e+00
1.148000e-05	2.294651e-03	-4.091030e+00
1.149000e-05	-1.631531e-04	-3.805341e+00
1.150000e-05	-5.489487e-04	-3.493662e+00
1.151000e-05	-1.982430e-03	-3.258933e+00
1.152000e-05	-2.499809e-03	-2.914936e+00
1.153000e-05	-4.055230e-03	-2.661029e+00
1.154000e-05	-3.668585e-03	-2.376974e+00
1.155000e-05	-3.362801e-03	-2.111107e+00
1.156000e-05	-3.191272e-03	-1.839028e+00
1.157000e-05	-4.657870e-03	-1.565792e+00
1.158000e-05	-5.711940e-03	-1.228452e+00
1.159000e-05	-6.814859e-03	-9.222658e-01
1.160000e-05	-5.855135e-03	-6.505053e-01
1.161000e-05	-6.990690e-03	-3.677946e-01
1.162000e-05	-5.892870e-03	-1.337091e-01
1.163000e-05	2.424754e-03	1.815502e-01
1.164000e-05	6.529968e-03	4.741841e-01
1.165000e-05	3.347496e-04	7.058432e-01
1.166000e-05	3.060947e-03	9.609487e-01
1.167000e-05	-3.020732e-03	1.285764e+00
1.168000e-05	1.557444e-03	1.570904e+00
1.169000e-05	5.088717e-04	1.843609e+00
1.170000e-05	2.129622e-02	2.023083e+00
1.171000e-05	8.056472e-02	2.287301e+00
1.172000e-05	6.494911e-02	2.636792e+00
1.173000e-05	-5.484445e-02	2.979971e+00
1.174000e-05	-2.769873e-02	3.225633e+00
1.175000e-05	-3.909680e-02	3.559372e+00
1.176000e-05	-3.995413e-02	3.779972e+00
1.177000e-05	-8.396741e-02	3.960399e+00
1.178000e-05	4.218181e-02	4.193008e+00
1.179000e-05	4.502449e-02	4.548378e+00
1.180000e-05	-8.388449e-02	4.780324e+00
1.181000e-05	1.539120e-01	5.074638e+00
1.182000e-05	-9.944816e-02	5.431004e+00
1.183000e-05	2.888874e-03	5.622563e+00
1.184000e-05	-3.103101e-03	5.938874e+00
1.185000e-05	-2.860426e-02	6.177931e+00
1.186000e-05	5.064113e-02	6.461062e+00
1.187000e-05	-6.613587e-02	6.707820e+00
1.188000e-05	3.043313e-02	6.978531e+00
1.189000e-05	-3.793625e-02	7.211108e+00
1.190000e-05	1.105173e-03	7.505272e+00
1.191000e-05	-2.723650e-02	7.770476e+00
1.192000e-05	-3.193398e-02	8.065639e+00
1.193000e-05	3.482618e-02	8.297189e+00
1.194000e-05	-3.310755e-02	8.516196e+00
1.195000e-05	5.742938e-03	8.756246e+00
1.196000e-05	-4.023923e-02	8.988351e+00
1.197000e-05	-3.287971e-02	9.150929e+00
1.198000e-05	1.223246e-03	9.400983e+00
1.199000e-05	-2.139839e-02	9.681637e+00
1.200000e-05	-1.201243e-02	9.916190e+00
1.201000e-05	-3.878762e-02	1.009722e+01
1.202000e-05	6.483980e-04	1.026720e+01
1.203000e-05	-2.961885e-02	1.054530e+01
1.204000e-05	-2.681935e-02	1.068582e+01
1.205000e-05	-3.661085e-02	1.096580e+01
1.206000e-05	-2.803588e-02	1.107620e+01
1.207000e-05	-1.312718e-02	1.135573e+01
1.208000e-05	-3.563176e-02	1.154575e+01
1.209000e-05	-3.364112e-02	1.176730e+01
1.210000e-05	-4.320222e-02	1.187727e+01
1.211000e-05	-2.160933e-02	1.216515e+01
1.212000e-05	-3.159020e-02	1.230251e+01
1.213000e-05	-3.883391e-02	1.248153e+01
1.214000e-05	-4.738925e-02	1.261145e+01
1.215000e-05	-3.818816e-02	1.281685e+01
1.216000e-05	-3.345868e-02	1.293475e+01
1.217000e-05	-4.664076e-02	1.308356e+01
1.218000e-05	-5.066111e-02	1.320098e+01
1.219000e-05	-4.748902e-02	1.338685e+01
1.220000e-05	-3.818560e-02	1.353219e+01
1.221000e-05	-4.800750e-02	1.364054e+01
1.222000e-05	-5.925781e-02	1.376633e+01
1.223000e-05	-6.276065e-02	1.393157e+01
1.224000e-05	-5.436887e-02	1.399888e+01
1.225000e-05	-5.389330e-02	1.421785e+01
1.226000e-05	-6.261816e-02	1.431002e+01
1.227000e-05	-6.895699e-02	1.440638e+01
1.228000e-05	-6.420101e-02	1.447557e+01
1.229000e-05	-6.244472e-02	1.459633e+01
1.230000e-05	-6.933818e-02	1.468199e+01
1.231000e-05	-7.949647e-02	1.476417e+01
1.232000e-05	-7.798445e-02	1.481838e+01
1.233000e-05	-7.505887e-02	1.488161e+01
1.234000e-05	-7.843029e-02	1.493372e+01
1.235000e-05	-9.078329e-02	1.497626e+01
1.236000e-05	-9.581120e-02	1.503796e+01
1.237000e-05	-9.133323e-02	1.514057e+01
1.238000e-05	-9.076260e-02	1.510319e+01
1.239000e-05	-9.881871e-02	1.520578e+01
1.240000e-05	-1.078936e-01	1.520695e+01
1.241000e-05	-1.075098e-01	1.524639e+01
1.242000e-05	-1.074798e-01	1.525846e+01
1.243000e-05	-1.151696e-01	1.525051e+01
1.244000e-05	-1.267993e-01	1.528099e+01
1.245000e-05	-1.300946e-01	1.529101e+01
1.246000e-05	-1.296038e-01	1.529849e+01
1.247000e-05	-1.346079e-01	1.528791e+01
1.248000e-05	-1.480062e-01	1.525796e+01
1.249000e-05	-1.604655e-01	1.525743e+01
1.250000e-05	-1.649445e-01	1.522738e+01
1.251000e-05	-1.754617e-01	1.518485e+01
1.252000e-05	-1.937423e-01	1.513377e+01
1.253000e-05	-2.189593e-01	1.511999e+01
1.254000e-05	-2.395175e-01	1.505846e+01
1.255000e-05	-2.489899e-01	1.502733e+01
1.256000e-05	-2.500000e-01	1.495272e+01
1.257000e-05	-2.500000e-01	1.489964e+01
1.258000e-05	-2.500000e-01	1.484688e+01
1.259000e-05	-2.500000e-01	1.478573e+01
1.260000e-05	-2.500000e-01	1.471904e+01
1.261000e-05	-2.500000e-01	1.461428e+01
1.262000e-05	-2.476985e-01	1.450062e+01
1.263000e-05	-2.217228e-01	1.442583e+01
1.264000e-05	-1.937949e-01	1.433009e+01
1.265000e-05	-1.728777e-01	1.418580e+01
1.266000e-05	-1.597104e-01	1.409796e+01
1.267000e-05	-1.438549e-01	1.390160e+01
1.268000e-05	-1.268793e-01	1.384536e+01
1.269000e-05	-1.152203e-01	1.368102e+01
1.270000e-05	-1.099919e-01	1.358373e+01
1.271000e-05	-1.038226e-01	1.342683e+01
1.272000e-05	-9.339509e-02	1.337299e+01
1.273000e-05	-8.407285e-02	1.315164e+01
1.274000e-05	-8.086585e-02	1.299480e+01
1.275000e-05	-7.895355e-02	1.284798e+01
1.276000e-05	-7.369300e-02	1.267954e+01
1.277000e-05	-6.732058e-02	1.254260e+01
1.278000e-05	-6.394565e-02	1.236425e+01
1.279000e-05	-6.308300e-02	1.223580e+01
1.280000e-05	-6.107704e-02	1.204748e+01
1.281000e-05	-5.471209e-02	1.183691e+01
1.282000e-05	-5.164214e-02	1.165753e+01
1.283000e-05	-5.225172e-02	1.148896e+01
1.284000e-05	-5.206746e-02	1.122796e+01
1.285000e-05	-4.849056e-02	1.105795e+01
1.286000e-05	-4.339787e-02	1.085698e+01
1.287000e-05	-4.334320e-02	1.070548e+01
1.288000e-05	-4.326548e-02	1.045740e+01
1.289000e-05	-4.276473e-02	1.021793e+01
1.290000e-05	-3.781348e-02	9.975324e+00
1.291000e-05	-3.783709e-02	9.834267e+00
1.292000e-05	-3.749876e-02	9.583219e+00
1.293000e-05	-3.794527e-02	9.364242e+00
1.294000e-05	-3.406138e-02	9.131741e+00
1.295000e-05	-3.158669e-02	8.920058e+00
1.296000e-05	-3.188511e-02	8.667528e+00
1.297000e-05	-3.393700e-02	8.426953e+00
1.298000e-05	-3.172983e-02	8.174325e+00
1.299000e-05	-2.889071e-02	7.931716e+00
1.300000e-05	-2.772098e-02	7.730533e+00
1.301000e-05	-2.906788e-02	7.436871e+00
1.302000e-05	-2.784164e-02	7.173744e+00
1.303000e-05	-2.654455e-02	6.944137e+00
1.304000e-05	-2.506106e-02	6.669006e+00
1.305000e-05	-2.612734e-02	6.393799e+00
1.306000e-05	-2.653059e-02	6.142716e+00
1.307000e-05	-2.427702e-02	5.890533e+00
1.308000e-05	-2.175420e-02	5.615900e+00
1.309000e-05	-2.153768e-02	5.371716e+00
1.310000e-05	-2.271711e-02	5.015375e+00
1.311000e-05	-2.130999e-02	4.721709e+00
1.312000e-05	-2.003641e-02	4.520554e+00
1.313000e-05	-1.801262e-02	4.223374e+00
1.314000e-05	-1.998650e-02	3.893183e+00
1.315000e-05	-1.888458e-02	3.689005e+00
1.316000e-05	-1.852924e-02	3.403394e+00
1.317000e-05	-1.578501e-02	3.108558e+00
1.318000e-05	-1.785465e-02	2.827452e+00
1.319000e-05	-1.741117e-02	2.552112e+00
1.320000e-05	-1.771769e-02	2.306451e+00
1.321000e-05	-1.377665e-02	1.985346e+00
1.322000e-05	-1.361519e-02	1.719612e+00
1.323000e-05	-1.350237e-02	1.385372e+00
1.324000e-05	-1.414467e-02	1.089682e+00
1.325000e-05	-1.257029e-02	7.948698e-01
1.326000e-05	-1.135280e-02	5.227080e-01
1.327000e-05	-1.046112e-02	2.669673e-01
1.328000e-05	-8.375840e-03	-3.770897e-02
1.329000e-05	1.832403e-03	-3.078722e-01
1.330000e-05	2.334098e-03	-5.655538e-01
1.331000e-05	3.765972e-07	-8.767366e-01
1.332000e-05	3.622326e-04	-1.089367e+00
1.333000e-05	-8.227560e-04	-1.424733e+00
1.334000e-05	1.202157e-03	-1.666139e+00
1.335000e-05	1.720662e-02	-1.908821e+00
1.336000e-05	8.117326e-02	-2.099847e+00
1.337000e-05	9.918902e-02	-2.488868e+00
1.338000e-05	-5.266949e-02	-2.856267e+00
1.339000e-05	-3.350829e-03	-3.226157e+00
1.340000e-05	-4.637848e-02	-3.424237e+00
1.341000e-05	-4.781711e-02	-3.644662e+00
1.342000e-05	-7.377195e-02	-3.887796e+00
1.343000e-05	1.620467e-01	-4.054688e+00
1.344000e-05	-1.075329e-01	-4.370426e+00
1.345000e-05	7.297892e-02	-4.626159e+00
1.346000e-05	8.078491e-02	-4.877741e+00
1.347000e-05	-1.199863e-01	-5.243189e+00
1.348000e-05	1.408176e-01	-5.476743e+00
1.349000e-05	-1.583738e-01	-5.813481e+00
1.350000e-05	1.049689e-01	-6.062142e+00
1.351000e-05	2.301514e-02	-6.315743e+00
1.352000e-05	-2.426063e-02	-6.623510e+00
1.353000e-05	1.117776e-01	-6.833059e+00
1.354000e-05	-1.085896e-01	-7.138403e+00
1.355000e-05	1.107275e-01	-7.390503e+00
1.356000e-05	-6.194456e-02	-7.685562e+00
1.357000e-05	5.290602e-02	-7.959451e+00
1.358000e-05	4.899342e-02	-8.188450e+00
1.359000e-05	-3.595362e-02	-8.451513e+00
1.360000e-05	1.184123e-01	-8.653611e+00
1.361000e-05	-8.791274e-02	-8.936268e+00
1.362000e-05	8.331823e-02	-9.136820e+00
1.363000e-05	-3.741500e-02	-9.327700e+00
1.364000e-05	7.143685e-02	-9.592054e+00
1.365000e-05	2.846562e-02	-9.820429e+00
1.366000e-05	1.060013e-02	-1.000158e+01
1.367000e-05	5.845989e-02	-1.023236e+01
1.368000e-05	-2.502714e-02	-1.047511e+01
1.369000e-05	8.269336e-02	-1.063311e+01
1.370000e-05	-2.922306e-02	-1.083219e+01
1.371000e-05	7.636639e-02	-1.107296e+01
1.372000e-05	-5.460674e-03	-1.126422e+01
1.373000e-05	6.805437e-02	-1.145317e+01
1.374000e-05	1.305666e-02	-1.167509e+01
1.375000e-05	3.607655e-02	-1.189369e+01
1.376000e-05	3.358893e-02	-1.204461e+01
1.377000e-05	3.577822e-02	-1.223256e+01
1.378000e-05	5.513368e-02	-1.245048e+01
1.379000e-05	1.838265e-02	-1.260939e+01
1.380000e-05	5.257390e-02	-1.269678e+01
1.381000e-05	2.357806e-02	-1.295430e+01
1.382000e-05	6.329729e-02	-1.306159e+01
1.383000e-05	2.924685e-02	-1.317996e+01
1.384000e-05	6.069173e-02	-1.331730e+01
1.385000e-05	3.898528e-02	-1.351352e+01
1.386000e-05	6.141413e-02	-1.360891e+01
1.387000e-05	4.356379e-02	-1.375685e+01
1.388000e-05	4.987240e-02	-1.389412e+01
1.389000e-05	4.756864e-02	-1.402039e+01
1.390000e-05	5.806096e-02	-1.413518e+01
1.391000e-05	6.321573e-02	-1.426254e+01
1.392000e-05	5.844311e-02	-1.437688e+01
1.393000e-05	6.324746e-02	-1.447209e+01
1.394000e-05	6.066317e-02	-1.456635e+01
1.395000e-05	7.366090e-02	-1.465104e+01
1.396000e-05	6.544640e-02	-1.471374e+01
1.397000e-05	7.452374e-02	-1.481896e+01
1.398000e-05	6.880124e-02	-1.488307e+01
1.399000e-05	8.207222e-02	-1.499375e+01
1.400000e-05	7.562048e-02	-1.499085e+01
1.401000e-05	8.115591e-02	-1.507951e+01
1.402000e-05	8.024914e-02	-1.513310e+01
1.403000e-05	9.164093e-02	-1.513570e+01
1.404000e-05	9.509659e-02	-1.517838e+01
1.405000e-05	9.698080e-02	-1.521256e+01
1.406000e-05	9.806205e-02	-1.526054e+01
1.407000e-05	1.001670e-01	-1.524219e+01
1.408000e-05	1.080811e-01	-1.529317e+01
1.409000e-05	1.092131e-01	-1.528417e+01
1.410000e-05	1.160158e-01	-1.534374e+01
1.411000e-05	1.199735e-01	-1.530464e+01
1.412000e-05	1.305533e-01	-1.533464e+01
1.413000e-05	1.349751e-01	-1.530312e+01
1.414000e-05	1.395778e-01	-1.530209e+01
1.415000e-05	1.465670e-01	-1.526209e+01
1.416000e-05	1.597874e-01	-1.526146e+01
1.417000e-05	1.752787e-01	-1.520640e+01
1.418000e-05	1.917552e-01	-1.515576e+01
1.419000e-05	2.118054e-01	-1.512457e+01
1.420000e-05	2.361443e-01	-1.506214e+01
1.421000e-05	2.487945e-01	-1.506788e+01
1.422000e-05	2.500000e-01	-1.495533e+01
1.423000e-05	2.500000e-01	-1.493269e+01
1.424000e-05	2.500000e-01	-1.483794e+01
1.425000e-05	2.500000e-01	-1.481677e+01
1.426000e-05	2.500000e-01	-1.471161e+01
1.427000e-05	2.497292e-01	-1.462838e+01
1.428000e-05	2.326830e-01	-1.454167e+01
1.429000e-05	2.057355e-01	-1.441793e+01
1.430000e-05	1.824040e-01	-1.432304e+01
1.431000e-05	1.617773e-01	-1.423636e+01
1.432000e-05	1.427483e-01	-1.409104e+01
1.433000e-05	1.281592e-01	-1.400525e+01
1.434000e-05	1.166146e-01	-1.385848e+01
1.435000e-05	1.059007e-01	-1.375214e+01
1.436000e-05	9.488645e-02	-1.357575e+01
1.437000e-05	8.629811e-02	-1.344696e+01
1.438000e-05	8.042906e-02	-1.328267e+01
1.439000e-05	7.593174e-02	-1.316375e+01
1.440000e-05	6.952381e-02	-1.301785e+01
1.441000e-05	6.244374e-02	-1.284899e+01
1.442000e-05	5.935367e-02	-1.271159e+01
1.443000e-05	5.766681e-02	-1.255522e+01
1.444000e-05	5.335195e-02	-1.237435e+01
1.445000e-05	4.856531e-02	-1.223590e+01
1.446000e-05	4.425895e-02	-1.204896e+01
1.447000e-05	4.330263e-02	-1.183581e+01
1.448000e-05	4.048645e-02	-1.163643e+01
1.449000e-05	3.635355e-02	-1.143587e+01
1.450000e-05	3.386130e-02	-1.117678e+01
1.451000e-05	3.320381e-02	-1.099580e+01
1.452000e-05	3.221163e-02	-1.080640e+01
1.453000e-05	2.989255e-02	-1.062688e+01
1.454000e-05	2.586269e-02	-1.038695e+01
1.455000e-05	2.704381e-02	-1.018630e+01
1.456000e-05	2.705763e-02	-9.964271e+00
1.457000e-05	2.476492e-02	-9.755325e+00
1.458000e-05	2.258490e-02	-9.554844e+00
1.459000e-05	1.827377e-02	-9.350661e+00
1.460000e-05	1.945741e-02	-9.051112e+00
1.461000e-05	1.710730e-02	-8.881087e+00
1.462000e-05	1.576931e-02	-8.646528e+00
1.463000e-05	1.456466e-02	-8.375373e+00
1.464000e-05	1.499844e-02	-8.134272e+00
1.465000e-05	1.640316e-02	-7.922566e+00
1.466000e-05	1.443564e-02	-7.618927e+00
1.467000e-05	1.153401e-02	-7.395871e+00
1.468000e-05	9.736304e-03	-7.129191e+00
1.469000e-05	6.951036e-03	-6.819530e+00
1.470000e-05	6.969759e-03	-6.607928e+00
1.471000e-05	4.776271e-03	-6.344844e+00
1.472000e-05	6.536900e-03	-6.121633e+00
1.473000e-05	6.421589e-03	-5.839049e+00
1.474000e-05	7.260207e-03	-5.573894e+00
1.475000e-05	6.891742e-03	-5.290032e+00
1.476000e-05	2.467387e-03	-4.973267e+00
1.477000e-05	1.911957e-03	-4.638502e+00
1.478000e-05	1.523399e-03	-4.408954e+00
1.479000e-05	1.396448e-03	-4.196242e+00
1.480000e-05	-9.552846e-04	-3.923139e+00
1.481000e-05	-2.000259e-03	-3.577453e+00
1.482000e-05	-1.810220e-03	-3.372792e+00
1.483000e-05	-2.138681e-03	-3.081083e+00
1.484000e-05	-9.095605e-04	-2.776890e+00
1.485000e-05	-2.523660e-03	-2.513186e+00
1.486000e-05	-2.162389e-03	-2.258075e+00
1.487000e-05	-3.699244e-03	-1.953287e+00
1.488000e-05	-4.302394e-03	-1.701082e+00
1.489000e-05	-7.157768e-03	-1.364316e+00
1.490000e-05	-8.141175e-03	-1.069599e+00
1.491000e-05	-7.842658e-03	-7.867974e-01
1.492000e-05	-5.822058e-03	-4.611542e-01
1.493000e-05	-5.074735e-03	-1.879224e-01
1.494000e-05	-1.429994e-03	4.515915e-02
1.495000e-05	8.351938e-03	3.509999e-01
1.496000e-05	-1.225275e-03	5.926065e-01
1.497000e-05	5.021342e-03	8.147054e-01
1.498000e-05	-2.928355e-03	1.189400e+00
1.499000e-05	9.909975e-04	1.433657e+00
1.500000e-05	-3.778699e-03	1.749872e+00
1.501000e-05	1.210083e-02	1.969399e+00
1.502000e-05	4.788577e-02	2.192003e+00
1.503000e-05	1.048335e-01	2.516793e+00
1.504000e-05	-2.947164e-02	2.814135e+00
1.505000e-05	-3.542939e-02	3.137397e+00
1.506000e-05	-3.762601e-02	3.442659e+00
1.507000e-05	-2.758293e-02	3.704788e+00
1.508000e-05	-8.188107e-02	3.877262e+00
1.509000e-05	-2.846573e-02	4.147238e+00
1.510000e-05	9.900442e-02	4.412033e+00
1.511000e-05	-9.165621e-02	4.653816e+00
1.512000e-05	9.165788e-02	4.915772e+00
1.513000e-05	2.091807e-02	5.285193e+00
1.514000e-05	-8.873303e-02	5.537845e+00
1.515000e-05	5.121699e-02	5.831508e+00
1.516000e-05	-6.286520e-02	6.096691e+00
1.517000e-05	5.226525e-02	6.306823e+00
1.518000e-05	-3.027570e-02	6.572463e+00
1.519000e-05	-1.969581e-02	6.884113e+00
1.520000e-05	1.358293e-02	7.117792e+00
1.521000e-05	-4.368206e-02	7.388908e+00
1.522000e-05	1.847584e-02	7.685189e+00
1.523000e-05	-6.681166e-02	7.957377e+00
1.524000e-05	3.349525e-02	8.201609e+00
1.525000e-05	-1.096735e-02	8.441061e+00
1.526000e-05	-1.798094e-02	8.632559e+00
1.527000e-05	-5.024708e-03	8.893167e+00
1.528000e-05	-6.515872e-02	9.115325e+00
1.529000e-05	1.249770e-02	9.325272e+00
1.530000e-05	-3.206467e-02	9.557852e+00
1.531000e-05	3.473554e-03	9.769827e+00
1.532000e-05	-4.425799e-02	1.001156e+01
1.533000e-05	-3.777225e-03	1.023051e+01
1.534000e-05	-1.675499e-02	1.042214e+01
1.535000e-05	-3.374066e-02	1.062246e+01
1.536000e-05	-2.832148e-02	1.086166e+01
1.537000e-05	-4.339280e-02	1.104311e+01
1.538000e-05	-7.596386e-03	1.127214e+01
1.539000e-05	-3.576284e-02	1.145049e+01
1.540000e-05	-2.551805e-02	1.163414e+01
1.541000e-05	-4.924263e-02	1.186211e+01
1.542000e-05	-2.243240e-02	1.206104e+01
1.543000e-05	-2.990970e-02	1.223046e+01
1.544000e-05	-3.284001e-02	1.238748e+01
1.545000e-05	-4.668325e-02	1.258675e+01
1.546000e-05	-4.506584e-02	1.267464e+01
1.547000e-05	-3.153245e-02	1.291206e+01
1.548000e-05	-4.463180e-02	1.302736e+01
1.549000e-05	-4.649672e-02	1.317743e+01
1.550000e-05	-5.431220e-02	1.328427e+01
1.551000e-05	-3.495576e-02	1.347098e+01
1.552000e-05	-4.552154e-02	1.361086e+01
1.553000e-05	-5.278663e-02	1.372412e+01
1.554000e-05	-6.545044e-02	1.387903e+01
1.555000e-05	-5.487128e-02	1.395633e+01
1.556000e-05	-5.301202e-02	1.408417e+01
1.557000e-05	-5.899142e-02	1.428944e+01
1.558000e-05	-6.824196e-02	1.436472e+01
1.559000e-05	-6.733112e-02	1.446899e+01
1.560000e-05	-5.951324e-02	1.453570e+01
1.561000e-05	-6.690898e-02	1.460793e+01
1.562000e-05	-7.501592e-02	1.472170e+01
1.563000e-05	-8.195525e-02	1.479725e+01
1.564000e-05	-7.427896e-02	1.483096e+01
1.565000e-05	-7.602951e-02	1.493165e+01
1.566000e-05	-8.509721e-02	1.492425e+01
1.567000e-05	-9.581019e-02	1.501838e+01
1.568000e-05	-9.340245e-02	1.505999e+01
1.569000e-05	-8.941699e-02	1.508257e+01
1.570000e-05	-9.628499e-02	1.520473e+01
1.571000e-05	-1.045200e-01	1.524685e+01
1.572000e-05	-1.077927e-01	1.521581e+01
1.573000e-05	-1.050652e-01	1.524893e+01
1.574000e-05	-1.109490e-01	1.524943e+01
1.575000e-05	-1.222160e-01	1.526109e+01
1.576000e-05	-1.293258e-01	1.525151e+01
1.577000e-05	-1.294569e-01	1.528946e+01
1.578000e-05	-1.306307e-01	1.530944e+01
1.579000e-05	-1.422185e-01	1.523904e+01
1.580000e-05	-1.551312e-01	1.527798e+01
1.581000e-05	-1.628671e-01	1.522839e+01
1.582000e-05	-1.700965e-01	1.520485e+01
1.583000e-05	-1.853641e-01	1.516270e+01
1.584000e-05	-2.097223e-01	1.511264e+01
1.585000e-05	-2.324513e-01	1.511956e+01
1.586000e-05	-2.475595e-01	1.504938e+01
1.587000e-05	-2.500000e-01	1.497325e+01
1.588000e-05	-2.500000e-01	1.491259e+01
1.589000e-05	-2.500000e-01	1.487041e+01
1.590000e-05	-2.500000e-01	1.481638e+01
1.591000e-05	-2.500000e-01	1.472209e+01
1.592000e-05	-2.500000e-01	1.465735e+01
1.593000e-05	-2.499500e-01	1.452267e+01
1.594000e-05	-2.329234e-01	1.443641e+01
1.595000e-05	-2.036348e-01	1.438227e+01
1.596000e-05	-1.804790e-01	1.422946e+01
1.597000e-05	-1.660547e-01	1.415009e+01
1.598000e-05	-1.503551e-01	1.402588e+01
1.599000e-05	-1.341161e-01	1.389006e+01
1.600000e-05	-1.186363e-01	1.374165e+01
1.601000e-05	-1.129144e-01	1.361633e+01
1.602000e-05	-1.063570e-01	1.351901e+01
1.603000e-05	-9.873222e-02	1.337269e+01
1.604000e-05	-8.746734e-02	1.323485e+01
1.605000e-05	-8.275814e-02	1.307649e+01
1.606000e-05	-8.029534e-02	1.290202e+01
1.607000e-05	-7.762163e-02	1.275277e+01
1.608000e-05	-6.968992e-02	1.261530e+01
1.609000e-05	-6.469532e-02	1.244798e+01
1.610000e-05	-6.211893e-02	1.229999e+01
1.611000e-05	-6.196700e-02	1.209006e+01
1.612000e-05	-5.729856e-02	1.190964e+01
1.613000e-05	-5.275526e-02	1.173109e+01
1.614000e-05	-5.162934e-02	1.154162e+01
1.615000e-05	-5.311648e-02	1.132219e+01
1.616000e-05	-5.066981e-02	1.112112e+01
1.617000e-05	-4.572952e-02	1.093314e+01
1.618000e-05	-4.282719e-02	1.074264e+01
1.619000e-05	-4.297367e-02	1.054116e+01
1.620000e-05	-4.304316e-02	1.031916e+01
1.621000e-05	-3.981410e-02	1.010018e+01
1.622000e-05	-3.810398e-02	9.876987e+00
1.623000e-05	-3.706353e-02	9.646851e+00
1.624000e-05	-3.817959e-02	9.426926e+00
1.625000e-05	-3.581041e-02	9.215378e+00
1.626000e-05	-3.302246e-02	8.974316e+00
1.627000e-05	-3.146557e-02	8.772142e+00
1.628000e-05	-3.335510e-02	8.511665e+00
1.629000e-05	-3.262517e-02	8.300036e+00
1.630000e-05	-2.932400e-02	8.025953e+00
1.631000e-05	-2.800969e-02	7.795324e+00
1.632000e-05	-2.761338e-02	7.581646e+00
1.633000e-05	-2.904244e-02	7.268504e+00
1.634000e-05	-2.712403e-02	7.017398e+00
1.635000e-05	-2.467309e-02	6.732794e+00
1.636000e-05	-2.466450e-02	6.478955e+00
1.637000e-05	-2.682568e-02	6.247030e+00
1.638000e-05	-2.430224e-02	6.024774e+00
1.639000e-05	-2.209873e-02	5.731111e+00
1.640000e-05	-2.158270e-02	5.479007e+00
1.641000e-05	-2.152890e-02	5.171746e+00
1.642000e-05	-2.309248e-02	4.837473e+00
1.643000e-05	-2.090421e-02	4.564891e+00
1.644000e-05	-1.970314e-02	4.320113e+00
1.645000e-05	-1.888182e-02	4.016953e+00
1.646000e-05	-1.973430e-02	3.773266e+00
1.647000e-05	-1.896841e-02	3.488606e+00
1.648000e-05	-1.574222e-02	3.185348e+00
1.649000e-05	-1.624991e-02	2.922735e+00
1.650000e-05	-1.758814e-02	2.659500e+00
1.651000e-05	-1.814541e-02	2.344289e+00
1.652000e-05	-1.566104e-02	2.101581e+00
1.653000e-05	-1.421316e-02	1.817420e+00
1.654000e-05	-1.342964e-02	1.552761e+00
1.655000e-05	-1.472582e-02	1.235453e+00
1.656000e-05	-1.260612e-02	8.811303e-01
1.657000e-05	-1.224678e-02	6.379738e-01
1.658000e-05	-9.937378e-03	3.642648e-01
1.659000e-05	-1.044899e-02	2.957650e-02
1.660000e-05	-4.284926e-03	-2.046827e-01
1.661000e-05	6.053662e-03	-4.766342e-01
1.662000e-05	-3.042295e-03	-7.724511e-01
1.663000e-05	3.373714e-03	-9.831315e-01
1.664000e-05	-3.704174e-03	-1.308746e+00
1.665000e-05	2.331185e-03	-1.580055e+00
1.666000e-05	5.289570e-03	-1.784081e+00
1.667000e-05	4.603624e-02	-2.043082e+00
1.668000e-05	1.266020e-01	-2.310420e+00
1.669000e-05	-1.188000e-02	-2.741425e+00
1.670000e-05	-2.360026e-02	-3.121375e+00
1.671000e-05	-2.772136e-02	-3.382028e+00
1.672000e-05	-3.758309e-02	-3.581001e+00
1.673000e-05	-9.571529e-02	-3.803984e+00
1.674000e-05	8.622540e-02	-4.020603e+00
1.675000e-05	3.909918e-02	-4.192658e+00
1.676000e-05	-8.938855e-02	-4.510449e+00
1.677000e-05	1.834974e-01	-4.771021e+00
1.678000e-05	-1.459262e-01	-5.075368e+00
1.679000e-05	9.307692e-02	-5.453564e+00
1.680000e-05	-3.871813e-02	-5.656165e+00
1.681000e-05	-5.607760e-02	-5.929450e+00
1.682000e-05	1.492533e-01	-6.171429e+00
1.683000e-05	-9.934877e-02	-6.485743e+00
1.684000e-05	1.361243e-01	-6.706922e+00
1.685000e-05	-6.412923e-02	-7.024035e+00
1.686000e-05	2.237794e-02	-7.316725e+00
1.687000e-05	4.420418e-02	-7.549351e+00
1.688000e-05	-5.809703e-02	-7.835512e+00
1.689000e-05	1.296616e-01	-8.066189e+00
1.690000e-05	-7.644606e-02	-8.308267e+00
1.691000e-05	1.112550e-01	-8.620852e+00
1.692000e-05	-2.632494e-02	-8.822029e+00
1.693000e-05	3.611532e-03	-9.054642e+00
1.694000e-05	4.089401e-02	-9.223163e+00
1.695000e-05	-2.007561e-02	-9.486666e+00
1.696000e-05	1.043746e-01	-9.707246e+00
1.697000e-05	-4.090099e-02	-9.887247e+00
1.698000e-05	9.474804e-02	-1.018883e+01
1.699000e-05	-3.591297e-02	-1.039943e+01
1.700000e-05	7.212168e-02	-1.059998e+01
1.701000e-05	-7.283788e-04	-1.076931e+01
1.702000e-05	3.437062e-02	-1.099936e+01
1.703000e-05	3.531842e-02	-1.115138e+01
1.704000e-05	2.007249e-02	-1.142051e+01
1.705000e-05	6.143179e-02	-1.159833e+01
1.706000e-05	-1.963140e-04	-1.183196e+01
1.707000e-05	6.149648e-02	-1.201998e+01
1.708000e-05	8.272652e-03	-1.221181e+01
1.709000e-05	7.179833e-02	-1.232777e+01
1.710000e-05	1.422616e-02	-1.251570e+01
1.711000e-05	5.259707e-02	-1.269367e+01
1.712000e-05	2.433527e-02	-1.283012e+01
1.713000e-05	5.345940e-02	-1.300988e+01
1.714000e-05	4.157801e-02	-1.314532e+01
1.715000e-05	4.582530e-02	-1.335367e+01
1.716000e-05	5.037602e-02	-1.346996e+01
1.717000e-05	4.657005e-02	-1.356840e+01
1.718000e-05	5.896182e-02	-1.373577e+01
1.719000e-05	4.008628e-02	-1.381954e+01
1.720000e-05	5.504708e-02	-1.397880e+01
1.721000e-05	4.706598e-02	-1.414457e+01
1.722000e-05	6.815805e-02	-1.420891e+01
1.723000e-05	5.543372e-02	-1.430467e+01
1.724000e-05	6.474095e-02	-1.442100e+01
1.725000e-05	5.723910e-02	-1.454622e+01
1.726000e-05	7.213005e-02	-1.462993e+01
1.727000e-05	6.713225e-02	-1.466357e+01
1.728000e-05	7.149463e-02	-1.474628e+01
1.729000e-05	6.946005e-02	-1.484099e+01
1.730000e-05	7.694445e-02	-1.492422e+01
1.731000e-05	7.906124e-02	-1.501728e+01
1.732000e-05	7.754002e-02	-1.503044e+01
1.733000e-05	8.161702e-02	-1.509309e+01
1.734000e-05	8.644342e-02	-1.513415e+01
1.735000e-05	9.708640e-02	-1.518686e+01
1.736000e-05	9.443148e-02	-1.519738e+01
1.737000e-05	9.849730e-02	-1.525006e+01
1.738000e-05	9.746287e-02	-1.525959e+01
1.739000e-05	1.056181e-01	-1.529419e+01
1.740000e-05	1.086253e-01	-1.530322e+01
1.741000e-05	1.136649e-01	-1.528474e+01
1.742000e-05	1.179847e-01	-1.530414e+01
1.743000e-05	1.267181e-01	-1.530419e+01
1.744000e-05	1.333982e-01	-1.533467e+01
1.745000e-05	1.375927e-01	-1.526264e+01
1.746000e-05	1.436168e-01	-1.528299e+01
1.747000e-05	1.543759e-01	-1.525153e+01
1.748000e-05	1.688841e-01	-1.521938e+01
1.749000e-05	1.846544e-01	-1.522525e+01
1.750000e-05	2.023257e-01	-1.513472e+01
1.751000e-05	2.271781e-01	-1.511307e+01
1.752000e-05	2.463499e-01	-1.504996e+01
1.753000e-05	2.500000e-01	-1.499785e+01
1.754000e-05	2.500000e-01	-1.496472e+01
1.755000e-05	2.500000e-01	-1.487094e+01
1.756000e-05	2.500000e-01	-1.480623e+01
1.757000e-05	2.500000e-01	-1.472359e+01
1.758000e-05	2.500000e-01	-1.465951e+01
1.759000e-05	2.438347e-01	-1.455418e+01
1.760000e-05	2.160377e-01	-1.445901e+01
1.761000e-05	1.910680e-01	-1.438480e+01
1.762000e-05	1.697136e-01	-1.424839e+01
1.763000e-05	1.507963e-01	-1.416362e+01
1.764000e-05	1.332862e-01	-1.402794e+01
1.765000e-05	1.210660e-01	-1.390097e+01
1.766000e-05	1.096229e-01	-1.373580e+01
1.767000e-05	9.927331e-02	-1.364846e+01
1.768000e-05	8.967023e-02	-1.351146e+01
1.769000e-05	8.384947e-02	-1.337520e+01
1.770000e-05	7.786797e-02	-1.325883e+01
1.771000e-05	7.207179e-02	-1.310056e+01
1.772000e-05	6.620919e-02	-1.295367e+01
1.773000e-05	6.050600e-02	-1.277635e+01
1.774000e-05	5.696621e-02	-1.261835e+01
1.775000e-05	5.443199e-02	-1.248896e+01
1.776000e-05	4.985574e-02	-1.227009e+01
1.777000e-05	4.618805e-02	-1.208216e+01
1.778000e-05	4.325967e-02	-1.192004e+01
1.779000e-05	4.196401e-02	-1.172364e+01
1.780000e-05	3.767184e-02	-1.147264e+01
1.781000e-05	3.606286e-02	-1.132002e+01
1.782000e-05	3.346704e-02	-1.107954e+01
1.783000e-05	3.278324e-02	-1.087109e+01
1.784000e-05	3.116458e-02	-1.071353e+01
1.785000e-05	2.863977e-02	-1.049007e+01
1.786000e-05	2.656682e-02	-1.026001e+01
1.787000e-05	2.528317e-02	-1.006803e+01
1.788000e-05	2.405087e-02	-9.848555e+00
1.789000e-05	2.250952e-02	-9.637930e+00
1.790000e-05	2.024487e-02	-9.426330e+00
1.791000e-05	1.927643e-02	-9.205296e+00
1.792000e-05	1.887425e-02	-8.996199e+00
1.793000e-05	1.770485e-02	-8.741766e+00
1.794000e-05	1.611002e-02	-8.479510e+00
1.795000e-05	1.400693e-02	-8.239503e+00
1.796000e-05	1.440980e-02	-8.019353e+00
1.797000e-05	1.337546e-02	-7.745641e+00
1.798000e-05	1.204299e-02	-7.479979e+00
1.799000e-05	1.029231e-02	-7.248455e+00
1.800000e-05	1.022903e-02	-6.955820e+00
1.801000e-05	9.226251e-03	-6.723662e+00
1.802000e-05	8.822688e-03	-6.472005e+00
1.803000e-05	5.296228e-03	-6.206946e+00
1.804000e-05	5.419460e-03	-5.943712e+00
1.805000e-05	4.703030e-03	-5.691008e+00
1.806000e-05	5.860308e-03	-5.427869e+00
1.807000e-05	2.241580e-03	-5.111082e+00
1.808000e-05	2.676469e-03	-4.784321e+00
1.809000e-05	2.557443e-03	-4.521188e+00
1.810000e-05	3.101600e-03	-4.310559e+00
1.811000e-05	1.625859e-03	-4.019951e+00
1.812000e-05	-1.148563e-03	-3.723761e+00
1.813000e-05	-1.496298e-03	-3.469033e+00
1.814000e-05	-2.833232e-03	-3.176425e+00
1.815000e-05	-1.846343e-03	-2.891679e+00
1.816000e-05	-3.454887e-03	-2.637870e+00
1.817000e-05	-2.315187e-03	-2.314817e+00
1.818000e-05	-3.586757e-03	-2.039528e+00
1.819000e-05	-3.515058e-03	-1.776970e+00
1.820000e-05	-5.418277e-03	-1.480161e+00
1.821000e-05	-6.322749e-03	-1.154817e+00
1.822000e-05	-8.086461e-03	-8.811263e-01
1.823000e-05	-6.319300e-03	-5.768936e-01
1.824000e-05	-6.816793e-03	-3.326582e-01
1.825000e-05	-4.636006e-03	-3.055276e-02
1.826000e-05	5.006208e-03	2.351867e-01
1.827000e-05	2.648241e-03	5.062656e-01
1.828000e-05	2.363696e-03	7.678948e-01
1.829000e-05	1.801412e-03	1.046163e+00
1.830000e-05	-1.015192e-03	1.308893e+00
1.831000e-05	-2.334055e-04	1.613059e+00
1.832000e-05	3.039624e-03	1.874738e+00
1.833000e-05	2.697259e-02	2.058267e+00
1.834000e-05	9.634480e-02	2.351478e+00
1.835000e-05	3.393758e-02	2.749825e+00
1.836000e-05	-5.312282e-02	3.012134e+00
1.837000e-05	-2.919154e-02	3.276213e+00
1.838000e-05	-3.433938e-02	3.592554e+00
1.839000e-05	-5.308613e-02	3.811530e+00
1.840000e-05	-7.440950e-02	4.001505e+00
1.841000e-05	7.291238e-02	4.295143e+00
1.842000e-05	-2.399251e-03	4.610879e+00
1.843000e-05	-3.982916e-02	4.790455e+00
1.844000e-05	1.394992e-01	5.108825e+00
1.845000e-05	-1.283392e-01	5.474614e+00
1.846000e-05	3.802290e-02	5.696714e+00
1.847000e-05	-3.367662e-02	5.992057e+00
1.848000e-05	2.874263e-03	6.252008e+00
1.849000e-05	3.122937e-02	6.486246e+00
1.850000e-05	-6.272601e-02	6.759928e+00
1.851000e-05	3.876050e-02	7.002456e+00
1.852000e-05	-5.356491e-02	7.296193e+00
1.853000e-05	1.798347e-02	7.546979e+00
1.854000e-05	-5.281783e-02	7.842033e+00
1.855000e-05	-6.739649e-03	8.096317e+00
1.856000e-05	2.365531e-02	8.347424e+00
1.857000e-05	-3.424326e-02	8.567852e+00
1.858000e-05	1.177545e-02	8.739405e+00
1.859000e-05	-5.740570e-02	9.051462e+00
1.860000e-05	-1.222174e-02	9.252136e+00
1.861000e-05	-1.317300e-02	9.453114e+00
1.862000e-05	-1.103716e-02	9.725221e+00
1.863000e-05	-2.541489e-02	9.927224e+00
1.864000e-05	-2.850487e-02	1.016727e+01
1.865000e-05	-2.538654e-03	1.035880e+01
1.866000e-05	-3.343257e-02	1.057831e+01
1.867000e-05	-2.557315e-02	1.075890e+01
1.868000e-05	-3.944946e-02	1.097788e+01
1.869000e-05	-1.863919e-02	1.117690e+01
1.870000e-05	-1.982390e-02	1.140836e+01
1.871000e-05	-3.186299e-02	1.154735e+01
1.872000e-05	-4.293750e-02	1.179901e+01
1.873000e-05	-3.660704e-02	1.197685e+01
1.874000e-05	-2.446384e-02	1.215630e+01
1.875000e-05	-3.205238e-02	1.229367e+01
1.876000e-05	-4.170486e-02	1.251325e+01
1.877000e-05	-4.519617e-02	1.264198e+01
1.878000e-05	-3.396737e-02	1.279733e+01
1.879000e-05	-3.739226e-02	1.297680e+01
1.880000e-05	-4.649183e-02	1.311369e+01
1.881000e-05	-5.431380e-02	1.326019e+01
1.882000e-05	-4.213979e-02	1.340746e+01
1.883000e-05	-4.164843e-02	1.355530e+01
1.884000e-05	-4.800633e-02	1.370004e+01
1.885000e-05	-6.302223e-02	1.379786e+01
1.886000e-05	-5.923790e-02	1.392460e+01
1.887000e-05	-5.383687e-02	1.403259e+01
1.888000e-05	-5.362371e-02	1.416643e+01
1.889000e-05	-6.549372e-02	1.431312e+01
1.890000e-05	-6.909903e-02	1.441741e+01
1.891000e-05	-6.203936e-02	1.451470e+01
1.892000e-05	-6.376855e-02	1.457583e+01
1.893000e-05	-7.089085e-02	1.467004e+01
1.894000e-05	-8.118110e-02	1.476578e+01
1.895000e-05	-7.574402e-02	1.484053e+01
1.896000e-05	-7.478857e-02	1.489209e+01
1.897000e-05	-8.085970e-02	1.495425e+01
1.898000e-05	-9.297116e-02	1.497581e+01
1.899000e-05	-9.488387e-02	1.502798e+01
1.900000e-05	-8.933260e-02	1.509264e+01
1.901000e-05	-9.222944e-02	1.515370e+01
1.902000e-05	-1.005242e-01	1.518430e+01
1.903000e-05	-1.087225e-01	1.520588e+01
1.904000e-05	-1.052457e-01	1.521738e+01
1.905000e-05	-1.084055e-01	1.525793e+01
1.906000e-05	-1.174904e-01	1.526948e+01
1.907000e-05	-1.273588e-01	1.528996e+01
1.908000e-05	-1.285343e-01	1.528059e+01
1.909000e-05	-1.283571e-01	1.528949e+01
1.910000e-05	-1.370767e-01	1.529994e+01
1.911000e-05	-1.502098e-01	1.522946e+01
1.912000e-05	-1.612256e-01	1.525789e+01
1.913000e-05	-1.659693e-01	1.522480e+01
1.914000e-05	-1.785883e-01	1.517423e+01
1.915000e-05	-1.986232e-01	1.514272e+01
1.916000e-05	-2.238828e-01	1.513162e+01
1.917000e-05	-2.424469e-01	1.502691e+01
1.918000e-05	-2.496000e-01	1.498578e+01
1.919000e-05	-2.500000e-01	1.490122e+01
1.920000e-05	-2.500000e-01	1.493001e+01
1.921000e-05	-2.500000e-01	1.478684e+01
1.922000e-05	-2.500000e-01	1.472119e+01
1.923000e-05	-2.500000e-01	1.467738e+01
1.924000e-05	-2.500000e-01	1.458325e+01
1.925000e-05	-2.452316e-01	1.447059e+01
1.926000e-05	-2.151780e-01	1.440640e+01
1.927000e-05	-1.900407e-01	1.427844e+01
1.928000e-05	-1.700120e-01	1.417522e+01
1.929000e-05	-1.582691e-01	1.404894e+01
1.930000e-05	-1.390702e-01	1.395062e+01
1.931000e-05	-1.252721e-01	1.380536e+01
1.932000e-05	-1.135247e-01	1.367898e+01
1.933000e-05	-1.096383e-01	1.355167e+01
1.934000e-05	-1.013744e-01	1.340530e+01
1.935000e-05	-9.254193e-02	1.330906e+01
1.936000e-05	-8.429421e-02	1.313117e+01
1.937000e-05	-8.229876e-02	1.299322e+01
1.938000e-05	-7.778088e-02	1.279488e+01
1.939000e-05	-7.269156e-02	1.269851e+01
1.940000e-05	-6.477538e-02	1.249114e+01
1.941000e-05	-6.298883e-02	1.234359e+01
1.942000e-05	-6.372771e-02	1.216325e+01
1.943000e-05	-5.871000e-02	1.201328e+01
1.944000e-05	-5.491484e-02	1.178525e+01
1.945000e-05	-5.202283e-02	1.162472e+01
1.946000e-05	-5.316726e-02	1.139485e+01
1.947000e-05	-5.121766e-02	1.120735e+01
1.948000e-05	-4.687275e-02	1.099488e+01
1.949000e-05	-4.316319e-02	1.080597e+01
1.950000e-05	-4.330968e-02	1.062728e+01
1.951000e-05	-4.326307e-02	1.039432e+01
1.952000e-05	-3.975106e-02	1.017430e+01
1.953000e-05	-3.838471e-02	1.002417e+01
1.954000e-05	-3.674615e-02	9.754167e+00
1.955000e-05	-3.946011e-02	9.510084e+00
1.956000e-05	-3.685111e-02	9.331583e+00
1.957000e-05	-3.465670e-02	9.078008e+00
1.958000e-05	-3.136687e-02	8.848382e+00
1.959000e-05	-3.324254e-02	8.615326e+00
1.960000e-05	-3.302571e-02	8.394748e+00
1.961000e-05	-3.032712e-02	8.151744e+00
1.962000e-05	-2.740912e-02	7.879579e+00
1.963000e-05	-2.838531e-02	7.638928e+00
1.964000e-05	-2.797499e-02	7.384294e+00
1.965000e-05	-2.698589e-02	7.131168e+00
1.966000e-05	-2.479664e-02	6.890584e+00
1.967000e-05	-2.511352e-02	6.635351e+00
1.968000e-05	-2.661969e-02	6.332689e+00
1.969000e-05	-2.556172e-02	6.122559e+00
1.970000e-05	-2.360278e-02	5.879453e+00
1.971000e-05	-2.174399e-02	5.574267e+00
1.972000e-05	-2.097318e-02	5.289562e+00
1.973000e-05	-2.201671e-02	4.973269e+00
1.974000e-05	-1.950181e-02	4.649028e+00
1.975000e-05	-1.936981e-02	4.416879e+00
1.976000e-05	-1.854888e-02	4.141766e+00
1.977000e-05	-2.096280e-02	3.858478e+00
1.978000e-05	-1.957881e-02	3.616848e+00
1.979000e-05	-1.883216e-02	3.322616e+00
1.980000e-05	-1.590916e-02	3.028503e+00
1.981000e-05	-1.823298e-02	2.786349e+00
1.982000e-05	-1.743497e-02	2.480077e+00
1.983000e-05	-1.528515e-02	2.205370e+00
1.984000e-05	-1.190096e-02	1.943237e+00
1.985000e-05	-1.415955e-02	1.618931e+00
1.986000e-05	-1.491635e-02	1.343217e+00
1.987000e-05	-1.478447e-02	1.057848e+00
1.988000e-05	-1.232937e-02	7.516369e-01
1.989000e-05	-1.226832e-02	4.400555e-01
1.990000e-05	-1.096124e-02	1.948160e-01
1.991000e-05	-8.307039e-03	-7.734567e-02
1.992000e-05	6.480988e-03	-3.605261e-01
1.993000e-05	6.842470e-04	-6.392817e-01
1.994000e-05	2.603358e-03	-9.288932e-01
1.995000e-05	-2.378781e-03	-1.130551e+00
1.996000e-05	4.811254e-04	-1.448219e+00
1.997000e-05	4.172059e-05	-1.700319e+00
1.998000e-05	2.307825e-02	-1.939796e+00
1.999000e-05	9.958553e-02	-2.215480e+00
2.000000e-05	6.782583e-02	-2.551051e+00
2.001000e-05	-5.031906e-02	-2.993476e+00
2.002000e-05	-3.261414e-03	-3.308868e+00
2.003000e-05	-4.594670e-02	-3.507318e+00
2.004000e-05	-6.298627e-02	-3.739423e+00
2.005000e-05	-3.574772e-02	-3.959925e+00
2.006000e-05	1.545246e-01	-4.137870e+00
2.007000e-05	-1.499997e-01	-4.414138e+00
2.008000e-05	1.524094e-01	-4.665288e+00
2.009000e-05	-9.892333e-03	-4.910351e+00
2.010000e-05	-5.998849e-02	-5.338767e+00
2.011000e-05	1.109879e-01	-5.561024e+00
2.012000e-05	-1.565196e-01	-5.865612e+00
2.013000e-05	1.602006e-01	-6.115741e+00
2.014000e-05	-4.166122e-02	-6.351373e+00
2.015000e-05	3.764994e-02	-6.665741e+00
2.016000e-05	6.128399e-02	-6.917696e+00
2.017000e-05	-8.633122e-02	-7.212033e+00
2.018000e-05	1.175227e-01	-7.423557e+00
2.019000e-05	-9.119971e-02	-7.760319e+00
2.020000e-05	1.024382e-01	-8.001503e+00
2.021000e-05	-4.955144e-03	-8.212608e+00
2.022000e-05	1.453354e-02	-8.473565e+00
2.023000e-05	8.431257e-02	-8.696871e+00
2.024000e-05	-7.933612e-02	-8.990428e+00
2.025000e-05	9.161001e-02	-9.109321e+00
2.026000e-05	-5.718547e-02	-9.400505e+00
2.027000e-05	1.053965e-01	-9.602611e+00
2.028000e-05	-1.140848e-02	-9.822109e+00
2.029000e-05	5.084447e-02	-1.009227e+01
2.030000e-05	2.362543e-02	-1.024404e+01
2.031000e-05	5.094645e-03	-1.053672e+01
2.032000e-05	6.219936e-02	-1.069264e+01
2.033000e-05	-2.027836e-02	-1.094322e+01
2.034000e-05	7.542977e-02	-1.111510e+01
2.035000e-05	-1.083878e-02	-1.128622e+01
2.036000e-05	7.977137e-02	-1.152527e+01
2.037000e-05	-2.500527e-03	-1.173675e+01
2.038000e-05	5.489307e-02	-1.191565e+01
2.039000e-05	1.731490e-02	-1.209529e+01
2.040000e-05	5.226926e-02	-1.227564e+01
2.041000e-05	3.971996e-02	-1.248259e+01
2.042000e-05	3.154464e-02	-1.266091e+01
2.043000e-05	4.444504e-02	-1.275840e+01
2.044000e-05	3.027942e-02	-1.295780e+01
2.045000e-05	6.000934e-02	-1.309256e+01
2.046000e-05	2.960037e-02	-1.323061e+01
2.047000e-05	6.100707e-02	-1.337728e+01
2.048000e-05	3.677722e-02	-1.352675e+01
2.049000e-05	6.456810e-02	-1.364166e+01
2.050000e-05	3.980712e-02	-1.376833e+01
2.051000e-05	5.434781e-02	-1.390320e+01
2.052000e-05	4.402468e-02	-1.406096e+01
2.053000e-05	6.282766e-02	-1.414881e+01
2.054000e-05	5.878616e-02	-1.429357e+01
2.055000e-05	6.186415e-02	-1.441985e+01
2.056000e-05	6.070233e-02	-1.445166e+01
2.057000e-05	6.476522e-02	-1.457833e+01
2.058000e-05	7.151224e-02	-1.467254e+01
2.059000e-05	6.730059e-02	-1.473675e+01
2.060000e-05	7.314094e-02	-1.482106e+01
2.061000e-05	6.983878e-02	-1.490359e+01
2.062000e-05	8.169277e-02	-1.497527e+01
2.063000e-05	7.566128e-02	-1.502793e+01
2.064000e-05	8.301836e-02	-1.507144e+01
2.065000e-05	8.113035e-02	-1.512405e+01
2.066000e-05	9.354555e-02	-1.513620e+01
2.067000e-05	9.430536e-02	-1.519890e+01
2.068000e-05	9.742383e-02	-1.523894e+01
2.069000e-05	9.760526e-02	-1.529155e+01
2.070000e-05	1.015057e-01	-1.526314e+01
2.071000e-05	1.083973e-01	-1.528315e+01
2.072000e-05	1.113171e-01	-1.534667e+01
2.073000e-05	1.174858e-01	-1.532467e+01
2.074000e-05	1.212784e-01	-1.533372e+01
2.075000e-05	1.313778e-01	-1.532269e+01
2.076000e-05	1.357537e-01	-1.530212e+01
2.077000e-05	1.418071e-01	-1.527214e+01
2.078000e-05	1.487994e-01	-1.530261e+01
2.079000e-05	1.625647e-01	-1.526046e+01
2.080000e-05	1.785496e-01	-1.519793e+01
2.081000e-05	1.950750e-01	-1.513525e+01
2.082000e-05	2.163253e-01	-1.512317e+01
2.083000e-05	2.408639e-01	-1.511094e+01
2.084000e-05	2.497000e-01	-1.505788e+01
2.085000e-05	2.500000e-01	-1.499677e+01
2.086000e-05	2.500000e-01	-1.487314e+01
2.087000e-05	2.500000e-01	-1.483893e+01
2.088000e-05	2.500000e-01	-1.477480e+01
2.089000e-05	2.500000e-01	-1.470006e+01
2.090000e-05	2.489534e-01	-1.459833e+01
2.091000e-05	2.287409e-01	-1.449258e+01
2.092000e-05	2.017521e-01	-1.442638e+01
2.093000e-05	1.793615e-01	-1.428204e+01
2.094000e-05	1.578193e-01	-1.417670e+01
2.095000e-05	1.398538e-01	-1.405101e+01
2.096000e-05	1.248706e-01	-1.398275e+01
2.097000e-05	1.140291e-01	-1.382786e+01
2.098000e-05	1.022334e-01	-1.370106e+01
2.099000e-05	9.284234e-02	-1.354327e+01
2.100000e-05	8.575972e-02	-1.341738e+01
2.101000e-05	8.134106e-02	-1.330106e+01
2.102000e-05	7.555019e-02	-1.311216e+01
2.103000e-05	6.901797e-02	-1.297672e+01
2.104000e-05	6.212303e-02	-1.287890e+01
2.105000e-05	5.791215e-02	-1.266996e+01
2.106000e-05	5.431766e-02	-1.252311e+01
2.107000e-05	5.072762e-02	-1.237330e+01
2.108000e-05	4.678842e-02	-1.216420e+01
2.109000e-05	4.465138e-02	-1.199570e+01
2.110000e-05	4.302378e-02	-1.181633e+01
2.111000e-05	4.065631e-02	-1.158430e+01
2.112000e-05	3.716218e-02	-1.138329e+01
2.113000e-05	3.396413e-02	-1.114472e+01
2.114000e-05	3.329275e-02	-1.098425e+01
2.115000e-05	3.049782e-02	-1.077477e+01
2.116000e-05	2.873236e-02	-1.057480e+01
2.117000e-05	2.614634e-02	-1.038475e+01
2.118000e-05	2.605523e-02	-1.014369e+01
2.119000e-05	2.492585e-02	-9.942591e+00
2.120000e-05	2.408976e-02	-9.722641e+00
2.121000e-05	2.155438e-02	-9.482187e+00
2.122000e-05	2.030824e-02	-9.328983e+00
2.123000e-05	1.940165e-02	-9.029055e+00
2.124000e-05	1.678534e-02	-8.826433e+00
2.125000e-05	1.587141e-02	-8.605271e+00
2.126000e-05	1.390910e-02	-8.352216e+00
2.127000e-05	1.409264e-02	-8.132613e+00
2.128000e-05	1.267995e-02	-7.879537e+00
2.129000e-05	1.310215e-02	-7.564771e+00
2.130000e-05	1.034653e-02	-7.332663e+00
2.131000e-05	1.170149e-02	-7.090630e+00
2.132000e-05	8.354758e-03	-6.796875e+00
2.133000e-05	8.931436e-03	-6.593840e+00
2.134000e-05	5.335025e-03	-6.332686e+00
2.135000e-05	6.916627e-03	-6.049503e+00
2.136000e-05	3.678304e-03	-5.805296e+00
2.137000e-05	5.922996e-03	-5.503741e+00
2.138000e-05	3.597624e-03	-5.277423e+00
2.139000e-05	3.419311e-03	-4.913109e+00
2.140000e-05	2.213495e-03	-4.566924e+00
2.141000e-05	2.411067e-03	-4.395839e+00
2.142000e-05	1.083175e-03	-4.084814e+00
2.143000e-05	1.171508e-03	-3.849975e+00
2.144000e-05	-2.543737e-03	-3.545821e+00
2.145000e-05	-2.143768e-03	-3.302258e+00
2.146000e-05	-2.471782e-03	-3.026424e+00
2.147000e-05	-2.264853e-03	-2.734763e+00
2.148000e-05	-3.509096e-03	-2.500608e+00
2.149000e-05	-2.672906e-03	-2.187844e+00
2.150000e-05	-3.658652e-03	-1.892183e+00
2.151000e-05	-2.353769e-03	-1.637929e+00
2.152000e-05	-6.183823e-03	-1.302105e+00
2.153000e-05	-8.023042e-03	-9.784463e-01
2.154000e-05	-8.006790e-03	-7.033332e-01
2.155000e-05	-6.636815e-03	-4.389500e-01
2.156000e-05	-5.745981e-03	-1.657921e-01
2.157000e-05	-2.786008e-04	8.886947e-02
2.158000e-05	6.672292e-03	3.930801e-01
2.159000e-05	-5.298007e-04	6.531829e-01
2.160000e-05	5.445975e-03	8.552694e-01
2.161000e-05	-2.608479e-03	1.171528e+00
2.162000e-05	9.541638e-04	1.456815e+00
2.163000e-05	-3.522096e-03	1.790024e+00
2.164000e-05	1.760477e-02	2.011074e+00
2.165000e-05	6.306507e-02	2.243644e+00
2.166000e-05	9.220816e-02	2.592403e+00
2.167000e-05	-4.909897e-02	2.898321e+00
2.168000e-05	-2.929781e-02	3.208428e+00
2.169000e-05	-3.979799e-02	3.487165e+00
2.170000e-05	-2.962895e-02	3.746296e+00
2.171000e-05	-8.853256e-02	3.915742e+00
2.172000e-05	4.512935e-03	4.158849e+00
2.173000e-05	8.590487e-02	4.443691e+00
2.174000e-05	-1.069372e-01	4.725794e+00
2.175000e-05	1.392655e-01	5.019882e+00
2.176000e-05	-4.857766e-02	5.328324e+00
2.177000e-05	-4.541850e-02	5.549453e+00
2.178000e-05	3.113581e-02	5.834740e+00
2.179000e-05	-5.405502e-02	6.094770e+00
2.180000e-05	6.112340e-02	6.389374e+00
2.181000e-05	-5.384169e-02	6.675168e+00
2.182000e-05	9.577471e-03	6.926770e+00
2.183000e-05	-1.276285e-02	7.161427e+00
2.184000e-05	-2.397772e-02	7.441967e+00
2.185000e-05	-1.693838e-03	7.716822e+00
2.186000e-05	-5.518424e-02	7.998008e+00
2.187000e-05	3.984952e-02	8.254115e+00
2.188000e-05	-2.596896e-02	8.436165e+00
2.189000e-05	-4.801659e-03	8.652165e+00
2.190000e-05	-1.921522e-02	8.954774e+00
2.191000e-05	-5.358657e-02	9.177849e+00
2.192000e-05	1.097980e-02	9.378428e+00
2.193000e-05	-3.225664e-02	9.589009e+00
2.194000e-05	1.337717e-05	9.811489e+00
2.195000e-05	-4.550293e-02	1.006366e+01
2.196000e-05	1.399334e-03	1.026166e+01
2.197000e-05	-2.426068e-02	1.050367e+01
2.198000e-05	-3.042484e-02	1.068307e+01
2.199000e-05	-3.193593e-02	1.088417e+01
2.200000e-05	-3.825980e-02	1.111259e+01
2.201000e-05	-6.834713e-03	1.130272e+01
2.202000e-05	-3.898100e-02	1.149314e+01
2.203000e-05	-2.849199e-02	1.168566e+01
2.204000e-05	-4.840301e-02	1.188412e+01
2.205000e-05	-1.835882e-02	1.208064e+01
2.206000e-05	-3.165165e-02	1.225244e+01
2.207000e-05	-3.553479e-02	1.241901e+01
2.208000e-05	-4.719563e-02	1.257738e+01
2.209000e-05	-4.133937e-02	1.272480e+01
2.210000e-05	-3.240931e-02	1.290214e+01
2.211000e-05	-4.688090e-02	1.306094e+01
2.212000e-05	-4.812959e-02	1.320801e+01
2.213000e-05	-5.074186e-02	1.334675e+01
2.214000e-05	-3.405021e-02	1.350311e+01
2.215000e-05	-4.711090e-02	1.364043e+01
2.216000e-05	-5.622492e-02	1.376323e+01
2.217000e-05	-6.491485e-02	1.388097e+01
2.218000e-05	-5.369067e-02	1.395933e+01
2.219000e-05	-5.395203e-02	1.416280e+01
2.220000e-05	-6.206087e-02	1.429056e+01
2.221000e-05	-6.847928e-02	1.438518e+01
2.222000e-05	-6.443215e-02	1.446146e+01
2.223000e-05	-5.941225e-02	1.456577e+01
2.224000e-05	-6.791330e-02	1.464953e+01
2.225000e-05	-7.726881e-02	1.476320e+01
2.226000e-05	-7.925565e-02	1.478838e+01
2.227000e-05	-7.377931e-02	1.485202e+01
2.228000e-05	-7.720506e-02	1.493222e+01
2.229000e-05	-8.972097e-02	1.497728e+01
2.230000e-05	-9.711427e-02	1.499943e+01
2.231000e-05	-9.208211e-02	1.506299e+01
2.232000e-05	-8.843945e-02	1.509364e+01
2.233000e-05	-9.658235e-02	1.517478e+01
2.234000e-05	-1.056033e-01	1.517485e+01
2.235000e-05	-1.068026e-01	1.522691e+01
2.236000e-05	-1.068995e-01	1.522991e+01
2.237000e-05	-1.131470e-01	1.525001e+01
2.238000e-05	-1.257762e-01	1.529051e+01
2.239000e-05	-1.290771e-01	1.527141e+01
2.240000e-05	-1.296291e-01	1.525046e+01
2.241000e-05	-1.319023e-01	1.524994e+01
2.242000e-05	-1.452211e-01	1.526944e+01
2.243000e-05	-1.567706e-01	1.522834e+01
2.244000e-05	-1.637162e-01	1.520587e+01
2.245000e-05	-1.717561e-01	1.518535e+01
2.246000e-05	-1.885343e-01	1.515372e+01
2.247000e-05	-2.144944e-01	1.509052e+01
2.248000e-05	-2.367460e-01	1.504846e+01
2.249000e-05	-2.481720e-01	1.501736e+01
2.250000e-05	-2.500000e-01	1.495422e+01
2.251000e-05	-2.500000e-01	1.489114e+01
2.252000e-05	-2.500000e-01	1.482751e+01
2.253000e-05	-2.500000e-01	1.477477e+01
2.254000e-05	-2.500000e-01	1.469909e+01
2.255000e-05	-2.500000e-01	1.463433e+01
2.256000e-05	-2.489943e-01	1.451307e+01
2.257000e-05	-2.281703e-01	1.443695e+01
2.258000e-05	-1.991307e-01	1.433367e+01
2.259000e-05	-1.766393e-01	1.422485e+01
2.260000e-05	-1.635502e-01	1.406007e+01
2.261000e-05	-1.466547e-01	1.394325e+01
2.262000e-05	-1.309230e-01	1.383694e+01
2.263000e-05	-1.171967e-01	1.375159e+01
2.264000e-05	-1.114681e-01	1.358433e+01
2.265000e-05	-1.044180e-01	1.344941e+01
2.266000e-05	-9.594849e-02	1.333165e+01
2.267000e-05	-8.650530e-02	1.315525e+01
2.268000e-05	-8.371180e-02	1.302533e+01
2.269000e-05	-8.095725e-02	1.288959e+01
2.270000e-05	-7.496276e-02	1.271204e+01
2.271000e-05	-6.746682e-02	1.257375e+01
2.272000e-05	-6.341544e-02	1.243743e+01
2.273000e-05	-6.307817e-02	1.222593e+01
2.274000e-05	-6.276982e-02	1.207953e+01
2.275000e-05	-5.626101e-02	1.190956e+01
2.276000e-05	-5.237288e-02	1.168998e+01
2.277000e-05	-5.221647e-02	1.151856e+01
2.278000e-05	-5.200963e-02	1.126843e+01
2.279000e-05	-4.921138e-02	1.110108e+01
2.280000e-05	-4.460775e-02	1.089912e+01
2.281000e-05	-4.329630e-02	1.071901e+01
2.282000e-05	-4.481329e-02	1.047901e+01
2.283000e-05	-4.271235e-02	1.028901e+01
2.284000e-05	-3.867789e-02	1.007901e+01
2.285000e-05	-3.671437e-02	9.815884e+00
2.286000e-05	-3.800028e-02	9.584323e+00
2.287000e-05	-3.835897e-02	9.383249e+00
2.288000e-05	-3.558656e-02	9.183671e+00
2.289000e-05	-3.160509e-02	8.923614e+00
2.290000e-05	-3.183120e-02	8.680060e+00
2.291000e-05	-3.310321e-02	8.448508e+00
2.292000e-05	-3.218522e-02	8.288456e+00
2.293000e-05	-2.823178e-02	8.005773e+00
2.294000e-05	-2.837028e-02	7.732645e+00
2.295000e-05	-2.862827e-02	7.518956e+00
2.296000e-05	-2.951709e-02	7.214381e+00
2.297000e-05	-2.611071e-02	6.985819e+00
2.298000e-05	-2.418545e-02	6.710591e+00
2.299000e-05	-2.517255e-02	6.437903e+00
2.300000e-05	-2.731430e-02	6.216369e+00
2.301000e-05	-2.421365e-02	5.974268e+00
2.302000e-05	-2.188877e-02	5.661032e+00
2.303000e-05	-2.136994e-02	5.417301e+00
2.304000e-05	-2.232161e-02	5.088083e+00
2.305000e-05	-2.210568e-02	4.755795e+00
2.306000e-05	-2.080329e-02	4.511611e+00
2.307000e-05	-1.987843e-02	4.270003e+00
2.308000e-05	-1.997729e-02	3.934745e+00
2.309000e-05	-2.057776e-02	3.711184e+00
2.310000e-05	-1.833547e-02	3.447952e+00
2.311000e-05	-1.641075e-02	3.134716e+00
2.312000e-05	-1.724448e-02	2.883056e+00
2.313000e-05	-1.847462e-02	2.594419e+00
2.314000e-05	-1.734290e-02	2.290086e+00
2.315000e-05	-1.481623e-02	2.040028e+00
2.316000e-05	-1.359862e-02	1.775261e+00
2.317000e-05	-1.475476e-02	1.479578e+00
2.318000e-05	-1.423509e-02	1.194842e+00
2.319000e-05	-1.300147e-02	8.390249e-01
2.320000e-05	-1.128149e-02	5.727636e-01
2.321000e-05	-1.179931e-02	2.602593e-01
2.322000e-05	-9.746389e-03	7.418547e-03
2.323000e-05	-1.431630e-03	-2.567343e-01
2.324000e-05	4.156165e-03	-5.093457e-01
2.325000e-05	-2.232759e-03	-7.931090e-01
2.326000e-05	1.303831e-03	-1.073235e+00
2.327000e-05	-2.310214e-03	-1.393601e+00
2.328000e-05	1.172216e-03	-1.614106e+00
2.329000e-05	1.009294e-02	-1.846715e+00
2.330000e-05	6.039419e-02	-2.084735e+00
2.331000e-05	1.227600e-01	-2.383080e+00
2.332000e-05	-3.959350e-02	-2.802583e+00
2.333000e-05	-8.681786e-03	-3.172056e+00
2.334000e-05	-4.127711e-02	-3.433634e+00
2.335000e-05	-3.782013e-02	-3.631533e+00
2.336000e-05	-9.865428e-02	-3.856266e+00
2.337000e-05	1.369997e-01	-4.053160e+00
2.338000e-05	-4.028794e-02	-4.257742e+00
2.339000e-05	-1.003775e-02	-4.634581e+00
2.340000e-05	1.521847e-01	-4.810559e+00
2.341000e-05	-1.503648e-01	-5.171531e+00
2.342000e-05	1.428443e-01	-5.464311e+00
2.343000e-05	-1.095456e-01	-5.739801e+00
2.344000e-05	2.618071e-02	-6.020061e+00
2.345000e-05	9.735976e-02	-6.225087e+00
2.346000e-05	-7.985148e-02	-6.528400e+00
2.347000e-05	1.428346e-01	-6.799931e+00
2.348000e-05	-1.017975e-01	-7.057242e+00
2.349000e-05	7.667778e-02	-7.348897e+00
2.350000e-05	-1.012393e-02	-7.588977e+00
2.351000e-05	-7.571884e-03	-7.887871e+00
2.352000e-05	1.030994e-01	-8.166820e+00
2.353000e-05	-7.274272e-02	-8.369400e+00
2.354000e-05	1.308586e-01	-8.612483e+00
2.355000e-05	-7.152974e-02	-8.844616e+00
2.356000e-05	5.162350e-02	-9.074314e+00
2.357000e-05	-3.698995e-04	-9.323711e+00
2.358000e-05	2.475334e-02	-9.556877e+00
2.359000e-05	7.350634e-02	-9.765300e+00
2.360000e-05	-2.334447e-02	-9.949450e+00
2.361000e-05	8.718282e-02	-1.018983e+01
2.362000e-05	-4.303672e-02	-1.041314e+01
2.363000e-05	8.714445e-02	-1.062006e+01
2.364000e-05	-2.408910e-02	-1.083148e+01
2.365000e-05	6.158136e-02	-1.104889e+01
2.366000e-05	1.167237e-02	-1.121103e+01
2.367000e-05	4.606886e-02	-1.140359e+01
2.368000e-05	3.973501e-02	-1.162196e+01
2.369000e-05	1.604331e-02	-1.183302e+01
2.370000e-05	5.052660e-02	-1.201101e+01
2.371000e-05	1.781852e-02	-1.223098e+01
2.372000e-05	6.891878e-02	-1.236795e+01
2.373000e-05	1.149885e-02	-1.258638e+01
2.374000e-05	5.588379e-02	-1.274419e+01
2.375000e-05	1.868096e-02	-1.289467e+01
2.376000e-05	6.121574e-02	-1.300938e+01
2.377000e-05	3.375539e-02	-1.317890e+01
2.378000e-05	5.563025e-02	-1.333475e+01
2.379000e-05	4.274892e-02	-1.347401e+01
2.380000e-05	5.490578e-02	-1.359888e+01
2.381000e-05	5.171344e-02	-1.376722e+01
2.382000e-05	4.453630e-02	-1.387951e+01
2.383000e-05	5.152961e-02	-1.396738e+01
2.384000e-05	5.186176e-02	-1.414469e+01
2.385000e-05	6.646830e-02	-1.419944e+01
2.386000e-05	5.635629e-02	-1.434720e+01
2.387000e-05	6.510037e-02	-1.444201e+01
2.388000e-05	5.847953e-02	-1.454678e+01
2.389000e-05	7.317038e-02	-1.461946e+01
2.390000e-05	6.614610e-02	-1.474520e+01
2.391000e-05	7.310284e-02	-1.482736e+01
2.392000e-05	6.939558e-02	-1.487052e+01
2.393000e-05	7.898032e-02	-1.495220e+01
2.394000e-05	7.706144e-02	-1.500776e+01
2.395000e-05	7.814099e-02	-1.504944e+01
2.396000e-05	8.283249e-02	-1.512402e+01
2.397000e-05	8.824167e-02	-1.512517e+01
2.398000e-05	9.751760e-02	-1.517636e+01
2.399000e-05	9.549421e-02	-1.522048e+01
2.400000e-05	9.883842e-02	-1.524106e+01
2.401000e-05	9.782101e-02	-1.527111e+01
2.402000e-05	1.076287e-01	-1.530262e+01
2.403000e-05	1.078690e-01	-1.533367e+01
2.404000e-05	1.153045e-01	-1.533327e+01
2.405000e-05	1.179223e-01	-1.531567e+01
2.406000e-05	1.295364e-01	-1.531415e+01
2.407000e-05	1.352522e-01	-1.532472e+01
2.408000e-05	1.394124e-01	-1.532372e+01
2.409000e-05	1.439114e-01	-1.529146e+01
2.410000e-05	1.570553e-01	-1.524056e+01
2.411000e-05	1.719996e-01	-1.523793e+01
2.412000e-05	1.882894e-01	-1.516578e+01
2.413000e-05	2.064249e-01	-1.513520e+01
2.414000e-05	2.306889e-01	-1.510111e+01
2.415000e-05	2.475765e-01	-1.505899e+01
2.416000e-05	2.500000e-01	-1.499633e+01
2.417000e-05	2.500000e-01	-1.492320e+01
2.418000e-05	2.500000e-01	-1.484948e+01
2.419000e-05	2.500000e-01	-1.479485e+01
2.420000e-05	2.500000e-01	-1.471314e+01
2.421000e-05	2.499850e-01	-1.465783e+01
2.422000e-05	2.386150e-01	-1.456377e+01
2.423000e-05	2.114359e-01	-1.442898e+01
2.424000e-05	1.875568e-01	-1.434365e+01
2.425000e-05	1.669667e-01	-1.425738e+01
2.426000e-05	1.472346e-01	-1.410362e+01
2.427000e-05	1.313923e-01	-1.400530e+01
2.428000e-05	1.191185e-01	-1.389161e+01
2.429000e-05	1.082225e-01	-1.375469e+01
2.430000e-05	9.760771e-02	-1.359683e+01
2.431000e-05	8.877237e-02	-1.346999e+01
2.432000e-05	8.169347e-02	-1.337369e+01
2.433000e-05	7.747970e-02	-1.323582e+01
2.434000e-05	7.104557e-02	-1.305886e+01
2.435000e-05	6.517708e-02	-1.291211e+01
2.436000e-05	5.987180e-02	-1.274432e+01
2.437000e-05	5.696158e-02	-1.255527e+01
2.438000e-05	5.384052e-02	-1.242590e+01
2.439000e-05	4.988664e-02	-1.223888e+01
2.440000e-05	4.449127e-02	-1.206051e+01
2.441000e-05	4.277143e-02	-1.189204e+01
2.442000e-05	3.992366e-02	-1.163949e+01
2.443000e-05	3.766311e-02	-1.145891e+01
2.444000e-05	3.540437e-02	-1.124651e+01
2.445000e-05	3.411933e-02	-1.106843e+01
2.446000e-05	3.278719e-02	-1.083898e+01
2.447000e-05	2.924192e-02	-1.068008e+01
2.448000e-05	2.790836e-02	-1.044958e+01
2.449000e-05	2.671121e-02	-1.024895e+01
2.450000e-05	2.464354e-02	-1.002792e+01
2.451000e-05	2.341481e-02	-9.816425e+00
2.452000e-05	2.092842e-02	-9.626349e+00
2.453000e-05	2.041762e-02	-9.324695e+00
2.454000e-05	1.965926e-02	-9.092714e+00
2.455000e-05	1.885727e-02	-8.924168e+00
2.456000e-05	1.654746e-02	-8.670082e+00
2.457000e-05	1.504469e-02	-8.427428e+00
2.458000e-05	1.389546e-02	-8.217400e+00
2.459000e-05	1.466723e-02	-7.975794e+00
2.460000e-05	1.199881e-02	-7.720083e+00
2.461000e-05	1.091314e-02	-7.448399e+00
2.462000e-05	1.140345e-02	-7.215901e+00
2.463000e-05	1.053072e-02	-6.911658e+00
2.464000e-05	9.036453e-03	-6.681556e+00
2.465000e-05	5.995382e-03	-6.427955e+00
2.466000e-05	5.922851e-03	-6.203213e+00
2.467000e-05	6.135854e-03	-5.872112e+00
2.468000e-05	4.820151e-03	-5.636499e+00
2.469000e-05	4.199247e-03	-5.354115e+00
2.470000e-05	2.421842e-03	-5.047455e+00
2.471000e-05	2.785410e-03	-4.752686e+00
2.472000e-05	3.014680e-03	-4.439531e+00
2.473000e-05	1.698946e-03	-4.260001e+00
2.474000e-05	2.345718e-04	-3.985221e+00
2.475000e-05	-1.503316e-03	-3.680482e+00
2.476000e-05	-4.458730e-04	-3.408448e+00
2.477000e-05	-2.603557e-03	-3.134238e+00
2.478000e-05	-3.035257e-03	-2.830001e+00
2.479000e-05	-4.249400e-03	-2.565392e+00
2.480000e-05	-2.164078e-03	-2.292175e+00
2.481000e-05	-3.093805e-03	-2.006447e+00
2.482000e-05	-3.262810e-03	-1.733287e+00
2.483000e-05	-5.886624e-03	-1.459498e+00
2.484000e-05	-4.769271e-03	-1.123262e+00
2.485000e-05	-7.294101e-03	-8.475027e-01
2.486000e-05	-8.121702e-03	-5.142355e-01
2.487000e-05	-7.541060e-03	-2.912068e-01
2.488000e-05	-3.208847e-03	5.413288e-02
2.489000e-05	6.011175e-03	2.876922e-01
2.490000e-05	1.194859e-03	5.594473e-01
2.491000e-05	2.388227e-03	7.814740e-01
2.492000e-05	2.279903e-03	1.088273e+00
2.493000e-05	2.419667e-03	1.360421e+00
2.494000e-05	-2.247868e-03	1.706194e+00
2.495000e-05	8.290084e-03	1.937246e+00
2.496000e-05	3.116564e-02	2.139323e+00
2.497000e-05	1.064136e-01	2.404130e+00
2.498000e-05	-2.090182e-03	2.781556e+00
2.499000e-05	-4.428945e-02	3.076242e+00
2.500000e-05	-3.405847e-02	3.319355e+00
2.501000e-05	-2.677085e-02	3.622056e+00
2.502000e-05	-6.659578e-02	3.882761e+00
2.503000e-05	-5.562413e-02	4.004586e+00
2.504000e-05	9.417781e-02	4.359926e+00
2.505000e-05	-5.525060e-02	4.652610e+00
2.506000e-05	2.178488e-02	4.832113e+00
2.507000e-05	9.168340e-02	5.222007e+00
2.508000e-05	-1.246040e-01	5.494768e+00
2.509000e-05	5.678008e-02	5.757875e+00
2.510000e-05	-5.462520e-02	6.042083e+00
2.511000e-05	3.277198e-02	6.253186e+00
2.512000e-05	1.845141e-03	6.537375e+00
2.513000e-05	-4.913526e-02	6.801533e+00
2.514000e-05	3.331695e-02	7.073764e+00
2.515000e-05	-5.739944e-02	7.367744e+00
2.516000e-05	2.536781e-02	7.591510e+00
2.517000e-05	-6.846551e-02	7.943193e+00
2.518000e-05	1.732745e-02	8.150554e+00
2.519000e-05	8.165820e-03	8.419029e+00
2.520000e-05	-2.746979e-02	8.598928e+00
2.521000e-05	8.335242e-03	8.781531e+00
2.522000e-05	-6.717611e-02	9.064618e+00
2.523000e-05	3.189141e-03	9.275663e+00
2.524000e-05	-2.531086e-02	9.465747e+00
2.525000e-05	-7.057385e-04	9.797373e+00
2.526000e-05	-3.950725e-02	9.959452e+00
2.527000e-05	-1.594830e-02	1.018788e+01
2.528000e-05	-8.616539e-03	1.036740e+01
2.529000e-05	-3.370161e-02	1.062086e+01
2.530000e-05	-2.531260e-02	1.080946e+01
2.531000e-05	-4.421371e-02	1.104001e+01
2.532000e-05	-9.738913e-03	1.122846e+01
2.533000e-05	-2.899870e-02	1.140038e+01
2.534000e-05	-2.850421e-02	1.159149e+01
2.535000e-05	-4.909571e-02	1.179004e+01
2.536000e-05	-2.891711e-02	1.198693e+01
2.537000e-05	-2.596602e-02	1.215830e+01
2.538000e-05	-3.052666e-02	1.233622e+01
2.539000e-05	-4.391134e-02	1.252522e+01
2.540000e-05	-4.487538e-02	1.267261e+01
2.541000e-05	-3.271153e-02	1.285154e+01
2.542000e-05	-4.045375e-02	1.300631e+01
2.543000e-05	-4.713825e-02	1.314480e+01
2.544000e-05	-5.555217e-02	1.327374e+01
2.545000e-05	-3.765946e-02	1.341996e+01
2.546000e-05	-4.262028e-02	1.351585e+01
2.547000e-05	-4.929422e-02	1.372364e+01
2.548000e-05	-6.457728e-02	1.385793e+01
2.549000e-05	-5.647130e-02	1.393363e+01
2.550000e-05	-5.260205e-02	1.406364e+01
2.551000e-05	-5.572181e-02	1.424741e+01
2.552000e-05	-6.665184e-02	1.433367e+01
2.553000e-05	-6.911441e-02	1.446994e+01
2.554000e-05	-6.061773e-02	1.453362e+01
2.555000e-05	-6.527222e-02	1.459786e+01
2.556000e-05	-7.197634e-02	1.474320e+01
2.557000e-05	-8.056643e-02	1.479622e+01
2.558000e-05	-7.453395e-02	1.479849e+01
2.559000e-05	-7.463522e-02	1.490109e+01
2.560000e-05	-8.283875e-02	1.495478e+01
2.561000e-05	-9.460101e-02	1.504741e+01
2.562000e-05	-9.456910e-02	1.505093e+01
2.563000e-05	-8.903117e-02	1.509159e+01
2.564000e-05	-9.363688e-02	1.516177e+01
2.565000e-05	-1.018713e-01	1.518588e+01
2.566000e-05	-1.086520e-01	1.522786e+01
2.567000e-05	-1.058759e-01	1.523846e+01
2.568000e-05	-1.094621e-01	1.525891e+01
2.569000e-05	-1.194252e-01	1.525001e+01
2.570000e-05	-1.293551e-01	1.524109e+01
2.571000e-05	-1.294318e-01	1.529156e+01
2.572000e-05	-1.296005e-01	1.528911e+01
2.573000e-05	-1.398274e-01	1.527801e+01
2.574000e-05	-1.520202e-01	1.524804e+01
2.575000e-05	-1.615930e-01	1.525686e+01
2.576000e-05	-1.673756e-01	1.518885e+01
2.577000e-05	-1.823486e-01	1.517220e+01
2.578000e-05	-2.037073e-01	1.516314e+01
2.579000e-05	-2.283688e-01	1.512956e+01
2.580000e-05	-2.446922e-01	1.505791e+01
2.581000e-05	-2.498000e-01	1.496578e+01
2.582000e-05	-2.500000e-01	1.494217e+01
2.583000e-05	-2.500000e-01	1.489914e+01
2.584000e-05	-2.500000e-01	1.479703e+01
2.585000e-05	-2.500000e-01	1.470162e+01
2.586000e-05	-2.500000e-01	1.463691e+01
2.587000e-05	-2.500000e-01	1.457375e+01
2.588000e-05	-2.405180e-01	1.446996e+01
2.589000e-05	-2.092383e-01	1.440433e+01
2.590000e-05	-1.841449e-01	1.425946e+01
2.591000e-05	-1.680458e-01	1.416272e+01
2.592000e-05	-1.542800e-01	1.402588e+01
2.593000e-05	-1.371591e-01	1.390999e+01
2.594000e-05	-1.214483e-01	1.377373e+01
2.595000e-05	-1.141837e-01	1.364683e+01
2.596000e-05	-1.080745e-01	1.354114e+01
2.597000e-05	-1.003355e-01	1.335325e+01
2.598000e-05	-8.912550e-02	1.325678e+01
2.599000e-05	-8.296975e-02	1.311006e+01
2.600000e-05	-8.095865e-02	1.297219e+01
2.601000e-05	-7.752269e-02	1.281575e+01
2.602000e-05	-7.002025e-02	1.262646e+01
2.603000e-05	-6.576720e-02	1.248951e+01
2.604000e-05	-6.321801e-02	1.231967e+01
2.605000e-05	-6.282754e-02	1.215065e+01
2.606000e-05	-5.735370e-02	1.197224e+01
2.607000e-05	-5.337255e-02	1.172625e+01
2.608000e-05	-5.177217e-02	1.159327e+01
2.609000e-05	-5.337387e-02	1.135475e+01
2.610000e-05	-5.041025e-02	1.117370e+01
2.611000e-05	-4.588060e-02	1.099375e+01
2.612000e-05	-4.265416e-02	1.076370e+01
2.613000e-05	-4.277088e-02	1.057427e+01
2.614000e-05	-4.293519e-02	1.035225e+01
2.615000e-05	-3.991656e-02	1.015269e+01
2.616000e-05	-3.729757e-02	9.950666e+00
2.617000e-05	-3.746389e-02	9.689015e+00
2.618000e-05	-3.778549e-02	9.489458e+00
2.619000e-05	-3.583142e-02	9.249983e+00
2.620000e-05	-3.314346e-02	9.046803e+00
2.621000e-05	-3.167496e-02	8.805795e+00
2.622000e-05	-3.292406e-02	8.554796e+00
2.623000e-05	-3.214904e-02	8.333168e+00
2.624000e-05	-3.012387e-02	8.060209e+00
2.625000e-05	-2.761114e-02	7.847007e+00
2.626000e-05	-2.798022e-02	7.584326e+00
2.627000e-05	-2.835203e-02	7.342583e+00
2.628000e-05	-2.777562e-02	7.069031e+00
2.629000e-05	-2.520039e-02	6.766353e+00
2.630000e-05	-2.510656e-02	6.572715e+00
2.631000e-05	-2.620598e-02	6.291581e+00
2.632000e-05	-2.456286e-02	6.057979e+00
2.633000e-05	-2.199199e-02	5.834272e+00
2.634000e-05	-2.117704e-02	5.541239e+00
2.635000e-05	-2.234430e-02	5.245375e+00
2.636000e-05	-2.263053e-02	4.909611e+00
2.637000e-05	-2.155956e-02	4.636000e+00
2.638000e-05	-1.981396e-02	4.364267e+00
2.639000e-05	-2.034933e-02	4.109058e+00
2.640000e-05	-2.019070e-02	3.815842e+00
2.641000e-05	-1.951980e-02	3.522789e+00
2.642000e-05	-1.648639e-02	3.218976e+00
2.643000e-05	-1.689800e-02	2.965369e+00
2.644000e-05	-1.711610e-02	2.730263e+00
2.645000e-05	-1.837087e-02	2.415869e+00
2.646000e-05	-1.570521e-02	2.162741e+00
2.647000e-05	-1.569634e-02	1.891233e+00
2.648000e-05	-1.360334e-02	1.594395e+00
2.649000e-05	-1.521759e-02	1.310156e+00
2.650000e-05	-1.284692e-02	9.823622e-01
2.651000e-05	-1.239822e-02	6.596017e-01
2.652000e-05	-1.092921e-02	4.178962e-01
2.653000e-05	-1.059848e-02	1.011603e-01
2.654000e-05	-6.639268e-03	-1.509936e-01
2.655000e-05	6.214021e-03	-4.140788e-01
2.656000e-05	-2.894895e-03	-7.188444e-01
2.657000e-05	3.180506e-03	-9.114699e-01
2.658000e-05	-2.759454e-03	-1.215084e+00
2.659000e-05	2.594104e-03	-1.549921e+00
2.660000e-05	1.210203e-03	-1.749899e+00
2.661000e-05	3.331752e-02	-2.001500e+00
2.662000e-05	1.187885e-01	-2.216739e+00
2.663000e-05	2.831239e-02	-2.606611e+00
2.664000e-05	-4.032669e-02	-3.046618e+00
2.665000e-05	-1.422329e-02	-3.377901e+00
2.666000e-05	-4.194072e-02	-3.569422e+00
2.667000e-05	-8.129682e-02	-3.750006e+00
2.668000e-05	2.053990e-02	-3.959995e+00
2.669000e-05	1.153276e-01	-4.171525e+00
2.670000e-05	-1.385838e-01	-4.465744e+00
2.671000e-05	1.860715e-01	-4.729746e+00
2.672000e-05	-8.611901e-02	-5.005081e+00
2.673000e-05	2.052111e-02	-5.393434e+00
2.674000e-05	4.869489e-02	-5.612609e+00
2.675000e-05	-1.327586e-01	-5.897873e+00
2.676000e-05	1.722709e-01	-6.116345e+00
2.677000e-05	-8.926336e-02	-6.424537e+00
2.678000e-05	9.748447e-02	-6.706768e+00
2.679000e-05	-2.105804e-03	-6.949849e+00
2.680000e-05	-3.884950e-02	-7.246667e+00
2.681000e-05	9.576013e-02	-7.495137e+00
2.682000e-05	-9.195111e-02	-7.790954e+00
2.683000e-05	1.313137e-01	-8.022635e+00
2.684000e-05	-5.312576e-02	-8.275691e+00
2.685000e-05	6.856221e-02	-8.567274e+00
2.686000e-05	3.303258e-02	-8.750379e+00
2.687000e-05	-4.631088e-02	-9.031534e+00
2.688000e-05	7.922043e-02	-9.220454e+00
2.689000e-05	-5.167295e-02	-9.434639e+00
2.690000e-05	1.196974e-01	-9.664241e+00
2.691000e-05	-3.835350e-02	-9.866166e+00
2.692000e-05	8.065043e-02	-1.012580e+01
2.693000e-05	-1.179717e-02	-1.030672e+01
2.694000e-05	4.092186e-02	-1.056740e+01
2.695000e-05	3.286337e-02	-1.071632e+01
2.696000e-05	2.742296e-03	-1.094733e+01
2.697000e-05	6.157439e-02	-1.115775e+01
2.698000e-05	-2.533833e-03	-1.135935e+01
2.699000e-05	7.889959e-02	-1.154682e+01
2.700000e-05	-9.124302e-03	-1.173780e+01
2.701000e-05	6.356081e-02	-1.196647e+01
2.702000e-05	8.433095e-03	-1.215780e+01
2.703000e-05	6.715959e-02	-1.227674e+01
2.704000e-05	2.380574e-02	-1.251527e+01
2.705000e-05	4.155162e-02	-1.266209e+01
2.706000e-05	3.384780e-02	-1.281151e+01
2.707000e-05	4.211806e-02	-1.295888e+01
2.708000e-05	5.250309e-02	-1.311369e+01
2.709000e-05	3.567212e-02	-1.328211e+01
2.710000e-05	5.765158e-02	-1.339036e+01
2.711000e-05	3.996799e-02	-1.354880e+01
2.712000e-05	6.405640e-02	-1.367369e+01
2.713000e-05	3.716265e-02	-1.377938e+01
2.714000e-05	5.582350e-02	-1.392525e+01
2.715000e-05	4.460956e-02	-1.409309e+01
2.716000e-05	6.766916e-02	-1.417828e+01
2.717000e-05	5.543707e-02	-1.428407e+01
2.718000e-05	6.386192e-02	-1.443988e+01
2.719000e-05	5.776826e-02	-1.449572e+01
2.720000e-05	6.932250e-02	-1.458938e+01
2.721000e-05	6.986976e-02	-1.468214e+01
2.722000e-05	6.988065e-02	-1.479530e+01
2.723000e-05	7.120758e-02	-1.489106e+01
2.724000e-05	7.365426e-02	-1.493419e+01
2.725000e-05	8.139156e-02	-1.500782e+01
2.726000e-05	7.580238e-02	-1.503993e+01
2.727000e-05	8.156067e-02	-1.507154e+01
2.728000e-05	8.275480e-02	-1.512270e+01
2.729000e-05	9.639343e-02	-1.516580e+01
2.730000e-05	9.447951e-02	-1.521840e+01
2.731000e-05	9.825905e-02	-1.524986e+01
2.732000e-05	9.686943e-02	-1.529114e+01
2.733000e-05	1.047773e-01	-1.529211e+01
2.734000e-05	1.089437e-01	-1.530117e+01
2.735000e-05	1.131741e-01	-1.533420e+01
2.736000e-05	1.166479e-01	-1.533572e+01
2.737000e-05	1.236034e-01	-1.531420e+01
2.738000e-05	1.328693e-01	-1.530264e+01
2.739000e-05	1.366610e-01	-1.530417e+01
2.740000e-05	1.426772e-01	-1.525267e+01
2.741000e-05	1.506207e-01	-1.523004e+01
2.742000e-05	1.663365e-01	-1.521901e+01
2.743000e-05	1.818686e-01	-1.519680e+01
2.744000e-05	1.989399e-01	-1.516527e+01
2.745000e-05	2.206457e-01	-1.513317e+01
2.746000e-05	2.448698e-01	-1.505046e+01
2.747000e-05	2.500000e-01	-1.505786e+01
2.748000e-05	2.500000e-01	-1.493422e+01
2.749000e-05	2.500000e-01	-1.488101e+01
2.750000e-05	2.500000e-01	-1.479795e+01
2.751000e-05	2.500000e-01	-1.476314e+01
2.752000e-05	2.500000e-01	-1.468904e+01
2.753000e-05	2.476119e-01	-1.455733e+01
2.754000e-05	2.228647e-01	-1.450004e+01
2.755000e-05	1.967663e-01	-1.438435e+01
2.756000e-05	1.748220e-01	-1.428999e+01
2.757000e-05	1.553796e-01	-1.419268e+01
2.758000e-05	1.361798e-01	-1.405948e+01
2.759000e-05	1.231073e-01	-1.392212e+01
2.760000e-05	1.115338e-01	-1.379625e+01
2.761000e-05	1.016072e-01	-1.367006e+01
2.762000e-05	9.132751e-02	-1.352361e+01
2.763000e-05	8.600523e-02	-1.341585e+01
2.764000e-05	8.022744e-02	-1.326953e+01
2.765000e-05	7.526430e-02	-1.312064e+01
2.766000e-05	6.748376e-02	-1.295527e+01
2.767000e-05	6.119457e-02	-1.283785e+01
2.768000e-05	5.692628e-02	-1.263846e+01
2.769000e-05	5.447284e-02	-1.251011e+01
2.770000e-05	5.018335e-02	-1.233207e+01
2.771000e-05	4.692332e-02	-1.215414e+01
2.772000e-05	4.366253e-02	-1.197477e+01
2.773000e-05	4.192494e-02	-1.177317e+01
2.774000e-05	3.871664e-02	-1.152415e+01
2.775000e-05	3.706143e-02	-1.132212e+01
2.776000e-05	3.442710e-02	-1.110417e+01
2.777000e-05	3.379813e-02	-1.092267e+01
2.778000e-05	3.117224e-02	-1.073371e+01
2.779000e-05	2.834861e-02	-1.054369e+01
2.780000e-05	2.459866e-02	-1.030121e+01
2.781000e-05	2.478356e-02	-1.010209e+01
2.782000e-05	2.420153e-02	-9.891582e+00
2.783000e-05	2.382125e-02	-9.731561e+00
2.784000e-05	2.216774e-02	-9.460560e+00
2.785000e-05	2.161652e-02	-9.257357e+00
2.786000e-05	1.936756e-02	-8.967852e+00
2.787000e-05	1.562071e-02	-8.797248e+00
2.788000e-05	1.464423e-02	-8.561161e+00
2.789000e-05	1.360325e-02	-8.322558e+00
2.790000e-05	1.444735e-02	-8.060082e+00
2.791000e-05	1.281534e-02	-7.807324e+00
2.792000e-05	1.286763e-02	-7.583112e+00
2.793000e-05	1.149329e-02	-7.330631e+00
2.794000e-05	1.134970e-02	-7.036450e+00
2.795000e-05	7.490400e-03	-6.783771e+00
2.796000e-05	7.880516e-03	-6.553158e+00
2.797000e-05	4.617408e-03	-6.257507e+00
2.798000e-05	8.121427e-03	-5.986848e+00
2.799000e-05	4.043953e-03	-5.743182e+00
2.800000e-05	6.144201e-03	-5.448505e+00
2.801000e-05	2.682990e-03	-5.145764e+00
2.802000e-05	3.266039e-03	-4.867979e+00
2.803000e-05	2.718011e-03	-4.565817e+00
2.804000e-05	2.923025e-03	-4.324238e+00
2.805000e-05	6.305014e-04	-4.070533e+00
2.806000e-05	2.202591e-04	-3.826868e+00
2.807000e-05	-1.271674e-03	-3.513736e+00
2.808000e-05	-2.012089e-03	-3.279055e+00
2.809000e-05	-3.752134e-03	-2.965212e+00
2.810000e-05	-3.814500e-03	-2.671632e+00
2.811000e-05	-2.901313e-03	-2.418399e+00
2.812000e-05	-1.626922e-03	-2.082656e+00
2.813000e-05	-2.907713e-03	-1.840479e+00
2.814000e-05	-3.901926e-03	-1.574892e+00
2.815000e-05	-5.003035e-03	-1.236475e+00
2.816000e-05	-6.933852e-03	-9.242383e-01
2.817000e-05	-6.511879e-03	-6.815528e-01
2.818000e-05	-7.713818e-03	-3.558897e-01
2.819000e-05	-6.095899e-03	-1.132082e-01
2.820000e-05	2.429412e-03	1.330098e-01
2.821000e-05	5.697685e-03	4.732142e-01
2.822000e-05	2.132157e-04	6.868120e-01
2.823000e-05	4.517912e-03	9.604238e-01
2.824000e-05	-1.675808e-03	1.243564e+00
2.825000e-05	2.011760e-03	1.541357e+00
2.826000e-05	-2.997560e-04	1.862605e+00
2.827000e-05	2.025200e-02	1.992159e+00
2.828000e-05	7.885100e-02	2.299292e+00
2.829000e-05	6.879554e-02	2.654714e+00
2.830000e-05	-5.593107e-02	2.989955e+00
2.831000e-05	-2.651591e-02	3.203080e+00
2.832000e-05	-3.980440e-02	3.557347e+00
2.833000e-05	-3.716556e-02	3.759876e+00
2.834000e-05	-8.615577e-02	3.978397e+00
2.835000e-05	3.822952e-02	4.202532e+00
2.836000e-05	5.121733e-02	4.536274e+00
2.837000e-05	-9.226682e-02	4.718348e+00
2.838000e-05	1.607908e-01	5.063092e+00
2.839000e-05	-1.021290e-01	5.392006e+00
2.840000e-05	1.268015e-03	5.592083e+00
2.841000e-05	-9.265206e-04	5.907875e+00
2.842000e-05	-3.119952e-02	6.179922e+00
2.843000e-05	5.363597e-02	6.411659e+00
2.844000e-05	-6.700284e-02	6.716347e+00
2.845000e-05	3.039707e-02	6.949373e+00
2.846000e-05	-3.703887e-02	7.201586e+00
2.847000e-05	-2.741461e-04	7.494718e+00
2.848000e-05	-2.651581e-02	7.781428e+00
2.849000e-05	-3.475916e-02	8.062138e+00
2.850000e-05	3.563125e-02	8.285244e+00
2.851000e-05	-3.438994e-02	8.515696e+00
2.852000e-05	5.668108e-03	8.697296e+00
2.853000e-05	-3.975038e-02	8.988802e+00
2.854000e-05	-3.610502e-02	9.189562e+00
2.855000e-05	1.915418e-03	9.440509e+00
2.856000e-05	-2.165395e-02	9.672636e+00
2.857000e-05	-1.213949e-02	9.894166e+00
2.858000e-05	-3.996925e-02	1.012522e+01
2.859000e-05	6.955213e-04	1.028275e+01
2.860000e-05	-2.845221e-02	1.049425e+01
2.861000e-05	-2.814893e-02	1.070582e+01
2.862000e-05	-3.582408e-02	1.091525e+01
2.863000e-05	-2.989510e-02	1.108622e+01
2.864000e-05	-1.103834e-02	1.133527e+01
2.865000e-05	-3.585097e-02	1.155470e+01
2.866000e-05	-3.410908e-02	1.173677e+01
2.867000e-05	-4.571469e-02	1.193380e+01
2.868000e-05	-2.062949e-02	1.216225e+01
2.869000e-05	-3.208042e-02	1.226311e+01
2.870000e-05	-3.808296e-02	1.244206e+01
2.871000e-05	-4.860094e-02	1.261994e+01
2.872000e-05	-3.699940e-02	1.277785e+01
2.873000e-05	-3.441110e-02	1.290323e+01
2.874000e-05	-4.522128e-02	1.306349e+01
2.875000e-05	-5.143480e-02	1.319954e+01
2.876000e-05	-4.592742e-02	1.339685e+01
2.877000e-05	-3.763417e-02	1.347272e+01
2.878000e-05	-4.749181e-02	1.364999e+01
2.879000e-05	-6.056671e-02	1.377676e+01
2.880000e-05	-6.107959e-02	1.392257e+01
2.881000e-05	-5.311920e-02	1.400035e+01
2.882000e-05	-5.285566e-02	1.415543e+01
2.883000e-05	-6.369925e-02	1.433161e+01
2.884000e-05	-6.858482e-02	1.440680e+01
2.885000e-05	-6.319857e-02	1.448259e+01
2.886000e-05	-6.134600e-02	1.455533e+01
2.887000e-05	-6.925903e-02	1.466311e+01
2.888000e-05	-7.953544e-02	1.474467e+01
2.889000e-05	-7.663525e-02	1.482736e+01
2.890000e-05	-7.421707e-02	1.486166e+01
2.891000e-05	-7.837142e-02	1.495265e+01
2.892000e-05	-9.105293e-02	1.497730e+01
2.893000e-05	-9.531465e-02	1.505849e+01
2.894000e-05	-9.077197e-02	1.506007e+01
2.895000e-05	-8.924673e-02	1.514217e+01
2.896000e-05	-9.899657e-02	1.514585e+01
2.897000e-05	-1.063409e-01	1.520638e+01
2.898000e-05	-1.064809e-01	1.521641e+01
2.899000e-05	-1.067054e-01	1.524894e+01
2.900000e-05	-1.161885e-01	1.523999e+01
2.901000e-05	-1.274982e-01	1.526096e+01
2.902000e-05	-1.295661e-01	1.527957e+01
2.903000e-05	-1.282395e-01	1.526101e+01
2.904000e-05	-1.335433e-01	1.526941e+01
2.905000e-05	-1.473844e-01	1.524946e+01
2.906000e-05	-1.588173e-01	1.522696e+01
2.907000e-05	-1.649328e-01	1.523793e+01
2.908000e-05	-1.752039e-01	1.520380e+01
2.909000e-05	-1.942217e-01	1.513224e+01
2.910000e-05	-2.196450e-01	1.517157e+01
2.911000e-05	-2.397098e-01	1.506951e+01
2.912000e-05	-2.488886e-01	1.497735e+01
2.913000e-05	-2.500000e-01	1.497319e+01
2.914000e-05	-2.500000e-01	1.489052e+01
2.915000e-05	-2.500000e-01	1.486845e+01
2.916000e-05	-2.500000e-01	1.474578e+01
2.917000e-05	-2.500000e-01	1.463557e+01
2.918000e-05	-2.500000e-01	1.463383e+01
2.919000e-05	-2.478198e-01	1.449209e+01
2.920000e-05	-2.218595e-01	1.444538e+01
2.921000e-05	-1.947053e-01	1.430206e+01
2.922000e-05	-1.734791e-01	1.415430e+01
2.923000e-05	-1.608292e-01	1.406806e+01
2.924000e-05	-1.427264e-01	1.396280e+01
2.925000e-05	-1.275251e-01	1.384588e+01
2.926000e-05	-1.153306e-01	1.369301e+01
2.927000e-05	-1.106978e-01	1.359124e+01
2.928000e-05	-1.034346e-01	1.344738e+01
2.929000e-05	-9.385974e-02	1.329006e+01
2.930000e-05	-8.371669e-02	1.313219e+01
2.931000e-05	-8.249610e-02	1.303535e+01
2.932000e-05	-7.897282e-02	1.286696e+01
2.933000e-05	-7.488579e-02	1.270856e+01
2.934000e-05	-6.501087e-02	1.255217e+01
2.935000e-05	-6.366537e-02	1.237427e+01
2.936000e-05	-6.222321e-02	1.221478e+01
2.937000e-05	-6.131554e-02	1.204698e+01
2.938000e-05	-5.455070e-02	1.186745e+01
2.939000e-05	-5.067296e-02	1.165598e+01
2.940000e-05	-5.167291e-02	1.144741e+01
2.941000e-05	-5.218470e-02	1.123688e+01
2.942000e-05	-4.900663e-02	1.103750e+01
2.943000e-05	-4.294386e-02	1.085748e+01
2.944000e-05	-4.271344e-02	1.065798e+01
2.945000e-05	-4.343490e-02	1.045791e+01
2.946000e-05	-4.280649e-02	1.024740e+01
2.947000e-05	-3.765952e-02	1.000345e+01
2.948000e-05	-3.678583e-02	9.773924e+00
2.949000e-05	-3.708942e-02	9.553666e+00
2.950000e-05	-3.784371e-02	9.352743e+00
2.951000e-05	-3.494073e-02	9.150715e+00
2.952000e-05	-3.175751e-02	8.899111e+00
2.953000e-05	-3.213661e-02	8.647529e+00
2.954000e-05	-3.351296e-02	8.427977e+00
2.955000e-05	-3.166987e-02	8.226848e+00
2.956000e-05	-2.824481e-02	7.971718e+00
2.957000e-05	-2.730470e-02	7.709635e+00
2.958000e-05	-2.819050e-02	7.456402e+00
2.959000e-05	-2.879582e-02	7.183795e+00
2.960000e-05	-2.635958e-02	6.931636e+00
2.961000e-05	-2.451431e-02	6.678103e+00
2.962000e-05	-2.537049e-02	6.394320e+00
2.963000e-05	-2.646408e-02	6.163241e+00
2.964000e-05	-2.442620e-02	5.900710e+00
2.965000e-05	-2.119819e-02	5.626378e+00
2.966000e-05	-2.155808e-02	5.382715e+00
2.967000e-05	-2.192364e-02	5.005928e+00
2.968000e-05	-2.271421e-02	4.723188e+00
2.969000e-05	-2.040994e-02	4.480104e+00
2.970000e-05	-1.975701e-02	4.214919e+00
2.971000e-05	-1.929325e-02	3.931185e+00
2.972000e-05	-2.047405e-02	3.640003e+00
2.973000e-05	-1.771566e-02	3.404316e+00
2.974000e-05	-1.661631e-02	3.111685e+00
2.975000e-05	-1.718213e-02	2.849504e+00
2.976000e-05	-1.789891e-02	2.555710e+00
2.977000e-05	-1.785402e-02	2.249478e+00
2.978000e-05	-1.472830e-02	1.997847e+00
2.979000e-05	-1.379833e-02	1.710707e+00
2.980000e-05	-1.389274e-02	1.403996e+00
2.981000e-05	-1.559474e-02	1.112186e+00
2.982000e-05	-1.249631e-02	7.643672e-01
2.983000e-05	-1.154669e-02	5.122343e-01
2.984000e-05	-1.107506e-02	2.310727e-01
2.985000e-05	-9.430613e-03	-5.668272e-02
2.986000e-05	1.788180e-03	-3.098208e-01
2.987000e-05	2.650353e-03	-5.655776e-01
2.988000e-05	-2.872454e-04	-8.651827e-01
2.989000e-05	-6.013404e-04	-1.099372e+00
2.990000e-05	-1.154321e-03	-1.416632e+00
2.991000e-05	1.958044e-03	-1.706237e+00
2.992000e-05	1.639706e-02	-1.907843e+00
2.993000e-05	7.792365e-02	-2.119500e+00
2.994000e-05	1.028230e-01	-2.478214e+00
2.995000e-05	-5.324683e-02	-2.877788e+00
2.996000e-05	-1.161497e-04	-3.234612e+00
2.997000e-05	-4.675823e-02	-3.467267e+00
2.998000e-05	-4.473416e-02	-3.666667e+00
2.999000e-05	-8.127686e-02	-3.918818e+00
3.000000e-05	1.664652e-01	-4.095187e+00
3.001000e-05	-1.093888e-01	-4.349454e+00
3.002000e-05	7.105626e-02	-4.673584e+00
3.003000e-05	9.043573e-02	-4.896289e+00
3.004000e-05	-1.322446e-01	-5.256165e+00
3.005000e-05	1.504684e-01	-5.497867e+00
3.006000e-05	-1.617854e-01	-5.822534e+00
3.007000e-05	1.041375e-01	-6.053563e+00
3.008000e-05	2.718403e-02	-6.298144e+00
3.009000e-05	-2.933098e-02	-6.633559e+00
3.010000e-05	1.168796e-01	-6.845089e+00
3.011000e-05	-1.122961e-01	-7.140398e+00
3.012000e-05	1.116638e-01	-7.400458e+00
3.013000e-05	-5.989169e-02	-7.674666e+00
3.014000e-05	5.182754e-02	-7.938946e+00
3.015000e-05	5.480064e-02	-8.169427e+00
3.016000e-05	-4.013994e-02	-8.472538e+00
3.017000e-05	1.226725e-01	-8.635115e+00
3.018000e-05	-9.221565e-02	-8.867820e+00
3.019000e-05	8.131099e-02	-9.126345e+00
3.020000e-05	-4.026478e-02	-9.316721e+00
3.021000e-05	7.012490e-02	-9.600003e+00
3.022000e-05	3.403060e-02	-9.788953e+00
3.023000e-05	1.179618e-02	-1.006209e+01
3.024000e-05	6.325755e-02	-1.024291e+01
3.025000e-05	-2.850124e-02	-1.046317e+01
3.026000e-05	8.278939e-02	-1.063209e+01
3.027000e-05	-3.500094e-02	-1.088519e+01
3.028000e-05	7.603857e-02	-1.106191e+01
3.029000e-05	-8.134256e-03	-1.126409e+01
3.030000e-05	7.083917e-02	-1.144314e+01
3.031000e-05	1.647980e-02	-1.171362e+01
3.032000e-05	3.789014e-02	-1.189457e+01
3.033000e-05	3.408774e-02	-1.206359e+01
3.034000e-05	3.341016e-02	-1.224359e+01
3.035000e-05	5.413370e-02	-1.241056e+01
3.036000e-05	1.687837e-02	-1.256938e+01
3.037000e-05	5.266221e-02	-1.272715e+01
3.038000e-05	2.292182e-02	-1.293427e+01
3.039000e-05	6.465960e-02	-1.303211e+01
3.040000e-05	2.872408e-02	-1.324200e+01
3.041000e-05	5.996151e-02	-1.332480e+01
3.042000e-05	3.718867e-02	-1.351357e+01
3.043000e-05	6.171418e-02	-1.363003e+01
3.044000e-05	4.396793e-02	-1.374685e+01
3.045000e-05	4.906418e-02	-1.389204e+01
3.046000e-05	4.668116e-02	-1.399993e+01
3.047000e-05	5.846203e-02	-1.415725e+01
3.048000e-05	6.334361e-02	-1.425249e+01
3.049000e-05	5.778511e-02	-1.433820e+01
3.050000e-05	6.254959e-02	-1.447211e+01
3.051000e-05	6.047820e-02	-1.454780e+01
3.052000e-05	7.516708e-02	-1.465951e+01
3.053000e-05	6.547336e-02	-1.471527e+01
3.054000e-05	7.406867e-02	-1.479844e+01
3.055000e-05	6.940344e-02	-1.488399e+01
3.056000e-05	8.192677e-02	-1.494475e+01
3.057000e-05	7.607646e-02	-1.499943e+01
3.058000e-05	7.981894e-02	-1.509096e+01
3.059000e-05	7.990063e-02	-1.511355e+01
3.060000e-05	9.133274e-02	-1.512527e+01
3.061000e-05	9.560922e-02	-1.517830e+01
3.062000e-05	9.612843e-02	-1.523098e+01
3.063000e-05	9.901893e-02	-1.524101e+01
3.064000e-05	1.008342e-01	-1.528361e+01
3.065000e-05	1.099556e-01	-1.526317e+01
3.066000e-05	1.096562e-01	-1.527469e+01
3.067000e-05	1.158339e-01	-1.533326e+01
3.068000e-05	1.191916e-01	-1.530415e+01
3.069000e-05	1.305924e-01	-1.528367e+01
3.070000e-05	1.343107e-01	-1.530322e+01
3.071000e-05	1.407610e-01	-1.532317e+01
3.072000e-05	1.479153e-01	-1.526211e+01
3.073000e-05	1.598656e-01	-1.526099e+01
3.074000e-05	1.760698e-01	-1.522035e+01
3.075000e-05	1.905874e-01	-1.513630e+01
3.076000e-05	2.116621e-01	-1.515464e+01
3.077000e-05	2.368300e-01	-1.510099e+01
3.078000e-05	2.489887e-01	-1.506939e+01
3.079000e-05	2.500000e-01	-1.497580e+01
3.080000e-05	2.500000e-01	-1.489219e+01
3.081000e-05	2.500000e-01	-1.487944e+01
3.082000e-05	2.500000e-01	-1.480627e+01
3.083000e-05	2.500000e-01	-1.467206e+01
3.084000e-05	2.495450e-01	-1.460931e+01
3.085000e-05	2.324162e-01	-1.452117e+01
3.086000e-05	2.057319e-01	-1.442845e+01
3.087000e-05	1.832611e-01	-1.430412e+01
3.088000e-05	1.614024e-01	-1.419628e+01
3.089000e-05	1.436580e-01	-1.411161e+01
3.090000e-05	1.292893e-01	-1.398427e+01
3.091000e-05	1.189517e-01	-1.386950e+01
3.092000e-05	1.065727e-01	-1.372257e+01
3.093000e-05	9.460196e-02	-1.359580e+01
3.094000e-05	8.518748e-02	-1.344793e+01
3.095000e-05	7.963530e-02	-1.328156e+01
3.096000e-05	7.617792e-02	-1.318529e+01
3.097000e-05	6.912982e-02	-1.302788e+01
3.098000e-05	6.494689e-02	-1.290059e+01
3.099000e-05	5.977965e-02	-1.273109e+01
3.100000e-05	5.664560e-02	-1.255517e+01
3.101000e-05	5.296040e-02	-1.237433e+01
3.102000e-05	4.657832e-02	-1.219938e+01
3.103000e-05	4.334794e-02	-1.204903e+01
3.104000e-05	4.133820e-02	-1.185844e+01
3.105000e-05	4.137240e-02	-1.167738e+01
3.106000e-05	3.723321e-02	-1.140550e+01
3.107000e-05	3.449595e-02	-1.122632e+01
3.108000e-05	3.346020e-02	-1.098635e+01
3.109000e-05	3.329618e-02	-1.081635e+01
3.110000e-05	2.938689e-02	-1.064740e+01
3.111000e-05	2.647005e-02	-1.043897e+01
3.112000e-05	2.541141e-02	-1.021535e+01
3.113000e-05	2.543867e-02	-9.974297e+00
3.114000e-05	2.300600e-02	-9.775773e+00
3.115000e-05	2.078962e-02	-9.514740e+00
3.116000e-05	1.866916e-02	-9.333636e+00
3.117000e-05	1.897250e-02	-9.072613e+00
3.118000e-05	1.973113e-02	-8.891057e+00
3.119000e-05	1.694345e-02	-8.647981e+00
3.120000e-05	1.461267e-02	-8.385774e+00
3.121000e-05	1.369971e-02	-8.164772e+00
3.122000e-05	1.407474e-02	-7.893643e+00
3.123000e-05	1.312322e-02	-7.628003e+00
3.124000e-05	1.116200e-02	-7.365802e+00
3.125000e-05	9.315409e-03	-7.132735e+00
3.126000e-05	8.641677e-03	-6.869034e+00
3.127000e-05	7.732253e-03	-6.627449e+00
3.128000e-05	7.105747e-03	-6.406346e+00
3.129000e-05	6.237745e-03	-6.103084e+00
3.130000e-05	5.666134e-03	-5.798026e+00
3.131000e-05	5.917188e-03	-5.536848e+00
3.132000e-05	4.762255e-03	-5.292087e+00
3.133000e-05	2.260319e-03	-4.996316e+00
3.134000e-05	1.543054e-03	-4.649553e+00
3.135000e-05	1.875911e-03	-4.417528e+00
3.136000e-05	1.803941e-03	-4.174767e+00
3.137000e-05	1.296246e-03	-3.912737e+00
3.138000e-05	-7.750536e-04	-3.578898e+00
3.139000e-05	-9.347579e-04	-3.344262e+00
3.140000e-05	-3.080751e-03	-3.101603e+00
3.141000e-05	-1.678698e-03	-2.745916e+00
3.142000e-05	-4.759605e-03	-2.483707e+00
3.143000e-05	-1.342708e-03	-2.239053e+00
3.144000e-05	-4.598538e-03	-1.913790e+00
3.145000e-05	-3.389412e-03	-1.702632e+00
3.146000e-05	-5.654727e-03	-1.376339e+00
3.147000e-05	-6.493619e-03	-1.030029e+00
3.148000e-05	-7.152507e-03	-7.868684e-01
3.149000e-05	-7.227337e-03	-4.625777e-01
3.150000e-05	-6.577557e-03	-1.989461e-01
3.151000e-05	-1.936070e-03	5.366158e-02
3.152000e-05	8.693317e-03	3.999972e-01
3.153000e-05	-1.262053e-03	6.020527e-01
3.154000e-05	5.672074e-03	8.535816e-01
3.155000e-05	-2.751145e-03	1.139979e+00
3.156000e-05	1.189869e-03	1.401582e+00
3.157000e-05	-3.810867e-03	1.697399e+00
3.158000e-05	1.270117e-02	1.959875e+00
3.159000e-05	4.514149e-02	2.200029e+00
3.160000e-05	1.079463e-01	2.456315e+00
3.161000e-05	-3.018567e-02	2.812688e+00
3.162000e-05	-3.591426e-02	3.136874e+00
3.163000e-05	-4.010064e-02	3.451483e+00
3.164000e-05	-2.572149e-02	3.694241e+00
3.165000e-05	-8.199825e-02	3.855217e+00
3.166000e-05	-3.099284e-02	4.074766e+00
3.167000e-05	1.033166e-01	4.412028e+00
3.168000e-05	-9.400857e-02	4.734188e+00
3.169000e-05	8.933944e-02	4.896321e+00
3.170000e-05	2.574652e-02	5.255686e+00
3.171000e-05	-9.556421e-02	5.548794e+00
3.172000e-05	5.415457e-02	5.811109e+00
3.173000e-05	-6.509585e-02	6.053687e+00
3.174000e-05	5.267031e-02	6.285820e+00
3.175000e-05	-2.959444e-02	6.631534e+00
3.176000e-05	-2.233946e-02	6.874113e+00
3.177000e-05	1.519052e-02	7.144796e+00
3.178000e-05	-4.608714e-02	7.399958e+00
3.179000e-05	1.968656e-02	7.674717e+00
3.180000e-05	-7.030518e-02	7.968402e+00
3.181000e-05	3.468371e-02	8.199985e+00
3.182000e-05	-1.053784e-02	8.421635e+00
3.183000e-05	-1.858119e-02	8.681635e+00
3.184000e-05	-3.028793e-03	8.912167e+00
3.185000e-05	-6.722548e-02	9.106795e+00
3.186000e-05	1.344516e-02	9.326346e+00
3.187000e-05	-3.194649e-02	9.566900e+00
3.188000e-05	4.394546e-03	9.799304e+00
3.189000e-05	-4.659194e-02	1.002006e+01
3.190000e-05	-5.091623e-03	1.025999e+01
3.191000e-05	-1.597264e-02	1.047309e+01
3.192000e-05	-3.333649e-02	1.062096e+01
3.193000e-05	-2.790782e-02	1.082056e+01
3.194000e-05	-4.344255e-02	1.103111e+01
3.195000e-05	-5.381117e-03	1.127049e+01
3.196000e-05	-3.537969e-02	1.147001e+01
3.197000e-05	-2.668176e-02	1.167156e+01
3.198000e-05	-5.168938e-02	1.188261e+01
3.199000e-05	-2.181758e-02	1.204058e+01
3.200000e-05	-2.837845e-02	1.223134e+01
3.201000e-05	-3.233006e-02	1.236783e+01
3.202000e-05	-4.595195e-02	1.257578e+01
3.203000e-05	-4.415397e-02	1.272459e+01
3.204000e-05	-3.141905e-02	1.285962e+01
3.205000e-05	-4.411069e-02	1.303041e+01
3.206000e-05	-4.628983e-02	1.317783e+01
3.207000e-05	-5.428477e-02	1.332627e+01
3.208000e-05	-3.457444e-02	1.341056e+01
3.209000e-05	-4.540448e-02	1.359745e+01
3.210000e-05	-5.309532e-02	1.372207e+01
3.211000e-05	-6.587357e-02	1.387044e+01
3.212000e-05	-5.607253e-02	1.399638e+01
3.213000e-05	-5.151031e-02	1.408222e+01
3.214000e-05	-5.816050e-02	1.427951e+01
3.215000e-05	-6.706715e-02	1.436620e+01
3.216000e-05	-6.916145e-02	1.443107e+01
3.217000e-05	-6.018639e-02	1.453462e+01
3.218000e-05	-6.742790e-02	1.461739e+01
3.219000e-05	-7.361451e-02	1.474269e+01
3.220000e-05	-8.060494e-02	1.476685e+01
3.221000e-05	-7.288132e-02	1.484954e+01
3.222000e-05	-7.604677e-02	1.489217e+01
3.223000e-05	-8.546645e-02	1.496530e+01
3.224000e-05	-9.608054e-02	1.498836e+01
3.225000e-05	-9.459483e-02	1.501149e+01
3.226000e-05	-8.847447e-02	1.516219e+01
3.227000e-05	-9.454238e-02	1.510472e+01
3.228000e-05	-1.035601e-01	1.522790e+01
3.229000e-05	-1.086147e-01	1.523585e+01
3.230000e-05	-1.057412e-01	1.523841e+01
3.231000e-05	-1.111401e-01	1.527006e+01
3.232000e-05	-1.219618e-01	1.526049e+01
3.233000e-05	-1.300318e-01	1.527061e+01
3.234000e-05	-1.289155e-01	1.528059e+01
3.235000e-05	-1.300662e-01	1.525954e+01
3.236000e-05	-1.418134e-01	1.521849e+01
3.237000e-05	-1.561510e-01	1.524851e+01
3.238000e-05	-1.641456e-01	1.520738e+01
3.239000e-05	-1.699875e-01	1.520492e+01
3.240000e-05	-1.841379e-01	1.516528e+01
3.241000e-05	-2.078616e-01	1.514162e+01
3.242000e-05	-2.323508e-01	1.509001e+01
3.243000e-05	-2.470459e-01	1.503691e+01
3.244000e-05	-2.500000e-01	1.499332e+01
3.245000e-05	-2.500000e-01	1.492225e+01
3.246000e-05	-2.500000e-01	1.486893e+01
3.247000e-05	-2.500000e-01	1.479590e+01
3.248000e-05	-2.500000e-01	1.472014e+01
3.249000e-05	-2.500000e-01	1.459701e+01
3.250000e-05	-2.498800e-01	1.458372e+01
3.251000e-05	-2.341235e-01	1.444741e+01
3.252000e-05	-2.048082e-01	1.437322e+01
3.253000e-05	-1.807378e-01	1.424946e+01
3.254000e-05	-1.652807e-01	1.412061e+01
3.255000e-05	-1.512539e-01	1.400430e+01
3.256000e-05	-1.339146e-01	1.388949e+01
3.257000e-05	-1.195323e-01	1.376362e+01
3.258000e-05	-1.124571e-01	1.362735e+01
3.259000e-05	-1.072254e-01	1.350899e+01
3.260000e-05	-9.837293e-02	1.336370e+01
3.261000e-05	-8.731913e-02	1.319593e+01
3.262000e-05	-8.162750e-02	1.308841e+01
3.263000e-05	-7.980166e-02	1.290006e+01
3.264000e-05	-7.637565e-02	1.276322e+01
3.265000e-05	-6.920133e-02	1.259680e+01
3.266000e-05	-6.453264e-02	1.242743e+01
3.267000e-05	-6.307236e-02	1.230089e+01
3.268000e-05	-6.314488e-02	1.211004e+01
3.269000e-05	-5.713782e-02	1.188111e+01
3.270000e-05	-5.189490e-02	1.177114e+01
3.271000e-05	-5.139397e-02	1.156962e+01
3.272000e-05	-5.239760e-02	1.130119e+01
3.273000e-05	-4.987691e-02	1.115061e+01
3.274000e-05	-4.532492e-02	1.092324e+01
3.275000e-05	-4.209146e-02	1.075117e+01
3.276000e-05	-4.298298e-02	1.049964e+01
3.277000e-05	-4.346664e-02	1.033961e+01
3.278000e-05	-3.999487e-02	1.010011e+01
3.279000e-05	-3.718851e-02	9.869512e+00
3.280000e-05	-3.736843e-02	9.677027e+00
3.281000e-05	-3.789216e-02	9.456902e+00
3.282000e-05	-3.575262e-02	9.205803e+00
3.283000e-05	-3.170978e-02	9.015341e+00
3.284000e-05	-3.122842e-02	8.742694e+00
3.285000e-05	-3.269391e-02	8.532165e+00
3.286000e-05	-3.441555e-02	8.290063e+00
3.287000e-05	-2.923867e-02	8.038957e+00
3.288000e-05	-2.808928e-02	7.805871e+00
3.289000e-05	-2.752330e-02	7.551694e+00
3.290000e-05	-2.901881e-02	7.269053e+00
3.291000e-05	-2.719907e-02	7.026973e+00
3.292000e-05	-2.476713e-02	6.743798e+00
3.293000e-05	-2.579353e-02	6.489609e+00
3.294000e-05	-2.640708e-02	6.267003e+00
3.295000e-05	-2.499854e-02	5.998904e+00
3.296000e-05	-2.209679e-02	5.712188e+00
3.297000e-05	-2.178323e-02	5.520008e+00
3.298000e-05	-2.176069e-02	5.212767e+00
3.299000e-05	-2.420252e-02	4.846403e+00
3.300000e-05	-2.150096e-02	4.584792e+00
3.301000e-05	-2.025220e-02	4.311186e+00
3.302000e-05	-1.748616e-02	4.026403e+00
3.303000e-05	-1.981655e-02	3.753214e+00
3.304000e-05	-1.915786e-02	3.522635e+00
3.305000e-05	-1.756133e-02	3.196424e+00
3.306000e-05	-1.637054e-02	2.923113e+00
3.307000e-05	-1.922108e-02	2.688156e+00
3.308000e-05	-1.819886e-02	2.355412e+00
3.309000e-05	-1.583397e-02	2.081108e+00
3.310000e-05	-1.380666e-02	1.816875e+00
3.311000e-05	-1.437909e-02	1.543732e+00
3.312000e-05	-1.561105e-02	1.269551e+00
3.313000e-05	-1.401299e-02	9.210830e-01
3.314000e-05	-1.044641e-02	6.289978e-01
3.315000e-05	-1.055575e-02	3.873987e-01
3.316000e-05	-1.018104e-02	4.912881e-02
3.317000e-05	-4.973222e-03	-2.045814e-01
3.318000e-05	5.741859e-03	-4.567878e-01
3.319000e-05	-4.488571e-03	-7.609410e-01
3.320000e-05	2.485541e-03	-9.820761e-01
3.321000e-05	-2.819538e-03	-1.297291e+00
3.322000e-05	3.664366e-03	-1.573023e+00
3.323000e-05	5.344160e-03	-1.793555e+00
3.324000e-05	4.382694e-02	-2.003104e+00
3.325000e-05	1.282256e-01	-2.330472e+00
3.326000e-05	-1.221567e-02	-2.689871e+00
3.327000e-05	-2.483624e-02	-3.119799e+00
3.328000e-05	-2.834643e-02	-3.391924e+00
3.329000e-05	-3.522684e-02	-3.580925e+00
3.330000e-05	-9.705789e-02	-3.854663e+00
3.331000e-05	8.314262e-02	-3.961051e+00
3.332000e-05	4.653020e-02	-4.184610e+00
3.333000e-05	-1.008401e-01	-4.548949e+00
3.334000e-05	1.948571e-01	-4.760547e+00
3.335000e-05	-1.471934e-01	-5.087769e+00
3.336000e-05	9.445337e-02	-5.432108e+00
3.337000e-05	-3.277085e-02	-5.645117e+00
3.338000e-05	-6.359385e-02	-5.959448e+00
3.339000e-05	1.574450e-01	-6.188904e+00
3.340000e-05	-1.061442e-01	-6.485821e+00
3.341000e-05	1.371730e-01	-6.736827e+00
3.342000e-05	-6.180706e-02	-6.981506e+00
3.343000e-05	1.949224e-02	-7.288270e+00
3.344000e-05	5.037117e-02	-7.547270e+00
3.345000e-05	-6.333414e-02	-7.836236e+00
3.346000e-05	1.343280e-01	-8.075643e+00
3.347000e-05	-8.143233e-02	-8.307295e+00
3.348000e-05	1.098914e-01	-8.588385e+00
3.349000e-05	-2.376253e-02	-8.774507e+00
3.350000e-05	1.650268e-03	-9.043588e+00
3.351000e-05	4.585859e-02	-9.262042e+00
3.352000e-05	-2.463640e-02	-9.457699e+00
3.353000e-05	1.085636e-01	-9.724743e+00
3.354000e-05	-4.391802e-02	-9.907745e+00
3.355000e-05	9.591425e-02	-1.013632e+01
3.356000e-05	-3.852200e-02	-1.037946e+01
3.357000e-05	7.103028e-02	-1.059946e+01
3.358000e-05	5.902637e-04	-1.072887e+01
3.359000e-05	3.238418e-02	-1.101685e+01
3.360000e-05	3.736306e-02	-1.115993e+01
3.361000e-05	1.769949e-02	-1.138948e+01
3.362000e-05	6.350214e-02	-1.163043e+01
3.363000e-05	-1.462976e-03	-1.180136e+01
3.364000e-05	6.274696e-02	-1.197038e+01
3.365000e-05	6.055362e-03	-1.217840e+01
3.366000e-05	7.218988e-02	-1.233638e+01
3.367000e-05	1.352567e-02	-1.251422e+01
3.368000e-05	5.266577e-02	-1.268614e+01
3.369000e-05	2.362267e-02	-1.283251e+01
3.370000e-05	5.302888e-02	-1.301983e+01
3.371000e-05	4.138959e-02	-1.312477e+01
3.372000e-05	4.656482e-02	-1.332419e+01
3.373000e-05	5.025139e-02	-1.344944e+01
3.374000e-05	4.608456e-02	-1.357788e+01
3.375000e-05	5.752545e-02	-1.370524e+01
3.376000e-05	4.077832e-02	-1.383189e+01
3.377000e-05	5.388192e-02	-1.393823e+01
3.378000e-05	4.632481e-02	-1.411262e+01
3.379000e-05	6.656879e-02	-1.420883e+01
3.380000e-05	5.516800e-02	-1.429517e+01
3.381000e-05	6.502337e-02	-1.443251e+01
3.382000e-05	5.701604e-02	-1.448517e+01
3.383000e-05	7.226017e-02	-1.459036e+01
3.384000e-05	6.881245e-02	-1.465311e+01
3.385000e-05	7.188860e-02	-1.477636e+01
3.386000e-05	6.970844e-02	-1.488154e+01
3.387000e-05	7.649044e-02	-1.492377e+01
3.388000e-05	7.972800e-02	-1.497625e+01
3.389000e-05	7.752816e-02	-1.505946e+01
3.390000e-05	8.180330e-02	-1.510202e+01
3.391000e-05	8.541503e-02	-1.512614e+01
3.392000e-05	9.659937e-02	-1.511740e+01
3.393000e-05	9.583922e-02	-1.519098e+01
3.394000e-05	9.920443e-02	-1.526011e+01
3.395000e-05	9.724631e-02	-1.528056e+01
3.396000e-05	1.060972e-01	-1.527313e+01
3.397000e-05	1.090547e-01	-1.534322e+01
3.398000e-05	1.132100e-01	-1.530422e+01
3.399000e-05	1.171889e-01	-1.531469e+01
3.400000e-05	1.261177e-01	-1.530464e+01
3.401000e-05	1.339644e-01	-1.531324e+01
3.402000e-05	1.377272e-01	-1.531167e+01
3.403000e-05	1.444393e-01	-1.527259e+01
3.404000e-05	1.531815e-01	-1.524246e+01
3.405000e-05	1.699192e-01	-1.521851e+01
3.406000e-05	1.850824e-01	-1.517582e+01
3.407000e-05	2.026000e-01	-1.514472e+01
3.408000e-05	2.254578e-01	-1.512267e+01
3.409000e-05	2.461429e-01	-1.509096e+01
3.410000e-05	2.500000e-01	-1.500690e+01
3.411000e-05	2.500000e-01	-1.494115e+01
3.412000e-05	2.500000e-01	-1.487059e+01
3.413000e-05	2.500000e-01	-1.482640e+01
3.414000e-05	2.500000e-01	-1.475162e+01
3.415000e-05	2.500000e-01	-1.464853e+01
3.416000e-05	2.429913e-01	-1.456620e+01
3.417000e-05	2.172873e-01	-1.448851e+01
3.418000e-05	1.911220e-01	-1.435372e+01
3.419000e-05	1.707524e-01	-1.423939e+01
3.420000e-05	1.507146e-01	-1.412519e+01
3.421000e-05	1.353833e-01	-1.400738e+01
3.422000e-05	1.207265e-01	-1.392254e+01
3.423000e-05	1.111454e-01	-1.377532e+01
3.424000e-05	9.840529e-02	-1.364851e+01
3.425000e-05	9.096901e-02	-1.351162e+01
3.426000e-05	8.267506e-02	-1.338373e+01
3.427000e-05	7.947295e-02	-1.323945e+01
3.428000e-05	7.147736e-02	-1.308154e+01
3.429000e-05	6.607618e-02	-1.294319e+01
3.430000e-05	5.902657e-02	-1.281540e+01
3.431000e-05	5.755648e-02	-1.261733e+01
3.432000e-05	5.364325e-02	-1.245096e+01
3.433000e-05	5.159810e-02	-1.230164e+01
3.434000e-05	4.658064e-02	-1.211266e+01
3.435000e-05	4.409566e-02	-1.185904e+01
3.436000e-05	4.077820e-02	-1.173269e+01
3.437000e-05	3.828640e-02	-1.154211e+01
3.438000e-05	3.517343e-02	-1.131162e+01
3.439000e-05	3.297075e-02	-1.108166e+01
3.440000e-05	3.255174e-02	-1.088209e+01
3.441000e-05	3.174523e-02	-1.071116e+01
3.442000e-05	2.885835e-02	-1.051316e+01
3.443000e-05	2.625869e-02	-1.025048e+01
3.444000e-05	2.473264e-02	-1.007946e+01
3.445000e-05	2.444987e-02	-9.850005e+00
3.446000e-05	2.196422e-02	-9.648003e+00
3.447000e-05	1.992221e-02	-9.375825e+00
3.448000e-05	1.965848e-02	-9.215249e+00
3.449000e-05	1.905784e-02	-8.985821e+00
3.450000e-05	1.742206e-02	-8.722319e+00
3.451000e-05	1.540910e-02	-8.480085e+00
3.452000e-05	1.440052e-02	-8.270032e+00
3.453000e-05	1.386304e-02	-8.017455e+00
3.454000e-05	1.310431e-02	-7.763791e+00
3.455000e-05	1.236252e-02	-7.480558e+00
3.456000e-05	1.049178e-02	-7.197955e+00
3.457000e-05	1.033952e-02	-6.995270e+00
3.458000e-05	8.746155e-03	-6.732137e+00
3.459000e-05	8.192942e-03	-6.480604e+00
3.460000e-05	6.595406e-03	-6.217999e+00
3.461000e-05	6.683608e-03	-5.943812e+00
3.462000e-05	4.376356e-03	-5.712209e+00
3.463000e-05	5.488393e-03	-5.376398e+00
3.464000e-05	2.957294e-03	-5.131586e+00
3.465000e-05	4.546093e-03	-4.776442e+00
3.466000e-05	2.395962e-03	-4.492660e+00
3.467000e-05	1.244218e-03	-4.301482e+00
3.468000e-05	8.413993e-04	-3.988979e+00
3.469000e-05	-1.218650e-03	-3.714191e+00
3.470000e-05	-1.182465e-03	-3.470105e+00
3.471000e-05	-3.618278e-03	-3.136848e+00
3.472000e-05	-1.617479e-03	-2.841159e+00
3.473000e-05	-2.846252e-03	-2.637524e+00
3.474000e-05	-1.467577e-03	-2.365245e+00
3.475000e-05	-3.645746e-03	-2.051025e+00
3.476000e-05	-3.818605e-03	-1.767448e+00
3.477000e-05	-5.333723e-03	-1.500232e+00
3.478000e-05	-5.085375e-03	-1.154890e+00
3.479000e-05	-7.159019e-03	-8.511316e-01
3.480000e-05	-7.288785e-03	-5.784197e-01
3.481000e-05	-8.025626e-03	-3.347369e-01
3.482000e-05	-5.730370e-03	-6.158014e-02
3.483000e-05	6.646034e-03	2.346601e-01
3.484000e-05	2.246229e-03	5.163158e-01
3.485000e-05	2.203735e-03	7.488973e-01
3.486000e-05	2.563375e-03	9.925630e-01
3.487000e-05	-1.176115e-03	1.278819e+00
3.488000e-05	1.243739e-04	1.652508e+00
3.489000e-05	-3.952520e-04	1.885187e+00
3.490000e-05	2.665356e-02	2.075791e+00
3.491000e-05	9.726995e-02	2.362525e+00
3.492000e-05	3.802842e-02	2.707973e+00
3.493000e-05	-5.262857e-02	3.021182e+00
3.494000e-05	-3.156372e-02	3.254240e+00
3.495000e-05	-3.635943e-02	3.551554e+00
3.496000e-05	-5.491249e-02	3.814033e+00
3.497000e-05	-7.798488e-02	4.010125e+00
3.498000e-05	7.246736e-02	4.296689e+00
3.499000e-05	3.975527e-03	4.610458e+00
3.500000e-05	-4.510760e-02	4.820028e+00
3.501000e-05	1.474614e-01	5.128745e+00
3.502000e-05	-1.322624e-01	5.412558e+00
3.503000e-05	3.710973e-02	5.685615e+00
3.504000e-05	-3.474730e-02	5.979929e+00
3.505000e-05	-1.310144e-03	6.209985e+00
3.506000e-05	3.415755e-02	6.474192e+00
3.507000e-05	-6.492319e-02	6.767426e+00
3.508000e-05	4.226817e-02	7.030555e+00
3.509000e-05	-5.319844e-02	7.274240e+00
3.510000e-05	1.915796e-02	7.558355e+00
3.511000e-05	-5.288515e-02	7.830538e+00
3.512000e-05	-8.577300e-03	8.076321e+00
3.513000e-05	2.325323e-02	8.337349e+00
3.514000e-05	-3.504180e-02	8.576400e+00
3.515000e-05	1.064362e-02	8.739427e+00
3.516000e-05	-5.619589e-02	9.050912e+00
3.517000e-05	-1.547200e-02	9.243063e+00
3.518000e-05	-1.075055e-02	9.463563e+00
3.519000e-05	-1.018873e-02	9.704622e+00
3.520000e-05	-2.457462e-02	9.946824e+00
3.521000e-05	-2.954650e-02	1.013678e+01
3.522000e-05	-2.633672e-03	1.032778e+01
3.523000e-05	-3.330422e-02	1.057478e+01
3.524000e-05	-2.565451e-02	1.075680e+01
3.525000e-05	-4.243934e-02	1.095733e+01
3.526000e-05	-1.886390e-02	1.114828e+01
3.527000e-05	-1.871363e-02	1.142835e+01
3.528000e-05	-3.025043e-02	1.158785e+01
3.529000e-05	-4.232741e-02	1.180831e+01
3.530000e-05	-3.720721e-02	1.188838e+01
3.531000e-05	-2.442276e-02	1.215728e+01
3.532000e-05	-3.125979e-02	1.233474e+01
3.533000e-05	-4.197837e-02	1.248375e+01
3.534000e-05	-4.675656e-02	1.264101e+01
3.535000e-05	-3.538588e-02	1.282893e+01
3.536000e-05	-3.563696e-02	1.295425e+01
3.537000e-05	-4.645092e-02	1.310315e+01
3.538000e-05	-5.400298e-02	1.322206e+01
3.539000e-05	-4.248325e-02	1.344738e+01
3.540000e-05	-3.829710e-02	1.351670e+01
3.541000e-05	-4.881898e-02	1.369164e+01
3.542000e-05	-6.358530e-02	1.379838e+01
3.543000e-05	-6.026691e-02	1.394513e+01
3.544000e-05	-5.294362e-02	1.404102e+01
3.545000e-05	-5.422740e-02	1.419786e+01
3.546000e-05	-6.463772e-02	1.429115e+01
3.547000e-05	-6.965333e-02	1.442638e+01
3.548000e-05	-6.081230e-02	1.453457e+01
3.549000e-05	-6.371263e-02	1.459545e+01
3.550000e-05	-7.045066e-02	1.462209e+01
3.551000e-05	-8.250621e-02	1.478585e+01
3.552000e-05	-7.640255e-02	1.479941e+01
3.553000e-05	-7.554103e-02	1.491064e+01
3.554000e-05	-7.938808e-02	1.492368e+01
3.555000e-05	-9.303421e-02	1.496583e+01
3.556000e-05	-9.585139e-02	1.506744e+01
3.557000e-05	-8.980706e-02	1.508067e+01
3.558000e-05	-9.143751e-02	1.512320e+01
3.559000e-05	-1.000409e-01	1.515686e+01
3.560000e-05	-1.096313e-01	1.522586e+01
3.561000e-05	-1.068683e-01	1.523996e+01
3.562000e-05	-1.087976e-01	1.524893e+01
3.563000e-05	-1.171657e-01	1.527054e+01
3.564000e-05	-1.287174e-01	1.524102e+01
3.565000e-05	-1.297152e-01	1.523904e+01
3.566000e-05	-1.286480e-01	1.526996e+01
3.567000e-05	-1.351952e-01	1.525896e+01
3.568000e-05	-1.502769e-01	1.524844e+01
3.569000e-05	-1.613550e-01	1.524741e+01
3.570000e-05	-1.676252e-01	1.520636e+01
3.571000e-05	-1.779509e-01	1.517393e+01
3.572000e-05	-1.992964e-01	1.511169e+01
3.573000e-05	-2.229550e-01	1.511012e+01
3.574000e-05	-2.427241e-01	1.502843e+01
3.575000e-05	-2.493000e-01	1.499578e+01
3.576000e-05	-2.500000e-01	1.495124e+01
3.577000e-05	-2.500000e-01	1.490104e+01
3.578000e-05	-2.500000e-01	1.478696e+01
3.579000e-05	-2.500000e-01	1.475317e+01
3.580000e-05	-2.500000e-01	1.464893e+01
3.581000e-05	-2.500000e-01	1.459472e+01
3.582000e-05	-2.456826e-01	1.448051e+01
3.583000e-05	-2.162561e-01	1.441535e+01
3.584000e-05	-1.899637e-01	1.428954e+01
3.585000e-05	-1.691240e-01	1.420275e+01
3.586000e-05	-1.569626e-01	1.408791e+01
3.587000e-05	-1.409577e-01	1.394212e+01
3.588000e-05	-1.246428e-01	1.382477e+01
3.589000e-05	-1.139517e-01	1.367799e+01
3.590000e-05	-1.087141e-01	1.357072e+01
3.591000e-05	-1.017825e-01	1.341628e+01
3.592000e-05	-9.249302e-02	1.331956e+01
3.593000e-05	-8.319233e-02	1.315214e+01
3.594000e-05	-8.084584e-02	1.296428e+01
3.595000e-05	-7.773175e-02	1.282733e+01
3.596000e-05	-7.296650e-02	1.267946e+01
3.597000e-05	-6.429407e-02	1.252171e+01
3.598000e-05	-6.295002e-02	1.235320e+01
3.599000e-05	-6.256178e-02	1.218525e+01
3.600000e-05	-6.038584e-02	1.200530e+01
3.601000e-05	-5.482460e-02	1.182643e+01
3.602000e-05	-5.083065e-02	1.162443e+01
3.603000e-05	-5.110096e-02	1.139433e+01
3.604000e-05	-5.105840e-02	1.118680e+01
3.605000e-05	-4.705085e-02	1.100630e+01
3.606000e-05	-4.331010e-02	1.080740e+01
3.607000e-05	-4.332909e-02	1.061477e+01
3.608000e-05	-4.338943e-02	1.039483e+01
3.609000e-05	-4.126762e-02	1.018480e+01
3.610000e-05	-3.725773e-02	9.993270e+00
3.611000e-05	-3.597313e-02	9.762265e+00
3.612000e-05	-3.752005e-02	9.481111e+00
3.613000e-05	-3.730444e-02	9.362616e+00
3.614000e-05	-3.438073e-02	9.091061e+00
3.615000e-05	-3.085869e-02	8.839452e+00
3.616000e-05	-3.228439e-02	8.598319e+00
3.617000e-05	-3.286582e-02	8.375873e+00
3.618000e-05	-3.109241e-02	8.165225e+00
3.619000e-05	-2.789029e-02	7.910660e+00
3.620000e-05	-2.847385e-02	7.659076e+00
3.621000e-05	-2.924761e-02	7.445815e+00
3.622000e-05	-2.861309e-02	7.120161e+00
3.623000e-05	-2.510277e-02	6.900529e+00
3.624000e-05	-2.347188e-02	6.623294e+00
3.625000e-05	-2.521399e-02	6.382213e+00
3.626000e-05	-2.545635e-02	6.102061e+00
3.627000e-05	-2.360616e-02	5.856910e+00
3.628000e-05	-2.183028e-02	5.563794e+00
3.629000e-05	-2.289084e-02	5.310686e+00
3.630000e-05	-2.283962e-02	4.994764e+00
3.631000e-05	-2.218704e-02	4.720106e+00
3.632000e-05	-1.939761e-02	4.430549e+00
3.633000e-05	-1.800343e-02	4.153135e+00
3.634000e-05	-2.003281e-02	3.860555e+00
3.635000e-05	-1.997190e-02	3.646451e+00
3.636000e-05	-1.844007e-02	3.384735e+00
3.637000e-05	-1.569828e-02	3.059475e+00
3.638000e-05	-1.727536e-02	2.755371e+00
3.639000e-05	-1.842097e-02	2.479029e+00
3.640000e-05	-1.741788e-02	2.196395e+00
3.641000e-05	-1.412628e-02	1.954361e+00
3.642000e-05	-1.417927e-02	1.660128e+00
3.643000e-05	-1.397043e-02	1.373816e+00
3.644000e-05	-1.459201e-02	1.015449e+00
3.645000e-05	-1.164271e-02	7.543384e-01
3.646000e-05	-1.132572e-02	4.895055e-01
3.647000e-05	-1.101705e-02	1.633660e-01
3.648000e-05	-8.938926e-03	-1.087419e-01
3.649000e-05	4.008147e-03	-3.494237e-01
3.650000e-05	-6.456555e-04	-6.462115e-01
3.651000e-05	2.762208e-03	-9.473669e-01
3.652000e-05	-2.690543e-03	-1.159951e+00
3.653000e-05	1.214272e-03	-1.466718e+00
3.654000e-05	4.419477e-04	-1.727818e+00
3.655000e-05	2.409971e-02	-1.958897e+00
3.656000e-05	9.870100e-02	-2.233057e+00
3.657000e-05	7.136837e-02	-2.551027e+00
3.658000e-05	-5.352988e-02	-2.972027e+00
3.659000e-05	-2.410936e-03	-3.315792e+00
3.660000e-05	-4.629886e-02	-3.467819e+00
3.661000e-05	-5.967365e-02	-3.736298e+00
3.662000e-05	-4.330940e-02	-3.917825e+00
3.663000e-05	1.632612e-01	-4.106243e+00
3.664000e-05	-1.552309e-01	-4.353607e+00
3.665000e-05	1.515389e-01	-4.686164e+00
3.666000e-05	-5.127604e-03	-4.930796e+00
3.667000e-05	-6.746479e-02	-5.338875e+00
3.668000e-05	1.225727e-01	-5.560370e+00
3.669000e-05	-1.644984e-01	-5.865141e+00
3.670000e-05	1.608921e-01	-6.095116e+00
3.671000e-05	-4.093626e-02	-6.340952e+00
3.672000e-05	3.466304e-02	-6.625588e+00
3.673000e-05	6.805107e-02	-6.856771e+00
3.674000e-05	-9.271638e-02	-7.172029e+00
3.675000e-05	1.217396e-01	-7.434089e+00
3.676000e-05	-9.270638e-02	-7.747217e+00
3.677000e-05	1.016852e-01	-7.982505e+00
3.678000e-05	-2.432470e-03	-8.222030e+00
3.679000e-05	8.602791e-03	-8.485194e+00
3.680000e-05	9.029935e-02	-8.687670e+00
3.681000e-05	-8.392753e-02	-8.949426e+00
3.682000e-05	9.647881e-02	-9.148347e+00
3.683000e-05	-5.949634e-02	-9.360408e+00
3.684000e-05	1.049880e-01	-9.611659e+00
3.685000e-05	-1.058213e-02	-9.832539e+00
3.686000e-05	4.801576e-02	-1.006166e+01
3.687000e-05	2.540967e-02	-1.029459e+01
3.688000e-05	1.573168e-03	-1.050520e+01
3.689000e-05	6.586649e-02	-1.067414e+01
3.690000e-05	-2.245984e-02	-1.087372e+01
3.691000e-05	7.856833e-02	-1.111414e+01
3.692000e-05	-1.350151e-02	-1.129627e+01
3.693000e-05	8.008726e-02	-1.151472e+01
3.694000e-05	-3.556772e-03	-1.172575e+01
3.695000e-05	5.368957e-02	-1.192419e+01
3.696000e-05	1.805645e-02	-1.207527e+01
3.697000e-05	5.167759e-02	-1.225459e+01
3.698000e-05	4.071316e-02	-1.247313e+01
3.699000e-05	2.878237e-02	-1.267198e+01
3.700000e-05	4.588958e-02	-1.274943e+01
3.701000e-05	2.949663e-02	-1.291577e+01
3.702000e-05	5.939545e-02	-1.305367e+01
3.703000e-05	2.837292e-02	-1.321049e+01
3.704000e-05	6.165622e-02	-1.338833e+01
3.705000e-05	3.633460e-02	-1.351565e+01
3.706000e-05	6.484624e-02	-1.363298e+01
3.707000e-05	3.813262e-02	-1.378840e+01
3.708000e-05	5.436827e-02	-1.389467e+01
3.709000e-05	4.501759e-02	-1.403196e+01
3.710000e-05	6.460686e-02	-1.416673e+01
3.711000e-05	5.883866e-02	-1.430199e+01
3.712000e-05	6.093933e-02	-1.437843e+01
3.713000e-05	5.899366e-02	-1.448319e+01
3.714000e-05	6.516482e-02	-1.457941e+01
3.715000e-05	7.144771e-02	-1.466156e+01
3.716000e-05	6.704354e-02	-1.472538e+01
3.717000e-05	7.343169e-02	-1.477838e+01
3.718000e-05	7.170235e-02	-1.489262e+01
3.719000e-05	8.251139e-02	-1.495525e+01
3.720000e-05	7.543316e-02	-1.501890e+01
3.721000e-05	8.184437e-02	-1.505297e+01
3.722000e-05	8.130731e-02	-1.511152e+01
3.723000e-05	9.446436e-02	-1.517680e+01
3.724000e-05	9.497343e-02	-1.517895e+01
3.725000e-05	9.679937e-02	-1.523943e+01
3.726000e-05	9.777867e-02	-1.526004e+01
3.727000e-05	1.021156e-01	-1.525362e+01
3.728000e-05	1.087318e-01	-1.530374e+01
3.729000e-05	1.113283e-01	-1.530317e+01
3.730000e-05	1.168644e-01	-1.531466e+01
3.731000e-05	1.223727e-01	-1.528564e+01
3.732000e-05	1.318348e-01	-1.532577e+01
3.733000e-05	1.351712e-01	-1.530417e+01
3.734000e-05	1.407163e-01	-1.527359e+01
3.735000e-05	1.485521e-01	-1.529049e+01
3.736000e-05	1.631567e-01	-1.526058e+01
3.737000e-05	1.787079e-01	-1.517782e+01
3.738000e-05	1.952858e-01	-1.517630e+01
3.739000e-05	2.154854e-01	-1.511209e+01
3.740000e-05	2.413328e-01	-1.509153e+01
3.741000e-05	2.494000e-01	-1.505786e+01
3.742000e-05	2.500000e-01	-1.500577e+01
3.743000e-05	2.500000e-01	-1.490346e+01
3.744000e-05	2.500000e-01	-1.484946e+01
3.745000e-05	2.500000e-01	-1.473474e+01
3.746000e-05	2.500000e-01	-1.468111e+01
3.747000e-05	2.488842e-01	-1.457680e+01
3.748000e-05	2.285768e-01	-1.451366e+01
3.749000e-05	2.019782e-01	-1.441640e+01
3.750000e-05	1.792921e-01	-1.433259e+01
3.751000e-05	1.584386e-01	-1.419575e+01
3.752000e-05	1.392903e-01	-1.406961e+01
3.753000e-05	1.267267e-01	-1.398367e+01
3.754000e-05	1.150097e-01	-1.380678e+01
3.755000e-05	1.043228e-01	-1.371164e+01
3.756000e-05	9.251445e-02	-1.355417e+01
3.757000e-05	8.566519e-02	-1.347688e+01
3.758000e-05	8.094788e-02	-1.325908e+01
3.759000e-05	7.588478e-02	-1.314267e+01
3.760000e-05	6.724574e-02	-1.297527e+01
3.761000e-05	6.185972e-02	-1.284798e+01
3.762000e-05	5.811580e-02	-1.271104e+01
3.763000e-05	5.481641e-02	-1.253267e+01
3.764000e-05	5.158185e-02	-1.238425e+01
3.765000e-05	4.641036e-02	-1.214630e+01
3.766000e-05	4.532625e-02	-1.201373e+01
3.767000e-05	4.268657e-02	-1.180633e+01
3.768000e-05	4.098104e-02	-1.162680e+01
3.769000e-05	3.532728e-02	-1.135432e+01
3.770000e-05	3.502600e-02	-1.115427e+01
3.771000e-05	3.269871e-02	-1.096379e+01
3.772000e-05	3.191619e-02	-1.078382e+01
3.773000e-05	2.887375e-02	-1.059680e+01
3.774000e-05	2.681707e-02	-1.037627e+01
3.775000e-05	2.483514e-02	-1.011027e+01
3.776000e-05	2.531382e-02	-9.963738e+00
3.777000e-05	2.384033e-02	-9.763712e+00
3.778000e-05	2.186614e-02	-9.512686e+00
3.779000e-05	1.999392e-02	-9.280608e+00
3.780000e-05	1.891403e-02	-9.030030e+00
3.781000e-05	1.749535e-02	-8.838454e+00
3.782000e-05	1.487570e-02	-8.575920e+00
3.783000e-05	1.268324e-02	-8.344242e+00
3.784000e-05	1.293059e-02	-8.114639e+00
3.785000e-05	1.443619e-02	-7.879530e+00
3.786000e-05	1.522398e-02	-7.595848e+00
3.787000e-05	1.263678e-02	-7.333215e+00
3.788000e-05	1.070034e-02	-7.053106e+00
3.789000e-05	8.546785e-03	-6.797449e+00
3.790000e-05	7.211961e-03	-6.574842e+00
3.791000e-05	4.889480e-03	-6.383211e+00
3.792000e-05	5.615425e-03	-6.089503e+00
3.793000e-05	5.907660e-03	-5.785919e+00
3.794000e-05	7.450816e-03	-5.512113e+00
3.795000e-05	6.066048e-03	-5.206951e+00
3.796000e-05	4.132365e-03	-4.860232e+00
3.797000e-05	8.922486e-04	-4.627896e+00
3.798000e-05	1.992424e-03	-4.385895e+00
3.799000e-05	7.383140e-04	-4.143812e+00
3.800000e-05	1.103099e-03	-3.890004e+00
3.801000e-05	-2.559850e-03	-3.545865e+00
3.802000e-05	-1.656532e-03	-3.351661e+00
3.803000e-05	-2.200800e-03	-3.034499e+00
3.804000e-05	-1.561141e-03	-2.724289e+00
3.805000e-05	-3.329762e-03	-2.441029e+00
3.806000e-05	-3.098616e-03	-2.167844e+00
3.807000e-05	-4.501742e-03	-1.872681e+00
3.808000e-05	-4.430562e-03	-1.639423e+00
3.809000e-05	-5.453489e-03	-1.293159e+00
3.810000e-05	-7.468733e-03	-9.994188e-01
3.811000e-05	-7.028787e-03	-7.132897e-01
3.812000e-05	-7.437126e-03	-4.193938e-01
3.813000e-05	-4.736125e-03	-1.738645e-01
3.814000e-05	-4.336056e-04	8.031454e-02
3.815000e-05	7.364495e-03	3.745777e-01
3.816000e-05	-2.858072e-03	6.441605e-01
3.817000e-05	5.503723e-03	8.867145e-01
3.818000e-05	-2.664721e-03	1.182055e+00
3.819000e-05	2.249404e-03	1.465794e+00
3.820000e-05	-3.580073e-03	1.810981e+00
3.821000e-05	1.618627e-02	1.972029e+00
3.822000e-05	6.117337e-02	2.243185e+00
3.823000e-05	9.653794e-02	2.589929e+00
3.824000e-05	-4.943542e-02	2.886239e+00
3.825000e-05	-3.103260e-02	3.170454e+00
3.826000e-05	-4.111303e-02	3.485741e+00
3.827000e-05	-2.791743e-02	3.706272e+00
3.828000e-05	-8.809754e-02	3.947297e+00
3.829000e-05	4.844734e-04	4.146904e+00
3.830000e-05	9.132292e-02	4.453693e+00
3.831000e-05	-1.121121e-01	4.716320e+00
3.832000e-05	1.406441e-01	4.989453e+00
3.833000e-05	-4.505037e-02	5.327324e+00
3.834000e-05	-5.030229e-02	5.568999e+00
3.835000e-05	3.393532e-02	5.865213e+00
3.836000e-05	-5.712774e-02	6.136345e+00
3.837000e-05	6.324148e-02	6.347423e+00
3.838000e-05	-5.478276e-02	6.674609e+00
3.839000e-05	6.762245e-03	6.884796e+00
3.840000e-05	-1.035139e-02	7.126954e+00
3.841000e-05	-2.425253e-02	7.461563e+00
3.842000e-05	2.061430e-03	7.704297e+00
3.843000e-05	-5.830658e-02	7.991958e+00
3.844000e-05	4.007600e-02	8.233616e+00
3.845000e-05	-2.557765e-02	8.462137e+00
3.846000e-05	-6.642979e-03	8.674065e+00
3.847000e-05	-1.820840e-02	8.945222e+00
3.848000e-05	-5.573133e-02	9.138398e+00
3.849000e-05	1.420564e-02	9.419330e+00
3.850000e-05	-3.097212e-02	9.578953e+00
3.851000e-05	1.805217e-03	9.841538e+00
3.852000e-05	-4.763204e-02	1.005064e+01
3.853000e-05	1.488271e-04	1.027156e+01
3.854000e-05	-2.356510e-02	1.048017e+01
3.855000e-05	-3.114299e-02	1.067359e+01
3.856000e-05	-3.153644e-02	1.084374e+01
3.857000e-05	-3.822968e-02	1.106309e+01
3.858000e-05	-4.712634e-03	1.133369e+01
3.859000e-05	-3.710416e-02	1.150302e+01
3.860000e-05	-2.766785e-02	1.172422e+01
3.861000e-05	-5.021956e-02	1.190522e+01
3.862000e-05	-1.912257e-02	1.208119e+01
3.863000e-05	-3.180804e-02	1.223141e+01
3.864000e-05	-3.455063e-02	1.239909e+01
3.865000e-05	-4.701394e-02	1.258890e+01
3.866000e-05	-4.140357e-02	1.270630e+01
3.867000e-05	-3.072612e-02	1.290177e+01
3.868000e-05	-4.526465e-02	1.307094e+01
3.869000e-05	-4.876410e-02	1.319795e+01
3.870000e-05	-5.123053e-02	1.334522e+01
3.871000e-05	-3.481386e-02	1.346256e+01
3.872000e-05	-4.620863e-02	1.361838e+01
3.873000e-05	-5.677102e-02	1.378423e+01
3.874000e-05	-6.494595e-02	1.389102e+01
3.875000e-05	-5.497039e-02	1.397943e+01
3.876000e-05	-5.173792e-02	1.412325e+01
3.877000e-05	-6.113715e-02	1.428054e+01
3.878000e-05	-6.876439e-02	1.435583e+01
3.879000e-05	-6.699975e-02	1.446309e+01
3.880000e-05	-5.950281e-02	1.451662e+01
3.881000e-05	-6.824366e-02	1.465158e+01
3.882000e-05	-7.671366e-02	1.473417e+01
3.883000e-05	-7.940228e-02	1.476898e+01
3.884000e-05	-7.373953e-02	1.485046e+01
3.885000e-05	-7.674327e-02	1.491372e+01
3.886000e-05	-8.861294e-02	1.497528e+01
3.887000e-05	-9.827528e-02	1.503746e+01
3.888000e-05	-9.195454e-02	1.506056e+01
3.889000e-05	-9.028549e-02	1.511367e+01
3.890000e-05	-9.428660e-02	1.515427e+01
3.891000e-05	-1.049206e-01	1.516785e+01
3.892000e-05	-1.073373e-01	1.521704e+01
3.893000e-05	-1.060470e-01	1.524953e+01
3.894000e-05	-1.145036e-01	1.524896e+01
3.895000e-05	-1.262625e-01	1.528104e+01
3.896000e-05	-1.322754e-01	1.529049e+01
3.897000e-05	-1.289262e-01	1.524901e+01
3.898000e-05	-1.303573e-01	1.526046e+01
3.899000e-05	-1.420224e-01	1.523644e+01
3.900000e-05	-1.554886e-01	1.521796e+01
3.901000e-05	-1.638469e-01	1.520540e+01
3.902000e-05	-1.720484e-01	1.518331e+01
3.903000e-05	-1.902028e-01	1.520373e+01
3.904000e-05	-2.155801e-01	1.511162e+01
3.905000e-05	-2.372722e-01	1.508007e+01
3.906000e-05	-2.479822e-01	1.500643e+01
3.907000e-05	-2.500000e-01	1.492373e+01
3.908000e-05	-2.500000e-01	1.490017e+01
3.909000e-05	-2.500000e-01	1.483891e+01
3.910000e-05	-2.500000e-01	1.476432e+01
3.911000e-05	-2.500000e-01	1.471104e+01
3.912000e-05	-2.500000e-01	1.465685e+01
3.913000e-05	-2.492044e-01	1.453264e+01
3.914000e-05	-2.286395e-01	1.447796e+01
3.915000e-05	-2.001318e-01	1.435357e+01
3.916000e-05	-1.762195e-01	1.419838e+01
3.917000e-05	-1.631357e-01	1.412166e+01
3.918000e-05	-1.479921e-01	1.398573e+01
3.919000e-05	-1.291188e-01	1.384743e+01
3.920000e-05	-1.191602e-01	1.372212e+01
3.921000e-05	-1.079583e-01	1.356540e+01
3.922000e-05	-1.056594e-01	1.344896e+01
3.923000e-05	-9.409193e-02	1.333172e+01
3.924000e-05	-8.321549e-02	1.319382e+01
3.925000e-05	-8.484114e-02	1.305741e+01
3.926000e-05	-8.014602e-02	1.289849e+01
3.927000e-05	-8.009893e-02	1.273017e+01
3.928000e-05	-6.704143e-02	1.257427e+01
3.929000e-05	-6.422923e-02	1.239642e+01
3.930000e-05	-6.152650e-02	1.222848e+01
3.931000e-05	-5.943893e-02	1.209908e+01
3.932000e-05	-5.328622e-02	1.189956e+01
3.933000e-05	-5.113822e-02	1.170001e+01
3.934000e-05	-5.212690e-02	1.148959e+01
3.935000e-05	-5.472209e-02	1.133003e+01
3.936000e-05	-5.111175e-02	1.110961e+01
3.937000e-05	-4.502034e-02	1.090008e+01
3.938000e-05	-4.169764e-02	1.071011e+01
3.939000e-05	-4.227149e-02	1.048011e+01
3.940000e-05	-4.157837e-02	1.026901e+01
3.941000e-05	-3.761657e-02	1.006845e+01
3.942000e-05	-3.637381e-02	9.855450e+00
3.943000e-05	-3.808679e-02	9.585749e+00
3.944000e-05	-3.890573e-02	9.414721e+00
3.945000e-05	-3.647377e-02	9.164323e+00
3.946000e-05	-3.214410e-02	8.952741e+00
3.947000e-05	-3.271134e-02	8.691611e+00
3.948000e-05	-3.301227e-02	8.499583e+00
3.949000e-05	-3.251152e-02	8.286428e+00
3.950000e-05	-2.782042e-02	7.983927e+00
3.951000e-05	-2.695077e-02	7.803165e+00
3.952000e-05	-2.729380e-02	7.499634e+00
3.953000e-05	-2.877202e-02	7.206875e+00
3.954000e-05	-2.694578e-02	6.984321e+00
3.955000e-05	-2.568906e-02	6.730689e+00
3.956000e-05	-2.555037e-02	6.416429e+00
3.957000e-05	-2.787026e-02	6.204924e+00
3.958000e-05	-2.535901e-02	5.954293e+00
3.959000e-05	-2.195394e-02	5.688107e+00
3.960000e-05	-2.072424e-02	5.445974e+00
3.961000e-05	-2.131486e-02	5.120210e+00
3.962000e-05	-2.178856e-02	4.785297e+00
3.963000e-05	-2.074533e-02	4.502763e+00
3.964000e-05	-1.945524e-02	4.275961e+00
3.965000e-05	-2.009225e-02	3.944295e+00
3.966000e-05	-2.105755e-02	3.711609e+00
3.967000e-05	-1.983928e-02	3.466975e+00
3.968000e-05	-1.749695e-02	3.154245e+00
3.969000e-05	-1.650429e-02	2.891158e+00
3.970000e-05	-1.731619e-02	2.587895e+00
3.971000e-05	-1.631774e-02	2.301660e+00
3.972000e-05	-1.413542e-02	2.059503e+00
3.973000e-05	-1.359661e-02	1.783292e+00
3.974000e-05	-1.423408e-02	1.461107e+00
3.975000e-05	-1.701106e-02	1.144870e+00
3.976000e-05	-1.342932e-02	8.165012e-01
3.977000e-05	-1.335541e-02	5.548959e-01
3.978000e-05	-1.066958e-02	3.206820e-01
3.979000e-05	-9.850087e-03	-1.205645e-02
3.980000e-05	-1.099102e-03	-2.452380e-01
3.981000e-05	5.538673e-03	-5.199384e-01
3.982000e-05	-2.086195e-03	-7.726302e-01
3.983000e-05	1.974929e-03	-1.045260e+00
3.984000e-05	-3.090220e-03	-1.342902e+00
3.985000e-05	1.084663e-03	-1.603534e+00
3.986000e-05	8.483433e-03	-1.845203e+00
3.987000e-05	5.684504e-02	-2.066217e+00
3.988000e-05	1.259596e-01	-2.384630e+00
3.989000e-05	-3.853295e-02	-2.772507e+00
3.990000e-05	-8.093343e-03	-3.183029e+00
3.991000e-05	-4.001911e-02	-3.422633e+00
3.992000e-05	-3.550638e-02	-3.591610e+00
3.993000e-05	-1.029731e-01	-3.886712e+00
3.994000e-05	1.376825e-01	-4.033657e+00
3.995000e-05	-3.617570e-02	-4.297643e+00
3.996000e-05	-1.779040e-02	-4.591529e+00
3.997000e-05	1.642320e-01	-4.812082e+00
3.998000e-05	-1.581988e-01	-5.170451e+00
3.999000e-05	1.451659e-01	-5.455216e+00
4.000000e-05	-1.104819e-01	-5.688901e+00
4.001000e-05	2.084175e-02	-6.021587e+00
4.002000e-05	1.061090e-01	-6.222983e+00
4.003000e-05	-8.547647e-02	-6.549949e+00
4.004000e-05	1.476584e-01	-6.789979e+00
4.005000e-05	-1.050279e-01	-7.096239e+00
4.006000e-05	7.480068e-02	-7.368397e+00
4.007000e-05	-7.700669e-03	-7.579830e+00
4.008000e-05	-1.361152e-02	-7.917819e+00
4.009000e-05	1.079265e-01	-8.165746e+00
4.010000e-05	-7.794113e-02	-8.378879e+00
4.011000e-05	1.342065e-01	-8.611033e+00
4.012000e-05	-6.983870e-02	-8.814112e+00
4.013000e-05	4.912443e-02	-9.096217e+00
4.014000e-05	2.063224e-03	-9.274694e+00
4.015000e-05	1.925871e-02	-9.549403e+00
4.016000e-05	7.711842e-02	-9.757800e+00
4.017000e-05	-2.791580e-02	-9.999424e+00
4.018000e-05	8.922285e-02	-1.016883e+01
4.019000e-05	-4.503652e-02	-1.044406e+01
4.020000e-05	8.809916e-02	-1.064206e+01
4.021000e-05	-2.279257e-02	-1.081151e+01
4.022000e-05	6.015473e-02	-1.103044e+01
4.023000e-05	1.277687e-02	-1.118008e+01
4.024000e-05	4.256940e-02	-1.144263e+01
4.025000e-05	4.103425e-02	-1.163147e+01
4.026000e-05	1.378969e-02	-1.183204e+01
4.027000e-05	5.171517e-02	-1.202061e+01
4.028000e-05	1.510863e-02	-1.221196e+01
4.029000e-05	6.986380e-02	-1.233788e+01
4.030000e-05	1.224195e-02	-1.256683e+01
4.031000e-05	5.721319e-02	-1.270665e+01
4.032000e-05	1.880604e-02	-1.287467e+01
4.033000e-05	6.128456e-02	-1.303096e+01
4.034000e-05	3.325956e-02	-1.316745e+01
4.035000e-05	5.409463e-02	-1.331570e+01
4.036000e-05	4.320259e-02	-1.343096e+01
4.037000e-05	5.355183e-02	-1.354898e+01
4.038000e-05	5.222019e-02	-1.373627e+01
4.039000e-05	4.460243e-02	-1.387201e+01
4.040000e-05	5.127790e-02	-1.396790e+01
4.041000e-05	5.166125e-02	-1.412309e+01
4.042000e-05	6.684381e-02	-1.425199e+01
4.043000e-05	5.679954e-02	-1.433720e+01
4.044000e-05	6.480024e-02	-1.441949e+01
4.045000e-05	5.809259e-02	-1.452580e+01
4.046000e-05	7.308367e-02	-1.461091e+01
4.047000e-05	6.453418e-02	-1.472364e+01
4.048000e-05	7.348984e-02	-1.477736e+01
4.049000e-05	6.877330e-02	-1.488151e+01
4.050000e-05	8.217729e-02	-1.497524e+01
4.051000e-05	7.967313e-02	-1.500788e+01
4.052000e-05	8.146398e-02	-1.504044e+01
4.053000e-05	8.052080e-02	-1.512309e+01
4.054000e-05	8.549498e-02	-1.512662e+01
4.055000e-05	9.506628e-02	-1.515741e+01
4.056000e-05	9.320711e-02	-1.519848e+01
4.057000e-05	9.932213e-02	-1.522048e+01
4.058000e-05	9.909796e-02	-1.523304e+01
4.059000e-05	1.096136e-01	-1.529212e+01
4.060000e-05	1.112035e-01	-1.529414e+01
4.061000e-05	1.163258e-01	-1.532467e+01
4.062000e-05	1.178856e-01	-1.533465e+01
4.063000e-05	1.263269e-01	-1.532567e+01
4.064000e-05	1.335319e-01	-1.530317e+01
4.065000e-05	1.378875e-01	-1.531157e+01
4.066000e-05	1.455709e-01	-1.529251e+01
4.067000e-05	1.565794e-01	-1.523953e+01
4.068000e-05	1.735439e-01	-1.520788e+01
4.069000e-05	1.894456e-01	-1.519585e+01
4.070000e-05	2.069743e-01	-1.518467e+01
4.071000e-05	2.302093e-01	-1.509302e+01
4.072000e-05	2.471820e-01	-1.505846e+01
4.073000e-05	2.500000e-01	-1.500680e+01
4.074000e-05	2.500000e-01	-1.492217e+01
4.075000e-05	2.500000e-01	-1.485804e+01
4.076000e-05	2.500000e-01	-1.479485e+01
4.077000e-05	2.500000e-01	-1.471119e+01
4.078000e-05	2.500000e-01	-1.463946e+01
4.079000e-05	2.401478e-01	-1.455325e+01
4.080000e-05	2.113206e-01	-1.445948e+01
4.081000e-05	1.876431e-01	-1.436322e+01
4.082000e-05	1.668434e-01	-1.421733e+01
4.083000e-05	1.458062e-01	-1.413362e+01
4.084000e-05	1.308635e-01	-1.400693e+01
4.085000e-05	1.189048e-01	-1.386059e+01
4.086000e-05	1.101460e-01	-1.376419e+01
4.087000e-05	9.803173e-02	-1.361795e+01
4.088000e-05	8.852569e-02	-1.349901e+01
4.089000e-05	8.105146e-02	-1.335319e+01
4.090000e-05	7.796785e-02	-1.319590e+01
4.091000e-05	7.163772e-02	-1.304846e+01
4.092000e-05	6.467581e-02	-1.290116e+01
4.093000e-05	5.830014e-02	-1.274227e+01
4.094000e-05	5.685282e-02	-1.259582e+01
4.095000e-05	5.418570e-02	-1.239751e+01
4.096000e-05	4.993574e-02	-1.224856e+01
4.097000e-05	4.492440e-02	-1.206111e+01
4.098000e-05	4.353418e-02	-1.186149e+01
4.099000e-05	4.131091e-02	-1.170156e+01
4.100000e-05	3.826074e-02	-1.144898e+01
4.101000e-05	3.387043e-02	-1.123004e+01
4.102000e-05	3.150842e-02	-1.103798e+01
4.103000e-05	3.260013e-02	-1.084850e+01
4.104000e-05	3.209952e-02	-1.065951e+01
4.105000e-05	2.834844e-02	-1.048016e+01
4.106000e-05	2.568788e-02	-1.028788e+01
4.107000e-05	2.533167e-02	-1.000551e+01
4.108000e-05	2.370896e-02	-9.798928e+00
4.109000e-05	2.214559e-02	-9.616852e+00
4.110000e-05	1.946649e-02	-9.385793e+00
4.111000e-05	1.876983e-02	-9.174242e+00
4.112000e-05	1.868488e-02	-8.943162e+00
4.113000e-05	1.787716e-02	-8.712160e+00
4.114000e-05	1.552275e-02	-8.438481e+00
4.115000e-05	1.374887e-02	-8.216451e+00
4.116000e-05	1.431774e-02	-7.995346e+00
4.117000e-05	1.383497e-02	-7.751107e+00
4.118000e-05	1.136866e-02	-7.399025e+00
4.119000e-05	1.011405e-02	-7.185870e+00
4.120000e-05	8.748474e-03	-6.921261e+00
4.121000e-05	8.946659e-03	-6.691052e+00
4.122000e-05	7.579291e-03	-6.438378e+00
4.123000e-05	6.970808e-03	-6.164792e+00
4.124000e-05	5.867327e-03	-5.921684e+00
4.125000e-05	5.088079e-03	-5.637428e+00
4.126000e-05	5.580320e-03	-5.346289e+00
4.127000e-05	3.054370e-03	-5.019579e+00
4.128000e-05	2.678302e-03	-4.743635e+00
4.129000e-05	2.362282e-03	-4.452105e+00
4.130000e-05	2.768445e-03	-4.239003e+00
4.131000e-05	1.575132e-03	-3.976847e+00
4.132000e-05	-1.367972e-03	-3.679159e+00
4.133000e-05	-1.333857e-03	-3.408451e+00
4.134000e-05	-3.172178e-03	-3.153793e+00
4.135000e-05	-1.813590e-03	-2.838975e+00
4.136000e-05	-3.651425e-03	-2.595917e+00
4.137000e-05	-2.311943e-03	-2.361187e+00
4.138000e-05	-4.636377e-03	-1.977949e+00
4.139000e-05	-3.572543e-03	-1.714290e+00
4.140000e-05	-6.154211e-03	-1.439054e+00
4.141000e-05	-5.653832e-03	-1.113656e+00
4.142000e-05	-7.601274e-03	-8.610015e-01
4.143000e-05	-5.967164e-03	-5.142645e-01
4.144000e-05	-7.269331e-03	-2.415791e-01
4.145000e-05	-3.847432e-03	1.057644e-02
4.146000e-05	7.461093e-03	2.957685e-01
4.147000e-05	-4.060243e-04	5.693971e-01
4.148000e-05	3.554473e-03	7.814501e-01
4.149000e-05	-1.098861e-03	1.065771e+00
4.150000e-05	4.306253e-06	1.358395e+00
4.151000e-05	-2.541450e-03	1.648338e+00
4.152000e-05	7.991104e-03	1.896366e+00
4.153000e-05	3.206293e-02	2.147846e+00
4.154000e-05	1.082330e-01	2.382530e+00
4.155000e-05	3.147961e-04	2.750505e+00
4.156000e-05	-4.530041e-02	3.055738e+00
4.157000e-05	-3.444146e-02	3.357872e+00
4.158000e-05	-3.071089e-02	3.622605e+00
4.159000e-05	-6.843439e-02	3.851710e+00
4.160000e-05	-6.135371e-02	4.013056e+00
4.161000e-05	9.797445e-02	4.339824e+00
4.162000e-05	-5.000387e-02	4.633112e+00
4.163000e-05	1.785218e-02	4.824586e+00
4.164000e-05	1.005194e-01	5.212508e+00
4.165000e-05	-1.292746e-01	5.482237e+00
4.166000e-05	5.701919e-02	5.758376e+00
4.167000e-05	-5.979497e-02	6.040983e+00
4.168000e-05	2.833290e-02	6.243135e+00
4.169000e-05	6.113122e-03	6.569850e+00
4.170000e-05	-4.914043e-02	6.841557e+00
4.171000e-05	3.993352e-02	7.074591e+00
4.172000e-05	-5.769517e-02	7.326301e+00
4.173000e-05	2.763676e-02	7.593009e+00
4.174000e-05	-7.079772e-02	7.925172e+00
4.175000e-05	1.455932e-02	8.118400e+00
4.176000e-05	7.533163e-03	8.389478e+00
4.177000e-05	-3.047861e-02	8.608357e+00
4.178000e-05	1.041112e-02	8.801109e+00
4.179000e-05	-6.640489e-02	9.055541e+00
4.180000e-05	4.397053e-03	9.293717e+00
4.181000e-05	-2.473188e-02	9.485644e+00
4.182000e-05	-1.818521e-04	9.778275e+00
4.183000e-05	-3.739313e-02	9.948453e+00
4.184000e-05	-1.685411e-02	1.018841e+01
4.185000e-05	-9.105107e-03	1.039940e+01
4.186000e-05	-3.492114e-02	1.061838e+01
4.187000e-05	-2.626039e-02	1.079206e+01
4.188000e-05	-4.383673e-02	1.098993e+01
4.189000e-05	-1.004456e-02	1.118041e+01
4.190000e-05	-2.753802e-02	1.142891e+01
4.191000e-05	-2.609076e-02	1.159009e+01
4.192000e-05	-4.724436e-02	1.184108e+01
4.193000e-05	-2.995533e-02	1.200883e+01
4.194000e-05	-2.804738e-02	1.217531e+01
4.195000e-05	-3.239465e-02	1.234683e+01
4.196000e-05	-4.374668e-02	1.251517e+01
4.197000e-05	-4.585931e-02	1.266107e+01
4.198000e-05	-3.154268e-02	1.286051e+01
4.199000e-05	-4.080636e-02	1.302685e+01
4.200000e-05	-4.461977e-02	1.313580e+01
4.201000e-05	-5.498935e-02	1.331262e+01
4.202000e-05	-3.871906e-02	1.345991e+01
4.203000e-05	-4.432092e-02	1.357488e+01
4.204000e-05	-4.941234e-02	1.370164e+01
4.205000e-05	-6.543499e-02	1.382839e+01
4.206000e-05	-5.759073e-02	1.394620e+01
4.207000e-05	-5.404824e-02	1.403999e+01
4.208000e-05	-5.585135e-02	1.424895e+01
4.209000e-05	-6.516107e-02	1.432417e+01
4.210000e-05	-6.881775e-02	1.447843e+01
4.211000e-05	-6.093160e-02	1.449222e+01
4.212000e-05	-6.592060e-02	1.457835e+01
4.213000e-05	-7.234496e-02	1.469169e+01
4.214000e-05	-8.175984e-02	1.479733e+01
4.215000e-05	-7.557249e-02	1.483896e+01
4.216000e-05	-7.658956e-02	1.487111e+01
4.217000e-05	-8.250919e-02	1.495577e+01
4.218000e-05	-9.341638e-02	1.503633e+01
4.219000e-05	-9.426996e-02	1.503896e+01
4.220000e-05	-8.987418e-02	1.511059e+01
4.221000e-05	-9.347547e-02	1.513377e+01
4.222000e-05	-1.022796e-01	1.518535e+01
4.223000e-05	-1.078823e-01	1.521590e+01
4.224000e-05	-1.067954e-01	1.525846e+01
4.225000e-05	-1.104060e-01	1.525751e+01
4.226000e-05	-1.202895e-01	1.528854e+01
4.227000e-05	-1.288072e-01	1.528196e+01
4.228000e-05	-1.295691e-01	1.526994e+01
4.229000e-05	-1.292313e-01	1.524001e+01
4.230000e-05	-1.387722e-01	1.524834e+01
4.231000e-05	-1.520415e-01	1.519836e+01
4.232000e-05	-1.621963e-01	1.523841e+01
4.233000e-05	-1.683457e-01	1.524640e+01
4.234000e-05	-1.822294e-01	1.519435e+01
4.235000e-05	-2.026541e-01	1.513164e+01
4.236000e-05	-2.263571e-01	1.509899e+01
4.237000e-05	-2.440417e-01	1.504796e+01
4.238000e-05	-2.498000e-01	1.497528e+01
4.239000e-05	-2.500000e-01	1.494222e+01
4.240000e-05	-2.500000e-01	1.486061e+01
4.241000e-05	-2.500000e-01	1.480592e+01
4.242000e-05	-2.500000e-01	1.473262e+01
4.243000e-05	-2.500000e-01	1.462940e+01
4.244000e-05	-2.500000e-01	1.459330e+01
4.245000e-05	-2.396270e-01	1.443854e+01
4.246000e-05	-2.109793e-01	1.435375e+01
4.247000e-05	-1.861712e-01	1.422896e+01
4.248000e-05	-1.678287e-01	1.415322e+01
4.249000e-05	-1.535944e-01	1.401435e+01
4.250000e-05	-1.369252e-01	1.389257e+01
4.251000e-05	-1.223292e-01	1.383335e+01
4.252000e-05	-1.132487e-01	1.365691e+01
4.253000e-05	-1.080804e-01	1.356114e+01
4.254000e-05	-9.947725e-02	1.341383e+01
4.255000e-05	-9.026433e-02	1.323843e+01
4.256000e-05	-8.186673e-02	1.308999e+01
4.257000e-05	-7.989213e-02	1.293272e+01
4.258000e-05	-7.621475e-02	1.280330e+01
4.259000e-05	-7.077195e-02	1.263645e+01
4.260000e-05	-6.450728e-02	1.247958e+01
4.261000e-05	-6.351774e-02	1.234169e+01
4.262000e-05	-6.265309e-02	1.212324e+01
4.263000e-05	-5.771040e-02	1.196372e+01
4.264000e-05	-5.233975e-02	1.173470e+01
4.265000e-05	-5.085976e-02	1.158325e+01
4.266000e-05	-5.185264e-02	1.135180e+01
4.267000e-05	-5.130259e-02	1.111330e+01
4.268000e-05	-4.607545e-02	1.099380e+01
4.269000e-05	-4.325887e-02	1.077480e+01
4.270000e-05	-4.321638e-02	1.055474e+01
4.271000e-05	-4.312358e-02	1.036325e+01
4.272000e-05	-3.969696e-02	1.014172e+01
4.273000e-05	-3.765001e-02	9.931142e+00
4.274000e-05	-3.674343e-02	9.709512e+00
4.275000e-05	-3.903079e-02	9.428585e+00
4.276000e-05	-3.638448e-02	9.251483e+00
4.277000e-05	-3.280997e-02	9.045450e+00
4.278000e-05	-3.143920e-02	8.805350e+00
4.279000e-05	-3.271410e-02	8.583773e+00
4.280000e-05	-3.255047e-02	8.333245e+00
4.281000e-05	-3.033571e-02	8.071061e+00
4.282000e-05	-2.785502e-02	7.847429e+00
4.283000e-05	-2.798572e-02	7.597349e+00
4.284000e-05	-2.846877e-02	7.350613e+00
4.285000e-05	-2.695824e-02	7.059603e+00
4.286000e-05	-2.566103e-02	6.847875e+00
4.287000e-05	-2.519047e-02	6.563266e+00
4.288000e-05	-2.637135e-02	6.271083e+00
4.289000e-05	-2.547661e-02	6.069983e+00
4.290000e-05	-2.327700e-02	5.784292e+00
4.291000e-05	-2.129788e-02	5.531666e+00
4.292000e-05	-2.119972e-02	5.257503e+00
4.293000e-05	-2.195326e-02	4.891684e+00
4.294000e-05	-2.077839e-02	4.665927e+00
4.295000e-05	-2.214810e-02	4.355747e+00
4.296000e-05	-1.878554e-02	4.091034e+00
4.297000e-05	-2.218425e-02	3.815999e+00
4.298000e-05	-1.655882e-02	3.514845e+00
4.299000e-05	-1.555690e-02	3.258005e+00
4.300000e-05	-1.515122e-02	2.984371e+00
4.301000e-05	-1.658972e-02	2.705241e+00
4.302000e-05	-1.944554e-02	2.417475e+00
4.303000e-05	-1.720772e-02	2.143242e+00
4.304000e-05	-1.622043e-02	1.872108e+00
4.305000e-05	-1.479856e-02	1.584920e+00
4.306000e-05	-1.362978e-02	1.292079e+00
4.307000e-05	-1.145220e-02	9.738372e-01
4.308000e-05	-9.530179e-03	7.120540e-01
4.309000e-05	-1.064394e-02	4.084249e-01
4.310000e-05	-1.075098e-02	8.170810e-02
4.311000e-05	-7.634741e-03	-1.614236e-01
4.312000e-05	5.769096e-03	-3.830264e-01
4.313000e-05	-4.411117e-03	-6.787959e-01
4.314000e-05	4.018739e-03	-9.599234e-01
4.315000e-05	-3.183928e-03	-1.224107e+00
4.316000e-05	3.955207e-03	-1.538896e+00
4.317000e-05	8.437828e-04	-1.760447e+00
4.318000e-05	3.416169e-02	-1.961524e+00
4.319000e-05	1.173158e-01	-2.254618e+00
4.320000e-05	3.195884e-02	-2.624683e+00
4.321000e-05	-4.280524e-02	-3.078111e+00
4.322000e-05	-1.277532e-02	-3.329422e+00
4.323000e-05	-4.298684e-02	-3.558874e+00
4.324000e-05	-7.945174e-02	-3.742880e+00
4.325000e-05	1.358257e-02	-3.970397e+00
4.326000e-05	1.259184e-01	-4.131977e+00
4.327000e-05	-1.475319e-01	-4.495237e+00
4.328000e-05	1.851761e-01	-4.718796e+00
4.329000e-05	-8.524911e-02	-5.023611e+00
4.330000e-05	1.605059e-02	-5.402401e+00
4.331000e-05	5.517240e-02	-5.629980e+00
4.332000e-05	-1.421936e-01	-5.917293e+00
4.333000e-05	1.770740e-01	-6.146270e+00
4.334000e-05	-9.044412e-02	-6.413959e+00
4.335000e-05	9.598572e-02	-6.686241e+00
4.336000e-05	3.026612e-03	-6.970376e+00
4.337000e-05	-4.580885e-02	-7.284616e+00
4.338000e-05	1.007016e-01	-7.474117e+00
4.339000e-05	-9.696372e-02	-7.772479e+00
4.340000e-05	1.334873e-01	-8.024158e+00
4.341000e-05	-5.171800e-02	-8.275663e+00
4.342000e-05	6.274570e-02	-8.526871e+00
4.343000e-05	3.746577e-02	-8.728250e+00
4.344000e-05	-5.136669e-02	-9.041106e+00
4.345000e-05	8.360112e-02	-9.172481e+00
4.346000e-05	-5.592103e-02	-9.444635e+00
4.347000e-05	1.205294e-01	-9.663690e+00
4.348000e-05	-3.994927e-02	-9.834115e+00
4.349000e-05	7.950321e-02	-1.015625e+01
4.350000e-05	-1.159619e-02	-1.030672e+01
4.351000e-05	3.749429e-02	-1.056683e+01
4.352000e-05	3.506912e-02	-1.070770e+01
4.353000e-05	3.442015e-04	-1.098675e+01
4.354000e-05	6.494142e-02	-1.110770e+01
4.355000e-05	-4.462758e-03	-1.137935e+01
4.356000e-05	7.891159e-02	-1.153872e+01
4.357000e-05	-9.780625e-03	-1.175880e+01
4.358000e-05	6.352241e-02	-1.194843e+01
4.359000e-05	6.876786e-03	-1.213675e+01
4.360000e-05	6.580475e-02	-1.228574e+01
4.361000e-05	2.462655e-02	-1.248264e+01
4.362000e-05	4.204879e-02	-1.263304e+01
4.363000e-05	3.428521e-02	-1.278148e+01
4.364000e-05	3.979687e-02	-1.295885e+01
4.365000e-05	5.220202e-02	-1.308464e+01
4.366000e-05	3.547431e-02	-1.329159e+01
4.367000e-05	5.805518e-02	-1.342036e+01
4.368000e-05	3.836793e-02	-1.351530e+01
4.369000e-05	6.316858e-02	-1.365266e+01
4.370000e-05	3.777744e-02	-1.380946e+01
4.371000e-05	5.638469e-02	-1.390517e+01
4.372000e-05	4.433945e-02	-1.406149e+01
4.373000e-05	6.638778e-02	-1.419886e+01
4.374000e-05	5.593874e-02	-1.432302e+01
4.375000e-05	6.491425e-02	-1.439898e+01
4.376000e-05	5.813899e-02	-1.450422e+01
4.377000e-05	6.821346e-02	-1.458688e+01
4.378000e-05	6.861578e-02	-1.470109e+01
4.379000e-05	6.933923e-02	-1.475635e+01
4.380000e-05	7.182344e-02	-1.485099e+01
4.381000e-05	7.361295e-02	-1.491472e+01
4.382000e-05	8.020668e-02	-1.495580e+01
4.383000e-05	7.724346e-02	-1.504034e+01
4.384000e-05	8.272407e-02	-1.508152e+01
4.385000e-05	8.284418e-02	-1.512410e+01
4.386000e-05	9.553394e-02	-1.514680e+01
4.387000e-05	9.447668e-02	-1.522990e+01
4.388000e-05	9.771555e-02	-1.522860e+01
4.389000e-05	9.727567e-02	-1.527204e+01
4.390000e-05	1.037102e-01	-1.528412e+01
4.391000e-05	1.084203e-01	-1.533367e+01
4.392000e-05	1.123931e-01	-1.531574e+01
4.393000e-05	1.171821e-01	-1.531422e+01
4.394000e-05	1.240955e-01	-1.529472e+01
4.395000e-05	1.324717e-01	-1.528361e+01
4.396000e-05	1.363828e-01	-1.531319e+01
4.397000e-05	1.411101e-01	-1.528371e+01
4.398000e-05	1.505837e-01	-1.526101e+01
4.399000e-05	1.658269e-01	-1.528153e+01
4.400000e-05	1.811897e-01	-1.518788e+01
4.401000e-05	1.981734e-01	-1.514630e+01
4.402000e-05	2.204637e-01	-1.510312e+01
4.403000e-05	2.430619e-01	-1.509051e+01
4.404000e-05	2.497000e-01	-1.502636e+01
4.405000e-05	2.500000e-01	-1.500467e+01
4.406000e-05	2.500000e-01	-1.490356e+01
4.407000e-05	2.500000e-01	-1.481843e+01
4.408000e-05	2.500000e-01	-1.474380e+01
4.409000e-05	2.500000e-01	-1.468051e+01
4.410000e-05	2.470541e-01	-1.458630e+01
4.411000e-05	2.230303e-01	-1.449959e+01
4.412000e-05	1.965690e-01	-1.438530e+01
4.413000e-05	1.752982e-01	-1.430001e+01
4.414000e-05	1.553528e-01	-1.414320e+01
4.415000e-05	1.375809e-01	-1.405004e+01
4.416000e-05	1.238285e-01	-1.395219e+01
4.417000e-05	1.121744e-01	-1.380778e+01
4.418000e-05	1.017657e-01	-1.367906e+01
4.419000e-05	9.150371e-02	-1.354217e+01
4.420000e-05	8.460986e-02	-1.337579e+01
4.421000e-05	7.883055e-02	-1.324956e+01
4.422000e-05	7.424786e-02	-1.312114e+01
4.423000e-05	6.718885e-02	-1.298525e+01
4.424000e-05	6.149805e-02	-1.280686e+01
4.425000e-05	5.775491e-02	-1.266751e+01
4.426000e-05	5.476231e-02	-1.249161e+01
4.427000e-05	5.139176e-02	-1.234264e+01
4.428000e-05	4.687610e-02	-1.218425e+01
4.429000e-05	4.410381e-02	-1.197430e+01
4.430000e-05	4.148214e-02	-1.179372e+01
4.431000e-05	3.904625e-02	-1.156230e+01
4.432000e-05	3.676692e-02	-1.131366e+01
4.433000e-05	3.421778e-02	-1.109214e+01
4.434000e-05	3.354360e-02	-1.092214e+01
4.435000e-05	3.179132e-02	-1.074419e+01
4.436000e-05	3.005187e-02	-1.052320e+01
4.437000e-05	2.695075e-02	-1.038266e+01
4.438000e-05	2.501462e-02	-1.012111e+01
4.439000e-05	2.422903e-02	-9.891659e+00
4.440000e-05	2.350900e-02	-9.691083e+00
4.441000e-05	2.108908e-02	-9.478986e+00
4.442000e-05	1.972678e-02	-9.246503e+00
4.443000e-05	1.923211e-02	-9.007951e+00
4.444000e-05	1.875528e-02	-8.786845e+00
4.445000e-05	1.701234e-02	-8.512715e+00
4.446000e-05	1.459477e-02	-8.301635e+00
4.447000e-05	1.432709e-02	-8.071129e+00
4.448000e-05	1.368617e-02	-7.817901e+00
4.449000e-05	1.291227e-02	-7.533217e+00
4.450000e-05	1.113918e-02	-7.291111e+00
4.451000e-05	9.623093e-03	-7.047499e+00
4.452000e-05	9.222136e-03	-6.764320e+00
4.453000e-05	8.826874e-03	-6.532763e+00
4.454000e-05	6.983609e-03	-6.269058e+00
4.455000e-05	6.034849e-03	-6.015821e+00
4.456000e-05	4.605243e-03	-5.753267e+00
4.457000e-05	6.061987e-03	-5.488007e+00
4.458000e-05	3.327108e-03	-5.164270e+00
4.459000e-05	2.636855e-03	-4.858027e+00
4.460000e-05	1.790790e-03	-4.585317e+00
4.461000e-05	3.124075e-03	-4.344315e+00
4.462000e-05	1.819091e-03	-4.091530e+00
4.463000e-05	-4.343563e-05	-3.765895e+00
4.464000e-05	-1.641209e-03	-3.534159e+00
4.465000e-05	-2.041398e-03	-3.258980e+00
4.466000e-05	-2.470303e-03	-2.963763e+00
4.467000e-05	-2.377031e-03	-2.703132e+00
4.468000e-05	-3.411523e-03	-2.428026e+00
4.469000e-05	-2.723667e-03	-2.132738e+00
4.470000e-05	-3.632049e-03	-1.849079e+00
4.471000e-05	-4.127546e-03	-1.565318e+00
4.472000e-05	-5.870513e-03	-1.219945e+00
4.473000e-05	-6.683604e-03	-9.743132e-01
4.474000e-05	-7.350132e-03	-6.922043e-01
4.475000e-05	-5.745521e-03	-3.863447e-01
4.476000e-05	-6.322379e-03	-1.237857e-01
4.477000e-05	2.324239e-03	1.709262e-01
4.478000e-05	5.102662e-03	4.441591e-01
4.479000e-05	7.527716e-04	6.972919e-01
4.480000e-05	3.887566e-03	9.594471e-01
4.481000e-05	-2.011648e-03	1.214658e+00
4.482000e-05	5.605622e-05	1.510418e+00
4.483000e-05	-3.838603e-04	1.811579e+00
4.484000e-05	1.970294e-02	2.003058e+00
4.485000e-05	7.922397e-02	2.286264e+00
4.486000e-05	7.259761e-02	2.643162e+00
4.487000e-05	-5.560047e-02	2.949899e+00
4.488000e-05	-2.673865e-02	3.233603e+00
4.489000e-05	-4.068874e-02	3.518399e+00
4.490000e-05	-3.726109e-02	3.799900e+00
4.491000e-05	-8.826236e-02	3.967921e+00
4.492000e-05	3.406704e-02	4.242081e+00
4.493000e-05	5.843054e-02	4.527793e+00
4.494000e-05	-9.878321e-02	4.768345e+00
4.495000e-05	1.651081e-01	5.012235e+00
4.496000e-05	-1.019549e-01	5.368883e+00
4.497000e-05	-9.900386e-04	5.612058e+00
4.498000e-05	2.360894e-03	5.897820e+00
4.499000e-05	-3.436769e-02	6.137901e+00
4.500000e-05	5.699646e-02	6.382583e+00
4.501000e-05	-6.828729e-02	6.696321e+00
4.502000e-05	3.023381e-02	6.956451e+00
4.503000e-05	-3.667242e-02	7.181057e+00
4.504000e-05	-7.550471e-04	7.484196e+00
4.505000e-05	-2.477588e-02	7.768379e+00
4.506000e-05	-3.534840e-02	8.054185e+00
4.507000e-05	3.755949e-02	8.306168e+00
4.508000e-05	-3.275841e-02	8.535246e+00
4.509000e-05	4.725983e-03	8.714765e+00
4.510000e-05	-3.803504e-02	8.967831e+00
4.511000e-05	-3.985894e-02	9.210055e+00
4.512000e-05	3.492666e-03	9.419982e+00
4.513000e-05	-2.387120e-02	9.711564e+00
4.514000e-05	-9.374864e-03	9.884091e+00
4.515000e-05	-4.020389e-02	1.009472e+01
4.516000e-05	2.664252e-03	1.029412e+01
4.517000e-05	-2.847477e-02	1.053525e+01
4.518000e-05	-2.817056e-02	1.072429e+01
4.519000e-05	-3.723953e-02	1.094625e+01
4.520000e-05	-3.114534e-02	1.113620e+01
4.521000e-05	-1.093060e-02	1.132630e+01
4.522000e-05	-3.617422e-02	1.153620e+01
4.523000e-05	-3.278461e-02	1.174680e+01
4.524000e-05	-4.497569e-02	1.192474e+01
4.525000e-05	-2.022233e-02	1.214374e+01
4.526000e-05	-3.130487e-02	1.226115e+01
4.527000e-05	-3.805694e-02	1.243211e+01
4.528000e-05	-4.750413e-02	1.262938e+01
4.529000e-05	-3.917786e-02	1.277642e+01
4.530000e-05	-3.304984e-02	1.294377e+01
4.531000e-05	-4.742936e-02	1.311206e+01
4.532000e-05	-5.116301e-02	1.324093e+01
4.533000e-05	-4.871456e-02	1.338675e+01
4.534000e-05	-3.616614e-02	1.351372e+01
4.535000e-05	-4.722150e-02	1.367991e+01
4.536000e-05	-5.916317e-02	1.379376e+01
4.537000e-05	-6.334132e-02	1.391162e+01
4.538000e-05	-5.425513e-02	1.398986e+01
4.539000e-05	-5.326688e-02	1.412485e+01
4.540000e-05	-6.366280e-02	1.429802e+01
4.541000e-05	-6.974353e-02	1.436643e+01
4.542000e-05	-6.410983e-02	1.451212e+01
4.543000e-05	-6.196340e-02	1.457680e+01
4.544000e-05	-6.872711e-02	1.468113e+01
4.545000e-05	-7.911771e-02	1.475624e+01
4.546000e-05	-7.761402e-02	1.480688e+01
4.547000e-05	-7.468892e-02	1.490959e+01
4.548000e-05	-7.891915e-02	1.493375e+01
4.549000e-05	-9.155070e-02	1.497633e+01
4.550000e-05	-9.692128e-02	1.505888e+01
4.551000e-05	-9.159466e-02	1.511106e+01
4.552000e-05	-9.066157e-02	1.514122e+01
4.553000e-05	-9.857571e-02	1.519523e+01
4.554000e-05	-1.070823e-01	1.522583e+01
4.555000e-05	-1.060633e-01	1.524796e+01
4.556000e-05	-1.075018e-01	1.523991e+01
4.557000e-05	-1.147415e-01	1.526951e+01
4.558000e-05	-1.271677e-01	1.525999e+01
4.559000e-05	-1.301701e-01	1.528956e+01
4.560000e-05	-1.295157e-01	1.527049e+01
4.561000e-05	-1.339546e-01	1.528891e+01
4.562000e-05	-1.471607e-01	1.525901e+01
4.563000e-05	-1.588012e-01	1.524693e+01
4.564000e-05	-1.640168e-01	1.518538e+01
4.565000e-05	-1.749089e-01	1.520283e+01
4.566000e-05	-1.925797e-01	1.515327e+01
4.567000e-05	-2.189940e-01	1.512111e+01
4.568000e-05	-2.393889e-01	1.507049e+01
4.569000e-05	-2.484878e-01	1.500633e+01
4.570000e-05	-2.500000e-01	1.494332e+01
4.571000e-05	-2.500000e-01	1.492006e+01
4.572000e-05	-2.500000e-01	1.481688e+01
4.573000e-05	-2.500000e-01	1.475578e+01
4.574000e-05	-2.500000e-01	1.469104e+01
4.575000e-05	-2.500000e-01	1.461435e+01
4.576000e-05	-2.480202e-01	1.455109e+01
4.577000e-05	-2.222425e-01	1.443688e+01
4.578000e-05	-1.949103e-01	1.429206e+01
4.579000e-05	-1.734107e-01	1.419478e+01
4.580000e-05	-1.610067e-01	1.409803e+01
4.581000e-05	-1.441622e-01	1.393267e+01
4.582000e-05	-1.277327e-01	1.381540e+01
4.583000e-05	-1.139569e-01	1.370014e+01
4.584000e-05	-1.102451e-01	1.357380e+01
4.585000e-05	-1.032699e-01	1.344833e+01
4.586000e-05	-9.415010e-02	1.331016e+01
4.587000e-05	-8.375696e-02	1.313415e+01
4.588000e-05	-8.205154e-02	1.301480e+01
4.589000e-05	-7.962179e-02	1.286853e+01
4.590000e-05	-7.547145e-02	1.271106e+01
4.591000e-05	-6.590829e-02	1.255365e+01
4.592000e-05	-6.332289e-02	1.238325e+01
4.593000e-05	-6.167273e-02	1.219535e+01
4.594000e-05	-6.013508e-02	1.206493e+01
4.595000e-05	-5.440414e-02	1.184751e+01
4.596000e-05	-5.295362e-02	1.163496e+01
4.597000e-05	-5.209970e-02	1.149694e+01
4.598000e-05	-5.238548e-02	1.125643e+01
4.599000e-05	-4.854895e-02	1.105753e+01
4.600000e-05	-4.402190e-02	1.085853e+01
4.601000e-05	-4.248826e-02	1.065853e+01
4.602000e-05	-4.288303e-02	1.045843e+01
4.603000e-05	-4.228094e-02	1.023895e+01
4.604000e-05	-3.795343e-02	1.003591e+01
4.605000e-05	-3.696885e-02	9.803249e+00
4.606000e-05	-3.772194e-02	9.593794e+00
4.607000e-05	-3.736065e-02	9.373219e+00
4.608000e-05	-3.506681e-02	9.122167e+00
4.609000e-05	-3.247752e-02	8.841038e+00
4.610000e-05	-3.286864e-02	8.658553e+00
4.611000e-05	-3.314096e-02	8.428502e+00
4.612000e-05	-3.035737e-02	8.234400e+00
4.613000e-05	-2.798888e-02	7.932745e+00
4.614000e-05	-2.761018e-02	7.760586e+00
4.615000e-05	-2.925185e-02	7.456000e+00
4.616000e-05	-2.845731e-02	7.174774e+00
4.617000e-05	-2.626147e-02	6.952691e+00
4.618000e-05	-2.427953e-02	6.679554e+00
4.619000e-05	-2.612975e-02	6.385428e+00
4.620000e-05	-2.560360e-02	6.182715e+00
4.621000e-05	-2.437673e-02	5.951083e+00
4.622000e-05	-2.037315e-02	5.617428e+00
4.623000e-05	-2.171188e-02	5.362795e+00
4.624000e-05	-2.215161e-02	5.044976e+00
4.625000e-05	-2.178443e-02	4.710693e+00
4.626000e-05	-1.927126e-02	4.480557e+00
4.627000e-05	-2.026865e-02	4.235817e+00
4.628000e-05	-1.992476e-02	3.911165e+00
4.629000e-05	-2.028782e-02	3.669505e+00
4.630000e-05	-1.836307e-02	3.415420e+00
4.631000e-05	-1.621910e-02	3.111661e+00
4.632000e-05	-1.631736e-02	2.840004e+00
4.633000e-05	-1.760444e-02	2.552762e+00
4.634000e-05	-1.615015e-02	2.259004e+00
4.635000e-05	-1.387745e-02	2.005892e+00
4.636000e-05	-1.390475e-02	1.691177e+00
4.637000e-05	-1.376052e-02	1.437074e+00
4.638000e-05	-1.442732e-02	1.129758e+00
4.639000e-05	-1.237026e-02	7.658949e-01
4.640000e-05	-1.137220e-02	5.517333e-01
4.641000e-05	-1.079536e-02	2.780765e-01
4.642000e-05	-8.337107e-03	-1.573278e-02
4.643000e-05	2.091526e-03	-3.288432e-01
4.644000e-05	2.267217e-03	-5.835811e-01
4.645000e-05	-6.580372e-04	-8.557392e-01
4.646000e-05	3.183809e-04	-1.098746e+00
4.647000e-05	-8.207678e-04	-1.425610e+00
4.648000e-05	1.176033e-03	-1.666213e+00
4.649000e-05	1.532766e-02	-1.907243e+00
4.650000e-05	7.649702e-02	-2.109394e+00
4.651000e-05	1.072238e-01	-2.477216e+00
4.652000e-05	-5.362147e-02	-2.858665e+00
4.653000e-05	-1.671174e-04	-3.213159e+00
4.654000e-05	-4.692009e-02	-3.455236e+00
4.655000e-05	-4.173573e-02	-3.643662e+00
4.656000e-05	-8.817837e-02	-3.918313e+00
4.657000e-05	1.699337e-01	-4.064213e+00
4.658000e-05	-1.087404e-01	-4.340397e+00
4.659000e-05	6.904082e-02	-4.684116e+00
4.660000e-05	1.005138e-01	-4.875637e+00
4.661000e-05	-1.420132e-01	-5.214139e+00
4.662000e-05	1.568381e-01	-5.486916e+00
4.663000e-05	-1.604906e-01	-5.773059e+00
4.664000e-05	1.033103e-01	-6.011136e+00
4.665000e-05	3.314666e-02	-6.284669e+00
4.666000e-05	-3.681659e-02	-6.590561e+00
4.667000e-05	1.253542e-01	-6.831560e+00
4.668000e-05	-1.174049e-01	-7.118423e+00
4.669000e-05	1.136561e-01	-7.410456e+00
4.670000e-05	-6.195980e-02	-7.643114e+00
4.671000e-05	4.655100e-02	-7.940951e+00
4.672000e-05	5.942119e-02	-8.178801e+00
4.673000e-05	-4.720945e-02	-8.432613e+00
4.674000e-05	1.282798e-01	-8.643212e+00
4.675000e-05	-9.200988e-02	-8.896670e+00
4.676000e-05	8.454971e-02	-9.096367e+00
4.677000e-05	-3.723726e-02	-9.366749e+00
4.678000e-05	6.660634e-02	-9.571432e+00
4.679000e-05	3.438746e-02	-9.801958e+00
4.680000e-05	5.322043e-03	-1.001061e+01
4.681000e-05	6.527976e-02	-1.020296e+01
4.682000e-05	-3.235830e-02	-1.045512e+01
4.683000e-05	8.863851e-02	-1.065359e+01
4.684000e-05	-3.267914e-02	-1.083261e+01
4.685000e-05	7.750481e-02	-1.103199e+01
4.686000e-05	-7.245119e-03	-1.123361e+01
4.687000e-05	6.646751e-02	-1.145462e+01
4.688000e-05	1.633978e-02	-1.166316e+01
4.689000e-05	3.449887e-02	-1.186556e+01
4.690000e-05	3.532014e-02	-1.207269e+01
4.691000e-05	3.125157e-02	-1.225254e+01
4.692000e-05	5.863913e-02	-1.236094e+01
4.693000e-05	1.632236e-02	-1.261093e+01
4.694000e-05	5.492674e-02	-1.271672e+01
4.695000e-05	2.079005e-02	-1.291574e+01
4.696000e-05	6.526167e-02	-1.304001e+01
4.697000e-05	2.686421e-02	-1.319948e+01
4.698000e-05	6.149914e-02	-1.336425e+01
4.699000e-05	3.683861e-02	-1.348250e+01
4.700000e-05	6.141145e-02	-1.361103e+01
4.701000e-05	4.384603e-02	-1.372783e+01
4.702000e-05	5.045357e-02	-1.388462e+01
4.703000e-05	4.758418e-02	-1.399991e+01
4.704000e-05	5.826496e-02	-1.417515e+01
4.705000e-05	6.378873e-02	-1.424246e+01
4.706000e-05	5.859512e-02	-1.433528e+01
4.707000e-05	6.265967e-02	-1.443009e+01
4.708000e-05	6.032362e-02	-1.455532e+01
4.709000e-05	7.430558e-02	-1.467951e+01
4.710000e-05	6.581458e-02	-1.472472e+01
4.711000e-05	7.391291e-02	-1.479744e+01
4.712000e-05	6.954913e-02	-1.491266e+01
4.713000e-05	8.221025e-02	-1.492625e+01
4.714000e-05	7.737802e-02	-1.500743e+01
4.715000e-05	8.071807e-02	-1.502994e+01
4.716000e-05	8.076240e-02	-1.512354e+01
4.717000e-05	9.241564e-02	-1.511573e+01
4.718000e-05	9.704785e-02	-1.523735e+01
4.719000e-05	9.483803e-02	-1.523843e+01
4.720000e-05	9.744597e-02	-1.526209e+01
4.721000e-05	9.705449e-02	-1.525909e+01
4.722000e-05	1.103323e-01	-1.530367e+01
4.723000e-05	1.074374e-01	-1.531272e+01
4.724000e-05	1.174275e-01	-1.532324e+01
4.725000e-05	1.215149e-01	-1.531422e+01
4.726000e-05	1.324790e-01	-1.529469e+01
4.727000e-05	1.371803e-01	-1.530372e+01
4.728000e-05	1.367141e-01	-1.532419e+01
4.729000e-05	1.453614e-01	-1.528109e+01
4.730000e-05	1.563538e-01	-1.523051e+01
4.731000e-05	1.743093e-01	-1.517843e+01
4.732000e-05	1.909630e-01	-1.515625e+01
4.733000e-05	2.111571e-01	-1.514422e+01
4.734000e-05	2.373327e-01	-1.509254e+01
4.735000e-05	2.488986e-01	-1.504941e+01
4.736000e-05	2.500000e-01	-1.499533e+01
4.737000e-05	2.500000e-01	-1.493412e+01
4.738000e-05	2.500000e-01	-1.481898e+01
4.739000e-05	2.500000e-01	-1.475533e+01
4.740000e-05	2.500000e-01	-1.466114e+01
4.741000e-05	2.497347e-01	-1.459933e+01
4.742000e-05	2.346959e-01	-1.452372e+01
4.743000e-05	2.081331e-01	-1.441840e+01
4.744000e-05	1.853521e-01	-1.431409e+01
4.745000e-05	1.632381e-01	-1.420681e+01
4.746000e-05	1.433945e-01	-1.410157e+01
4.747000e-05	1.273907e-01	-1.396485e+01
4.748000e-05	1.166447e-01	-1.385951e+01
4.749000e-05	1.056904e-01	-1.370357e+01
4.750000e-05	9.389769e-02	-1.359785e+01
4.751000e-05	8.650957e-02	-1.345738e+01
4.752000e-05	8.138693e-02	-1.328409e+01
4.753000e-05	7.762762e-02	-1.315572e+01
4.754000e-05	7.050924e-02	-1.300785e+01
4.755000e-05	6.431345e-02	-1.288051e+01
4.756000e-05	5.862036e-02	-1.273312e+01
4.757000e-05	5.637725e-02	-1.256482e+01
4.758000e-05	5.257909e-02	-1.236635e+01
4.759000e-05	4.677172e-02	-1.223791e+01
4.760000e-05	4.422608e-02	-1.203845e+01
4.761000e-05	4.323704e-02	-1.187786e+01
4.762000e-05	4.147554e-02	-1.167888e+01
4.763000e-05	3.720632e-02	-1.141643e+01
4.764000e-05	3.439576e-02	-1.122588e+01
4.765000e-05	3.371978e-02	-1.101590e+01
4.766000e-05	3.335438e-02	-1.079635e+01
4.767000e-05	3.081545e-02	-1.063850e+01
4.768000e-05	2.672803e-02	-1.040940e+01
4.769000e-05	2.508352e-02	-1.017592e+01
4.770000e-05	2.455254e-02	-9.985800e+00
4.771000e-05	2.452593e-02	-9.804847e+00
4.772000e-05	2.133058e-02	-9.574295e+00
4.773000e-05	2.046700e-02	-9.332214e+00
4.774000e-05	2.009901e-02	-9.082137e+00
4.775000e-05	2.053495e-02	-8.902685e+00
4.776000e-05	1.675128e-02	-8.638603e+00
4.777000e-05	1.444531e-02	-8.395900e+00
4.778000e-05	1.291956e-02	-8.186795e+00
4.779000e-05	1.408684e-02	-7.911666e+00
4.780000e-05	1.311038e-02	-7.668577e+00
4.781000e-05	1.161009e-02	-7.407875e+00
4.782000e-05	1.110929e-02	-7.092737e+00
4.783000e-05	1.045266e-02	-6.871509e+00
4.784000e-05	9.401320e-03	-6.648500e+00
4.785000e-05	6.520767e-03	-6.415851e+00
4.786000e-05	5.568256e-03	-6.092158e+00
4.787000e-05	4.726950e-03	-5.839027e+00
4.788000e-05	6.424210e-03	-5.564896e+00
4.789000e-05	4.007358e-03	-5.271558e+00
4.790000e-05	2.944519e-03	-4.997347e+00
4.791000e-05	1.969587e-03	-4.682034e+00
4.792000e-05	3.218645e-03	-4.409478e+00
4.793000e-05	2.035038e-03	-4.175894e+00
4.794000e-05	1.598759e-03	-3.913783e+00
4.795000e-05	-1.820053e-03	-3.587948e+00
4.796000e-05	-5.675203e-04	-3.354319e+00
4.797000e-05	-3.568651e-03	-3.121687e+00
4.798000e-05	-1.943682e-03	-2.756921e+00
4.799000e-05	-4.384288e-03	-2.504662e+00
4.800000e-05	-1.398140e-03	-2.260602e+00
4.801000e-05	-3.620403e-03	-1.923737e+00
4.802000e-05	-2.518632e-03	-1.701133e+00
4.803000e-05	-6.935450e-03	-1.387345e+00
4.804000e-05	-6.880703e-03	-1.060552e+00
4.805000e-05	-7.855508e-03	-8.068710e-01
4.806000e-05	-6.274590e-03	-4.730791e-01
4.807000e-05	-7.354774e-03	-1.990489e-01
4.808000e-05	-2.381894e-03	5.318808e-02
4.809000e-05	8.522870e-03	3.393748e-01
4.810000e-05	-1.841842e-03	5.810038e-01
4.811000e-05	5.180792e-03	8.141051e-01
4.812000e-05	-2.859236e-03	1.138351e+00
4.813000e-05	2.006769e-03	1.431080e+00
4.814000e-05	-3.663762e-03	1.748345e+00
4.815000e-05	1.276152e-02	1.978399e+00
4.816000e-05	4.318624e-02	2.181004e+00
4.817000e-05	1.108243e-01	2.447743e+00
4.818000e-05	-2.893719e-02	2.823635e+00
4.819000e-05	-3.523192e-02	3.128395e+00
4.820000e-05	-4.069804e-02	3.421554e+00
4.821000e-05	-2.434388e-02	3.694167e+00
4.822000e-05	-8.214810e-02	3.905289e+00
4.823000e-05	-3.475589e-02	4.095742e+00
4.824000e-05	1.061785e-01	4.392383e+00
4.825000e-05	-9.383424e-02	4.694242e+00
4.826000e-05	8.594392e-02	4.906671e+00
4.827000e-05	3.272650e-02	5.243792e+00
4.828000e-05	-1.008164e-01	5.496820e+00
4.829000e-05	5.722036e-02	5.790380e+00
4.830000e-05	-6.771474e-02	6.074714e+00
4.831000e-05	5.461779e-02	6.295220e+00
4.832000e-05	-2.682993e-02	6.600906e+00
4.833000e-05	-2.407266e-02	6.863639e+00
4.834000e-05	1.772793e-02	7.116269e+00
4.835000e-05	-4.819608e-02	7.429433e+00
4.836000e-05	2.291488e-02	7.603667e+00
4.837000e-05	-7.264781e-02	7.956276e+00
4.838000e-05	3.427114e-02	8.189511e+00
4.839000e-05	-8.439605e-03	8.430079e+00
4.840000e-05	-1.960010e-02	8.641007e+00
4.841000e-05	3.003783e-04	8.853164e+00
4.842000e-05	-6.880751e-02	9.085242e+00
4.843000e-05	1.432208e-02	9.377722e+00
4.844000e-05	-3.268285e-02	9.537378e+00
4.845000e-05	5.258237e-03	9.798828e+00
4.846000e-05	-4.613332e-02	1.002900e+01
4.847000e-05	-4.764479e-03	1.023151e+01
4.848000e-05	-1.558051e-02	1.040101e+01
4.849000e-05	-3.291277e-02	1.064151e+01
4.850000e-05	-2.694618e-02	1.084163e+01
4.851000e-05	-4.435604e-02	1.104001e+01
4.852000e-05	-6.605865e-03	1.126022e+01
4.853000e-05	-3.488810e-02	1.146244e+01
4.854000e-05	-2.566561e-02	1.165366e+01
4.855000e-05	-5.047162e-02	1.186206e+01
4.856000e-05	-2.342470e-02	1.207004e+01
4.857000e-05	-2.910605e-02	1.223943e+01
4.858000e-05	-3.298631e-02	1.237848e+01
4.859000e-05	-4.592200e-02	1.257633e+01
4.860000e-05	-4.444551e-02	1.271416e+01
4.861000e-05	-3.107024e-02	1.290207e+01
4.862000e-05	-4.460829e-02	1.303835e+01
4.863000e-05	-4.634326e-02	1.318638e+01
4.864000e-05	-5.545583e-02	1.328372e+01
4.865000e-05	-3.546367e-02	1.345101e+01
4.866000e-05	-4.572393e-02	1.360631e+01
4.867000e-05	-5.154307e-02	1.371367e+01
4.868000e-05	-6.503196e-02	1.386941e+01
4.869000e-05	-5.562175e-02	1.397678e+01
4.870000e-05	-5.336874e-02	1.412322e+01
4.871000e-05	-5.938109e-02	1.422691e+01
4.872000e-05	-6.802748e-02	1.438578e+01
4.873000e-05	-6.874971e-02	1.446046e+01
4.874000e-05	-5.991750e-02	1.453477e+01
4.875000e-05	-6.697398e-02	1.459903e+01
4.876000e-05	-7.307598e-02	1.474517e+01
4.877000e-05	-8.096753e-02	1.478733e+01
4.878000e-05	-7.371849e-02	1.487003e+01
4.879000e-05	-7.657513e-02	1.487172e+01
4.880000e-05	-8.483333e-02	1.497475e+01
4.881000e-05	-9.670224e-02	1.501788e+01
4.882000e-05	-9.347342e-02	1.507999e+01
4.883000e-05	-8.984233e-02	1.511212e+01
4.884000e-05	-9.519537e-02	1.513380e+01
4.885000e-05	-1.036494e-01	1.520586e+01
4.886000e-05	-1.089911e-01	1.520638e+01
4.887000e-05	-1.063483e-01	1.523744e+01
4.888000e-05	-1.116033e-01	1.521894e+01
4.889000e-05	-1.217952e-01	1.528002e+01
4.890000e-05	-1.293701e-01	1.529902e+01
4.891000e-05	-1.289392e-01	1.529047e+01
4.892000e-05	-1.297422e-01	1.523791e+01
4.893000e-05	-1.412755e-01	1.525899e+01
4.894000e-05	-1.550777e-01	1.526943e+01
4.895000e-05	-1.633298e-01	1.522491e+01
4.896000e-05	-1.688810e-01	1.519523e+01
4.897000e-05	-1.850931e-01	1.516370e+01
4.898000e-05	-2.079266e-01	1.514260e+01
4.899000e-05	-2.310441e-01	1.509059e+01
4.900000e-05	-2.463242e-01	1.506686e+01
4.901000e-05	-2.500000e-01	1.499532e+01
4.902000e-05	-2.500000e-01	1.495114e+01
4.903000e-05	-2.500000e-01	1.488904e+01
4.904000e-05	-2.500000e-01	1.475340e+01
4.905000e-05	-2.500000e-01	1.471312e+01
4.906000e-05	-2.500000e-01	1.463691e+01
4.907000e-05	-2.499700e-01	1.452272e+01
4.908000e-05	-2.338999e-01	1.449846e+01
4.909000e-05	-2.043697e-01	1.434170e+01
4.910000e-05	-1.816510e-01	1.425694e+01
4.911000e-05	-1.665816e-01	1.413172e+01
4.912000e-05	-1.501645e-01	1.402433e+01
4.913000e-05	-1.332709e-01	1.389799e+01
4.914000e-05	-1.198726e-01	1.375369e+01
4.915000e-05	-1.129788e-01	1.363683e+01
4.916000e-05	-1.068086e-01	1.350106e+01
4.917000e-05	-9.795578e-02	1.335322e+01
4.918000e-05	-8.739909e-02	1.321688e+01
4.919000e-05	-8.308242e-02	1.307794e+01
4.920000e-05	-8.023495e-02	1.293214e+01
4.921000e-05	-7.638970e-02	1.278267e+01
4.922000e-05	-6.954305e-02	1.264588e+01
4.923000e-05	-6.599708e-02	1.247746e+01
4.924000e-05	-6.243994e-02	1.231097e+01
4.925000e-05	-6.171262e-02	1.211261e+01
4.926000e-05	-5.581984e-02	1.199069e+01
4.927000e-05	-5.301276e-02	1.175119e+01
4.928000e-05	-5.199426e-02	1.156122e+01
4.929000e-05	-5.282842e-02	1.131219e+01
4.930000e-05	-5.009428e-02	1.114162e+01
4.931000e-05	-4.622608e-02	1.095320e+01
4.932000e-05	-4.341597e-02	1.076227e+01
4.933000e-05	-4.345250e-02	1.053022e+01
4.934000e-05	-4.247427e-02	1.033117e+01
4.935000e-05	-3.916765e-02	1.011261e+01
4.936000e-05	-3.765919e-02	9.879083e+00
4.937000e-05	-3.815495e-02	9.686528e+00
4.938000e-05	-3.711505e-02	9.466453e+00
4.939000e-05	-3.539963e-02	9.216975e+00
4.940000e-05	-3.160241e-02	8.995771e+00
4.941000e-05	-3.365813e-02	8.763219e+00
4.942000e-05	-3.375966e-02	8.532215e+00
4.943000e-05	-3.176621e-02	8.320063e+00
4.944000e-05	-2.843882e-02	8.039007e+00
4.945000e-05	-2.849352e-02	7.816349e+00
4.946000e-05	-2.889024e-02	7.543192e+00
4.947000e-05	-2.775267e-02	7.259105e+00
4.948000e-05	-2.654009e-02	7.037952e+00
4.949000e-05	-2.445659e-02	6.783270e+00
4.950000e-05	-2.646545e-02	6.520138e+00
4.951000e-05	-2.642433e-02	6.230004e+00
4.952000e-05	-2.512946e-02	6.015475e+00
4.953000e-05	-2.083598e-02	5.762238e+00
4.954000e-05	-2.233581e-02	5.481133e+00
4.955000e-05	-2.300472e-02	5.171896e+00
4.956000e-05	-2.204158e-02	4.857480e+00
4.957000e-05	-2.015608e-02	4.573342e+00
4.958000e-05	-1.886034e-02	4.292761e+00
4.959000e-05	-2.036937e-02	4.037378e+00
4.960000e-05	-1.938156e-02	3.743837e+00
4.961000e-05	-1.886621e-02	3.510209e+00
4.962000e-05	-1.650183e-02	3.267446e+00
4.963000e-05	-1.752716e-02	2.954265e+00
4.964000e-05	-1.789586e-02	2.690179e+00
4.965000e-05	-1.631854e-02	2.374791e+00
4.966000e-05	-1.415414e-02	2.092232e+00
4.967000e-05	-1.415670e-02	1.847951e+00
4.968000e-05	-1.446963e-02	1.492208e+00
4.969000e-05	-1.491697e-02	1.239052e+00
4.970000e-05	-1.165659e-02	9.212093e-01
4.971000e-05	-1.205219e-02	6.389750e-01
4.972000e-05	-1.071952e-02	3.738135e-01
4.973000e-05	-1.033923e-02	7.100013e-02
4.974000e-05	-3.581751e-03	-2.030565e-01
4.975000e-05	7.508038e-03	-4.437104e-01
4.976000e-05	-4.384752e-03	-7.799249e-01
4.977000e-05	2.080227e-03	-9.625826e-01
4.978000e-05	-3.175411e-03	-1.257739e+00
4.979000e-05	4.958186e-03	-1.551528e+00
4.980000e-05	4.076810e-03	-1.792080e+00
4.981000e-05	4.150132e-02	-1.992051e+00
4.982000e-05	1.291349e-01	-2.319325e+00
4.983000e-05	-8.275655e-03	-2.690818e+00
4.984000e-05	-2.537887e-02	-3.109346e+00
4.985000e-05	-2.786108e-02	-3.350403e+00
4.986000e-05	-3.661411e-02	-3.571426e+00
4.987000e-05	-9.837708e-02	-3.822509e+00
4.988000e-05	7.926118e-02	-3.982051e+00
4.989000e-05	5.578456e-02	-4.201532e+00
4.990000e-05	-1.121801e-01	-4.579926e+00
4.991000e-05	1.988439e-01	-4.760926e+00
4.992000e-05	-1.453126e-01	-5.058291e+00
4.993000e-05	9.311238e-02	-5.443535e+00
4.994000e-05	-2.684359e-02	-5.636042e+00
4.995000e-05	-7.359948e-02	-5.939521e+00
4.996000e-05	1.645566e-01	-6.158427e+00
4.997000e-05	-1.080188e-01	-6.475743e+00
4.998000e-05	1.387014e-01	-6.757797e+00
4.999000e-05	-6.081683e-02	-7.010508e+00
