# 260604_11:23:25.239031
t	CH1	CH2
0.000000e+00	-1.046790e-02	5.932830e-01
1.000000e-08	-9.266479e-03	3.716514e-01
2.000000e-08	-9.002259e-03	1.263380e-01
3.000000e-08	-5.254212e-03	-2.182998e-01
4.000000e-08	6.959770e-03	-4.399989e-01
5.000000e-08	-4.478625e-03	-7.552683e-01
6.000000e-08	3.368815e-03	-1.015325e+00
7.000000e-08	-5.452588e-03	-1.299984e+00
8.000000e-08	2.155356e-03	-1.595819e+00
9.000000e-08	2.857982e-03	-1.818825e+00
1.000000e-07	4.263880e-02	-1.998480e+00
1.100000e-07	1.275608e-01	-2.342642e+00
1.200000e-07	-9.886689e-03	-2.720489e+00
1.300000e-07	-2.767068e-02	-3.111007e+00
1.400000e-07	-2.437449e-02	-3.386872e+00
1.500000e-07	-3.762807e-02	-3.596371e+00
1.600000e-07	-9.460783e-02	-3.847451e+00
1.700000e-07	7.194460e-02	-4.008924e+00
1.800000e-07	5.747663e-02	-4.257374e+00
1.900000e-07	-1.117540e-01	-4.562692e+00
2.000000e-07	2.145191e-01	-4.766946e+00
2.100000e-07	-1.502151e-01	-5.119034e+00
2.200000e-07	8.777227e-02	-5.469024e+00
2.300000e-07	-2.130728e-02	-5.689562e+00
2.400000e-07	-7.886005e-02	-5.983299e+00
2.500000e-07	1.667223e-01	-6.195771e+00
2.600000e-07	-1.173957e-01	-6.480115e+00
2.700000e-07	1.361400e-01	-6.775321e+00
2.800000e-07	-6.148895e-02	-7.076377e+00
2.900000e-07	1.175640e-02	-7.361166e+00
3.000000e-07	5.652877e-02	-7.574746e+00
3.100000e-07	-7.675477e-02	-7.907956e+00
3.200000e-07	1.422053e-01	-8.121712e+00
3.300000e-07	-8.801970e-02	-8.342742e+00
3.400000e-07	1.104960e-01	-8.604847e+00
3.500000e-07	-2.411460e-02	-8.878582e+00
3.600000e-07	-8.400984e-03	-9.109562e+00
3.700000e-07	5.099851e-02	-9.291085e+00
3.800000e-07	-3.615599e-02	-9.619790e+00
3.900000e-07	1.129771e-01	-9.744870e+00
4.000000e-07	-5.397183e-02	-9.944423e+00
4.100000e-07	9.775774e-02	-1.021550e+01
4.200000e-07	-4.367993e-02	-1.046698e+01
4.300000e-07	6.888920e-02	-1.066953e+01
4.400000e-07	-1.583189e-03	-1.083343e+01
4.500000e-07	2.752172e-02	-1.103703e+01
4.600000e-07	3.924460e-02	-1.126548e+01
4.700000e-07	9.757053e-03	-1.148951e+01
4.800000e-07	6.205162e-02	-1.169601e+01
4.900000e-07	-1.092171e-02	-1.188909e+01
5.000000e-07	6.152787e-02	-1.209958e+01
5.100000e-07	5.981631e-04	-1.226750e+01
5.200000e-07	7.166105e-02	-1.243595e+01
5.300000e-07	7.927596e-03	-1.261542e+01
5.400000e-07	4.973600e-02	-1.277332e+01
5.500000e-07	1.863051e-02	-1.293179e+01
5.600000e-07	4.826079e-02	-1.310913e+01
5.700000e-07	3.630392e-02	-1.321553e+01
5.800000e-07	4.066766e-02	-1.340390e+01
5.900000e-07	4.722542e-02	-1.353023e+01
6.000000e-07	4.040477e-02	-1.371865e+01
6.100000e-07	5.420584e-02	-1.382537e+01
6.200000e-07	3.249868e-02	-1.395322e+01
6.300000e-07	5.103116e-02	-1.407760e+01
6.400000e-07	4.088594e-02	-1.422500e+01
6.500000e-07	6.425201e-02	-1.433073e+01
6.600000e-07	4.889806e-02	-1.441540e+01
6.700000e-07	6.001521e-02	-1.451226e+01
6.800000e-07	5.093613e-02	-1.461750e+01
6.900000e-07	6.633531e-02	-1.470021e+01
7.000000e-07	6.159791e-02	-1.483455e+01
7.100000e-07	6.576315e-02	-1.489058e+01
7.200000e-07	6.503001e-02	-1.498292e+01
7.300000e-07	7.186238e-02	-1.502720e+01
7.400000e-07	7.509735e-02	-1.509016e+01
7.500000e-07	7.227140e-02	-1.515232e+01
7.600000e-07	7.783204e-02	-1.521297e+01
7.700000e-07	8.019426e-02	-1.528705e+01
7.800000e-07	9.350448e-02	-1.532826e+01
7.900000e-07	8.932636e-02	-1.533234e+01
8.000000e-07	9.526275e-02	-1.536434e+01
8.100000e-07	9.288879e-02	-1.541537e+01
8.200000e-07	1.038330e-01	-1.541707e+01
8.300000e-07	1.060190e-01	-1.542808e+01
8.400000e-07	1.141027e-01	-1.544917e+01
8.500000e-07	1.170370e-01	-1.544866e+01
8.600000e-07	1.281354e-01	-1.540665e+01
8.700000e-07	1.351024e-01	-1.541856e+01
8.800000e-07	1.414958e-01	-1.542810e+01
8.900000e-07	1.479261e-01	-1.538554e+01
9.000000e-07	1.619205e-01	-1.538655e+01
9.100000e-07	1.813425e-01	-1.534439e+01
9.200000e-07	2.043879e-01	-1.531126e+01
9.300000e-07	2.299800e-01	-1.532968e+01
9.400000e-07	2.483220e-01	-1.521765e+01
9.500000e-07	2.499992e-01	-1.516642e+01
9.600000e-07	2.500000e-01	-1.513231e+01
9.700000e-07	2.500000e-01	-1.501020e+01
9.800000e-07	2.500000e-01	-1.500600e+01
9.900000e-07	2.500000e-01	-1.491326e+01
1.000000e-06	2.500000e-01	-1.485915e+01
1.010000e-06	2.442611e-01	-1.477592e+01
1.020000e-06	2.103715e-01	-1.466076e+01
1.030000e-06	1.809601e-01	-1.460800e+01
1.040000e-06	1.588513e-01	-1.453363e+01
1.050000e-06	1.405465e-01	-1.437700e+01
1.060000e-06	1.226979e-01	-1.423121e+01
1.070000e-06	1.083018e-01	-1.417504e+01
1.080000e-06	9.756104e-02	-1.400755e+01
1.090000e-06	8.770305e-02	-1.391278e+01
1.100000e-06	7.979656e-02	-1.372494e+01
1.110000e-06	7.096215e-02	-1.363060e+01
1.120000e-06	6.668392e-02	-1.346973e+01
1.130000e-06	6.208240e-02	-1.332591e+01
1.140000e-06	5.832291e-02	-1.316712e+01
1.150000e-06	5.211873e-02	-1.305018e+01
1.160000e-06	4.826702e-02	-1.292380e+01
1.170000e-06	4.601648e-02	-1.269492e+01
1.180000e-06	4.323761e-02	-1.257704e+01
1.190000e-06	3.844489e-02	-1.241710e+01
1.200000e-06	3.584331e-02	-1.222810e+01
1.210000e-06	3.446678e-02	-1.201015e+01
1.220000e-06	3.294085e-02	-1.181965e+01
1.230000e-06	2.949536e-02	-1.161968e+01
1.240000e-06	2.740700e-02	-1.138907e+01
1.250000e-06	2.748361e-02	-1.119710e+01
1.260000e-06	2.712431e-02	-1.096759e+01
1.270000e-06	2.478273e-02	-1.078912e+01
1.280000e-06	2.209518e-02	-1.059857e+01
1.290000e-06	1.942564e-02	-1.038849e+01
1.300000e-06	1.991160e-02	-1.013742e+01
1.310000e-06	1.931391e-02	-9.924965e+00
1.320000e-06	1.744127e-02	-9.716493e+00
1.330000e-06	1.481951e-02	-9.454860e+00
1.340000e-06	1.574666e-02	-9.292307e+00
1.350000e-06	1.408689e-02	-9.013728e+00
1.360000e-06	1.330992e-02	-8.830628e+00
1.370000e-06	1.079599e-02	-8.537572e+00
1.380000e-06	1.098871e-02	-8.296913e+00
1.390000e-06	1.050019e-02	-8.093459e+00
1.400000e-06	9.682499e-03	-7.825753e+00
1.410000e-06	8.473212e-03	-7.528517e+00
1.420000e-06	6.178147e-03	-7.285864e+00
1.430000e-06	6.251668e-03	-7.023707e+00
1.440000e-06	6.340377e-03	-6.788397e+00
1.450000e-06	4.763692e-03	-6.517992e+00
1.460000e-06	3.686290e-03	-6.283806e+00
1.470000e-06	4.776267e-03	-5.990125e+00
1.480000e-06	2.909899e-03	-5.738991e+00
1.490000e-06	3.101975e-03	-5.453855e+00
1.500000e-06	-1.233991e-04	-5.140492e+00
1.510000e-06	2.377739e-04	-4.795281e+00
1.520000e-06	-4.662296e-04	-4.537994e+00
1.530000e-06	8.480792e-04	-4.317388e+00
1.540000e-06	-8.151812e-04	-4.081785e+00
1.550000e-06	-7.250081e-04	-3.781019e+00
1.560000e-06	-7.762472e-04	-3.487813e+00
1.570000e-06	-2.740519e-03	-3.215153e+00
1.580000e-06	-1.701529e-03	-2.958890e+00
1.590000e-06	-6.763688e-03	-2.624279e+00
1.600000e-06	-4.675388e-03	-2.410623e+00
1.610000e-06	-6.534875e-03	-2.086336e+00
1.620000e-06	-4.668592e-03	-1.843227e+00
1.630000e-06	-5.774027e-03	-1.497446e+00
1.640000e-06	-4.792991e-03	-1.171597e+00
1.650000e-06	-5.525153e-03	-8.979406e-01
1.660000e-06	-5.541242e-03	-6.247792e-01
1.670000e-06	-6.957376e-03	-3.194633e-01
1.680000e-06	-6.812225e-03	-6.578177e-02
1.690000e-06	4.078251e-03	2.368511e-01
1.700000e-06	1.848331e-03	4.731381e-01
1.710000e-06	-1.014032e-04	7.131921e-01
1.720000e-06	1.616534e-03	1.055932e+00
1.730000e-06	-3.495217e-04	1.313167e+00
1.740000e-06	1.619153e-03	1.624481e+00
1.750000e-06	3.990753e-03	1.910013e+00
1.760000e-06	2.775658e-02	2.101635e+00
1.770000e-06	9.817074e-02	2.384249e+00
1.780000e-06	3.239619e-02	2.733642e+00
1.790000e-06	-5.866418e-02	3.048954e+00
1.800000e-06	-2.942906e-02	3.331093e+00
1.810000e-06	-3.568908e-02	3.596424e+00
1.820000e-06	-5.048695e-02	3.858506e+00
1.830000e-06	-7.525527e-02	3.997928e+00
1.840000e-06	8.167620e-02	4.271563e+00
1.850000e-06	-4.100559e-03	4.617326e+00
1.860000e-06	-3.977564e-02	4.828003e+00
1.870000e-06	1.500682e-01	5.102769e+00
1.880000e-06	-1.426271e-01	5.500105e+00
1.890000e-06	5.231924e-02	5.743141e+00
1.900000e-06	-4.321345e-02	6.016455e+00
1.910000e-06	6.739314e-03	6.266877e+00
1.920000e-06	3.337074e-02	6.522318e+00
1.930000e-06	-6.665656e-02	6.806499e+00
1.940000e-06	4.601087e-02	7.059529e+00
1.950000e-06	-5.494102e-02	7.331740e+00
1.960000e-06	2.848101e-02	7.586977e+00
1.970000e-06	-5.550989e-02	7.910063e+00
1.980000e-06	1.739303e-04	8.193372e+00
1.990000e-06	2.305250e-02	8.395373e+00
2.000000e-06	-3.605913e-02	8.616400e+00
2.010000e-06	1.601710e-02	8.825952e+00
2.020000e-06	-5.829081e-02	9.120160e+00
2.030000e-06	-8.914811e-03	9.321589e+00
2.040000e-06	-9.554325e-03	9.532167e+00
2.050000e-06	-3.829272e-03	9.793371e+00
2.060000e-06	-2.308360e-02	1.001640e+01
2.070000e-06	-2.545162e-02	1.020641e+01
2.080000e-06	6.463490e-04	1.041551e+01
2.090000e-06	-3.153358e-02	1.067805e+01
2.100000e-06	-2.098854e-02	1.083648e+01
2.110000e-06	-4.075435e-02	1.105798e+01
2.120000e-06	-1.454149e-02	1.129906e+01
2.130000e-06	-1.742099e-02	1.148961e+01
2.140000e-06	-2.769118e-02	1.175003e+01
2.150000e-06	-3.712647e-02	1.190911e+01
2.160000e-06	-3.288399e-02	1.202558e+01
2.170000e-06	-1.653323e-02	1.227608e+01
2.180000e-06	-2.578152e-02	1.241397e+01
2.190000e-06	-3.586921e-02	1.257437e+01
2.200000e-06	-4.382467e-02	1.275134e+01
2.210000e-06	-3.304848e-02	1.288971e+01
2.220000e-06	-3.458714e-02	1.306718e+01
2.230000e-06	-4.378497e-02	1.323695e+01
2.240000e-06	-4.764727e-02	1.336339e+01
2.250000e-06	-3.616505e-02	1.352021e+01
2.260000e-06	-3.220017e-02	1.367650e+01
2.270000e-06	-4.144824e-02	1.378347e+01
2.280000e-06	-5.703987e-02	1.396021e+01
2.290000e-06	-5.485431e-02	1.411455e+01
2.300000e-06	-5.074580e-02	1.419495e+01
2.310000e-06	-5.056990e-02	1.438926e+01
2.320000e-06	-6.158993e-02	1.440453e+01
2.330000e-06	-6.427135e-02	1.450924e+01
2.340000e-06	-5.582757e-02	1.462557e+01
2.350000e-06	-5.633269e-02	1.471126e+01
2.360000e-06	-6.260837e-02	1.478497e+01
2.370000e-06	-7.405820e-02	1.488868e+01
2.380000e-06	-6.979052e-02	1.491327e+01
2.390000e-06	-7.155052e-02	1.500446e+01
2.400000e-06	-7.717823e-02	1.506815e+01
2.410000e-06	-8.999032e-02	1.511134e+01
2.420000e-06	-9.161954e-02	1.520449e+01
2.430000e-06	-8.532092e-02	1.521750e+01
2.440000e-06	-8.636924e-02	1.526813e+01
2.450000e-06	-9.515918e-02	1.530076e+01
2.460000e-06	-1.038540e-01	1.532189e+01
2.470000e-06	-1.020076e-01	1.538246e+01
2.480000e-06	-1.059255e-01	1.539352e+01
2.490000e-06	-1.166214e-01	1.540307e+01
2.500000e-06	-1.285294e-01	1.541550e+01
2.510000e-06	-1.314918e-01	1.542605e+01
2.520000e-06	-1.310854e-01	1.537502e+01
2.530000e-06	-1.384164e-01	1.539502e+01
2.540000e-06	-1.541201e-01	1.535297e+01
2.550000e-06	-1.660176e-01	1.535442e+01
2.560000e-06	-1.752644e-01	1.535394e+01
2.570000e-06	-1.919781e-01	1.530131e+01
2.580000e-06	-2.204248e-01	1.528923e+01
2.590000e-06	-2.475376e-01	1.525918e+01
2.600000e-06	-2.499885e-01	1.515499e+01
2.610000e-06	-2.500000e-01	1.512231e+01
2.620000e-06	-2.500000e-01	1.506921e+01
2.630000e-06	-2.500000e-01	1.501555e+01
2.640000e-06	-2.500000e-01	1.492586e+01
2.650000e-06	-2.500000e-01	1.485015e+01
2.660000e-06	-2.500000e-01	1.477452e+01
2.670000e-06	-2.411894e-01	1.469326e+01
2.680000e-06	-2.116896e-01	1.461762e+01
2.690000e-06	-1.807473e-01	1.451201e+01
2.700000e-06	-1.570323e-01	1.444955e+01
2.710000e-06	-1.405354e-01	1.430141e+01
2.720000e-06	-1.297533e-01	1.418555e+01
2.730000e-06	-1.144461e-01	1.407978e+01
2.740000e-06	-1.014941e-01	1.398387e+01
2.750000e-06	-9.273718e-02	1.380715e+01
2.760000e-06	-9.111726e-02	1.368870e+01
2.770000e-06	-8.426321e-02	1.351299e+01
2.780000e-06	-7.633529e-02	1.335612e+01
2.790000e-06	-6.761937e-02	1.326978e+01
2.800000e-06	-6.727996e-02	1.310088e+01
2.810000e-06	-6.452102e-02	1.290494e+01
2.820000e-06	-6.075097e-02	1.276547e+01
2.830000e-06	-5.342409e-02	1.258918e+01
2.840000e-06	-5.285423e-02	1.248070e+01
2.850000e-06	-5.302850e-02	1.227236e+01
2.860000e-06	-5.074606e-02	1.213539e+01
2.870000e-06	-4.473246e-02	1.194444e+01
2.880000e-06	-4.223398e-02	1.173289e+01
2.890000e-06	-4.431438e-02	1.151544e+01
2.900000e-06	-4.342624e-02	1.133342e+01
2.910000e-06	-4.084148e-02	1.109391e+01
2.920000e-06	-3.634938e-02	1.089541e+01
2.930000e-06	-3.748039e-02	1.071433e+01
2.940000e-06	-3.723203e-02	1.051436e+01
2.950000e-06	-3.544074e-02	1.026326e+01
2.960000e-06	-3.231467e-02	1.008335e+01
2.970000e-06	-3.166441e-02	9.780729e+00
2.980000e-06	-3.190575e-02	9.598695e+00
2.990000e-06	-3.226719e-02	9.369548e+00
3.000000e-06	-2.829153e-02	9.168013e+00
3.010000e-06	-2.697107e-02	8.934567e+00
3.020000e-06	-2.841392e-02	8.694813e+00
3.030000e-06	-2.971624e-02	8.461883e+00
3.040000e-06	-2.747445e-02	8.222230e+00
3.050000e-06	-2.501495e-02	7.999596e+00
3.060000e-06	-2.337867e-02	7.726993e+00
3.070000e-06	-2.594124e-02	7.451859e+00
3.080000e-06	-2.397692e-02	7.190171e+00
3.090000e-06	-2.269411e-02	6.917969e+00
3.100000e-06	-2.102056e-02	6.672861e+00
3.110000e-06	-2.391674e-02	6.401251e+00
3.120000e-06	-2.343099e-02	6.179569e+00
3.130000e-06	-2.182024e-02	5.866443e+00
3.140000e-06	-1.907501e-02	5.631854e+00
3.150000e-06	-1.813301e-02	5.340620e+00
3.160000e-06	-2.121237e-02	5.041853e+00
3.170000e-06	-2.019677e-02	4.728515e+00
3.180000e-06	-1.879231e-02	4.474883e+00
3.190000e-06	-1.617018e-02	4.181197e+00
3.200000e-06	-1.758776e-02	3.867411e+00
3.210000e-06	-1.742092e-02	3.675232e+00
3.220000e-06	-1.673358e-02	3.371095e+00
3.230000e-06	-1.433320e-02	3.067288e+00
3.240000e-06	-1.563448e-02	2.822651e+00
3.250000e-06	-1.651844e-02	2.519515e+00
3.260000e-06	-1.587047e-02	2.193225e+00
3.270000e-06	-1.356623e-02	1.922150e+00
3.280000e-06	-1.225327e-02	1.645989e+00
3.290000e-06	-1.446644e-02	1.330149e+00
3.300000e-06	-1.319376e-02	1.066836e+00
3.310000e-06	-1.259766e-02	7.190135e-01
3.320000e-06	-1.019822e-02	4.673080e-01
3.330000e-06	-1.001953e-02	2.037250e-01
3.340000e-06	-7.223348e-03	-8.258783e-02
3.350000e-06	4.706873e-03	-3.447208e-01
3.360000e-06	-4.741503e-04	-6.267276e-01
3.370000e-06	1.632106e-03	-8.936380e-01
3.380000e-06	-2.546629e-03	-1.114695e+00
3.390000e-06	3.525654e-05	-1.490488e+00
3.400000e-06	1.623285e-05	-1.723639e+00
3.410000e-06	2.410146e-02	-1.954717e+00
3.420000e-06	1.005026e-01	-2.203651e+00
3.430000e-06	6.673484e-02	-2.570542e+00
3.440000e-06	-6.072241e-02	-2.983171e+00
3.450000e-06	-5.931540e-04	-3.333060e+00
3.460000e-06	-5.064320e-02	-3.551163e+00
3.470000e-06	-5.925433e-02	-3.743213e+00
3.480000e-06	-4.320041e-02	-3.965395e+00
3.490000e-06	1.649835e-01	-4.132690e+00
3.500000e-06	-1.623068e-01	-4.437851e+00
3.510000e-06	1.564733e-01	-4.741141e+00
3.520000e-06	-1.050152e-03	-4.974220e+00
3.530000e-06	-6.748826e-02	-5.372145e+00
3.540000e-06	1.241144e-01	-5.594845e+00
3.550000e-06	-1.787162e-01	-5.890063e+00
3.560000e-06	1.716130e-01	-6.073711e+00
3.570000e-06	-4.985593e-02	-6.413795e+00
3.580000e-06	3.674049e-02	-6.680988e+00
3.590000e-06	6.425011e-02	-6.921617e+00
3.600000e-06	-9.517049e-02	-7.237481e+00
3.610000e-06	1.241070e-01	-7.469633e+00
3.620000e-06	-1.045736e-01	-7.802665e+00
3.630000e-06	1.105977e-01	-8.048006e+00
3.640000e-06	-1.256337e-02	-8.297905e+00
3.650000e-06	8.930543e-03	-8.532670e+00
3.660000e-06	8.629585e-02	-8.792392e+00
3.670000e-06	-8.876754e-02	-9.066927e+00
3.680000e-06	1.011133e-01	-9.237378e+00
3.690000e-06	-6.724679e-02	-9.477432e+00
3.700000e-06	1.081152e-01	-9.710611e+00
3.710000e-06	-2.049227e-02	-9.899158e+00
3.720000e-06	4.948224e-02	-1.013264e+01
3.730000e-06	1.962530e-02	-1.035081e+01
3.740000e-06	-2.386081e-04	-1.057484e+01
3.750000e-06	6.256158e-02	-1.076426e+01
3.760000e-06	-2.861619e-02	-1.098527e+01
3.770000e-06	7.794116e-02	-1.117279e+01
3.780000e-06	-2.040280e-02	-1.141337e+01
3.790000e-06	7.958280e-02	-1.163444e+01
3.800000e-06	-1.191047e-02	-1.181382e+01
3.810000e-06	5.524274e-02	-1.202692e+01
3.820000e-06	1.104481e-02	-1.217585e+01
3.830000e-06	5.059947e-02	-1.239445e+01
3.840000e-06	3.259102e-02	-1.254222e+01
3.850000e-06	2.677061e-02	-1.278124e+01
3.860000e-06	3.955989e-02	-1.288603e+01
3.870000e-06	2.575611e-02	-1.304752e+01
3.880000e-06	5.590715e-02	-1.316282e+01
3.890000e-06	2.491003e-02	-1.334267e+01
3.900000e-06	5.840512e-02	-1.346911e+01
3.910000e-06	3.028316e-02	-1.362493e+01
3.920000e-06	6.114695e-02	-1.378379e+01
3.930000e-06	3.162659e-02	-1.390111e+01
3.940000e-06	5.090699e-02	-1.403643e+01
3.950000e-06	3.869846e-02	-1.415184e+01
3.960000e-06	5.934051e-02	-1.426715e+01
3.970000e-06	5.241122e-02	-1.432335e+01
3.980000e-06	5.637032e-02	-1.447818e+01
3.990000e-06	5.477335e-02	-1.457587e+01
4.000000e-06	6.011336e-02	-1.470016e+01
4.010000e-06	6.660758e-02	-1.478579e+01
4.020000e-06	6.146125e-02	-1.487803e+01
4.030000e-06	6.847921e-02	-1.493234e+01
4.040000e-06	6.420880e-02	-1.498645e+01
4.050000e-06	7.700529e-02	-1.506918e+01
4.060000e-06	6.909953e-02	-1.515182e+01
4.070000e-06	7.902031e-02	-1.521294e+01
4.080000e-06	7.695787e-02	-1.523553e+01
4.090000e-06	9.037013e-02	-1.529908e+01
4.100000e-06	9.025531e-02	-1.536229e+01
4.110000e-06	9.378120e-02	-1.534534e+01
4.120000e-06	9.348465e-02	-1.538644e+01
4.130000e-06	9.889553e-02	-1.539595e+01
4.140000e-06	1.058891e-01	-1.543707e+01
4.150000e-06	1.095401e-01	-1.545703e+01
4.160000e-06	1.165267e-01	-1.548910e+01
4.170000e-06	1.232428e-01	-1.544910e+01
4.180000e-06	1.330326e-01	-1.543808e+01
4.190000e-06	1.386987e-01	-1.544762e+01
4.200000e-06	1.456070e-01	-1.544810e+01
4.210000e-06	1.567258e-01	-1.539557e+01
4.220000e-06	1.738512e-01	-1.538586e+01
4.230000e-06	1.962660e-01	-1.535281e+01
4.240000e-06	2.188832e-01	-1.530166e+01
4.250000e-06	2.450591e-01	-1.522753e+01
4.260000e-06	2.499782e-01	-1.517552e+01
4.270000e-06	2.500000e-01	-1.518386e+01
4.280000e-06	2.500000e-01	-1.510221e+01
4.290000e-06	2.500000e-01	-1.497760e+01
4.300000e-06	2.500000e-01	-1.496482e+01
4.310000e-06	2.500000e-01	-1.488024e+01
4.320000e-06	2.492000e-01	-1.478597e+01
4.330000e-06	2.246924e-01	-1.471426e+01
4.340000e-06	1.908375e-01	-1.462753e+01
4.350000e-06	1.652967e-01	-1.454436e+01
4.360000e-06	1.461906e-01	-1.441750e+01
4.370000e-06	1.281441e-01	-1.431224e+01
4.380000e-06	1.140504e-01	-1.415857e+01
4.390000e-06	1.022486e-01	-1.411018e+01
4.400000e-06	9.217544e-02	-1.396544e+01
4.410000e-06	8.252984e-02	-1.381907e+01
4.420000e-06	7.362273e-02	-1.365018e+01
4.430000e-06	6.801661e-02	-1.351386e+01
4.440000e-06	6.345207e-02	-1.339609e+01
4.450000e-06	5.893086e-02	-1.326020e+01
4.460000e-06	5.492125e-02	-1.311328e+01
4.470000e-06	5.065146e-02	-1.297541e+01
4.480000e-06	4.703992e-02	-1.276657e+01
4.490000e-06	4.380567e-02	-1.261970e+01
4.500000e-06	4.082688e-02	-1.244130e+01
4.510000e-06	3.792783e-02	-1.231176e+01
4.520000e-06	3.487953e-02	-1.213286e+01
4.530000e-06	3.382839e-02	-1.191346e+01
4.540000e-06	3.044566e-02	-1.172291e+01
4.550000e-06	2.823449e-02	-1.148228e+01
4.560000e-06	2.605207e-02	-1.120081e+01
4.570000e-06	2.553806e-02	-1.105178e+01
4.580000e-06	2.531078e-02	-1.083175e+01
4.590000e-06	2.395170e-02	-1.067481e+01
4.600000e-06	2.166315e-02	-1.045970e+01
4.610000e-06	2.008027e-02	-1.018126e+01
4.620000e-06	1.881107e-02	-1.000965e+01
4.630000e-06	1.761836e-02	-9.819572e+00
4.640000e-06	1.573069e-02	-9.607994e+00
4.650000e-06	1.524590e-02	-9.367020e+00
4.660000e-06	1.476996e-02	-9.125414e+00
4.670000e-06	1.432146e-02	-8.925911e+00
4.680000e-06	1.252356e-02	-8.663302e+00
4.690000e-06	1.103251e-02	-8.370173e+00
4.700000e-06	1.049265e-02	-8.179071e+00
4.710000e-06	9.846647e-03	-7.977488e+00
4.720000e-06	8.312262e-03	-7.692185e+00
4.730000e-06	5.881396e-03	-7.390070e+00
4.740000e-06	6.936959e-03	-7.138917e+00
4.750000e-06	5.369304e-03	-6.854384e+00
4.760000e-06	5.714517e-03	-6.590701e+00
4.770000e-06	3.010268e-03	-6.368519e+00
4.780000e-06	4.497269e-03	-6.105412e+00
4.790000e-06	3.352953e-03	-5.822728e+00
4.800000e-06	3.896976e-03	-5.548569e+00
4.810000e-06	1.481701e-03	-5.274858e+00
4.820000e-06	1.562149e-03	-4.950069e+00
4.830000e-06	5.885734e-05	-4.644759e+00
4.840000e-06	5.851956e-04	-4.391124e+00
4.850000e-06	-1.118910e-03	-4.139546e+00
4.860000e-06	-2.309954e-03	-3.867314e+00
4.870000e-06	-2.852542e-03	-3.570094e+00
4.880000e-06	-2.925065e-03	-3.318992e+00
4.890000e-06	-3.307987e-03	-3.035729e+00
4.900000e-06	-3.564279e-03	-2.739969e+00
4.910000e-06	-4.075423e-03	-2.496408e+00
4.920000e-06	-3.269194e-03	-2.202176e+00
4.930000e-06	-4.524693e-03	-1.918013e+00
4.940000e-06	-5.934575e-03	-1.635257e+00
4.950000e-06	-6.504722e-03	-1.330011e+00
4.960000e-06	-6.552678e-03	-1.011153e+00
4.970000e-06	-5.632034e-03	-7.484146e-01
4.980000e-06	-6.511092e-03	-4.132290e-01
4.990000e-06	-5.658927e-03	-1.294974e-01
5.000000e-06	-2.731551e-04	1.021156e-01
5.010000e-06	8.890718e-03	3.973738e-01
5.020000e-06	-2.040643e-03	6.600290e-01
5.030000e-06	4.429995e-03	9.021455e-01
5.040000e-06	-4.387985e-03	1.207454e+00
5.050000e-06	2.187732e-03	1.490112e+00
5.060000e-06	-2.373207e-03	1.777375e+00
5.070000e-06	1.891343e-02	1.997500e+00
5.080000e-06	6.735897e-02	2.269458e+00
5.090000e-06	9.246628e-02	2.583197e+00
5.100000e-06	-5.719918e-02	2.922142e+00
5.110000e-06	-2.576864e-02	3.185951e+00
5.120000e-06	-4.342289e-02	3.531663e+00
5.130000e-06	-2.986053e-02	3.753717e+00
5.140000e-06	-9.154818e-02	3.925269e+00
5.150000e-06	1.717548e-02	4.182751e+00
5.160000e-06	8.455730e-02	4.502009e+00
5.170000e-06	-1.142640e-01	4.754788e+00
5.180000e-06	1.637164e-01	5.066875e+00
5.190000e-06	-7.152756e-02	5.424769e+00
5.200000e-06	-2.763815e-02	5.637476e+00
5.210000e-06	2.377619e-02	5.951763e+00
5.220000e-06	-5.402798e-02	6.174746e+00
5.230000e-06	6.921290e-02	6.396429e+00
5.240000e-06	-6.346352e-02	6.713165e+00
5.250000e-06	1.888825e-02	6.992272e+00
5.260000e-06	-1.829864e-02	7.246960e+00
5.270000e-06	-1.282282e-02	7.529634e+00
5.280000e-06	-3.949141e-03	7.783350e+00
5.290000e-06	-5.211253e-02	8.068052e+00
5.300000e-06	4.598368e-02	8.323189e+00
5.310000e-06	-3.233584e-02	8.552194e+00
5.320000e-06	3.554716e-03	8.752242e+00
5.330000e-06	-2.283524e-02	9.054851e+00
5.340000e-06	-4.944127e-02	9.248025e+00
5.350000e-06	1.683521e-02	9.477479e+00
5.360000e-06	-2.682402e-02	9.671155e+00
5.370000e-06	3.389268e-03	9.939662e+00
5.380000e-06	-4.732011e-02	1.016374e+01
5.390000e-06	6.005224e-03	1.034181e+01
5.400000e-06	-2.518087e-02	1.059430e+01
5.410000e-06	-2.404044e-02	1.075532e+01
5.420000e-06	-2.846067e-02	1.094337e+01
5.430000e-06	-3.217250e-02	1.118592e+01
5.440000e-06	-2.734452e-03	1.143485e+01
5.450000e-06	-3.426167e-02	1.156340e+01
5.460000e-06	-2.411641e-02	1.181495e+01
5.470000e-06	-4.744459e-02	1.200587e+01
5.480000e-06	-1.479106e-02	1.219445e+01
5.490000e-06	-2.770339e-02	1.236174e+01
5.500000e-06	-2.954786e-02	1.257132e+01
5.510000e-06	-4.329763e-02	1.269869e+01
5.520000e-06	-3.680405e-02	1.283903e+01
5.530000e-06	-2.863924e-02	1.298400e+01
5.540000e-06	-4.111564e-02	1.318279e+01
5.550000e-06	-4.299344e-02	1.332021e+01
5.560000e-06	-4.654069e-02	1.345803e+01
5.570000e-06	-3.147456e-02	1.361592e+01
5.580000e-06	-4.333558e-02	1.372177e+01
5.590000e-06	-5.062188e-02	1.384911e+01
5.600000e-06	-5.817598e-02	1.397253e+01
5.610000e-06	-4.736518e-02	1.417077e+01
5.620000e-06	-4.675816e-02	1.429813e+01
5.630000e-06	-5.555717e-02	1.441252e+01
5.640000e-06	-6.411571e-02	1.447919e+01
5.650000e-06	-6.126452e-02	1.458442e+01
5.660000e-06	-5.631661e-02	1.468766e+01
5.670000e-06	-6.218422e-02	1.477347e+01
5.680000e-06	-7.103428e-02	1.483810e+01
5.690000e-06	-7.318413e-02	1.491126e+01
5.700000e-06	-6.835120e-02	1.495387e+01
5.710000e-06	-7.204092e-02	1.502758e+01
5.720000e-06	-8.473302e-02	1.512081e+01
5.730000e-06	-9.206298e-02	1.514489e+01
5.740000e-06	-8.770702e-02	1.520595e+01
5.750000e-06	-8.486724e-02	1.524858e+01
5.760000e-06	-9.382871e-02	1.530981e+01
5.770000e-06	-1.030139e-01	1.533081e+01
5.780000e-06	-1.041830e-01	1.533239e+01
5.790000e-06	-1.035630e-01	1.538499e+01
5.800000e-06	-1.109652e-01	1.539449e+01
5.810000e-06	-1.237811e-01	1.542502e+01
5.820000e-06	-1.287701e-01	1.538505e+01
5.830000e-06	-1.311023e-01	1.540557e+01
5.840000e-06	-1.346790e-01	1.539602e+01
5.850000e-06	-1.498714e-01	1.538455e+01
5.860000e-06	-1.660634e-01	1.537397e+01
5.870000e-06	-1.715529e-01	1.535254e+01
5.880000e-06	-1.860395e-01	1.535142e+01
5.890000e-06	-2.061886e-01	1.528083e+01
5.900000e-06	-2.390947e-01	1.527763e+01
5.910000e-06	-2.497569e-01	1.521550e+01
5.920000e-06	-2.500000e-01	1.513486e+01
5.930000e-06	-2.500000e-01	1.511281e+01
5.940000e-06	-2.500000e-01	1.501715e+01
5.950000e-06	-2.500000e-01	1.496599e+01
5.960000e-06	-2.500000e-01	1.488121e+01
5.970000e-06	-2.500000e-01	1.483710e+01
5.980000e-06	-2.458786e-01	1.473346e+01
5.990000e-06	-2.210933e-01	1.466863e+01
6.000000e-06	-1.897721e-01	1.455657e+01
6.010000e-06	-1.634587e-01	1.447176e+01
6.020000e-06	-1.460906e-01	1.435304e+01
6.030000e-06	-1.371603e-01	1.421878e+01
6.040000e-06	-1.222580e-01	1.409146e+01
6.050000e-06	-1.077503e-01	1.399562e+01
6.060000e-06	-9.459917e-02	1.382976e+01
6.070000e-06	-8.944480e-02	1.372449e+01
6.080000e-06	-8.434937e-02	1.359707e+01
6.090000e-06	-7.801440e-02	1.339873e+01
6.100000e-06	-6.977738e-02	1.330178e+01
6.110000e-06	-6.898942e-02	1.315549e+01
6.120000e-06	-6.727843e-02	1.298759e+01
6.130000e-06	-6.498707e-02	1.282978e+01
6.140000e-06	-5.571346e-02	1.265981e+01
6.150000e-06	-5.216057e-02	1.248449e+01
6.160000e-06	-5.064538e-02	1.234644e+01
6.170000e-06	-5.071327e-02	1.214702e+01
6.180000e-06	-4.589979e-02	1.201570e+01
6.190000e-06	-4.358993e-02	1.179957e+01
6.200000e-06	-4.398267e-02	1.161808e+01
6.210000e-06	-4.527538e-02	1.137820e+01
6.220000e-06	-4.130392e-02	1.113815e+01
6.230000e-06	-3.725222e-02	1.096855e+01
6.240000e-06	-3.539254e-02	1.078815e+01
6.250000e-06	-3.708824e-02	1.055710e+01
6.260000e-06	-3.624911e-02	1.037612e+01
6.270000e-06	-3.354465e-02	1.016697e+01
6.280000e-06	-3.162595e-02	9.926415e+00
6.290000e-06	-3.129541e-02	9.700858e+00
6.300000e-06	-3.239428e-02	9.463280e+00
6.310000e-06	-2.912011e-02	9.261802e+00
6.320000e-06	-2.684808e-02	8.991779e+00
6.330000e-06	-2.752864e-02	8.767623e+00
6.340000e-06	-2.902777e-02	8.528019e+00
6.350000e-06	-2.854128e-02	8.325489e+00
6.360000e-06	-2.604068e-02	8.074385e+00
6.370000e-06	-2.437147e-02	7.841226e+00
6.380000e-06	-2.477437e-02	7.559563e+00
6.390000e-06	-2.456503e-02	7.273407e+00
6.400000e-06	-2.271772e-02	7.011653e+00
6.410000e-06	-2.168625e-02	6.790571e+00
6.420000e-06	-2.259248e-02	6.505466e+00
6.430000e-06	-2.301759e-02	6.253829e+00
6.440000e-06	-2.193796e-02	6.011153e+00
6.450000e-06	-1.978454e-02	5.738537e+00
6.460000e-06	-1.954621e-02	5.442762e+00
6.470000e-06	-1.986437e-02	5.161219e+00
6.480000e-06	-2.009781e-02	4.802831e+00
6.490000e-06	-1.825106e-02	4.549149e+00
6.500000e-06	-1.757346e-02	4.297465e+00
6.510000e-06	-1.702720e-02	4.049326e+00
6.520000e-06	-1.862409e-02	3.747965e+00
6.530000e-06	-1.683999e-02	3.476382e+00
6.540000e-06	-1.541311e-02	3.170146e+00
6.550000e-06	-1.551228e-02	2.897911e+00
6.560000e-06	-1.641700e-02	2.665779e+00
6.570000e-06	-1.634702e-02	2.307993e+00
6.580000e-06	-1.356158e-02	2.046233e+00
6.590000e-06	-1.268561e-02	1.763199e+00
6.600000e-06	-1.354213e-02	1.496911e+00
6.610000e-06	-1.362460e-02	1.192170e+00
6.620000e-06	-1.251828e-02	8.252793e-01
6.630000e-06	-1.141445e-02	5.406025e-01
6.640000e-06	-1.080735e-02	2.889646e-01
6.650000e-06	-9.173722e-03	-1.732355e-02
6.660000e-06	-1.139316e-03	-2.784799e-01
6.670000e-06	4.960334e-03	-4.925417e-01
6.680000e-06	-3.099922e-03	-8.369223e-01
6.690000e-06	1.991119e-03	-1.080531e+00
6.700000e-06	-1.620879e-03	-1.414221e+00
6.710000e-06	2.078675e-03	-1.637928e+00
6.720000e-06	1.016970e-02	-1.888983e+00
6.730000e-06	6.350777e-02	-2.070987e+00
6.740000e-06	1.207885e-01	-2.426325e+00
6.750000e-06	-5.298366e-02	-2.846804e+00
6.760000e-06	-4.999555e-03	-3.226796e+00
6.770000e-06	-4.352707e-02	-3.478478e+00
6.780000e-06	-3.539326e-02	-3.619401e+00
6.790000e-06	-1.001255e-01	-3.922211e+00
6.800000e-06	1.496537e-01	-4.039608e+00
6.810000e-06	-5.836011e-02	-4.332088e+00
6.820000e-06	-2.052906e-03	-4.656947e+00
6.830000e-06	1.392474e-01	-4.857850e+00
6.840000e-06	-1.723531e-01	-5.204802e+00
6.850000e-06	1.616927e-01	-5.493187e+00
6.860000e-06	-1.305574e-01	-5.804693e+00
6.870000e-06	4.008326e-02	-6.039982e+00
6.880000e-06	8.746999e-02	-6.279059e+00
6.890000e-06	-8.408563e-02	-6.574251e+00
6.900000e-06	1.475023e-01	-6.838349e+00
6.910000e-06	-1.172171e-01	-7.151118e+00
6.920000e-06	9.371665e-02	-7.426876e+00
6.930000e-06	-2.925455e-02	-7.657328e+00
6.940000e-06	1.098069e-03	-7.982693e+00
6.950000e-06	9.635521e-02	-8.185271e+00
6.960000e-06	-7.901311e-02	-8.457426e+00
6.970000e-06	1.381753e-01	-8.708609e+00
6.980000e-06	-8.810904e-02	-8.910667e+00
6.990000e-06	6.267890e-02	-9.171843e+00
7.000000e-06	-1.288234e-02	-9.342771e+00
7.010000e-06	3.147639e-02	-9.646028e+00
7.020000e-06	6.362622e-02	-9.845426e+00
7.030000e-06	-2.744649e-02	-1.005745e+01
7.040000e-06	8.586256e-02	-1.027805e+01
7.050000e-06	-4.956261e-02	-1.053009e+01
7.060000e-06	9.144095e-02	-1.071014e+01
7.070000e-06	-3.628372e-02	-1.085911e+01
7.080000e-06	6.622985e-02	-1.110063e+01
7.090000e-06	9.677983e-04	-1.133964e+01
7.100000e-06	4.862112e-02	-1.151969e+01
7.110000e-06	2.779004e-02	-1.176221e+01
7.120000e-06	1.522040e-02	-1.195072e+01
7.130000e-06	4.489960e-02	-1.213221e+01
7.140000e-06	1.627663e-02	-1.232866e+01
7.150000e-06	6.365243e-02	-1.244858e+01
7.160000e-06	5.024833e-03	-1.268756e+01
7.170000e-06	5.360679e-02	-1.280495e+01
7.180000e-06	1.303172e-02	-1.298337e+01
7.190000e-06	6.073334e-02	-1.316121e+01
7.200000e-06	2.268412e-02	-1.329859e+01
7.210000e-06	5.302312e-02	-1.340807e+01
7.220000e-06	3.516373e-02	-1.356381e+01
7.230000e-06	5.358996e-02	-1.372268e+01
7.240000e-06	4.355140e-02	-1.383901e+01
7.250000e-06	4.113112e-02	-1.399547e+01
7.260000e-06	4.617625e-02	-1.409116e+01
7.270000e-06	4.919772e-02	-1.421613e+01
7.280000e-06	6.046789e-02	-1.429234e+01
7.290000e-06	4.908687e-02	-1.446708e+01
7.300000e-06	5.838611e-02	-1.454281e+01
7.310000e-06	5.280454e-02	-1.466610e+01
7.320000e-06	7.005687e-02	-1.474234e+01
7.330000e-06	5.969680e-02	-1.483802e+01
7.340000e-06	6.906530e-02	-1.488176e+01
7.350000e-06	6.382933e-02	-1.497384e+01
7.360000e-06	7.615231e-02	-1.505858e+01
7.370000e-06	7.042125e-02	-1.510074e+01
7.380000e-06	7.440320e-02	-1.517189e+01
7.390000e-06	7.540388e-02	-1.521552e+01
7.400000e-06	8.550130e-02	-1.528755e+01
7.410000e-06	9.331146e-02	-1.534019e+01
7.420000e-06	9.079337e-02	-1.536391e+01
7.430000e-06	9.623964e-02	-1.537529e+01
7.440000e-06	9.644680e-02	-1.540750e+01
7.450000e-06	1.062639e-01	-1.545708e+01
7.460000e-06	1.062450e-01	-1.546860e+01
7.470000e-06	1.132029e-01	-1.544805e+01
7.480000e-06	1.187974e-01	-1.545865e+01
7.490000e-06	1.308319e-01	-1.547008e+01
7.500000e-06	1.364998e-01	-1.541707e+01
7.510000e-06	1.433913e-01	-1.542855e+01
7.520000e-06	1.523030e-01	-1.542500e+01
7.530000e-06	1.681067e-01	-1.536636e+01
7.540000e-06	1.878283e-01	-1.536342e+01
7.550000e-06	2.101214e-01	-1.530118e+01
7.560000e-06	2.379173e-01	-1.531813e+01
7.570000e-06	2.497590e-01	-1.522705e+01
7.580000e-06	2.500000e-01	-1.517499e+01
7.590000e-06	2.500000e-01	-1.511224e+01
7.600000e-06	2.500000e-01	-1.502915e+01
7.610000e-06	2.500000e-01	-1.497604e+01
7.620000e-06	2.500000e-01	-1.489181e+01
7.630000e-06	2.499000e-01	-1.482802e+01
7.640000e-06	2.375893e-01	-1.473236e+01
7.650000e-06	2.014519e-01	-1.462065e+01
7.660000e-06	1.734957e-01	-1.455539e+01
7.670000e-06	1.527514e-01	-1.446118e+01
7.680000e-06	1.344638e-01	-1.434494e+01
7.690000e-06	1.167945e-01	-1.423865e+01
7.700000e-06	1.056690e-01	-1.413241e+01
7.710000e-06	9.627063e-02	-1.399802e+01
7.720000e-06	8.732220e-02	-1.385076e+01
7.730000e-06	7.707101e-02	-1.372131e+01
7.740000e-06	6.998209e-02	-1.358857e+01
7.750000e-06	6.586152e-02	-1.343965e+01
7.760000e-06	6.214308e-02	-1.328231e+01
7.770000e-06	5.520983e-02	-1.316544e+01
7.780000e-06	5.016483e-02	-1.297752e+01
7.790000e-06	4.656256e-02	-1.285873e+01
7.800000e-06	4.600161e-02	-1.265178e+01
7.810000e-06	4.257874e-02	-1.253544e+01
7.820000e-06	3.837435e-02	-1.235491e+01
7.830000e-06	3.604088e-02	-1.215502e+01
7.840000e-06	3.534193e-02	-1.195907e+01
7.850000e-06	3.324593e-02	-1.177757e+01
7.860000e-06	2.810563e-02	-1.154839e+01
7.870000e-06	2.595176e-02	-1.136544e+01
7.880000e-06	2.630524e-02	-1.115346e+01
7.890000e-06	2.667910e-02	-1.091489e+01
7.900000e-06	2.433860e-02	-1.072602e+01
7.910000e-06	2.186620e-02	-1.057595e+01
7.920000e-06	2.060050e-02	-1.028543e+01
7.930000e-06	2.045048e-02	-1.010390e+01
7.940000e-06	1.907971e-02	-9.854233e+00
7.950000e-06	1.565640e-02	-9.683833e+00
7.960000e-06	1.396129e-02	-9.444249e+00
7.970000e-06	1.468693e-02	-9.209624e+00
7.980000e-06	1.469862e-02	-8.980522e+00
7.990000e-06	1.256306e-02	-8.748019e+00
8.000000e-06	1.028893e-02	-8.486865e+00
8.010000e-06	1.049230e-02	-8.252783e+00
8.020000e-06	1.030412e-02	-8.041729e+00
8.030000e-06	9.958294e-03	-7.747600e+00
8.040000e-06	7.572045e-03	-7.484383e+00
8.050000e-06	7.757200e-03	-7.262230e+00
8.060000e-06	5.917708e-03	-6.930544e+00
8.070000e-06	5.710830e-03	-6.656387e+00
8.080000e-06	3.270590e-03	-6.425309e+00
8.090000e-06	3.423612e-03	-6.151650e+00
8.100000e-06	2.986163e-03	-5.897441e+00
8.110000e-06	3.595955e-03	-5.664833e+00
8.120000e-06	3.270344e-03	-5.391023e+00
8.130000e-06	6.629804e-04	-5.055337e+00
8.140000e-06	1.197726e-03	-4.761141e+00
8.150000e-06	8.524841e-04	-4.466309e+00
8.160000e-06	1.951386e-04	-4.265204e+00
8.170000e-06	-1.615184e-03	-3.948544e+00
8.180000e-06	-2.218379e-03	-3.685387e+00
8.190000e-06	-2.586046e-03	-3.432677e+00
8.200000e-06	-3.690686e-03	-3.150490e+00
8.210000e-06	-3.407801e-03	-2.834250e+00
8.220000e-06	-3.878794e-03	-2.564049e+00
8.230000e-06	-3.029117e-03	-2.297937e+00
8.240000e-06	-3.740493e-03	-1.974125e+00
8.250000e-06	-4.450496e-03	-1.718466e+00
8.260000e-06	-6.171385e-03	-1.435274e+00
8.270000e-06	-7.006686e-03	-1.087961e+00
8.280000e-06	-8.409121e-03	-8.037028e-01
8.290000e-06	-8.194292e-03	-5.409908e-01
8.300000e-06	-6.711469e-03	-2.252317e-01
8.310000e-06	-3.471881e-03	-3.101316e-03
8.320000e-06	8.617504e-03	3.237382e-01
8.330000e-06	-8.375733e-04	5.657697e-01
8.340000e-06	5.180612e-03	8.068249e-01
8.350000e-06	-1.436941e-03	1.112112e+00
8.360000e-06	1.366378e-03	1.387248e+00
8.370000e-06	-2.647060e-03	1.719616e+00
8.380000e-06	9.544836e-03	1.924192e+00
8.390000e-06	3.917585e-02	2.184822e+00
8.400000e-06	1.118923e-01	2.507960e+00
8.410000e-06	-1.689989e-02	2.837501e+00
8.420000e-06	-4.080475e-02	3.101088e+00
8.430000e-06	-3.594681e-02	3.383672e+00
8.440000e-06	-2.594627e-02	3.690007e+00
8.450000e-06	-7.301303e-02	3.911610e+00
8.460000e-06	-4.491862e-02	4.049537e+00
8.470000e-06	1.075222e-01	4.394323e+00
8.480000e-06	-8.023555e-02	4.701609e+00
8.490000e-06	5.892884e-02	4.870061e+00
8.500000e-06	6.630551e-02	5.257482e+00
8.510000e-06	-1.203119e-01	5.522716e+00
8.520000e-06	6.950931e-02	5.775800e+00
8.530000e-06	-6.990548e-02	6.071135e+00
8.540000e-06	5.113377e-02	6.301141e+00
8.550000e-06	-1.333648e-02	6.594351e+00
8.560000e-06	-3.637741e-02	6.850590e+00
8.570000e-06	3.080226e-02	7.121717e+00
8.580000e-06	-5.330805e-02	7.414504e+00
8.590000e-06	3.167413e-02	7.658532e+00
8.600000e-06	-7.560748e-02	7.993895e+00
8.610000e-06	3.429591e-02	8.245497e+00
8.620000e-06	-3.001479e-03	8.487056e+00
8.630000e-06	-2.085594e-02	8.668060e+00
8.640000e-06	8.519781e-03	8.930638e+00
8.650000e-06	-6.983649e-02	9.159288e+00
8.660000e-06	1.431481e-02	9.384770e+00
8.670000e-06	-2.793258e-02	9.644401e+00
8.680000e-06	8.559667e-03	9.836902e+00
8.690000e-06	-4.286659e-02	1.010803e+01
8.700000e-06	-5.539014e-03	1.029008e+01
8.710000e-06	-9.869705e-03	1.048808e+01
8.720000e-06	-2.943855e-02	1.071116e+01
8.730000e-06	-2.211773e-02	1.091956e+01
8.740000e-06	-4.297357e-02	1.112066e+01
8.750000e-06	-2.572042e-03	1.134119e+01
8.760000e-06	-2.903430e-02	1.154124e+01
8.770000e-06	-1.978583e-02	1.176222e+01
8.780000e-06	-4.730400e-02	1.190124e+01
8.790000e-06	-2.191043e-02	1.212924e+01
8.800000e-06	-2.541691e-02	1.226666e+01
8.810000e-06	-2.635627e-02	1.246710e+01
8.820000e-06	-4.118732e-02	1.264698e+01
8.830000e-06	-4.029470e-02	1.281694e+01
8.840000e-06	-2.595153e-02	1.295284e+01
8.850000e-06	-3.787851e-02	1.311971e+01
8.860000e-06	-4.101455e-02	1.325611e+01
8.870000e-06	-5.182233e-02	1.343597e+01
8.880000e-06	-3.170675e-02	1.354134e+01
8.890000e-06	-4.112188e-02	1.373916e+01
8.900000e-06	-4.470957e-02	1.385603e+01
8.910000e-06	-6.043074e-02	1.397182e+01
8.920000e-06	-4.924921e-02	1.414668e+01
8.930000e-06	-4.715979e-02	1.422508e+01
8.940000e-06	-5.142780e-02	1.438129e+01
8.950000e-06	-6.113744e-02	1.445655e+01
8.960000e-06	-6.342250e-02	1.451277e+01
8.970000e-06	-5.534773e-02	1.470603e+01
8.980000e-06	-6.194848e-02	1.474341e+01
8.990000e-06	-6.654328e-02	1.480497e+01
9.000000e-06	-7.624250e-02	1.485914e+01
9.010000e-06	-6.811496e-02	1.496282e+01
9.020000e-06	-7.158067e-02	1.499402e+01
9.030000e-06	-7.785953e-02	1.509766e+01
9.040000e-06	-8.993821e-02	1.510031e+01
9.050000e-06	-8.929869e-02	1.519393e+01
9.060000e-06	-8.524933e-02	1.519603e+01
9.070000e-06	-9.075480e-02	1.527921e+01
9.080000e-06	-9.915171e-02	1.534073e+01
9.090000e-06	-1.061135e-01	1.539146e+01
9.100000e-06	-1.031018e-01	1.534147e+01
9.110000e-06	-1.087793e-01	1.540499e+01
9.120000e-06	-1.189496e-01	1.539610e+01
9.130000e-06	-1.280148e-01	1.539558e+01
9.140000e-06	-1.287235e-01	1.538705e+01
9.150000e-06	-1.317584e-01	1.540402e+01
9.160000e-06	-1.436226e-01	1.536400e+01
9.170000e-06	-1.594404e-01	1.534449e+01
9.180000e-06	-1.698918e-01	1.534294e+01
9.190000e-06	-1.803847e-01	1.535339e+01
9.200000e-06	-1.997064e-01	1.529088e+01
9.210000e-06	-2.307116e-01	1.528978e+01
9.220000e-06	-2.485897e-01	1.522752e+01
9.230000e-06	-2.499985e-01	1.517404e+01
9.240000e-06	-2.500000e-01	1.511234e+01
9.250000e-06	-2.500000e-01	1.509723e+01
9.260000e-06	-2.500000e-01	1.501560e+01
9.270000e-06	-2.500000e-01	1.492532e+01
9.280000e-06	-2.500000e-01	1.481865e+01
9.290000e-06	-2.497000e-01	1.473294e+01
9.300000e-06	-2.348499e-01	1.466226e+01
9.310000e-06	-2.026232e-01	1.460512e+01
9.320000e-06	-1.729707e-01	1.450386e+01
9.330000e-06	-1.513865e-01	1.438557e+01
9.340000e-06	-1.378614e-01	1.427126e+01
9.350000e-06	-1.247805e-01	1.414351e+01
9.360000e-06	-1.113909e-01	1.407765e+01
9.370000e-06	-9.745035e-02	1.387179e+01
9.380000e-06	-9.388644e-02	1.377549e+01
9.390000e-06	-8.958568e-02	1.363922e+01
9.400000e-06	-8.273177e-02	1.349188e+01
9.410000e-06	-7.260366e-02	1.332651e+01
9.420000e-06	-6.850706e-02	1.319715e+01
9.430000e-06	-6.579563e-02	1.304126e+01
9.440000e-06	-6.336293e-02	1.291328e+01
9.450000e-06	-5.704354e-02	1.270594e+01
9.460000e-06	-5.382769e-02	1.255805e+01
9.470000e-06	-5.243497e-02	1.242662e+01
9.480000e-06	-5.297519e-02	1.225073e+01
9.490000e-06	-4.832013e-02	1.207276e+01
9.500000e-06	-4.420420e-02	1.184228e+01
9.510000e-06	-4.269055e-02	1.168175e+01
9.520000e-06	-4.496740e-02	1.144278e+01
9.530000e-06	-4.191423e-02	1.125271e+01
9.540000e-06	-3.823227e-02	1.104071e+01
9.550000e-06	-3.512741e-02	1.089138e+01
9.560000e-06	-3.746542e-02	1.064226e+01
9.570000e-06	-3.688438e-02	1.042025e+01
9.580000e-06	-3.411150e-02	1.021015e+01
9.590000e-06	-3.147059e-02	9.979550e+00
9.600000e-06	-3.242762e-02	9.750150e+00
9.610000e-06	-3.277898e-02	9.495466e+00
9.620000e-06	-3.034785e-02	9.316941e+00
9.630000e-06	-2.722749e-02	9.125912e+00
9.640000e-06	-2.795851e-02	8.882834e+00
9.650000e-06	-2.824349e-02	8.610255e+00
9.660000e-06	-2.920657e-02	8.420126e+00
9.670000e-06	-2.591602e-02	8.128592e+00
9.680000e-06	-2.461387e-02	7.916365e+00
9.690000e-06	-2.457215e-02	7.653882e+00
9.700000e-06	-2.663741e-02	7.408101e+00
9.710000e-06	-2.403795e-02	7.144840e+00
9.720000e-06	-2.196462e-02	6.843783e+00
9.730000e-06	-2.069660e-02	6.619704e+00
9.740000e-06	-2.319587e-02	6.298492e+00
9.750000e-06	-2.134650e-02	6.095308e+00
9.760000e-06	-1.991184e-02	5.803349e+00
9.770000e-06	-1.970144e-02	5.580068e+00
9.780000e-06	-2.042908e-02	5.286362e+00
9.790000e-06	-2.174302e-02	4.897972e+00
9.800000e-06	-1.948942e-02	4.635707e+00
9.810000e-06	-1.873209e-02	4.401199e+00
9.820000e-06	-1.745609e-02	4.137965e+00
9.830000e-06	-1.826576e-02	3.792305e+00
9.840000e-06	-1.683181e-02	3.581121e+00
9.850000e-06	-1.495366e-02	3.254383e+00
9.860000e-06	-1.485997e-02	3.012221e+00
9.870000e-06	-1.638739e-02	2.749576e+00
9.880000e-06	-1.630675e-02	2.416278e+00
9.890000e-06	-1.470597e-02	2.140041e+00
9.900000e-06	-1.305756e-02	1.906889e+00
9.910000e-06	-1.227105e-02	1.580654e+00
9.920000e-06	-1.372626e-02	1.297936e+00
9.930000e-06	-1.285033e-02	9.411001e-01
9.940000e-06	-1.202526e-02	6.563345e-01
9.950000e-06	-1.053814e-02	4.022013e-01
9.960000e-06	-1.006429e-02	1.199893e-01
9.970000e-06	-5.924189e-03	-1.742937e-01
9.980000e-06	5.947634e-03	-3.979511e-01
9.990000e-06	-4.089962e-03	-7.526920e-01
1.000000e-05	2.817188e-03	-9.667695e-01
1.001000e-05	-3.667927e-03	-1.237876e+00
1.002000e-05	1.223609e-03	-1.575721e+00
1.003000e-05	1.939586e-03	-1.796750e+00
1.004000e-05	3.812413e-02	-1.997826e+00
1.005000e-05	1.248659e-01	-2.290980e+00
1.006000e-05	7.287813e-03	-2.688857e+00
1.007000e-05	-3.746371e-02	-3.091434e+00
1.008000e-05	-1.811088e-02	-3.387172e+00
1.009000e-05	-4.068852e-02	-3.585296e+00
1.010000e-05	-8.764699e-02	-3.814325e+00
1.011000e-05	4.196531e-02	-4.018424e+00
1.012000e-05	9.298029e-02	-4.205850e+00
1.013000e-05	-1.396031e-01	-4.543108e+00
1.014000e-05	2.192230e-01	-4.806342e+00
1.015000e-05	-1.206598e-01	-5.058380e+00
1.016000e-05	5.255882e-02	-5.417380e+00
1.017000e-05	1.978272e-02	-5.677880e+00
1.018000e-05	-1.121342e-01	-5.965245e+00
1.019000e-05	1.831978e-01	-6.176344e+00
1.020000e-05	-1.137351e-01	-6.507532e+00
1.021000e-05	1.191602e-01	-6.774265e+00
1.022000e-05	-3.371663e-02	-7.024899e+00
1.023000e-05	-1.636253e-02	-7.321664e+00
1.024000e-05	8.107117e-02	-7.532166e+00
1.025000e-05	-9.316229e-02	-7.887450e+00
1.026000e-05	1.453289e-01	-8.131108e+00
1.027000e-05	-7.867917e-02	-8.342660e+00
1.028000e-05	8.965023e-02	-8.635820e+00
1.029000e-05	1.699627e-03	-8.846950e+00
1.030000e-05	-3.351680e-02	-9.110059e+00
1.031000e-05	6.942944e-02	-9.270503e+00
1.032000e-05	-5.073254e-02	-9.531190e+00
1.033000e-05	1.214304e-01	-9.753242e+00
1.034000e-05	-5.391553e-02	-9.993242e+00
1.035000e-05	9.292968e-02	-1.020482e+01
1.036000e-05	-3.242455e-02	-1.043392e+01
1.037000e-05	5.375344e-02	-1.064645e+01
1.038000e-05	1.325905e-02	-1.082592e+01
1.039000e-05	1.134144e-02	-1.105502e+01
1.040000e-05	5.082165e-02	-1.120587e+01
1.041000e-05	-1.342227e-03	-1.146698e+01
1.042000e-05	7.136261e-02	-1.168808e+01
1.043000e-05	-1.586577e-02	-1.186753e+01
1.044000e-05	6.442884e-02	-1.207798e+01
1.045000e-05	-8.916702e-04	-1.222693e+01
1.046000e-05	6.964398e-02	-1.241650e+01
1.047000e-05	1.131056e-02	-1.258537e+01
1.048000e-05	4.498805e-02	-1.276237e+01
1.049000e-05	2.175816e-02	-1.292174e+01
1.050000e-05	4.311819e-02	-1.309810e+01
1.051000e-05	4.101821e-02	-1.325595e+01
1.052000e-05	3.605114e-02	-1.337339e+01
1.053000e-05	5.024532e-02	-1.350969e+01
1.054000e-05	3.732200e-02	-1.367860e+01
1.055000e-05	5.785872e-02	-1.379542e+01
1.056000e-05	3.180949e-02	-1.394121e+01
1.057000e-05	5.139620e-02	-1.407663e+01
1.058000e-05	3.834126e-02	-1.420384e+01
1.059000e-05	6.361847e-02	-1.430113e+01
1.060000e-05	4.829945e-02	-1.443490e+01
1.061000e-05	5.985413e-02	-1.454019e+01
1.062000e-05	5.037544e-02	-1.461595e+01
1.063000e-05	6.609469e-02	-1.469118e+01
1.064000e-05	6.287199e-02	-1.480537e+01
1.065000e-05	6.539660e-02	-1.489954e+01
1.066000e-05	6.672440e-02	-1.494182e+01
1.067000e-05	6.992863e-02	-1.502660e+01
1.068000e-05	7.596719e-02	-1.503971e+01
1.069000e-05	7.075084e-02	-1.515279e+01
1.070000e-05	7.676545e-02	-1.517642e+01
1.071000e-05	7.898293e-02	-1.527803e+01
1.072000e-05	9.207675e-02	-1.529858e+01
1.073000e-05	8.979677e-02	-1.533426e+01
1.074000e-05	9.534086e-02	-1.536489e+01
1.075000e-05	9.383779e-02	-1.538452e+01
1.076000e-05	1.033514e-01	-1.538505e+01
1.077000e-05	1.072700e-01	-1.543663e+01
1.078000e-05	1.116282e-01	-1.543850e+01
1.079000e-05	1.173583e-01	-1.546763e+01
1.080000e-05	1.258868e-01	-1.547770e+01
1.081000e-05	1.356745e-01	-1.543660e+01
1.082000e-05	1.401787e-01	-1.541802e+01
1.083000e-05	1.493126e-01	-1.541605e+01
1.084000e-05	1.606125e-01	-1.537545e+01
1.085000e-05	1.804784e-01	-1.535492e+01
1.086000e-05	2.014629e-01	-1.530378e+01
1.087000e-05	2.274766e-01	-1.529920e+01
1.088000e-05	2.481623e-01	-1.523807e+01
1.089000e-05	2.499982e-01	-1.520602e+01
1.090000e-05	2.500000e-01	-1.515426e+01
1.091000e-05	2.500000e-01	-1.507018e+01
1.092000e-05	2.500000e-01	-1.499602e+01
1.093000e-05	2.500000e-01	-1.490336e+01
1.094000e-05	2.500000e-01	-1.486905e+01
1.095000e-05	2.462514e-01	-1.477494e+01
1.096000e-05	2.146250e-01	-1.469176e+01
1.097000e-05	1.828940e-01	-1.459652e+01
1.098000e-05	1.601824e-01	-1.446220e+01
1.099000e-05	1.415976e-01	-1.437602e+01
1.100000e-05	1.233701e-01	-1.428223e+01
1.101000e-05	1.093335e-01	-1.413499e+01
1.102000e-05	9.911955e-02	-1.402810e+01
1.103000e-05	8.957674e-02	-1.390086e+01
1.104000e-05	8.012763e-02	-1.373642e+01
1.105000e-05	7.203838e-02	-1.362863e+01
1.106000e-05	6.751300e-02	-1.350079e+01
1.107000e-05	6.303750e-02	-1.334449e+01
1.108000e-05	5.858147e-02	-1.320762e+01
1.109000e-05	5.242964e-02	-1.304928e+01
1.110000e-05	4.888220e-02	-1.289380e+01
1.111000e-05	4.600797e-02	-1.271599e+01
1.112000e-05	4.336457e-02	-1.256657e+01
1.113000e-05	3.877588e-02	-1.240850e+01
1.114000e-05	3.669598e-02	-1.222075e+01
1.115000e-05	3.584399e-02	-1.204320e+01
1.116000e-05	3.486751e-02	-1.184077e+01
1.117000e-05	3.099137e-02	-1.167115e+01
1.118000e-05	2.723601e-02	-1.141062e+01
1.119000e-05	2.657966e-02	-1.119910e+01
1.120000e-05	2.611615e-02	-1.092952e+01
1.121000e-05	2.404350e-02	-1.081012e+01
1.122000e-05	2.203560e-02	-1.062118e+01
1.123000e-05	2.008681e-02	-1.042910e+01
1.124000e-05	2.042631e-02	-1.014857e+01
1.125000e-05	1.946096e-02	-9.926916e+00
1.126000e-05	1.870489e-02	-9.757516e+00
1.127000e-05	1.478750e-02	-9.516416e+00
1.128000e-05	1.534028e-02	-9.293859e+00
1.129000e-05	1.458422e-02	-9.042280e+00
1.130000e-05	1.401146e-02	-8.853352e+00
1.131000e-05	1.093154e-02	-8.579625e+00
1.132000e-05	1.003388e-02	-8.347590e+00
1.133000e-05	1.036650e-02	-8.136942e+00
1.134000e-05	1.065554e-02	-7.852755e+00
1.135000e-05	8.880748e-03	-7.590168e+00
1.136000e-05	7.068547e-03	-7.296991e+00
1.137000e-05	6.466833e-03	-7.012706e+00
1.138000e-05	7.385109e-03	-6.791175e+00
1.139000e-05	5.097713e-03	-6.569069e+00
1.140000e-05	3.882529e-03	-6.305732e+00
1.141000e-05	2.915882e-03	-6.013227e+00
1.142000e-05	2.729204e-03	-5.759541e+00
1.143000e-05	3.992902e-03	-5.435882e+00
1.144000e-05	1.874311e-03	-5.170700e+00
1.145000e-05	1.169568e-03	-4.855856e+00
1.146000e-05	1.545934e-03	-4.559970e+00
1.147000e-05	7.473298e-04	-4.328494e+00
1.148000e-05	4.442659e-04	-4.027809e+00
1.149000e-05	-2.991509e-03	-3.804171e+00
1.150000e-05	-2.183229e-03	-3.517486e+00
1.151000e-05	-4.076949e-03	-3.237236e+00
1.152000e-05	-2.651457e-03	-2.931085e+00
1.153000e-05	-4.196320e-03	-2.697337e+00
1.154000e-05	-2.771311e-03	-2.414177e+00
1.155000e-05	-3.893726e-03	-2.088389e+00
1.156000e-05	-3.193927e-03	-1.825205e+00
1.157000e-05	-5.453346e-03	-1.570949e+00
1.158000e-05	-5.368029e-03	-1.244257e+00
1.159000e-05	-8.852225e-03	-9.189421e-01
1.160000e-05	-7.452709e-03	-6.658807e-01
1.161000e-05	-7.537005e-03	-3.310662e-01
1.162000e-05	-5.697185e-03	-9.588810e-02
1.163000e-05	3.786336e-03	1.568495e-01
1.164000e-05	5.506770e-03	4.709603e-01
1.165000e-05	7.259367e-04	6.926170e-01
1.166000e-05	3.638687e-03	9.759022e-01
1.167000e-05	-2.376075e-03	1.281509e+00
1.168000e-05	4.025436e-04	1.645252e+00
1.169000e-05	4.212098e-04	1.870483e+00
1.170000e-05	2.450868e-02	2.081035e+00
1.171000e-05	9.154727e-02	2.332717e+00
1.172000e-05	4.971970e-02	2.690590e+00
1.173000e-05	-6.067852e-02	3.037349e+00
1.174000e-05	-2.516026e-02	3.290063e+00
1.175000e-05	-3.715408e-02	3.585371e+00
1.176000e-05	-4.291320e-02	3.817526e+00
1.177000e-05	-8.396190e-02	3.987396e+00
1.178000e-05	6.600644e-02	4.267537e+00
1.179000e-05	2.068096e-02	4.575796e+00
1.180000e-05	-6.899638e-02	4.816950e+00
1.181000e-05	1.648696e-01	5.141088e+00
1.182000e-05	-1.359702e-01	5.448528e+00
1.183000e-05	3.998578e-02	5.709012e+00
1.184000e-05	-2.626938e-02	6.014826e+00
1.185000e-05	-8.662593e-03	6.227429e+00
1.186000e-05	4.673778e-02	6.510063e+00
1.187000e-05	-7.151906e-02	6.795801e+00
1.188000e-05	4.337622e-02	7.057955e+00
1.189000e-05	-5.136561e-02	7.299989e+00
1.190000e-05	2.024647e-02	7.613366e+00
1.191000e-05	-4.514170e-02	7.877009e+00
1.192000e-05	-1.214647e-02	8.171842e+00
1.193000e-05	3.206764e-02	8.374344e+00
1.194000e-05	-3.681774e-02	8.605349e+00
1.195000e-05	1.587918e-02	8.803375e+00
1.196000e-05	-5.181298e-02	9.088030e+00
1.197000e-05	-1.778168e-02	9.329162e+00
1.198000e-05	-3.219386e-03	9.521135e+00
1.199000e-05	-1.354420e-02	9.782313e+00
1.200000e-05	-1.625405e-02	1.001335e+01
1.201000e-05	-3.344373e-02	1.021590e+01
1.202000e-05	6.120416e-03	1.042545e+01
1.203000e-05	-2.911324e-02	1.062445e+01
1.204000e-05	-2.144926e-02	1.083545e+01
1.205000e-05	-3.620710e-02	1.103595e+01
1.206000e-05	-2.183553e-02	1.125698e+01
1.207000e-05	-1.412336e-02	1.146896e+01
1.208000e-05	-3.158743e-02	1.167605e+01
1.209000e-05	-3.310237e-02	1.188995e+01
1.210000e-05	-3.517982e-02	1.208750e+01
1.211000e-05	-1.454911e-02	1.222502e+01
1.212000e-05	-2.648462e-02	1.240390e+01
1.213000e-05	-3.553455e-02	1.258482e+01
1.214000e-05	-4.505972e-02	1.274129e+01
1.215000e-05	-3.413074e-02	1.293024e+01
1.216000e-05	-3.210764e-02	1.305713e+01
1.217000e-05	-4.180674e-02	1.323343e+01
1.218000e-05	-4.634075e-02	1.336329e+01
1.219000e-05	-3.806838e-02	1.346916e+01
1.220000e-05	-3.239650e-02	1.365795e+01
1.221000e-05	-4.350779e-02	1.376092e+01
1.222000e-05	-5.648062e-02	1.394871e+01
1.223000e-05	-5.698171e-02	1.407555e+01
1.224000e-05	-4.841998e-02	1.418382e+01
1.225000e-05	-4.913622e-02	1.431866e+01
1.226000e-05	-5.822245e-02	1.443452e+01
1.227000e-05	-6.413508e-02	1.451228e+01
1.228000e-05	-5.663437e-02	1.463437e+01
1.229000e-05	-5.780191e-02	1.472021e+01
1.230000e-05	-6.359628e-02	1.475487e+01
1.231000e-05	-7.574988e-02	1.485863e+01
1.232000e-05	-7.041722e-02	1.495229e+01
1.233000e-05	-7.045240e-02	1.499545e+01
1.234000e-05	-7.440543e-02	1.506710e+01
1.235000e-05	-8.821087e-02	1.511118e+01
1.236000e-05	-9.041017e-02	1.522194e+01
1.237000e-05	-8.600097e-02	1.522593e+01
1.238000e-05	-8.662383e-02	1.527961e+01
1.239000e-05	-9.445379e-02	1.532933e+01
1.240000e-05	-1.042560e-01	1.534242e+01
1.241000e-05	-1.034114e-01	1.536257e+01
1.242000e-05	-1.066955e-01	1.536397e+01
1.243000e-05	-1.153319e-01	1.541647e+01
1.244000e-05	-1.274862e-01	1.541607e+01
1.245000e-05	-1.295123e-01	1.541405e+01
1.246000e-05	-1.297681e-01	1.543660e+01
1.247000e-05	-1.368740e-01	1.539454e+01
1.248000e-05	-1.531708e-01	1.542502e+01
1.249000e-05	-1.661014e-01	1.537347e+01
1.250000e-05	-1.742340e-01	1.534347e+01
1.251000e-05	-1.913946e-01	1.529098e+01
1.252000e-05	-2.179417e-01	1.529021e+01
1.253000e-05	-2.460610e-01	1.524762e+01
1.254000e-05	-2.499682e-01	1.518502e+01
1.255000e-05	-2.500000e-01	1.511284e+01
1.256000e-05	-2.500000e-01	1.509031e+01
1.257000e-05	-2.500000e-01	1.505758e+01
1.258000e-05	-2.500000e-01	1.496494e+01
1.259000e-05	-2.500000e-01	1.488063e+01
1.260000e-05	-2.500000e-01	1.482652e+01
1.261000e-05	-2.433301e-01	1.474136e+01
1.262000e-05	-2.143557e-01	1.458760e+01
1.263000e-05	-1.813887e-01	1.455341e+01
1.264000e-05	-1.569829e-01	1.443817e+01
1.265000e-05	-1.407593e-01	1.432294e+01
1.266000e-05	-1.313430e-01	1.423900e+01
1.267000e-05	-1.170594e-01	1.405078e+01
1.268000e-05	-1.048745e-01	1.396494e+01
1.269000e-05	-9.333025e-02	1.380817e+01
1.270000e-05	-9.047835e-02	1.367236e+01
1.271000e-05	-8.300083e-02	1.354544e+01
1.272000e-05	-7.545641e-02	1.339662e+01
1.273000e-05	-6.757580e-02	1.324873e+01
1.274000e-05	-6.819950e-02	1.310081e+01
1.275000e-05	-6.635010e-02	1.298501e+01
1.276000e-05	-6.214189e-02	1.280812e+01
1.277000e-05	-5.377973e-02	1.262826e+01
1.278000e-05	-5.332082e-02	1.249281e+01
1.279000e-05	-5.144821e-02	1.231333e+01
1.280000e-05	-4.959914e-02	1.211494e+01
1.281000e-05	-4.365829e-02	1.194455e+01
1.282000e-05	-4.206047e-02	1.172704e+01
1.283000e-05	-4.361360e-02	1.156451e+01
1.284000e-05	-4.481727e-02	1.134349e+01
1.285000e-05	-4.077107e-02	1.111502e+01
1.286000e-05	-3.755884e-02	1.093444e+01
1.287000e-05	-3.644501e-02	1.074647e+01
1.288000e-05	-3.776897e-02	1.050542e+01
1.289000e-05	-3.481250e-02	1.029491e+01
1.290000e-05	-3.151526e-02	1.008328e+01
1.291000e-05	-2.917854e-02	9.880929e+00
1.292000e-05	-3.322270e-02	9.690277e+00
1.293000e-05	-3.185234e-02	9.390126e+00
1.294000e-05	-3.016113e-02	9.199675e+00
1.295000e-05	-2.725122e-02	8.926595e+00
1.296000e-05	-2.840609e-02	8.684462e+00
1.297000e-05	-2.753562e-02	8.515437e+00
1.298000e-05	-2.627724e-02	8.252332e+00
1.299000e-05	-2.295266e-02	7.989725e+00
1.300000e-05	-2.269987e-02	7.718042e+00
1.301000e-05	-2.513585e-02	7.465409e+00
1.302000e-05	-2.595907e-02	7.201223e+00
1.303000e-05	-2.413765e-02	6.958569e+00
1.304000e-05	-2.204124e-02	6.697442e+00
1.305000e-05	-2.280679e-02	6.442279e+00
1.306000e-05	-2.304773e-02	6.160095e+00
1.307000e-05	-2.110785e-02	5.937545e+00
1.308000e-05	-1.783989e-02	5.652288e+00
1.309000e-05	-1.756444e-02	5.411151e+00
1.310000e-05	-2.008708e-02	5.045332e+00
1.311000e-05	-1.979718e-02	4.768469e+00
1.312000e-05	-1.842535e-02	4.505888e+00
1.313000e-05	-1.749750e-02	4.224779e+00
1.314000e-05	-1.957245e-02	3.906916e+00
1.315000e-05	-1.940960e-02	3.655784e+00
1.316000e-05	-1.604811e-02	3.370199e+00
1.317000e-05	-1.313652e-02	3.107391e+00
1.318000e-05	-1.335084e-02	2.843331e+00
1.319000e-05	-1.606687e-02	2.529092e+00
1.320000e-05	-1.559963e-02	2.236333e+00
1.321000e-05	-1.461388e-02	1.981626e+00
1.322000e-05	-1.364363e-02	1.698464e+00
1.323000e-05	-1.621775e-02	1.402653e+00
1.324000e-05	-1.473791e-02	1.118986e+00
1.325000e-05	-1.230709e-02	7.326461e-01
1.326000e-05	-9.421133e-03	4.984633e-01
1.327000e-05	-7.701123e-03	2.052240e-01
1.328000e-05	-9.048935e-03	-6.000533e-02
1.329000e-05	3.564502e-03	-3.221658e-01
1.330000e-05	8.979687e-05	-5.966998e-01
1.331000e-05	7.078345e-04	-8.810342e-01
1.332000e-05	-1.706487e-03	-1.124190e+00
1.333000e-05	-7.233891e-04	-1.478478e+00
1.334000e-05	8.007083e-04	-1.733062e+00
1.335000e-05	1.924160e-02	-1.965186e+00
1.336000e-05	9.071580e-02	-2.175243e+00
1.337000e-05	8.441894e-02	-2.541991e+00
1.338000e-05	-6.298766e-02	-2.920511e+00
1.339000e-05	4.970542e-03	-3.290535e+00
1.340000e-05	-5.040716e-02	-3.502087e+00
1.341000e-05	-4.925333e-02	-3.722136e+00
1.342000e-05	-6.610312e-02	-3.923768e+00
1.343000e-05	1.729508e-01	-4.131611e+00
1.344000e-05	-1.499280e-01	-4.415822e+00
1.345000e-05	1.177598e-01	-4.701158e+00
1.346000e-05	3.966418e-02	-4.923515e+00
1.347000e-05	-1.030121e-01	-5.341091e+00
1.348000e-05	1.517521e-01	-5.604291e+00
1.349000e-05	-1.860429e-01	-5.877453e+00
1.350000e-05	1.484602e-01	-6.111587e+00
1.351000e-05	-1.854533e-02	-6.323115e+00
1.352000e-05	4.883777e-04	-6.690433e+00
1.353000e-05	8.917839e-02	-6.931613e+00
1.354000e-05	-1.146785e-01	-7.225798e+00
1.355000e-05	1.278744e-01	-7.480054e+00
1.356000e-05	-9.294613e-02	-7.751594e+00
1.357000e-05	9.283316e-02	-7.997947e+00
1.358000e-05	1.766995e-02	-8.247378e+00
1.359000e-05	-1.673274e-02	-8.522141e+00
1.360000e-05	1.061997e-01	-8.740216e+00
1.361000e-05	-1.003684e-01	-8.993818e+00
1.362000e-05	9.653368e-02	-9.195924e+00
1.363000e-05	-6.273671e-02	-9.434853e+00
1.364000e-05	9.375467e-02	-9.669556e+00
1.365000e-05	-1.329497e-03	-9.878504e+00
1.366000e-05	3.182167e-02	-1.011114e+01
1.367000e-05	4.008499e-02	-1.032018e+01
1.368000e-05	-1.562395e-02	-1.058437e+01
1.369000e-05	7.490465e-02	-1.074069e+01
1.370000e-05	-3.697325e-02	-1.093277e+01
1.371000e-05	7.844112e-02	-1.112377e+01
1.372000e-05	-2.123787e-02	-1.141132e+01
1.373000e-05	7.396593e-02	-1.160437e+01
1.374000e-05	-4.697897e-03	-1.177475e+01
1.375000e-05	4.753297e-02	-1.206342e+01
1.376000e-05	1.988380e-02	-1.217484e+01
1.377000e-05	4.289533e-02	-1.232227e+01
1.378000e-05	4.188431e-02	-1.252268e+01
1.379000e-05	2.039513e-02	-1.270013e+01
1.380000e-05	4.412599e-02	-1.284655e+01
1.381000e-05	1.932581e-02	-1.303650e+01
1.382000e-05	5.758977e-02	-1.318324e+01
1.383000e-05	2.111254e-02	-1.331866e+01
1.384000e-05	5.881538e-02	-1.346813e+01
1.385000e-05	2.978294e-02	-1.361392e+01
1.386000e-05	6.129633e-02	-1.378429e+01
1.387000e-05	3.433290e-02	-1.385913e+01
1.388000e-05	5.043727e-02	-1.403540e+01
1.389000e-05	4.033513e-02	-1.411027e+01
1.390000e-05	5.591201e-02	-1.427665e+01
1.391000e-05	5.389430e-02	-1.438392e+01
1.392000e-05	5.366165e-02	-1.446858e+01
1.393000e-05	5.541860e-02	-1.456537e+01
1.394000e-05	5.729470e-02	-1.463866e+01
1.395000e-05	6.892230e-02	-1.478382e+01
1.396000e-05	6.163758e-02	-1.484700e+01
1.397000e-05	7.017854e-02	-1.490226e+01
1.398000e-05	6.441782e-02	-1.501547e+01
1.399000e-05	7.684013e-02	-1.507866e+01
1.400000e-05	6.804958e-02	-1.512079e+01
1.401000e-05	7.725788e-02	-1.519342e+01
1.402000e-05	7.565329e-02	-1.524547e+01
1.403000e-05	8.973194e-02	-1.525917e+01
1.404000e-05	9.107818e-02	-1.532118e+01
1.405000e-05	9.302766e-02	-1.535338e+01
1.406000e-05	9.439929e-02	-1.539389e+01
1.407000e-05	9.904848e-02	-1.541698e+01
1.408000e-05	1.079027e-01	-1.546905e+01
1.409000e-05	1.088917e-01	-1.544808e+01
1.410000e-05	1.161005e-01	-1.542908e+01
1.411000e-05	1.207850e-01	-1.547813e+01
1.412000e-05	1.321766e-01	-1.544765e+01
1.413000e-05	1.371243e-01	-1.546757e+01
1.414000e-05	1.462611e-01	-1.539960e+01
1.415000e-05	1.558727e-01	-1.539497e+01
1.416000e-05	1.733824e-01	-1.536702e+01
1.417000e-05	1.932979e-01	-1.534431e+01
1.418000e-05	2.179641e-01	-1.528073e+01
1.419000e-05	2.440556e-01	-1.522562e+01
1.420000e-05	2.499671e-01	-1.519592e+01
1.421000e-05	2.500000e-01	-1.515342e+01
1.422000e-05	2.500000e-01	-1.508078e+01
1.423000e-05	2.500000e-01	-1.499862e+01
1.424000e-05	2.500000e-01	-1.494444e+01
1.425000e-05	2.500000e-01	-1.489071e+01
1.426000e-05	2.489000e-01	-1.480647e+01
1.427000e-05	2.277445e-01	-1.471184e+01
1.428000e-05	1.939866e-01	-1.460869e+01
1.429000e-05	1.701892e-01	-1.453281e+01
1.430000e-05	1.474741e-01	-1.445910e+01
1.431000e-05	1.306814e-01	-1.432283e+01
1.432000e-05	1.117202e-01	-1.416760e+01
1.433000e-05	1.019687e-01	-1.410128e+01
1.434000e-05	9.023759e-02	-1.392539e+01
1.435000e-05	8.222180e-02	-1.383815e+01
1.436000e-05	7.655111e-02	-1.369223e+01
1.437000e-05	7.163809e-02	-1.351536e+01
1.438000e-05	6.723095e-02	-1.339657e+01
1.439000e-05	6.042630e-02	-1.326118e+01
1.440000e-05	5.254306e-02	-1.307289e+01
1.441000e-05	4.893813e-02	-1.294649e+01
1.442000e-05	4.516920e-02	-1.278754e+01
1.443000e-05	4.361952e-02	-1.260970e+01
1.444000e-05	4.030668e-02	-1.245223e+01
1.445000e-05	3.837334e-02	-1.227236e+01
1.446000e-05	3.751759e-02	-1.212388e+01
1.447000e-05	3.611746e-02	-1.189288e+01
1.448000e-05	3.103228e-02	-1.172546e+01
1.449000e-05	2.746376e-02	-1.153236e+01
1.450000e-05	2.665335e-02	-1.126378e+01
1.451000e-05	2.555132e-02	-1.109073e+01
1.452000e-05	2.493612e-02	-1.089273e+01
1.453000e-05	2.337943e-02	-1.067131e+01
1.454000e-05	2.126073e-02	-1.047186e+01
1.455000e-05	2.109115e-02	-1.024233e+01
1.456000e-05	1.977133e-02	-1.003120e+01
1.457000e-05	1.827361e-02	-9.810648e+00
1.458000e-05	1.592582e-02	-9.630127e+00
1.459000e-05	1.518928e-02	-9.360590e+00
1.460000e-05	1.522324e-02	-9.105942e+00
1.461000e-05	1.335136e-02	-8.938008e+00
1.462000e-05	1.204764e-02	-8.715888e+00
1.463000e-05	1.055273e-02	-8.461704e+00
1.464000e-05	1.108775e-02	-8.189599e+00
1.465000e-05	9.998350e-03	-7.978520e+00
1.466000e-05	8.826909e-03	-7.704879e+00
1.467000e-05	7.297547e-03	-7.411699e+00
1.468000e-05	7.674289e-03	-7.168994e+00
1.469000e-05	6.165045e-03	-6.886411e+00
1.470000e-05	5.579853e-03	-6.651730e+00
1.471000e-05	4.375217e-03	-6.411122e+00
1.472000e-05	4.740779e-03	-6.117982e+00
1.473000e-05	2.628852e-03	-5.852775e+00
1.474000e-05	3.414913e-03	-5.590593e+00
1.475000e-05	7.187957e-04	-5.323883e+00
1.476000e-05	1.490887e-03	-4.992146e+00
1.477000e-05	1.747962e-03	-4.725404e+00
1.478000e-05	2.022632e-03	-4.422203e+00
1.479000e-05	7.003930e-04	-4.199543e+00
1.480000e-05	-1.399316e-03	-3.907963e+00
1.481000e-05	-3.474642e-03	-3.612129e+00
1.482000e-05	-3.226611e-03	-3.359145e+00
1.483000e-05	-4.109363e-03	-3.054283e+00
1.484000e-05	-3.112244e-03	-2.740498e+00
1.485000e-05	-3.428403e-03	-2.498438e+00
1.486000e-05	-1.487975e-03	-2.173199e+00
1.487000e-05	-5.402016e-03	-1.929040e+00
1.488000e-05	-5.309522e-03	-1.655784e+00
1.489000e-05	-6.280611e-03	-1.330645e+00
1.490000e-05	-5.880613e-03	-1.044729e+00
1.491000e-05	-7.630851e-03	-7.210224e-01
1.492000e-05	-7.455261e-03	-4.357842e-01
1.493000e-05	-6.499571e-03	-1.716516e-01
1.494000e-05	-1.138652e-03	8.045800e-02
1.495000e-05	8.594546e-03	3.973986e-01
1.496000e-05	-2.602581e-03	6.279775e-01
1.497000e-05	5.458911e-03	8.800391e-01
1.498000e-05	-3.236151e-03	1.174880e+00
1.499000e-05	2.315868e-03	1.459505e+00
1.500000e-05	-2.890118e-03	1.795518e+00
1.501000e-05	1.589292e-02	1.996945e+00
1.502000e-05	5.887285e-02	2.249428e+00
1.503000e-05	1.011149e-01	2.552193e+00
1.504000e-05	-5.093101e-02	2.911137e+00
1.505000e-05	-2.808813e-02	3.195870e+00
1.506000e-05	-4.270107e-02	3.519057e+00
1.507000e-05	-2.628347e-02	3.713138e+00
1.508000e-05	-8.874410e-02	3.934817e+00
1.509000e-05	-2.498525e-05	4.174120e+00
1.510000e-05	9.861714e-02	4.467984e+00
1.511000e-05	-1.178352e-01	4.763817e+00
1.512000e-05	1.466538e-01	5.023272e+00
1.513000e-05	-4.146528e-02	5.342141e+00
1.514000e-05	-5.260255e-02	5.565922e+00
1.515000e-05	4.029917e-02	5.897613e+00
1.516000e-05	-6.463281e-02	6.142268e+00
1.517000e-05	6.988059e-02	6.374347e+00
1.518000e-05	-5.486378e-02	6.710633e+00
1.519000e-05	6.769565e-03	6.934241e+00
1.520000e-05	-6.082177e-03	7.225378e+00
1.521000e-05	-2.526586e-02	7.498607e+00
1.522000e-05	7.673145e-03	7.753743e+00
1.523000e-05	-6.251631e-02	8.076558e+00
1.524000e-05	4.767678e-02	8.301140e+00
1.525000e-05	-2.726843e-02	8.522139e+00
1.526000e-05	-2.660915e-03	8.722616e+00
1.527000e-05	-1.404377e-02	8.993245e+00
1.528000e-05	-5.753457e-02	9.213949e+00
1.529000e-05	1.933404e-02	9.426427e+00
1.530000e-05	-3.090850e-02	9.689032e+00
1.531000e-05	8.374393e-03	9.920734e+00
1.532000e-05	-4.855714e-02	1.013171e+01
1.533000e-05	6.476237e-03	1.031072e+01
1.534000e-05	-2.290202e-02	1.057277e+01
1.535000e-05	-2.658535e-02	1.077224e+01
1.536000e-05	-2.820966e-02	1.094332e+01
1.537000e-05	-3.599074e-02	1.120229e+01
1.538000e-05	-1.084456e-03	1.138282e+01
1.539000e-05	-3.446890e-02	1.157282e+01
1.540000e-05	-2.151799e-02	1.179387e+01
1.541000e-05	-4.735507e-02	1.199274e+01
1.542000e-05	-1.429861e-02	1.221329e+01
1.543000e-05	-2.797113e-02	1.232976e+01
1.544000e-05	-2.938782e-02	1.257968e+01
1.545000e-05	-4.401609e-02	1.268656e+01
1.546000e-05	-3.772715e-02	1.284700e+01
1.547000e-05	-2.648707e-02	1.297292e+01
1.548000e-05	-4.122007e-02	1.318184e+01
1.549000e-05	-4.238737e-02	1.331971e+01
1.550000e-05	-4.740577e-02	1.341801e+01
1.551000e-05	-2.998773e-02	1.357285e+01
1.552000e-05	-4.266606e-02	1.375174e+01
1.553000e-05	-4.976757e-02	1.387856e+01
1.554000e-05	-6.037000e-02	1.402290e+01
1.555000e-05	-4.853071e-02	1.417973e+01
1.556000e-05	-4.694612e-02	1.425861e+01
1.557000e-05	-5.441829e-02	1.438239e+01
1.558000e-05	-6.312741e-02	1.451963e+01
1.559000e-05	-6.174910e-02	1.459334e+01
1.560000e-05	-5.495851e-02	1.468823e+01
1.561000e-05	-6.201790e-02	1.473282e+01
1.562000e-05	-7.045662e-02	1.486756e+01
1.563000e-05	-7.522331e-02	1.491119e+01
1.564000e-05	-6.902336e-02	1.495432e+01
1.565000e-05	-7.307773e-02	1.503602e+01
1.566000e-05	-8.315161e-02	1.508771e+01
1.567000e-05	-9.117443e-02	1.513334e+01
1.568000e-05	-8.791913e-02	1.519555e+01
1.569000e-05	-8.529140e-02	1.525656e+01
1.570000e-05	-9.250277e-02	1.528933e+01
1.571000e-05	-1.018600e-01	1.532094e+01
1.572000e-05	-1.041571e-01	1.536249e+01
1.573000e-05	-1.039427e-01	1.540299e+01
1.574000e-05	-1.110107e-01	1.536350e+01
1.575000e-05	-1.225413e-01	1.544552e+01
1.576000e-05	-1.285347e-01	1.537600e+01
1.577000e-05	-1.296136e-01	1.541552e+01
1.578000e-05	-1.335320e-01	1.539452e+01
1.579000e-05	-1.486311e-01	1.539400e+01
1.580000e-05	-1.620297e-01	1.537254e+01
1.581000e-05	-1.713416e-01	1.531194e+01
1.582000e-05	-1.844528e-01	1.533236e+01
1.583000e-05	-2.074610e-01	1.530128e+01
1.584000e-05	-2.390997e-01	1.526768e+01
1.585000e-05	-2.495905e-01	1.521650e+01
1.586000e-05	-2.500000e-01	1.512337e+01
1.587000e-05	-2.500000e-01	1.508078e+01
1.588000e-05	-2.500000e-01	1.503716e+01
1.589000e-05	-2.500000e-01	1.501347e+01
1.590000e-05	-2.500000e-01	1.492228e+01
1.591000e-05	-2.500000e-01	1.482665e+01
1.592000e-05	-2.484849e-01	1.474341e+01
1.593000e-05	-2.262782e-01	1.463065e+01
1.594000e-05	-1.937266e-01	1.453449e+01
1.595000e-05	-1.675399e-01	1.447928e+01
1.596000e-05	-1.462524e-01	1.435344e+01
1.597000e-05	-1.342700e-01	1.424118e+01
1.598000e-05	-1.204581e-01	1.408241e+01
1.599000e-05	-1.070998e-01	1.401510e+01
1.600000e-05	-9.594154e-02	1.385028e+01
1.601000e-05	-9.209371e-02	1.376304e+01
1.602000e-05	-8.685123e-02	1.361712e+01
1.603000e-05	-7.910209e-02	1.341023e+01
1.604000e-05	-7.066768e-02	1.330284e+01
1.605000e-05	-6.732613e-02	1.320649e+01
1.606000e-05	-6.550090e-02	1.299862e+01
1.607000e-05	-6.238534e-02	1.283970e+01
1.608000e-05	-5.689755e-02	1.273336e+01
1.609000e-05	-5.266958e-02	1.253534e+01
1.610000e-05	-5.158902e-02	1.238649e+01
1.611000e-05	-5.084757e-02	1.216857e+01
1.612000e-05	-4.628675e-02	1.195865e+01
1.613000e-05	-4.391836e-02	1.183125e+01
1.614000e-05	-4.366134e-02	1.162975e+01
1.615000e-05	-4.395096e-02	1.134817e+01
1.616000e-05	-4.316361e-02	1.118963e+01
1.617000e-05	-3.716577e-02	1.101910e+01
1.618000e-05	-3.679375e-02	1.080013e+01
1.619000e-05	-3.625670e-02	1.056757e+01
1.620000e-05	-3.645536e-02	1.036657e+01
1.621000e-05	-3.195617e-02	1.015599e+01
1.622000e-05	-3.175504e-02	9.986513e+00
1.623000e-05	-3.158516e-02	9.731937e+00
1.624000e-05	-3.266457e-02	9.473835e+00
1.625000e-05	-3.036307e-02	9.291808e+00
1.626000e-05	-2.753368e-02	9.012227e+00
1.627000e-05	-2.764628e-02	8.790200e+00
1.628000e-05	-2.916597e-02	8.578074e+00
1.629000e-05	-2.865036e-02	8.356469e+00
1.630000e-05	-2.546443e-02	8.083860e+00
1.631000e-05	-2.375212e-02	7.842231e+00
1.632000e-05	-2.426351e-02	7.569174e+00
1.633000e-05	-2.541380e-02	7.313912e+00
1.634000e-05	-2.341759e-02	7.032282e+00
1.635000e-05	-2.169714e-02	6.810698e+00
1.636000e-05	-2.218438e-02	6.538539e+00
1.637000e-05	-2.384082e-02	6.253286e+00
1.638000e-05	-2.172978e-02	6.021755e+00
1.639000e-05	-1.910040e-02	5.741069e+00
1.640000e-05	-1.856148e-02	5.485342e+00
1.641000e-05	-2.008274e-02	5.210674e+00
1.642000e-05	-2.052297e-02	4.884336e+00
1.643000e-05	-1.856929e-02	4.580148e+00
1.644000e-05	-1.837609e-02	4.327442e+00
1.645000e-05	-1.819828e-02	4.032356e+00
1.646000e-05	-1.955956e-02	3.740067e+00
1.647000e-05	-1.659277e-02	3.476465e+00
1.648000e-05	-1.434890e-02	3.192154e+00
1.649000e-05	-1.418577e-02	2.897942e+00
1.650000e-05	-1.652555e-02	2.667388e+00
1.651000e-05	-1.525519e-02	2.359095e+00
1.652000e-05	-1.366867e-02	2.085887e+00
1.653000e-05	-1.311869e-02	1.824757e+00
1.654000e-05	-1.305878e-02	1.506963e+00
1.655000e-05	-1.385443e-02	1.244754e+00
1.656000e-05	-1.225764e-02	8.959345e-01
1.657000e-05	-1.142689e-02	5.926529e-01
1.658000e-05	-1.111490e-02	3.589959e-01
1.659000e-05	-9.420385e-03	5.470552e-02
1.660000e-05	-2.228547e-03	-2.404239e-01
1.661000e-05	5.314441e-03	-4.800341e-01
1.662000e-05	-2.918661e-03	-8.273672e-01
1.663000e-05	3.346614e-03	-1.048425e+00
1.664000e-05	-2.800764e-03	-1.322634e+00
1.665000e-05	2.500678e-03	-1.629873e+00
1.666000e-05	7.256384e-03	-1.829429e+00
1.667000e-05	5.604745e-02	-2.059580e+00
1.668000e-05	1.278279e-01	-2.406218e+00
1.669000e-05	-4.185481e-02	-2.814646e+00
1.670000e-05	-1.004364e-02	-3.204839e+00
1.671000e-05	-3.884584e-02	-3.428553e+00
1.672000e-05	-3.324623e-02	-3.608423e+00
1.673000e-05	-1.025618e-01	-3.891506e+00
1.674000e-05	1.286253e-01	-4.090003e+00
1.675000e-05	-1.972798e-02	-4.300085e+00
1.676000e-05	-4.246486e-02	-4.585822e+00
1.677000e-05	1.694416e-01	-4.807927e+00
1.678000e-05	-1.797321e-01	-5.192215e+00
1.679000e-05	1.482687e-01	-5.483683e+00
1.680000e-05	-9.972585e-02	-5.742715e+00
1.681000e-05	-4.554371e-04	-6.038456e+00
1.682000e-05	1.189280e-01	-6.277529e+00
1.683000e-05	-1.032863e-01	-6.553695e+00
1.684000e-05	1.526315e-01	-6.796373e+00
1.685000e-05	-1.063233e-01	-7.100558e+00
1.686000e-05	7.109733e-02	-7.395341e+00
1.687000e-05	-2.083176e-03	-7.626426e+00
1.688000e-05	-2.643390e-02	-7.942711e+00
1.689000e-05	1.167737e-01	-8.193740e+00
1.690000e-05	-9.056155e-02	-8.405928e+00
1.691000e-05	1.362188e-01	-8.668455e+00
1.692000e-05	-7.187019e-02	-8.901557e+00
1.693000e-05	4.280794e-02	-9.132162e+00
1.694000e-05	6.627573e-03	-9.374689e+00
1.695000e-05	6.989480e-03	-9.604873e+00
1.696000e-05	8.331608e-02	-9.795400e+00
1.697000e-05	-3.991039e-02	-9.986380e+00
1.698000e-05	9.503225e-02	-1.024756e+01
1.699000e-05	-5.377325e-02	-1.050853e+01
1.700000e-05	8.923304e-02	-1.067766e+01
1.701000e-05	-2.800806e-02	-1.091703e+01
1.702000e-05	5.624569e-02	-1.107858e+01
1.703000e-05	1.097887e-02	-1.132901e+01
1.704000e-05	3.468832e-02	-1.150968e+01
1.705000e-05	4.026972e-02	-1.170071e+01
1.706000e-05	6.421705e-03	-1.193173e+01
1.707000e-05	5.220221e-02	-1.213871e+01
1.708000e-05	7.820632e-03	-1.229003e+01
1.709000e-05	6.916299e-02	-1.250708e+01
1.710000e-05	3.838108e-03	-1.264750e+01
1.711000e-05	5.381231e-02	-1.281444e+01
1.712000e-05	1.196923e-02	-1.298221e+01
1.713000e-05	5.823098e-02	-1.312171e+01
1.714000e-05	2.784761e-02	-1.328853e+01
1.715000e-05	4.984807e-02	-1.340550e+01
1.716000e-05	3.738303e-02	-1.354131e+01
1.717000e-05	4.815202e-02	-1.373066e+01
1.718000e-05	4.794441e-02	-1.382755e+01
1.719000e-05	3.796746e-02	-1.398984e+01
1.720000e-05	4.737643e-02	-1.407018e+01
1.721000e-05	4.455043e-02	-1.423642e+01
1.722000e-05	6.293760e-02	-1.435229e+01
1.723000e-05	4.931407e-02	-1.446553e+01
1.724000e-05	6.001997e-02	-1.456281e+01
1.725000e-05	5.029233e-02	-1.465645e+01
1.726000e-05	6.930850e-02	-1.476128e+01
1.727000e-05	5.987961e-02	-1.484650e+01
1.728000e-05	6.888716e-02	-1.493013e+01
1.729000e-05	6.284590e-02	-1.499187e+01
1.730000e-05	7.465197e-02	-1.504813e+01
1.731000e-05	7.290314e-02	-1.512024e+01
1.732000e-05	7.458275e-02	-1.515337e+01
1.733000e-05	7.601389e-02	-1.520697e+01
1.734000e-05	8.342394e-02	-1.524760e+01
1.735000e-05	9.319136e-02	-1.530020e+01
1.736000e-05	9.107075e-02	-1.538229e+01
1.737000e-05	9.461178e-02	-1.536487e+01
1.738000e-05	9.397062e-02	-1.538542e+01
1.739000e-05	1.049058e-01	-1.542597e+01
1.740000e-05	1.081118e-01	-1.541860e+01
1.741000e-05	1.142933e-01	-1.542710e+01
1.742000e-05	1.185249e-01	-1.545911e+01
1.743000e-05	1.289753e-01	-1.542765e+01
1.744000e-05	1.372064e-01	-1.542752e+01
1.745000e-05	1.418200e-01	-1.542600e+01
1.746000e-05	1.503187e-01	-1.539692e+01
1.747000e-05	1.648528e-01	-1.540599e+01
1.748000e-05	1.861314e-01	-1.536439e+01
1.749000e-05	2.081019e-01	-1.530268e+01
1.750000e-05	2.355193e-01	-1.525961e+01
1.751000e-05	2.489388e-01	-1.523658e+01
1.752000e-05	2.500000e-01	-1.518397e+01
1.753000e-05	2.500000e-01	-1.515331e+01
1.754000e-05	2.500000e-01	-1.505968e+01
1.755000e-05	2.500000e-01	-1.497444e+01
1.756000e-05	2.500000e-01	-1.492231e+01
1.757000e-05	2.500000e-01	-1.475860e+01
1.758000e-05	2.389864e-01	-1.478589e+01
1.759000e-05	2.053044e-01	-1.467918e+01
1.760000e-05	1.745871e-01	-1.453636e+01
1.761000e-05	1.554482e-01	-1.446073e+01
1.762000e-05	1.363014e-01	-1.438449e+01
1.763000e-05	1.202313e-01	-1.424868e+01
1.764000e-05	1.037440e-01	-1.409431e+01
1.765000e-05	9.569077e-02	-1.403805e+01
1.766000e-05	8.682518e-02	-1.385168e+01
1.767000e-05	7.883216e-02	-1.372389e+01
1.768000e-05	7.062842e-02	-1.360704e+01
1.769000e-05	6.629862e-02	-1.344968e+01
1.770000e-05	6.284230e-02	-1.330279e+01
1.771000e-05	5.713592e-02	-1.316601e+01
1.772000e-05	5.102490e-02	-1.302914e+01
1.773000e-05	4.643434e-02	-1.290078e+01
1.774000e-05	4.493727e-02	-1.267231e+01
1.775000e-05	4.320928e-02	-1.253497e+01
1.776000e-05	3.929872e-02	-1.234394e+01
1.777000e-05	3.539514e-02	-1.217747e+01
1.778000e-05	3.446740e-02	-1.193805e+01
1.779000e-05	3.165238e-02	-1.181763e+01
1.780000e-05	3.024146e-02	-1.160895e+01
1.781000e-05	2.657450e-02	-1.132497e+01
1.782000e-05	2.605913e-02	-1.112704e+01
1.783000e-05	2.546857e-02	-1.095689e+01
1.784000e-05	2.580138e-02	-1.076744e+01
1.785000e-05	2.179132e-02	-1.055702e+01
1.786000e-05	1.990812e-02	-1.036544e+01
1.787000e-05	1.887969e-02	-1.010539e+01
1.788000e-05	1.889400e-02	-9.904331e+00
1.789000e-05	1.758472e-02	-9.704335e+00
1.790000e-05	1.501926e-02	-9.472858e+00
1.791000e-05	1.476529e-02	-9.242078e+00
1.792000e-05	1.471541e-02	-8.979624e+00
1.793000e-05	1.367675e-02	-8.780566e+00
1.794000e-05	1.069143e-02	-8.495415e+00
1.795000e-05	9.993114e-03	-8.264283e+00
1.796000e-05	9.753024e-03	-8.084808e+00
1.797000e-05	1.028134e-02	-7.752071e+00
1.798000e-05	8.021410e-03	-7.513863e+00
1.799000e-05	6.730075e-03	-7.253804e+00
1.800000e-05	5.969168e-03	-6.991622e+00
1.801000e-05	6.739476e-03	-6.737492e+00
1.802000e-05	5.441761e-03	-6.485258e+00
1.803000e-05	3.679248e-03	-6.193252e+00
1.804000e-05	3.614409e-03	-5.949022e+00
1.805000e-05	3.442167e-03	-5.727282e+00
1.806000e-05	3.275139e-03	-5.401146e+00
1.807000e-05	7.245922e-05	-5.108563e+00
1.808000e-05	-5.825582e-04	-4.762221e+00
1.809000e-05	7.221310e-04	-4.506913e+00
1.810000e-05	5.922683e-04	-4.265284e+00
1.811000e-05	4.015628e-04	-3.992724e+00
1.812000e-05	-3.284053e-03	-3.748440e+00
1.813000e-05	-2.013077e-03	-3.454229e+00
1.814000e-05	-4.290315e-03	-3.160674e+00
1.815000e-05	-1.885602e-03	-2.925860e+00
1.816000e-05	-4.702280e-03	-2.631649e+00
1.817000e-05	-2.857857e-03	-2.358463e+00
1.818000e-05	-5.093464e-03	-2.013182e+00
1.819000e-05	-3.850110e-03	-1.740019e+00
1.820000e-05	-6.232754e-03	-1.517359e+00
1.821000e-05	-6.691177e-03	-1.150468e+00
1.822000e-05	-6.966739e-03	-8.253068e-01
1.823000e-05	-5.973530e-03	-5.411673e-01
1.824000e-05	-6.437065e-03	-2.968656e-01
1.825000e-05	-4.905840e-03	-5.307875e-02
1.826000e-05	7.240223e-03	2.810629e-01
1.827000e-05	6.337480e-04	5.252894e-01
1.828000e-05	4.391070e-03	7.852986e-01
1.829000e-05	-5.182201e-04	1.092035e+00
1.830000e-05	3.521093e-04	1.353241e+00
1.831000e-05	-1.452267e-03	1.720185e+00
1.832000e-05	7.699919e-03	1.922691e+00
1.833000e-05	3.382924e-02	2.133145e+00
1.834000e-05	1.088914e-01	2.397352e+00
1.835000e-05	-1.636760e-03	2.788348e+00
1.836000e-05	-4.659004e-02	3.140510e+00
1.837000e-05	-3.271760e-02	3.382742e+00
1.838000e-05	-2.897544e-02	3.680008e+00
1.839000e-05	-6.600622e-02	3.852608e+00
1.840000e-05	-5.750650e-02	4.108653e+00
1.841000e-05	1.039708e-01	4.353716e+00
1.842000e-05	-5.897729e-02	4.658606e+00
1.843000e-05	2.441687e-02	4.878559e+00
1.844000e-05	9.803472e-02	5.235853e+00
1.845000e-05	-1.347146e-01	5.562159e+00
1.846000e-05	7.088439e-02	5.791273e+00
1.847000e-05	-6.518204e-02	6.080583e+00
1.848000e-05	3.844442e-02	6.338560e+00
1.849000e-05	1.352888e-03	6.614772e+00
1.850000e-05	-4.870281e-02	6.900532e+00
1.851000e-05	3.929066e-02	7.140092e+00
1.852000e-05	-5.734846e-02	7.443346e+00
1.853000e-05	3.459412e-02	7.698478e+00
1.854000e-05	-7.186944e-02	7.982218e+00
1.855000e-05	2.579254e-02	8.233424e+00
1.856000e-05	5.733812e-03	8.397383e+00
1.857000e-05	-2.779633e-02	8.629506e+00
1.858000e-05	1.258140e-02	8.947933e+00
1.859000e-05	-6.760076e-02	9.109760e+00
1.860000e-05	1.024946e-02	9.384294e+00
1.861000e-05	-2.465220e-02	9.593894e+00
1.862000e-05	5.105682e-03	9.834373e+00
1.863000e-05	-3.871528e-02	1.004738e+01
1.864000e-05	-1.021391e-02	1.024800e+01
1.865000e-05	-5.615416e-03	1.052709e+01
1.866000e-05	-2.997193e-02	1.070763e+01
1.867000e-05	-2.204683e-02	1.091805e+01
1.868000e-05	-4.236352e-02	1.107701e+01
1.869000e-05	-5.368175e-03	1.132214e+01
1.870000e-05	-2.585310e-02	1.148811e+01
1.871000e-05	-2.186816e-02	1.174873e+01
1.872000e-05	-4.536500e-02	1.191916e+01
1.873000e-05	-2.323121e-02	1.210864e+01
1.874000e-05	-2.369379e-02	1.229660e+01
1.875000e-05	-2.713851e-02	1.243853e+01
1.876000e-05	-4.152284e-02	1.260750e+01
1.877000e-05	-4.134795e-02	1.280179e+01
1.878000e-05	-2.697683e-02	1.294226e+01
1.879000e-05	-3.503902e-02	1.310068e+01
1.880000e-05	-4.125485e-02	1.325856e+01
1.881000e-05	-5.134505e-02	1.340587e+01
1.882000e-05	-3.295808e-02	1.355082e+01
1.883000e-05	-3.805211e-02	1.368811e+01
1.884000e-05	-4.383965e-02	1.382610e+01
1.885000e-05	-6.074161e-02	1.393026e+01
1.886000e-05	-5.173880e-02	1.405966e+01
1.887000e-05	-4.709849e-02	1.424387e+01
1.888000e-05	-5.009499e-02	1.434078e+01
1.889000e-05	-6.199918e-02	1.442865e+01
1.890000e-05	-6.495885e-02	1.458232e+01
1.891000e-05	-5.511768e-02	1.461870e+01
1.892000e-05	-5.961629e-02	1.470929e+01
1.893000e-05	-6.591166e-02	1.480545e+01
1.894000e-05	-7.647677e-02	1.491058e+01
1.895000e-05	-7.012294e-02	1.496384e+01
1.896000e-05	-7.062139e-02	1.500456e+01
1.897000e-05	-7.803545e-02	1.505766e+01
1.898000e-05	-8.946923e-02	1.516329e+01
1.899000e-05	-9.151635e-02	1.519497e+01
1.900000e-05	-8.407965e-02	1.521603e+01
1.901000e-05	-8.867716e-02	1.528110e+01
1.902000e-05	-9.757416e-02	1.533129e+01
1.903000e-05	-1.068971e-01	1.536286e+01
1.904000e-05	-1.032990e-01	1.541292e+01
1.905000e-05	-1.078011e-01	1.539454e+01
1.906000e-05	-1.178732e-01	1.538449e+01
1.907000e-05	-1.287582e-01	1.539665e+01
1.908000e-05	-1.316696e-01	1.543565e+01
1.909000e-05	-1.319736e-01	1.537507e+01
1.910000e-05	-1.421768e-01	1.539602e+01
1.911000e-05	-1.573017e-01	1.537502e+01
1.912000e-05	-1.670977e-01	1.539094e+01
1.913000e-05	-1.767272e-01	1.533234e+01
1.914000e-05	-1.941621e-01	1.528184e+01
1.915000e-05	-2.281582e-01	1.525821e+01
1.916000e-05	-2.484913e-01	1.522807e+01
1.917000e-05	-2.499992e-01	1.516545e+01
1.918000e-05	-2.500000e-01	1.513086e+01
1.919000e-05	-2.500000e-01	1.507023e+01
1.920000e-05	-2.500000e-01	1.498560e+01
1.921000e-05	-2.500000e-01	1.492289e+01
1.922000e-05	-2.500000e-01	1.485968e+01
1.923000e-05	-2.497000e-01	1.479497e+01
1.924000e-05	-2.371289e-01	1.468026e+01
1.925000e-05	-2.082912e-01	1.459710e+01
1.926000e-05	-1.767947e-01	1.451286e+01
1.927000e-05	-1.538221e-01	1.437660e+01
1.928000e-05	-1.371409e-01	1.427181e+01
1.929000e-05	-1.264229e-01	1.417509e+01
1.930000e-05	-1.107433e-01	1.406865e+01
1.931000e-05	-9.753573e-02	1.390191e+01
1.932000e-05	-9.212204e-02	1.378605e+01
1.933000e-05	-8.960937e-02	1.363763e+01
1.934000e-05	-8.365999e-02	1.351276e+01
1.935000e-05	-7.479799e-02	1.340602e+01
1.936000e-05	-6.941173e-02	1.322767e+01
1.937000e-05	-6.764909e-02	1.304176e+01
1.938000e-05	-6.394191e-02	1.290238e+01
1.939000e-05	-5.711691e-02	1.272497e+01
1.940000e-05	-5.269485e-02	1.253752e+01
1.941000e-05	-5.072627e-02	1.244063e+01
1.942000e-05	-5.281286e-02	1.223078e+01
1.943000e-05	-4.910356e-02	1.210228e+01
1.944000e-05	-4.544026e-02	1.186388e+01
1.945000e-05	-4.293932e-02	1.169441e+01
1.946000e-05	-4.472968e-02	1.147189e+01
1.947000e-05	-4.300921e-02	1.125336e+01
1.948000e-05	-3.933807e-02	1.108231e+01
1.949000e-05	-3.505464e-02	1.089281e+01
1.950000e-05	-3.614639e-02	1.066281e+01
1.951000e-05	-3.637447e-02	1.047030e+01
1.952000e-05	-3.507217e-02	1.023070e+01
1.953000e-05	-3.189222e-02	1.004078e+01
1.954000e-05	-3.222479e-02	9.770129e+00
1.955000e-05	-3.322479e-02	9.569043e+00
1.956000e-05	-3.149787e-02	9.358495e+00
1.957000e-05	-2.825897e-02	9.126967e+00
1.958000e-05	-2.712168e-02	8.905833e+00
1.959000e-05	-2.814516e-02	8.643754e+00
1.960000e-05	-2.853852e-02	8.441177e+00
1.961000e-05	-2.657520e-02	8.169124e+00
1.962000e-05	-2.467463e-02	7.905988e+00
1.963000e-05	-2.407387e-02	7.675359e+00
1.964000e-05	-2.633972e-02	7.400102e+00
1.965000e-05	-2.483300e-02	7.148446e+00
1.966000e-05	-2.220386e-02	6.893837e+00
1.967000e-05	-2.081249e-02	6.613253e+00
1.968000e-05	-2.292979e-02	6.369468e+00
1.969000e-05	-2.199210e-02	6.108341e+00
1.970000e-05	-2.092288e-02	5.865285e+00
1.971000e-05	-1.959967e-02	5.600047e+00
1.972000e-05	-1.990523e-02	5.337487e+00
1.973000e-05	-2.078630e-02	4.968627e+00
1.974000e-05	-1.967223e-02	4.685387e+00
1.975000e-05	-1.831015e-02	4.413255e+00
1.976000e-05	-1.706879e-02	4.150013e+00
1.977000e-05	-1.821434e-02	3.844261e+00
1.978000e-05	-1.807287e-02	3.580104e+00
1.979000e-05	-1.547572e-02	3.316896e+00
1.980000e-05	-1.423061e-02	3.023728e+00
1.981000e-05	-1.601411e-02	2.770596e+00
1.982000e-05	-1.693102e-02	2.415808e+00
1.983000e-05	-1.590143e-02	2.171071e+00
1.984000e-05	-1.339169e-02	1.917917e+00
1.985000e-05	-1.282237e-02	1.562729e+00
1.986000e-05	-1.355670e-02	1.338016e+00
1.987000e-05	-1.286893e-02	9.922264e-01
1.988000e-05	-1.099293e-02	7.104634e-01
1.989000e-05	-1.025993e-02	4.432777e-01
1.990000e-05	-9.177701e-03	1.200434e-01
1.991000e-05	-7.323719e-03	-1.646670e-01
1.992000e-05	6.430484e-03	-3.889237e-01
1.993000e-05	-3.865173e-03	-6.795328e-01
1.994000e-05	4.568791e-03	-9.251644e-01
1.995000e-05	-3.820747e-03	-1.226798e+00
1.996000e-05	3.167128e-03	-1.514565e+00
1.997000e-05	4.198707e-04	-1.774743e+00
1.998000e-05	3.460661e-02	-2.008375e+00
1.999000e-05	1.178071e-01	-2.238351e+00
2.000000e-05	2.659386e-02	-2.646801e+00
2.001000e-05	-4.703538e-02	-3.037384e+00
2.002000e-05	-9.808530e-03	-3.355242e+00
2.003000e-05	-4.390126e-02	-3.533242e+00
2.004000e-05	-7.859224e-02	-3.762223e+00
2.005000e-05	1.159641e-02	-3.986852e+00
2.006000e-05	1.263651e-01	-4.183742e+00
2.007000e-05	-1.594003e-01	-4.469037e+00
2.008000e-05	2.101625e-01	-4.753795e+00
2.009000e-05	-8.648863e-02	-5.046872e+00
2.010000e-05	1.056157e-02	-5.414370e+00
2.011000e-05	5.827344e-02	-5.637425e+00
2.012000e-05	-1.413047e-01	-5.942695e+00
2.013000e-05	1.913283e-01	-6.173750e+00
2.014000e-05	-1.015806e-01	-6.455956e+00
2.015000e-05	9.734858e-02	-6.763611e+00
2.016000e-05	-2.312973e-03	-6.981822e+00
2.017000e-05	-4.615853e-02	-7.311059e+00
2.018000e-05	1.006924e-01	-7.552636e+00
2.019000e-05	-1.045219e-01	-7.843951e+00
2.020000e-05	1.415005e-01	-8.111059e+00
2.021000e-05	-6.208901e-02	-8.319136e+00
2.022000e-05	6.507678e-02	-8.584723e+00
2.023000e-05	3.050736e-02	-8.835424e+00
2.024000e-05	-5.502914e-02	-9.089002e+00
2.025000e-05	8.433368e-02	-9.238029e+00
2.026000e-05	-6.114649e-02	-9.518558e+00
2.027000e-05	1.232944e-01	-9.771193e+00
2.028000e-05	-4.749182e-02	-9.951192e+00
2.029000e-05	8.241277e-02	-1.017529e+01
2.030000e-05	-1.958137e-02	-1.040432e+01
2.031000e-05	3.628141e-02	-1.060585e+01
2.032000e-05	2.958787e-02	-1.076585e+01
2.033000e-05	-2.290602e-03	-1.100445e+01
2.034000e-05	6.384142e-02	-1.119242e+01
2.035000e-05	-9.592699e-03	-1.145645e+01
2.036000e-05	7.670261e-02	-1.165505e+01
2.037000e-05	-1.695450e-02	-1.184593e+01
2.038000e-05	6.230283e-02	-1.205745e+01
2.039000e-05	8.354488e-05	-1.224602e+01
2.040000e-05	6.461389e-02	-1.244435e+01
2.041000e-05	1.806056e-02	-1.256322e+01
2.042000e-05	3.995793e-02	-1.276127e+01
2.043000e-05	2.842498e-02	-1.292063e+01
2.044000e-05	3.688139e-02	-1.307846e+01
2.045000e-05	4.604374e-02	-1.320597e+01
2.046000e-05	3.096898e-02	-1.341427e+01
2.047000e-05	5.436503e-02	-1.347971e+01
2.048000e-05	3.409087e-02	-1.366600e+01
2.049000e-05	6.084930e-02	-1.379392e+01
2.050000e-05	3.089493e-02	-1.395159e+01
2.051000e-05	5.244413e-02	-1.403710e+01
2.052000e-05	3.807960e-02	-1.423239e+01
2.053000e-05	6.373263e-02	-1.429965e+01
2.054000e-05	4.953312e-02	-1.441390e+01
2.055000e-05	6.012237e-02	-1.456118e+01
2.056000e-05	5.104442e-02	-1.460390e+01
2.057000e-05	6.451655e-02	-1.470066e+01
2.058000e-05	6.358412e-02	-1.479489e+01
2.059000e-05	6.384821e-02	-1.487961e+01
2.060000e-05	6.648265e-02	-1.494284e+01
2.061000e-05	6.958361e-02	-1.503502e+01
2.062000e-05	7.725002e-02	-1.508968e+01
2.063000e-05	7.123513e-02	-1.515289e+01
2.064000e-05	7.717886e-02	-1.518489e+01
2.065000e-05	7.749551e-02	-1.522653e+01
2.066000e-05	9.182447e-02	-1.529971e+01
2.067000e-05	9.125543e-02	-1.534926e+01
2.068000e-05	9.579879e-02	-1.535284e+01
2.069000e-05	9.391062e-02	-1.537299e+01
2.070000e-05	1.020783e-01	-1.542802e+01
2.071000e-05	1.067675e-01	-1.545860e+01
2.072000e-05	1.114493e-01	-1.543810e+01
2.073000e-05	1.162730e-01	-1.546958e+01
2.074000e-05	1.245096e-01	-1.544865e+01
2.075000e-05	1.345647e-01	-1.544670e+01
2.076000e-05	1.408855e-01	-1.543910e+01
2.077000e-05	1.480340e-01	-1.541657e+01
2.078000e-05	1.591888e-01	-1.539657e+01
2.079000e-05	1.779251e-01	-1.538495e+01
2.080000e-05	2.003752e-01	-1.533086e+01
2.081000e-05	2.256173e-01	-1.528165e+01
2.082000e-05	2.474071e-01	-1.523760e+01
2.083000e-05	2.499832e-01	-1.518547e+01
2.084000e-05	2.500000e-01	-1.514334e+01
2.085000e-05	2.500000e-01	-1.502923e+01
2.086000e-05	2.500000e-01	-1.499805e+01
2.087000e-05	2.500000e-01	-1.492396e+01
2.088000e-05	2.500000e-01	-1.487916e+01
2.089000e-05	2.480787e-01	-1.477444e+01
2.090000e-05	2.170407e-01	-1.466328e+01
2.091000e-05	1.854875e-01	-1.461605e+01
2.092000e-05	1.612126e-01	-1.448181e+01
2.093000e-05	1.444217e-01	-1.442607e+01
2.094000e-05	1.254890e-01	-1.427026e+01
2.095000e-05	1.117383e-01	-1.416642e+01
2.096000e-05	9.913256e-02	-1.403868e+01
2.097000e-05	9.117735e-02	-1.392229e+01
2.098000e-05	8.084919e-02	-1.380802e+01
2.099000e-05	7.316063e-02	-1.363163e+01
2.100000e-05	6.657551e-02	-1.348271e+01
2.101000e-05	6.368820e-02	-1.336499e+01
2.102000e-05	5.871737e-02	-1.322652e+01
2.103000e-05	5.205679e-02	-1.307168e+01
2.104000e-05	4.939760e-02	-1.288384e+01
2.105000e-05	4.347791e-02	-1.277544e+01
2.106000e-05	4.595178e-02	-1.256807e+01
2.107000e-05	4.177157e-02	-1.241965e+01
2.108000e-05	3.727486e-02	-1.224023e+01
2.109000e-05	3.667184e-02	-1.209278e+01
2.110000e-05	3.165871e-02	-1.185121e+01
2.111000e-05	3.051103e-02	-1.168276e+01
2.112000e-05	2.530310e-02	-1.142368e+01
2.113000e-05	2.571917e-02	-1.123865e+01
2.114000e-05	2.652612e-02	-1.102910e+01
2.115000e-05	2.672002e-02	-1.081113e+01
2.116000e-05	2.470646e-02	-1.062758e+01
2.117000e-05	2.091436e-02	-1.042005e+01
2.118000e-05	1.970856e-02	-1.018917e+01
2.119000e-05	1.888542e-02	-9.968017e+00
2.120000e-05	1.691937e-02	-9.747423e+00
2.121000e-05	1.558863e-02	-9.546941e+00
2.122000e-05	1.470676e-02	-9.285360e+00
2.123000e-05	1.498006e-02	-9.093784e+00
2.124000e-05	1.406085e-02	-8.853208e+00
2.125000e-05	1.247155e-02	-8.582625e+00
2.126000e-05	1.127313e-02	-8.378444e+00
2.127000e-05	1.082535e-02	-8.176918e+00
2.128000e-05	1.054777e-02	-7.904862e+00
2.129000e-05	8.812642e-03	-7.589170e+00
2.130000e-05	6.784421e-03	-7.328042e+00
2.131000e-05	5.440897e-03	-7.104358e+00
2.132000e-05	4.869265e-03	-6.842652e+00
2.133000e-05	5.419303e-03	-6.559094e+00
2.134000e-05	4.765415e-03	-6.326932e+00
2.135000e-05	4.736889e-03	-6.015330e+00
2.136000e-05	3.146929e-03	-5.790620e+00
2.137000e-05	4.717788e-03	-5.506312e+00
2.138000e-05	8.280616e-04	-5.191747e+00
2.139000e-05	5.585587e-04	-4.907958e+00
2.140000e-05	3.318847e-04	-4.581068e+00
2.141000e-05	3.076330e-04	-4.351098e+00
2.142000e-05	8.082948e-04	-4.085937e+00
2.143000e-05	-2.001313e-03	-3.802728e+00
2.144000e-05	-1.846655e-03	-3.557963e+00
2.145000e-05	-3.513517e-03	-3.306258e+00
2.146000e-05	-2.035522e-03	-2.971670e+00
2.147000e-05	-4.278899e-03	-2.696963e+00
2.148000e-05	-3.481114e-03	-2.424181e+00
2.149000e-05	-5.067746e-03	-2.119490e+00
2.150000e-05	-3.282389e-03	-1.876283e+00
2.151000e-05	-5.210382e-03	-1.583149e+00
2.152000e-05	-6.611664e-03	-1.216710e+00
2.153000e-05	-8.297132e-03	-9.590936e-01
2.154000e-05	-6.434344e-03	-6.768868e-01
2.155000e-05	-5.952973e-03	-3.515951e-01
2.156000e-05	-5.366589e-03	-1.194120e-01
2.157000e-05	2.194855e-03	1.557233e-01
2.158000e-05	5.297301e-03	4.394827e-01
2.159000e-05	-1.252523e-04	6.916631e-01
2.160000e-05	3.914053e-03	9.547208e-01
2.161000e-05	-2.401852e-03	1.250509e+00
2.162000e-05	7.087356e-04	1.563743e+00
2.163000e-05	-1.531850e-05	1.838956e+00
2.164000e-05	2.319895e-02	2.060504e+00
2.165000e-05	8.329805e-02	2.322663e+00
2.166000e-05	6.436721e-02	2.691064e+00
2.167000e-05	-6.303028e-02	2.955296e+00
2.168000e-05	-2.402455e-02	3.239508e+00
2.169000e-05	-3.894189e-02	3.594818e+00
2.170000e-05	-3.764062e-02	3.827373e+00
2.171000e-05	-8.801313e-02	3.976372e+00
2.172000e-05	5.007730e-02	4.249401e+00
2.173000e-05	4.612191e-02	4.594246e+00
2.174000e-05	-9.230230e-02	4.806874e+00
2.175000e-05	1.743753e-01	5.098982e+00
2.176000e-05	-1.233055e-01	5.436400e+00
2.177000e-05	2.159604e-02	5.680607e+00
2.178000e-05	-1.164472e-02	5.994722e+00
2.179000e-05	-2.540608e-02	6.216296e+00
2.180000e-05	5.509461e-02	6.477479e+00
2.181000e-05	-7.011371e-02	6.805370e+00
2.182000e-05	4.070886e-02	7.014404e+00
2.183000e-05	-4.305251e-02	7.270531e+00
2.184000e-05	1.231588e-02	7.581768e+00
2.185000e-05	-3.519057e-02	7.856331e+00
2.186000e-05	-2.677780e-02	8.170209e+00
2.187000e-05	3.732568e-02	8.372242e+00
2.188000e-05	-3.736743e-02	8.574896e+00
2.189000e-05	1.474824e-02	8.814302e+00
2.190000e-05	-4.179791e-02	9.076978e+00
2.191000e-05	-2.588257e-02	9.269085e+00
2.192000e-05	5.123171e-03	9.489038e+00
2.193000e-05	-1.779479e-02	9.761188e+00
2.194000e-05	-1.230057e-02	1.000177e+01
2.195000e-05	-3.942636e-02	1.018534e+01
2.196000e-05	6.789253e-03	1.038480e+01
2.197000e-05	-2.848005e-02	1.060740e+01
2.198000e-05	-2.046845e-02	1.082500e+01
2.199000e-05	-3.392643e-02	1.107590e+01
2.200000e-05	-2.326881e-02	1.122458e+01
2.201000e-05	-8.911142e-03	1.147606e+01
2.202000e-05	-3.345572e-02	1.168405e+01
2.203000e-05	-3.104991e-02	1.187598e+01
2.204000e-05	-4.112664e-02	1.204595e+01
2.205000e-05	-1.476862e-02	1.221547e+01
2.206000e-05	-2.751089e-02	1.240340e+01
2.207000e-05	-3.342465e-02	1.256330e+01
2.208000e-05	-4.458714e-02	1.274919e+01
2.209000e-05	-3.211518e-02	1.289861e+01
2.210000e-05	-2.899202e-02	1.303550e+01
2.211000e-05	-4.204567e-02	1.322430e+01
2.212000e-05	-4.600247e-02	1.338129e+01
2.213000e-05	-4.200842e-02	1.348959e+01
2.214000e-05	-3.448994e-02	1.362653e+01
2.215000e-05	-4.355885e-02	1.383239e+01
2.216000e-05	-5.665349e-02	1.390964e+01
2.217000e-05	-5.416015e-02	1.402395e+01
2.218000e-05	-4.554278e-02	1.419386e+01
2.219000e-05	-4.584755e-02	1.428964e+01
2.220000e-05	-5.820989e-02	1.441203e+01
2.221000e-05	-6.618818e-02	1.449968e+01
2.222000e-05	-6.113809e-02	1.466552e+01
2.223000e-05	-5.946158e-02	1.473965e+01
2.224000e-05	-6.336211e-02	1.480392e+01
2.225000e-05	-7.256521e-02	1.485858e+01
2.226000e-05	-6.833421e-02	1.493229e+01
2.227000e-05	-6.801928e-02	1.498539e+01
2.228000e-05	-7.360532e-02	1.509803e+01
2.229000e-05	-8.803042e-02	1.516024e+01
2.230000e-05	-9.381624e-02	1.517297e+01
2.231000e-05	-8.776448e-02	1.518608e+01
2.232000e-05	-8.703485e-02	1.525766e+01
2.233000e-05	-9.434158e-02	1.534974e+01
2.234000e-05	-1.031272e-01	1.534192e+01
2.235000e-05	-1.024612e-01	1.538239e+01
2.236000e-05	-1.046878e-01	1.535397e+01
2.237000e-05	-1.129775e-01	1.542347e+01
2.238000e-05	-1.267476e-01	1.546505e+01
2.239000e-05	-1.302111e-01	1.540657e+01
2.240000e-05	-1.306137e-01	1.542608e+01
2.241000e-05	-1.368125e-01	1.542607e+01
2.242000e-05	-1.522133e-01	1.540510e+01
2.243000e-05	-1.653630e-01	1.538349e+01
2.244000e-05	-1.727733e-01	1.534346e+01
2.245000e-05	-1.883683e-01	1.532181e+01
2.246000e-05	-2.141360e-01	1.527823e+01
2.247000e-05	-2.445653e-01	1.528810e+01
2.248000e-05	-2.499679e-01	1.519647e+01
2.249000e-05	-2.500000e-01	1.514186e+01
2.250000e-05	-2.500000e-01	1.510979e+01
2.251000e-05	-2.500000e-01	1.503808e+01
2.252000e-05	-2.500000e-01	1.499592e+01
2.253000e-05	-2.500000e-01	1.491874e+01
2.254000e-05	-2.500000e-01	1.477752e+01
2.255000e-05	-2.447617e-01	1.475981e+01
2.256000e-05	-2.174498e-01	1.465822e+01
2.257000e-05	-1.846100e-01	1.454489e+01
2.258000e-05	-1.590738e-01	1.445965e+01
2.259000e-05	-1.411148e-01	1.431296e+01
2.260000e-05	-1.321831e-01	1.423905e+01
2.261000e-05	-1.189172e-01	1.410216e+01
2.262000e-05	-1.048672e-01	1.396404e+01
2.263000e-05	-9.330888e-02	1.380968e+01
2.264000e-05	-9.177100e-02	1.368339e+01
2.265000e-05	-8.351702e-02	1.357647e+01
2.266000e-05	-7.801714e-02	1.343820e+01
2.267000e-05	-6.627762e-02	1.330331e+01
2.268000e-05	-6.541073e-02	1.314384e+01
2.269000e-05	-6.561845e-02	1.294502e+01
2.270000e-05	-6.158133e-02	1.281962e+01
2.271000e-05	-5.625475e-02	1.267018e+01
2.272000e-05	-5.342605e-02	1.251431e+01
2.273000e-05	-5.456678e-02	1.236384e+01
2.274000e-05	-5.026149e-02	1.215549e+01
2.275000e-05	-4.471202e-02	1.195649e+01
2.276000e-05	-4.034969e-02	1.180595e+01
2.277000e-05	-4.248043e-02	1.156757e+01
2.278000e-05	-4.341784e-02	1.134652e+01
2.279000e-05	-4.186278e-02	1.113441e+01
2.280000e-05	-3.773495e-02	1.091794e+01
2.281000e-05	-3.819280e-02	1.077797e+01
2.282000e-05	-3.771320e-02	1.055597e+01
2.283000e-05	-3.605904e-02	1.031496e+01
2.284000e-05	-3.079236e-02	1.011486e+01
2.285000e-05	-2.934450e-02	9.862807e+00
2.286000e-05	-3.126592e-02	9.681231e+00
2.287000e-05	-3.205811e-02	9.440653e+00
2.288000e-05	-2.933502e-02	9.210197e+00
2.289000e-05	-2.851580e-02	8.989054e+00
2.290000e-05	-2.849889e-02	8.716496e+00
2.291000e-05	-2.945994e-02	8.505891e+00
2.292000e-05	-2.699977e-02	8.244885e+00
2.293000e-05	-2.413835e-02	8.031304e+00
2.294000e-05	-2.339390e-02	7.769572e+00
2.295000e-05	-2.413499e-02	7.507888e+00
2.296000e-05	-2.501822e-02	7.239828e+00
2.297000e-05	-2.268045e-02	7.000571e+00
2.298000e-05	-2.151229e-02	6.727566e+00
2.299000e-05	-2.301212e-02	6.463904e+00
2.300000e-05	-2.322190e-02	6.201224e+00
2.301000e-05	-2.108515e-02	5.988041e+00
2.302000e-05	-1.987451e-02	5.702864e+00
2.303000e-05	-1.959400e-02	5.392623e+00
2.304000e-05	-2.162503e-02	5.066511e+00
2.305000e-05	-1.912580e-02	4.720046e+00
2.306000e-05	-1.828582e-02	4.505892e+00
2.307000e-05	-1.688426e-02	4.245257e+00
2.308000e-05	-1.787959e-02	3.938143e+00
2.309000e-05	-1.812726e-02	3.685338e+00
2.310000e-05	-1.561090e-02	3.392829e+00
2.311000e-05	-1.507504e-02	3.097992e+00
2.312000e-05	-1.679123e-02	2.842835e+00
2.313000e-05	-1.743550e-02	2.580221e+00
2.314000e-05	-1.523696e-02	2.277812e+00
2.315000e-05	-1.256121e-02	2.031629e+00
2.316000e-05	-1.156067e-02	1.728492e+00
2.317000e-05	-1.424023e-02	1.413804e+00
2.318000e-05	-1.297714e-02	1.120018e+00
2.319000e-05	-1.262550e-02	8.117040e-01
2.320000e-05	-1.132512e-02	4.985196e-01
2.321000e-05	-1.108553e-02	1.864568e-01
2.322000e-05	-8.341091e-03	-6.000532e-02
2.323000e-05	2.179000e-03	-3.236106e-01
2.324000e-05	3.176736e-03	-5.447410e-01
2.325000e-05	5.002443e-04	-8.504788e-01
2.326000e-05	5.632182e-04	-1.111587e+00
2.327000e-05	-3.340908e-04	-1.457330e+00
2.328000e-05	6.175492e-04	-1.679504e+00
2.329000e-05	1.678067e-02	-1.911711e+00
2.330000e-05	8.090572e-02	-2.161140e+00
2.331000e-05	1.000992e-01	-2.489483e+00
2.332000e-05	-6.253999e-02	-2.899538e+00
2.333000e-05	2.077317e-03	-3.268983e+00
2.334000e-05	-5.049600e-02	-3.472061e+00
2.335000e-05	-4.287086e-02	-3.670008e+00
2.336000e-05	-8.122066e-02	-3.932742e+00
2.337000e-05	1.750428e-01	-4.110061e+00
2.338000e-05	-1.245982e-01	-4.373715e+00
2.339000e-05	7.966736e-02	-4.731509e+00
2.340000e-05	7.641105e-02	-4.921109e+00
2.341000e-05	-1.347256e-01	-5.317034e+00
2.342000e-05	1.640125e-01	-5.534283e+00
2.343000e-05	-1.824241e-01	-5.866325e+00
2.344000e-05	1.192643e-01	-6.102116e+00
2.345000e-05	1.628623e-02	-6.308612e+00
2.346000e-05	-2.839260e-02	-6.677979e+00
2.347000e-05	1.155079e-01	-6.911004e+00
2.348000e-05	-1.217955e-01	-7.233217e+00
2.349000e-05	1.238788e-01	-7.477926e+00
2.350000e-05	-7.883880e-02	-7.750059e+00
2.351000e-05	6.280472e-02	-8.036421e+00
2.352000e-05	4.234085e-02	-8.217397e+00
2.353000e-05	-4.370065e-02	-8.489987e+00
2.354000e-05	1.235041e-01	-8.747662e+00
2.355000e-05	-1.032889e-01	-9.004293e+00
2.356000e-05	9.460850e-02	-9.164297e+00
2.357000e-05	-5.016425e-02	-9.435751e+00
2.358000e-05	7.853685e-02	-9.678026e+00
2.359000e-05	1.855833e-02	-9.866953e+00
2.360000e-05	1.031348e-02	-1.010011e+01
2.361000e-05	5.545093e-02	-1.028858e+01
2.362000e-05	-3.293783e-02	-1.054359e+01
2.363000e-05	8.369135e-02	-1.075021e+01
2.364000e-05	-4.030469e-02	-1.091067e+01
2.365000e-05	8.038698e-02	-1.117118e+01
2.366000e-05	-1.614893e-02	-1.132114e+01
2.367000e-05	6.967613e-02	-1.159274e+01
2.368000e-05	3.288259e-03	-1.176229e+01
2.369000e-05	3.594954e-02	-1.200432e+01
2.370000e-05	2.559090e-02	-1.212266e+01
2.371000e-05	3.300774e-02	-1.236124e+01
2.372000e-05	5.055717e-02	-1.254173e+01
2.373000e-05	1.428975e-02	-1.268906e+01
2.374000e-05	4.879325e-02	-1.284545e+01
2.375000e-05	1.599484e-02	-1.301542e+01
2.376000e-05	6.081827e-02	-1.313379e+01
2.377000e-05	2.001880e-02	-1.336058e+01
2.378000e-05	5.750675e-02	-1.345765e+01
2.379000e-05	3.059684e-02	-1.357442e+01
2.380000e-05	6.073610e-02	-1.373226e+01
2.381000e-05	3.651159e-02	-1.386758e+01
2.382000e-05	4.522967e-02	-1.399340e+01
2.383000e-05	4.062293e-02	-1.415066e+01
2.384000e-05	5.510842e-02	-1.428553e+01
2.385000e-05	5.701609e-02	-1.440274e+01
2.386000e-05	5.289163e-02	-1.450810e+01
2.387000e-05	5.721106e-02	-1.456329e+01
2.388000e-05	5.593542e-02	-1.466908e+01
2.389000e-05	6.933191e-02	-1.474381e+01
2.390000e-05	5.980299e-02	-1.485895e+01
2.391000e-05	6.863286e-02	-1.494171e+01
2.392000e-05	6.340630e-02	-1.499349e+01
2.393000e-05	7.847349e-02	-1.505858e+01
2.394000e-05	7.087367e-02	-1.514218e+01
2.395000e-05	7.701299e-02	-1.516387e+01
2.396000e-05	7.466854e-02	-1.521447e+01
2.397000e-05	8.829219e-02	-1.527855e+01
2.398000e-05	9.094691e-02	-1.534063e+01
2.399000e-05	9.270573e-02	-1.534581e+01
2.400000e-05	9.429047e-02	-1.539389e+01
2.401000e-05	9.775587e-02	-1.541847e+01
2.402000e-05	1.068837e-01	-1.541650e+01
2.403000e-05	1.082098e-01	-1.543860e+01
2.404000e-05	1.150485e-01	-1.543705e+01
2.405000e-05	1.195135e-01	-1.543910e+01
2.406000e-05	1.332883e-01	-1.542603e+01
2.407000e-05	1.381725e-01	-1.540662e+01
2.408000e-05	1.452770e-01	-1.544705e+01
2.409000e-05	1.522470e-01	-1.537597e+01
2.410000e-05	1.711765e-01	-1.538644e+01
2.411000e-05	1.910837e-01	-1.535476e+01
2.412000e-05	2.156490e-01	-1.532018e+01
2.413000e-05	2.421538e-01	-1.522910e+01
2.414000e-05	2.499368e-01	-1.522748e+01
2.415000e-05	2.500000e-01	-1.517186e+01
2.416000e-05	2.500000e-01	-1.511124e+01
2.417000e-05	2.500000e-01	-1.503858e+01
2.418000e-05	2.500000e-01	-1.498494e+01
2.419000e-05	2.500000e-01	-1.488178e+01
2.420000e-05	2.496000e-01	-1.481804e+01
2.421000e-05	2.310036e-01	-1.472284e+01
2.422000e-05	1.942387e-01	-1.465807e+01
2.423000e-05	1.700941e-01	-1.456344e+01
2.424000e-05	1.498297e-01	-1.446808e+01
2.425000e-05	1.326436e-01	-1.433286e+01
2.426000e-05	1.148143e-01	-1.423814e+01
2.427000e-05	1.033358e-01	-1.410078e+01
2.428000e-05	9.365321e-02	-1.398497e+01
2.429000e-05	8.546849e-02	-1.383857e+01
2.430000e-05	7.473804e-02	-1.368328e+01
2.431000e-05	6.785965e-02	-1.351591e+01
2.432000e-05	6.488218e-02	-1.339853e+01
2.433000e-05	6.177370e-02	-1.329073e+01
2.434000e-05	5.515947e-02	-1.312378e+01
2.435000e-05	4.976541e-02	-1.294597e+01
2.436000e-05	4.716665e-02	-1.283952e+01
2.437000e-05	4.272723e-02	-1.260070e+01
2.438000e-05	4.316436e-02	-1.250279e+01
2.439000e-05	3.574290e-02	-1.231323e+01
2.440000e-05	3.716283e-02	-1.215389e+01
2.441000e-05	3.656793e-02	-1.193899e+01
2.442000e-05	3.317902e-02	-1.171602e+01
2.443000e-05	3.046673e-02	-1.149639e+01
2.444000e-05	2.273929e-02	-1.130436e+01
2.445000e-05	2.561250e-02	-1.109283e+01
2.446000e-05	2.342761e-02	-1.087326e+01
2.447000e-05	2.366489e-02	-1.070381e+01
2.448000e-05	2.263517e-02	-1.053486e+01
2.449000e-05	2.160160e-02	-1.026278e+01
2.450000e-05	2.278271e-02	-1.005373e+01
2.451000e-05	1.981908e-02	-9.833152e+00
2.452000e-05	1.611633e-02	-9.632123e+00
2.453000e-05	1.334907e-02	-9.377100e+00
2.454000e-05	1.321671e-02	-9.118992e+00
2.455000e-05	1.376458e-02	-8.948493e+00
2.456000e-05	1.295230e-02	-8.695908e+00
2.457000e-05	1.141741e-02	-8.443204e+00
2.458000e-05	1.320032e-02	-8.211749e+00
2.459000e-05	1.164867e-02	-7.999046e+00
2.460000e-05	1.017991e-02	-7.725908e+00
2.461000e-05	6.001155e-03	-7.453224e+00
2.462000e-05	5.410028e-03	-7.221600e+00
2.463000e-05	4.714014e-03	-6.907390e+00
2.464000e-05	6.726250e-03	-6.663784e+00
2.465000e-05	4.456728e-03	-6.411124e+00
2.466000e-05	4.742589e-03	-6.138994e+00
2.467000e-05	3.968832e-03	-5.883338e+00
2.468000e-05	5.375563e-03	-5.611078e+00
2.469000e-05	2.536240e-03	-5.301014e+00
2.470000e-05	9.665336e-04	-5.033205e+00
2.471000e-05	-6.830598e-04	-4.726909e+00
2.472000e-05	8.587469e-04	-4.454732e+00
2.473000e-05	-3.698718e-04	-4.172122e+00
2.474000e-05	-6.882862e-04	-3.903957e+00
2.475000e-05	-3.027424e-03	-3.631700e+00
2.476000e-05	-2.100497e-03	-3.380523e+00
2.477000e-05	-3.436264e-03	-3.097411e+00
2.478000e-05	-2.381056e-03	-2.800227e+00
2.479000e-05	-5.015036e-03	-2.508915e+00
2.480000e-05	-3.318103e-03	-2.266284e+00
2.481000e-05	-4.823620e-03	-1.960497e+00
2.482000e-05	-3.652639e-03	-1.666810e+00
2.483000e-05	-7.165127e-03	-1.360171e+00
2.484000e-05	-6.604678e-03	-1.046356e+00
2.485000e-05	-7.095393e-03	-7.926525e-01
2.486000e-05	-5.672171e-03	-4.573094e-01
2.487000e-05	-6.285539e-03	-2.431567e-01
2.488000e-05	-1.380143e-03	7.108663e-02
2.489000e-05	7.654726e-03	3.662983e-01
2.490000e-05	-1.243760e-03	6.069011e-01
2.491000e-05	5.224417e-03	8.400042e-01
2.492000e-05	-2.329375e-03	1.186395e+00
2.493000e-05	1.044990e-03	1.459003e+00
2.494000e-05	-3.063157e-03	1.774843e+00
2.495000e-05	1.395851e-02	1.955795e+00
2.496000e-05	5.263046e-02	2.257376e+00
2.497000e-05	1.063373e-01	2.531591e+00
2.498000e-05	-4.199252e-02	2.880055e+00
2.499000e-05	-3.161727e-02	3.154295e+00
2.500000e-05	-3.893858e-02	3.477057e+00
2.501000e-05	-2.514461e-02	3.771084e+00
2.502000e-05	-8.547890e-02	3.914214e+00
2.503000e-05	-1.729578e-02	4.103191e+00
2.504000e-05	1.075856e-01	4.487481e+00
2.505000e-05	-1.133008e-01	4.723768e+00
2.506000e-05	1.226539e-01	4.991745e+00
2.507000e-05	-7.549765e-03	5.341690e+00
2.508000e-05	-7.755662e-02	5.615320e+00
2.509000e-05	5.552375e-02	5.909380e+00
2.510000e-05	-7.052480e-02	6.141715e+00
2.511000e-05	6.829305e-02	6.363268e+00
2.512000e-05	-4.390821e-02	6.697530e+00
2.513000e-05	-6.274884e-03	6.903238e+00
2.514000e-05	6.749785e-03	7.182775e+00
2.515000e-05	-3.640958e-02	7.476501e+00
2.516000e-05	1.815704e-02	7.762716e+00
2.517000e-05	-6.905185e-02	8.054929e+00
2.518000e-05	4.619831e-02	8.299634e+00
2.519000e-05	-1.973210e-02	8.509212e+00
2.520000e-05	-9.058581e-03	8.730686e+00
2.521000e-05	-4.626838e-03	8.982717e+00
2.522000e-05	-6.421355e-02	9.202394e+00
2.523000e-05	2.044626e-02	9.415924e+00
2.524000e-05	-3.261835e-02	9.626005e+00
2.525000e-05	1.016071e-02	9.919682e+00
2.526000e-05	-4.792518e-02	1.009064e+01
2.527000e-05	3.796374e-03	1.032016e+01
2.528000e-05	-1.786780e-02	1.055064e+01
2.529000e-05	-2.758606e-02	1.074024e+01
2.530000e-05	-2.490823e-02	1.093274e+01
2.531000e-05	-3.969384e-02	1.113076e+01
2.532000e-05	8.024148e-05	1.136179e+01
2.533000e-05	-3.534146e-02	1.156284e+01
2.534000e-05	-1.984938e-02	1.178334e+01
2.535000e-05	-4.992079e-02	1.197139e+01
2.536000e-05	-1.516044e-02	1.215224e+01
2.537000e-05	-2.744635e-02	1.231121e+01
2.538000e-05	-2.775818e-02	1.247921e+01
2.539000e-05	-4.326977e-02	1.267910e+01
2.540000e-05	-3.833085e-02	1.280438e+01
2.541000e-05	-2.656193e-02	1.302332e+01
2.542000e-05	-4.050341e-02	1.311026e+01
2.543000e-05	-4.159866e-02	1.332773e+01
2.544000e-05	-4.935258e-02	1.342758e+01
2.545000e-05	-2.998324e-02	1.360187e+01
2.546000e-05	-4.204457e-02	1.372274e+01
2.547000e-05	-4.839649e-02	1.386711e+01
2.548000e-05	-6.051882e-02	1.400139e+01
2.549000e-05	-4.962834e-02	1.416224e+01
2.550000e-05	-4.631339e-02	1.424770e+01
2.551000e-05	-5.397718e-02	1.435245e+01
2.552000e-05	-6.284237e-02	1.450863e+01
2.553000e-05	-6.210889e-02	1.457339e+01
2.554000e-05	-5.458214e-02	1.466961e+01
2.555000e-05	-6.245219e-02	1.473181e+01
2.556000e-05	-7.011698e-02	1.482643e+01
2.557000e-05	-7.556072e-02	1.488874e+01
2.558000e-05	-6.864187e-02	1.499442e+01
2.559000e-05	-7.163025e-02	1.501703e+01
2.560000e-05	-8.211509e-02	1.507966e+01
2.561000e-05	-9.096914e-02	1.515984e+01
2.562000e-05	-8.856230e-02	1.520545e+01
2.563000e-05	-8.510693e-02	1.525718e+01
2.564000e-05	-9.162039e-02	1.528063e+01
2.565000e-05	-1.012171e-01	1.537189e+01
2.566000e-05	-1.056709e-01	1.534289e+01
2.567000e-05	-1.039895e-01	1.536344e+01
2.568000e-05	-1.099190e-01	1.537447e+01
2.569000e-05	-1.222847e-01	1.540502e+01
2.570000e-05	-1.287402e-01	1.539505e+01
2.571000e-05	-1.306029e-01	1.540510e+01
2.572000e-05	-1.327087e-01	1.538547e+01
2.573000e-05	-1.471642e-01	1.537545e+01
2.574000e-05	-1.619090e-01	1.539349e+01
2.575000e-05	-1.718382e-01	1.538347e+01
2.576000e-05	-1.818575e-01	1.534136e+01
2.577000e-05	-2.051619e-01	1.528074e+01
2.578000e-05	-2.365200e-01	1.524758e+01
2.579000e-05	-2.491652e-01	1.523658e+01
2.580000e-05	-2.500000e-01	1.512452e+01
2.581000e-05	-2.500000e-01	1.510031e+01
2.582000e-05	-2.500000e-01	1.505768e+01
2.583000e-05	-2.500000e-01	1.503405e+01
2.584000e-05	-2.500000e-01	1.492286e+01
2.585000e-05	-2.500000e-01	1.479758e+01
2.586000e-05	-2.486949e-01	1.475239e+01
2.587000e-05	-2.282807e-01	1.468876e+01
2.588000e-05	-1.960553e-01	1.456552e+01
2.589000e-05	-1.676959e-01	1.445176e+01
2.590000e-05	-1.475207e-01	1.433599e+01
2.591000e-05	-1.359651e-01	1.427876e+01
2.592000e-05	-1.235897e-01	1.414281e+01
2.593000e-05	-1.089247e-01	1.403653e+01
2.594000e-05	-9.638606e-02	1.387133e+01
2.595000e-05	-9.183606e-02	1.374547e+01
2.596000e-05	-8.785277e-02	1.358762e+01
2.597000e-05	-8.048264e-02	1.346976e+01
2.598000e-05	-7.098115e-02	1.332486e+01
2.599000e-05	-6.712278e-02	1.317754e+01
2.600000e-05	-6.626157e-02	1.301881e+01
2.601000e-05	-6.341374e-02	1.286133e+01
2.602000e-05	-5.618214e-02	1.273284e+01
2.603000e-05	-5.263590e-02	1.254646e+01
2.604000e-05	-5.185236e-02	1.242715e+01
2.605000e-05	-5.285545e-02	1.222012e+01
2.606000e-05	-4.801041e-02	1.202973e+01
2.607000e-05	-4.374063e-02	1.186965e+01
2.608000e-05	-4.232276e-02	1.164273e+01
2.609000e-05	-4.370499e-02	1.141930e+01
2.610000e-05	-4.224621e-02	1.123922e+01
2.611000e-05	-3.788870e-02	1.102021e+01
2.612000e-05	-3.491513e-02	1.081015e+01
2.613000e-05	-3.685846e-02	1.062923e+01
2.614000e-05	-3.738714e-02	1.040962e+01
2.615000e-05	-3.384558e-02	1.019857e+01
2.616000e-05	-3.147847e-02	9.997942e+00
2.617000e-05	-3.204166e-02	9.694489e+00
2.618000e-05	-3.392121e-02	9.454915e+00
2.619000e-05	-3.154671e-02	9.285360e+00
2.620000e-05	-2.692502e-02	9.072804e+00
2.621000e-05	-2.627838e-02	8.839728e+00
2.622000e-05	-2.703417e-02	8.600650e+00
2.623000e-05	-2.804493e-02	8.388569e+00
2.624000e-05	-2.423663e-02	8.106564e+00
2.625000e-05	-2.489762e-02	7.852207e+00
2.626000e-05	-2.580674e-02	7.590176e+00
2.627000e-05	-2.754577e-02	7.347041e+00
2.628000e-05	-2.417598e-02	7.063812e+00
2.629000e-05	-2.189592e-02	6.800230e+00
2.630000e-05	-1.924753e-02	6.519616e+00
2.631000e-05	-2.224505e-02	6.285336e+00
2.632000e-05	-2.014302e-02	6.043758e+00
2.633000e-05	-2.019153e-02	5.772074e+00
2.634000e-05	-1.991450e-02	5.497338e+00
2.635000e-05	-2.318712e-02	5.233328e+00
2.636000e-05	-2.236233e-02	4.875384e+00
2.637000e-05	-1.832570e-02	4.601625e+00
2.638000e-05	-1.791425e-02	4.360100e+00
2.639000e-05	-1.433566e-02	4.013330e+00
2.640000e-05	-1.932363e-02	3.739623e+00
2.641000e-05	-1.424281e-02	3.538594e+00
2.642000e-05	-1.388168e-02	3.212252e+00
2.643000e-05	-1.596690e-02	2.939095e+00
2.644000e-05	-1.732208e-02	2.697886e+00
2.645000e-05	-1.942748e-02	2.361570e+00
2.646000e-05	-1.469945e-02	2.127463e+00
2.647000e-05	-1.331244e-02	1.805433e+00
2.648000e-05	-1.175191e-02	1.539567e+00
2.649000e-05	-1.151564e-02	1.245308e+00
2.650000e-05	-1.031718e-02	8.689860e-01
2.651000e-05	-9.292577e-03	6.133052e-01
2.652000e-05	-1.099703e-02	3.500474e-01
2.653000e-05	-1.060753e-02	3.620290e-02
2.654000e-05	-4.692974e-03	-2.474551e-01
2.655000e-05	6.176783e-03	-4.794826e-01
2.656000e-05	-3.728654e-03	-7.732435e-01
2.657000e-05	4.094621e-03	-1.047396e+00
2.658000e-05	-3.439843e-03	-1.271489e+00
2.659000e-05	3.449590e-03	-1.597321e+00
2.660000e-05	5.740510e-03	-1.827926e+00
2.661000e-05	4.998786e-02	-2.008975e+00
2.662000e-05	1.293206e-01	-2.382762e+00
2.663000e-05	-2.901505e-02	-2.743143e+00
2.664000e-05	-1.877638e-02	-3.185143e+00
2.665000e-05	-3.320476e-02	-3.447346e+00
2.666000e-05	-3.507291e-02	-3.605950e+00
2.667000e-05	-1.013657e-01	-3.859930e+00
2.668000e-05	1.042506e-01	-4.030476e+00
2.669000e-05	2.014017e-02	-4.258932e+00
2.670000e-05	-8.151665e-02	-4.583796e+00
2.671000e-05	1.969716e-01	-4.825397e+00
2.672000e-05	-1.761772e-01	-5.171142e+00
2.673000e-05	1.241352e-01	-5.529054e+00
2.674000e-05	-6.557884e-02	-5.699512e+00
2.675000e-05	-3.987596e-02	-6.004824e+00
2.676000e-05	1.469052e-01	-6.245904e+00
2.677000e-05	-1.168294e-01	-6.561665e+00
2.678000e-05	1.507195e-01	-6.776928e+00
2.679000e-05	-8.801132e-02	-7.058955e+00
2.680000e-05	4.661967e-02	-7.375194e+00
2.681000e-05	2.630616e-02	-7.624297e+00
2.682000e-05	-5.250323e-02	-7.949562e+00
2.683000e-05	1.325604e-01	-8.143188e+00
2.684000e-05	-9.385132e-02	-8.372771e+00
2.685000e-05	1.261959e-01	-8.666877e+00
2.686000e-05	-5.193750e-02	-8.888028e+00
2.687000e-05	1.768140e-02	-9.101163e+00
2.688000e-05	2.942051e-02	-9.300633e+00
2.689000e-05	-1.417611e-02	-9.603217e+00
2.690000e-05	1.008783e-01	-9.794370e+00
2.691000e-05	-4.936339e-02	-1.001540e+01
2.692000e-05	9.851648e-02	-1.024593e+01
2.693000e-05	-5.262427e-02	-1.047795e+01
2.694000e-05	8.038863e-02	-1.067703e+01
2.695000e-05	-1.865416e-02	-1.082696e+01
2.696000e-05	4.326867e-02	-1.106805e+01
2.697000e-05	2.451675e-02	-1.129753e+01
2.698000e-05	2.419754e-02	-1.153909e+01
2.699000e-05	5.130693e-02	-1.170798e+01
2.700000e-05	-2.531029e-03	-1.188903e+01
2.701000e-05	5.732455e-02	-1.206901e+01
2.702000e-05	3.073407e-03	-1.228756e+01
2.703000e-05	6.979996e-02	-1.247732e+01
2.704000e-05	4.138057e-03	-1.262445e+01
2.705000e-05	5.204570e-02	-1.280389e+01
2.706000e-05	1.510256e-02	-1.296271e+01
2.707000e-05	5.506299e-02	-1.309018e+01
2.708000e-05	3.135255e-02	-1.320705e+01
2.709000e-05	4.594851e-02	-1.341442e+01
2.710000e-05	4.189975e-02	-1.353124e+01
2.711000e-05	4.464397e-02	-1.369865e+01
2.712000e-05	5.037212e-02	-1.380545e+01
2.713000e-05	3.585295e-02	-1.398329e+01
2.714000e-05	4.912714e-02	-1.409811e+01
2.715000e-05	4.361996e-02	-1.421455e+01
2.716000e-05	6.367332e-02	-1.434026e+01
2.717000e-05	4.833858e-02	-1.445695e+01
2.718000e-05	6.097473e-02	-1.457124e+01
2.719000e-05	5.009513e-02	-1.461797e+01
2.720000e-05	6.823991e-02	-1.472176e+01
2.721000e-05	6.041566e-02	-1.483697e+01
2.722000e-05	6.790743e-02	-1.488163e+01
2.723000e-05	6.405115e-02	-1.500382e+01
2.724000e-05	7.363136e-02	-1.503805e+01
2.725000e-05	7.362891e-02	-1.511016e+01
2.726000e-05	7.308056e-02	-1.516339e+01
2.727000e-05	7.615763e-02	-1.517497e+01
2.728000e-05	8.207656e-02	-1.522610e+01
2.729000e-05	9.339624e-02	-1.526963e+01
2.730000e-05	9.092753e-02	-1.535221e+01
2.731000e-05	9.561733e-02	-1.536394e+01
2.732000e-05	9.461413e-02	-1.539587e+01
2.733000e-05	1.043673e-01	-1.542653e+01
2.734000e-05	1.062245e-01	-1.545002e+01
2.735000e-05	1.135961e-01	-1.542560e+01
2.736000e-05	1.173054e-01	-1.543805e+01
2.737000e-05	1.284064e-01	-1.543813e+01
2.738000e-05	1.359784e-01	-1.541808e+01
2.739000e-05	1.418834e-01	-1.544708e+01
2.740000e-05	1.489176e-01	-1.542710e+01
2.741000e-05	1.645040e-01	-1.538494e+01
2.742000e-05	1.836049e-01	-1.534442e+01
2.743000e-05	2.066574e-01	-1.528928e+01
2.744000e-05	2.328200e-01	-1.525865e+01
2.745000e-05	2.486449e-01	-1.521660e+01
2.746000e-05	2.499992e-01	-1.518547e+01
2.747000e-05	2.500000e-01	-1.509226e+01
2.748000e-05	2.500000e-01	-1.505913e+01
2.749000e-05	2.500000e-01	-1.498504e+01
2.750000e-05	2.500000e-01	-1.488229e+01
2.751000e-05	2.500000e-01	-1.481808e+01
2.752000e-05	2.412254e-01	-1.475594e+01
2.753000e-05	2.080933e-01	-1.466928e+01
2.754000e-05	1.776746e-01	-1.457542e+01
2.755000e-05	1.568343e-01	-1.448018e+01
2.756000e-05	1.370393e-01	-1.437647e+01
2.757000e-05	1.205436e-01	-1.425923e+01
2.758000e-05	1.067651e-01	-1.415544e+01
2.759000e-05	9.709035e-02	-1.400547e+01
2.760000e-05	8.760390e-02	-1.385063e+01
2.761000e-05	7.869232e-02	-1.376487e+01
2.762000e-05	7.106969e-02	-1.358705e+01
2.763000e-05	6.599779e-02	-1.346018e+01
2.764000e-05	6.185181e-02	-1.330539e+01
2.765000e-05	5.625467e-02	-1.317502e+01
2.766000e-05	5.146695e-02	-1.301967e+01
2.767000e-05	4.766786e-02	-1.287228e+01
2.768000e-05	4.496426e-02	-1.270379e+01
2.769000e-05	4.177307e-02	-1.254649e+01
2.770000e-05	3.861819e-02	-1.240760e+01
2.771000e-05	3.638638e-02	-1.219005e+01
2.772000e-05	3.480529e-02	-1.202022e+01
2.773000e-05	3.341107e-02	-1.178905e+01
2.774000e-05	2.906976e-02	-1.162852e+01
2.775000e-05	2.751257e-02	-1.137812e+01
2.776000e-05	2.670149e-02	-1.115762e+01
2.777000e-05	2.627157e-02	-1.097594e+01
2.778000e-05	2.395875e-02	-1.078749e+01
2.779000e-05	2.175383e-02	-1.055650e+01
2.780000e-05	2.037778e-02	-1.039792e+01
2.781000e-05	1.932523e-02	-1.012596e+01
2.782000e-05	1.886829e-02	-9.934335e+00
2.783000e-05	1.686530e-02	-9.724836e+00
2.784000e-05	1.508984e-02	-9.483807e+00
2.785000e-05	1.474642e-02	-9.231249e+00
2.786000e-05	1.442776e-02	-8.981523e+00
2.787000e-05	1.317971e-02	-8.821544e+00
2.788000e-05	1.124820e-02	-8.527468e+00
2.789000e-05	1.065639e-02	-8.285415e+00
2.790000e-05	1.074625e-02	-8.103754e+00
2.791000e-05	9.679978e-03	-7.802250e+00
2.792000e-05	7.959670e-03	-7.506591e+00
2.793000e-05	6.752319e-03	-7.265311e+00
2.794000e-05	5.360202e-03	-7.012249e+00
2.795000e-05	5.612174e-03	-6.729070e+00
2.796000e-05	4.760185e-03	-6.508939e+00
2.797000e-05	4.970440e-03	-6.234279e+00
2.798000e-05	3.635918e-03	-5.980576e+00
2.799000e-05	3.766397e-03	-5.688858e+00
2.800000e-05	2.598362e-03	-5.452803e+00
2.801000e-05	4.200966e-04	-5.128542e+00
2.802000e-05	-1.064223e-03	-4.801730e+00
2.803000e-05	7.282477e-04	-4.517392e+00
2.804000e-05	2.546831e-04	-4.297366e+00
2.805000e-05	1.466255e-03	-4.055257e+00
2.806000e-05	-2.626908e-03	-3.758542e+00
2.807000e-05	-1.154484e-03	-3.476286e+00
2.808000e-05	-4.872225e-03	-3.201603e+00
2.809000e-05	-2.132998e-03	-2.865988e+00
2.810000e-05	-5.474972e-03	-2.634678e+00
2.811000e-05	-2.971738e-03	-2.339545e+00
2.812000e-05	-4.266590e-03	-2.075284e+00
2.813000e-05	-3.116188e-03	-1.772624e+00
2.814000e-05	-6.214355e-03	-1.508443e+00
2.815000e-05	-6.251956e-03	-1.152120e+00
2.816000e-05	-7.433848e-03	-9.063845e-01
2.817000e-05	-6.342566e-03	-5.740976e-01
2.818000e-05	-7.161537e-03	-2.979123e-01
2.819000e-05	-6.020304e-03	-1.472915e-02
2.820000e-05	6.891079e-03	2.459090e-01
2.821000e-05	1.957243e-03	5.326370e-01
2.822000e-05	2.609393e-03	7.747457e-01
2.823000e-05	-4.850003e-05	1.028955e+00
2.824000e-05	-5.844054e-04	1.324668e+00
2.825000e-05	-3.830892e-04	1.688451e+00
2.826000e-05	5.803563e-03	1.899137e+00
2.827000e-05	3.069237e-02	2.092639e+00
2.828000e-05	1.051650e-01	2.385351e+00
2.829000e-05	1.470082e-02	2.772817e+00
2.830000e-05	-5.082874e-02	3.058501e+00
2.831000e-05	-3.029352e-02	3.333588e+00
2.832000e-05	-3.081628e-02	3.637980e+00
2.833000e-05	-5.880027e-02	3.879558e+00
2.834000e-05	-6.658126e-02	4.028954e+00
2.835000e-05	9.449196e-02	4.342168e+00
2.836000e-05	-3.362991e-02	4.658480e+00
2.837000e-05	-8.468717e-03	4.850906e+00
2.838000e-05	1.281646e-01	5.174396e+00
2.839000e-05	-1.430026e-01	5.490636e+00
2.840000e-05	6.575882e-02	5.742691e+00
2.841000e-05	-5.601941e-02	6.067981e+00
2.842000e-05	2.424266e-02	6.259484e+00
2.843000e-05	1.901100e-02	6.593770e+00
2.844000e-05	-5.969593e-02	6.867007e+00
2.845000e-05	4.511875e-02	7.090084e+00
2.846000e-05	-5.917209e-02	7.401770e+00
2.847000e-05	3.392976e-02	7.677450e+00
2.848000e-05	-6.718854e-02	7.961717e+00
2.849000e-05	1.492169e-02	8.234871e+00
2.850000e-05	1.377753e-02	8.435978e+00
2.851000e-05	-3.142595e-02	8.646927e+00
2.852000e-05	1.681834e-02	8.857405e+00
2.853000e-05	-6.371522e-02	9.140134e+00
2.854000e-05	1.883882e-03	9.322715e+00
2.855000e-05	-1.836508e-02	9.613794e+00
2.856000e-05	1.157578e-03	9.785350e+00
2.857000e-05	-3.242969e-02	1.001790e+01
2.858000e-05	-1.751472e-02	1.022646e+01
2.859000e-05	-2.499829e-03	1.047700e+01
2.860000e-05	-3.075395e-02	1.068805e+01
2.861000e-05	-2.044325e-02	1.087756e+01
2.862000e-05	-4.105509e-02	1.108806e+01
2.863000e-05	-9.230703e-03	1.128861e+01
2.864000e-05	-2.223770e-02	1.149911e+01
2.865000e-05	-2.380296e-02	1.169818e+01
2.866000e-05	-4.151758e-02	1.191866e+01
2.867000e-05	-2.713366e-02	1.208963e+01
2.868000e-05	-2.131180e-02	1.227708e+01
2.869000e-05	-2.755233e-02	1.244505e+01
2.870000e-05	-3.951366e-02	1.256595e+01
2.871000e-05	-4.246085e-02	1.279339e+01
2.872000e-05	-2.823240e-02	1.292169e+01
2.873000e-05	-3.456353e-02	1.305761e+01
2.874000e-05	-4.049617e-02	1.326500e+01
2.875000e-05	-4.933878e-02	1.342546e+01
2.876000e-05	-3.470503e-02	1.353021e+01
2.877000e-05	-3.831326e-02	1.370756e+01
2.878000e-05	-4.412816e-02	1.382349e+01
2.879000e-05	-6.013912e-02	1.396171e+01
2.880000e-05	-5.146423e-02	1.412666e+01
2.881000e-05	-4.698020e-02	1.420487e+01
2.882000e-05	-4.939358e-02	1.433129e+01
2.883000e-05	-6.100681e-02	1.445610e+01
2.884000e-05	-6.460790e-02	1.453129e+01
2.885000e-05	-5.628969e-02	1.460555e+01
2.886000e-05	-6.033056e-02	1.474081e+01
2.887000e-05	-6.567273e-02	1.480687e+01
2.888000e-05	-7.564260e-02	1.488013e+01
2.889000e-05	-6.920919e-02	1.491234e+01
2.890000e-05	-7.064428e-02	1.504597e+01
2.891000e-05	-7.684277e-02	1.504765e+01
2.892000e-05	-8.966258e-02	1.511086e+01
2.893000e-05	-9.029328e-02	1.517439e+01
2.894000e-05	-8.530240e-02	1.524750e+01
2.895000e-05	-8.784930e-02	1.524871e+01
2.896000e-05	-9.716238e-02	1.531181e+01
2.897000e-05	-1.063406e-01	1.535134e+01
2.898000e-05	-1.034673e-01	1.535247e+01
2.899000e-05	-1.080337e-01	1.538290e+01
2.900000e-05	-1.165247e-01	1.541600e+01
2.901000e-05	-1.276720e-01	1.541502e+01
2.902000e-05	-1.288074e-01	1.542352e+01
2.903000e-05	-1.301948e-01	1.540654e+01
2.904000e-05	-1.409410e-01	1.540450e+01
2.905000e-05	-1.566927e-01	1.539450e+01
2.906000e-05	-1.687596e-01	1.536499e+01
2.907000e-05	-1.780641e-01	1.533239e+01
2.908000e-05	-1.949669e-01	1.528981e+01
2.909000e-05	-2.246619e-01	1.526116e+01
2.910000e-05	-2.474018e-01	1.520805e+01
2.911000e-05	-2.499835e-01	1.516500e+01
2.912000e-05	-2.500000e-01	1.513382e+01
2.913000e-05	-2.500000e-01	1.508078e+01
2.914000e-05	-2.500000e-01	1.501602e+01
2.915000e-05	-2.500000e-01	1.496389e+01
2.916000e-05	-2.500000e-01	1.487971e+01
2.917000e-05	-2.498000e-01	1.478454e+01
2.918000e-05	-2.396808e-01	1.471178e+01
2.919000e-05	-2.106660e-01	1.460750e+01
2.920000e-05	-1.762793e-01	1.451183e+01
2.921000e-05	-1.545713e-01	1.443867e+01
2.922000e-05	-1.379597e-01	1.429186e+01
2.923000e-05	-1.291312e-01	1.417557e+01
2.924000e-05	-1.130461e-01	1.407128e+01
2.925000e-05	-1.007223e-01	1.393334e+01
2.926000e-05	-9.298958e-02	1.378660e+01
2.927000e-05	-9.086390e-02	1.368180e+01
2.928000e-05	-8.336391e-02	1.352434e+01
2.929000e-05	-7.368404e-02	1.339692e+01
2.930000e-05	-6.741953e-02	1.321908e+01
2.931000e-05	-6.770287e-02	1.307129e+01
2.932000e-05	-6.516312e-02	1.291491e+01
2.933000e-05	-6.009844e-02	1.274497e+01
2.934000e-05	-5.308373e-02	1.258855e+01
2.935000e-05	-5.230785e-02	1.247165e+01
2.936000e-05	-5.338849e-02	1.225134e+01
2.937000e-05	-4.927693e-02	1.209486e+01
2.938000e-05	-4.446367e-02	1.187389e+01
2.939000e-05	-4.266279e-02	1.170486e+01
2.940000e-05	-4.442176e-02	1.149239e+01
2.941000e-05	-4.329888e-02	1.129343e+01
2.942000e-05	-3.968385e-02	1.109283e+01
2.943000e-05	-3.568217e-02	1.091583e+01
2.944000e-05	-3.638439e-02	1.069539e+01
2.945000e-05	-3.744001e-02	1.046283e+01
2.946000e-05	-3.529652e-02	1.023278e+01
2.947000e-05	-3.171054e-02	1.007473e+01
2.948000e-05	-3.157706e-02	9.790130e+00
2.949000e-05	-3.408982e-02	9.586645e+00
2.950000e-05	-3.127065e-02	9.368571e+00
2.951000e-05	-2.875411e-02	9.177068e+00
2.952000e-05	-2.723763e-02	8.927437e+00
2.953000e-05	-2.857817e-02	8.666409e+00
2.954000e-05	-2.816799e-02	8.461830e+00
2.955000e-05	-2.714474e-02	8.240628e+00
2.956000e-05	-2.387599e-02	7.938042e+00
2.957000e-05	-2.440192e-02	7.685840e+00
2.958000e-05	-2.538822e-02	7.372752e+00
2.959000e-05	-2.426818e-02	7.137546e+00
2.960000e-05	-2.244574e-02	6.924991e+00
2.961000e-05	-2.080336e-02	6.623205e+00
2.962000e-05	-2.269520e-02	6.350622e+00
2.963000e-05	-2.204266e-02	6.107391e+00
2.964000e-05	-2.088752e-02	5.885431e+00
2.965000e-05	-1.896430e-02	5.660728e+00
2.966000e-05	-2.045434e-02	5.357540e+00
2.967000e-05	-2.051653e-02	5.001198e+00
2.968000e-05	-2.073083e-02	4.677362e+00
2.969000e-05	-1.762718e-02	4.434233e+00
2.970000e-05	-1.796871e-02	4.121673e+00
2.971000e-05	-1.789450e-02	3.876364e+00
2.972000e-05	-1.709149e-02	3.612678e+00
2.973000e-05	-1.513701e-02	3.349465e+00
2.974000e-05	-1.406677e-02	3.054833e+00
2.975000e-05	-1.569928e-02	2.802125e+00
2.976000e-05	-1.651133e-02	2.495342e+00
2.977000e-05	-1.577469e-02	2.212656e+00
2.978000e-05	-1.302466e-02	1.928947e+00
2.979000e-05	-1.290198e-02	1.633310e+00
2.980000e-05	-1.276266e-02	1.341145e+00
2.981000e-05	-1.286750e-02	1.015280e+00
2.982000e-05	-1.110981e-02	7.399897e-01
2.983000e-05	-1.063781e-02	4.447805e-01
2.984000e-05	-9.749806e-03	1.426712e-01
2.985000e-05	-7.115613e-03	-1.130892e-01
2.986000e-05	5.793546e-03	-3.762697e-01
2.987000e-05	-2.632948e-03	-6.580090e-01
2.988000e-05	3.144660e-03	-9.241120e-01
2.989000e-05	-3.336905e-03	-1.186769e+00
2.990000e-05	1.794041e-03	-1.542138e+00
2.991000e-05	1.549806e-05	-1.723688e+00
2.992000e-05	2.827383e-02	-1.977368e+00
2.993000e-05	1.109920e-01	-2.276902e+00
2.994000e-05	4.705930e-02	-2.635771e+00
2.995000e-05	-5.440717e-02	-2.976696e+00
2.996000e-05	-5.478256e-03	-3.342734e+00
2.997000e-05	-4.726201e-02	-3.533213e+00
2.998000e-05	-6.933442e-02	-3.785268e+00
2.999000e-05	-1.679675e-02	-3.986347e+00
3.000000e-05	1.497351e-01	-4.164191e+00
3.001000e-05	-1.695073e-01	-4.417935e+00
3.002000e-05	1.932825e-01	-4.755314e+00
3.003000e-05	-4.565807e-02	-5.004721e+00
3.004000e-05	-2.757993e-02	-5.432245e+00
3.005000e-05	9.371425e-02	-5.546446e+00
3.006000e-05	-1.641241e-01	-5.920066e+00
3.007000e-05	1.901856e-01	-6.162742e+00
3.008000e-05	-8.087296e-02	-6.445826e+00
3.009000e-05	7.020985e-02	-6.732712e+00
3.010000e-05	2.879266e-02	-6.972641e+00
3.011000e-05	-7.108878e-02	-7.287457e+00
3.012000e-05	1.158456e-01	-7.491637e+00
3.013000e-05	-1.095008e-01	-7.832246e+00
3.014000e-05	1.302769e-01	-8.057979e+00
3.015000e-05	-4.133963e-02	-8.298032e+00
3.016000e-05	4.018339e-02	-8.592770e+00
3.017000e-05	5.819072e-02	-8.824318e+00
3.018000e-05	-7.442282e-02	-9.046950e+00
3.019000e-05	9.409105e-02	-9.228927e+00
3.020000e-05	-6.764212e-02	-9.519030e+00
3.021000e-05	1.198185e-01	-9.679684e+00
3.022000e-05	-3.725234e-02	-9.930681e+00
3.023000e-05	6.887505e-02	-1.017264e+01
3.024000e-05	-1.862435e-03	-1.040032e+01
3.025000e-05	1.973280e-02	-1.061543e+01
3.026000e-05	4.618397e-02	-1.077339e+01
3.027000e-05	-1.634787e-02	-1.100425e+01
3.028000e-05	7.069239e-02	-1.119339e+01
3.029000e-05	-1.627192e-02	-1.143490e+01
3.030000e-05	7.985650e-02	-1.162600e+01
3.031000e-05	-1.613480e-02	-1.184482e+01
3.032000e-05	5.981130e-02	-1.203547e+01
3.033000e-05	5.200774e-03	-1.220592e+01
3.034000e-05	5.994850e-02	-1.237437e+01
3.035000e-05	2.458403e-02	-1.257274e+01
3.036000e-05	3.324492e-02	-1.276226e+01
3.037000e-05	3.346603e-02	-1.289818e+01
3.038000e-05	3.149402e-02	-1.303698e+01
3.039000e-05	5.018468e-02	-1.319489e+01
3.040000e-05	2.867040e-02	-1.337074e+01
3.041000e-05	5.599702e-02	-1.351866e+01
3.042000e-05	3.245276e-02	-1.365595e+01
3.043000e-05	6.118417e-02	-1.378427e+01
3.044000e-05	3.084246e-02	-1.389968e+01
3.045000e-05	5.150160e-02	-1.405695e+01
3.046000e-05	3.876626e-02	-1.416236e+01
3.047000e-05	6.216661e-02	-1.426955e+01
3.048000e-05	5.059563e-02	-1.439485e+01
3.049000e-05	5.781111e-02	-1.449903e+01
3.050000e-05	5.254995e-02	-1.460539e+01
3.051000e-05	6.227120e-02	-1.465968e+01
3.052000e-05	6.626734e-02	-1.482387e+01
3.053000e-05	6.297701e-02	-1.489696e+01
3.054000e-05	6.824348e-02	-1.494132e+01
3.055000e-05	6.713160e-02	-1.500597e+01
3.056000e-05	7.788027e-02	-1.508020e+01
3.057000e-05	6.937978e-02	-1.512184e+01
3.058000e-05	7.634852e-02	-1.517442e+01
3.059000e-05	7.749042e-02	-1.526703e+01
3.060000e-05	9.203407e-02	-1.528866e+01
3.061000e-05	9.104956e-02	-1.533171e+01
3.062000e-05	9.319020e-02	-1.538426e+01
3.063000e-05	9.389338e-02	-1.539329e+01
3.064000e-05	1.009267e-01	-1.541599e+01
3.065000e-05	1.074973e-01	-1.545810e+01
3.066000e-05	1.086664e-01	-1.541860e+01
3.067000e-05	1.164706e-01	-1.543915e+01
3.068000e-05	1.242704e-01	-1.543813e+01
3.069000e-05	1.359400e-01	-1.540757e+01
3.070000e-05	1.382173e-01	-1.542655e+01
3.071000e-05	1.459339e-01	-1.544754e+01
3.072000e-05	1.577756e-01	-1.537394e+01
3.073000e-05	1.780520e-01	-1.538394e+01
3.074000e-05	1.976930e-01	-1.535171e+01
3.075000e-05	2.227649e-01	-1.531015e+01
3.076000e-05	2.457742e-01	-1.519853e+01
3.077000e-05	2.499775e-01	-1.519442e+01
3.078000e-05	2.500000e-01	-1.513234e+01
3.079000e-05	2.500000e-01	-1.510070e+01
3.080000e-05	2.500000e-01	-1.500703e+01
3.081000e-05	2.500000e-01	-1.492381e+01
3.082000e-05	2.500000e-01	-1.488918e+01
3.083000e-05	2.485844e-01	-1.479542e+01
3.084000e-05	2.204258e-01	-1.466223e+01
3.085000e-05	1.866227e-01	-1.459757e+01
3.086000e-05	1.634579e-01	-1.451272e+01
3.087000e-05	1.447917e-01	-1.443595e+01
3.088000e-05	1.269396e-01	-1.432236e+01
3.089000e-05	1.106237e-01	-1.418502e+01
3.090000e-05	9.987896e-02	-1.402923e+01
3.091000e-05	9.186184e-02	-1.387484e+01
3.092000e-05	8.279105e-02	-1.380647e+01
3.093000e-05	7.322829e-02	-1.363917e+01
3.094000e-05	6.705719e-02	-1.349234e+01
3.095000e-05	6.450186e-02	-1.335754e+01
3.096000e-05	6.022143e-02	-1.321817e+01
3.097000e-05	5.358942e-02	-1.307271e+01
3.098000e-05	4.768234e-02	-1.290394e+01
3.099000e-05	4.531052e-02	-1.277659e+01
3.100000e-05	4.425960e-02	-1.261910e+01
3.101000e-05	4.163938e-02	-1.243115e+01
3.102000e-05	3.560612e-02	-1.226223e+01
3.103000e-05	3.529195e-02	-1.211076e+01
3.104000e-05	3.480644e-02	-1.189181e+01
3.105000e-05	3.267581e-02	-1.167283e+01
3.106000e-05	2.684108e-02	-1.148075e+01
3.107000e-05	2.551285e-02	-1.124128e+01
3.108000e-05	2.526763e-02	-1.101058e+01
3.109000e-05	2.630669e-02	-1.086063e+01
3.110000e-05	2.328708e-02	-1.066125e+01
3.111000e-05	1.977395e-02	-1.042218e+01
3.112000e-05	1.958168e-02	-1.016223e+01
3.113000e-05	1.945030e-02	-9.987571e+00
3.114000e-05	1.874613e-02	-9.790545e+00
3.115000e-05	1.506605e-02	-9.588018e+00
3.116000e-05	1.443279e-02	-9.316887e+00
3.117000e-05	1.574315e-02	-9.054834e+00
3.118000e-05	1.431114e-02	-8.902833e+00
3.119000e-05	1.097482e-02	-8.673655e+00
3.120000e-05	9.271356e-03	-8.378047e+00
3.121000e-05	1.018167e-02	-8.106470e+00
3.122000e-05	1.111710e-02	-7.915962e+00
3.123000e-05	9.810504e-03	-7.611779e+00
3.124000e-05	6.062652e-03	-7.379042e+00
3.125000e-05	6.442784e-03	-7.066436e+00
3.126000e-05	6.345498e-03	-6.833779e+00
3.127000e-05	7.020514e-03	-6.610696e+00
3.128000e-05	3.863483e-03	-6.348015e+00
3.129000e-05	3.804782e-03	-6.054832e+00
3.130000e-05	2.272341e-03	-5.811700e+00
3.131000e-05	4.231072e-03	-5.568538e+00
3.132000e-05	7.856454e-04	-5.234232e+00
3.133000e-05	4.396865e-04	-4.937461e+00
3.134000e-05	3.065414e-04	-4.642726e+00
3.135000e-05	2.356609e-03	-4.362095e+00
3.136000e-05	1.006016e-03	-4.107544e+00
3.137000e-05	-2.617621e-03	-3.853751e+00
3.138000e-05	-2.896797e-03	-3.538520e+00
3.139000e-05	-4.027660e-03	-3.296964e+00
3.140000e-05	-2.655586e-03	-2.983724e+00
3.141000e-05	-4.246024e-03	-2.728466e+00
3.142000e-05	-3.514934e-03	-2.426182e+00
3.143000e-05	-3.343105e-03	-2.161121e+00
3.144000e-05	-3.265227e-03	-1.895888e+00
3.145000e-05	-4.880199e-03	-1.622704e+00
3.146000e-05	-6.190187e-03	-1.246807e+00
3.147000e-05	-7.528841e-03	-9.426226e-01
3.148000e-05	-6.767772e-03	-7.394398e-01
3.149000e-05	-7.103898e-03	-4.031541e-01
3.150000e-05	-6.268858e-03	-1.278686e-01
3.151000e-05	3.282678e-04	1.236657e-01
3.152000e-05	6.368823e-03	4.390026e-01
3.153000e-05	-9.413496e-04	6.910840e-01
3.154000e-05	5.052273e-03	9.226132e-01
3.155000e-05	-2.678668e-03	1.258951e+00
3.156000e-05	2.110418e-03	1.543167e+00
3.157000e-05	-1.396560e-03	1.817528e+00
3.158000e-05	2.046822e-02	2.028954e+00
3.159000e-05	7.487928e-02	2.309585e+00
3.160000e-05	7.842621e-02	2.648333e+00
3.161000e-05	-6.147122e-02	2.924167e+00
3.162000e-05	-2.406582e-02	3.238404e+00
3.163000e-05	-4.096292e-02	3.551666e+00
3.164000e-05	-3.174047e-02	3.765396e+00
3.165000e-05	-9.085787e-02	3.995976e+00
3.166000e-05	3.400584e-02	4.207804e+00
3.167000e-05	6.791336e-02	4.501688e+00
3.168000e-05	-1.092101e-01	4.845292e+00
3.169000e-05	1.751608e-01	5.087954e+00
3.170000e-05	-1.017934e-01	5.406871e+00
3.171000e-05	1.101891e-04	5.647003e+00
3.172000e-05	7.524064e-03	5.951763e+00
3.173000e-05	-4.148502e-02	6.194896e+00
3.174000e-05	6.572438e-02	6.458380e+00
3.175000e-05	-7.053414e-02	6.743237e+00
3.176000e-05	3.260495e-02	6.995295e+00
3.177000e-05	-3.387889e-02	7.277007e+00
3.178000e-05	1.340405e-03	7.520218e+00
3.179000e-05	-2.014317e-02	7.834379e+00
3.180000e-05	-3.901535e-02	8.118512e+00
3.181000e-05	4.366772e-02	8.353737e+00
3.182000e-05	-3.571508e-02	8.563841e+00
3.183000e-05	9.179336e-03	8.772370e+00
3.184000e-05	-3.227549e-02	9.035951e+00
3.185000e-05	-3.893425e-02	9.268505e+00
3.186000e-05	1.003206e-02	9.477102e+00
3.187000e-05	-2.225529e-02	9.722165e+00
3.188000e-05	-2.211784e-03	9.931212e+00
3.189000e-05	-4.211812e-02	1.018324e+01
3.190000e-05	6.850768e-03	1.038380e+01
3.191000e-05	-2.772496e-02	1.063424e+01
3.192000e-05	-2.327362e-02	1.078332e+01
3.193000e-05	-3.252395e-02	1.103390e+01
3.194000e-05	-2.867774e-02	1.121440e+01
3.195000e-05	-5.953416e-03	1.143538e+01
3.196000e-05	-3.285656e-02	1.164493e+01
3.197000e-05	-2.647732e-02	1.182438e+01
3.198000e-05	-4.286458e-02	1.202542e+01
3.199000e-05	-1.504982e-02	1.218532e+01
3.200000e-05	-2.820025e-02	1.239187e+01
3.201000e-05	-3.242566e-02	1.257137e+01
3.202000e-05	-4.394726e-02	1.269966e+01
3.203000e-05	-3.556765e-02	1.284755e+01
3.204000e-05	-2.816082e-02	1.303590e+01
3.205000e-05	-4.107280e-02	1.321337e+01
3.206000e-05	-4.462983e-02	1.334223e+01
3.207000e-05	-4.406401e-02	1.346901e+01
3.208000e-05	-3.198656e-02	1.360500e+01
3.209000e-05	-4.287605e-02	1.375377e+01
3.210000e-05	-5.424480e-02	1.389713e+01
3.211000e-05	-5.770985e-02	1.404298e+01
3.212000e-05	-4.874385e-02	1.423086e+01
3.213000e-05	-4.632316e-02	1.429016e+01
3.214000e-05	-5.762116e-02	1.441242e+01
3.215000e-05	-6.416046e-02	1.449024e+01
3.216000e-05	-6.011139e-02	1.462547e+01
3.217000e-05	-5.662046e-02	1.468823e+01
3.218000e-05	-6.316065e-02	1.477295e+01
3.219000e-05	-7.287887e-02	1.486750e+01
3.220000e-05	-7.214570e-02	1.493179e+01
3.221000e-05	-6.921704e-02	1.496645e+01
3.222000e-05	-7.237831e-02	1.500458e+01
3.223000e-05	-8.617716e-02	1.510929e+01
3.224000e-05	-9.202282e-02	1.514137e+01
3.225000e-05	-8.750366e-02	1.518495e+01
3.226000e-05	-8.580439e-02	1.526910e+01
3.227000e-05	-9.497741e-02	1.530028e+01
3.228000e-05	-1.024401e-01	1.533044e+01
3.229000e-05	-1.060358e-01	1.532444e+01
3.230000e-05	-1.041738e-01	1.539397e+01
3.231000e-05	-1.143600e-01	1.541150e+01
3.232000e-05	-1.231951e-01	1.542454e+01
3.233000e-05	-1.287858e-01	1.538703e+01
3.234000e-05	-1.290355e-01	1.540407e+01
3.235000e-05	-1.337461e-01	1.537449e+01
3.236000e-05	-1.521916e-01	1.536497e+01
3.237000e-05	-1.652859e-01	1.537387e+01
3.238000e-05	-1.750412e-01	1.536344e+01
3.239000e-05	-1.882076e-01	1.529139e+01
3.240000e-05	-2.113374e-01	1.527978e+01
3.241000e-05	-2.433854e-01	1.525710e+01
3.242000e-05	-2.498664e-01	1.519502e+01
3.243000e-05	-2.500000e-01	1.512337e+01
3.244000e-05	-2.500000e-01	1.510026e+01
3.245000e-05	-2.500000e-01	1.502873e+01
3.246000e-05	-2.500000e-01	1.496447e+01
3.247000e-05	-2.500000e-01	1.487121e+01
3.248000e-05	-2.500000e-01	1.480810e+01
3.249000e-05	-2.461685e-01	1.471189e+01
3.250000e-05	-2.195335e-01	1.467773e+01
3.251000e-05	-1.864102e-01	1.454434e+01
3.252000e-05	-1.607917e-01	1.446913e+01
3.253000e-05	-1.430946e-01	1.435342e+01
3.254000e-05	-1.332775e-01	1.419915e+01
3.255000e-05	-1.196356e-01	1.415226e+01
3.256000e-05	-1.062974e-01	1.401504e+01
3.257000e-05	-9.536065e-02	1.383768e+01
3.258000e-05	-9.077102e-02	1.370081e+01
3.259000e-05	-8.595992e-02	1.355452e+01
3.260000e-05	-7.780137e-02	1.341761e+01
3.261000e-05	-6.907176e-02	1.329274e+01
3.262000e-05	-6.702419e-02	1.314439e+01
3.263000e-05	-6.549145e-02	1.297707e+01
3.264000e-05	-6.247497e-02	1.281913e+01
3.265000e-05	-5.639486e-02	1.265071e+01
3.266000e-05	-5.289035e-02	1.250488e+01
3.267000e-05	-5.301472e-02	1.235591e+01
3.268000e-05	-5.275295e-02	1.216704e+01
3.269000e-05	-4.415120e-02	1.197857e+01
3.270000e-05	-4.172689e-02	1.177810e+01
3.271000e-05	-4.047372e-02	1.158812e+01
3.272000e-05	-4.125095e-02	1.140860e+01
3.273000e-05	-4.261705e-02	1.110654e+01
3.274000e-05	-3.910450e-02	1.098757e+01
3.275000e-05	-3.853555e-02	1.081654e+01
3.276000e-05	-3.867566e-02	1.058655e+01
3.277000e-05	-3.928474e-02	1.032752e+01
3.278000e-05	-3.274032e-02	1.011601e+01
3.279000e-05	-2.899908e-02	9.913409e+00
3.280000e-05	-2.780255e-02	9.655282e+00
3.281000e-05	-3.021252e-02	9.451231e+00
3.282000e-05	-2.956547e-02	9.240154e+00
3.283000e-05	-2.911115e-02	9.019650e+00
3.284000e-05	-3.099330e-02	8.708523e+00
3.285000e-05	-3.135624e-02	8.567470e+00
3.286000e-05	-3.072015e-02	8.294913e+00
3.287000e-05	-2.477839e-02	8.020828e+00
3.288000e-05	-2.120978e-02	7.799123e+00
3.289000e-05	-2.094625e-02	7.505438e+00
3.290000e-05	-2.287107e-02	7.273325e+00
3.291000e-05	-2.363589e-02	6.980145e+00
3.292000e-05	-2.236548e-02	6.759018e+00
3.293000e-05	-2.404849e-02	6.454837e+00
3.294000e-05	-2.436898e-02	6.212802e+00
3.295000e-05	-2.392033e-02	5.998653e+00
3.296000e-05	-1.905873e-02	5.716460e+00
3.297000e-05	-1.746645e-02	5.453278e+00
3.298000e-05	-1.679537e-02	5.146467e+00
3.299000e-05	-1.903712e-02	4.778774e+00
3.300000e-05	-1.788494e-02	4.528492e+00
3.301000e-05	-1.669138e-02	4.276361e+00
3.302000e-05	-1.779942e-02	3.970122e+00
3.303000e-05	-1.994435e-02	3.697988e+00
3.304000e-05	-1.910114e-02	3.475253e+00
3.305000e-05	-1.473701e-02	3.119091e+00
3.306000e-05	-1.356448e-02	2.875886e+00
3.307000e-05	-1.465820e-02	2.593228e+00
3.308000e-05	-1.507188e-02	2.288886e+00
3.309000e-05	-1.276434e-02	2.023228e+00
3.310000e-05	-1.214840e-02	1.722092e+00
3.311000e-05	-1.266313e-02	1.466382e+00
3.312000e-05	-1.500167e-02	1.171598e+00
3.313000e-05	-1.307420e-02	8.221779e-01
3.314000e-05	-1.201044e-02	5.300175e-01
3.315000e-05	-9.413335e-03	2.874893e-01
3.316000e-05	-7.855669e-03	-3.940381e-02
3.317000e-05	1.515152e-03	-2.916081e-01
3.318000e-05	3.784765e-03	-5.231694e-01
3.319000e-05	-3.506179e-04	-8.485024e-01
3.320000e-05	1.578930e-03	-1.101063e+00
3.321000e-05	-1.626148e-03	-1.425775e+00
3.322000e-05	-3.998370e-04	-1.680527e+00
3.323000e-05	1.177354e-02	-1.911010e+00
3.324000e-05	7.318677e-02	-2.102584e+00
3.325000e-05	1.135689e-01	-2.467355e+00
3.326000e-05	-5.911224e-02	-2.866879e+00
3.327000e-05	1.299684e-03	-3.237380e+00
3.328000e-05	-4.824694e-02	-3.491054e+00
3.329000e-05	-3.717554e-02	-3.699582e+00
3.330000e-05	-9.476491e-02	-3.930711e+00
3.331000e-05	1.665049e-01	-4.089487e+00
3.332000e-05	-9.753191e-02	-4.322616e+00
3.333000e-05	4.085844e-02	-4.637481e+00
3.334000e-05	1.091788e-01	-4.889060e+00
3.335000e-05	-1.568762e-01	-5.256888e+00
3.336000e-05	1.701419e-01	-5.553163e+00
3.337000e-05	-1.627224e-01	-5.835248e+00
3.338000e-05	8.684371e-02	-6.071057e+00
3.339000e-05	5.027782e-02	-6.291511e+00
3.340000e-05	-5.813835e-02	-6.636350e+00
3.341000e-05	1.339178e-01	-6.819532e+00
3.342000e-05	-1.236732e-01	-7.181240e+00
3.343000e-05	1.125230e-01	-7.437926e+00
3.344000e-05	-5.886351e-02	-7.637508e+00
3.345000e-05	3.487712e-02	-7.974795e+00
3.346000e-05	6.934395e-02	-8.206900e+00
3.347000e-05	-6.195219e-02	-8.519933e+00
3.348000e-05	1.340665e-01	-8.700712e+00
3.349000e-05	-9.909847e-02	-8.982193e+00
3.350000e-05	8.088529e-02	-9.204322e+00
3.351000e-05	-3.567552e-02	-9.435317e+00
3.352000e-05	5.609384e-02	-9.657974e+00
3.353000e-05	3.880121e-02	-9.858376e+00
3.354000e-05	-7.733610e-03	-1.013053e+01
3.355000e-05	7.142551e-02	-1.029018e+01
3.356000e-05	-4.133326e-02	-1.055021e+01
3.357000e-05	9.035703e-02	-1.072171e+01
3.358000e-05	-4.104451e-02	-1.093909e+01
3.359000e-05	7.563717e-02	-1.113019e+01
3.360000e-05	-1.066397e-02	-1.135276e+01
3.361000e-05	6.154444e-02	-1.157169e+01
3.362000e-05	1.454585e-02	-1.174074e+01
3.363000e-05	2.823142e-02	-1.196331e+01
3.364000e-05	3.496224e-02	-1.216124e+01
3.365000e-05	2.522639e-02	-1.232016e+01
3.366000e-05	5.705901e-02	-1.252106e+01
3.367000e-05	9.985343e-03	-1.269813e+01
3.368000e-05	5.224617e-02	-1.283597e+01
3.369000e-05	1.409009e-02	-1.301635e+01
3.370000e-05	6.087651e-02	-1.313076e+01
3.371000e-05	2.155076e-02	-1.330853e+01
3.372000e-05	5.675442e-02	-1.344645e+01
3.373000e-05	3.141341e-02	-1.359182e+01
3.374000e-05	5.643465e-02	-1.372174e+01
3.375000e-05	3.970748e-02	-1.384853e+01
3.376000e-05	4.497132e-02	-1.399582e+01
3.377000e-05	4.329460e-02	-1.411114e+01
3.378000e-05	5.298647e-02	-1.422550e+01
3.379000e-05	5.936985e-02	-1.435369e+01
3.380000e-05	5.074009e-02	-1.445606e+01
3.381000e-05	5.708294e-02	-1.459281e+01
3.382000e-05	5.343197e-02	-1.468808e+01
3.383000e-05	6.948482e-02	-1.474274e+01
3.384000e-05	6.014062e-02	-1.481704e+01
3.385000e-05	6.958108e-02	-1.494124e+01
3.386000e-05	6.350219e-02	-1.498389e+01
3.387000e-05	7.746187e-02	-1.506812e+01
3.388000e-05	7.056271e-02	-1.516023e+01
3.389000e-05	7.508466e-02	-1.519439e+01
3.390000e-05	7.539948e-02	-1.522542e+01
3.391000e-05	8.671485e-02	-1.528663e+01
3.392000e-05	9.182162e-02	-1.528016e+01
3.393000e-05	9.203775e-02	-1.538428e+01
3.394000e-05	9.453518e-02	-1.538387e+01
3.395000e-05	9.585536e-02	-1.542547e+01
3.396000e-05	1.064222e-01	-1.540595e+01
3.397000e-05	1.077274e-01	-1.542812e+01
3.398000e-05	1.154532e-01	-1.547912e+01
3.399000e-05	1.192010e-01	-1.544708e+01
3.400000e-05	1.314691e-01	-1.545710e+01
3.401000e-05	1.377536e-01	-1.545853e+01
3.402000e-05	1.436085e-01	-1.541610e+01
3.403000e-05	1.514945e-01	-1.541600e+01
3.404000e-05	1.696823e-01	-1.537544e+01
3.405000e-05	1.900980e-01	-1.535336e+01
3.406000e-05	2.132376e-01	-1.533071e+01
3.407000e-05	2.408305e-01	-1.524813e+01
3.408000e-05	2.498185e-01	-1.520642e+01
3.409000e-05	2.500000e-01	-1.518382e+01
3.410000e-05	2.500000e-01	-1.509176e+01
3.411000e-05	2.500000e-01	-1.504865e+01
3.412000e-05	2.500000e-01	-1.496489e+01
3.413000e-05	2.500000e-01	-1.486974e+01
3.414000e-05	2.497000e-01	-1.479887e+01
3.415000e-05	2.332717e-01	-1.473432e+01
3.416000e-05	1.978982e-01	-1.462968e+01
3.417000e-05	1.720239e-01	-1.456431e+01
3.418000e-05	1.509415e-01	-1.444958e+01
3.419000e-05	1.339000e-01	-1.434296e+01
3.420000e-05	1.158794e-01	-1.417955e+01
3.421000e-05	1.038735e-01	-1.412229e+01
3.422000e-05	9.370279e-02	-1.397646e+01
3.423000e-05	8.586307e-02	-1.385065e+01
3.424000e-05	7.495042e-02	-1.368236e+01
3.425000e-05	6.947905e-02	-1.353546e+01
3.426000e-05	6.582078e-02	-1.343915e+01
3.427000e-05	6.281798e-02	-1.328278e+01
3.428000e-05	5.547899e-02	-1.312444e+01
3.429000e-05	5.020185e-02	-1.299699e+01
3.430000e-05	4.603738e-02	-1.284010e+01
3.431000e-05	4.511838e-02	-1.267078e+01
3.432000e-05	4.177841e-02	-1.249236e+01
3.433000e-05	3.768460e-02	-1.235441e+01
3.434000e-05	3.560116e-02	-1.219544e+01
3.435000e-05	3.458931e-02	-1.198692e+01
3.436000e-05	3.296133e-02	-1.175599e+01
3.437000e-05	2.831973e-02	-1.154502e+01
3.438000e-05	2.692268e-02	-1.134391e+01
3.439000e-05	2.610931e-02	-1.110336e+01
3.440000e-05	2.546660e-02	-1.093423e+01
3.441000e-05	2.435340e-02	-1.074438e+01
3.442000e-05	2.123959e-02	-1.053629e+01
3.443000e-05	1.993188e-02	-1.030239e+01
3.444000e-05	1.889033e-02	-1.007126e+01
3.445000e-05	1.814507e-02	-9.871707e+00
3.446000e-05	1.643640e-02	-9.622778e+00
3.447000e-05	1.617986e-02	-9.372177e+00
3.448000e-05	1.570263e-02	-9.158071e+00
3.449000e-05	1.488597e-02	-8.959045e+00
3.450000e-05	1.216816e-02	-8.716417e+00
3.451000e-05	1.045037e-02	-8.484331e+00
3.452000e-05	1.038243e-02	-8.252155e+00
3.453000e-05	1.032830e-02	-8.021627e+00
3.454000e-05	1.012772e-02	-7.727442e+00
3.455000e-05	7.629672e-03	-7.462684e+00
3.456000e-05	6.937974e-03	-7.230026e+00
3.457000e-05	5.843664e-03	-6.899041e+00
3.458000e-05	6.032315e-03	-6.715911e+00
3.459000e-05	4.243726e-03	-6.443233e+00
3.460000e-05	4.696564e-03	-6.151546e+00
3.461000e-05	2.994514e-03	-5.906837e+00
3.462000e-05	3.801744e-03	-5.640152e+00
3.463000e-05	2.429249e-03	-5.341441e+00
3.464000e-05	2.533867e-04	-5.075209e+00
3.465000e-05	-2.237207e-04	-4.749034e+00
3.466000e-05	1.920939e-03	-4.455237e+00
3.467000e-05	6.112039e-04	-4.232204e+00
3.468000e-05	3.462381e-04	-3.981074e+00
3.469000e-05	-2.510608e-03	-3.694782e+00
3.470000e-05	-2.332816e-03	-3.401696e+00
3.471000e-05	-4.670634e-03	-3.148918e+00
3.472000e-05	-3.518836e-03	-2.814179e+00
3.473000e-05	-5.298563e-03	-2.520026e+00
3.474000e-05	-2.561047e-03	-2.265886e+00
3.475000e-05	-4.320148e-03	-1.950051e+00
3.476000e-05	-3.199218e-03	-1.697866e+00
3.477000e-05	-6.383348e-03	-1.393727e+00
3.478000e-05	-6.341596e-03	-1.077413e+00
3.479000e-05	-6.892856e-03	-7.942539e-01
3.480000e-05	-7.238219e-03	-4.794659e-01
3.481000e-05	-6.604826e-03	-2.447041e-01
3.482000e-05	-3.610178e-03	5.745255e-02
3.483000e-05	8.873384e-03	3.347432e-01
3.484000e-05	-1.272655e-03	6.168724e-01
3.485000e-05	5.223360e-03	8.095275e-01
3.486000e-05	-2.606965e-03	1.174165e+00
3.487000e-05	2.086456e-03	1.386272e+00
3.488000e-05	-2.259129e-03	1.753290e+00
3.489000e-05	1.196858e-02	1.943767e+00
3.490000e-05	4.492975e-02	2.176824e+00
3.491000e-05	1.105367e-01	2.509008e+00
3.492000e-05	-3.158125e-02	2.858480e+00
3.493000e-05	-3.521997e-02	3.152692e+00
3.494000e-05	-3.756993e-02	3.457500e+00
3.495000e-05	-2.427642e-02	3.710110e+00
3.496000e-05	-7.962823e-02	3.963111e+00
3.497000e-05	-3.061426e-02	4.101209e+00
3.498000e-05	1.116080e-01	4.433924e+00
3.499000e-05	-1.009203e-01	4.722111e+00
3.500000e-05	9.543656e-02	4.931642e+00
3.501000e-05	2.702000e-02	5.298659e+00
3.502000e-05	-9.982672e-02	5.523370e+00
3.503000e-05	6.374118e-02	5.857474e+00
3.504000e-05	-7.221437e-02	6.100113e+00
3.505000e-05	6.248259e-02	6.351712e+00
3.506000e-05	-3.067453e-02	6.646425e+00
3.507000e-05	-2.057232e-02	6.909112e+00
3.508000e-05	1.929465e-02	7.184242e+00
3.509000e-05	-4.435835e-02	7.466979e+00
3.510000e-05	2.614542e-02	7.680134e+00
3.511000e-05	-7.281231e-02	8.023920e+00
3.512000e-05	4.300061e-02	8.278554e+00
3.513000e-05	-1.196435e-02	8.501562e+00
3.514000e-05	-1.642319e-02	8.690081e+00
3.515000e-05	1.189488e-03	9.020189e+00
3.516000e-05	-6.875679e-02	9.180917e+00
3.517000e-05	2.069887e-02	9.403847e+00
3.518000e-05	-3.055837e-02	9.635875e+00
3.519000e-05	1.058216e-02	9.858579e+00
3.520000e-05	-4.728559e-02	1.010070e+01
3.521000e-05	3.104979e-04	1.029161e+01
3.522000e-05	-1.564326e-02	1.057116e+01
3.523000e-05	-2.934933e-02	1.074071e+01
3.524000e-05	-2.451159e-02	1.094871e+01
3.525000e-05	-3.967884e-02	1.111224e+01
3.526000e-05	6.928579e-04	1.134126e+01
3.527000e-05	-3.211814e-02	1.154129e+01
3.528000e-05	-2.050981e-02	1.175129e+01
3.529000e-05	-5.051709e-02	1.192176e+01
3.530000e-05	-1.663972e-02	1.216119e+01
3.531000e-05	-2.584305e-02	1.230921e+01
3.532000e-05	-2.733004e-02	1.248716e+01
3.533000e-05	-4.338531e-02	1.263748e+01
3.534000e-05	-3.961397e-02	1.284490e+01
3.535000e-05	-2.642334e-02	1.296279e+01
3.536000e-05	-3.970773e-02	1.311026e+01
3.537000e-05	-4.209765e-02	1.329758e+01
3.538000e-05	-5.050640e-02	1.344495e+01
3.539000e-05	-2.914036e-02	1.355232e+01
3.540000e-05	-4.086149e-02	1.372109e+01
3.541000e-05	-4.704635e-02	1.385805e+01
3.542000e-05	-6.262422e-02	1.399230e+01
3.543000e-05	-4.970657e-02	1.413871e+01
3.544000e-05	-4.788501e-02	1.422798e+01
3.545000e-05	-5.248779e-02	1.437087e+01
3.546000e-05	-6.280564e-02	1.448960e+01
3.547000e-05	-6.213694e-02	1.461189e+01
3.548000e-05	-5.553799e-02	1.466553e+01
3.549000e-05	-6.129070e-02	1.476329e+01
3.550000e-05	-6.981354e-02	1.483495e+01
3.551000e-05	-7.532074e-02	1.490008e+01
3.552000e-05	-6.951430e-02	1.496487e+01
3.553000e-05	-7.065712e-02	1.500650e+01
3.554000e-05	-8.093937e-02	1.508716e+01
3.555000e-05	-9.157114e-02	1.517331e+01
3.556000e-05	-8.939579e-02	1.519444e+01
3.557000e-05	-8.400637e-02	1.523865e+01
3.558000e-05	-9.026922e-02	1.527813e+01
3.559000e-05	-9.926930e-02	1.531081e+01
3.560000e-05	-1.053645e-01	1.542234e+01
3.561000e-05	-1.026535e-01	1.537394e+01
3.562000e-05	-1.085177e-01	1.535247e+01
3.563000e-05	-1.206129e-01	1.540603e+01
3.564000e-05	-1.291094e-01	1.539652e+01
3.565000e-05	-1.308076e-01	1.542455e+01
3.566000e-05	-1.318678e-01	1.541402e+01
3.567000e-05	-1.452481e-01	1.542500e+01
3.568000e-05	-1.602463e-01	1.537447e+01
3.569000e-05	-1.717490e-01	1.537287e+01
3.570000e-05	-1.808516e-01	1.534292e+01
3.571000e-05	-2.006775e-01	1.531179e+01
3.572000e-05	-2.330994e-01	1.527863e+01
3.573000e-05	-2.491373e-01	1.523808e+01
3.574000e-05	-2.499997e-01	1.516586e+01
3.575000e-05	-2.500000e-01	1.509076e+01
3.576000e-05	-2.500000e-01	1.507963e+01
3.577000e-05	-2.500000e-01	1.500657e+01
3.578000e-05	-2.500000e-01	1.489276e+01
3.579000e-05	-2.500000e-01	1.482958e+01
3.580000e-05	-2.494949e-01	1.477402e+01
3.581000e-05	-2.324507e-01	1.465760e+01
3.582000e-05	-2.011510e-01	1.459747e+01
3.583000e-05	-1.709818e-01	1.450028e+01
3.584000e-05	-1.496330e-01	1.435450e+01
3.585000e-05	-1.364767e-01	1.425023e+01
3.586000e-05	-1.252467e-01	1.413492e+01
3.587000e-05	-1.104166e-01	1.400860e+01
3.588000e-05	-9.793591e-02	1.387226e+01
3.589000e-05	-9.207587e-02	1.375350e+01
3.590000e-05	-8.917183e-02	1.360765e+01
3.591000e-05	-8.039226e-02	1.346924e+01
3.592000e-05	-7.165855e-02	1.334391e+01
3.593000e-05	-6.732249e-02	1.318602e+01
3.594000e-05	-6.721991e-02	1.304915e+01
3.595000e-05	-6.415688e-02	1.287181e+01
3.596000e-05	-5.749990e-02	1.272241e+01
3.597000e-05	-5.239888e-02	1.257495e+01
3.598000e-05	-5.220308e-02	1.240657e+01
3.599000e-05	-5.245827e-02	1.222013e+01
3.600000e-05	-4.747506e-02	1.204123e+01
3.601000e-05	-4.370915e-02	1.184216e+01
3.602000e-05	-4.286369e-02	1.166073e+01
3.603000e-05	-4.534428e-02	1.143118e+01
3.604000e-05	-4.325908e-02	1.122918e+01
3.605000e-05	-3.771067e-02	1.104073e+01
3.606000e-05	-3.568436e-02	1.083170e+01
3.607000e-05	-3.657124e-02	1.060173e+01
3.608000e-05	-3.767766e-02	1.041117e+01
3.609000e-05	-3.377869e-02	1.018110e+01
3.610000e-05	-3.174691e-02	9.979626e+00
3.611000e-05	-3.075887e-02	9.718969e+00
3.612000e-05	-3.368509e-02	9.475466e+00
3.613000e-05	-3.113843e-02	9.294440e+00
3.614000e-05	-2.860750e-02	9.114811e+00
3.615000e-05	-2.699776e-02	8.851779e+00
3.616000e-05	-2.903149e-02	8.610703e+00
3.617000e-05	-2.924145e-02	8.410120e+00
3.618000e-05	-2.510607e-02	8.129018e+00
3.619000e-05	-2.411007e-02	7.884388e+00
3.620000e-05	-2.300086e-02	7.632171e+00
3.621000e-05	-2.624985e-02	7.348696e+00
3.622000e-05	-2.373707e-02	7.073415e+00
3.623000e-05	-2.233136e-02	6.842734e+00
3.624000e-05	-2.125528e-02	6.602145e+00
3.625000e-05	-2.303623e-02	6.316888e+00
3.626000e-05	-2.211438e-02	6.075284e+00
3.627000e-05	-1.987892e-02	5.842651e+00
3.628000e-05	-1.812312e-02	5.547367e+00
3.629000e-05	-1.980240e-02	5.285778e+00
3.630000e-05	-2.046886e-02	4.896914e+00
3.631000e-05	-1.907480e-02	4.603201e+00
3.632000e-05	-1.737276e-02	4.390125e+00
3.633000e-05	-1.654467e-02	4.065412e+00
3.634000e-05	-1.879113e-02	3.773198e+00
3.635000e-05	-1.772368e-02	3.568997e+00
3.636000e-05	-1.561295e-02	3.221765e+00
3.637000e-05	-1.388072e-02	2.980673e+00
3.638000e-05	-1.614774e-02	2.728463e+00
3.639000e-05	-1.560653e-02	2.401703e+00
3.640000e-05	-1.450881e-02	2.108516e+00
3.641000e-05	-1.324026e-02	1.866837e+00
3.642000e-05	-1.301333e-02	1.539123e+00
3.643000e-05	-1.478395e-02	1.307408e+00
3.644000e-05	-1.294247e-02	9.420411e-01
3.645000e-05	-1.131828e-02	6.342805e-01
3.646000e-05	-9.775690e-03	3.806001e-01
3.647000e-05	-9.299159e-03	6.673560e-02
3.648000e-05	-4.452748e-03	-1.963472e-01
3.649000e-05	6.970614e-03	-4.390049e-01
3.650000e-05	-4.254396e-03	-7.541419e-01
3.651000e-05	3.455193e-03	-1.015772e+00
3.652000e-05	-5.965112e-03	-1.338479e+00
3.653000e-05	1.955547e-03	-1.606795e+00
3.654000e-05	3.098459e-03	-1.818426e+00
3.655000e-05	4.405717e-02	-1.977476e+00
3.656000e-05	1.289738e-01	-2.330634e+00
3.657000e-05	-1.170536e-02	-2.722060e+00
3.658000e-05	-2.627667e-02	-3.129587e+00
3.659000e-05	-2.513098e-02	-3.386321e+00
3.660000e-05	-3.682535e-02	-3.605874e+00
3.661000e-05	-9.743634e-02	-3.837928e+00
3.662000e-05	7.497197e-02	-4.007925e+00
3.663000e-05	5.567234e-02	-4.238399e+00
3.664000e-05	-1.140846e-01	-4.582592e+00
3.665000e-05	2.157015e-01	-4.827421e+00
3.666000e-05	-1.545873e-01	-5.098438e+00
3.667000e-05	9.478941e-02	-5.458083e+00
3.668000e-05	-2.645599e-02	-5.678937e+00
3.669000e-05	-7.650980e-02	-6.033821e+00
3.670000e-05	1.663566e-01	-6.265922e+00
3.671000e-05	-1.201108e-01	-6.509113e+00
3.672000e-05	1.390449e-01	-6.756321e+00
3.673000e-05	-6.618537e-02	-7.065405e+00
3.674000e-05	1.698105e-02	-7.362612e+00
3.675000e-05	5.379919e-02	-7.554796e+00
3.676000e-05	-7.216645e-02	-7.869154e+00
3.677000e-05	1.420422e-01	-8.132237e+00
3.678000e-05	-9.079453e-02	-8.362291e+00
3.679000e-05	1.114546e-01	-8.635874e+00
3.680000e-05	-2.811961e-02	-8.898978e+00
3.681000e-05	-5.869068e-03	-9.100584e+00
3.682000e-05	4.770821e-02	-9.311066e+00
3.683000e-05	-3.217090e-02	-9.581213e+00
3.684000e-05	1.133962e-01	-9.792895e+00
3.685000e-05	-5.241694e-02	-9.972316e+00
3.686000e-05	9.713560e-02	-1.023395e+01
3.687000e-05	-4.615697e-02	-1.042698e+01
3.688000e-05	6.987920e-02	-1.065697e+01
3.689000e-05	-4.366836e-03	-1.082643e+01
3.690000e-05	2.927526e-02	-1.104703e+01
3.691000e-05	3.632759e-02	-1.124538e+01
3.692000e-05	1.278690e-02	-1.149801e+01
3.693000e-05	6.283410e-02	-1.165906e+01
3.694000e-05	-9.340182e-03	-1.187910e+01
3.695000e-05	6.068136e-02	-1.206896e+01
3.696000e-05	2.210378e-05	-1.224648e+01
3.697000e-05	7.049087e-02	-1.240702e+01
3.698000e-05	7.331046e-03	-1.261340e+01
3.699000e-05	5.001122e-02	-1.277184e+01
3.700000e-05	1.806015e-02	-1.295971e+01
3.701000e-05	5.105928e-02	-1.308766e+01
3.702000e-05	3.613520e-02	-1.323700e+01
3.703000e-05	4.117921e-02	-1.342329e+01
3.704000e-05	4.478468e-02	-1.351126e+01
3.705000e-05	4.164241e-02	-1.366853e+01
3.706000e-05	5.429596e-02	-1.379482e+01
3.707000e-05	3.410323e-02	-1.390118e+01
3.708000e-05	5.004843e-02	-1.405713e+01
3.709000e-05	4.140831e-02	-1.418292e+01
3.710000e-05	6.422801e-02	-1.431969e+01
3.711000e-05	4.930506e-02	-1.443593e+01
3.712000e-05	6.037487e-02	-1.454074e+01
3.713000e-05	5.080648e-02	-1.460692e+01
3.714000e-05	6.769826e-02	-1.466124e+01
3.715000e-05	6.123356e-02	-1.480492e+01
3.716000e-05	6.563801e-02	-1.490008e+01
3.717000e-05	6.325964e-02	-1.495149e+01
3.718000e-05	7.235364e-02	-1.502502e+01
3.719000e-05	7.404935e-02	-1.509971e+01
3.720000e-05	7.320687e-02	-1.513272e+01
3.721000e-05	7.626917e-02	-1.521500e+01
3.722000e-05	8.142194e-02	-1.526655e+01
3.723000e-05	9.355776e-02	-1.528971e+01
3.724000e-05	9.039759e-02	-1.529176e+01
3.725000e-05	9.508149e-02	-1.538334e+01
3.726000e-05	9.414629e-02	-1.538749e+01
3.727000e-05	1.032030e-01	-1.540798e+01
3.728000e-05	1.067006e-01	-1.544850e+01
3.729000e-05	1.124638e-01	-1.543863e+01
3.730000e-05	1.180818e-01	-1.543868e+01
3.731000e-05	1.280214e-01	-1.546663e+01
3.732000e-05	1.355375e-01	-1.543867e+01
3.733000e-05	1.410731e-01	-1.541640e+01
3.734000e-05	1.480549e-01	-1.540597e+01
3.735000e-05	1.613848e-01	-1.538449e+01
3.736000e-05	1.818728e-01	-1.539487e+01
3.737000e-05	2.039293e-01	-1.535071e+01
3.738000e-05	2.315838e-01	-1.526816e+01
3.739000e-05	2.483075e-01	-1.525855e+01
3.740000e-05	2.499792e-01	-1.516347e+01
3.741000e-05	2.500000e-01	-1.511329e+01
3.742000e-05	2.500000e-01	-1.506016e+01
3.743000e-05	2.500000e-01	-1.499545e+01
3.744000e-05	2.500000e-01	-1.491481e+01
3.745000e-05	2.500000e-01	-1.485910e+01
3.746000e-05	2.445369e-01	-1.473492e+01
3.747000e-05	2.107486e-01	-1.467273e+01
3.748000e-05	1.793832e-01	-1.458650e+01
3.749000e-05	1.569619e-01	-1.450130e+01
3.750000e-05	1.397942e-01	-1.439547e+01
3.751000e-05	1.223310e-01	-1.426968e+01
3.752000e-05	1.085229e-01	-1.415494e+01
3.753000e-05	9.772956e-02	-1.403810e+01
3.754000e-05	8.927264e-02	-1.386928e+01
3.755000e-05	7.909390e-02	-1.374547e+01
3.756000e-05	7.109698e-02	-1.363865e+01
3.757000e-05	6.602308e-02	-1.344973e+01
3.758000e-05	6.361192e-02	-1.335636e+01
3.759000e-05	5.895772e-02	-1.315605e+01
3.760000e-05	5.215041e-02	-1.304108e+01
3.761000e-05	4.756634e-02	-1.292333e+01
3.762000e-05	4.544813e-02	-1.267333e+01
3.763000e-05	4.265087e-02	-1.257654e+01
3.764000e-05	3.969414e-02	-1.242710e+01
3.765000e-05	3.603563e-02	-1.218910e+01
3.766000e-05	3.419522e-02	-1.201935e+01
3.767000e-05	3.359835e-02	-1.183013e+01
3.768000e-05	3.067107e-02	-1.163113e+01
3.769000e-05	2.704260e-02	-1.142957e+01
3.770000e-05	2.524226e-02	-1.117762e+01
3.771000e-05	2.674512e-02	-1.099752e+01
3.772000e-05	2.581433e-02	-1.078702e+01
3.773000e-05	2.312640e-02	-1.057007e+01
3.774000e-05	1.926107e-02	-1.036757e+01
3.775000e-05	1.892516e-02	-1.011799e+01
3.776000e-05	1.802005e-02	-9.934913e+00
3.777000e-05	1.779295e-02	-9.704891e+00
3.778000e-05	1.480673e-02	-9.485450e+00
3.779000e-05	1.503987e-02	-9.262754e+00
3.780000e-05	1.454372e-02	-9.030702e+00
3.781000e-05	1.381085e-02	-8.840701e+00
3.782000e-05	1.081242e-02	-8.540548e+00
3.783000e-05	9.314297e-03	-8.336911e+00
3.784000e-05	9.337281e-03	-8.096337e+00
3.785000e-05	1.046011e-02	-7.862729e+00
3.786000e-05	8.657043e-03	-7.529041e+00
3.787000e-05	6.677132e-03	-7.286314e+00
3.788000e-05	5.900806e-03	-7.022882e+00
3.789000e-05	5.918432e-03	-6.739599e+00
3.790000e-05	5.402750e-03	-6.528940e+00
3.791000e-05	4.613285e-03	-6.262384e+00
3.792000e-05	4.102015e-03	-6.000097e+00
3.793000e-05	3.260399e-03	-5.757942e+00
3.794000e-05	3.291498e-03	-5.463350e+00
3.795000e-05	1.216580e-03	-5.140496e+00
3.796000e-05	-1.295035e-03	-4.864153e+00
3.797000e-05	1.841980e-04	-4.518518e+00
3.798000e-05	8.597103e-04	-4.328389e+00
3.799000e-05	7.060944e-04	-4.055211e+00
3.800000e-05	-2.589035e-03	-3.772123e+00
3.801000e-05	-2.655857e-03	-3.497864e+00
3.802000e-05	-4.472459e-03	-3.243154e+00
3.803000e-05	-2.514017e-03	-2.898415e+00
3.804000e-05	-4.765344e-03	-2.655785e+00
3.805000e-05	-2.914237e-03	-2.350624e+00
3.806000e-05	-5.035207e-03	-2.056437e+00
3.807000e-05	-3.808632e-03	-1.821654e+00
3.808000e-05	-5.976370e-03	-1.549021e+00
3.809000e-05	-6.597310e-03	-1.191103e+00
3.810000e-05	-8.262490e-03	-9.184358e-01
3.811000e-05	-6.161821e-03	-6.222278e-01
3.812000e-05	-7.349071e-03	-3.079924e-01
3.813000e-05	-5.110776e-03	-4.628310e-02
3.814000e-05	4.941500e-03	2.378549e-01
3.815000e-05	3.422123e-03	4.916355e-01
3.816000e-05	2.263085e-03	7.437198e-01
3.817000e-05	2.047576e-03	1.025802e+00
3.818000e-05	-1.650653e-03	1.281117e+00
3.819000e-05	-2.043356e-05	1.635332e+00
3.820000e-05	3.505806e-03	1.910033e+00
3.821000e-05	2.811797e-02	2.091059e+00
3.822000e-05	9.966536e-02	2.376271e+00
3.823000e-05	3.036105e-02	2.751766e+00
3.824000e-05	-5.638569e-02	3.076851e+00
3.825000e-05	-2.684396e-02	3.310637e+00
3.826000e-05	-3.357193e-02	3.596425e+00
3.827000e-05	-5.236033e-02	3.807476e+00
3.828000e-05	-7.691797e-02	4.056927e+00
3.829000e-05	8.211662e-02	4.300589e+00
3.830000e-05	-7.028720e-03	4.654324e+00
3.831000e-05	-3.835254e-02	4.847005e+00
3.832000e-05	1.492633e-01	5.141790e+00
3.833000e-05	-1.426225e-01	5.508531e+00
3.834000e-05	5.724262e-02	5.682588e+00
3.835000e-05	-4.342525e-02	6.007403e+00
3.836000e-05	7.322871e-03	6.237975e+00
3.837000e-05	3.137461e-02	6.602567e+00
3.838000e-05	-6.690369e-02	6.835945e+00
3.839000e-05	4.763247e-02	7.068503e+00
3.840000e-05	-5.695319e-02	7.381717e+00
3.841000e-05	2.924349e-02	7.634848e+00
3.842000e-05	-5.887065e-02	7.927984e+00
3.843000e-05	4.203216e-03	8.172821e+00
3.844000e-05	2.226310e-02	8.444424e+00
3.845000e-05	-3.566323e-02	8.625423e+00
3.846000e-05	1.661019e-02	8.848054e+00
3.847000e-05	-5.928997e-02	9.108580e+00
3.848000e-05	-5.763756e-03	9.301063e+00
3.849000e-05	-1.237439e-02	9.543141e+00
3.850000e-05	-4.182300e-03	9.804271e+00
3.851000e-05	-2.580578e-02	1.000387e+01
3.852000e-05	-2.274605e-02	1.021647e+01
3.853000e-05	1.753092e-03	1.042545e+01
3.854000e-05	-3.154481e-02	1.067748e+01
3.855000e-05	-2.166757e-02	1.088693e+01
3.856000e-05	-4.080574e-02	1.106640e+01
3.857000e-05	-1.268557e-02	1.131858e+01
3.858000e-05	-1.780864e-02	1.147906e+01
3.859000e-05	-2.547035e-02	1.169670e+01
3.860000e-05	-3.941860e-02	1.187853e+01
3.861000e-05	-3.045507e-02	1.205861e+01
3.862000e-05	-1.959455e-02	1.223696e+01
3.863000e-05	-2.683355e-02	1.244445e+01
3.864000e-05	-3.883092e-02	1.260332e+01
3.865000e-05	-4.365635e-02	1.276284e+01
3.866000e-05	-3.004897e-02	1.291061e+01
3.867000e-05	-3.213915e-02	1.306766e+01
3.868000e-05	-4.228296e-02	1.320445e+01
3.869000e-05	-4.965326e-02	1.338384e+01
3.870000e-05	-3.648763e-02	1.346766e+01
3.871000e-05	-3.438657e-02	1.362566e+01
3.872000e-05	-4.291599e-02	1.381354e+01
3.873000e-05	-5.948681e-02	1.393066e+01
3.874000e-05	-5.408659e-02	1.406555e+01
3.875000e-05	-4.727389e-02	1.421387e+01
3.876000e-05	-4.845452e-02	1.432871e+01
3.877000e-05	-6.067422e-02	1.444505e+01
3.878000e-05	-6.543434e-02	1.451174e+01
3.879000e-05	-5.555232e-02	1.463510e+01
3.880000e-05	-5.814357e-02	1.468121e+01
3.881000e-05	-6.452502e-02	1.479587e+01
3.882000e-05	-7.656040e-02	1.488968e+01
3.883000e-05	-7.021593e-02	1.495129e+01
3.884000e-05	-6.943948e-02	1.498594e+01
3.885000e-05	-7.441298e-02	1.506808e+01
3.886000e-05	-8.943198e-02	1.512229e+01
3.887000e-05	-9.139833e-02	1.518345e+01
3.888000e-05	-8.521097e-02	1.524748e+01
3.889000e-05	-8.784770e-02	1.525903e+01
3.890000e-05	-9.617092e-02	1.531028e+01
3.891000e-05	-1.056397e-01	1.535241e+01
3.892000e-05	-1.030049e-01	1.534252e+01
3.893000e-05	-1.057635e-01	1.537344e+01
3.894000e-05	-1.157946e-01	1.541450e+01
3.895000e-05	-1.277077e-01	1.540597e+01
3.896000e-05	-1.300803e-01	1.542405e+01
3.897000e-05	-1.295511e-01	1.543607e+01
3.898000e-05	-1.386876e-01	1.540552e+01
3.899000e-05	-1.545309e-01	1.539452e+01
3.900000e-05	-1.691073e-01	1.533295e+01
3.901000e-05	-1.755610e-01	1.535086e+01
3.902000e-05	-1.925715e-01	1.532029e+01
3.903000e-05	-2.204340e-01	1.525028e+01
3.904000e-05	-2.472178e-01	1.528818e+01
3.905000e-05	-2.499837e-01	1.517292e+01
3.906000e-05	-2.500000e-01	1.511287e+01
3.907000e-05	-2.500000e-01	1.508026e+01
3.908000e-05	-2.500000e-01	1.498760e+01
3.909000e-05	-2.500000e-01	1.495294e+01
3.910000e-05	-2.500000e-01	1.487023e+01
3.911000e-05	-2.500000e-01	1.478552e+01
3.912000e-05	-2.407647e-01	1.468126e+01
3.913000e-05	-2.125484e-01	1.461710e+01
3.914000e-05	-1.788958e-01	1.449339e+01
3.915000e-05	-1.567919e-01	1.441750e+01
3.916000e-05	-1.401665e-01	1.426923e+01
3.917000e-05	-1.310250e-01	1.419812e+01
3.918000e-05	-1.139859e-01	1.406771e+01
3.919000e-05	-1.022587e-01	1.392292e+01
3.920000e-05	-9.226111e-02	1.378710e+01
3.921000e-05	-9.142021e-02	1.367218e+01
3.922000e-05	-8.315666e-02	1.354286e+01
3.923000e-05	-7.554529e-02	1.339655e+01
3.924000e-05	-6.691764e-02	1.323920e+01
3.925000e-05	-6.825442e-02	1.305171e+01
3.926000e-05	-6.518161e-02	1.294494e+01
3.927000e-05	-6.054600e-02	1.276647e+01
3.928000e-05	-5.345773e-02	1.262810e+01
3.929000e-05	-5.308330e-02	1.248175e+01
3.930000e-05	-5.389424e-02	1.229231e+01
3.931000e-05	-4.963445e-02	1.212349e+01
3.932000e-05	-4.398702e-02	1.192494e+01
3.933000e-05	-4.210078e-02	1.175434e+01
3.934000e-05	-4.510290e-02	1.150331e+01
3.935000e-05	-4.386432e-02	1.130281e+01
3.936000e-05	-4.082953e-02	1.108389e+01
3.937000e-05	-3.646316e-02	1.089691e+01
3.938000e-05	-3.770614e-02	1.073596e+01
3.939000e-05	-3.671764e-02	1.052441e+01
3.940000e-05	-3.502524e-02	1.028328e+01
3.941000e-05	-3.167906e-02	1.006428e+01
3.942000e-05	-3.013284e-02	9.813226e+00
3.943000e-05	-3.371652e-02	9.580151e+00
3.944000e-05	-3.126459e-02	9.368573e+00
3.945000e-05	-2.868153e-02	9.168570e+00
3.946000e-05	-2.683907e-02	8.916990e+00
3.947000e-05	-2.929163e-02	8.663834e+00
3.948000e-05	-2.851778e-02	8.474361e+00
3.949000e-05	-2.723290e-02	8.232682e+00
3.950000e-05	-2.368941e-02	7.947500e+00
3.951000e-05	-2.382361e-02	7.727490e+00
3.952000e-05	-2.537060e-02	7.454329e+00
3.953000e-05	-2.491080e-02	7.198598e+00
3.954000e-05	-2.170136e-02	6.926491e+00
3.955000e-05	-2.159908e-02	6.663386e+00
3.956000e-05	-2.324293e-02	6.400751e+00
3.957000e-05	-2.348808e-02	6.149470e+00
3.958000e-05	-2.056312e-02	5.926412e+00
3.959000e-05	-1.920551e-02	5.610178e+00
3.960000e-05	-1.994787e-02	5.369669e+00
3.961000e-05	-2.076659e-02	4.985730e+00
3.962000e-05	-1.930226e-02	4.728391e+00
3.963000e-05	-1.799013e-02	4.445712e+00
3.964000e-05	-1.793102e-02	4.181719e+00
3.965000e-05	-1.837618e-02	3.896890e+00
3.966000e-05	-1.805288e-02	3.642733e+00
3.967000e-05	-1.561980e-02	3.371094e+00
3.968000e-05	-1.557658e-02	3.075332e+00
3.969000e-05	-1.611312e-02	2.834101e+00
3.970000e-05	-1.593004e-02	2.506990e+00
3.971000e-05	-1.435966e-02	2.222707e+00
3.972000e-05	-1.286602e-02	1.960071e+00
3.973000e-05	-1.263403e-02	1.676482e+00
3.974000e-05	-1.390726e-02	1.361524e+00
3.975000e-05	-1.315697e-02	1.017233e+00
3.976000e-05	-1.140313e-02	7.695421e-01
3.977000e-05	-1.137137e-02	4.673855e-01
3.978000e-05	-1.060182e-02	1.526974e-01
3.979000e-05	-7.533699e-03	-8.208790e-02
3.980000e-05	5.725090e-03	-3.257669e-01
3.981000e-05	-6.913237e-04	-6.678250e-01
3.982000e-05	1.459802e-03	-8.841393e-01
3.983000e-05	-2.663332e-03	-1.165840e+00
3.984000e-05	1.550586e-03	-1.499508e+00
3.985000e-05	1.149165e-03	-1.723586e+00
3.986000e-05	2.355832e-02	-1.956792e+00
3.987000e-05	1.019373e-01	-2.208297e+00
3.988000e-05	6.466905e-02	-2.563193e+00
3.989000e-05	-5.876599e-02	-2.982746e+00
3.990000e-05	-2.035270e-03	-3.332691e+00
3.991000e-05	-4.911504e-02	-3.542141e+00
3.992000e-05	-6.056291e-02	-3.733763e+00
3.993000e-05	-4.061043e-02	-3.974321e+00
3.994000e-05	1.662034e-01	-4.154716e+00
3.995000e-05	-1.674508e-01	-4.468379e+00
3.996000e-05	1.618409e-01	-4.753164e+00
3.997000e-05	-9.469286e-03	-4.982693e+00
3.998000e-05	-6.495857e-02	-5.391742e+00
3.999000e-05	1.229792e-01	-5.585344e+00
4.000000e-05	-1.778612e-01	-5.919008e+00
4.001000e-05	1.758225e-01	-6.173740e+00
4.002000e-05	-5.452582e-02	-6.403721e+00
4.003000e-05	4.036030e-02	-6.701109e+00
4.004000e-05	5.883884e-02	-6.953242e+00
4.005000e-05	-9.121272e-02	-7.238499e+00
4.006000e-05	1.240553e-01	-7.500557e+00
4.007000e-05	-1.060402e-01	-7.792717e+00
4.008000e-05	1.136800e-01	-8.087454e+00
4.009000e-05	-1.666459e-02	-8.278002e+00
4.010000e-05	1.282908e-02	-8.583092e+00
4.011000e-05	8.148406e-02	-8.773795e+00
4.012000e-05	-8.718948e-02	-9.036350e+00
4.013000e-05	9.958319e-02	-9.237501e+00
4.014000e-05	-6.567699e-02	-9.497430e+00
4.015000e-05	1.106957e-01	-9.740186e+00
4.016000e-05	-2.201149e-02	-9.869107e+00
4.017000e-05	5.191709e-02	-1.016066e+01
4.018000e-05	1.592802e-02	-1.036227e+01
4.019000e-05	2.231813e-03	-1.060532e+01
4.020000e-05	5.898611e-02	-1.076182e+01
4.021000e-05	-2.579967e-02	-1.097384e+01
4.022000e-05	7.651477e-02	-1.114280e+01
4.023000e-05	-1.875829e-02	-1.138437e+01
4.024000e-05	7.845186e-02	-1.162587e+01
4.025000e-05	-1.078532e-02	-1.182489e+01
4.026000e-05	5.376256e-02	-1.204482e+01
4.027000e-05	1.083648e-02	-1.219532e+01
4.028000e-05	5.091057e-02	-1.239432e+01
4.029000e-05	3.248094e-02	-1.251364e+01
4.030000e-05	2.708610e-02	-1.272021e+01
4.031000e-05	3.884532e-02	-1.285013e+01
4.032000e-05	2.731368e-02	-1.304745e+01
4.033000e-05	5.596146e-02	-1.316234e+01
4.034000e-05	2.565065e-02	-1.333069e+01
4.035000e-05	5.802933e-02	-1.348910e+01
4.036000e-05	3.040686e-02	-1.363392e+01
4.037000e-05	6.080816e-02	-1.376321e+01
4.038000e-05	3.108777e-02	-1.395919e+01
4.039000e-05	5.104282e-02	-1.402495e+01
4.040000e-05	3.859908e-02	-1.417024e+01
4.041000e-05	6.142008e-02	-1.426810e+01
4.042000e-05	5.210478e-02	-1.437389e+01
4.043000e-05	5.609980e-02	-1.449811e+01
4.044000e-05	5.325017e-02	-1.459337e+01
4.045000e-05	6.075128e-02	-1.468861e+01
4.046000e-05	6.770836e-02	-1.479385e+01
4.047000e-05	6.187590e-02	-1.485851e+01
4.048000e-05	6.713424e-02	-1.495132e+01
4.049000e-05	6.596159e-02	-1.502452e+01
4.050000e-05	7.795937e-02	-1.508013e+01
4.051000e-05	7.026667e-02	-1.511234e+01
4.052000e-05	7.729646e-02	-1.517392e+01
4.053000e-05	7.706515e-02	-1.523653e+01
4.054000e-05	9.221237e-02	-1.528911e+01
4.055000e-05	9.167905e-02	-1.534166e+01
4.056000e-05	9.227002e-02	-1.536274e+01
4.057000e-05	9.277560e-02	-1.539532e+01
4.058000e-05	9.916733e-02	-1.542602e+01
4.059000e-05	1.075852e-01	-1.543557e+01
4.060000e-05	1.100188e-01	-1.545815e+01
4.061000e-05	1.158120e-01	-1.544860e+01
4.062000e-05	1.221098e-01	-1.545761e+01
4.063000e-05	1.343570e-01	-1.542755e+01
4.064000e-05	1.389961e-01	-1.544703e+01
4.065000e-05	1.466459e-01	-1.539752e+01
4.066000e-05	1.546587e-01	-1.538647e+01
4.067000e-05	1.751004e-01	-1.540242e+01
4.068000e-05	1.950041e-01	-1.530124e+01
4.069000e-05	2.207436e-01	-1.533018e+01
4.070000e-05	2.445190e-01	-1.523810e+01
4.071000e-05	2.499830e-01	-1.520655e+01
4.072000e-05	2.500000e-01	-1.512337e+01
4.073000e-05	2.500000e-01	-1.508923e+01
4.074000e-05	2.500000e-01	-1.499907e+01
4.075000e-05	2.500000e-01	-1.493544e+01
4.076000e-05	2.500000e-01	-1.487118e+01
4.077000e-05	2.493999e-01	-1.476552e+01
4.078000e-05	2.242665e-01	-1.468289e+01
4.079000e-05	1.895612e-01	-1.460698e+01
4.080000e-05	1.651506e-01	-1.452336e+01
4.081000e-05	1.471074e-01	-1.440905e+01
4.082000e-05	1.284448e-01	-1.432136e+01
4.083000e-05	1.131318e-01	-1.419649e+01
4.084000e-05	1.007946e-01	-1.409066e+01
4.085000e-05	9.236156e-02	-1.393286e+01
4.086000e-05	8.270144e-02	-1.380760e+01
4.087000e-05	7.411266e-02	-1.368075e+01
4.088000e-05	6.732692e-02	-1.348336e+01
4.089000e-05	6.350213e-02	-1.342709e+01
4.090000e-05	5.982717e-02	-1.322158e+01
4.091000e-05	5.507770e-02	-1.308278e+01
4.092000e-05	4.959418e-02	-1.294389e+01
4.093000e-05	4.545585e-02	-1.280855e+01
4.094000e-05	4.356496e-02	-1.261918e+01
4.095000e-05	4.107849e-02	-1.246223e+01
4.096000e-05	3.773064e-02	-1.222276e+01
4.097000e-05	3.509421e-02	-1.210378e+01
4.098000e-05	3.424221e-02	-1.188391e+01
4.099000e-05	3.070647e-02	-1.172491e+01
4.100000e-05	2.843573e-02	-1.146228e+01
4.101000e-05	2.583946e-02	-1.127326e+01
4.102000e-05	2.602864e-02	-1.109225e+01
4.103000e-05	2.569656e-02	-1.087168e+01
4.104000e-05	2.443512e-02	-1.067318e+01
4.105000e-05	2.089855e-02	-1.048328e+01
4.106000e-05	1.951969e-02	-1.022122e+01
4.107000e-05	1.918267e-02	-1.001823e+01
4.108000e-05	1.722262e-02	-9.790070e+00
4.109000e-05	1.554001e-02	-9.609049e+00
4.110000e-05	1.469378e-02	-9.326495e+00
4.111000e-05	1.545050e-02	-9.135839e+00
4.112000e-05	1.437526e-02	-8.906315e+00
4.113000e-05	1.243415e-02	-8.673831e+00
4.114000e-05	9.667756e-03	-8.430623e+00
4.115000e-05	1.032802e-02	-8.180048e+00
4.116000e-05	1.042065e-02	-7.966515e+00
4.117000e-05	1.037541e-02	-7.664278e+00
4.118000e-05	6.838896e-03	-7.400120e+00
4.119000e-05	5.829932e-03	-7.158491e+00
4.120000e-05	4.694844e-03	-6.894283e+00
4.121000e-05	6.168982e-03	-6.602175e+00
4.122000e-05	3.627381e-03	-6.387518e+00
4.123000e-05	3.912299e-03	-6.097960e+00
4.124000e-05	2.858953e-03	-5.842679e+00
4.125000e-05	4.572235e-03	-5.559021e+00
4.126000e-05	1.591525e-03	-5.264333e+00
4.127000e-05	5.523402e-04	-4.988041e+00
4.128000e-05	-1.112141e-03	-4.633852e+00
4.129000e-05	1.478779e-03	-4.430700e+00
4.130000e-05	1.018577e-03	-4.198572e+00
4.131000e-05	-1.269470e-03	-3.877408e+00
4.132000e-05	-3.553715e-03	-3.591098e+00
4.133000e-05	-3.541616e-03	-3.308467e+00
4.134000e-05	-3.464214e-03	-3.035358e+00
4.135000e-05	-3.752341e-03	-2.769466e+00
4.136000e-05	-4.113443e-03	-2.487835e+00
4.137000e-05	-4.287137e-03	-2.192199e+00
4.138000e-05	-3.915739e-03	-1.908413e+00
4.139000e-05	-5.031741e-03	-1.645255e+00
4.140000e-05	-6.607736e-03	-1.318465e+00
4.141000e-05	-8.726595e-03	-1.004075e+00
4.142000e-05	-6.755598e-03	-7.389970e-01
4.143000e-05	-6.522366e-03	-4.241303e-01
4.144000e-05	-5.144057e-03	-1.410723e-01
4.145000e-05	-3.642817e-04	1.016104e-01
4.146000e-05	8.194989e-03	4.383999e-01
4.147000e-05	-1.148667e-03	6.490051e-01
4.148000e-05	5.511061e-03	9.020607e-01
4.149000e-05	-3.524034e-03	1.238429e+00
4.150000e-05	1.237045e-03	1.511087e+00
4.151000e-05	-2.262410e-03	1.836875e+00
4.152000e-05	1.893445e-02	1.987974e+00
4.153000e-05	6.777703e-02	2.240059e+00
4.154000e-05	8.984692e-02	2.602755e+00
4.155000e-05	-5.732742e-02	2.941617e+00
4.156000e-05	-2.513626e-02	3.177323e+00
4.157000e-05	-4.121171e-02	3.529115e+00
4.158000e-05	-2.839316e-02	3.753818e+00
4.159000e-05	-9.167634e-02	3.964367e+00
4.160000e-05	1.817698e-02	4.204299e+00
4.161000e-05	8.492232e-02	4.501135e+00
4.162000e-05	-1.159999e-01	4.763793e+00
4.163000e-05	1.648306e-01	5.065877e+00
4.164000e-05	-7.696180e-02	5.383791e+00
4.165000e-05	-2.377566e-02	5.625852e+00
4.166000e-05	2.400590e-02	5.932086e+00
4.167000e-05	-5.293582e-02	6.173320e+00
4.168000e-05	6.935750e-02	6.424826e+00
4.169000e-05	-6.548612e-02	6.740689e+00
4.170000e-05	2.086281e-02	6.974845e+00
4.171000e-05	-2.192165e-02	7.215955e+00
4.172000e-05	-1.126669e-02	7.518712e+00
4.173000e-05	-6.507534e-03	7.833821e+00
4.174000e-05	-4.919422e-02	8.057131e+00
4.175000e-05	4.768037e-02	8.340661e+00
4.176000e-05	-3.259063e-02	8.521690e+00
4.177000e-05	3.020551e-03	8.762719e+00
4.178000e-05	-2.397482e-02	9.004347e+00
4.179000e-05	-4.801119e-02	9.286404e+00
4.180000e-05	1.549379e-02	9.456480e+00
4.181000e-05	-2.695340e-02	9.659586e+00
4.182000e-05	2.784304e-03	9.928738e+00
4.183000e-05	-4.461876e-02	1.013075e+01
4.184000e-05	6.934741e-03	1.036181e+01
4.185000e-05	-2.554867e-02	1.060229e+01
4.186000e-05	-2.493449e-02	1.081130e+01
4.187000e-05	-2.977681e-02	1.098442e+01
4.188000e-05	-3.207066e-02	1.118390e+01
4.189000e-05	-2.879974e-03	1.138387e+01
4.190000e-05	-3.450047e-02	1.161342e+01
4.191000e-05	-2.417637e-02	1.182333e+01
4.192000e-05	-4.646831e-02	1.202487e+01
4.193000e-05	-1.393407e-02	1.218437e+01
4.194000e-05	-2.908223e-02	1.235079e+01
4.195000e-05	-3.063603e-02	1.252971e+01
4.196000e-05	-4.400607e-02	1.267759e+01
4.197000e-05	-3.477528e-02	1.287858e+01
4.198000e-05	-2.786383e-02	1.303447e+01
4.199000e-05	-4.225930e-02	1.313139e+01
4.200000e-05	-4.420536e-02	1.332271e+01
4.201000e-05	-4.579349e-02	1.347600e+01
4.202000e-05	-3.075419e-02	1.360283e+01
4.203000e-05	-4.310111e-02	1.375234e+01
4.204000e-05	-5.188598e-02	1.389863e+01
4.205000e-05	-5.761345e-02	1.401295e+01
4.206000e-05	-4.791450e-02	1.416019e+01
4.207000e-05	-4.758861e-02	1.429813e+01
4.208000e-05	-5.751491e-02	1.437152e+01
4.209000e-05	-6.327021e-02	1.447866e+01
4.210000e-05	-5.979219e-02	1.463392e+01
4.211000e-05	-5.537284e-02	1.468816e+01
4.212000e-05	-6.399975e-02	1.477432e+01
4.213000e-05	-7.134442e-02	1.483608e+01
4.214000e-05	-7.323750e-02	1.490874e+01
4.215000e-05	-6.814692e-02	1.496387e+01
4.216000e-05	-7.270277e-02	1.504755e+01
4.217000e-05	-8.492885e-02	1.506931e+01
4.218000e-05	-9.116796e-02	1.514232e+01
4.219000e-05	-8.773594e-02	1.519450e+01
4.220000e-05	-8.547218e-02	1.524655e+01
4.221000e-05	-9.350054e-02	1.531871e+01
4.222000e-05	-1.026067e-01	1.533079e+01
4.223000e-05	-1.036640e-01	1.539199e+01
4.224000e-05	-1.042624e-01	1.535307e+01
4.225000e-05	-1.118085e-01	1.545597e+01
4.226000e-05	-1.235294e-01	1.543555e+01
4.227000e-05	-1.282713e-01	1.538452e+01
4.228000e-05	-1.305737e-01	1.539555e+01
4.229000e-05	-1.340207e-01	1.536605e+01
4.230000e-05	-1.510461e-01	1.537352e+01
4.231000e-05	-1.633006e-01	1.536400e+01
4.232000e-05	-1.734221e-01	1.535394e+01
4.233000e-05	-1.840382e-01	1.531082e+01
4.234000e-05	-2.093996e-01	1.529978e+01
4.235000e-05	-2.410648e-01	1.524705e+01
4.236000e-05	-2.497363e-01	1.520455e+01
4.237000e-05	-2.500000e-01	1.514182e+01
4.238000e-05	-2.500000e-01	1.509979e+01
4.239000e-05	-2.500000e-01	1.503813e+01
4.240000e-05	-2.500000e-01	1.494494e+01
4.241000e-05	-2.500000e-01	1.489128e+01
4.242000e-05	-2.500000e-01	1.483752e+01
4.243000e-05	-2.477844e-01	1.471244e+01
4.244000e-05	-2.232620e-01	1.467923e+01
4.245000e-05	-1.908256e-01	1.453449e+01
4.246000e-05	-1.635539e-01	1.444771e+01
4.247000e-05	-1.444244e-01	1.437296e+01
4.248000e-05	-1.338715e-01	1.422768e+01
4.249000e-05	-1.206704e-01	1.410981e+01
4.250000e-05	-1.065083e-01	1.399491e+01
4.251000e-05	-9.550705e-02	1.382926e+01
4.252000e-05	-9.169987e-02	1.372394e+01
4.253000e-05	-8.716651e-02	1.357707e+01
4.254000e-05	-7.817466e-02	1.343966e+01
4.255000e-05	-6.991209e-02	1.330234e+01
4.256000e-05	-6.791463e-02	1.316441e+01
4.257000e-05	-6.747108e-02	1.297660e+01
4.258000e-05	-6.292789e-02	1.283920e+01
4.259000e-05	-5.501599e-02	1.268276e+01
4.260000e-05	-5.266906e-02	1.248389e+01
4.261000e-05	-5.188253e-02	1.238396e+01
4.262000e-05	-5.151156e-02	1.218662e+01
4.263000e-05	-4.541913e-02	1.204820e+01
4.264000e-05	-4.425621e-02	1.177965e+01
4.265000e-05	-4.490346e-02	1.160667e+01
4.266000e-05	-4.548881e-02	1.135760e+01
4.267000e-05	-4.169421e-02	1.118857e+01
4.268000e-05	-3.633627e-02	1.099903e+01
4.269000e-05	-3.540867e-02	1.078859e+01
4.270000e-05	-3.690696e-02	1.056860e+01
4.271000e-05	-3.554889e-02	1.030755e+01
4.272000e-05	-3.297040e-02	1.010802e+01
4.273000e-05	-3.203068e-02	9.925962e+00
4.274000e-05	-3.272403e-02	9.673361e+00
4.275000e-05	-3.391403e-02	9.451780e+00
4.276000e-05	-2.938154e-02	9.231729e+00
4.277000e-05	-2.704696e-02	9.010678e+00
4.278000e-05	-2.624445e-02	8.779144e+00
4.279000e-05	-2.881402e-02	8.547595e+00
4.280000e-05	-2.690605e-02	8.336386e+00
4.281000e-05	-2.497909e-02	8.083359e+00
4.282000e-05	-2.420790e-02	7.809673e+00
4.283000e-05	-2.668630e-02	7.558066e+00
4.284000e-05	-2.481476e-02	7.282382e+00
4.285000e-05	-2.296197e-02	7.022175e+00
4.286000e-05	-2.129102e-02	6.809147e+00
4.287000e-05	-2.239109e-02	6.486965e+00
4.288000e-05	-2.306386e-02	6.223706e+00
4.289000e-05	-2.092482e-02	6.012225e+00
4.290000e-05	-1.935939e-02	5.756440e+00
4.291000e-05	-1.947786e-02	5.463333e+00
4.292000e-05	-2.148086e-02	5.201669e+00
4.293000e-05	-2.037682e-02	4.801804e+00
4.294000e-05	-1.833862e-02	4.559574e+00
4.295000e-05	-1.775992e-02	4.238366e+00
4.296000e-05	-1.854006e-02	4.002201e+00
4.297000e-05	-1.836816e-02	3.726992e+00
4.298000e-05	-1.644171e-02	3.447387e+00
4.299000e-05	-1.397906e-02	3.169696e+00
4.300000e-05	-1.567391e-02	2.898439e+00
4.301000e-05	-1.742090e-02	2.623803e+00
4.302000e-05	-1.613930e-02	2.277940e+00
4.303000e-05	-1.336667e-02	2.064859e+00
4.304000e-05	-1.325586e-02	1.801726e+00
4.305000e-05	-1.367313e-02	1.477363e+00
4.306000e-05	-1.443578e-02	1.191147e+00
4.307000e-05	-1.133438e-02	8.263330e-01
4.308000e-05	-1.031633e-02	5.616512e-01
4.309000e-05	-1.019343e-02	2.800172e-01
4.310000e-05	-9.868727e-03	-2.842343e-02
4.311000e-05	-8.576340e-04	-2.895315e-01
4.312000e-05	5.052240e-03	-5.726342e-01
4.313000e-05	-3.040752e-03	-8.479487e-01
4.314000e-05	9.662844e-04	-1.071503e+00
4.315000e-05	-2.081626e-03	-1.383718e+00
4.316000e-05	2.643947e-03	-1.620429e+00
4.317000e-05	1.190373e-02	-1.900003e+00
4.318000e-05	6.521651e-02	-2.100582e+00
4.319000e-05	1.210464e-01	-2.447825e+00
4.320000e-05	-5.366974e-02	-2.826324e+00
4.321000e-05	-4.431581e-03	-3.246321e+00
4.322000e-05	-4.624888e-02	-3.437904e+00
4.323000e-05	-3.640878e-02	-3.647955e+00
4.324000e-05	-1.013131e-01	-3.892562e+00
4.325000e-05	1.538727e-01	-4.080008e+00
4.326000e-05	-6.261625e-02	-4.319637e+00
4.327000e-05	4.551984e-03	-4.658324e+00
4.328000e-05	1.387482e-01	-4.870480e+00
4.329000e-05	-1.698450e-01	-5.265278e+00
4.330000e-05	1.654059e-01	-5.522658e+00
4.331000e-05	-1.363007e-01	-5.763168e+00
4.332000e-05	4.541947e-02	-6.068530e+00
4.333000e-05	8.109588e-02	-6.309507e+00
4.334000e-05	-8.055785e-02	-6.623798e+00
4.335000e-05	1.473977e-01	-6.839505e+00
4.336000e-05	-1.178026e-01	-7.158712e+00
4.337000e-05	9.772813e-02	-7.406899e+00
4.338000e-05	-3.354073e-02	-7.667377e+00
4.339000e-05	7.442421e-03	-7.992743e+00
4.340000e-05	9.051724e-02	-8.214342e+00
4.341000e-05	-7.909821e-02	-8.456878e+00
4.342000e-05	1.367359e-01	-8.739159e+00
4.343000e-05	-8.804119e-02	-8.941163e+00
4.344000e-05	6.580009e-02	-9.143793e+00
4.345000e-05	-1.641758e-02	-9.384166e+00
4.346000e-05	3.557338e-02	-9.655350e+00
4.347000e-05	6.033023e-02	-9.846399e+00
4.348000e-05	-2.241329e-02	-1.005801e+01
4.349000e-05	8.146017e-02	-1.029855e+01
4.350000e-05	-4.965130e-02	-1.051909e+01
4.351000e-05	9.010380e-02	-1.071964e+01
4.352000e-05	-3.595933e-02	-1.090009e+01
4.353000e-05	6.759653e-02	-1.111871e+01
4.354000e-05	-1.104336e-03	-1.134973e+01
4.355000e-05	5.028367e-02	-1.156124e+01
4.356000e-05	2.703641e-02	-1.175126e+01
4.357000e-05	1.826013e-02	-1.198078e+01
4.358000e-05	4.276079e-02	-1.215116e+01
4.359000e-05	1.731660e-02	-1.231958e+01
4.360000e-05	6.184940e-02	-1.247803e+01
4.361000e-05	6.548108e-03	-1.266650e+01
4.362000e-05	5.249784e-02	-1.279397e+01
4.363000e-05	1.237294e-02	-1.300284e+01
4.364000e-05	6.124186e-02	-1.313119e+01
4.365000e-05	2.402412e-02	-1.330708e+01
4.366000e-05	5.488897e-02	-1.344548e+01
4.367000e-05	3.472668e-02	-1.359076e+01
4.368000e-05	5.370399e-02	-1.372921e+01
4.369000e-05	4.225101e-02	-1.386655e+01
4.370000e-05	4.139939e-02	-1.399287e+01
4.371000e-05	4.381324e-02	-1.416021e+01
4.372000e-05	4.851942e-02	-1.423500e+01
4.373000e-05	6.051659e-02	-1.435129e+01
4.374000e-05	5.120579e-02	-1.446753e+01
4.375000e-05	5.997296e-02	-1.457229e+01
4.376000e-05	5.310872e-02	-1.465753e+01
4.377000e-05	7.002204e-02	-1.478176e+01
4.378000e-05	5.978729e-02	-1.480697e+01
4.379000e-05	6.874477e-02	-1.496118e+01
4.380000e-05	6.198714e-02	-1.500394e+01
4.381000e-05	7.507358e-02	-1.507658e+01
4.382000e-05	7.130932e-02	-1.510966e+01
4.383000e-05	7.492367e-02	-1.515289e+01
4.384000e-05	7.581272e-02	-1.519443e+01
4.385000e-05	8.488974e-02	-1.526816e+01
4.386000e-05	9.284207e-02	-1.532916e+01
4.387000e-05	9.190511e-02	-1.535274e+01
4.388000e-05	9.373748e-02	-1.537447e+01
4.389000e-05	9.410748e-02	-1.543699e+01
4.390000e-05	1.055906e-01	-1.543505e+01
4.391000e-05	1.085366e-01	-1.541915e+01
4.392000e-05	1.153945e-01	-1.546763e+01
4.393000e-05	1.194771e-01	-1.543808e+01
4.394000e-05	1.317045e-01	-1.543915e+01
4.395000e-05	1.373969e-01	-1.544810e+01
4.396000e-05	1.427969e-01	-1.541560e+01
4.397000e-05	1.504383e-01	-1.538695e+01
4.398000e-05	1.658512e-01	-1.539442e+01
4.399000e-05	1.881860e-01	-1.537336e+01
4.400000e-05	2.124582e-01	-1.533073e+01
4.401000e-05	2.390338e-01	-1.528908e+01
4.402000e-05	2.493799e-01	-1.521560e+01
4.403000e-05	2.499982e-01	-1.517287e+01
4.404000e-05	2.500000e-01	-1.512039e+01
4.405000e-05	2.500000e-01	-1.504860e+01
4.406000e-05	2.500000e-01	-1.495539e+01
4.407000e-05	2.500000e-01	-1.489121e+01
4.408000e-05	2.500000e-01	-1.483707e+01
4.409000e-05	2.376149e-01	-1.473391e+01
4.410000e-05	2.026806e-01	-1.464965e+01
4.411000e-05	1.737204e-01	-1.455594e+01
4.412000e-05	1.536185e-01	-1.443018e+01
4.413000e-05	1.349943e-01	-1.438389e+01
4.414000e-05	1.176517e-01	-1.423968e+01
4.415000e-05	1.026947e-01	-1.411281e+01
4.416000e-05	9.352021e-02	-1.401795e+01
4.417000e-05	8.562201e-02	-1.384868e+01
4.418000e-05	7.825140e-02	-1.374331e+01
4.419000e-05	7.110784e-02	-1.359604e+01
4.420000e-05	6.654870e-02	-1.344817e+01
4.421000e-05	6.208876e-02	-1.333388e+01
4.422000e-05	5.700616e-02	-1.313486e+01
4.423000e-05	4.948668e-02	-1.296803e+01
4.424000e-05	4.570839e-02	-1.283925e+01
4.425000e-05	4.432939e-02	-1.270275e+01
4.426000e-05	4.214226e-02	-1.250336e+01
4.427000e-05	3.979674e-02	-1.236544e+01
4.428000e-05	3.565564e-02	-1.214697e+01
4.429000e-05	3.515137e-02	-1.195754e+01
4.430000e-05	3.238698e-02	-1.180849e+01
4.431000e-05	2.992406e-02	-1.151612e+01
4.432000e-05	2.553668e-02	-1.134389e+01
4.433000e-05	2.618855e-02	-1.114484e+01
4.434000e-05	2.481817e-02	-1.091539e+01
4.435000e-05	2.492929e-02	-1.072531e+01
4.436000e-05	2.084487e-02	-1.049742e+01
4.437000e-05	1.992186e-02	-1.034486e+01
4.438000e-05	1.878993e-02	-1.011441e+01
4.439000e-05	1.919179e-02	-9.842782e+00
4.440000e-05	1.708771e-02	-9.663731e+00
4.441000e-05	1.559125e-02	-9.390154e+00
4.442000e-05	1.473924e-02	-9.189074e+00
4.443000e-05	1.415699e-02	-9.008993e+00
4.444000e-05	1.340970e-02	-8.789469e+00
4.445000e-05	9.964472e-03	-8.486387e+00
4.446000e-05	1.040578e-02	-8.253733e+00
4.447000e-05	1.004404e-02	-8.041229e+00
4.448000e-05	1.031905e-02	-7.759620e+00
4.449000e-05	7.501003e-03	-7.454340e+00
4.450000e-05	7.138676e-03	-7.243757e+00
4.451000e-05	5.212987e-03	-6.960523e+00
4.452000e-05	6.100911e-03	-6.686442e+00
4.453000e-05	3.485801e-03	-6.434282e+00
4.454000e-05	4.157107e-03	-6.202150e+00
4.455000e-05	2.105883e-03	-5.897443e+00
4.456000e-05	3.270743e-03	-5.674862e+00
4.457000e-05	2.632678e-03	-5.372624e+00
4.458000e-05	1.223974e-03	-5.056262e+00
4.459000e-05	3.042964e-04	-4.700046e+00
4.460000e-05	1.310123e-03	-4.476836e+00
4.461000e-05	-8.240206e-05	-4.266258e+00
4.462000e-05	3.123337e-05	-3.981150e+00
4.463000e-05	-3.813552e-03	-3.665412e+00
4.464000e-05	-3.229333e-03	-3.412655e+00
4.465000e-05	-4.434749e-03	-3.149646e+00
4.466000e-05	-2.248350e-03	-2.834675e+00
4.467000e-05	-4.565631e-03	-2.579623e+00
4.468000e-05	-2.157490e-03	-2.298892e+00
4.469000e-05	-3.787991e-03	-1.992651e+00
4.470000e-05	-4.051674e-03	-1.729944e+00
4.471000e-05	-6.526942e-03	-1.415804e+00
4.472000e-05	-6.838065e-03	-1.108436e+00
4.473000e-05	-7.977108e-03	-8.142304e-01
4.474000e-05	-7.811793e-03	-5.305674e-01
4.475000e-05	-6.066793e-03	-2.438355e-01
4.476000e-05	-3.907553e-03	7.427549e-03
4.477000e-05	8.075280e-03	3.111642e-01
4.478000e-05	-8.119909e-04	5.552446e-01
4.479000e-05	5.893764e-03	7.668974e-01
4.480000e-05	-1.667644e-03	1.101589e+00
4.481000e-05	1.189309e-03	1.375319e+00
4.482000e-05	-3.207536e-03	1.703636e+00
4.483000e-05	1.022714e-02	1.952766e+00
4.484000e-05	4.032251e-02	2.186271e+00
4.485000e-05	1.098973e-01	2.488028e+00
4.486000e-05	-1.869938e-02	2.827451e+00
4.487000e-05	-4.075359e-02	3.091613e+00
4.488000e-05	-3.544321e-02	3.433825e+00
4.489000e-05	-2.553815e-02	3.670955e+00
4.490000e-05	-7.407497e-02	3.930610e+00
4.491000e-05	-4.306190e-02	4.100987e+00
4.492000e-05	1.106890e-01	4.403296e+00
4.493000e-05	-8.317049e-02	4.699110e+00
4.494000e-05	6.296721e-02	4.911609e+00
4.495000e-05	5.975346e-02	5.255932e+00
4.496000e-05	-1.178956e-01	5.522164e+00
4.497000e-05	6.897128e-02	5.823825e+00
4.498000e-05	-7.137486e-02	6.111561e+00
4.499000e-05	5.281532e-02	6.301633e+00
4.500000e-05	-1.509912e-02	6.655999e+00
4.501000e-05	-3.311126e-02	6.859605e+00
4.502000e-05	2.867720e-02	7.111742e+00
4.503000e-05	-5.274432e-02	7.413926e+00
4.504000e-05	3.037098e-02	7.689087e+00
4.505000e-05	-7.402178e-02	7.983844e+00
4.506000e-05	3.552856e-02	8.256026e+00
4.507000e-05	-4.361628e-03	8.439004e+00
4.508000e-05	-2.134195e-02	8.690053e+00
4.509000e-05	9.899822e-03	8.911063e+00
4.510000e-05	-6.859304e-02	9.160239e+00
4.511000e-05	1.608789e-02	9.354369e+00
4.512000e-05	-2.993071e-02	9.585427e+00
4.513000e-05	8.489241e-03	9.816529e+00
4.514000e-05	-4.392948e-02	1.006801e+01
4.515000e-05	-5.484456e-03	1.026008e+01
4.516000e-05	-1.227606e-02	1.047963e+01
4.517000e-05	-2.991855e-02	1.068829e+01
4.518000e-05	-2.200721e-02	1.092064e+01
4.519000e-05	-4.053207e-02	1.110974e+01
4.520000e-05	-2.851672e-03	1.132971e+01
4.521000e-05	-2.984960e-02	1.152076e+01
4.522000e-05	-2.156969e-02	1.173027e+01
4.523000e-05	-4.785677e-02	1.195079e+01
4.524000e-05	-2.009625e-02	1.213074e+01
4.525000e-05	-2.477779e-02	1.231761e+01
4.526000e-05	-2.692540e-02	1.246755e+01
4.527000e-05	-4.158581e-02	1.262495e+01
4.528000e-05	-4.039586e-02	1.280389e+01
4.529000e-05	-2.718273e-02	1.296229e+01
4.530000e-05	-3.842310e-02	1.308771e+01
4.531000e-05	-4.078893e-02	1.324716e+01
4.532000e-05	-5.059490e-02	1.340642e+01
4.533000e-05	-3.133728e-02	1.355131e+01
4.534000e-05	-4.055721e-02	1.371911e+01
4.535000e-05	-4.616566e-02	1.383597e+01
4.536000e-05	-6.106631e-02	1.396180e+01
4.537000e-05	-4.993450e-02	1.410663e+01
4.538000e-05	-4.728318e-02	1.422595e+01
4.539000e-05	-5.018919e-02	1.437032e+01
4.540000e-05	-6.127654e-02	1.448605e+01
4.541000e-05	-6.320196e-02	1.457239e+01
4.542000e-05	-5.564911e-02	1.465758e+01
4.543000e-05	-6.147922e-02	1.475083e+01
4.544000e-05	-6.752297e-02	1.482642e+01
4.545000e-05	-7.820381e-02	1.488011e+01
4.546000e-05	-6.733936e-02	1.497232e+01
4.547000e-05	-7.248599e-02	1.501547e+01
4.548000e-05	-7.599747e-02	1.509863e+01
4.549000e-05	-8.902279e-02	1.514176e+01
4.550000e-05	-8.849849e-02	1.518487e+01
4.551000e-05	-8.412849e-02	1.524755e+01
4.552000e-05	-9.266656e-02	1.528861e+01
4.553000e-05	-1.014906e-01	1.529934e+01
4.554000e-05	-1.080138e-01	1.536189e+01
4.555000e-05	-1.046858e-01	1.540294e+01
4.556000e-05	-1.071489e-01	1.536352e+01
4.557000e-05	-1.169894e-01	1.544652e+01
4.558000e-05	-1.239271e-01	1.543405e+01
4.559000e-05	-1.281021e-01	1.545557e+01
4.560000e-05	-1.325048e-01	1.536800e+01
4.561000e-05	-1.462928e-01	1.541502e+01
4.562000e-05	-1.617534e-01	1.537452e+01
4.563000e-05	-1.717761e-01	1.536349e+01
4.564000e-05	-1.804634e-01	1.534232e+01
4.565000e-05	-1.976419e-01	1.530081e+01
4.566000e-05	-2.287982e-01	1.527923e+01
4.567000e-05	-2.470626e-01	1.523605e+01
4.568000e-05	-2.499985e-01	1.515444e+01
4.569000e-05	-2.500000e-01	1.511079e+01
4.570000e-05	-2.500000e-01	1.507868e+01
4.571000e-05	-2.500000e-01	1.498712e+01
4.572000e-05	-2.500000e-01	1.491194e+01
4.573000e-05	-2.500000e-01	1.486868e+01
4.574000e-05	-2.497000e-01	1.474339e+01
4.575000e-05	-2.323685e-01	1.469971e+01
4.576000e-05	-2.028675e-01	1.460962e+01
4.577000e-05	-1.728071e-01	1.445123e+01
4.578000e-05	-1.517031e-01	1.437507e+01
4.579000e-05	-1.378238e-01	1.429276e+01
4.580000e-05	-1.263466e-01	1.417654e+01
4.581000e-05	-1.103976e-01	1.403815e+01
4.582000e-05	-9.841699e-02	1.391186e+01
4.583000e-05	-9.200463e-02	1.373595e+01
4.584000e-05	-8.935775e-02	1.362915e+01
4.585000e-05	-8.196964e-02	1.343026e+01
4.586000e-05	-7.319112e-02	1.336739e+01
4.587000e-05	-6.742537e-02	1.317857e+01
4.588000e-05	-6.662760e-02	1.303013e+01
4.589000e-05	-6.420883e-02	1.290326e+01
4.590000e-05	-5.761119e-02	1.273303e+01
4.591000e-05	-5.291201e-02	1.256700e+01
4.592000e-05	-5.116926e-02	1.239867e+01
4.593000e-05	-5.363680e-02	1.224071e+01
4.594000e-05	-4.900909e-02	1.210223e+01
4.595000e-05	-4.443743e-02	1.184231e+01
4.596000e-05	-4.174291e-02	1.167180e+01
4.597000e-05	-4.438306e-02	1.145083e+01
4.598000e-05	-4.283646e-02	1.124981e+01
4.599000e-05	-3.887139e-02	1.106223e+01
4.600000e-05	-3.526600e-02	1.086183e+01
4.601000e-05	-3.702330e-02	1.067378e+01
4.602000e-05	-3.723937e-02	1.042120e+01
4.603000e-05	-3.458406e-02	1.019168e+01
4.604000e-05	-3.117109e-02	1.002962e+01
4.605000e-05	-3.112454e-02	9.749045e+00
4.606000e-05	-3.346371e-02	9.516493e+00
4.607000e-05	-2.990517e-02	9.325916e+00
4.608000e-05	-2.821369e-02	9.126890e+00
4.609000e-05	-2.692547e-02	8.872257e+00
4.610000e-05	-2.903215e-02	8.631204e+00
4.611000e-05	-2.897690e-02	8.391127e+00
4.612000e-05	-2.706822e-02	8.150092e+00
4.613000e-05	-2.349504e-02	7.896914e+00
4.614000e-05	-2.471635e-02	7.651230e+00
4.615000e-05	-2.391221e-02	7.379051e+00
4.616000e-05	-2.389001e-02	7.075913e+00
4.617000e-05	-2.111728e-02	6.874787e+00
4.618000e-05	-2.224081e-02	6.591204e+00
4.619000e-05	-2.281019e-02	6.317446e+00
4.620000e-05	-2.277709e-02	6.086360e+00
4.621000e-05	-1.997790e-02	5.863231e+00
4.622000e-05	-1.990851e-02	5.538567e+00
4.623000e-05	-2.001972e-02	5.285886e+00
4.624000e-05	-2.082104e-02	4.969074e+00
4.625000e-05	-1.860736e-02	4.654278e+00
4.626000e-05	-1.716118e-02	4.380624e+00
4.627000e-05	-1.771459e-02	4.086991e+00
4.628000e-05	-1.943516e-02	3.852806e+00
4.629000e-05	-1.833063e-02	3.570125e+00
4.630000e-05	-1.548564e-02	3.296882e+00
4.631000e-05	-1.361918e-02	3.012155e+00
4.632000e-05	-1.634557e-02	2.740025e+00
4.633000e-05	-1.589381e-02	2.442757e+00
4.634000e-05	-1.383563e-02	2.140020e+00
4.635000e-05	-1.277361e-02	1.877363e+00
4.636000e-05	-1.367207e-02	1.580228e+00
4.637000e-05	-1.396300e-02	1.288939e+00
4.638000e-05	-1.299509e-02	9.511686e-01
4.639000e-05	-1.046891e-02	6.853345e-01
4.640000e-05	-1.094716e-02	4.026565e-01
4.641000e-05	-1.036474e-02	1.384896e-01
4.642000e-05	-5.573100e-03	-1.872949e-01
4.643000e-05	7.129015e-03	-4.203988e-01
4.644000e-05	-4.975636e-03	-7.427156e-01
4.645000e-05	3.067936e-03	-9.652934e-01
4.646000e-05	-3.886375e-03	-1.238352e+00
4.647000e-05	3.389202e-03	-1.563767e+00
4.648000e-05	2.117920e-03	-1.786275e+00
4.649000e-05	3.776972e-02	-1.987952e+00
4.650000e-05	1.247273e-01	-2.281509e+00
4.651000e-05	5.037491e-03	-2.667904e+00
4.652000e-05	-3.625391e-02	-3.090434e+00
4.653000e-05	-1.912246e-02	-3.364792e+00
4.654000e-05	-4.085326e-02	-3.564722e+00
4.655000e-05	-8.960566e-02	-3.817349e+00
4.656000e-05	4.690969e-02	-4.018447e+00
4.657000e-05	8.973166e-02	-4.205821e+00
4.658000e-05	-1.363284e-01	-4.560038e+00
4.659000e-05	2.172360e-01	-4.813869e+00
4.660000e-05	-1.263398e-01	-5.107953e+00
4.661000e-05	5.782107e-02	-5.446899e+00
4.662000e-05	1.313957e-02	-5.647349e+00
4.663000e-05	-1.105031e-01	-5.983217e+00
4.664000e-05	1.792804e-01	-6.245395e+00
4.665000e-05	-1.133013e-01	-6.486932e+00
4.666000e-05	1.234346e-01	-6.772791e+00
4.667000e-05	-3.808516e-02	-7.023825e+00
4.668000e-05	-1.202798e-02	-7.302163e+00
4.669000e-05	7.556697e-02	-7.533167e+00
4.670000e-05	-8.896279e-02	-7.876952e+00
4.671000e-05	1.438794e-01	-8.120613e+00
4.672000e-05	-7.943952e-02	-8.330186e+00
4.673000e-05	9.252929e-02	-8.645924e+00
4.674000e-05	-4.927982e-05	-8.846453e+00
4.675000e-05	-2.864827e-02	-9.080534e+00
4.676000e-05	6.491162e-02	-9.290130e+00
4.677000e-05	-4.780435e-02	-9.560211e+00
4.678000e-05	1.187971e-01	-9.773770e+00
4.679000e-05	-5.217143e-02	-9.942291e+00
4.680000e-05	9.197384e-02	-1.022487e+01
4.681000e-05	-3.401566e-02	-1.045290e+01
4.682000e-05	5.609177e-02	-1.066743e+01
4.683000e-05	1.038205e-02	-1.081493e+01
4.684000e-05	1.425571e-02	-1.106695e+01
4.685000e-05	4.779031e-02	-1.122535e+01
4.686000e-05	1.297824e-03	-1.149806e+01
4.687000e-05	6.889729e-02	-1.164648e+01
4.688000e-05	-1.372929e-02	-1.186750e+01
4.689000e-05	6.295012e-02	-1.208761e+01
4.690000e-05	5.215713e-04	-1.223650e+01
4.691000e-05	6.876006e-02	-1.241595e+01
4.692000e-05	1.200432e-02	-1.258437e+01
4.693000e-05	4.492967e-02	-1.277282e+01
4.694000e-05	2.150506e-02	-1.291018e+01
4.695000e-05	4.376516e-02	-1.307813e+01
4.696000e-05	4.029280e-02	-1.325546e+01
4.697000e-05	3.775174e-02	-1.337487e+01
4.698000e-05	4.921970e-02	-1.350974e+01
4.699000e-05	3.842681e-02	-1.368660e+01
4.700000e-05	5.615312e-02	-1.379439e+01
4.701000e-05	3.266528e-02	-1.392074e+01
4.702000e-05	5.060486e-02	-1.403805e+01
4.703000e-05	3.939741e-02	-1.418329e+01
4.704000e-05	6.341308e-02	-1.430966e+01
4.705000e-05	4.958772e-02	-1.442440e+01
4.706000e-05	5.965332e-02	-1.452971e+01
4.707000e-05	5.072213e-02	-1.460747e+01
4.708000e-05	6.560177e-02	-1.469124e+01
4.709000e-05	6.247904e-02	-1.482242e+01
4.710000e-05	6.626592e-02	-1.484916e+01
4.711000e-05	6.519072e-02	-1.493182e+01
4.712000e-05	7.062877e-02	-1.506805e+01
4.713000e-05	7.500545e-02	-1.512866e+01
4.714000e-05	7.177484e-02	-1.516124e+01
4.715000e-05	7.590515e-02	-1.520494e+01
4.716000e-05	7.900202e-02	-1.525748e+01
4.717000e-05	9.292518e-02	-1.530020e+01
4.718000e-05	8.919861e-02	-1.534121e+01
4.719000e-05	9.581885e-02	-1.538392e+01
4.720000e-05	9.156027e-02	-1.539439e+01
4.721000e-05	1.046222e-01	-1.540595e+01
4.722000e-05	1.091426e-01	-1.542657e+01
4.723000e-05	1.127390e-01	-1.545813e+01
4.724000e-05	1.184527e-01	-1.542858e+01
4.725000e-05	1.236545e-01	-1.546763e+01
4.726000e-05	1.342552e-01	-1.543810e+01
4.727000e-05	1.374544e-01	-1.541612e+01
4.728000e-05	1.479880e-01	-1.539850e+01
4.729000e-05	1.614750e-01	-1.539402e+01
4.730000e-05	1.825088e-01	-1.534481e+01
4.731000e-05	2.047245e-01	-1.533226e+01
4.732000e-05	2.293322e-01	-1.530163e+01
4.733000e-05	2.475270e-01	-1.523860e+01
4.734000e-05	2.499987e-01	-1.517642e+01
4.735000e-05	2.500000e-01	-1.512276e+01
4.736000e-05	2.500000e-01	-1.509015e+01
4.737000e-05	2.500000e-01	-1.501705e+01
4.738000e-05	2.500000e-01	-1.494379e+01
4.739000e-05	2.500000e-01	-1.484760e+01
4.740000e-05	2.456477e-01	-1.473497e+01
4.741000e-05	2.159772e-01	-1.470221e+01
4.742000e-05	1.815057e-01	-1.459593e+01
4.743000e-05	1.587641e-01	-1.447476e+01
4.744000e-05	1.394034e-01	-1.441652e+01
4.745000e-05	1.238275e-01	-1.430126e+01
4.746000e-05	1.083086e-01	-1.414445e+01
4.747000e-05	9.915239e-02	-1.405920e+01
4.748000e-05	8.943994e-02	-1.391278e+01
4.749000e-05	8.120626e-02	-1.377492e+01
4.750000e-05	7.305386e-02	-1.361863e+01
4.751000e-05	6.729742e-02	-1.347218e+01
4.752000e-05	6.316034e-02	-1.333494e+01
4.753000e-05	5.725757e-02	-1.319860e+01
4.754000e-05	5.259329e-02	-1.304018e+01
4.755000e-05	4.712466e-02	-1.288381e+01
4.756000e-05	4.437876e-02	-1.273391e+01
4.757000e-05	4.306645e-02	-1.258759e+01
4.758000e-05	4.083040e-02	-1.239857e+01
4.759000e-05	3.686460e-02	-1.223965e+01
4.760000e-05	3.566986e-02	-1.204171e+01
4.761000e-05	3.327120e-02	-1.187173e+01
4.762000e-05	3.071546e-02	-1.163017e+01
4.763000e-05	2.787560e-02	-1.141058e+01
4.764000e-05	2.637124e-02	-1.119970e+01
4.765000e-05	2.540176e-02	-1.094863e+01
4.766000e-05	2.537798e-02	-1.082015e+01
4.767000e-05	2.246262e-02	-1.064110e+01
4.768000e-05	2.045060e-02	-1.042003e+01
4.769000e-05	1.992560e-02	-1.014758e+01
4.770000e-05	1.958365e-02	-9.925466e+00
4.771000e-05	1.886072e-02	-9.747469e+00
4.772000e-05	1.592178e-02	-9.515489e+00
4.773000e-05	1.508144e-02	-9.324411e+00
4.774000e-05	1.305927e-02	-9.042252e+00
4.775000e-05	1.221968e-02	-8.822227e+00
4.776000e-05	1.105405e-02	-8.559177e+00
4.777000e-05	1.049398e-02	-8.356993e+00
4.778000e-05	1.090967e-02	-8.156916e+00
4.779000e-05	1.099574e-02	-7.884883e+00
4.780000e-05	8.850141e-03	-7.570000e+00
4.781000e-05	6.276636e-03	-7.356992e+00
4.782000e-05	6.198496e-03	-7.044312e+00
4.783000e-05	4.646460e-03	-6.811124e+00
4.784000e-05	5.034213e-03	-6.528517e+00
4.785000e-05	3.721541e-03	-6.325837e+00
4.786000e-05	3.875877e-03	-6.012153e+00
4.787000e-05	2.388169e-03	-5.760070e+00
4.788000e-05	3.959417e-03	-5.475413e+00
4.789000e-05	1.237566e-03	-5.181570e+00
4.790000e-05	8.316739e-04	-4.844884e+00
4.791000e-05	7.820750e-05	-4.569520e+00
4.792000e-05	3.671544e-04	-4.346916e+00
4.793000e-05	4.533275e-04	-4.096837e+00
4.794000e-05	-2.411702e-03	-3.811650e+00
4.795000e-05	-1.893155e-03	-3.487892e+00
4.796000e-05	-5.080241e-03	-3.265309e+00
4.797000e-05	-2.332412e-03	-2.950122e+00
4.798000e-05	-3.962333e-03	-2.686385e+00
4.799000e-05	-2.408515e-03	-2.432725e+00
4.800000e-05	-4.104173e-03	-2.087867e+00
4.801000e-05	-2.745323e-03	-1.814732e+00
4.802000e-05	-5.464507e-03	-1.571575e+00
4.803000e-05	-5.600767e-03	-1.214130e+00
4.804000e-05	-8.189232e-03	-9.179922e-01
4.805000e-05	-8.045584e-03	-6.658569e-01
4.806000e-05	-7.637329e-03	-3.404937e-01
4.807000e-05	-5.382518e-03	-1.069094e-01
4.808000e-05	4.744870e-03	1.857025e-01
4.809000e-05	4.297105e-03	4.705366e-01
4.810000e-05	1.625038e-03	6.726654e-01
4.811000e-05	4.287214e-03	9.842723e-01
4.812000e-05	-1.605590e-03	1.280539e+00
4.813000e-05	2.348343e-04	1.653320e+00
4.814000e-05	7.648164e-04	1.859528e+00
4.815000e-05	2.484948e-02	2.071082e+00
4.816000e-05	9.208668e-02	2.364187e+00
4.817000e-05	4.749860e-02	2.719059e+00
4.818000e-05	-5.910948e-02	3.045346e+00
4.819000e-05	-2.475218e-02	3.281560e+00
4.820000e-05	-3.642732e-02	3.615847e+00
4.821000e-05	-4.471907e-02	3.858904e+00
4.822000e-05	-8.368474e-02	3.976496e+00
4.823000e-05	6.824351e-02	4.308131e+00
4.824000e-05	1.676657e-02	4.604271e+00
4.825000e-05	-6.488557e-02	4.796849e+00
4.826000e-05	1.634415e-01	5.132612e+00
4.827000e-05	-1.359291e-01	5.457508e+00
4.828000e-05	4.170777e-02	5.722112e+00
4.829000e-05	-2.897048e-02	5.992449e+00
4.830000e-05	-7.986025e-03	6.214949e+00
4.831000e-05	4.483485e-02	6.501614e+00
4.832000e-05	-7.041365e-02	6.796847e+00
4.833000e-05	4.454372e-02	7.048954e+00
4.834000e-05	-5.188856e-02	7.301066e+00
4.835000e-05	2.251480e-02	7.593299e+00
4.836000e-05	-4.761038e-02	7.876555e+00
4.837000e-05	-9.969649e-03	8.152189e+00
4.838000e-05	3.094285e-02	8.374923e+00
4.839000e-05	-3.625553e-02	8.604344e+00
4.840000e-05	1.562037e-02	8.805349e+00
4.841000e-05	-5.273388e-02	9.046529e+00
4.842000e-05	-1.689515e-02	9.289510e+00
4.843000e-05	-5.412906e-03	9.531658e+00
4.844000e-05	-9.629145e-03	9.762736e+00
4.845000e-05	-1.860101e-02	1.000482e+01
4.846000e-05	-2.868864e-02	1.019540e+01
4.847000e-05	3.183080e-03	1.042495e+01
4.848000e-05	-3.056561e-02	1.061590e+01
4.849000e-05	-2.192456e-02	1.081645e+01
4.850000e-05	-3.817391e-02	1.106550e+01
4.851000e-05	-1.818202e-02	1.126651e+01
4.852000e-05	-1.346529e-02	1.150708e+01
4.853000e-05	-2.782484e-02	1.165600e+01
4.854000e-05	-3.446897e-02	1.187604e+01
4.855000e-05	-3.604571e-02	1.203700e+01
4.856000e-05	-1.832204e-02	1.226445e+01
4.857000e-05	-2.731225e-02	1.240293e+01
4.858000e-05	-3.613315e-02	1.258284e+01
4.859000e-05	-4.335613e-02	1.273026e+01
4.860000e-05	-3.139470e-02	1.289961e+01
4.861000e-05	-3.013258e-02	1.306763e+01
4.862000e-05	-4.092555e-02	1.318447e+01
4.863000e-05	-4.799931e-02	1.335227e+01
4.864000e-05	-3.960012e-02	1.351864e+01
4.865000e-05	-3.494253e-02	1.362846e+01
4.866000e-05	-4.311302e-02	1.380189e+01
4.867000e-05	-5.718149e-02	1.390973e+01
4.868000e-05	-5.549975e-02	1.402453e+01
4.869000e-05	-4.821712e-02	1.420384e+01
4.870000e-05	-4.775571e-02	1.429174e+01
4.871000e-05	-5.875677e-02	1.442542e+01
4.872000e-05	-6.494671e-02	1.453973e+01
4.873000e-05	-5.698323e-02	1.465495e+01
4.874000e-05	-5.777534e-02	1.471216e+01
4.875000e-05	-6.436855e-02	1.479485e+01
4.876000e-05	-7.628743e-02	1.485865e+01
4.877000e-05	-7.171948e-02	1.492074e+01
4.878000e-05	-6.955744e-02	1.499594e+01
4.879000e-05	-7.503022e-02	1.504755e+01
4.880000e-05	-8.774939e-02	1.515026e+01
4.881000e-05	-9.053457e-02	1.518287e+01
4.882000e-05	-8.555908e-02	1.519443e+01
4.883000e-05	-8.765776e-02	1.526861e+01
4.884000e-05	-9.526343e-02	1.532068e+01
4.885000e-05	-1.057495e-01	1.531437e+01
4.886000e-05	-1.030268e-01	1.537239e+01
4.887000e-05	-1.073767e-01	1.542399e+01
4.888000e-05	-1.146207e-01	1.541447e+01
4.889000e-05	-1.274057e-01	1.543507e+01
4.890000e-05	-1.293002e-01	1.542450e+01
4.891000e-05	-1.306084e-01	1.542500e+01
4.892000e-05	-1.376279e-01	1.542542e+01
4.893000e-05	-1.528531e-01	1.537405e+01
4.894000e-05	-1.670180e-01	1.538494e+01
4.895000e-05	-1.752566e-01	1.533199e+01
4.896000e-05	-1.917366e-01	1.530136e+01
4.897000e-05	-2.184384e-01	1.526923e+01
4.898000e-05	-2.455151e-01	1.524768e+01
4.899000e-05	-2.499835e-01	1.521492e+01
4.900000e-05	-2.500000e-01	1.510434e+01
4.901000e-05	-2.500000e-01	1.508079e+01
4.902000e-05	-2.500000e-01	1.504505e+01
4.903000e-05	-2.500000e-01	1.493499e+01
4.904000e-05	-2.500000e-01	1.488676e+01
4.905000e-05	-2.500000e-01	1.478755e+01
4.906000e-05	-2.429195e-01	1.472176e+01
4.907000e-05	-2.149634e-01	1.461760e+01
4.908000e-05	-1.823367e-01	1.451286e+01
4.909000e-05	-1.579426e-01	1.442705e+01
4.910000e-05	-1.425515e-01	1.431179e+01
4.911000e-05	-1.302975e-01	1.416507e+01
4.912000e-05	-1.158965e-01	1.407976e+01
4.913000e-05	-1.024970e-01	1.397299e+01
4.914000e-05	-9.411016e-02	1.381860e+01
4.915000e-05	-9.054768e-02	1.373923e+01
4.916000e-05	-8.441427e-02	1.352292e+01
4.917000e-05	-7.640007e-02	1.339562e+01
4.918000e-05	-6.924268e-02	1.325018e+01
4.919000e-05	-6.838574e-02	1.311236e+01
4.920000e-05	-6.463399e-02	1.292599e+01
4.921000e-05	-6.048374e-02	1.275709e+01
4.922000e-05	-5.478530e-02	1.267018e+01
4.923000e-05	-5.275795e-02	1.248173e+01
4.924000e-05	-5.211849e-02	1.228281e+01
4.925000e-05	-5.009005e-02	1.211542e+01
4.926000e-05	-4.557942e-02	1.191647e+01
4.927000e-05	-4.380254e-02	1.174692e+01
4.928000e-05	-4.340904e-02	1.153442e+01
4.929000e-05	-4.330062e-02	1.130489e+01
4.930000e-05	-4.115243e-02	1.112544e+01
4.931000e-05	-3.693233e-02	1.093542e+01
4.932000e-05	-3.627235e-02	1.072591e+01
4.933000e-05	-3.630920e-02	1.051452e+01
4.934000e-05	-3.560960e-02	1.030276e+01
4.935000e-05	-3.324329e-02	1.007384e+01
4.936000e-05	-3.192812e-02	9.832832e+00
4.937000e-05	-3.299706e-02	9.639202e+00
4.938000e-05	-3.176351e-02	9.369597e+00
4.939000e-05	-2.967745e-02	9.179548e+00
4.940000e-05	-2.726473e-02	8.977571e+00
4.941000e-05	-2.785351e-02	8.694913e+00
4.942000e-05	-2.775133e-02	8.503938e+00
4.943000e-05	-2.748667e-02	8.263229e+00
4.944000e-05	-2.514950e-02	7.990124e+00
4.945000e-05	-2.479225e-02	7.728996e+00
4.946000e-05	-2.522031e-02	7.464457e+00
4.947000e-05	-2.588055e-02	7.210151e+00
4.948000e-05	-2.255725e-02	6.969519e+00
4.949000e-05	-2.158622e-02	6.675917e+00
4.950000e-05	-2.241391e-02	6.432198e+00
4.951000e-05	-2.307779e-02	6.201146e+00
4.952000e-05	-2.118859e-02	5.928022e+00
4.953000e-05	-1.895123e-02	5.622759e+00
4.954000e-05	-1.914455e-02	5.391525e+00
4.955000e-05	-2.030904e-02	5.054908e+00
4.956000e-05	-2.043494e-02	4.719520e+00
4.957000e-05	-1.903648e-02	4.486858e+00
4.958000e-05	-1.815782e-02	4.182776e+00
4.959000e-05	-1.843944e-02	3.897920e+00
4.960000e-05	-1.838414e-02	3.654308e+00
4.961000e-05	-1.634514e-02	3.373223e+00
4.962000e-05	-1.373615e-02	3.095963e+00
4.963000e-05	-1.528468e-02	2.832757e+00
4.964000e-05	-1.612844e-02	2.550092e+00
4.965000e-05	-1.562995e-02	2.273737e+00
4.966000e-05	-1.259360e-02	1.962103e+00
4.967000e-05	-1.293169e-02	1.667408e+00
4.968000e-05	-1.293098e-02	1.391178e+00
4.969000e-05	-1.452121e-02	1.098912e+00
4.970000e-05	-1.282491e-02	7.511248e-01
4.971000e-05	-1.200126e-02	4.884144e-01
4.972000e-05	-1.124829e-02	2.242279e-01
4.973000e-05	-8.848791e-03	-7.948045e-02
4.974000e-05	5.421625e-03	-3.342407e-01
4.975000e-05	1.382817e-03	-5.872462e-01
4.976000e-05	1.869981e-03	-8.800578e-01
4.977000e-05	-5.322262e-04	-1.153118e+00
4.978000e-05	-4.350029e-04	-1.467953e+00
4.979000e-05	-1.124871e-03	-1.662113e+00
4.980000e-05	1.927479e-02	-1.963667e+00
4.981000e-05	9.231605e-02	-2.184246e+00
4.982000e-05	8.266868e-02	-2.532061e+00
4.983000e-05	-6.082482e-02	-2.931589e+00
4.984000e-05	2.244278e-03	-3.301008e+00
4.985000e-05	-5.005276e-02	-3.510557e+00
4.986000e-05	-5.130725e-02	-3.743136e+00
4.987000e-05	-6.296267e-02	-3.924764e+00
4.988000e-05	1.726726e-01	-4.132685e+00
4.989000e-05	-1.521165e-01	-4.434799e+00
4.990000e-05	1.253841e-01	-4.731082e+00
4.991000e-05	3.092959e-02	-4.922090e+00
4.992000e-05	-9.898470e-02	-5.370589e+00
4.993000e-05	1.451837e-01	-5.586415e+00
4.994000e-05	-1.848204e-01	-5.888454e+00
4.995000e-05	1.512985e-01	-6.131663e+00
4.996000e-05	-2.316960e-02	-6.362166e+00
4.997000e-05	7.866318e-03	-6.699503e+00
4.998000e-05	8.510027e-02	-6.930537e+00
4.999000e-05	-1.086367e-01	-7.245375e+00
