# 260604_11:23:18.454801
t	CH1	CH2
0.000000e+00	-1.086526e-02	6.610825e-01
1.000000e-08	-9.993902e-03	3.898722e-01
2.000000e-08	-9.542956e-03	1.042588e-01
3.000000e-08	-5.251963e-03	-1.700714e-01
4.000000e-08	5.679274e-03	-3.820766e-01
5.000000e-08	-3.072183e-03	-6.973435e-01
6.000000e-08	2.495682e-03	-9.590263e-01
7.000000e-08	-2.508236e-03	-1.222141e+00
8.000000e-08	2.241572e-03	-1.548870e+00
9.000000e-08	3.023871e-03	-1.779496e+00
1.000000e-07	3.549144e-02	-2.010003e+00
1.100000e-07	1.183697e-01	-2.253311e+00
1.200000e-07	1.732025e-02	-2.653188e+00
1.300000e-07	-3.496012e-02	-3.063392e+00
1.400000e-07	-1.984618e-02	-3.348973e+00
1.500000e-07	-4.205509e-02	-3.537974e+00
1.600000e-07	-8.600036e-02	-3.809911e+00
1.700000e-07	4.166126e-02	-4.030509e+00
1.800000e-07	7.906182e-02	-4.200605e+00
1.900000e-07	-1.089100e-01	-4.523398e+00
2.000000e-07	1.852820e-01	-4.769029e+00
2.100000e-07	-9.624639e-02	-5.050644e+00
2.200000e-07	4.345984e-02	-5.391083e+00
2.300000e-07	1.272615e-02	-5.642088e+00
2.400000e-07	-9.717143e-02	-5.938876e+00
2.500000e-07	1.559958e-01	-6.167459e+00
2.600000e-07	-7.971505e-02	-6.492818e+00
2.700000e-07	9.379340e-02	-6.756426e+00
2.800000e-07	-1.717994e-02	-6.976438e+00
2.900000e-07	-1.784356e-02	-7.284299e+00
3.000000e-07	6.912068e-02	-7.504797e+00
3.100000e-07	-6.869336e-02	-7.840788e+00
3.200000e-07	1.199716e-01	-8.102218e+00
3.300000e-07	-5.473587e-02	-8.284401e+00
3.400000e-07	7.294104e-02	-8.577457e+00
3.500000e-07	1.218285e-02	-8.797087e+00
3.600000e-07	-3.061489e-02	-9.050687e+00
3.700000e-07	6.081836e-02	-9.282169e+00
3.800000e-07	-3.398937e-02	-9.474330e+00
3.900000e-07	1.036129e-01	-9.716352e+00
4.000000e-07	-3.195009e-02	-9.933832e+00
4.100000e-07	7.379756e-02	-1.013441e+01
4.200000e-07	-1.667580e-02	-1.036751e+01
4.300000e-07	4.446914e-02	-1.059806e+01
4.400000e-07	1.994020e-02	-1.079744e+01
4.500000e-07	1.142127e-02	-1.099644e+01
4.600000e-07	4.793497e-02	-1.118754e+01
4.700000e-07	6.548629e-03	-1.140757e+01
4.800000e-07	6.515628e-02	-1.163707e+01
4.900000e-07	-4.281812e-03	-1.185762e+01
5.000000e-07	5.552230e-02	-1.204567e+01
5.100000e-07	1.086055e-02	-1.220799e+01
5.200000e-07	6.175927e-02	-1.237644e+01
5.300000e-07	2.090931e-02	-1.254496e+01
5.400000e-07	4.015757e-02	-1.272181e+01
5.500000e-07	2.928091e-02	-1.289030e+01
5.600000e-07	4.078724e-02	-1.301864e+01
5.700000e-07	4.485173e-02	-1.318594e+01
5.800000e-07	3.642314e-02	-1.331376e+01
5.900000e-07	5.177496e-02	-1.347970e+01
6.000000e-07	3.950957e-02	-1.360752e+01
6.100000e-07	5.736705e-02	-1.376346e+01
6.200000e-07	3.489921e-02	-1.389371e+01
6.300000e-07	5.080606e-02	-1.396665e+01
6.400000e-07	4.254911e-02	-1.412286e+01
6.500000e-07	6.201425e-02	-1.424768e+01
6.600000e-07	5.126872e-02	-1.439539e+01
6.700000e-07	5.966872e-02	-1.444930e+01
6.800000e-07	5.368626e-02	-1.457494e+01
6.900000e-07	6.594350e-02	-1.465025e+01
7.000000e-07	6.313069e-02	-1.477441e+01
7.100000e-07	6.520361e-02	-1.483764e+01
7.200000e-07	6.688417e-02	-1.487028e+01
7.300000e-07	7.236719e-02	-1.493394e+01
7.400000e-07	7.537982e-02	-1.506867e+01
7.500000e-07	7.224466e-02	-1.512218e+01
7.600000e-07	7.596905e-02	-1.514236e+01
7.700000e-07	7.932668e-02	-1.518497e+01
7.800000e-07	9.045577e-02	-1.522673e+01
7.900000e-07	8.958236e-02	-1.529027e+01
8.000000e-07	9.256530e-02	-1.526188e+01
8.100000e-07	9.268298e-02	-1.534243e+01
8.200000e-07	1.006542e-01	-1.532436e+01
8.300000e-07	1.044869e-01	-1.537346e+01
8.400000e-07	1.064758e-01	-1.544397e+01
8.500000e-07	1.124907e-01	-1.537747e+01
8.600000e-07	1.200088e-01	-1.542604e+01
8.700000e-07	1.275127e-01	-1.536552e+01
8.800000e-07	1.313442e-01	-1.538296e+01
8.900000e-07	1.383150e-01	-1.534478e+01
9.000000e-07	1.482336e-01	-1.529331e+01
9.100000e-07	1.638552e-01	-1.525933e+01
9.200000e-07	1.807849e-01	-1.529775e+01
9.300000e-07	1.985091e-01	-1.520512e+01
9.400000e-07	2.255532e-01	-1.518451e+01
9.500000e-07	2.462213e-01	-1.512286e+01
9.600000e-07	2.500000e-01	-1.503968e+01
9.700000e-07	2.500000e-01	-1.502849e+01
9.800000e-07	2.500000e-01	-1.493341e+01
9.900000e-07	2.500000e-01	-1.488775e+01
1.000000e-06	2.500000e-01	-1.479562e+01
1.010000e-06	2.500000e-01	-1.473243e+01
1.020000e-06	2.374799e-01	-1.462757e+01
1.030000e-06	2.081094e-01	-1.455186e+01
1.040000e-06	1.830544e-01	-1.445712e+01
1.050000e-06	1.618376e-01	-1.438334e+01
1.060000e-06	1.419206e-01	-1.423747e+01
1.070000e-06	1.245833e-01	-1.408030e+01
1.080000e-06	1.133697e-01	-1.398507e+01
1.090000e-06	1.030318e-01	-1.385960e+01
1.100000e-06	9.238731e-02	-1.371233e+01
1.110000e-06	8.254847e-02	-1.360439e+01
1.120000e-06	7.628163e-02	-1.347909e+01
1.130000e-06	7.304585e-02	-1.333178e+01
1.140000e-06	6.658205e-02	-1.318341e+01
1.150000e-06	6.012194e-02	-1.300751e+01
1.160000e-06	5.384784e-02	-1.285867e+01
1.170000e-06	5.222460e-02	-1.271173e+01
1.180000e-06	4.946877e-02	-1.251388e+01
1.190000e-06	4.591998e-02	-1.237438e+01
1.200000e-06	4.117875e-02	-1.218793e+01
1.210000e-06	3.981480e-02	-1.200602e+01
1.220000e-06	3.750197e-02	-1.184702e+01
1.230000e-06	3.595673e-02	-1.162754e+01
1.240000e-06	3.151736e-02	-1.134336e+01
1.250000e-06	2.977248e-02	-1.112383e+01
1.260000e-06	2.870413e-02	-1.096343e+01
1.270000e-06	2.761252e-02	-1.075438e+01
1.280000e-06	2.509074e-02	-1.058689e+01
1.290000e-06	2.267522e-02	-1.041398e+01
1.300000e-06	2.202577e-02	-1.016425e+01
1.310000e-06	2.167549e-02	-9.912773e+00
1.320000e-06	2.031093e-02	-9.679302e+00
1.330000e-06	1.784030e-02	-9.510699e+00
1.340000e-06	1.723021e-02	-9.250196e+00
1.350000e-06	1.727287e-02	-9.039565e+00
1.360000e-06	1.529367e-02	-8.847465e+00
1.370000e-06	1.287701e-02	-8.595482e+00
1.380000e-06	1.213987e-02	-8.333198e+00
1.390000e-06	1.230373e-02	-8.131794e+00
1.400000e-06	1.162495e-02	-7.838485e+00
1.410000e-06	1.081133e-02	-7.577928e+00
1.420000e-06	9.891241e-03	-7.333245e+00
1.430000e-06	7.786516e-03	-7.060016e+00
1.440000e-06	7.638844e-03	-6.765407e+00
1.450000e-06	5.609506e-03	-6.506846e+00
1.460000e-06	5.000861e-03	-6.319622e+00
1.470000e-06	4.016705e-03	-6.028085e+00
1.480000e-06	3.715679e-03	-5.715373e+00
1.490000e-06	4.464898e-03	-5.471583e+00
1.500000e-06	3.025531e-03	-5.156353e+00
1.510000e-06	1.870337e-03	-4.881037e+00
1.520000e-06	2.339634e-03	-4.585927e+00
1.530000e-06	1.485569e-03	-4.343793e+00
1.540000e-06	2.494610e-03	-4.111663e+00
1.550000e-06	-2.392389e-03	-3.799527e+00
1.560000e-06	-1.844281e-03	-3.504744e+00
1.570000e-06	-4.506600e-03	-3.301084e+00
1.580000e-06	-3.707052e-03	-2.955297e+00
1.590000e-06	-3.044547e-03	-2.682135e+00
1.600000e-06	-3.918044e-03	-2.459055e+00
1.610000e-06	-5.064621e-04	-2.113689e+00
1.620000e-06	-9.601640e-04	-1.860056e+00
1.630000e-06	-4.427374e-03	-1.558422e+00
1.640000e-06	-4.311291e-03	-1.231506e+00
1.650000e-06	-9.703696e-03	-9.458169e-01
1.660000e-06	-7.725840e-03	-6.316789e-01
1.670000e-06	-9.613012e-03	-3.458697e-01
1.680000e-06	-6.266458e-03	-9.473559e-02
1.690000e-06	4.007873e-03	1.885477e-01
1.700000e-06	6.843161e-03	4.737104e-01
1.710000e-06	3.654500e-03	6.753409e-01
1.720000e-06	4.995979e-03	9.289763e-01
1.730000e-06	-1.605452e-03	1.262683e+00
1.740000e-06	-5.837648e-04	1.609030e+00
1.750000e-06	-1.014143e-03	1.842162e+00
1.760000e-06	2.328365e-02	2.043637e+00
1.770000e-06	8.621579e-02	2.307394e+00
1.780000e-06	4.853696e-02	2.644343e+00
1.790000e-06	-5.201357e-02	2.950925e+00
1.800000e-06	-2.764350e-02	3.282136e+00
1.810000e-06	-3.420917e-02	3.556450e+00
1.820000e-06	-4.711574e-02	3.787976e+00
1.830000e-06	-7.809746e-02	3.986981e+00
1.840000e-06	6.188558e-02	4.240591e+00
1.850000e-06	1.058525e-02	4.525925e+00
1.860000e-06	-4.863580e-02	4.817054e+00
1.870000e-06	1.347222e-01	5.054367e+00
1.880000e-06	-1.059618e-01	5.410112e+00
1.890000e-06	2.492120e-02	5.681166e+00
1.900000e-06	-2.308128e-02	5.948454e+00
1.910000e-06	-6.437997e-03	6.199033e+00
1.920000e-06	3.994033e-02	6.472667e+00
1.930000e-06	-6.010547e-02	6.748503e+00
1.940000e-06	2.780969e-02	7.019059e+00
1.950000e-06	-3.951902e-02	7.272772e+00
1.960000e-06	8.686878e-03	7.537031e+00
1.970000e-06	-3.845032e-02	7.829588e+00
1.980000e-06	-1.458784e-02	8.125322e+00
1.990000e-06	2.733579e-02	8.326850e+00
2.000000e-06	-3.265968e-02	8.556007e+00
2.010000e-06	1.169118e-02	8.728405e+00
2.020000e-06	-4.806224e-02	9.007613e+00
2.030000e-06	-2.044929e-02	9.281692e+00
2.040000e-06	-3.911741e-03	9.482721e+00
2.050000e-06	-1.116739e-02	9.701299e+00
2.060000e-06	-1.855819e-02	9.954434e+00
2.070000e-06	-3.096056e-02	1.014388e+01
2.080000e-06	-3.912014e-04	1.034686e+01
2.090000e-06	-2.931304e-02	1.056448e+01
2.100000e-06	-2.237874e-02	1.077603e+01
2.110000e-06	-3.759075e-02	1.097754e+01
2.120000e-06	-1.958613e-02	1.121646e+01
2.130000e-06	-1.587079e-02	1.139602e+01
2.140000e-06	-2.906836e-02	1.156599e+01
2.150000e-06	-3.549418e-02	1.177699e+01
2.160000e-06	-3.684300e-02	1.198804e+01
2.170000e-06	-1.938816e-02	1.213449e+01
2.180000e-06	-2.830211e-02	1.234541e+01
2.190000e-06	-3.589151e-02	1.251436e+01
2.200000e-06	-4.512686e-02	1.268125e+01
2.210000e-06	-3.247622e-02	1.280757e+01
2.220000e-06	-3.389156e-02	1.294451e+01
2.230000e-06	-4.070326e-02	1.314338e+01
2.240000e-06	-4.893811e-02	1.329180e+01
2.250000e-06	-3.947482e-02	1.345752e+01
2.260000e-06	-3.615964e-02	1.357449e+01
2.270000e-06	-4.432161e-02	1.370125e+01
2.280000e-06	-5.772772e-02	1.383712e+01
2.290000e-06	-5.713448e-02	1.393399e+01
2.300000e-06	-4.983390e-02	1.410183e+01
2.310000e-06	-4.905259e-02	1.420822e+01
2.320000e-06	-5.919057e-02	1.434286e+01
2.330000e-06	-6.594942e-02	1.447925e+01
2.340000e-06	-5.884031e-02	1.456488e+01
2.350000e-06	-5.824518e-02	1.459909e+01
2.360000e-06	-6.298977e-02	1.473281e+01
2.370000e-06	-7.416337e-02	1.483647e+01
2.380000e-06	-7.099837e-02	1.488980e+01
2.390000e-06	-7.133014e-02	1.492330e+01
2.400000e-06	-7.685405e-02	1.496549e+01
2.410000e-06	-8.902892e-02	1.505865e+01
2.420000e-06	-9.300756e-02	1.508131e+01
2.430000e-06	-8.324313e-02	1.515436e+01
2.440000e-06	-8.506247e-02	1.519502e+01
2.450000e-06	-9.017454e-02	1.524657e+01
2.460000e-06	-1.020637e-01	1.528723e+01
2.470000e-06	-1.032652e-01	1.529920e+01
2.480000e-06	-1.051906e-01	1.530028e+01
2.490000e-06	-1.133490e-01	1.529084e+01
2.500000e-06	-1.224509e-01	1.532231e+01
2.510000e-06	-1.240899e-01	1.531084e+01
2.520000e-06	-1.223395e-01	1.533186e+01
2.530000e-06	-1.289374e-01	1.530979e+01
2.540000e-06	-1.417263e-01	1.531021e+01
2.550000e-06	-1.561087e-01	1.529033e+01
2.560000e-06	-1.626657e-01	1.526018e+01
2.570000e-06	-1.746302e-01	1.523765e+01
2.580000e-06	-1.947011e-01	1.518502e+01
2.590000e-06	-2.209382e-01	1.519346e+01
2.600000e-06	-2.424229e-01	1.515281e+01
2.610000e-06	-2.499950e-01	1.505920e+01
2.620000e-06	-2.500000e-01	1.499506e+01
2.630000e-06	-2.500000e-01	1.497238e+01
2.640000e-06	-2.500000e-01	1.490028e+01
2.650000e-06	-2.500000e-01	1.481404e+01
2.660000e-06	-2.500000e-01	1.475473e+01
2.670000e-06	-2.498000e-01	1.462762e+01
2.680000e-06	-2.395813e-01	1.456491e+01
2.690000e-06	-2.079760e-01	1.447765e+01
2.700000e-06	-1.812725e-01	1.436438e+01
2.710000e-06	-1.591559e-01	1.426962e+01
2.720000e-06	-1.468058e-01	1.412186e+01
2.730000e-06	-1.302526e-01	1.399401e+01
2.740000e-06	-1.178606e-01	1.387968e+01
2.750000e-06	-1.056416e-01	1.375381e+01
2.760000e-06	-1.026710e-01	1.361504e+01
2.770000e-06	-9.447620e-02	1.344969e+01
2.780000e-06	-8.653434e-02	1.335128e+01
2.790000e-06	-7.673303e-02	1.319494e+01
2.800000e-06	-7.389370e-02	1.302910e+01
2.810000e-06	-7.148459e-02	1.288117e+01
2.820000e-06	-6.827914e-02	1.274288e+01
2.830000e-06	-6.140198e-02	1.256746e+01
2.840000e-06	-5.661599e-02	1.244654e+01
2.850000e-06	-5.715964e-02	1.225849e+01
2.860000e-06	-5.397597e-02	1.205865e+01
2.870000e-06	-5.182196e-02	1.189965e+01
2.880000e-06	-4.645395e-02	1.171962e+01
2.890000e-06	-4.880609e-02	1.152865e+01
2.900000e-06	-4.683615e-02	1.127025e+01
2.910000e-06	-4.482305e-02	1.108064e+01
2.920000e-06	-3.840792e-02	1.091027e+01
2.930000e-06	-3.851745e-02	1.069015e+01
2.940000e-06	-3.812995e-02	1.044920e+01
2.950000e-06	-3.884553e-02	1.024957e+01
2.960000e-06	-3.573234e-02	1.002717e+01
2.970000e-06	-3.451832e-02	9.854367e+00
2.980000e-06	-3.415257e-02	9.583982e+00
2.990000e-06	-3.423356e-02	9.354429e+00
3.000000e-06	-3.100230e-02	9.134723e+00
3.010000e-06	-2.926690e-02	8.902774e+00
3.020000e-06	-2.971581e-02	8.651090e+00
3.030000e-06	-2.986895e-02	8.459615e+00
3.040000e-06	-2.743657e-02	8.209009e+00
3.050000e-06	-2.588263e-02	7.964878e+00
3.060000e-06	-2.583403e-02	7.724272e+00
3.070000e-06	-2.690087e-02	7.428563e+00
3.080000e-06	-2.608439e-02	7.175950e+00
3.090000e-06	-2.396844e-02	6.945296e+00
3.100000e-06	-2.257123e-02	6.701114e+00
3.110000e-06	-2.408490e-02	6.386053e+00
3.120000e-06	-2.246222e-02	6.155351e+00
3.130000e-06	-2.148367e-02	5.894168e+00
3.140000e-06	-1.972599e-02	5.638081e+00
3.150000e-06	-2.040595e-02	5.364302e+00
3.160000e-06	-2.098696e-02	5.049035e+00
3.170000e-06	-2.067107e-02	4.743272e+00
3.180000e-06	-1.861246e-02	4.452663e+00
3.190000e-06	-1.884578e-02	4.258426e+00
3.200000e-06	-1.823793e-02	3.912590e+00
3.210000e-06	-1.865506e-02	3.671159e+00
3.220000e-06	-1.643476e-02	3.335974e+00
3.230000e-06	-1.523276e-02	3.114608e+00
3.240000e-06	-1.519643e-02	2.829980e+00
3.250000e-06	-1.626684e-02	2.514789e+00
3.260000e-06	-1.472802e-02	2.241930e+00
3.270000e-06	-1.505886e-02	1.966898e+00
3.280000e-06	-1.298802e-02	1.682679e+00
3.290000e-06	-1.355105e-02	1.399405e+00
3.300000e-06	-1.273240e-02	1.090609e+00
3.310000e-06	-1.113937e-02	7.957970e-01
3.320000e-06	-1.008264e-02	4.926827e-01
3.330000e-06	-1.010039e-02	2.228973e-01
3.340000e-06	-6.891880e-03	-7.418709e-02
3.350000e-06	3.200997e-03	-3.374686e-01
3.360000e-06	9.251273e-04	-5.796268e-01
3.370000e-06	1.606067e-03	-8.943383e-01
3.380000e-06	6.366028e-04	-1.107845e+00
3.390000e-06	3.825632e-04	-1.482710e+00
3.400000e-06	-3.184376e-05	-1.684741e+00
3.410000e-06	1.776717e-02	-1.946422e+00
3.420000e-06	9.082046e-02	-2.176400e+00
3.430000e-06	8.021697e-02	-2.525923e+00
3.440000e-06	-5.021149e-02	-2.927499e+00
3.450000e-06	-7.937442e-03	-3.242716e+00
3.460000e-06	-4.277841e-02	-3.504896e+00
3.470000e-06	-5.508291e-02	-3.714797e+00
3.480000e-06	-4.991981e-02	-3.935896e+00
3.490000e-06	1.470971e-01	-4.094346e+00
3.500000e-06	-1.181601e-01	-4.390957e+00
3.510000e-06	9.513085e-02	-4.661771e+00
3.520000e-06	2.725194e-02	-4.895424e+00
3.530000e-06	-8.643687e-02	-5.293799e+00
3.540000e-06	1.195747e-01	-5.549454e+00
3.550000e-06	-1.482894e-01	-5.800663e+00
3.560000e-06	1.218242e-01	-6.073823e+00
3.570000e-06	-3.640891e-03	-6.356428e+00
3.580000e-06	2.562352e-04	-6.651714e+00
3.590000e-06	8.040159e-02	-6.841221e+00
3.600000e-06	-8.612167e-02	-7.238608e+00
3.610000e-06	9.939754e-02	-7.460693e+00
3.620000e-06	-6.734600e-02	-7.723852e+00
3.630000e-06	6.998420e-02	-8.018534e+00
3.640000e-06	2.108567e-02	-8.228112e+00
3.650000e-06	-1.392920e-02	-8.512296e+00
3.660000e-06	9.464047e-02	-8.724828e+00
3.670000e-06	-7.751062e-02	-8.958406e+00
3.680000e-06	8.054459e-02	-9.177558e+00
3.690000e-06	-3.912829e-02	-9.378541e+00
3.700000e-06	7.927538e-02	-9.661192e+00
3.710000e-06	8.944421e-03	-9.830692e+00
3.720000e-06	2.562372e-02	-1.011170e+01
3.730000e-06	3.775155e-02	-1.027283e+01
3.740000e-06	-8.736874e-03	-1.053291e+01
3.750000e-06	6.546647e-02	-1.071178e+01
3.760000e-06	-2.209704e-02	-1.091233e+01
3.770000e-06	6.924631e-02	-1.111230e+01
3.780000e-06	-5.413786e-03	-1.129448e+01
3.790000e-06	6.454096e-02	-1.152391e+01
3.800000e-06	6.792867e-03	-1.176244e+01
3.810000e-06	3.999722e-02	-1.194646e+01
3.820000e-06	2.629643e-02	-1.211288e+01
3.830000e-06	3.954489e-02	-1.232288e+01
3.840000e-06	4.384818e-02	-1.250130e+01
3.850000e-06	2.031295e-02	-1.259980e+01
3.860000e-06	4.522811e-02	-1.280712e+01
3.870000e-06	2.454239e-02	-1.297696e+01
3.880000e-06	5.711620e-02	-1.311381e+01
3.890000e-06	2.721168e-02	-1.326083e+01
3.900000e-06	5.672050e-02	-1.344757e+01
3.910000e-06	3.522898e-02	-1.353502e+01
3.920000e-06	5.790223e-02	-1.370438e+01
3.930000e-06	3.830383e-02	-1.384812e+01
3.940000e-06	4.648747e-02	-1.396502e+01
3.950000e-06	4.450479e-02	-1.408991e+01
3.960000e-06	5.782054e-02	-1.422795e+01
3.970000e-06	5.805838e-02	-1.435188e+01
3.980000e-06	5.524605e-02	-1.444922e+01
3.990000e-06	5.682801e-02	-1.451288e+01
4.000000e-06	5.826934e-02	-1.465810e+01
4.010000e-06	6.836983e-02	-1.470333e+01
4.020000e-06	6.156191e-02	-1.479469e+01
4.030000e-06	6.884567e-02	-1.487078e+01
4.040000e-06	6.725290e-02	-1.497239e+01
4.050000e-06	7.750224e-02	-1.504615e+01
4.060000e-06	7.073761e-02	-1.510921e+01
4.070000e-06	7.547142e-02	-1.515234e+01
4.080000e-06	7.688968e-02	-1.516459e+01
4.090000e-06	8.878422e-02	-1.524565e+01
4.100000e-06	9.031734e-02	-1.525025e+01
4.110000e-06	9.054038e-02	-1.530075e+01
4.120000e-06	9.204902e-02	-1.534183e+01
4.130000e-06	9.566641e-02	-1.535442e+01
4.140000e-06	1.048377e-01	-1.537591e+01
4.150000e-06	1.057683e-01	-1.537541e+01
4.160000e-06	1.121292e-01	-1.541597e+01
4.170000e-06	1.168365e-01	-1.539599e+01
4.180000e-06	1.271564e-01	-1.539454e+01
4.190000e-06	1.295165e-01	-1.534650e+01
4.200000e-06	1.342377e-01	-1.540491e+01
4.210000e-06	1.428808e-01	-1.534291e+01
4.220000e-06	1.583004e-01	-1.532088e+01
4.230000e-06	1.753430e-01	-1.528728e+01
4.240000e-06	1.914820e-01	-1.525665e+01
4.250000e-06	2.141067e-01	-1.523442e+01
4.260000e-06	2.402518e-01	-1.513328e+01
4.270000e-06	2.500000e-01	-1.506225e+01
4.280000e-06	2.500000e-01	-1.507857e+01
4.290000e-06	2.500000e-01	-1.495639e+01
4.300000e-06	2.500000e-01	-1.491025e+01
4.310000e-06	2.500000e-01	-1.484812e+01
4.320000e-06	2.500000e-01	-1.472334e+01
4.330000e-06	2.450718e-01	-1.462920e+01
4.340000e-06	2.194502e-01	-1.457297e+01
4.350000e-06	1.923057e-01	-1.450120e+01
4.360000e-06	1.697713e-01	-1.440399e+01
4.370000e-06	1.491000e-01	-1.429910e+01
4.380000e-06	1.306683e-01	-1.412291e+01
4.390000e-06	1.164834e-01	-1.402617e+01
4.400000e-06	1.055785e-01	-1.391281e+01
4.410000e-06	9.474142e-02	-1.376389e+01
4.420000e-06	8.589236e-02	-1.362862e+01
4.430000e-06	7.966220e-02	-1.351173e+01
4.440000e-06	7.448212e-02	-1.335493e+01
4.450000e-06	6.817511e-02	-1.322599e+01
4.460000e-06	6.274607e-02	-1.306122e+01
4.470000e-06	5.747122e-02	-1.291333e+01
4.480000e-06	5.298926e-02	-1.276284e+01
4.490000e-06	4.997889e-02	-1.258596e+01
4.500000e-06	4.646256e-02	-1.244865e+01
4.510000e-06	4.240997e-02	-1.226815e+01
4.520000e-06	3.916219e-02	-1.208757e+01
4.530000e-06	3.771573e-02	-1.185963e+01
4.540000e-06	3.594829e-02	-1.168823e+01
4.550000e-06	3.406652e-02	-1.148912e+01
4.560000e-06	3.082269e-02	-1.118951e+01
4.570000e-06	2.909959e-02	-1.103814e+01
4.580000e-06	2.810108e-02	-1.085806e+01
4.590000e-06	2.622397e-02	-1.067999e+01
4.600000e-06	2.360716e-02	-1.044859e+01
4.610000e-06	2.220509e-02	-1.023799e+01
4.620000e-06	2.184267e-02	-1.000806e+01
4.630000e-06	2.030808e-02	-9.818485e+00
4.640000e-06	1.943927e-02	-9.584935e+00
4.650000e-06	1.762243e-02	-9.353930e+00
4.660000e-06	1.791746e-02	-9.162675e+00
4.670000e-06	1.644232e-02	-8.902697e+00
4.680000e-06	1.493348e-02	-8.671622e+00
4.690000e-06	1.182021e-02	-8.417008e+00
4.700000e-06	1.081455e-02	-8.187928e+00
4.710000e-06	1.073646e-02	-7.924401e+00
4.720000e-06	1.075553e-02	-7.659223e+00
4.730000e-06	9.889291e-03	-7.407579e+00
4.740000e-06	9.679529e-03	-7.153827e+00
4.750000e-06	8.804699e-03	-6.870643e+00
4.760000e-06	7.633613e-03	-6.629010e+00
4.770000e-06	4.268042e-03	-6.406401e+00
4.780000e-06	4.542513e-03	-6.135297e+00
4.790000e-06	3.596791e-03	-5.830089e+00
4.800000e-06	4.171948e-03	-5.554846e+00
4.810000e-06	3.556255e-03	-5.262666e+00
4.820000e-06	2.328061e-03	-4.956430e+00
4.830000e-06	6.579451e-04	-4.641663e+00
4.840000e-06	1.630751e-03	-4.429059e+00
4.850000e-06	7.089982e-04	-4.177925e+00
4.860000e-06	-1.383199e-03	-3.853168e+00
4.870000e-06	-1.327052e-03	-3.627504e+00
4.880000e-06	-1.849019e-03	-3.356896e+00
4.890000e-06	-3.180221e-03	-3.021113e+00
4.900000e-06	-4.292882e-03	-2.767851e+00
4.910000e-06	-4.504573e-03	-2.503266e+00
4.920000e-06	-3.087897e-03	-2.201005e+00
4.930000e-06	-2.948087e-03	-1.925871e+00
4.940000e-06	-3.663778e-03	-1.693181e+00
4.950000e-06	-5.421773e-03	-1.326366e+00
4.960000e-06	-5.982797e-03	-1.031527e+00
4.970000e-06	-6.466881e-03	-7.669184e-01
4.980000e-06	-7.426565e-03	-4.610812e-01
4.990000e-06	-7.107070e-03	-1.889459e-01
5.000000e-06	-1.479826e-03	5.418566e-02
5.010000e-06	7.306187e-03	3.694676e-01
5.020000e-06	-7.893765e-05	6.126003e-01
5.030000e-06	3.636546e-03	8.821396e-01
5.040000e-06	-1.510834e-03	1.180028e+00
5.050000e-06	2.012701e-03	1.454108e+00
5.060000e-06	-1.527716e-03	1.790471e+00
5.070000e-06	1.324375e-02	1.960449e+00
5.080000e-06	5.889892e-02	2.203578e+00
5.090000e-06	9.200989e-02	2.556902e+00
5.100000e-06	-3.694164e-02	2.865137e+00
5.110000e-06	-3.454184e-02	3.156875e+00
5.120000e-06	-3.910131e-02	3.464184e+00
5.130000e-06	-3.034223e-02	3.726295e+00
5.140000e-06	-8.113997e-02	3.955367e+00
5.150000e-06	7.350481e-04	4.134324e+00
5.160000e-06	7.946533e-02	4.452214e+00
5.170000e-06	-9.242303e-02	4.747391e+00
5.180000e-06	1.218049e-01	4.964852e+00
5.190000e-06	-3.007224e-02	5.306276e+00
5.200000e-06	-5.000939e-02	5.599476e+00
5.210000e-06	2.792499e-02	5.860688e+00
5.220000e-06	-5.068699e-02	6.103796e+00
5.230000e-06	5.755365e-02	6.377503e+00
5.240000e-06	-4.522881e-02	6.614242e+00
5.250000e-06	1.176980e-04	6.894298e+00
5.260000e-06	-4.789718e-03	7.198409e+00
5.270000e-06	-2.146640e-02	7.420691e+00
5.280000e-06	-9.594037e-04	7.725400e+00
5.290000e-06	-5.105134e-02	7.998011e+00
5.300000e-06	3.643352e-02	8.262690e+00
5.310000e-06	-2.291739e-02	8.493721e+00
5.320000e-06	-4.738215e-03	8.661269e+00
5.330000e-06	-1.676683e-02	8.922927e+00
5.340000e-06	-5.184859e-02	9.156980e+00
5.350000e-06	1.005195e-02	9.407535e+00
5.360000e-06	-2.208858e-02	9.638541e+00
5.370000e-06	-1.435164e-03	9.829771e+00
5.380000e-06	-3.996360e-02	1.008172e+01
5.390000e-06	-2.302484e-03	1.028333e+01
5.400000e-06	-1.973727e-02	1.051175e+01
5.410000e-06	-2.790628e-02	1.071380e+01
5.420000e-06	-2.807027e-02	1.092280e+01
5.430000e-06	-3.526929e-02	1.110380e+01
5.440000e-06	-6.359814e-03	1.127383e+01
5.450000e-06	-3.192963e-02	1.151228e+01
5.460000e-06	-2.604716e-02	1.171440e+01
5.470000e-06	-4.473281e-02	1.191185e+01
5.480000e-06	-1.927575e-02	1.206335e+01
5.490000e-06	-2.758936e-02	1.231227e+01
5.500000e-06	-3.211086e-02	1.244022e+01
5.510000e-06	-4.427745e-02	1.261702e+01
5.520000e-06	-3.897905e-02	1.277694e+01
5.530000e-06	-2.959835e-02	1.290235e+01
5.540000e-06	-4.066462e-02	1.309965e+01
5.550000e-06	-4.472629e-02	1.324070e+01
5.560000e-06	-4.613345e-02	1.336553e+01
5.570000e-06	-3.352895e-02	1.352436e+01
5.580000e-06	-4.260898e-02	1.364816e+01
5.590000e-06	-5.258959e-02	1.376464e+01
5.600000e-06	-5.937089e-02	1.391031e+01
5.610000e-06	-5.141223e-02	1.404875e+01
5.620000e-06	-4.832164e-02	1.417649e+01
5.630000e-06	-5.663729e-02	1.433180e+01
5.640000e-06	-6.363447e-02	1.444802e+01
5.650000e-06	-6.175855e-02	1.453280e+01
5.660000e-06	-5.592753e-02	1.462639e+01
5.670000e-06	-6.227940e-02	1.467180e+01
5.680000e-06	-7.097324e-02	1.479648e+01
5.690000e-06	-7.514231e-02	1.482912e+01
5.700000e-06	-6.948713e-02	1.490133e+01
5.710000e-06	-7.373667e-02	1.496548e+01
5.720000e-06	-8.347277e-02	1.499652e+01
5.730000e-06	-9.137176e-02	1.510972e+01
5.740000e-06	-8.617541e-02	1.511234e+01
5.750000e-06	-8.341796e-02	1.516394e+01
5.760000e-06	-8.976466e-02	1.522660e+01
5.770000e-06	-1.001098e-01	1.525817e+01
5.780000e-06	-1.024122e-01	1.528023e+01
5.790000e-06	-1.013560e-01	1.529080e+01
5.800000e-06	-1.070109e-01	1.530133e+01
5.810000e-06	-1.184452e-01	1.533128e+01
5.820000e-06	-1.242705e-01	1.532186e+01
5.830000e-06	-1.235890e-01	1.529233e+01
5.840000e-06	-1.259024e-01	1.528236e+01
5.850000e-06	-1.382925e-01	1.531281e+01
5.860000e-06	-1.521863e-01	1.529978e+01
5.870000e-06	-1.586080e-01	1.526973e+01
5.880000e-06	-1.673981e-01	1.523712e+01
5.890000e-06	-1.847529e-01	1.520708e+01
5.900000e-06	-2.111459e-01	1.518599e+01
5.910000e-06	-2.370210e-01	1.514341e+01
5.920000e-06	-2.488649e-01	1.505978e+01
5.930000e-06	-2.500000e-01	1.503709e+01
5.940000e-06	-2.500000e-01	1.493496e+01
5.950000e-06	-2.500000e-01	1.492228e+01
5.960000e-06	-2.500000e-01	1.485707e+01
5.970000e-06	-2.500000e-01	1.474433e+01
5.980000e-06	-2.500000e-01	1.467870e+01
5.990000e-06	-2.459991e-01	1.456696e+01
6.000000e-06	-2.192114e-01	1.449080e+01
6.010000e-06	-1.884867e-01	1.437702e+01
6.020000e-06	-1.664211e-01	1.428778e+01
6.030000e-06	-1.527789e-01	1.418439e+01
6.040000e-06	-1.383238e-01	1.406717e+01
6.050000e-06	-1.214758e-01	1.395338e+01
6.060000e-06	-1.063820e-01	1.377744e+01
6.070000e-06	-1.028652e-01	1.365815e+01
6.080000e-06	-9.788705e-02	1.351376e+01
6.090000e-06	-9.024247e-02	1.340699e+01
6.100000e-06	-7.884684e-02	1.322867e+01
6.110000e-06	-7.517939e-02	1.313928e+01
6.120000e-06	-7.316398e-02	1.295381e+01
6.130000e-06	-6.964932e-02	1.276549e+01
6.140000e-06	-6.192613e-02	1.259849e+01
6.150000e-06	-5.847310e-02	1.248982e+01
6.160000e-06	-5.755607e-02	1.231172e+01
6.170000e-06	-5.698838e-02	1.213233e+01
6.180000e-06	-5.110145e-02	1.195436e+01
6.190000e-06	-4.683495e-02	1.175233e+01
6.200000e-06	-4.701380e-02	1.157431e+01
6.210000e-06	-4.975510e-02	1.135183e+01
6.220000e-06	-4.551961e-02	1.115390e+01
6.230000e-06	-4.070603e-02	1.095488e+01
6.240000e-06	-3.830377e-02	1.076430e+01
6.250000e-06	-3.962715e-02	1.053433e+01
6.260000e-06	-3.963784e-02	1.033333e+01
6.270000e-06	-3.436125e-02	1.014217e+01
6.280000e-06	-3.347594e-02	9.922674e+00
6.290000e-06	-3.414027e-02	9.638718e+00
6.300000e-06	-3.649670e-02	9.458535e+00
6.310000e-06	-3.284623e-02	9.227563e+00
6.320000e-06	-3.035909e-02	8.987410e+00
6.330000e-06	-2.864287e-02	8.764401e+00
6.340000e-06	-3.083965e-02	8.534827e+00
6.350000e-06	-2.846493e-02	8.323768e+00
6.360000e-06	-2.650478e-02	8.020639e+00
6.370000e-06	-2.399458e-02	7.767982e+00
6.380000e-06	-2.631471e-02	7.554299e+00
6.390000e-06	-2.665736e-02	7.269165e+00
6.400000e-06	-2.532833e-02	6.999456e+00
6.410000e-06	-2.274773e-02	6.735350e+00
6.420000e-06	-2.327089e-02	6.503220e+00
6.430000e-06	-2.372154e-02	6.240031e+00
6.440000e-06	-2.259289e-02	5.978079e+00
6.450000e-06	-2.020672e-02	5.712793e+00
6.460000e-06	-2.037002e-02	5.440110e+00
6.470000e-06	-2.044644e-02	5.153700e+00
6.480000e-06	-2.101811e-02	4.816007e+00
6.490000e-06	-1.924885e-02	4.556397e+00
6.500000e-06	-1.797240e-02	4.313168e+00
6.510000e-06	-1.832179e-02	3.998028e+00
6.520000e-06	-1.903771e-02	3.745793e+00
6.530000e-06	-1.822340e-02	3.511611e+00
6.540000e-06	-1.622801e-02	3.206902e+00
6.550000e-06	-1.465149e-02	2.956742e+00
6.560000e-06	-1.572157e-02	2.649583e+00
6.570000e-06	-1.562130e-02	2.324767e+00
6.580000e-06	-1.445029e-02	2.071708e+00
6.590000e-06	-1.298663e-02	1.817372e+00
6.600000e-06	-1.397349e-02	1.523109e+00
6.610000e-06	-1.372993e-02	1.207451e+00
6.620000e-06	-1.283153e-02	8.825799e-01
6.630000e-06	-1.031285e-02	5.987732e-01
6.640000e-06	-9.891870e-03	3.057679e-01
6.650000e-06	-9.257268e-03	2.897737e-02
6.660000e-06	-2.459331e-03	-2.425594e-01
6.670000e-06	4.817458e-03	-4.852185e-01
6.680000e-06	-2.046280e-03	-7.505527e-01
6.690000e-06	2.309550e-03	-1.034085e+00
6.700000e-06	-1.876289e-03	-1.286852e+00
6.710000e-06	9.740504e-04	-1.631585e+00
6.720000e-06	8.503626e-03	-1.832587e+00
6.730000e-06	5.421707e-02	-2.031161e+00
6.740000e-06	1.170627e-01	-2.409509e+00
6.750000e-06	-2.501697e-02	-2.737529e+00
6.760000e-06	-1.696988e-02	-3.160528e+00
6.770000e-06	-3.346328e-02	-3.432559e+00
6.780000e-06	-3.929441e-02	-3.631109e+00
6.790000e-06	-9.111251e-02	-3.872242e+00
6.800000e-06	1.126255e-01	-4.001112e+00
6.810000e-06	-1.454192e-02	-4.284316e+00
6.820000e-06	-2.794153e-02	-4.590508e+00
6.830000e-06	1.562571e-01	-4.822137e+00
6.840000e-06	-1.361295e-01	-5.188033e+00
6.850000e-06	1.139984e-01	-5.512822e+00
6.860000e-06	-7.921229e-02	-5.715399e+00
6.870000e-06	5.960723e-04	-6.040092e+00
6.880000e-06	1.071492e-01	-6.210211e+00
6.890000e-06	-7.745568e-02	-6.545928e+00
6.900000e-06	1.218726e-01	-6.800538e+00
6.910000e-06	-7.792523e-02	-7.072818e+00
6.920000e-06	4.942841e-02	-7.338533e+00
6.930000e-06	6.278556e-03	-7.589459e+00
6.940000e-06	-1.861203e-02	-7.855426e+00
6.950000e-06	1.001794e-01	-8.116354e+00
6.960000e-06	-6.466778e-02	-8.388960e+00
6.970000e-06	1.129496e-01	-8.607195e+00
6.980000e-06	-4.904791e-02	-8.872246e+00
6.990000e-06	2.599352e-02	-9.104800e+00
7.000000e-06	1.341008e-02	-9.302728e+00
7.010000e-06	9.695471e-03	-9.569033e+00
7.020000e-06	7.697807e-02	-9.775509e+00
7.030000e-06	-2.561644e-02	-9.988094e+00
7.040000e-06	7.684976e-02	-1.022802e+01
7.050000e-06	-3.295241e-02	-1.047970e+01
7.060000e-06	7.268340e-02	-1.065025e+01
7.070000e-06	-1.232126e-02	-1.086014e+01
7.080000e-06	4.516320e-02	-1.104070e+01
7.090000e-06	1.988617e-02	-1.126070e+01
7.100000e-06	3.364950e-02	-1.145123e+01
7.110000e-06	4.190064e-02	-1.165933e+01
7.120000e-06	8.166195e-03	-1.186268e+01
7.130000e-06	4.850087e-02	-1.211027e+01
7.140000e-06	1.581784e-02	-1.227915e+01
7.150000e-06	6.446193e-02	-1.244755e+01
7.160000e-06	1.188461e-02	-1.256699e+01
7.170000e-06	4.888256e-02	-1.274489e+01
7.180000e-06	2.076180e-02	-1.290438e+01
7.190000e-06	5.423904e-02	-1.309075e+01
7.200000e-06	3.310309e-02	-1.318757e+01
7.210000e-06	4.653518e-02	-1.336441e+01
7.220000e-06	4.190777e-02	-1.352175e+01
7.230000e-06	4.876829e-02	-1.364917e+01
7.240000e-06	5.006288e-02	-1.376647e+01
7.250000e-06	3.997244e-02	-1.393276e+01
7.260000e-06	4.757233e-02	-1.403675e+01
7.270000e-06	4.878479e-02	-1.416389e+01
7.280000e-06	6.269856e-02	-1.430971e+01
7.290000e-06	5.273481e-02	-1.439664e+01
7.300000e-06	5.823228e-02	-1.446085e+01
7.310000e-06	5.457712e-02	-1.457799e+01
7.320000e-06	6.837325e-02	-1.473083e+01
7.330000e-06	6.272140e-02	-1.477546e+01
7.340000e-06	6.724404e-02	-1.485876e+01
7.350000e-06	6.538456e-02	-1.490333e+01
7.360000e-06	7.472541e-02	-1.495547e+01
7.370000e-06	7.334154e-02	-1.501820e+01
7.380000e-06	7.381208e-02	-1.511283e+01
7.390000e-06	7.594345e-02	-1.514244e+01
7.400000e-06	8.444611e-02	-1.520604e+01
7.410000e-06	9.170563e-02	-1.522667e+01
7.420000e-06	9.055884e-02	-1.524823e+01
7.430000e-06	9.129280e-02	-1.533233e+01
7.440000e-06	9.309175e-02	-1.534339e+01
7.450000e-06	1.018336e-01	-1.534551e+01
7.460000e-06	1.056352e-01	-1.540594e+01
7.470000e-06	1.093971e-01	-1.541597e+01
7.480000e-06	1.142200e-01	-1.540544e+01
7.490000e-06	1.227357e-01	-1.541554e+01
7.500000e-06	1.299486e-01	-1.540492e+01
7.510000e-06	1.324306e-01	-1.536194e+01
7.520000e-06	1.399544e-01	-1.535343e+01
7.530000e-06	1.519922e-01	-1.531336e+01
7.540000e-06	1.694562e-01	-1.527080e+01
7.550000e-06	1.852386e-01	-1.522710e+01
7.560000e-06	2.050354e-01	-1.519757e+01
7.570000e-06	2.311209e-01	-1.517351e+01
7.580000e-06	2.488611e-01	-1.515278e+01
7.590000e-06	2.500000e-01	-1.507017e+01
7.600000e-06	2.500000e-01	-1.498604e+01
7.610000e-06	2.500000e-01	-1.490341e+01
7.620000e-06	2.500000e-01	-1.487717e+01
7.630000e-06	2.500000e-01	-1.480444e+01
7.640000e-06	2.489857e-01	-1.468183e+01
7.650000e-06	2.309767e-01	-1.461554e+01
7.660000e-06	2.001224e-01	-1.455078e+01
7.670000e-06	1.775890e-01	-1.440707e+01
7.680000e-06	1.572354e-01	-1.432268e+01
7.690000e-06	1.373173e-01	-1.417759e+01
7.700000e-06	1.212104e-01	-1.406720e+01
7.710000e-06	1.112601e-01	-1.389344e+01
7.720000e-06	1.002917e-01	-1.380399e+01
7.730000e-06	8.928123e-02	-1.371673e+01
7.740000e-06	8.008004e-02	-1.355481e+01
7.750000e-06	7.518495e-02	-1.339696e+01
7.760000e-06	7.140292e-02	-1.321813e+01
7.770000e-06	6.538571e-02	-1.309178e+01
7.780000e-06	5.796697e-02	-1.296591e+01
7.790000e-06	5.341457e-02	-1.279509e+01
7.800000e-06	5.182413e-02	-1.263762e+01
7.810000e-06	4.967978e-02	-1.249978e+01
7.820000e-06	4.395259e-02	-1.230278e+01
7.830000e-06	4.059328e-02	-1.218181e+01
7.840000e-06	3.875825e-02	-1.194378e+01
7.850000e-06	3.733930e-02	-1.173439e+01
7.860000e-06	3.470701e-02	-1.149043e+01
7.870000e-06	2.911255e-02	-1.128073e+01
7.880000e-06	2.991413e-02	-1.107030e+01
7.890000e-06	2.935213e-02	-1.090128e+01
7.900000e-06	2.862745e-02	-1.072228e+01
7.910000e-06	2.435722e-02	-1.052332e+01
7.920000e-06	2.327924e-02	-1.028218e+01
7.930000e-06	2.140447e-02	-1.002117e+01
7.940000e-06	2.195267e-02	-9.850539e+00
7.950000e-06	1.906051e-02	-9.679142e+00
7.960000e-06	1.690506e-02	-9.407089e+00
7.970000e-06	1.720298e-02	-9.186535e+00
7.980000e-06	1.787263e-02	-8.986929e+00
7.990000e-06	1.573010e-02	-8.793852e+00
8.000000e-06	1.321261e-02	-8.512272e+00
8.010000e-06	1.109152e-02	-8.299665e+00
8.020000e-06	1.340584e-02	-8.026015e+00
8.030000e-06	1.130213e-02	-7.745832e+00
8.040000e-06	8.972672e-03	-7.501142e+00
8.050000e-06	8.031615e-03	-7.238239e+00
8.060000e-06	8.034468e-03	-6.947452e+00
8.070000e-06	7.764292e-03	-6.752722e+00
8.080000e-06	5.538142e-03	-6.491664e+00
8.090000e-06	4.554487e-03	-6.258055e+00
8.100000e-06	3.406275e-03	-5.944772e+00
8.110000e-06	6.070830e-03	-5.652591e+00
8.120000e-06	4.547415e-03	-5.385431e+00
8.130000e-06	2.395192e-03	-5.102716e+00
8.140000e-06	5.953139e-04	-4.815976e+00
8.150000e-06	2.311297e-03	-4.494742e+00
8.160000e-06	1.272648e-03	-4.290637e+00
8.170000e-06	1.408763e-04	-4.008558e+00
8.180000e-06	-4.069725e-03	-3.684769e+00
8.190000e-06	-1.329970e-03	-3.460633e+00
8.200000e-06	-1.768692e-03	-3.186996e+00
8.210000e-06	-2.831517e-03	-2.881586e+00
8.220000e-06	-2.344616e-03	-2.608525e+00
8.230000e-06	-3.219870e-03	-2.363797e+00
8.240000e-06	-1.505187e-03	-2.010054e+00
8.250000e-06	-2.344961e-03	-1.755843e+00
8.260000e-06	-7.224777e-03	-1.462113e+00
8.270000e-06	-7.901101e-03	-1.154321e+00
8.280000e-06	-9.086441e-03	-8.620815e-01
8.290000e-06	-7.185497e-03	-5.864194e-01
8.300000e-06	-6.240799e-03	-2.736603e-01
8.310000e-06	-3.628272e-03	-1.049988e-02
8.320000e-06	8.368686e-03	2.437346e-01
8.330000e-06	3.821819e-03	5.563199e-01
8.340000e-06	4.053661e-03	7.390451e-01
8.350000e-06	-1.806674e-03	1.076265e+00
8.360000e-06	-2.984478e-03	1.345923e+00
8.370000e-06	-2.798619e-03	1.664714e+00
8.380000e-06	6.094593e-03	1.904792e+00
8.390000e-06	3.524919e-02	2.104871e+00
8.400000e-06	1.014981e-01	2.430053e+00
8.410000e-06	7.003499e-03	2.800503e+00
8.420000e-06	-4.593901e-02	3.052662e+00
8.430000e-06	-3.343071e-02	3.357424e+00
8.440000e-06	-3.078201e-02	3.592161e+00
8.450000e-06	-6.511625e-02	3.870660e+00
8.460000e-06	-5.488796e-02	4.040038e+00
8.470000e-06	9.218122e-02	4.317954e+00
8.480000e-06	-5.210813e-02	4.621587e+00
8.490000e-06	2.918827e-02	4.831218e+00
8.500000e-06	8.003510e-02	5.198059e+00
8.510000e-06	-1.068202e-01	5.484739e+00
8.520000e-06	4.774792e-02	5.735904e+00
8.530000e-06	-5.429702e-02	6.040110e+00
8.540000e-06	3.023419e-02	6.262166e+00
8.550000e-06	3.711693e-03	6.615904e+00
8.560000e-06	-4.216519e-02	6.851083e+00
8.570000e-06	2.525243e-02	7.072289e+00
8.580000e-06	-4.424804e-02	7.375904e+00
8.590000e-06	1.882894e-02	7.629665e+00
8.600000e-06	-5.594680e-02	7.924798e+00
8.610000e-06	1.444449e-02	8.197433e+00
8.620000e-06	4.075555e-03	8.399087e+00
8.630000e-06	-2.590670e-02	8.579609e+00
8.640000e-06	9.315238e-03	8.851692e+00
8.650000e-06	-6.076807e-02	9.102674e+00
8.660000e-06	1.358619e-03	9.292776e+00
8.670000e-06	-1.857319e-02	9.535329e+00
8.680000e-06	-9.829483e-04	9.765007e+00
8.690000e-06	-3.236260e-02	1.000807e+01
8.700000e-06	-1.716569e-02	1.019709e+01
8.710000e-06	-8.720160e-03	1.039062e+01
8.720000e-06	-3.113195e-02	1.062767e+01
8.730000e-06	-2.114519e-02	1.080014e+01
8.740000e-06	-3.945138e-02	1.105015e+01
8.750000e-06	-9.883437e-03	1.123002e+01
8.760000e-06	-2.576091e-02	1.144812e+01
8.770000e-06	-2.471151e-02	1.165077e+01
8.780000e-06	-4.306823e-02	1.187067e+01
8.790000e-06	-2.866239e-02	1.203910e+01
8.800000e-06	-2.419186e-02	1.222805e+01
8.810000e-06	-2.913459e-02	1.237652e+01
8.820000e-06	-3.887288e-02	1.256496e+01
8.830000e-06	-4.216782e-02	1.271283e+01
8.840000e-06	-3.093458e-02	1.288125e+01
8.850000e-06	-3.861567e-02	1.302762e+01
8.860000e-06	-4.207705e-02	1.321554e+01
8.870000e-06	-4.934777e-02	1.332393e+01
8.880000e-06	-3.540578e-02	1.346065e+01
8.890000e-06	-3.954001e-02	1.361807e+01
8.900000e-06	-4.734457e-02	1.371339e+01
8.910000e-06	-5.972017e-02	1.389118e+01
8.920000e-06	-5.356716e-02	1.400607e+01
8.930000e-06	-4.870136e-02	1.417393e+01
8.940000e-06	-5.260045e-02	1.423923e+01
8.950000e-06	-6.191146e-02	1.436702e+01
8.960000e-06	-6.442116e-02	1.449073e+01
8.970000e-06	-5.743225e-02	1.454801e+01
8.980000e-06	-6.063882e-02	1.467020e+01
8.990000e-06	-6.744029e-02	1.477591e+01
9.000000e-06	-7.534231e-02	1.483752e+01
9.010000e-06	-6.922821e-02	1.485025e+01
9.020000e-06	-7.045248e-02	1.495291e+01
9.030000e-06	-7.999443e-02	1.495750e+01
9.040000e-06	-9.024244e-02	1.507017e+01
9.050000e-06	-9.021509e-02	1.512171e+01
9.060000e-06	-8.358187e-02	1.515339e+01
9.070000e-06	-8.840519e-02	1.523557e+01
9.080000e-06	-9.670184e-02	1.522662e+01
9.090000e-06	-1.025745e-01	1.524926e+01
9.100000e-06	-1.001927e-01	1.531828e+01
9.110000e-06	-1.051531e-01	1.532081e+01
9.120000e-06	-1.149899e-01	1.529081e+01
9.130000e-06	-1.230337e-01	1.533231e+01
9.140000e-06	-1.231764e-01	1.537386e+01
9.150000e-06	-1.234008e-01	1.531179e+01
9.160000e-06	-1.350433e-01	1.532193e+01
9.170000e-06	-1.474565e-01	1.530131e+01
9.180000e-06	-1.575313e-01	1.526023e+01
9.190000e-06	-1.619291e-01	1.525763e+01
9.200000e-06	-1.774822e-01	1.524607e+01
9.210000e-06	-2.004878e-01	1.521442e+01
9.220000e-06	-2.284793e-01	1.515354e+01
9.230000e-06	-2.454751e-01	1.509183e+01
9.240000e-06	-2.500000e-01	1.504807e+01
9.250000e-06	-2.500000e-01	1.498597e+01
9.260000e-06	-2.500000e-01	1.492228e+01
9.270000e-06	-2.500000e-01	1.487872e+01
9.280000e-06	-2.500000e-01	1.481649e+01
9.290000e-06	-2.500000e-01	1.472230e+01
9.300000e-06	-2.495590e-01	1.465612e+01
9.310000e-06	-2.320291e-01	1.452031e+01
9.320000e-06	-1.971697e-01	1.444700e+01
9.330000e-06	-1.743151e-01	1.434135e+01
9.340000e-06	-1.556503e-01	1.421804e+01
9.350000e-06	-1.450277e-01	1.410128e+01
9.360000e-06	-1.263175e-01	1.397339e+01
9.370000e-06	-1.140906e-01	1.383812e+01
9.380000e-06	-1.040699e-01	1.373025e+01
9.390000e-06	-1.010391e-01	1.356352e+01
9.400000e-06	-9.094009e-02	1.343964e+01
9.410000e-06	-8.223856e-02	1.330183e+01
9.420000e-06	-7.492168e-02	1.312296e+01
9.430000e-06	-7.625126e-02	1.296646e+01
9.440000e-06	-7.108157e-02	1.281915e+01
9.450000e-06	-6.538953e-02	1.274178e+01
9.460000e-06	-5.897316e-02	1.255336e+01
9.470000e-06	-5.809009e-02	1.237188e+01
9.480000e-06	-5.723991e-02	1.217594e+01
9.490000e-06	-5.358397e-02	1.202606e+01
9.500000e-06	-4.890135e-02	1.183956e+01
9.510000e-06	-4.643059e-02	1.161909e+01
9.520000e-06	-4.737859e-02	1.144852e+01
9.530000e-06	-4.571619e-02	1.122706e+01
9.540000e-06	-4.145839e-02	1.100706e+01
9.550000e-06	-3.921302e-02	1.082767e+01
9.560000e-06	-3.960261e-02	1.065696e+01
9.570000e-06	-3.950448e-02	1.039699e+01
9.580000e-06	-3.688878e-02	1.017596e+01
9.590000e-06	-3.457053e-02	9.973907e+00
9.600000e-06	-3.332817e-02	9.754830e+00
9.610000e-06	-3.551001e-02	9.501172e+00
9.620000e-06	-3.301900e-02	9.302772e+00
9.630000e-06	-3.031620e-02	9.082144e+00
9.640000e-06	-2.861063e-02	8.859139e+00
9.650000e-06	-3.010901e-02	8.589008e+00
9.660000e-06	-2.999345e-02	8.446458e+00
9.670000e-06	-2.760568e-02	8.152881e+00
9.680000e-06	-2.485443e-02	7.882641e+00
9.690000e-06	-2.580654e-02	7.648014e+00
9.700000e-06	-2.621356e-02	7.334856e+00
9.710000e-06	-2.446912e-02	7.101244e+00
9.720000e-06	-2.324545e-02	6.859661e+00
9.730000e-06	-2.232947e-02	6.596407e+00
9.740000e-06	-2.395508e-02	6.323346e+00
9.750000e-06	-2.322333e-02	6.103670e+00
9.760000e-06	-2.031320e-02	5.860036e+00
9.770000e-06	-2.010495e-02	5.544847e+00
9.780000e-06	-1.972784e-02	5.250184e+00
9.790000e-06	-2.085967e-02	4.953819e+00
9.800000e-06	-1.993092e-02	4.651139e+00
9.810000e-06	-1.873118e-02	4.427006e+00
9.820000e-06	-1.808978e-02	4.114262e+00
9.830000e-06	-1.902615e-02	3.810555e+00
9.840000e-06	-1.775944e-02	3.585377e+00
9.850000e-06	-1.571460e-02	3.302188e+00
9.860000e-06	-1.560889e-02	3.010000e+00
9.870000e-06	-1.649672e-02	2.745798e+00
9.880000e-06	-1.619426e-02	2.450507e+00
9.890000e-06	-1.485649e-02	2.176346e+00
9.900000e-06	-1.337367e-02	1.905666e+00
9.910000e-06	-1.261230e-02	1.587927e+00
9.920000e-06	-1.333430e-02	1.354137e+00
9.930000e-06	-1.268292e-02	9.888958e-01
9.940000e-06	-1.134893e-02	6.946328e-01
9.950000e-06	-1.082060e-02	4.304773e-01
9.960000e-06	-1.028550e-02	1.647155e-01
9.970000e-06	-6.033770e-03	-1.384201e-01
9.980000e-06	5.396121e-03	-4.116254e-01
9.990000e-06	-5.926519e-04	-6.962383e-01
1.000000e-05	2.257836e-03	-9.084199e-01
1.001000e-05	-2.087196e-03	-1.192627e+00
1.002000e-05	1.346080e-03	-1.537321e+00
1.003000e-05	3.388698e-03	-1.736473e+00
1.004000e-05	2.952006e-02	-1.970478e+00
1.005000e-05	1.127373e-01	-2.251187e+00
1.006000e-05	3.252131e-02	-2.632659e+00
1.007000e-05	-4.060975e-02	-3.029237e+00
1.008000e-05	-1.589316e-02	-3.307875e+00
1.009000e-05	-4.088883e-02	-3.546924e+00
1.010000e-05	-7.912114e-02	-3.800901e+00
1.011000e-05	1.879308e-02	-3.989475e+00
1.012000e-05	1.040625e-01	-4.179481e+00
1.013000e-05	-1.207819e-01	-4.474741e+00
1.014000e-05	1.707986e-01	-4.728451e+00
1.015000e-05	-6.590440e-02	-5.010134e+00
1.016000e-05	1.049856e-02	-5.418477e+00
1.017000e-05	4.521156e-02	-5.620612e+00
1.018000e-05	-1.194280e-01	-5.914876e+00
1.019000e-05	1.557910e-01	-6.154379e+00
1.020000e-05	-6.574107e-02	-6.431639e+00
1.021000e-05	7.292552e-02	-6.735350e+00
1.022000e-05	7.872798e-03	-6.977034e+00
1.023000e-05	-4.033361e-02	-7.250770e+00
1.024000e-05	8.272636e-02	-7.523777e+00
1.025000e-05	-7.535120e-02	-7.800037e+00
1.026000e-05	1.144325e-01	-8.071743e+00
1.027000e-05	-4.030728e-02	-8.270822e+00
1.028000e-05	5.251505e-02	-8.494405e+00
1.029000e-05	3.414490e-02	-8.747108e+00
1.030000e-05	-4.645375e-02	-9.008742e+00
1.031000e-05	7.041202e-02	-9.251570e+00
1.032000e-05	-4.113547e-02	-9.463300e+00
1.033000e-05	1.027730e-01	-9.724325e+00
1.034000e-05	-2.546840e-02	-9.883876e+00
1.035000e-05	6.292727e-02	-1.012446e+01
1.036000e-05	-4.936442e-03	-1.033598e+01
1.037000e-05	3.019006e-02	-1.059551e+01
1.038000e-05	3.459558e-02	-1.076588e+01
1.039000e-05	-9.171957e-04	-1.096599e+01
1.040000e-05	5.759735e-02	-1.115506e+01
1.041000e-05	-1.496244e-03	-1.142654e+01
1.042000e-05	6.965187e-02	-1.162554e+01
1.043000e-05	-4.977173e-03	-1.181765e+01
1.044000e-05	5.451900e-02	-1.202722e+01
1.045000e-05	1.058231e-02	-1.219649e+01
1.046000e-05	5.870626e-02	-1.239589e+01
1.047000e-05	2.419646e-02	-1.251291e+01
1.048000e-05	3.610722e-02	-1.270340e+01
1.049000e-05	3.168534e-02	-1.288075e+01
1.050000e-05	3.788942e-02	-1.299810e+01
1.051000e-05	4.897292e-02	-1.315549e+01
1.052000e-05	3.429721e-02	-1.330285e+01
1.053000e-05	5.211802e-02	-1.345867e+01
1.054000e-05	3.777194e-02	-1.359799e+01
1.055000e-05	5.875194e-02	-1.379546e+01
1.056000e-05	3.648948e-02	-1.387028e+01
1.057000e-05	4.966694e-02	-1.401557e+01
1.058000e-05	4.237567e-02	-1.409294e+01
1.059000e-05	6.226018e-02	-1.425815e+01
1.060000e-05	5.347617e-02	-1.434542e+01
1.061000e-05	5.804714e-02	-1.445873e+01
1.062000e-05	5.474600e-02	-1.456446e+01
1.063000e-05	6.419704e-02	-1.465867e+01
1.064000e-05	6.586249e-02	-1.477244e+01
1.065000e-05	6.501928e-02	-1.480714e+01
1.066000e-05	6.645091e-02	-1.487081e+01
1.067000e-05	6.891946e-02	-1.496344e+01
1.068000e-05	7.606217e-02	-1.500910e+01
1.069000e-05	7.169256e-02	-1.505926e+01
1.070000e-05	7.687774e-02	-1.514386e+01
1.071000e-05	7.885064e-02	-1.518649e+01
1.072000e-05	9.120760e-02	-1.524772e+01
1.073000e-05	8.943439e-02	-1.522925e+01
1.074000e-05	9.234958e-02	-1.529181e+01
1.075000e-05	9.201237e-02	-1.532289e+01
1.076000e-05	9.837612e-02	-1.534538e+01
1.077000e-05	1.045356e-01	-1.540497e+01
1.078000e-05	1.070798e-01	-1.539649e+01
1.079000e-05	1.126130e-01	-1.535652e+01
1.080000e-05	1.175647e-01	-1.541605e+01
1.081000e-05	1.280765e-01	-1.534489e+01
1.082000e-05	1.318552e-01	-1.538489e+01
1.083000e-05	1.386815e-01	-1.535339e+01
1.084000e-05	1.461783e-01	-1.534341e+01
1.085000e-05	1.629589e-01	-1.530083e+01
1.086000e-05	1.788686e-01	-1.529130e+01
1.087000e-05	1.969867e-01	-1.522607e+01
1.088000e-05	2.213522e-01	-1.519544e+01
1.089000e-05	2.445535e-01	-1.512386e+01
1.090000e-05	2.500000e-01	-1.509013e+01
1.091000e-05	2.500000e-01	-1.500797e+01
1.092000e-05	2.500000e-01	-1.493088e+01
1.093000e-05	2.500000e-01	-1.487025e+01
1.094000e-05	2.500000e-01	-1.481610e+01
1.095000e-05	2.500000e-01	-1.473384e+01
1.096000e-05	2.397994e-01	-1.464062e+01
1.097000e-05	2.104653e-01	-1.455391e+01
1.098000e-05	1.848668e-01	-1.442565e+01
1.099000e-05	1.644633e-01	-1.433281e+01
1.100000e-05	1.440129e-01	-1.429810e+01
1.101000e-05	1.269804e-01	-1.413181e+01
1.102000e-05	1.141395e-01	-1.401492e+01
1.103000e-05	1.039741e-01	-1.387965e+01
1.104000e-05	9.328842e-02	-1.370133e+01
1.105000e-05	8.399488e-02	-1.360509e+01
1.106000e-05	7.604248e-02	-1.345910e+01
1.107000e-05	7.267247e-02	-1.328125e+01
1.108000e-05	6.702832e-02	-1.318451e+01
1.109000e-05	6.225433e-02	-1.303804e+01
1.110000e-05	5.477844e-02	-1.289017e+01
1.111000e-05	5.237423e-02	-1.269175e+01
1.112000e-05	4.983276e-02	-1.255283e+01
1.113000e-05	4.582930e-02	-1.238556e+01
1.114000e-05	4.105938e-02	-1.222539e+01
1.115000e-05	3.959878e-02	-1.202649e+01
1.116000e-05	3.614268e-02	-1.181656e+01
1.117000e-05	3.592283e-02	-1.162707e+01
1.118000e-05	3.090399e-02	-1.142449e+01
1.119000e-05	3.077932e-02	-1.119746e+01
1.120000e-05	3.006471e-02	-1.098606e+01
1.121000e-05	2.934463e-02	-1.079449e+01
1.122000e-05	2.692709e-02	-1.059736e+01
1.123000e-05	2.171314e-02	-1.042343e+01
1.124000e-05	2.041498e-02	-1.011443e+01
1.125000e-05	1.973621e-02	-9.943853e+00
1.126000e-05	1.841406e-02	-9.743827e+00
1.127000e-05	2.133127e-02	-9.523201e+00
1.128000e-05	1.727604e-02	-9.290672e+00
1.129000e-05	2.005585e-02	-9.050565e+00
1.130000e-05	1.616435e-02	-8.818539e+00
1.131000e-05	1.446509e-02	-8.576431e+00
1.132000e-05	9.879306e-03	-8.333326e+00
1.133000e-05	1.021042e-02	-8.123247e+00
1.134000e-05	1.118486e-02	-7.879596e+00
1.135000e-05	1.053262e-02	-7.604555e+00
1.136000e-05	1.055454e-02	-7.322848e+00
1.137000e-05	8.810675e-03	-7.091093e+00
1.138000e-05	8.078320e-03	-6.818558e+00
1.139000e-05	7.177691e-03	-6.555874e+00
1.140000e-05	4.909456e-03	-6.332694e+00
1.141000e-05	4.232140e-03	-6.040112e+00
1.142000e-05	2.729837e-03	-5.763852e+00
1.143000e-05	4.615390e-03	-5.462240e+00
1.144000e-05	2.603075e-03	-5.208005e+00
1.145000e-05	1.454325e-03	-4.870718e+00
1.146000e-05	1.394481e-03	-4.576426e+00
1.147000e-05	2.187648e-03	-4.346374e+00
1.148000e-05	2.057657e-03	-4.094694e+00
1.149000e-05	-1.533509e-03	-3.849003e+00
1.150000e-05	-1.965023e-03	-3.554273e+00
1.151000e-05	-4.181191e-03	-3.283160e+00
1.152000e-05	-2.346581e-03	-2.958897e+00
1.153000e-05	-5.131713e-03	-2.694692e+00
1.154000e-05	-3.115932e-03	-2.451159e+00
1.155000e-05	-3.796290e-03	-2.155268e+00
1.156000e-05	-2.248984e-03	-1.883160e+00
1.157000e-05	-5.075759e-03	-1.577501e+00
1.158000e-05	-4.885878e-03	-1.251482e+00
1.159000e-05	-7.769718e-03	-9.573471e-01
1.160000e-05	-7.020481e-03	-7.036802e-01
1.161000e-05	-6.519318e-03	-3.869434e-01
1.162000e-05	-5.477448e-03	-9.573565e-02
1.163000e-05	2.129661e-03	1.798934e-01
1.164000e-05	5.273155e-03	4.126555e-01
1.165000e-05	1.192258e-03	7.062379e-01
1.166000e-05	3.356468e-03	9.393674e-01
1.167000e-05	-1.676096e-03	1.273236e+00
1.168000e-05	1.099902e-03	1.528847e+00
1.169000e-05	7.653228e-04	1.831605e+00
1.170000e-05	2.001315e-02	2.062582e+00
1.171000e-05	8.093219e-02	2.315266e+00
1.172000e-05	6.029799e-02	2.632163e+00
1.173000e-05	-5.017370e-02	2.946376e+00
1.174000e-05	-2.940204e-02	3.260060e+00
1.175000e-05	-3.601162e-02	3.526895e+00
1.176000e-05	-4.239910e-02	3.778979e+00
1.177000e-05	-8.107657e-02	3.939001e+00
1.178000e-05	4.785236e-02	4.239607e+00
1.179000e-05	3.152187e-02	4.515851e+00
1.180000e-05	-6.786804e-02	4.749451e+00
1.181000e-05	1.403256e-01	5.043266e+00
1.182000e-05	-9.401982e-02	5.410058e+00
1.183000e-05	9.672637e-03	5.650613e+00
1.184000e-05	-8.767678e-03	5.907929e+00
1.185000e-05	-1.861088e-02	6.186979e+00
1.186000e-05	4.921501e-02	6.470644e+00
1.187000e-05	-6.087361e-02	6.755881e+00
1.188000e-05	2.187882e-02	7.008381e+00
1.189000e-05	-3.545032e-02	7.252597e+00
1.190000e-05	1.467482e-03	7.535951e+00
1.191000e-05	-2.869716e-02	7.798014e+00
1.192000e-05	-2.237772e-02	8.083247e+00
1.193000e-05	3.352252e-02	8.325372e+00
1.194000e-05	-2.953111e-02	8.535879e+00
1.195000e-05	7.440418e-03	8.734881e+00
1.196000e-05	-4.160864e-02	8.987561e+00
1.197000e-05	-3.319651e-02	9.219592e+00
1.198000e-05	5.703682e-04	9.461168e+00
1.199000e-05	-1.630427e-02	9.700672e+00
1.200000e-05	-1.114596e-02	9.946301e+00
1.201000e-05	-3.282683e-02	1.014435e+01
1.202000e-05	1.703809e-03	1.035588e+01
1.203000e-05	-2.670235e-02	1.051293e+01
1.204000e-05	-2.428300e-02	1.073648e+01
1.205000e-05	-3.594572e-02	1.094444e+01
1.206000e-05	-2.540549e-02	1.117741e+01
1.207000e-05	-1.253959e-02	1.138749e+01
1.208000e-05	-3.053198e-02	1.154591e+01
1.209000e-05	-3.280621e-02	1.175899e+01
1.210000e-05	-3.973383e-02	1.198702e+01
1.211000e-05	-1.927078e-02	1.216493e+01
1.212000e-05	-2.816745e-02	1.235483e+01
1.213000e-05	-3.368687e-02	1.252985e+01
1.214000e-05	-4.475428e-02	1.266970e+01
1.215000e-05	-3.426086e-02	1.283807e+01
1.216000e-05	-3.293659e-02	1.293597e+01
1.217000e-05	-4.259693e-02	1.312341e+01
1.218000e-05	-4.918021e-02	1.330223e+01
1.219000e-05	-4.209092e-02	1.339856e+01
1.220000e-05	-3.502854e-02	1.358498e+01
1.221000e-05	-4.380708e-02	1.367133e+01
1.222000e-05	-5.604133e-02	1.382762e+01
1.223000e-05	-5.635585e-02	1.401539e+01
1.224000e-05	-4.934262e-02	1.409983e+01
1.225000e-05	-4.933191e-02	1.422862e+01
1.226000e-05	-5.923275e-02	1.435436e+01
1.227000e-05	-6.604855e-02	1.447865e+01
1.228000e-05	-6.002342e-02	1.456288e+01
1.229000e-05	-5.801080e-02	1.460022e+01
1.230000e-05	-6.418724e-02	1.473276e+01
1.231000e-05	-7.341708e-02	1.479602e+01
1.232000e-05	-7.160676e-02	1.484975e+01
1.233000e-05	-6.894249e-02	1.492286e+01
1.234000e-05	-7.469790e-02	1.500551e+01
1.235000e-05	-8.684242e-02	1.503807e+01
1.236000e-05	-9.235406e-02	1.511140e+01
1.237000e-05	-8.727509e-02	1.515241e+01
1.238000e-05	-8.592514e-02	1.519597e+01
1.239000e-05	-9.345742e-02	1.521710e+01
1.240000e-05	-1.013013e-01	1.524675e+01
1.241000e-05	-1.001747e-01	1.527920e+01
1.242000e-05	-1.016455e-01	1.529781e+01
1.243000e-05	-1.097698e-01	1.534185e+01
1.244000e-05	-1.213919e-01	1.530189e+01
1.245000e-05	-1.253613e-01	1.534231e+01
1.246000e-05	-1.252701e-01	1.530333e+01
1.247000e-05	-1.292722e-01	1.532136e+01
1.248000e-05	-1.434224e-01	1.530128e+01
1.249000e-05	-1.543726e-01	1.527178e+01
1.250000e-05	-1.594883e-01	1.524968e+01
1.251000e-05	-1.700157e-01	1.521710e+01
1.252000e-05	-1.908037e-01	1.521660e+01
1.253000e-05	-2.186567e-01	1.517489e+01
1.254000e-05	-2.411096e-01	1.510439e+01
1.255000e-05	-2.494900e-01	1.504071e+01
1.256000e-05	-2.500000e-01	1.501712e+01
1.257000e-05	-2.500000e-01	1.495443e+01
1.258000e-05	-2.500000e-01	1.485073e+01
1.259000e-05	-2.500000e-01	1.480762e+01
1.260000e-05	-2.500000e-01	1.476236e+01
1.261000e-05	-2.500000e-01	1.462763e+01
1.262000e-05	-2.405858e-01	1.458394e+01
1.263000e-05	-2.117711e-01	1.447160e+01
1.264000e-05	-1.819525e-01	1.433294e+01
1.265000e-05	-1.624044e-01	1.426665e+01
1.266000e-05	-1.487023e-01	1.413988e+01
1.267000e-05	-1.344133e-01	1.402600e+01
1.268000e-05	-1.178202e-01	1.388168e+01
1.269000e-05	-1.059723e-01	1.374336e+01
1.270000e-05	-1.019967e-01	1.362612e+01
1.271000e-05	-9.546549e-02	1.352075e+01
1.272000e-05	-8.680634e-02	1.335581e+01
1.273000e-05	-7.660198e-02	1.321549e+01
1.274000e-05	-7.394251e-02	1.307047e+01
1.275000e-05	-7.338695e-02	1.292075e+01
1.276000e-05	-6.946149e-02	1.272493e+01
1.277000e-05	-6.125032e-02	1.259744e+01
1.278000e-05	-5.783692e-02	1.246865e+01
1.279000e-05	-5.643602e-02	1.224862e+01
1.280000e-05	-5.511559e-02	1.210018e+01
1.281000e-05	-5.089998e-02	1.189130e+01
1.282000e-05	-4.626261e-02	1.174128e+01
1.283000e-05	-4.740609e-02	1.151073e+01
1.284000e-05	-4.848911e-02	1.127975e+01
1.285000e-05	-4.659658e-02	1.107024e+01
1.286000e-05	-3.932827e-02	1.088170e+01
1.287000e-05	-3.724918e-02	1.068169e+01
1.288000e-05	-3.915870e-02	1.049123e+01
1.289000e-05	-3.978094e-02	1.029015e+01
1.290000e-05	-3.472285e-02	1.007117e+01
1.291000e-05	-3.312037e-02	9.828040e+00
1.292000e-05	-3.533802e-02	9.598514e+00
1.293000e-05	-3.650794e-02	9.415511e+00
1.294000e-05	-3.294318e-02	9.195882e+00
1.295000e-05	-2.699918e-02	8.923299e+00
1.296000e-05	-2.668416e-02	8.701722e+00
1.297000e-05	-2.976703e-02	8.479216e+00
1.298000e-05	-2.956222e-02	8.228511e+00
1.299000e-05	-2.774553e-02	7.955406e+00
1.300000e-05	-2.600010e-02	7.715328e+00
1.301000e-05	-2.868727e-02	7.511644e+00
1.302000e-05	-2.670098e-02	7.207034e+00
1.303000e-05	-2.269242e-02	6.964325e+00
1.304000e-05	-1.891550e-02	6.692668e+00
1.305000e-05	-2.150852e-02	6.409531e+00
1.306000e-05	-2.429938e-02	6.176400e+00
1.307000e-05	-2.355540e-02	5.902752e+00
1.308000e-05	-2.181557e-02	5.631112e+00
1.309000e-05	-2.049047e-02	5.406351e+00
1.310000e-05	-2.209526e-02	5.051663e+00
1.311000e-05	-2.007604e-02	4.755896e+00
1.312000e-05	-1.665005e-02	4.503267e+00
1.313000e-05	-1.611936e-02	4.259482e+00
1.314000e-05	-1.801933e-02	3.914246e+00
1.315000e-05	-1.921243e-02	3.684608e+00
1.316000e-05	-1.726395e-02	3.419450e+00
1.317000e-05	-1.615068e-02	3.123141e+00
1.318000e-05	-1.584507e-02	2.810630e+00
1.319000e-05	-1.753963e-02	2.547872e+00
1.320000e-05	-1.442088e-02	2.270106e+00
1.321000e-05	-1.332868e-02	1.988925e+00
1.322000e-05	-1.113887e-02	1.706240e+00
1.323000e-05	-1.396140e-02	1.419552e+00
1.324000e-05	-1.292884e-02	1.103640e+00
1.325000e-05	-1.226466e-02	7.788985e-01
1.326000e-05	-1.017922e-02	5.242380e-01
1.327000e-05	-1.019986e-02	2.404737e-01
1.328000e-05	-8.490549e-03	-3.217809e-02
1.329000e-05	1.731171e-03	-2.753634e-01
1.330000e-05	1.747722e-03	-5.616026e-01
1.331000e-05	6.753735e-04	-8.831368e-01
1.332000e-05	5.268884e-04	-1.136768e+00
1.333000e-05	-2.655359e-04	-1.432536e+00
1.334000e-05	7.135053e-04	-1.684263e+00
1.335000e-05	1.616870e-02	-1.927765e+00
1.336000e-05	8.104101e-02	-2.144825e+00
1.337000e-05	9.041072e-02	-2.494692e+00
1.338000e-05	-4.631925e-02	-2.864742e+00
1.339000e-05	-7.848240e-03	-3.274212e+00
1.340000e-05	-4.114510e-02	-3.482841e+00
1.341000e-05	-5.032955e-02	-3.713816e+00
1.342000e-05	-6.418642e-02	-3.914920e+00
1.343000e-05	1.465546e-01	-4.093814e+00
1.344000e-05	-9.914225e-02	-4.348025e+00
1.345000e-05	6.166704e-02	-4.614817e+00
1.346000e-05	5.895529e-02	-4.883342e+00
1.347000e-05	-1.101121e-01	-5.283671e+00
1.348000e-05	1.298106e-01	-5.545422e+00
1.349000e-05	-1.405451e-01	-5.800085e+00
1.350000e-05	9.233291e-02	-6.072693e+00
1.351000e-05	2.425785e-02	-6.284922e+00
1.352000e-05	-2.413592e-02	-6.660162e+00
1.353000e-05	9.716655e-02	-6.870671e+00
1.354000e-05	-9.088267e-02	-7.170434e+00
1.355000e-05	9.337219e-02	-7.382588e+00
1.356000e-05	-5.253862e-02	-7.712318e+00
1.357000e-05	4.847061e-02	-7.989035e+00
1.358000e-05	4.284240e-02	-8.157609e+00
1.359000e-05	-3.208209e-02	-8.432093e+00
1.360000e-05	1.065131e-01	-8.690278e+00
1.361000e-05	-7.690121e-02	-8.915454e+00
1.362000e-05	7.124729e-02	-9.157431e+00
1.363000e-05	-2.995019e-02	-9.344510e+00
1.364000e-05	6.268890e-02	-9.619191e+00
1.365000e-05	2.604504e-02	-9.820214e+00
1.366000e-05	1.041900e-02	-1.006017e+01
1.367000e-05	4.987142e-02	-1.027970e+01
1.368000e-05	-1.847591e-02	-1.050435e+01
1.369000e-05	7.106568e-02	-1.070230e+01
1.370000e-05	-2.201584e-02	-1.089328e+01
1.371000e-05	6.509581e-02	-1.108231e+01
1.372000e-05	-1.287271e-03	-1.134291e+01
1.373000e-05	5.793058e-02	-1.156433e+01
1.374000e-05	1.553406e-02	-1.175339e+01
1.375000e-05	3.095888e-02	-1.190396e+01
1.376000e-05	3.234204e-02	-1.211288e+01
1.377000e-05	3.343968e-02	-1.232475e+01
1.378000e-05	5.172656e-02	-1.248173e+01
1.379000e-05	1.706336e-02	-1.260917e+01
1.380000e-05	4.680671e-02	-1.280762e+01
1.381000e-05	2.111997e-02	-1.295643e+01
1.382000e-05	5.728691e-02	-1.311283e+01
1.383000e-05	2.765666e-02	-1.327015e+01
1.384000e-05	5.505796e-02	-1.340599e+01
1.385000e-05	3.607314e-02	-1.351281e+01
1.386000e-05	5.630054e-02	-1.367088e+01
1.387000e-05	4.084973e-02	-1.381795e+01
1.388000e-05	4.502799e-02	-1.395397e+01
1.389000e-05	4.382512e-02	-1.404036e+01
1.390000e-05	5.475335e-02	-1.418605e+01
1.391000e-05	6.011340e-02	-1.435335e+01
1.392000e-05	5.511331e-02	-1.439559e+01
1.393000e-05	5.731425e-02	-1.448188e+01
1.394000e-05	5.683844e-02	-1.462850e+01
1.395000e-05	6.830624e-02	-1.470226e+01
1.396000e-05	6.252398e-02	-1.479597e+01
1.397000e-05	6.959068e-02	-1.488066e+01
1.398000e-05	6.535715e-02	-1.492199e+01
1.399000e-05	7.660655e-02	-1.500805e+01
1.400000e-05	7.180709e-02	-1.511923e+01
1.401000e-05	7.613309e-02	-1.512174e+01
1.402000e-05	7.506085e-02	-1.517396e+01
1.403000e-05	8.659178e-02	-1.521812e+01
1.404000e-05	9.133434e-02	-1.529775e+01
1.405000e-05	9.241375e-02	-1.528183e+01
1.406000e-05	9.298409e-02	-1.530136e+01
1.407000e-05	9.438445e-02	-1.536302e+01
1.408000e-05	1.032396e-01	-1.537441e+01
1.409000e-05	1.053354e-01	-1.538751e+01
1.410000e-05	1.114735e-01	-1.539644e+01
1.411000e-05	1.145797e-01	-1.542607e+01
1.412000e-05	1.252583e-01	-1.535554e+01
1.413000e-05	1.297055e-01	-1.538497e+01
1.414000e-05	1.354038e-01	-1.532341e+01
1.415000e-05	1.414635e-01	-1.531993e+01
1.416000e-05	1.555118e-01	-1.532081e+01
1.417000e-05	1.733198e-01	-1.528080e+01
1.418000e-05	1.906246e-01	-1.524714e+01
1.419000e-05	2.120755e-01	-1.517545e+01
1.420000e-05	2.381942e-01	-1.519436e+01
1.421000e-05	2.497000e-01	-1.509128e+01
1.422000e-05	2.500000e-01	-1.503105e+01
1.423000e-05	2.500000e-01	-1.497592e+01
1.424000e-05	2.500000e-01	-1.489133e+01
1.425000e-05	2.500000e-01	-1.480670e+01
1.426000e-05	2.500000e-01	-1.478291e+01
1.427000e-05	2.466900e-01	-1.468120e+01
1.428000e-05	2.220313e-01	-1.460441e+01
1.429000e-05	1.937599e-01	-1.446880e+01
1.430000e-05	1.713364e-01	-1.440497e+01
1.431000e-05	1.511847e-01	-1.431078e+01
1.432000e-05	1.328475e-01	-1.413544e+01
1.433000e-05	1.180363e-01	-1.405665e+01
1.434000e-05	1.078797e-01	-1.392237e+01
1.435000e-05	9.597888e-02	-1.380534e+01
1.436000e-05	8.587077e-02	-1.360762e+01
1.437000e-05	7.857914e-02	-1.357175e+01
1.438000e-05	7.518730e-02	-1.339443e+01
1.439000e-05	7.072825e-02	-1.322710e+01
1.440000e-05	6.319838e-02	-1.310017e+01
1.441000e-05	5.626264e-02	-1.292281e+01
1.442000e-05	5.261740e-02	-1.277393e+01
1.443000e-05	5.107895e-02	-1.258699e+01
1.444000e-05	4.807673e-02	-1.243767e+01
1.445000e-05	4.296616e-02	-1.226067e+01
1.446000e-05	4.085789e-02	-1.209927e+01
1.447000e-05	3.841982e-02	-1.193215e+01
1.448000e-05	3.663162e-02	-1.172123e+01
1.449000e-05	3.222187e-02	-1.146862e+01
1.450000e-05	2.965383e-02	-1.128110e+01
1.451000e-05	2.910157e-02	-1.105972e+01
1.452000e-05	2.930839e-02	-1.084924e+01
1.453000e-05	2.807865e-02	-1.070067e+01
1.454000e-05	2.482174e-02	-1.045167e+01
1.455000e-05	2.212762e-02	-1.026817e+01
1.456000e-05	2.137546e-02	-9.987613e+00
1.457000e-05	2.122612e-02	-9.829960e+00
1.458000e-05	1.897702e-02	-9.606036e+00
1.459000e-05	1.669694e-02	-9.364457e+00
1.460000e-05	1.665264e-02	-9.102826e+00
1.461000e-05	1.600955e-02	-8.933251e+00
1.462000e-05	1.422343e-02	-8.671622e+00
1.463000e-05	1.163577e-02	-8.418637e+00
1.464000e-05	1.206711e-02	-8.208457e+00
1.465000e-05	1.205928e-02	-7.973905e+00
1.466000e-05	1.228830e-02	-7.670740e+00
1.467000e-05	1.003590e-02	-7.429113e+00
1.468000e-05	8.155804e-03	-7.173353e+00
1.469000e-05	6.053389e-03	-6.902822e+00
1.470000e-05	6.147955e-03	-6.650565e+00
1.471000e-05	5.126791e-03	-6.407006e+00
1.472000e-05	4.888702e-03	-6.135796e+00
1.473000e-05	4.078222e-03	-5.900010e+00
1.474000e-05	5.828190e-03	-5.619032e+00
1.475000e-05	3.922708e-03	-5.294717e+00
1.476000e-05	1.814735e-03	-5.039958e+00
1.477000e-05	-3.154344e-04	-4.684240e+00
1.478000e-05	1.106398e-03	-4.442030e+00
1.479000e-05	6.442789e-04	-4.188507e+00
1.480000e-05	-2.582611e-04	-3.943826e+00
1.481000e-05	-2.512716e-03	-3.658108e+00
1.482000e-05	-2.525867e-03	-3.396975e+00
1.483000e-05	-2.208595e-03	-3.093187e+00
1.484000e-05	-1.696552e-03	-2.787352e+00
1.485000e-05	-3.931335e-03	-2.536320e+00
1.486000e-05	-3.438124e-03	-2.250609e+00
1.487000e-05	-3.299208e-03	-2.006346e+00
1.488000e-05	-3.547464e-03	-1.692210e+00
1.489000e-05	-6.595148e-03	-1.370371e+00
1.490000e-05	-8.463087e-03	-1.012660e+00
1.491000e-05	-6.637465e-03	-8.279484e-01
1.492000e-05	-6.850958e-03	-4.832327e-01
1.493000e-05	-4.870347e-03	-2.210012e-01
1.494000e-05	-3.152633e-03	7.310289e-02
1.495000e-05	8.749622e-03	3.494199e-01
1.496000e-05	-7.037259e-04	6.190265e-01
1.497000e-05	4.579349e-03	8.222054e-01
1.498000e-05	-3.156627e-03	1.137395e+00
1.499000e-05	5.953885e-04	1.409602e+00
1.500000e-05	-2.348697e-03	1.738968e+00
1.501000e-05	1.339717e-02	1.927970e+00
1.502000e-05	5.092619e-02	2.159503e+00
1.503000e-05	9.690522e-02	2.505372e+00
1.504000e-05	-2.806716e-02	2.843159e+00
1.505000e-05	-3.582783e-02	3.128949e+00
1.506000e-05	-3.739513e-02	3.411108e+00
1.507000e-05	-2.970750e-02	3.704348e+00
1.508000e-05	-7.764054e-02	3.915738e+00
1.509000e-05	-1.420948e-02	4.064791e+00
1.510000e-05	8.811736e-02	4.402082e+00
1.511000e-05	-9.052143e-02	4.693192e+00
1.512000e-05	1.025256e-01	4.923299e+00
1.513000e-05	-2.917643e-03	5.283795e+00
1.514000e-05	-6.745755e-02	5.537401e+00
1.515000e-05	3.876584e-02	5.821686e+00
1.516000e-05	-5.636227e-02	6.073245e+00
1.517000e-05	5.458045e-02	6.344850e+00
1.518000e-05	-3.478216e-02	6.641635e+00
1.519000e-05	-1.028446e-02	6.884249e+00
1.520000e-05	3.098453e-03	7.095855e+00
1.521000e-05	-2.877029e-02	7.430090e+00
1.522000e-05	5.792908e-03	7.713767e+00
1.523000e-05	-5.407950e-02	7.977584e+00
1.524000e-05	3.366356e-02	8.241637e+00
1.525000e-05	-1.649122e-02	8.471664e+00
1.526000e-05	-9.809677e-03	8.642241e+00
1.527000e-05	-8.451242e-03	8.912250e+00
1.528000e-05	-5.982943e-02	9.116431e+00
1.529000e-05	9.536609e-03	9.356955e+00
1.530000e-05	-2.457291e-02	9.597591e+00
1.531000e-05	3.466784e-03	9.817614e+00
1.532000e-05	-3.727970e-02	1.005120e+01
1.533000e-05	-3.359148e-03	1.024072e+01
1.534000e-05	-1.592631e-02	1.048222e+01
1.535000e-05	-3.194517e-02	1.067177e+01
1.536000e-05	-2.788974e-02	1.091225e+01
1.537000e-05	-4.148145e-02	1.108230e+01
1.538000e-05	-5.985086e-03	1.130133e+01
1.539000e-05	-3.113848e-02	1.149378e+01
1.540000e-05	-2.218261e-02	1.172390e+01
1.541000e-05	-4.343090e-02	1.189184e+01
1.542000e-05	-1.945945e-02	1.209127e+01
1.543000e-05	-2.652465e-02	1.227068e+01
1.544000e-05	-3.242361e-02	1.244064e+01
1.545000e-05	-4.453206e-02	1.259806e+01
1.546000e-05	-4.135509e-02	1.275603e+01
1.547000e-05	-2.893385e-02	1.289231e+01
1.548000e-05	-4.055246e-02	1.306970e+01
1.549000e-05	-4.183622e-02	1.322857e+01
1.550000e-05	-4.724243e-02	1.335539e+01
1.551000e-05	-3.192733e-02	1.351174e+01
1.552000e-05	-4.200370e-02	1.360875e+01
1.553000e-05	-5.155968e-02	1.378599e+01
1.554000e-05	-6.208864e-02	1.389925e+01
1.555000e-05	-5.279907e-02	1.404070e+01
1.556000e-05	-4.959571e-02	1.418402e+01
1.557000e-05	-5.502986e-02	1.428834e+01
1.558000e-05	-6.162920e-02	1.441762e+01
1.559000e-05	-6.147803e-02	1.449073e+01
1.560000e-05	-5.554818e-02	1.459704e+01
1.561000e-05	-6.234780e-02	1.469072e+01
1.562000e-05	-6.979566e-02	1.477791e+01
1.563000e-05	-7.568333e-02	1.483860e+01
1.564000e-05	-7.125002e-02	1.486173e+01
1.565000e-05	-7.261435e-02	1.497391e+01
1.566000e-05	-8.149327e-02	1.502704e+01
1.567000e-05	-9.021122e-02	1.507918e+01
1.568000e-05	-8.799211e-02	1.512333e+01
1.569000e-05	-8.355399e-02	1.518399e+01
1.570000e-05	-8.915819e-02	1.521557e+01
1.571000e-05	-9.818910e-02	1.523768e+01
1.572000e-05	-1.035552e-01	1.523926e+01
1.573000e-05	-1.021131e-01	1.527918e+01
1.574000e-05	-1.073955e-01	1.529128e+01
1.575000e-05	-1.175552e-01	1.532333e+01
1.576000e-05	-1.234760e-01	1.533286e+01
1.577000e-05	-1.235286e-01	1.532278e+01
1.578000e-05	-1.252667e-01	1.530078e+01
1.579000e-05	-1.371643e-01	1.530176e+01
1.580000e-05	-1.495937e-01	1.527921e+01
1.581000e-05	-1.594008e-01	1.527973e+01
1.582000e-05	-1.671010e-01	1.525762e+01
1.583000e-05	-1.832987e-01	1.524520e+01
1.584000e-05	-2.080164e-01	1.518341e+01
1.585000e-05	-2.340301e-01	1.514239e+01
1.586000e-05	-2.483588e-01	1.505978e+01
1.587000e-05	-2.500000e-01	1.504809e+01
1.588000e-05	-2.500000e-01	1.499441e+01
1.589000e-05	-2.500000e-01	1.491281e+01
1.590000e-05	-2.500000e-01	1.486765e+01
1.591000e-05	-2.500000e-01	1.475494e+01
1.592000e-05	-2.500000e-01	1.469167e+01
1.593000e-05	-2.465204e-01	1.458649e+01
1.594000e-05	-2.228694e-01	1.453081e+01
1.595000e-05	-1.913760e-01	1.440597e+01
1.596000e-05	-1.686020e-01	1.429088e+01
1.597000e-05	-1.521442e-01	1.417341e+01
1.598000e-05	-1.395879e-01	1.407876e+01
1.599000e-05	-1.233903e-01	1.394330e+01
1.600000e-05	-1.099609e-01	1.380649e+01
1.601000e-05	-1.021728e-01	1.365628e+01
1.602000e-05	-9.781935e-02	1.353283e+01
1.603000e-05	-8.952824e-02	1.341549e+01
1.604000e-05	-8.016794e-02	1.326972e+01
1.605000e-05	-7.514442e-02	1.311175e+01
1.606000e-05	-7.302430e-02	1.291386e+01
1.607000e-05	-7.009208e-02	1.278809e+01
1.608000e-05	-6.305660e-02	1.265959e+01
1.609000e-05	-5.926841e-02	1.248127e+01
1.610000e-05	-5.773796e-02	1.237323e+01
1.611000e-05	-5.757735e-02	1.213386e+01
1.612000e-05	-5.155870e-02	1.198383e+01
1.613000e-05	-4.742978e-02	1.179536e+01
1.614000e-05	-4.675932e-02	1.158444e+01
1.615000e-05	-4.833561e-02	1.135394e+01
1.616000e-05	-4.561040e-02	1.115538e+01
1.617000e-05	-4.060785e-02	1.099546e+01
1.618000e-05	-3.872785e-02	1.079398e+01
1.619000e-05	-4.023221e-02	1.053591e+01
1.620000e-05	-3.909838e-02	1.033335e+01
1.621000e-05	-3.545507e-02	1.012283e+01
1.622000e-05	-3.355825e-02	9.942747e+00
1.623000e-05	-3.353605e-02	9.693823e+00
1.624000e-05	-3.541407e-02	9.470192e+00
1.625000e-05	-3.254834e-02	9.248614e+00
1.626000e-05	-3.008916e-02	9.027414e+00
1.627000e-05	-2.853857e-02	8.784946e+00
1.628000e-05	-3.055656e-02	8.535301e+00
1.629000e-05	-2.936046e-02	8.312226e+00
1.630000e-05	-2.669269e-02	8.050673e+00
1.631000e-05	-2.547518e-02	7.818959e+00
1.632000e-05	-2.609082e-02	7.564377e+00
1.633000e-05	-2.684781e-02	7.311791e+00
1.634000e-05	-2.424815e-02	7.060007e+00
1.635000e-05	-2.339971e-02	6.785932e+00
1.636000e-05	-2.243190e-02	6.552244e+00
1.637000e-05	-2.393154e-02	6.281157e+00
1.638000e-05	-2.161591e-02	6.026534e+00
1.639000e-05	-2.138773e-02	5.783876e+00
1.640000e-05	-2.023975e-02	5.492634e+00
1.641000e-05	-2.086835e-02	5.215981e+00
1.642000e-05	-1.994049e-02	4.850610e+00
1.643000e-05	-1.950469e-02	4.597400e+00
1.644000e-05	-1.763241e-02	4.323693e+00
1.645000e-05	-1.882628e-02	4.040582e+00
1.646000e-05	-1.812318e-02	3.736947e+00
1.647000e-05	-1.780995e-02	3.524163e+00
1.648000e-05	-1.605506e-02	3.227452e+00
1.649000e-05	-1.544173e-02	2.945818e+00
1.650000e-05	-1.537695e-02	2.653108e+00
1.651000e-05	-1.600461e-02	2.394822e+00
1.652000e-05	-1.451951e-02	2.114659e+00
1.653000e-05	-1.393762e-02	1.860954e+00
1.654000e-05	-1.318414e-02	1.533836e+00
1.655000e-05	-1.371549e-02	1.221979e+00
1.656000e-05	-1.220169e-02	9.247604e-01
1.657000e-05	-1.064325e-02	6.099260e-01
1.658000e-05	-1.048086e-02	3.467694e-01
1.659000e-05	-9.509275e-03	1.115013e-02
1.660000e-05	-2.829963e-03	-2.011291e-01
1.661000e-05	4.387881e-03	-4.743107e-01
1.662000e-05	-2.141302e-03	-7.579703e-01
1.663000e-05	2.625786e-03	-1.010054e+00
1.664000e-05	-2.012192e-03	-1.315266e+00
1.665000e-05	1.535460e-03	-1.609954e+00
1.666000e-05	5.877593e-03	-1.791586e+00
1.667000e-05	4.703527e-02	-2.062587e+00
1.668000e-05	1.189211e-01	-2.357501e+00
1.669000e-05	-1.144317e-02	-2.717424e+00
1.670000e-05	-2.266816e-02	-3.105423e+00
1.671000e-05	-2.852117e-02	-3.411034e+00
1.672000e-05	-3.976880e-02	-3.590008e+00
1.673000e-05	-9.113267e-02	-3.830284e+00
1.674000e-05	9.061641e-02	-4.030109e+00
1.675000e-05	1.531139e-02	-4.262762e+00
1.676000e-05	-5.342824e-02	-4.578004e+00
1.677000e-05	1.755080e-01	-4.778008e+00
1.678000e-05	-1.276364e-01	-5.126359e+00
1.679000e-05	9.278998e-02	-5.441191e+00
1.680000e-05	-5.028810e-02	-5.694296e+00
1.681000e-05	-3.189254e-02	-6.009485e+00
1.682000e-05	1.286408e-01	-6.199515e+00
1.683000e-05	-8.230838e-02	-6.524854e+00
1.684000e-05	1.160371e-01	-6.766454e+00
1.685000e-05	-6.094041e-02	-7.000744e+00
1.686000e-05	2.807445e-02	-7.316431e+00
1.687000e-05	2.721169e-02	-7.545588e+00
1.688000e-05	-3.740240e-02	-7.883769e+00
1.689000e-05	1.102209e-01	-8.082825e+00
1.690000e-05	-6.500530e-02	-8.327938e+00
1.691000e-05	1.023957e-01	-8.609544e+00
1.692000e-05	-3.113085e-02	-8.891241e+00
1.693000e-05	7.558584e-03	-9.102322e+00
1.694000e-05	3.031455e-02	-9.332773e+00
1.695000e-05	-6.022866e-03	-9.536484e+00
1.696000e-05	8.780536e-02	-9.766909e+00
1.697000e-05	-3.001427e-02	-1.000894e+01
1.698000e-05	7.830779e-02	-1.017599e+01
1.699000e-05	-3.038439e-02	-1.045914e+01
1.700000e-05	6.447694e-02	-1.064017e+01
1.701000e-05	-2.088595e-03	-1.080909e+01
1.702000e-05	3.400217e-02	-1.102759e+01
1.703000e-05	3.056417e-02	-1.120812e+01
1.704000e-05	2.362239e-02	-1.142173e+01
1.705000e-05	5.129115e-02	-1.165817e+01
1.706000e-05	2.953363e-03	-1.188968e+01
1.707000e-05	5.167286e-02	-1.204972e+01
1.708000e-05	1.229128e-02	-1.221910e+01
1.709000e-05	6.466586e-02	-1.240907e+01
1.710000e-05	1.315107e-02	-1.257446e+01
1.711000e-05	4.630150e-02	-1.274296e+01
1.712000e-05	2.286626e-02	-1.292188e+01
1.713000e-05	5.118959e-02	-1.302020e+01
1.714000e-05	3.686294e-02	-1.320809e+01
1.715000e-05	4.404541e-02	-1.335394e+01
1.716000e-05	4.504649e-02	-1.348222e+01
1.717000e-05	4.554009e-02	-1.359062e+01
1.718000e-05	5.194302e-02	-1.376699e+01
1.719000e-05	3.767770e-02	-1.391336e+01
1.720000e-05	4.840773e-02	-1.398767e+01
1.721000e-05	4.655102e-02	-1.417542e+01
1.722000e-05	6.329873e-02	-1.430170e+01
1.723000e-05	5.299346e-02	-1.438452e+01
1.724000e-05	5.857085e-02	-1.452275e+01
1.725000e-05	5.376875e-02	-1.459602e+01
1.726000e-05	6.766847e-02	-1.466973e+01
1.727000e-05	6.354859e-02	-1.474502e+01
1.728000e-05	6.607845e-02	-1.484920e+01
1.729000e-05	6.547332e-02	-1.491281e+01
1.730000e-05	7.357604e-02	-1.495652e+01
1.731000e-05	7.462181e-02	-1.507815e+01
1.732000e-05	7.327721e-02	-1.513235e+01
1.733000e-05	7.609762e-02	-1.518279e+01
1.734000e-05	8.255233e-02	-1.520710e+01
1.735000e-05	9.170730e-02	-1.518717e+01
1.736000e-05	9.011938e-02	-1.523978e+01
1.737000e-05	9.183276e-02	-1.530025e+01
1.738000e-05	9.255196e-02	-1.532436e+01
1.739000e-05	1.012922e-01	-1.536591e+01
1.740000e-05	1.050976e-01	-1.540444e+01
1.741000e-05	1.080374e-01	-1.537649e+01
1.742000e-05	1.134108e-01	-1.539557e+01
1.743000e-05	1.218105e-01	-1.542744e+01
1.744000e-05	1.298266e-01	-1.536644e+01
1.745000e-05	1.321341e-01	-1.536496e+01
1.746000e-05	1.398186e-01	-1.532184e+01
1.747000e-05	1.506880e-01	-1.532233e+01
1.748000e-05	1.671943e-01	-1.530333e+01
1.749000e-05	1.832990e-01	-1.523868e+01
1.750000e-05	2.033912e-01	-1.520759e+01
1.751000e-05	2.299789e-01	-1.515501e+01
1.752000e-05	2.480492e-01	-1.514316e+01
1.753000e-05	2.500000e-01	-1.506815e+01
1.754000e-05	2.500000e-01	-1.500552e+01
1.755000e-05	2.500000e-01	-1.493184e+01
1.756000e-05	2.500000e-01	-1.486930e+01
1.757000e-05	2.500000e-01	-1.477499e+01
1.758000e-05	2.498000e-01	-1.471220e+01
1.759000e-05	2.335547e-01	-1.463804e+01
1.760000e-05	2.033018e-01	-1.447131e+01
1.761000e-05	1.783283e-01	-1.441812e+01
1.762000e-05	1.595659e-01	-1.430270e+01
1.763000e-05	1.391886e-01	-1.422799e+01
1.764000e-05	1.238817e-01	-1.407823e+01
1.765000e-05	1.111956e-01	-1.395454e+01
1.766000e-05	1.014065e-01	-1.379664e+01
1.767000e-05	8.965943e-02	-1.369923e+01
1.768000e-05	8.151897e-02	-1.357389e+01
1.769000e-05	7.542042e-02	-1.337656e+01
1.770000e-05	7.261320e-02	-1.328020e+01
1.771000e-05	6.661465e-02	-1.313285e+01
1.772000e-05	5.938277e-02	-1.299499e+01
1.773000e-05	5.382629e-02	-1.280767e+01
1.774000e-05	5.195585e-02	-1.265958e+01
1.775000e-05	4.949306e-02	-1.249225e+01
1.776000e-05	4.451737e-02	-1.231396e+01
1.777000e-05	4.122555e-02	-1.214383e+01
1.778000e-05	3.866562e-02	-1.194296e+01
1.779000e-05	3.744935e-02	-1.178396e+01
1.780000e-05	3.443175e-02	-1.155293e+01
1.781000e-05	3.106930e-02	-1.132377e+01
1.782000e-05	2.877179e-02	-1.113433e+01
1.783000e-05	2.990667e-02	-1.093285e+01
1.784000e-05	2.809126e-02	-1.075433e+01
1.785000e-05	2.616206e-02	-1.055433e+01
1.786000e-05	2.192602e-02	-1.032320e+01
1.787000e-05	2.121723e-02	-1.013128e+01
1.788000e-05	2.084293e-02	-9.861196e+00
1.789000e-05	2.016996e-02	-9.658592e+00
1.790000e-05	1.763715e-02	-9.470564e+00
1.791000e-05	1.730477e-02	-9.209136e+00
1.792000e-05	1.742684e-02	-9.007957e+00
1.793000e-05	1.597480e-02	-8.784481e+00
1.794000e-05	1.289827e-02	-8.541827e+00
1.795000e-05	1.163056e-02	-8.272693e+00
1.796000e-05	1.206864e-02	-8.070160e+00
1.797000e-05	1.126298e-02	-7.797009e+00
1.798000e-05	1.112990e-02	-7.504223e+00
1.799000e-05	8.405652e-03	-7.270189e+00
1.800000e-05	7.778536e-03	-7.017481e+00
1.801000e-05	6.530902e-03	-6.755321e+00
1.802000e-05	6.107103e-03	-6.452718e+00
1.803000e-05	4.743621e-03	-6.259505e+00
1.804000e-05	4.985915e-03	-5.965421e+00
1.805000e-05	3.004311e-03	-5.713717e+00
1.806000e-05	4.959728e-03	-5.439510e+00
1.807000e-05	1.453700e-03	-5.154821e+00
1.808000e-05	1.866596e-03	-4.768529e+00
1.809000e-05	1.538251e-04	-4.544343e+00
1.810000e-05	1.179213e-03	-4.302241e+00
1.811000e-05	-4.984183e-04	-4.030680e+00
1.812000e-05	-9.049398e-04	-3.746422e+00
1.813000e-05	-1.914911e-03	-3.482587e+00
1.814000e-05	-1.858426e-03	-3.208480e+00
1.815000e-05	-2.909775e-03	-2.901689e+00
1.816000e-05	-4.459111e-03	-2.631055e+00
1.817000e-05	-3.400189e-03	-2.356223e+00
1.818000e-05	-4.035647e-03	-2.051184e+00
1.819000e-05	-3.401886e-03	-1.808425e+00
1.820000e-05	-6.259134e-03	-1.474687e+00
1.821000e-05	-5.913155e-03	-1.197846e+00
1.822000e-05	-7.380555e-03	-8.926605e-01
1.823000e-05	-6.621144e-03	-6.099944e-01
1.824000e-05	-7.043603e-03	-3.142833e-01
1.825000e-05	-4.674833e-03	-5.058252e-02
1.826000e-05	5.769810e-03	2.046591e-01
1.827000e-05	2.245207e-03	5.257635e-01
1.828000e-05	2.138381e-03	7.273163e-01
1.829000e-05	1.003171e-03	1.013034e+00
1.830000e-05	-1.315045e-03	1.305743e+00
1.831000e-05	-9.058497e-04	1.662708e+00
1.832000e-05	5.247051e-03	1.903862e+00
1.833000e-05	3.060030e-02	2.116240e+00
1.834000e-05	9.839006e-02	2.370403e+00
1.835000e-05	1.926341e-02	2.737898e+00
1.836000e-05	-4.983647e-02	3.032711e+00
1.837000e-05	-3.265593e-02	3.316296e+00
1.838000e-05	-3.175585e-02	3.631483e+00
1.839000e-05	-5.931727e-02	3.851184e+00
1.840000e-05	-6.419677e-02	3.991138e+00
1.841000e-05	8.495435e-02	4.272292e+00
1.842000e-05	-3.220320e-02	4.599959e+00
1.843000e-05	3.145496e-03	4.850988e+00
1.844000e-05	1.017476e-01	5.117505e+00
1.845000e-05	-1.109945e-01	5.451791e+00
1.846000e-05	4.295452e-02	5.713850e+00
1.847000e-05	-4.395074e-02	6.021008e+00
1.848000e-05	1.839774e-02	6.199737e+00
1.849000e-05	1.575687e-02	6.525046e+00
1.850000e-05	-5.029807e-02	6.780610e+00
1.851000e-05	2.870238e-02	7.051214e+00
1.852000e-05	-4.435338e-02	7.312877e+00
1.853000e-05	1.744193e-02	7.610134e+00
1.854000e-05	-5.239683e-02	7.900196e+00
1.855000e-05	7.185550e-03	8.147929e+00
1.856000e-05	1.370099e-02	8.369029e+00
1.857000e-05	-2.850811e-02	8.616512e+00
1.858000e-05	9.347994e-03	8.837542e+00
1.859000e-05	-5.880336e-02	9.072743e+00
1.860000e-05	-5.924132e-03	9.313801e+00
1.861000e-05	-1.408833e-02	9.504771e+00
1.862000e-05	-4.382549e-03	9.745030e+00
1.863000e-05	-2.814704e-02	9.968556e+00
1.864000e-05	-2.014774e-02	1.017704e+01
1.865000e-05	-5.179755e-03	1.038852e+01
1.866000e-05	-3.092330e-02	1.059752e+01
1.867000e-05	-2.368280e-02	1.080102e+01
1.868000e-05	-3.867158e-02	1.103997e+01
1.869000e-05	-1.268427e-02	1.123906e+01
1.870000e-05	-2.195416e-02	1.144717e+01
1.871000e-05	-2.810970e-02	1.166017e+01
1.872000e-05	-4.023596e-02	1.182912e+01
1.873000e-05	-2.974001e-02	1.207612e+01
1.874000e-05	-2.202481e-02	1.216607e+01
1.875000e-05	-2.981711e-02	1.237649e+01
1.876000e-05	-3.919417e-02	1.255543e+01
1.877000e-05	-4.357826e-02	1.265183e+01
1.878000e-05	-3.094064e-02	1.286915e+01
1.879000e-05	-3.663599e-02	1.301812e+01
1.880000e-05	-4.184501e-02	1.316596e+01
1.881000e-05	-4.911912e-02	1.330288e+01
1.882000e-05	-3.655938e-02	1.347962e+01
1.883000e-05	-3.884578e-02	1.362869e+01
1.884000e-05	-4.617728e-02	1.372381e+01
1.885000e-05	-5.932502e-02	1.383970e+01
1.886000e-05	-5.391918e-02	1.401694e+01
1.887000e-05	-4.830080e-02	1.415391e+01
1.888000e-05	-5.128699e-02	1.426810e+01
1.889000e-05	-6.129733e-02	1.434389e+01
1.890000e-05	-6.520381e-02	1.447065e+01
1.891000e-05	-5.761788e-02	1.456399e+01
1.892000e-05	-6.054975e-02	1.467119e+01
1.893000e-05	-6.642417e-02	1.474388e+01
1.894000e-05	-7.594464e-02	1.480704e+01
1.895000e-05	-7.103284e-02	1.486078e+01
1.896000e-05	-6.994698e-02	1.491338e+01
1.897000e-05	-7.681969e-02	1.502654e+01
1.898000e-05	-8.877463e-02	1.506867e+01
1.899000e-05	-9.044190e-02	1.512276e+01
1.900000e-05	-8.382214e-02	1.517444e+01
1.901000e-05	-8.720050e-02	1.515607e+01
1.902000e-05	-9.602702e-02	1.524767e+01
1.903000e-05	-1.031628e-01	1.527923e+01
1.904000e-05	-1.007368e-01	1.529980e+01
1.905000e-05	-1.033021e-01	1.529073e+01
1.906000e-05	-1.132451e-01	1.530229e+01
1.907000e-05	-1.226455e-01	1.535289e+01
1.908000e-05	-1.239591e-01	1.531331e+01
1.909000e-05	-1.237465e-01	1.531176e+01
1.910000e-05	-1.326283e-01	1.529183e+01
1.911000e-05	-1.466928e-01	1.533033e+01
1.912000e-05	-1.573254e-01	1.530826e+01
1.913000e-05	-1.620573e-01	1.527818e+01
1.914000e-05	-1.759636e-01	1.525613e+01
1.915000e-05	-1.983571e-01	1.519547e+01
1.916000e-05	-2.247461e-01	1.517443e+01
1.917000e-05	-2.442825e-01	1.513180e+01
1.918000e-05	-2.500000e-01	1.503865e+01
1.919000e-05	-2.500000e-01	1.500646e+01
1.920000e-05	-2.500000e-01	1.494186e+01
1.921000e-05	-2.500000e-01	1.491020e+01
1.922000e-05	-2.500000e-01	1.480556e+01
1.923000e-05	-2.500000e-01	1.473228e+01
1.924000e-05	-2.497999e-01	1.461909e+01
1.925000e-05	-2.340937e-01	1.451026e+01
1.926000e-05	-2.013862e-01	1.442812e+01
1.927000e-05	-1.759491e-01	1.432233e+01
1.928000e-05	-1.587861e-01	1.423812e+01
1.929000e-05	-1.446554e-01	1.410323e+01
1.930000e-05	-1.286660e-01	1.398696e+01
1.931000e-05	-1.130820e-01	1.387755e+01
1.932000e-05	-1.060628e-01	1.372228e+01
1.933000e-05	-1.002902e-01	1.358501e+01
1.934000e-05	-9.366445e-02	1.343762e+01
1.935000e-05	-8.131886e-02	1.330973e+01
1.936000e-05	-7.647860e-02	1.316446e+01
1.937000e-05	-7.395480e-02	1.300696e+01
1.938000e-05	-7.209469e-02	1.284770e+01
1.939000e-05	-6.485973e-02	1.272383e+01
1.940000e-05	-6.098980e-02	1.254533e+01
1.941000e-05	-5.880384e-02	1.238596e+01
1.942000e-05	-5.792436e-02	1.218891e+01
1.943000e-05	-5.177429e-02	1.201962e+01
1.944000e-05	-4.864654e-02	1.186862e+01
1.945000e-05	-4.561414e-02	1.166804e+01
1.946000e-05	-4.877094e-02	1.143755e+01
1.947000e-05	-4.577747e-02	1.126874e+01
1.948000e-05	-4.246504e-02	1.104012e+01
1.949000e-05	-3.960579e-02	1.085859e+01
1.950000e-05	-4.010495e-02	1.062844e+01
1.951000e-05	-3.864543e-02	1.044904e+01
1.952000e-05	-3.659997e-02	1.023696e+01
1.953000e-05	-3.409134e-02	1.001843e+01
1.954000e-05	-3.521326e-02	9.795932e+00
1.955000e-05	-3.423461e-02	9.531853e+00
1.956000e-05	-3.332888e-02	9.354298e+00
1.957000e-05	-2.943388e-02	9.122123e+00
1.958000e-05	-2.932751e-02	8.870220e+00
1.959000e-05	-2.977323e-02	8.649564e+00
1.960000e-05	-2.994031e-02	8.387512e+00
1.961000e-05	-2.791067e-02	8.155382e+00
1.962000e-05	-2.580748e-02	7.914772e+00
1.963000e-05	-2.541626e-02	7.669514e+00
1.964000e-05	-2.585176e-02	7.396887e+00
1.965000e-05	-2.458970e-02	7.114219e+00
1.966000e-05	-2.294258e-02	6.893789e+00
1.967000e-05	-2.329777e-02	6.598936e+00
1.968000e-05	-2.408148e-02	6.345272e+00
1.969000e-05	-2.247899e-02	6.104742e+00
1.970000e-05	-2.081414e-02	5.840013e+00
1.971000e-05	-1.970428e-02	5.586450e+00
1.972000e-05	-1.968661e-02	5.284192e+00
1.973000e-05	-2.035395e-02	4.996324e+00
1.974000e-05	-1.988449e-02	4.701189e+00
1.975000e-05	-1.881725e-02	4.426979e+00
1.976000e-05	-1.804467e-02	4.145368e+00
1.977000e-05	-1.829793e-02	3.901610e+00
1.978000e-05	-1.813757e-02	3.599875e+00
1.979000e-05	-1.627896e-02	3.324767e+00
1.980000e-05	-1.520825e-02	3.090582e+00
1.981000e-05	-1.612437e-02	2.766951e+00
1.982000e-05	-1.639838e-02	2.481180e+00
1.983000e-05	-1.544498e-02	2.198946e+00
1.984000e-05	-1.387788e-02	1.954796e+00
1.985000e-05	-1.329661e-02	1.659454e+00
1.986000e-05	-1.341645e-02	1.346312e+00
1.987000e-05	-1.307098e-02	1.039523e+00
1.988000e-05	-1.224781e-02	7.357343e-01
1.989000e-05	-1.082931e-02	4.535812e-01
1.990000e-05	-9.470586e-03	1.648156e-01
1.991000e-05	-6.236429e-03	-1.163425e-01
1.992000e-05	5.094146e-03	-3.499501e-01
1.993000e-05	-1.075000e-03	-6.651133e-01
1.994000e-05	1.449438e-03	-9.068698e-01
1.995000e-05	-1.994630e-03	-1.199103e+00
1.996000e-05	9.070140e-04	-1.444845e+00
1.997000e-05	1.612878e-03	-1.726895e+00
1.998000e-05	2.636075e-02	-1.948949e+00
1.999000e-05	1.075791e-01	-2.191586e+00
2.000000e-05	4.932623e-02	-2.589529e+00
2.001000e-05	-4.553540e-02	-3.002132e+00
2.002000e-05	-1.216803e-02	-3.345349e+00
2.003000e-05	-4.362765e-02	-3.524891e+00
2.004000e-05	-7.251904e-02	-3.717954e+00
2.005000e-05	-5.602736e-03	-3.959001e+00
2.006000e-05	1.236792e-01	-4.149428e+00
2.007000e-05	-1.251660e-01	-4.473712e+00
2.008000e-05	1.471370e-01	-4.684843e+00
2.009000e-05	-3.550799e-02	-4.988535e+00
2.010000e-05	-2.347402e-02	-5.397956e+00
2.011000e-05	7.410803e-02	-5.580081e+00
2.012000e-05	-1.388347e-01	-5.883368e+00
2.013000e-05	1.485708e-01	-6.124430e+00
2.014000e-05	-4.795606e-02	-6.390584e+00
2.015000e-05	5.031864e-02	-6.664372e+00
2.016000e-05	3.176611e-02	-6.922875e+00
2.017000e-05	-5.730779e-02	-7.249219e+00
2.018000e-05	9.219567e-02	-7.462223e+00
2.019000e-05	-7.570428e-02	-7.747459e+00
2.020000e-05	1.027106e-01	-8.050193e+00
2.021000e-05	-2.120441e-02	-8.252697e+00
2.022000e-05	3.004213e-02	-8.513903e+00
2.023000e-05	5.581249e-02	-8.726555e+00
2.024000e-05	-5.900071e-02	-9.009138e+00
2.025000e-05	7.603005e-02	-9.207572e+00
2.026000e-05	-4.212541e-02	-9.420648e+00
2.027000e-05	9.650125e-02	-9.713299e+00
2.028000e-05	-1.542689e-02	-9.903721e+00
2.029000e-05	5.128572e-02	-1.006233e+01
2.030000e-05	1.001616e-02	-1.032293e+01
2.031000e-05	1.665413e-02	-1.056551e+01
2.032000e-05	4.502631e-02	-1.072638e+01
2.033000e-05	-7.573559e-03	-1.091543e+01
2.034000e-05	6.175078e-02	-1.112504e+01
2.035000e-05	-3.570338e-03	-1.134646e+01
2.036000e-05	6.835131e-02	-1.159552e+01
2.037000e-05	-1.142764e-03	-1.178699e+01
2.038000e-05	5.035792e-02	-1.201809e+01
2.039000e-05	1.681671e-02	-1.214691e+01
2.040000e-05	5.250563e-02	-1.234391e+01
2.041000e-05	3.145891e-02	-1.248485e+01
2.042000e-05	3.026197e-02	-1.269327e+01
2.043000e-05	3.638630e-02	-1.284915e+01
2.044000e-05	3.178547e-02	-1.300907e+01
2.045000e-05	5.230337e-02	-1.312543e+01
2.046000e-05	3.215595e-02	-1.330131e+01
2.047000e-05	5.566957e-02	-1.343815e+01
2.048000e-05	3.685192e-02	-1.353601e+01
2.049000e-05	5.851312e-02	-1.371291e+01
2.050000e-05	3.515149e-02	-1.383918e+01
2.051000e-05	4.929347e-02	-1.398499e+01
2.052000e-05	4.152190e-02	-1.409094e+01
2.053000e-05	5.990592e-02	-1.426710e+01
2.054000e-05	5.535285e-02	-1.436644e+01
2.055000e-05	5.832552e-02	-1.446080e+01
2.056000e-05	5.613291e-02	-1.454344e+01
2.057000e-05	6.208333e-02	-1.465867e+01
2.058000e-05	6.610623e-02	-1.474438e+01
2.059000e-05	6.346661e-02	-1.482609e+01
2.060000e-05	6.711072e-02	-1.486179e+01
2.061000e-05	6.738921e-02	-1.493408e+01
2.062000e-05	7.625592e-02	-1.499757e+01
2.063000e-05	7.212578e-02	-1.508123e+01
2.064000e-05	7.736226e-02	-1.514286e+01
2.065000e-05	7.741126e-02	-1.519549e+01
2.066000e-05	8.947622e-02	-1.520760e+01
2.067000e-05	9.012774e-02	-1.525970e+01
2.068000e-05	9.219088e-02	-1.528185e+01
2.069000e-05	9.169245e-02	-1.533233e+01
2.070000e-05	9.723182e-02	-1.533491e+01
2.071000e-05	1.028297e-01	-1.536354e+01
2.072000e-05	1.061704e-01	-1.541444e+01
2.073000e-05	1.112008e-01	-1.538689e+01
2.074000e-05	1.173943e-01	-1.541649e+01
2.075000e-05	1.272405e-01	-1.539494e+01
2.076000e-05	1.315703e-01	-1.537546e+01
2.077000e-05	1.373392e-01	-1.540289e+01
2.078000e-05	1.451734e-01	-1.532486e+01
2.079000e-05	1.606479e-01	-1.533033e+01
2.080000e-05	1.774963e-01	-1.527820e+01
2.081000e-05	1.954921e-01	-1.521672e+01
2.082000e-05	2.185790e-01	-1.516401e+01
2.083000e-05	2.425946e-01	-1.515336e+01
2.084000e-05	2.500000e-01	-1.509970e+01
2.085000e-05	2.500000e-01	-1.500807e+01
2.086000e-05	2.500000e-01	-1.494291e+01
2.087000e-05	2.500000e-01	-1.488178e+01
2.088000e-05	2.500000e-01	-1.479812e+01
2.089000e-05	2.500000e-01	-1.474241e+01
2.090000e-05	2.416751e-01	-1.463865e+01
2.091000e-05	2.133116e-01	-1.457496e+01
2.092000e-05	1.865718e-01	-1.446873e+01
2.093000e-05	1.660170e-01	-1.436341e+01
2.094000e-05	1.456441e-01	-1.425057e+01
2.095000e-05	1.287498e-01	-1.410236e+01
2.096000e-05	1.157347e-01	-1.400454e+01
2.097000e-05	1.053835e-01	-1.391160e+01
2.098000e-05	9.488271e-02	-1.374289e+01
2.099000e-05	8.443031e-02	-1.359655e+01
2.100000e-05	7.705600e-02	-1.346912e+01
2.101000e-05	7.295123e-02	-1.330281e+01
2.102000e-05	6.734873e-02	-1.318596e+01
2.103000e-05	6.136826e-02	-1.302814e+01
2.104000e-05	5.572046e-02	-1.286078e+01
2.105000e-05	5.285241e-02	-1.271233e+01
2.106000e-05	5.055880e-02	-1.258641e+01
2.107000e-05	4.710823e-02	-1.239652e+01
2.108000e-05	4.259952e-02	-1.220854e+01
2.109000e-05	3.910416e-02	-1.207964e+01
2.110000e-05	3.709876e-02	-1.182860e+01
2.111000e-05	3.477954e-02	-1.163862e+01
2.112000e-05	3.205011e-02	-1.138754e+01
2.113000e-05	2.987775e-02	-1.119651e+01
2.114000e-05	3.020769e-02	-1.099456e+01
2.115000e-05	2.905873e-02	-1.077596e+01
2.116000e-05	2.662421e-02	-1.061796e+01
2.117000e-05	2.413446e-02	-1.038601e+01
2.118000e-05	2.191333e-02	-1.016588e+01
2.119000e-05	2.196143e-02	-9.944877e+00
2.120000e-05	2.000017e-02	-9.745827e+00
2.121000e-05	1.858306e-02	-9.522876e+00
2.122000e-05	1.657275e-02	-9.331846e+00
2.123000e-05	1.707498e-02	-9.081218e+00
2.124000e-05	1.548471e-02	-8.848618e+00
2.125000e-05	1.417615e-02	-8.638459e+00
2.126000e-05	1.252520e-02	-8.365954e+00
2.127000e-05	1.239029e-02	-8.114350e+00
2.128000e-05	1.181565e-02	-7.890696e+00
2.129000e-05	1.131966e-02	-7.608086e+00
2.130000e-05	9.220373e-03	-7.366403e+00
2.131000e-05	7.787904e-03	-7.121719e+00
2.132000e-05	6.865787e-03	-6.839638e+00
2.133000e-05	5.613294e-03	-6.617952e+00
2.134000e-05	4.837567e-03	-6.355176e+00
2.135000e-05	5.875656e-03	-6.039188e+00
2.136000e-05	4.532785e-03	-5.818427e+00
2.137000e-05	4.923123e-03	-5.532844e+00
2.138000e-05	3.607750e-03	-5.229085e+00
2.139000e-05	2.159975e-03	-4.915799e+00
2.140000e-05	1.326645e-03	-4.597531e+00
2.141000e-05	1.088780e-03	-4.367876e+00
2.142000e-05	8.342709e-05	-4.144793e+00
2.143000e-05	-1.899658e-03	-3.821108e+00
2.144000e-05	-2.871753e-03	-3.556896e+00
2.145000e-05	-3.636365e-03	-3.322743e+00
2.146000e-05	-1.404864e-03	-3.001528e+00
2.147000e-05	-1.981394e-03	-2.734794e+00
2.148000e-05	-1.816684e-03	-2.493083e+00
2.149000e-05	-3.665201e-03	-2.156917e+00
2.150000e-05	-3.784523e-03	-1.903710e+00
2.151000e-05	-5.578318e-03	-1.599027e+00
2.152000e-05	-7.255739e-03	-1.283791e+00
2.153000e-05	-8.601238e-03	-9.779473e-01
2.154000e-05	-6.417627e-03	-7.151831e-01
2.155000e-05	-4.948967e-03	-4.399286e-01
2.156000e-05	-4.607816e-03	-8.483805e-02
2.157000e-05	1.378487e-03	1.158621e-01
2.158000e-05	6.144481e-03	4.191268e-01
2.159000e-05	-1.700069e-05	6.531370e-01
2.160000e-05	3.050932e-03	9.452382e-01
2.161000e-05	-3.091506e-03	1.181084e+00
2.162000e-05	8.058079e-06	1.526742e+00
2.163000e-05	-1.020442e-03	1.781080e+00
2.164000e-05	1.990250e-02	2.051530e+00
2.165000e-05	7.372932e-02	2.262713e+00
2.166000e-05	7.270606e-02	2.632058e+00
2.167000e-05	-4.768462e-02	2.924297e+00
2.168000e-05	-2.798218e-02	3.201083e+00
2.169000e-05	-3.780057e-02	3.526419e+00
2.170000e-05	-3.911442e-02	3.738954e+00
2.171000e-05	-8.435216e-02	3.945896e+00
2.172000e-05	3.406578e-02	4.190008e+00
2.173000e-05	4.834665e-02	4.513222e+00
2.174000e-05	-7.824039e-02	4.728350e+00
2.175000e-05	1.394710e-01	4.989638e+00
2.176000e-05	-7.396320e-02	5.357955e+00
2.177000e-05	-9.836131e-03	5.619482e+00
2.178000e-05	3.438109e-03	5.905376e+00
2.179000e-05	-3.255963e-02	6.166877e+00
2.180000e-05	5.206488e-02	6.371609e+00
2.181000e-05	-5.679268e-02	6.673350e+00
2.182000e-05	1.642395e-02	6.944954e+00
2.183000e-05	-2.453591e-02	7.209640e+00
2.184000e-05	-6.113847e-03	7.445821e+00
2.185000e-05	-1.891362e-02	7.796508e+00
2.186000e-05	-3.315636e-02	8.031217e+00
2.187000e-05	3.535950e-02	8.313777e+00
2.188000e-05	-2.970777e-02	8.513875e+00
2.189000e-05	4.811482e-03	8.705827e+00
2.190000e-05	-3.279455e-02	9.014010e+00
2.191000e-05	-3.886406e-02	9.218662e+00
2.192000e-05	4.263675e-03	9.449618e+00
2.193000e-05	-1.844766e-02	9.671297e+00
2.194000e-05	-6.803206e-03	9.901851e+00
2.195000e-05	-3.670785e-02	1.013388e+01
2.196000e-05	6.951838e-04	1.030278e+01
2.197000e-05	-2.597395e-02	1.052246e+01
2.198000e-05	-2.446860e-02	1.075638e+01
2.199000e-05	-3.406930e-02	1.094440e+01
2.200000e-05	-2.748905e-02	1.116436e+01
2.201000e-05	-1.092665e-02	1.135549e+01
2.202000e-05	-3.078021e-02	1.157383e+01
2.203000e-05	-3.161338e-02	1.176551e+01
2.204000e-05	-4.019205e-02	1.195289e+01
2.205000e-05	-1.956216e-02	1.215549e+01
2.206000e-05	-2.817787e-02	1.231330e+01
2.207000e-05	-3.354527e-02	1.250232e+01
2.208000e-05	-4.457415e-02	1.261962e+01
2.209000e-05	-3.632753e-02	1.281757e+01
2.210000e-05	-3.241904e-02	1.296346e+01
2.211000e-05	-4.082523e-02	1.313381e+01
2.212000e-05	-4.720563e-02	1.324122e+01
2.213000e-05	-4.334915e-02	1.340899e+01
2.214000e-05	-3.561170e-02	1.357599e+01
2.215000e-05	-4.307651e-02	1.364078e+01
2.216000e-05	-5.471987e-02	1.383619e+01
2.217000e-05	-5.776949e-02	1.392286e+01
2.218000e-05	-5.065374e-02	1.411933e+01
2.219000e-05	-4.904361e-02	1.421665e+01
2.220000e-05	-5.789789e-02	1.430231e+01
2.221000e-05	-6.451798e-02	1.447067e+01
2.222000e-05	-6.006219e-02	1.451286e+01
2.223000e-05	-5.837557e-02	1.463914e+01
2.224000e-05	-6.346637e-02	1.472438e+01
2.225000e-05	-7.345966e-02	1.479699e+01
2.226000e-05	-7.269743e-02	1.484912e+01
2.227000e-05	-7.010086e-02	1.495335e+01
2.228000e-05	-7.322059e-02	1.498551e+01
2.229000e-05	-8.524117e-02	1.504809e+01
2.230000e-05	-9.036645e-02	1.510278e+01
2.231000e-05	-8.739756e-02	1.513391e+01
2.232000e-05	-8.552448e-02	1.515404e+01
2.233000e-05	-9.279827e-02	1.523715e+01
2.234000e-05	-1.004657e-01	1.525860e+01
2.235000e-05	-1.015883e-01	1.526975e+01
2.236000e-05	-1.021872e-01	1.531126e+01
2.237000e-05	-1.093746e-01	1.528186e+01
2.238000e-05	-1.192168e-01	1.533336e+01
2.239000e-05	-1.242266e-01	1.532236e+01
2.240000e-05	-1.240384e-01	1.529078e+01
2.241000e-05	-1.290754e-01	1.531325e+01
2.242000e-05	-1.409087e-01	1.534031e+01
2.243000e-05	-1.530950e-01	1.530083e+01
2.244000e-05	-1.604250e-01	1.523820e+01
2.245000e-05	-1.709798e-01	1.523515e+01
2.246000e-05	-1.885624e-01	1.516504e+01
2.247000e-05	-2.150690e-01	1.516502e+01
2.248000e-05	-2.397985e-01	1.509288e+01
2.249000e-05	-2.498849e-01	1.505828e+01
2.250000e-05	-2.500000e-01	1.501707e+01
2.251000e-05	-2.500000e-01	1.496493e+01
2.252000e-05	-2.500000e-01	1.491225e+01
2.253000e-05	-2.500000e-01	1.485812e+01
2.254000e-05	-2.500000e-01	1.477481e+01
2.255000e-05	-2.500000e-01	1.471767e+01
2.256000e-05	-2.426209e-01	1.457344e+01
2.257000e-05	-2.134049e-01	1.450820e+01
2.258000e-05	-1.845635e-01	1.435544e+01
2.259000e-05	-1.631408e-01	1.430018e+01
2.260000e-05	-1.492409e-01	1.415241e+01
2.261000e-05	-1.353395e-01	1.403662e+01
2.262000e-05	-1.201915e-01	1.392218e+01
2.263000e-05	-1.073903e-01	1.376494e+01
2.264000e-05	-1.018441e-01	1.366817e+01
2.265000e-05	-9.605335e-02	1.353175e+01
2.266000e-05	-8.737600e-02	1.339438e+01
2.267000e-05	-7.759537e-02	1.320754e+01
2.268000e-05	-7.485241e-02	1.304107e+01
2.269000e-05	-7.202419e-02	1.291373e+01
2.270000e-05	-7.023497e-02	1.278548e+01
2.271000e-05	-6.186053e-02	1.260654e+01
2.272000e-05	-5.786288e-02	1.245857e+01
2.273000e-05	-5.743427e-02	1.230012e+01
2.274000e-05	-5.447091e-02	1.207070e+01
2.275000e-05	-5.152110e-02	1.192335e+01
2.276000e-05	-4.524067e-02	1.173270e+01
2.277000e-05	-4.613736e-02	1.155178e+01
2.278000e-05	-4.775332e-02	1.131073e+01
2.279000e-05	-4.435538e-02	1.111230e+01
2.280000e-05	-4.189028e-02	1.095230e+01
2.281000e-05	-3.845280e-02	1.071477e+01
2.282000e-05	-3.965006e-02	1.050128e+01
2.283000e-05	-3.983157e-02	1.031030e+01
2.284000e-05	-3.465024e-02	1.005117e+01
2.285000e-05	-3.339244e-02	9.870517e+00
2.286000e-05	-3.214276e-02	9.615515e+00
2.287000e-05	-3.485122e-02	9.376508e+00
2.288000e-05	-3.108633e-02	9.195881e+00
2.289000e-05	-3.043605e-02	8.913855e+00
2.290000e-05	-2.987418e-02	8.713797e+00
2.291000e-05	-3.155493e-02	8.482198e+00
2.292000e-05	-2.856319e-02	8.281043e+00
2.293000e-05	-2.648095e-02	7.988532e+00
2.294000e-05	-2.418326e-02	7.765903e+00
2.295000e-05	-2.578642e-02	7.491592e+00
2.296000e-05	-2.513792e-02	7.217185e+00
2.297000e-05	-2.440887e-02	6.977830e+00
2.298000e-05	-2.311108e-02	6.714223e+00
2.299000e-05	-2.405173e-02	6.449083e+00
2.300000e-05	-2.470496e-02	6.186950e+00
2.301000e-05	-2.179898e-02	5.984851e+00
2.302000e-05	-2.000163e-02	5.670193e+00
2.303000e-05	-1.950859e-02	5.417956e+00
2.304000e-05	-2.041937e-02	5.102593e+00
2.305000e-05	-2.045515e-02	4.797400e+00
2.306000e-05	-1.874339e-02	4.512342e+00
2.307000e-05	-1.830261e-02	4.270086e+00
2.308000e-05	-1.830546e-02	3.926374e+00
2.309000e-05	-1.902213e-02	3.693735e+00
2.310000e-05	-1.643018e-02	3.411029e+00
2.311000e-05	-1.558305e-02	3.144844e+00
2.312000e-05	-1.515531e-02	2.882209e+00
2.313000e-05	-1.682278e-02	2.598402e+00
2.314000e-05	-1.518779e-02	2.291759e+00
2.315000e-05	-1.477215e-02	2.062054e+00
2.316000e-05	-1.199240e-02	1.734719e+00
2.317000e-05	-1.386992e-02	1.450551e+00
2.318000e-05	-1.306962e-02	1.154794e+00
2.319000e-05	-1.224798e-02	8.208974e-01
2.320000e-05	-9.959381e-03	5.457920e-01
2.321000e-05	-1.002649e-02	2.521565e-01
2.322000e-05	-8.416418e-03	-2.604269e-03
2.323000e-05	4.438001e-04	-3.057920e-01
2.324000e-05	2.831973e-03	-5.173760e-01
2.325000e-05	-1.407860e-03	-8.620330e-01
2.326000e-05	8.020255e-04	-1.104767e+00
2.327000e-05	-1.527785e-03	-1.412106e+00
2.328000e-05	7.393913e-04	-1.642687e+00
2.329000e-05	1.287280e-02	-1.884237e+00
2.330000e-05	7.258951e-02	-2.113293e+00
2.331000e-05	1.023564e-01	-2.473140e+00
2.332000e-05	-4.035784e-02	-2.851667e+00
2.333000e-05	-1.016159e-02	-3.230105e+00
2.334000e-05	-3.978638e-02	-3.473661e+00
2.335000e-05	-4.660799e-02	-3.683164e+00
2.336000e-05	-7.649511e-02	-3.876415e+00
2.337000e-05	1.395377e-01	-4.072242e+00
2.338000e-05	-7.212268e-02	-4.277874e+00
2.339000e-05	3.012265e-02	-4.651166e+00
2.340000e-05	9.473576e-02	-4.902718e+00
2.341000e-05	-1.274880e-01	-5.261619e+00
2.342000e-05	1.301887e-01	-5.534402e+00
2.343000e-05	-1.264804e-01	-5.768554e+00
2.344000e-05	6.315680e-02	-6.031568e+00
2.345000e-05	5.228467e-02	-6.303792e+00
2.346000e-05	-4.353553e-02	-6.579612e+00
2.347000e-05	1.112357e-01	-6.842093e+00
2.348000e-05	-8.913305e-02	-7.116455e+00
2.349000e-05	8.298460e-02	-7.419039e+00
2.350000e-05	-3.560270e-02	-7.671720e+00
2.351000e-05	2.616633e-02	-7.957980e+00
2.352000e-05	6.238936e-02	-8.147060e+00
2.353000e-05	-4.622718e-02	-8.450644e+00
2.354000e-05	1.114886e-01	-8.632274e+00
2.355000e-05	-6.821328e-02	-8.915402e+00
2.356000e-05	5.839294e-02	-9.105404e+00
2.357000e-05	-1.472865e-02	-9.375454e+00
2.358000e-05	4.406679e-02	-9.608640e+00
2.359000e-05	4.483801e-02	-9.819088e+00
2.360000e-05	-3.434037e-03	-1.010064e+01
2.361000e-05	6.165033e-02	-1.025817e+01
2.362000e-05	-2.729341e-02	-1.049230e+01
2.363000e-05	7.463825e-02	-1.067224e+01
2.364000e-05	-2.077384e-02	-1.089225e+01
2.365000e-05	6.119112e-02	-1.108120e+01
2.366000e-05	4.574194e-03	-1.129135e+01
2.367000e-05	5.156942e-02	-1.150283e+01
2.368000e-05	2.412732e-02	-1.169233e+01
2.369000e-05	2.450272e-02	-1.195646e+01
2.370000e-05	3.655562e-02	-1.209335e+01
2.371000e-05	2.694062e-02	-1.229330e+01
2.372000e-05	5.629511e-02	-1.245020e+01
2.373000e-05	1.523503e-02	-1.263764e+01
2.374000e-05	4.797964e-02	-1.281754e+01
2.375000e-05	2.048270e-02	-1.294444e+01
2.376000e-05	5.679441e-02	-1.309323e+01
2.377000e-05	2.946003e-02	-1.325965e+01
2.378000e-05	5.206771e-02	-1.336594e+01
2.379000e-05	3.748901e-02	-1.353383e+01
2.380000e-05	5.416254e-02	-1.367987e+01
2.381000e-05	4.468466e-02	-1.376760e+01
2.382000e-05	4.469826e-02	-1.395291e+01
2.383000e-05	4.576054e-02	-1.404822e+01
2.384000e-05	5.168783e-02	-1.415652e+01
2.385000e-05	5.990994e-02	-1.429178e+01
2.386000e-05	5.319816e-02	-1.438912e+01
2.387000e-05	5.844202e-02	-1.450235e+01
2.388000e-05	5.627577e-02	-1.460752e+01
2.389000e-05	6.920511e-02	-1.470265e+01
2.390000e-05	6.285176e-02	-1.476755e+01
2.391000e-05	6.809474e-02	-1.486970e+01
2.392000e-05	6.450050e-02	-1.492131e+01
2.393000e-05	7.454267e-02	-1.499704e+01
2.394000e-05	7.147269e-02	-1.506960e+01
2.395000e-05	7.467501e-02	-1.514321e+01
2.396000e-05	7.598972e-02	-1.518489e+01
2.397000e-05	8.557328e-02	-1.520772e+01
2.398000e-05	9.207060e-02	-1.524772e+01
2.399000e-05	9.165771e-02	-1.528133e+01
2.400000e-05	9.285709e-02	-1.530328e+01
2.401000e-05	9.449802e-02	-1.535394e+01
2.402000e-05	1.033219e-01	-1.534499e+01
2.403000e-05	1.046841e-01	-1.537494e+01
2.404000e-05	1.092166e-01	-1.539847e+01
2.405000e-05	1.144456e-01	-1.541796e+01
2.406000e-05	1.233515e-01	-1.537451e+01
2.407000e-05	1.308004e-01	-1.540654e+01
2.408000e-05	1.349174e-01	-1.537351e+01
2.409000e-05	1.437257e-01	-1.532286e+01
2.410000e-05	1.553237e-01	-1.530136e+01
2.411000e-05	1.715660e-01	-1.526078e+01
2.412000e-05	1.877151e-01	-1.523722e+01
2.413000e-05	2.088628e-01	-1.519454e+01
2.414000e-05	2.365556e-01	-1.514385e+01
2.415000e-05	2.498899e-01	-1.512218e+01
2.416000e-05	2.500000e-01	-1.507057e+01
2.417000e-05	2.500000e-01	-1.494597e+01
2.418000e-05	2.500000e-01	-1.488083e+01
2.419000e-05	2.500000e-01	-1.486818e+01
2.420000e-05	2.500000e-01	-1.477339e+01
2.421000e-05	2.480334e-01	-1.468078e+01
2.422000e-05	2.254047e-01	-1.460551e+01
2.423000e-05	1.956364e-01	-1.452073e+01
2.424000e-05	1.729241e-01	-1.441711e+01
2.425000e-05	1.526995e-01	-1.429120e+01
2.426000e-05	1.348494e-01	-1.416292e+01
2.427000e-05	1.198582e-01	-1.407718e+01
2.428000e-05	1.087580e-01	-1.387338e+01
2.429000e-05	9.817748e-02	-1.380554e+01
2.430000e-05	8.899948e-02	-1.365775e+01
2.431000e-05	7.967104e-02	-1.352230e+01
2.432000e-05	7.428407e-02	-1.338444e+01
2.433000e-05	6.862128e-02	-1.322712e+01
2.434000e-05	6.392915e-02	-1.310175e+01
2.435000e-05	5.801283e-02	-1.291338e+01
2.436000e-05	5.357760e-02	-1.275446e+01
2.437000e-05	5.114492e-02	-1.261857e+01
2.438000e-05	4.844048e-02	-1.248870e+01
2.439000e-05	4.386779e-02	-1.230070e+01
2.440000e-05	4.037574e-02	-1.212128e+01
2.441000e-05	3.797113e-02	-1.194230e+01
2.442000e-05	3.675201e-02	-1.174380e+01
2.443000e-05	3.388049e-02	-1.151035e+01
2.444000e-05	3.085755e-02	-1.127022e+01
2.445000e-05	2.924024e-02	-1.109867e+01
2.446000e-05	2.731609e-02	-1.088022e+01
2.447000e-05	2.747341e-02	-1.066169e+01
2.448000e-05	2.444678e-02	-1.051122e+01
2.449000e-05	2.331157e-02	-1.025164e+01
2.450000e-05	2.148245e-02	-1.004857e+01
2.451000e-05	2.159463e-02	-9.849514e+00
2.452000e-05	1.949090e-02	-9.628540e+00
2.453000e-05	1.739722e-02	-9.386832e+00
2.454000e-05	1.661511e-02	-9.174506e+00
2.455000e-05	1.590332e-02	-8.934378e+00
2.456000e-05	1.400877e-02	-8.751176e+00
2.457000e-05	1.270488e-02	-8.479166e+00
2.458000e-05	1.151373e-02	-8.228514e+00
2.459000e-05	1.193000e-02	-7.996007e+00
2.460000e-05	1.149067e-02	-7.693197e+00
2.461000e-05	1.180556e-02	-7.449057e+00
2.462000e-05	9.525593e-03	-7.215906e+00
2.463000e-05	7.356853e-03	-6.914821e+00
2.464000e-05	5.866010e-03	-6.672635e+00
2.465000e-05	4.287918e-03	-6.448008e+00
2.466000e-05	3.837333e-03	-6.176404e+00
2.467000e-05	4.343372e-03	-5.893238e+00
2.468000e-05	4.841577e-03	-5.627535e+00
2.469000e-05	3.938381e-03	-5.316866e+00
2.470000e-05	3.672407e-03	-5.048562e+00
2.471000e-05	1.732777e-03	-4.743322e+00
2.472000e-05	1.619104e-03	-4.439660e+00
2.473000e-05	5.040410e-04	-4.210056e+00
2.474000e-05	-1.337236e-03	-3.954277e+00
2.475000e-05	-2.774221e-03	-3.621110e+00
2.476000e-05	-3.034788e-03	-3.388451e+00
2.477000e-05	-4.273091e-03	-3.104269e+00
2.478000e-05	-2.528917e-03	-2.858455e+00
2.479000e-05	-3.020699e-03	-2.546821e+00
2.480000e-05	-1.486695e-03	-2.271162e+00
2.481000e-05	-2.263681e-03	-1.976921e+00
2.482000e-05	-4.025747e-03	-1.715241e+00
2.483000e-05	-5.950668e-03	-1.388498e+00
2.484000e-05	-8.677704e-03	-1.083184e+00
2.485000e-05	-8.535351e-03	-8.290523e-01
2.486000e-05	-7.875506e-03	-5.417142e-01
2.487000e-05	-5.068590e-03	-2.727053e-01
2.488000e-05	-1.704758e-03	6.168045e-02
2.489000e-05	9.598208e-03	3.153907e-01
2.490000e-05	5.302758e-05	5.386001e-01
2.491000e-05	4.181022e-03	8.136004e-01
2.492000e-05	-2.135601e-03	1.127894e+00
2.493000e-05	1.489122e-03	1.390501e+00
2.494000e-05	-2.947185e-03	1.736422e+00
2.495000e-05	1.020653e-02	1.917816e+00
2.496000e-05	4.545219e-02	2.179429e+00
2.497000e-05	1.003657e-01	2.462742e+00
2.498000e-05	-1.779663e-02	2.812088e+00
2.499000e-05	-3.984127e-02	3.145870e+00
2.500000e-05	-3.596196e-02	3.408054e+00
2.501000e-05	-2.764611e-02	3.663763e+00
2.502000e-05	-7.309037e-02	3.864689e+00
2.503000e-05	-2.964371e-02	4.082243e+00
2.504000e-05	9.204863e-02	4.390055e+00
2.505000e-05	-8.119098e-02	4.683164e+00
2.506000e-05	7.968721e-02	4.910818e+00
2.507000e-05	2.357156e-02	5.282790e+00
2.508000e-05	-8.312458e-02	5.535847e+00
2.509000e-05	4.560464e-02	5.788183e+00
2.510000e-05	-5.603493e-02	6.032244e+00
2.511000e-05	4.896263e-02	6.303297e+00
2.512000e-05	-2.338245e-02	6.606084e+00
2.513000e-05	-2.273331e-02	6.861194e+00
2.514000e-05	1.161538e-02	7.114826e+00
2.515000e-05	-3.557740e-02	7.427165e+00
2.516000e-05	1.265524e-02	7.701218e+00
2.517000e-05	-5.618923e-02	7.945057e+00
2.518000e-05	2.923754e-02	8.260639e+00
2.519000e-05	-9.202978e-03	8.462137e+00
2.520000e-05	-1.503910e-02	8.610663e+00
2.521000e-05	-1.636086e-03	8.921802e+00
2.522000e-05	-5.984383e-02	9.103802e+00
2.523000e-05	6.921763e-03	9.333901e+00
2.524000e-05	-2.246831e-02	9.567507e+00
2.525000e-05	-6.954394e-04	9.847118e+00
2.526000e-05	-3.836927e-02	1.004162e+01
2.527000e-05	-8.939576e-03	1.026110e+01
2.528000e-05	-1.337020e-02	1.047110e+01
2.529000e-05	-3.010158e-02	1.066062e+01
2.530000e-05	-2.417151e-02	1.088230e+01
2.531000e-05	-3.960844e-02	1.109075e+01
2.532000e-05	-6.410833e-03	1.129120e+01
2.533000e-05	-3.027477e-02	1.148120e+01
2.534000e-05	-2.489432e-02	1.169233e+01
2.535000e-05	-4.524958e-02	1.187173e+01
2.536000e-05	-2.245758e-02	1.206023e+01
2.537000e-05	-2.489805e-02	1.224915e+01
2.538000e-05	-2.983900e-02	1.242809e+01
2.539000e-05	-4.241840e-02	1.256754e+01
2.540000e-05	-4.234978e-02	1.276443e+01
2.541000e-05	-2.874799e-02	1.289186e+01
2.542000e-05	-3.882331e-02	1.304915e+01
2.543000e-05	-4.312730e-02	1.316922e+01
2.544000e-05	-4.842082e-02	1.336538e+01
2.545000e-05	-3.391579e-02	1.351285e+01
2.546000e-05	-4.117342e-02	1.361857e+01
2.547000e-05	-4.962645e-02	1.376447e+01
2.548000e-05	-6.083540e-02	1.389925e+01
2.549000e-05	-5.291757e-02	1.397760e+01
2.550000e-05	-4.683582e-02	1.414599e+01
2.551000e-05	-5.287611e-02	1.428835e+01
2.552000e-05	-6.240127e-02	1.438607e+01
2.553000e-05	-6.341501e-02	1.450071e+01
2.554000e-05	-5.749044e-02	1.457494e+01
2.555000e-05	-6.161161e-02	1.465275e+01
2.556000e-05	-6.979100e-02	1.476596e+01
2.557000e-05	-7.514105e-02	1.483910e+01
2.558000e-05	-7.086290e-02	1.487173e+01
2.559000e-05	-7.029571e-02	1.494296e+01
2.560000e-05	-8.036209e-02	1.503647e+01
2.561000e-05	-8.919683e-02	1.511970e+01
2.562000e-05	-8.986286e-02	1.512381e+01
2.563000e-05	-8.424933e-02	1.517397e+01
2.564000e-05	-8.996521e-02	1.522609e+01
2.565000e-05	-9.791292e-02	1.522665e+01
2.566000e-05	-1.036425e-01	1.528818e+01
2.567000e-05	-1.017464e-01	1.528031e+01
2.568000e-05	-1.057866e-01	1.532181e+01
2.569000e-05	-1.152731e-01	1.533031e+01
2.570000e-05	-1.236083e-01	1.533086e+01
2.571000e-05	-1.249128e-01	1.532138e+01
2.572000e-05	-1.246468e-01	1.536081e+01
2.573000e-05	-1.357475e-01	1.532988e+01
2.574000e-05	-1.492607e-01	1.530178e+01
2.575000e-05	-1.599899e-01	1.528778e+01
2.576000e-05	-1.655757e-01	1.524868e+01
2.577000e-05	-1.811166e-01	1.522609e+01
2.578000e-05	-2.056957e-01	1.519497e+01
2.579000e-05	-2.319948e-01	1.510289e+01
2.580000e-05	-2.475289e-01	1.508121e+01
2.581000e-05	-2.500000e-01	1.500654e+01
2.582000e-05	-2.500000e-01	1.500494e+01
2.583000e-05	-2.500000e-01	1.491180e+01
2.584000e-05	-2.500000e-01	1.484715e+01
2.585000e-05	-2.500000e-01	1.479541e+01
2.586000e-05	-2.500000e-01	1.471168e+01
2.587000e-05	-2.486572e-01	1.462454e+01
2.588000e-05	-2.246425e-01	1.450971e+01
2.589000e-05	-1.952272e-01	1.441810e+01
2.590000e-05	-1.694324e-01	1.432170e+01
2.591000e-05	-1.555631e-01	1.424444e+01
2.592000e-05	-1.393516e-01	1.405880e+01
2.593000e-05	-1.250705e-01	1.394336e+01
2.594000e-05	-1.107819e-01	1.380704e+01
2.595000e-05	-1.045992e-01	1.366920e+01
2.596000e-05	-9.846361e-02	1.357433e+01
2.597000e-05	-9.136300e-02	1.340759e+01
2.598000e-05	-8.094152e-02	1.327062e+01
2.599000e-05	-7.633950e-02	1.312278e+01
2.600000e-05	-7.336811e-02	1.295538e+01
2.601000e-05	-7.002738e-02	1.283664e+01
2.602000e-05	-6.317391e-02	1.265117e+01
2.603000e-05	-5.892049e-02	1.253130e+01
2.604000e-05	-5.779525e-02	1.237478e+01
2.605000e-05	-5.731474e-02	1.216443e+01
2.606000e-05	-5.263595e-02	1.200446e+01
2.607000e-05	-4.851609e-02	1.179743e+01
2.608000e-05	-4.779184e-02	1.163697e+01
2.609000e-05	-4.829199e-02	1.137393e+01
2.610000e-05	-4.485894e-02	1.118493e+01
2.611000e-05	-4.099193e-02	1.099641e+01
2.612000e-05	-3.872677e-02	1.080693e+01
2.613000e-05	-3.997425e-02	1.058644e+01
2.614000e-05	-3.917767e-02	1.037593e+01
2.615000e-05	-3.640692e-02	1.019383e+01
2.616000e-05	-3.357693e-02	9.964750e+00
2.617000e-05	-3.395414e-02	9.691298e+00
2.618000e-05	-3.500842e-02	9.491141e+00
2.619000e-05	-3.233116e-02	9.250642e+00
2.620000e-05	-3.021977e-02	9.050591e+00
2.621000e-05	-2.813549e-02	8.805955e+00
2.622000e-05	-3.007578e-02	8.566380e+00
2.623000e-05	-2.887523e-02	8.345298e+00
2.624000e-05	-2.746379e-02	8.112695e+00
2.625000e-05	-2.398046e-02	7.860115e+00
2.626000e-05	-2.616624e-02	7.616878e+00
2.627000e-05	-2.722832e-02	7.302825e+00
2.628000e-05	-2.571687e-02	7.100143e+00
2.629000e-05	-2.246941e-02	6.778433e+00
2.630000e-05	-2.152242e-02	6.564821e+00
2.631000e-05	-2.368535e-02	6.272642e+00
2.632000e-05	-2.260534e-02	6.039664e+00
2.633000e-05	-2.155692e-02	5.806427e+00
2.634000e-05	-1.951545e-02	5.513718e+00
2.635000e-05	-2.104813e-02	5.187980e+00
2.636000e-05	-2.044657e-02	4.893190e+00
2.637000e-05	-2.047220e-02	4.617951e+00
2.638000e-05	-1.660698e-02	4.356377e+00
2.639000e-05	-1.805274e-02	4.080635e+00
2.640000e-05	-1.784382e-02	3.755947e+00
2.641000e-05	-1.868859e-02	3.534722e+00
2.642000e-05	-1.456210e-02	3.219532e+00
2.643000e-05	-1.533542e-02	2.965894e+00
2.644000e-05	-1.503275e-02	2.704114e+00
2.645000e-05	-1.690799e-02	2.426398e+00
2.646000e-05	-1.480004e-02	2.104766e+00
2.647000e-05	-1.412273e-02	1.872684e+00
2.648000e-05	-1.294702e-02	1.557342e+00
2.649000e-05	-1.398169e-02	1.262109e+00
2.650000e-05	-1.189946e-02	9.228104e-01
2.651000e-05	-1.097512e-02	6.496300e-01
2.652000e-05	-1.030897e-02	3.678709e-01
2.653000e-05	-9.275694e-03	1.116324e-01
2.654000e-05	-4.572671e-03	-1.984764e-01
2.655000e-05	4.911732e-03	-4.426318e-01
2.656000e-05	-2.855915e-03	-7.179976e-01
2.657000e-05	2.738415e-03	-9.999288e-01
2.658000e-05	-2.736635e-03	-1.294222e+00
2.659000e-05	1.694895e-03	-1.579471e+00
2.660000e-05	4.162641e-03	-1.770553e+00
2.661000e-05	4.150724e-02	-1.990080e+00
2.662000e-05	1.192198e-01	-2.314921e+00
2.663000e-05	2.562859e-03	-2.705817e+00
2.664000e-05	-2.958631e-02	-3.075320e+00
2.665000e-05	-2.431501e-02	-3.379479e+00
2.666000e-05	-4.037489e-02	-3.570503e+00
2.667000e-05	-9.046112e-02	-3.829654e+00
2.668000e-05	6.699331e-02	-4.019555e+00
2.669000e-05	4.680270e-02	-4.191609e+00
2.670000e-05	-8.232692e-02	-4.544879e+00
2.671000e-05	1.850894e-01	-4.768457e+00
2.672000e-05	-1.098560e-01	-5.074276e+00
2.673000e-05	6.881200e-02	-5.410637e+00
2.674000e-05	-1.847411e-02	-5.701146e+00
2.675000e-05	-6.320810e-02	-5.958833e+00
2.676000e-05	1.447044e-01	-6.178455e+00
2.677000e-05	-8.234743e-02	-6.474851e+00
2.678000e-05	1.060408e-01	-6.756428e+00
2.679000e-05	-3.919285e-02	-6.981613e+00
2.680000e-05	5.134776e-03	-7.314878e+00
2.681000e-05	4.679914e-02	-7.544885e+00
2.682000e-05	-5.351362e-02	-7.851771e+00
2.683000e-05	1.162569e-01	-8.094276e+00
2.684000e-05	-5.979439e-02	-8.315406e+00
2.685000e-05	8.838833e-02	-8.585979e+00
2.686000e-05	-1.060845e-02	-8.821739e+00
2.687000e-05	-1.180037e-02	-9.044318e+00
2.688000e-05	4.451905e-02	-9.261144e+00
2.689000e-05	-2.008447e-02	-9.535980e+00
2.690000e-05	9.560697e-02	-9.746954e+00
2.691000e-05	-3.050591e-02	-9.975356e+00
2.692000e-05	7.685171e-02	-1.015448e+01
2.693000e-05	-2.284681e-02	-1.039709e+01
2.694000e-05	5.427117e-02	-1.061911e+01
2.695000e-05	8.193601e-03	-1.079749e+01
2.696000e-05	2.245902e-02	-1.099800e+01
2.697000e-05	3.926018e-02	-1.121659e+01
2.698000e-05	1.466213e-02	-1.146064e+01
2.699000e-05	5.754134e-02	-1.162762e+01
2.700000e-05	2.937375e-04	-1.180922e+01
2.701000e-05	5.349634e-02	-1.202969e+01
2.702000e-05	1.093398e-02	-1.217709e+01
2.703000e-05	6.294783e-02	-1.238604e+01
2.704000e-05	1.651560e-02	-1.255552e+01
2.705000e-05	4.323409e-02	-1.274541e+01
2.706000e-05	2.554170e-02	-1.291235e+01
2.707000e-05	4.608753e-02	-1.304915e+01
2.708000e-05	4.053039e-02	-1.319704e+01
2.709000e-05	4.014033e-02	-1.334436e+01
2.710000e-05	4.819265e-02	-1.350118e+01
2.711000e-05	4.265266e-02	-1.361067e+01
2.712000e-05	5.490916e-02	-1.372496e+01
2.713000e-05	3.686573e-02	-1.389078e+01
2.714000e-05	4.950719e-02	-1.400710e+01
2.715000e-05	4.423429e-02	-1.409289e+01
2.716000e-05	6.358692e-02	-1.428968e+01
2.717000e-05	5.167471e-02	-1.437492e+01
2.718000e-05	5.868744e-02	-1.447130e+01
2.719000e-05	5.450874e-02	-1.455397e+01
2.720000e-05	6.705786e-02	-1.465020e+01
2.721000e-05	6.396612e-02	-1.472396e+01
2.722000e-05	6.605509e-02	-1.484810e+01
2.723000e-05	6.603245e-02	-1.492041e+01
2.724000e-05	7.180698e-02	-1.492704e+01
2.725000e-05	7.534471e-02	-1.504962e+01
2.726000e-05	7.153201e-02	-1.512131e+01
2.727000e-05	7.630777e-02	-1.514236e+01
2.728000e-05	8.018412e-02	-1.517451e+01
2.729000e-05	9.276356e-02	-1.522667e+01
2.730000e-05	8.857119e-02	-1.527835e+01
2.731000e-05	9.280378e-02	-1.526273e+01
2.732000e-05	9.164066e-02	-1.533333e+01
2.733000e-05	1.024168e-01	-1.538446e+01
2.734000e-05	1.033993e-01	-1.536497e+01
2.735000e-05	1.089196e-01	-1.541604e+01
2.736000e-05	1.119625e-01	-1.539592e+01
2.737000e-05	1.209199e-01	-1.539654e+01
2.738000e-05	1.283165e-01	-1.539602e+01
2.739000e-05	1.312122e-01	-1.536356e+01
2.740000e-05	1.377655e-01	-1.534399e+01
2.741000e-05	1.513183e-01	-1.530285e+01
2.742000e-05	1.645685e-01	-1.530075e+01
2.743000e-05	1.835200e-01	-1.526817e+01
2.744000e-05	1.988948e-01	-1.523819e+01
2.745000e-05	2.275240e-01	-1.516641e+01
2.746000e-05	2.476290e-01	-1.511229e+01
2.747000e-05	2.500000e-01	-1.511018e+01
2.748000e-05	2.500000e-01	-1.499657e+01
2.749000e-05	2.500000e-01	-1.493241e+01
2.750000e-05	2.500000e-01	-1.486973e+01
2.751000e-05	2.500000e-01	-1.480354e+01
2.752000e-05	2.497000e-01	-1.474238e+01
2.753000e-05	2.363272e-01	-1.462812e+01
2.754000e-05	2.085545e-01	-1.454183e+01
2.755000e-05	1.829044e-01	-1.445717e+01
2.756000e-05	1.598649e-01	-1.432433e+01
2.757000e-05	1.383202e-01	-1.422757e+01
2.758000e-05	1.219980e-01	-1.406975e+01
2.759000e-05	1.111623e-01	-1.397497e+01
2.760000e-05	1.020965e-01	-1.384910e+01
2.761000e-05	9.281707e-02	-1.371281e+01
2.762000e-05	8.348503e-02	-1.357346e+01
2.763000e-05	7.797706e-02	-1.345959e+01
2.764000e-05	7.243548e-02	-1.329175e+01
2.765000e-05	6.605125e-02	-1.316288e+01
2.766000e-05	5.727839e-02	-1.299801e+01
2.767000e-05	5.373217e-02	-1.280817e+01
2.768000e-05	5.193636e-02	-1.270122e+01
2.769000e-05	4.991876e-02	-1.249233e+01
2.770000e-05	4.590669e-02	-1.233348e+01
2.771000e-05	4.171342e-02	-1.216483e+01
2.772000e-05	3.959116e-02	-1.200593e+01
2.773000e-05	3.744714e-02	-1.177499e+01
2.774000e-05	3.457071e-02	-1.157496e+01
2.775000e-05	3.021427e-02	-1.135486e+01
2.776000e-05	3.046214e-02	-1.112291e+01
2.777000e-05	2.907241e-02	-1.092338e+01
2.778000e-05	2.821797e-02	-1.071438e+01
2.779000e-05	2.517765e-02	-1.057588e+01
2.780000e-05	2.353989e-02	-1.035530e+01
2.781000e-05	2.154479e-02	-1.011235e+01
2.782000e-05	2.169659e-02	-9.892747e+00
2.783000e-05	1.877094e-02	-9.691321e+00
2.784000e-05	1.705899e-02	-9.480693e+00
2.785000e-05	1.873130e-02	-9.239738e+00
2.786000e-05	1.640237e-02	-9.038032e+00
2.787000e-05	1.633287e-02	-8.835464e+00
2.788000e-05	1.385835e-02	-8.543926e+00
2.789000e-05	1.175177e-02	-8.312219e+00
2.790000e-05	1.371948e-02	-8.060744e+00
2.791000e-05	8.896929e-03	-7.826933e+00
2.792000e-05	9.122551e-03	-7.534321e+00
2.793000e-05	6.320409e-03	-7.282689e+00
2.794000e-05	9.026277e-03	-7.038010e+00
2.795000e-05	8.300962e-03	-6.737926e+00
2.796000e-05	8.023412e-03	-6.502821e+00
2.797000e-05	5.667649e-03	-6.240588e+00
2.798000e-05	4.046292e-03	-5.977356e+00
2.799000e-05	4.028084e-03	-5.744818e+00
2.800000e-05	2.681811e-03	-5.468109e+00
2.801000e-05	2.201840e-03	-5.145345e+00
2.802000e-05	1.590267e-04	-4.858581e+00
2.803000e-05	3.144474e-03	-4.545896e+00
2.804000e-05	1.831880e-03	-4.333670e+00
2.805000e-05	2.137080e-03	-4.082683e+00
2.806000e-05	-2.423471e-03	-3.747475e+00
2.807000e-05	-1.757462e-03	-3.504189e+00
2.808000e-05	-4.082033e-03	-3.242131e+00
2.809000e-05	-2.259313e-03	-2.915735e+00
2.810000e-05	-3.306770e-03	-2.652184e+00
2.811000e-05	-3.354177e-03	-2.378026e+00
2.812000e-05	-3.279205e-03	-2.113110e+00
2.813000e-05	-3.226651e-03	-1.811076e+00
2.814000e-05	-4.015943e-03	-1.544271e+00
2.815000e-05	-6.506610e-03	-1.227924e+00
2.816000e-05	-7.543426e-03	-9.152829e-01
2.817000e-05	-7.975368e-03	-6.300502e-01
2.818000e-05	-6.211251e-03	-3.548144e-01
2.819000e-05	-6.294176e-03	-6.155522e-02
2.820000e-05	5.546374e-03	2.105328e-01
2.821000e-05	3.438174e-03	5.046919e-01
2.822000e-05	3.328814e-03	7.153909e-01
2.823000e-05	2.162737e-03	1.019031e+00
2.824000e-05	-1.144796e-03	1.284261e+00
2.825000e-05	-2.023205e-03	1.602633e+00
2.826000e-05	2.243475e-03	1.873163e+00
2.827000e-05	2.683364e-02	2.093168e+00
2.828000e-05	9.374240e-02	2.377447e+00
2.829000e-05	3.362641e-02	2.717420e+00
2.830000e-05	-5.069318e-02	3.011583e+00
2.831000e-05	-2.975212e-02	3.264816e+00
2.832000e-05	-3.264466e-02	3.570029e+00
2.833000e-05	-5.380961e-02	3.799180e+00
2.834000e-05	-7.341062e-02	4.018956e+00
2.835000e-05	7.352463e-02	4.272742e+00
2.836000e-05	-1.287282e-02	4.577956e+00
2.837000e-05	-2.166608e-02	4.759458e+00
2.838000e-05	1.187240e-01	5.125500e+00
2.839000e-05	-1.087439e-01	5.441089e+00
2.840000e-05	3.556450e-02	5.694325e+00
2.841000e-05	-3.178122e-02	6.009531e+00
2.842000e-05	4.784633e-03	6.213534e+00
2.843000e-05	2.697323e-02	6.493776e+00
2.844000e-05	-5.697472e-02	6.799080e+00
2.845000e-05	2.802083e-02	7.038610e+00
2.846000e-05	-4.363688e-02	7.303851e+00
2.847000e-05	1.335989e-02	7.598509e+00
2.848000e-05	-4.537804e-02	7.850191e+00
2.849000e-05	-2.037387e-03	8.175954e+00
2.850000e-05	2.004863e-02	8.346953e+00
2.851000e-05	-3.082931e-02	8.536432e+00
2.852000e-05	8.297288e-03	8.798563e+00
2.853000e-05	-5.339754e-02	9.009593e+00
2.854000e-05	-1.350991e-02	9.281720e+00
2.855000e-05	-8.693154e-03	9.484224e+00
2.856000e-05	-7.645764e-03	9.734352e+00
2.857000e-05	-2.160684e-02	9.967434e+00
2.858000e-05	-2.509056e-02	1.014443e+01
2.859000e-05	-2.802824e-03	1.036591e+01
2.860000e-05	-3.159306e-02	1.055601e+01
2.861000e-05	-2.392560e-02	1.075749e+01
2.862000e-05	-3.890495e-02	1.100651e+01
2.863000e-05	-1.656491e-02	1.118757e+01
2.864000e-05	-1.863146e-02	1.140554e+01
2.865000e-05	-2.731000e-02	1.160652e+01
2.866000e-05	-3.850656e-02	1.178911e+01
2.867000e-05	-3.317899e-02	1.200802e+01
2.868000e-05	-2.059771e-02	1.219599e+01
2.869000e-05	-2.849045e-02	1.236448e+01
2.870000e-05	-3.827784e-02	1.251183e+01
2.871000e-05	-4.461355e-02	1.269278e+01
2.872000e-05	-3.193362e-02	1.283812e+01
2.873000e-05	-3.448602e-02	1.297547e+01
2.874000e-05	-4.117502e-02	1.316541e+01
2.875000e-05	-4.837118e-02	1.330180e+01
2.876000e-05	-3.830375e-02	1.344957e+01
2.877000e-05	-3.771672e-02	1.358699e+01
2.878000e-05	-4.566727e-02	1.370086e+01
2.879000e-05	-6.029324e-02	1.386060e+01
2.880000e-05	-5.598537e-02	1.399496e+01
2.881000e-05	-4.884993e-02	1.416446e+01
2.882000e-05	-4.963782e-02	1.425763e+01
2.883000e-05	-6.038352e-02	1.435444e+01
2.884000e-05	-6.335991e-02	1.446920e+01
2.885000e-05	-5.817602e-02	1.455189e+01
2.886000e-05	-5.903139e-02	1.464757e+01
2.887000e-05	-6.700463e-02	1.475178e+01
2.888000e-05	-7.482071e-02	1.480862e+01
2.889000e-05	-7.184142e-02	1.486967e+01
2.890000e-05	-6.967287e-02	1.489291e+01
2.891000e-05	-7.704022e-02	1.499499e+01
2.892000e-05	-8.741602e-02	1.502910e+01
2.893000e-05	-9.078541e-02	1.510231e+01
2.894000e-05	-8.475826e-02	1.512344e+01
2.895000e-05	-8.716281e-02	1.517652e+01
2.896000e-05	-9.542803e-02	1.523717e+01
2.897000e-05	-1.033830e-01	1.522968e+01
2.898000e-05	-1.007458e-01	1.526028e+01
2.899000e-05	-1.034847e-01	1.526975e+01
2.900000e-05	-1.128908e-01	1.529931e+01
2.901000e-05	-1.217134e-01	1.529241e+01
2.902000e-05	-1.236844e-01	1.530279e+01
2.903000e-05	-1.229469e-01	1.533339e+01
2.904000e-05	-1.318337e-01	1.532179e+01
2.905000e-05	-1.452464e-01	1.529031e+01
2.906000e-05	-1.555564e-01	1.528973e+01
2.907000e-05	-1.614055e-01	1.527963e+01
2.908000e-05	-1.750986e-01	1.523670e+01
2.909000e-05	-1.960052e-01	1.517559e+01
2.910000e-05	-2.230522e-01	1.515196e+01
2.911000e-05	-2.422644e-01	1.512233e+01
2.912000e-05	-2.500000e-01	1.507917e+01
2.913000e-05	-2.500000e-01	1.499744e+01
2.914000e-05	-2.500000e-01	1.496188e+01
2.915000e-05	-2.500000e-01	1.487975e+01
2.916000e-05	-2.500000e-01	1.479604e+01
2.917000e-05	-2.500000e-01	1.475218e+01
2.918000e-05	-2.497449e-01	1.464809e+01
2.919000e-05	-2.357636e-01	1.453226e+01
2.920000e-05	-2.045012e-01	1.447960e+01
2.921000e-05	-1.782004e-01	1.435288e+01
2.922000e-05	-1.601106e-01	1.423757e+01
2.923000e-05	-1.457701e-01	1.413078e+01
2.924000e-05	-1.305096e-01	1.399549e+01
2.925000e-05	-1.151631e-01	1.389015e+01
2.926000e-05	-1.059837e-01	1.376033e+01
2.927000e-05	-1.003114e-01	1.359557e+01
2.928000e-05	-9.426299e-02	1.345067e+01
2.929000e-05	-8.410362e-02	1.332335e+01
2.930000e-05	-7.699607e-02	1.320594e+01
2.931000e-05	-7.395015e-02	1.301899e+01
2.932000e-05	-7.144273e-02	1.285975e+01
2.933000e-05	-6.576314e-02	1.274330e+01
2.934000e-05	-5.983804e-02	1.258488e+01
2.935000e-05	-5.778201e-02	1.241606e+01
2.936000e-05	-5.707279e-02	1.223794e+01
2.937000e-05	-5.400605e-02	1.205067e+01
2.938000e-05	-4.961370e-02	1.191969e+01
2.939000e-05	-4.750958e-02	1.170059e+01
2.940000e-05	-4.819006e-02	1.146962e+01
2.941000e-05	-4.717687e-02	1.125912e+01
2.942000e-05	-4.253446e-02	1.107016e+01
2.943000e-05	-3.909798e-02	1.084017e+01
2.944000e-05	-3.870851e-02	1.067062e+01
2.945000e-05	-3.935572e-02	1.045817e+01
2.946000e-05	-3.682999e-02	1.025854e+01
2.947000e-05	-3.538412e-02	1.001646e+01
2.948000e-05	-3.297896e-02	9.785006e+00
2.949000e-05	-3.512398e-02	9.543406e+00
2.950000e-05	-3.296786e-02	9.334353e+00
2.951000e-05	-3.164135e-02	9.143702e+00
2.952000e-05	-2.822462e-02	8.901749e+00
2.953000e-05	-3.016954e-02	8.670639e+00
2.954000e-05	-2.893600e-02	8.437537e+00
2.955000e-05	-2.867744e-02	8.166929e+00
2.956000e-05	-2.464322e-02	7.932292e+00
2.957000e-05	-2.581006e-02	7.700764e+00
2.958000e-05	-2.607140e-02	7.419055e+00
2.959000e-05	-2.665902e-02	7.134898e+00
2.960000e-05	-2.381100e-02	6.904770e+00
2.961000e-05	-2.243110e-02	6.650507e+00
2.962000e-05	-2.251929e-02	6.365829e+00
2.963000e-05	-2.356170e-02	6.165269e+00
2.964000e-05	-2.132749e-02	5.861144e+00
2.965000e-05	-1.985877e-02	5.557402e+00
2.966000e-05	-2.003006e-02	5.334743e+00
2.967000e-05	-2.110315e-02	5.028557e+00
2.968000e-05	-2.023975e-02	4.712244e+00
2.969000e-05	-1.835606e-02	4.451134e+00
2.970000e-05	-1.780840e-02	4.177950e+00
2.971000e-05	-1.827261e-02	3.894210e+00
2.972000e-05	-1.866929e-02	3.610529e+00
2.973000e-05	-1.547589e-02	3.375315e+00
2.974000e-05	-1.522601e-02	3.071559e+00
2.975000e-05	-1.382587e-02	2.808973e+00
2.976000e-05	-1.710788e-02	2.573137e+00
2.977000e-05	-1.480358e-02	2.199502e+00
2.978000e-05	-1.499961e-02	1.936420e+00
2.979000e-05	-1.271544e-02	1.661507e+00
2.980000e-05	-1.477956e-02	1.366895e+00
2.981000e-05	-1.292780e-02	1.023579e+00
2.982000e-05	-1.124645e-02	7.348932e-01
2.983000e-05	-9.611860e-03	4.831313e-01
2.984000e-05	-9.171305e-03	1.784445e-01
2.985000e-05	-7.847568e-03	-1.057897e-01
2.986000e-05	2.858750e-03	-3.673712e-01
2.987000e-05	-1.768110e-04	-6.436831e-01
2.988000e-05	1.746510e-03	-9.147897e-01
2.989000e-05	-8.261303e-04	-1.138953e+00
2.990000e-05	9.101504e-04	-1.445212e+00
2.991000e-05	5.485904e-04	-1.695290e+00
2.992000e-05	2.314933e-02	-1.918372e+00
2.993000e-05	9.892640e-02	-2.178500e+00
2.994000e-05	6.349263e-02	-2.508473e+00
2.995000e-05	-4.843396e-02	-2.988425e+00
2.996000e-05	-9.221362e-03	-3.304293e+00
2.997000e-05	-4.237944e-02	-3.515841e+00
2.998000e-05	-6.389570e-02	-3.744878e+00
2.999000e-05	-2.895187e-02	-3.987900e+00
3.000000e-05	1.358698e-01	-4.114874e+00
3.001000e-05	-1.244145e-01	-4.442013e+00
3.002000e-05	1.188495e-01	-4.715844e+00
3.003000e-05	-4.548373e-03	-4.915905e+00
3.004000e-05	-5.365850e-02	-5.335429e+00
3.005000e-05	9.779180e-02	-5.579457e+00
3.006000e-05	-1.443623e-01	-5.863745e+00
3.007000e-05	1.335021e-01	-6.093300e+00
3.008000e-05	-2.503591e-02	-6.346907e+00
3.009000e-05	2.488100e-02	-6.653393e+00
3.010000e-05	5.722849e-02	-6.933828e+00
3.011000e-05	-7.232045e-02	-7.251069e+00
3.012000e-05	9.630743e-02	-7.482198e+00
3.013000e-05	-7.283828e-02	-7.745357e+00
3.014000e-05	8.652477e-02	-7.989664e+00
3.015000e-05	-1.083489e-03	-8.260639e+00
3.016000e-05	9.341800e-03	-8.502403e+00
3.017000e-05	7.589637e-02	-8.716009e+00
3.018000e-05	-6.671101e-02	-8.997588e+00
3.019000e-05	7.780172e-02	-9.179985e+00
3.020000e-05	-4.125690e-02	-9.410167e+00
3.021000e-05	8.626566e-02	-9.662195e+00
3.022000e-05	-2.764561e-03	-9.892222e+00
3.023000e-05	3.728095e-02	-1.010092e+01
3.024000e-05	2.451550e-02	-1.030435e+01
3.025000e-05	3.048096e-03	-1.053546e+01
3.026000e-05	5.597491e-02	-1.072388e+01
3.027000e-05	-1.548915e-02	-1.094484e+01
3.028000e-05	6.567697e-02	-1.113193e+01
3.029000e-05	-5.118369e-03	-1.133546e+01
3.030000e-05	6.736640e-02	-1.158454e+01
3.031000e-05	2.832060e-03	-1.176604e+01
3.032000e-05	4.488550e-02	-1.198546e+01
3.033000e-05	1.874052e-02	-1.216546e+01
3.034000e-05	4.484937e-02	-1.231343e+01
3.035000e-05	3.729835e-02	-1.252228e+01
3.036000e-05	2.710228e-02	-1.267070e+01
3.037000e-05	4.141899e-02	-1.280019e+01
3.038000e-05	3.032366e-02	-1.299649e+01
3.039000e-05	5.439435e-02	-1.313446e+01
3.040000e-05	2.927449e-02	-1.328033e+01
3.041000e-05	5.354221e-02	-1.342809e+01
3.042000e-05	3.441708e-02	-1.358647e+01
3.043000e-05	5.761172e-02	-1.369078e+01
3.044000e-05	3.745034e-02	-1.383765e+01
3.045000e-05	4.972863e-02	-1.394552e+01
3.046000e-05	4.436218e-02	-1.409228e+01
3.047000e-05	5.895304e-02	-1.425662e+01
3.048000e-05	5.558699e-02	-1.433288e+01
3.049000e-05	5.611350e-02	-1.448020e+01
3.050000e-05	5.440689e-02	-1.452490e+01
3.051000e-05	6.060566e-02	-1.463955e+01
3.052000e-05	6.595300e-02	-1.476279e+01
3.053000e-05	6.451609e-02	-1.478702e+01
3.054000e-05	6.815738e-02	-1.485123e+01
3.055000e-05	6.757626e-02	-1.490294e+01
3.056000e-05	7.605195e-02	-1.497665e+01
3.057000e-05	7.160808e-02	-1.508115e+01
3.058000e-05	7.578143e-02	-1.514331e+01
3.059000e-05	7.768124e-02	-1.516444e+01
3.060000e-05	8.891482e-02	-1.522767e+01
3.061000e-05	9.103316e-02	-1.524028e+01
3.062000e-05	9.129816e-02	-1.527133e+01
3.063000e-05	9.206910e-02	-1.532238e+01
3.064000e-05	9.664746e-02	-1.537291e+01
3.065000e-05	1.034089e-01	-1.532449e+01
3.066000e-05	1.054545e-01	-1.537451e+01
3.067000e-05	1.127588e-01	-1.540497e+01
3.068000e-05	1.169464e-01	-1.537856e+01
3.069000e-05	1.273934e-01	-1.539804e+01
3.070000e-05	1.304113e-01	-1.537489e+01
3.071000e-05	1.354732e-01	-1.534644e+01
3.072000e-05	1.439133e-01	-1.532283e+01
3.073000e-05	1.586447e-01	-1.526180e+01
3.074000e-05	1.771088e-01	-1.528980e+01
3.075000e-05	1.927750e-01	-1.527910e+01
3.076000e-05	2.174561e-01	-1.520751e+01
3.077000e-05	2.410569e-01	-1.513376e+01
3.078000e-05	2.500000e-01	-1.510165e+01
3.079000e-05	2.500000e-01	-1.505910e+01
3.080000e-05	2.500000e-01	-1.497491e+01
3.081000e-05	2.500000e-01	-1.488978e+01
3.082000e-05	2.500000e-01	-1.482717e+01
3.083000e-05	2.500000e-01	-1.471283e+01
3.084000e-05	2.434256e-01	-1.464960e+01
3.085000e-05	2.163590e-01	-1.455593e+01
3.086000e-05	1.909390e-01	-1.448775e+01
3.087000e-05	1.678017e-01	-1.436494e+01
3.088000e-05	1.476639e-01	-1.425910e+01
3.089000e-05	1.277911e-01	-1.411381e+01
3.090000e-05	1.157034e-01	-1.401605e+01
3.091000e-05	1.046478e-01	-1.386085e+01
3.092000e-05	9.597537e-02	-1.374341e+01
3.093000e-05	8.473612e-02	-1.361707e+01
3.094000e-05	7.915444e-02	-1.348015e+01
3.095000e-05	7.380325e-02	-1.329491e+01
3.096000e-05	6.872560e-02	-1.320652e+01
3.097000e-05	6.156949e-02	-1.303914e+01
3.098000e-05	5.541742e-02	-1.288978e+01
3.099000e-05	5.305612e-02	-1.274383e+01
3.100000e-05	5.128502e-02	-1.255598e+01
3.101000e-05	4.696050e-02	-1.243654e+01
3.102000e-05	4.269927e-02	-1.223904e+01
3.103000e-05	3.868740e-02	-1.203912e+01
3.104000e-05	3.794464e-02	-1.187918e+01
3.105000e-05	3.634653e-02	-1.165062e+01
3.106000e-05	3.297183e-02	-1.142659e+01
3.107000e-05	3.016020e-02	-1.121944e+01
3.108000e-05	2.887096e-02	-1.098704e+01
3.109000e-05	2.817324e-02	-1.081811e+01
3.110000e-05	2.697498e-02	-1.063099e+01
3.111000e-05	2.415263e-02	-1.041811e+01
3.112000e-05	2.264728e-02	-1.017894e+01
3.113000e-05	2.058672e-02	-9.977081e+00
3.114000e-05	2.026987e-02	-9.766904e+00
3.115000e-05	1.888234e-02	-9.564327e+00
3.116000e-05	1.752671e-02	-9.303276e+00
3.117000e-05	1.747967e-02	-9.072192e+00
3.118000e-05	1.636252e-02	-8.851195e+00
3.119000e-05	1.465212e-02	-8.651514e+00
3.120000e-05	1.172222e-02	-8.376934e+00
3.121000e-05	1.161396e-02	-8.146476e+00
3.122000e-05	1.063472e-02	-7.930769e+00
3.123000e-05	1.108987e-02	-7.638110e+00
3.124000e-05	8.419524e-03	-7.356429e+00
3.125000e-05	9.379295e-03	-7.132700e+00
3.126000e-05	7.879290e-03	-6.859190e+00
3.127000e-05	7.470179e-03	-6.589955e+00
3.128000e-05	5.392514e-03	-6.324304e+00
3.129000e-05	5.422116e-03	-6.061689e+00
3.130000e-05	3.221384e-03	-5.789558e+00
3.131000e-05	4.280796e-03	-5.583875e+00
3.132000e-05	2.147294e-03	-5.279712e+00
3.133000e-05	2.764042e-03	-4.943297e+00
3.134000e-05	2.013409e-03	-4.620080e+00
3.135000e-05	1.780978e-03	-4.387001e+00
3.136000e-05	1.512567e-03	-4.155320e+00
3.137000e-05	-1.361096e-03	-3.901659e+00
3.138000e-05	-2.125436e-03	-3.587476e+00
3.139000e-05	-3.972205e-03	-3.357312e+00
3.140000e-05	-2.032834e-03	-3.019553e+00
3.141000e-05	-2.454844e-03	-2.745317e+00
3.142000e-05	-2.834202e-03	-2.502163e+00
3.143000e-05	-4.596545e-03	-2.198951e+00
3.144000e-05	-2.988651e-03	-1.924789e+00
3.145000e-05	-4.302651e-03	-1.621080e+00
3.146000e-05	-4.592423e-03	-1.336288e+00
3.147000e-05	-7.228303e-03	-1.020000e+00
3.148000e-05	-6.369393e-03	-7.462942e-01
3.149000e-05	-6.465619e-03	-4.505823e-01
3.150000e-05	-6.020855e-03	-1.473970e-01
3.151000e-05	-1.117853e-03	6.424072e-02
3.152000e-05	5.934086e-03	3.810527e-01
3.153000e-05	-8.905127e-05	6.711341e-01
3.154000e-05	5.484004e-03	8.847171e-01
3.155000e-05	-2.395210e-03	1.209530e+00
3.156000e-05	9.922027e-04	1.515168e+00
3.157000e-05	-2.086517e-03	1.790025e+00
3.158000e-05	1.649542e-02	1.950531e+00
3.159000e-05	6.650226e-02	2.243134e+00
3.160000e-05	8.198304e-02	2.588004e+00
3.161000e-05	-4.249657e-02	2.894293e+00
3.162000e-05	-3.150379e-02	3.208053e+00
3.163000e-05	-3.762763e-02	3.493767e+00
3.164000e-05	-3.550262e-02	3.727285e+00
3.165000e-05	-8.141491e-02	3.914395e+00
3.166000e-05	1.632491e-02	4.185504e+00
3.167000e-05	6.560644e-02	4.493193e+00
3.168000e-05	-8.724592e-02	4.715923e+00
3.169000e-05	1.316648e-01	4.998959e+00
3.170000e-05	-5.473308e-02	5.377879e+00
3.171000e-05	-3.238998e-02	5.579482e+00
3.172000e-05	1.657716e-02	5.893343e+00
3.173000e-05	-4.262159e-02	6.134301e+00
3.174000e-05	5.742494e-02	6.378535e+00
3.175000e-05	-5.016899e-02	6.695822e+00
3.176000e-05	1.013431e-02	6.955806e+00
3.177000e-05	-1.429220e-02	7.249009e+00
3.178000e-05	-1.648906e-02	7.442197e+00
3.179000e-05	-1.309165e-02	7.756907e+00
3.180000e-05	-4.442573e-02	8.029643e+00
3.181000e-05	3.555909e-02	8.282746e+00
3.182000e-05	-2.493346e-02	8.494750e+00
3.183000e-05	3.595004e-04	8.693801e+00
3.184000e-05	-2.206215e-02	8.944911e+00
3.185000e-05	-4.417262e-02	9.187009e+00
3.186000e-05	6.831455e-03	9.398112e+00
3.187000e-05	-2.302860e-02	9.650725e+00
3.188000e-05	-6.238552e-03	9.871201e+00
3.189000e-05	-3.973933e-02	1.011230e+01
3.190000e-05	-5.621469e-04	1.035288e+01
3.191000e-05	-2.206742e-02	1.055282e+01
3.192000e-05	-2.505357e-02	1.070235e+01
3.193000e-05	-2.986088e-02	1.091335e+01
3.194000e-05	-3.038880e-02	1.113348e+01
3.195000e-05	-8.821005e-03	1.135393e+01
3.196000e-05	-3.287624e-02	1.154448e+01
3.197000e-05	-2.934665e-02	1.175496e+01
3.198000e-05	-4.346093e-02	1.193348e+01
3.199000e-05	-1.993657e-02	1.213538e+01
3.200000e-05	-2.774224e-02	1.229233e+01
3.201000e-05	-3.134451e-02	1.249975e+01
3.202000e-05	-4.302432e-02	1.261870e+01
3.203000e-05	-3.668156e-02	1.277452e+01
3.204000e-05	-3.001001e-02	1.290346e+01
3.205000e-05	-4.256002e-02	1.310225e+01
3.206000e-05	-4.686098e-02	1.328072e+01
3.207000e-05	-4.674333e-02	1.337694e+01
3.208000e-05	-3.397810e-02	1.355544e+01
3.209000e-05	-4.302052e-02	1.363925e+01
3.210000e-05	-5.197106e-02	1.379649e+01
3.211000e-05	-5.845033e-02	1.396279e+01
3.212000e-05	-5.010077e-02	1.409923e+01
3.213000e-05	-4.864602e-02	1.419662e+01
3.214000e-05	-5.685058e-02	1.429236e+01
3.215000e-05	-6.532239e-02	1.444018e+01
3.216000e-05	-6.196914e-02	1.453276e+01
3.217000e-05	-5.783289e-02	1.461704e+01
3.218000e-05	-6.376952e-02	1.469223e+01
3.219000e-05	-7.146164e-02	1.478649e+01
3.220000e-05	-7.393645e-02	1.485920e+01
3.221000e-05	-6.849358e-02	1.490283e+01
3.222000e-05	-7.235895e-02	1.496543e+01
3.223000e-05	-8.285105e-02	1.504707e+01
3.224000e-05	-9.188746e-02	1.511023e+01
3.225000e-05	-8.951114e-02	1.513186e+01
3.226000e-05	-8.673592e-02	1.516399e+01
3.227000e-05	-9.283455e-02	1.520765e+01
3.228000e-05	-9.976840e-02	1.522818e+01
3.229000e-05	-1.010762e-01	1.527973e+01
3.230000e-05	-1.010694e-01	1.529081e+01
3.231000e-05	-1.068672e-01	1.533178e+01
3.232000e-05	-1.184341e-01	1.530982e+01
3.233000e-05	-1.245356e-01	1.535389e+01
3.234000e-05	-1.257570e-01	1.534139e+01
3.235000e-05	-1.285530e-01	1.530126e+01
3.236000e-05	-1.411458e-01	1.534131e+01
3.237000e-05	-1.521036e-01	1.530173e+01
3.238000e-05	-1.596539e-01	1.524820e+01
3.239000e-05	-1.687221e-01	1.523810e+01
3.240000e-05	-1.870961e-01	1.522657e+01
3.241000e-05	-2.113125e-01	1.518399e+01
3.242000e-05	-2.378643e-01	1.514386e+01
3.243000e-05	-2.490749e-01	1.508070e+01
3.244000e-05	-2.500000e-01	1.503709e+01
3.245000e-05	-2.500000e-01	1.500394e+01
3.246000e-05	-2.500000e-01	1.489023e+01
3.247000e-05	-2.500000e-01	1.480815e+01
3.248000e-05	-2.500000e-01	1.480336e+01
3.249000e-05	-2.499250e-01	1.469162e+01
3.250000e-05	-2.436809e-01	1.459394e+01
3.251000e-05	-2.157555e-01	1.449178e+01
3.252000e-05	-1.873857e-01	1.436492e+01
3.253000e-05	-1.652376e-01	1.425922e+01
3.254000e-05	-1.521136e-01	1.415444e+01
3.255000e-05	-1.360957e-01	1.402814e+01
3.256000e-05	-1.211336e-01	1.389126e+01
3.257000e-05	-1.076661e-01	1.378543e+01
3.258000e-05	-1.022482e-01	1.364765e+01
3.259000e-05	-9.611358e-02	1.352225e+01
3.260000e-05	-8.794664e-02	1.338589e+01
3.261000e-05	-7.814105e-02	1.325811e+01
3.262000e-05	-7.550440e-02	1.306115e+01
3.263000e-05	-7.290211e-02	1.294281e+01
3.264000e-05	-6.935457e-02	1.278446e+01
3.265000e-05	-6.209881e-02	1.262904e+01
3.266000e-05	-5.909098e-02	1.245015e+01
3.267000e-05	-5.817108e-02	1.227320e+01
3.268000e-05	-5.480626e-02	1.212128e+01
3.269000e-05	-5.061237e-02	1.196336e+01
3.270000e-05	-4.649393e-02	1.175386e+01
3.271000e-05	-4.738908e-02	1.158173e+01
3.272000e-05	-4.711976e-02	1.132380e+01
3.273000e-05	-4.620839e-02	1.115173e+01
3.274000e-05	-4.006087e-02	1.091480e+01
3.275000e-05	-3.981045e-02	1.076480e+01
3.276000e-05	-3.836796e-02	1.053233e+01
3.277000e-05	-3.936474e-02	1.031390e+01
3.278000e-05	-3.456809e-02	1.009227e+01
3.279000e-05	-3.310880e-02	9.870670e+00
3.280000e-05	-3.366655e-02	9.687567e+00
3.281000e-05	-3.560813e-02	9.417959e+00
3.282000e-05	-3.198570e-02	9.216884e+00
3.283000e-05	-2.975214e-02	8.987930e+00
3.284000e-05	-2.937215e-02	8.753375e+00
3.285000e-05	-3.014511e-02	8.524825e+00
3.286000e-05	-2.921312e-02	8.284068e+00
3.287000e-05	-2.611553e-02	8.019484e+00
3.288000e-05	-2.456955e-02	7.775950e+00
3.289000e-05	-2.565335e-02	7.525821e+00
3.290000e-05	-2.576813e-02	7.238686e+00
3.291000e-05	-2.515424e-02	6.996481e+00
3.292000e-05	-2.326609e-02	6.764299e+00
3.293000e-05	-2.468786e-02	6.490665e+00
3.294000e-05	-2.410632e-02	6.239034e+00
3.295000e-05	-2.255501e-02	5.965428e+00
3.296000e-05	-2.019630e-02	5.702193e+00
3.297000e-05	-1.894829e-02	5.420035e+00
3.298000e-05	-1.928896e-02	5.123271e+00
3.299000e-05	-1.931137e-02	4.809075e+00
3.300000e-05	-1.943133e-02	4.534347e+00
3.301000e-05	-1.882347e-02	4.263185e+00
3.302000e-05	-1.988189e-02	3.986448e+00
3.303000e-05	-1.985787e-02	3.724291e+00
3.304000e-05	-1.717271e-02	3.460584e+00
3.305000e-05	-1.612312e-02	3.145794e+00
3.306000e-05	-1.562446e-02	2.902642e+00
3.307000e-05	-1.565236e-02	2.621505e+00
3.308000e-05	-1.482052e-02	2.353288e+00
3.309000e-05	-1.357172e-02	2.081131e+00
3.310000e-05	-1.395239e-02	1.767925e+00
3.311000e-05	-1.329931e-02	1.452159e+00
3.312000e-05	-1.424785e-02	1.176318e+00
3.313000e-05	-1.210590e-02	8.395311e-01
3.314000e-05	-1.155052e-02	5.578969e-01
3.315000e-05	-9.700014e-03	2.537630e-01
3.316000e-05	-8.010908e-03	1.842474e-02
3.317000e-05	7.723786e-04	-2.852357e-01
3.318000e-05	3.825063e-03	-5.043173e-01
3.319000e-05	-1.602936e-03	-8.025565e-01
3.320000e-05	9.591184e-04	-1.035665e+00
3.321000e-05	-1.942162e-03	-1.378575e+00
3.322000e-05	1.386178e-03	-1.602109e+00
3.323000e-05	1.050481e-02	-1.884212e+00
3.324000e-05	6.387358e-02	-2.074690e+00
3.325000e-05	1.088213e-01	-2.401158e+00
3.326000e-05	-3.168058e-02	-2.812562e+00
3.327000e-05	-1.317496e-02	-3.181030e+00
3.328000e-05	-3.574652e-02	-3.431682e+00
3.329000e-05	-4.268304e-02	-3.641563e+00
3.330000e-05	-8.417088e-02	-3.892766e+00
3.331000e-05	1.269315e-01	-4.052162e+00
3.332000e-05	-4.406776e-02	-4.305346e+00
3.333000e-05	5.797679e-04	-4.570588e+00
3.334000e-05	1.304934e-01	-4.861634e+00
3.335000e-05	-1.320613e-01	-5.220514e+00
3.336000e-05	1.235511e-01	-5.494670e+00
3.337000e-05	-1.040461e-01	-5.746906e+00
3.338000e-05	3.083979e-02	-6.041591e+00
3.339000e-05	7.840244e-02	-6.231744e+00
3.340000e-05	-6.170382e-02	-6.558530e+00
3.341000e-05	1.175004e-01	-6.801039e+00
3.342000e-05	-8.404894e-02	-7.106405e+00
3.343000e-05	6.787730e-02	-7.368531e+00
3.344000e-05	-1.438949e-02	-7.618592e+00
3.345000e-05	3.492401e-03	-7.936381e+00
3.346000e-05	8.220006e-02	-8.105855e+00
3.347000e-05	-5.572198e-02	-8.430070e+00
3.348000e-05	1.124392e-01	-8.608622e+00
3.349000e-05	-5.952303e-02	-8.923829e+00
3.350000e-05	4.167940e-02	-9.115851e+00
3.351000e-05	-8.951351e-04	-9.324929e+00
3.352000e-05	2.625082e-02	-9.587037e+00
3.353000e-05	6.128189e-02	-9.788513e+00
3.354000e-05	-1.354905e-02	-1.002112e+01
3.355000e-05	6.939481e-02	-1.019914e+01
3.356000e-05	-3.026929e-02	-1.047175e+01
3.357000e-05	7.250166e-02	-1.066319e+01
3.358000e-05	-1.690378e-02	-1.087970e+01
3.359000e-05	5.241660e-02	-1.105234e+01
3.360000e-05	1.258737e-02	-1.127222e+01
3.361000e-05	4.205473e-02	-1.151238e+01
3.362000e-05	3.347374e-02	-1.170073e+01
3.363000e-05	1.733060e-02	-1.190325e+01
3.364000e-05	4.191756e-02	-1.210283e+01
3.365000e-05	2.139949e-02	-1.228073e+01
3.366000e-05	5.855206e-02	-1.244809e+01
3.367000e-05	1.377372e-02	-1.261712e+01
3.368000e-05	4.714161e-02	-1.277754e+01
3.369000e-05	2.080503e-02	-1.293591e+01
3.370000e-05	5.500628e-02	-1.310120e+01
3.371000e-05	3.327053e-02	-1.322915e+01
3.372000e-05	4.883749e-02	-1.337646e+01
3.373000e-05	4.074014e-02	-1.351131e+01
3.374000e-05	5.050964e-02	-1.364067e+01
3.375000e-05	4.711810e-02	-1.377699e+01
3.376000e-05	4.093454e-02	-1.392341e+01
3.377000e-05	4.635982e-02	-1.407870e+01
3.378000e-05	4.943054e-02	-1.417547e+01
3.379000e-05	6.170361e-02	-1.425376e+01
3.380000e-05	5.319444e-02	-1.441657e+01
3.381000e-05	5.796531e-02	-1.450488e+01
3.382000e-05	5.418040e-02	-1.457649e+01
3.383000e-05	6.881498e-02	-1.467270e+01
3.384000e-05	6.281317e-02	-1.476497e+01
3.385000e-05	6.761749e-02	-1.486875e+01
3.386000e-05	6.434681e-02	-1.492191e+01
3.387000e-05	7.476515e-02	-1.498755e+01
3.388000e-05	7.349399e-02	-1.507110e+01
3.389000e-05	7.475050e-02	-1.510231e+01
3.390000e-05	7.614605e-02	-1.518346e+01
3.391000e-05	8.425003e-02	-1.520557e+01
3.392000e-05	9.142899e-02	-1.523875e+01
3.393000e-05	9.130027e-02	-1.527075e+01
3.394000e-05	9.266639e-02	-1.533286e+01
3.395000e-05	9.209420e-02	-1.533191e+01
3.396000e-05	1.014070e-01	-1.536591e+01
3.397000e-05	1.041431e-01	-1.537444e+01
3.398000e-05	1.108574e-01	-1.537651e+01
3.399000e-05	1.157189e-01	-1.539556e+01
3.400000e-05	1.246771e-01	-1.539594e+01
3.401000e-05	1.326478e-01	-1.542597e+01
3.402000e-05	1.319936e-01	-1.534494e+01
3.403000e-05	1.412540e-01	-1.536286e+01
3.404000e-05	1.488253e-01	-1.531286e+01
3.405000e-05	1.690296e-01	-1.529183e+01
3.406000e-05	1.860034e-01	-1.528668e+01
3.407000e-05	2.095515e-01	-1.521454e+01
3.408000e-05	2.356096e-01	-1.519496e+01
3.409000e-05	2.493849e-01	-1.512183e+01
3.410000e-05	2.500000e-01	-1.507810e+01
3.411000e-05	2.500000e-01	-1.494749e+01
3.412000e-05	2.500000e-01	-1.490280e+01
3.413000e-05	2.500000e-01	-1.483860e+01
3.414000e-05	2.500000e-01	-1.477401e+01
3.415000e-05	2.488840e-01	-1.471025e+01
3.416000e-05	2.285392e-01	-1.456558e+01
3.417000e-05	1.991746e-01	-1.448178e+01
3.418000e-05	1.767963e-01	-1.441557e+01
3.419000e-05	1.549744e-01	-1.434275e+01
3.420000e-05	1.369141e-01	-1.419649e+01
3.421000e-05	1.201597e-01	-1.405865e+01
3.422000e-05	1.077964e-01	-1.396196e+01
3.423000e-05	9.706378e-02	-1.382757e+01
3.424000e-05	8.763401e-02	-1.368967e+01
3.425000e-05	8.150180e-02	-1.351436e+01
3.426000e-05	7.465979e-02	-1.337647e+01
3.427000e-05	7.147253e-02	-1.324965e+01
3.428000e-05	6.483143e-02	-1.311213e+01
3.429000e-05	5.921444e-02	-1.294436e+01
3.430000e-05	5.246428e-02	-1.277602e+01
3.431000e-05	5.046014e-02	-1.266864e+01
3.432000e-05	4.658847e-02	-1.244972e+01
3.433000e-05	4.442475e-02	-1.231423e+01
3.434000e-05	4.031669e-02	-1.210281e+01
3.435000e-05	3.885294e-02	-1.192276e+01
3.436000e-05	3.677800e-02	-1.175383e+01
3.437000e-05	3.399852e-02	-1.155138e+01
3.438000e-05	3.074729e-02	-1.133170e+01
3.439000e-05	2.880266e-02	-1.109119e+01
3.440000e-05	2.856921e-02	-1.089122e+01
3.441000e-05	2.836760e-02	-1.069330e+01
3.442000e-05	2.477287e-02	-1.048285e+01
3.443000e-05	2.199520e-02	-1.029169e+01
3.444000e-05	2.032620e-02	-1.007877e+01
3.445000e-05	2.078457e-02	-9.870090e+00
3.446000e-05	1.898959e-02	-9.639688e+00
3.447000e-05	1.908901e-02	-9.397990e+00
3.448000e-05	1.679702e-02	-9.174953e+00
3.449000e-05	1.747170e-02	-8.945378e+00
3.450000e-05	1.418246e-02	-8.704778e+00
3.451000e-05	1.301585e-02	-8.470847e+00
3.452000e-05	1.137499e-02	-8.249135e+00
3.453000e-05	1.172062e-02	-7.966431e+00
3.454000e-05	1.080451e-02	-7.734403e+00
3.455000e-05	1.119623e-02	-7.451092e+00
3.456000e-05	8.629809e-03	-7.216885e+00
3.457000e-05	7.121460e-03	-6.944826e+00
3.458000e-05	7.524422e-03	-6.691642e+00
3.459000e-05	5.398293e-03	-6.451182e+00
3.460000e-05	6.057639e-03	-6.187500e+00
3.461000e-05	4.315782e-03	-5.923218e+00
3.462000e-05	3.935355e-03	-5.650063e+00
3.463000e-05	2.883620e-03	-5.346426e+00
3.464000e-05	2.528770e-03	-5.090634e+00
3.465000e-05	1.656915e-03	-4.724347e+00
3.466000e-05	1.839476e-03	-4.492688e+00
3.467000e-05	8.452825e-05	-4.250584e+00
3.468000e-05	6.602839e-04	-3.937928e+00
3.469000e-05	-1.724257e-03	-3.643692e+00
3.470000e-05	-1.550472e-03	-3.432031e+00
3.471000e-05	-4.121443e-03	-3.184821e+00
3.472000e-05	-1.836312e-03	-2.850556e+00
3.473000e-05	-3.470527e-03	-2.598350e+00
3.474000e-05	-1.568610e-03	-2.282166e+00
3.475000e-05	-4.234476e-03	-2.007974e+00
3.476000e-05	-3.653284e-03	-1.755838e+00
3.477000e-05	-5.279736e-03	-1.433205e+00
3.478000e-05	-5.950665e-03	-1.085213e+00
3.479000e-05	-7.343407e-03	-7.910275e-01
3.480000e-05	-7.038093e-03	-5.153132e-01
3.481000e-05	-5.977793e-03	-2.831027e-01
3.482000e-05	-3.504233e-03	-8.448315e-03
3.483000e-05	7.293279e-03	2.753147e-01
3.484000e-05	9.952834e-04	5.385200e-01
3.485000e-05	3.656167e-03	7.589776e-01
3.486000e-05	-7.547755e-04	1.064341e+00
3.487000e-05	9.556725e-04	1.367951e+00
3.488000e-05	-2.284352e-03	1.686319e+00
3.489000e-05	7.967017e-03	1.915318e+00
3.490000e-05	3.952389e-02	2.147925e+00
3.491000e-05	1.016996e-01	2.462137e+00
3.492000e-05	-5.652489e-03	2.821108e+00
3.493000e-05	-4.383467e-02	3.104767e+00
3.494000e-05	-3.471744e-02	3.377003e+00
3.495000e-05	-2.777420e-02	3.661688e+00
3.496000e-05	-6.883596e-02	3.872663e+00
3.497000e-05	-4.222905e-02	4.102142e+00
3.498000e-05	9.252566e-02	4.378979e+00
3.499000e-05	-6.720130e-02	4.661688e+00
3.500000e-05	5.388606e-02	4.892693e+00
3.501000e-05	5.224275e-02	5.240635e+00
3.502000e-05	-9.631045e-02	5.504793e+00
3.503000e-05	4.803774e-02	5.797930e+00
3.504000e-05	-5.462586e-02	6.082188e+00
3.505000e-05	4.024875e-02	6.303319e+00
3.506000e-05	-9.881128e-03	6.557982e+00
3.507000e-05	-3.199114e-02	6.851694e+00
3.508000e-05	1.778223e-02	7.083851e+00
3.509000e-05	-3.989716e-02	7.376439e+00
3.510000e-05	1.473297e-02	7.640745e+00
3.511000e-05	-5.641226e-02	7.913831e+00
3.512000e-05	2.209632e-02	8.209033e+00
3.513000e-05	-1.295948e-03	8.419641e+00
3.514000e-05	-1.956885e-02	8.620665e+00
3.515000e-05	3.845258e-03	8.871298e+00
3.516000e-05	-6.134223e-02	9.084298e+00
3.517000e-05	2.958133e-03	9.365305e+00
3.518000e-05	-2.112182e-02	9.566462e+00
3.519000e-05	-7.284443e-04	9.797485e+00
3.520000e-05	-3.540977e-02	1.001909e+01
3.521000e-05	-1.204653e-02	1.022057e+01
3.522000e-05	-9.904166e-03	1.043014e+01
3.523000e-05	-2.878915e-02	1.065012e+01
3.524000e-05	-2.502284e-02	1.086014e+01
3.525000e-05	-4.083945e-02	1.105029e+01
3.526000e-05	-1.015719e-02	1.125967e+01
3.527000e-05	-2.639334e-02	1.147960e+01
3.528000e-05	-2.609725e-02	1.165975e+01
3.529000e-05	-4.400392e-02	1.184172e+01
3.530000e-05	-2.537040e-02	1.204077e+01
3.531000e-05	-2.252207e-02	1.222765e+01
3.532000e-05	-2.958245e-02	1.241764e+01
3.533000e-05	-4.090887e-02	1.256594e+01
3.534000e-05	-4.405019e-02	1.273391e+01
3.535000e-05	-2.863485e-02	1.286178e+01
3.536000e-05	-3.918090e-02	1.305657e+01
3.537000e-05	-4.295458e-02	1.318709e+01
3.538000e-05	-5.177640e-02	1.334543e+01
3.539000e-05	-3.404944e-02	1.349333e+01
3.540000e-05	-4.048650e-02	1.361764e+01
3.541000e-05	-4.684884e-02	1.377351e+01
3.542000e-05	-6.150329e-02	1.390075e+01
3.543000e-05	-5.284422e-02	1.400672e+01
3.544000e-05	-4.834156e-02	1.418354e+01
3.545000e-05	-5.211778e-02	1.430928e+01
3.546000e-05	-6.311438e-02	1.440549e+01
3.547000e-05	-6.505009e-02	1.449173e+01
3.548000e-05	-5.728916e-02	1.457352e+01
3.549000e-05	-6.040199e-02	1.466067e+01
3.550000e-05	-6.770395e-02	1.475594e+01
3.551000e-05	-7.647241e-02	1.484862e+01
3.552000e-05	-7.014732e-02	1.485975e+01
3.553000e-05	-7.069118e-02	1.492541e+01
3.554000e-05	-7.894136e-02	1.499700e+01
3.555000e-05	-8.985579e-02	1.508010e+01
3.556000e-05	-9.047397e-02	1.513226e+01
3.557000e-05	-8.452807e-02	1.515392e+01
3.558000e-05	-8.819987e-02	1.518802e+01
3.559000e-05	-9.750925e-02	1.525862e+01
3.560000e-05	-1.036475e-01	1.526828e+01
3.561000e-05	-1.008675e-01	1.527926e+01
3.562000e-05	-1.049546e-01	1.532131e+01
3.563000e-05	-1.147153e-01	1.533331e+01
3.564000e-05	-1.236384e-01	1.531188e+01
3.565000e-05	-1.245894e-01	1.533329e+01
3.566000e-05	-1.246782e-01	1.533033e+01
3.567000e-05	-1.347467e-01	1.531188e+01
3.568000e-05	-1.493877e-01	1.526983e+01
3.569000e-05	-1.575518e-01	1.523720e+01
3.570000e-05	-1.645799e-01	1.525817e+01
3.571000e-05	-1.792034e-01	1.523812e+01
3.572000e-05	-2.026719e-01	1.518554e+01
3.573000e-05	-2.298996e-01	1.514141e+01
3.574000e-05	-2.461614e-01	1.507173e+01
3.575000e-05	-2.500000e-01	1.502765e+01
3.576000e-05	-2.500000e-01	1.498504e+01
3.577000e-05	-2.500000e-01	1.493433e+01
3.578000e-05	-2.500000e-01	1.486770e+01
3.579000e-05	-2.500000e-01	1.478596e+01
3.580000e-05	-2.500000e-01	1.470215e+01
3.581000e-05	-2.483688e-01	1.457559e+01
3.582000e-05	-2.278198e-01	1.453278e+01
3.583000e-05	-1.963499e-01	1.443760e+01
3.584000e-05	-1.724065e-01	1.429175e+01
3.585000e-05	-1.555607e-01	1.419696e+01
3.586000e-05	-1.420480e-01	1.408075e+01
3.587000e-05	-1.268660e-01	1.399536e+01
3.588000e-05	-1.123762e-01	1.385707e+01
3.589000e-05	-1.046066e-01	1.369336e+01
3.590000e-05	-9.964346e-02	1.356391e+01
3.591000e-05	-9.173291e-02	1.342902e+01
3.592000e-05	-8.186577e-02	1.330918e+01
3.593000e-05	-7.512919e-02	1.317280e+01
3.594000e-05	-7.300156e-02	1.296544e+01
3.595000e-05	-7.054181e-02	1.281917e+01
3.596000e-05	-6.465651e-02	1.267021e+01
3.597000e-05	-6.057465e-02	1.253277e+01
3.598000e-05	-5.696032e-02	1.237483e+01
3.599000e-05	-5.776052e-02	1.220499e+01
3.600000e-05	-5.333243e-02	1.198746e+01
3.601000e-05	-4.896580e-02	1.181844e+01
3.602000e-05	-4.563740e-02	1.163762e+01
3.603000e-05	-4.742572e-02	1.141699e+01
3.604000e-05	-4.580975e-02	1.121646e+01
3.605000e-05	-4.240466e-02	1.100751e+01
3.606000e-05	-3.889691e-02	1.083796e+01
3.607000e-05	-3.925068e-02	1.061696e+01
3.608000e-05	-3.917830e-02	1.036699e+01
3.609000e-05	-3.708536e-02	1.016546e+01
3.610000e-05	-3.478435e-02	1.001486e+01
3.611000e-05	-3.379037e-02	9.712776e+00
3.612000e-05	-3.486794e-02	9.511171e+00
3.613000e-05	-3.265811e-02	9.271292e+00
3.614000e-05	-3.129315e-02	9.072540e+00
3.615000e-05	-2.876841e-02	8.817482e+00
3.616000e-05	-2.899982e-02	8.596933e+00
3.617000e-05	-2.972401e-02	8.365979e+00
3.618000e-05	-2.847166e-02	8.132347e+00
3.619000e-05	-2.545244e-02	7.850189e+00
3.620000e-05	-2.507254e-02	7.597006e+00
3.621000e-05	-2.572267e-02	7.344331e+00
3.622000e-05	-2.491791e-02	7.091666e+00
3.623000e-05	-2.341208e-02	6.839611e+00
3.624000e-05	-2.202937e-02	6.585923e+00
3.625000e-05	-2.324411e-02	6.313193e+00
3.626000e-05	-2.253663e-02	6.078613e+00
3.627000e-05	-2.223105e-02	5.818432e+00
3.628000e-05	-2.018395e-02	5.525147e+00
3.629000e-05	-2.051039e-02	5.259983e+00
3.630000e-05	-2.067776e-02	4.880767e+00
3.631000e-05	-2.068923e-02	4.640510e+00
3.632000e-05	-1.800980e-02	4.345902e+00
3.633000e-05	-1.750904e-02	4.063210e+00
3.634000e-05	-1.683859e-02	3.797900e+00
3.635000e-05	-1.846044e-02	3.547273e+00
3.636000e-05	-1.609388e-02	3.282083e+00
3.637000e-05	-1.626639e-02	2.968424e+00
3.638000e-05	-1.503107e-02	2.736788e+00
3.639000e-05	-1.701645e-02	2.408930e+00
3.640000e-05	-1.505128e-02	2.148317e+00
3.641000e-05	-1.411688e-02	1.894109e+00
3.642000e-05	-1.153374e-02	1.577423e+00
3.643000e-05	-1.438602e-02	1.264659e+00
3.644000e-05	-1.234655e-02	9.388382e-01
3.645000e-05	-1.279301e-02	6.540826e-01
3.646000e-05	-8.914637e-03	3.984023e-01
3.647000e-05	-9.573658e-03	1.052340e-01
3.648000e-05	-5.589162e-03	-1.594476e-01
3.649000e-05	4.278122e-03	-4.215515e-01
3.650000e-05	-1.944977e-03	-7.064462e-01
3.651000e-05	2.820367e-03	-9.684739e-01
3.652000e-05	-1.110876e-03	-1.232683e+00
3.653000e-05	1.326532e-03	-1.528975e+00
3.654000e-05	3.342574e-03	-1.758579e+00
3.655000e-05	3.643403e-02	-1.990031e+00
3.656000e-05	1.165469e-01	-2.255295e+00
3.657000e-05	1.673734e-02	-2.653293e+00
3.658000e-05	-3.653721e-02	-3.080791e+00
3.659000e-05	-1.995490e-02	-3.389449e+00
3.660000e-05	-4.061982e-02	-3.557374e+00
3.661000e-05	-8.406941e-02	-3.760603e+00
3.662000e-05	4.188654e-02	-3.999532e+00
3.663000e-05	7.632368e-02	-4.180083e+00
3.664000e-05	-1.028578e-01	-4.512777e+00
3.665000e-05	1.798305e-01	-4.778928e+00
3.666000e-05	-8.799914e-02	-5.051220e+00
3.667000e-05	3.975160e-02	-5.382187e+00
3.668000e-05	1.387083e-02	-5.630692e+00
3.669000e-05	-9.292781e-02	-5.978403e+00
3.670000e-05	1.519711e-01	-6.164910e+00
3.671000e-05	-7.499960e-02	-6.481796e+00
3.672000e-05	9.033601e-02	-6.706928e+00
3.673000e-05	-1.586496e-02	-6.997032e+00
3.674000e-05	-1.611347e-02	-7.273754e+00
3.675000e-05	6.473561e-02	-7.495354e+00
3.676000e-05	-6.450589e-02	-7.799540e+00
3.677000e-05	1.146661e-01	-8.112272e+00
3.678000e-05	-4.968734e-02	-8.303350e+00
3.679000e-05	6.881040e-02	-8.594937e+00
3.680000e-05	1.214833e-02	-8.799613e+00
3.681000e-05	-2.979940e-02	-9.030241e+00
3.682000e-05	5.874913e-02	-9.250043e+00
3.683000e-05	-3.033161e-02	-9.452252e+00
3.684000e-05	9.930911e-02	-9.736376e+00
3.685000e-05	-2.790004e-02	-9.935381e+00
3.686000e-05	7.037615e-02	-1.014341e+01
3.687000e-05	-1.414409e-02	-1.038903e+01
3.688000e-05	4.118078e-02	-1.057801e+01
3.689000e-05	2.071756e-02	-1.075554e+01
3.690000e-05	1.170699e-02	-1.098851e+01
3.691000e-05	4.798496e-02	-1.118657e+01
3.692000e-05	7.187301e-03	-1.142857e+01
3.693000e-05	6.276049e-02	-1.161710e+01
3.694000e-05	-1.805827e-03	-1.179872e+01
3.695000e-05	5.364649e-02	-1.199814e+01
3.696000e-05	1.131435e-02	-1.217702e+01
3.697000e-05	5.987920e-02	-1.238802e+01
3.698000e-05	2.092308e-02	-1.253492e+01
3.699000e-05	3.901798e-02	-1.273128e+01
3.700000e-05	2.906389e-02	-1.287275e+01
3.701000e-05	4.128612e-02	-1.303012e+01
3.702000e-05	4.486765e-02	-1.316652e+01
3.703000e-05	3.737152e-02	-1.330294e+01
3.704000e-05	5.073568e-02	-1.348773e+01
3.705000e-05	4.061126e-02	-1.361864e+01
3.706000e-05	5.615745e-02	-1.373591e+01
3.707000e-05	3.595823e-02	-1.388075e+01
3.708000e-05	5.030102e-02	-1.397754e+01
3.709000e-05	4.379820e-02	-1.412284e+01
3.710000e-05	6.222046e-02	-1.425813e+01
3.711000e-05	5.345455e-02	-1.437341e+01
3.712000e-05	5.893294e-02	-1.443128e+01
3.713000e-05	5.468521e-02	-1.457396e+01
3.714000e-05	6.507747e-02	-1.468060e+01
3.715000e-05	6.462785e-02	-1.474236e+01
3.716000e-05	6.497554e-02	-1.479965e+01
3.717000e-05	6.698650e-02	-1.489083e+01
3.718000e-05	6.961795e-02	-1.499444e+01
3.719000e-05	7.629988e-02	-1.501815e+01
3.720000e-05	7.105858e-02	-1.511176e+01
3.721000e-05	7.772252e-02	-1.515386e+01
3.722000e-05	7.885639e-02	-1.518710e+01
3.723000e-05	9.235099e-02	-1.519814e+01
3.724000e-05	8.985867e-02	-1.525978e+01
3.725000e-05	9.328777e-02	-1.530130e+01
3.726000e-05	9.195415e-02	-1.532236e+01
3.727000e-05	1.004473e-01	-1.532143e+01
3.728000e-05	1.036237e-01	-1.538539e+01
3.729000e-05	1.073604e-01	-1.538401e+01
3.730000e-05	1.114841e-01	-1.541651e+01
3.731000e-05	1.195119e-01	-1.542700e+01
3.732000e-05	1.293700e-01	-1.539604e+01
3.733000e-05	1.325320e-01	-1.536491e+01
3.734000e-05	1.385770e-01	-1.534389e+01
3.735000e-05	1.478417e-01	-1.534293e+01
3.736000e-05	1.647821e-01	-1.525978e+01
3.737000e-05	1.800259e-01	-1.526972e+01
3.738000e-05	1.990193e-01	-1.522554e+01
3.739000e-05	2.233702e-01	-1.517391e+01
3.740000e-05	2.455204e-01	-1.514330e+01
3.741000e-05	2.500000e-01	-1.505215e+01
3.742000e-05	2.500000e-01	-1.500808e+01
3.743000e-05	2.500000e-01	-1.496483e+01
3.744000e-05	2.500000e-01	-1.486925e+01
3.745000e-05	2.500000e-01	-1.480447e+01
3.746000e-05	2.500000e-01	-1.471286e+01
3.747000e-05	2.379816e-01	-1.463009e+01
3.748000e-05	2.066413e-01	-1.454285e+01
3.749000e-05	1.831908e-01	-1.445867e+01
3.750000e-05	1.615814e-01	-1.433389e+01
3.751000e-05	1.426592e-01	-1.425860e+01
3.752000e-05	1.251130e-01	-1.411083e+01
3.753000e-05	1.134061e-01	-1.396441e+01
3.754000e-05	1.033056e-01	-1.385773e+01
3.755000e-05	9.353269e-02	-1.373228e+01
3.756000e-05	8.205940e-02	-1.358546e+01
3.757000e-05	7.654702e-02	-1.345052e+01
3.758000e-05	7.263430e-02	-1.329178e+01
3.759000e-05	6.665011e-02	-1.317443e+01
3.760000e-05	5.913493e-02	-1.299853e+01
3.761000e-05	5.505512e-02	-1.285867e+01
3.762000e-05	5.193376e-02	-1.269228e+01
3.763000e-05	5.019483e-02	-1.254379e+01
3.764000e-05	4.524895e-02	-1.234551e+01
3.765000e-05	4.049373e-02	-1.218446e+01
3.766000e-05	3.865673e-02	-1.203609e+01
3.767000e-05	3.782421e-02	-1.180659e+01
3.768000e-05	3.496622e-02	-1.160707e+01
3.769000e-05	3.130516e-02	-1.139604e+01
3.770000e-05	2.924650e-02	-1.118486e+01
3.771000e-05	2.951387e-02	-1.091543e+01
3.772000e-05	2.805143e-02	-1.078598e+01
3.773000e-05	2.512813e-02	-1.055749e+01
3.774000e-05	2.323165e-02	-1.040386e+01
3.775000e-05	2.258899e-02	-1.011383e+01
3.776000e-05	2.237031e-02	-9.922797e+00
3.777000e-05	2.063633e-02	-9.723371e+00
3.778000e-05	1.788394e-02	-9.500572e+00
3.779000e-05	1.655665e-02	-9.299218e+00
3.780000e-05	1.615144e-02	-9.068562e+00
3.781000e-05	1.430689e-02	-8.815534e+00
3.782000e-05	1.241256e-02	-8.566381e+00
3.783000e-05	1.208924e-02	-8.303798e+00
3.784000e-05	1.442235e-02	-8.081294e+00
3.785000e-05	1.302604e-02	-7.829966e+00
3.786000e-05	1.117632e-02	-7.524924e+00
3.787000e-05	7.643954e-03	-7.263291e+00
3.788000e-05	6.949931e-03	-7.058089e+00
3.789000e-05	6.194616e-03	-6.746479e+00
3.790000e-05	5.999913e-03	-6.543848e+00
3.791000e-05	6.052002e-03	-6.282693e+00
3.792000e-05	5.406601e-03	-6.017531e+00
3.793000e-05	5.411751e-03	-5.746325e+00
3.794000e-05	4.859291e-03	-5.462568e+00
3.795000e-05	2.194839e-03	-5.187473e+00
3.796000e-05	2.400090e-04	-4.821165e+00
3.797000e-05	1.208756e-03	-4.567400e+00
3.798000e-05	2.474411e-03	-4.337271e+00
3.799000e-05	1.638959e-03	-4.093188e+00
3.800000e-05	-2.011836e-03	-3.818444e+00
3.801000e-05	-2.271732e-03	-3.503767e+00
3.802000e-05	-2.770313e-03	-3.271687e+00
3.803000e-05	-1.939486e-03	-2.935844e+00
3.804000e-05	-3.891783e-03	-2.642708e+00
3.805000e-05	-3.345726e-03	-2.349031e+00
3.806000e-05	-3.000475e-03	-2.114788e+00
3.807000e-05	-2.338037e-03	-1.851056e+00
3.808000e-05	-5.274385e-03	-1.536894e+00
3.809000e-05	-7.534727e-03	-1.239000e+00
3.810000e-05	-8.312420e-03	-9.562683e-01
3.811000e-05	-6.339280e-03	-6.200829e-01
3.812000e-05	-6.156094e-03	-3.573696e-01
3.813000e-05	-5.159561e-03	-9.476048e-02
3.814000e-05	3.896895e-03	1.889762e-01
3.815000e-05	4.335936e-03	4.846606e-01
3.816000e-05	2.361624e-03	7.162682e-01
3.817000e-05	2.308986e-03	9.984799e-01
3.818000e-05	-2.305669e-03	1.272708e+00
3.819000e-05	-2.948496e-04	1.570004e+00
3.820000e-05	3.597156e-03	1.872682e+00
3.821000e-05	2.392850e-02	2.062234e+00
3.822000e-05	8.695832e-02	2.307841e+00
3.823000e-05	4.686315e-02	2.644243e+00
3.824000e-05	-5.043694e-02	3.009005e+00
3.825000e-05	-2.929028e-02	3.263168e+00
3.826000e-05	-3.472969e-02	3.579928e+00
3.827000e-05	-4.951831e-02	3.809030e+00
3.828000e-05	-7.662774e-02	4.008454e+00
3.829000e-05	6.225702e-02	4.242641e+00
3.830000e-05	8.827858e-03	4.557430e+00
3.831000e-05	-4.576895e-02	4.788459e+00
3.832000e-05	1.319952e-01	5.144800e+00
3.833000e-05	-1.003836e-01	5.430545e+00
3.834000e-05	2.170371e-02	5.663691e+00
3.835000e-05	-2.340563e-02	5.968450e+00
3.836000e-05	-7.452046e-03	6.199085e+00
3.837000e-05	3.858026e-02	6.492170e+00
3.838000e-05	-5.700558e-02	6.746005e+00
3.839000e-05	2.534780e-02	6.989010e+00
3.840000e-05	-3.740895e-02	7.272196e+00
3.841000e-05	8.146168e-03	7.587430e+00
3.842000e-05	-3.700295e-02	7.830573e+00
3.843000e-05	-1.562515e-02	8.106375e+00
3.844000e-05	2.595783e-02	8.305426e+00
3.845000e-05	-3.052851e-02	8.545405e+00
3.846000e-05	1.087012e-02	8.798435e+00
3.847000e-05	-4.767850e-02	8.986041e+00
3.848000e-05	-2.388767e-02	9.260119e+00
3.849000e-05	-4.860219e-03	9.470277e+00
3.850000e-05	-1.110219e-02	9.721352e+00
3.851000e-05	-1.693520e-02	9.925330e+00
3.852000e-05	-3.012116e-02	1.018641e+01
3.853000e-05	-2.976846e-04	1.034536e+01
3.854000e-05	-2.805612e-02	1.057499e+01
3.855000e-05	-2.242420e-02	1.074853e+01
3.856000e-05	-3.818893e-02	1.096694e+01
3.857000e-05	-2.109381e-02	1.118744e+01
3.858000e-05	-1.659147e-02	1.141647e+01
3.859000e-05	-2.795201e-02	1.161706e+01
3.860000e-05	-3.543510e-02	1.177746e+01
3.861000e-05	-3.744471e-02	1.199754e+01
3.862000e-05	-2.073249e-02	1.219496e+01
3.863000e-05	-2.830021e-02	1.232493e+01
3.864000e-05	-3.576646e-02	1.252288e+01
3.865000e-05	-4.470592e-02	1.265017e+01
3.866000e-05	-3.358176e-02	1.281957e+01
3.867000e-05	-3.337314e-02	1.297597e+01
3.868000e-05	-4.170564e-02	1.315391e+01
3.869000e-05	-4.854237e-02	1.328220e+01
3.870000e-05	-4.124384e-02	1.344002e+01
3.871000e-05	-3.620553e-02	1.359649e+01
3.872000e-05	-4.448875e-02	1.371175e+01
3.873000e-05	-5.740941e-02	1.385807e+01
3.874000e-05	-5.807199e-02	1.396392e+01
3.875000e-05	-5.075301e-02	1.410233e+01
3.876000e-05	-5.058976e-02	1.424715e+01
3.877000e-05	-5.917831e-02	1.434544e+01
3.878000e-05	-6.423538e-02	1.451017e+01
3.879000e-05	-5.842586e-02	1.454394e+01
3.880000e-05	-5.876643e-02	1.464667e+01
3.881000e-05	-6.474253e-02	1.473335e+01
3.882000e-05	-7.530476e-02	1.478710e+01
3.883000e-05	-7.258781e-02	1.488122e+01
3.884000e-05	-7.041751e-02	1.489338e+01
3.885000e-05	-7.542135e-02	1.502549e+01
3.886000e-05	-8.706973e-02	1.502968e+01
3.887000e-05	-8.967809e-02	1.507278e+01
3.888000e-05	-8.522399e-02	1.514389e+01
3.889000e-05	-8.553669e-02	1.520552e+01
3.890000e-05	-9.377114e-02	1.521913e+01
3.891000e-05	-1.022979e-01	1.524860e+01
3.892000e-05	-1.027256e-01	1.528876e+01
3.893000e-05	-1.046478e-01	1.528980e+01
3.894000e-05	-1.127485e-01	1.532131e+01
3.895000e-05	-1.207094e-01	1.533239e+01
3.896000e-05	-1.229949e-01	1.532184e+01
3.897000e-05	-1.224296e-01	1.528326e+01
3.898000e-05	-1.300498e-01	1.529979e+01
3.899000e-05	-1.419930e-01	1.529931e+01
3.900000e-05	-1.557696e-01	1.530975e+01
3.901000e-05	-1.626675e-01	1.527820e+01
3.902000e-05	-1.754125e-01	1.524615e+01
3.903000e-05	-1.933242e-01	1.519554e+01
3.904000e-05	-2.199732e-01	1.514442e+01
3.905000e-05	-2.403357e-01	1.508231e+01
3.906000e-05	-2.490800e-01	1.505117e+01
3.907000e-05	-2.500000e-01	1.500709e+01
3.908000e-05	-2.500000e-01	1.495343e+01
3.909000e-05	-2.500000e-01	1.489925e+01
3.910000e-05	-2.500000e-01	1.483811e+01
3.911000e-05	-2.500000e-01	1.474333e+01
3.912000e-05	-2.498000e-01	1.466710e+01
3.913000e-05	-2.365913e-01	1.454541e+01
3.914000e-05	-2.053687e-01	1.449960e+01
3.915000e-05	-1.802614e-01	1.440446e+01
3.916000e-05	-1.582603e-01	1.420864e+01
3.917000e-05	-1.489108e-01	1.410293e+01
3.918000e-05	-1.323499e-01	1.404492e+01
3.919000e-05	-1.209958e-01	1.387118e+01
3.920000e-05	-1.066491e-01	1.370236e+01
3.921000e-05	-1.019607e-01	1.362549e+01
3.922000e-05	-9.276095e-02	1.347077e+01
3.923000e-05	-8.542463e-02	1.335381e+01
3.924000e-05	-7.493565e-02	1.319643e+01
3.925000e-05	-7.391332e-02	1.304852e+01
3.926000e-05	-7.156048e-02	1.287980e+01
3.927000e-05	-6.859454e-02	1.273333e+01
3.928000e-05	-6.120157e-02	1.255541e+01
3.929000e-05	-5.957576e-02	1.242799e+01
3.930000e-05	-5.709407e-02	1.224954e+01
3.931000e-05	-5.444746e-02	1.206069e+01
3.932000e-05	-4.935348e-02	1.189179e+01
3.933000e-05	-4.563085e-02	1.168017e+01
3.934000e-05	-4.678542e-02	1.146165e+01
3.935000e-05	-4.554797e-02	1.125972e+01
3.936000e-05	-4.464072e-02	1.105967e+01
3.937000e-05	-4.079623e-02	1.087219e+01
3.938000e-05	-4.129742e-02	1.073207e+01
3.939000e-05	-3.966459e-02	1.045169e+01
3.940000e-05	-3.851945e-02	1.025059e+01
3.941000e-05	-3.444793e-02	1.002717e+01
3.942000e-05	-3.428845e-02	9.826965e+00
3.943000e-05	-3.306892e-02	9.546460e+00
3.944000e-05	-3.385450e-02	9.344847e+00
3.945000e-05	-3.040986e-02	9.133726e+00
3.946000e-05	-2.974406e-02	8.932299e+00
3.947000e-05	-3.009425e-02	8.691094e+00
3.948000e-05	-3.050732e-02	8.430166e+00
3.949000e-05	-2.873808e-02	8.207934e+00
3.950000e-05	-2.561672e-02	7.973802e+00
3.951000e-05	-2.500474e-02	7.703269e+00
3.952000e-05	-2.652482e-02	7.460638e+00
3.953000e-05	-2.542028e-02	7.166830e+00
3.954000e-05	-2.360167e-02	6.943343e+00
3.955000e-05	-2.293059e-02	6.681614e+00
3.956000e-05	-2.428673e-02	6.389376e+00
3.957000e-05	-2.487458e-02	6.144851e+00
3.958000e-05	-2.181464e-02	5.913168e+00
3.959000e-05	-2.021647e-02	5.630006e+00
3.960000e-05	-1.999473e-02	5.335797e+00
3.961000e-05	-2.062752e-02	5.020056e+00
3.962000e-05	-1.992071e-02	4.713718e+00
3.963000e-05	-1.843127e-02	4.472134e+00
3.964000e-05	-1.815446e-02	4.228475e+00
3.965000e-05	-1.852521e-02	3.944115e+00
3.966000e-05	-1.831735e-02	3.650133e+00
3.967000e-05	-1.669581e-02	3.366317e+00
3.968000e-05	-1.412918e-02	3.053187e+00
3.969000e-05	-1.586276e-02	2.838979e+00
3.970000e-05	-1.769105e-02	2.516766e+00
3.971000e-05	-1.577947e-02	2.230552e+00
3.972000e-05	-1.447469e-02	1.957850e+00
3.973000e-05	-1.193698e-02	1.662682e+00
3.974000e-05	-1.395341e-02	1.398371e+00
3.975000e-05	-1.277689e-02	1.083137e+00
3.976000e-05	-1.191855e-02	7.693184e-01
3.977000e-05	-9.635605e-03	4.942092e-01
3.978000e-05	-1.008121e-02	2.004734e-01
3.979000e-05	-7.625886e-03	-8.531696e-02
3.980000e-05	2.442236e-03	-3.373199e-01
3.981000e-05	1.403991e-03	-6.001794e-01
3.982000e-05	3.740738e-04	-8.847633e-01
3.983000e-05	-9.481304e-04	-1.124820e+00
3.984000e-05	-3.672256e-04	-1.433763e+00
3.985000e-05	8.463019e-04	-1.703740e+00
3.986000e-05	2.012739e-02	-1.915894e+00
3.987000e-05	9.161194e-02	-2.186529e+00
3.988000e-05	7.751055e-02	-2.547875e+00
3.989000e-05	-4.692695e-02	-2.956372e+00
3.990000e-05	-9.051608e-03	-3.302265e+00
3.991000e-05	-4.235038e-02	-3.473342e+00
3.992000e-05	-5.755173e-02	-3.695272e+00
3.993000e-05	-4.684957e-02	-3.937970e+00
3.994000e-05	1.427147e-01	-4.093221e+00
3.995000e-05	-1.115205e-01	-4.379038e+00
3.996000e-05	8.593489e-02	-4.683303e+00
3.997000e-05	2.214997e-02	-4.926498e+00
3.998000e-05	-8.226681e-02	-5.315924e+00
3.999000e-05	1.156850e-01	-5.555981e+00
4.000000e-05	-1.427336e-01	-5.850686e+00
4.001000e-05	1.127467e-01	-6.112772e+00
4.002000e-05	-5.830549e-04	-6.366481e+00
4.003000e-05	6.724165e-04	-6.652167e+00
4.004000e-05	7.721019e-02	-6.902323e+00
4.005000e-05	-8.200296e-02	-7.210565e+00
4.006000e-05	9.648550e-02	-7.451191e+00
4.007000e-05	-6.208531e-02	-7.733302e+00
4.008000e-05	6.881835e-02	-8.029114e+00
4.009000e-05	2.068588e-02	-8.209608e+00
4.010000e-05	-1.184809e-02	-8.532699e+00
4.011000e-05	8.951752e-02	-8.715329e+00
4.012000e-05	-7.187445e-02	-8.958006e+00
4.013000e-05	7.211675e-02	-9.198484e+00
4.014000e-05	-3.392629e-02	-9.407993e+00
4.015000e-05	7.483995e-02	-9.651196e+00
4.016000e-05	1.400186e-02	-9.852191e+00
4.017000e-05	2.329085e-02	-1.007970e+01
4.018000e-05	3.768611e-02	-1.029220e+01
4.019000e-05	-8.324678e-03	-1.050488e+01
4.020000e-05	6.368143e-02	-1.069285e+01
4.021000e-05	-1.970258e-02	-1.089341e+01
4.022000e-05	6.543049e-02	-1.110436e+01
4.023000e-05	-3.812902e-03	-1.129288e+01
4.024000e-05	6.318620e-02	-1.156593e+01
4.025000e-05	9.160375e-03	-1.172249e+01
4.026000e-05	3.849500e-02	-1.195596e+01
4.027000e-05	2.558736e-02	-1.212493e+01
4.028000e-05	4.012875e-02	-1.228343e+01
4.029000e-05	4.331484e-02	-1.249167e+01
4.030000e-05	2.166650e-02	-1.266120e+01
4.031000e-05	4.225446e-02	-1.280817e+01
4.032000e-05	2.518710e-02	-1.299504e+01
4.033000e-05	5.575274e-02	-1.313336e+01
4.034000e-05	2.907292e-02	-1.326030e+01
4.035000e-05	5.446670e-02	-1.340702e+01
4.036000e-05	3.645936e-02	-1.357543e+01
4.037000e-05	5.761497e-02	-1.369180e+01
4.038000e-05	3.926352e-02	-1.380965e+01
4.039000e-05	4.706529e-02	-1.399541e+01
4.040000e-05	4.322614e-02	-1.405078e+01
4.041000e-05	5.682341e-02	-1.422709e+01
4.042000e-05	5.655715e-02	-1.431288e+01
4.043000e-05	5.518795e-02	-1.444810e+01
4.044000e-05	5.631614e-02	-1.451493e+01
4.045000e-05	5.944249e-02	-1.464910e+01
4.046000e-05	6.921023e-02	-1.470233e+01
4.047000e-05	6.372082e-02	-1.481755e+01
4.048000e-05	6.836426e-02	-1.488028e+01
4.049000e-05	6.617639e-02	-1.491296e+01
4.050000e-05	7.648370e-02	-1.503607e+01
4.051000e-05	7.123851e-02	-1.508018e+01
4.052000e-05	7.495268e-02	-1.516381e+01
4.053000e-05	7.678745e-02	-1.517597e+01
4.054000e-05	8.779038e-02	-1.521510e+01
4.055000e-05	9.075095e-02	-1.523927e+01
4.056000e-05	9.205686e-02	-1.526185e+01
4.057000e-05	9.207354e-02	-1.530390e+01
4.058000e-05	9.431299e-02	-1.537499e+01
4.059000e-05	1.050161e-01	-1.537592e+01
4.060000e-05	1.045532e-01	-1.541597e+01
4.061000e-05	1.138176e-01	-1.534502e+01
4.062000e-05	1.164505e-01	-1.537549e+01
4.063000e-05	1.275650e-01	-1.539446e+01
4.064000e-05	1.303907e-01	-1.535494e+01
4.065000e-05	1.339131e-01	-1.538353e+01
4.066000e-05	1.418919e-01	-1.530288e+01
4.067000e-05	1.556342e-01	-1.530278e+01
4.068000e-05	1.747617e-01	-1.529030e+01
4.069000e-05	1.916583e-01	-1.523767e+01
4.070000e-05	2.154028e-01	-1.524602e+01
4.071000e-05	2.395715e-01	-1.515488e+01
4.072000e-05	2.498000e-01	-1.509130e+01
4.073000e-05	2.500000e-01	-1.502862e+01
4.074000e-05	2.500000e-01	-1.498749e+01
4.075000e-05	2.500000e-01	-1.488086e+01
4.076000e-05	2.500000e-01	-1.480764e+01
4.077000e-05	2.500000e-01	-1.472396e+01
4.078000e-05	2.456600e-01	-1.469120e+01
4.079000e-05	2.212765e-01	-1.454541e+01
4.080000e-05	1.927178e-01	-1.447165e+01
4.081000e-05	1.695328e-01	-1.438482e+01
4.082000e-05	1.495120e-01	-1.428067e+01
4.083000e-05	1.305764e-01	-1.416391e+01
4.084000e-05	1.169858e-01	-1.400708e+01
4.085000e-05	1.047580e-01	-1.393075e+01
4.086000e-05	9.554315e-02	-1.374489e+01
4.087000e-05	8.628346e-02	-1.363712e+01
4.088000e-05	7.998209e-02	-1.349172e+01
4.089000e-05	7.494686e-02	-1.335436e+01
4.090000e-05	6.877384e-02	-1.321706e+01
4.091000e-05	6.252560e-02	-1.305009e+01
4.092000e-05	5.561925e-02	-1.294278e+01
4.093000e-05	5.253267e-02	-1.279334e+01
4.094000e-05	5.047907e-02	-1.259651e+01
4.095000e-05	4.779566e-02	-1.241662e+01
4.096000e-05	4.295918e-02	-1.225059e+01
4.097000e-05	4.051072e-02	-1.207867e+01
4.098000e-05	3.805578e-02	-1.191165e+01
4.099000e-05	3.541314e-02	-1.167973e+01
4.100000e-05	3.185336e-02	-1.142972e+01
4.101000e-05	3.017653e-02	-1.119859e+01
4.102000e-05	2.954816e-02	-1.103859e+01
4.103000e-05	2.873439e-02	-1.087007e+01
4.104000e-05	2.577288e-02	-1.066209e+01
4.105000e-05	2.356455e-02	-1.045014e+01
4.106000e-05	2.213054e-02	-1.020904e+01
4.107000e-05	2.181025e-02	-1.000698e+01
4.108000e-05	2.047223e-02	-9.796434e+00
4.109000e-05	1.951916e-02	-9.596436e+00
4.110000e-05	1.719314e-02	-9.365355e+00
4.111000e-05	1.819787e-02	-9.123271e+00
4.112000e-05	1.602865e-02	-8.893671e+00
4.113000e-05	1.379868e-02	-8.631639e+00
4.114000e-05	1.169941e-02	-8.418061e+00
4.115000e-05	1.152501e-02	-8.207453e+00
4.116000e-05	1.194215e-02	-7.945778e+00
4.117000e-05	1.150820e-02	-7.650238e+00
4.118000e-05	9.373816e-03	-7.396480e+00
4.119000e-05	9.467134e-03	-7.155276e+00
4.120000e-05	7.198226e-03	-6.870689e+00
4.121000e-05	6.901055e-03	-6.640005e+00
4.122000e-05	3.898683e-03	-6.405926e+00
4.123000e-05	4.939780e-03	-6.134317e+00
4.124000e-05	4.411626e-03	-5.841560e+00
4.125000e-05	5.287316e-03	-5.587001e+00
4.126000e-05	2.914274e-03	-5.261264e+00
4.127000e-05	2.861296e-03	-5.007896e+00
4.128000e-05	2.469457e-03	-4.613190e+00
4.129000e-05	1.550591e-03	-4.400006e+00
4.130000e-05	5.139066e-04	-4.187373e+00
4.131000e-05	-1.753276e-03	-3.904139e+00
4.132000e-05	-1.199243e-03	-3.590101e+00
4.133000e-05	-2.192001e-03	-3.356846e+00
4.134000e-05	-2.695127e-03	-3.083136e+00
4.135000e-05	-3.846004e-03	-2.788372e+00
4.136000e-05	-3.711777e-03	-2.484791e+00
4.137000e-05	-1.147943e-03	-2.200531e+00
4.138000e-05	-3.581599e-03	-1.925391e+00
4.139000e-05	-4.550660e-03	-1.702185e+00
4.140000e-05	-6.967198e-03	-1.337947e+00
4.141000e-05	-6.479969e-03	-1.062003e+00
4.142000e-05	-7.624305e-03	-7.769221e-01
4.143000e-05	-6.630955e-03	-4.626053e-01
4.144000e-05	-7.173188e-03	-1.989474e-01
4.145000e-05	-1.396937e-04	9.418670e-02
4.146000e-05	8.062088e-03	3.689739e-01
4.147000e-05	6.023210e-04	6.211013e-01
4.148000e-05	4.132710e-03	8.816869e-01
4.149000e-05	-3.107846e-03	1.208976e+00
4.150000e-05	1.540165e-03	1.501590e+00
4.151000e-05	-1.578045e-03	1.738978e+00
4.152000e-05	1.399031e-02	2.019970e+00
4.153000e-05	5.874157e-02	2.219679e+00
4.154000e-05	9.003005e-02	2.586796e+00
4.155000e-05	-3.488806e-02	2.903764e+00
4.156000e-05	-3.346556e-02	3.137897e+00
4.157000e-05	-3.784637e-02	3.433214e+00
4.158000e-05	-3.120654e-02	3.703841e+00
4.159000e-05	-7.902644e-02	3.914790e+00
4.160000e-05	1.270658e-03	4.124849e+00
4.161000e-05	7.686317e-02	4.422218e+00
4.162000e-05	-8.897748e-02	4.725317e+00
4.163000e-05	1.164765e-01	4.986354e+00
4.164000e-05	-2.737835e-02	5.333850e+00
4.165000e-05	-4.929747e-02	5.538973e+00
4.166000e-05	2.759907e-02	5.813240e+00
4.167000e-05	-4.895026e-02	6.104297e+00
4.168000e-05	5.571209e-02	6.326931e+00
4.169000e-05	-4.337147e-02	6.661693e+00
4.170000e-05	-2.118435e-03	6.933301e+00
4.171000e-05	-5.248933e-03	7.147910e+00
4.172000e-05	-2.045776e-02	7.464142e+00
4.173000e-05	-8.628221e-04	7.716830e+00
4.174000e-05	-4.808636e-02	8.018610e+00
4.175000e-05	3.594721e-02	8.261142e+00
4.176000e-05	-2.218469e-02	8.482671e+00
4.177000e-05	-6.032112e-03	8.680748e+00
4.178000e-05	-1.769747e-02	8.923848e+00
4.179000e-05	-5.153180e-02	9.148007e+00
4.180000e-05	8.425414e-03	9.356992e+00
4.181000e-05	-2.117729e-02	9.619142e+00
4.182000e-05	-7.423271e-04	9.841147e+00
4.183000e-05	-3.936807e-02	1.010270e+01
4.184000e-05	-3.582749e-03	1.028123e+01
4.185000e-05	-2.096135e-02	1.049435e+01
4.186000e-05	-2.752185e-02	1.069232e+01
4.187000e-05	-2.919304e-02	1.087232e+01
4.188000e-05	-3.374943e-02	1.113277e+01
4.189000e-05	-7.133658e-03	1.131133e+01
4.190000e-05	-3.022350e-02	1.149286e+01
4.191000e-05	-2.678187e-02	1.174591e+01
4.192000e-05	-4.438768e-02	1.191281e+01
4.193000e-05	-2.060617e-02	1.208238e+01
4.194000e-05	-2.739979e-02	1.230220e+01
4.195000e-05	-3.111108e-02	1.245019e+01
4.196000e-05	-4.459950e-02	1.260809e+01
4.197000e-05	-3.850619e-02	1.276597e+01
4.198000e-05	-3.040936e-02	1.290286e+01
4.199000e-05	-3.927723e-02	1.305275e+01
4.200000e-05	-4.504345e-02	1.321910e+01
4.201000e-05	-4.638783e-02	1.335651e+01
4.202000e-05	-3.443302e-02	1.350541e+01
4.203000e-05	-4.260688e-02	1.367067e+01
4.204000e-05	-5.308512e-02	1.377549e+01
4.205000e-05	-6.018418e-02	1.389221e+01
4.206000e-05	-5.349572e-02	1.405030e+01
4.207000e-05	-4.685911e-02	1.416502e+01
4.208000e-05	-5.753766e-02	1.430126e+01
4.209000e-05	-6.156438e-02	1.439707e+01
4.210000e-05	-6.091818e-02	1.453236e+01
4.211000e-05	-5.576998e-02	1.462659e+01
4.212000e-05	-6.220675e-02	1.470230e+01
4.213000e-05	-7.381671e-02	1.472554e+01
4.214000e-05	-7.699048e-02	1.484760e+01
4.215000e-05	-7.248802e-02	1.490278e+01
4.216000e-05	-7.323172e-02	1.495594e+01
4.217000e-05	-8.108598e-02	1.500809e+01
4.218000e-05	-8.950124e-02	1.508873e+01
4.219000e-05	-8.496680e-02	1.515293e+01
4.220000e-05	-8.386536e-02	1.514501e+01
4.221000e-05	-9.025907e-02	1.521657e+01
4.222000e-05	-1.021835e-01	1.528822e+01
4.223000e-05	-1.044632e-01	1.528071e+01
4.224000e-05	-1.035526e-01	1.529131e+01
4.225000e-05	-1.080467e-01	1.531133e+01
4.226000e-05	-1.172058e-01	1.531026e+01
4.227000e-05	-1.228352e-01	1.533233e+01
4.228000e-05	-1.224769e-01	1.532281e+01
4.229000e-05	-1.260355e-01	1.531238e+01
4.230000e-05	-1.395096e-01	1.532036e+01
4.231000e-05	-1.533619e-01	1.527923e+01
4.232000e-05	-1.599013e-01	1.525875e+01
4.233000e-05	-1.692968e-01	1.523860e+01
4.234000e-05	-1.845999e-01	1.520660e+01
4.235000e-05	-2.113656e-01	1.517597e+01
4.236000e-05	-2.352678e-01	1.514333e+01
4.237000e-05	-2.488721e-01	1.507110e+01
4.238000e-05	-2.500000e-01	1.501812e+01
4.239000e-05	-2.500000e-01	1.500539e+01
4.240000e-05	-2.500000e-01	1.489280e+01
4.241000e-05	-2.500000e-01	1.484959e+01
4.242000e-05	-2.500000e-01	1.475391e+01
4.243000e-05	-2.500000e-01	1.467915e+01
4.244000e-05	-2.455708e-01	1.458496e+01
4.245000e-05	-2.197950e-01	1.453180e+01
4.246000e-05	-1.893883e-01	1.439552e+01
4.247000e-05	-1.666689e-01	1.430028e+01
4.248000e-05	-1.525264e-01	1.417441e+01
4.249000e-05	-1.365029e-01	1.406709e+01
4.250000e-05	-1.218518e-01	1.394176e+01
4.251000e-05	-1.078611e-01	1.376497e+01
4.252000e-05	-1.035371e-01	1.364965e+01
4.253000e-05	-9.694184e-02	1.350285e+01
4.254000e-05	-9.077614e-02	1.342804e+01
4.255000e-05	-7.986716e-02	1.324769e+01
4.256000e-05	-7.625646e-02	1.311168e+01
4.257000e-05	-7.204840e-02	1.295083e+01
4.258000e-05	-6.939256e-02	1.282544e+01
4.259000e-05	-6.143121e-02	1.264954e+01
4.260000e-05	-5.737879e-02	1.250972e+01
4.261000e-05	-5.717813e-02	1.231323e+01
4.262000e-05	-5.745772e-02	1.213278e+01
4.263000e-05	-5.238925e-02	1.194440e+01
4.264000e-05	-4.909911e-02	1.179386e+01
4.265000e-05	-4.786266e-02	1.156536e+01
4.266000e-05	-4.899477e-02	1.134436e+01
4.267000e-05	-4.468726e-02	1.113335e+01
4.268000e-05	-3.965909e-02	1.093438e+01
4.269000e-05	-3.710308e-02	1.078435e+01
4.270000e-05	-3.865437e-02	1.055533e+01
4.271000e-05	-3.869491e-02	1.030332e+01
4.272000e-05	-3.675333e-02	1.013527e+01
4.273000e-05	-3.449916e-02	9.882142e+00
4.274000e-05	-3.525256e-02	9.648219e+00
4.275000e-05	-3.616365e-02	9.431062e+00
4.276000e-05	-3.279853e-02	9.217536e+00
4.277000e-05	-2.964021e-02	8.977461e+00
4.278000e-05	-2.984650e-02	8.725303e+00
4.279000e-05	-2.940559e-02	8.555350e+00
4.280000e-05	-2.944014e-02	8.313170e+00
4.281000e-05	-2.485070e-02	8.039661e+00
4.282000e-05	-2.341586e-02	7.807934e+00
4.283000e-05	-2.585627e-02	7.555376e+00
4.284000e-05	-2.802356e-02	7.249214e+00
4.285000e-05	-2.810377e-02	7.018959e+00
4.286000e-05	-2.494060e-02	6.726805e+00
4.287000e-05	-2.377239e-02	6.480167e+00
4.288000e-05	-2.229625e-02	6.220460e+00
4.289000e-05	-2.103231e-02	5.975527e+00
4.290000e-05	-1.692534e-02	5.734767e+00
4.291000e-05	-1.851047e-02	5.472109e+00
4.292000e-05	-2.090262e-02	5.125848e+00
4.293000e-05	-2.295784e-02	4.829556e+00
4.294000e-05	-2.265168e-02	4.557374e+00
4.295000e-05	-1.989231e-02	4.323214e+00
4.296000e-05	-1.899668e-02	3.996926e+00
4.297000e-05	-1.794515e-02	3.745841e+00
4.298000e-05	-1.478448e-02	3.472610e+00
4.299000e-05	-1.319043e-02	3.197349e+00
4.300000e-05	-1.394877e-02	2.904187e+00
4.301000e-05	-1.795756e-02	2.651025e+00
4.302000e-05	-1.743959e-02	2.334265e+00
4.303000e-05	-1.574902e-02	2.074132e+00
4.304000e-05	-1.377945e-02	1.819397e+00
4.305000e-05	-1.370964e-02	1.484662e+00
4.306000e-05	-1.373666e-02	1.189455e+00
4.307000e-05	-1.237503e-02	9.031526e-01
4.308000e-05	-9.449562e-03	5.989235e-01
4.309000e-05	-8.464071e-03	3.347590e-01
4.310000e-05	-8.530144e-03	-1.002748e-03
4.311000e-05	-1.891149e-03	-2.417118e-01
4.312000e-05	3.053765e-03	-5.337657e-01
4.313000e-05	-2.335418e-03	-8.004801e-01
4.314000e-05	-1.592362e-04	-1.052204e+00
4.315000e-05	-2.033004e-03	-1.336974e+00
4.316000e-05	1.500388e-03	-1.663110e+00
4.317000e-05	1.038191e-02	-1.813187e+00
4.318000e-05	5.659654e-02	-2.082664e+00
4.319000e-05	1.144042e-01	-2.350029e+00
4.320000e-05	-2.218802e-02	-2.737535e+00
4.321000e-05	-1.834542e-02	-3.129005e+00
4.322000e-05	-3.256506e-02	-3.429606e+00
4.323000e-05	-4.201364e-02	-3.629585e+00
4.324000e-05	-8.966752e-02	-3.865240e+00
4.325000e-05	1.087270e-01	-4.042088e+00
4.326000e-05	-1.297775e-02	-4.263292e+00
4.327000e-05	-2.595497e-02	-4.588482e+00
4.328000e-05	1.593860e-01	-4.819108e+00
4.329000e-05	-1.293376e-01	-5.147959e+00
4.330000e-05	1.083960e-01	-5.491795e+00
4.331000e-05	-7.563117e-02	-5.736300e+00
4.332000e-05	3.771640e-04	-6.021117e+00
4.333000e-05	1.026549e-01	-6.230137e+00
4.334000e-05	-7.231743e-02	-6.526925e+00
4.335000e-05	1.173884e-01	-6.830140e+00
4.336000e-05	-7.231407e-02	-7.064221e+00
4.337000e-05	4.823148e-02	-7.336429e+00
4.338000e-05	5.107410e-03	-7.647564e+00
4.339000e-05	-1.629953e-02	-7.895851e+00
4.340000e-05	9.692055e-02	-8.144825e+00
4.341000e-05	-6.024704e-02	-8.367515e+00
4.342000e-05	1.069703e-01	-8.618090e+00
4.343000e-05	-4.555818e-02	-8.893750e+00
4.344000e-05	2.430112e-02	-9.085324e+00
4.345000e-05	1.386775e-02	-9.312378e+00
4.346000e-05	9.391100e-03	-9.588507e+00
4.347000e-05	7.489977e-02	-9.786958e+00
4.348000e-05	-2.019605e-02	-1.001959e+01
4.349000e-05	7.580542e-02	-1.019709e+01
4.350000e-05	-2.948756e-02	-1.045020e+01
4.351000e-05	6.775839e-02	-1.065165e+01
4.352000e-05	-1.129342e-02	-1.081867e+01
4.353000e-05	4.341413e-02	-1.102867e+01
4.354000e-05	2.046688e-02	-1.127864e+01
4.355000e-05	3.277317e-02	-1.147228e+01
4.356000e-05	4.135251e-02	-1.170015e+01
4.357000e-05	1.114813e-02	-1.186075e+01
4.358000e-05	4.882402e-02	-1.208880e+01
4.359000e-05	1.976682e-02	-1.225107e+01
4.360000e-05	6.203728e-02	-1.241717e+01
4.361000e-05	1.420202e-02	-1.260602e+01
4.362000e-05	4.539739e-02	-1.275453e+01
4.363000e-05	2.104693e-02	-1.291233e+01
4.364000e-05	5.145481e-02	-1.306973e+01
4.365000e-05	3.474827e-02	-1.322912e+01
4.366000e-05	4.731348e-02	-1.335506e+01
4.367000e-05	4.501488e-02	-1.349233e+01
4.368000e-05	4.897478e-02	-1.361867e+01
4.369000e-05	5.051577e-02	-1.378646e+01
4.370000e-05	3.922500e-02	-1.393343e+01
4.371000e-05	4.766674e-02	-1.403817e+01
4.372000e-05	4.735056e-02	-1.416654e+01
4.373000e-05	6.146540e-02	-1.430230e+01
4.374000e-05	5.302869e-02	-1.442649e+01
4.375000e-05	5.890990e-02	-1.447275e+01
4.376000e-05	5.478759e-02	-1.460502e+01
4.377000e-05	7.000422e-02	-1.465220e+01
4.378000e-05	6.389076e-02	-1.477449e+01
4.379000e-05	6.780704e-02	-1.487868e+01
4.380000e-05	6.457023e-02	-1.490138e+01
4.381000e-05	7.309130e-02	-1.499652e+01
4.382000e-05	7.348079e-02	-1.500917e+01
4.383000e-05	7.435602e-02	-1.514283e+01
4.384000e-05	7.686897e-02	-1.517593e+01
4.385000e-05	8.354316e-02	-1.519509e+01
4.386000e-05	9.207612e-02	-1.522870e+01
4.387000e-05	9.100041e-02	-1.526938e+01
4.388000e-05	9.239272e-02	-1.534133e+01
4.389000e-05	9.259615e-02	-1.534433e+01
4.390000e-05	1.012863e-01	-1.533537e+01
4.391000e-05	1.055435e-01	-1.540404e+01
4.392000e-05	1.108809e-01	-1.537404e+01
4.393000e-05	1.121646e-01	-1.539757e+01
4.394000e-05	1.222982e-01	-1.541549e+01
4.395000e-05	1.291932e-01	-1.540547e+01
4.396000e-05	1.317151e-01	-1.539494e+01
4.397000e-05	1.418344e-01	-1.530289e+01
4.398000e-05	1.501545e-01	-1.532128e+01
4.399000e-05	1.705017e-01	-1.532133e+01
4.400000e-05	1.867429e-01	-1.525818e+01
4.401000e-05	2.059101e-01	-1.523617e+01
4.402000e-05	2.323974e-01	-1.515596e+01
4.403000e-05	2.464699e-01	-1.514178e+01
4.404000e-05	2.500000e-01	-1.508012e+01
4.405000e-05	2.500000e-01	-1.498657e+01
4.406000e-05	2.500000e-01	-1.493386e+01
4.407000e-05	2.500000e-01	-1.487857e+01
4.408000e-05	2.500000e-01	-1.479599e+01
4.409000e-05	2.495999e-01	-1.467128e+01
4.410000e-05	2.299354e-01	-1.460809e+01
4.411000e-05	2.002116e-01	-1.447283e+01
4.412000e-05	1.743993e-01	-1.439612e+01
4.413000e-05	1.550255e-01	-1.433283e+01
4.414000e-05	1.355523e-01	-1.419502e+01
4.415000e-05	1.225569e-01	-1.407020e+01
4.416000e-05	1.107759e-01	-1.393346e+01
4.417000e-05	1.023218e-01	-1.382920e+01
4.418000e-05	9.019027e-02	-1.367078e+01
4.419000e-05	8.188843e-02	-1.354333e+01
4.420000e-05	7.345117e-02	-1.342807e+01
4.421000e-05	7.054885e-02	-1.324869e+01
4.422000e-05	6.339847e-02	-1.313485e+01
4.423000e-05	5.874021e-02	-1.298491e+01
4.424000e-05	5.387891e-02	-1.282499e+01
4.425000e-05	5.203921e-02	-1.269012e+01
4.426000e-05	4.923562e-02	-1.248235e+01
4.427000e-05	4.537884e-02	-1.232228e+01
4.428000e-05	4.066214e-02	-1.216388e+01
4.429000e-05	3.864221e-02	-1.195586e+01
4.430000e-05	3.649762e-02	-1.174433e+01
4.431000e-05	3.410090e-02	-1.158241e+01
4.432000e-05	3.000438e-02	-1.134270e+01
4.433000e-05	2.921734e-02	-1.110228e+01
4.434000e-05	2.968210e-02	-1.090287e+01
4.435000e-05	2.763327e-02	-1.071375e+01
4.436000e-05	2.560727e-02	-1.054233e+01
4.437000e-05	2.386017e-02	-1.031215e+01
4.438000e-05	2.165057e-02	-1.009282e+01
4.439000e-05	2.161827e-02	-9.860642e+00
4.440000e-05	1.927475e-02	-9.651594e+00
4.441000e-05	1.767433e-02	-9.469512e+00
4.442000e-05	1.735015e-02	-9.186532e+00
4.443000e-05	1.707790e-02	-8.966456e+00
4.444000e-05	1.457742e-02	-8.765355e+00
4.445000e-05	1.214512e-02	-8.532718e+00
4.446000e-05	1.148602e-02	-8.270638e+00
4.447000e-05	1.242974e-02	-8.050083e+00
4.448000e-05	1.152936e-02	-7.745851e+00
4.449000e-05	1.014734e-02	-7.481120e+00
4.450000e-05	8.334705e-03	-7.249135e+00
4.451000e-05	8.613061e-03	-6.966979e+00
4.452000e-05	6.759061e-03	-6.724796e+00
4.453000e-05	5.735592e-03	-6.440266e+00
4.454000e-05	4.539731e-03	-6.268483e+00
4.455000e-05	5.088350e-03	-5.963776e+00
4.456000e-05	3.673343e-03	-5.700215e+00
4.457000e-05	4.823520e-03	-5.396949e+00
4.458000e-05	1.318824e-03	-5.103666e+00
4.459000e-05	2.202075e-03	-4.765921e+00
4.460000e-05	1.121205e-03	-4.513714e+00
4.461000e-05	1.277575e-03	-4.292160e+00
4.462000e-05	-5.013558e-04	-4.038028e+00
4.463000e-05	-1.476930e-03	-3.724312e+00
4.464000e-05	-1.730059e-03	-3.461059e+00
4.465000e-05	-2.774823e-03	-3.186973e+00
4.466000e-05	-3.686236e-03	-2.831633e+00
4.467000e-05	-3.829193e-03	-2.599453e+00
4.468000e-05	-2.946929e-03	-2.324822e+00
4.469000e-05	-3.477039e-03	-2.048529e+00
4.470000e-05	-3.762509e-03	-1.746368e+00
4.471000e-05	-5.837728e-03	-1.443184e+00
4.472000e-05	-6.576904e-03	-1.155371e+00
4.473000e-05	-6.796708e-03	-8.526341e-01
4.474000e-05	-6.242925e-03	-6.063718e-01
4.475000e-05	-6.878987e-03	-2.727330e-01
4.476000e-05	-4.617728e-03	8.950059e-03
4.477000e-05	6.792136e-03	2.946879e-01
4.478000e-05	1.712932e-03	5.263174e-01
4.479000e-05	2.080155e-03	7.694486e-01
4.480000e-05	-1.632107e-04	1.042687e+00
4.481000e-05	-6.011226e-04	1.317366e+00
4.482000e-05	-2.781374e-04	1.653211e+00
4.483000e-05	6.888745e-03	1.883741e+00
4.484000e-05	3.544518e-02	2.125322e+00
4.485000e-05	9.895350e-02	2.390982e+00
4.486000e-05	6.607560e-03	2.760475e+00
4.487000e-05	-4.798412e-02	3.053288e+00
4.488000e-05	-3.311209e-02	3.356851e+00
4.489000e-05	-3.023891e-02	3.660506e+00
4.490000e-05	-6.375876e-02	3.843162e+00
4.491000e-05	-5.308221e-02	4.040593e+00
4.492000e-05	9.045755e-02	4.317447e+00
4.493000e-05	-5.027769e-02	4.601085e+00
4.494000e-05	2.829092e-02	4.891015e+00
4.495000e-05	7.713369e-02	5.208609e+00
4.496000e-05	-1.044436e-01	5.482766e+00
4.497000e-05	4.540508e-02	5.745403e+00
4.498000e-05	-4.978433e-02	6.041134e+00
4.499000e-05	2.913507e-02	6.252666e+00
4.500000e-05	2.891570e-03	6.546956e+00
4.501000e-05	-4.045022e-02	6.849090e+00
4.502000e-05	2.196199e-02	7.072194e+00
4.503000e-05	-4.156520e-02	7.356906e+00
4.504000e-05	1.659402e-02	7.621063e+00
4.505000e-05	-5.373865e-02	7.913252e+00
4.506000e-05	1.358914e-02	8.187058e+00
4.507000e-05	5.853599e-03	8.409610e+00
4.508000e-05	-2.485658e-02	8.609013e+00
4.509000e-05	6.463604e-03	8.839669e+00
4.510000e-05	-5.997244e-02	9.063748e+00
4.511000e-05	-6.293445e-04	9.294925e+00
4.512000e-05	-1.614734e-02	9.526381e+00
4.513000e-05	-1.940218e-03	9.755963e+00
4.514000e-05	-3.207099e-02	1.001756e+01
4.515000e-05	-1.728018e-02	1.017757e+01
4.516000e-05	-7.693522e-03	1.037962e+01
4.517000e-05	-3.100014e-02	1.064754e+01
4.518000e-05	-2.245176e-02	1.080965e+01
4.519000e-05	-4.017655e-02	1.104012e+01
4.520000e-05	-1.028888e-02	1.122005e+01
4.521000e-05	-2.350128e-02	1.146962e+01
4.522000e-05	-2.505358e-02	1.169077e+01
4.523000e-05	-4.319383e-02	1.185064e+01
4.524000e-05	-2.741234e-02	1.200865e+01
4.525000e-05	-2.315298e-02	1.222809e+01
4.526000e-05	-2.827365e-02	1.238759e+01
4.527000e-05	-4.086084e-02	1.255544e+01
4.528000e-05	-4.335168e-02	1.270280e+01
4.529000e-05	-3.028083e-02	1.286078e+01
4.530000e-05	-3.555614e-02	1.303852e+01
4.531000e-05	-4.199504e-02	1.318656e+01
4.532000e-05	-4.948233e-02	1.330338e+01
4.533000e-05	-3.678747e-02	1.347015e+01
4.534000e-05	-3.853852e-02	1.362757e+01
4.535000e-05	-4.769829e-02	1.376331e+01
4.536000e-05	-6.050503e-02	1.390022e+01
4.537000e-05	-5.495530e-02	1.401694e+01
4.538000e-05	-4.852618e-02	1.416348e+01
4.539000e-05	-5.171181e-02	1.425920e+01
4.540000e-05	-6.152910e-02	1.439399e+01
4.541000e-05	-6.502348e-02	1.450925e+01
4.542000e-05	-5.676810e-02	1.454629e+01
4.543000e-05	-6.055188e-02	1.461827e+01
4.544000e-05	-6.768576e-02	1.473536e+01
4.545000e-05	-7.684889e-02	1.484659e+01
4.546000e-05	-7.111947e-02	1.485175e+01
4.547000e-05	-7.027685e-02	1.490286e+01
4.548000e-05	-7.837817e-02	1.501757e+01
4.549000e-05	-8.883287e-02	1.510022e+01
4.550000e-05	-9.017754e-02	1.510186e+01
4.551000e-05	-8.389066e-02	1.514394e+01
4.552000e-05	-8.840485e-02	1.518605e+01
4.553000e-05	-9.671466e-02	1.525762e+01
4.554000e-05	-1.036694e-01	1.526023e+01
4.555000e-05	-1.015607e-01	1.529123e+01
4.556000e-05	-1.052115e-01	1.531178e+01
4.557000e-05	-1.139861e-01	1.533428e+01
4.558000e-05	-1.236992e-01	1.530183e+01
4.559000e-05	-1.236664e-01	1.529283e+01
4.560000e-05	-1.245832e-01	1.529179e+01
4.561000e-05	-1.328598e-01	1.532281e+01
4.562000e-05	-1.475129e-01	1.533081e+01
4.563000e-05	-1.575179e-01	1.527973e+01
4.564000e-05	-1.642094e-01	1.527920e+01
4.565000e-05	-1.777845e-01	1.523765e+01
4.566000e-05	-2.009215e-01	1.517599e+01
4.567000e-05	-2.272746e-01	1.514444e+01
4.568000e-05	-2.459260e-01	1.514226e+01
4.569000e-05	-2.500000e-01	1.505954e+01
4.570000e-05	-2.500000e-01	1.500599e+01
4.571000e-05	-2.500000e-01	1.491425e+01
4.572000e-05	-2.500000e-01	1.482922e+01
4.573000e-05	-2.500000e-01	1.479649e+01
4.574000e-05	-2.500000e-01	1.470173e+01
4.575000e-05	-2.488748e-01	1.464757e+01
4.576000e-05	-2.314661e-01	1.453236e+01
4.577000e-05	-1.996882e-01	1.443902e+01
4.578000e-05	-1.738498e-01	1.435184e+01
4.579000e-05	-1.557516e-01	1.418756e+01
4.580000e-05	-1.433846e-01	1.410935e+01
4.581000e-05	-1.267479e-01	1.397538e+01
4.582000e-05	-1.126827e-01	1.383057e+01
4.583000e-05	-1.046173e-01	1.371030e+01
4.584000e-05	-1.001474e-01	1.358496e+01
4.585000e-05	-9.279198e-02	1.344012e+01
4.586000e-05	-8.297282e-02	1.333073e+01
4.587000e-05	-7.692486e-02	1.316380e+01
4.588000e-05	-7.449360e-02	1.297691e+01
4.589000e-05	-7.135445e-02	1.285769e+01
4.590000e-05	-6.430267e-02	1.270220e+01
4.591000e-05	-5.866771e-02	1.253433e+01
4.592000e-05	-5.581698e-02	1.236591e+01
4.593000e-05	-5.727075e-02	1.220644e+01
4.594000e-05	-5.392675e-02	1.204612e+01
4.595000e-05	-5.095036e-02	1.181857e+01
4.596000e-05	-4.773453e-02	1.161859e+01
4.597000e-05	-4.922269e-02	1.141752e+01
4.598000e-05	-4.544433e-02	1.125951e+01
4.599000e-05	-4.220305e-02	1.101849e+01
4.600000e-05	-3.769512e-02	1.084819e+01
4.601000e-05	-3.850191e-02	1.056796e+01
4.602000e-05	-3.786345e-02	1.041713e+01
4.603000e-05	-3.797071e-02	1.021651e+01
4.604000e-05	-3.490087e-02	9.995406e+00
4.605000e-05	-3.455233e-02	9.735827e+00
4.606000e-05	-3.550926e-02	9.493197e+00
4.607000e-05	-3.443423e-02	9.293792e+00
4.608000e-05	-3.094755e-02	9.111618e+00
4.609000e-05	-2.866726e-02	8.849588e+00
4.610000e-05	-2.889452e-02	8.648508e+00
4.611000e-05	-2.904884e-02	8.377928e+00
4.612000e-05	-2.858813e-02	8.145375e+00
4.613000e-05	-2.663326e-02	7.872164e+00
4.614000e-05	-2.578395e-02	7.618562e+00
4.615000e-05	-2.731626e-02	7.375903e+00
4.616000e-05	-2.663116e-02	7.103268e+00
4.617000e-05	-2.331042e-02	6.870137e+00
4.618000e-05	-2.287711e-02	6.577480e+00
4.619000e-05	-2.303450e-02	6.334369e+00
4.620000e-05	-2.323945e-02	6.081694e+00
4.621000e-05	-2.091469e-02	5.829009e+00
4.622000e-05	-1.989697e-02	5.555871e+00
4.623000e-05	-1.995779e-02	5.291090e+00
4.624000e-05	-2.117837e-02	4.955841e+00
4.625000e-05	-1.997729e-02	4.680580e+00
4.626000e-05	-1.940029e-02	4.428055e+00
4.627000e-05	-1.714478e-02	4.113689e+00
4.628000e-05	-1.922807e-02	3.830455e+00
4.629000e-05	-1.713435e-02	3.567377e+00
4.630000e-05	-1.588410e-02	3.272538e+00
4.631000e-05	-1.359799e-02	3.048476e+00
4.632000e-05	-1.686906e-02	2.726846e+00
4.633000e-05	-1.658826e-02	2.452081e+00
4.634000e-05	-1.542231e-02	2.156395e+00
4.635000e-05	-1.308279e-02	1.894182e+00
4.636000e-05	-1.313943e-02	1.570978e+00
4.637000e-05	-1.307099e-02	1.305714e+00
4.638000e-05	-1.253354e-02	1.017945e+00
4.639000e-05	-1.092544e-02	6.741816e-01
4.640000e-05	-1.045533e-02	4.110501e-01
4.641000e-05	-9.848570e-03	1.257617e-01
4.642000e-05	-5.698551e-03	-1.273986e-01
4.643000e-05	5.076876e-03	-3.710265e-01
4.644000e-05	-6.736369e-04	-6.847123e-01
4.645000e-05	1.385379e-03	-9.374198e-01
4.646000e-05	-3.280204e-03	-1.202609e+00
4.647000e-05	6.504369e-04	-1.517469e+00
4.648000e-05	2.958311e-03	-1.757501e+00
4.649000e-05	3.145747e-02	-1.978504e+00
4.650000e-05	1.127820e-01	-2.241241e+00
4.651000e-05	3.367304e-02	-2.640183e+00
4.652000e-05	-4.191136e-02	-3.031264e+00
4.653000e-05	-1.597102e-02	-3.314850e+00
4.654000e-05	-4.352080e-02	-3.557952e+00
4.655000e-05	-7.866918e-02	-3.807983e+00
4.656000e-05	1.871850e-02	-3.989058e+00
4.657000e-05	1.024161e-01	-4.176980e+00
4.658000e-05	-1.151577e-01	-4.483296e+00
4.659000e-05	1.637251e-01	-4.757505e+00
4.660000e-05	-6.256794e-02	-5.031062e+00
4.661000e-05	8.572191e-03	-5.385035e+00
4.662000e-05	4.465776e-02	-5.661136e+00
4.663000e-05	-1.161275e-01	-5.915348e+00
4.664000e-05	1.513790e-01	-6.155356e+00
4.665000e-05	-6.046071e-02	-6.420713e+00
4.666000e-05	7.063674e-02	-6.715378e+00
4.667000e-05	6.922971e-03	-6.966003e+00
4.668000e-05	-3.826798e-02	-7.282721e+00
4.669000e-05	7.801178e-02	-7.473306e+00
4.670000e-05	-6.885545e-02	-7.808013e+00
4.671000e-05	1.098445e-01	-8.091723e+00
4.672000e-05	-3.539122e-02	-8.273721e+00
4.673000e-05	4.963992e-02	-8.534928e+00
4.674000e-05	3.331879e-02	-8.799512e+00
4.675000e-05	-4.372326e-02	-9.029614e+00
4.676000e-05	6.622080e-02	-9.239568e+00
4.677000e-05	-3.554721e-02	-9.492776e+00
4.678000e-05	9.644931e-02	-9.722851e+00
4.679000e-05	-2.059413e-02	-9.903879e+00
4.680000e-05	5.995582e-02	-1.015491e+01
4.681000e-05	-2.422853e-03	-1.038493e+01
4.682000e-05	2.897362e-02	-1.059798e+01
4.683000e-05	3.360261e-02	-1.073696e+01
4.684000e-05	1.581301e-03	-1.098552e+01
4.685000e-05	5.524296e-02	-1.115601e+01
4.686000e-05	1.819019e-03	-1.141857e+01
4.687000e-05	6.514272e-02	-1.157791e+01
4.688000e-05	-1.627249e-03	-1.181162e+01
4.689000e-05	5.131941e-02	-1.201614e+01
4.690000e-05	1.367472e-02	-1.217751e+01
4.691000e-05	5.620173e-02	-1.238543e+01
4.692000e-05	2.773658e-02	-1.254289e+01
4.693000e-05	3.535213e-02	-1.270283e+01
4.694000e-05	3.210729e-02	-1.284925e+01
4.695000e-05	3.605079e-02	-1.300804e+01
4.696000e-05	4.792909e-02	-1.317601e+01
4.697000e-05	3.538973e-02	-1.329233e+01
4.698000e-05	5.267881e-02	-1.346967e+01
4.699000e-05	3.877938e-02	-1.360662e+01
4.700000e-05	5.800813e-02	-1.372391e+01
4.701000e-05	3.672207e-02	-1.388023e+01
4.702000e-05	5.010362e-02	-1.395559e+01
4.703000e-05	4.235659e-02	-1.413381e+01
4.704000e-05	6.141069e-02	-1.426818e+01
4.705000e-05	5.460063e-02	-1.434347e+01
4.706000e-05	5.922726e-02	-1.446030e+01
4.707000e-05	5.427000e-02	-1.455294e+01
4.708000e-05	6.396568e-02	-1.465965e+01
4.709000e-05	6.518407e-02	-1.474391e+01
4.710000e-05	6.418360e-02	-1.484767e+01
4.711000e-05	6.738013e-02	-1.488038e+01
4.712000e-05	6.987766e-02	-1.496499e+01
4.713000e-05	7.698078e-02	-1.502765e+01
4.714000e-05	7.203859e-02	-1.510173e+01
4.715000e-05	7.654439e-02	-1.511334e+01
4.716000e-05	7.879827e-02	-1.520692e+01
4.717000e-05	9.076409e-02	-1.522822e+01
4.718000e-05	8.936778e-02	-1.526825e+01
4.719000e-05	9.252018e-02	-1.531237e+01
4.720000e-05	9.165035e-02	-1.532341e+01
4.721000e-05	9.893763e-02	-1.532336e+01
4.722000e-05	1.042558e-01	-1.536657e+01
4.723000e-05	1.070356e-01	-1.540649e+01
4.724000e-05	1.125481e-01	-1.542502e+01
4.725000e-05	1.194246e-01	-1.540851e+01
4.726000e-05	1.279737e-01	-1.537696e+01
4.727000e-05	1.310699e-01	-1.542501e+01
4.728000e-05	1.369009e-01	-1.538392e+01
4.729000e-05	1.469812e-01	-1.532494e+01
4.730000e-05	1.626481e-01	-1.532184e+01
4.731000e-05	1.783976e-01	-1.527877e+01
4.732000e-05	1.974658e-01	-1.521662e+01
4.733000e-05	2.213621e-01	-1.520404e+01
4.734000e-05	2.444339e-01	-1.513428e+01
4.735000e-05	2.500000e-01	-1.507073e+01
4.736000e-05	2.500000e-01	-1.501959e+01
4.737000e-05	2.500000e-01	-1.494589e+01
4.738000e-05	2.500000e-01	-1.485878e+01
4.739000e-05	2.500000e-01	-1.478707e+01
4.740000e-05	2.500000e-01	-1.474291e+01
4.741000e-05	2.385880e-01	-1.460959e+01
4.742000e-05	2.112102e-01	-1.456541e+01
4.743000e-05	1.854539e-01	-1.443972e+01
4.744000e-05	1.650541e-01	-1.436443e+01
4.745000e-05	1.431531e-01	-1.428857e+01
4.746000e-05	1.270675e-01	-1.411376e+01
4.747000e-05	1.143513e-01	-1.400602e+01
4.748000e-05	1.034370e-01	-1.385872e+01
4.749000e-05	9.270415e-02	-1.376535e+01
4.750000e-05	8.322052e-02	-1.360601e+01
4.751000e-05	7.793586e-02	-1.347965e+01
4.752000e-05	7.348206e-02	-1.332278e+01
4.753000e-05	6.675389e-02	-1.318546e+01
4.754000e-05	6.036789e-02	-1.300859e+01
4.755000e-05	5.549862e-02	-1.286112e+01
4.756000e-05	5.304509e-02	-1.270223e+01
4.757000e-05	5.024884e-02	-1.253438e+01
4.758000e-05	4.500742e-02	-1.237606e+01
4.759000e-05	4.230021e-02	-1.220756e+01
4.760000e-05	3.929844e-02	-1.202659e+01
4.761000e-05	3.722130e-02	-1.180004e+01
4.762000e-05	3.551775e-02	-1.160770e+01
4.763000e-05	2.969012e-02	-1.141606e+01
4.764000e-05	3.053655e-02	-1.121596e+01
4.765000e-05	2.896325e-02	-1.095598e+01
4.766000e-05	2.955102e-02	-1.076606e+01
4.767000e-05	2.698672e-02	-1.059698e+01
4.768000e-05	2.318137e-02	-1.039696e+01
4.769000e-05	2.328256e-02	-1.015593e+01
4.770000e-05	1.942249e-02	-9.894850e+00
4.771000e-05	1.891391e-02	-9.744926e+00
4.772000e-05	1.638420e-02	-9.543270e+00
4.773000e-05	1.695720e-02	-9.299797e+00
4.774000e-05	1.857897e-02	-9.059137e+00
4.775000e-05	1.777044e-02	-8.871060e+00
4.776000e-05	1.605143e-02	-8.576933e+00
4.777000e-05	1.365898e-02	-8.363344e+00
4.778000e-05	1.142151e-02	-8.143244e+00
4.779000e-05	9.978734e-03	-7.853093e+00
4.780000e-05	7.827481e-03	-7.607909e+00
4.781000e-05	7.630510e-03	-7.304295e+00
4.782000e-05	7.120430e-03	-7.122191e+00
4.783000e-05	8.658179e-03	-6.818050e+00
4.784000e-05	7.948693e-03	-6.577400e+00
4.785000e-05	6.929615e-03	-6.303767e+00
4.786000e-05	5.586348e-03	-6.038661e+00
4.787000e-05	3.476388e-03	-5.796953e+00
4.788000e-05	2.942665e-03	-5.514618e+00
4.789000e-05	9.479074e-04	-5.207930e+00
4.790000e-05	7.730621e-04	-4.874669e+00
4.791000e-05	6.749330e-04	-4.588507e+00
4.792000e-05	2.259764e-03	-4.346898e+00
4.793000e-05	2.029491e-03	-4.134817e+00
4.794000e-05	-7.006659e-05	-3.810576e+00
4.795000e-05	-1.993534e-03	-3.556373e+00
4.796000e-05	-2.499094e-03	-3.303659e+00
4.797000e-05	-2.767434e-03	-2.999998e+00
4.798000e-05	-4.179077e-03	-2.696238e+00
4.799000e-05	-3.961177e-03	-2.432631e+00
4.800000e-05	-4.242389e-03	-2.125390e+00
4.801000e-05	-3.002235e-03	-1.851609e+00
4.802000e-05	-4.984790e-03	-1.610527e+00
4.803000e-05	-5.487588e-03	-1.281132e+00
4.804000e-05	-6.945434e-03	-9.578432e-01
4.805000e-05	-6.547262e-03	-6.526580e-01
4.806000e-05	-6.868877e-03	-3.884488e-01
4.807000e-05	-6.372762e-03	-1.058157e-01
4.808000e-05	2.242761e-03	1.663974e-01
4.809000e-05	4.917992e-03	4.335816e-01
4.810000e-05	1.039031e-03	6.852607e-01
4.811000e-05	3.487255e-03	9.568520e-01
4.812000e-05	-1.945464e-03	1.243233e+00
4.813000e-05	7.182137e-04	1.537248e+00
4.814000e-05	1.505282e-03	1.831107e+00
4.815000e-05	2.103390e-02	2.029585e+00
4.816000e-05	8.046303e-02	2.284266e+00
4.817000e-05	5.909553e-02	2.612684e+00
4.818000e-05	-4.933080e-02	2.957425e+00
4.819000e-05	-3.034465e-02	3.220563e+00
4.820000e-05	-3.698345e-02	3.517376e+00
4.821000e-05	-4.408939e-02	3.767480e+00
4.822000e-05	-8.026825e-02	3.978374e+00
4.823000e-05	4.891067e-02	4.219583e+00
4.824000e-05	2.954843e-02	4.545352e+00
4.825000e-05	-6.154330e-02	4.726428e+00
4.826000e-05	1.353556e-01	5.060642e+00
4.827000e-05	-8.839227e-02	5.410510e+00
4.828000e-05	4.777509e-03	5.631089e+00
4.829000e-05	-9.676809e-03	5.946429e+00
4.830000e-05	-1.995320e-02	6.157480e+00
4.831000e-05	4.563806e-02	6.430143e+00
4.832000e-05	-5.693286e-02	6.747500e+00
4.833000e-05	2.078749e-02	6.967933e+00
4.834000e-05	-2.955455e-02	7.261771e+00
4.835000e-05	1.121349e-03	7.515873e+00
4.836000e-05	-2.913272e-02	7.797889e+00
4.837000e-05	-2.536467e-02	8.034699e+00
4.838000e-05	3.158737e-02	8.305821e+00
4.839000e-05	-3.077336e-02	8.544277e+00
4.840000e-05	6.652064e-03	8.725385e+00
4.841000e-05	-4.003592e-02	8.997958e+00
4.842000e-05	-2.998067e-02	9.210568e+00
4.843000e-05	1.334038e-04	9.461739e+00
4.844000e-05	-1.377943e-02	9.702275e+00
4.845000e-05	-1.358800e-02	9.934277e+00
4.846000e-05	-3.368531e-02	1.014338e+01
4.847000e-05	-3.790049e-04	1.034439e+01
4.848000e-05	-2.751592e-02	1.052491e+01
4.849000e-05	-2.477102e-02	1.076441e+01
4.850000e-05	-3.540538e-02	1.093643e+01
4.851000e-05	-2.365004e-02	1.116596e+01
4.852000e-05	-1.311693e-02	1.141497e+01
4.853000e-05	-2.971821e-02	1.156739e+01
4.854000e-05	-3.300637e-02	1.175649e+01
4.855000e-05	-3.931135e-02	1.193699e+01
4.856000e-05	-1.911310e-02	1.215389e+01
4.857000e-05	-2.826372e-02	1.232435e+01
4.858000e-05	-3.549474e-02	1.250230e+01
4.859000e-05	-4.469212e-02	1.267065e+01
4.860000e-05	-3.416692e-02	1.279907e+01
4.861000e-05	-3.172797e-02	1.297439e+01
4.862000e-05	-4.136391e-02	1.314278e+01
4.863000e-05	-4.766822e-02	1.327132e+01
4.864000e-05	-4.217884e-02	1.339754e+01
4.865000e-05	-3.446048e-02	1.355596e+01
4.866000e-05	-4.424686e-02	1.367221e+01
4.867000e-05	-5.655566e-02	1.385707e+01
4.868000e-05	-5.814357e-02	1.395484e+01
4.869000e-05	-4.935717e-02	1.408088e+01
4.870000e-05	-4.999045e-02	1.423607e+01
4.871000e-05	-5.814619e-02	1.432189e+01
4.872000e-05	-6.476679e-02	1.447062e+01
4.873000e-05	-5.967317e-02	1.454141e+01
4.874000e-05	-5.798004e-02	1.464854e+01
4.875000e-05	-6.483363e-02	1.474426e+01
4.876000e-05	-7.366269e-02	1.479699e+01
4.877000e-05	-7.302600e-02	1.488173e+01
4.878000e-05	-6.873143e-02	1.493343e+01
4.879000e-05	-7.437846e-02	1.499644e+01
4.880000e-05	-8.539854e-02	1.508859e+01
4.881000e-05	-9.216474e-02	1.510281e+01
4.882000e-05	-8.582080e-02	1.513486e+01
4.883000e-05	-8.615484e-02	1.518647e+01
4.884000e-05	-9.213913e-02	1.520752e+01
4.885000e-05	-1.025613e-01	1.527818e+01
4.886000e-05	-1.015380e-01	1.526970e+01
4.887000e-05	-1.027505e-01	1.530126e+01
4.888000e-05	-1.093622e-01	1.529078e+01
4.889000e-05	-1.207628e-01	1.530231e+01
4.890000e-05	-1.246458e-01	1.531491e+01
4.891000e-05	-1.238560e-01	1.532036e+01
4.892000e-05	-1.291637e-01	1.531083e+01
4.893000e-05	-1.423498e-01	1.533128e+01
4.894000e-05	-1.536963e-01	1.529178e+01
4.895000e-05	-1.609758e-01	1.526910e+01
4.896000e-05	-1.721384e-01	1.524812e+01
4.897000e-05	-1.915149e-01	1.521659e+01
4.898000e-05	-2.175645e-01	1.514394e+01
4.899000e-05	-2.409918e-01	1.511136e+01
4.900000e-05	-2.497999e-01	1.504870e+01
4.901000e-05	-2.500000e-01	1.502646e+01
4.902000e-05	-2.500000e-01	1.492389e+01
4.903000e-05	-2.500000e-01	1.490023e+01
4.904000e-05	-2.500000e-01	1.483757e+01
4.905000e-05	-2.500000e-01	1.474338e+01
4.906000e-05	-2.500000e-01	1.467012e+01
4.907000e-05	-2.400425e-01	1.456436e+01
4.908000e-05	-2.094955e-01	1.444965e+01
4.909000e-05	-1.827108e-01	1.440544e+01
4.910000e-05	-1.614604e-01	1.422065e+01
4.911000e-05	-1.488656e-01	1.413288e+01
4.912000e-05	-1.331947e-01	1.402704e+01
4.913000e-05	-1.175764e-01	1.387123e+01
4.914000e-05	-1.068361e-01	1.377344e+01
4.915000e-05	-1.019170e-01	1.361817e+01
4.916000e-05	-9.448311e-02	1.347073e+01
4.917000e-05	-8.602293e-02	1.332533e+01
4.918000e-05	-7.781512e-02	1.320602e+01
4.919000e-05	-7.457812e-02	1.306857e+01
4.920000e-05	-7.282028e-02	1.291185e+01
4.921000e-05	-6.800487e-02	1.277435e+01
4.922000e-05	-6.115770e-02	1.258604e+01
4.923000e-05	-5.824546e-02	1.242809e+01
4.924000e-05	-5.802492e-02	1.226007e+01
4.925000e-05	-5.468900e-02	1.208025e+01
4.926000e-05	-4.937156e-02	1.191225e+01
4.927000e-05	-4.677113e-02	1.173135e+01
4.928000e-05	-4.762383e-02	1.149217e+01
4.929000e-05	-4.691624e-02	1.128032e+01
4.930000e-05	-4.408746e-02	1.111112e+01
4.931000e-05	-4.009430e-02	1.088277e+01
4.932000e-05	-3.875538e-02	1.069227e+01
4.933000e-05	-3.956698e-02	1.049173e+01
4.934000e-05	-3.857235e-02	1.028060e+01
4.935000e-05	-3.488794e-02	1.009119e+01
4.936000e-05	-3.384341e-02	9.809039e+00
4.937000e-05	-3.430426e-02	9.586512e+00
4.938000e-05	-3.408740e-02	9.416480e+00
4.939000e-05	-3.083487e-02	9.165377e+00
4.940000e-05	-2.898022e-02	8.924352e+00
4.941000e-05	-2.904256e-02	8.712193e+00
4.942000e-05	-2.962973e-02	8.473688e+00
4.943000e-05	-2.877866e-02	8.280589e+00
4.944000e-05	-2.649803e-02	7.966948e+00
4.945000e-05	-2.588311e-02	7.754747e+00
4.946000e-05	-2.542215e-02	7.481164e+00
4.947000e-05	-2.632889e-02	7.197980e+00
4.948000e-05	-2.487691e-02	6.947374e+00
4.949000e-05	-2.351018e-02	6.702642e+00
4.950000e-05	-2.357668e-02	6.399400e+00
4.951000e-05	-2.298483e-02	6.167901e+00
4.952000e-05	-2.155127e-02	5.882747e+00
4.953000e-05	-2.030351e-02	5.639606e+00
4.954000e-05	-2.019434e-02	5.377430e+00
4.955000e-05	-2.106196e-02	5.040060e+00
4.956000e-05	-2.040717e-02	4.745344e+00
4.957000e-05	-2.002403e-02	4.492214e+00
4.958000e-05	-1.730423e-02	4.230004e+00
4.959000e-05	-2.023617e-02	3.935765e+00
4.960000e-05	-1.791717e-02	3.672133e+00
4.961000e-05	-1.710211e-02	3.407997e+00
4.962000e-05	-1.469389e-02	3.114215e+00
4.963000e-05	-1.544958e-02	2.840654e+00
4.964000e-05	-1.391171e-02	2.554821e+00
4.965000e-05	-1.463633e-02	2.272204e+00
4.966000e-05	-1.326595e-02	2.000502e+00
4.967000e-05	-1.555758e-02	1.694758e+00
4.968000e-05	-1.486997e-02	1.411050e+00
4.969000e-05	-1.637132e-02	1.084233e+00
4.970000e-05	-1.138324e-02	8.098958e-01
4.971000e-05	-9.833568e-03	5.142331e-01
4.972000e-05	-6.806703e-03	2.330525e-01
4.973000e-05	-6.826828e-03	-5.171303e-02
4.974000e-05	2.238307e-03	-2.967910e-01
4.975000e-05	4.992520e-04	-5.684989e-01
4.976000e-05	-2.542981e-03	-8.921630e-01
4.977000e-05	-1.132678e-03	-1.104418e+00
4.978000e-05	-1.535620e-03	-1.459006e+00
4.979000e-05	1.244031e-03	-1.693691e+00
4.980000e-05	1.761096e-02	-1.916291e+00
4.981000e-05	8.476395e-02	-2.144324e+00
4.982000e-05	8.948864e-02	-2.494267e+00
4.983000e-05	-4.484755e-02	-2.945171e+00
4.984000e-05	-1.158744e-02	-3.261117e+00
4.985000e-05	-4.099209e-02	-3.453642e+00
4.986000e-05	-5.186344e-02	-3.685248e+00
4.987000e-05	-6.157053e-02	-3.938346e+00
4.988000e-05	1.411706e-01	-4.113795e+00
4.989000e-05	-9.373063e-02	-4.328901e+00
4.990000e-05	5.832542e-02	-4.664196e+00
4.991000e-05	5.479693e-02	-4.904345e+00
4.992000e-05	-1.069179e-01	-5.281697e+00
4.993000e-05	1.238032e-01	-5.545851e+00
4.994000e-05	-1.331308e-01	-5.800587e+00
4.995000e-05	8.582967e-02	-6.071692e+00
4.996000e-05	2.500404e-02	-6.284876e+00
4.997000e-05	-2.410396e-02	-6.632117e+00
4.998000e-05	9.228316e-02	-6.892142e+00
4.999000e-05	-8.514953e-02	-7.190461e+00
