# 260604_11:23:13.896032
t	CH1	CH2
0.000000e+00	-1.072765e-02	6.645840e-01
1.000000e-08	-9.436556e-03	3.910050e-01
2.000000e-08	-9.303490e-03	9.614034e-02
3.000000e-08	-5.920443e-03	-1.689437e-01
4.000000e-08	5.608208e-03	-4.225728e-01
5.000000e-08	-2.230285e-03	-7.073634e-01
6.000000e-08	2.746795e-03	-9.690188e-01
7.000000e-08	-2.542571e-03	-1.223254e+00
8.000000e-08	2.091953e-03	-1.597994e+00
9.000000e-08	2.826629e-03	-1.749020e+00
1.000000e-07	3.662779e-02	-1.960948e+00
1.100000e-07	1.114473e-01	-2.254229e+00
1.200000e-07	2.314631e-02	-2.632777e+00
1.300000e-07	-3.946733e-02	-3.052855e+00
1.400000e-07	-1.548955e-02	-3.309069e+00
1.500000e-07	-4.363939e-02	-3.569519e+00
1.600000e-07	-7.880129e-02	-3.781100e+00
1.700000e-07	3.105136e-02	-3.951125e+00
1.800000e-07	8.736693e-02	-4.150574e+00
1.900000e-07	-1.120601e-01	-4.515937e+00
2.000000e-07	1.872795e-01	-4.711013e+00
2.100000e-07	-8.208778e-02	-4.984804e+00
2.200000e-07	2.306767e-02	-5.393129e+00
2.300000e-07	2.754521e-02	-5.622705e+00
2.400000e-07	-1.009806e-01	-5.905992e+00
2.500000e-07	1.572126e-01	-6.111067e+00
2.600000e-07	-7.420627e-02	-6.464381e+00
2.700000e-07	8.635109e-02	-6.709016e+00
2.800000e-07	-6.126266e-03	-6.959095e+00
2.900000e-07	-2.873292e-02	-7.266862e+00
3.000000e-07	7.474003e-02	-7.477391e+00
3.100000e-07	-7.212415e-02	-7.763345e+00
3.200000e-07	1.183955e-01	-8.035833e+00
3.300000e-07	-4.759059e-02	-8.227458e+00
3.400000e-07	6.513083e-02	-8.501622e+00
3.500000e-07	2.276852e-02	-8.762104e+00
3.600000e-07	-3.755735e-02	-8.994832e+00
3.700000e-07	6.604453e-02	-9.184254e+00
3.800000e-07	-3.795885e-02	-9.397491e+00
3.900000e-07	1.047995e-01	-9.667966e+00
4.000000e-07	-3.110400e-02	-9.869417e+00
4.100000e-07	6.977753e-02	-1.008907e+01
4.200000e-07	-1.320378e-02	-1.031265e+01
4.300000e-07	3.997352e-02	-1.057318e+01
4.400000e-07	2.631811e-02	-1.073212e+01
4.500000e-07	7.665676e-03	-1.094017e+01
4.600000e-07	5.346002e-02	-1.110067e+01
4.700000e-07	1.386270e-03	-1.135428e+01
4.800000e-07	6.771470e-02	-1.156173e+01
4.900000e-07	-6.463152e-03	-1.171320e+01
5.000000e-07	5.709896e-02	-1.197435e+01
5.100000e-07	9.590223e-03	-1.214220e+01
5.200000e-07	6.340041e-02	-1.230163e+01
5.300000e-07	2.109222e-02	-1.247906e+01
5.400000e-07	3.914640e-02	-1.267902e+01
5.500000e-07	3.058148e-02	-1.281689e+01
5.600000e-07	4.036007e-02	-1.296483e+01
5.700000e-07	4.749283e-02	-1.311362e+01
5.800000e-07	3.461038e-02	-1.328802e+01
5.900000e-07	5.291247e-02	-1.337635e+01
6.000000e-07	3.894160e-02	-1.358523e+01
6.100000e-07	5.864424e-02	-1.368107e+01
6.200000e-07	3.416362e-02	-1.379596e+01
6.300000e-07	5.256300e-02	-1.393425e+01
6.400000e-07	4.346961e-02	-1.407012e+01
6.500000e-07	6.333546e-02	-1.417586e+01
6.600000e-07	5.347716e-02	-1.429265e+01
6.700000e-07	5.902525e-02	-1.441646e+01
6.800000e-07	5.350591e-02	-1.450053e+01
6.900000e-07	6.524855e-02	-1.459536e+01
7.000000e-07	6.588716e-02	-1.467910e+01
7.100000e-07	6.434608e-02	-1.474484e+01
7.200000e-07	6.776516e-02	-1.482744e+01
7.300000e-07	7.021105e-02	-1.488115e+01
7.400000e-07	7.682225e-02	-1.493421e+01
7.500000e-07	7.099867e-02	-1.502849e+01
7.600000e-07	7.730169e-02	-1.505112e+01
7.700000e-07	8.008189e-02	-1.511328e+01
7.800000e-07	9.205705e-02	-1.515686e+01
7.900000e-07	9.008578e-02	-1.517986e+01
8.000000e-07	9.107977e-02	-1.523996e+01
8.100000e-07	9.114665e-02	-1.525210e+01
8.200000e-07	9.964783e-02	-1.534057e+01
8.300000e-07	1.035971e-01	-1.532310e+01
8.400000e-07	1.058684e-01	-1.531372e+01
8.500000e-07	1.109779e-01	-1.529425e+01
8.600000e-07	1.170418e-01	-1.534165e+01
8.700000e-07	1.260024e-01	-1.526420e+01
8.800000e-07	1.270610e-01	-1.527210e+01
8.900000e-07	1.336613e-01	-1.530059e+01
9.000000e-07	1.433996e-01	-1.523802e+01
9.100000e-07	1.576876e-01	-1.524897e+01
9.200000e-07	1.701296e-01	-1.517744e+01
9.300000e-07	1.866190e-01	-1.509328e+01
9.400000e-07	2.067139e-01	-1.508370e+01
9.500000e-07	2.357212e-01	-1.503999e+01
9.600000e-07	2.488992e-01	-1.498797e+01
9.700000e-07	2.500000e-01	-1.493473e+01
9.800000e-07	2.500000e-01	-1.484062e+01
9.900000e-07	2.500000e-01	-1.481691e+01
1.000000e-06	2.500000e-01	-1.474278e+01
1.010000e-06	2.500000e-01	-1.462854e+01
1.020000e-06	2.466654e-01	-1.459573e+01
1.030000e-06	2.241072e-01	-1.447204e+01
1.040000e-06	1.987436e-01	-1.440526e+01
1.050000e-06	1.752804e-01	-1.424115e+01
1.060000e-06	1.537256e-01	-1.417481e+01
1.070000e-06	1.354332e-01	-1.404954e+01
1.080000e-06	1.227997e-01	-1.388161e+01
1.090000e-06	1.101288e-01	-1.379724e+01
1.100000e-06	9.992142e-02	-1.366852e+01
1.110000e-06	8.902235e-02	-1.354263e+01
1.120000e-06	8.262369e-02	-1.337626e+01
1.130000e-06	7.764799e-02	-1.321737e+01
1.140000e-06	7.089727e-02	-1.314108e+01
1.150000e-06	6.387851e-02	-1.292368e+01
1.160000e-06	5.810992e-02	-1.280486e+01
1.170000e-06	5.580521e-02	-1.259942e+01
1.180000e-06	5.370959e-02	-1.248952e+01
1.190000e-06	4.901978e-02	-1.232155e+01
1.200000e-06	4.348890e-02	-1.209310e+01
1.210000e-06	4.172547e-02	-1.192413e+01
1.220000e-06	3.885436e-02	-1.173618e+01
1.230000e-06	3.681067e-02	-1.152411e+01
1.240000e-06	3.264549e-02	-1.129115e+01
1.250000e-06	3.167729e-02	-1.110060e+01
1.260000e-06	3.172490e-02	-1.093010e+01
1.270000e-06	3.105352e-02	-1.073257e+01
1.280000e-06	2.651885e-02	-1.051165e+01
1.290000e-06	2.436650e-02	-1.029100e+01
1.300000e-06	2.299675e-02	-1.008105e+01
1.310000e-06	2.271707e-02	-9.889918e+00
1.320000e-06	2.068900e-02	-9.656945e+00
1.330000e-06	1.884171e-02	-9.446842e+00
1.340000e-06	1.844673e-02	-9.176718e+00
1.350000e-06	1.882622e-02	-8.983706e+00
1.360000e-06	1.660252e-02	-8.764133e+00
1.370000e-06	1.376853e-02	-8.510998e+00
1.380000e-06	1.241574e-02	-8.298950e+00
1.390000e-06	1.325345e-02	-8.086317e+00
1.400000e-06	1.240254e-02	-7.846711e+00
1.410000e-06	1.112322e-02	-7.549953e+00
1.420000e-06	8.661559e-03	-7.248322e+00
1.430000e-06	8.755320e-03	-6.993718e+00
1.440000e-06	8.250548e-03	-6.760030e+00
1.450000e-06	7.186021e-03	-6.489400e+00
1.460000e-06	5.326490e-03	-6.235719e+00
1.470000e-06	5.279489e-03	-5.972210e+00
1.480000e-06	4.811398e-03	-5.778368e+00
1.490000e-06	4.412968e-03	-5.426297e+00
1.500000e-06	2.977575e-03	-5.129451e+00
1.510000e-06	1.652432e-03	-4.843663e+00
1.520000e-06	1.470111e-03	-4.561298e+00
1.530000e-06	1.326795e-03	-4.317374e+00
1.540000e-06	1.424789e-03	-4.053763e+00
1.550000e-06	-1.405632e-03	-3.802603e+00
1.560000e-06	-9.037425e-04	-3.497348e+00
1.570000e-06	-2.460719e-03	-3.225188e+00
1.580000e-06	-2.569383e-03	-2.938350e+00
1.590000e-06	-3.936195e-03	-2.665663e+00
1.600000e-06	-2.576079e-03	-2.410503e+00
1.610000e-06	-3.439962e-03	-2.126245e+00
1.620000e-06	-3.269737e-03	-1.842582e+00
1.630000e-06	-5.379908e-03	-1.559951e+00
1.640000e-06	-5.866136e-03	-1.233564e+00
1.650000e-06	-7.201328e-03	-9.597934e-01
1.660000e-06	-7.217332e-03	-6.930913e-01
1.670000e-06	-7.431014e-03	-3.568998e-01
1.680000e-06	-5.134186e-03	-8.376560e-02
1.690000e-06	4.074982e-03	1.600459e-01
1.700000e-06	5.866879e-03	4.541554e-01
1.710000e-06	2.025663e-04	6.958345e-01
1.720000e-06	3.005241e-03	9.476411e-01
1.730000e-06	-2.347778e-03	1.252708e+00
1.740000e-06	3.474118e-04	1.568040e+00
1.750000e-06	4.388931e-04	1.822127e+00
1.760000e-06	2.422126e-02	2.023602e+00
1.770000e-06	8.372803e-02	2.294361e+00
1.780000e-06	5.325940e-02	2.664355e+00
1.790000e-06	-5.484286e-02	2.949991e+00
1.800000e-06	-2.900948e-02	3.212703e+00
1.810000e-06	-3.902301e-02	3.530021e+00
1.820000e-06	-4.374890e-02	3.790044e+00
1.830000e-06	-7.889368e-02	3.938569e+00
1.840000e-06	5.890070e-02	4.213182e+00
1.850000e-06	1.738769e-02	4.526040e+00
1.860000e-06	-5.365150e-02	4.759994e+00
1.870000e-06	1.380049e-01	5.065359e+00
1.880000e-06	-1.061007e-01	5.371678e+00
1.890000e-06	2.151301e-02	5.635229e+00
1.900000e-06	-2.027545e-02	5.929043e+00
1.910000e-06	-1.383545e-02	6.150074e+00
1.920000e-06	4.289530e-02	6.433753e+00
1.930000e-06	-6.017478e-02	6.679567e+00
1.940000e-06	2.676511e-02	6.962046e+00
1.950000e-06	-3.657264e-02	7.212832e+00
1.960000e-06	6.306067e-03	7.518993e+00
1.970000e-06	-3.509519e-02	7.753175e+00
1.980000e-06	-1.650511e-02	8.015916e+00
1.990000e-06	2.880531e-02	8.288491e+00
2.000000e-06	-3.502020e-02	8.499046e+00
2.010000e-06	9.946214e-03	8.739593e+00
2.020000e-06	-4.504309e-02	8.943275e+00
2.030000e-06	-2.627041e-02	9.204253e+00
2.040000e-06	-1.698476e-03	9.426338e+00
2.050000e-06	-1.529227e-02	9.608535e+00
2.060000e-06	-1.434454e-02	9.868991e+00
2.070000e-06	-3.137161e-02	1.008702e+01
2.080000e-06	-8.932151e-04	1.029957e+01
2.090000e-06	-3.055938e-02	1.051004e+01
2.100000e-06	-2.341506e-02	1.074114e+01
2.110000e-06	-3.612878e-02	1.092060e+01
2.120000e-06	-2.213002e-02	1.109972e+01
2.130000e-06	-1.318926e-02	1.132320e+01
2.140000e-06	-3.146179e-02	1.151220e+01
2.150000e-06	-3.285505e-02	1.171173e+01
2.160000e-06	-3.834238e-02	1.187170e+01
2.170000e-06	-2.046662e-02	1.209057e+01
2.180000e-06	-3.009400e-02	1.223051e+01
2.190000e-06	-3.552470e-02	1.244849e+01
2.200000e-06	-4.434909e-02	1.259636e+01
2.210000e-06	-3.310834e-02	1.274436e+01
2.220000e-06	-3.305383e-02	1.287117e+01
2.230000e-06	-4.226690e-02	1.308002e+01
2.240000e-06	-4.795817e-02	1.321799e+01
2.250000e-06	-4.195233e-02	1.334378e+01
2.260000e-06	-3.688312e-02	1.349065e+01
2.270000e-06	-4.531012e-02	1.364604e+01
2.280000e-06	-5.669138e-02	1.377538e+01
2.290000e-06	-5.664262e-02	1.384057e+01
2.300000e-06	-5.057946e-02	1.406799e+01
2.310000e-06	-5.043144e-02	1.414525e+01
2.320000e-06	-6.004694e-02	1.426207e+01
2.330000e-06	-6.571475e-02	1.437386e+01
2.340000e-06	-5.925119e-02	1.446054e+01
2.350000e-06	-5.886234e-02	1.459530e+01
2.360000e-06	-6.532477e-02	1.464997e+01
2.370000e-06	-7.511100e-02	1.474275e+01
2.380000e-06	-7.252550e-02	1.478539e+01
2.390000e-06	-7.103667e-02	1.486904e+01
2.400000e-06	-7.622351e-02	1.492169e+01
2.410000e-06	-8.656889e-02	1.496493e+01
2.420000e-06	-9.067316e-02	1.501844e+01
2.430000e-06	-8.585606e-02	1.501959e+01
2.440000e-06	-8.659895e-02	1.510275e+01
2.450000e-06	-9.378715e-02	1.515478e+01
2.460000e-06	-1.020439e-01	1.513684e+01
2.470000e-06	-1.006732e-01	1.516742e+01
2.480000e-06	-1.021703e-01	1.518141e+01
2.490000e-06	-1.098281e-01	1.523899e+01
2.500000e-06	-1.197740e-01	1.523812e+01
2.510000e-06	-1.225963e-01	1.525105e+01
2.520000e-06	-1.223385e-01	1.525812e+01
2.530000e-06	-1.281210e-01	1.522949e+01
2.540000e-06	-1.405853e-01	1.517947e+01
2.550000e-06	-1.497417e-01	1.519844e+01
2.560000e-06	-1.555565e-01	1.519638e+01
2.570000e-06	-1.647498e-01	1.512638e+01
2.580000e-06	-1.827883e-01	1.512268e+01
2.590000e-06	-2.062071e-01	1.508012e+01
2.600000e-06	-2.280907e-01	1.500904e+01
2.610000e-06	-2.460036e-01	1.496486e+01
2.620000e-06	-2.497000e-01	1.489373e+01
2.630000e-06	-2.500000e-01	1.488059e+01
2.640000e-06	-2.500000e-01	1.478691e+01
2.650000e-06	-2.500000e-01	1.470465e+01
2.660000e-06	-2.500000e-01	1.464955e+01
2.670000e-06	-2.500000e-01	1.457481e+01
2.680000e-06	-2.469840e-01	1.443963e+01
2.690000e-06	-2.225569e-01	1.434631e+01
2.700000e-06	-1.942149e-01	1.426145e+01
2.710000e-06	-1.730894e-01	1.419478e+01
2.720000e-06	-1.588972e-01	1.405002e+01
2.730000e-06	-1.415525e-01	1.391438e+01
2.740000e-06	-1.265893e-01	1.379783e+01
2.750000e-06	-1.137764e-01	1.366157e+01
2.760000e-06	-1.080759e-01	1.353325e+01
2.770000e-06	-9.962963e-02	1.340784e+01
2.780000e-06	-9.126854e-02	1.326895e+01
2.790000e-06	-8.236591e-02	1.312368e+01
2.800000e-06	-8.012402e-02	1.296318e+01
2.810000e-06	-7.544734e-02	1.280839e+01
2.820000e-06	-7.083219e-02	1.266947e+01
2.830000e-06	-6.353132e-02	1.250162e+01
2.840000e-06	-6.195174e-02	1.234361e+01
2.850000e-06	-5.962246e-02	1.218531e+01
2.860000e-06	-5.749421e-02	1.201681e+01
2.870000e-06	-5.230548e-02	1.183736e+01
2.880000e-06	-4.911227e-02	1.165639e+01
2.890000e-06	-4.951376e-02	1.137684e+01
2.900000e-06	-4.882778e-02	1.122694e+01
2.910000e-06	-4.662621e-02	1.100729e+01
2.920000e-06	-4.142740e-02	1.085632e+01
2.930000e-06	-4.163002e-02	1.063674e+01
2.940000e-06	-4.083354e-02	1.043776e+01
2.950000e-06	-4.029461e-02	1.020576e+01
2.960000e-06	-3.547316e-02	9.995214e+00
2.970000e-06	-3.575609e-02	9.741650e+00
2.980000e-06	-3.506015e-02	9.510105e+00
2.990000e-06	-3.488975e-02	9.308948e+00
3.000000e-06	-3.251693e-02	9.090926e+00
3.010000e-06	-3.029023e-02	8.876367e+00
3.020000e-06	-3.016381e-02	8.635259e+00
3.030000e-06	-3.037284e-02	8.434336e+00
3.040000e-06	-2.949400e-02	8.172608e+00
3.050000e-06	-2.704255e-02	7.910053e+00
3.060000e-06	-2.681198e-02	7.646918e+00
3.070000e-06	-2.694025e-02	7.363083e+00
3.080000e-06	-2.653624e-02	7.151452e+00
3.090000e-06	-2.507611e-02	6.888292e+00
3.100000e-06	-2.253637e-02	6.664760e+00
3.110000e-06	-2.408169e-02	6.390481e+00
3.120000e-06	-2.438701e-02	6.126927e+00
3.130000e-06	-2.252333e-02	5.876301e+00
3.140000e-06	-2.082958e-02	5.583531e+00
3.150000e-06	-2.029550e-02	5.339346e+00
3.160000e-06	-2.055656e-02	5.002161e+00
3.170000e-06	-2.074948e-02	4.707322e+00
3.180000e-06	-1.907828e-02	4.464234e+00
3.190000e-06	-1.833481e-02	4.190547e+00
3.200000e-06	-1.830570e-02	3.884794e+00
3.210000e-06	-1.824446e-02	3.640586e+00
3.220000e-06	-1.681338e-02	3.338453e+00
3.230000e-06	-1.577312e-02	3.094214e+00
3.240000e-06	-1.638837e-02	2.811006e+00
3.250000e-06	-1.638961e-02	2.546894e+00
3.260000e-06	-1.579104e-02	2.210059e+00
3.270000e-06	-1.376085e-02	1.968449e+00
3.280000e-06	-1.336173e-02	1.684666e+00
3.290000e-06	-1.279467e-02	1.369880e+00
3.300000e-06	-1.291816e-02	1.084164e+00
3.310000e-06	-1.197450e-02	7.483735e-01
3.320000e-06	-1.049439e-02	5.141918e-01
3.330000e-06	-9.453641e-03	2.119526e-01
3.340000e-06	-7.636554e-03	-7.268308e-02
3.350000e-06	1.691885e-03	-3.264660e-01
3.360000e-06	1.580537e-03	-5.601451e-01
3.370000e-06	6.890094e-04	-8.632054e-01
3.380000e-06	-1.989580e-04	-1.096390e+00
3.390000e-06	-3.172692e-04	-1.444254e+00
3.400000e-06	5.804442e-04	-1.674836e+00
3.410000e-06	1.890328e-02	-1.925911e+00
3.420000e-06	8.519595e-02	-2.158064e+00
3.430000e-06	8.571669e-02	-2.506882e+00
3.440000e-06	-5.092078e-02	-2.898937e+00
3.450000e-06	-5.496063e-03	-3.243786e+00
3.460000e-06	-4.610427e-02	-3.444863e+00
3.470000e-06	-5.435319e-02	-3.665936e+00
3.480000e-06	-5.356879e-02	-3.929417e+00
3.490000e-06	1.437439e-01	-4.035837e+00
3.500000e-06	-1.051021e-01	-4.359594e+00
3.510000e-06	8.412309e-02	-4.666311e+00
3.520000e-06	5.081212e-02	-4.897912e+00
3.530000e-06	-9.368498e-02	-5.286511e+00
3.540000e-06	1.226966e-01	-5.508516e+00
3.550000e-06	-1.512639e-01	-5.842201e+00
3.560000e-06	1.136776e-01	-6.034935e+00
3.570000e-06	1.635750e-02	-6.249964e+00
3.580000e-06	-8.193119e-03	-6.633330e+00
3.590000e-06	8.933965e-02	-6.855380e+00
3.600000e-06	-9.392233e-02	-7.122195e+00
3.610000e-06	9.363553e-02	-7.414230e+00
3.620000e-06	-6.378635e-02	-7.696438e+00
3.630000e-06	6.190136e-02	-7.953127e+00
3.640000e-06	3.352419e-02	-8.151171e+00
3.650000e-06	-1.876486e-02	-8.403437e+00
3.660000e-06	1.027812e-01	-8.658962e+00
3.670000e-06	-7.793580e-02	-8.919070e+00
3.680000e-06	7.492936e-02	-9.129646e+00
3.690000e-06	-3.582248e-02	-9.322724e+00
3.700000e-06	6.903965e-02	-9.564805e+00
3.710000e-06	1.847908e-02	-9.784304e+00
3.720000e-06	1.640893e-02	-1.004691e+01
3.730000e-06	4.534020e-02	-1.018793e+01
3.740000e-06	-1.475198e-02	-1.047907e+01
3.750000e-06	7.308669e-02	-1.063691e+01
3.760000e-06	-2.410201e-02	-1.088806e+01
3.770000e-06	7.142817e-02	-1.103954e+01
3.780000e-06	-6.624467e-03	-1.129011e+01
3.790000e-06	6.437117e-02	-1.144812e+01
3.800000e-06	7.358536e-03	-1.166065e+01
3.810000e-06	3.678619e-02	-1.187155e+01
3.820000e-06	2.715949e-02	-1.206951e+01
3.830000e-06	3.756566e-02	-1.225802e+01
3.840000e-06	4.886390e-02	-1.241641e+01
3.850000e-06	2.051648e-02	-1.253633e+01
3.860000e-06	4.855239e-02	-1.276473e+01
3.870000e-06	2.289282e-02	-1.294112e+01
3.880000e-06	5.969807e-02	-1.303851e+01
3.890000e-06	2.671794e-02	-1.321594e+01
3.900000e-06	5.535496e-02	-1.332228e+01
3.910000e-06	3.434581e-02	-1.348115e+01
3.920000e-06	5.801242e-02	-1.364749e+01
3.930000e-06	3.959372e-02	-1.375480e+01
3.940000e-06	4.801687e-02	-1.391169e+01
3.950000e-06	4.595868e-02	-1.399596e+01
3.960000e-06	5.623425e-02	-1.411382e+01
3.970000e-06	5.911402e-02	-1.425912e+01
3.980000e-06	5.454254e-02	-1.435633e+01
3.990000e-06	5.808648e-02	-1.445952e+01
4.000000e-06	5.803823e-02	-1.457523e+01
4.010000e-06	6.929678e-02	-1.464657e+01
4.020000e-06	6.229426e-02	-1.475327e+01
4.030000e-06	6.994592e-02	-1.478742e+01
4.040000e-06	6.661547e-02	-1.487165e+01
4.050000e-06	7.758744e-02	-1.493375e+01
4.060000e-06	7.222656e-02	-1.499744e+01
4.070000e-06	7.728568e-02	-1.506009e+01
4.080000e-06	7.714066e-02	-1.509217e+01
4.090000e-06	8.711518e-02	-1.512581e+01
4.100000e-06	8.943283e-02	-1.516644e+01
4.110000e-06	8.949950e-02	-1.519047e+01
4.120000e-06	9.192911e-02	-1.526012e+01
4.130000e-06	9.550203e-02	-1.527060e+01
4.140000e-06	1.039898e-01	-1.531415e+01
4.150000e-06	1.038571e-01	-1.528330e+01
4.160000e-06	1.110772e-01	-1.535120e+01
4.170000e-06	1.139038e-01	-1.536373e+01
4.180000e-06	1.232392e-01	-1.531320e+01
4.190000e-06	1.263430e-01	-1.531165e+01
4.200000e-06	1.314996e-01	-1.528152e+01
4.210000e-06	1.392768e-01	-1.530007e+01
4.220000e-06	1.518568e-01	-1.520939e+01
4.230000e-06	1.662139e-01	-1.525886e+01
4.240000e-06	1.808228e-01	-1.515586e+01
4.250000e-06	1.989233e-01	-1.510268e+01
4.260000e-06	2.254799e-01	-1.502158e+01
4.270000e-06	2.466657e-01	-1.503849e+01
4.280000e-06	2.497000e-01	-1.498786e+01
4.290000e-06	2.500000e-01	-1.489223e+01
4.300000e-06	2.500000e-01	-1.486794e+01
4.310000e-06	2.500000e-01	-1.473581e+01
4.320000e-06	2.500000e-01	-1.466015e+01
4.330000e-06	2.499845e-01	-1.459685e+01
4.340000e-06	2.363011e-01	-1.451315e+01
4.350000e-06	2.070838e-01	-1.441737e+01
4.360000e-06	1.829980e-01	-1.427305e+01
4.370000e-06	1.603188e-01	-1.419638e+01
4.380000e-06	1.418585e-01	-1.411155e+01
4.390000e-06	1.244688e-01	-1.394478e+01
4.400000e-06	1.163105e-01	-1.381791e+01
4.410000e-06	1.018265e-01	-1.370965e+01
4.420000e-06	9.590855e-02	-1.357531e+01
4.430000e-06	8.679028e-02	-1.341849e+01
4.440000e-06	7.964627e-02	-1.326060e+01
4.450000e-06	7.468851e-02	-1.315316e+01
4.460000e-06	6.382229e-02	-1.302578e+01
4.470000e-06	6.045606e-02	-1.287000e+01
4.480000e-06	5.408627e-02	-1.267098e+01
4.490000e-06	5.476389e-02	-1.254320e+01
4.500000e-06	5.081199e-02	-1.233426e+01
4.510000e-06	4.735871e-02	-1.225481e+01
4.520000e-06	4.392580e-02	-1.201689e+01
4.530000e-06	4.173344e-02	-1.181941e+01
4.540000e-06	3.779557e-02	-1.160789e+01
4.550000e-06	3.351274e-02	-1.138484e+01
4.560000e-06	3.065388e-02	-1.119379e+01
4.570000e-06	3.120373e-02	-1.096526e+01
4.580000e-06	3.089740e-02	-1.079321e+01
4.590000e-06	2.916192e-02	-1.062576e+01
4.600000e-06	2.583573e-02	-1.040579e+01
4.610000e-06	2.420867e-02	-1.017376e+01
4.620000e-06	2.382482e-02	-9.949555e+00
4.630000e-06	2.165313e-02	-9.751555e+00
4.640000e-06	1.952626e-02	-9.550084e+00
4.650000e-06	1.734663e-02	-9.279526e+00
4.660000e-06	1.866521e-02	-9.100346e+00
4.670000e-06	1.752804e-02	-8.876868e+00
4.680000e-06	1.516189e-02	-8.584215e+00
4.690000e-06	1.286779e-02	-8.393557e+00
4.700000e-06	1.336083e-02	-8.150604e+00
4.710000e-06	1.305007e-02	-7.929001e+00
4.720000e-06	1.212781e-02	-7.628764e+00
4.730000e-06	9.338898e-03	-7.361504e+00
4.740000e-06	8.848460e-03	-7.119871e+00
4.750000e-06	8.557837e-03	-6.827240e+00
4.760000e-06	8.086555e-03	-6.633663e+00
4.770000e-06	5.256051e-03	-6.349505e+00
4.780000e-06	5.199188e-03	-6.077371e+00
4.790000e-06	3.779360e-03	-5.824185e+00
4.800000e-06	5.783081e-03	-5.539408e+00
4.810000e-06	3.707921e-03	-5.256241e+00
4.820000e-06	2.801480e-03	-4.941504e+00
4.830000e-06	1.379595e-03	-4.675612e+00
4.840000e-06	2.571874e-03	-4.412083e+00
4.850000e-06	1.153274e-03	-4.169004e+00
4.860000e-06	-3.830597e-04	-3.845797e+00
4.870000e-06	-2.661561e-03	-3.610054e+00
4.880000e-06	-2.082364e-03	-3.309426e+00
4.890000e-06	-2.879706e-03	-3.054738e+00
4.900000e-06	-3.039167e-03	-2.758501e+00
4.910000e-06	-3.449098e-03	-2.495772e+00
4.920000e-06	-2.612347e-03	-2.253608e+00
4.930000e-06	-3.135120e-03	-1.927322e+00
4.940000e-06	-5.077688e-03	-1.633689e+00
4.950000e-06	-6.298044e-03	-1.349327e+00
4.960000e-06	-7.229583e-03	-1.041533e+00
4.970000e-06	-5.718641e-03	-7.588260e-01
4.980000e-06	-7.465158e-03	-4.756853e-01
4.990000e-06	-5.843533e-03	-1.798026e-01
5.000000e-06	-1.764252e-03	4.217651e-02
5.010000e-06	8.697567e-03	3.879175e-01
5.020000e-06	-6.954866e-04	6.110751e-01
5.030000e-06	4.592973e-03	8.826742e-01
5.040000e-06	-2.117550e-03	1.158517e+00
5.050000e-06	9.536211e-04	1.421700e+00
5.060000e-06	-2.607579e-03	1.719494e+00
5.070000e-06	1.345927e-02	1.958940e+00
5.080000e-06	5.484456e-02	2.192620e+00
5.090000e-06	9.343103e-02	2.508508e+00
5.100000e-06	-3.574375e-02	2.824284e+00
5.110000e-06	-3.219993e-02	3.117936e+00
5.120000e-06	-3.987491e-02	3.443728e+00
5.130000e-06	-3.237577e-02	3.666308e+00
5.140000e-06	-8.330527e-02	3.866386e+00
5.150000e-06	-3.507553e-04	4.086808e+00
5.160000e-06	8.029647e-02	4.433828e+00
5.170000e-06	-9.062141e-02	4.666411e+00
5.180000e-06	1.174264e-01	4.897462e+00
5.190000e-06	-2.182357e-02	5.285886e+00
5.200000e-06	-5.561192e-02	5.517046e+00
5.210000e-06	3.333630e-02	5.793829e+00
5.220000e-06	-5.799259e-02	6.095363e+00
5.230000e-06	5.772299e-02	6.328042e+00
5.240000e-06	-4.197561e-02	6.625379e+00
5.250000e-06	-5.118778e-03	6.856461e+00
5.260000e-06	-1.113279e-03	7.189620e+00
5.270000e-06	-2.639061e-02	7.374254e+00
5.280000e-06	2.518804e-03	7.667987e+00
5.290000e-06	-5.431627e-02	7.934175e+00
5.300000e-06	3.781693e-02	8.224853e+00
5.310000e-06	-2.141148e-02	8.444360e+00
5.320000e-06	-7.467053e-03	8.624834e+00
5.330000e-06	-1.230898e-02	8.889962e+00
5.340000e-06	-5.543274e-02	9.119020e+00
5.350000e-06	1.136779e-02	9.330620e+00
5.360000e-06	-2.615251e-02	9.530778e+00
5.370000e-06	1.197465e-03	9.775227e+00
5.380000e-06	-4.224702e-02	1.001584e+01
5.390000e-06	-2.282732e-03	1.018378e+01
5.400000e-06	-2.142526e-02	1.040701e+01
5.410000e-06	-2.808690e-02	1.063798e+01
5.420000e-06	-2.789114e-02	1.083649e+01
5.430000e-06	-3.643031e-02	1.103591e+01
5.440000e-06	-5.421766e-03	1.119596e+01
5.450000e-06	-3.347264e-02	1.143903e+01
5.460000e-06	-2.521965e-02	1.163849e+01
5.470000e-06	-4.632108e-02	1.183796e+01
5.480000e-06	-1.978719e-02	1.202744e+01
5.490000e-06	-2.915964e-02	1.217736e+01
5.500000e-06	-3.032268e-02	1.238626e+01
5.510000e-06	-4.488139e-02	1.255020e+01
5.520000e-06	-3.923436e-02	1.270007e+01
5.530000e-06	-3.033153e-02	1.286001e+01
5.540000e-06	-4.052569e-02	1.300734e+01
5.550000e-06	-4.359065e-02	1.319380e+01
5.560000e-06	-4.837945e-02	1.331067e+01
5.570000e-06	-3.391526e-02	1.347004e+01
5.580000e-06	-4.415011e-02	1.354436e+01
5.590000e-06	-5.117996e-02	1.371168e+01
5.600000e-06	-6.172601e-02	1.383851e+01
5.610000e-06	-5.149182e-02	1.394749e+01
5.620000e-06	-4.812025e-02	1.412265e+01
5.630000e-06	-5.423190e-02	1.422962e+01
5.640000e-06	-6.406586e-02	1.430428e+01
5.650000e-06	-6.278900e-02	1.440999e+01
5.660000e-06	-5.740595e-02	1.450228e+01
5.670000e-06	-6.359585e-02	1.462699e+01
5.680000e-06	-7.157663e-02	1.468113e+01
5.690000e-06	-7.638488e-02	1.474528e+01
5.700000e-06	-7.035235e-02	1.482891e+01
5.710000e-06	-7.284173e-02	1.488960e+01
5.720000e-06	-8.234654e-02	1.492273e+01
5.730000e-06	-8.990176e-02	1.499744e+01
5.740000e-06	-8.749499e-02	1.503016e+01
5.750000e-06	-8.391368e-02	1.507270e+01
5.760000e-06	-9.093476e-02	1.509370e+01
5.770000e-06	-9.983833e-02	1.513494e+01
5.780000e-06	-1.027241e-01	1.517698e+01
5.790000e-06	-1.018880e-01	1.519792e+01
5.800000e-06	-1.064834e-01	1.520997e+01
5.810000e-06	-1.169336e-01	1.525904e+01
5.820000e-06	-1.210142e-01	1.525005e+01
5.830000e-06	-1.218103e-01	1.522902e+01
5.840000e-06	-1.234603e-01	1.521904e+01
5.850000e-06	-1.356642e-01	1.519002e+01
5.860000e-06	-1.470095e-01	1.520896e+01
5.870000e-06	-1.541524e-01	1.517651e+01
5.880000e-06	-1.613233e-01	1.516488e+01
5.890000e-06	-1.755833e-01	1.510327e+01
5.900000e-06	-1.979116e-01	1.508165e+01
5.910000e-06	-2.199624e-01	1.501962e+01
5.920000e-06	-2.406993e-01	1.497644e+01
5.930000e-06	-2.492999e-01	1.497535e+01
5.940000e-06	-2.500000e-01	1.489305e+01
5.950000e-06	-2.500000e-01	1.483794e+01
5.960000e-06	-2.500000e-01	1.477526e+01
5.970000e-06	-2.500000e-01	1.466213e+01
5.980000e-06	-2.500000e-01	1.465629e+01
5.990000e-06	-2.498900e-01	1.444368e+01
6.000000e-06	-2.344742e-01	1.439796e+01
6.010000e-06	-2.034032e-01	1.431223e+01
6.020000e-06	-1.800233e-01	1.422796e+01
6.030000e-06	-1.628232e-01	1.406157e+01
6.040000e-06	-1.483203e-01	1.393729e+01
6.050000e-06	-1.308209e-01	1.381899e+01
6.060000e-06	-1.174107e-01	1.372213e+01
6.070000e-06	-1.104853e-01	1.359841e+01
6.080000e-06	-1.038298e-01	1.344897e+01
6.090000e-06	-9.430589e-02	1.334453e+01
6.100000e-06	-8.409558e-02	1.318586e+01
6.110000e-06	-7.892103e-02	1.303934e+01
6.120000e-06	-7.712568e-02	1.288047e+01
6.130000e-06	-7.271914e-02	1.273165e+01
6.140000e-06	-6.649298e-02	1.261476e+01
6.150000e-06	-6.185980e-02	1.244787e+01
6.160000e-06	-6.043194e-02	1.223832e+01
6.170000e-06	-5.908178e-02	1.203789e+01
6.180000e-06	-5.384476e-02	1.186997e+01
6.190000e-06	-5.025951e-02	1.170207e+01
6.200000e-06	-4.933957e-02	1.147102e+01
6.210000e-06	-4.998852e-02	1.128057e+01
6.220000e-06	-4.573684e-02	1.106942e+01
6.230000e-06	-4.252468e-02	1.089847e+01
6.240000e-06	-3.974581e-02	1.068103e+01
6.250000e-06	-4.111838e-02	1.046900e+01
6.260000e-06	-4.082996e-02	1.029085e+01
6.270000e-06	-3.782385e-02	1.007794e+01
6.280000e-06	-3.605393e-02	9.796338e+00
6.290000e-06	-3.485190e-02	9.585283e+00
6.300000e-06	-3.583439e-02	9.365610e+00
6.310000e-06	-3.245554e-02	9.212659e+00
6.320000e-06	-3.061313e-02	8.919076e+00
6.330000e-06	-3.008318e-02	8.700400e+00
6.340000e-06	-3.139275e-02	8.518920e+00
6.350000e-06	-3.016842e-02	8.256842e+00
6.360000e-06	-2.755946e-02	8.055232e+00
6.370000e-06	-2.587558e-02	7.743006e+00
6.380000e-06	-2.647146e-02	7.498900e+00
6.390000e-06	-2.746672e-02	7.206285e+00
6.400000e-06	-2.588567e-02	6.992636e+00
6.410000e-06	-2.386540e-02	6.740081e+00
6.420000e-06	-2.311313e-02	6.477738e+00
6.430000e-06	-2.444890e-02	6.223707e+00
6.440000e-06	-2.247099e-02	5.980506e+00
6.450000e-06	-2.142239e-02	5.707869e+00
6.460000e-06	-1.971521e-02	5.423639e+00
6.470000e-06	-2.135555e-02	5.108951e+00
6.480000e-06	-2.099744e-02	4.782589e+00
6.490000e-06	-1.993594e-02	4.528952e+00
6.500000e-06	-1.823455e-02	4.287267e+00
6.510000e-06	-1.911155e-02	3.970027e+00
6.520000e-06	-1.838346e-02	3.727844e+00
6.530000e-06	-1.737049e-02	3.463141e+00
6.540000e-06	-1.509745e-02	3.150949e+00
6.550000e-06	-1.536567e-02	2.895238e+00
6.560000e-06	-1.567163e-02	2.683163e+00
6.570000e-06	-1.701007e-02	2.297345e+00
6.580000e-06	-1.403036e-02	2.063160e+00
6.590000e-06	-1.335240e-02	1.822476e+00
6.600000e-06	-1.199090e-02	1.464216e+00
6.610000e-06	-1.455154e-02	1.219432e+00
6.620000e-06	-1.240663e-02	8.740354e-01
6.630000e-06	-1.131460e-02	5.579286e-01
6.640000e-06	-9.506262e-03	3.572459e-01
6.650000e-06	-9.565442e-03	1.995501e-02
6.660000e-06	-2.512841e-03	-2.516515e-01
6.670000e-06	4.279300e-03	-4.647593e-01
6.680000e-06	-2.274541e-03	-7.689712e-01
6.690000e-06	2.799340e-03	-1.051603e+00
6.700000e-06	-2.512366e-03	-1.327465e+00
6.710000e-06	2.148172e-03	-1.610428e+00
6.720000e-06	7.214158e-03	-1.852628e+00
6.730000e-06	5.514427e-02	-2.003129e+00
6.740000e-06	1.159044e-01	-2.399043e+00
6.750000e-06	-2.105999e-02	-2.748088e+00
6.760000e-06	-1.978479e-02	-3.138017e+00
6.770000e-06	-3.193594e-02	-3.422552e+00
6.780000e-06	-4.124635e-02	-3.570527e+00
6.790000e-06	-8.489613e-02	-3.864784e+00
6.800000e-06	1.018734e-01	-4.003607e+00
6.810000e-06	-2.195167e-04	-4.254831e+00
6.820000e-06	-4.404010e-02	-4.580124e+00
6.830000e-06	1.490974e-01	-4.802751e+00
6.840000e-06	-1.386257e-01	-5.140565e+00
6.850000e-06	1.084486e-01	-5.447434e+00
6.860000e-06	-6.673777e-02	-5.677858e+00
6.870000e-06	-2.091210e-02	-5.972177e+00
6.880000e-06	1.131928e-01	-6.193250e+00
6.890000e-06	-8.063782e-02	-6.506570e+00
6.900000e-06	1.222545e-01	-6.752601e+00
6.910000e-06	-6.938160e-02	-7.046904e+00
6.920000e-06	4.066768e-02	-7.320072e+00
6.930000e-06	1.670731e-02	-7.560693e+00
6.940000e-06	-3.000211e-02	-7.848466e+00
6.950000e-06	1.060144e-01	-8.097970e+00
6.960000e-06	-6.788260e-02	-8.319123e+00
6.970000e-06	1.110599e-01	-8.574352e+00
6.980000e-06	-4.173571e-02	-8.845383e+00
6.990000e-06	1.818029e-02	-9.096461e+00
7.000000e-06	2.256452e-02	-9.237861e+00
7.010000e-06	9.732125e-04	-9.522120e+00
7.020000e-06	8.374566e-02	-9.711644e+00
7.030000e-06	-3.069607e-02	-9.961650e+00
7.040000e-06	8.097854e-02	-1.018328e+01
7.050000e-06	-3.405846e-02	-1.040541e+01
7.060000e-06	7.223049e-02	-1.056478e+01
7.070000e-06	-9.414716e-03	-1.078378e+01
7.080000e-06	4.315274e-02	-1.098433e+01
7.090000e-06	2.434405e-02	-1.119533e+01
7.100000e-06	2.841029e-02	-1.138649e+01
7.110000e-06	4.668640e-02	-1.158536e+01
7.120000e-06	3.895709e-03	-1.179799e+01
7.130000e-06	5.327009e-02	-1.199626e+01
7.140000e-06	1.246175e-02	-1.218476e+01
7.150000e-06	6.701546e-02	-1.236373e+01
7.160000e-06	1.101682e-02	-1.251225e+01
7.170000e-06	4.984930e-02	-1.267220e+01
7.180000e-06	2.001900e-02	-1.283794e+01
7.190000e-06	5.455915e-02	-1.300541e+01
7.200000e-06	3.455280e-02	-1.315325e+01
7.210000e-06	4.620330e-02	-1.327010e+01
7.220000e-06	4.356156e-02	-1.342856e+01
7.230000e-06	4.757008e-02	-1.360681e+01
7.240000e-06	5.144462e-02	-1.369160e+01
7.250000e-06	3.949586e-02	-1.380756e+01
7.260000e-06	4.994783e-02	-1.396383e+01
7.270000e-06	4.760199e-02	-1.407117e+01
7.280000e-06	6.338937e-02	-1.421043e+01
7.290000e-06	5.144435e-02	-1.431320e+01
7.300000e-06	5.925594e-02	-1.443899e+01
7.310000e-06	5.431472e-02	-1.451170e+01
7.320000e-06	6.883467e-02	-1.457538e+01
7.330000e-06	6.396517e-02	-1.468122e+01
7.340000e-06	6.848486e-02	-1.476433e+01
7.350000e-06	6.600635e-02	-1.483909e+01
7.360000e-06	7.366355e-02	-1.488375e+01
7.370000e-06	7.375545e-02	-1.497481e+01
7.380000e-06	7.339024e-02	-1.501902e+01
7.390000e-06	7.685230e-02	-1.507168e+01
7.400000e-06	8.252753e-02	-1.509423e+01
7.410000e-06	9.183484e-02	-1.515596e+01
7.420000e-06	8.990143e-02	-1.518894e+01
7.430000e-06	9.332290e-02	-1.522949e+01
7.440000e-06	9.178535e-02	-1.525907e+01
7.450000e-06	1.014897e-01	-1.531165e+01
7.460000e-06	1.032043e-01	-1.530273e+01
7.470000e-06	1.064785e-01	-1.534068e+01
7.480000e-06	1.129438e-01	-1.532121e+01
7.490000e-06	1.177950e-01	-1.531318e+01
7.500000e-06	1.283841e-01	-1.532228e+01
7.510000e-06	1.308341e-01	-1.525005e+01
7.520000e-06	1.359323e-01	-1.526960e+01
7.530000e-06	1.465355e-01	-1.521957e+01
7.540000e-06	1.594770e-01	-1.519799e+01
7.550000e-06	1.746231e-01	-1.517494e+01
7.560000e-06	1.888748e-01	-1.515421e+01
7.570000e-06	2.145033e-01	-1.508312e+01
7.580000e-06	2.408201e-01	-1.503757e+01
7.590000e-06	2.495600e-01	-1.498781e+01
7.600000e-06	2.500000e-01	-1.494278e+01
7.610000e-06	2.500000e-01	-1.484055e+01
7.620000e-06	2.500000e-01	-1.480539e+01
7.630000e-06	2.500000e-01	-1.471210e+01
7.640000e-06	2.498000e-01	-1.462794e+01
7.650000e-06	2.427413e-01	-1.456418e+01
7.660000e-06	2.176842e-01	-1.445857e+01
7.670000e-06	1.936335e-01	-1.432528e+01
7.680000e-06	1.711624e-01	-1.419897e+01
7.690000e-06	1.489834e-01	-1.417476e+01
7.700000e-06	1.312570e-01	-1.396599e+01
7.710000e-06	1.180460e-01	-1.387157e+01
7.720000e-06	1.068795e-01	-1.372370e+01
7.730000e-06	9.621326e-02	-1.361794e+01
7.740000e-06	8.764170e-02	-1.345047e+01
7.750000e-06	8.135488e-02	-1.334368e+01
7.760000e-06	7.791969e-02	-1.314591e+01
7.770000e-06	7.003375e-02	-1.304797e+01
7.780000e-06	6.260634e-02	-1.289252e+01
7.790000e-06	5.755386e-02	-1.277473e+01
7.800000e-06	5.509903e-02	-1.260386e+01
7.810000e-06	5.182982e-02	-1.243742e+01
7.820000e-06	4.713605e-02	-1.223890e+01
7.830000e-06	4.311776e-02	-1.210105e+01
7.840000e-06	4.179375e-02	-1.187293e+01
7.850000e-06	3.958153e-02	-1.167055e+01
7.860000e-06	3.552059e-02	-1.148945e+01
7.870000e-06	3.333263e-02	-1.124882e+01
7.880000e-06	3.090874e-02	-1.104834e+01
7.890000e-06	3.074288e-02	-1.084739e+01
7.900000e-06	2.880814e-02	-1.069935e+01
7.910000e-06	2.680489e-02	-1.050047e+01
7.920000e-06	2.422916e-02	-1.024787e+01
7.930000e-06	2.422773e-02	-1.003774e+01
7.940000e-06	2.240580e-02	-9.876810e+00
7.950000e-06	2.093163e-02	-9.625264e+00
7.960000e-06	1.932056e-02	-9.364133e+00
7.970000e-06	1.816284e-02	-9.172531e+00
7.980000e-06	1.746044e-02	-8.930949e+00
7.990000e-06	1.527390e-02	-8.739506e+00
8.000000e-06	1.389456e-02	-8.467345e+00
8.010000e-06	1.254111e-02	-8.255759e+00
8.020000e-06	1.277584e-02	-8.023183e+00
8.030000e-06	1.244551e-02	-7.760499e+00
8.040000e-06	1.147332e-02	-7.466844e+00
8.050000e-06	1.024791e-02	-7.212657e+00
8.060000e-06	8.497879e-03	-6.967504e+00
8.070000e-06	8.303814e-03	-6.668867e+00
8.080000e-06	5.809399e-03	-6.456314e+00
8.090000e-06	4.080413e-03	-6.182628e+00
8.100000e-06	3.796954e-03	-5.890404e+00
8.110000e-06	4.189060e-03	-5.636742e+00
8.120000e-06	4.729742e-03	-5.391559e+00
8.130000e-06	2.279491e-03	-5.065390e+00
8.140000e-06	1.835498e-03	-4.732477e+00
8.150000e-06	3.777212e-03	-4.445238e+00
8.160000e-06	2.525275e-03	-4.256186e+00
8.170000e-06	1.003713e-03	-3.960079e+00
8.180000e-06	-2.976753e-03	-3.706821e+00
8.190000e-06	-2.751860e-03	-3.432663e+00
8.200000e-06	-4.268334e-03	-3.131007e+00
8.210000e-06	-2.638304e-03	-2.846140e+00
8.220000e-06	-4.133563e-03	-2.631054e+00
8.230000e-06	-2.029051e-03	-2.307846e+00
8.240000e-06	-1.745797e-03	-2.022532e+00
8.250000e-06	-1.851105e-03	-1.749402e+00
8.260000e-06	-5.705602e-03	-1.523192e+00
8.270000e-06	-7.190230e-03	-1.147347e+00
8.280000e-06	-8.420599e-03	-8.625606e-01
8.290000e-06	-7.550532e-03	-5.993785e-01
8.300000e-06	-5.874436e-03	-3.246892e-01
8.310000e-06	-4.342267e-03	-3.298252e-02
8.320000e-06	5.611890e-03	2.747529e-01
8.330000e-06	2.627665e-03	5.053107e-01
8.340000e-06	3.134272e-03	7.589411e-01
8.350000e-06	6.290309e-06	1.053702e+00
8.360000e-06	-2.138616e-04	1.307384e+00
8.370000e-06	-2.416434e-04	1.633204e+00
8.380000e-06	6.383046e-03	1.884284e+00
8.390000e-06	3.348560e-02	2.065334e+00
8.400000e-06	9.730954e-02	2.390546e+00
8.410000e-06	1.146712e-02	2.739044e+00
8.420000e-06	-4.827318e-02	3.033134e+00
8.430000e-06	-3.110688e-02	3.287387e+00
8.440000e-06	-3.230551e-02	3.581677e+00
8.450000e-06	-6.076167e-02	3.823606e+00
8.460000e-06	-5.340484e-02	3.982079e+00
8.470000e-06	8.772622e-02	4.276910e+00
8.480000e-06	-4.435587e-02	4.582677e+00
8.490000e-06	1.707375e-02	4.822728e+00
8.500000e-06	8.897999e-02	5.142020e+00
8.510000e-06	-1.142772e-01	5.425855e+00
8.520000e-06	5.086749e-02	5.728088e+00
8.530000e-06	-5.380496e-02	5.964202e+00
8.540000e-06	2.766968e-02	6.216178e+00
8.550000e-06	8.974941e-03	6.548963e+00
8.560000e-06	-4.584973e-02	6.761125e+00
8.570000e-06	2.729535e-02	7.004857e+00
8.580000e-06	-4.639225e-02	7.269942e+00
8.590000e-06	1.877232e-02	7.582202e+00
8.600000e-06	-5.695479e-02	7.874338e+00
8.610000e-06	1.462718e-02	8.123069e+00
8.620000e-06	6.716437e-03	8.339598e+00
8.630000e-06	-2.776258e-02	8.562170e+00
8.640000e-06	1.116317e-02	8.803709e+00
8.650000e-06	-6.030406e-02	9.025438e+00
8.660000e-06	-2.029241e-03	9.226936e+00
8.670000e-06	-1.686529e-02	9.488541e+00
8.680000e-06	-2.881993e-03	9.700592e+00
8.690000e-06	-3.177479e-02	9.962645e+00
8.700000e-06	-1.851202e-02	1.010070e+01
8.710000e-06	-8.324007e-03	1.037322e+01
8.720000e-06	-3.123408e-02	1.052115e+01
8.730000e-06	-2.178330e-02	1.078371e+01
8.740000e-06	-4.016034e-02	1.097273e+01
8.750000e-06	-1.108269e-02	1.118386e+01
8.760000e-06	-2.424099e-02	1.134433e+01
8.770000e-06	-2.698243e-02	1.157486e+01
8.780000e-06	-4.318779e-02	1.176629e+01
8.790000e-06	-2.909726e-02	1.197426e+01
8.800000e-06	-2.466163e-02	1.212168e+01
8.810000e-06	-2.905788e-02	1.230315e+01
8.820000e-06	-4.003379e-02	1.251064e+01
8.830000e-06	-4.369187e-02	1.264699e+01
8.840000e-06	-3.054548e-02	1.280584e+01
8.850000e-06	-3.722307e-02	1.295423e+01
8.860000e-06	-4.199951e-02	1.305167e+01
8.870000e-06	-5.013222e-02	1.327849e+01
8.880000e-06	-3.681886e-02	1.338694e+01
8.890000e-06	-4.004391e-02	1.357434e+01
8.900000e-06	-4.723400e-02	1.361949e+01
8.910000e-06	-6.105828e-02	1.374644e+01
8.920000e-06	-5.459614e-02	1.390323e+01
8.930000e-06	-4.928381e-02	1.406065e+01
8.940000e-06	-5.135904e-02	1.418578e+01
8.950000e-06	-6.211487e-02	1.427127e+01
8.960000e-06	-6.447148e-02	1.439796e+01
8.970000e-06	-5.748717e-02	1.453113e+01
8.980000e-06	-6.187595e-02	1.457530e+01
8.990000e-06	-6.780255e-02	1.468909e+01
9.000000e-06	-7.693776e-02	1.476226e+01
9.010000e-06	-7.084276e-02	1.479886e+01
9.020000e-06	-7.160412e-02	1.489797e+01
9.030000e-06	-7.751313e-02	1.492320e+01
9.040000e-06	-8.870176e-02	1.500539e+01
9.050000e-06	-8.962620e-02	1.503901e+01
9.060000e-06	-8.438510e-02	1.507157e+01
9.070000e-06	-8.817814e-02	1.511417e+01
9.080000e-06	-9.581582e-02	1.515486e+01
9.090000e-06	-1.028651e-01	1.519494e+01
9.100000e-06	-1.009963e-01	1.522799e+01
9.110000e-06	-1.042315e-01	1.520699e+01
9.120000e-06	-1.136006e-01	1.521902e+01
9.130000e-06	-1.215130e-01	1.526052e+01
9.140000e-06	-1.223471e-01	1.525057e+01
9.150000e-06	-1.223452e-01	1.524910e+01
9.160000e-06	-1.308369e-01	1.521904e+01
9.170000e-06	-1.429857e-01	1.523852e+01
9.180000e-06	-1.527895e-01	1.515897e+01
9.190000e-06	-1.565215e-01	1.513633e+01
9.200000e-06	-1.700342e-01	1.514430e+01
9.210000e-06	-1.881461e-01	1.514365e+01
9.220000e-06	-2.127727e-01	1.508007e+01
9.230000e-06	-2.331157e-01	1.499752e+01
9.240000e-06	-2.481824e-01	1.495388e+01
9.250000e-06	-2.500000e-01	1.492268e+01
9.260000e-06	-2.500000e-01	1.485852e+01
9.270000e-06	-2.500000e-01	1.478534e+01
9.280000e-06	-2.500000e-01	1.469358e+01
9.290000e-06	-2.500000e-01	1.463747e+01
9.300000e-06	-2.500000e-01	1.457468e+01
9.310000e-06	-2.425514e-01	1.446055e+01
9.320000e-06	-2.146064e-01	1.439478e+01
9.330000e-06	-1.875091e-01	1.424002e+01
9.340000e-06	-1.690076e-01	1.412218e+01
9.350000e-06	-1.544474e-01	1.400694e+01
9.360000e-06	-1.368521e-01	1.385115e+01
9.370000e-06	-1.216427e-01	1.375828e+01
9.380000e-06	-1.116427e-01	1.359899e+01
9.390000e-06	-1.063241e-01	1.350155e+01
9.400000e-06	-9.727154e-02	1.337382e+01
9.410000e-06	-8.841326e-02	1.323739e+01
9.420000e-06	-8.132317e-02	1.309052e+01
9.430000e-06	-7.891728e-02	1.294368e+01
9.440000e-06	-7.547360e-02	1.276474e+01
9.450000e-06	-6.829599e-02	1.262734e+01
9.460000e-06	-6.169213e-02	1.246097e+01
9.470000e-06	-6.058594e-02	1.227200e+01
9.480000e-06	-6.043179e-02	1.212258e+01
9.490000e-06	-5.555308e-02	1.195323e+01
9.500000e-06	-5.178829e-02	1.181316e+01
9.510000e-06	-4.781103e-02	1.159518e+01
9.520000e-06	-5.097435e-02	1.134218e+01
9.530000e-06	-4.780052e-02	1.117523e+01
9.540000e-06	-4.439995e-02	1.099363e+01
9.550000e-06	-4.047355e-02	1.076271e+01
9.560000e-06	-4.053738e-02	1.055268e+01
9.570000e-06	-4.075078e-02	1.035203e+01
9.580000e-06	-3.843735e-02	1.016265e+01
9.590000e-06	-3.556512e-02	9.941577e+00
9.600000e-06	-3.527867e-02	9.701000e+00
9.610000e-06	-3.722939e-02	9.436797e+00
9.620000e-06	-3.533715e-02	9.298370e+00
9.630000e-06	-3.160474e-02	9.016262e+00
9.640000e-06	-2.787819e-02	8.814761e+00
9.650000e-06	-3.116648e-02	8.582130e+00
9.660000e-06	-3.042990e-02	8.362607e+00
9.670000e-06	-2.932061e-02	8.090472e+00
9.680000e-06	-2.535722e-02	7.865815e+00
9.690000e-06	-2.702834e-02	7.563683e+00
9.700000e-06	-2.780492e-02	7.311526e+00
9.710000e-06	-2.673008e-02	7.054789e+00
9.720000e-06	-2.340964e-02	6.805738e+00
9.730000e-06	-2.245389e-02	6.550529e+00
9.740000e-06	-2.463713e-02	6.289295e+00
9.750000e-06	-2.385081e-02	6.104811e+00
9.760000e-06	-2.147145e-02	5.792154e+00
9.770000e-06	-1.990057e-02	5.528324e+00
9.780000e-06	-2.066892e-02	5.246243e+00
9.790000e-06	-2.147251e-02	4.908771e+00
9.800000e-06	-2.042256e-02	4.653114e+00
9.810000e-06	-1.782560e-02	4.382530e+00
9.820000e-06	-1.893629e-02	4.099290e+00
9.830000e-06	-1.862019e-02	3.824084e+00
9.840000e-06	-1.922836e-02	3.599401e+00
9.850000e-06	-1.518228e-02	3.304616e+00
9.860000e-06	-1.528845e-02	3.010908e+00
9.870000e-06	-1.488209e-02	2.767347e+00
9.880000e-06	-1.726463e-02	2.423210e+00
9.890000e-06	-1.542843e-02	2.128397e+00
9.900000e-06	-1.318385e-02	1.904790e+00
9.910000e-06	-1.334201e-02	1.601501e+00
9.920000e-06	-1.368638e-02	1.324293e+00
9.930000e-06	-1.394054e-02	9.999059e-01
9.940000e-06	-1.093663e-02	7.046692e-01
9.950000e-06	-9.926800e-03	4.410526e-01
9.960000e-06	-9.765061e-03	1.587641e-01
9.970000e-06	-5.808972e-03	-1.269400e-01
9.980000e-06	4.602939e-03	-4.200200e-01
9.990000e-06	-8.634464e-04	-6.843119e-01
1.000000e-05	2.200955e-03	-9.054886e-01
1.001000e-05	-2.444406e-03	-1.190546e+00
1.002000e-05	1.113070e-03	-1.468414e+00
1.003000e-05	1.469806e-03	-1.736516e+00
1.004000e-05	3.056376e-02	-1.948996e+00
1.005000e-05	1.071915e-01	-2.221754e+00
1.006000e-05	4.048132e-02	-2.601224e+00
1.007000e-05	-4.356359e-02	-2.941753e+00
1.008000e-05	-1.079486e-02	-3.286915e+00
1.009000e-05	-4.549998e-02	-3.506367e+00
1.010000e-05	-7.367101e-02	-3.718564e+00
1.011000e-05	6.292492e-03	-3.969999e+00
1.012000e-05	1.105634e-01	-4.127967e+00
1.013000e-05	-1.237277e-01	-4.466354e+00
1.014000e-05	1.730149e-01	-4.687472e+00
1.015000e-05	-4.979100e-02	-4.973147e+00
1.016000e-05	-1.109946e-02	-5.351225e+00
1.017000e-05	6.051750e-02	-5.582650e+00
1.018000e-05	-1.259966e-01	-5.896416e+00
1.019000e-05	1.605673e-01	-6.097445e+00
1.020000e-05	-5.990071e-02	-6.411748e+00
1.021000e-05	6.521649e-02	-6.687995e+00
1.022000e-05	1.880868e-02	-6.930092e+00
1.023000e-05	-5.097816e-02	-7.274335e+00
1.024000e-05	8.731243e-02	-7.445858e+00
1.025000e-05	-7.828623e-02	-7.741699e+00
1.026000e-05	1.122832e-01	-8.013334e+00
1.027000e-05	-2.978321e-02	-8.254783e+00
1.028000e-05	4.289133e-02	-8.489116e+00
1.029000e-05	4.676098e-02	-8.741620e+00
1.030000e-05	-5.593829e-02	-8.953727e+00
1.031000e-05	7.427555e-02	-9.173254e+00
1.032000e-05	-4.446472e-02	-9.436857e+00
1.033000e-05	1.022844e-01	-9.666486e+00
1.034000e-05	-2.157987e-02	-9.868987e+00
1.035000e-05	6.085412e-02	-1.008747e+01
1.036000e-05	1.143093e-03	-1.029009e+01
1.037000e-05	2.457519e-02	-1.049017e+01
1.038000e-05	4.093368e-02	-1.071057e+01
1.039000e-05	-3.517718e-03	-1.090020e+01
1.040000e-05	6.225562e-02	-1.114070e+01
1.041000e-05	-4.548750e-03	-1.133130e+01
1.042000e-05	7.127036e-02	-1.154132e+01
1.043000e-05	-6.256023e-03	-1.171373e+01
1.044000e-05	5.522256e-02	-1.193373e+01
1.045000e-05	1.199340e-02	-1.209407e+01
1.046000e-05	5.836270e-02	-1.230123e+01
1.047000e-05	2.813209e-02	-1.246754e+01
1.048000e-05	3.355972e-02	-1.265897e+01
1.049000e-05	3.494024e-02	-1.278688e+01
1.050000e-05	3.439154e-02	-1.292331e+01
1.051000e-05	5.213971e-02	-1.307105e+01
1.052000e-05	3.135352e-02	-1.323609e+01
1.053000e-05	5.506812e-02	-1.337533e+01
1.054000e-05	3.582510e-02	-1.354275e+01
1.055000e-05	6.065174e-02	-1.365857e+01
1.056000e-05	3.518152e-02	-1.378691e+01
1.057000e-05	5.148709e-02	-1.390278e+01
1.058000e-05	4.240724e-02	-1.402752e+01
1.059000e-05	6.236501e-02	-1.420593e+01
1.060000e-05	5.454941e-02	-1.424067e+01
1.061000e-05	5.735903e-02	-1.440738e+01
1.062000e-05	5.464904e-02	-1.447967e+01
1.063000e-05	6.334508e-02	-1.458544e+01
1.064000e-05	6.770070e-02	-1.463959e+01
1.065000e-05	6.487615e-02	-1.471370e+01
1.066000e-05	6.801559e-02	-1.479657e+01
1.067000e-05	6.883476e-02	-1.485222e+01
1.068000e-05	7.678461e-02	-1.493581e+01
1.069000e-05	7.142809e-02	-1.498746e+01
1.070000e-05	7.731604e-02	-1.506114e+01
1.071000e-05	7.759579e-02	-1.506220e+01
1.072000e-05	9.046481e-02	-1.511583e+01
1.073000e-05	8.962917e-02	-1.519794e+01
1.074000e-05	9.275566e-02	-1.519897e+01
1.075000e-05	9.074438e-02	-1.527112e+01
1.076000e-05	9.808594e-02	-1.529215e+01
1.077000e-05	1.025102e-01	-1.529215e+01
1.078000e-05	1.063073e-01	-1.532370e+01
1.079000e-05	1.105373e-01	-1.534277e+01
1.080000e-05	1.156824e-01	-1.529413e+01
1.081000e-05	1.247684e-01	-1.534466e+01
1.082000e-05	1.282819e-01	-1.528275e+01
1.083000e-05	1.333469e-01	-1.527172e+01
1.084000e-05	1.403000e-01	-1.528052e+01
1.085000e-05	1.555366e-01	-1.520802e+01
1.086000e-05	1.700645e-01	-1.519784e+01
1.087000e-05	1.860903e-01	-1.512524e+01
1.088000e-05	2.052480e-01	-1.509420e+01
1.089000e-05	2.321559e-01	-1.507110e+01
1.090000e-05	2.480993e-01	-1.498896e+01
1.091000e-05	2.500000e-01	-1.492576e+01
1.092000e-05	2.500000e-01	-1.491060e+01
1.093000e-05	2.500000e-01	-1.475736e+01
1.094000e-05	2.500000e-01	-1.474523e+01
1.095000e-05	2.500000e-01	-1.464002e+01
1.096000e-05	2.477317e-01	-1.460741e+01
1.097000e-05	2.260618e-01	-1.450057e+01
1.098000e-05	2.019301e-01	-1.435679e+01
1.099000e-05	1.766043e-01	-1.425165e+01
1.100000e-05	1.588294e-01	-1.415723e+01
1.101000e-05	1.384978e-01	-1.401854e+01
1.102000e-05	1.224189e-01	-1.393278e+01
1.103000e-05	1.114898e-01	-1.378691e+01
1.104000e-05	9.808948e-02	-1.366807e+01
1.105000e-05	9.066112e-02	-1.352311e+01
1.106000e-05	8.213070e-02	-1.337481e+01
1.107000e-05	7.954132e-02	-1.326047e+01
1.108000e-05	7.341271e-02	-1.309313e+01
1.109000e-05	6.820032e-02	-1.297326e+01
1.110000e-05	5.974673e-02	-1.281789e+01
1.111000e-05	5.528970e-02	-1.266990e+01
1.112000e-05	5.090345e-02	-1.251147e+01
1.113000e-05	4.780291e-02	-1.234100e+01
1.114000e-05	4.289102e-02	-1.215373e+01
1.115000e-05	4.244559e-02	-1.197431e+01
1.116000e-05	4.190755e-02	-1.175471e+01
1.117000e-05	3.935937e-02	-1.159418e+01
1.118000e-05	3.473995e-02	-1.133263e+01
1.119000e-05	3.027966e-02	-1.112062e+01
1.120000e-05	3.111798e-02	-1.092110e+01
1.121000e-05	2.856504e-02	-1.075110e+01
1.122000e-05	2.737057e-02	-1.055271e+01
1.123000e-05	2.548139e-02	-1.033263e+01
1.124000e-05	2.399828e-02	-1.011058e+01
1.125000e-05	2.285164e-02	-9.878451e+00
1.126000e-05	2.066644e-02	-9.679449e+00
1.127000e-05	1.932890e-02	-9.517446e+00
1.128000e-05	1.798920e-02	-9.268864e+00
1.129000e-05	1.831484e-02	-9.025259e+00
1.130000e-05	1.713310e-02	-8.773158e+00
1.131000e-05	1.545710e-02	-8.492125e+00
1.132000e-05	1.264079e-02	-8.319997e+00
1.133000e-05	1.204799e-02	-8.058897e+00
1.134000e-05	1.162905e-02	-7.845771e+00
1.135000e-05	1.169711e-02	-7.561555e+00
1.136000e-05	9.521471e-03	-7.248417e+00
1.137000e-05	9.391055e-03	-7.053368e+00
1.138000e-05	9.385062e-03	-6.790134e+00
1.139000e-05	8.394965e-03	-6.540448e+00
1.140000e-05	4.755895e-03	-6.295318e+00
1.141000e-05	5.070740e-03	-6.013209e+00
1.142000e-05	3.503114e-03	-5.778955e+00
1.143000e-05	4.965561e-03	-5.466842e+00
1.144000e-05	2.023916e-03	-5.192030e+00
1.145000e-05	2.319706e-03	-4.878293e+00
1.146000e-05	1.587416e-03	-4.560477e+00
1.147000e-05	3.269403e-03	-4.317551e+00
1.148000e-05	1.999314e-03	-4.106866e+00
1.149000e-05	-2.620061e-04	-3.841983e+00
1.150000e-05	-1.757850e-03	-3.507396e+00
1.151000e-05	-3.470529e-03	-3.266218e+00
1.152000e-05	-3.409395e-03	-2.948979e+00
1.153000e-05	-4.229680e-03	-2.716269e+00
1.154000e-05	-3.818195e-03	-2.383154e+00
1.155000e-05	-2.257157e-03	-2.129272e+00
1.156000e-05	-2.838536e-03	-1.864685e+00
1.157000e-05	-4.343415e-03	-1.600530e+00
1.158000e-05	-5.391581e-03	-1.263609e+00
1.159000e-05	-7.977246e-03	-9.393998e-01
1.160000e-05	-7.658688e-03	-7.027381e-01
1.161000e-05	-7.625350e-03	-3.884261e-01
1.162000e-05	-5.404270e-03	-1.356919e-01
1.163000e-05	1.259323e-03	1.664358e-01
1.164000e-05	6.197258e-03	4.326039e-01
1.165000e-05	-3.260651e-05	6.437343e-01
1.166000e-05	4.398064e-03	8.985109e-01
1.167000e-05	-2.610711e-03	1.262627e+00
1.168000e-05	9.597492e-04	1.497365e+00
1.169000e-05	-9.274205e-05	1.811573e+00
1.170000e-05	2.167365e-02	2.004049e+00
1.171000e-05	7.660539e-02	2.275358e+00
1.172000e-05	6.592347e-02	2.642302e+00
1.173000e-05	-5.363185e-02	2.948918e+00
1.174000e-05	-2.809335e-02	3.181124e+00
1.175000e-05	-3.901524e-02	3.507366e+00
1.176000e-05	-4.033061e-02	3.726968e+00
1.177000e-05	-8.221405e-02	3.968868e+00
1.178000e-05	4.446995e-02	4.202200e+00
1.179000e-05	3.934367e-02	4.486887e+00
1.180000e-05	-7.355856e-02	4.711067e+00
1.181000e-05	1.453899e-01	5.005280e+00
1.182000e-05	-9.258286e-02	5.350645e+00
1.183000e-05	4.824768e-03	5.573054e+00
1.184000e-05	-6.899131e-03	5.907966e+00
1.185000e-05	-2.829413e-02	6.129515e+00
1.186000e-05	5.138093e-02	6.411623e+00
1.187000e-05	-5.927276e-02	6.678442e+00
1.188000e-05	2.121652e-02	6.942120e+00
1.189000e-05	-2.902797e-02	7.183700e+00
1.190000e-05	-2.132085e-04	7.448487e+00
1.191000e-05	-2.624003e-02	7.791575e+00
1.192000e-05	-2.903019e-02	7.996408e+00
1.193000e-05	3.335830e-02	8.265936e+00
1.194000e-05	-3.316515e-02	8.448516e+00
1.195000e-05	7.300800e-03	8.687987e+00
1.196000e-05	-3.541939e-02	8.910625e+00
1.197000e-05	-3.579290e-02	9.182255e+00
1.198000e-05	3.343613e-03	9.384182e+00
1.199000e-05	-2.011698e-02	9.606909e+00
1.200000e-05	-1.131673e-02	9.827012e+00
1.201000e-05	-3.692734e-02	1.006796e+01
1.202000e-05	-1.772821e-04	1.028951e+01
1.203000e-05	-2.658782e-02	1.051857e+01
1.204000e-05	-2.177704e-02	1.069159e+01
1.205000e-05	-3.356327e-02	1.088166e+01
1.206000e-05	-2.459942e-02	1.108874e+01
1.207000e-05	-1.407900e-02	1.129914e+01
1.208000e-05	-3.417244e-02	1.150467e+01
1.209000e-05	-3.451355e-02	1.175065e+01
1.210000e-05	-4.187036e-02	1.189962e+01
1.211000e-05	-1.909406e-02	1.206950e+01
1.212000e-05	-2.699922e-02	1.223992e+01
1.213000e-05	-3.093366e-02	1.243847e+01
1.214000e-05	-4.354023e-02	1.258726e+01
1.215000e-05	-3.589676e-02	1.275225e+01
1.216000e-05	-3.342950e-02	1.286010e+01
1.217000e-05	-4.470739e-02	1.309054e+01
1.218000e-05	-4.825151e-02	1.322686e+01
1.219000e-05	-4.495197e-02	1.334530e+01
1.220000e-05	-3.523109e-02	1.349067e+01
1.221000e-05	-4.355643e-02	1.360704e+01
1.222000e-05	-5.361506e-02	1.375180e+01
1.223000e-05	-5.789824e-02	1.389067e+01
1.224000e-05	-4.961605e-02	1.401999e+01
1.225000e-05	-4.945149e-02	1.413433e+01
1.226000e-05	-5.913739e-02	1.424952e+01
1.227000e-05	-6.737523e-02	1.434536e+01
1.228000e-05	-6.156792e-02	1.446999e+01
1.229000e-05	-5.899781e-02	1.457531e+01
1.230000e-05	-6.324974e-02	1.464844e+01
1.231000e-05	-7.366427e-02	1.471325e+01
1.232000e-05	-7.193834e-02	1.479481e+01
1.233000e-05	-6.956776e-02	1.484952e+01
1.234000e-05	-7.324409e-02	1.488962e+01
1.235000e-05	-8.611177e-02	1.495633e+01
1.236000e-05	-9.109362e-02	1.499746e+01
1.237000e-05	-8.714489e-02	1.504009e+01
1.238000e-05	-8.527447e-02	1.509222e+01
1.239000e-05	-9.274988e-02	1.510381e+01
1.240000e-05	-1.012538e-01	1.514489e+01
1.241000e-05	-1.017728e-01	1.521751e+01
1.242000e-05	-1.012181e-01	1.523644e+01
1.243000e-05	-1.078542e-01	1.524856e+01
1.244000e-05	-1.189962e-01	1.521999e+01
1.245000e-05	-1.219961e-01	1.526854e+01
1.246000e-05	-1.217197e-01	1.522215e+01
1.247000e-05	-1.263363e-01	1.524159e+01
1.248000e-05	-1.392127e-01	1.519799e+01
1.249000e-05	-1.494982e-01	1.522752e+01
1.250000e-05	-1.546308e-01	1.518643e+01
1.251000e-05	-1.632488e-01	1.514428e+01
1.252000e-05	-1.801431e-01	1.513370e+01
1.253000e-05	-2.040477e-01	1.506160e+01
1.254000e-05	-2.261264e-01	1.502949e+01
1.255000e-05	-2.450027e-01	1.498736e+01
1.256000e-05	-2.497000e-01	1.493325e+01
1.257000e-05	-2.500000e-01	1.486915e+01
1.258000e-05	-2.500000e-01	1.478744e+01
1.259000e-05	-2.500000e-01	1.474575e+01
1.260000e-05	-2.500000e-01	1.465099e+01
1.261000e-05	-2.500000e-01	1.457781e+01
1.262000e-05	-2.482027e-01	1.448112e+01
1.263000e-05	-2.258994e-01	1.437688e+01
1.264000e-05	-1.961702e-01	1.428220e+01
1.265000e-05	-1.748869e-01	1.417632e+01
1.266000e-05	-1.597044e-01	1.405100e+01
1.267000e-05	-1.439479e-01	1.393473e+01
1.268000e-05	-1.278315e-01	1.380792e+01
1.269000e-05	-1.142616e-01	1.368059e+01
1.270000e-05	-1.083082e-01	1.355521e+01
1.271000e-05	-1.009879e-01	1.341741e+01
1.272000e-05	-9.128290e-02	1.331005e+01
1.273000e-05	-8.294168e-02	1.318426e+01
1.274000e-05	-7.900883e-02	1.298684e+01
1.275000e-05	-7.707072e-02	1.283847e+01
1.276000e-05	-7.232460e-02	1.269005e+01
1.277000e-05	-6.492657e-02	1.252165e+01
1.278000e-05	-6.078791e-02	1.239521e+01
1.279000e-05	-6.002713e-02	1.219626e+01
1.280000e-05	-5.816726e-02	1.203486e+01
1.281000e-05	-5.188905e-02	1.185697e+01
1.282000e-05	-4.897663e-02	1.163736e+01
1.283000e-05	-4.953083e-02	1.142836e+01
1.284000e-05	-5.063418e-02	1.123584e+01
1.285000e-05	-4.590944e-02	1.103779e+01
1.286000e-05	-4.229559e-02	1.085677e+01
1.287000e-05	-4.033825e-02	1.063834e+01
1.288000e-05	-4.245664e-02	1.039737e+01
1.289000e-05	-3.934574e-02	1.023618e+01
1.290000e-05	-3.632858e-02	1.000582e+01
1.291000e-05	-3.424284e-02	9.783656e+00
1.292000e-05	-3.626657e-02	9.552151e+00
1.293000e-05	-3.568352e-02	9.360474e+00
1.294000e-05	-3.301020e-02	9.140050e+00
1.295000e-05	-2.934437e-02	8.908397e+00
1.296000e-05	-3.091504e-02	8.638788e+00
1.297000e-05	-3.081209e-02	8.406837e+00
1.298000e-05	-3.003044e-02	8.196133e+00
1.299000e-05	-2.529456e-02	7.944029e+00
1.300000e-05	-2.608472e-02	7.658426e+00
1.301000e-05	-2.645507e-02	7.424714e+00
1.302000e-05	-2.751563e-02	7.161005e+00
1.303000e-05	-2.421354e-02	6.918922e+00
1.304000e-05	-2.282627e-02	6.636293e+00
1.305000e-05	-2.451991e-02	6.382483e+00
1.306000e-05	-2.587113e-02	6.160475e+00
1.307000e-05	-2.247154e-02	5.907772e+00
1.308000e-05	-1.980211e-02	5.622533e+00
1.309000e-05	-1.970874e-02	5.342054e+00
1.310000e-05	-2.128326e-02	5.045736e+00
1.311000e-05	-2.104950e-02	4.687273e+00
1.312000e-05	-1.871715e-02	4.466287e+00
1.313000e-05	-1.757190e-02	4.192883e+00
1.314000e-05	-1.911853e-02	3.878344e+00
1.315000e-05	-1.985341e-02	3.663687e+00
1.316000e-05	-1.687564e-02	3.370005e+00
1.317000e-05	-1.457772e-02	3.064289e+00
1.318000e-05	-1.592425e-02	2.852636e+00
1.319000e-05	-1.755206e-02	2.569273e+00
1.320000e-05	-1.540093e-02	2.254587e+00
1.321000e-05	-1.404328e-02	1.991955e+00
1.322000e-05	-1.138821e-02	1.727846e+00
1.323000e-05	-1.357237e-02	1.423033e+00
1.324000e-05	-1.381125e-02	1.086194e+00
1.325000e-05	-1.291886e-02	7.994011e-01
1.326000e-05	-1.083372e-02	5.156905e-01
1.327000e-05	-1.030264e-02	2.629589e-01
1.328000e-05	-7.915206e-03	-2.270170e-02
1.329000e-05	7.247632e-04	-2.858133e-01
1.330000e-05	3.515129e-03	-5.669628e-01
1.331000e-05	5.551709e-05	-8.332080e-01
1.332000e-05	6.777720e-04	-1.076361e+00
1.333000e-05	-8.754551e-04	-1.430189e+00
1.334000e-05	1.087643e-03	-1.644259e+00
1.335000e-05	1.475092e-02	-1.915387e+00
1.336000e-05	7.705633e-02	-2.146837e+00
1.337000e-05	9.710911e-02	-2.444853e+00
1.338000e-05	-4.729171e-02	-2.855806e+00
1.339000e-05	-6.149159e-03	-3.233328e+00
1.340000e-05	-4.353863e-02	-3.445257e+00
1.341000e-05	-4.798140e-02	-3.633837e+00
1.342000e-05	-6.889630e-02	-3.897442e+00
1.343000e-05	1.429390e-01	-4.063333e+00
1.344000e-05	-8.435814e-02	-4.338517e+00
1.345000e-05	4.746378e-02	-4.646232e+00
1.346000e-05	7.971071e-02	-4.885357e+00
1.347000e-05	-1.159679e-01	-5.235432e+00
1.348000e-05	1.321597e-01	-5.498436e+00
1.349000e-05	-1.405201e-01	-5.761203e+00
1.350000e-05	8.216823e-02	-6.022308e+00
1.351000e-05	4.271830e-02	-6.278385e+00
1.352000e-05	-3.319208e-02	-6.582854e+00
1.353000e-05	1.051440e-01	-6.823381e+00
1.354000e-05	-9.591898e-02	-7.099067e+00
1.355000e-05	8.785924e-02	-7.411702e+00
1.356000e-05	-4.507614e-02	-7.663859e+00
1.357000e-05	4.071784e-02	-7.901649e+00
1.358000e-05	5.558387e-02	-8.131128e+00
1.359000e-05	-4.058350e-02	-8.392858e+00
1.360000e-05	1.112737e-01	-8.617913e+00
1.361000e-05	-7.599355e-02	-8.909565e+00
1.362000e-05	6.563959e-02	-9.100121e+00
1.363000e-05	-2.344074e-02	-9.281095e+00
1.364000e-05	5.599784e-02	-9.603675e+00
1.365000e-05	3.694111e-02	-9.793724e+00
1.366000e-05	3.178306e-03	-1.000396e+01
1.367000e-05	5.737743e-02	-1.017431e+01
1.368000e-05	-2.538254e-02	-1.045694e+01
1.369000e-05	7.610829e-02	-1.062689e+01
1.370000e-05	-2.423401e-02	-1.083591e+01
1.371000e-05	6.746103e-02	-1.101747e+01
1.372000e-05	-3.239045e-04	-1.131796e+01
1.373000e-05	5.690736e-02	-1.143859e+01
1.374000e-05	1.798084e-02	-1.167894e+01
1.375000e-05	2.874234e-02	-1.189010e+01
1.376000e-05	3.480159e-02	-1.207799e+01
1.377000e-05	3.011059e-02	-1.225794e+01
1.378000e-05	5.483820e-02	-1.240643e+01
1.379000e-05	1.542118e-02	-1.253528e+01
1.380000e-05	5.022489e-02	-1.269218e+01
1.381000e-05	2.042571e-02	-1.285117e+01
1.382000e-05	6.025139e-02	-1.300646e+01
1.383000e-05	2.646801e-02	-1.315541e+01
1.384000e-05	5.512168e-02	-1.334323e+01
1.385000e-05	3.541100e-02	-1.348054e+01
1.386000e-05	5.663629e-02	-1.359746e+01
1.387000e-05	4.309442e-02	-1.373318e+01
1.388000e-05	4.531284e-02	-1.384259e+01
1.389000e-05	4.664963e-02	-1.394729e+01
1.390000e-05	5.313963e-02	-1.412328e+01
1.391000e-05	5.996978e-02	-1.425849e+01
1.392000e-05	5.309062e-02	-1.434578e+01
1.393000e-05	5.926988e-02	-1.447852e+01
1.394000e-05	5.652334e-02	-1.455380e+01
1.395000e-05	7.006235e-02	-1.462757e+01
1.396000e-05	6.113287e-02	-1.472215e+01
1.397000e-05	7.011840e-02	-1.477546e+01
1.398000e-05	6.433207e-02	-1.485109e+01
1.399000e-05	7.701952e-02	-1.493420e+01
1.400000e-05	7.135743e-02	-1.498738e+01
1.401000e-05	7.689210e-02	-1.503004e+01
1.402000e-05	7.591570e-02	-1.507315e+01
1.403000e-05	8.685419e-02	-1.517473e+01
1.404000e-05	9.023373e-02	-1.517793e+01
1.405000e-05	9.130831e-02	-1.515897e+01
1.406000e-05	9.230314e-02	-1.523057e+01
1.407000e-05	9.443600e-02	-1.528962e+01
1.408000e-05	1.027373e-01	-1.530960e+01
1.409000e-05	1.048441e-01	-1.531220e+01
1.410000e-05	1.095326e-01	-1.535323e+01
1.411000e-05	1.119144e-01	-1.533268e+01
1.412000e-05	1.224324e-01	-1.534225e+01
1.413000e-05	1.264707e-01	-1.532363e+01
1.414000e-05	1.310720e-01	-1.529962e+01
1.415000e-05	1.375896e-01	-1.524055e+01
1.416000e-05	1.501360e-01	-1.523997e+01
1.417000e-05	1.642551e-01	-1.519941e+01
1.418000e-05	1.786471e-01	-1.514534e+01
1.419000e-05	1.973033e-01	-1.510368e+01
1.420000e-05	2.219846e-01	-1.508159e+01
1.421000e-05	2.452984e-01	-1.500797e+01
1.422000e-05	2.499000e-01	-1.495583e+01
1.423000e-05	2.500000e-01	-1.490273e+01
1.424000e-05	2.500000e-01	-1.481907e+01
1.425000e-05	2.500000e-01	-1.477433e+01
1.426000e-05	2.500000e-01	-1.465170e+01
1.427000e-05	2.498848e-01	-1.461884e+01
1.428000e-05	2.365734e-01	-1.454166e+01
1.429000e-05	2.099172e-01	-1.441842e+01
1.430000e-05	1.847099e-01	-1.427313e+01
1.431000e-05	1.637868e-01	-1.419839e+01
1.432000e-05	1.447902e-01	-1.407310e+01
1.433000e-05	1.283677e-01	-1.393681e+01
1.434000e-05	1.158276e-01	-1.384054e+01
1.435000e-05	1.042241e-01	-1.374423e+01
1.436000e-05	9.422976e-02	-1.361586e+01
1.437000e-05	8.616446e-02	-1.343892e+01
1.438000e-05	7.911894e-02	-1.335213e+01
1.439000e-05	7.391049e-02	-1.314578e+01
1.440000e-05	6.774972e-02	-1.300737e+01
1.441000e-05	6.183157e-02	-1.286897e+01
1.442000e-05	5.771207e-02	-1.272208e+01
1.443000e-05	5.384096e-02	-1.255120e+01
1.444000e-05	5.163622e-02	-1.240484e+01
1.445000e-05	4.558362e-02	-1.217782e+01
1.446000e-05	4.267321e-02	-1.204637e+01
1.447000e-05	4.113805e-02	-1.183895e+01
1.448000e-05	3.780456e-02	-1.161742e+01
1.449000e-05	3.463614e-02	-1.142742e+01
1.450000e-05	3.296110e-02	-1.118631e+01
1.451000e-05	3.337049e-02	-1.100629e+01
1.452000e-05	3.216634e-02	-1.078378e+01
1.453000e-05	2.959360e-02	-1.060677e+01
1.454000e-05	2.579867e-02	-1.042579e+01
1.455000e-05	2.260268e-02	-1.014516e+01
1.456000e-05	2.115315e-02	-9.992264e+00
1.457000e-05	1.950478e-02	-9.759629e+00
1.458000e-05	1.773976e-02	-9.543055e+00
1.459000e-05	2.154115e-02	-9.320597e+00
1.460000e-05	1.939155e-02	-9.099473e+00
1.461000e-05	2.111217e-02	-8.887898e+00
1.462000e-05	1.457320e-02	-8.625812e+00
1.463000e-05	1.355063e-02	-8.414709e+00
1.464000e-05	1.164391e-02	-8.202531e+00
1.465000e-05	1.082109e-02	-7.938902e+00
1.466000e-05	9.838868e-03	-7.626817e+00
1.467000e-05	7.888963e-03	-7.373584e+00
1.468000e-05	1.074880e-02	-7.140475e+00
1.469000e-05	1.038612e-02	-6.876891e+00
1.470000e-05	9.761147e-03	-6.625237e+00
1.471000e-05	6.429184e-03	-6.382157e+00
1.472000e-05	5.382874e-03	-6.088417e+00
1.473000e-05	3.444805e-03	-5.863213e+00
1.474000e-05	4.618752e-03	-5.601608e+00
1.475000e-05	2.363370e-03	-5.277343e+00
1.476000e-05	2.247733e-03	-5.003083e+00
1.477000e-05	1.892341e-03	-4.655715e+00
1.478000e-05	3.761647e-03	-4.442609e+00
1.479000e-05	2.801317e-03	-4.200506e+00
1.480000e-05	2.097208e-04	-3.908977e+00
1.481000e-05	-2.284474e-03	-3.623633e+00
1.482000e-05	-1.949008e-03	-3.360030e+00
1.483000e-05	-2.729730e-03	-3.075864e+00
1.484000e-05	-3.917276e-03	-2.810981e+00
1.485000e-05	-4.498452e-03	-2.537871e+00
1.486000e-05	-3.429872e-03	-2.274714e+00
1.487000e-05	-4.084040e-03	-1.937875e+00
1.488000e-05	-2.516705e-03	-1.696292e+00
1.489000e-05	-5.683923e-03	-1.379958e+00
1.490000e-05	-4.861275e-03	-1.084134e+00
1.491000e-05	-5.235744e-03	-7.574776e-01
1.492000e-05	-6.544066e-03	-5.141367e-01
1.493000e-05	-7.505798e-03	-2.430301e-01
1.494000e-05	-4.256549e-03	4.257795e-02
1.495000e-05	5.499893e-03	3.269385e-01
1.496000e-05	-6.499530e-04	5.880475e-01
1.497000e-05	5.431807e-03	8.225527e-01
1.498000e-05	-6.945871e-04	1.127944e+00
1.499000e-05	3.843613e-03	1.419671e+00
1.500000e-05	-9.577149e-04	1.757991e+00
1.501000e-05	1.189301e-02	1.938366e+00
1.502000e-05	4.735743e-02	2.199592e+00
1.503000e-05	9.659067e-02	2.485409e+00
1.504000e-05	-2.667354e-02	2.824154e+00
1.505000e-05	-3.717514e-02	3.098467e+00
1.506000e-05	-3.736222e-02	3.412174e+00
1.507000e-05	-2.926194e-02	3.666210e+00
1.508000e-05	-7.677491e-02	3.906907e+00
1.509000e-05	-1.614189e-02	4.088258e+00
1.510000e-05	8.916658e-02	4.332125e+00
1.511000e-05	-8.673031e-02	4.675808e+00
1.512000e-05	9.574859e-02	4.897837e+00
1.513000e-05	5.885395e-03	5.195957e+00
1.514000e-05	-7.640115e-02	5.498366e+00
1.515000e-05	4.395073e-02	5.821168e+00
1.516000e-05	-6.106231e-02	6.045383e+00
1.517000e-05	5.593988e-02	6.287438e+00
1.518000e-05	-3.057018e-02	6.574749e+00
1.519000e-05	-1.555818e-02	6.844858e+00
1.520000e-05	7.704070e-03	7.088042e+00
1.521000e-05	-3.453963e-02	7.390670e+00
1.522000e-05	8.300926e-03	7.635909e+00
1.523000e-05	-5.946778e-02	7.902143e+00
1.524000e-05	3.447062e-02	8.184205e+00
1.525000e-05	-1.442353e-02	8.404257e+00
1.526000e-05	-1.339855e-02	8.614204e+00
1.527000e-05	-3.713663e-03	8.836455e+00
1.528000e-05	-6.090915e-02	9.058517e+00
1.529000e-05	1.078410e-02	9.299116e+00
1.530000e-05	-2.670979e-02	9.521172e+00
1.531000e-05	1.613374e-03	9.773227e+00
1.532000e-05	-4.090991e-02	9.993305e+00
1.533000e-05	-4.730852e-03	1.017386e+01
1.534000e-05	-1.831169e-02	1.039533e+01
1.535000e-05	-2.963161e-02	1.057581e+01
1.536000e-05	-2.576898e-02	1.084836e+01
1.537000e-05	-3.873264e-02	1.101491e+01
1.538000e-05	-5.176373e-03	1.120739e+01
1.539000e-05	-3.215110e-02	1.140741e+01
1.540000e-05	-2.434759e-02	1.165704e+01
1.541000e-05	-4.657859e-02	1.184789e+01
1.542000e-05	-2.251523e-02	1.197594e+01
1.543000e-05	-2.788888e-02	1.217836e+01
1.544000e-05	-3.100838e-02	1.239376e+01
1.545000e-05	-4.319171e-02	1.254220e+01
1.546000e-05	-4.096579e-02	1.269967e+01
1.547000e-05	-2.956851e-02	1.281896e+01
1.548000e-05	-4.102084e-02	1.296591e+01
1.549000e-05	-4.330994e-02	1.313471e+01
1.550000e-05	-4.977064e-02	1.330207e+01
1.551000e-05	-3.386000e-02	1.342799e+01
1.552000e-05	-4.405694e-02	1.356686e+01
1.553000e-05	-4.996621e-02	1.367970e+01
1.554000e-05	-6.142265e-02	1.379946e+01
1.555000e-05	-5.109155e-02	1.395378e+01
1.556000e-05	-4.897477e-02	1.405322e+01
1.557000e-05	-5.516698e-02	1.421749e+01
1.558000e-05	-6.361669e-02	1.430227e+01
1.559000e-05	-6.453795e-02	1.440847e+01
1.560000e-05	-5.727455e-02	1.447421e+01
1.561000e-05	-6.259039e-02	1.462789e+01
1.562000e-05	-6.969337e-02	1.471114e+01
1.563000e-05	-7.529145e-02	1.474578e+01
1.564000e-05	-6.968333e-02	1.481691e+01
1.565000e-05	-7.314562e-02	1.489000e+01
1.566000e-05	-8.211944e-02	1.497373e+01
1.567000e-05	-9.028572e-02	1.498501e+01
1.568000e-05	-8.877190e-02	1.503004e+01
1.569000e-05	-8.341511e-02	1.510217e+01
1.570000e-05	-8.998348e-02	1.510375e+01
1.571000e-05	-9.826785e-02	1.516436e+01
1.572000e-05	-1.033187e-01	1.518636e+01
1.573000e-05	-1.009689e-01	1.522639e+01
1.574000e-05	-1.052006e-01	1.524804e+01
1.575000e-05	-1.149312e-01	1.523954e+01
1.576000e-05	-1.219588e-01	1.522057e+01
1.577000e-05	-1.216523e-01	1.526002e+01
1.578000e-05	-1.240290e-01	1.523809e+01
1.579000e-05	-1.351375e-01	1.524902e+01
1.580000e-05	-1.461921e-01	1.519802e+01
1.581000e-05	-1.553105e-01	1.515639e+01
1.582000e-05	-1.579659e-01	1.515538e+01
1.583000e-05	-1.750681e-01	1.515536e+01
1.584000e-05	-1.930397e-01	1.507165e+01
1.585000e-05	-2.164930e-01	1.505009e+01
1.586000e-05	-2.385308e-01	1.503849e+01
1.587000e-05	-2.483994e-01	1.495431e+01
1.588000e-05	-2.500000e-01	1.491210e+01
1.589000e-05	-2.500000e-01	1.484892e+01
1.590000e-05	-2.500000e-01	1.473583e+01
1.591000e-05	-2.500000e-01	1.467060e+01
1.592000e-05	-2.500000e-01	1.464992e+01
1.593000e-05	-2.498000e-01	1.452463e+01
1.594000e-05	-2.349064e-01	1.444744e+01
1.595000e-05	-2.053936e-01	1.432476e+01
1.596000e-05	-1.817809e-01	1.423994e+01
1.597000e-05	-1.669649e-01	1.412225e+01
1.598000e-05	-1.512700e-01	1.396734e+01
1.599000e-05	-1.343996e-01	1.383107e+01
1.600000e-05	-1.193716e-01	1.370476e+01
1.601000e-05	-1.086767e-01	1.358691e+01
1.602000e-05	-1.027184e-01	1.343059e+01
1.603000e-05	-9.356866e-02	1.330418e+01
1.604000e-05	-8.482572e-02	1.320677e+01
1.605000e-05	-7.867703e-02	1.304994e+01
1.606000e-05	-7.920738e-02	1.292055e+01
1.607000e-05	-7.507212e-02	1.275223e+01
1.608000e-05	-6.891171e-02	1.260431e+01
1.609000e-05	-6.188926e-02	1.243837e+01
1.610000e-05	-5.992987e-02	1.225992e+01
1.611000e-05	-5.882609e-02	1.204947e+01
1.612000e-05	-5.314943e-02	1.192260e+01
1.613000e-05	-4.999888e-02	1.169153e+01
1.614000e-05	-4.793894e-02	1.147213e+01
1.615000e-05	-5.017560e-02	1.128110e+01
1.616000e-05	-4.676082e-02	1.111050e+01
1.617000e-05	-4.443971e-02	1.094105e+01
1.618000e-05	-4.042586e-02	1.070155e+01
1.619000e-05	-4.155333e-02	1.050260e+01
1.620000e-05	-4.008932e-02	1.030990e+01
1.621000e-05	-3.709736e-02	1.009797e+01
1.622000e-05	-3.360461e-02	9.837849e+00
1.623000e-05	-3.395284e-02	9.636893e+00
1.624000e-05	-3.562556e-02	9.415288e+00
1.625000e-05	-3.404569e-02	9.203634e+00
1.626000e-05	-3.183662e-02	8.982555e+00
1.627000e-05	-3.109013e-02	8.762454e+00
1.628000e-05	-3.134022e-02	8.508476e+00
1.629000e-05	-3.012052e-02	8.316421e+00
1.630000e-05	-2.651437e-02	8.036762e+00
1.631000e-05	-2.521333e-02	7.822584e+00
1.632000e-05	-2.664544e-02	7.539502e+00
1.633000e-05	-2.727720e-02	7.236767e+00
1.634000e-05	-2.573219e-02	7.002632e+00
1.635000e-05	-2.214752e-02	6.781030e+00
1.636000e-05	-2.441982e-02	6.497821e+00
1.637000e-05	-2.502529e-02	6.265661e+00
1.638000e-05	-2.381411e-02	5.991633e+00
1.639000e-05	-2.010446e-02	5.718923e+00
1.640000e-05	-1.943587e-02	5.456138e+00
1.641000e-05	-2.045028e-02	5.163529e+00
1.642000e-05	-2.176634e-02	4.814037e+00
1.643000e-05	-1.887015e-02	4.559954e+00
1.644000e-05	-1.866142e-02	4.306398e+00
1.645000e-05	-1.827102e-02	3.982983e+00
1.646000e-05	-1.984160e-02	3.760377e+00
1.647000e-05	-1.803700e-02	3.476818e+00
1.648000e-05	-1.503478e-02	3.192031e+00
1.649000e-05	-1.395491e-02	2.927321e+00
1.650000e-05	-1.733696e-02	2.654213e+00
1.651000e-05	-1.692284e-02	2.337399e+00
1.652000e-05	-1.392223e-02	2.065689e+00
1.653000e-05	-1.162949e-02	1.822606e+00
1.654000e-05	-1.345574e-02	1.526748e+00
1.655000e-05	-1.479106e-02	1.241084e+00
1.656000e-05	-1.346208e-02	8.961654e-01
1.657000e-05	-1.060953e-02	6.114811e-01
1.658000e-05	-9.505215e-03	3.288973e-01
1.659000e-05	-9.982318e-03	6.205888e-02
1.660000e-05	-3.823305e-03	-2.221238e-01
1.661000e-05	5.937519e-03	-4.926503e-01
1.662000e-05	-1.763927e-03	-7.579401e-01
1.663000e-05	2.273884e-03	-1.030100e+00
1.664000e-05	-3.695145e-03	-1.314336e+00
1.665000e-05	2.061151e-03	-1.561548e+00
1.666000e-05	5.856788e-03	-1.832073e+00
1.667000e-05	4.681843e-02	-2.012049e+00
1.668000e-05	1.164599e-01	-2.328514e+00
1.669000e-05	-7.668633e-03	-2.707512e+00
1.670000e-05	-2.527190e-02	-3.136940e+00
1.671000e-05	-2.578231e-02	-3.371575e+00
1.672000e-05	-4.214589e-02	-3.560150e+00
1.673000e-05	-8.609563e-02	-3.763731e+00
1.674000e-05	7.882196e-02	-4.001601e+00
1.675000e-05	3.322922e-02	-4.252102e+00
1.676000e-05	-7.282112e-02	-4.549495e+00
1.677000e-05	1.712341e-01	-4.771122e+00
1.678000e-05	-1.306130e-01	-5.085483e+00
1.679000e-05	8.663079e-02	-5.414284e+00
1.680000e-05	-3.514284e-02	-5.664358e+00
1.681000e-05	-5.441960e-02	-5.970749e+00
1.682000e-05	1.349309e-01	-6.191701e+00
1.683000e-05	-8.568151e-02	-6.487461e+00
1.684000e-05	1.162734e-01	-6.761049e+00
1.685000e-05	-5.188432e-02	-7.005326e+00
1.686000e-05	1.718268e-02	-7.288570e+00
1.687000e-05	3.775077e-02	-7.540040e+00
1.688000e-05	-4.814373e-02	-7.815409e+00
1.689000e-05	1.166741e-01	-8.077387e+00
1.690000e-05	-6.567666e-02	-8.328641e+00
1.691000e-05	9.886883e-02	-8.542600e+00
1.692000e-05	-1.997857e-02	-8.794302e+00
1.693000e-05	-1.204848e-03	-9.095359e+00
1.694000e-05	3.976206e-02	-9.213412e+00
1.695000e-05	-1.660583e-02	-9.507569e+00
1.696000e-05	9.453010e-02	-9.689571e+00
1.697000e-05	-3.387557e-02	-9.887599e+00
1.698000e-05	8.112296e-02	-1.012222e+01
1.699000e-05	-3.031319e-02	-1.036330e+01
1.700000e-05	6.295173e-02	-1.059270e+01
1.701000e-05	2.915173e-03	-1.071375e+01
1.702000e-05	3.183578e-02	-1.095425e+01
1.703000e-05	3.477255e-02	-1.115425e+01
1.704000e-05	1.681090e-02	-1.139539e+01
1.705000e-05	5.547020e-02	-1.157383e+01
1.706000e-05	2.379669e-04	-1.177783e+01
1.707000e-05	5.756196e-02	-1.198538e+01
1.708000e-05	9.689758e-03	-1.216326e+01
1.709000e-05	6.698921e-02	-1.234218e+01
1.710000e-05	1.331601e-02	-1.247267e+01
1.711000e-05	4.816576e-02	-1.265105e+01
1.712000e-05	2.222314e-02	-1.280649e+01
1.713000e-05	4.855750e-02	-1.297533e+01
1.714000e-05	3.913872e-02	-1.313370e+01
1.715000e-05	4.309305e-02	-1.330959e+01
1.716000e-05	4.577969e-02	-1.340689e+01
1.717000e-05	4.343224e-02	-1.358633e+01
1.718000e-05	5.251956e-02	-1.371115e+01
1.719000e-05	3.949088e-02	-1.381799e+01
1.720000e-05	5.262308e-02	-1.396435e+01
1.721000e-05	4.553940e-02	-1.407270e+01
1.722000e-05	6.379702e-02	-1.420836e+01
1.723000e-05	5.067676e-02	-1.433420e+01
1.724000e-05	5.917242e-02	-1.441791e+01
1.725000e-05	5.112794e-02	-1.447219e+01
1.726000e-05	6.747779e-02	-1.458546e+01
1.727000e-05	6.557508e-02	-1.465112e+01
1.728000e-05	7.056667e-02	-1.477538e+01
1.729000e-05	6.698365e-02	-1.483802e+01
1.730000e-05	7.222795e-02	-1.490280e+01
1.731000e-05	7.290746e-02	-1.494633e+01
1.732000e-05	7.310230e-02	-1.502902e+01
1.733000e-05	7.571744e-02	-1.506265e+01
1.734000e-05	8.078073e-02	-1.509323e+01
1.735000e-05	9.188184e-02	-1.515681e+01
1.736000e-05	9.094008e-02	-1.520688e+01
1.737000e-05	9.419867e-02	-1.526849e+01
1.738000e-05	9.149956e-02	-1.527010e+01
1.739000e-05	9.987424e-02	-1.531167e+01
1.740000e-05	1.030211e-01	-1.529123e+01
1.741000e-05	1.088406e-01	-1.530523e+01
1.742000e-05	1.111022e-01	-1.532268e+01
1.743000e-05	1.178907e-01	-1.534323e+01
1.744000e-05	1.249310e-01	-1.534065e+01
1.745000e-05	1.292822e-01	-1.529117e+01
1.746000e-05	1.356041e-01	-1.525115e+01
1.747000e-05	1.452234e-01	-1.523044e+01
1.748000e-05	1.599055e-01	-1.524889e+01
1.749000e-05	1.746800e-01	-1.518643e+01
1.750000e-05	1.898598e-01	-1.512623e+01
1.751000e-05	2.113375e-01	-1.508268e+01
1.752000e-05	2.380416e-01	-1.504952e+01
1.753000e-05	2.491994e-01	-1.499792e+01
1.754000e-05	2.500000e-01	-1.490131e+01
1.755000e-05	2.500000e-01	-1.484912e+01
1.756000e-05	2.500000e-01	-1.478539e+01
1.757000e-05	2.500000e-01	-1.474268e+01
1.758000e-05	2.500000e-01	-1.463749e+01
1.759000e-05	2.446407e-01	-1.454423e+01
1.760000e-05	2.180744e-01	-1.450902e+01
1.761000e-05	1.939756e-01	-1.434528e+01
1.762000e-05	1.716737e-01	-1.425110e+01
1.763000e-05	1.510719e-01	-1.410368e+01
1.764000e-05	1.340177e-01	-1.401796e+01
1.765000e-05	1.203936e-01	-1.387060e+01
1.766000e-05	1.091250e-01	-1.377431e+01
1.767000e-05	9.823577e-02	-1.362742e+01
1.768000e-05	8.855820e-02	-1.347104e+01
1.769000e-05	8.082827e-02	-1.337570e+01
1.770000e-05	7.599055e-02	-1.319591e+01
1.771000e-05	6.968380e-02	-1.307947e+01
1.772000e-05	6.315605e-02	-1.293255e+01
1.773000e-05	5.908332e-02	-1.276271e+01
1.774000e-05	5.506540e-02	-1.261631e+01
1.775000e-05	5.233553e-02	-1.245794e+01
1.776000e-05	4.799889e-02	-1.228958e+01
1.777000e-05	4.440135e-02	-1.210152e+01
1.778000e-05	4.113585e-02	-1.193110e+01
1.779000e-05	3.867156e-02	-1.170258e+01
1.780000e-05	3.610077e-02	-1.149361e+01
1.781000e-05	3.344592e-02	-1.124945e+01
1.782000e-05	3.154880e-02	-1.104692e+01
1.783000e-05	3.088293e-02	-1.087849e+01
1.784000e-05	2.874756e-02	-1.068795e+01
1.785000e-05	2.750609e-02	-1.049840e+01
1.786000e-05	2.409531e-02	-1.024895e+01
1.787000e-05	2.349979e-02	-1.006689e+01
1.788000e-05	2.230541e-02	-9.835837e+00
1.789000e-05	2.057189e-02	-9.626288e+00
1.790000e-05	1.898710e-02	-9.415282e+00
1.791000e-05	1.832075e-02	-9.164732e+00
1.792000e-05	1.726009e-02	-8.951054e+00
1.793000e-05	1.663870e-02	-8.751530e+00
1.794000e-05	1.401536e-02	-8.489395e+00
1.795000e-05	1.286765e-02	-8.245766e+00
1.796000e-05	1.304887e-02	-8.025260e+00
1.797000e-05	1.193746e-02	-7.736604e+00
1.798000e-05	1.130528e-02	-7.479845e+00
1.799000e-05	8.852108e-03	-7.223784e+00
1.800000e-05	8.533224e-03	-6.961555e+00
1.801000e-05	7.242807e-03	-6.749846e+00
1.802000e-05	7.021484e-03	-6.476346e+00
1.803000e-05	4.996247e-03	-6.203138e+00
1.804000e-05	5.496180e-03	-5.949426e+00
1.805000e-05	3.947697e-03	-5.685766e+00
1.806000e-05	5.030341e-03	-5.383585e+00
1.807000e-05	2.056331e-03	-5.084893e+00
1.808000e-05	2.318728e-03	-4.771552e+00
1.809000e-05	1.720813e-03	-4.506767e+00
1.810000e-05	2.682277e-03	-4.274763e+00
1.811000e-05	1.372959e-03	-4.050109e+00
1.812000e-05	-1.226944e-03	-3.736816e+00
1.813000e-05	-2.177944e-03	-3.484216e+00
1.814000e-05	-2.996658e-03	-3.221535e+00
1.815000e-05	-1.263146e-03	-2.885266e+00
1.816000e-05	-3.405809e-03	-2.633079e+00
1.817000e-05	-2.333064e-03	-2.359328e+00
1.818000e-05	-3.295516e-03	-2.073562e+00
1.819000e-05	-3.406857e-03	-1.790979e+00
1.820000e-05	-6.184169e-03	-1.515770e+00
1.821000e-05	-5.828221e-03	-1.178329e+00
1.822000e-05	-7.551499e-03	-8.841629e-01
1.823000e-05	-5.711029e-03	-6.025038e-01
1.824000e-05	-6.526300e-03	-3.157395e-01
1.825000e-05	-4.845002e-03	-6.565896e-02
1.826000e-05	5.088472e-03	2.216990e-01
1.827000e-05	2.151138e-03	5.142644e-01
1.828000e-05	1.647543e-03	7.063646e-01
1.829000e-05	1.451519e-03	1.029646e+00
1.830000e-05	-1.245296e-03	1.305836e+00
1.831000e-05	-1.643448e-04	1.650623e+00
1.832000e-05	4.435684e-03	1.843784e+00
1.833000e-05	2.986212e-02	2.056335e+00
1.834000e-05	9.403655e-02	2.330039e+00
1.835000e-05	2.674370e-02	2.729441e+00
1.836000e-05	-5.099293e-02	2.990676e+00
1.837000e-05	-3.043381e-02	3.285884e+00
1.838000e-05	-3.426000e-02	3.570548e+00
1.839000e-05	-5.525402e-02	3.771629e+00
1.840000e-05	-6.449008e-02	4.010125e+00
1.841000e-05	8.054146e-02	4.245807e+00
1.842000e-05	-2.268892e-02	4.549149e+00
1.843000e-05	-1.070689e-02	4.810675e+00
1.844000e-05	1.128015e-01	5.079572e+00
1.845000e-05	-1.184509e-01	5.434357e+00
1.846000e-05	4.526528e-02	5.675311e+00
1.847000e-05	-4.528904e-02	5.980700e+00
1.848000e-05	1.368996e-02	6.182702e+00
1.849000e-05	2.244216e-02	6.485963e+00
1.850000e-05	-5.329659e-02	6.771623e+00
1.851000e-05	3.004718e-02	7.002804e+00
1.852000e-05	-4.587471e-02	7.248886e+00
1.853000e-05	1.746155e-02	7.561149e+00
1.854000e-05	-5.206352e-02	7.814879e+00
1.855000e-05	4.516106e-03	8.110516e+00
1.856000e-05	1.457114e-02	8.329049e+00
1.857000e-05	-3.155139e-02	8.541097e+00
1.858000e-05	1.316788e-02	8.771227e+00
1.859000e-05	-5.668496e-02	8.974326e+00
1.860000e-05	-1.096693e-02	9.205834e+00
1.861000e-05	-1.235280e-02	9.496412e+00
1.862000e-05	-5.686246e-03	9.659544e+00
1.863000e-05	-2.525916e-02	9.931596e+00
1.864000e-05	-2.315140e-02	1.010167e+01
1.865000e-05	-5.252622e-03	1.037170e+01
1.866000e-05	-3.137437e-02	1.052360e+01
1.867000e-05	-2.235762e-02	1.074358e+01
1.868000e-05	-3.915486e-02	1.096378e+01
1.869000e-05	-1.587613e-02	1.118373e+01
1.870000e-05	-2.032163e-02	1.134336e+01
1.871000e-05	-2.808893e-02	1.152426e+01
1.872000e-05	-4.115148e-02	1.173473e+01
1.873000e-05	-3.238689e-02	1.196383e+01
1.874000e-05	-2.395938e-02	1.211120e+01
1.875000e-05	-2.660677e-02	1.230125e+01
1.876000e-05	-3.555283e-02	1.245954e+01
1.877000e-05	-4.359526e-02	1.262741e+01
1.878000e-05	-3.210832e-02	1.278583e+01
1.879000e-05	-3.897834e-02	1.292278e+01
1.880000e-05	-4.404100e-02	1.306105e+01
1.881000e-05	-5.254613e-02	1.324904e+01
1.882000e-05	-3.769777e-02	1.339441e+01
1.883000e-05	-3.794782e-02	1.349230e+01
1.884000e-05	-4.250659e-02	1.365905e+01
1.885000e-05	-5.717136e-02	1.375438e+01
1.886000e-05	-5.527883e-02	1.386023e+01
1.887000e-05	-5.057172e-02	1.406159e+01
1.888000e-05	-5.326377e-02	1.416694e+01
1.889000e-05	-6.230059e-02	1.427015e+01
1.890000e-05	-6.640434e-02	1.441841e+01
1.891000e-05	-5.774175e-02	1.444055e+01
1.892000e-05	-5.893089e-02	1.457553e+01
1.893000e-05	-6.316433e-02	1.467006e+01
1.894000e-05	-7.426633e-02	1.475433e+01
1.895000e-05	-7.259440e-02	1.476744e+01
1.896000e-05	-7.247182e-02	1.487899e+01
1.897000e-05	-7.880939e-02	1.489425e+01
1.898000e-05	-8.808918e-02	1.500496e+01
1.899000e-05	-9.097120e-02	1.502906e+01
1.900000e-05	-8.366557e-02	1.505067e+01
1.901000e-05	-8.532880e-02	1.506227e+01
1.902000e-05	-9.337110e-02	1.514486e+01
1.903000e-05	-1.037176e-01	1.516444e+01
1.904000e-05	-1.017860e-01	1.516846e+01
1.905000e-05	-1.043011e-01	1.522849e+01
1.906000e-05	-1.112271e-01	1.521854e+01
1.907000e-05	-1.200291e-01	1.524059e+01
1.908000e-05	-1.224376e-01	1.522902e+01
1.909000e-05	-1.220453e-01	1.526049e+01
1.910000e-05	-1.292810e-01	1.521904e+01
1.911000e-05	-1.414075e-01	1.519852e+01
1.912000e-05	-1.527147e-01	1.518804e+01
1.913000e-05	-1.563236e-01	1.516546e+01
1.914000e-05	-1.677137e-01	1.514486e+01
1.915000e-05	-1.864863e-01	1.509368e+01
1.916000e-05	-2.097188e-01	1.505064e+01
1.917000e-05	-2.315431e-01	1.502897e+01
1.918000e-05	-2.475669e-01	1.497536e+01
1.919000e-05	-2.500000e-01	1.491223e+01
1.920000e-05	-2.500000e-01	1.488909e+01
1.921000e-05	-2.500000e-01	1.478639e+01
1.922000e-05	-2.500000e-01	1.473418e+01
1.923000e-05	-2.500000e-01	1.462899e+01
1.924000e-05	-2.500000e-01	1.454276e+01
1.925000e-05	-2.445732e-01	1.452210e+01
1.926000e-05	-2.171253e-01	1.434436e+01
1.927000e-05	-1.906993e-01	1.427905e+01
1.928000e-05	-1.709962e-01	1.413470e+01
1.929000e-05	-1.564672e-01	1.408789e+01
1.930000e-05	-1.382322e-01	1.393210e+01
1.931000e-05	-1.230427e-01	1.376739e+01
1.932000e-05	-1.117714e-01	1.366000e+01
1.933000e-05	-1.067739e-01	1.350312e+01
1.934000e-05	-9.942757e-02	1.338378e+01
1.935000e-05	-8.979866e-02	1.324891e+01
1.936000e-05	-8.127855e-02	1.305313e+01
1.937000e-05	-7.846504e-02	1.295265e+01
1.938000e-05	-7.492403e-02	1.275686e+01
1.939000e-05	-7.018728e-02	1.265692e+01
1.940000e-05	-6.293169e-02	1.249945e+01
1.941000e-05	-6.070662e-02	1.230208e+01
1.942000e-05	-6.035233e-02	1.215321e+01
1.943000e-05	-5.601095e-02	1.194628e+01
1.944000e-05	-5.129300e-02	1.176524e+01
1.945000e-05	-4.872447e-02	1.157524e+01
1.946000e-05	-5.095083e-02	1.136523e+01
1.947000e-05	-4.868252e-02	1.119511e+01
1.948000e-05	-4.511211e-02	1.096328e+01
1.949000e-05	-4.132866e-02	1.080326e+01
1.950000e-05	-4.023211e-02	1.061373e+01
1.951000e-05	-4.028835e-02	1.040421e+01
1.952000e-05	-3.844776e-02	1.017266e+01
1.953000e-05	-3.629473e-02	9.942602e+00
1.954000e-05	-3.491939e-02	9.701575e+00
1.955000e-05	-3.663577e-02	9.508320e+00
1.956000e-05	-3.493844e-02	9.267396e+00
1.957000e-05	-3.163984e-02	9.086794e+00
1.958000e-05	-2.884671e-02	8.804715e+00
1.959000e-05	-3.037940e-02	8.592655e+00
1.960000e-05	-2.999447e-02	8.353081e+00
1.961000e-05	-2.926043e-02	8.191524e+00
1.962000e-05	-2.668859e-02	7.890322e+00
1.963000e-05	-2.620941e-02	7.604234e+00
1.964000e-05	-2.717017e-02	7.359052e+00
1.965000e-05	-2.552154e-02	7.086844e+00
1.966000e-05	-2.387588e-02	6.827261e+00
1.967000e-05	-2.286889e-02	6.561129e+00
1.968000e-05	-2.412849e-02	6.356776e+00
1.969000e-05	-2.402694e-02	6.096241e+00
1.970000e-05	-2.223509e-02	5.854762e+00
1.971000e-05	-1.999846e-02	5.539977e+00
1.972000e-05	-2.031837e-02	5.275818e+00
1.973000e-05	-2.092463e-02	4.961926e+00
1.974000e-05	-2.042235e-02	4.662689e+00
1.975000e-05	-1.882980e-02	4.401580e+00
1.976000e-05	-1.785834e-02	4.159902e+00
1.977000e-05	-1.957437e-02	3.874111e+00
1.978000e-05	-1.837860e-02	3.571484e+00
1.979000e-05	-1.590460e-02	3.307718e+00
1.980000e-05	-1.504397e-02	3.023584e+00
1.981000e-05	-1.641673e-02	2.758450e+00
1.982000e-05	-1.699087e-02	2.474558e+00
1.983000e-05	-1.578241e-02	2.190329e+00
1.984000e-05	-1.294226e-02	1.927224e+00
1.985000e-05	-1.321808e-02	1.642108e+00
1.986000e-05	-1.300402e-02	1.317371e+00
1.987000e-05	-1.328139e-02	1.023134e+00
1.988000e-05	-1.103149e-02	7.047181e-01
1.989000e-05	-1.201505e-02	4.725852e-01
1.990000e-05	-1.019154e-02	2.187936e-01
1.991000e-05	-6.758760e-03	-9.436579e-02
1.992000e-05	5.533166e-03	-3.569937e-01
1.993000e-05	-1.219330e-03	-6.617530e-01
1.994000e-05	1.757864e-03	-8.754112e-01
1.995000e-05	-2.534719e-03	-1.149545e+00
1.996000e-05	2.023711e-03	-1.474940e+00
1.997000e-05	8.092035e-05	-1.725412e+00
1.998000e-05	2.605104e-02	-1.948465e+00
1.999000e-05	9.967836e-02	-2.212199e+00
2.000000e-05	5.987084e-02	-2.548621e+00
2.001000e-05	-4.853212e-02	-2.979720e+00
2.002000e-05	-8.718481e-03	-3.286442e+00
2.003000e-05	-4.754958e-02	-3.477442e+00
2.004000e-05	-6.523332e-02	-3.718062e+00
2.005000e-05	-1.776481e-02	-3.949024e+00
2.006000e-05	1.305843e-01	-4.138515e+00
2.007000e-05	-1.273605e-01	-4.393780e+00
2.008000e-05	1.495376e-01	-4.666418e+00
2.009000e-05	-1.183704e-02	-4.949044e+00
2.010000e-05	-4.355663e-02	-5.341641e+00
2.011000e-05	8.838863e-02	-5.500592e+00
2.012000e-05	-1.446806e-01	-5.845410e+00
2.013000e-05	1.515097e-01	-6.077391e+00
2.014000e-05	-3.910809e-02	-6.331144e+00
2.015000e-05	4.069048e-02	-6.656310e+00
2.016000e-05	4.497647e-02	-6.907915e+00
2.017000e-05	-6.926325e-02	-7.212302e+00
2.018000e-05	9.587866e-02	-7.435859e+00
2.019000e-05	-7.786453e-02	-7.711672e+00
2.020000e-05	9.945198e-02	-8.015179e+00
2.021000e-05	-1.133092e-02	-8.204279e+00
2.022000e-05	2.043269e-02	-8.457064e+00
2.023000e-05	6.755259e-02	-8.741100e+00
2.024000e-05	-6.804604e-02	-8.942726e+00
2.025000e-05	7.917199e-02	-9.172330e+00
2.026000e-05	-4.451405e-02	-9.425373e+00
2.027000e-05	9.622866e-02	-9.627385e+00
2.028000e-05	-1.039246e-02	-9.815435e+00
2.029000e-05	4.724251e-02	-1.003904e+01
2.030000e-05	1.577400e-02	-1.029048e+01
2.031000e-05	9.243987e-03	-1.054015e+01
2.032000e-05	5.230416e-02	-1.068802e+01
2.033000e-05	-1.375909e-02	-1.084109e+01
2.034000e-05	6.838114e-02	-1.108112e+01
2.035000e-05	-6.842631e-03	-1.123070e+01
2.036000e-05	7.168803e-02	-1.150875e+01
2.037000e-05	-3.498786e-03	-1.168170e+01
2.038000e-05	4.980995e-02	-1.190315e+01
2.039000e-05	1.620700e-02	-1.212104e+01
2.040000e-05	5.219724e-02	-1.227104e+01
2.041000e-05	3.545783e-02	-1.239799e+01
2.042000e-05	2.887005e-02	-1.260791e+01
2.043000e-05	3.947082e-02	-1.277343e+01
2.044000e-05	2.920242e-02	-1.294171e+01
2.045000e-05	5.480252e-02	-1.305019e+01
2.046000e-05	2.899825e-02	-1.321951e+01
2.047000e-05	5.633334e-02	-1.336333e+01
2.048000e-05	3.470980e-02	-1.352120e+01
2.049000e-05	6.080568e-02	-1.365854e+01
2.050000e-05	3.698028e-02	-1.374488e+01
2.051000e-05	5.157990e-02	-1.390220e+01
2.052000e-05	4.261660e-02	-1.403797e+01
2.053000e-05	5.994989e-02	-1.417380e+01
2.054000e-05	5.482940e-02	-1.423962e+01
2.055000e-05	5.687034e-02	-1.438689e+01
2.056000e-05	5.577938e-02	-1.448005e+01
2.057000e-05	6.129689e-02	-1.457581e+01
2.058000e-05	6.900756e-02	-1.463967e+01
2.059000e-05	6.492826e-02	-1.474480e+01
2.060000e-05	6.894412e-02	-1.480744e+01
2.061000e-05	6.594426e-02	-1.487217e+01
2.062000e-05	7.710088e-02	-1.493591e+01
2.063000e-05	7.131724e-02	-1.500698e+01
2.064000e-05	7.739915e-02	-1.506202e+01
2.065000e-05	7.639332e-02	-1.509273e+01
2.066000e-05	9.026850e-02	-1.515633e+01
2.067000e-05	9.042872e-02	-1.517836e+01
2.068000e-05	9.239626e-02	-1.524899e+01
2.069000e-05	9.120344e-02	-1.527159e+01
2.070000e-05	9.615013e-02	-1.527115e+01
2.071000e-05	1.024026e-01	-1.528218e+01
2.072000e-05	1.057212e-01	-1.530372e+01
2.073000e-05	1.103156e-01	-1.533320e+01
2.074000e-05	1.150289e-01	-1.535066e+01
2.075000e-05	1.246364e-01	-1.532175e+01
2.076000e-05	1.280388e-01	-1.528157e+01
2.077000e-05	1.338653e-01	-1.527210e+01
2.078000e-05	1.404821e-01	-1.528002e+01
2.079000e-05	1.541470e-01	-1.522704e+01
2.080000e-05	1.684562e-01	-1.516641e+01
2.081000e-05	1.832243e-01	-1.516634e+01
2.082000e-05	2.018728e-01	-1.510175e+01
2.083000e-05	2.285263e-01	-1.505205e+01
2.084000e-05	2.479870e-01	-1.499741e+01
2.085000e-05	2.500000e-01	-1.500578e+01
2.086000e-05	2.500000e-01	-1.486215e+01
2.087000e-05	2.500000e-01	-1.478741e+01
2.088000e-05	2.500000e-01	-1.472528e+01
2.089000e-05	2.500000e-01	-1.469004e+01
2.090000e-05	2.482578e-01	-1.455531e+01
2.091000e-05	2.288053e-01	-1.448855e+01
2.092000e-05	2.020324e-01	-1.438639e+01
2.093000e-05	1.792569e-01	-1.429165e+01
2.094000e-05	1.576772e-01	-1.416476e+01
2.095000e-05	1.395236e-01	-1.405910e+01
2.096000e-05	1.259395e-01	-1.389480e+01
2.097000e-05	1.139675e-01	-1.380839e+01
2.098000e-05	1.019863e-01	-1.369107e+01
2.099000e-05	9.114426e-02	-1.353466e+01
2.100000e-05	8.265945e-02	-1.341684e+01
2.101000e-05	7.785621e-02	-1.327997e+01
2.102000e-05	7.227207e-02	-1.311120e+01
2.103000e-05	6.569490e-02	-1.302511e+01
2.104000e-05	5.976969e-02	-1.283494e+01
2.105000e-05	5.720876e-02	-1.265997e+01
2.106000e-05	5.426358e-02	-1.251152e+01
2.107000e-05	5.023215e-02	-1.233276e+01
2.108000e-05	4.467195e-02	-1.218476e+01
2.109000e-05	4.200660e-02	-1.198371e+01
2.110000e-05	4.049106e-02	-1.182534e+01
2.111000e-05	3.722778e-02	-1.155569e+01
2.112000e-05	3.383510e-02	-1.135471e+01
2.113000e-05	3.201834e-02	-1.113365e+01
2.114000e-05	3.145828e-02	-1.096318e+01
2.115000e-05	3.023242e-02	-1.075363e+01
2.116000e-05	2.824360e-02	-1.057318e+01
2.117000e-05	2.504194e-02	-1.035368e+01
2.118000e-05	2.391297e-02	-1.014263e+01
2.119000e-05	2.261217e-02	-9.879480e+00
2.120000e-05	2.035544e-02	-9.700048e+00
2.121000e-05	1.880700e-02	-9.478495e+00
2.122000e-05	1.810657e-02	-9.286891e+00
2.123000e-05	1.888767e-02	-9.054790e+00
2.124000e-05	1.680525e-02	-8.835292e+00
2.125000e-05	1.574408e-02	-8.583155e+00
2.126000e-05	1.388467e-02	-8.330027e+00
2.127000e-05	1.331667e-02	-8.100947e+00
2.128000e-05	1.210279e-02	-7.906292e+00
2.129000e-05	1.074269e-02	-7.575636e+00
2.130000e-05	8.256093e-03	-7.319499e+00
2.131000e-05	9.440152e-03	-7.047869e+00
2.132000e-05	7.214484e-03	-6.805133e+00
2.133000e-05	7.666153e-03	-6.580503e+00
2.134000e-05	4.934771e-03	-6.307372e+00
2.135000e-05	6.703125e-03	-6.064684e+00
2.136000e-05	3.892226e-03	-5.791604e+00
2.137000e-05	4.846900e-03	-5.487823e+00
2.138000e-05	2.919231e-03	-5.233063e+00
2.139000e-05	2.518767e-03	-4.896874e+00
2.140000e-05	1.468944e-03	-4.622501e+00
2.141000e-05	1.644107e-03	-4.379978e+00
2.142000e-05	1.218699e-03	-4.117420e+00
2.143000e-05	-4.329268e-04	-3.834182e+00
2.144000e-05	-1.233565e-03	-3.559950e+00
2.145000e-05	-3.206528e-03	-3.315295e+00
2.146000e-05	-2.351694e-03	-3.013559e+00
2.147000e-05	-2.962619e-03	-2.725318e+00
2.148000e-05	-2.784731e-03	-2.465162e+00
2.149000e-05	-3.953691e-03	-2.170925e+00
2.150000e-05	-3.642785e-03	-1.894689e+00
2.151000e-05	-5.036750e-03	-1.612558e+00
2.152000e-05	-5.827647e-03	-1.304191e+00
2.153000e-05	-7.447599e-03	-1.018899e+00
2.154000e-05	-6.140704e-03	-7.163970e-01
2.155000e-05	-6.028884e-03	-4.000326e-01
2.156000e-05	-5.704511e-03	-1.557972e-01
2.157000e-05	2.348024e-04	1.063358e-01
2.158000e-05	6.564863e-03	4.105527e-01
2.159000e-05	-4.106851e-04	6.826016e-01
2.160000e-05	4.375074e-03	8.868054e-01
2.161000e-05	-1.643823e-03	1.220150e+00
2.162000e-05	1.201614e-03	1.475302e+00
2.163000e-05	-1.127036e-03	1.760471e+00
2.164000e-05	1.834087e-02	1.992498e+00
2.165000e-05	6.955916e-02	2.245233e+00
2.166000e-05	7.775901e-02	2.591619e+00
2.167000e-05	-4.880283e-02	2.876412e+00
2.168000e-05	-2.996575e-02	3.161047e+00
2.169000e-05	-3.921586e-02	3.456885e+00
2.170000e-05	-3.657748e-02	3.717994e+00
2.171000e-05	-8.508716e-02	3.916866e+00
2.172000e-05	2.841672e-02	4.140995e+00
2.173000e-05	5.856177e-02	4.466409e+00
2.174000e-05	-8.641005e-02	4.717916e+00
2.175000e-05	1.434317e-01	4.991119e+00
2.176000e-05	-7.331543e-02	5.328541e+00
2.177000e-05	-1.653533e-02	5.588674e+00
2.178000e-05	7.437797e-03	5.846458e+00
2.179000e-05	-4.199695e-02	6.127991e+00
2.180000e-05	5.704793e-02	6.349168e+00
2.181000e-05	-5.506978e-02	6.707890e+00
2.182000e-05	1.590544e-02	6.918092e+00
2.183000e-05	-1.951284e-02	7.181248e+00
2.184000e-05	-9.593175e-03	7.438385e+00
2.185000e-05	-1.818237e-02	7.709045e+00
2.186000e-05	-4.013151e-02	8.014303e+00
2.187000e-05	3.627310e-02	8.237836e+00
2.188000e-05	-2.965429e-02	8.507467e+00
2.189000e-05	3.110752e-03	8.636987e+00
2.190000e-05	-2.640078e-02	8.911169e+00
2.191000e-05	-4.369508e-02	9.142675e+00
2.192000e-05	7.176909e-03	9.382233e+00
2.193000e-05	-2.461728e-02	9.603856e+00
2.194000e-05	-5.579309e-03	9.827388e+00
2.195000e-05	-4.130913e-02	1.004731e+01
2.196000e-05	2.210486e-03	1.022699e+01
2.197000e-05	-2.570176e-02	1.045844e+01
2.198000e-05	-2.442291e-02	1.072004e+01
2.199000e-05	-3.276761e-02	1.086906e+01
2.200000e-05	-3.104234e-02	1.107952e+01
2.201000e-05	-8.362123e-03	1.129009e+01
2.202000e-05	-3.398090e-02	1.148109e+01
2.203000e-05	-2.870507e-02	1.170109e+01
2.204000e-05	-4.316651e-02	1.188002e+01
2.205000e-05	-1.915652e-02	1.206857e+01
2.206000e-05	-2.993288e-02	1.220896e+01
2.207000e-05	-3.445071e-02	1.240691e+01
2.208000e-05	-4.511873e-02	1.256378e+01
2.209000e-05	-3.705952e-02	1.276320e+01
2.210000e-05	-2.986473e-02	1.288102e+01
2.211000e-05	-4.283027e-02	1.301706e+01
2.212000e-05	-4.552230e-02	1.319686e+01
2.213000e-05	-4.629986e-02	1.335373e+01
2.214000e-05	-3.430573e-02	1.348117e+01
2.215000e-05	-4.608017e-02	1.359539e+01
2.216000e-05	-5.449990e-02	1.371276e+01
2.217000e-05	-5.896483e-02	1.385001e+01
2.218000e-05	-4.887889e-02	1.399949e+01
2.219000e-05	-4.940072e-02	1.415375e+01
2.220000e-05	-5.928131e-02	1.421902e+01
2.221000e-05	-6.591366e-02	1.431591e+01
2.222000e-05	-6.090200e-02	1.447809e+01
2.223000e-05	-5.688792e-02	1.453465e+01
2.224000e-05	-6.373911e-02	1.465843e+01
2.225000e-05	-7.318552e-02	1.469158e+01
2.226000e-05	-7.281974e-02	1.474636e+01
2.227000e-05	-7.063243e-02	1.483686e+01
2.228000e-05	-7.453361e-02	1.486907e+01
2.229000e-05	-8.701526e-02	1.493331e+01
2.230000e-05	-9.117155e-02	1.501706e+01
2.231000e-05	-8.565703e-02	1.506054e+01
2.232000e-05	-8.367814e-02	1.507175e+01
2.233000e-05	-9.238647e-02	1.512423e+01
2.234000e-05	-1.001684e-01	1.516589e+01
2.235000e-05	-1.017920e-01	1.516742e+01
2.236000e-05	-1.007466e-01	1.520849e+01
2.237000e-05	-1.092667e-01	1.527802e+01
2.238000e-05	-1.194477e-01	1.525952e+01
2.239000e-05	-1.225413e-01	1.524057e+01
2.240000e-05	-1.210955e-01	1.525012e+01
2.241000e-05	-1.252885e-01	1.524004e+01
2.242000e-05	-1.383456e-01	1.520849e+01
2.243000e-05	-1.494559e-01	1.520849e+01
2.244000e-05	-1.538024e-01	1.516688e+01
2.245000e-05	-1.621847e-01	1.513425e+01
2.246000e-05	-1.796823e-01	1.512273e+01
2.247000e-05	-2.032342e-01	1.508210e+01
2.248000e-05	-2.235043e-01	1.502954e+01
2.249000e-05	-2.432453e-01	1.500694e+01
2.250000e-05	-2.496000e-01	1.496483e+01
2.251000e-05	-2.500000e-01	1.491207e+01
2.252000e-05	-2.500000e-01	1.480737e+01
2.253000e-05	-2.500000e-01	1.470471e+01
2.254000e-05	-2.500000e-01	1.468005e+01
2.255000e-05	-2.500000e-01	1.455632e+01
2.256000e-05	-2.492727e-01	1.455073e+01
2.257000e-05	-2.297888e-01	1.443796e+01
2.258000e-05	-1.979908e-01	1.432213e+01
2.259000e-05	-1.775977e-01	1.417832e+01
2.260000e-05	-1.613285e-01	1.408154e+01
2.261000e-05	-1.451519e-01	1.395586e+01
2.262000e-05	-1.279416e-01	1.383886e+01
2.263000e-05	-1.159818e-01	1.372310e+01
2.264000e-05	-1.095396e-01	1.352676e+01
2.265000e-05	-1.032893e-01	1.340846e+01
2.266000e-05	-9.276566e-02	1.332147e+01
2.267000e-05	-8.283753e-02	1.316531e+01
2.268000e-05	-7.910000e-02	1.298534e+01
2.269000e-05	-7.715448e-02	1.288852e+01
2.270000e-05	-7.241386e-02	1.270145e+01
2.271000e-05	-6.443125e-02	1.253270e+01
2.272000e-05	-6.133200e-02	1.240469e+01
2.273000e-05	-5.995863e-02	1.218629e+01
2.274000e-05	-5.796975e-02	1.201949e+01
2.275000e-05	-5.286773e-02	1.184689e+01
2.276000e-05	-5.002592e-02	1.165837e+01
2.277000e-05	-4.999115e-02	1.143047e+01
2.278000e-05	-4.946003e-02	1.126837e+01
2.279000e-05	-4.629187e-02	1.107884e+01
2.280000e-05	-4.186756e-02	1.087789e+01
2.281000e-05	-4.092615e-02	1.063932e+01
2.282000e-05	-4.084471e-02	1.045842e+01
2.283000e-05	-3.937835e-02	1.024734e+01
2.284000e-05	-3.637560e-02	1.007584e+01
2.285000e-05	-3.594426e-02	9.793732e+00
2.286000e-05	-3.572319e-02	9.562686e+00
2.287000e-05	-3.632402e-02	9.352103e+00
2.288000e-05	-3.276113e-02	9.131080e+00
2.289000e-05	-2.973211e-02	8.859996e+00
2.290000e-05	-2.993508e-02	8.688342e+00
2.291000e-05	-3.029521e-02	8.447367e+00
2.292000e-05	-2.901378e-02	8.213333e+00
2.293000e-05	-2.668650e-02	7.962081e+00
2.294000e-05	-2.624395e-02	7.709949e+00
2.295000e-05	-2.731242e-02	7.447767e+00
2.296000e-05	-2.750976e-02	7.203186e+00
2.297000e-05	-2.641615e-02	6.951001e+00
2.298000e-05	-2.265661e-02	6.696419e+00
2.299000e-05	-2.425929e-02	6.421610e+00
2.300000e-05	-2.221936e-02	6.161455e+00
2.301000e-05	-2.057908e-02	5.928476e+00
2.302000e-05	-2.027968e-02	5.636590e+00
2.303000e-05	-1.868457e-02	5.413055e+00
2.304000e-05	-2.377632e-02	5.075243e+00
2.305000e-05	-2.216782e-02	4.788431e+00
2.306000e-05	-2.118190e-02	4.495743e+00
2.307000e-05	-1.870497e-02	4.223185e+00
2.308000e-05	-1.799009e-02	3.939423e+00
2.309000e-05	-1.784431e-02	3.675266e+00
2.310000e-05	-1.618456e-02	3.452108e+00
2.311000e-05	-1.434202e-02	3.078369e+00
2.312000e-05	-1.508305e-02	2.883089e+00
2.313000e-05	-1.727808e-02	2.570955e+00
2.314000e-05	-1.743458e-02	2.325188e+00
2.315000e-05	-1.542312e-02	2.042978e+00
2.316000e-05	-1.373574e-02	1.728348e+00
2.317000e-05	-1.436910e-02	1.423109e+00
2.318000e-05	-1.304439e-02	1.157373e+00
2.319000e-05	-1.166628e-02	8.505336e-01
2.320000e-05	-9.256149e-03	5.172759e-01
2.321000e-05	-1.019622e-02	2.926893e-01
2.322000e-05	-8.106957e-03	-1.578876e-03
2.323000e-05	-1.267789e-03	-2.538083e-01
2.324000e-05	2.615493e-03	-5.249184e-01
2.325000e-05	-3.025307e-03	-8.431278e-01
2.326000e-05	1.363030e-03	-1.073759e+00
2.327000e-05	-1.597131e-03	-1.389016e+00
2.328000e-05	2.370007e-03	-1.651756e+00
2.329000e-05	1.279645e-02	-1.844278e+00
2.330000e-05	6.875092e-02	-2.084833e+00
2.331000e-05	1.067584e-01	-2.433125e+00
2.332000e-05	-4.088622e-02	-2.791723e+00
2.333000e-05	-1.060867e-02	-3.202753e+00
2.334000e-05	-4.161628e-02	-3.474256e+00
2.335000e-05	-4.519695e-02	-3.642854e+00
2.336000e-05	-7.833959e-02	-3.866886e+00
2.337000e-05	1.356777e-01	-4.054754e+00
2.338000e-05	-5.739826e-02	-4.287912e+00
2.339000e-05	1.057393e-02	-4.632178e+00
2.340000e-05	1.073993e-01	-4.805254e+00
2.341000e-05	-1.339143e-01	-5.189777e+00
2.342000e-05	1.323080e-01	-5.477891e+00
2.343000e-05	-1.216358e-01	-5.759171e+00
2.344000e-05	4.784944e-02	-6.052381e+00
2.345000e-05	6.999625e-02	-6.245834e+00
2.346000e-05	-5.373187e-02	-6.532199e+00
2.347000e-05	1.176080e-01	-6.832751e+00
2.348000e-05	-9.229545e-02	-7.079539e+00
2.349000e-05	7.696637e-02	-7.361623e+00
2.350000e-05	-2.615320e-02	-7.575280e+00
2.351000e-05	1.514972e-02	-7.940574e+00
2.352000e-05	7.547406e-02	-8.110068e+00
2.353000e-05	-5.507698e-02	-8.402351e+00
2.354000e-05	1.159700e-01	-8.595403e+00
2.355000e-05	-6.818866e-02	-8.897916e+00
2.356000e-05	5.159313e-02	-9.098990e+00
2.357000e-05	-8.482093e-03	-9.269490e+00
2.358000e-05	3.662333e-02	-9.542228e+00
2.359000e-05	5.518400e-02	-9.762175e+00
2.360000e-05	-1.182974e-02	-1.002335e+01
2.361000e-05	6.752230e-02	-1.020380e+01
2.362000e-05	-3.218644e-02	-1.044748e+01
2.363000e-05	7.894117e-02	-1.062689e+01
2.364000e-05	-2.212061e-02	-1.084546e+01
2.365000e-05	5.962667e-02	-1.101891e+01
2.366000e-05	5.654337e-03	-1.124744e+01
2.367000e-05	4.785350e-02	-1.146659e+01
2.368000e-05	2.928241e-02	-1.162609e+01
2.369000e-05	2.001598e-02	-1.181849e+01
2.370000e-05	4.159594e-02	-1.205589e+01
2.371000e-05	2.218442e-02	-1.221601e+01
2.372000e-05	6.023620e-02	-1.236538e+01
2.373000e-05	1.164429e-02	-1.255285e+01
2.374000e-05	5.054046e-02	-1.271318e+01
2.375000e-05	1.911751e-02	-1.287107e+01
2.376000e-05	5.969251e-02	-1.301649e+01
2.377000e-05	3.047634e-02	-1.318686e+01
2.378000e-05	5.212451e-02	-1.330375e+01
2.379000e-05	3.738787e-02	-1.346111e+01
2.380000e-05	5.249106e-02	-1.361944e+01
2.381000e-05	4.646698e-02	-1.375285e+01
2.382000e-05	4.345725e-02	-1.386156e+01
2.383000e-05	4.727931e-02	-1.395541e+01
2.384000e-05	5.044251e-02	-1.412120e+01
2.385000e-05	6.173484e-02	-1.421009e+01
2.386000e-05	5.263440e-02	-1.432580e+01
2.387000e-05	5.949503e-02	-1.442949e+01
2.388000e-05	5.481471e-02	-1.454468e+01
2.389000e-05	7.091537e-02	-1.463956e+01
2.390000e-05	6.285563e-02	-1.471225e+01
2.391000e-05	6.855366e-02	-1.478586e+01
2.392000e-05	6.412687e-02	-1.486959e+01
2.393000e-05	7.532381e-02	-1.494428e+01
2.394000e-05	7.358112e-02	-1.498688e+01
2.395000e-05	7.589767e-02	-1.502894e+01
2.396000e-05	7.579289e-02	-1.505312e+01
2.397000e-05	8.514112e-02	-1.512373e+01
2.398000e-05	9.146409e-02	-1.516784e+01
2.399000e-05	9.024892e-02	-1.521839e+01
2.400000e-05	9.204338e-02	-1.526907e+01
2.401000e-05	9.210016e-02	-1.523010e+01
2.402000e-05	1.030067e-01	-1.531267e+01
2.403000e-05	1.044495e-01	-1.534120e+01
2.404000e-05	1.100169e-01	-1.534280e+01
2.405000e-05	1.114929e-01	-1.531323e+01
2.406000e-05	1.219493e-01	-1.527230e+01
2.407000e-05	1.266044e-01	-1.529312e+01
2.408000e-05	1.308324e-01	-1.532015e+01
2.409000e-05	1.372861e-01	-1.527150e+01
2.410000e-05	1.488054e-01	-1.524807e+01
2.411000e-05	1.633092e-01	-1.521846e+01
2.412000e-05	1.779715e-01	-1.515481e+01
2.413000e-05	1.950966e-01	-1.511271e+01
2.414000e-05	2.194922e-01	-1.508415e+01
2.415000e-05	2.440867e-01	-1.503801e+01
2.416000e-05	2.496700e-01	-1.499586e+01
2.417000e-05	2.500000e-01	-1.489118e+01
2.418000e-05	2.500000e-01	-1.481892e+01
2.419000e-05	2.500000e-01	-1.476581e+01
2.420000e-05	2.500000e-01	-1.469110e+01
2.421000e-05	2.500000e-01	-1.458809e+01
2.422000e-05	2.389575e-01	-1.454358e+01
2.423000e-05	2.122362e-01	-1.440889e+01
2.424000e-05	1.879539e-01	-1.434473e+01
2.425000e-05	1.660482e-01	-1.419744e+01
2.426000e-05	1.452810e-01	-1.413168e+01
2.427000e-05	1.293597e-01	-1.396686e+01
2.428000e-05	1.182816e-01	-1.385910e+01
2.429000e-05	1.066514e-01	-1.372268e+01
2.430000e-05	9.517507e-02	-1.360632e+01
2.431000e-05	8.530025e-02	-1.344047e+01
2.432000e-05	7.949958e-02	-1.330215e+01
2.433000e-05	7.491621e-02	-1.316528e+01
2.434000e-05	6.864913e-02	-1.303839e+01
2.435000e-05	6.111264e-02	-1.288950e+01
2.436000e-05	5.745843e-02	-1.271228e+01
2.437000e-05	5.498239e-02	-1.256368e+01
2.438000e-05	5.224723e-02	-1.243591e+01
2.439000e-05	4.556303e-02	-1.225642e+01
2.440000e-05	4.208291e-02	-1.204799e+01
2.441000e-05	4.132280e-02	-1.182899e+01
2.442000e-05	3.921183e-02	-1.166785e+01
2.443000e-05	3.578188e-02	-1.145691e+01
2.444000e-05	3.166945e-02	-1.126586e+01
2.445000e-05	3.209897e-02	-1.099634e+01
2.446000e-05	3.031963e-02	-1.079576e+01
2.447000e-05	2.941147e-02	-1.066789e+01
2.448000e-05	2.535946e-02	-1.044642e+01
2.449000e-05	2.466623e-02	-1.020784e+01
2.450000e-05	2.371019e-02	-9.993234e+00
2.451000e-05	2.317065e-02	-9.803683e+00
2.452000e-05	1.945737e-02	-9.604206e+00
2.453000e-05	1.778958e-02	-9.312655e+00
2.454000e-05	1.829037e-02	-9.120476e+00
2.455000e-05	1.836458e-02	-8.938446e+00
2.456000e-05	1.599605e-02	-8.634917e+00
2.457000e-05	1.267061e-02	-8.466713e+00
2.458000e-05	1.264852e-02	-8.212603e+00
2.459000e-05	1.280642e-02	-7.992554e+00
2.460000e-05	1.175024e-02	-7.668895e+00
2.461000e-05	9.656630e-03	-7.402664e+00
2.462000e-05	9.212211e-03	-7.142485e+00
2.463000e-05	8.225177e-03	-6.897922e+00
2.464000e-05	8.341998e-03	-6.665664e+00
2.465000e-05	5.469252e-03	-6.412558e+00
2.466000e-05	5.338411e-03	-6.190541e+00
2.467000e-05	4.265374e-03	-5.866266e+00
2.468000e-05	5.683986e-03	-5.643583e+00
2.469000e-05	4.003378e-03	-5.317920e+00
2.470000e-05	1.831793e-03	-5.026662e+00
2.471000e-05	2.761526e-03	-4.707892e+00
2.472000e-05	1.933055e-03	-4.432712e+00
2.473000e-05	1.913402e-03	-4.243633e+00
2.474000e-05	3.988736e-04	-3.909973e+00
2.475000e-05	-1.030834e-03	-3.655610e+00
2.476000e-05	-2.632814e-03	-3.412556e+00
2.477000e-05	-2.073108e-03	-3.137896e+00
2.478000e-05	-2.880840e-03	-2.801109e+00
2.479000e-05	-4.596527e-03	-2.548874e+00
2.480000e-05	-1.171173e-03	-2.265694e+00
2.481000e-05	-6.105209e-03	-1.990000e+00
2.482000e-05	-1.477276e-03	-1.717745e+00
2.483000e-05	-4.741143e-03	-1.433534e+00
2.484000e-05	-5.706920e-03	-1.095663e+00
2.485000e-05	-5.831128e-03	-7.720313e-01
2.486000e-05	-7.859999e-03	-5.272234e-01
2.487000e-05	-7.812362e-03	-2.441378e-01
2.488000e-05	-4.514976e-03	5.207514e-02
2.489000e-05	6.026208e-03	2.963634e-01
2.490000e-05	1.367336e-03	5.684910e-01
2.491000e-05	5.314680e-03	7.789252e-01
2.492000e-05	1.635455e-03	1.097917e+00
2.493000e-05	-3.539322e-04	1.336997e+00
2.494000e-05	-2.786402e-03	1.734841e+00
2.495000e-05	8.117122e-03	1.946891e+00
2.496000e-05	4.256818e-02	2.147518e+00
2.497000e-05	9.996999e-02	2.483224e+00
2.498000e-05	-1.431752e-02	2.812598e+00
2.499000e-05	-4.021824e-02	3.076911e+00
2.500000e-05	-3.550081e-02	3.352045e+00
2.501000e-05	-3.033729e-02	3.632706e+00
2.502000e-05	-7.297573e-02	3.877309e+00
2.503000e-05	-3.211776e-02	4.044256e+00
2.504000e-05	9.360452e-02	4.349594e+00
2.505000e-05	-7.648908e-02	4.615310e+00
2.506000e-05	7.055017e-02	4.857357e+00
2.507000e-05	3.512857e-02	5.234732e+00
2.508000e-05	-9.462069e-02	5.467441e+00
2.509000e-05	5.120311e-02	5.780172e+00
2.510000e-05	-6.170676e-02	6.063784e+00
2.511000e-05	4.890047e-02	6.265909e+00
2.512000e-05	-1.723350e-02	6.561645e+00
2.513000e-05	-2.676769e-02	6.823754e+00
2.514000e-05	1.599701e-02	7.046987e+00
2.515000e-05	-4.108670e-02	7.332580e+00
2.516000e-05	1.348243e-02	7.634781e+00
2.517000e-05	-6.109547e-02	7.900093e+00
2.518000e-05	3.106967e-02	8.172677e+00
2.519000e-05	-6.382280e-03	8.372729e+00
2.520000e-05	-1.955606e-02	8.575225e+00
2.521000e-05	2.225476e-03	8.853357e+00
2.522000e-05	-6.367799e-02	9.047465e+00
2.523000e-05	7.855291e-03	9.319040e+00
2.524000e-05	-2.407902e-02	9.531221e+00
2.525000e-05	2.047492e-03	9.752725e+00
2.526000e-05	-3.915842e-02	9.983279e+00
2.527000e-05	-8.906753e-03	1.018220e+01
2.528000e-05	-1.428680e-02	1.042436e+01
2.529000e-05	-3.048833e-02	1.058526e+01
2.530000e-05	-2.495964e-02	1.080686e+01
2.531000e-05	-3.947677e-02	1.100389e+01
2.532000e-05	-5.614007e-03	1.123696e+01
2.533000e-05	-2.796881e-02	1.139593e+01
2.534000e-05	-2.479549e-02	1.163789e+01
2.535000e-05	-4.610064e-02	1.179638e+01
2.536000e-05	-2.411257e-02	1.200589e+01
2.537000e-05	-2.723072e-02	1.218533e+01
2.538000e-05	-3.029497e-02	1.235325e+01
2.539000e-05	-4.307267e-02	1.254063e+01
2.540000e-05	-4.118350e-02	1.265997e+01
2.541000e-05	-2.882126e-02	1.279896e+01
2.542000e-05	-3.807032e-02	1.295543e+01
2.543000e-05	-4.334589e-02	1.313372e+01
2.544000e-05	-5.115433e-02	1.327059e+01
2.545000e-05	-3.488250e-02	1.338694e+01
2.546000e-05	-4.213155e-02	1.362380e+01
2.547000e-05	-4.923148e-02	1.368064e+01
2.548000e-05	-6.253595e-02	1.377746e+01
2.549000e-05	-5.184581e-02	1.398440e+01
2.550000e-05	-4.780158e-02	1.406267e+01
2.551000e-05	-5.288992e-02	1.418849e+01
2.552000e-05	-6.347641e-02	1.430277e+01
2.553000e-05	-6.412539e-02	1.438944e+01
2.554000e-05	-5.683828e-02	1.450420e+01
2.555000e-05	-6.243791e-02	1.461639e+01
2.556000e-05	-7.013598e-02	1.469167e+01
2.557000e-05	-7.650806e-02	1.478478e+01
2.558000e-05	-7.019264e-02	1.481791e+01
2.559000e-05	-7.105722e-02	1.486955e+01
2.560000e-05	-8.028242e-02	1.491330e+01
2.561000e-05	-9.026867e-02	1.497799e+01
2.562000e-05	-8.945067e-02	1.504949e+01
2.563000e-05	-8.370848e-02	1.506312e+01
2.564000e-05	-8.920813e-02	1.511325e+01
2.565000e-05	-9.808332e-02	1.518488e+01
2.566000e-05	-1.033830e-01	1.517791e+01
2.567000e-05	-1.012081e-01	1.518654e+01
2.568000e-05	-1.050371e-01	1.523797e+01
2.569000e-05	-1.146719e-01	1.524055e+01
2.570000e-05	-1.224062e-01	1.521059e+01
2.571000e-05	-1.220034e-01	1.526962e+01
2.572000e-05	-1.225854e-01	1.522002e+01
2.573000e-05	-1.337978e-01	1.522944e+01
2.574000e-05	-1.460218e-01	1.522902e+01
2.575000e-05	-1.536221e-01	1.517936e+01
2.576000e-05	-1.583925e-01	1.516538e+01
2.577000e-05	-1.718543e-01	1.511478e+01
2.578000e-05	-1.920554e-01	1.507270e+01
2.579000e-05	-2.158547e-01	1.506057e+01
2.580000e-05	-2.378696e-01	1.502841e+01
2.581000e-05	-2.486991e-01	1.499521e+01
2.582000e-05	-2.500000e-01	1.490217e+01
2.583000e-05	-2.500000e-01	1.484097e+01
2.584000e-05	-2.500000e-01	1.476634e+01
2.585000e-05	-2.500000e-01	1.472170e+01
2.586000e-05	-2.500000e-01	1.462796e+01
2.587000e-05	-2.500000e-01	1.453375e+01
2.588000e-05	-2.389316e-01	1.442997e+01
2.589000e-05	-2.102747e-01	1.431271e+01
2.590000e-05	-1.836382e-01	1.423949e+01
2.591000e-05	-1.645454e-01	1.410373e+01
2.592000e-05	-1.510187e-01	1.400729e+01
2.593000e-05	-1.341322e-01	1.385012e+01
2.594000e-05	-1.212325e-01	1.372471e+01
2.595000e-05	-1.113883e-01	1.359892e+01
2.596000e-05	-1.048375e-01	1.349105e+01
2.597000e-05	-9.597156e-02	1.332315e+01
2.598000e-05	-8.610712e-02	1.323832e+01
2.599000e-05	-7.982601e-02	1.308102e+01
2.600000e-05	-7.741405e-02	1.293008e+01
2.601000e-05	-7.453842e-02	1.275431e+01
2.602000e-05	-6.721752e-02	1.261629e+01
2.603000e-05	-6.270002e-02	1.243739e+01
2.604000e-05	-5.945995e-02	1.227107e+01
2.605000e-05	-6.038962e-02	1.209302e+01
2.606000e-05	-5.422494e-02	1.191258e+01
2.607000e-05	-5.154183e-02	1.174320e+01
2.608000e-05	-4.807437e-02	1.154373e+01
2.609000e-05	-4.997808e-02	1.130205e+01
2.610000e-05	-4.745783e-02	1.111200e+01
2.611000e-05	-4.330672e-02	1.093160e+01
2.612000e-05	-4.070456e-02	1.072213e+01
2.613000e-05	-4.086456e-02	1.054312e+01
2.614000e-05	-4.061881e-02	1.030058e+01
2.615000e-05	-3.751915e-02	1.007000e+01
2.616000e-05	-3.569774e-02	9.878947e+00
2.617000e-05	-3.468779e-02	9.679290e+00
2.618000e-05	-3.591855e-02	9.417284e+00
2.619000e-05	-3.298811e-02	9.214792e+00
2.620000e-05	-3.153972e-02	8.985161e+00
2.621000e-05	-3.025737e-02	8.763581e+00
2.622000e-05	-3.179571e-02	8.541476e+00
2.623000e-05	-2.954817e-02	8.289997e+00
2.624000e-05	-2.758919e-02	8.048345e+00
2.625000e-05	-2.541523e-02	7.754235e+00
2.626000e-05	-2.649770e-02	7.562555e+00
2.627000e-05	-2.677040e-02	7.277942e+00
2.628000e-05	-2.540101e-02	7.005162e+00
2.629000e-05	-2.403281e-02	6.763109e+00
2.630000e-05	-2.299861e-02	6.519945e+00
2.631000e-05	-2.454853e-02	6.245667e+00
2.632000e-05	-2.253856e-02	6.013082e+00
2.633000e-05	-2.090292e-02	5.741000e+00
2.634000e-05	-2.027084e-02	5.477337e+00
2.635000e-05	-2.149581e-02	5.201634e+00
2.636000e-05	-2.135442e-02	4.845164e+00
2.637000e-05	-1.907751e-02	4.602479e+00
2.638000e-05	-1.896406e-02	4.319475e+00
2.639000e-05	-1.793072e-02	4.044535e+00
2.640000e-05	-1.929119e-02	3.819951e+00
2.641000e-05	-1.767017e-02	3.517826e+00
2.642000e-05	-1.601265e-02	3.202980e+00
2.643000e-05	-1.581797e-02	2.959376e+00
2.644000e-05	-1.649887e-02	2.716167e+00
2.645000e-05	-1.605562e-02	2.328881e+00
2.646000e-05	-1.403539e-02	2.108292e+00
2.647000e-05	-1.355268e-02	1.842132e+00
2.648000e-05	-1.288357e-02	1.578867e+00
2.649000e-05	-1.449992e-02	1.295059e+00
2.650000e-05	-1.177593e-02	9.392419e-01
2.651000e-05	-1.074654e-02	6.620588e-01
2.652000e-05	-1.043715e-02	3.984272e-01
2.653000e-05	-1.004994e-02	9.363885e-02
2.654000e-05	-4.414150e-03	-2.074447e-01
2.655000e-05	6.743595e-03	-4.221790e-01
2.656000e-05	-2.858730e-03	-7.168899e-01
2.657000e-05	2.649233e-03	-1.002021e+00
2.658000e-05	-4.012962e-03	-1.282277e+00
2.659000e-05	3.308309e-03	-1.558999e+00
2.660000e-05	3.611973e-03	-1.779101e+00
2.661000e-05	4.088520e-02	-2.020650e+00
2.662000e-05	1.150901e-01	-2.243937e+00
2.663000e-05	8.683202e-03	-2.713907e+00
2.664000e-05	-3.191930e-02	-3.056336e+00
2.665000e-05	-2.109771e-02	-3.400046e+00
2.666000e-05	-4.254488e-02	-3.568446e+00
2.667000e-05	-8.389584e-02	-3.793753e+00
2.668000e-05	5.520406e-02	-4.021100e+00
2.669000e-05	6.543631e-02	-4.190650e+00
2.670000e-05	-9.835866e-02	-4.536590e+00
2.671000e-05	1.861322e-01	-4.742542e+00
2.672000e-05	-1.118050e-01	-5.055906e+00
2.673000e-05	5.554138e-02	-5.374229e+00
2.674000e-05	-1.611075e-03	-5.634254e+00
2.675000e-05	-8.253706e-02	-5.948045e+00
2.676000e-05	1.521874e-01	-6.179149e+00
2.677000e-05	-8.279338e-02	-6.426886e+00
2.678000e-05	1.039792e-01	-6.750570e+00
2.679000e-05	-2.940438e-02	-7.013273e+00
2.680000e-05	-6.899388e-03	-7.257488e+00
2.681000e-05	5.810454e-02	-7.528115e+00
2.682000e-05	-6.314520e-02	-7.786309e+00
2.683000e-05	1.199499e-01	-8.066411e+00
2.684000e-05	-5.837591e-02	-8.297891e+00
2.685000e-05	8.305954e-02	-8.492174e+00
2.686000e-05	2.048015e-03	-8.792727e+00
2.687000e-05	-2.203754e-02	-9.045407e+00
2.688000e-05	5.374540e-02	-9.192830e+00
2.689000e-05	-2.894218e-02	-9.479040e+00
2.690000e-05	1.014311e-01	-9.659491e+00
2.691000e-05	-3.294220e-02	-9.887590e+00
2.692000e-05	7.630780e-02	-1.010175e+01
2.693000e-05	-2.224234e-02	-1.031318e+01
2.694000e-05	5.044034e-02	-1.052366e+01
2.695000e-05	1.463220e-02	-1.075125e+01
2.696000e-05	1.883727e-02	-1.096280e+01
2.697000e-05	4.547568e-02	-1.113368e+01
2.698000e-05	9.608091e-03	-1.134478e+01
2.699000e-05	6.349272e-02	-1.160476e+01
2.700000e-05	-4.915744e-03	-1.174588e+01
2.701000e-05	5.657489e-02	-1.195431e+01
2.702000e-05	8.390653e-03	-1.216225e+01
2.703000e-05	6.538804e-02	-1.236272e+01
2.704000e-05	1.669315e-02	-1.248065e+01
2.705000e-05	4.348155e-02	-1.262107e+01
2.706000e-05	2.552169e-02	-1.282746e+01
2.707000e-05	4.578958e-02	-1.297483e+01
2.708000e-05	4.327549e-02	-1.309375e+01
2.709000e-05	3.891784e-02	-1.324902e+01
2.710000e-05	4.874838e-02	-1.339536e+01
2.711000e-05	4.079491e-02	-1.360433e+01
2.712000e-05	5.664835e-02	-1.369152e+01
2.713000e-05	3.586511e-02	-1.381801e+01
2.714000e-05	5.159406e-02	-1.393483e+01
2.715000e-05	4.414907e-02	-1.404962e+01
2.716000e-05	6.419056e-02	-1.415638e+01
2.717000e-05	5.287218e-02	-1.427375e+01
2.718000e-05	5.900346e-02	-1.445696e+01
2.719000e-05	5.312268e-02	-1.451272e+01
2.720000e-05	6.630581e-02	-1.459539e+01
2.721000e-05	6.615561e-02	-1.469120e+01
2.722000e-05	6.654128e-02	-1.474433e+01
2.723000e-05	6.564659e-02	-1.477849e+01
2.724000e-05	7.001055e-02	-1.489080e+01
2.725000e-05	7.630356e-02	-1.493638e+01
2.726000e-05	7.219457e-02	-1.502799e+01
2.727000e-05	7.749153e-02	-1.504055e+01
2.728000e-05	7.939208e-02	-1.507465e+01
2.729000e-05	9.231969e-02	-1.517731e+01
2.730000e-05	8.990709e-02	-1.522692e+01
2.731000e-05	9.188955e-02	-1.523852e+01
2.732000e-05	9.083789e-02	-1.524114e+01
2.733000e-05	9.986494e-02	-1.534170e+01
2.734000e-05	1.037113e-01	-1.531265e+01
2.735000e-05	1.068266e-01	-1.529167e+01
2.736000e-05	1.108843e-01	-1.533418e+01
2.737000e-05	1.180249e-01	-1.538180e+01
2.738000e-05	1.243675e-01	-1.536357e+01
2.739000e-05	1.288718e-01	-1.531065e+01
2.740000e-05	1.335075e-01	-1.530154e+01
2.741000e-05	1.452968e-01	-1.525907e+01
2.742000e-05	1.596816e-01	-1.523947e+01
2.743000e-05	1.732276e-01	-1.515686e+01
2.744000e-05	1.883737e-01	-1.513476e+01
2.745000e-05	2.073666e-01	-1.509320e+01
2.746000e-05	2.355554e-01	-1.503054e+01
2.747000e-05	2.468999e-01	-1.497893e+01
2.748000e-05	2.500000e-01	-1.494423e+01
2.749000e-05	2.500000e-01	-1.487060e+01
2.750000e-05	2.500000e-01	-1.478584e+01
2.751000e-05	2.500000e-01	-1.473373e+01
2.752000e-05	2.500000e-01	-1.460747e+01
2.753000e-05	2.450049e-01	-1.454528e+01
2.754000e-05	2.205402e-01	-1.448960e+01
2.755000e-05	1.956859e-01	-1.439481e+01
2.756000e-05	1.729725e-01	-1.424797e+01
2.757000e-05	1.524528e-01	-1.411518e+01
2.758000e-05	1.350863e-01	-1.406852e+01
2.759000e-05	1.222910e-01	-1.391223e+01
2.760000e-05	1.114886e-01	-1.375531e+01
2.761000e-05	9.868616e-02	-1.365842e+01
2.762000e-05	8.910103e-02	-1.349305e+01
2.763000e-05	8.169578e-02	-1.334421e+01
2.764000e-05	7.762863e-02	-1.321742e+01
2.765000e-05	6.935764e-02	-1.310957e+01
2.766000e-05	6.312984e-02	-1.293370e+01
2.767000e-05	5.752750e-02	-1.279421e+01
2.768000e-05	5.663221e-02	-1.262684e+01
2.769000e-05	5.297982e-02	-1.245902e+01
2.770000e-05	4.860702e-02	-1.231055e+01
2.771000e-05	4.322777e-02	-1.211160e+01
2.772000e-05	4.312567e-02	-1.190110e+01
2.773000e-05	3.950186e-02	-1.171468e+01
2.774000e-05	3.668099e-02	-1.147275e+01
2.775000e-05	3.268433e-02	-1.130008e+01
2.776000e-05	3.116250e-02	-1.108009e+01
2.777000e-05	3.159750e-02	-1.087795e+01
2.778000e-05	2.947145e-02	-1.069948e+01
2.779000e-05	2.777068e-02	-1.051155e+01
2.780000e-05	2.467439e-02	-1.035845e+01
2.781000e-05	2.384787e-02	-1.008747e+01
2.782000e-05	2.282462e-02	-9.887818e+00
2.783000e-05	2.131841e-02	-9.656370e+00
2.784000e-05	1.823036e-02	-9.444261e+00
2.785000e-05	1.721615e-02	-9.183259e+00
2.786000e-05	1.738503e-02	-9.013557e+00
2.787000e-05	1.619656e-02	-8.731129e+00
2.788000e-05	1.390497e-02	-8.499524e+00
2.789000e-05	1.299642e-02	-8.276318e+00
2.790000e-05	1.412988e-02	-8.016842e+00
2.791000e-05	1.290224e-02	-7.773679e+00
2.792000e-05	1.142907e-02	-7.499401e+00
2.793000e-05	8.612557e-03	-7.258265e+00
2.794000e-05	7.374128e-03	-7.034184e+00
2.795000e-05	6.971807e-03	-6.739976e+00
2.796000e-05	6.182197e-03	-6.488322e+00
2.797000e-05	5.995099e-03	-6.236334e+00
2.798000e-05	6.131446e-03	-5.972506e+00
2.799000e-05	5.696548e-03	-5.707919e+00
2.800000e-05	5.133937e-03	-5.414764e+00
2.801000e-05	2.135177e-03	-5.107424e+00
2.802000e-05	4.672054e-04	-4.805108e+00
2.803000e-05	1.860437e-03	-4.518375e+00
2.804000e-05	1.724065e-03	-4.325818e+00
2.805000e-05	1.577851e-03	-4.062536e+00
2.806000e-05	-1.773990e-03	-3.771502e+00
2.807000e-05	-1.207252e-03	-3.486268e+00
2.808000e-05	-3.185593e-03	-3.220583e+00
2.809000e-05	-1.880000e-03	-2.887818e+00
2.810000e-05	-4.131282e-03	-2.633163e+00
2.811000e-05	-2.061053e-03	-2.361476e+00
2.812000e-05	-3.116244e-03	-2.113637e+00
2.813000e-05	-3.390814e-03	-1.812530e+00
2.814000e-05	-5.641245e-03	-1.547347e+00
2.815000e-05	-5.999192e-03	-1.188935e+00
2.816000e-05	-7.835087e-03	-9.073182e-01
2.817000e-05	-6.512976e-03	-6.325115e-01
2.818000e-05	-6.286253e-03	-3.468721e-01
2.819000e-05	-4.360414e-03	-8.313564e-02
2.820000e-05	4.845798e-03	2.290912e-01
2.821000e-05	3.915754e-03	4.641820e-01
2.822000e-05	1.143712e-03	7.153870e-01
2.823000e-05	1.887665e-03	9.395676e-01
2.824000e-05	-1.624393e-03	1.284157e+00
2.825000e-05	-6.728291e-04	1.561645e+00
2.826000e-05	2.394525e-03	1.864182e+00
2.827000e-05	2.641133e-02	2.033755e+00
2.828000e-05	8.981474e-02	2.345510e+00
2.829000e-05	4.204688e-02	2.667360e+00
2.830000e-05	-5.330293e-02	2.981620e+00
2.831000e-05	-2.971247e-02	3.244754e+00
2.832000e-05	-3.653257e-02	3.550021e+00
2.833000e-05	-5.002326e-02	3.780671e+00
2.834000e-05	-7.371539e-02	4.000526e+00
2.835000e-05	7.033674e-02	4.243307e+00
2.836000e-05	-2.313666e-04	4.558546e+00
2.837000e-05	-3.608676e-02	4.760671e+00
2.838000e-05	1.311082e-01	5.077962e+00
2.839000e-05	-1.161780e-01	5.393778e+00
2.840000e-05	3.468171e-02	5.624783e+00
2.841000e-05	-3.371956e-02	5.989595e+00
2.842000e-05	-1.045338e-03	6.171124e+00
2.843000e-05	3.411276e-02	6.476456e+00
2.844000e-05	-5.738543e-02	6.760642e+00
2.845000e-05	2.987296e-02	6.992100e+00
2.846000e-05	-4.168642e-02	7.226312e+00
2.847000e-05	1.290219e-02	7.531096e+00
2.848000e-05	-4.453925e-02	7.783303e+00
2.849000e-05	-8.295867e-03	8.091015e+00
2.850000e-05	2.217515e-02	8.318617e+00
2.851000e-05	-3.437237e-02	8.530070e+00
2.852000e-05	1.336770e-02	8.731718e+00
2.853000e-05	-5.070921e-02	8.985200e+00
2.854000e-05	-1.806648e-02	9.224332e+00
2.855000e-05	-7.325351e-03	9.425882e+00
2.856000e-05	-1.079547e-02	9.657938e+00
2.857000e-05	-2.037921e-02	9.901069e+00
2.858000e-05	-2.836419e-02	1.013051e+01
2.859000e-05	-2.075750e-03	1.032962e+01
2.860000e-05	-3.134355e-02	1.048010e+01
2.861000e-05	-2.150068e-02	1.072218e+01
2.862000e-05	-3.742266e-02	1.093117e+01
2.863000e-05	-1.771402e-02	1.113330e+01
2.864000e-05	-1.837672e-02	1.135378e+01
2.865000e-05	-2.975447e-02	1.154423e+01
2.866000e-05	-3.724889e-02	1.172268e+01
2.867000e-05	-3.459287e-02	1.188170e+01
2.868000e-05	-2.248411e-02	1.211119e+01
2.869000e-05	-2.952538e-02	1.227255e+01
2.870000e-05	-3.644673e-02	1.244799e+01
2.871000e-05	-4.381499e-02	1.262639e+01
2.872000e-05	-3.316782e-02	1.279481e+01
2.873000e-05	-3.485803e-02	1.290165e+01
2.874000e-05	-4.341070e-02	1.305064e+01
2.875000e-05	-4.838260e-02	1.326802e+01
2.876000e-05	-3.963124e-02	1.336591e+01
2.877000e-05	-3.806933e-02	1.351320e+01
2.878000e-05	-4.606776e-02	1.361647e+01
2.879000e-05	-5.820263e-02	1.374630e+01
2.880000e-05	-5.613987e-02	1.387117e+01
2.881000e-05	-5.020124e-02	1.401052e+01
2.882000e-05	-5.115839e-02	1.415636e+01
2.883000e-05	-5.988461e-02	1.428109e+01
2.884000e-05	-6.468190e-02	1.434786e+01
2.885000e-05	-5.794045e-02	1.444899e+01
2.886000e-05	-6.098338e-02	1.455428e+01
2.887000e-05	-6.579636e-02	1.464952e+01
2.888000e-05	-7.610110e-02	1.474225e+01
2.889000e-05	-7.156201e-02	1.478889e+01
2.890000e-05	-7.036865e-02	1.483849e+01
2.891000e-05	-7.563409e-02	1.493265e+01
2.892000e-05	-8.814856e-02	1.496441e+01
2.893000e-05	-9.027331e-02	1.499899e+01
2.894000e-05	-8.500251e-02	1.505012e+01
2.895000e-05	-8.705021e-02	1.513225e+01
2.896000e-05	-9.467417e-02	1.516594e+01
2.897000e-05	-1.020382e-01	1.516689e+01
2.898000e-05	-1.003439e-01	1.519899e+01
2.899000e-05	-1.024469e-01	1.520899e+01
2.900000e-05	-1.111801e-01	1.523907e+01
2.901000e-05	-1.201945e-01	1.525107e+01
2.902000e-05	-1.223751e-01	1.522157e+01
2.903000e-05	-1.213679e-01	1.524012e+01
2.904000e-05	-1.289932e-01	1.520949e+01
2.905000e-05	-1.402778e-01	1.522004e+01
2.906000e-05	-1.520121e-01	1.520892e+01
2.907000e-05	-1.552262e-01	1.516646e+01
2.908000e-05	-1.672572e-01	1.513521e+01
2.909000e-05	-1.846148e-01	1.511270e+01
2.910000e-05	-2.093243e-01	1.505212e+01
2.911000e-05	-2.281236e-01	1.500857e+01
2.912000e-05	-2.466654e-01	1.498689e+01
2.913000e-05	-2.498000e-01	1.491223e+01
2.914000e-05	-2.500000e-01	1.485004e+01
2.915000e-05	-2.500000e-01	1.481734e+01
2.916000e-05	-2.500000e-01	1.472220e+01
2.917000e-05	-2.500000e-01	1.464042e+01
2.918000e-05	-2.500000e-01	1.458381e+01
2.919000e-05	-2.456408e-01	1.449147e+01
2.920000e-05	-2.202944e-01	1.439636e+01
2.921000e-05	-1.923491e-01	1.430157e+01
2.922000e-05	-1.729138e-01	1.416525e+01
2.923000e-05	-1.569791e-01	1.408995e+01
2.924000e-05	-1.396434e-01	1.391528e+01
2.925000e-05	-1.248375e-01	1.378739e+01
2.926000e-05	-1.132791e-01	1.366007e+01
2.927000e-05	-1.079892e-01	1.352370e+01
2.928000e-05	-9.993496e-02	1.340736e+01
2.929000e-05	-8.948630e-02	1.327852e+01
2.930000e-05	-8.251149e-02	1.309318e+01
2.931000e-05	-7.937166e-02	1.293819e+01
2.932000e-05	-7.509340e-02	1.280781e+01
2.933000e-05	-6.983407e-02	1.267942e+01
2.934000e-05	-6.283716e-02	1.251105e+01
2.935000e-05	-6.143627e-02	1.233315e+01
2.936000e-05	-5.998360e-02	1.213373e+01
2.937000e-05	-5.656035e-02	1.198684e+01
2.938000e-05	-5.210600e-02	1.179731e+01
2.939000e-05	-4.914161e-02	1.162724e+01
2.940000e-05	-5.038826e-02	1.139781e+01
2.941000e-05	-4.843978e-02	1.118426e+01
2.942000e-05	-4.455545e-02	1.099523e+01
2.943000e-05	-4.068836e-02	1.083479e+01
2.944000e-05	-4.106434e-02	1.059621e+01
2.945000e-05	-4.147335e-02	1.040529e+01
2.946000e-05	-3.887982e-02	1.015566e+01
2.947000e-05	-3.624587e-02	9.992181e+00
2.948000e-05	-3.434963e-02	9.740524e+00
2.949000e-05	-3.596091e-02	9.510875e+00
2.950000e-05	-3.425674e-02	9.297945e+00
2.951000e-05	-3.207881e-02	9.119396e+00
2.952000e-05	-2.966753e-02	8.845792e+00
2.953000e-05	-3.123381e-02	8.615184e+00
2.954000e-05	-3.133839e-02	8.395154e+00
2.955000e-05	-2.905268e-02	8.181104e+00
2.956000e-05	-2.629597e-02	7.859347e+00
2.957000e-05	-2.637721e-02	7.636338e+00
2.958000e-05	-2.685347e-02	7.353581e+00
2.959000e-05	-2.683701e-02	7.110376e+00
2.960000e-05	-2.419020e-02	6.895817e+00
2.961000e-05	-2.265161e-02	6.573763e+00
2.962000e-05	-2.420679e-02	6.329930e+00
2.963000e-05	-2.484996e-02	6.077921e+00
2.964000e-05	-2.157335e-02	5.876340e+00
2.965000e-05	-2.043545e-02	5.573001e+00
2.966000e-05	-2.073332e-02	5.307825e+00
2.967000e-05	-2.210597e-02	4.983551e+00
2.968000e-05	-2.037765e-02	4.665793e+00
2.969000e-05	-1.864212e-02	4.434584e+00
2.970000e-05	-1.768113e-02	4.200450e+00
2.971000e-05	-1.909639e-02	3.863140e+00
2.972000e-05	-1.846149e-02	3.613054e+00
2.973000e-05	-1.673081e-02	3.308347e+00
2.974000e-05	-1.412352e-02	3.024162e+00
2.975000e-05	-1.584112e-02	2.770505e+00
2.976000e-05	-1.665407e-02	2.505146e+00
2.977000e-05	-1.584313e-02	2.220406e+00
2.978000e-05	-1.326966e-02	1.958348e+00
2.979000e-05	-1.324638e-02	1.693114e+00
2.980000e-05	-1.410122e-02	1.338896e+00
2.981000e-05	-1.379662e-02	1.061487e+00
2.982000e-05	-1.173899e-02	7.373197e-01
2.983000e-05	-1.065471e-02	4.640867e-01
2.984000e-05	-9.394748e-03	1.903736e-01
2.985000e-05	-7.130070e-03	-9.478302e-02
2.986000e-05	3.465442e-03	-3.469411e-01
2.987000e-05	8.110113e-04	-5.707176e-01
2.988000e-05	6.286751e-04	-8.748118e-01
2.989000e-05	-1.743944e-03	-1.116491e+00
2.990000e-05	-1.471725e-03	-1.434352e+00
2.991000e-05	8.724129e-04	-1.666861e+00
2.992000e-05	2.025205e-02	-1.926942e+00
2.993000e-05	9.326487e-02	-2.142049e+00
2.994000e-05	7.418745e-02	-2.516988e+00
2.995000e-05	-4.860638e-02	-2.988092e+00
2.996000e-05	-5.474601e-03	-3.255886e+00
2.997000e-05	-4.713079e-02	-3.506362e+00
2.998000e-05	-6.011332e-02	-3.687013e+00
2.999000e-05	-4.041747e-02	-3.940469e+00
3.000000e-05	1.423400e-01	-4.117360e+00
3.001000e-05	-1.229924e-01	-4.361578e+00
3.002000e-05	1.203466e-01	-4.715840e+00
3.003000e-05	2.410137e-02	-4.908541e+00
3.004000e-05	-7.103118e-02	-5.308070e+00
3.005000e-05	1.103778e-01	-5.550046e+00
3.006000e-05	-1.527460e-01	-5.825382e+00
3.007000e-05	1.355393e-01	-6.067512e+00
3.008000e-05	-1.353357e-02	-6.297595e+00
3.009000e-05	1.361139e-02	-6.645807e+00
3.010000e-05	6.858158e-02	-6.888393e+00
3.011000e-05	-8.301644e-02	-7.112749e+00
3.012000e-05	9.993015e-02	-7.404282e+00
3.013000e-05	-7.136832e-02	-7.720540e+00
3.014000e-05	8.271371e-02	-7.983252e+00
3.015000e-05	1.073613e-02	-8.184230e+00
3.016000e-05	-2.374892e-03	-8.415937e+00
3.017000e-05	8.596463e-02	-8.709019e+00
3.018000e-05	-7.645617e-02	-8.940624e+00
3.019000e-05	7.821581e-02	-9.150696e+00
3.020000e-05	-4.197805e-02	-9.342800e+00
3.021000e-05	8.583298e-02	-9.583911e+00
3.022000e-05	4.686989e-03	-9.795309e+00
3.023000e-05	3.351903e-02	-1.002736e+01
3.024000e-05	2.806492e-02	-1.023852e+01
3.025000e-05	-3.313798e-03	-1.050054e+01
3.026000e-05	6.024927e-02	-1.066802e+01
3.027000e-05	-1.781149e-02	-1.087799e+01
3.028000e-05	7.254059e-02	-1.106114e+01
3.029000e-05	-7.875077e-03	-1.127912e+01
3.030000e-05	6.997567e-02	-1.149167e+01
3.031000e-05	-5.464720e-04	-1.168215e+01
3.032000e-05	4.256557e-02	-1.192067e+01
3.033000e-05	1.962717e-02	-1.208104e+01
3.034000e-05	4.535253e-02	-1.224754e+01
3.035000e-05	4.361371e-02	-1.239696e+01
3.036000e-05	2.627048e-02	-1.258386e+01
3.037000e-05	4.439407e-02	-1.274581e+01
3.038000e-05	2.505918e-02	-1.291275e+01
3.039000e-05	5.510478e-02	-1.306904e+01
3.040000e-05	2.740657e-02	-1.319644e+01
3.041000e-05	5.616520e-02	-1.335480e+01
3.042000e-05	3.395597e-02	-1.346125e+01
3.043000e-05	6.013342e-02	-1.363944e+01
3.044000e-05	3.919213e-02	-1.376588e+01
3.045000e-05	4.999939e-02	-1.390170e+01
3.046000e-05	4.301878e-02	-1.401799e+01
3.047000e-05	5.854126e-02	-1.412470e+01
3.048000e-05	5.675597e-02	-1.427012e+01
3.049000e-05	5.574637e-02	-1.440681e+01
3.050000e-05	5.603915e-02	-1.446004e+01
3.051000e-05	5.898367e-02	-1.455078e+01
3.052000e-05	6.964739e-02	-1.461956e+01
3.053000e-05	6.333484e-02	-1.472378e+01
3.054000e-05	6.918464e-02	-1.477794e+01
3.055000e-05	6.619940e-02	-1.489102e+01
3.056000e-05	7.761868e-02	-1.490433e+01
3.057000e-05	7.187876e-02	-1.499849e+01
3.058000e-05	7.697657e-02	-1.506054e+01
3.059000e-05	7.529098e-02	-1.507220e+01
3.060000e-05	8.830664e-02	-1.514531e+01
3.061000e-05	9.052495e-02	-1.516679e+01
3.062000e-05	9.215906e-02	-1.520789e+01
3.063000e-05	9.145927e-02	-1.526996e+01
3.064000e-05	9.583685e-02	-1.528112e+01
3.065000e-05	1.032566e-01	-1.529263e+01
3.066000e-05	1.052680e-01	-1.533268e+01
3.067000e-05	1.097345e-01	-1.530025e+01
3.068000e-05	1.139443e-01	-1.534226e+01
3.069000e-05	1.238770e-01	-1.532265e+01
3.070000e-05	1.278663e-01	-1.527270e+01
3.071000e-05	1.324677e-01	-1.529002e+01
3.072000e-05	1.393724e-01	-1.532260e+01
3.073000e-05	1.533797e-01	-1.523994e+01
3.074000e-05	1.682618e-01	-1.520789e+01
3.075000e-05	1.819766e-01	-1.512476e+01
3.076000e-05	2.002826e-01	-1.509363e+01
3.077000e-05	2.271155e-01	-1.507015e+01
3.078000e-05	2.468776e-01	-1.502847e+01
3.079000e-05	2.500000e-01	-1.497533e+01
3.080000e-05	2.500000e-01	-1.488312e+01
3.081000e-05	2.500000e-01	-1.483849e+01
3.082000e-05	2.500000e-01	-1.472618e+01
3.083000e-05	2.500000e-01	-1.466057e+01
3.084000e-05	2.492877e-01	-1.461576e+01
3.085000e-05	2.313889e-01	-1.448263e+01
3.086000e-05	2.049055e-01	-1.441686e+01
3.087000e-05	1.823664e-01	-1.433268e+01
3.088000e-05	1.599859e-01	-1.418679e+01
3.089000e-05	1.407503e-01	-1.406005e+01
3.090000e-05	1.255340e-01	-1.392480e+01
3.091000e-05	1.149835e-01	-1.380844e+01
3.092000e-05	1.030122e-01	-1.371155e+01
3.093000e-05	9.224767e-02	-1.355428e+01
3.094000e-05	8.319382e-02	-1.339846e+01
3.095000e-05	7.829489e-02	-1.326952e+01
3.096000e-05	7.346316e-02	-1.313313e+01
3.097000e-05	6.627175e-02	-1.298573e+01
3.098000e-05	5.982871e-02	-1.286894e+01
3.099000e-05	5.651456e-02	-1.267100e+01
3.100000e-05	5.440215e-02	-1.255313e+01
3.101000e-05	5.078257e-02	-1.234416e+01
3.102000e-05	4.476102e-02	-1.218529e+01
3.103000e-05	4.208383e-02	-1.202739e+01
3.104000e-05	4.095201e-02	-1.175731e+01
3.105000e-05	3.794239e-02	-1.158574e+01
3.106000e-05	3.429925e-02	-1.139671e+01
3.107000e-05	3.080011e-02	-1.109326e+01
3.108000e-05	3.102189e-02	-1.096418e+01
3.109000e-05	3.057577e-02	-1.077468e+01
3.110000e-05	2.840207e-02	-1.060429e+01
3.111000e-05	2.538780e-02	-1.036478e+01
3.112000e-05	2.336554e-02	-1.015308e+01
3.113000e-05	2.319291e-02	-9.951054e+00
3.114000e-05	2.175945e-02	-9.761075e+00
3.115000e-05	1.912760e-02	-9.518104e+00
3.116000e-05	1.803691e-02	-9.279868e+00
3.117000e-05	1.792456e-02	-9.075838e+00
3.118000e-05	1.772632e-02	-8.838263e+00
3.119000e-05	1.490556e-02	-8.584684e+00
3.120000e-05	1.212478e-02	-8.351501e+00
3.121000e-05	1.138790e-02	-8.148471e+00
3.122000e-05	1.277321e-02	-7.898839e+00
3.123000e-05	1.216212e-02	-7.625209e+00
3.124000e-05	1.031527e-02	-7.310502e+00
3.125000e-05	8.712685e-03	-7.086320e+00
3.126000e-05	7.897926e-03	-6.826312e+00
3.127000e-05	7.702384e-03	-6.591582e+00
3.128000e-05	5.251076e-03	-6.339926e+00
3.129000e-05	5.621929e-03	-6.045714e+00
3.130000e-05	4.010118e-03	-5.792579e+00
3.131000e-05	5.569972e-03	-5.519926e+00
3.132000e-05	2.739597e-03	-5.253108e+00
3.133000e-05	3.225889e-03	-4.871403e+00
3.134000e-05	8.078519e-04	-4.594560e+00
3.135000e-05	2.878194e-03	-4.389054e+00
3.136000e-05	2.126142e-03	-4.129901e+00
3.137000e-05	6.330755e-04	-3.863269e+00
3.138000e-05	-2.364238e-03	-3.581004e+00
3.139000e-05	-3.242879e-03	-3.318345e+00
3.140000e-05	-3.006056e-03	-3.044710e+00
3.141000e-05	-3.496743e-03	-2.728401e+00
3.142000e-05	-3.897961e-03	-2.486136e+00
3.143000e-05	-3.649238e-03	-2.199579e+00
3.144000e-05	-4.647781e-03	-1.905818e+00
3.145000e-05	-3.042385e-03	-1.602582e+00
3.146000e-05	-6.318736e-03	-1.356843e+00
3.147000e-05	-6.046014e-03	-1.031528e+00
3.148000e-05	-5.213506e-03	-7.539249e-01
3.149000e-05	-5.892406e-03	-4.334826e-01
3.150000e-05	-4.734219e-03	-1.588509e-01
3.151000e-05	-3.164563e-03	8.476171e-02
3.152000e-05	5.895608e-03	3.415451e-01
3.153000e-05	-3.176244e-03	6.311251e-01
3.154000e-05	4.844210e-03	8.656519e-01
3.155000e-05	-2.694514e-03	1.199500e+00
3.156000e-05	2.770728e-03	1.422229e+00
3.157000e-05	2.488716e-04	1.759021e+00
3.158000e-05	1.838345e-02	1.978498e+00
3.159000e-05	6.196256e-02	2.234148e+00
3.160000e-05	8.480801e-02	2.598115e+00
3.161000e-05	-4.452742e-02	2.864932e+00
3.162000e-05	-3.188855e-02	3.138546e+00
3.163000e-05	-3.948138e-02	3.434882e+00
3.164000e-05	-3.406382e-02	3.676911e+00
3.165000e-05	-8.346390e-02	3.909387e+00
3.166000e-05	1.412464e-02	4.126068e+00
3.167000e-05	7.416252e-02	4.443807e+00
3.168000e-05	-9.387375e-02	4.696964e+00
3.169000e-05	1.327778e-01	4.959645e+00
3.170000e-05	-4.982084e-02	5.307437e+00
3.171000e-05	-3.819866e-02	5.522173e+00
3.172000e-05	2.173646e-02	5.854904e+00
3.173000e-05	-5.217008e-02	6.087913e+00
3.174000e-05	5.983548e-02	6.360095e+00
3.175000e-05	-4.834115e-02	6.637860e+00
3.176000e-05	7.180148e-03	6.897438e+00
3.177000e-05	-1.155614e-02	7.141100e+00
3.178000e-05	-1.824961e-02	7.414803e+00
3.179000e-05	-7.519826e-03	7.708642e+00
3.180000e-05	-4.914153e-02	7.983325e+00
3.181000e-05	3.736251e-02	8.256410e+00
3.182000e-05	-2.646367e-02	8.445858e+00
3.183000e-05	-2.069742e-03	8.677438e+00
3.184000e-05	-1.748156e-02	8.899090e+00
3.185000e-05	-5.049108e-02	9.111146e+00
3.186000e-05	1.037117e-02	9.311746e+00
3.187000e-05	-2.545118e-02	9.552758e+00
3.188000e-05	-9.360509e-04	9.806833e+00
3.189000e-05	-4.198169e-02	1.004689e+01
3.190000e-05	-6.015556e-04	1.022791e+01
3.191000e-05	-2.445144e-02	1.049796e+01
3.192000e-05	-2.680365e-02	1.061896e+01
3.193000e-05	-3.030553e-02	1.088846e+01
3.194000e-05	-3.435836e-02	1.107902e+01
3.195000e-05	-6.091272e-03	1.125854e+01
3.196000e-05	-3.258663e-02	1.146057e+01
3.197000e-05	-2.508717e-02	1.165159e+01
3.198000e-05	-4.550253e-02	1.183862e+01
3.199000e-05	-2.053404e-02	1.205949e+01
3.200000e-05	-3.020710e-02	1.219899e+01
3.201000e-05	-3.206745e-02	1.242736e+01
3.202000e-05	-4.463184e-02	1.255278e+01
3.203000e-05	-3.809817e-02	1.271320e+01
3.204000e-05	-2.910678e-02	1.281952e+01
3.205000e-05	-4.125135e-02	1.301746e+01
3.206000e-05	-4.434009e-02	1.314578e+01
3.207000e-05	-4.819600e-02	1.332315e+01
3.208000e-05	-3.538706e-02	1.344854e+01
3.209000e-05	-4.508044e-02	1.356636e+01
3.210000e-05	-5.078709e-02	1.370437e+01
3.211000e-05	-5.994682e-02	1.381007e+01
3.212000e-05	-5.121952e-02	1.399539e+01
3.213000e-05	-4.995473e-02	1.410377e+01
3.214000e-05	-5.624106e-02	1.419911e+01
3.215000e-05	-6.437945e-02	1.434373e+01
3.216000e-05	-6.149506e-02	1.439954e+01
3.217000e-05	-5.829215e-02	1.451271e+01
3.218000e-05	-6.398679e-02	1.463594e+01
3.219000e-05	-7.166502e-02	1.473068e+01
3.220000e-05	-7.457131e-02	1.476486e+01
3.221000e-05	-7.121839e-02	1.479951e+01
3.222000e-05	-7.362885e-02	1.488262e+01
3.223000e-05	-8.331399e-02	1.494538e+01
3.224000e-05	-8.986932e-02	1.503889e+01
3.225000e-05	-8.778161e-02	1.507002e+01
3.226000e-05	-8.494049e-02	1.506273e+01
3.227000e-05	-9.191686e-02	1.511338e+01
3.228000e-05	-1.002660e-01	1.514591e+01
3.229000e-05	-1.026756e-01	1.522746e+01
3.230000e-05	-1.017995e-01	1.521896e+01
3.231000e-05	-1.071335e-01	1.520999e+01
3.232000e-05	-1.167659e-01	1.523004e+01
3.233000e-05	-1.218489e-01	1.523160e+01
3.234000e-05	-1.216840e-01	1.528109e+01
3.235000e-05	-1.245981e-01	1.521852e+01
3.236000e-05	-1.368361e-01	1.522801e+01
3.237000e-05	-1.486174e-01	1.521842e+01
3.238000e-05	-1.542650e-01	1.518741e+01
3.239000e-05	-1.616914e-01	1.516583e+01
3.240000e-05	-1.771228e-01	1.511286e+01
3.241000e-05	-1.996056e-01	1.510262e+01
3.242000e-05	-2.206418e-01	1.503102e+01
3.243000e-05	-2.416069e-01	1.501746e+01
3.244000e-05	-2.493997e-01	1.492473e+01
3.245000e-05	-2.499998e-01	1.491115e+01
3.246000e-05	-2.500000e-01	1.480642e+01
3.247000e-05	-2.500000e-01	1.474571e+01
3.248000e-05	-2.500000e-01	1.468107e+01
3.249000e-05	-2.500000e-01	1.462784e+01
3.250000e-05	-2.496985e-01	1.448360e+01
3.251000e-05	-2.312454e-01	1.439799e+01
3.252000e-05	-2.013160e-01	1.434525e+01
3.253000e-05	-1.779055e-01	1.416884e+01
3.254000e-05	-1.622780e-01	1.410115e+01
3.255000e-05	-1.461393e-01	1.392786e+01
3.256000e-05	-1.304359e-01	1.381944e+01
3.257000e-05	-1.170745e-01	1.373168e+01
3.258000e-05	-1.109652e-01	1.356534e+01
3.259000e-05	-1.029903e-01	1.343982e+01
3.260000e-05	-9.265474e-02	1.333058e+01
3.261000e-05	-8.394544e-02	1.320481e+01
3.262000e-05	-7.944933e-02	1.299633e+01
3.263000e-05	-7.712032e-02	1.285002e+01
3.264000e-05	-7.217833e-02	1.271206e+01
3.265000e-05	-6.544284e-02	1.251465e+01
3.266000e-05	-6.195381e-02	1.240432e+01
3.267000e-05	-6.089341e-02	1.224884e+01
3.268000e-05	-5.791407e-02	1.203797e+01
3.269000e-05	-5.316813e-02	1.189094e+01
3.270000e-05	-5.019813e-02	1.167947e+01
3.271000e-05	-4.969797e-02	1.151002e+01
3.272000e-05	-4.995010e-02	1.126952e+01
3.273000e-05	-4.638716e-02	1.107890e+01
3.274000e-05	-4.113229e-02	1.088892e+01
3.275000e-05	-3.992025e-02	1.068044e+01
3.276000e-05	-4.050595e-02	1.052044e+01
3.277000e-05	-4.047791e-02	1.025884e+01
3.278000e-05	-3.711790e-02	1.004739e+01
3.279000e-05	-3.599313e-02	9.786218e+00
3.280000e-05	-3.626920e-02	9.575234e+00
3.281000e-05	-3.541284e-02	9.352054e+00
3.282000e-05	-3.236610e-02	9.162558e+00
3.283000e-05	-2.941346e-02	8.911498e+00
3.284000e-05	-2.994852e-02	8.679846e+00
3.285000e-05	-3.108130e-02	8.487315e+00
3.286000e-05	-3.080592e-02	8.255288e+00
3.287000e-05	-2.688021e-02	7.993085e+00
3.288000e-05	-2.575474e-02	7.700952e+00
3.289000e-05	-2.623351e-02	7.457872e+00
3.290000e-05	-2.725327e-02	7.224108e+00
3.291000e-05	-2.523245e-02	6.972480e+00
3.292000e-05	-2.348433e-02	6.738350e+00
3.293000e-05	-2.381412e-02	6.434712e+00
3.294000e-05	-2.430147e-02	6.202631e+00
3.295000e-05	-2.273023e-02	5.958932e+00
3.296000e-05	-2.054908e-02	5.697289e+00
3.297000e-05	-1.961772e-02	5.433581e+00
3.298000e-05	-2.179516e-02	5.118343e+00
3.299000e-05	-2.154885e-02	4.763030e+00
3.300000e-05	-1.983507e-02	4.557844e+00
3.301000e-05	-1.681665e-02	4.256218e+00
3.302000e-05	-1.799783e-02	3.969930e+00
3.303000e-05	-1.936764e-02	3.677268e+00
3.304000e-05	-1.832663e-02	3.423111e+00
3.305000e-05	-1.513509e-02	3.148902e+00
3.306000e-05	-1.600790e-02	2.895738e+00
3.307000e-05	-1.654082e-02	2.641429e+00
3.308000e-05	-1.725694e-02	2.285191e+00
3.309000e-05	-1.393535e-02	2.032083e+00
3.310000e-05	-1.287025e-02	1.779857e+00
3.311000e-05	-1.345584e-02	1.494189e+00
3.312000e-05	-1.427950e-02	1.149927e+00
3.313000e-05	-1.249865e-02	8.520602e-01
3.314000e-05	-1.035772e-02	5.598759e-01
3.315000e-05	-9.499065e-03	2.741958e-01
3.316000e-05	-9.320469e-03	9.927434e-03
3.317000e-05	-1.753835e-03	-2.636306e-01
3.318000e-05	3.962704e-03	-4.758132e-01
3.319000e-05	-9.702068e-04	-8.025500e-01
3.320000e-05	2.679435e-03	-1.043250e+00
3.321000e-05	-1.901793e-03	-1.368489e+00
3.322000e-05	1.267150e-03	-1.642053e+00
3.323000e-05	8.979405e-03	-1.844752e+00
3.324000e-05	6.008390e-02	-2.054758e+00
3.325000e-05	1.129233e-01	-2.411647e+00
3.326000e-05	-3.180325e-02	-2.820573e+00
3.327000e-05	-1.345412e-02	-3.160144e+00
3.328000e-05	-3.579570e-02	-3.403203e+00
3.329000e-05	-4.158079e-02	-3.621202e+00
3.330000e-05	-8.550724e-02	-3.826364e+00
3.331000e-05	1.201921e-01	-4.013653e+00
3.332000e-05	-2.940841e-02	-4.245335e+00
3.333000e-05	-1.991776e-02	-4.563281e+00
3.334000e-05	1.333287e-01	-4.813203e+00
3.335000e-05	-1.422738e-01	-5.189243e+00
3.336000e-05	1.240452e-01	-5.414740e+00
3.337000e-05	-9.557236e-02	-5.688463e+00
3.338000e-05	1.238541e-02	-6.002754e+00
3.339000e-05	9.506008e-02	-6.194254e+00
3.340000e-05	-7.044724e-02	-6.539567e+00
3.341000e-05	1.229965e-01	-6.781754e+00
3.342000e-05	-8.398756e-02	-7.057436e+00
3.343000e-05	5.942592e-02	-7.371146e+00
3.344000e-05	-6.386929e-03	-7.602274e+00
3.345000e-05	-7.550747e-03	-7.899393e+00
3.346000e-05	9.436900e-02	-8.120516e+00
3.347000e-05	-6.218893e-02	-8.390250e+00
3.348000e-05	1.156082e-01	-8.584308e+00
3.349000e-05	-5.672775e-02	-8.848435e+00
3.350000e-05	3.492591e-02	-9.126988e+00
3.351000e-05	6.908490e-03	-9.269537e+00
3.352000e-05	1.598653e-02	-9.543649e+00
3.353000e-05	7.169900e-02	-9.751599e+00
3.354000e-05	-2.129076e-02	-9.972853e+00
3.355000e-05	7.706575e-02	-1.014222e+01
3.356000e-05	-3.516500e-02	-1.040643e+01
3.357000e-05	7.598262e-02	-1.065633e+01
3.358000e-05	-1.738660e-02	-1.078533e+01
3.359000e-05	5.192770e-02	-1.095533e+01
3.360000e-05	1.496915e-02	-1.119696e+01
3.361000e-05	3.838465e-02	-1.146849e+01
3.362000e-05	3.814395e-02	-1.157841e+01
3.363000e-05	1.222191e-02	-1.182893e+01
3.364000e-05	4.711872e-02	-1.200641e+01
3.365000e-05	1.702712e-02	-1.219733e+01
3.366000e-05	6.371147e-02	-1.236533e+01
3.367000e-05	1.137984e-02	-1.252323e+01
3.368000e-05	5.156633e-02	-1.267310e+01
3.369000e-05	1.924591e-02	-1.287056e+01
3.370000e-05	5.628630e-02	-1.299641e+01
3.371000e-05	3.116605e-02	-1.315281e+01
3.372000e-05	4.945039e-02	-1.328122e+01
3.373000e-05	4.105622e-02	-1.342097e+01
3.374000e-05	5.036234e-02	-1.357801e+01
3.375000e-05	4.918425e-02	-1.373325e+01
3.376000e-05	4.108193e-02	-1.381954e+01
3.377000e-05	4.875635e-02	-1.397689e+01
3.378000e-05	4.874440e-02	-1.406124e+01
3.379000e-05	6.177285e-02	-1.421852e+01
3.380000e-05	5.184484e-02	-1.431326e+01
3.381000e-05	6.006587e-02	-1.443004e+01
3.382000e-05	5.501522e-02	-1.455268e+01
3.383000e-05	7.043245e-02	-1.463801e+01
3.384000e-05	6.219284e-02	-1.470272e+01
3.385000e-05	6.927199e-02	-1.476738e+01
3.386000e-05	6.431828e-02	-1.486054e+01
3.387000e-05	7.500754e-02	-1.490275e+01
3.388000e-05	7.276815e-02	-1.497681e+01
3.389000e-05	7.483240e-02	-1.501959e+01
3.390000e-05	7.582184e-02	-1.507210e+01
3.391000e-05	8.445261e-02	-1.509379e+01
3.392000e-05	9.140648e-02	-1.514880e+01
3.393000e-05	9.010434e-02	-1.517854e+01
3.394000e-05	9.294392e-02	-1.523909e+01
3.395000e-05	9.273220e-02	-1.525167e+01
3.396000e-05	1.020665e-01	-1.529165e+01
3.397000e-05	1.028300e-01	-1.533172e+01
3.398000e-05	1.084581e-01	-1.532023e+01
3.399000e-05	1.115403e-01	-1.536223e+01
3.400000e-05	1.218795e-01	-1.528428e+01
3.401000e-05	1.262741e-01	-1.530330e+01
3.402000e-05	1.305459e-01	-1.529269e+01
3.403000e-05	1.361698e-01	-1.527054e+01
3.404000e-05	1.472685e-01	-1.521902e+01
3.405000e-05	1.621992e-01	-1.521942e+01
3.406000e-05	1.753817e-01	-1.517734e+01
3.407000e-05	1.919474e-01	-1.512568e+01
3.408000e-05	2.158901e-01	-1.508067e+01
3.409000e-05	2.422096e-01	-1.504107e+01
3.410000e-05	2.495000e-01	-1.495588e+01
3.411000e-05	2.500000e-01	-1.495418e+01
3.412000e-05	2.500000e-01	-1.488900e+01
3.413000e-05	2.500000e-01	-1.476727e+01
3.414000e-05	2.500000e-01	-1.471213e+01
3.415000e-05	2.500000e-01	-1.462997e+01
3.416000e-05	2.402540e-01	-1.454468e+01
3.417000e-05	2.150087e-01	-1.443997e+01
3.418000e-05	1.888189e-01	-1.433531e+01
3.419000e-05	1.690828e-01	-1.421004e+01
3.420000e-05	1.471127e-01	-1.414316e+01
3.421000e-05	1.322903e-01	-1.394789e+01
3.422000e-05	1.186054e-01	-1.388054e+01
3.423000e-05	1.068151e-01	-1.371020e+01
3.424000e-05	9.485226e-02	-1.358636e+01
3.425000e-05	8.587072e-02	-1.343944e+01
3.426000e-05	7.970702e-02	-1.333372e+01
3.427000e-05	7.528431e-02	-1.316576e+01
3.428000e-05	6.945180e-02	-1.308687e+01
3.429000e-05	6.225650e-02	-1.289257e+01
3.430000e-05	5.842285e-02	-1.275413e+01
3.431000e-05	5.484963e-02	-1.256521e+01
3.432000e-05	5.257485e-02	-1.244739e+01
3.433000e-05	4.544234e-02	-1.227834e+01
3.434000e-05	4.393513e-02	-1.206902e+01
3.435000e-05	4.062665e-02	-1.188050e+01
3.436000e-05	3.925262e-02	-1.170060e+01
3.437000e-05	3.499423e-02	-1.146835e+01
3.438000e-05	3.275662e-02	-1.119884e+01
3.439000e-05	3.101305e-02	-1.103837e+01
3.440000e-05	3.093937e-02	-1.084777e+01
3.441000e-05	2.920786e-02	-1.063736e+01
3.442000e-05	2.663484e-02	-1.045882e+01
3.443000e-05	2.482106e-02	-1.029832e+01
3.444000e-05	2.323429e-02	-9.987287e+00
3.445000e-05	2.180668e-02	-9.817237e+00
3.446000e-05	1.902036e-02	-9.624236e+00
3.447000e-05	1.931358e-02	-9.382604e+00
3.448000e-05	1.681020e-02	-9.112004e+00
3.449000e-05	1.828544e-02	-8.950552e+00
3.450000e-05	1.572420e-02	-8.689949e+00
3.451000e-05	1.524046e-02	-8.438342e+00
3.452000e-05	1.321953e-02	-8.195210e+00
3.453000e-05	1.282122e-02	-7.991981e+00
3.454000e-05	1.136760e-02	-7.730546e+00
3.455000e-05	1.001057e-02	-7.436791e+00
3.456000e-05	9.182437e-03	-7.213655e+00
3.457000e-05	7.360757e-03	-6.928400e+00
3.458000e-05	7.762640e-03	-6.656812e+00
3.459000e-05	6.293310e-03	-6.415162e+00
3.460000e-05	6.604621e-03	-6.160055e+00
3.461000e-05	5.039314e-03	-5.888343e+00
3.462000e-05	5.017082e-03	-5.654635e+00
3.463000e-05	3.737792e-03	-5.351476e+00
3.464000e-05	2.543347e-03	-5.024689e+00
3.465000e-05	1.566120e-03	-4.740347e+00
3.466000e-05	2.184394e-03	-4.477237e+00
3.467000e-05	1.595848e-03	-4.264161e+00
3.468000e-05	5.811314e-04	-3.981980e+00
3.469000e-05	-1.578931e-03	-3.665643e+00
3.470000e-05	-6.868761e-04	-3.432054e+00
3.471000e-05	-2.668984e-03	-3.118399e+00
3.472000e-05	-2.316111e-03	-2.772583e+00
3.473000e-05	-4.653024e-03	-2.591429e+00
3.474000e-05	-2.921697e-03	-2.286242e+00
3.475000e-05	-4.096775e-03	-2.019527e+00
3.476000e-05	-3.568196e-03	-1.738825e+00
3.477000e-05	-5.265354e-03	-1.434211e+00
3.478000e-05	-6.745872e-03	-1.117245e+00
3.479000e-05	-5.981663e-03	-8.916114e-01
3.480000e-05	-6.631545e-03	-5.371973e-01
3.481000e-05	-6.259135e-03	-2.940853e-01
3.482000e-05	-4.492452e-03	-2.095620e-02
3.483000e-05	6.326990e-03	2.653808e-01
3.484000e-05	2.384296e-04	5.258422e-01
3.485000e-05	4.495549e-03	7.799750e-01
3.486000e-05	-3.853439e-04	1.083391e+00
3.487000e-05	-7.648970e-04	1.337490e+00
3.488000e-05	-2.356605e-03	1.664811e+00
3.489000e-05	8.166612e-03	1.914892e+00
3.490000e-05	3.788497e-02	2.138364e+00
3.491000e-05	1.002488e-01	2.383224e+00
3.492000e-05	-1.078271e-03	2.770623e+00
3.493000e-05	-4.362308e-02	3.035356e+00
3.494000e-05	-3.390250e-02	3.339016e+00
3.495000e-05	-3.194755e-02	3.613205e+00
3.496000e-05	-6.853825e-02	3.844209e+00
3.497000e-05	-4.498259e-02	4.013728e+00
3.498000e-05	9.392345e-02	4.370492e+00
3.499000e-05	-6.265437e-02	4.583257e+00
3.500000e-05	4.381512e-02	4.842331e+00
3.501000e-05	6.577547e-02	5.140824e+00
3.502000e-05	-1.068178e-01	5.475889e+00
3.503000e-05	5.360570e-02	5.740041e+00
3.504000e-05	-5.983203e-02	6.022803e+00
3.505000e-05	3.822963e-02	6.245332e+00
3.506000e-05	-3.781339e-03	6.508645e+00
3.507000e-05	-3.751455e-02	6.793230e+00
3.508000e-05	2.236300e-02	7.065434e+00
3.509000e-05	-4.417743e-02	7.330640e+00
3.510000e-05	1.820497e-02	7.543252e+00
3.511000e-05	-6.095990e-02	7.847437e+00
3.512000e-05	2.186304e-02	8.141647e+00
3.513000e-05	2.978210e-04	8.362177e+00
3.514000e-05	-2.435110e-02	8.574229e+00
3.515000e-05	8.543506e-03	8.804881e+00
3.516000e-05	-6.243909e-02	9.007966e+00
3.517000e-05	2.388123e-03	9.276513e+00
3.518000e-05	-2.164777e-02	9.479592e+00
3.519000e-05	6.696374e-04	9.712095e+00
3.520000e-05	-3.627727e-02	9.963279e+00
3.521000e-05	-1.299940e-02	1.015428e+01
3.522000e-05	-1.088601e-02	1.037481e+01
3.523000e-05	-3.036808e-02	1.058281e+01
3.524000e-05	-2.255619e-02	1.077433e+01
3.525000e-05	-4.111665e-02	1.095491e+01
3.526000e-05	-8.613151e-03	1.117638e+01
3.527000e-05	-2.754668e-02	1.137591e+01
3.528000e-05	-2.493426e-02	1.159748e+01
3.529000e-05	-4.381608e-02	1.181531e+01
3.530000e-05	-2.568042e-02	1.201539e+01
3.531000e-05	-2.551571e-02	1.214438e+01
3.532000e-05	-2.910392e-02	1.231375e+01
3.533000e-05	-4.123805e-02	1.248210e+01
3.534000e-05	-4.338984e-02	1.266754e+01
3.535000e-05	-2.995333e-02	1.282741e+01
3.536000e-05	-3.795979e-02	1.294488e+01
3.537000e-05	-4.253297e-02	1.309462e+01
3.538000e-05	-4.987146e-02	1.325949e+01
3.539000e-05	-3.607463e-02	1.342789e+01
3.540000e-05	-4.173180e-02	1.354483e+01
3.541000e-05	-4.813229e-02	1.368054e+01
3.542000e-05	-6.069160e-02	1.376688e+01
3.543000e-05	-5.349310e-02	1.387483e+01
3.544000e-05	-4.815865e-02	1.406065e+01
3.545000e-05	-5.313992e-02	1.415584e+01
3.546000e-05	-6.253359e-02	1.428265e+01
3.547000e-05	-6.511588e-02	1.439941e+01
3.548000e-05	-5.682349e-02	1.446315e+01
3.549000e-05	-6.240480e-02	1.459629e+01
3.550000e-05	-6.696180e-02	1.469052e+01
3.551000e-05	-7.731893e-02	1.474423e+01
3.552000e-05	-6.969824e-02	1.483739e+01
3.553000e-05	-7.238269e-02	1.486949e+01
3.554000e-05	-7.781253e-02	1.492425e+01
3.555000e-05	-8.961364e-02	1.497844e+01
3.556000e-05	-8.967569e-02	1.502059e+01
3.557000e-05	-8.517399e-02	1.511260e+01
3.558000e-05	-8.817955e-02	1.511273e+01
3.559000e-05	-9.665795e-02	1.517786e+01
3.560000e-05	-1.030643e-01	1.519694e+01
3.561000e-05	-1.007784e-01	1.520951e+01
3.562000e-05	-1.044199e-01	1.522852e+01
3.563000e-05	-1.131824e-01	1.521052e+01
3.564000e-05	-1.210017e-01	1.526007e+01
3.565000e-05	-1.227227e-01	1.525054e+01
3.566000e-05	-1.227616e-01	1.525859e+01
3.567000e-05	-1.322623e-01	1.523057e+01
3.568000e-05	-1.435857e-01	1.520897e+01
3.569000e-05	-1.523666e-01	1.519846e+01
3.570000e-05	-1.586789e-01	1.517391e+01
3.571000e-05	-1.709026e-01	1.510430e+01
3.572000e-05	-1.896577e-01	1.510283e+01
3.573000e-05	-2.132885e-01	1.504262e+01
3.574000e-05	-2.356731e-01	1.502894e+01
3.575000e-05	-2.489882e-01	1.497528e+01
3.576000e-05	-2.500000e-01	1.489218e+01
3.577000e-05	-2.500000e-01	1.485904e+01
3.578000e-05	-2.500000e-01	1.473629e+01
3.579000e-05	-2.500000e-01	1.470415e+01
3.580000e-05	-2.500000e-01	1.463744e+01
3.581000e-05	-2.500000e-01	1.453321e+01
3.582000e-05	-2.410787e-01	1.445947e+01
3.583000e-05	-2.124758e-01	1.436570e+01
3.584000e-05	-1.868527e-01	1.425907e+01
3.585000e-05	-1.668894e-01	1.415573e+01
3.586000e-05	-1.528686e-01	1.397697e+01
3.587000e-05	-1.353303e-01	1.387052e+01
3.588000e-05	-1.217374e-01	1.375621e+01
3.589000e-05	-1.111295e-01	1.355897e+01
3.590000e-05	-1.049375e-01	1.349107e+01
3.591000e-05	-9.654493e-02	1.337473e+01
3.592000e-05	-8.784581e-02	1.321841e+01
3.593000e-05	-7.999622e-02	1.307107e+01
3.594000e-05	-7.808263e-02	1.292205e+01
3.595000e-05	-7.394339e-02	1.272576e+01
3.596000e-05	-6.881554e-02	1.258731e+01
3.597000e-05	-6.199867e-02	1.246997e+01
3.598000e-05	-6.041285e-02	1.233157e+01
3.599000e-05	-5.922556e-02	1.213105e+01
3.600000e-05	-5.566129e-02	1.194368e+01
3.601000e-05	-5.153774e-02	1.172418e+01
3.602000e-05	-4.837790e-02	1.154474e+01
3.603000e-05	-5.030230e-02	1.132463e+01
3.604000e-05	-4.859762e-02	1.114361e+01
3.605000e-05	-4.417617e-02	1.094410e+01
3.606000e-05	-4.007946e-02	1.077318e+01
3.607000e-05	-4.094300e-02	1.058515e+01
3.608000e-05	-4.049101e-02	1.036108e+01
3.609000e-05	-3.921929e-02	1.013253e+01
3.610000e-05	-3.539362e-02	9.900999e+00
3.611000e-05	-3.533614e-02	9.651467e+00
3.612000e-05	-3.562216e-02	9.436767e+00
3.613000e-05	-3.458996e-02	9.227342e+00
3.614000e-05	-3.082673e-02	8.994739e+00
3.615000e-05	-3.001927e-02	8.823110e+00
3.616000e-05	-3.062921e-02	8.561077e+00
3.617000e-05	-3.090101e-02	8.349475e+00
3.618000e-05	-2.843666e-02	8.090373e+00
3.619000e-05	-2.631633e-02	7.806835e+00
3.620000e-05	-2.511393e-02	7.633658e+00
3.621000e-05	-2.717738e-02	7.278896e+00
3.622000e-05	-2.670309e-02	7.075715e+00
3.623000e-05	-2.326415e-02	6.813111e+00
3.624000e-05	-2.301729e-02	6.529472e+00
3.625000e-05	-2.392326e-02	6.287395e+00
3.626000e-05	-2.377668e-02	6.014638e+00
3.627000e-05	-2.148384e-02	5.811529e+00
3.628000e-05	-2.040995e-02	5.488793e+00
3.629000e-05	-2.061288e-02	5.173136e+00
3.630000e-05	-2.115894e-02	4.878293e+00
3.631000e-05	-1.968840e-02	4.622559e+00
3.632000e-05	-1.850459e-02	4.360427e+00
3.633000e-05	-1.884022e-02	4.066690e+00
3.634000e-05	-1.915480e-02	3.792508e+00
3.635000e-05	-1.814330e-02	3.527904e+00
3.636000e-05	-1.634115e-02	3.274684e+00
3.637000e-05	-1.528247e-02	2.952352e+00
3.638000e-05	-1.619584e-02	2.697395e+00
3.639000e-05	-1.542884e-02	2.411407e+00
3.640000e-05	-1.503916e-02	2.138823e+00
3.641000e-05	-1.419198e-02	1.875068e+00
3.642000e-05	-1.344499e-02	1.542976e+00
3.643000e-05	-1.361244e-02	1.315667e+00
3.644000e-05	-1.202554e-02	9.779248e-01
3.645000e-05	-1.107101e-02	6.840879e-01
3.646000e-05	-1.043114e-02	3.904288e-01
3.647000e-05	-9.490759e-03	6.716539e-02
3.648000e-05	-5.140936e-03	-1.684424e-01
3.649000e-05	5.282802e-03	-4.410726e-01
3.650000e-05	-3.091572e-03	-6.927585e-01
3.651000e-05	2.493978e-03	-9.479924e-01
3.652000e-05	-1.638216e-03	-1.232079e+00
3.653000e-05	1.904036e-03	-1.537443e+00
3.654000e-05	2.449654e-03	-1.767544e+00
3.655000e-05	3.419001e-02	-2.001049e+00
3.656000e-05	1.128210e-01	-2.245877e+00
3.657000e-05	2.500616e-02	-2.623278e+00
3.658000e-05	-3.772102e-02	-3.034306e+00
3.659000e-05	-1.721999e-02	-3.328542e+00
3.660000e-05	-4.260893e-02	-3.528466e+00
3.661000e-05	-7.900604e-02	-3.730723e+00
3.662000e-05	2.924773e-02	-3.990073e+00
3.663000e-05	9.114462e-02	-4.150070e+00
3.664000e-05	-1.168961e-01	-4.518885e+00
3.665000e-05	1.842706e-01	-4.759467e+00
3.666000e-05	-8.428131e-02	-5.032778e+00
3.667000e-05	2.184277e-02	-5.351204e+00
3.668000e-05	3.177344e-02	-5.632680e+00
3.669000e-05	-1.074118e-01	-5.897547e+00
3.670000e-05	1.603616e-01	-6.119094e+00
3.671000e-05	-7.397905e-02	-6.404825e+00
3.672000e-05	8.534209e-02	-6.677944e+00
3.673000e-05	-5.052016e-03	-6.931690e+00
3.674000e-05	-2.872520e-02	-7.257959e+00
3.675000e-05	7.410643e-02	-7.478459e+00
3.676000e-05	-7.368762e-02	-7.764675e+00
3.677000e-05	1.186167e-01	-8.025909e+00
3.678000e-05	-4.601944e-02	-8.245983e+00
3.679000e-05	6.473275e-02	-8.491625e+00
3.680000e-05	2.410760e-02	-8.732225e+00
3.681000e-05	-3.996446e-02	-8.985257e+00
3.682000e-05	6.463306e-02	-9.244283e+00
3.683000e-05	-3.866534e-02	-9.437935e+00
3.684000e-05	1.039936e-01	-9.677964e+00
3.685000e-05	-2.947208e-02	-9.897537e+00
3.686000e-05	6.964159e-02	-1.011072e+01
3.687000e-05	-1.134508e-02	-1.032370e+01
3.688000e-05	3.875711e-02	-1.053170e+01
3.689000e-05	2.672348e-02	-1.072960e+01
3.690000e-05	7.261711e-03	-1.093027e+01
3.691000e-05	5.380452e-02	-1.117272e+01
3.692000e-05	1.955727e-03	-1.133428e+01
3.693000e-05	6.793293e-02	-1.156478e+01
3.694000e-05	-5.019555e-03	-1.170430e+01
3.695000e-05	5.556350e-02	-1.195335e+01
3.696000e-05	9.239416e-03	-1.213226e+01
3.697000e-05	6.149890e-02	-1.234268e+01
3.698000e-05	2.377725e-02	-1.246009e+01
3.699000e-05	3.869610e-02	-1.265049e+01
3.700000e-05	3.092532e-02	-1.280689e+01
3.701000e-05	3.925755e-02	-1.296373e+01
3.702000e-05	4.763604e-02	-1.311222e+01
3.703000e-05	3.485406e-02	-1.326956e+01
3.704000e-05	5.237760e-02	-1.340688e+01
3.705000e-05	3.696751e-02	-1.353425e+01
3.706000e-05	5.978554e-02	-1.371009e+01
3.707000e-05	3.599538e-02	-1.379654e+01
3.708000e-05	5.227480e-02	-1.392330e+01
3.709000e-05	4.116786e-02	-1.403952e+01
3.710000e-05	6.369200e-02	-1.414536e+01
3.711000e-05	5.218974e-02	-1.430217e+01
3.712000e-05	5.948005e-02	-1.439849e+01
3.713000e-05	5.294266e-02	-1.450312e+01
3.714000e-05	6.581477e-02	-1.458589e+01
3.715000e-05	6.547499e-02	-1.468167e+01
3.716000e-05	6.597995e-02	-1.474536e+01
3.717000e-05	6.609392e-02	-1.483699e+01
3.718000e-05	7.008852e-02	-1.487022e+01
3.719000e-05	7.673013e-02	-1.496435e+01
3.720000e-05	7.278780e-02	-1.500799e+01
3.721000e-05	7.642407e-02	-1.509160e+01
3.722000e-05	7.816037e-02	-1.511318e+01
3.723000e-05	9.153548e-02	-1.513734e+01
3.724000e-05	8.967881e-02	-1.519643e+01
3.725000e-05	9.266402e-02	-1.520847e+01
3.726000e-05	9.047888e-02	-1.526859e+01
3.727000e-05	9.914479e-02	-1.530064e+01
3.728000e-05	1.033902e-01	-1.532368e+01
3.729000e-05	1.067845e-01	-1.534420e+01
3.730000e-05	1.098401e-01	-1.535220e+01
3.731000e-05	1.168450e-01	-1.533480e+01
3.732000e-05	1.263234e-01	-1.533267e+01
3.733000e-05	1.285972e-01	-1.530220e+01
3.734000e-05	1.335907e-01	-1.530110e+01
3.735000e-05	1.416180e-01	-1.525952e+01
3.736000e-05	1.570595e-01	-1.524707e+01
3.737000e-05	1.708492e-01	-1.520739e+01
3.738000e-05	1.864869e-01	-1.512478e+01
3.739000e-05	2.063756e-01	-1.508422e+01
3.740000e-05	2.343223e-01	-1.504057e+01
3.741000e-05	2.485988e-01	-1.501894e+01
3.742000e-05	2.500000e-01	-1.496526e+01
3.743000e-05	2.500000e-01	-1.490154e+01
3.744000e-05	2.500000e-01	-1.479791e+01
3.745000e-05	2.500000e-01	-1.472528e+01
3.746000e-05	2.500000e-01	-1.466999e+01
3.747000e-05	2.468839e-01	-1.458376e+01
3.748000e-05	2.246619e-01	-1.450105e+01
3.749000e-05	1.982459e-01	-1.435681e+01
3.750000e-05	1.757930e-01	-1.426120e+01
3.751000e-05	1.544209e-01	-1.417431e+01
3.752000e-05	1.358255e-01	-1.401847e+01
3.753000e-05	1.220520e-01	-1.391218e+01
3.754000e-05	1.113158e-01	-1.379486e+01
3.755000e-05	1.002539e-01	-1.365904e+01
3.756000e-05	8.931944e-02	-1.350278e+01
3.757000e-05	8.222887e-02	-1.336531e+01
3.758000e-05	7.697033e-02	-1.323952e+01
3.759000e-05	7.146291e-02	-1.307150e+01
3.760000e-05	6.454131e-02	-1.293370e+01
3.761000e-05	5.928032e-02	-1.281639e+01
3.762000e-05	5.573797e-02	-1.263937e+01
3.763000e-05	5.286190e-02	-1.250055e+01
3.764000e-05	4.860989e-02	-1.229153e+01
3.765000e-05	4.386111e-02	-1.211365e+01
3.766000e-05	4.194985e-02	-1.196414e+01
3.767000e-05	3.997521e-02	-1.173562e+01
3.768000e-05	3.664952e-02	-1.156218e+01
3.769000e-05	3.365285e-02	-1.131115e+01
3.770000e-05	3.124090e-02	-1.109105e+01
3.771000e-05	3.102142e-02	-1.091002e+01
3.772000e-05	2.937071e-02	-1.074103e+01
3.773000e-05	2.786580e-02	-1.055311e+01
3.774000e-05	2.462940e-02	-1.030203e+01
3.775000e-05	2.398881e-02	-1.010107e+01
3.776000e-05	2.249631e-02	-9.858917e+00
3.777000e-05	2.148173e-02	-9.687895e+00
3.778000e-05	1.902065e-02	-9.476868e+00
3.779000e-05	1.782680e-02	-9.234694e+00
3.780000e-05	1.827277e-02	-9.025158e+00
3.781000e-05	1.727989e-02	-8.783634e+00
3.782000e-05	1.424885e-02	-8.501025e+00
3.783000e-05	1.291843e-02	-8.279417e+00
3.784000e-05	1.256458e-02	-8.036268e+00
3.785000e-05	1.266423e-02	-7.804806e+00
3.786000e-05	1.145481e-02	-7.530475e+00
3.787000e-05	1.017412e-02	-7.237792e+00
3.788000e-05	8.927593e-03	-7.045763e+00
3.789000e-05	8.115958e-03	-6.721979e+00
3.790000e-05	6.324001e-03	-6.498926e+00
3.791000e-05	5.461449e-03	-6.287342e+00
3.792000e-05	4.853507e-03	-5.993105e+00
3.793000e-05	4.241860e-03	-5.730474e+00
3.794000e-05	5.287097e-03	-5.436792e+00
3.795000e-05	2.939986e-03	-5.141426e+00
3.796000e-05	1.584416e-03	-4.805167e+00
3.797000e-05	2.356139e-03	-4.569450e+00
3.798000e-05	2.193478e-03	-4.329870e+00
3.799000e-05	1.660647e-03	-4.054214e+00
3.800000e-05	-1.439167e-03	-3.781579e+00
3.801000e-05	-1.696836e-03	-3.526843e+00
3.802000e-05	-3.707533e-03	-3.274588e+00
3.803000e-05	-2.089283e-03	-2.939902e+00
3.804000e-05	-4.098581e-03	-2.704266e+00
3.805000e-05	-3.037343e-03	-2.412556e+00
3.806000e-05	-3.771928e-03	-2.106716e+00
3.807000e-05	-2.300173e-03	-1.863586e+00
3.808000e-05	-3.637431e-03	-1.590929e+00
3.809000e-05	-5.518737e-03	-1.251055e+00
3.810000e-05	-7.229071e-03	-9.382685e-01
3.811000e-05	-7.530265e-03	-6.641418e-01
3.812000e-05	-7.180582e-03	-3.578510e-01
3.813000e-05	-5.729119e-03	-1.157867e-01
3.814000e-05	2.845247e-03	1.485160e-01
3.815000e-05	4.629647e-03	4.531803e-01
3.816000e-05	1.737361e-03	6.643333e-01
3.817000e-05	3.701821e-03	9.765386e-01
3.818000e-05	-1.058243e-03	1.232630e+00
3.819000e-05	-5.929335e-04	1.537992e+00
3.820000e-05	4.089244e-04	1.823155e+00
3.821000e-05	2.277869e-02	2.022654e+00
3.822000e-05	8.302956e-02	2.315358e+00
3.823000e-05	5.497859e-02	2.603779e+00
3.824000e-05	-5.328635e-02	2.928544e+00
3.825000e-05	-2.779129e-02	3.221774e+00
3.826000e-05	-3.758504e-02	3.559496e+00
3.827000e-05	-4.481920e-02	3.750500e+00
3.828000e-05	-8.017039e-02	3.958647e+00
3.829000e-05	5.784750e-02	4.212729e+00
3.830000e-05	2.095353e-02	4.528518e+00
3.831000e-05	-5.756114e-02	4.738441e+00
3.832000e-05	1.421897e-01	5.045879e+00
3.833000e-05	-1.076255e-01	5.353224e+00
3.834000e-05	2.077091e-02	5.574428e+00
3.835000e-05	-2.045455e-02	5.938996e+00
3.836000e-05	-1.518645e-02	6.140074e+00
3.837000e-05	4.484829e-02	6.423229e+00
3.838000e-05	-6.001824e-02	6.750496e+00
3.839000e-05	2.706082e-02	6.929596e+00
3.840000e-05	-3.669191e-02	7.235332e+00
3.841000e-05	8.582380e-03	7.530519e+00
3.842000e-05	-3.669945e-02	7.761753e+00
3.843000e-05	-1.794093e-02	8.027464e+00
3.844000e-05	2.809927e-02	8.297943e+00
3.845000e-05	-3.386620e-02	8.509517e+00
3.846000e-05	1.054300e-02	8.690046e+00
3.847000e-05	-4.387880e-02	8.943174e+00
3.848000e-05	-2.593218e-02	9.203732e+00
3.849000e-05	-1.943555e-03	9.425807e+00
3.850000e-05	-1.486958e-02	9.616937e+00
3.851000e-05	-1.556762e-02	9.837992e+00
3.852000e-05	-3.318777e-02	1.005904e+01
3.853000e-05	-6.172674e-04	1.030064e+01
3.854000e-05	-2.778391e-02	1.048202e+01
3.855000e-05	-2.257334e-02	1.073217e+01
3.856000e-05	-3.560456e-02	1.090162e+01
3.857000e-05	-2.286855e-02	1.112160e+01
3.858000e-05	-1.372066e-02	1.133217e+01
3.859000e-05	-3.133109e-02	1.151525e+01
3.860000e-05	-3.356362e-02	1.173362e+01
3.861000e-05	-3.760862e-02	1.194308e+01
3.862000e-05	-2.031598e-02	1.209162e+01
3.863000e-05	-2.917693e-02	1.228107e+01
3.864000e-05	-3.634837e-02	1.246804e+01
3.865000e-05	-4.494852e-02	1.260746e+01
3.866000e-05	-3.498747e-02	1.278527e+01
3.867000e-05	-3.211709e-02	1.288065e+01
3.868000e-05	-4.274773e-02	1.304127e+01
3.869000e-05	-4.792751e-02	1.324846e+01
3.870000e-05	-4.272726e-02	1.334376e+01
3.871000e-05	-3.601411e-02	1.351273e+01
3.872000e-05	-4.566652e-02	1.363892e+01
3.873000e-05	-5.626358e-02	1.371485e+01
3.874000e-05	-5.752777e-02	1.387267e+01
3.875000e-05	-4.880683e-02	1.397856e+01
3.876000e-05	-5.016554e-02	1.412381e+01
3.877000e-05	-5.973427e-02	1.426165e+01
3.878000e-05	-6.654675e-02	1.434484e+01
3.879000e-05	-6.070460e-02	1.449199e+01
3.880000e-05	-5.926572e-02	1.456386e+01
3.881000e-05	-6.478355e-02	1.471049e+01
3.882000e-05	-7.596371e-02	1.471223e+01
3.883000e-05	-7.261060e-02	1.478633e+01
3.884000e-05	-6.988351e-02	1.485002e+01
3.885000e-05	-7.399054e-02	1.491120e+01
3.886000e-05	-8.693857e-02	1.499536e+01
3.887000e-05	-9.220007e-02	1.502799e+01
3.888000e-05	-8.640309e-02	1.501072e+01
3.889000e-05	-8.509702e-02	1.513325e+01
3.890000e-05	-9.312571e-02	1.515433e+01
3.891000e-05	-1.013453e-01	1.513734e+01
3.892000e-05	-1.013705e-01	1.518744e+01
3.893000e-05	-1.022858e-01	1.522797e+01
3.894000e-05	-1.091538e-01	1.522957e+01
3.895000e-05	-1.200367e-01	1.528165e+01
3.896000e-05	-1.229684e-01	1.523057e+01
3.897000e-05	-1.221246e-01	1.520912e+01
3.898000e-05	-1.269974e-01	1.523947e+01
3.899000e-05	-1.392621e-01	1.519054e+01
3.900000e-05	-1.499526e-01	1.518839e+01
3.901000e-05	-1.568791e-01	1.515894e+01
3.902000e-05	-1.655486e-01	1.513481e+01
3.903000e-05	-1.825425e-01	1.508373e+01
3.904000e-05	-2.044304e-01	1.507060e+01
3.905000e-05	-2.274028e-01	1.501147e+01
3.906000e-05	-2.451152e-01	1.498543e+01
3.907000e-05	-2.498000e-01	1.496426e+01
3.908000e-05	-2.500000e-01	1.488055e+01
3.909000e-05	-2.500000e-01	1.479737e+01
3.910000e-05	-2.500000e-01	1.473321e+01
3.911000e-05	-2.500000e-01	1.465000e+01
3.912000e-05	-2.500000e-01	1.459629e+01
3.913000e-05	-2.472185e-01	1.447252e+01
3.914000e-05	-2.231761e-01	1.438649e+01
3.915000e-05	-1.957138e-01	1.429205e+01
3.916000e-05	-1.729965e-01	1.415741e+01
3.917000e-05	-1.593016e-01	1.404889e+01
3.918000e-05	-1.414273e-01	1.391430e+01
3.919000e-05	-1.267759e-01	1.383784e+01
3.920000e-05	-1.135311e-01	1.364157e+01
3.921000e-05	-1.087296e-01	1.352466e+01
3.922000e-05	-1.003016e-01	1.339734e+01
3.923000e-05	-9.182931e-02	1.324994e+01
3.924000e-05	-8.206283e-02	1.313365e+01
3.925000e-05	-7.933003e-02	1.299476e+01
3.926000e-05	-7.518540e-02	1.282994e+01
3.927000e-05	-7.125138e-02	1.268949e+01
3.928000e-05	-6.442614e-02	1.253153e+01
3.929000e-05	-6.103060e-02	1.233361e+01
3.930000e-05	-6.041360e-02	1.218479e+01
3.931000e-05	-5.721212e-02	1.199686e+01
3.932000e-05	-5.288402e-02	1.183786e+01
3.933000e-05	-4.892666e-02	1.166882e+01
3.934000e-05	-5.008848e-02	1.137729e+01
3.935000e-05	-4.808359e-02	1.121684e+01
3.936000e-05	-4.569368e-02	1.103534e+01
3.937000e-05	-4.097026e-02	1.084629e+01
3.938000e-05	-4.112070e-02	1.065736e+01
3.939000e-05	-3.967132e-02	1.042736e+01
3.940000e-05	-3.966525e-02	1.022668e+01
3.941000e-05	-3.588756e-02	9.965236e+00
3.942000e-05	-3.526512e-02	9.764130e+00
3.943000e-05	-3.589729e-02	9.533059e+00
3.944000e-05	-3.558440e-02	9.320921e+00
3.945000e-05	-3.300043e-02	9.088025e+00
3.946000e-05	-2.973643e-02	8.859895e+00
3.947000e-05	-3.010978e-02	8.626240e+00
3.948000e-05	-3.066955e-02	8.403661e+00
3.949000e-05	-2.912784e-02	8.184132e+00
3.950000e-05	-2.662788e-02	7.919351e+00
3.951000e-05	-2.648506e-02	7.688846e+00
3.952000e-05	-2.690262e-02	7.365684e+00
3.953000e-05	-2.682734e-02	7.151981e+00
3.954000e-05	-2.412062e-02	6.897393e+00
3.955000e-05	-2.388810e-02	6.625737e+00
3.956000e-05	-2.435584e-02	6.334003e+00
3.957000e-05	-2.421074e-02	6.159947e+00
3.958000e-05	-2.172736e-02	5.856768e+00
3.959000e-05	-2.058292e-02	5.583557e+00
3.960000e-05	-2.083111e-02	5.320525e+00
3.961000e-05	-2.056159e-02	4.984184e+00
3.962000e-05	-2.036179e-02	4.707246e+00
3.963000e-05	-1.823606e-02	4.445710e+00
3.964000e-05	-1.871948e-02	4.170530e+00
3.965000e-05	-1.961700e-02	3.876769e+00
3.966000e-05	-1.864508e-02	3.652507e+00
3.967000e-05	-1.640148e-02	3.360905e+00
3.968000e-05	-1.520768e-02	3.065140e+00
3.969000e-05	-1.660862e-02	2.803108e+00
3.970000e-05	-1.617137e-02	2.539216e+00
3.971000e-05	-1.459823e-02	2.221581e+00
3.972000e-05	-1.368845e-02	2.009449e+00
3.973000e-05	-1.307423e-02	1.674688e+00
3.974000e-05	-1.410819e-02	1.400452e+00
3.975000e-05	-1.214529e-02	1.085242e+00
3.976000e-05	-1.203089e-02	7.873761e-01
3.977000e-05	-1.052742e-02	4.742143e-01
3.978000e-05	-1.100929e-02	1.910011e-01
3.979000e-05	-6.820997e-03	-5.323289e-02
3.980000e-05	2.464085e-03	-3.369674e-01
3.981000e-05	1.754394e-03	-6.096211e-01
3.982000e-05	-9.768341e-04	-8.538078e-01
3.983000e-05	3.999943e-04	-1.136463e+00
3.984000e-05	-6.390234e-05	-1.443806e+00
3.985000e-05	1.528061e-03	-1.684312e+00
3.986000e-05	1.734510e-02	-1.905908e+00
3.987000e-05	8.409519e-02	-2.139043e+00
3.988000e-05	8.752034e-02	-2.476408e+00
3.989000e-05	-4.886858e-02	-2.897436e+00
3.990000e-05	-6.457337e-03	-3.234257e+00
3.991000e-05	-4.616201e-02	-3.466407e+00
3.992000e-05	-5.262612e-02	-3.664836e+00
3.993000e-05	-5.716155e-02	-3.958997e+00
3.994000e-05	1.478683e-01	-4.075385e+00
3.995000e-05	-1.089412e-01	-4.380494e+00
3.996000e-05	8.533257e-02	-4.653837e+00
3.997000e-05	5.413635e-02	-4.866404e+00
3.998000e-05	-9.805143e-02	-5.276562e+00
3.999000e-05	1.255188e-01	-5.509016e+00
4.000000e-05	-1.521562e-01	-5.841777e+00
4.001000e-05	1.110399e-01	-6.085909e+00
4.002000e-05	1.532994e-02	-6.309040e+00
4.003000e-05	-9.500297e-03	-6.605258e+00
4.004000e-05	8.895487e-02	-6.845806e+00
4.005000e-05	-9.004420e-02	-7.140698e+00
4.006000e-05	9.667221e-02	-7.393703e+00
4.007000e-05	-6.184302e-02	-7.647458e+00
4.008000e-05	6.087857e-02	-7.962253e+00
4.009000e-05	3.239668e-02	-8.161699e+00
4.010000e-05	-2.336941e-02	-8.424936e+00
4.011000e-05	1.012366e-01	-8.658419e+00
4.012000e-05	-7.802685e-02	-8.870125e+00
4.013000e-05	7.433162e-02	-9.141099e+00
4.014000e-05	-3.116421e-02	-9.291720e+00
4.015000e-05	7.288775e-02	-9.594306e+00
4.016000e-05	2.206177e-02	-9.773829e+00
4.017000e-05	1.591176e-02	-1.002696e+01
4.018000e-05	4.167355e-02	-1.021738e+01
4.019000e-05	-1.843541e-02	-1.048904e+01
4.020000e-05	6.908958e-02	-1.066846e+01
4.021000e-05	-2.218316e-02	-1.086754e+01
4.022000e-05	7.114197e-02	-1.102949e+01
4.023000e-05	-2.646099e-03	-1.128012e+01
4.024000e-05	6.577501e-02	-1.147064e+01
4.025000e-05	9.473167e-03	-1.164014e+01
4.026000e-05	3.541573e-02	-1.189115e+01
4.027000e-05	2.501313e-02	-1.205949e+01
4.028000e-05	3.691738e-02	-1.222002e+01
4.029000e-05	4.775645e-02	-1.241739e+01
4.030000e-05	2.013698e-02	-1.257743e+01
4.031000e-05	4.707584e-02	-1.274423e+01
4.032000e-05	2.421083e-02	-1.292217e+01
4.033000e-05	6.015635e-02	-1.307946e+01
4.034000e-05	2.835691e-02	-1.319696e+01
4.035000e-05	5.553994e-02	-1.330423e+01
4.036000e-05	3.399263e-02	-1.346117e+01
4.037000e-05	5.732098e-02	-1.364841e+01
4.038000e-05	3.969750e-02	-1.375433e+01
4.039000e-05	4.637486e-02	-1.390169e+01
4.040000e-05	4.485146e-02	-1.399801e+01
4.041000e-05	5.740795e-02	-1.411418e+01
4.042000e-05	6.093071e-02	-1.423012e+01
4.043000e-05	5.560730e-02	-1.437633e+01
4.044000e-05	5.787624e-02	-1.446002e+01
4.045000e-05	5.664390e-02	-1.457330e+01
4.046000e-05	6.988513e-02	-1.466006e+01
4.047000e-05	6.178800e-02	-1.474333e+01
4.048000e-05	6.866192e-02	-1.482697e+01
4.049000e-05	6.497869e-02	-1.489062e+01
4.050000e-05	7.864398e-02	-1.494678e+01
4.051000e-05	7.266119e-02	-1.498754e+01
4.052000e-05	7.670442e-02	-1.503057e+01
4.053000e-05	7.501231e-02	-1.507417e+01
4.054000e-05	8.851433e-02	-1.511633e+01
4.055000e-05	9.069615e-02	-1.518733e+01
4.056000e-05	9.075729e-02	-1.522942e+01
4.057000e-05	9.097151e-02	-1.521854e+01
4.058000e-05	9.442564e-02	-1.528017e+01
4.059000e-05	1.029612e-01	-1.529210e+01
4.060000e-05	1.047509e-01	-1.533423e+01
4.061000e-05	1.094715e-01	-1.533170e+01
4.062000e-05	1.132363e-01	-1.534230e+01
4.063000e-05	1.244268e-01	-1.534170e+01
4.064000e-05	1.278039e-01	-1.532110e+01
4.065000e-05	1.312331e-01	-1.530212e+01
4.066000e-05	1.367491e-01	-1.530162e+01
4.067000e-05	1.511575e-01	-1.521957e+01
4.068000e-05	1.656907e-01	-1.524847e+01
4.069000e-05	1.810942e-01	-1.515636e+01
4.070000e-05	1.987306e-01	-1.510368e+01
4.071000e-05	2.243904e-01	-1.507262e+01
4.072000e-05	2.459488e-01	-1.503894e+01
4.073000e-05	2.498000e-01	-1.499581e+01
4.074000e-05	2.500000e-01	-1.488367e+01
4.075000e-05	2.500000e-01	-1.483954e+01
4.076000e-05	2.500000e-01	-1.474583e+01
4.077000e-05	2.500000e-01	-1.466207e+01
4.078000e-05	2.499980e-01	-1.459694e+01
4.079000e-05	2.352532e-01	-1.451165e+01
4.080000e-05	2.076200e-01	-1.442791e+01
4.081000e-05	1.842292e-01	-1.430328e+01
4.082000e-05	1.621287e-01	-1.418896e+01
4.083000e-05	1.422756e-01	-1.409117e+01
4.084000e-05	1.263808e-01	-1.393474e+01
4.085000e-05	1.146161e-01	-1.381904e+01
4.086000e-05	1.041816e-01	-1.371163e+01
4.087000e-05	9.218461e-02	-1.355728e+01
4.088000e-05	8.448681e-02	-1.341137e+01
4.089000e-05	7.875766e-02	-1.334058e+01
4.090000e-05	7.581558e-02	-1.314171e+01
4.091000e-05	6.717952e-02	-1.299631e+01
4.092000e-05	6.118657e-02	-1.287997e+01
4.093000e-05	5.582524e-02	-1.271160e+01
4.094000e-05	5.362861e-02	-1.250371e+01
4.095000e-05	5.016741e-02	-1.237528e+01
4.096000e-05	4.620874e-02	-1.221688e+01
4.097000e-05	4.327918e-02	-1.203796e+01
4.098000e-05	4.069757e-02	-1.179737e+01
4.099000e-05	3.853734e-02	-1.159792e+01
4.100000e-05	3.561932e-02	-1.142676e+01
4.101000e-05	3.137054e-02	-1.117529e+01
4.102000e-05	3.132823e-02	-1.095571e+01
4.103000e-05	2.992752e-02	-1.079524e+01
4.104000e-05	2.960885e-02	-1.060476e+01
4.105000e-05	2.580272e-02	-1.040629e+01
4.106000e-05	2.402770e-02	-1.018373e+01
4.107000e-05	2.236655e-02	-9.953581e+00
4.108000e-05	2.193814e-02	-9.763151e+00
4.109000e-05	1.937132e-02	-9.541128e+00
4.110000e-05	1.911002e-02	-9.309519e+00
4.111000e-05	1.771170e-02	-9.069350e+00
4.112000e-05	1.780612e-02	-8.868366e+00
4.113000e-05	1.624608e-02	-8.627262e+00
4.114000e-05	1.311872e-02	-8.394034e+00
4.115000e-05	1.239064e-02	-8.161576e+00
4.116000e-05	1.187165e-02	-7.929978e+00
4.117000e-05	1.259164e-02	-7.626739e+00
4.118000e-05	1.048073e-02	-7.403056e+00
4.119000e-05	9.511177e-03	-7.110905e+00
4.120000e-05	7.014001e-03	-6.835793e+00
4.121000e-05	8.252429e-03	-6.603583e+00
4.122000e-05	5.201830e-03	-6.361030e+00
4.123000e-05	6.365040e-03	-6.097794e+00
4.124000e-05	3.630388e-03	-5.814159e+00
4.125000e-05	5.244269e-03	-5.590506e+00
4.126000e-05	2.784451e-03	-5.285742e+00
4.127000e-05	2.591515e-03	-4.971454e+00
4.128000e-05	2.905058e-04	-4.644612e+00
4.129000e-05	2.656507e-03	-4.391005e+00
4.130000e-05	1.632604e-03	-4.172479e+00
4.131000e-05	6.349743e-04	-3.876247e+00
4.132000e-05	-2.325690e-03	-3.573005e+00
4.133000e-05	-2.923474e-03	-3.358400e+00
4.134000e-05	-2.195309e-03	-3.065743e+00
4.135000e-05	-1.605816e-03	-2.760380e+00
4.136000e-05	-3.883412e-03	-2.527768e+00
4.137000e-05	-3.925318e-03	-2.232110e+00
4.138000e-05	-3.330639e-03	-1.948395e+00
4.139000e-05	-4.192839e-03	-1.685684e+00
4.140000e-05	-5.594471e-03	-1.378847e+00
4.141000e-05	-8.657616e-03	-1.053110e+00
4.142000e-05	-6.840830e-03	-7.795023e-01
4.143000e-05	-6.190343e-03	-4.846091e-01
4.144000e-05	-4.698950e-03	-2.304286e-01
4.145000e-05	-2.114080e-03	5.363026e-02
4.146000e-05	7.343299e-03	3.474686e-01
4.147000e-05	-1.174058e-03	5.805724e-01
4.148000e-05	5.071606e-03	8.730790e-01
4.149000e-05	-2.596935e-03	1.118894e+00
4.150000e-05	1.822363e-04	1.451178e+00
4.151000e-05	-3.354763e-03	1.749396e+00
4.152000e-05	1.452856e-02	1.948471e+00
4.153000e-05	5.576081e-02	2.201104e+00
4.154000e-05	9.504291e-02	2.526886e+00
4.155000e-05	-3.440362e-02	2.875259e+00
4.156000e-05	-3.341309e-02	3.128466e+00
4.157000e-05	-3.883387e-02	3.423754e+00
4.158000e-05	-3.219631e-02	3.676838e+00
4.159000e-05	-8.320235e-02	3.856363e+00
4.160000e-05	-4.400848e-03	4.117888e+00
4.161000e-05	8.488232e-02	4.382678e+00
4.162000e-05	-9.381684e-02	4.666835e+00
4.163000e-05	1.182794e-01	4.897064e+00
4.164000e-05	-2.146690e-02	5.257412e+00
4.165000e-05	-5.635869e-02	5.529046e+00
4.166000e-05	3.465902e-02	5.825805e+00
4.167000e-05	-5.886874e-02	6.064912e+00
4.168000e-05	5.755426e-02	6.298491e+00
4.169000e-05	-4.125487e-02	6.645801e+00
4.170000e-05	-4.982571e-03	6.866890e+00
4.171000e-05	-7.572038e-04	7.139071e+00
4.172000e-05	-2.427721e-02	7.356279e+00
4.173000e-05	2.734386e-03	7.636466e+00
4.174000e-05	-5.351792e-02	7.954175e+00
4.175000e-05	3.627659e-02	8.184259e+00
4.176000e-05	-2.186593e-02	8.404410e+00
4.177000e-05	-1.077559e-02	8.614833e+00
4.178000e-05	-1.227059e-02	8.857586e+00
4.179000e-05	-5.497703e-02	9.111069e+00
4.180000e-05	1.195079e-02	9.351171e+00
4.181000e-05	-2.359363e-02	9.522749e+00
4.182000e-05	1.867734e-03	9.754858e+00
4.183000e-05	-4.217469e-02	1.002736e+01
4.184000e-05	-2.107615e-03	1.019533e+01
4.185000e-05	-2.234636e-02	1.040604e+01
4.186000e-05	-2.992483e-02	1.064694e+01
4.187000e-05	-2.958371e-02	1.083744e+01
4.188000e-05	-3.570004e-02	1.103506e+01
4.189000e-05	-4.570798e-03	1.122804e+01
4.190000e-05	-3.156448e-02	1.140997e+01
4.191000e-05	-2.519486e-02	1.164957e+01
4.192000e-05	-4.611837e-02	1.185744e+01
4.193000e-05	-2.046497e-02	1.204651e+01
4.194000e-05	-2.928522e-02	1.219748e+01
4.195000e-05	-3.250114e-02	1.235636e+01
4.196000e-05	-4.407164e-02	1.257170e+01
4.197000e-05	-3.997262e-02	1.271214e+01
4.198000e-05	-2.831726e-02	1.284951e+01
4.199000e-05	-4.171967e-02	1.297741e+01
4.200000e-05	-4.374737e-02	1.314526e+01
4.201000e-05	-4.866469e-02	1.331160e+01
4.202000e-05	-3.273204e-02	1.346944e+01
4.203000e-05	-4.437265e-02	1.355588e+01
4.204000e-05	-5.110005e-02	1.368172e+01
4.205000e-05	-6.160590e-02	1.378902e+01
4.206000e-05	-5.150870e-02	1.393788e+01
4.207000e-05	-4.960448e-02	1.412227e+01
4.208000e-05	-5.589096e-02	1.419845e+01
4.209000e-05	-6.359490e-02	1.433473e+01
4.210000e-05	-6.248035e-02	1.442894e+01
4.211000e-05	-5.642680e-02	1.449327e+01
4.212000e-05	-6.289060e-02	1.459746e+01
4.213000e-05	-7.068242e-02	1.465975e+01
4.214000e-05	-7.581214e-02	1.474531e+01
4.215000e-05	-7.007334e-02	1.479896e+01
4.216000e-05	-7.298963e-02	1.488110e+01
4.217000e-05	-8.244888e-02	1.496385e+01
4.218000e-05	-9.046439e-02	1.498796e+01
4.219000e-05	-8.793202e-02	1.502052e+01
4.220000e-05	-8.355828e-02	1.507215e+01
4.221000e-05	-9.079575e-02	1.512473e+01
4.222000e-05	-9.956386e-02	1.513739e+01
4.223000e-05	-1.022085e-01	1.519841e+01
4.224000e-05	-1.017114e-01	1.520804e+01
4.225000e-05	-1.057366e-01	1.525892e+01
4.226000e-05	-1.170679e-01	1.522052e+01
4.227000e-05	-1.218399e-01	1.521004e+01
4.228000e-05	-1.218307e-01	1.523109e+01
4.229000e-05	-1.229357e-01	1.523899e+01
4.230000e-05	-1.356028e-01	1.523002e+01
4.231000e-05	-1.476619e-01	1.514999e+01
4.232000e-05	-1.539779e-01	1.517744e+01
4.233000e-05	-1.598263e-01	1.516579e+01
4.234000e-05	-1.750554e-01	1.511480e+01
4.235000e-05	-1.988044e-01	1.505217e+01
4.236000e-05	-2.197795e-01	1.504852e+01
4.237000e-05	-2.406947e-01	1.499784e+01
4.238000e-05	-2.492991e-01	1.496623e+01
4.239000e-05	-2.500000e-01	1.489155e+01
4.240000e-05	-2.500000e-01	1.483894e+01
4.241000e-05	-2.500000e-01	1.477521e+01
4.242000e-05	-2.500000e-01	1.467062e+01
4.243000e-05	-2.500000e-01	1.457884e+01
4.244000e-05	-2.499992e-01	1.450367e+01
4.245000e-05	-2.351596e-01	1.442034e+01
4.246000e-05	-2.034256e-01	1.429518e+01
4.247000e-05	-1.795283e-01	1.418839e+01
4.248000e-05	-1.637326e-01	1.410362e+01
4.249000e-05	-1.482905e-01	1.393634e+01
4.250000e-05	-1.308074e-01	1.380849e+01
4.251000e-05	-1.174539e-01	1.372470e+01
4.252000e-05	-1.098706e-01	1.355684e+01
4.253000e-05	-1.051916e-01	1.346102e+01
4.254000e-05	-9.466946e-02	1.332373e+01
4.255000e-05	-8.481757e-02	1.317531e+01
4.256000e-05	-7.941270e-02	1.302789e+01
4.257000e-05	-7.829783e-02	1.287055e+01
4.258000e-05	-7.300997e-02	1.272365e+01
4.259000e-05	-6.496693e-02	1.254516e+01
4.260000e-05	-6.065675e-02	1.244784e+01
4.261000e-05	-6.007976e-02	1.225839e+01
4.262000e-05	-6.011530e-02	1.204944e+01
4.263000e-05	-5.408950e-02	1.192307e+01
4.264000e-05	-4.981917e-02	1.168202e+01
4.265000e-05	-4.950633e-02	1.149253e+01
4.266000e-05	-5.105235e-02	1.128942e+01
4.267000e-05	-4.672301e-02	1.108945e+01
4.268000e-05	-4.047033e-02	1.090999e+01
4.269000e-05	-3.922386e-02	1.073050e+01
4.270000e-05	-4.037833e-02	1.047000e+01
4.271000e-05	-4.154553e-02	1.029990e+01
4.272000e-05	-3.803117e-02	1.004792e+01
4.273000e-05	-3.637252e-02	9.827792e+00
4.274000e-05	-3.593769e-02	9.626738e+00
4.275000e-05	-3.647739e-02	9.375208e+00
4.276000e-05	-3.201048e-02	9.173106e+00
4.277000e-05	-2.932418e-02	8.933025e+00
4.278000e-05	-2.881101e-02	8.698876e+00
4.279000e-05	-3.082846e-02	8.478869e+00
4.280000e-05	-3.061726e-02	8.257842e+00
4.281000e-05	-2.845547e-02	8.013687e+00
4.282000e-05	-2.717200e-02	7.761031e+00
4.283000e-05	-2.667154e-02	7.498950e+00
4.284000e-05	-2.736128e-02	7.197164e+00
4.285000e-05	-2.424748e-02	7.012030e+00
4.286000e-05	-2.293380e-02	6.691006e+00
4.287000e-05	-2.285735e-02	6.457267e+00
4.288000e-05	-2.452917e-02	6.232057e+00
4.289000e-05	-2.359277e-02	5.971956e+00
4.290000e-05	-2.076247e-02	5.695894e+00
4.291000e-05	-1.992074e-02	5.424159e+00
4.292000e-05	-2.046978e-02	5.119400e+00
4.293000e-05	-2.078310e-02	4.773528e+00
4.294000e-05	-1.948881e-02	4.550426e+00
4.295000e-05	-1.800996e-02	4.265813e+00
4.296000e-05	-1.826045e-02	3.982454e+00
4.297000e-05	-1.925361e-02	3.698272e+00
4.298000e-05	-1.774229e-02	3.476213e+00
4.299000e-05	-1.528812e-02	3.160451e+00
4.300000e-05	-1.467020e-02	2.926817e+00
4.301000e-05	-1.628985e-02	2.633610e+00
4.302000e-05	-1.706209e-02	2.318796e+00
4.303000e-05	-1.482578e-02	2.044662e+00
4.304000e-05	-1.262551e-02	1.841004e+00
4.305000e-05	-1.294379e-02	1.494668e+00
4.306000e-05	-1.335588e-02	1.180958e+00
4.307000e-05	-1.252373e-02	8.950342e-01
4.308000e-05	-9.952642e-03	6.384785e-01
4.309000e-05	-1.036116e-02	2.962909e-01
4.310000e-05	-9.398081e-03	2.006065e-03
4.311000e-05	-3.033108e-03	-2.422501e-01
4.312000e-05	4.858461e-03	-4.842806e-01
4.313000e-05	-2.402103e-03	-7.510477e-01
4.314000e-05	2.402599e-03	-1.042227e+00
4.315000e-05	-2.699256e-03	-1.287910e+00
4.316000e-05	1.793780e-03	-1.631104e+00
4.317000e-05	8.200084e-03	-1.833157e+00
4.318000e-05	5.257565e-02	-2.022680e+00
4.319000e-05	1.171579e-01	-2.330096e+00
4.320000e-05	-2.039095e-02	-2.758044e+00
4.321000e-05	-1.902163e-02	-3.150569e+00
4.322000e-05	-3.168009e-02	-3.400704e+00
4.323000e-05	-4.070798e-02	-3.600599e+00
4.324000e-05	-8.988685e-02	-3.835328e+00
4.325000e-05	1.026285e-01	-4.012682e+00
4.326000e-05	3.367714e-03	-4.225831e+00
4.327000e-05	-4.902890e-02	-4.580694e+00
4.328000e-05	1.573538e-01	-4.802151e+00
4.329000e-05	-1.397004e-01	-5.138616e+00
4.330000e-05	1.096484e-01	-5.425889e+00
4.331000e-05	-6.940436e-02	-5.687383e+00
4.332000e-05	-2.240437e-02	-6.000775e+00
4.333000e-05	1.168322e-01	-6.144751e+00
4.334000e-05	-8.028892e-02	-6.527071e+00
4.335000e-05	1.210412e-01	-6.751155e+00
4.336000e-05	-6.993111e-02	-7.044903e+00
4.337000e-05	3.939515e-02	-7.320121e+00
4.338000e-05	1.601841e-02	-7.520644e+00
4.339000e-05	-2.890270e-02	-7.850041e+00
4.340000e-05	1.071064e-01	-8.106992e+00
4.341000e-05	-6.679009e-02	-8.340095e+00
4.342000e-05	1.086630e-01	-8.553829e+00
4.343000e-05	-3.930976e-02	-8.815308e+00
4.344000e-05	1.711132e-02	-9.017489e+00
4.345000e-05	2.294450e-02	-9.248462e+00
4.346000e-05	8.748207e-04	-9.510601e+00
4.347000e-05	8.353667e-02	-9.721146e+00
4.348000e-05	-2.841318e-02	-9.971749e+00
4.349000e-05	7.901484e-02	-1.015370e+01
4.350000e-05	-3.372069e-02	-1.037538e+01
4.351000e-05	6.992948e-02	-1.057431e+01
4.352000e-05	-7.911407e-03	-1.078478e+01
4.353000e-05	4.227586e-02	-1.099681e+01
4.354000e-05	2.416917e-02	-1.116483e+01
4.355000e-05	2.803049e-02	-1.140594e+01
4.356000e-05	4.726353e-02	-1.162541e+01
4.357000e-05	6.680455e-03	-1.178996e+01
4.358000e-05	5.100418e-02	-1.200593e+01
4.359000e-05	1.258355e-02	-1.221588e+01
4.360000e-05	6.561289e-02	-1.235428e+01
4.361000e-05	1.259384e-02	-1.249225e+01
4.362000e-05	4.907201e-02	-1.267210e+01
4.363000e-05	2.037715e-02	-1.285756e+01
4.364000e-05	5.263034e-02	-1.301591e+01
4.365000e-05	3.615512e-02	-1.313325e+01
4.366000e-05	4.656563e-02	-1.329012e+01
4.367000e-05	4.350073e-02	-1.345944e+01
4.368000e-05	4.624519e-02	-1.360689e+01
4.369000e-05	5.189908e-02	-1.371225e+01
4.370000e-05	3.938737e-02	-1.381051e+01
4.371000e-05	5.047145e-02	-1.395488e+01
4.372000e-05	4.635795e-02	-1.407360e+01
4.373000e-05	6.275705e-02	-1.420754e+01
4.374000e-05	5.184964e-02	-1.429468e+01
4.375000e-05	6.109837e-02	-1.441949e+01
4.376000e-05	5.463800e-02	-1.451128e+01
4.377000e-05	6.939532e-02	-1.459646e+01
4.378000e-05	6.268535e-02	-1.468214e+01
4.379000e-05	6.839665e-02	-1.478638e+01
4.380000e-05	6.502741e-02	-1.487064e+01
4.381000e-05	7.325116e-02	-1.490172e+01
4.382000e-05	7.411921e-02	-1.496795e+01
4.383000e-05	7.402163e-02	-1.502054e+01
4.384000e-05	7.665208e-02	-1.507312e+01
4.385000e-05	8.243958e-02	-1.512526e+01
4.386000e-05	9.195362e-02	-1.516484e+01
4.387000e-05	8.943123e-02	-1.519802e+01
4.388000e-05	9.278748e-02	-1.523049e+01
4.389000e-05	9.119809e-02	-1.522062e+01
4.390000e-05	1.010622e-01	-1.530167e+01
4.391000e-05	1.029557e-01	-1.532113e+01
4.392000e-05	1.098027e-01	-1.535420e+01
4.393000e-05	1.109010e-01	-1.533366e+01
4.394000e-05	1.206671e-01	-1.533318e+01
4.395000e-05	1.260353e-01	-1.529168e+01
4.396000e-05	1.309575e-01	-1.531220e+01
4.397000e-05	1.352051e-01	-1.527015e+01
4.398000e-05	1.451441e-01	-1.523907e+01
4.399000e-05	1.606372e-01	-1.524997e+01
4.400000e-05	1.749617e-01	-1.520741e+01
4.401000e-05	1.914916e-01	-1.511623e+01
4.402000e-05	2.125131e-01	-1.507305e+01
4.403000e-05	2.403212e-01	-1.502147e+01
4.404000e-05	2.492999e-01	-1.499841e+01
4.405000e-05	2.500000e-01	-1.494423e+01
4.406000e-05	2.500000e-01	-1.485000e+01
4.407000e-05	2.500000e-01	-1.477689e+01
4.408000e-05	2.500000e-01	-1.468315e+01
4.409000e-05	2.500000e-01	-1.463787e+01
4.410000e-05	2.422496e-01	-1.456620e+01
4.411000e-05	2.170914e-01	-1.443847e+01
4.412000e-05	1.921023e-01	-1.436578e+01
4.413000e-05	1.703546e-01	-1.419092e+01
4.414000e-05	1.496161e-01	-1.413458e+01
4.415000e-05	1.310749e-01	-1.396734e+01
4.416000e-05	1.194356e-01	-1.387262e+01
4.417000e-05	1.083242e-01	-1.373428e+01
4.418000e-05	9.721360e-02	-1.360986e+01
4.419000e-05	8.714412e-02	-1.349100e+01
4.420000e-05	8.001452e-02	-1.334518e+01
4.421000e-05	7.535348e-02	-1.317637e+01
4.422000e-05	7.048610e-02	-1.304055e+01
4.423000e-05	6.337214e-02	-1.289155e+01
4.424000e-05	5.804165e-02	-1.277484e+01
4.425000e-05	5.409905e-02	-1.257726e+01
4.426000e-05	5.287548e-02	-1.241991e+01
4.427000e-05	4.742595e-02	-1.226897e+01
4.428000e-05	4.355915e-02	-1.206895e+01
4.429000e-05	4.066413e-02	-1.191260e+01
4.430000e-05	3.928284e-02	-1.168212e+01
4.431000e-05	3.655301e-02	-1.144055e+01
4.432000e-05	3.274678e-02	-1.126149e+01
4.433000e-05	3.107598e-02	-1.103892e+01
4.434000e-05	3.004852e-02	-1.087692e+01
4.435000e-05	3.006321e-02	-1.068897e+01
4.436000e-05	2.654882e-02	-1.050897e+01
4.437000e-05	2.387098e-02	-1.027894e+01
4.438000e-05	2.317390e-02	-1.004884e+01
4.439000e-05	2.294630e-02	-9.836764e+00
4.440000e-05	2.040862e-02	-9.614213e+00
4.441000e-05	1.840728e-02	-9.385234e+00
4.442000e-05	1.841560e-02	-9.162554e+00
4.443000e-05	1.789096e-02	-8.951552e+00
4.444000e-05	1.724771e-02	-8.749502e+00
4.445000e-05	1.350301e-02	-8.459841e+00
4.446000e-05	1.296611e-02	-8.234684e+00
4.447000e-05	1.262058e-02	-7.993709e+00
4.448000e-05	1.299660e-02	-7.711448e+00
4.449000e-05	9.963866e-03	-7.436243e+00
4.450000e-05	9.256723e-03	-7.224713e+00
4.451000e-05	7.103960e-03	-6.940879e+00
4.452000e-05	8.349040e-03	-6.687868e+00
4.453000e-05	6.066472e-03	-6.426761e+00
4.454000e-05	5.903456e-03	-6.172159e+00
4.455000e-05	4.373061e-03	-5.909396e+00
4.456000e-05	4.219121e-03	-5.647262e+00
4.457000e-05	4.513322e-03	-5.390981e+00
4.458000e-05	1.788818e-03	-5.065791e+00
4.459000e-05	2.056391e-03	-4.771050e+00
4.460000e-05	1.996166e-03	-4.465266e+00
4.461000e-05	1.908847e-03	-4.284661e+00
4.462000e-05	2.755119e-04	-4.010629e+00
4.463000e-05	-2.232535e-03	-3.726742e+00
4.464000e-05	-2.160952e-03	-3.454685e+00
4.465000e-05	-2.900510e-03	-3.188354e+00
4.466000e-05	-2.187889e-03	-2.886112e+00
4.467000e-05	-3.271716e-03	-2.592559e+00
4.468000e-05	-2.043075e-03	-2.317372e+00
4.469000e-05	-5.702410e-03	-2.031581e+00
4.470000e-05	-2.655069e-03	-1.760351e+00
4.471000e-05	-7.582926e-03	-1.506843e+00
4.472000e-05	-4.702839e-03	-1.168347e+00
4.473000e-05	-5.679968e-03	-9.036392e-01
4.474000e-05	-5.884167e-03	-5.888761e-01
4.475000e-05	-4.998225e-03	-3.036170e-01
4.476000e-05	-6.823163e-03	-1.105664e-02
4.477000e-05	4.421662e-03	2.022290e-01
4.478000e-05	-1.501391e-03	5.067832e-01
4.479000e-05	2.747922e-03	7.384684e-01
4.480000e-05	1.579992e-03	1.043230e+00
4.481000e-05	1.541105e-03	1.316888e+00
4.482000e-05	1.441826e-04	1.634254e+00
4.483000e-05	5.908266e-03	1.894365e+00
4.484000e-05	3.204309e-02	2.095885e+00
4.485000e-05	9.683328e-02	2.359549e+00
4.486000e-05	1.100823e-02	2.728542e+00
4.487000e-05	-4.849667e-02	2.991803e+00
4.488000e-05	-3.251379e-02	3.336940e+00
4.489000e-05	-3.182596e-02	3.610630e+00
4.490000e-05	-6.070542e-02	3.801255e+00
4.491000e-05	-5.688811e-02	3.981150e+00
4.492000e-05	9.070490e-02	4.317438e+00
4.493000e-05	-4.398436e-02	4.582651e+00
4.494000e-05	1.584509e-02	4.833281e+00
4.495000e-05	9.095259e-02	5.168615e+00
4.496000e-05	-1.154531e-01	5.436781e+00
4.497000e-05	5.157027e-02	5.729037e+00
4.498000e-05	-5.421744e-02	5.973130e+00
4.499000e-05	2.655771e-02	6.235177e+00
4.500000e-05	9.209658e-03	6.518517e+00
4.501000e-05	-4.497076e-02	6.773777e+00
4.502000e-05	2.726399e-02	6.995779e+00
4.503000e-05	-4.414079e-02	7.300566e+00
4.504000e-05	1.906020e-02	7.582148e+00
4.505000e-05	-5.663344e-02	7.806409e+00
4.506000e-05	1.312461e-02	8.159671e+00
4.507000e-05	6.882031e-03	8.371204e+00
4.508000e-05	-3.010508e-02	8.531097e+00
4.509000e-05	1.030201e-02	8.772777e+00
4.510000e-05	-5.990809e-02	9.025859e+00
4.511000e-05	-2.194072e-03	9.246888e+00
4.512000e-05	-1.664859e-02	9.477938e+00
4.513000e-05	-1.587707e-03	9.699069e+00
4.514000e-05	-3.068496e-02	9.933149e+00
4.515000e-05	-1.844131e-02	1.014119e+01
4.516000e-05	-8.537353e-03	1.033320e+01
4.517000e-05	-3.268382e-02	1.055170e+01
4.518000e-05	-2.363541e-02	1.078483e+01
4.519000e-05	-4.074917e-02	1.097325e+01
4.520000e-05	-1.125450e-02	1.117323e+01
4.521000e-05	-2.310496e-02	1.137533e+01
4.522000e-05	-2.530360e-02	1.158783e+01
4.523000e-05	-4.212228e-02	1.175228e+01
4.524000e-05	-2.852500e-02	1.196578e+01
4.525000e-05	-2.523201e-02	1.214215e+01
4.526000e-05	-3.074852e-02	1.231163e+01
4.527000e-05	-4.157600e-02	1.246960e+01
4.528000e-05	-4.338140e-02	1.262754e+01
4.529000e-05	-3.007232e-02	1.281689e+01
4.530000e-05	-3.531335e-02	1.292370e+01
4.531000e-05	-4.213588e-02	1.311262e+01
4.532000e-05	-5.040417e-02	1.327046e+01
4.533000e-05	-3.852496e-02	1.338436e+01
4.534000e-05	-4.089079e-02	1.351425e+01
4.535000e-05	-4.756002e-02	1.361957e+01
4.536000e-05	-6.018417e-02	1.375538e+01
4.537000e-05	-5.497227e-02	1.393270e+01
4.538000e-05	-4.793273e-02	1.406157e+01
4.539000e-05	-5.279806e-02	1.418546e+01
4.540000e-05	-6.038718e-02	1.425165e+01
4.541000e-05	-6.626095e-02	1.432743e+01
4.542000e-05	-5.676789e-02	1.446313e+01
4.543000e-05	-6.240823e-02	1.455631e+01
4.544000e-05	-6.620707e-02	1.469062e+01
4.545000e-05	-7.679205e-02	1.474468e+01
4.546000e-05	-7.023827e-02	1.479736e+01
4.547000e-05	-7.269131e-02	1.488104e+01
4.548000e-05	-7.781430e-02	1.493125e+01
4.549000e-05	-8.939937e-02	1.493789e+01
4.550000e-05	-8.952218e-02	1.504999e+01
4.551000e-05	-8.501252e-02	1.504114e+01
4.552000e-05	-8.788154e-02	1.512368e+01
4.553000e-05	-9.595308e-02	1.513533e+01
4.554000e-05	-1.024936e-01	1.518789e+01
4.555000e-05	-1.003920e-01	1.519649e+01
4.556000e-05	-1.037136e-01	1.517952e+01
4.557000e-05	-1.132009e-01	1.522954e+01
4.558000e-05	-1.209470e-01	1.526012e+01
4.559000e-05	-1.218810e-01	1.520060e+01
4.560000e-05	-1.215017e-01	1.523160e+01
4.561000e-05	-1.310863e-01	1.520902e+01
4.562000e-05	-1.431980e-01	1.519051e+01
4.563000e-05	-1.523361e-01	1.521841e+01
4.564000e-05	-1.567756e-01	1.515636e+01
4.565000e-05	-1.691776e-01	1.513428e+01
4.566000e-05	-1.884165e-01	1.510372e+01
4.567000e-05	-2.118687e-01	1.505160e+01
4.568000e-05	-2.325179e-01	1.501899e+01
4.569000e-05	-2.475879e-01	1.498473e+01
4.570000e-05	-2.500000e-01	1.491260e+01
4.571000e-05	-2.500000e-01	1.487897e+01
4.572000e-05	-2.500000e-01	1.484729e+01
4.573000e-05	-2.500000e-01	1.470310e+01
4.574000e-05	-2.500000e-01	1.463934e+01
4.575000e-05	-2.500000e-01	1.455423e+01
4.576000e-05	-2.424509e-01	1.445099e+01
4.577000e-05	-2.145063e-01	1.436421e+01
4.578000e-05	-1.880770e-01	1.431009e+01
4.579000e-05	-1.683354e-01	1.415468e+01
4.580000e-05	-1.550072e-01	1.399789e+01
4.581000e-05	-1.377826e-01	1.385465e+01
4.582000e-05	-1.229299e-01	1.375523e+01
4.583000e-05	-1.120498e-01	1.365002e+01
4.584000e-05	-1.067974e-01	1.350310e+01
4.585000e-05	-9.778163e-02	1.337523e+01
4.586000e-05	-8.876102e-02	1.329889e+01
4.587000e-05	-8.080480e-02	1.309152e+01
4.588000e-05	-7.788677e-02	1.295160e+01
4.589000e-05	-7.606111e-02	1.278626e+01
4.590000e-05	-6.931304e-02	1.260836e+01
4.591000e-05	-6.318776e-02	1.246142e+01
4.592000e-05	-5.902065e-02	1.230200e+01
4.593000e-05	-6.019684e-02	1.215358e+01
4.594000e-05	-5.656324e-02	1.195516e+01
4.595000e-05	-5.125333e-02	1.179523e+01
4.596000e-05	-4.874587e-02	1.155516e+01
4.597000e-05	-5.002132e-02	1.135421e+01
4.598000e-05	-4.787826e-02	1.118456e+01
4.599000e-05	-4.429864e-02	1.095461e+01
4.600000e-05	-3.937575e-02	1.075464e+01
4.601000e-05	-4.043486e-02	1.056413e+01
4.602000e-05	-4.137335e-02	1.036556e+01
4.603000e-05	-3.880887e-02	1.014155e+01
4.604000e-05	-3.611274e-02	9.939507e+00
4.605000e-05	-3.395074e-02	9.709422e+00
4.606000e-05	-3.604131e-02	9.480343e+00
4.607000e-05	-3.473232e-02	9.227843e+00
4.608000e-05	-3.231811e-02	9.035765e+00
4.609000e-05	-2.955806e-02	8.805582e+00
4.610000e-05	-3.009656e-02	8.561580e+00
4.611000e-05	-3.102076e-02	8.362081e+00
4.612000e-05	-2.854013e-02	8.119475e+00
4.613000e-05	-2.698418e-02	7.816738e+00
4.614000e-05	-2.592712e-02	7.603207e+00
4.615000e-05	-2.776665e-02	7.310947e+00
4.616000e-05	-2.596822e-02	7.057318e+00
4.617000e-05	-2.439973e-02	6.813737e+00
4.618000e-05	-2.235086e-02	6.563101e+00
4.619000e-05	-2.361288e-02	6.287365e+00
4.620000e-05	-2.340569e-02	6.056714e+00
4.621000e-05	-2.183849e-02	5.813104e+00
4.622000e-05	-1.981409e-02	5.528378e+00
4.623000e-05	-2.072713e-02	5.235713e+00
4.624000e-05	-2.138969e-02	4.928872e+00
4.625000e-05	-2.033007e-02	4.654162e+00
4.626000e-05	-1.905448e-02	4.390955e+00
4.627000e-05	-1.790806e-02	4.119267e+00
4.628000e-05	-1.926138e-02	3.813584e+00
4.629000e-05	-1.755104e-02	3.560501e+00
4.630000e-05	-1.572120e-02	3.237637e+00
4.631000e-05	-1.453319e-02	3.000506e+00
4.632000e-05	-1.541631e-02	2.738399e+00
4.633000e-05	-1.615420e-02	2.430984e+00
4.634000e-05	-1.575471e-02	2.159376e+00
4.635000e-05	-1.406410e-02	1.905744e+00
4.636000e-05	-1.404087e-02	1.571954e+00
4.637000e-05	-1.430150e-02	1.285217e+00
4.638000e-05	-1.275187e-02	9.788236e-01
4.639000e-05	-1.117598e-02	7.041868e-01
4.640000e-05	-9.284510e-03	4.225076e-01
4.641000e-05	-8.395976e-03	1.162431e-01
4.642000e-05	-5.353449e-03	-1.469648e-01
4.643000e-05	5.435660e-03	-3.890963e-01
4.644000e-05	-2.241337e-03	-6.743296e-01
4.645000e-05	1.036147e-03	-9.479387e-01
4.646000e-05	-3.007636e-03	-1.230574e+00
4.647000e-05	5.608472e-04	-1.547441e+00
4.648000e-05	2.003473e-03	-1.736994e+00
4.649000e-05	2.982723e-02	-1.960496e+00
4.650000e-05	1.087940e-01	-2.234281e+00
4.651000e-05	4.275411e-02	-2.571673e+00
4.652000e-05	-4.347177e-02	-2.991775e+00
4.653000e-05	-1.325743e-02	-3.358942e+00
4.654000e-05	-4.535470e-02	-3.506470e+00
4.655000e-05	-7.431782e-02	-3.738995e+00
4.656000e-05	3.676081e-03	-3.959025e+00
4.657000e-05	1.147565e-01	-4.140114e+00
4.658000e-05	-1.262401e-01	-4.454808e+00
4.659000e-05	1.695009e-01	-4.708540e+00
4.660000e-05	-5.138057e-02	-5.010647e+00
4.661000e-05	-1.114963e-02	-5.323726e+00
4.662000e-05	6.044587e-02	-5.592600e+00
4.663000e-05	-1.313928e-01	-5.846487e+00
4.664000e-05	1.584080e-01	-6.130541e+00
4.665000e-05	-5.970200e-02	-6.432732e+00
4.666000e-05	6.436278e-02	-6.677488e+00
4.667000e-05	2.004757e-02	-6.920669e+00
4.668000e-05	-4.897056e-02	-7.205337e+00
4.669000e-05	8.643511e-02	-7.437011e+00
4.670000e-05	-7.850261e-02	-7.742248e+00
4.671000e-05	1.108906e-01	-8.004833e+00
4.672000e-05	-2.988626e-02	-8.196382e+00
4.673000e-05	4.240485e-02	-8.479643e+00
4.674000e-05	4.690219e-02	-8.722591e+00
4.675000e-05	-5.497994e-02	-8.963703e+00
4.676000e-05	7.291101e-02	-9.172755e+00
4.677000e-05	-4.279362e-02	-9.415388e+00
4.678000e-05	1.012896e-01	-9.657462e+00
4.679000e-05	-2.019647e-02	-9.847486e+00
4.680000e-05	5.958376e-02	-1.006807e+01
4.681000e-05	1.765723e-03	-1.028104e+01
4.682000e-05	2.332462e-02	-1.054210e+01
4.683000e-05	3.966861e-02	-1.074107e+01
4.684000e-05	-4.414679e-03	-1.093118e+01
4.685000e-05	6.103510e-02	-1.111407e+01
4.686000e-05	-3.691475e-03	-1.135225e+01
4.687000e-05	7.076472e-02	-1.153225e+01
4.688000e-05	-4.558605e-03	-1.170170e+01
4.689000e-05	5.482789e-02	-1.191330e+01
4.690000e-05	1.271371e-02	-1.208220e+01
4.691000e-05	5.708476e-02	-1.230012e+01
4.692000e-05	2.760289e-02	-1.243901e+01
4.693000e-05	3.339970e-02	-1.263839e+01
4.694000e-05	3.444821e-02	-1.279534e+01
4.695000e-05	3.434637e-02	-1.296325e+01
4.696000e-05	5.105099e-02	-1.310070e+01
4.697000e-05	3.289044e-02	-1.323862e+01
4.698000e-05	5.532474e-02	-1.332678e+01
4.699000e-05	3.628761e-02	-1.350470e+01
4.700000e-05	5.935021e-02	-1.368062e+01
4.701000e-05	3.572848e-02	-1.376846e+01
4.702000e-05	5.069921e-02	-1.389368e+01
4.703000e-05	4.231675e-02	-1.396952e+01
4.704000e-05	6.121552e-02	-1.417683e+01
4.705000e-05	5.480146e-02	-1.428312e+01
4.706000e-05	5.725034e-02	-1.434583e+01
4.707000e-05	5.546550e-02	-1.449112e+01
4.708000e-05	6.291672e-02	-1.458436e+01
4.709000e-05	6.773786e-02	-1.466209e+01
4.710000e-05	6.480544e-02	-1.475476e+01
4.711000e-05	6.846686e-02	-1.481899e+01
4.712000e-05	6.718386e-02	-1.487165e+01
4.713000e-05	7.642151e-02	-1.495328e+01
4.714000e-05	7.055857e-02	-1.495839e+01
4.715000e-05	7.651324e-02	-1.507010e+01
4.716000e-05	7.722020e-02	-1.506370e+01
4.717000e-05	9.144317e-02	-1.514481e+01
4.718000e-05	9.025701e-02	-1.520694e+01
4.719000e-05	9.264621e-02	-1.522944e+01
4.720000e-05	9.067909e-02	-1.527012e+01
4.721000e-05	9.718271e-02	-1.530068e+01
4.722000e-05	1.027029e-01	-1.528370e+01
4.723000e-05	1.052585e-01	-1.534120e+01
4.724000e-05	1.102872e-01	-1.532378e+01
4.725000e-05	1.162836e-01	-1.532370e+01
4.726000e-05	1.249708e-01	-1.533268e+01
4.727000e-05	1.283413e-01	-1.530113e+01
4.728000e-05	1.325056e-01	-1.530012e+01
4.729000e-05	1.419340e-01	-1.525859e+01
4.730000e-05	1.553007e-01	-1.524844e+01
4.731000e-05	1.697577e-01	-1.518536e+01
4.732000e-05	1.849223e-01	-1.516623e+01
4.733000e-05	2.049829e-01	-1.511468e+01
4.734000e-05	2.317096e-01	-1.504097e+01
4.735000e-05	2.475978e-01	-1.499739e+01
4.736000e-05	2.500000e-01	-1.495578e+01
4.737000e-05	2.500000e-01	-1.485255e+01
4.738000e-05	2.500000e-01	-1.481639e+01
4.739000e-05	2.500000e-01	-1.473428e+01
4.740000e-05	2.500000e-01	-1.465904e+01
4.741000e-05	2.477204e-01	-1.460686e+01
4.742000e-05	2.273791e-01	-1.453260e+01
4.743000e-05	2.001336e-01	-1.438731e+01
4.744000e-05	1.773922e-01	-1.428058e+01
4.745000e-05	1.564950e-01	-1.417636e+01
4.746000e-05	1.381924e-01	-1.404055e+01
4.747000e-05	1.240442e-01	-1.393373e+01
4.748000e-05	1.126227e-01	-1.377739e+01
4.749000e-05	1.009718e-01	-1.367042e+01
4.750000e-05	8.951653e-02	-1.355515e+01
4.751000e-05	8.356411e-02	-1.339631e+01
4.752000e-05	7.761366e-02	-1.323947e+01
4.753000e-05	7.269476e-02	-1.308213e+01
4.754000e-05	6.481192e-02	-1.300521e+01
4.755000e-05	5.983044e-02	-1.284681e+01
4.756000e-05	5.571535e-02	-1.261844e+01
4.757000e-05	5.322026e-02	-1.250155e+01
4.758000e-05	4.921047e-02	-1.229366e+01
4.759000e-05	4.520562e-02	-1.214478e+01
4.760000e-05	4.247772e-02	-1.200629e+01
4.761000e-05	3.910625e-02	-1.177581e+01
4.762000e-05	3.742424e-02	-1.154524e+01
4.763000e-05	3.393127e-02	-1.133473e+01
4.764000e-05	3.180755e-02	-1.111105e+01
4.765000e-05	3.043552e-02	-1.093256e+01
4.766000e-05	2.944551e-02	-1.074413e+01
4.767000e-05	2.788464e-02	-1.052313e+01
4.768000e-05	2.604402e-02	-1.038410e+01
4.769000e-05	2.352525e-02	-1.012057e+01
4.770000e-05	2.286760e-02	-9.910022e+00
4.771000e-05	2.152068e-02	-9.679521e+00
4.772000e-05	2.042280e-02	-9.498967e+00
4.773000e-05	1.867048e-02	-9.245819e+00
4.774000e-05	1.721847e-02	-9.026309e+00
4.775000e-05	1.563273e-02	-8.794209e+00
4.776000e-05	1.508599e-02	-8.512604e+00
4.777000e-05	1.214645e-02	-8.350001e+00
4.778000e-05	1.218819e-02	-8.099395e+00
4.779000e-05	1.245552e-02	-7.825764e+00
4.780000e-05	1.293390e-02	-7.552026e+00
4.781000e-05	1.008236e-02	-7.319424e+00
4.782000e-05	9.227321e-03	-7.066292e+00
4.783000e-05	7.334205e-03	-6.791580e+00
4.784000e-05	6.587916e-03	-6.551001e+00
4.785000e-05	5.196639e-03	-6.247845e+00
4.786000e-05	4.268297e-03	-6.034606e+00
4.787000e-05	4.354743e-03	-5.749505e+00
4.788000e-05	5.444709e-03	-5.467246e+00
4.789000e-05	3.454933e-03	-5.222050e+00
4.790000e-05	1.841108e-03	-4.896771e+00
4.791000e-05	1.390511e-03	-4.602875e+00
4.792000e-05	1.481216e-03	-4.370425e+00
4.793000e-05	1.237356e-03	-4.057343e+00
4.794000e-05	-1.574194e-03	-3.854134e+00
4.795000e-05	-2.355337e-03	-3.538925e+00
4.796000e-05	-2.627470e-03	-3.297764e+00
4.797000e-05	-1.850064e-03	-2.999529e+00
4.798000e-05	-2.610436e-03	-2.697343e+00
4.799000e-05	-2.252687e-03	-2.432039e+00
4.800000e-05	-4.023737e-03	-2.118271e+00
4.801000e-05	-2.411683e-03	-1.872709e+00
4.802000e-05	-4.884235e-03	-1.590480e+00
4.803000e-05	-6.234325e-03	-1.262513e+00
4.804000e-05	-8.683044e-03	-9.773234e-01
4.805000e-05	-6.925666e-03	-7.237682e-01
4.806000e-05	-6.442252e-03	-3.904263e-01
4.807000e-05	-6.265206e-03	-1.467209e-01
4.808000e-05	1.437009e-03	1.359606e-01
4.809000e-05	6.179393e-03	4.316265e-01
4.810000e-05	9.649490e-04	6.548105e-01
4.811000e-05	3.500912e-03	9.359621e-01
4.812000e-05	-3.148375e-03	1.232178e+00
4.813000e-05	5.698647e-04	1.547335e+00
4.814000e-05	-3.573489e-04	1.801576e+00
4.815000e-05	2.063266e-02	2.010600e+00
4.816000e-05	7.579285e-02	2.264758e+00
4.817000e-05	6.754916e-02	2.622822e+00
4.818000e-05	-5.114871e-02	2.917013e+00
4.819000e-05	-2.856860e-02	3.170623e+00
4.820000e-05	-3.899773e-02	3.487444e+00
4.821000e-05	-3.912252e-02	3.748997e+00
4.822000e-05	-8.319433e-02	3.889516e+00
4.823000e-05	4.270193e-02	4.191645e+00
4.824000e-05	4.116137e-02	4.506938e+00
4.825000e-05	-7.612282e-02	4.708493e+00
4.826000e-05	1.466078e-01	4.992796e+00
4.827000e-05	-9.286037e-02	5.339090e+00
4.828000e-05	4.239137e-03	5.611226e+00
4.829000e-05	-5.541925e-03	5.909541e+00
4.830000e-05	-2.847234e-02	6.138494e+00
4.831000e-05	5.211694e-02	6.381775e+00
4.832000e-05	-5.915101e-02	6.667990e+00
4.833000e-05	2.189500e-02	6.938571e+00
4.834000e-05	-2.966816e-02	7.182252e+00
4.835000e-05	5.831149e-04	7.486988e+00
4.836000e-05	-2.775799e-02	7.742223e+00
4.837000e-05	-2.848640e-02	8.018412e+00
4.838000e-05	3.409222e-02	8.256887e+00
4.839000e-05	-3.227814e-02	8.487914e+00
4.840000e-05	6.409942e-03	8.698917e+00
4.841000e-05	-3.590721e-02	8.941620e+00
4.842000e-05	-3.549915e-02	9.172676e+00
4.843000e-05	2.378391e-03	9.404834e+00
4.844000e-05	-1.865606e-02	9.584911e+00
4.845000e-05	-1.077506e-02	9.836966e+00
4.846000e-05	-3.575000e-02	1.007994e+01
4.847000e-05	-3.450755e-04	1.027802e+01
4.848000e-05	-2.779410e-02	1.049057e+01
4.849000e-05	-2.460006e-02	1.071162e+01
4.850000e-05	-3.359276e-02	1.088811e+01
4.851000e-05	-2.687712e-02	1.111125e+01
4.852000e-05	-1.093318e-02	1.128062e+01
4.853000e-05	-3.277896e-02	1.145165e+01
4.854000e-05	-3.095706e-02	1.169160e+01
4.855000e-05	-4.190215e-02	1.190112e+01
4.856000e-05	-2.023196e-02	1.204957e+01
4.857000e-05	-3.040528e-02	1.224900e+01
4.858000e-05	-3.390616e-02	1.244751e+01
4.859000e-05	-4.566992e-02	1.258631e+01
4.860000e-05	-3.539765e-02	1.273378e+01
4.861000e-05	-3.163359e-02	1.287062e+01
4.862000e-05	-4.234798e-02	1.306857e+01
4.863000e-05	-4.721780e-02	1.320846e+01
4.864000e-05	-4.406760e-02	1.333230e+01
4.865000e-05	-3.591970e-02	1.348262e+01
4.866000e-05	-4.511861e-02	1.362894e+01
4.867000e-05	-5.547892e-02	1.373370e+01
4.868000e-05	-5.826289e-02	1.388965e+01
4.869000e-05	-4.997756e-02	1.395101e+01
4.870000e-05	-4.961598e-02	1.412426e+01
4.871000e-05	-5.867968e-02	1.421062e+01
4.872000e-05	-6.627588e-02	1.434483e+01
4.873000e-05	-6.105248e-02	1.441959e+01
4.874000e-05	-5.862672e-02	1.452576e+01
4.875000e-05	-6.422362e-02	1.461846e+01
4.876000e-05	-7.331949e-02	1.473170e+01
4.877000e-05	-7.272501e-02	1.477688e+01
4.878000e-05	-7.064633e-02	1.483852e+01
4.879000e-05	-7.549740e-02	1.491112e+01
4.880000e-05	-8.656369e-02	1.494388e+01
4.881000e-05	-9.117999e-02	1.500704e+01
4.882000e-05	-8.645271e-02	1.505157e+01
4.883000e-05	-8.439333e-02	1.512220e+01
4.884000e-05	-9.223139e-02	1.512436e+01
4.885000e-05	-1.005495e-01	1.517841e+01
4.886000e-05	-1.020668e-01	1.515799e+01
4.887000e-05	-1.029079e-01	1.521897e+01
4.888000e-05	-1.094372e-01	1.523954e+01
4.889000e-05	-1.184764e-01	1.524147e+01
4.890000e-05	-1.220637e-01	1.523112e+01
4.891000e-05	-1.211618e-01	1.523057e+01
4.892000e-05	-1.254392e-01	1.525152e+01
4.893000e-05	-1.393889e-01	1.520009e+01
4.894000e-05	-1.509860e-01	1.517752e+01
4.895000e-05	-1.552929e-01	1.519786e+01
4.896000e-05	-1.632000e-01	1.514688e+01
4.897000e-05	-1.794548e-01	1.510525e+01
4.898000e-05	-2.032932e-01	1.506220e+01
4.899000e-05	-2.252376e-01	1.500849e+01
4.900000e-05	-2.443608e-01	1.497736e+01
4.901000e-05	-2.496000e-01	1.495473e+01
4.902000e-05	-2.500000e-01	1.487305e+01
4.903000e-05	-2.500000e-01	1.479841e+01
4.904000e-05	-2.500000e-01	1.473331e+01
4.905000e-05	-2.500000e-01	1.465852e+01
4.906000e-05	-2.500000e-01	1.456634e+01
4.907000e-05	-2.484257e-01	1.451208e+01
4.908000e-05	-2.273354e-01	1.439591e+01
4.909000e-05	-1.977809e-01	1.430412e+01
4.910000e-05	-1.743455e-01	1.419626e+01
4.911000e-05	-1.594682e-01	1.409155e+01
4.912000e-05	-1.434010e-01	1.390428e+01
4.913000e-05	-1.278566e-01	1.377686e+01
4.914000e-05	-1.150390e-01	1.366162e+01
4.915000e-05	-1.094384e-01	1.354426e+01
4.916000e-05	-1.019064e-01	1.343829e+01
4.917000e-05	-9.444882e-02	1.328105e+01
4.918000e-05	-8.160993e-02	1.314413e+01
4.919000e-05	-8.052414e-02	1.298734e+01
4.920000e-05	-7.396870e-02	1.282854e+01
4.921000e-05	-7.019742e-02	1.271004e+01
4.922000e-05	-6.417800e-02	1.253305e+01
4.923000e-05	-6.184242e-02	1.237426e+01
4.924000e-05	-6.201535e-02	1.220526e+01
4.925000e-05	-5.986612e-02	1.201642e+01
4.926000e-05	-5.493167e-02	1.185834e+01
4.927000e-05	-4.895443e-02	1.165787e+01
4.928000e-05	-4.791085e-02	1.145027e+01
4.929000e-05	-4.630899e-02	1.122797e+01
4.930000e-05	-4.605191e-02	1.103834e+01
4.931000e-05	-4.122516e-02	1.087686e+01
4.932000e-05	-4.268181e-02	1.066736e+01
4.933000e-05	-4.277386e-02	1.042642e+01
4.934000e-05	-4.180206e-02	1.021479e+01
4.935000e-05	-3.609403e-02	1.003619e+01
4.936000e-05	-3.349641e-02	9.775188e+00
4.937000e-05	-3.318734e-02	9.560205e+00
4.938000e-05	-3.471359e-02	9.331529e+00
4.939000e-05	-3.266686e-02	9.110400e+00
4.940000e-05	-3.157726e-02	8.897946e+00
4.941000e-05	-3.264885e-02	8.666863e+00
4.942000e-05	-3.233535e-02	8.426240e+00
4.943000e-05	-2.938845e-02	8.203237e+00
4.944000e-05	-2.595353e-02	7.961500e+00
4.945000e-05	-2.504657e-02	7.689891e+00
4.946000e-05	-2.556244e-02	7.467793e+00
4.947000e-05	-2.667470e-02	7.171582e+00
4.948000e-05	-2.553124e-02	6.919472e+00
4.949000e-05	-2.427763e-02	6.656218e+00
4.950000e-05	-2.408474e-02	6.392057e+00
4.951000e-05	-2.440696e-02	6.169951e+00
4.952000e-05	-2.246645e-02	5.917369e+00
4.953000e-05	-2.064359e-02	5.625059e+00
4.954000e-05	-1.890083e-02	5.371527e+00
4.955000e-05	-2.159198e-02	4.994057e+00
4.956000e-05	-2.031770e-02	4.738927e+00
4.957000e-05	-1.999774e-02	4.475789e+00
4.958000e-05	-1.793090e-02	4.202556e+00
4.959000e-05	-1.904427e-02	3.906821e+00
4.960000e-05	-1.861783e-02	3.654737e+00
4.961000e-05	-1.751416e-02	3.381904e+00
4.962000e-05	-1.404656e-02	3.096842e+00
4.963000e-05	-1.560511e-02	2.883034e+00
4.964000e-05	-1.571921e-02	2.558724e+00
4.965000e-05	-1.672855e-02	2.243612e+00
4.966000e-05	-1.449843e-02	2.000004e+00
4.967000e-05	-1.345274e-02	1.706746e+00
4.968000e-05	-1.319669e-02	1.402005e+00
4.969000e-05	-1.446466e-02	1.116644e+00
4.970000e-05	-1.221297e-02	8.304036e-01
4.971000e-05	-1.003615e-02	5.257669e-01
4.972000e-05	-8.786399e-03	2.320852e-01
4.973000e-05	-8.799740e-03	-4.373033e-02
4.974000e-05	1.294221e-03	-2.948870e-01
4.975000e-05	1.937608e-03	-5.604661e-01
4.976000e-05	6.137298e-05	-8.432042e-01
4.977000e-05	2.647203e-05	-1.096313e+00
4.978000e-05	-1.313820e-03	-1.379177e+00
4.979000e-05	5.376634e-04	-1.694307e+00
4.980000e-05	1.483732e-02	-1.875437e+00
4.981000e-05	7.637888e-02	-2.117463e+00
4.982000e-05	9.807973e-02	-2.472380e+00
4.983000e-05	-4.565172e-02	-2.894379e+00
4.984000e-05	-7.328478e-03	-3.224353e+00
4.985000e-05	-4.294331e-02	-3.464258e+00
4.986000e-05	-4.823036e-02	-3.652861e+00
4.987000e-05	-7.223914e-02	-3.917417e+00
4.988000e-05	1.456499e-01	-4.065258e+00
4.989000e-05	-8.635109e-02	-4.327993e+00
4.990000e-05	4.783262e-02	-4.663805e+00
4.991000e-05	8.209984e-02	-4.886882e+00
4.992000e-05	-1.201068e-01	-5.255905e+00
4.993000e-05	1.350557e-01	-5.489436e+00
4.994000e-05	-1.380252e-01	-5.751697e+00
4.995000e-05	8.215215e-02	-6.023908e+00
4.996000e-05	4.165947e-02	-6.286986e+00
4.997000e-05	-3.412394e-02	-6.603700e+00
4.998000e-05	1.042945e-01	-6.805827e+00
4.999000e-05	-9.396980e-02	-7.099119e+00
