# 260604_11:26:33.841569
t	CH1	CH2
0.000000e+00	-1.064841e-02	5.784199e-01
1.000000e-08	-9.446363e-03	3.252623e-01
2.000000e-08	-1.007800e-02	6.955005e-02
3.000000e-08	-3.501722e-03	-2.331065e-01
4.000000e-08	3.914255e-03	-4.852632e-01
5.000000e-08	-3.238461e-03	-7.904786e-01
6.000000e-08	1.686768e-03	-1.032559e+00
7.000000e-08	-2.013184e-03	-1.295716e+00
8.000000e-08	3.309406e-03	-1.602029e+00
9.000000e-08	8.047250e-03	-1.811105e+00
1.000000e-07	4.981330e-02	-2.023059e+00
1.100000e-07	1.214207e-01	-2.289324e+00
1.200000e-07	-1.199632e-02	-2.698874e+00
1.300000e-07	-2.489812e-02	-3.119448e+00
1.400000e-07	-2.863638e-02	-3.411526e+00
1.500000e-07	-3.955167e-02	-3.621429e+00
1.600000e-07	-9.250367e-02	-3.823134e+00
1.700000e-07	9.112434e-02	-4.002030e+00
1.800000e-07	2.747374e-02	-4.234135e+00
1.900000e-07	-7.596283e-02	-4.540901e+00
2.000000e-07	1.768256e-01	-4.791955e+00
2.100000e-07	-1.353628e-01	-5.107872e+00
2.200000e-07	9.366089e-02	-5.450632e+00
2.300000e-07	-3.995886e-02	-5.685641e+00
2.400000e-07	-4.865488e-02	-5.980426e+00
2.500000e-07	1.385041e-01	-6.181427e+00
2.600000e-07	-9.111133e-02	-6.495746e+00
2.700000e-07	1.221094e-01	-6.758351e+00
2.800000e-07	-6.043180e-02	-6.992133e+00
2.900000e-07	2.450708e-02	-7.337796e+00
3.000000e-07	3.942336e-02	-7.578875e+00
3.100000e-07	-4.890924e-02	-7.854088e+00
3.200000e-07	1.186740e-01	-8.085290e+00
3.300000e-07	-6.837040e-02	-8.326897e+00
3.400000e-07	9.994132e-02	-8.558949e+00
3.500000e-07	-2.450290e-02	-8.803031e+00
3.600000e-07	6.283109e-04	-9.054164e+00
3.700000e-07	4.062991e-02	-9.252614e+00
3.800000e-07	-1.443491e-02	-9.516295e+00
3.900000e-07	9.643062e-02	-9.735896e+00
4.000000e-07	-3.516041e-02	-9.917395e+00
4.100000e-07	8.230969e-02	-1.010930e+01
4.200000e-07	-3.073139e-02	-1.035093e+01
4.300000e-07	6.464456e-02	-1.058841e+01
4.400000e-07	1.874453e-03	-1.076040e+01
4.500000e-07	3.133424e-02	-1.095888e+01
4.600000e-07	3.480371e-02	-1.119152e+01
4.700000e-07	1.869185e-02	-1.139000e+01
4.800000e-07	5.635344e-02	-1.160153e+01
4.900000e-07	1.316847e-03	-1.180101e+01
5.000000e-07	5.734176e-02	-1.199146e+01
5.100000e-07	9.938276e-03	-1.219040e+01
5.200000e-07	6.665940e-02	-1.235733e+01
5.300000e-07	1.408688e-02	-1.253742e+01
5.400000e-07	4.649515e-02	-1.268474e+01
5.500000e-07	2.324681e-02	-1.282266e+01
5.600000e-07	5.126502e-02	-1.299050e+01
5.700000e-07	4.134311e-02	-1.305682e+01
5.800000e-07	4.384030e-02	-1.330467e+01
5.900000e-07	4.999537e-02	-1.342149e+01
6.000000e-07	4.347563e-02	-1.355800e+01
6.100000e-07	5.523005e-02	-1.370609e+01
6.200000e-07	3.711729e-02	-1.384356e+01
6.300000e-07	5.180510e-02	-1.394740e+01
6.400000e-07	4.693254e-02	-1.408616e+01
6.500000e-07	6.599537e-02	-1.416986e+01
6.600000e-07	5.520665e-02	-1.431580e+01
6.700000e-07	6.094350e-02	-1.438156e+01
6.800000e-07	5.631990e-02	-1.453627e+01
6.900000e-07	6.848313e-02	-1.459941e+01
7.000000e-07	6.708688e-02	-1.465614e+01
7.100000e-07	6.953541e-02	-1.476887e+01
7.200000e-07	6.961390e-02	-1.485153e+01
7.300000e-07	7.537449e-02	-1.488624e+01
7.400000e-07	7.824908e-02	-1.496680e+01
7.500000e-07	7.757404e-02	-1.505056e+01
7.600000e-07	8.032616e-02	-1.506158e+01
7.700000e-07	8.649163e-02	-1.507634e+01
7.800000e-07	9.798129e-02	-1.517740e+01
7.900000e-07	9.631827e-02	-1.522900e+01
8.000000e-07	9.769232e-02	-1.527203e+01
8.100000e-07	9.802012e-02	-1.525368e+01
8.200000e-07	1.076282e-01	-1.528464e+01
8.300000e-07	1.135638e-01	-1.528466e+01
8.400000e-07	1.178323e-01	-1.530364e+01
8.500000e-07	1.230713e-01	-1.530567e+01
8.600000e-07	1.324288e-01	-1.532519e+01
8.700000e-07	1.426865e-01	-1.528464e+01
8.800000e-07	1.446572e-01	-1.532369e+01
8.900000e-07	1.532545e-01	-1.526319e+01
9.000000e-07	1.667401e-01	-1.525050e+01
9.100000e-07	1.899543e-01	-1.519850e+01
9.200000e-07	2.090866e-01	-1.519892e+01
9.300000e-07	2.334140e-01	-1.512635e+01
9.400000e-07	2.483883e-01	-1.508359e+01
9.500000e-07	2.500000e-01	-1.498998e+01
9.600000e-07	2.500000e-01	-1.499888e+01
9.700000e-07	2.500000e-01	-1.488482e+01
9.800000e-07	2.500000e-01	-1.485248e+01
9.900000e-07	2.500000e-01	-1.481747e+01
1.000000e-06	2.500000e-01	-1.469471e+01
1.010000e-06	2.451678e-01	-1.458903e+01
1.020000e-06	2.170568e-01	-1.451534e+01
1.030000e-06	1.879867e-01	-1.442251e+01
1.040000e-06	1.661070e-01	-1.430579e+01
1.050000e-06	1.472738e-01	-1.424203e+01
1.060000e-06	1.284887e-01	-1.410617e+01
1.070000e-06	1.130290e-01	-1.398698e+01
1.080000e-06	1.032018e-01	-1.383411e+01
1.090000e-06	9.473981e-02	-1.376484e+01
1.100000e-06	8.492301e-02	-1.358998e+01
1.110000e-06	7.598165e-02	-1.345364e+01
1.120000e-06	7.131670e-02	-1.327724e+01
1.130000e-06	6.792859e-02	-1.319998e+01
1.140000e-06	6.251031e-02	-1.305253e+01
1.150000e-06	5.623432e-02	-1.289421e+01
1.160000e-06	5.283786e-02	-1.275540e+01
1.170000e-06	5.061330e-02	-1.258847e+01
1.180000e-06	4.688640e-02	-1.244198e+01
1.190000e-06	4.231312e-02	-1.226211e+01
1.200000e-06	3.921646e-02	-1.207211e+01
1.210000e-06	3.752855e-02	-1.190406e+01
1.220000e-06	3.571034e-02	-1.166409e+01
1.230000e-06	3.343373e-02	-1.147356e+01
1.240000e-06	3.001681e-02	-1.128054e+01
1.250000e-06	2.868275e-02	-1.104301e+01
1.260000e-06	2.821046e-02	-1.088303e+01
1.270000e-06	2.761810e-02	-1.068313e+01
1.280000e-06	2.309154e-02	-1.048308e+01
1.290000e-06	2.287429e-02	-1.025101e+01
1.300000e-06	2.260883e-02	-1.000995e+01
1.310000e-06	2.204695e-02	-9.820003e+00
1.320000e-06	1.905289e-02	-9.650498e+00
1.330000e-06	1.749104e-02	-9.368370e+00
1.340000e-06	1.699468e-02	-9.157341e+00
1.350000e-06	1.686081e-02	-8.955292e+00
1.360000e-06	1.655828e-02	-8.674761e+00
1.370000e-06	1.290065e-02	-8.481077e+00
1.380000e-06	1.214129e-02	-8.210004e+00
1.390000e-06	1.259983e-02	-7.999525e+00
1.400000e-06	1.154935e-02	-7.734638e+00
1.410000e-06	9.934982e-03	-7.471525e+00
1.420000e-06	7.277435e-03	-7.228902e+00
1.430000e-06	8.333863e-03	-6.965242e+00
1.440000e-06	7.893170e-03	-6.684732e+00
1.450000e-06	7.106677e-03	-6.472551e+00
1.460000e-06	3.970994e-03	-6.188342e+00
1.470000e-06	5.210965e-03	-5.934288e+00
1.480000e-06	3.804070e-03	-5.633076e+00
1.490000e-06	4.843210e-03	-5.396891e+00
1.500000e-06	9.832178e-04	-5.072152e+00
1.510000e-06	1.429784e-03	-4.775270e+00
1.520000e-06	1.164489e-03	-4.482678e+00
1.530000e-06	2.554101e-03	-4.260604e+00
1.540000e-06	1.005581e-03	-3.966489e+00
1.550000e-06	-2.118383e-03	-3.712061e+00
1.560000e-06	-1.565756e-03	-3.459554e+00
1.570000e-06	-2.673879e-03	-3.218441e+00
1.580000e-06	-2.508990e-03	-2.882629e+00
1.590000e-06	-5.545510e-03	-2.587344e+00
1.600000e-06	-3.440513e-03	-2.367865e+00
1.610000e-06	-3.593198e-03	-2.009524e+00
1.620000e-06	-2.967264e-03	-1.757790e+00
1.630000e-06	-5.771671e-03	-1.481129e+00
1.640000e-06	-6.138130e-03	-1.134841e+00
1.650000e-06	-8.031283e-03	-8.927066e-01
1.660000e-06	-6.764821e-03	-5.873438e-01
1.670000e-06	-7.740703e-03	-3.025818e-01
1.680000e-06	-4.821456e-03	-5.008143e-02
1.690000e-06	5.469476e-03	2.232355e-01
1.700000e-06	3.610509e-03	5.568721e-01
1.710000e-06	2.336171e-03	7.479211e-01
1.720000e-06	2.429058e-04	1.063613e+00
1.730000e-06	-1.725739e-03	1.316897e+00
1.740000e-06	-1.610042e-03	1.623560e+00
1.750000e-06	4.702489e-03	1.894714e+00
1.760000e-06	2.952057e-02	2.116767e+00
1.770000e-06	9.630108e-02	2.368488e+00
1.780000e-06	3.030329e-02	2.718904e+00
1.790000e-06	-5.247377e-02	3.021562e+00
1.800000e-06	-3.102953e-02	3.337174e+00
1.810000e-06	-3.384272e-02	3.572531e+00
1.820000e-06	-5.410724e-02	3.823057e+00
1.830000e-06	-7.112392e-02	4.011056e+00
1.840000e-06	7.475215e-02	4.276820e+00
1.850000e-06	-8.425589e-03	4.570006e+00
1.860000e-06	-3.038495e-02	4.801557e+00
1.870000e-06	1.290263e-01	5.127897e+00
1.880000e-06	-1.214984e-01	5.443137e+00
1.890000e-06	3.909654e-02	5.696789e+00
1.900000e-06	-3.224345e-02	5.949529e+00
1.910000e-06	3.998572e-03	6.170508e+00
1.920000e-06	2.669329e-02	6.506223e+00
1.930000e-06	-6.021860e-02	6.768506e+00
1.940000e-06	3.499161e-02	7.012010e+00
1.950000e-06	-4.768851e-02	7.285271e+00
1.960000e-06	1.730984e-02	7.540004e+00
1.970000e-06	-4.786184e-02	7.831167e+00
1.980000e-06	-3.528188e-03	8.094871e+00
1.990000e-06	2.158948e-02	8.347926e+00
2.000000e-06	-3.293842e-02	8.547455e+00
2.010000e-06	7.739981e-03	8.778479e+00
2.020000e-06	-5.423210e-02	8.992561e+00
2.030000e-06	-1.251559e-02	9.225214e+00
2.040000e-06	-8.674238e-03	9.462665e+00
2.050000e-06	-1.056326e-02	9.705799e+00
2.060000e-06	-2.384122e-02	9.896850e+00
2.070000e-06	-2.622611e-02	1.013790e+01
2.080000e-06	-2.281893e-03	1.033787e+01
2.090000e-06	-3.150406e-02	1.052836e+01
2.100000e-06	-2.480335e-02	1.073943e+01
2.110000e-06	-3.916845e-02	1.097041e+01
2.120000e-06	-1.811268e-02	1.115890e+01
2.130000e-06	-1.942121e-02	1.135895e+01
2.140000e-06	-3.089704e-02	1.152895e+01
2.150000e-06	-3.846571e-02	1.178035e+01
2.160000e-06	-3.269908e-02	1.194943e+01
2.170000e-06	-2.111500e-02	1.208885e+01
2.180000e-06	-3.043762e-02	1.231527e+01
2.190000e-06	-4.051254e-02	1.246524e+01
2.200000e-06	-4.520478e-02	1.263317e+01
2.210000e-06	-3.365376e-02	1.278101e+01
2.220000e-06	-3.521830e-02	1.292630e+01
2.230000e-06	-4.502555e-02	1.311429e+01
2.240000e-06	-4.969608e-02	1.323416e+01
2.250000e-06	-4.044125e-02	1.341998e+01
2.260000e-06	-3.914726e-02	1.354585e+01
2.270000e-06	-4.791934e-02	1.367262e+01
2.280000e-06	-6.064662e-02	1.376798e+01
2.290000e-06	-5.716176e-02	1.389525e+01
2.300000e-06	-5.125503e-02	1.408222e+01
2.310000e-06	-5.330574e-02	1.419093e+01
2.320000e-06	-6.376963e-02	1.427419e+01
2.330000e-06	-6.844270e-02	1.439091e+01
2.340000e-06	-6.065737e-02	1.445534e+01
2.350000e-06	-6.321827e-02	1.459938e+01
2.360000e-06	-6.909629e-02	1.461363e+01
2.370000e-06	-7.859687e-02	1.473735e+01
2.380000e-06	-7.492470e-02	1.481111e+01
2.390000e-06	-7.503434e-02	1.485366e+01
2.400000e-06	-8.026305e-02	1.490622e+01
2.410000e-06	-9.222377e-02	1.498686e+01
2.420000e-06	-9.463823e-02	1.505264e+01
2.430000e-06	-8.977284e-02	1.506372e+01
2.440000e-06	-9.200110e-02	1.514532e+01
2.450000e-06	-1.006508e-01	1.516875e+01
2.460000e-06	-1.098993e-01	1.519793e+01
2.470000e-06	-1.084908e-01	1.518951e+01
2.480000e-06	-1.117015e-01	1.525004e+01
2.490000e-06	-1.207487e-01	1.521409e+01
2.500000e-06	-1.320484e-01	1.526007e+01
2.510000e-06	-1.346085e-01	1.522214e+01
2.520000e-06	-1.354465e-01	1.523159e+01
2.530000e-06	-1.450058e-01	1.524306e+01
2.540000e-06	-1.607808e-01	1.527151e+01
2.550000e-06	-1.725038e-01	1.520853e+01
2.560000e-06	-1.826905e-01	1.519848e+01
2.570000e-06	-1.974201e-01	1.515580e+01
2.580000e-06	-2.253618e-01	1.515577e+01
2.590000e-06	-2.464749e-01	1.508361e+01
2.600000e-06	-2.500000e-01	1.503955e+01
2.610000e-06	-2.500000e-01	1.495788e+01
2.620000e-06	-2.500000e-01	1.493424e+01
2.630000e-06	-2.500000e-01	1.485261e+01
2.640000e-06	-2.500000e-01	1.479890e+01
2.650000e-06	-2.500000e-01	1.474427e+01
2.660000e-06	-2.500000e-01	1.463109e+01
2.670000e-06	-2.439898e-01	1.453822e+01
2.680000e-06	-2.198131e-01	1.444166e+01
2.690000e-06	-1.873242e-01	1.439550e+01
2.700000e-06	-1.634062e-01	1.427256e+01
2.710000e-06	-1.479344e-01	1.415485e+01
2.720000e-06	-1.382716e-01	1.401063e+01
2.730000e-06	-1.219741e-01	1.388320e+01
2.740000e-06	-1.083296e-01	1.375640e+01
2.750000e-06	-9.985614e-02	1.367004e+01
2.760000e-06	-9.657905e-02	1.352419e+01
2.770000e-06	-8.854154e-02	1.340645e+01
2.780000e-06	-7.878796e-02	1.323153e+01
2.790000e-06	-7.306955e-02	1.306417e+01
2.800000e-06	-7.100956e-02	1.292635e+01
2.810000e-06	-6.980390e-02	1.277745e+01
2.820000e-06	-6.404463e-02	1.261201e+01
2.830000e-06	-5.981220e-02	1.248324e+01
2.840000e-06	-5.779913e-02	1.229425e+01
2.850000e-06	-5.695899e-02	1.215727e+01
2.860000e-06	-5.221466e-02	1.197685e+01
2.870000e-06	-4.728444e-02	1.180942e+01
2.880000e-06	-4.571397e-02	1.153737e+01
2.890000e-06	-4.812049e-02	1.136683e+01
2.900000e-06	-4.641631e-02	1.116782e+01
2.910000e-06	-4.376368e-02	1.097945e+01
2.920000e-06	-4.088319e-02	1.079745e+01
2.930000e-06	-4.058903e-02	1.054750e+01
2.940000e-06	-4.040464e-02	1.040639e+01
2.950000e-06	-3.695147e-02	1.016687e+01
2.960000e-06	-3.494234e-02	9.914769e+00
2.970000e-06	-3.315249e-02	9.714216e+00
2.980000e-06	-3.552572e-02	9.503585e+00
2.990000e-06	-3.274702e-02	9.262736e+00
3.000000e-06	-3.208572e-02	9.050506e+00
3.010000e-06	-2.985086e-02	8.820498e+00
3.020000e-06	-3.178379e-02	8.578372e+00
3.030000e-06	-3.056931e-02	8.337445e+00
3.040000e-06	-2.927965e-02	8.084262e+00
3.050000e-06	-2.591365e-02	7.892016e+00
3.060000e-06	-2.653403e-02	7.620029e+00
3.070000e-06	-2.599344e-02	7.366295e+00
3.080000e-06	-2.608128e-02	7.043685e+00
3.090000e-06	-2.497118e-02	6.829004e+00
3.100000e-06	-2.415093e-02	6.567773e+00
3.110000e-06	-2.604306e-02	6.334759e+00
3.120000e-06	-2.480252e-02	6.071685e+00
3.130000e-06	-2.236413e-02	5.827475e+00
3.140000e-06	-1.989626e-02	5.574295e+00
3.150000e-06	-1.989913e-02	5.251686e+00
3.160000e-06	-2.173249e-02	4.932840e+00
3.170000e-06	-2.085036e-02	4.673055e+00
3.180000e-06	-2.045145e-02	4.419523e+00
3.190000e-06	-1.940312e-02	4.133714e+00
3.200000e-06	-1.906126e-02	3.842055e+00
3.210000e-06	-1.802270e-02	3.597998e+00
3.220000e-06	-1.831296e-02	3.271110e+00
3.230000e-06	-1.612588e-02	3.030428e+00
3.240000e-06	-1.753420e-02	2.765292e+00
3.250000e-06	-1.649827e-02	2.459604e+00
3.260000e-06	-1.700053e-02	2.188316e+00
3.270000e-06	-1.379137e-02	1.935287e+00
3.280000e-06	-1.275829e-02	1.610498e+00
3.290000e-06	-1.368098e-02	1.325262e+00
3.300000e-06	-1.431235e-02	1.019370e+00
3.310000e-06	-1.289534e-02	7.036882e-01
3.320000e-06	-1.152172e-02	4.425554e-01
3.330000e-06	-1.108921e-02	1.348148e-01
3.340000e-06	-7.855468e-03	-1.373120e-01
3.350000e-06	5.149586e-03	-3.890211e-01
3.360000e-06	-1.213958e-03	-6.142601e-01
3.370000e-06	2.454857e-03	-9.078193e-01
3.380000e-06	-1.978610e-03	-1.219950e+00
3.390000e-06	1.157639e-03	-1.498314e+00
3.400000e-06	1.269516e-03	-1.757293e+00
3.410000e-06	2.634676e-02	-1.959395e+00
3.420000e-06	1.013716e-01	-2.202983e+00
3.430000e-06	6.322359e-02	-2.571050e+00
3.440000e-06	-5.147018e-02	-2.980971e+00
3.450000e-06	-6.441251e-03	-3.306836e+00
3.460000e-06	-4.630637e-02	-3.497293e+00
3.470000e-06	-6.560162e-02	-3.737391e+00
3.480000e-06	-2.642246e-02	-3.958841e+00
3.490000e-06	1.456258e-01	-4.097845e+00
3.500000e-06	-1.372196e-01	-4.432608e+00
3.510000e-06	1.502464e-01	-4.706291e+00
3.520000e-06	-7.145625e-03	-4.958974e+00
3.530000e-06	-5.373204e-02	-5.333846e+00
3.540000e-06	1.017027e-01	-5.569873e+00
3.550000e-06	-1.512105e-01	-5.833235e+00
3.560000e-06	1.509731e-01	-6.105712e+00
3.570000e-06	-3.552459e-02	-6.330026e+00
3.580000e-06	3.368156e-02	-6.653663e+00
3.590000e-06	5.372729e-02	-6.875265e+00
3.600000e-06	-7.886017e-02	-7.182484e+00
3.610000e-06	1.065019e-01	-7.465606e+00
3.620000e-06	-8.029238e-02	-7.739846e+00
3.630000e-06	9.662055e-02	-8.052054e+00
3.640000e-06	-3.901356e-03	-8.211533e+00
3.650000e-06	1.082439e-02	-8.483268e+00
3.660000e-06	7.582765e-02	-8.717271e+00
3.670000e-06	-7.272194e-02	-8.980451e+00
3.680000e-06	8.234354e-02	-9.208400e+00
3.690000e-06	-4.335223e-02	-9.390477e+00
3.700000e-06	9.261342e-02	-9.642607e+00
3.710000e-06	-4.340697e-03	-9.814161e+00
3.720000e-06	4.062713e-02	-1.002619e+01
3.730000e-06	2.440443e-02	-1.024614e+01
3.740000e-06	3.439011e-03	-1.047674e+01
3.750000e-06	5.916571e-02	-1.068511e+01
3.760000e-06	-1.720856e-02	-1.089572e+01
3.770000e-06	6.862879e-02	-1.102529e+01
3.780000e-06	-7.951694e-03	-1.128674e+01
3.790000e-06	7.109843e-02	-1.148674e+01
3.800000e-06	8.285409e-04	-1.170530e+01
3.810000e-06	4.966406e-02	-1.187784e+01
3.820000e-06	2.089734e-02	-1.208575e+01
3.830000e-06	4.806302e-02	-1.226319e+01
3.840000e-06	3.831915e-02	-1.244413e+01
3.850000e-06	2.496436e-02	-1.257051e+01
3.860000e-06	4.176604e-02	-1.274853e+01
3.870000e-06	2.901500e-02	-1.294689e+01
3.880000e-06	5.746554e-02	-1.308464e+01
3.890000e-06	3.015567e-02	-1.324259e+01
3.900000e-06	6.009054e-02	-1.333898e+01
3.910000e-06	3.638463e-02	-1.348577e+01
3.920000e-06	5.999080e-02	-1.362409e+01
3.930000e-06	3.797827e-02	-1.377837e+01
3.940000e-06	5.093746e-02	-1.392622e+01
3.950000e-06	4.460028e-02	-1.404351e+01
3.960000e-06	5.890619e-02	-1.415637e+01
3.970000e-06	5.696126e-02	-1.421349e+01
3.980000e-06	5.799567e-02	-1.439945e+01
3.990000e-06	6.077753e-02	-1.446364e+01
4.000000e-06	6.380403e-02	-1.455884e+01
4.010000e-06	7.216097e-02	-1.466266e+01
4.020000e-06	6.646280e-02	-1.476732e+01
4.030000e-06	7.141517e-02	-1.481995e+01
4.040000e-06	6.874604e-02	-1.488371e+01
4.050000e-06	7.904682e-02	-1.491632e+01
4.060000e-06	7.397497e-02	-1.502090e+01
4.070000e-06	8.241022e-02	-1.502159e+01
4.080000e-06	8.322458e-02	-1.508526e+01
4.090000e-06	9.542747e-02	-1.511743e+01
4.100000e-06	9.525570e-02	-1.517995e+01
4.110000e-06	9.739149e-02	-1.524161e+01
4.120000e-06	9.791849e-02	-1.523304e+01
4.130000e-06	1.030491e-01	-1.527469e+01
4.140000e-06	1.108775e-01	-1.526524e+01
4.150000e-06	1.146356e-01	-1.526526e+01
4.160000e-06	1.223271e-01	-1.532524e+01
4.170000e-06	1.268592e-01	-1.532469e+01
4.180000e-06	1.377761e-01	-1.530464e+01
4.190000e-06	1.424014e-01	-1.526419e+01
4.200000e-06	1.515007e-01	-1.525211e+01
4.210000e-06	1.617938e-01	-1.524261e+01
4.220000e-06	1.796363e-01	-1.521106e+01
4.230000e-06	1.997368e-01	-1.517993e+01
4.240000e-06	2.226681e-01	-1.513588e+01
4.250000e-06	2.444284e-01	-1.508624e+01
4.260000e-06	2.500000e-01	-1.504454e+01
4.270000e-06	2.500000e-01	-1.500100e+01
4.280000e-06	2.500000e-01	-1.494580e+01
4.290000e-06	2.500000e-01	-1.487316e+01
4.300000e-06	2.500000e-01	-1.481048e+01
4.310000e-06	2.500000e-01	-1.476579e+01
4.320000e-06	2.489334e-01	-1.463354e+01
4.330000e-06	2.307959e-01	-1.456493e+01
4.340000e-06	1.977534e-01	-1.444418e+01
4.350000e-06	1.731698e-01	-1.436890e+01
4.360000e-06	1.540060e-01	-1.426276e+01
4.370000e-06	1.365277e-01	-1.416632e+01
4.380000e-06	1.191901e-01	-1.401956e+01
4.390000e-06	1.069049e-01	-1.391574e+01
4.400000e-06	9.736345e-02	-1.378798e+01
4.410000e-06	8.851410e-02	-1.361108e+01
4.420000e-06	7.884556e-02	-1.350727e+01
4.430000e-06	7.307096e-02	-1.340897e+01
4.440000e-06	6.872714e-02	-1.325411e+01
4.450000e-06	6.436421e-02	-1.310334e+01
4.460000e-06	5.718806e-02	-1.296690e+01
4.470000e-06	5.330457e-02	-1.281093e+01
4.480000e-06	5.138887e-02	-1.262258e+01
4.490000e-06	4.939732e-02	-1.251406e+01
4.500000e-06	4.508818e-02	-1.234572e+01
4.510000e-06	3.984397e-02	-1.217789e+01
4.520000e-06	3.797333e-02	-1.195795e+01
4.530000e-06	3.664294e-02	-1.174682e+01
4.540000e-06	3.454299e-02	-1.158491e+01
4.550000e-06	3.071913e-02	-1.132577e+01
4.560000e-06	2.935345e-02	-1.114532e+01
4.570000e-06	2.974704e-02	-1.094526e+01
4.580000e-06	2.842924e-02	-1.075637e+01
4.590000e-06	2.562907e-02	-1.056595e+01
4.600000e-06	2.358463e-02	-1.032670e+01
4.610000e-06	2.207731e-02	-1.013274e+01
4.620000e-06	2.156391e-02	-9.885235e+00
4.630000e-06	1.955083e-02	-9.733713e+00
4.640000e-06	1.795094e-02	-9.471110e+00
4.650000e-06	1.674901e-02	-9.262078e+00
4.660000e-06	1.824441e-02	-9.030429e+00
4.670000e-06	1.626055e-02	-8.800497e+00
4.680000e-06	1.387360e-02	-8.546794e+00
4.690000e-06	1.187147e-02	-8.314262e+00
4.700000e-06	1.262104e-02	-8.123631e+00
4.710000e-06	1.184822e-02	-7.861479e+00
4.720000e-06	1.076633e-02	-7.566338e+00
4.730000e-06	7.635073e-03	-7.303761e+00
4.740000e-06	9.112367e-03	-7.069552e+00
4.750000e-06	7.737611e-03	-6.797894e+00
4.760000e-06	7.633892e-03	-6.537816e+00
4.770000e-06	4.160806e-03	-6.301684e+00
4.780000e-06	5.863386e-03	-6.049048e+00
4.790000e-06	4.665189e-03	-5.747869e+00
4.800000e-06	4.812855e-03	-5.464786e+00
4.810000e-06	1.994814e-03	-5.179846e+00
4.820000e-06	1.544425e-03	-4.884182e+00
4.830000e-06	1.169484e-03	-4.588416e+00
4.840000e-06	1.477020e-03	-4.355315e+00
4.850000e-06	1.212039e-03	-4.094285e+00
4.860000e-06	-1.036248e-04	-3.838999e+00
4.870000e-06	-1.154077e-03	-3.555767e+00
4.880000e-06	-2.228342e-03	-3.284232e+00
4.890000e-06	-3.767849e-03	-2.998399e+00
4.900000e-06	-3.765392e-03	-2.704186e+00
4.910000e-06	-4.577721e-03	-2.431576e+00
4.920000e-06	-3.042089e-03	-2.196290e+00
4.930000e-06	-4.017381e-03	-1.870629e+00
4.940000e-06	-4.587793e-03	-1.628997e+00
4.950000e-06	-6.349342e-03	-1.243599e+00
4.960000e-06	-6.954308e-03	-9.878435e-01
4.970000e-06	-6.601397e-03	-7.021058e-01
4.980000e-06	-7.105256e-03	-4.089188e-01
4.990000e-06	-6.664814e-03	-1.567859e-01
5.000000e-06	-5.822250e-04	1.358998e-01
5.010000e-06	6.379351e-03	4.320566e-01
5.020000e-06	-6.485615e-04	6.656854e-01
5.030000e-06	3.623207e-03	8.772995e-01
5.040000e-06	-2.138269e-03	1.212104e+00
5.050000e-06	1.150354e-03	1.455746e+00
5.060000e-06	-1.451426e-03	1.771533e+00
5.070000e-06	1.764863e-02	2.011031e+00
5.080000e-06	6.573200e-02	2.314666e+00
5.090000e-06	8.631345e-02	2.600506e+00
5.100000e-06	-4.712539e-02	2.916821e+00
5.110000e-06	-3.009813e-02	3.200479e+00
5.120000e-06	-3.966319e-02	3.486195e+00
5.130000e-06	-3.415958e-02	3.738370e+00
5.140000e-06	-8.608761e-02	3.929971e+00
5.150000e-06	9.177643e-03	4.158331e+00
5.160000e-06	8.014325e-02	4.487343e+00
5.170000e-06	-9.669883e-02	4.727368e+00
5.180000e-06	1.342015e-01	5.000007e+00
5.190000e-06	-4.602466e-02	5.306877e+00
5.200000e-06	-4.391844e-02	5.571403e+00
5.210000e-06	2.571136e-02	5.835742e+00
5.220000e-06	-5.134755e-02	6.114795e+00
5.230000e-06	5.838258e-02	6.328381e+00
5.240000e-06	-5.028681e-02	6.654764e+00
5.250000e-06	1.030778e-02	6.936296e+00
5.260000e-06	-1.070889e-02	7.199480e+00
5.270000e-06	-2.070439e-02	7.443118e+00
5.280000e-06	-3.850326e-03	7.666800e+00
5.290000e-06	-5.355148e-02	7.982533e+00
5.300000e-06	3.540838e-02	8.244713e+00
5.310000e-06	-2.462048e-02	8.464692e+00
5.320000e-06	-3.658180e-03	8.727167e+00
5.330000e-06	-1.732654e-02	8.927424e+00
5.340000e-06	-4.880664e-02	9.138475e+00
5.350000e-06	1.153099e-02	9.379551e+00
5.360000e-06	-2.735605e-02	9.593061e+00
5.370000e-06	-3.548093e-03	9.822187e+00
5.380000e-06	-4.384343e-02	1.011267e+01
5.390000e-06	-1.933157e-03	1.024421e+01
5.400000e-06	-2.107888e-02	1.044472e+01
5.410000e-06	-2.761304e-02	1.062424e+01
5.420000e-06	-2.935252e-02	1.087527e+01
5.430000e-06	-3.485506e-02	1.109427e+01
5.440000e-06	-7.032489e-03	1.127422e+01
5.450000e-06	-3.420588e-02	1.147317e+01
5.460000e-06	-2.816080e-02	1.171527e+01
5.470000e-06	-4.612732e-02	1.188474e+01
5.480000e-06	-2.004499e-02	1.202217e+01
5.490000e-06	-2.862573e-02	1.222059e+01
5.500000e-06	-3.374695e-02	1.239156e+01
5.510000e-06	-4.608805e-02	1.257995e+01
5.520000e-06	-4.033413e-02	1.269832e+01
5.530000e-06	-2.977692e-02	1.287524e+01
5.540000e-06	-4.323625e-02	1.302964e+01
5.550000e-06	-4.706539e-02	1.316151e+01
5.560000e-06	-4.919231e-02	1.330583e+01
5.570000e-06	-3.454480e-02	1.349421e+01
5.580000e-06	-4.587491e-02	1.362056e+01
5.590000e-06	-5.497537e-02	1.373635e+01
5.600000e-06	-6.066391e-02	1.384361e+01
5.610000e-06	-5.191336e-02	1.400996e+01
5.620000e-06	-4.973354e-02	1.414680e+01
5.630000e-06	-6.047102e-02	1.422204e+01
5.640000e-06	-6.614352e-02	1.432883e+01
5.650000e-06	-6.541262e-02	1.442169e+01
5.660000e-06	-5.844276e-02	1.452633e+01
5.670000e-06	-6.729958e-02	1.458159e+01
5.680000e-06	-7.396237e-02	1.469480e+01
5.690000e-06	-7.863398e-02	1.476995e+01
5.700000e-06	-7.237184e-02	1.486311e+01
5.710000e-06	-7.854459e-02	1.488424e+01
5.720000e-06	-8.839369e-02	1.493734e+01
5.730000e-06	-9.592849e-02	1.498156e+01
5.740000e-06	-9.166894e-02	1.504211e+01
5.750000e-06	-8.942551e-02	1.509325e+01
5.760000e-06	-9.677458e-02	1.515685e+01
5.770000e-06	-1.058045e-01	1.512841e+01
5.780000e-06	-1.084504e-01	1.521948e+01
5.790000e-06	-1.090188e-01	1.522051e+01
5.800000e-06	-1.173764e-01	1.525157e+01
5.810000e-06	-1.287975e-01	1.523154e+01
5.820000e-06	-1.341537e-01	1.524162e+01
5.830000e-06	-1.347392e-01	1.524261e+01
5.840000e-06	-1.393868e-01	1.524111e+01
5.850000e-06	-1.539826e-01	1.523213e+01
5.860000e-06	-1.674167e-01	1.519803e+01
5.870000e-06	-1.783670e-01	1.518898e+01
5.880000e-06	-1.905749e-01	1.512635e+01
5.890000e-06	-2.135810e-01	1.514540e+01
5.900000e-06	-2.401288e-01	1.508526e+01
5.910000e-06	-2.500000e-01	1.506206e+01
5.920000e-06	-2.500000e-01	1.498793e+01
5.930000e-06	-2.500000e-01	1.493627e+01
5.940000e-06	-2.500000e-01	1.490379e+01
5.950000e-06	-2.500000e-01	1.480246e+01
5.960000e-06	-2.500000e-01	1.472737e+01
5.970000e-06	-2.500000e-01	1.469309e+01
5.980000e-06	-2.484525e-01	1.455955e+01
5.990000e-06	-2.321338e-01	1.447477e+01
6.000000e-06	-2.007908e-01	1.439052e+01
6.010000e-06	-1.737233e-01	1.432527e+01
6.020000e-06	-1.530906e-01	1.420846e+01
6.030000e-06	-1.401736e-01	1.407464e+01
6.040000e-06	-1.278245e-01	1.395585e+01
6.050000e-06	-1.137624e-01	1.379956e+01
6.060000e-06	-1.011774e-01	1.368414e+01
6.070000e-06	-9.679062e-02	1.355787e+01
6.080000e-06	-9.215146e-02	1.343254e+01
6.090000e-06	-8.530920e-02	1.328367e+01
6.100000e-06	-7.594035e-02	1.312685e+01
6.110000e-06	-7.147985e-02	1.303850e+01
6.120000e-06	-7.053225e-02	1.284463e+01
6.130000e-06	-6.681950e-02	1.270371e+01
6.140000e-06	-6.171583e-02	1.257632e+01
6.150000e-06	-5.644442e-02	1.236945e+01
6.160000e-06	-5.641226e-02	1.220941e+01
6.170000e-06	-5.431337e-02	1.204053e+01
6.180000e-06	-5.171552e-02	1.185213e+01
6.190000e-06	-4.640237e-02	1.169119e+01
6.200000e-06	-4.661152e-02	1.146204e+01
6.210000e-06	-4.630963e-02	1.126156e+01
6.220000e-06	-4.617460e-02	1.108111e+01
6.230000e-06	-4.061381e-02	1.086221e+01
6.240000e-06	-3.967413e-02	1.062111e+01
6.250000e-06	-3.837844e-02	1.042956e+01
6.260000e-06	-3.938258e-02	1.021106e+01
6.270000e-06	-3.665692e-02	1.003055e+01
6.280000e-06	-3.348643e-02	9.819028e+00
6.290000e-06	-3.603204e-02	9.597452e+00
6.300000e-06	-3.593490e-02	9.357321e+00
6.310000e-06	-3.448537e-02	9.146342e+00
6.320000e-06	-2.860816e-02	8.905141e+00
6.330000e-06	-2.809147e-02	8.682585e+00
6.340000e-06	-2.952110e-02	8.452157e+00
6.350000e-06	-2.947128e-02	8.219528e+00
6.360000e-06	-2.981178e-02	7.998346e+00
6.370000e-06	-2.648423e-02	7.734312e+00
6.380000e-06	-2.891459e-02	7.469954e+00
6.390000e-06	-2.848942e-02	7.206495e+00
6.400000e-06	-2.457269e-02	6.956316e+00
6.410000e-06	-2.136767e-02	6.691161e+00
6.420000e-06	-2.132129e-02	6.429004e+00
6.430000e-06	-2.412969e-02	6.176374e+00
6.440000e-06	-2.421666e-02	5.935338e+00
6.450000e-06	-2.261604e-02	5.650481e+00
6.460000e-06	-2.311579e-02	5.408446e+00
6.470000e-06	-2.171446e-02	5.081057e+00
6.480000e-06	-2.170463e-02	4.775344e+00
6.490000e-06	-1.909940e-02	4.513211e+00
6.500000e-06	-1.682431e-02	4.280550e+00
6.510000e-06	-1.816224e-02	3.936313e+00
6.520000e-06	-1.911572e-02	3.662182e+00
6.530000e-06	-1.857001e-02	3.377521e+00
6.540000e-06	-1.648622e-02	3.134811e+00
6.550000e-06	-1.642099e-02	2.902632e+00
6.560000e-06	-1.768416e-02	2.597722e+00
6.570000e-06	-1.736799e-02	2.272633e+00
6.580000e-06	-1.494488e-02	2.012025e+00
6.590000e-06	-1.302168e-02	1.755791e+00
6.600000e-06	-1.353104e-02	1.441650e+00
6.610000e-06	-1.338505e-02	1.144888e+00
6.620000e-06	-1.261158e-02	7.775001e-01
6.630000e-06	-1.156036e-02	6.073123e-01
6.640000e-06	-1.091069e-02	2.915607e-01
6.650000e-06	-9.487403e-03	-1.260640e-02
6.660000e-06	-1.925659e-03	-2.447130e-01
6.670000e-06	3.301166e-03	-5.183472e-01
6.680000e-06	-1.483069e-03	-7.931077e-01
6.690000e-06	2.523786e-03	-1.078237e+00
6.700000e-06	-1.590880e-03	-1.369945e+00
6.710000e-06	1.512090e-03	-1.624629e+00
6.720000e-06	9.810782e-03	-1.884210e+00
6.730000e-06	6.523071e-02	-2.094714e+00
6.740000e-06	1.145945e-01	-2.413485e+00
6.750000e-06	-3.681996e-02	-2.804108e+00
6.760000e-06	-1.357568e-02	-3.243081e+00
6.770000e-06	-3.666576e-02	-3.413605e+00
6.780000e-06	-4.076557e-02	-3.632084e+00
6.790000e-06	-9.017537e-02	-3.835681e+00
6.800000e-06	1.338402e-01	-4.043608e+00
6.810000e-06	-3.989375e-02	-4.295820e+00
6.820000e-06	-1.577018e-02	-4.610559e+00
6.830000e-06	1.416403e-01	-4.814610e+00
6.840000e-06	-1.491652e-01	-5.171501e+00
6.850000e-06	1.326937e-01	-5.466237e+00
6.860000e-06	-1.057509e-01	-5.708849e+00
6.870000e-06	2.047277e-02	-6.002555e+00
6.880000e-06	9.538476e-02	-6.220063e+00
6.890000e-06	-7.343400e-02	-6.570450e+00
6.900000e-06	1.293689e-01	-6.791427e+00
6.910000e-06	-9.326250e-02	-7.096264e+00
6.920000e-06	6.793049e-02	-7.389378e+00
6.930000e-06	-8.341462e-03	-7.570456e+00
6.940000e-06	-6.271058e-03	-7.907316e+00
6.950000e-06	9.538973e-02	-8.135297e+00
6.960000e-06	-6.584274e-02	-8.359401e+00
6.970000e-06	1.168840e-01	-8.602536e+00
6.980000e-06	-5.905374e-02	-8.804167e+00
6.990000e-06	4.000108e-02	-9.094716e+00
7.000000e-06	6.659942e-03	-9.285242e+00
7.010000e-06	1.930056e-02	-9.507374e+00
7.020000e-06	7.039459e-02	-9.778447e+00
7.030000e-06	-2.155721e-02	-9.979401e+00
7.040000e-06	7.663662e-02	-1.017903e+01
7.050000e-06	-3.547957e-02	-1.045306e+01
7.060000e-06	7.738303e-02	-1.059306e+01
7.070000e-06	-1.608385e-02	-1.080303e+01
7.080000e-06	5.277824e-02	-1.099161e+01
7.090000e-06	1.405964e-02	-1.122116e+01
7.100000e-06	3.899501e-02	-1.144358e+01
7.110000e-06	3.911166e-02	-1.160153e+01
7.120000e-06	1.416118e-02	-1.182249e+01
7.130000e-06	4.817967e-02	-1.204210e+01
7.140000e-06	1.794180e-02	-1.219158e+01
7.150000e-06	6.338164e-02	-1.237048e+01
7.160000e-06	1.231692e-02	-1.253793e+01
7.170000e-06	5.182756e-02	-1.269627e+01
7.180000e-06	2.087641e-02	-1.288469e+01
7.190000e-06	5.812348e-02	-1.299098e+01
7.200000e-06	3.421989e-02	-1.313890e+01
7.210000e-06	5.023059e-02	-1.331477e+01
7.220000e-06	4.177394e-02	-1.342306e+01
7.230000e-06	5.021624e-02	-1.356248e+01
7.240000e-06	5.039392e-02	-1.375627e+01
7.250000e-06	4.282568e-02	-1.383159e+01
7.260000e-06	4.931525e-02	-1.397943e+01
7.270000e-06	5.096425e-02	-1.407472e+01
7.280000e-06	6.511420e-02	-1.418893e+01
7.290000e-06	5.484340e-02	-1.434775e+01
7.300000e-06	6.126638e-02	-1.442155e+01
7.310000e-06	5.704933e-02	-1.452677e+01
7.320000e-06	7.171492e-02	-1.463203e+01
7.330000e-06	6.673915e-02	-1.468574e+01
7.340000e-06	7.032806e-02	-1.473897e+01
7.350000e-06	6.855663e-02	-1.489161e+01
7.360000e-06	7.735771e-02	-1.487587e+01
7.370000e-06	7.808015e-02	-1.496791e+01
7.380000e-06	7.794339e-02	-1.499998e+01
7.390000e-06	8.102429e-02	-1.505366e+01
7.400000e-06	8.825320e-02	-1.509777e+01
7.410000e-06	9.745885e-02	-1.516792e+01
7.420000e-06	9.565406e-02	-1.521055e+01
7.430000e-06	9.812405e-02	-1.523151e+01
7.440000e-06	9.948533e-02	-1.527214e+01
7.450000e-06	1.098282e-01	-1.529472e+01
7.460000e-06	1.133011e-01	-1.530671e+01
7.470000e-06	1.188460e-01	-1.530529e+01
7.480000e-06	1.240138e-01	-1.531524e+01
7.490000e-06	1.346303e-01	-1.528619e+01
7.500000e-06	1.421523e-01	-1.528216e+01
7.510000e-06	1.462347e-01	-1.527261e+01
7.520000e-06	1.553217e-01	-1.525961e+01
7.530000e-06	1.706620e-01	-1.523466e+01
7.540000e-06	1.922581e-01	-1.519943e+01
7.550000e-06	2.123092e-01	-1.516935e+01
7.560000e-06	2.379111e-01	-1.515685e+01
7.570000e-06	2.499992e-01	-1.503459e+01
7.580000e-06	2.500000e-01	-1.504148e+01
7.590000e-06	2.500000e-01	-1.494835e+01
7.600000e-06	2.500000e-01	-1.489221e+01
7.610000e-06	2.500000e-01	-1.485161e+01
7.620000e-06	2.500000e-01	-1.475635e+01
7.630000e-06	2.500000e-01	-1.466514e+01
7.640000e-06	2.413807e-01	-1.459040e+01
7.650000e-06	2.127396e-01	-1.453424e+01
7.660000e-06	1.818673e-01	-1.443011e+01
7.670000e-06	1.631398e-01	-1.431562e+01
7.680000e-06	1.392272e-01	-1.417990e+01
7.690000e-06	1.256633e-01	-1.406364e+01
7.700000e-06	1.099124e-01	-1.396640e+01
7.710000e-06	1.039351e-01	-1.382213e+01
7.720000e-06	9.350389e-02	-1.369424e+01
7.730000e-06	8.593042e-02	-1.356050e+01
7.740000e-06	7.600174e-02	-1.346151e+01
7.750000e-06	7.007428e-02	-1.328424e+01
7.760000e-06	6.515747e-02	-1.314887e+01
7.770000e-06	5.885526e-02	-1.300048e+01
7.780000e-06	5.499036e-02	-1.292266e+01
7.790000e-06	5.156879e-02	-1.274625e+01
7.800000e-06	5.102134e-02	-1.252679e+01
7.810000e-06	4.782279e-02	-1.242898e+01
7.820000e-06	4.359966e-02	-1.219108e+01
7.830000e-06	3.876753e-02	-1.205156e+01
7.840000e-06	3.751330e-02	-1.186200e+01
7.850000e-06	3.418988e-02	-1.162151e+01
7.860000e-06	3.192431e-02	-1.147105e+01
7.870000e-06	2.837476e-02	-1.125045e+01
7.880000e-06	2.904929e-02	-1.097947e+01
7.890000e-06	2.980086e-02	-1.082100e+01
7.900000e-06	2.877383e-02	-1.064908e+01
7.910000e-06	2.519611e-02	-1.044063e+01
7.920000e-06	2.197069e-02	-1.020847e+01
7.930000e-06	2.132460e-02	-9.976418e+00
7.940000e-06	1.972730e-02	-9.778324e+00
7.950000e-06	1.857846e-02	-9.537900e+00
7.960000e-06	1.704566e-02	-9.336241e+00
7.970000e-06	1.744195e-02	-9.103261e+00
7.980000e-06	1.726168e-02	-8.892085e+00
7.990000e-06	1.565449e-02	-8.652055e+00
8.000000e-06	1.297671e-02	-8.397976e+00
8.010000e-06	1.133886e-02	-8.188396e+00
8.020000e-06	1.200872e-02	-7.968818e+00
8.030000e-06	1.107377e-02	-7.673154e+00
8.040000e-06	9.689892e-03	-7.398970e+00
8.050000e-06	8.626647e-03	-7.187844e+00
8.060000e-06	7.764456e-03	-6.913760e+00
8.070000e-06	8.280009e-03	-6.651581e+00
8.080000e-06	5.985144e-03	-6.390523e+00
8.090000e-06	3.842539e-03	-6.174715e+00
8.100000e-06	4.110116e-03	-5.863077e+00
8.110000e-06	4.217052e-03	-5.639549e+00
8.120000e-06	4.405813e-03	-5.284210e+00
8.130000e-06	1.690009e-03	-5.030022e+00
8.140000e-06	1.238489e-03	-4.724763e+00
8.150000e-06	1.185168e-03	-4.441077e+00
8.160000e-06	1.314054e-03	-4.260523e+00
8.170000e-06	-9.705891e-04	-3.966767e+00
8.180000e-06	-2.942153e-03	-3.643031e+00
8.190000e-06	-9.144117e-04	-3.429469e+00
8.200000e-06	-1.433154e-03	-3.105784e+00
8.210000e-06	-1.779356e-03	-2.858999e+00
8.220000e-06	-5.132318e-03	-2.566787e+00
8.230000e-06	-4.596929e-03	-2.303158e+00
8.240000e-06	-4.269016e-03	-1.998914e+00
8.250000e-06	-4.037199e-03	-1.735711e+00
8.260000e-06	-6.514498e-03	-1.410471e+00
8.270000e-06	-6.742257e-03	-1.083661e+00
8.280000e-06	-7.492615e-03	-8.190426e-01
8.290000e-06	-6.470869e-03	-5.347571e-01
8.300000e-06	-6.294018e-03	-2.610266e-01
8.310000e-06	-4.329246e-03	3.078697e-03
8.320000e-06	6.943577e-03	2.958444e-01
8.330000e-06	7.549118e-04	5.289772e-01
8.340000e-06	3.405650e-03	7.795075e-01
8.350000e-06	-1.636923e-03	1.086318e+00
8.360000e-06	-7.598645e-04	1.378452e+00
8.370000e-06	-2.023687e-03	1.706292e+00
8.380000e-06	8.528311e-03	1.908872e+00
8.390000e-06	3.879594e-02	2.107376e+00
8.400000e-06	1.033002e-01	2.414612e+00
8.410000e-06	1.433654e-03	2.769180e+00
8.420000e-06	-4.597597e-02	3.056816e+00
8.430000e-06	-3.357279e-02	3.326900e+00
8.440000e-06	-2.983576e-02	3.622637e+00
8.450000e-06	-6.691097e-02	3.835243e+00
8.460000e-06	-5.378291e-02	4.062117e+00
8.470000e-06	9.214464e-02	4.317375e+00
8.480000e-06	-5.205435e-02	4.642713e+00
8.490000e-06	2.509284e-02	4.851689e+00
8.500000e-06	8.559661e-02	5.211985e+00
8.510000e-06	-1.162786e-01	5.486764e+00
8.520000e-06	5.455565e-02	5.748429e+00
8.530000e-06	-5.113382e-02	6.033104e+00
8.540000e-06	2.958067e-02	6.243591e+00
8.550000e-06	-9.132020e-04	6.550457e+00
8.560000e-06	-4.522835e-02	6.792537e+00
8.570000e-06	2.869470e-02	7.044715e+00
8.580000e-06	-4.908139e-02	7.327326e+00
8.590000e-06	2.202200e-02	7.592639e+00
8.600000e-06	-5.924896e-02	7.876845e+00
8.610000e-06	1.759455e-02	8.131001e+00
8.620000e-06	7.641231e-03	8.409555e+00
8.630000e-06	-2.821121e-02	8.589033e+00
8.640000e-06	5.539835e-03	8.822634e+00
8.650000e-06	-6.348367e-02	9.023141e+00
8.660000e-06	1.418895e-03	9.294198e+00
8.670000e-06	-2.073360e-02	9.496799e+00
8.680000e-06	-2.928399e-03	9.727274e+00
8.690000e-06	-3.322086e-02	9.958003e+00
8.700000e-06	-1.434775e-02	1.019003e+01
8.710000e-06	-6.345351e-03	1.038943e+01
8.720000e-06	-3.222307e-02	1.056948e+01
8.730000e-06	-2.592742e-02	1.079153e+01
8.740000e-06	-4.275829e-02	1.100001e+01
8.750000e-06	-1.244974e-02	1.120153e+01
8.760000e-06	-2.772445e-02	1.139948e+01
8.770000e-06	-2.770856e-02	1.158009e+01
8.780000e-06	-4.242501e-02	1.180053e+01
8.790000e-06	-2.583209e-02	1.202053e+01
8.800000e-06	-2.435182e-02	1.216840e+01
8.810000e-06	-3.089736e-02	1.232838e+01
8.820000e-06	-4.382544e-02	1.251685e+01
8.830000e-06	-4.476196e-02	1.265272e+01
8.840000e-06	-3.164492e-02	1.286109e+01
8.850000e-06	-3.963968e-02	1.294938e+01
8.860000e-06	-4.455112e-02	1.312642e+01
8.870000e-06	-5.109204e-02	1.328659e+01
8.880000e-06	-3.671373e-02	1.341113e+01
8.890000e-06	-4.222251e-02	1.354685e+01
8.900000e-06	-4.937324e-02	1.371272e+01
8.910000e-06	-6.251630e-02	1.376841e+01
8.920000e-06	-5.531226e-02	1.392785e+01
8.930000e-06	-5.104955e-02	1.406367e+01
8.940000e-06	-5.546006e-02	1.417896e+01
8.950000e-06	-6.560624e-02	1.428580e+01
8.960000e-06	-6.757631e-02	1.438108e+01
8.970000e-06	-5.952972e-02	1.450427e+01
8.980000e-06	-6.387738e-02	1.458206e+01
8.990000e-06	-7.014609e-02	1.467322e+01
9.000000e-06	-7.944630e-02	1.473933e+01
9.010000e-06	-7.362522e-02	1.482063e+01
9.020000e-06	-7.598993e-02	1.489322e+01
9.030000e-06	-8.343320e-02	1.494675e+01
9.040000e-06	-9.501440e-02	1.494881e+01
9.050000e-06	-9.423488e-02	1.503156e+01
9.060000e-06	-8.942286e-02	1.511374e+01
9.070000e-06	-9.322437e-02	1.513535e+01
9.080000e-06	-1.024559e-01	1.514898e+01
9.090000e-06	-1.096480e-01	1.519891e+01
9.100000e-06	-1.088754e-01	1.522153e+01
9.110000e-06	-1.122986e-01	1.523099e+01
9.120000e-06	-1.230583e-01	1.525217e+01
9.130000e-06	-1.351247e-01	1.525059e+01
9.140000e-06	-1.341519e-01	1.523254e+01
9.150000e-06	-1.377256e-01	1.526259e+01
9.160000e-06	-1.452555e-01	1.526258e+01
9.170000e-06	-1.614606e-01	1.523001e+01
9.180000e-06	-1.738615e-01	1.517993e+01
9.190000e-06	-1.827538e-01	1.518687e+01
9.200000e-06	-2.030230e-01	1.516575e+01
9.210000e-06	-2.304546e-01	1.510577e+01
9.220000e-06	-2.486678e-01	1.505256e+01
9.230000e-06	-2.500000e-01	1.501943e+01
9.240000e-06	-2.500000e-01	1.494630e+01
9.250000e-06	-2.500000e-01	1.489582e+01
9.260000e-06	-2.500000e-01	1.482164e+01
9.270000e-06	-2.500000e-01	1.475840e+01
9.280000e-06	-2.500000e-01	1.464427e+01
9.290000e-06	-2.496880e-01	1.459051e+01
9.300000e-06	-2.417535e-01	1.452480e+01
9.310000e-06	-2.145415e-01	1.445311e+01
9.320000e-06	-1.829825e-01	1.433732e+01
9.330000e-06	-1.604425e-01	1.421101e+01
9.340000e-06	-1.449333e-01	1.410477e+01
9.350000e-06	-1.346871e-01	1.400046e+01
9.360000e-06	-1.184855e-01	1.386361e+01
9.370000e-06	-1.066094e-01	1.372485e+01
9.380000e-06	-9.850419e-02	1.360101e+01
9.390000e-06	-9.519749e-02	1.346404e+01
9.400000e-06	-8.788350e-02	1.335638e+01
9.410000e-06	-7.852461e-02	1.319990e+01
9.420000e-06	-7.263547e-02	1.304151e+01
9.430000e-06	-7.113340e-02	1.290324e+01
9.440000e-06	-6.925851e-02	1.277582e+01
9.450000e-06	-6.272653e-02	1.259993e+01
9.460000e-06	-5.719760e-02	1.243266e+01
9.470000e-06	-5.628398e-02	1.229408e+01
9.480000e-06	-5.647145e-02	1.208369e+01
9.490000e-06	-5.375303e-02	1.194480e+01
9.500000e-06	-4.795542e-02	1.176482e+01
9.510000e-06	-4.617415e-02	1.153577e+01
9.520000e-06	-4.656729e-02	1.132474e+01
9.530000e-06	-4.620227e-02	1.117384e+01
9.540000e-06	-4.151941e-02	1.094637e+01
9.550000e-06	-3.951998e-02	1.075687e+01
9.560000e-06	-3.946557e-02	1.055670e+01
9.570000e-06	-4.120815e-02	1.033522e+01
9.580000e-06	-3.688005e-02	1.010480e+01
9.590000e-06	-3.486495e-02	9.914264e+00
9.600000e-06	-3.313827e-02	9.652009e+00
9.610000e-06	-3.626401e-02	9.451529e+00
9.620000e-06	-3.410519e-02	9.260529e+00
9.630000e-06	-3.133729e-02	9.019005e+00
9.640000e-06	-2.907628e-02	8.757345e+00
9.650000e-06	-3.096395e-02	8.584844e+00
9.660000e-06	-3.015864e-02	8.314265e+00
9.670000e-06	-2.856709e-02	8.061189e+00
9.680000e-06	-2.625751e-02	7.820450e+00
9.690000e-06	-2.650985e-02	7.565899e+00
9.700000e-06	-2.771352e-02	7.293191e+00
9.710000e-06	-2.631698e-02	7.032108e+00
9.720000e-06	-2.319943e-02	6.799301e+00
9.730000e-06	-2.184839e-02	6.554242e+00
9.740000e-06	-2.420655e-02	6.282634e+00
9.750000e-06	-2.376650e-02	6.029597e+00
9.760000e-06	-2.277471e-02	5.774849e+00
9.770000e-06	-2.062525e-02	5.492685e+00
9.780000e-06	-2.140699e-02	5.230954e+00
9.790000e-06	-2.160499e-02	4.912109e+00
9.800000e-06	-2.056114e-02	4.607901e+00
9.810000e-06	-1.744131e-02	4.377342e+00
9.820000e-06	-1.752278e-02	4.031510e+00
9.830000e-06	-1.854559e-02	3.787375e+00
9.840000e-06	-1.901034e-02	3.545315e+00
9.850000e-06	-1.631457e-02	3.249453e+00
9.860000e-06	-1.573122e-02	2.987849e+00
9.870000e-06	-1.792162e-02	2.705708e+00
9.880000e-06	-1.748203e-02	2.398919e+00
9.890000e-06	-1.573882e-02	2.145212e+00
9.900000e-06	-1.313438e-02	1.903181e+00
9.910000e-06	-1.299315e-02	1.566301e+00
9.920000e-06	-1.234227e-02	1.301134e+00
9.930000e-06	-1.413896e-02	9.659158e-01
9.940000e-06	-1.087916e-02	6.821315e-01
9.950000e-06	-1.172172e-02	3.978976e-01
9.960000e-06	-1.052560e-02	1.121564e-01
9.970000e-06	-7.331100e-03	-1.900262e-01
9.980000e-06	5.631798e-03	-3.930789e-01
9.990000e-06	-1.995952e-03	-7.288196e-01
1.000000e-05	4.841710e-03	-9.484212e-01
1.001000e-05	-2.342152e-03	-1.243106e+00
1.002000e-05	1.892747e-03	-1.549501e+00
1.003000e-05	2.202133e-03	-1.729974e+00
1.004000e-05	3.459802e-02	-1.961553e+00
1.005000e-05	1.130422e-01	-2.296136e+00
1.006000e-05	2.854421e-02	-2.613712e+00
1.007000e-05	-4.179401e-02	-3.075738e+00
1.008000e-05	-1.338473e-02	-3.339345e+00
1.009000e-05	-4.260211e-02	-3.548874e+00
1.010000e-05	-8.138859e-02	-3.778475e+00
1.011000e-05	2.389035e-02	-3.971000e+00
1.012000e-05	1.046238e-01	-4.198930e+00
1.013000e-05	-1.330681e-01	-4.486214e+00
1.014000e-05	1.880883e-01	-4.725819e+00
1.015000e-05	-8.246423e-02	-5.013082e+00
1.016000e-05	1.527684e-02	-5.349002e+00
1.017000e-05	4.509824e-02	-5.582054e+00
1.018000e-05	-1.203345e-01	-5.906395e+00
1.019000e-05	1.656375e-01	-6.106770e+00
1.020000e-05	-7.569227e-02	-6.372080e+00
1.021000e-05	8.397077e-02	-6.687295e+00
1.022000e-05	6.030844e-04	-6.929350e+00
1.023000e-05	-3.899664e-02	-7.265260e+00
1.024000e-05	8.668231e-02	-7.465740e+00
1.025000e-05	-7.921588e-02	-7.801346e+00
1.026000e-05	1.202370e-01	-8.063688e+00
1.027000e-05	-4.209413e-02	-8.263687e+00
1.028000e-05	5.468891e-02	-8.508345e+00
1.029000e-05	3.475039e-02	-8.749475e+00
1.030000e-05	-4.790023e-02	-9.010054e+00
1.031000e-05	7.440479e-02	-9.181002e+00
1.032000e-05	-4.309018e-02	-9.454562e+00
1.033000e-05	1.058668e-01	-9.675190e+00
1.034000e-05	-2.869278e-02	-9.864712e+00
1.035000e-05	6.674415e-02	-1.008432e+01
1.036000e-05	-4.928301e-03	-1.029829e+01
1.037000e-05	3.253992e-02	-1.049842e+01
1.038000e-05	3.422769e-02	-1.070482e+01
1.039000e-05	1.849731e-03	-1.089835e+01
1.040000e-05	5.955026e-02	-1.109833e+01
1.041000e-05	-3.382295e-04	-1.135035e+01
1.042000e-05	6.996777e-02	-1.153834e+01
1.043000e-05	-4.787460e-03	-1.174888e+01
1.044000e-05	5.679809e-02	-1.193950e+01
1.045000e-05	1.212914e-02	-1.213890e+01
1.046000e-05	5.910717e-02	-1.231619e+01
1.047000e-05	2.566739e-02	-1.245379e+01
1.048000e-05	3.672745e-02	-1.265321e+01
1.049000e-05	3.528820e-02	-1.279038e+01
1.050000e-05	3.852696e-02	-1.297895e+01
1.051000e-05	5.132123e-02	-1.305574e+01
1.052000e-05	3.338450e-02	-1.326469e+01
1.053000e-05	5.543358e-02	-1.339040e+01
1.054000e-05	3.801087e-02	-1.350870e+01
1.055000e-05	6.075195e-02	-1.367274e+01
1.056000e-05	3.682047e-02	-1.380088e+01
1.057000e-05	5.312093e-02	-1.392469e+01
1.058000e-05	4.501692e-02	-1.405167e+01
1.059000e-05	6.310044e-02	-1.414940e+01
1.060000e-05	5.540549e-02	-1.429517e+01
1.061000e-05	5.965005e-02	-1.434050e+01
1.062000e-05	5.816284e-02	-1.444418e+01
1.063000e-05	6.564558e-02	-1.457900e+01
1.064000e-05	6.983501e-02	-1.464262e+01
1.065000e-05	6.649727e-02	-1.472832e+01
1.066000e-05	7.046372e-02	-1.484056e+01
1.067000e-05	7.051451e-02	-1.487577e+01
1.068000e-05	8.004386e-02	-1.495691e+01
1.069000e-05	7.543236e-02	-1.494951e+01
1.070000e-05	8.160513e-02	-1.506221e+01
1.071000e-05	8.305138e-02	-1.508572e+01
1.072000e-05	9.574489e-02	-1.513682e+01
1.073000e-05	9.432044e-02	-1.517850e+01
1.074000e-05	9.863510e-02	-1.523153e+01
1.075000e-05	9.799340e-02	-1.524111e+01
1.076000e-05	1.053834e-01	-1.527311e+01
1.077000e-05	1.111807e-01	-1.527669e+01
1.078000e-05	1.151445e-01	-1.529574e+01
1.079000e-05	1.216644e-01	-1.530574e+01
1.080000e-05	1.288052e-01	-1.528627e+01
1.081000e-05	1.404190e-01	-1.529574e+01
1.082000e-05	1.446062e-01	-1.528423e+01
1.083000e-05	1.530359e-01	-1.526413e+01
1.084000e-05	1.629852e-01	-1.524403e+01
1.085000e-05	1.825990e-01	-1.519951e+01
1.086000e-05	2.031111e-01	-1.517842e+01
1.087000e-05	2.271199e-01	-1.512725e+01
1.088000e-05	2.461279e-01	-1.509769e+01
1.089000e-05	2.500000e-01	-1.502253e+01
1.090000e-05	2.500000e-01	-1.494942e+01
1.091000e-05	2.500000e-01	-1.491677e+01
1.092000e-05	2.500000e-01	-1.488208e+01
1.093000e-05	2.500000e-01	-1.479947e+01
1.094000e-05	2.500000e-01	-1.470519e+01
1.095000e-05	2.477010e-01	-1.461301e+01
1.096000e-05	2.256774e-01	-1.453532e+01
1.097000e-05	1.930596e-01	-1.446306e+01
1.098000e-05	1.701337e-01	-1.434735e+01
1.099000e-05	1.511345e-01	-1.424108e+01
1.100000e-05	1.334328e-01	-1.413520e+01
1.101000e-05	1.171432e-01	-1.405003e+01
1.102000e-05	1.066656e-01	-1.389474e+01
1.103000e-05	9.677224e-02	-1.378837e+01
1.104000e-05	8.709686e-02	-1.364155e+01
1.105000e-05	7.784431e-02	-1.350616e+01
1.106000e-05	7.168072e-02	-1.335587e+01
1.107000e-05	6.822478e-02	-1.326155e+01
1.108000e-05	6.424748e-02	-1.308361e+01
1.109000e-05	5.712791e-02	-1.292679e+01
1.110000e-05	5.364601e-02	-1.275892e+01
1.111000e-05	5.040478e-02	-1.260002e+01
1.112000e-05	4.829428e-02	-1.247211e+01
1.113000e-05	4.396091e-02	-1.231426e+01
1.114000e-05	3.990413e-02	-1.212619e+01
1.115000e-05	3.760615e-02	-1.190614e+01
1.116000e-05	3.672896e-02	-1.174634e+01
1.117000e-05	3.438940e-02	-1.147379e+01
1.118000e-05	3.092253e-02	-1.127468e+01
1.119000e-05	2.984933e-02	-1.107511e+01
1.120000e-05	2.890753e-02	-1.087479e+01
1.121000e-05	2.877650e-02	-1.069376e+01
1.122000e-05	2.585423e-02	-1.052569e+01
1.123000e-05	2.344809e-02	-1.021213e+01
1.124000e-05	2.200070e-02	-1.002268e+01
1.125000e-05	2.124487e-02	-9.852011e+00
1.126000e-05	1.887448e-02	-9.682630e+00
1.127000e-05	1.820387e-02	-9.430476e+00
1.128000e-05	1.739117e-02	-9.209448e+00
1.129000e-05	1.748717e-02	-8.997374e+00
1.130000e-05	1.666363e-02	-8.767817e+00
1.131000e-05	1.473400e-02	-8.506639e+00
1.132000e-05	1.230812e-02	-8.282606e+00
1.133000e-05	1.121012e-02	-8.082608e+00
1.134000e-05	1.049060e-02	-7.838375e+00
1.135000e-05	1.081320e-02	-7.533310e+00
1.136000e-05	9.023334e-03	-7.280608e+00
1.137000e-05	8.391038e-03	-7.029502e+00
1.138000e-05	6.732844e-03	-6.755816e+00
1.139000e-05	7.641981e-03	-6.533740e+00
1.140000e-05	5.486218e-03	-6.242578e+00
1.141000e-05	5.984693e-03	-6.008421e+00
1.142000e-05	2.578685e-03	-5.754138e+00
1.143000e-05	5.128572e-03	-5.389569e+00
1.144000e-05	2.379747e-03	-5.146365e+00
1.145000e-05	2.501351e-03	-4.838977e+00
1.146000e-05	-2.007445e-05	-4.546312e+00
1.147000e-05	9.162531e-04	-4.323235e+00
1.148000e-05	8.730789e-04	-4.081581e+00
1.149000e-05	5.661577e-04	-3.758344e+00
1.150000e-05	-1.986181e-03	-3.513734e+00
1.151000e-05	-3.357869e-03	-3.231548e+00
1.152000e-05	-3.195548e-03	-2.975338e+00
1.153000e-05	-3.420725e-03	-2.671632e+00
1.154000e-05	-3.247430e-03	-2.419370e+00
1.155000e-05	-4.547824e-03	-2.132708e+00
1.156000e-05	-4.106660e-03	-1.819996e+00
1.157000e-05	-4.616586e-03	-1.567837e+00
1.158000e-05	-6.119738e-03	-1.237968e+00
1.159000e-05	-8.496432e-03	-9.538359e-01
1.160000e-05	-6.765552e-03	-6.720528e-01
1.161000e-05	-6.907303e-03	-3.258649e-01
1.162000e-05	-5.038200e-03	-1.132082e-01
1.163000e-05	2.953512e-03	2.006024e-01
1.164000e-05	4.960126e-03	4.333116e-01
1.165000e-05	2.126922e-05	6.967694e-01
1.166000e-05	3.523943e-03	9.590311e-01
1.167000e-05	-2.789006e-03	1.264190e+00
1.168000e-05	-5.013477e-05	1.539977e+00
1.169000e-05	6.406942e-04	1.852138e+00
1.170000e-05	2.257858e-02	2.043115e+00
1.171000e-05	8.175385e-02	2.285868e+00
1.172000e-05	6.561307e-02	2.683211e+00
1.173000e-05	-5.442987e-02	2.970501e+00
1.174000e-05	-2.747469e-02	3.213587e+00
1.175000e-05	-3.781481e-02	3.518399e+00
1.176000e-05	-4.035598e-02	3.759002e+00
1.177000e-05	-8.497381e-02	3.959000e+00
1.178000e-05	4.111398e-02	4.221134e+00
1.179000e-05	4.661924e-02	4.547375e+00
1.180000e-05	-8.264571e-02	4.777500e+00
1.181000e-05	1.503037e-01	5.044668e+00
1.182000e-05	-9.249492e-02	5.390083e+00
1.183000e-05	-3.402311e-04	5.612063e+00
1.184000e-05	1.176143e-03	5.919847e+00
1.185000e-05	-3.030525e-02	6.127901e+00
1.186000e-05	5.141385e-02	6.412087e+00
1.187000e-05	-6.328635e-02	6.696446e+00
1.188000e-05	2.480265e-02	6.947852e+00
1.189000e-05	-3.183153e-02	7.232587e+00
1.190000e-05	-9.601773e-04	7.485345e+00
1.191000e-05	-2.225555e-02	7.770929e+00
1.192000e-05	-3.186273e-02	8.025189e+00
1.193000e-05	3.480699e-02	8.297320e+00
1.194000e-05	-3.136338e-02	8.516221e+00
1.195000e-05	3.850331e-03	8.696345e+00
1.196000e-05	-3.682403e-02	8.968906e+00
1.197000e-05	-3.549018e-02	9.172034e+00
1.198000e-05	4.397078e-03	9.411637e+00
1.199000e-05	-2.069222e-02	9.654169e+00
1.200000e-05	-1.010091e-02	9.864692e+00
1.201000e-05	-3.680727e-02	1.011577e+01
1.202000e-05	6.861299e-05	1.030522e+01
1.203000e-05	-2.729810e-02	1.049675e+01
1.204000e-05	-2.743614e-02	1.070820e+01
1.205000e-05	-3.408971e-02	1.092632e+01
1.206000e-05	-2.991075e-02	1.109577e+01
1.207000e-05	-1.099943e-02	1.131622e+01
1.208000e-05	-3.436347e-02	1.151738e+01
1.209000e-05	-3.057170e-02	1.172788e+01
1.210000e-05	-4.189281e-02	1.190633e+01
1.211000e-05	-1.925261e-02	1.211474e+01
1.212000e-05	-3.072234e-02	1.226162e+01
1.213000e-05	-3.702739e-02	1.242317e+01
1.214000e-05	-4.666104e-02	1.261958e+01
1.215000e-05	-3.772478e-02	1.276935e+01
1.216000e-05	-3.213673e-02	1.290533e+01
1.217000e-05	-4.339854e-02	1.306364e+01
1.218000e-05	-4.787578e-02	1.320111e+01
1.219000e-05	-4.605384e-02	1.337635e+01
1.220000e-05	-3.695659e-02	1.351427e+01
1.221000e-05	-4.700420e-02	1.365209e+01
1.222000e-05	-5.789003e-02	1.372636e+01
1.223000e-05	-5.995077e-02	1.388469e+01
1.224000e-05	-5.144643e-02	1.399156e+01
1.225000e-05	-5.131789e-02	1.415790e+01
1.226000e-05	-6.141385e-02	1.425359e+01
1.227000e-05	-6.818520e-02	1.435741e+01
1.228000e-05	-6.422558e-02	1.446419e+01
1.229000e-05	-6.061661e-02	1.455987e+01
1.230000e-05	-6.755491e-02	1.461256e+01
1.231000e-05	-7.645212e-02	1.474575e+01
1.232000e-05	-7.642758e-02	1.481005e+01
1.233000e-05	-7.317201e-02	1.485314e+01
1.234000e-05	-7.873248e-02	1.492424e+01
1.235000e-05	-9.040112e-02	1.494832e+01
1.236000e-05	-9.515257e-02	1.503006e+01
1.237000e-05	-9.153879e-02	1.508466e+01
1.238000e-05	-8.995150e-02	1.509524e+01
1.239000e-05	-9.917928e-02	1.516688e+01
1.240000e-05	-1.073971e-01	1.516793e+01
1.241000e-05	-1.098300e-01	1.521846e+01
1.242000e-05	-1.100974e-01	1.521054e+01
1.243000e-05	-1.184398e-01	1.524056e+01
1.244000e-05	-1.291844e-01	1.525304e+01
1.245000e-05	-1.343300e-01	1.524203e+01
1.246000e-05	-1.351076e-01	1.523151e+01
1.247000e-05	-1.417535e-01	1.522049e+01
1.248000e-05	-1.558123e-01	1.521114e+01
1.249000e-05	-1.713966e-01	1.523001e+01
1.250000e-05	-1.791526e-01	1.518991e+01
1.251000e-05	-1.924795e-01	1.511645e+01
1.252000e-05	-2.205881e-01	1.514629e+01
1.253000e-05	-2.423572e-01	1.509374e+01
1.254000e-05	-2.500000e-01	1.500905e+01
1.255000e-05	-2.500000e-01	1.495991e+01
1.256000e-05	-2.500000e-01	1.494527e+01
1.257000e-05	-2.500000e-01	1.488117e+01
1.258000e-05	-2.500000e-01	1.475995e+01
1.259000e-05	-2.500000e-01	1.477592e+01
1.260000e-05	-2.500000e-01	1.464213e+01
1.261000e-05	-2.470604e-01	1.457733e+01
1.262000e-05	-2.275578e-01	1.446262e+01
1.263000e-05	-1.935935e-01	1.439840e+01
1.264000e-05	-1.647750e-01	1.426261e+01
1.265000e-05	-1.469094e-01	1.416840e+01
1.266000e-05	-1.377507e-01	1.404316e+01
1.267000e-05	-1.263947e-01	1.394527e+01
1.268000e-05	-1.140614e-01	1.382996e+01
1.269000e-05	-1.044566e-01	1.366161e+01
1.270000e-05	-9.794351e-02	1.353827e+01
1.271000e-05	-9.121713e-02	1.337046e+01
1.272000e-05	-8.063195e-02	1.324111e+01
1.273000e-05	-7.193731e-02	1.309774e+01
1.274000e-05	-6.991146e-02	1.299535e+01
1.275000e-05	-6.963177e-02	1.283951e+01
1.276000e-05	-6.746480e-02	1.267116e+01
1.277000e-05	-6.136748e-02	1.251471e+01
1.278000e-05	-5.832294e-02	1.233680e+01
1.279000e-05	-5.827979e-02	1.216737e+01
1.280000e-05	-5.518750e-02	1.196843e+01
1.281000e-05	-4.953447e-02	1.184000e+01
1.282000e-05	-4.471028e-02	1.166003e+01
1.283000e-05	-4.596109e-02	1.146851e+01
1.284000e-05	-4.677340e-02	1.118898e+01
1.285000e-05	-4.350070e-02	1.101893e+01
1.286000e-05	-4.088190e-02	1.086206e+01
1.287000e-05	-3.965503e-02	1.063945e+01
1.288000e-05	-4.259620e-02	1.041896e+01
1.289000e-05	-3.908042e-02	1.020005e+01
1.290000e-05	-3.605107e-02	1.000935e+01
1.291000e-05	-3.259244e-02	9.755224e+00
1.292000e-05	-3.520631e-02	9.525364e+00
1.293000e-05	-3.363759e-02	9.315319e+00
1.294000e-05	-3.268034e-02	9.123666e+00
1.295000e-05	-2.930323e-02	8.902559e+00
1.296000e-05	-3.126396e-02	8.619080e+00
1.297000e-05	-3.105202e-02	8.439902e+00
1.298000e-05	-3.002362e-02	8.165798e+00
1.299000e-05	-2.661142e-02	7.934320e+00
1.300000e-05	-2.587079e-02	7.702162e+00
1.301000e-05	-2.688019e-02	7.427505e+00
1.302000e-05	-2.618690e-02	7.146262e+00
1.303000e-05	-2.335681e-02	6.873734e+00
1.304000e-05	-2.223234e-02	6.660430e+00
1.305000e-05	-2.443194e-02	6.346920e+00
1.306000e-05	-2.531281e-02	6.135821e+00
1.307000e-05	-2.297817e-02	5.893110e+00
1.308000e-05	-2.188458e-02	5.566995e+00
1.309000e-05	-2.092571e-02	5.337265e+00
1.310000e-05	-2.125266e-02	5.019427e+00
1.311000e-05	-2.023511e-02	4.711710e+00
1.312000e-05	-1.940271e-02	4.430157e+00
1.313000e-05	-1.799318e-02	4.207999e+00
1.314000e-05	-1.943068e-02	3.894736e+00
1.315000e-05	-1.978404e-02	3.659605e+00
1.316000e-05	-1.864286e-02	3.365815e+00
1.317000e-05	-1.544796e-02	3.062157e+00
1.318000e-05	-1.648732e-02	2.848503e+00
1.319000e-05	-1.656840e-02	2.514736e+00
1.320000e-05	-1.606800e-02	2.240052e+00
1.321000e-05	-1.398964e-02	2.007920e+00
1.322000e-05	-1.405532e-02	1.703239e+00
1.323000e-05	-1.338717e-02	1.368371e+00
1.324000e-05	-1.429522e-02	1.122608e+00
1.325000e-05	-1.269964e-02	7.673674e-01
1.326000e-05	-1.188227e-02	5.242095e-01
1.327000e-05	-1.054940e-02	2.489739e-01
1.328000e-05	-8.600971e-03	-2.568790e-02
1.329000e-05	1.339921e-03	-2.878907e-01
1.330000e-05	1.765289e-03	-5.730262e-01
1.331000e-05	-1.817819e-04	-8.766843e-01
1.332000e-05	8.760535e-04	-1.117841e+00
1.333000e-05	-1.180122e-03	-1.393179e+00
1.334000e-05	2.799628e-04	-1.696217e+00
1.335000e-05	1.554680e-02	-1.867314e+00
1.336000e-05	8.109562e-02	-2.128326e+00
1.337000e-05	9.849034e-02	-2.447767e+00
1.338000e-05	-5.014718e-02	-2.876323e+00
1.339000e-05	-6.839550e-03	-3.275158e+00
1.340000e-05	-4.389805e-02	-3.466759e+00
1.341000e-05	-4.851106e-02	-3.654238e+00
1.342000e-05	-7.241062e-02	-3.905346e+00
1.343000e-05	1.562131e-01	-4.095688e+00
1.344000e-05	-1.045405e-01	-4.339947e+00
1.345000e-05	6.133091e-02	-4.645712e+00
1.346000e-05	7.703529e-02	-4.887288e+00
1.347000e-05	-1.238229e-01	-5.254683e+00
1.348000e-05	1.399787e-01	-5.526846e+00
1.349000e-05	-1.437146e-01	-5.791531e+00
1.350000e-05	9.237515e-02	-6.082683e+00
1.351000e-05	3.725382e-02	-6.245767e+00
1.352000e-05	-3.253115e-02	-6.601057e+00
1.353000e-05	1.071868e-01	-6.851134e+00
1.354000e-05	-1.011108e-01	-7.118400e+00
1.355000e-05	9.711759e-02	-7.382030e+00
1.356000e-05	-4.780343e-02	-7.622564e+00
1.357000e-05	4.199123e-02	-7.929401e+00
1.358000e-05	5.675264e-02	-8.170826e+00
1.359000e-05	-4.194539e-02	-8.412110e+00
1.360000e-05	1.123330e-01	-8.655086e+00
1.361000e-05	-7.959289e-02	-8.907745e+00
1.362000e-05	6.990334e-02	-9.117293e+00
1.363000e-05	-2.339476e-02	-9.336298e+00
1.364000e-05	5.734192e-02	-9.550528e+00
1.365000e-05	3.717409e-02	-9.770003e+00
1.366000e-05	3.477527e-03	-1.003148e+01
1.367000e-05	5.956714e-02	-1.021201e+01
1.368000e-05	-2.405321e-02	-1.044271e+01
1.369000e-05	7.686517e-02	-1.062361e+01
1.370000e-05	-2.382808e-02	-1.085456e+01
1.371000e-05	6.595798e-02	-1.099206e+01
1.372000e-05	6.707164e-04	-1.126371e+01
1.373000e-05	5.699261e-02	-1.142219e+01
1.374000e-05	1.935535e-02	-1.166557e+01
1.375000e-05	3.028333e-02	-1.182466e+01
1.376000e-05	3.733725e-02	-1.202263e+01
1.377000e-05	3.122213e-02	-1.223314e+01
1.378000e-05	5.463136e-02	-1.240153e+01
1.379000e-05	1.502614e-02	-1.255901e+01
1.380000e-05	5.034140e-02	-1.272782e+01
1.381000e-05	2.230567e-02	-1.291681e+01
1.382000e-05	6.112061e-02	-1.305313e+01
1.383000e-05	2.858549e-02	-1.320953e+01
1.384000e-05	5.527836e-02	-1.334830e+01
1.385000e-05	3.826608e-02	-1.347419e+01
1.386000e-05	5.665518e-02	-1.360106e+01
1.387000e-05	4.427875e-02	-1.372735e+01
1.388000e-05	4.598961e-02	-1.387319e+01
1.389000e-05	4.907545e-02	-1.401046e+01
1.390000e-05	5.574207e-02	-1.408627e+01
1.391000e-05	6.164609e-02	-1.422164e+01
1.392000e-05	5.407340e-02	-1.434642e+01
1.393000e-05	5.952405e-02	-1.443257e+01
1.394000e-05	5.942003e-02	-1.452877e+01
1.395000e-05	7.235252e-02	-1.466353e+01
1.396000e-05	6.546142e-02	-1.468624e+01
1.397000e-05	7.173688e-02	-1.479195e+01
1.398000e-05	6.852074e-02	-1.486413e+01
1.399000e-05	7.935792e-02	-1.494582e+01
1.400000e-05	7.423470e-02	-1.498902e+01
1.401000e-05	7.848012e-02	-1.502203e+01
1.402000e-05	8.025145e-02	-1.508421e+01
1.403000e-05	9.179717e-02	-1.512682e+01
1.404000e-05	9.731739e-02	-1.513943e+01
1.405000e-05	9.620107e-02	-1.519093e+01
1.406000e-05	9.831001e-02	-1.521056e+01
1.407000e-05	1.011297e-01	-1.526461e+01
1.408000e-05	1.101500e-01	-1.529527e+01
1.409000e-05	1.122168e-01	-1.531526e+01
1.410000e-05	1.189781e-01	-1.529427e+01
1.411000e-05	1.251289e-01	-1.529477e+01
1.412000e-05	1.374394e-01	-1.528427e+01
1.413000e-05	1.425030e-01	-1.526274e+01
1.414000e-05	1.485812e-01	-1.525314e+01
1.415000e-05	1.579572e-01	-1.526356e+01
1.416000e-05	1.739074e-01	-1.525051e+01
1.417000e-05	1.956434e-01	-1.518890e+01
1.418000e-05	2.167119e-01	-1.513729e+01
1.419000e-05	2.410176e-01	-1.510469e+01
1.420000e-05	2.499999e-01	-1.507306e+01
1.421000e-05	2.500000e-01	-1.502993e+01
1.422000e-05	2.500000e-01	-1.493589e+01
1.423000e-05	2.500000e-01	-1.490471e+01
1.424000e-05	2.500000e-01	-1.482956e+01
1.425000e-05	2.500000e-01	-1.478674e+01
1.426000e-05	2.499850e-01	-1.467356e+01
1.427000e-05	2.373191e-01	-1.459892e+01
1.428000e-05	2.058769e-01	-1.446426e+01
1.429000e-05	1.781499e-01	-1.439145e+01
1.430000e-05	1.595611e-01	-1.428419e+01
1.431000e-05	1.398768e-01	-1.417885e+01
1.432000e-05	1.241093e-01	-1.411156e+01
1.433000e-05	1.103733e-01	-1.395529e+01
1.434000e-05	1.004627e-01	-1.382043e+01
1.435000e-05	9.039846e-02	-1.367269e+01
1.436000e-05	8.087359e-02	-1.351935e+01
1.437000e-05	7.362947e-02	-1.341050e+01
1.438000e-05	6.957977e-02	-1.330314e+01
1.439000e-05	6.674152e-02	-1.313629e+01
1.440000e-05	6.107080e-02	-1.302042e+01
1.441000e-05	5.433388e-02	-1.285113e+01
1.442000e-05	5.071827e-02	-1.269316e+01
1.443000e-05	4.893975e-02	-1.252579e+01
1.444000e-05	4.516976e-02	-1.243634e+01
1.445000e-05	4.141753e-02	-1.220985e+01
1.446000e-05	3.832865e-02	-1.197145e+01
1.447000e-05	3.819995e-02	-1.181045e+01
1.448000e-05	3.514214e-02	-1.158003e+01
1.449000e-05	3.209205e-02	-1.137847e+01
1.450000e-05	2.815197e-02	-1.115840e+01
1.451000e-05	2.954649e-02	-1.097882e+01
1.452000e-05	2.828455e-02	-1.079938e+01
1.453000e-05	2.694465e-02	-1.058987e+01
1.454000e-05	2.383916e-02	-1.036747e+01
1.455000e-05	2.181192e-02	-1.018742e+01
1.456000e-05	2.234618e-02	-9.967840e+00
1.457000e-05	2.045385e-02	-9.765791e+00
1.458000e-05	1.822490e-02	-9.535840e+00
1.459000e-05	1.669526e-02	-9.333687e+00
1.460000e-05	1.766836e-02	-9.031582e+00
1.461000e-05	1.703096e-02	-8.849622e+00
1.462000e-05	1.400224e-02	-8.638973e+00
1.463000e-05	1.142042e-02	-8.367918e+00
1.464000e-05	1.161102e-02	-8.165894e+00
1.465000e-05	1.242233e-02	-7.924787e+00
1.466000e-05	1.139018e-02	-7.589524e+00
1.467000e-05	8.847316e-03	-7.378317e+00
1.468000e-05	7.860715e-03	-7.104235e+00
1.469000e-05	8.158553e-03	-6.831057e+00
1.470000e-05	7.414096e-03	-6.578924e+00
1.471000e-05	5.132478e-03	-6.375890e+00
1.472000e-05	4.384153e-03	-6.082133e+00
1.473000e-05	3.791761e-03	-5.808503e+00
1.474000e-05	5.022512e-03	-5.565840e+00
1.475000e-05	3.435519e-03	-5.271506e+00
1.476000e-05	6.004276e-04	-4.955766e+00
1.477000e-05	1.275006e-03	-4.641552e+00
1.478000e-05	2.298668e-03	-4.418454e+00
1.479000e-05	1.384432e-03	-4.156814e+00
1.480000e-05	-5.592769e-04	-3.882778e+00
1.481000e-05	-2.622169e-03	-3.597848e+00
1.482000e-05	-2.281336e-03	-3.355811e+00
1.483000e-05	-4.231703e-03	-3.042053e+00
1.484000e-05	-3.424138e-03	-2.746916e+00
1.485000e-05	-5.414869e-03	-2.502736e+00
1.486000e-05	-3.351251e-03	-2.237925e+00
1.487000e-05	-3.628245e-03	-1.934261e+00
1.488000e-05	-2.770905e-03	-1.683104e+00
1.489000e-05	-4.991471e-03	-1.325310e+00
1.490000e-05	-5.923818e-03	-1.051569e+00
1.491000e-05	-7.971632e-03	-7.673925e-01
1.492000e-05	-7.075696e-03	-4.515514e-01
1.493000e-05	-7.091980e-03	-2.299914e-01
1.494000e-05	-3.686917e-03	8.273930e-02
1.495000e-05	8.181359e-03	3.505012e-01
1.496000e-05	-7.516943e-04	5.820563e-01
1.497000e-05	5.781771e-03	8.416404e-01
1.498000e-05	-8.037337e-04	1.147975e+00
1.499000e-05	2.111561e-03	1.422258e+00
1.500000e-05	-2.247031e-03	1.729977e+00
1.501000e-05	1.165892e-02	1.947454e+00
1.502000e-05	4.746126e-02	2.180631e+00
1.503000e-05	1.017717e-01	2.484794e+00
1.504000e-05	-2.394728e-02	2.852190e+00
1.505000e-05	-3.806151e-02	3.137396e+00
1.506000e-05	-3.595948e-02	3.392662e+00
1.507000e-05	-2.743331e-02	3.664772e+00
1.508000e-05	-7.703706e-02	3.906241e+00
1.509000e-05	-2.848478e-02	4.116245e+00
1.510000e-05	9.699837e-02	4.389584e+00
1.511000e-05	-8.510221e-02	4.656267e+00
1.512000e-05	8.073548e-02	4.906822e+00
1.513000e-05	2.789388e-02	5.253263e+00
1.514000e-05	-9.110686e-02	5.557347e+00
1.515000e-05	5.169673e-02	5.822008e+00
1.516000e-05	-5.917932e-02	6.092713e+00
1.517000e-05	4.901425e-02	6.315345e+00
1.518000e-05	-2.429253e-02	6.630509e+00
1.519000e-05	-2.252007e-02	6.844243e+00
1.520000e-05	1.449292e-02	7.127354e+00
1.521000e-05	-4.239542e-02	7.409533e+00
1.522000e-05	1.616206e-02	7.664667e+00
1.523000e-05	-6.176182e-02	7.947831e+00
1.524000e-05	3.133550e-02	8.210559e+00
1.525000e-05	-7.872450e-03	8.421136e+00
1.526000e-05	-1.922067e-02	8.600663e+00
1.527000e-05	-2.152071e-03	8.884668e+00
1.528000e-05	-6.160475e-02	9.084316e+00
1.529000e-05	9.647148e-03	9.367372e+00
1.530000e-05	-2.638098e-02	9.536880e+00
1.531000e-05	3.812435e-04	9.769433e+00
1.532000e-05	-3.979259e-02	9.990642e+00
1.533000e-05	-8.107278e-03	1.022106e+01
1.534000e-05	-1.514062e-02	1.041161e+01
1.535000e-05	-3.202440e-02	1.062063e+01
1.536000e-05	-2.622207e-02	1.079264e+01
1.537000e-05	-4.055233e-02	1.104066e+01
1.538000e-05	-7.028348e-03	1.123216e+01
1.539000e-05	-3.131751e-02	1.144106e+01
1.540000e-05	-2.569603e-02	1.162524e+01
1.541000e-05	-4.636219e-02	1.186156e+01
1.542000e-05	-2.293069e-02	1.201049e+01
1.543000e-05	-2.709518e-02	1.219001e+01
1.544000e-05	-3.225486e-02	1.237041e+01
1.545000e-05	-4.437842e-02	1.253788e+01
1.546000e-05	-4.328090e-02	1.268477e+01
1.547000e-05	-2.909597e-02	1.286271e+01
1.548000e-05	-4.106510e-02	1.299951e+01
1.549000e-05	-4.373494e-02	1.311740e+01
1.550000e-05	-5.231138e-02	1.329527e+01
1.551000e-05	-3.515112e-02	1.345114e+01
1.552000e-05	-4.454158e-02	1.355998e+01
1.553000e-05	-5.077577e-02	1.370585e+01
1.554000e-05	-6.357128e-02	1.383301e+01
1.555000e-05	-5.298832e-02	1.392887e+01
1.556000e-05	-4.984136e-02	1.407466e+01
1.557000e-05	-5.610379e-02	1.423009e+01
1.558000e-05	-6.613920e-02	1.430537e+01
1.559000e-05	-6.670161e-02	1.442111e+01
1.560000e-05	-5.878806e-02	1.450617e+01
1.561000e-05	-6.512122e-02	1.459064e+01
1.562000e-05	-7.282923e-02	1.471469e+01
1.563000e-05	-7.947824e-02	1.475848e+01
1.564000e-05	-7.330312e-02	1.482316e+01
1.565000e-05	-7.593379e-02	1.488367e+01
1.566000e-05	-8.437467e-02	1.495683e+01
1.567000e-05	-9.479751e-02	1.497893e+01
1.568000e-05	-9.314354e-02	1.505153e+01
1.569000e-05	-8.856810e-02	1.511372e+01
1.570000e-05	-9.529601e-02	1.515682e+01
1.571000e-05	-1.052689e-01	1.516835e+01
1.572000e-05	-1.098714e-01	1.516896e+01
1.573000e-05	-1.087572e-01	1.523103e+01
1.574000e-05	-1.136773e-01	1.523206e+01
1.575000e-05	-1.256797e-01	1.526204e+01
1.576000e-05	-1.328978e-01	1.526206e+01
1.577000e-05	-1.339222e-01	1.524056e+01
1.578000e-05	-1.374944e-01	1.525256e+01
1.579000e-05	-1.512979e-01	1.523053e+01
1.580000e-05	-1.658044e-01	1.522099e+01
1.581000e-05	-1.761546e-01	1.521946e+01
1.582000e-05	-1.865551e-01	1.517740e+01
1.583000e-05	-2.056779e-01	1.514580e+01
1.584000e-05	-2.352176e-01	1.512577e+01
1.585000e-05	-2.493892e-01	1.504309e+01
1.586000e-05	-2.500000e-01	1.500805e+01
1.587000e-05	-2.500000e-01	1.495685e+01
1.588000e-05	-2.500000e-01	1.490319e+01
1.589000e-05	-2.500000e-01	1.483156e+01
1.590000e-05	-2.500000e-01	1.477690e+01
1.591000e-05	-2.500000e-01	1.471474e+01
1.592000e-05	-2.490692e-01	1.458953e+01
1.593000e-05	-2.379178e-01	1.450472e+01
1.594000e-05	-2.077679e-01	1.442163e+01
1.595000e-05	-1.789697e-01	1.434527e+01
1.596000e-05	-1.579085e-01	1.422796e+01
1.597000e-05	-1.446940e-01	1.409521e+01
1.598000e-05	-1.297376e-01	1.395788e+01
1.599000e-05	-1.171547e-01	1.386909e+01
1.600000e-05	-1.030481e-01	1.372634e+01
1.601000e-05	-9.947983e-02	1.361643e+01
1.602000e-05	-9.330451e-02	1.345366e+01
1.603000e-05	-8.680137e-02	1.334627e+01
1.604000e-05	-7.678034e-02	1.314833e+01
1.605000e-05	-7.291196e-02	1.302043e+01
1.606000e-05	-7.106443e-02	1.287364e+01
1.607000e-05	-6.891031e-02	1.279527e+01
1.608000e-05	-6.176690e-02	1.257840e+01
1.609000e-05	-5.869679e-02	1.242150e+01
1.610000e-05	-5.601720e-02	1.227201e+01
1.611000e-05	-5.577758e-02	1.208364e+01
1.612000e-05	-5.131084e-02	1.190369e+01
1.613000e-05	-4.825101e-02	1.170466e+01
1.614000e-05	-4.662593e-02	1.147417e+01
1.615000e-05	-4.817676e-02	1.129264e+01
1.616000e-05	-4.539566e-02	1.108474e+01
1.617000e-05	-4.172489e-02	1.094476e+01
1.618000e-05	-3.840696e-02	1.067425e+01
1.619000e-05	-4.000302e-02	1.049362e+01
1.620000e-05	-3.948551e-02	1.028266e+01
1.621000e-05	-3.700357e-02	1.011169e+01
1.622000e-05	-3.411183e-02	9.872536e+00
1.623000e-05	-3.492104e-02	9.599105e+00
1.624000e-05	-3.626799e-02	9.388402e+00
1.625000e-05	-3.354279e-02	9.221000e+00
1.626000e-05	-3.121424e-02	8.965398e+00
1.627000e-05	-2.819079e-02	8.736843e+00
1.628000e-05	-2.866033e-02	8.502261e+00
1.629000e-05	-2.918607e-02	8.263684e+00
1.630000e-05	-2.767986e-02	8.029033e+00
1.631000e-05	-2.809279e-02	7.788892e+00
1.632000e-05	-2.802116e-02	7.535247e+00
1.633000e-05	-3.025678e-02	7.222004e+00
1.634000e-05	-2.548069e-02	6.999399e+00
1.635000e-05	-2.122344e-02	6.724766e+00
1.636000e-05	-2.270849e-02	6.450508e+00
1.637000e-05	-2.207292e-02	6.241554e+00
1.638000e-05	-2.546593e-02	5.949450e+00
1.639000e-05	-2.084795e-02	5.762763e+00
1.640000e-05	-2.142334e-02	5.439982e+00
1.641000e-05	-2.168621e-02	5.126794e+00
1.642000e-05	-2.059651e-02	4.827949e+00
1.643000e-05	-2.038521e-02	4.566371e+00
1.644000e-05	-1.822817e-02	4.292256e+00
1.645000e-05	-2.053960e-02	3.979024e+00
1.646000e-05	-2.102450e-02	3.765716e+00
1.647000e-05	-1.846750e-02	3.491183e+00
1.648000e-05	-1.452206e-02	3.197392e+00
1.649000e-05	-1.431871e-02	2.945740e+00
1.650000e-05	-1.533580e-02	2.660108e+00
1.651000e-05	-1.812592e-02	2.346293e+00
1.652000e-05	-1.637995e-02	2.063183e+00
1.653000e-05	-1.543018e-02	1.849005e+00
1.654000e-05	-1.343042e-02	1.504734e+00
1.655000e-05	-1.503091e-02	1.249950e+00
1.656000e-05	-1.305587e-02	8.841831e-01
1.657000e-05	-1.002571e-02	6.089750e-01
1.658000e-05	-9.641552e-03	3.657909e-01
1.659000e-05	-9.171114e-03	7.008150e-02
1.660000e-05	-5.685806e-03	-2.126027e-01
1.661000e-05	5.480964e-03	-4.662103e-01
1.662000e-05	-3.661463e-03	-7.294973e-01
1.663000e-05	1.851260e-03	-1.001154e+00
1.664000e-05	-3.553400e-03	-1.285817e+00
1.665000e-05	2.152395e-03	-1.551028e+00
1.666000e-05	5.845618e-03	-1.813081e+00
1.667000e-05	4.710545e-02	-2.002158e+00
1.668000e-05	1.218115e-01	-2.328402e+00
1.669000e-05	-4.069265e-03	-2.697869e+00
1.670000e-05	-2.806924e-02	-3.126921e+00
1.671000e-05	-2.620649e-02	-3.389954e+00
1.672000e-05	-3.969630e-02	-3.580975e+00
1.673000e-05	-9.274774e-02	-3.771108e+00
1.674000e-05	7.744735e-02	-4.011555e+00
1.675000e-05	4.458164e-02	-4.224110e+00
1.676000e-05	-8.860061e-02	-4.507350e+00
1.677000e-05	1.845674e-01	-4.760978e+00
1.678000e-05	-1.276605e-01	-5.085813e+00
1.679000e-05	7.973093e-02	-5.412558e+00
1.680000e-05	-2.127194e-02	-5.683612e+00
1.681000e-05	-6.610143e-02	-5.970946e+00
1.682000e-05	1.474268e-01	-6.210475e+00
1.683000e-05	-9.216595e-02	-6.464767e+00
1.684000e-05	1.161984e-01	-6.728900e+00
1.685000e-05	-4.873641e-02	-7.002005e+00
1.686000e-05	1.081496e-02	-7.326317e+00
1.687000e-05	5.252779e-02	-7.517848e+00
1.688000e-05	-5.782369e-02	-7.793112e+00
1.689000e-05	1.241804e-01	-8.073691e+00
1.690000e-05	-6.564723e-02	-8.316267e+00
1.691000e-05	9.194793e-02	-8.568977e+00
1.692000e-05	-1.244686e-02	-8.822027e+00
1.693000e-05	-1.045591e-02	-9.032630e+00
1.694000e-05	4.938163e-02	-9.214083e+00
1.695000e-05	-2.101803e-02	-9.475293e+00
1.696000e-05	1.002346e-01	-9.705740e+00
1.697000e-05	-3.449785e-02	-9.914845e+00
1.698000e-05	8.003142e-02	-1.013633e+01
1.699000e-05	-2.516532e-02	-1.034893e+01
1.700000e-05	5.677835e-02	-1.058100e+01
1.701000e-05	1.049811e-02	-1.077742e+01
1.702000e-05	2.348742e-02	-1.097780e+01
1.703000e-05	4.209743e-02	-1.111790e+01
1.704000e-05	1.324277e-02	-1.137043e+01
1.705000e-05	6.121613e-02	-1.158848e+01
1.706000e-05	-1.092972e-03	-1.177843e+01
1.707000e-05	5.905896e-02	-1.194040e+01
1.708000e-05	1.117147e-02	-1.217890e+01
1.709000e-05	6.627242e-02	-1.231890e+01
1.710000e-05	1.569224e-02	-1.247629e+01
1.711000e-05	4.483132e-02	-1.264414e+01
1.712000e-05	2.606436e-02	-1.285261e+01
1.713000e-05	4.884413e-02	-1.297998e+01
1.714000e-05	4.367207e-02	-1.314627e+01
1.715000e-05	4.226161e-02	-1.329422e+01
1.716000e-05	5.141623e-02	-1.341096e+01
1.717000e-05	4.257995e-02	-1.354948e+01
1.718000e-05	5.680185e-02	-1.368572e+01
1.719000e-05	3.760748e-02	-1.384214e+01
1.720000e-05	5.300580e-02	-1.394837e+01
1.721000e-05	4.649069e-02	-1.406364e+01
1.722000e-05	6.562498e-02	-1.416045e+01
1.723000e-05	5.377992e-02	-1.425671e+01
1.724000e-05	6.183008e-02	-1.439101e+01
1.725000e-05	5.688681e-02	-1.450475e+01
1.726000e-05	6.830335e-02	-1.458248e+01
1.727000e-05	6.660346e-02	-1.468404e+01
1.728000e-05	6.904350e-02	-1.477985e+01
1.729000e-05	7.010175e-02	-1.488211e+01
1.730000e-05	7.464145e-02	-1.489624e+01
1.731000e-05	7.814474e-02	-1.495735e+01
1.732000e-05	7.683767e-02	-1.503101e+01
1.733000e-05	8.064245e-02	-1.506264e+01
1.734000e-05	8.587461e-02	-1.507527e+01
1.735000e-05	9.696653e-02	-1.514787e+01
1.736000e-05	9.460192e-02	-1.517993e+01
1.737000e-05	9.873397e-02	-1.522056e+01
1.738000e-05	9.776953e-02	-1.523211e+01
1.739000e-05	1.080083e-01	-1.527371e+01
1.740000e-05	1.109288e-01	-1.524472e+01
1.741000e-05	1.179378e-01	-1.531419e+01
1.742000e-05	1.223201e-01	-1.530574e+01
1.743000e-05	1.324330e-01	-1.531509e+01
1.744000e-05	1.399410e-01	-1.525414e+01
1.745000e-05	1.453241e-01	-1.526271e+01
1.746000e-05	1.532546e-01	-1.527359e+01
1.747000e-05	1.667110e-01	-1.526156e+01
1.748000e-05	1.866388e-01	-1.522953e+01
1.749000e-05	2.077185e-01	-1.520040e+01
1.750000e-05	2.316578e-01	-1.510735e+01
1.751000e-05	2.480472e-01	-1.506474e+01
1.752000e-05	2.500000e-01	-1.501051e+01
1.753000e-05	2.500000e-01	-1.497838e+01
1.754000e-05	2.500000e-01	-1.492427e+01
1.755000e-05	2.500000e-01	-1.486211e+01
1.756000e-05	2.500000e-01	-1.475787e+01
1.757000e-05	2.500000e-01	-1.470627e+01
1.758000e-05	2.460036e-01	-1.464095e+01
1.759000e-05	2.199570e-01	-1.454427e+01
1.760000e-05	1.894716e-01	-1.444203e+01
1.761000e-05	1.678009e-01	-1.433727e+01
1.762000e-05	1.480786e-01	-1.424148e+01
1.763000e-05	1.300263e-01	-1.407517e+01
1.764000e-05	1.153270e-01	-1.402893e+01
1.765000e-05	1.040042e-01	-1.387414e+01
1.766000e-05	9.391234e-02	-1.377724e+01
1.767000e-05	8.411844e-02	-1.362100e+01
1.768000e-05	7.726317e-02	-1.348304e+01
1.769000e-05	7.140759e-02	-1.333627e+01
1.770000e-05	6.898885e-02	-1.322802e+01
1.771000e-05	6.249425e-02	-1.303116e+01
1.772000e-05	5.695647e-02	-1.290571e+01
1.773000e-05	5.239735e-02	-1.272422e+01
1.774000e-05	5.002460e-02	-1.257940e+01
1.775000e-05	4.604404e-02	-1.243006e+01
1.776000e-05	4.314078e-02	-1.225304e+01
1.777000e-05	4.016134e-02	-1.209476e+01
1.778000e-05	3.829658e-02	-1.188261e+01
1.779000e-05	3.558271e-02	-1.173459e+01
1.780000e-05	3.366897e-02	-1.149374e+01
1.781000e-05	3.053171e-02	-1.130206e+01
1.782000e-05	2.837239e-02	-1.102354e+01
1.783000e-05	2.853659e-02	-1.087208e+01
1.784000e-05	2.675770e-02	-1.067366e+01
1.785000e-05	2.524221e-02	-1.048421e+01
1.786000e-05	2.263741e-02	-1.029109e+01
1.787000e-05	2.166145e-02	-1.002963e+01
1.788000e-05	2.011787e-02	-9.819380e+00
1.789000e-05	1.958567e-02	-9.601101e+00
1.790000e-05	1.838042e-02	-9.429347e+00
1.791000e-05	1.766971e-02	-9.167391e+00
1.792000e-05	1.664023e-02	-8.926843e+00
1.793000e-05	1.455615e-02	-8.744766e+00
1.794000e-05	1.296709e-02	-8.481560e+00
1.795000e-05	1.196518e-02	-8.230479e+00
1.796000e-05	1.196433e-02	-8.030500e+00
1.797000e-05	1.024502e-02	-7.715714e+00
1.798000e-05	1.024185e-02	-7.472556e+00
1.799000e-05	8.719631e-03	-7.209402e+00
1.800000e-05	7.941010e-03	-6.937316e+00
1.801000e-05	6.253724e-03	-6.712634e+00
1.802000e-05	6.135629e-03	-6.453105e+00
1.803000e-05	5.274634e-03	-6.188444e+00
1.804000e-05	4.767534e-03	-5.965761e+00
1.805000e-05	3.899539e-03	-5.682478e+00
1.806000e-05	3.315542e-03	-5.405871e+00
1.807000e-05	2.011950e-03	-5.084149e+00
1.808000e-05	8.594733e-04	-4.767394e+00
1.809000e-05	2.087277e-03	-4.493158e+00
1.810000e-05	1.131249e-04	-4.280630e+00
1.811000e-05	1.030829e-03	-4.022024e+00
1.812000e-05	-2.019259e-03	-3.734762e+00
1.813000e-05	-1.240460e-03	-3.470502e+00
1.814000e-05	-4.325384e-03	-3.188915e+00
1.815000e-05	-2.781052e-03	-2.901604e+00
1.816000e-05	-4.163949e-03	-2.610545e+00
1.817000e-05	-3.248071e-03	-2.367331e+00
1.818000e-05	-3.834103e-03	-2.049554e+00
1.819000e-05	-3.946143e-03	-1.798394e+00
1.820000e-05	-4.851391e-03	-1.512183e+00
1.821000e-05	-5.914619e-03	-1.116366e+00
1.822000e-05	-6.413873e-03	-8.726318e-01
1.823000e-05	-6.860762e-03	-5.969450e-01
1.824000e-05	-6.633621e-03	-3.242657e-01
1.825000e-05	-5.959666e-03	-6.107538e-02
1.826000e-05	5.143062e-03	2.437352e-01
1.827000e-05	2.443620e-03	4.757920e-01
1.828000e-05	1.928035e-03	7.368970e-01
1.829000e-05	1.583485e-03	1.042634e+00
1.830000e-05	-4.246826e-04	1.317847e+00
1.831000e-05	-3.438652e-04	1.593658e+00
1.832000e-05	4.337919e-03	1.855142e+00
1.833000e-05	2.771584e-02	2.075842e+00
1.834000e-05	9.357462e-02	2.399976e+00
1.835000e-05	3.922665e-02	2.667921e+00
1.836000e-05	-5.446515e-02	3.012038e+00
1.837000e-05	-2.830239e-02	3.268217e+00
1.838000e-05	-3.528286e-02	3.590004e+00
1.839000e-05	-4.980332e-02	3.812033e+00
1.840000e-05	-7.598419e-02	3.970511e+00
1.841000e-05	6.937094e-02	4.285164e+00
1.842000e-05	3.732489e-03	4.559455e+00
1.843000e-05	-4.339900e-02	4.812055e+00
1.844000e-05	1.369892e-01	5.117424e+00
1.845000e-05	-1.182251e-01	5.433084e+00
1.846000e-05	3.215470e-02	5.672671e+00
1.847000e-05	-2.589973e-02	5.959026e+00
1.848000e-05	-3.310929e-03	6.211558e+00
1.849000e-05	3.334128e-02	6.484744e+00
1.850000e-05	-6.182800e-02	6.768979e+00
1.851000e-05	3.333887e-02	7.002008e+00
1.852000e-05	-4.429880e-02	7.294742e+00
1.853000e-05	1.313450e-02	7.507979e+00
1.854000e-05	-4.296260e-02	7.812064e+00
1.855000e-05	-1.071342e-02	8.065771e+00
1.856000e-05	2.514544e-02	8.348824e+00
1.857000e-05	-3.262624e-02	8.527399e+00
1.858000e-05	8.294670e-03	8.789403e+00
1.859000e-05	-5.113189e-02	8.990508e+00
1.860000e-05	-1.787396e-02	9.262592e+00
1.861000e-05	-6.135305e-03	9.442662e+00
1.862000e-05	-1.280891e-02	9.696195e+00
1.863000e-05	-2.076229e-02	9.915347e+00
1.864000e-05	-2.865201e-02	1.013830e+01
1.865000e-05	-1.029302e-03	1.030587e+01
1.866000e-05	-3.149092e-02	1.056888e+01
1.867000e-05	-2.552670e-02	1.070840e+01
1.868000e-05	-3.888552e-02	1.097887e+01
1.869000e-05	-1.851374e-02	1.116791e+01
1.870000e-05	-1.705811e-02	1.132741e+01
1.871000e-05	-3.054029e-02	1.157793e+01
1.872000e-05	-3.854714e-02	1.178895e+01
1.873000e-05	-3.498175e-02	1.193940e+01
1.874000e-05	-2.161618e-02	1.210727e+01
1.875000e-05	-2.945240e-02	1.228524e+01
1.876000e-05	-4.118058e-02	1.250424e+01
1.877000e-05	-4.583911e-02	1.262221e+01
1.878000e-05	-3.437328e-02	1.278948e+01
1.879000e-05	-3.428543e-02	1.291878e+01
1.880000e-05	-4.441285e-02	1.309632e+01
1.881000e-05	-5.014531e-02	1.324209e+01
1.882000e-05	-4.050072e-02	1.336040e+01
1.883000e-05	-3.751767e-02	1.350638e+01
1.884000e-05	-4.799475e-02	1.367312e+01
1.885000e-05	-6.038292e-02	1.377991e+01
1.886000e-05	-5.854661e-02	1.388519e+01
1.887000e-05	-5.047560e-02	1.404307e+01
1.888000e-05	-5.178999e-02	1.413840e+01
1.889000e-05	-6.308914e-02	1.428422e+01
1.890000e-05	-6.696163e-02	1.438098e+01
1.891000e-05	-6.094274e-02	1.446417e+01
1.892000e-05	-6.113005e-02	1.458048e+01
1.893000e-05	-6.838376e-02	1.464466e+01
1.894000e-05	-7.747744e-02	1.469677e+01
1.895000e-05	-7.400611e-02	1.480856e+01
1.896000e-05	-7.469027e-02	1.488264e+01
1.897000e-05	-7.992078e-02	1.490372e+01
1.898000e-05	-9.380498e-02	1.495035e+01
1.899000e-05	-9.440499e-02	1.503146e+01
1.900000e-05	-9.015547e-02	1.507317e+01
1.901000e-05	-8.912085e-02	1.512625e+01
1.902000e-05	-1.001277e-01	1.515840e+01
1.903000e-05	-1.076346e-01	1.517788e+01
1.904000e-05	-1.093301e-01	1.522996e+01
1.905000e-05	-1.113317e-01	1.524198e+01
1.906000e-05	-1.213787e-01	1.524309e+01
1.907000e-05	-1.311911e-01	1.523007e+01
1.908000e-05	-1.344463e-01	1.521164e+01
1.909000e-05	-1.344986e-01	1.524154e+01
1.910000e-05	-1.438557e-01	1.526001e+01
1.911000e-05	-1.590120e-01	1.523857e+01
1.912000e-05	-1.725196e-01	1.524953e+01
1.913000e-05	-1.814372e-01	1.520753e+01
1.914000e-05	-1.970952e-01	1.513677e+01
1.915000e-05	-2.224661e-01	1.514370e+01
1.916000e-05	-2.463623e-01	1.508461e+01
1.917000e-05	-2.500000e-01	1.502261e+01
1.918000e-05	-2.500000e-01	1.497890e+01
1.919000e-05	-2.500000e-01	1.486472e+01
1.920000e-05	-2.500000e-01	1.484114e+01
1.921000e-05	-2.500000e-01	1.477793e+01
1.922000e-05	-2.500000e-01	1.470777e+01
1.923000e-05	-2.500000e-01	1.461053e+01
1.924000e-05	-2.448317e-01	1.452590e+01
1.925000e-05	-2.220165e-01	1.445121e+01
1.926000e-05	-1.902939e-01	1.435782e+01
1.927000e-05	-1.661104e-01	1.424211e+01
1.928000e-05	-1.483866e-01	1.412637e+01
1.929000e-05	-1.359455e-01	1.404201e+01
1.930000e-05	-1.213571e-01	1.389317e+01
1.931000e-05	-1.086915e-01	1.375787e+01
1.932000e-05	-1.001416e-01	1.365061e+01
1.933000e-05	-9.621169e-02	1.350372e+01
1.934000e-05	-9.024188e-02	1.336740e+01
1.935000e-05	-8.057780e-02	1.320161e+01
1.936000e-05	-7.343130e-02	1.309519e+01
1.937000e-05	-7.072496e-02	1.295732e+01
1.938000e-05	-7.035661e-02	1.282800e+01
1.939000e-05	-6.534200e-02	1.266154e+01
1.940000e-05	-5.988608e-02	1.248326e+01
1.941000e-05	-5.623160e-02	1.229515e+01
1.942000e-05	-5.664204e-02	1.213630e+01
1.943000e-05	-5.253444e-02	1.196642e+01
1.944000e-05	-4.886370e-02	1.182933e+01
1.945000e-05	-4.512742e-02	1.162795e+01
1.946000e-05	-4.949086e-02	1.143940e+01
1.947000e-05	-4.681783e-02	1.115635e+01
1.948000e-05	-4.404733e-02	1.097833e+01
1.949000e-05	-4.026256e-02	1.078795e+01
1.950000e-05	-3.894439e-02	1.056738e+01
1.951000e-05	-3.952638e-02	1.039795e+01
1.952000e-05	-3.557947e-02	1.017685e+01
1.953000e-05	-3.267822e-02	9.955896e+00
1.954000e-05	-3.440517e-02	9.734163e+00
1.955000e-05	-3.537362e-02	9.492162e+00
1.956000e-05	-3.748096e-02	9.313636e+00
1.957000e-05	-3.263956e-02	9.073538e+00
1.958000e-05	-3.226386e-02	8.809530e+00
1.959000e-05	-2.940500e-02	8.577851e+00
1.960000e-05	-2.856370e-02	8.388397e+00
1.961000e-05	-2.578364e-02	8.123694e+00
1.962000e-05	-2.493145e-02	7.933561e+00
1.963000e-05	-2.638109e-02	7.640026e+00
1.964000e-05	-2.818777e-02	7.384796e+00
1.965000e-05	-2.819592e-02	7.092690e+00
1.966000e-05	-2.636038e-02	6.861106e+00
1.967000e-05	-2.374817e-02	6.598973e+00
1.968000e-05	-2.355801e-02	6.343763e+00
1.969000e-05	-2.222656e-02	6.123107e+00
1.970000e-05	-2.023225e-02	5.838378e+00
1.971000e-05	-1.991839e-02	5.545317e+00
1.972000e-05	-2.184785e-02	5.291685e+00
1.973000e-05	-2.168105e-02	4.946845e+00
1.974000e-05	-2.205590e-02	4.652633e+00
1.975000e-05	-2.005747e-02	4.399499e+00
1.976000e-05	-2.003335e-02	4.135243e+00
1.977000e-05	-1.894968e-02	3.859509e+00
1.978000e-05	-1.785263e-02	3.588000e+00
1.979000e-05	-1.644871e-02	3.322138e+00
1.980000e-05	-1.601574e-02	3.040552e+00
1.981000e-05	-1.700584e-02	2.765892e+00
1.982000e-05	-1.735654e-02	2.431184e+00
1.983000e-05	-1.661310e-02	2.187870e+00
1.984000e-05	-1.538075e-02	1.923863e+00
1.985000e-05	-1.399279e-02	1.669025e+00
1.986000e-05	-1.460879e-02	1.355766e+00
1.987000e-05	-1.358036e-02	1.038473e+00
1.988000e-05	-1.269220e-02	6.842660e-01
1.989000e-05	-1.115213e-02	4.311279e-01
1.990000e-05	-1.050538e-02	1.868670e-01
1.991000e-05	-7.526897e-03	-1.268171e-01
1.992000e-05	3.261780e-03	-3.488948e-01
1.993000e-05	-1.219716e-03	-6.617077e-01
1.994000e-05	6.397984e-04	-9.453157e-01
1.995000e-05	-9.180544e-04	-1.180949e+00
1.996000e-05	3.041283e-04	-1.476241e+00
1.997000e-05	7.795109e-04	-1.726817e+00
1.998000e-05	2.366328e-02	-1.947973e+00
1.999000e-05	9.776828e-02	-2.241951e+00
2.000000e-05	7.190930e-02	-2.530397e+00
2.001000e-05	-5.237554e-02	-2.971045e+00
2.002000e-05	-6.328678e-03	-3.266343e+00
2.003000e-05	-4.529648e-02	-3.485738e+00
2.004000e-05	-6.233654e-02	-3.757295e+00
2.005000e-05	-3.877327e-02	-3.948846e+00
2.006000e-05	1.510612e-01	-4.118296e+00
2.007000e-05	-1.335756e-01	-4.433083e+00
2.008000e-05	1.315886e-01	-4.693792e+00
2.009000e-05	1.193673e-02	-4.907826e+00
2.010000e-05	-7.134886e-02	-5.287844e+00
2.011000e-05	1.149971e-01	-5.537825e+00
2.012000e-05	-1.552390e-01	-5.805639e+00
2.013000e-05	1.422863e-01	-6.095712e+00
2.014000e-05	-2.137392e-02	-6.289404e+00
2.015000e-05	1.833151e-02	-6.655161e+00
2.016000e-05	6.775558e-02	-6.886691e+00
2.017000e-05	-8.566770e-02	-7.173027e+00
2.018000e-05	1.077986e-01	-7.423133e+00
2.019000e-05	-7.444877e-02	-7.707747e+00
2.020000e-05	8.610026e-02	-8.011452e+00
2.021000e-05	1.007086e-02	-8.230928e+00
2.022000e-05	-2.919819e-03	-8.494162e+00
2.023000e-05	8.664426e-02	-8.647242e+00
2.024000e-05	-7.621735e-02	-8.949400e+00
2.025000e-05	8.295324e-02	-9.158848e+00
2.026000e-05	-4.060676e-02	-9.351502e+00
2.027000e-05	8.687981e-02	-9.613557e+00
2.028000e-05	4.302068e-03	-9.801655e+00
2.029000e-05	3.134513e-02	-1.006262e+01
2.030000e-05	3.154790e-02	-1.024469e+01
2.031000e-05	-3.941962e-03	-1.048525e+01
2.032000e-05	6.554987e-02	-1.066471e+01
2.033000e-05	-1.947467e-02	-1.087567e+01
2.034000e-05	7.045739e-02	-1.105562e+01
2.035000e-05	-6.568425e-03	-1.128627e+01
2.036000e-05	6.918109e-02	-1.152777e+01
2.037000e-05	4.605419e-03	-1.172530e+01
2.038000e-05	4.472240e-02	-1.191881e+01
2.039000e-05	2.365090e-02	-1.205576e+01
2.040000e-05	4.373802e-02	-1.225364e+01
2.041000e-05	4.198287e-02	-1.242206e+01
2.042000e-05	2.271369e-02	-1.262106e+01
2.043000e-05	4.468702e-02	-1.276143e+01
2.044000e-05	2.825712e-02	-1.292684e+01
2.045000e-05	5.961655e-02	-1.306319e+01
2.046000e-05	2.958168e-02	-1.325106e+01
2.047000e-05	5.801078e-02	-1.330783e+01
2.048000e-05	3.529232e-02	-1.351466e+01
2.049000e-05	5.916050e-02	-1.364256e+01
2.050000e-05	3.819110e-02	-1.377831e+01
2.051000e-05	4.935457e-02	-1.388474e+01
2.052000e-05	4.594587e-02	-1.401101e+01
2.053000e-05	6.001137e-02	-1.411740e+01
2.054000e-05	6.120458e-02	-1.424298e+01
2.055000e-05	5.703898e-02	-1.433993e+01
2.056000e-05	5.980702e-02	-1.445313e+01
2.057000e-05	6.180453e-02	-1.455790e+01
2.058000e-05	6.992438e-02	-1.463156e+01
2.059000e-05	6.371663e-02	-1.474620e+01
2.060000e-05	7.006058e-02	-1.480103e+01
2.061000e-05	7.004055e-02	-1.489367e+01
2.062000e-05	8.117529e-02	-1.496530e+01
2.063000e-05	7.454272e-02	-1.496893e+01
2.064000e-05	8.020896e-02	-1.503206e+01
2.065000e-05	8.259438e-02	-1.506417e+01
2.066000e-05	9.386347e-02	-1.511837e+01
2.067000e-05	9.626813e-02	-1.514995e+01
2.068000e-05	9.590052e-02	-1.524153e+01
2.069000e-05	9.724648e-02	-1.521254e+01
2.070000e-05	1.020613e-01	-1.528464e+01
2.071000e-05	1.118106e-01	-1.527322e+01
2.072000e-05	1.138121e-01	-1.531567e+01
2.073000e-05	1.210564e-01	-1.530424e+01
2.074000e-05	1.279903e-01	-1.530522e+01
2.075000e-05	1.395893e-01	-1.535312e+01
2.076000e-05	1.430238e-01	-1.529422e+01
2.077000e-05	1.494493e-01	-1.526364e+01
2.078000e-05	1.599589e-01	-1.526118e+01
2.079000e-05	1.786592e-01	-1.524013e+01
2.080000e-05	1.983555e-01	-1.514693e+01
2.081000e-05	2.221639e-01	-1.511627e+01
2.082000e-05	2.439069e-01	-1.508522e+01
2.083000e-05	2.500000e-01	-1.504256e+01
2.084000e-05	2.500000e-01	-1.499885e+01
2.085000e-05	2.500000e-01	-1.495477e+01
2.086000e-05	2.500000e-01	-1.486366e+01
2.087000e-05	2.500000e-01	-1.479942e+01
2.088000e-05	2.500000e-01	-1.475724e+01
2.089000e-05	2.492582e-01	-1.466103e+01
2.090000e-05	2.322341e-01	-1.457943e+01
2.091000e-05	2.003987e-01	-1.445418e+01
2.092000e-05	1.759676e-01	-1.434738e+01
2.093000e-05	1.567357e-01	-1.427116e+01
2.094000e-05	1.371618e-01	-1.420835e+01
2.095000e-05	1.212946e-01	-1.405161e+01
2.096000e-05	1.082126e-01	-1.393671e+01
2.097000e-05	9.888439e-02	-1.379693e+01
2.098000e-05	8.872463e-02	-1.370261e+01
2.099000e-05	7.986462e-02	-1.350471e+01
2.100000e-05	7.238111e-02	-1.336890e+01
2.101000e-05	6.928301e-02	-1.325103e+01
2.102000e-05	6.611591e-02	-1.306474e+01
2.103000e-05	5.992415e-02	-1.296692e+01
2.104000e-05	5.397230e-02	-1.281095e+01
2.105000e-05	5.114390e-02	-1.268261e+01
2.106000e-05	4.859504e-02	-1.251424e+01
2.107000e-05	4.442718e-02	-1.230427e+01
2.108000e-05	3.935800e-02	-1.217632e+01
2.109000e-05	3.765562e-02	-1.197840e+01
2.110000e-05	3.665714e-02	-1.174583e+01
2.111000e-05	3.638412e-02	-1.159582e+01
2.112000e-05	3.195571e-02	-1.133527e+01
2.113000e-05	3.017629e-02	-1.116682e+01
2.114000e-05	2.860866e-02	-1.094532e+01
2.115000e-05	2.809205e-02	-1.075730e+01
2.116000e-05	2.521649e-02	-1.056642e+01
2.117000e-05	2.255319e-02	-1.033734e+01
2.118000e-05	2.242822e-02	-1.016424e+01
2.119000e-05	2.175725e-02	-9.943761e+00
2.120000e-05	2.009784e-02	-9.733789e+00
2.121000e-05	1.813901e-02	-9.524633e+00
2.122000e-05	1.739200e-02	-9.311078e+00
2.123000e-05	1.796021e-02	-9.042553e+00
2.124000e-05	1.582902e-02	-8.840548e+00
2.125000e-05	1.370519e-02	-8.575919e+00
2.126000e-05	1.141724e-02	-8.325338e+00
2.127000e-05	1.267337e-02	-8.123265e+00
2.128000e-05	1.118949e-02	-7.861058e+00
2.129000e-05	1.057784e-02	-7.577791e+00
2.130000e-05	8.737044e-03	-7.352287e+00
2.131000e-05	8.438568e-03	-7.062603e+00
2.132000e-05	7.915946e-03	-6.807943e+00
2.133000e-05	8.014586e-03	-6.566342e+00
2.134000e-05	4.751325e-03	-6.314231e+00
2.135000e-05	4.714754e-03	-6.051126e+00
2.136000e-05	4.213571e-03	-5.767316e+00
2.137000e-05	3.648002e-03	-5.531731e+00
2.138000e-05	2.518356e-03	-5.178924e+00
2.139000e-05	6.159556e-04	-4.942105e+00
2.140000e-05	1.048960e-03	-4.619394e+00
2.141000e-05	2.858713e-03	-4.356816e+00
2.142000e-05	1.135956e-03	-4.133160e+00
2.143000e-05	3.495232e-04	-3.831522e+00
2.144000e-05	-1.487237e-03	-3.574787e+00
2.145000e-05	-3.042306e-03	-3.325711e+00
2.146000e-05	-3.163430e-03	-2.968946e+00
2.147000e-05	-2.763180e-03	-2.724284e+00
2.148000e-05	-3.154195e-03	-2.453149e+00
2.149000e-05	-3.057180e-03	-2.185870e+00
2.150000e-05	-3.764153e-03	-1.882134e+00
2.151000e-05	-4.244393e-03	-1.649499e+00
2.152000e-05	-5.101312e-03	-1.306509e+00
2.153000e-05	-7.405708e-03	-9.983949e-01
2.154000e-05	-7.227854e-03	-7.033556e-01
2.155000e-05	-7.161073e-03	-4.194462e-01
2.156000e-05	-5.910450e-03	-1.653387e-01
2.157000e-05	-8.397122e-04	1.177456e-01
2.158000e-05	7.331892e-03	4.211277e-01
2.159000e-05	-1.186519e-03	6.441856e-01
2.160000e-05	5.148410e-03	9.168268e-01
2.161000e-05	-2.041958e-03	1.230608e+00
2.162000e-05	1.492917e-03	1.477870e+00
2.163000e-05	-2.187145e-03	1.823026e+00
2.164000e-05	1.690273e-02	2.009975e+00
2.165000e-05	6.279527e-02	2.274115e+00
2.166000e-05	9.143530e-02	2.581130e+00
2.167000e-05	-4.233709e-02	2.908845e+00
2.168000e-05	-3.200561e-02	3.169955e+00
2.169000e-05	-3.777545e-02	3.475318e+00
2.170000e-05	-3.095603e-02	3.727822e+00
2.171000e-05	-8.506027e-02	3.946400e+00
2.172000e-05	6.230119e-04	4.128851e+00
2.173000e-05	8.556882e-02	4.443219e+00
2.174000e-05	-9.886133e-02	4.726843e+00
2.175000e-05	1.247524e-01	4.999980e+00
2.176000e-05	-3.226189e-02	5.325299e+00
2.177000e-05	-5.388618e-02	5.588952e+00
2.178000e-05	3.545068e-02	5.832693e+00
2.179000e-05	-5.423524e-02	6.097352e+00
2.180000e-05	5.783938e-02	6.338003e+00
2.181000e-05	-4.707130e-02	6.653743e+00
2.182000e-05	9.788648e-04	6.924346e+00
2.183000e-05	-7.008703e-03	7.160479e+00
2.184000e-05	-2.618604e-02	7.434116e+00
2.185000e-05	1.102035e-03	7.707800e+00
2.186000e-05	-5.310138e-02	8.011582e+00
2.187000e-05	3.715609e-02	8.234139e+00
2.188000e-05	-2.040207e-02	8.443665e+00
2.189000e-05	-1.018975e-02	8.633169e+00
2.190000e-05	-1.602839e-02	8.915221e+00
2.191000e-05	-5.519377e-02	9.067977e+00
2.192000e-05	1.154656e-02	9.390909e+00
2.193000e-05	-2.709046e-02	9.580984e+00
2.194000e-05	2.936417e-04	9.803137e+00
2.195000e-05	-4.047314e-02	1.003271e+01
2.196000e-05	-2.470568e-03	1.022469e+01
2.197000e-05	-2.119112e-02	1.045119e+01
2.198000e-05	-3.166404e-02	1.064314e+01
2.199000e-05	-2.943305e-02	1.084527e+01
2.200000e-05	-3.561937e-02	1.107219e+01
2.201000e-05	-5.729892e-03	1.127222e+01
2.202000e-05	-3.336029e-02	1.147470e+01
2.203000e-05	-2.734931e-02	1.166530e+01
2.204000e-05	-4.620467e-02	1.190521e+01
2.205000e-05	-2.035794e-02	1.209219e+01
2.206000e-05	-2.905597e-02	1.222151e+01
2.207000e-05	-3.343053e-02	1.237148e+01
2.208000e-05	-4.529170e-02	1.257943e+01
2.209000e-05	-4.109619e-02	1.272782e+01
2.210000e-05	-2.956489e-02	1.285322e+01
2.211000e-05	-4.293407e-02	1.302209e+01
2.212000e-05	-4.589307e-02	1.318901e+01
2.213000e-05	-4.954076e-02	1.334582e+01
2.214000e-05	-3.406505e-02	1.347362e+01
2.215000e-05	-4.514822e-02	1.362098e+01
2.216000e-05	-5.328845e-02	1.373575e+01
2.217000e-05	-6.266072e-02	1.383259e+01
2.218000e-05	-5.291658e-02	1.400094e+01
2.219000e-05	-5.133363e-02	1.408675e+01
2.220000e-05	-5.901608e-02	1.424371e+01
2.221000e-05	-6.660167e-02	1.431731e+01
2.222000e-05	-6.370968e-02	1.441214e+01
2.223000e-05	-5.878990e-02	1.451837e+01
2.224000e-05	-6.628068e-02	1.462099e+01
2.225000e-05	-7.371480e-02	1.471524e+01
2.226000e-05	-7.775835e-02	1.475900e+01
2.227000e-05	-7.557926e-02	1.486114e+01
2.228000e-05	-7.669230e-02	1.488422e+01
2.229000e-05	-8.822725e-02	1.496587e+01
2.230000e-05	-9.321452e-02	1.500893e+01
2.231000e-05	-8.994611e-02	1.504266e+01
2.232000e-05	-8.772256e-02	1.510427e+01
2.233000e-05	-9.518272e-02	1.515685e+01
2.234000e-05	-1.076760e-01	1.518895e+01
2.235000e-05	-1.111643e-01	1.520143e+01
2.236000e-05	-1.113809e-01	1.518843e+01
2.237000e-05	-1.184726e-01	1.522061e+01
2.238000e-05	-1.269235e-01	1.528264e+01
2.239000e-05	-1.313198e-01	1.524009e+01
2.240000e-05	-1.320017e-01	1.524207e+01
2.241000e-05	-1.375170e-01	1.526111e+01
2.242000e-05	-1.530139e-01	1.524954e+01
2.243000e-05	-1.683595e-01	1.524091e+01
2.244000e-05	-1.787727e-01	1.518848e+01
2.245000e-05	-1.909292e-01	1.518690e+01
2.246000e-05	-2.133750e-01	1.516630e+01
2.247000e-05	-2.390737e-01	1.511474e+01
2.248000e-05	-2.499995e-01	1.500203e+01
2.249000e-05	-2.500000e-01	1.499894e+01
2.250000e-05	-2.500000e-01	1.492730e+01
2.251000e-05	-2.500000e-01	1.486416e+01
2.252000e-05	-2.500000e-01	1.481066e+01
2.253000e-05	-2.500000e-01	1.474582e+01
2.254000e-05	-2.500000e-01	1.464466e+01
2.255000e-05	-2.486276e-01	1.460835e+01
2.256000e-05	-2.343107e-01	1.448322e+01
2.257000e-05	-2.017655e-01	1.437056e+01
2.258000e-05	-1.727610e-01	1.429519e+01
2.259000e-05	-1.534993e-01	1.422945e+01
2.260000e-05	-1.408983e-01	1.410267e+01
2.261000e-05	-1.280493e-01	1.392680e+01
2.262000e-05	-1.146996e-01	1.383151e+01
2.263000e-05	-1.043404e-01	1.366467e+01
2.264000e-05	-9.885610e-02	1.354688e+01
2.265000e-05	-9.257356e-02	1.343161e+01
2.266000e-05	-8.349802e-02	1.330519e+01
2.267000e-05	-7.476569e-02	1.317685e+01
2.268000e-05	-7.252543e-02	1.301748e+01
2.269000e-05	-7.030692e-02	1.286152e+01
2.270000e-05	-6.762205e-02	1.269519e+01
2.271000e-05	-6.142886e-02	1.254530e+01
2.272000e-05	-5.760824e-02	1.236993e+01
2.273000e-05	-5.701845e-02	1.220795e+01
2.274000e-05	-5.464249e-02	1.203999e+01
2.275000e-05	-5.080529e-02	1.185158e+01
2.276000e-05	-4.682098e-02	1.169214e+01
2.277000e-05	-4.721142e-02	1.147161e+01
2.278000e-05	-4.681434e-02	1.125106e+01
2.279000e-05	-4.451041e-02	1.107203e+01
2.280000e-05	-4.044754e-02	1.085468e+01
2.281000e-05	-3.916934e-02	1.062358e+01
2.282000e-05	-3.882845e-02	1.045118e+01
2.283000e-05	-3.964393e-02	1.025058e+01
2.284000e-05	-3.701082e-02	1.003301e+01
2.285000e-05	-3.474254e-02	9.829498e+00
2.286000e-05	-3.443258e-02	9.596974e+00
2.287000e-05	-3.482902e-02	9.394845e+00
2.288000e-05	-3.178980e-02	9.136872e+00
2.289000e-05	-2.979528e-02	8.923243e+00
2.290000e-05	-3.028023e-02	8.702687e+00
2.291000e-05	-3.135966e-02	8.463583e+00
2.292000e-05	-3.062430e-02	8.270981e+00
2.293000e-05	-2.769399e-02	7.966401e+00
2.294000e-05	-2.664756e-02	7.736243e+00
2.295000e-05	-2.570055e-02	7.492636e+00
2.296000e-05	-2.707364e-02	7.237949e+00
2.297000e-05	-2.494544e-02	6.957894e+00
2.298000e-05	-2.454629e-02	6.663712e+00
2.299000e-05	-2.441428e-02	6.421482e+00
2.300000e-05	-2.509218e-02	6.178399e+00
2.301000e-05	-2.283522e-02	5.955786e+00
2.302000e-05	-2.074194e-02	5.680086e+00
2.303000e-05	-2.089934e-02	5.378874e+00
2.304000e-05	-2.130373e-02	5.090010e+00
2.305000e-05	-2.189888e-02	4.766845e+00
2.306000e-05	-1.845571e-02	4.473716e+00
2.307000e-05	-1.978331e-02	4.260578e+00
2.308000e-05	-1.894348e-02	3.926341e+00
2.309000e-05	-2.071344e-02	3.724184e+00
2.310000e-05	-1.732927e-02	3.438555e+00
2.311000e-05	-1.676556e-02	3.146287e+00
2.312000e-05	-1.604879e-02	2.872159e+00
2.313000e-05	-1.868918e-02	2.626975e+00
2.314000e-05	-1.638434e-02	2.292686e+00
2.315000e-05	-1.500715e-02	2.050524e+00
2.316000e-05	-1.388290e-02	1.756495e+00
2.317000e-05	-1.473619e-02	1.462655e+00
2.318000e-05	-1.418519e-02	1.185818e+00
2.319000e-05	-1.261185e-02	8.510252e-01
2.320000e-05	-1.124675e-02	5.868424e-01
2.321000e-05	-1.241687e-02	3.031804e-01
2.322000e-05	-1.035686e-02	1.841886e-02
2.323000e-05	-2.309666e-03	-2.736629e-01
2.324000e-05	5.519225e-03	-5.278931e-01
2.325000e-05	-2.745728e-03	-7.605288e-01
2.326000e-05	2.064900e-03	-1.055690e+00
2.327000e-05	-3.171930e-03	-1.359074e+00
2.328000e-05	2.153571e-03	-1.643558e+00
2.329000e-05	9.022078e-03	-1.862637e+00
2.330000e-05	6.020638e-02	-2.065789e+00
2.331000e-05	1.165474e-01	-2.392506e+00
2.332000e-05	-2.942445e-02	-2.781528e+00
2.333000e-05	-1.566165e-02	-3.210551e+00
2.334000e-05	-3.433212e-02	-3.392603e+00
2.335000e-05	-4.050313e-02	-3.630605e+00
2.336000e-05	-9.265050e-02	-3.804685e+00
2.337000e-05	1.233613e-01	-4.023655e+00
2.338000e-05	-2.031529e-02	-4.256238e+00
2.339000e-05	-3.427082e-02	-4.601628e+00
2.340000e-05	1.554116e-01	-4.802030e+00
2.341000e-05	-1.475708e-01	-5.198024e+00
2.342000e-05	1.233162e-01	-5.465032e+00
2.343000e-05	-8.910763e-02	-5.708770e+00
2.344000e-05	8.241956e-04	-6.021450e+00
2.345000e-05	1.085362e-01	-6.220612e+00
2.346000e-05	-7.956162e-02	-6.520325e+00
2.347000e-05	1.306729e-01	-6.769479e+00
2.348000e-05	-8.366141e-02	-7.062620e+00
2.349000e-05	5.570521e-02	-7.358446e+00
2.350000e-05	5.047000e-03	-7.559404e+00
2.351000e-05	-2.101705e-02	-7.864816e+00
2.352000e-05	1.022331e-01	-8.095795e+00
2.353000e-05	-6.660100e-02	-8.369453e+00
2.354000e-05	1.149174e-01	-8.591033e+00
2.355000e-05	-4.724073e-02	-8.812586e+00
2.356000e-05	3.126316e-02	-9.096212e+00
2.357000e-05	1.679650e-02	-9.255187e+00
2.358000e-05	9.380919e-03	-9.526824e+00
2.359000e-05	7.649931e-02	-9.758899e+00
2.360000e-05	-2.580059e-02	-9.978030e+00
2.361000e-05	7.804001e-02	-1.017791e+01
2.362000e-05	-3.278506e-02	-1.037159e+01
2.363000e-05	7.425401e-02	-1.060006e+01
2.364000e-05	-8.475866e-03	-1.078898e+01
2.365000e-05	4.814335e-02	-1.099001e+01
2.366000e-05	2.057561e-02	-1.119050e+01
2.367000e-05	3.340799e-02	-1.142208e+01
2.368000e-05	4.261563e-02	-1.165254e+01
2.369000e-05	9.383568e-03	-1.181048e+01
2.370000e-05	5.027506e-02	-1.201956e+01
2.371000e-05	1.594649e-02	-1.220103e+01
2.372000e-05	6.573275e-02	-1.234951e+01
2.373000e-05	1.294791e-02	-1.253735e+01
2.374000e-05	5.084585e-02	-1.267577e+01
2.375000e-05	2.262532e-02	-1.285314e+01
2.376000e-05	5.678217e-02	-1.300093e+01
2.377000e-05	3.679739e-02	-1.312945e+01
2.378000e-05	4.825494e-02	-1.331367e+01
2.379000e-05	4.303099e-02	-1.341264e+01
2.380000e-05	4.752724e-02	-1.361995e+01
2.381000e-05	5.221751e-02	-1.371735e+01
2.382000e-05	4.195492e-02	-1.384256e+01
2.383000e-05	5.195926e-02	-1.394743e+01
2.384000e-05	4.965877e-02	-1.409322e+01
2.385000e-05	6.577193e-02	-1.416096e+01
2.386000e-05	5.358006e-02	-1.429732e+01
2.387000e-05	6.183134e-02	-1.443156e+01
2.388000e-05	5.527392e-02	-1.453677e+01
2.389000e-05	7.107151e-02	-1.459198e+01
2.390000e-05	6.493585e-02	-1.467372e+01
2.391000e-05	7.130517e-02	-1.476935e+01
2.392000e-05	6.830360e-02	-1.486261e+01
2.393000e-05	7.756205e-02	-1.490627e+01
2.394000e-05	7.740198e-02	-1.495686e+01
2.395000e-05	7.831901e-02	-1.501248e+01
2.396000e-05	8.015003e-02	-1.504466e+01
2.397000e-05	8.750056e-02	-1.510475e+01
2.398000e-05	9.637859e-02	-1.516845e+01
2.399000e-05	9.503791e-02	-1.519054e+01
2.400000e-05	9.863299e-02	-1.524111e+01
2.401000e-05	9.950439e-02	-1.525556e+01
2.402000e-05	1.092189e-01	-1.526216e+01
2.403000e-05	1.135252e-01	-1.529477e+01
2.404000e-05	1.195739e-01	-1.530422e+01
2.405000e-05	1.234223e-01	-1.529525e+01
2.406000e-05	1.337676e-01	-1.528467e+01
2.407000e-05	1.410279e-01	-1.527419e+01
2.408000e-05	1.456881e-01	-1.528161e+01
2.409000e-05	1.555192e-01	-1.526318e+01
2.410000e-05	1.703215e-01	-1.523156e+01
2.411000e-05	1.916175e-01	-1.517855e+01
2.412000e-05	2.124587e-01	-1.514835e+01
2.413000e-05	2.375311e-01	-1.510722e+01
2.414000e-05	2.493831e-01	-1.506316e+01
2.415000e-05	2.500000e-01	-1.501953e+01
2.416000e-05	2.500000e-01	-1.495887e+01
2.417000e-05	2.500000e-01	-1.491374e+01
2.418000e-05	2.500000e-01	-1.484106e+01
2.419000e-05	2.500000e-01	-1.476745e+01
2.420000e-05	2.499900e-01	-1.473321e+01
2.421000e-05	2.427062e-01	-1.461098e+01
2.422000e-05	2.143379e-01	-1.453517e+01
2.423000e-05	1.846395e-01	-1.440108e+01
2.424000e-05	1.639647e-01	-1.429564e+01
2.425000e-05	1.440523e-01	-1.423003e+01
2.426000e-05	1.262124e-01	-1.407469e+01
2.427000e-05	1.120887e-01	-1.398835e+01
2.428000e-05	1.025366e-01	-1.385103e+01
2.429000e-05	9.269410e-02	-1.371677e+01
2.430000e-05	8.353796e-02	-1.354835e+01
2.431000e-05	7.640609e-02	-1.343313e+01
2.432000e-05	7.104301e-02	-1.332469e+01
2.433000e-05	6.738160e-02	-1.317843e+01
2.434000e-05	6.192016e-02	-1.303001e+01
2.435000e-05	5.486877e-02	-1.287311e+01
2.436000e-05	5.171197e-02	-1.273474e+01
2.437000e-05	4.929931e-02	-1.255740e+01
2.438000e-05	4.681742e-02	-1.239993e+01
2.439000e-05	4.211037e-02	-1.221203e+01
2.440000e-05	3.919345e-02	-1.205151e+01
2.441000e-05	3.768744e-02	-1.182158e+01
2.442000e-05	3.640578e-02	-1.165211e+01
2.443000e-05	3.301252e-02	-1.144208e+01
2.444000e-05	2.969192e-02	-1.124895e+01
2.445000e-05	2.918448e-02	-1.102943e+01
2.446000e-05	2.832906e-02	-1.086098e+01
2.447000e-05	2.639998e-02	-1.066155e+01
2.448000e-05	2.381232e-02	-1.044058e+01
2.449000e-05	2.223887e-02	-1.024948e+01
2.450000e-05	2.187965e-02	-9.989420e+00
2.451000e-05	2.010906e-02	-9.807399e+00
2.452000e-05	1.903062e-02	-9.548921e+00
2.453000e-05	1.702179e-02	-9.367344e+00
2.454000e-05	1.724199e-02	-9.146238e+00
2.455000e-05	1.604573e-02	-8.953738e+00
2.456000e-05	1.555120e-02	-8.660631e+00
2.457000e-05	1.240137e-02	-8.420473e+00
2.458000e-05	1.167182e-02	-8.197901e+00
2.459000e-05	1.161755e-02	-7.978419e+00
2.460000e-05	1.140926e-02	-7.662577e+00
2.461000e-05	9.546883e-03	-7.417499e+00
2.462000e-05	7.877217e-03	-7.217441e+00
2.463000e-05	7.197978e-03	-6.892237e+00
2.464000e-05	7.151236e-03	-6.701104e+00
2.465000e-05	5.230427e-03	-6.419493e+00
2.466000e-05	4.989539e-03	-6.126211e+00
2.467000e-05	4.107928e-03	-5.921682e+00
2.468000e-05	3.880412e-03	-5.618002e+00
2.469000e-05	3.615406e-03	-5.313237e+00
2.470000e-05	2.094750e-03	-5.062054e+00
2.471000e-05	8.335492e-04	-4.715137e+00
2.472000e-05	1.655625e-03	-4.461578e+00
2.473000e-05	1.564542e-03	-4.229974e+00
2.474000e-05	1.611510e-03	-3.944785e+00
2.475000e-05	-2.427397e-03	-3.701529e+00
2.476000e-05	-1.492713e-03	-3.407823e+00
2.477000e-05	-4.034933e-03	-3.145310e+00
2.478000e-05	-1.015354e-03	-2.819523e+00
2.479000e-05	-5.024376e-03	-2.567842e+00
2.480000e-05	-2.720722e-03	-2.315155e+00
2.481000e-05	-3.900515e-03	-1.999340e+00
2.482000e-05	-2.551996e-03	-1.704786e+00
2.483000e-05	-6.300474e-03	-1.457477e+00
2.484000e-05	-6.500387e-03	-1.104183e+00
2.485000e-05	-7.228612e-03	-8.405239e-01
2.486000e-05	-6.486044e-03	-5.752860e-01
2.487000e-05	-5.557680e-03	-2.726330e-01
2.488000e-05	-4.702368e-03	2.311265e-02
2.489000e-05	6.800749e-03	3.168695e-01
2.490000e-05	8.862346e-04	5.578225e-01
2.491000e-05	3.708145e-03	8.005540e-01
2.492000e-05	-8.118905e-04	1.116867e+00
2.493000e-05	-1.710310e-05	1.378877e+00
2.494000e-05	-1.130142e-03	1.675766e+00
2.495000e-05	8.046876e-03	1.896367e+00
2.496000e-05	3.480055e-02	2.126422e+00
2.497000e-05	1.016416e-01	2.404609e+00
2.498000e-05	9.355431e-03	2.760052e+00
2.499000e-05	-4.764448e-02	3.066164e+00
2.500000e-05	-3.309727e-02	3.288852e+00
2.501000e-05	-3.017117e-02	3.591063e+00
2.502000e-05	-6.194729e-02	3.792088e+00
2.503000e-05	-5.903701e-02	4.053083e+00
2.504000e-05	8.916152e-02	4.317848e+00
2.505000e-05	-4.027131e-02	4.603636e+00
2.506000e-05	8.548403e-03	4.823085e+00
2.507000e-05	9.905985e-02	5.211006e+00
2.508000e-05	-1.195738e-01	5.466213e+00
2.509000e-05	5.092539e-02	5.678375e+00
2.510000e-05	-4.720011e-02	6.002529e+00
2.511000e-05	2.126489e-02	6.223188e+00
2.512000e-05	9.360417e-03	6.497848e+00
2.513000e-05	-4.945776e-02	6.801134e+00
2.514000e-05	3.186340e-02	7.034112e+00
2.515000e-05	-5.029096e-02	7.347374e+00
2.516000e-05	2.126468e-02	7.601056e+00
2.517000e-05	-5.656461e-02	7.845217e+00
2.518000e-05	1.029623e-02	8.128476e+00
2.519000e-05	1.042682e-02	8.361579e+00
2.520000e-05	-2.973122e-02	8.600408e+00
2.521000e-05	7.563726e-03	8.831559e+00
2.522000e-05	-5.934662e-02	9.054091e+00
2.523000e-05	-3.597903e-03	9.285718e+00
2.524000e-05	-1.699211e-02	9.485322e+00
2.525000e-05	-5.831695e-03	9.726825e+00
2.526000e-05	-3.092762e-02	9.967955e+00
2.527000e-05	-1.992431e-02	1.019941e+01
2.528000e-05	-5.428696e-03	1.040098e+01
2.529000e-05	-3.342192e-02	1.057896e+01
2.530000e-05	-2.436449e-02	1.078046e+01
2.531000e-05	-4.177262e-02	1.100003e+01
2.532000e-05	-1.225368e-02	1.118943e+01
2.533000e-05	-2.547027e-02	1.139006e+01
2.534000e-05	-2.749622e-02	1.156956e+01
2.535000e-05	-4.299317e-02	1.180999e+01
2.536000e-05	-2.798197e-02	1.200951e+01
2.537000e-05	-2.361377e-02	1.216785e+01
2.538000e-05	-2.973411e-02	1.231585e+01
2.539000e-05	-4.275843e-02	1.251575e+01
2.540000e-05	-4.480825e-02	1.265514e+01
2.541000e-05	-3.245529e-02	1.279104e+01
2.542000e-05	-3.640179e-02	1.294835e+01
2.543000e-05	-4.418288e-02	1.306685e+01
2.544000e-05	-5.067480e-02	1.326407e+01
2.545000e-05	-3.804316e-02	1.340048e+01
2.546000e-05	-4.001041e-02	1.356687e+01
2.547000e-05	-4.891289e-02	1.366264e+01
2.548000e-05	-6.186562e-02	1.373948e+01
2.549000e-05	-5.600077e-02	1.390622e+01
2.550000e-05	-5.010876e-02	1.403414e+01
2.551000e-05	-5.392066e-02	1.419994e+01
2.552000e-05	-6.337512e-02	1.425422e+01
2.553000e-05	-6.764416e-02	1.437098e+01
2.554000e-05	-5.941030e-02	1.451322e+01
2.555000e-05	-6.360064e-02	1.458151e+01
2.556000e-05	-6.831401e-02	1.467469e+01
2.557000e-05	-7.905996e-02	1.473840e+01
2.558000e-05	-7.401600e-02	1.482053e+01
2.559000e-05	-7.550245e-02	1.486274e+01
2.560000e-05	-8.153125e-02	1.493627e+01
2.561000e-05	-9.356232e-02	1.496943e+01
2.562000e-05	-9.474306e-02	1.501304e+01
2.563000e-05	-8.984447e-02	1.510382e+01
2.564000e-05	-9.243991e-02	1.513535e+01
2.565000e-05	-1.024882e-01	1.519797e+01
2.566000e-05	-1.095780e-01	1.517946e+01
2.567000e-05	-1.084761e-01	1.520948e+01
2.568000e-05	-1.127921e-01	1.523046e+01
2.569000e-05	-1.221600e-01	1.524054e+01
2.570000e-05	-1.328371e-01	1.524401e+01
2.571000e-05	-1.345818e-01	1.525162e+01
2.572000e-05	-1.362844e-01	1.521156e+01
2.573000e-05	-1.468982e-01	1.520956e+01
2.574000e-05	-1.612826e-01	1.521204e+01
2.575000e-05	-1.735872e-01	1.516945e+01
2.576000e-05	-1.837614e-01	1.519740e+01
2.577000e-05	-2.018635e-01	1.516580e+01
2.578000e-05	-2.287142e-01	1.512315e+01
2.579000e-05	-2.481412e-01	1.510364e+01
2.580000e-05	-2.500000e-01	1.500943e+01
2.581000e-05	-2.500000e-01	1.498833e+01
2.582000e-05	-2.500000e-01	1.490477e+01
2.583000e-05	-2.500000e-01	1.484201e+01
2.584000e-05	-2.500000e-01	1.480837e+01
2.585000e-05	-2.500000e-01	1.470527e+01
2.586000e-05	-2.500000e-01	1.460848e+01
2.587000e-05	-2.421452e-01	1.451428e+01
2.588000e-05	-2.152145e-01	1.444318e+01
2.589000e-05	-1.848807e-01	1.435582e+01
2.590000e-05	-1.618869e-01	1.424198e+01
2.591000e-05	-1.475138e-01	1.413625e+01
2.592000e-05	-1.353700e-01	1.400743e+01
2.593000e-05	-1.205143e-01	1.386306e+01
2.594000e-05	-1.059159e-01	1.378730e+01
2.595000e-05	-9.881437e-02	1.361898e+01
2.596000e-05	-9.589039e-02	1.348364e+01
2.597000e-05	-8.859702e-02	1.333533e+01
2.598000e-05	-7.926791e-02	1.325106e+01
2.599000e-05	-7.277501e-02	1.304357e+01
2.600000e-05	-7.176049e-02	1.294474e+01
2.601000e-05	-6.897765e-02	1.276685e+01
2.602000e-05	-6.438670e-02	1.262051e+01
2.603000e-05	-5.741744e-02	1.248156e+01
2.604000e-05	-5.724324e-02	1.227361e+01
2.605000e-05	-5.619085e-02	1.212679e+01
2.606000e-05	-5.368275e-02	1.194632e+01
2.607000e-05	-4.711336e-02	1.176692e+01
2.608000e-05	-4.643869e-02	1.150582e+01
2.609000e-05	-4.707049e-02	1.131525e+01
2.610000e-05	-4.720043e-02	1.113624e+01
2.611000e-05	-4.239328e-02	1.096437e+01
2.612000e-05	-3.934828e-02	1.073785e+01
2.613000e-05	-3.939556e-02	1.059430e+01
2.614000e-05	-3.961625e-02	1.034479e+01
2.615000e-05	-3.671937e-02	1.015524e+01
2.616000e-05	-3.509207e-02	9.925143e+00
2.617000e-05	-3.465486e-02	9.692134e+00
2.618000e-05	-3.604144e-02	9.452532e+00
2.619000e-05	-3.394572e-02	9.240557e+00
2.620000e-05	-3.113606e-02	9.028586e+00
2.621000e-05	-2.907306e-02	8.787424e+00
2.622000e-05	-3.037009e-02	8.566369e+00
2.623000e-05	-2.991592e-02	8.345368e+00
2.624000e-05	-2.860549e-02	8.082662e+00
2.625000e-05	-2.713132e-02	7.820533e+00
2.626000e-05	-2.694815e-02	7.537998e+00
2.627000e-05	-2.718440e-02	7.353612e+00
2.628000e-05	-2.598572e-02	7.050580e+00
2.629000e-05	-2.316872e-02	6.829978e+00
2.630000e-05	-2.385275e-02	6.534263e+00
2.631000e-05	-2.488091e-02	6.263585e+00
2.632000e-05	-2.305645e-02	6.040529e+00
2.633000e-05	-2.286947e-02	5.767749e+00
2.634000e-05	-2.069733e-02	5.503712e+00
2.635000e-05	-2.069745e-02	5.238047e+00
2.636000e-05	-2.156791e-02	4.872687e+00
2.637000e-05	-2.118635e-02	4.629473e+00
2.638000e-05	-1.982217e-02	4.366842e+00
2.639000e-05	-1.935172e-02	4.082012e+00
2.640000e-05	-1.941463e-02	3.789421e+00
2.641000e-05	-1.877632e-02	3.536316e+00
2.642000e-05	-1.674147e-02	3.291578e+00
2.643000e-05	-1.669313e-02	2.977820e+00
2.644000e-05	-1.700760e-02	2.723833e+00
2.645000e-05	-1.696197e-02	2.398972e+00
2.646000e-05	-1.627290e-02	2.125766e+00
2.647000e-05	-1.504738e-02	1.891709e+00
2.648000e-05	-1.389798e-02	1.566893e+00
2.649000e-05	-1.450531e-02	1.304686e+00
2.650000e-05	-1.349735e-02	9.768135e-01
2.651000e-05	-1.210910e-02	6.816328e-01
2.652000e-05	-1.070687e-02	3.999501e-01
2.653000e-05	-1.065477e-02	1.736868e-01
2.654000e-05	-6.499389e-03	-1.198986e-01
2.655000e-05	4.031618e-03	-3.905812e-01
2.656000e-05	-2.375712e-03	-6.953408e-01
2.657000e-05	1.716872e-03	-9.289208e-01
2.658000e-05	-2.443275e-03	-1.212130e+00
2.659000e-05	1.522847e-03	-1.517824e+00
2.660000e-05	2.660620e-03	-1.739895e+00
2.661000e-05	3.133195e-02	-1.980449e+00
2.662000e-05	1.117025e-01	-2.274187e+00
2.663000e-05	3.785658e-02	-2.633113e+00
2.664000e-05	-4.524992e-02	-3.025187e+00
2.665000e-05	-1.236875e-02	-3.358874e+00
2.666000e-05	-4.266242e-02	-3.497317e+00
2.667000e-05	-7.671577e-02	-3.768375e+00
2.668000e-05	8.453047e-03	-3.968921e+00
2.669000e-05	1.186716e-01	-4.138400e+00
2.670000e-05	-1.376227e-01	-4.434688e+00
2.671000e-05	1.808738e-01	-4.756348e+00
2.672000e-05	-6.165858e-02	-4.991608e+00
2.673000e-05	-4.934818e-03	-5.388979e+00
2.674000e-05	6.326753e-02	-5.591905e+00
2.675000e-05	-1.318509e-01	-5.935866e+00
2.676000e-05	1.641604e-01	-6.084722e+00
2.677000e-05	-6.669287e-02	-6.391134e+00
2.678000e-05	6.948193e-02	-6.706795e+00
2.679000e-05	1.672003e-02	-6.917852e+00
2.680000e-05	-4.954106e-02	-7.263734e+00
2.681000e-05	9.343493e-02	-7.453641e+00
2.682000e-05	-8.074083e-02	-7.760452e+00
2.683000e-05	1.151872e-01	-8.102185e+00
2.684000e-05	-3.044082e-02	-8.233663e+00
2.685000e-05	4.138128e-02	-8.517842e+00
2.686000e-05	4.716029e-02	-8.707823e+00
2.687000e-05	-5.672551e-02	-8.991029e+00
2.688000e-05	7.830852e-02	-9.169580e+00
2.689000e-05	-4.379715e-02	-9.452487e+00
2.690000e-05	1.026915e-01	-9.624167e+00
2.691000e-05	-2.043477e-02	-9.853663e+00
2.692000e-05	5.923662e-02	-1.009629e+01
2.693000e-05	4.163629e-03	-1.027619e+01
2.694000e-05	2.305959e-02	-1.056827e+01
2.695000e-05	4.184564e-02	-1.073677e+01
2.696000e-05	-5.157382e-03	-1.091685e+01
2.697000e-05	6.251902e-02	-1.112583e+01
2.698000e-05	-2.841136e-03	-1.132735e+01
2.699000e-05	7.079759e-02	-1.153733e+01
2.700000e-05	-2.871383e-03	-1.170733e+01
2.701000e-05	5.528552e-02	-1.192880e+01
2.702000e-05	1.496944e-02	-1.211840e+01
2.703000e-05	5.586377e-02	-1.232424e+01
2.704000e-05	2.882566e-02	-1.246564e+01
2.705000e-05	3.352432e-02	-1.262314e+01
2.706000e-05	3.629630e-02	-1.279095e+01
2.707000e-05	3.516398e-02	-1.293980e+01
2.708000e-05	5.324218e-02	-1.307419e+01
2.709000e-05	3.323934e-02	-1.324321e+01
2.710000e-05	5.679818e-02	-1.336840e+01
2.711000e-05	3.705569e-02	-1.354887e+01
2.712000e-05	6.007460e-02	-1.366311e+01
2.713000e-05	3.640636e-02	-1.379098e+01
2.714000e-05	5.181558e-02	-1.389529e+01
2.715000e-05	4.546037e-02	-1.406356e+01
2.716000e-05	6.191222e-02	-1.410688e+01
2.717000e-05	5.715577e-02	-1.425472e+01
2.718000e-05	5.789344e-02	-1.436948e+01
2.719000e-05	5.840405e-02	-1.446464e+01
2.720000e-05	6.506307e-02	-1.456038e+01
2.721000e-05	6.997030e-02	-1.465421e+01
2.722000e-05	6.841233e-02	-1.470580e+01
2.723000e-05	7.143150e-02	-1.480148e+01
2.724000e-05	7.128308e-02	-1.487469e+01
2.725000e-05	7.926837e-02	-1.495832e+01
2.726000e-05	7.298919e-02	-1.497998e+01
2.727000e-05	7.976364e-02	-1.503356e+01
2.728000e-05	8.137900e-02	-1.511471e+01
2.729000e-05	9.736565e-02	-1.511732e+01
2.730000e-05	9.663606e-02	-1.515998e+01
2.731000e-05	1.005288e-01	-1.520158e+01
2.732000e-05	9.928752e-02	-1.523311e+01
2.733000e-05	1.055327e-01	-1.526469e+01
2.734000e-05	1.107870e-01	-1.532419e+01
2.735000e-05	1.144805e-01	-1.528474e+01
2.736000e-05	1.212897e-01	-1.531325e+01
2.737000e-05	1.292198e-01	-1.531419e+01
2.738000e-05	1.399536e-01	-1.529369e+01
2.739000e-05	1.452169e-01	-1.530469e+01
2.740000e-05	1.532055e-01	-1.525412e+01
2.741000e-05	1.643034e-01	-1.524268e+01
2.742000e-05	1.813832e-01	-1.521098e+01
2.743000e-05	2.025351e-01	-1.517942e+01
2.744000e-05	2.263704e-01	-1.511882e+01
2.745000e-05	2.455716e-01	-1.510322e+01
2.746000e-05	2.500000e-01	-1.504093e+01
2.747000e-05	2.500000e-01	-1.499943e+01
2.748000e-05	2.500000e-01	-1.490474e+01
2.749000e-05	2.500000e-01	-1.486266e+01
2.750000e-05	2.500000e-01	-1.478848e+01
2.751000e-05	2.500000e-01	-1.471477e+01
2.752000e-05	2.482218e-01	-1.465253e+01
2.753000e-05	2.279616e-01	-1.454740e+01
2.754000e-05	1.948364e-01	-1.446256e+01
2.755000e-05	1.709104e-01	-1.434895e+01
2.756000e-05	1.516283e-01	-1.423044e+01
2.757000e-05	1.338199e-01	-1.413787e+01
2.758000e-05	1.185579e-01	-1.405203e+01
2.759000e-05	1.064986e-01	-1.389511e+01
2.760000e-05	9.692339e-02	-1.380787e+01
2.761000e-05	8.712277e-02	-1.365020e+01
2.762000e-05	7.894373e-02	-1.349574e+01
2.763000e-05	7.211560e-02	-1.339687e+01
2.764000e-05	6.836397e-02	-1.325151e+01
2.765000e-05	6.376976e-02	-1.311411e+01
2.766000e-05	5.779424e-02	-1.294482e+01
2.767000e-05	5.302047e-02	-1.277998e+01
2.768000e-05	4.996894e-02	-1.266058e+01
2.769000e-05	4.758444e-02	-1.248166e+01
2.770000e-05	4.389548e-02	-1.228356e+01
2.771000e-05	3.949423e-02	-1.215489e+01
2.772000e-05	3.808423e-02	-1.192480e+01
2.773000e-05	3.679097e-02	-1.172622e+01
2.774000e-05	3.343505e-02	-1.154569e+01
2.775000e-05	3.071019e-02	-1.132557e+01
2.776000e-05	2.852523e-02	-1.111271e+01
2.777000e-05	2.862268e-02	-1.093224e+01
2.778000e-05	2.782074e-02	-1.072531e+01
2.779000e-05	2.473096e-02	-1.050384e+01
2.780000e-05	2.288858e-02	-1.028521e+01
2.781000e-05	2.191295e-02	-1.012366e+01
2.782000e-05	2.117937e-02	-9.912107e+00
2.783000e-05	1.896826e-02	-9.692632e+00
2.784000e-05	1.799228e-02	-9.441628e+00
2.785000e-05	1.747402e-02	-9.249399e+00
2.786000e-05	1.734886e-02	-9.006321e+00
2.787000e-05	1.443774e-02	-8.776920e+00
2.788000e-05	1.252343e-02	-8.555763e+00
2.789000e-05	1.180496e-02	-8.283610e+00
2.790000e-05	1.220441e-02	-8.080129e+00
2.791000e-05	1.130603e-02	-7.837899e+00
2.792000e-05	1.030487e-02	-7.514692e+00
2.793000e-05	8.472585e-03	-7.272707e+00
2.794000e-05	9.715985e-03	-7.020423e+00
2.795000e-05	3.262958e-03	-6.768290e+00
2.796000e-05	6.722485e-03	-6.545661e+00
2.797000e-05	2.535365e-03	-6.302578e+00
2.798000e-05	8.833205e-03	-6.008896e+00
2.799000e-05	5.501721e-03	-5.732762e+00
2.800000e-05	5.719798e-03	-5.430130e+00
2.801000e-05	3.351994e-03	-5.166764e+00
2.802000e-05	-2.059451e-05	-4.851028e+00
2.803000e-05	3.141935e-05	-4.566364e+00
2.804000e-05	-8.199301e-04	-4.335763e+00
2.805000e-05	-2.265658e-04	-4.092579e+00
2.806000e-05	4.355643e-04	-3.808519e+00
2.807000e-05	-2.005973e-04	-3.524212e+00
2.808000e-05	-9.170066e-04	-3.251580e+00
2.809000e-05	-2.729090e-03	-2.987287e+00
2.810000e-05	-3.713470e-03	-2.703106e+00
2.811000e-05	-4.057847e-03	-2.418024e+00
2.812000e-05	-4.020999e-03	-2.113187e+00
2.813000e-05	-4.613400e-03	-1.858522e+00
2.814000e-05	-5.860967e-03	-1.605966e+00
2.815000e-05	-5.685037e-03	-1.231023e+00
2.816000e-05	-5.743749e-03	-9.568135e-01
2.817000e-05	-5.136783e-03	-6.815793e-01
2.818000e-05	-5.664349e-03	-3.668195e-01
2.819000e-05	-5.861681e-03	-1.237366e-01
2.820000e-05	7.663552e-04	1.804772e-01
2.821000e-05	4.580170e-03	4.441642e-01
2.822000e-05	-1.399529e-03	6.758181e-01
2.823000e-05	3.779089e-03	9.384561e-01
2.824000e-05	-1.590624e-03	1.233138e+00
2.825000e-05	2.101139e-03	1.548301e+00
2.826000e-05	5.053740e-04	1.782180e+00
2.827000e-05	1.990689e-02	2.022636e+00
2.828000e-05	7.519522e-02	2.296918e+00
2.829000e-05	7.163576e-02	2.634741e+00
2.830000e-05	-5.271583e-02	2.928976e+00
2.831000e-05	-2.933972e-02	3.250534e+00
2.832000e-05	-3.755204e-02	3.546900e+00
2.833000e-05	-3.684135e-02	3.749974e+00
2.834000e-05	-8.576974e-02	3.960000e+00
2.835000e-05	3.100901e-02	4.191130e+00
2.836000e-05	5.692833e-02	4.467823e+00
2.837000e-05	-9.006324e-02	4.749872e+00
2.838000e-05	1.474335e-01	5.004190e+00
2.839000e-05	-8.126662e-02	5.369479e+00
2.840000e-05	-1.128367e-02	5.651063e+00
2.841000e-05	9.467578e-03	5.887872e+00
2.842000e-05	-3.599247e-02	6.167922e+00
2.843000e-05	5.358488e-02	6.421531e+00
2.844000e-05	-6.087523e-02	6.718320e+00
2.845000e-05	1.974819e-02	6.937428e+00
2.846000e-05	-2.591665e-02	7.222587e+00
2.847000e-05	-7.329890e-03	7.466298e+00
2.848000e-05	-1.791458e-02	7.748929e+00
2.849000e-05	-3.785995e-02	8.032537e+00
2.850000e-05	3.627695e-02	8.265172e+00
2.851000e-05	-3.009141e-02	8.456772e+00
2.852000e-05	-5.290444e-05	8.675397e+00
2.853000e-05	-3.071500e-02	8.947406e+00
2.854000e-05	-4.074919e-02	9.131028e+00
2.855000e-05	7.695772e-03	9.391058e+00
2.856000e-05	-2.202758e-02	9.632587e+00
2.857000e-05	-7.863256e-03	9.825243e+00
2.858000e-05	-3.929404e-02	1.009569e+01
2.859000e-05	-3.233548e-04	1.029572e+01
2.860000e-05	-2.593033e-02	1.049575e+01
2.861000e-05	-2.783698e-02	1.073532e+01
2.862000e-05	-3.175047e-02	1.089832e+01
2.863000e-05	-3.055192e-02	1.109527e+01
2.864000e-05	-8.933922e-03	1.137637e+01
2.865000e-05	-3.483263e-02	1.149522e+01
2.866000e-05	-3.067042e-02	1.173737e+01
2.867000e-05	-4.313448e-02	1.189532e+01
2.868000e-05	-1.929497e-02	1.208722e+01
2.869000e-05	-2.891418e-02	1.228314e+01
2.870000e-05	-3.627448e-02	1.241254e+01
2.871000e-05	-4.538440e-02	1.261091e+01
2.872000e-05	-3.750094e-02	1.273790e+01
2.873000e-05	-3.083539e-02	1.290772e+01
2.874000e-05	-4.372260e-02	1.305304e+01
2.875000e-05	-4.747092e-02	1.318104e+01
2.876000e-05	-4.669878e-02	1.334835e+01
2.877000e-05	-3.589673e-02	1.351580e+01
2.878000e-05	-4.718224e-02	1.365053e+01
2.879000e-05	-5.754976e-02	1.373633e+01
2.880000e-05	-6.031190e-02	1.388259e+01
2.881000e-05	-5.022298e-02	1.404998e+01
2.882000e-05	-4.899864e-02	1.411880e+01
2.883000e-05	-5.945019e-02	1.425369e+01
2.884000e-05	-6.743217e-02	1.437785e+01
2.885000e-05	-6.397781e-02	1.447261e+01
2.886000e-05	-6.073040e-02	1.452890e+01
2.887000e-05	-6.855600e-02	1.465104e+01
2.888000e-05	-7.741610e-02	1.467682e+01
2.889000e-05	-7.708887e-02	1.479098e+01
2.890000e-05	-7.219383e-02	1.485214e+01
2.891000e-05	-7.656575e-02	1.488574e+01
2.892000e-05	-8.944280e-02	1.497788e+01
2.893000e-05	-9.489663e-02	1.502093e+01
2.894000e-05	-9.144140e-02	1.505254e+01
2.895000e-05	-9.033859e-02	1.513427e+01
2.896000e-05	-9.980615e-02	1.518785e+01
2.897000e-05	-1.083185e-01	1.515888e+01
2.898000e-05	-1.094492e-01	1.519954e+01
2.899000e-05	-1.097534e-01	1.521001e+01
2.900000e-05	-1.172990e-01	1.522901e+01
2.901000e-05	-1.286124e-01	1.521899e+01
2.902000e-05	-1.330408e-01	1.522159e+01
2.903000e-05	-1.346777e-01	1.525211e+01
2.904000e-05	-1.413306e-01	1.524207e+01
2.905000e-05	-1.576755e-01	1.523156e+01
2.906000e-05	-1.705822e-01	1.519051e+01
2.907000e-05	-1.796521e-01	1.516843e+01
2.908000e-05	-1.920317e-01	1.512787e+01
2.909000e-05	-2.167310e-01	1.512429e+01
2.910000e-05	-2.424700e-01	1.510561e+01
2.911000e-05	-2.500000e-01	1.502048e+01
2.912000e-05	-2.500000e-01	1.496738e+01
2.913000e-05	-2.500000e-01	1.492527e+01
2.914000e-05	-2.500000e-01	1.488269e+01
2.915000e-05	-2.500000e-01	1.480056e+01
2.916000e-05	-2.500000e-01	1.473779e+01
2.917000e-05	-2.500000e-01	1.466156e+01
2.918000e-05	-2.475451e-01	1.457795e+01
2.919000e-05	-2.297196e-01	1.447372e+01
2.920000e-05	-1.964905e-01	1.438943e+01
2.921000e-05	-1.702694e-01	1.429271e+01
2.922000e-05	-1.494278e-01	1.415730e+01
2.923000e-05	-1.394250e-01	1.404261e+01
2.924000e-05	-1.254882e-01	1.391729e+01
2.925000e-05	-1.121976e-01	1.381790e+01
2.926000e-05	-1.024593e-01	1.366216e+01
2.927000e-05	-9.726113e-02	1.355637e+01
2.928000e-05	-9.157485e-02	1.339846e+01
2.929000e-05	-8.411605e-02	1.329361e+01
2.930000e-05	-7.251736e-02	1.316677e+01
2.931000e-05	-7.189737e-02	1.297790e+01
2.932000e-05	-6.757895e-02	1.282151e+01
2.933000e-05	-6.456229e-02	1.267209e+01
2.934000e-05	-6.015059e-02	1.253532e+01
2.935000e-05	-5.595312e-02	1.231683e+01
2.936000e-05	-5.995134e-02	1.218835e+01
2.937000e-05	-5.595097e-02	1.199003e+01
2.938000e-05	-5.298709e-02	1.183050e+01
2.939000e-05	-4.559707e-02	1.163960e+01
2.940000e-05	-4.515141e-02	1.143998e+01
2.941000e-05	-4.409309e-02	1.119951e+01
2.942000e-05	-4.249690e-02	1.100856e+01
2.943000e-05	-3.957902e-02	1.084061e+01
2.944000e-05	-3.956355e-02	1.064058e+01
2.945000e-05	-4.153235e-02	1.048948e+01
2.946000e-05	-4.050430e-02	1.019751e+01
2.947000e-05	-3.650535e-02	9.999475e+00
2.948000e-05	-3.293434e-02	9.796443e+00
2.949000e-05	-3.388536e-02	9.534319e+00
2.950000e-05	-3.336280e-02	9.344796e+00
2.951000e-05	-3.240757e-02	9.104243e+00
2.952000e-05	-2.930164e-02	8.872635e+00
2.953000e-05	-3.032229e-02	8.649981e+00
2.954000e-05	-3.090716e-02	8.412557e+00
2.955000e-05	-3.069106e-02	8.217396e+00
2.956000e-05	-2.824103e-02	7.925768e+00
2.957000e-05	-2.643153e-02	7.694131e+00
2.958000e-05	-2.780824e-02	7.438397e+00
2.959000e-05	-2.644344e-02	7.145348e+00
2.960000e-05	-2.489711e-02	6.914238e+00
2.961000e-05	-2.206325e-02	6.679582e+00
2.962000e-05	-2.397540e-02	6.387916e+00
2.963000e-05	-2.429130e-02	6.145320e+00
2.964000e-05	-2.415249e-02	5.864207e+00
2.965000e-05	-2.192283e-02	5.599125e+00
2.966000e-05	-2.174119e-02	5.347344e+00
2.967000e-05	-2.091332e-02	5.019433e+00
2.968000e-05	-2.117412e-02	4.723336e+00
2.969000e-05	-2.012461e-02	4.473582e+00
2.970000e-05	-1.833073e-02	4.186950e+00
2.971000e-05	-1.877893e-02	3.903734e+00
2.972000e-05	-1.930388e-02	3.651631e+00
2.973000e-05	-1.922363e-02	3.376372e+00
2.974000e-05	-1.589359e-02	3.083233e+00
2.975000e-05	-1.635820e-02	2.851578e+00
2.976000e-05	-1.616763e-02	2.557771e+00
2.977000e-05	-1.770903e-02	2.242527e+00
2.978000e-05	-1.501349e-02	2.006890e+00
2.979000e-05	-1.455605e-02	1.682687e+00
2.980000e-05	-1.322647e-02	1.439523e+00
2.981000e-05	-1.521377e-02	1.103311e+00
2.982000e-05	-1.221177e-02	7.680187e-01
2.983000e-05	-1.264303e-02	5.137632e-01
2.984000e-05	-1.126448e-02	2.599276e-01
2.985000e-05	-9.092019e-03	-7.576410e-02
2.986000e-05	8.953761e-04	-3.168145e-01
2.987000e-05	1.719225e-03	-5.419247e-01
2.988000e-05	-1.062666e-03	-8.642089e-01
2.989000e-05	1.219087e-03	-1.097766e+00
2.990000e-05	-7.241592e-04	-1.422755e+00
2.991000e-05	4.753749e-04	-1.685239e+00
2.992000e-05	1.361296e-02	-1.905838e+00
2.993000e-05	7.675334e-02	-2.106824e+00
2.994000e-05	1.047297e-01	-2.464188e+00
2.995000e-05	-4.615007e-02	-2.837792e+00
2.996000e-05	-8.215099e-03	-3.232633e+00
2.997000e-05	-4.197258e-02	-3.434609e+00
2.998000e-05	-4.687165e-02	-3.635163e+00
2.999000e-05	-7.908786e-02	-3.897240e+00
3.000000e-05	1.510725e-01	-4.063634e+00
3.001000e-05	-8.647980e-02	-4.339370e+00
3.002000e-05	3.760069e-02	-4.661713e+00
3.003000e-05	9.470330e-02	-4.895267e+00
3.004000e-05	-1.347469e-01	-5.242113e+00
3.005000e-05	1.411260e-01	-5.465193e+00
3.006000e-05	-1.357917e-01	-5.750531e+00
3.007000e-05	7.303870e-02	-6.033185e+00
3.008000e-05	5.474457e-02	-6.264187e+00
3.009000e-05	-4.643550e-02	-6.580029e+00
3.010000e-05	1.147494e-01	-6.811557e+00
3.011000e-05	-1.000863e-01	-7.108244e+00
3.012000e-05	8.998502e-02	-7.391979e+00
3.013000e-05	-3.556879e-02	-7.631063e+00
3.014000e-05	2.922469e-02	-7.917422e+00
3.015000e-05	6.941451e-02	-8.168425e+00
3.016000e-05	-5.016951e-02	-8.420634e+00
3.017000e-05	1.137348e-01	-8.644664e+00
3.018000e-05	-7.495557e-02	-8.905320e+00
3.019000e-05	6.093455e-02	-9.146770e+00
3.020000e-05	-1.398675e-02	-9.297848e+00
3.021000e-05	4.657091e-02	-9.539524e+00
3.022000e-05	4.767480e-02	-9.790499e+00
3.023000e-05	-3.415144e-03	-1.000160e+01
3.024000e-05	6.520620e-02	-1.018301e+01
3.025000e-05	-2.769579e-02	-1.037461e+01
3.026000e-05	7.659652e-02	-1.062214e+01
3.027000e-05	-2.258619e-02	-1.084309e+01
3.028000e-05	6.296169e-02	-1.102203e+01
3.029000e-05	5.076808e-03	-1.126209e+01
3.030000e-05	5.073332e-02	-1.146416e+01
3.031000e-05	2.437709e-02	-1.164409e+01
3.032000e-05	2.617439e-02	-1.187466e+01
3.033000e-05	3.923139e-02	-1.206369e+01
3.034000e-05	2.812942e-02	-1.223196e+01
3.035000e-05	5.522175e-02	-1.244206e+01
3.036000e-05	1.627372e-02	-1.253983e+01
3.037000e-05	5.252416e-02	-1.276630e+01
3.038000e-05	2.088933e-02	-1.286724e+01
3.039000e-05	5.993313e-02	-1.303116e+01
3.040000e-05	2.654930e-02	-1.319095e+01
3.041000e-05	5.431860e-02	-1.331677e+01
3.042000e-05	3.761637e-02	-1.343364e+01
3.043000e-05	5.467799e-02	-1.358105e+01
3.044000e-05	4.639608e-02	-1.370783e+01
3.045000e-05	4.649120e-02	-1.387417e+01
3.046000e-05	5.185785e-02	-1.402148e+01
3.047000e-05	5.356284e-02	-1.413627e+01
3.048000e-05	6.141063e-02	-1.423201e+01
3.049000e-05	5.325847e-02	-1.431680e+01
3.050000e-05	5.975834e-02	-1.444156e+01
3.051000e-05	5.849668e-02	-1.453735e+01
3.052000e-05	7.188572e-02	-1.461156e+01
3.053000e-05	6.603754e-02	-1.472479e+01
3.054000e-05	7.261107e-02	-1.480947e+01
3.055000e-05	7.023738e-02	-1.486358e+01
3.056000e-05	7.914847e-02	-1.491630e+01
3.057000e-05	7.413027e-02	-1.495836e+01
3.058000e-05	7.802224e-02	-1.499356e+01
3.059000e-05	8.059213e-02	-1.507519e+01
3.060000e-05	9.108231e-02	-1.509782e+01
3.061000e-05	9.601024e-02	-1.512035e+01
3.062000e-05	9.580505e-02	-1.526938e+01
3.063000e-05	9.983350e-02	-1.525211e+01
3.064000e-05	1.019122e-01	-1.527213e+01
3.065000e-05	1.115508e-01	-1.524169e+01
3.066000e-05	1.127330e-01	-1.530477e+01
3.067000e-05	1.205020e-01	-1.528569e+01
3.068000e-05	1.243825e-01	-1.532677e+01
3.069000e-05	1.357148e-01	-1.527424e+01
3.070000e-05	1.417181e-01	-1.529417e+01
3.071000e-05	1.479501e-01	-1.530062e+01
3.072000e-05	1.585061e-01	-1.527202e+01
3.073000e-05	1.747949e-01	-1.526953e+01
3.074000e-05	1.958888e-01	-1.516940e+01
3.075000e-05	2.159733e-01	-1.515840e+01
3.076000e-05	2.401319e-01	-1.510627e+01
3.077000e-05	2.499992e-01	-1.501206e+01
3.078000e-05	2.500000e-01	-1.503000e+01
3.079000e-05	2.500000e-01	-1.490730e+01
3.080000e-05	2.500000e-01	-1.488469e+01
3.081000e-05	2.500000e-01	-1.483101e+01
3.082000e-05	2.500000e-01	-1.475587e+01
3.083000e-05	2.499900e-01	-1.472306e+01
3.084000e-05	2.393876e-01	-1.460087e+01
3.085000e-05	2.081427e-01	-1.448474e+01
3.086000e-05	1.810323e-01	-1.437853e+01
3.087000e-05	1.591742e-01	-1.428431e+01
3.088000e-05	1.399164e-01	-1.419791e+01
3.089000e-05	1.225130e-01	-1.405313e+01
3.090000e-05	1.098475e-01	-1.397630e+01
3.091000e-05	1.006545e-01	-1.385001e+01
3.092000e-05	9.173123e-02	-1.368569e+01
3.093000e-05	8.268178e-02	-1.357787e+01
3.094000e-05	7.553171e-02	-1.341058e+01
3.095000e-05	7.128915e-02	-1.329416e+01
3.096000e-05	6.560436e-02	-1.312535e+01
3.097000e-05	5.865486e-02	-1.299990e+01
3.098000e-05	5.353884e-02	-1.287260e+01
3.099000e-05	5.112342e-02	-1.269417e+01
3.100000e-05	4.909104e-02	-1.252374e+01
3.101000e-05	4.541098e-02	-1.240628e+01
3.102000e-05	4.174628e-02	-1.217887e+01
3.103000e-05	4.023368e-02	-1.198148e+01
3.104000e-05	3.792446e-02	-1.182958e+01
3.105000e-05	3.494023e-02	-1.164745e+01
3.106000e-05	3.259510e-02	-1.142887e+01
3.107000e-05	2.816184e-02	-1.120990e+01
3.108000e-05	2.904514e-02	-1.096640e+01
3.109000e-05	2.735164e-02	-1.080792e+01
3.110000e-05	2.640778e-02	-1.061793e+01
3.111000e-05	2.329919e-02	-1.037040e+01
3.112000e-05	2.330000e-02	-1.019574e+01
3.113000e-05	2.187771e-02	-9.956317e+00
3.114000e-05	2.115166e-02	-9.776868e+00
3.115000e-05	1.743896e-02	-9.536340e+00
3.116000e-05	1.707891e-02	-9.333113e+00
3.117000e-05	1.712268e-02	-9.092634e+00
3.118000e-05	1.672402e-02	-8.881681e+00
3.119000e-05	1.386880e-02	-8.620479e+00
3.120000e-05	1.153294e-02	-8.368820e+00
3.121000e-05	1.234404e-02	-8.164842e+00
3.122000e-05	1.216060e-02	-7.904238e+00
3.123000e-05	1.096201e-02	-7.630498e+00
3.124000e-05	9.101200e-03	-7.407319e+00
3.125000e-05	8.246932e-03	-7.094760e+00
3.126000e-05	8.143781e-03	-6.861553e+00
3.127000e-05	7.377972e-03	-6.618499e+00
3.128000e-05	5.334886e-03	-6.397442e+00
3.129000e-05	3.979518e-03	-6.122110e+00
3.130000e-05	4.892670e-03	-5.838504e+00
3.131000e-05	4.360774e-03	-5.548844e+00
3.132000e-05	4.458875e-03	-5.273081e+00
3.133000e-05	1.183785e-03	-4.978366e+00
3.134000e-05	1.427190e-03	-4.652604e+00
3.135000e-05	1.668826e-03	-4.410048e+00
3.136000e-05	1.757478e-03	-4.218769e+00
3.137000e-05	-9.848770e-04	-3.921754e+00
3.138000e-05	-1.909482e-03	-3.629423e+00
3.139000e-05	-2.304103e-03	-3.348292e+00
3.140000e-05	-2.876010e-03	-3.072579e+00
3.141000e-05	-3.171084e-03	-2.787393e+00
3.142000e-05	-4.726990e-03	-2.503688e+00
3.143000e-05	-3.583940e-03	-2.250127e+00
3.144000e-05	-3.268850e-03	-1.945815e+00
3.145000e-05	-3.310448e-03	-1.711577e+00
3.146000e-05	-5.686368e-03	-1.395362e+00
3.147000e-05	-7.066072e-03	-1.092024e+00
3.148000e-05	-7.447268e-03	-7.984611e-01
3.149000e-05	-6.631731e-03	-5.130993e-01
3.150000e-05	-6.829550e-03	-2.389713e-01
3.151000e-05	-4.122559e-03	1.413785e-02
3.152000e-05	8.075468e-03	3.584286e-01
3.153000e-05	7.683219e-04	5.711062e-01
3.154000e-05	5.326894e-03	8.441841e-01
3.155000e-05	-2.003082e-03	1.139925e+00
3.156000e-05	9.706854e-04	1.440135e+00
3.157000e-05	-1.971875e-03	1.729026e+00
3.158000e-05	1.184286e-02	1.939473e+00
3.159000e-05	4.451159e-02	2.150504e+00
3.160000e-05	1.023479e-01	2.486317e+00
3.161000e-05	-1.645240e-02	2.824137e+00
3.162000e-05	-3.959047e-02	3.109319e+00
3.163000e-05	-3.635372e-02	3.391134e+00
3.164000e-05	-2.921952e-02	3.662739e+00
3.165000e-05	-7.556634e-02	3.867264e+00
3.166000e-05	-3.523917e-02	4.105221e+00
3.167000e-05	9.769499e-02	4.381558e+00
3.168000e-05	-7.643281e-02	4.642717e+00
3.169000e-05	6.368737e-02	4.882746e+00
3.170000e-05	4.479282e-02	5.234192e+00
3.171000e-05	-1.009279e-01	5.526825e+00
3.172000e-05	5.315730e-02	5.791580e+00
3.173000e-05	-5.779186e-02	6.065116e+00
3.174000e-05	4.418674e-02	6.295371e+00
3.175000e-05	-1.629666e-02	6.549534e+00
3.176000e-05	-2.901972e-02	6.874187e+00
3.177000e-05	1.826477e-02	7.056821e+00
3.178000e-05	-4.612073e-02	7.390884e+00
3.179000e-05	1.728198e-02	7.645569e+00
3.180000e-05	-6.242134e-02	7.866425e+00
3.181000e-05	2.748965e-02	8.161609e+00
3.182000e-05	-3.181262e-03	8.402112e+00
3.183000e-05	-2.180438e-02	8.600485e+00
3.184000e-05	1.394613e-03	8.843717e+00
3.185000e-05	-6.186332e-02	9.123821e+00
3.186000e-05	6.828328e-03	9.337275e+00
3.187000e-05	-2.488896e-02	9.528976e+00
3.188000e-05	-9.917291e-04	9.758958e+00
3.189000e-05	-3.813355e-02	1.001153e+01
3.190000e-05	-9.661161e-03	1.021101e+01
3.191000e-05	-1.195721e-02	1.043151e+01
3.192000e-05	-3.191193e-02	1.063068e+01
3.193000e-05	-2.553539e-02	1.079209e+01
3.194000e-05	-4.020754e-02	1.102156e+01
3.195000e-05	-8.656939e-03	1.122167e+01
3.196000e-05	-2.976932e-02	1.141061e+01
3.197000e-05	-2.632106e-02	1.163161e+01
3.198000e-05	-4.457483e-02	1.183366e+01
3.199000e-05	-2.418172e-02	1.202153e+01
3.200000e-05	-2.622043e-02	1.219951e+01
3.201000e-05	-3.295953e-02	1.236933e+01
3.202000e-05	-4.372385e-02	1.252743e+01
3.203000e-05	-4.193734e-02	1.266427e+01
3.204000e-05	-2.916691e-02	1.286163e+01
3.205000e-05	-4.051555e-02	1.296091e+01
3.206000e-05	-4.440715e-02	1.315688e+01
3.207000e-05	-5.150684e-02	1.328522e+01
3.208000e-05	-3.567653e-02	1.341158e+01
3.209000e-05	-4.409637e-02	1.356995e+01
3.210000e-05	-5.023908e-02	1.371571e+01
3.211000e-05	-6.148272e-02	1.381054e+01
3.212000e-05	-5.358362e-02	1.393752e+01
3.213000e-05	-5.069709e-02	1.406517e+01
3.214000e-05	-5.708827e-02	1.418959e+01
3.215000e-05	-6.591038e-02	1.432677e+01
3.216000e-05	-6.649173e-02	1.440261e+01
3.217000e-05	-5.791155e-02	1.452582e+01
3.218000e-05	-6.438576e-02	1.460001e+01
3.219000e-05	-7.007731e-02	1.468574e+01
3.220000e-05	-7.985151e-02	1.475788e+01
3.221000e-05	-7.412075e-02	1.481261e+01
3.222000e-05	-7.619492e-02	1.489474e+01
3.223000e-05	-8.491849e-02	1.496485e+01
3.224000e-05	-9.364821e-02	1.499991e+01
3.225000e-05	-9.293276e-02	1.502154e+01
3.226000e-05	-8.848364e-02	1.510374e+01
3.227000e-05	-9.487976e-02	1.511577e+01
3.228000e-05	-1.044629e-01	1.518838e+01
3.229000e-05	-1.101803e-01	1.522100e+01
3.230000e-05	-1.087004e-01	1.522956e+01
3.231000e-05	-1.151513e-01	1.517901e+01
3.232000e-05	-1.243440e-01	1.525201e+01
3.233000e-05	-1.333672e-01	1.524166e+01
3.234000e-05	-1.346398e-01	1.528359e+01
3.235000e-05	-1.379304e-01	1.523161e+01
3.236000e-05	-1.502762e-01	1.523111e+01
3.237000e-05	-1.635686e-01	1.519858e+01
3.238000e-05	-1.753841e-01	1.520846e+01
3.239000e-05	-1.857064e-01	1.513732e+01
3.240000e-05	-2.062521e-01	1.510495e+01
3.241000e-05	-2.337505e-01	1.509577e+01
3.242000e-05	-2.491781e-01	1.503211e+01
3.243000e-05	-2.500000e-01	1.500846e+01
3.244000e-05	-2.500000e-01	1.494835e+01
3.245000e-05	-2.500000e-01	1.488274e+01
3.246000e-05	-2.500000e-01	1.486101e+01
3.247000e-05	-2.500000e-01	1.475738e+01
3.248000e-05	-2.500000e-01	1.469367e+01
3.249000e-05	-2.491544e-01	1.459950e+01
3.250000e-05	-2.386479e-01	1.452520e+01
3.251000e-05	-2.102201e-01	1.441159e+01
3.252000e-05	-1.812094e-01	1.432577e+01
3.253000e-05	-1.586899e-01	1.420801e+01
3.254000e-05	-1.436043e-01	1.410567e+01
3.255000e-05	-1.310166e-01	1.398698e+01
3.256000e-05	-1.168834e-01	1.385206e+01
3.257000e-05	-1.051561e-01	1.373414e+01
3.258000e-05	-9.767603e-02	1.358703e+01
3.259000e-05	-9.375900e-02	1.346259e+01
3.260000e-05	-8.697303e-02	1.336637e+01
3.261000e-05	-7.844445e-02	1.316795e+01
3.262000e-05	-7.251303e-02	1.303009e+01
3.263000e-05	-7.062350e-02	1.289222e+01
3.264000e-05	-6.743384e-02	1.275589e+01
3.265000e-05	-6.272116e-02	1.257992e+01
3.266000e-05	-5.762161e-02	1.240116e+01
3.267000e-05	-5.606349e-02	1.226211e+01
3.268000e-05	-5.491197e-02	1.208309e+01
3.269000e-05	-5.239237e-02	1.186469e+01
3.270000e-05	-4.753285e-02	1.170580e+01
3.271000e-05	-4.685954e-02	1.150467e+01
3.272000e-05	-4.769932e-02	1.133617e+01
3.273000e-05	-4.526287e-02	1.111321e+01
3.274000e-05	-4.115296e-02	1.096479e+01
3.275000e-05	-3.877878e-02	1.071430e+01
3.276000e-05	-3.896952e-02	1.053376e+01
3.277000e-05	-3.985918e-02	1.028314e+01
3.278000e-05	-3.709122e-02	1.007323e+01
3.279000e-05	-3.523792e-02	9.842112e+00
3.280000e-05	-3.442868e-02	9.610930e+00
3.281000e-05	-3.491597e-02	9.398500e+00
3.282000e-05	-3.296291e-02	9.190430e+00
3.283000e-05	-3.107244e-02	8.986871e+00
3.284000e-05	-2.917799e-02	8.773739e+00
3.285000e-05	-3.011536e-02	8.525289e+00
3.286000e-05	-3.045622e-02	8.323190e+00
3.287000e-05	-2.807617e-02	8.053482e+00
3.288000e-05	-2.637309e-02	7.786972e+00
3.289000e-05	-2.575088e-02	7.504316e+00
3.290000e-05	-2.752745e-02	7.241057e+00
3.291000e-05	-2.633062e-02	6.978525e+00
3.292000e-05	-2.569955e-02	6.817465e+00
3.293000e-05	-2.370776e-02	6.451138e+00
3.294000e-05	-2.562773e-02	6.230530e+00
3.295000e-05	-2.266631e-02	5.986455e+00
3.296000e-05	-2.115813e-02	5.743818e+00
3.297000e-05	-1.994558e-02	5.460683e+00
3.298000e-05	-2.154145e-02	5.165896e+00
3.299000e-05	-2.220161e-02	4.870029e+00
3.300000e-05	-2.141455e-02	4.577317e+00
3.301000e-05	-2.016039e-02	4.354736e+00
3.302000e-05	-1.885388e-02	4.028973e+00
3.303000e-05	-1.915935e-02	3.786790e+00
3.304000e-05	-1.785780e-02	3.502682e+00
3.305000e-05	-1.794249e-02	3.229021e+00
3.306000e-05	-1.734389e-02	2.924815e+00
3.307000e-05	-1.720625e-02	2.710607e+00
3.308000e-05	-1.744305e-02	2.336862e+00
3.309000e-05	-1.475786e-02	2.083186e+00
3.310000e-05	-1.469928e-02	1.819003e+00
3.311000e-05	-1.391946e-02	1.555288e+00
3.312000e-05	-1.461104e-02	1.201027e+00
3.313000e-05	-1.344483e-02	9.135844e-01
3.314000e-05	-1.338368e-02	6.300750e-01
3.315000e-05	-1.054305e-02	3.949149e-01
3.316000e-05	-8.485960e-03	6.150287e-02
3.317000e-05	-3.815754e-03	-2.210790e-01
3.318000e-05	5.459943e-03	-4.351316e-01
3.319000e-05	-4.163916e-03	-7.789421e-01
3.320000e-05	3.287013e-03	-1.021654e+00
3.321000e-05	-2.266711e-03	-1.275213e+00
3.322000e-05	2.241620e-03	-1.558874e+00
3.323000e-05	3.088762e-03	-1.822051e+00
3.324000e-05	4.348722e-02	-1.995053e+00
3.325000e-05	1.185065e-01	-2.276846e+00
3.326000e-05	5.010693e-03	-2.676813e+00
3.327000e-05	-3.293977e-02	-3.056769e+00
3.328000e-05	-2.156482e-02	-3.389975e+00
3.329000e-05	-3.771862e-02	-3.550424e+00
3.330000e-05	-8.742121e-02	-3.783584e+00
3.331000e-05	6.162698e-02	-3.989000e+00
3.332000e-05	6.234303e-02	-4.183584e+00
3.333000e-05	-1.052744e-01	-4.530296e+00
3.334000e-05	1.899049e-01	-4.760351e+00
3.335000e-05	-1.180185e-01	-5.055693e+00
3.336000e-05	6.197464e-02	-5.393031e+00
3.337000e-05	7.720491e-04	-5.624636e+00
3.338000e-05	-7.998317e-02	-5.938976e+00
3.339000e-05	1.580090e-01	-6.139900e+00
3.340000e-05	-8.892914e-02	-6.453690e+00
3.341000e-05	1.059224e-01	-6.778372e+00
3.342000e-05	-3.731015e-02	-6.979503e+00
3.343000e-05	-6.206829e-03	-7.335766e+00
3.344000e-05	6.148837e-02	-7.516396e+00
3.345000e-05	-6.347891e-02	-7.805084e+00
3.346000e-05	1.250803e-01	-8.114091e+00
3.347000e-05	-5.671364e-02	-8.287242e+00
3.348000e-05	8.096833e-02	-8.588400e+00
3.349000e-05	1.797144e-03	-8.790083e+00
3.350000e-05	-2.424103e-02	-8.991634e+00
3.351000e-05	5.693285e-02	-9.212132e+00
3.352000e-05	-2.949127e-02	-9.474639e+00
3.353000e-05	1.031450e-01	-9.666196e+00
3.354000e-05	-3.155615e-02	-9.876241e+00
3.355000e-05	7.793434e-02	-1.013730e+01
3.356000e-05	-1.897503e-02	-1.031843e+01
3.357000e-05	4.828521e-02	-1.056040e+01
3.358000e-05	1.799029e-02	-1.076847e+01
3.359000e-05	1.656492e-02	-1.094742e+01
3.360000e-05	4.619313e-02	-1.111835e+01
3.361000e-05	7.271712e-03	-1.139995e+01
3.362000e-05	6.366179e-02	-1.154798e+01
3.363000e-05	-2.400797e-03	-1.177005e+01
3.364000e-05	5.773587e-02	-1.193143e+01
3.365000e-05	1.106581e-02	-1.216895e+01
3.366000e-05	6.430214e-02	-1.234582e+01
3.367000e-05	1.957394e-02	-1.251674e+01
3.368000e-05	4.338625e-02	-1.265364e+01
3.369000e-05	2.835789e-02	-1.280103e+01
3.370000e-05	4.535124e-02	-1.299041e+01
3.371000e-05	4.521513e-02	-1.313672e+01
3.372000e-05	3.934470e-02	-1.328222e+01
3.373000e-05	5.124125e-02	-1.342943e+01
3.374000e-05	4.069720e-02	-1.354988e+01
3.375000e-05	5.816352e-02	-1.372472e+01
3.376000e-05	3.751571e-02	-1.383151e+01
3.377000e-05	5.254288e-02	-1.392885e+01
3.378000e-05	4.563220e-02	-1.407456e+01
3.379000e-05	6.408231e-02	-1.415893e+01
3.380000e-05	5.470025e-02	-1.427622e+01
3.381000e-05	6.026421e-02	-1.440946e+01
3.382000e-05	5.671770e-02	-1.450722e+01
3.383000e-05	6.792418e-02	-1.458143e+01
3.384000e-05	6.858950e-02	-1.466422e+01
3.385000e-05	6.821620e-02	-1.474645e+01
3.386000e-05	7.050830e-02	-1.482203e+01
3.387000e-05	7.326149e-02	-1.490574e+01
3.388000e-05	7.918899e-02	-1.496780e+01
3.389000e-05	7.597011e-02	-1.498103e+01
3.390000e-05	8.168669e-02	-1.504357e+01
3.391000e-05	8.489597e-02	-1.511729e+01
3.392000e-05	9.694127e-02	-1.516777e+01
3.393000e-05	9.619986e-02	-1.524198e+01
3.394000e-05	9.819139e-02	-1.522108e+01
3.395000e-05	9.839472e-02	-1.525108e+01
3.396000e-05	1.068748e-01	-1.526564e+01
3.397000e-05	1.123476e-01	-1.529469e+01
3.398000e-05	1.174336e-01	-1.532522e+01
3.399000e-05	1.231010e-01	-1.530422e+01
3.400000e-05	1.314559e-01	-1.529514e+01
3.401000e-05	1.412495e-01	-1.530474e+01
3.402000e-05	1.453814e-01	-1.532167e+01
3.403000e-05	1.541210e-01	-1.526259e+01
3.404000e-05	1.658319e-01	-1.523109e+01
3.405000e-05	1.852698e-01	-1.521046e+01
3.406000e-05	2.064974e-01	-1.519937e+01
3.407000e-05	2.311568e-01	-1.513787e+01
3.408000e-05	2.475312e-01	-1.507459e+01
3.409000e-05	2.500000e-01	-1.504206e+01
3.410000e-05	2.500000e-01	-1.499935e+01
3.411000e-05	2.500000e-01	-1.492624e+01
3.412000e-05	2.500000e-01	-1.486311e+01
3.413000e-05	2.500000e-01	-1.476793e+01
3.414000e-05	2.500000e-01	-1.468429e+01
3.415000e-05	2.463237e-01	-1.460196e+01
3.416000e-05	2.223387e-01	-1.454630e+01
3.417000e-05	1.903662e-01	-1.444163e+01
3.418000e-05	1.678021e-01	-1.434687e+01
3.419000e-05	1.479529e-01	-1.420204e+01
3.420000e-05	1.304247e-01	-1.413629e+01
3.421000e-05	1.164714e-01	-1.401993e+01
3.422000e-05	1.037091e-01	-1.387366e+01
3.423000e-05	9.538038e-02	-1.375687e+01
3.424000e-05	8.535092e-02	-1.363043e+01
3.425000e-05	7.807797e-02	-1.345369e+01
3.426000e-05	7.115534e-02	-1.334679e+01
3.427000e-05	6.834404e-02	-1.321953e+01
3.428000e-05	6.276252e-02	-1.307313e+01
3.429000e-05	5.692702e-02	-1.293621e+01
3.430000e-05	5.183735e-02	-1.277537e+01
3.431000e-05	4.978175e-02	-1.259043e+01
3.432000e-05	4.696350e-02	-1.246203e+01
3.433000e-05	4.381914e-02	-1.227209e+01
3.434000e-05	3.945136e-02	-1.211366e+01
3.435000e-05	3.747077e-02	-1.191414e+01
3.436000e-05	3.596758e-02	-1.172521e+01
3.437000e-05	3.433428e-02	-1.149156e+01
3.438000e-05	2.916071e-02	-1.130219e+01
3.439000e-05	2.847895e-02	-1.107203e+01
3.440000e-05	2.921893e-02	-1.088216e+01
3.441000e-05	2.565094e-02	-1.070368e+01
3.442000e-05	2.596495e-02	-1.053429e+01
3.443000e-05	2.109290e-02	-1.026253e+01
3.444000e-05	2.366701e-02	-1.005105e+01
3.445000e-05	2.256032e-02	-9.822004e+00
3.446000e-05	2.049450e-02	-9.672481e+00
3.447000e-05	1.956424e-02	-9.439421e+00
3.448000e-05	1.454373e-02	-9.188817e+00
3.449000e-05	1.644988e-02	-8.966345e+00
3.450000e-05	1.295263e-02	-8.736262e+00
3.451000e-05	1.335848e-02	-8.503636e+00
3.452000e-05	1.122707e-02	-8.228528e+00
3.453000e-05	1.394579e-02	-8.039999e+00
3.454000e-05	1.350747e-02	-7.777291e+00
3.455000e-05	1.115178e-02	-7.491108e+00
3.456000e-05	8.330301e-03	-7.191529e+00
3.457000e-05	5.986198e-03	-6.969324e+00
3.458000e-05	6.073214e-03	-6.754779e+00
3.459000e-05	5.236854e-03	-6.462106e+00
3.460000e-05	4.140449e-03	-6.239451e+00
3.461000e-05	5.361307e-03	-5.925812e+00
3.462000e-05	5.075210e-03	-5.702006e+00
3.463000e-05	6.568109e-03	-5.408417e+00
3.464000e-05	2.673482e-03	-5.092683e+00
3.465000e-05	1.946372e-03	-4.796838e+00
3.466000e-05	3.501541e-04	-4.494132e+00
3.467000e-05	1.245906e-03	-4.292157e+00
3.468000e-05	-2.148115e-04	-4.020548e+00
3.469000e-05	-2.243941e-03	-3.736344e+00
3.470000e-05	-3.061271e-03	-3.503604e+00
3.471000e-05	-3.012987e-03	-3.197995e+00
3.472000e-05	-1.848585e-03	-2.934082e+00
3.473000e-05	-2.818001e-03	-2.640025e+00
3.474000e-05	-3.272653e-03	-2.376308e+00
3.475000e-05	-3.518258e-03	-2.091029e+00
3.476000e-05	-4.175020e-03	-1.788369e+00
3.477000e-05	-6.415708e-03	-1.541359e+00
3.478000e-05	-7.139828e-03	-1.197366e+00
3.479000e-05	-8.191673e-03	-9.116356e-01
3.480000e-05	-6.982853e-03	-6.279199e-01
3.481000e-05	-5.422293e-03	-3.447357e-01
3.482000e-05	-4.149270e-03	-6.205157e-02
3.483000e-05	4.257229e-03	2.645840e-01
3.484000e-05	3.068259e-03	4.657667e-01
3.485000e-05	3.800608e-04	7.174423e-01
3.486000e-05	2.542601e-03	1.002057e+00
3.487000e-05	-1.831524e-03	1.266741e+00
3.488000e-05	-7.113238e-04	1.611604e+00
3.489000e-05	2.272390e-03	1.874264e+00
3.490000e-05	2.590173e-02	2.065242e+00
3.491000e-05	8.954483e-02	2.369426e+00
3.492000e-05	4.699914e-02	2.696272e+00
3.493000e-05	-5.471873e-02	2.972531e+00
3.494000e-05	-2.845605e-02	3.264643e+00
3.495000e-05	-3.580817e-02	3.559425e+00
3.496000e-05	-4.800827e-02	3.770530e+00
3.497000e-05	-8.091812e-02	4.008481e+00
3.498000e-05	6.076750e-02	4.245166e+00
3.499000e-05	1.657700e-02	4.539455e+00
3.500000e-05	-5.556985e-02	4.789384e+00
3.501000e-05	1.427519e-01	5.065903e+00
3.502000e-05	-1.120340e-01	5.440584e+00
3.503000e-05	2.362993e-02	5.674119e+00
3.504000e-05	-1.785604e-02	5.909921e+00
3.505000e-05	-1.295822e-02	6.159930e+00
3.506000e-05	3.811493e-02	6.434218e+00
3.507000e-05	-6.326264e-02	6.729429e+00
3.508000e-05	3.092976e-02	6.941033e+00
3.509000e-05	-4.146000e-02	7.265191e+00
3.510000e-05	1.044604e-02	7.488875e+00
3.511000e-05	-3.769396e-02	7.811585e+00
3.512000e-05	-1.661948e-02	8.095721e+00
3.513000e-05	2.791391e-02	8.336826e+00
3.514000e-05	-3.348496e-02	8.538295e+00
3.515000e-05	6.426457e-03	8.739475e+00
3.516000e-05	-4.661442e-02	8.997984e+00
3.517000e-05	-2.301730e-02	9.232664e+00
3.518000e-05	-1.733690e-03	9.504141e+00
3.519000e-05	-1.527097e-02	9.654696e+00
3.520000e-05	-1.710709e-02	9.865251e+00
3.521000e-05	-3.113959e-02	1.010580e+01
3.522000e-05	-2.848375e-04	1.034580e+01
3.523000e-05	-2.979504e-02	1.048640e+01
3.524000e-05	-2.531355e-02	1.072878e+01
3.525000e-05	-3.706748e-02	1.094940e+01
3.526000e-05	-2.354350e-02	1.110588e+01
3.527000e-05	-1.622433e-02	1.132895e+01
3.528000e-05	-3.221913e-02	1.152690e+01
3.529000e-05	-3.528460e-02	1.176838e+01
3.530000e-05	-3.567537e-02	1.192738e+01
3.531000e-05	-1.913332e-02	1.211535e+01
3.532000e-05	-2.877976e-02	1.226520e+01
3.533000e-05	-3.953819e-02	1.243369e+01
3.534000e-05	-4.600799e-02	1.262156e+01
3.535000e-05	-3.541775e-02	1.278798e+01
3.536000e-05	-3.485542e-02	1.290430e+01
3.537000e-05	-4.394215e-02	1.307415e+01
3.538000e-05	-4.903999e-02	1.320222e+01
3.539000e-05	-4.109259e-02	1.335783e+01
3.540000e-05	-3.700256e-02	1.347580e+01
3.541000e-05	-4.706000e-02	1.367157e+01
3.542000e-05	-6.002114e-02	1.375845e+01
3.543000e-05	-5.884907e-02	1.387569e+01
3.544000e-05	-5.143748e-02	1.401117e+01
3.545000e-05	-5.277860e-02	1.419888e+01
3.546000e-05	-6.329275e-02	1.427574e+01
3.547000e-05	-6.831028e-02	1.437044e+01
3.548000e-05	-6.147410e-02	1.444464e+01
3.549000e-05	-6.094450e-02	1.457793e+01
3.550000e-05	-6.792815e-02	1.464359e+01
3.551000e-05	-7.708194e-02	1.472687e+01
3.552000e-05	-7.487423e-02	1.478958e+01
3.553000e-05	-7.423799e-02	1.485159e+01
3.554000e-05	-8.063362e-02	1.486472e+01
3.555000e-05	-9.398676e-02	1.496793e+01
3.556000e-05	-9.622961e-02	1.503051e+01
3.557000e-05	-9.015945e-02	1.506317e+01
3.558000e-05	-9.041689e-02	1.512274e+01
3.559000e-05	-9.898907e-02	1.515583e+01
3.560000e-05	-1.083100e-01	1.520945e+01
3.561000e-05	-1.087575e-01	1.520101e+01
3.562000e-05	-1.113252e-01	1.520108e+01
3.563000e-05	-1.208739e-01	1.524159e+01
3.564000e-05	-1.329792e-01	1.525007e+01
3.565000e-05	-1.353937e-01	1.524121e+01
3.566000e-05	-1.348683e-01	1.524204e+01
3.567000e-05	-1.420425e-01	1.525951e+01
3.568000e-05	-1.574646e-01	1.522956e+01
3.569000e-05	-1.711601e-01	1.520956e+01
3.570000e-05	-1.805504e-01	1.519793e+01
3.571000e-05	-1.963645e-01	1.515732e+01
3.572000e-05	-2.225301e-01	1.509375e+01
3.573000e-05	-2.452505e-01	1.509156e+01
3.574000e-05	-2.500000e-01	1.502956e+01
3.575000e-05	-2.500000e-01	1.498843e+01
3.576000e-05	-2.500000e-01	1.494627e+01
3.577000e-05	-2.500000e-01	1.488309e+01
3.578000e-05	-2.500000e-01	1.480691e+01
3.579000e-05	-2.500000e-01	1.474725e+01
3.580000e-05	-2.500000e-01	1.463164e+01
3.581000e-05	-2.452526e-01	1.455640e+01
3.582000e-05	-2.245151e-01	1.447316e+01
3.583000e-05	-1.911644e-01	1.442735e+01
3.584000e-05	-1.646216e-01	1.425161e+01
3.585000e-05	-1.482602e-01	1.417637e+01
3.586000e-05	-1.382138e-01	1.406156e+01
3.587000e-05	-1.224235e-01	1.392377e+01
3.588000e-05	-1.092615e-01	1.379693e+01
3.589000e-05	-1.000646e-01	1.369206e+01
3.590000e-05	-9.639266e-02	1.352474e+01
3.591000e-05	-8.993533e-02	1.340896e+01
3.592000e-05	-8.071832e-02	1.329319e+01
3.593000e-05	-7.307220e-02	1.309467e+01
3.594000e-05	-7.078177e-02	1.300640e+01
3.595000e-05	-6.939493e-02	1.282743e+01
3.596000e-05	-6.478800e-02	1.262156e+01
3.597000e-05	-5.853556e-02	1.252434e+01
3.598000e-05	-5.725842e-02	1.231434e+01
3.599000e-05	-5.747607e-02	1.215482e+01
3.600000e-05	-5.470173e-02	1.198888e+01
3.601000e-05	-4.844210e-02	1.175740e+01
3.602000e-05	-4.553525e-02	1.158585e+01
3.603000e-05	-4.597315e-02	1.138892e+01
3.604000e-05	-4.801204e-02	1.117645e+01
3.605000e-05	-4.330451e-02	1.098798e+01
3.606000e-05	-3.985419e-02	1.077948e+01
3.607000e-05	-3.908739e-02	1.057790e+01
3.608000e-05	-4.039439e-02	1.041840e+01
3.609000e-05	-3.741487e-02	1.016835e+01
3.610000e-05	-3.483280e-02	9.976745e+00
3.611000e-05	-3.376854e-02	9.714742e+00
3.612000e-05	-3.579994e-02	9.502739e+00
3.613000e-05	-3.493541e-02	9.303161e+00
3.614000e-05	-3.274324e-02	9.082113e+00
3.615000e-05	-2.925006e-02	8.840133e+00
3.616000e-05	-3.042949e-02	8.608402e+00
3.617000e-05	-3.103605e-02	8.388447e+00
3.618000e-05	-2.925656e-02	8.155441e+00
3.619000e-05	-2.683573e-02	7.881658e+00
3.620000e-05	-2.612710e-02	7.639629e+00
3.621000e-05	-2.742099e-02	7.396248e+00
3.622000e-05	-2.682511e-02	7.094210e+00
3.623000e-05	-2.485659e-02	6.891608e+00
3.624000e-05	-2.266552e-02	6.607396e+00
3.625000e-05	-2.518793e-02	6.354367e+00
3.626000e-05	-2.577517e-02	6.103134e+00
3.627000e-05	-2.278029e-02	5.831058e+00
3.628000e-05	-1.994693e-02	5.546969e+00
3.629000e-05	-2.051363e-02	5.291685e+00
3.630000e-05	-2.092363e-02	4.935324e+00
3.631000e-05	-2.196025e-02	4.651581e+00
3.632000e-05	-1.907312e-02	4.431979e+00
3.633000e-05	-1.920313e-02	4.176795e+00
3.634000e-05	-1.963911e-02	3.850054e+00
3.635000e-05	-2.095783e-02	3.597974e+00
3.636000e-05	-1.698744e-02	3.333238e+00
3.637000e-05	-1.621407e-02	3.039026e+00
3.638000e-05	-1.615474e-02	2.777922e+00
3.639000e-05	-1.847739e-02	2.503135e+00
3.640000e-05	-1.636138e-02	2.167449e+00
3.641000e-05	-1.379066e-02	1.934814e+00
3.642000e-05	-1.336566e-02	1.630105e+00
3.643000e-05	-1.435604e-02	1.405288e+00
3.644000e-05	-1.477469e-02	1.071053e+00
3.645000e-05	-1.228853e-02	7.542634e-01
3.646000e-05	-1.041870e-02	4.935567e-01
3.647000e-05	-1.017016e-02	1.848937e-01
3.648000e-05	-8.535387e-03	-1.167930e-01
3.649000e-05	2.639551e-03	-3.393948e-01
3.650000e-05	9.191360e-05	-6.240816e-01
3.651000e-05	1.411038e-03	-8.973156e-01
3.652000e-05	-9.421270e-04	-1.140422e+00
3.653000e-05	-5.445710e-04	-1.457359e+00
3.654000e-05	7.870385e-04	-1.717817e+00
3.655000e-05	2.244964e-02	-1.927343e+00
3.656000e-05	9.295478e-02	-2.173325e+00
3.657000e-05	7.865727e-02	-2.498775e+00
3.658000e-05	-5.275681e-02	-2.920851e+00
3.659000e-05	-6.327639e-03	-3.305814e+00
3.660000e-05	-4.454482e-02	-3.486241e+00
3.661000e-05	-5.892770e-02	-3.737315e+00
3.662000e-05	-4.853034e-02	-3.936795e+00
3.663000e-05	1.555993e-01	-4.117815e+00
3.664000e-05	-1.257718e-01	-4.382459e+00
3.665000e-05	1.111917e-01	-4.687695e+00
3.666000e-05	3.160568e-02	-4.927820e+00
3.667000e-05	-8.731334e-02	-5.287868e+00
3.668000e-05	1.237071e-01	-5.516900e+00
3.669000e-05	-1.537395e-01	-5.843238e+00
3.670000e-05	1.280217e-01	-6.033717e+00
3.671000e-05	-2.605323e-03	-6.297750e+00
3.672000e-05	3.904390e-03	-6.643212e+00
3.673000e-05	8.123871e-02	-6.846167e+00
3.674000e-05	-9.147705e-02	-7.159555e+00
3.675000e-05	1.037739e-01	-7.402580e+00
3.676000e-05	-6.821887e-02	-7.704236e+00
3.677000e-05	7.239031e-02	-7.970524e+00
3.678000e-05	2.383855e-02	-8.170530e+00
3.679000e-05	-1.654316e-02	-8.443240e+00
3.680000e-05	9.622257e-02	-8.664763e+00
3.681000e-05	-7.701132e-02	-8.928375e+00
3.682000e-05	7.959317e-02	-9.140797e+00
3.683000e-05	-3.624859e-02	-9.351449e+00
3.684000e-05	7.664142e-02	-9.632133e+00
3.685000e-05	1.332820e-02	-9.823030e+00
3.686000e-05	2.223120e-02	-1.003266e+01
3.687000e-05	3.934864e-02	-1.024456e+01
3.688000e-05	-1.186662e-02	-1.050567e+01
3.689000e-05	6.853231e-02	-1.064414e+01
3.690000e-05	-1.980595e-02	-1.087519e+01
3.691000e-05	6.963613e-02	-1.105371e+01
3.692000e-05	-4.460752e-03	-1.125532e+01
3.693000e-05	6.371032e-02	-1.149469e+01
3.694000e-05	8.947987e-03	-1.166570e+01
3.695000e-05	3.995411e-02	-1.190672e+01
3.696000e-05	2.781472e-02	-1.204424e+01
3.697000e-05	3.928183e-02	-1.227519e+01
3.698000e-05	4.563615e-02	-1.239259e+01
3.699000e-05	2.162095e-02	-1.259091e+01
3.700000e-05	4.728072e-02	-1.276035e+01
3.701000e-05	2.519549e-02	-1.294784e+01
3.702000e-05	5.941592e-02	-1.307411e+01
3.703000e-05	2.953764e-02	-1.326155e+01
3.704000e-05	5.697063e-02	-1.334788e+01
3.705000e-05	3.607071e-02	-1.347571e+01
3.706000e-05	5.722503e-02	-1.362313e+01
3.707000e-05	4.071571e-02	-1.379933e+01
3.708000e-05	4.879670e-02	-1.387619e+01
3.709000e-05	4.715263e-02	-1.400191e+01
3.710000e-05	5.783895e-02	-1.408630e+01
3.711000e-05	6.035611e-02	-1.423158e+01
3.712000e-05	5.638105e-02	-1.431792e+01
3.713000e-05	5.949790e-02	-1.446314e+01
3.714000e-05	6.116589e-02	-1.451732e+01
3.715000e-05	7.099574e-02	-1.457306e+01
3.716000e-05	6.528461e-02	-1.471677e+01
3.717000e-05	7.161193e-02	-1.481998e+01
3.718000e-05	6.903762e-02	-1.490514e+01
3.719000e-05	7.917881e-02	-1.494680e+01
3.720000e-05	7.586615e-02	-1.498996e+01
3.721000e-05	8.056340e-02	-1.506198e+01
3.722000e-05	8.134573e-02	-1.504471e+01
3.723000e-05	9.299352e-02	-1.510782e+01
3.724000e-05	9.653810e-02	-1.515843e+01
3.725000e-05	9.725091e-02	-1.524153e+01
3.726000e-05	9.781261e-02	-1.526008e+01
3.727000e-05	1.026644e-01	-1.526511e+01
3.728000e-05	1.114524e-01	-1.527364e+01
3.729000e-05	1.146041e-01	-1.525617e+01
3.730000e-05	1.213582e-01	-1.531374e+01
3.731000e-05	1.267018e-01	-1.529782e+01
3.732000e-05	1.373095e-01	-1.525466e+01
3.733000e-05	1.437466e-01	-1.530421e+01
3.734000e-05	1.499248e-01	-1.528359e+01
3.735000e-05	1.601123e-01	-1.528166e+01
3.736000e-05	1.767505e-01	-1.523910e+01
3.737000e-05	1.987899e-01	-1.517043e+01
3.738000e-05	2.208691e-01	-1.515780e+01
3.739000e-05	2.429598e-01	-1.508424e+01
3.740000e-05	2.499992e-01	-1.503311e+01
3.741000e-05	2.500000e-01	-1.499945e+01
3.742000e-05	2.500000e-01	-1.494672e+01
3.743000e-05	2.500000e-01	-1.487416e+01
3.744000e-05	2.500000e-01	-1.483048e+01
3.745000e-05	2.500000e-01	-1.474535e+01
3.746000e-05	2.491742e-01	-1.468360e+01
3.747000e-05	2.343857e-01	-1.457882e+01
3.748000e-05	2.011453e-01	-1.450413e+01
3.749000e-05	1.757273e-01	-1.443090e+01
3.750000e-05	1.565277e-01	-1.428164e+01
3.751000e-05	1.379227e-01	-1.419792e+01
3.752000e-05	1.220687e-01	-1.406203e+01
3.753000e-05	1.088967e-01	-1.395677e+01
3.754000e-05	9.913016e-02	-1.382095e+01
3.755000e-05	8.973223e-02	-1.368308e+01
3.756000e-05	8.001431e-02	-1.353677e+01
3.757000e-05	7.306535e-02	-1.339835e+01
3.758000e-05	6.964641e-02	-1.325113e+01
3.759000e-05	6.564578e-02	-1.311574e+01
3.760000e-05	5.955662e-02	-1.296790e+01
3.761000e-05	5.366980e-02	-1.285898e+01
3.762000e-05	5.064247e-02	-1.263156e+01
3.763000e-05	4.866353e-02	-1.252372e+01
3.764000e-05	4.388561e-02	-1.238622e+01
3.765000e-05	4.113897e-02	-1.215642e+01
3.766000e-05	3.873866e-02	-1.199988e+01
3.767000e-05	3.647383e-02	-1.178735e+01
3.768000e-05	3.496170e-02	-1.158737e+01
3.769000e-05	3.186420e-02	-1.138682e+01
3.770000e-05	2.881417e-02	-1.116679e+01
3.771000e-05	2.915296e-02	-1.098679e+01
3.772000e-05	2.781661e-02	-1.074730e+01
3.773000e-05	2.658381e-02	-1.061790e+01
3.774000e-05	2.313247e-02	-1.032684e+01
3.775000e-05	2.214506e-02	-1.011434e+01
3.776000e-05	2.091718e-02	-9.874667e+00
3.777000e-05	1.981681e-02	-9.715210e+00
3.778000e-05	1.837715e-02	-9.503640e+00
3.779000e-05	1.811727e-02	-9.281580e+00
3.780000e-05	1.823147e-02	-9.041083e+00
3.781000e-05	1.577150e-02	-8.841526e+00
3.782000e-05	1.427798e-02	-8.608294e+00
3.783000e-05	1.162645e-02	-8.366739e+00
3.784000e-05	1.207068e-02	-8.143687e+00
3.785000e-05	1.130978e-02	-7.903080e+00
3.786000e-05	1.111529e-02	-7.598895e+00
3.787000e-05	9.580848e-03	-7.335315e+00
3.788000e-05	9.084310e-03	-7.103083e+00
3.789000e-05	6.754733e-03	-6.850420e+00
3.790000e-05	7.082289e-03	-6.577815e+00
3.791000e-05	5.041885e-03	-6.322737e+00
3.792000e-05	5.258783e-03	-6.061002e+00
3.793000e-05	4.007653e-03	-5.757900e+00
3.794000e-05	4.881254e-03	-5.483659e+00
3.795000e-05	2.524533e-03	-5.190949e+00
3.796000e-05	1.375771e-03	-4.914735e+00
3.797000e-05	9.667851e-04	-4.564924e+00
3.798000e-05	2.562129e-03	-4.409893e+00
3.799000e-05	4.433723e-04	-4.126733e+00
3.800000e-05	-5.810987e-04	-3.913581e+00
3.801000e-05	-1.376664e-03	-3.597891e+00
3.802000e-05	-2.117930e-03	-3.335710e+00
3.803000e-05	-4.602718e-03	-3.039421e+00
3.804000e-05	-4.408813e-03	-2.757336e+00
3.805000e-05	-4.577352e-03	-2.481628e+00
3.806000e-05	-2.613632e-03	-2.226867e+00
3.807000e-05	-3.242805e-03	-1.903682e+00
3.808000e-05	-4.180789e-03	-1.651973e+00
3.809000e-05	-6.131851e-03	-1.351587e+00
3.810000e-05	-6.785974e-03	-1.008495e+00
3.811000e-05	-7.909443e-03	-7.763083e-01
3.812000e-05	-7.686331e-03	-4.490214e-01
3.813000e-05	-6.997963e-03	-1.759148e-01
3.814000e-05	-5.849606e-04	9.581811e-02
3.815000e-05	7.622520e-03	4.100563e-01
3.816000e-05	-1.336701e-03	6.416854e-01
3.817000e-05	4.252725e-03	8.747680e-01
3.818000e-05	-1.617303e-03	1.189530e+00
3.819000e-05	1.795737e-03	1.455692e+00
3.820000e-05	-2.587335e-03	1.748001e+00
3.821000e-05	1.456266e-02	1.958978e+00
3.822000e-05	5.704833e-02	2.182559e+00
3.823000e-05	9.424827e-02	2.529930e+00
3.824000e-05	-3.716566e-02	2.865343e+00
3.825000e-05	-3.290667e-02	3.169453e+00
3.826000e-05	-3.844846e-02	3.444689e+00
3.827000e-05	-2.978238e-02	3.686396e+00
3.828000e-05	-8.406546e-02	3.935820e+00
3.829000e-05	-7.870360e-03	4.147923e+00
3.830000e-05	8.836805e-02	4.433164e+00
3.831000e-05	-9.618908e-02	4.697292e+00
3.832000e-05	1.127554e-01	4.979382e+00
3.833000e-05	-1.427724e-02	5.275246e+00
3.834000e-05	-6.581861e-02	5.539927e+00
3.835000e-05	4.011574e-02	5.872542e+00
3.836000e-05	-5.584170e-02	6.095767e+00
3.837000e-05	5.540457e-02	6.348504e+00
3.838000e-05	-4.046046e-02	6.633112e+00
3.839000e-05	-6.211604e-03	6.904796e+00
3.840000e-05	8.316252e-05	7.108952e+00
3.841000e-05	-3.018148e-02	7.441211e+00
3.842000e-05	6.042368e-03	7.675770e+00
3.843000e-05	-5.692007e-02	7.990434e+00
3.844000e-05	3.574711e-02	8.232187e+00
3.845000e-05	-1.581313e-02	8.434037e+00
3.846000e-05	-1.215628e-02	8.644241e+00
3.847000e-05	-1.138492e-02	8.954771e+00
3.848000e-05	-5.851967e-02	9.157900e+00
3.849000e-05	1.188070e-02	9.339404e+00
3.850000e-05	-2.738592e-02	9.568954e+00
3.851000e-05	-3.438082e-04	9.770112e+00
3.852000e-05	-4.179055e-02	1.004319e+01
3.853000e-05	-2.585142e-03	1.022111e+01
3.854000e-05	-1.788543e-02	1.044462e+01
3.855000e-05	-3.069311e-02	1.062372e+01
3.856000e-05	-2.783518e-02	1.086469e+01
3.857000e-05	-3.875440e-02	1.107262e+01
3.858000e-05	-5.342019e-03	1.128422e+01
3.859000e-05	-3.373162e-02	1.150167e+01
3.860000e-05	-2.658024e-02	1.164467e+01
3.861000e-05	-4.682784e-02	1.183414e+01
3.862000e-05	-1.999582e-02	1.205319e+01
3.863000e-05	-2.741651e-02	1.219216e+01
3.864000e-05	-3.277643e-02	1.237146e+01
3.865000e-05	-4.530962e-02	1.256943e+01
3.866000e-05	-4.076825e-02	1.264625e+01
3.867000e-05	-2.956617e-02	1.286364e+01
3.868000e-05	-4.296656e-02	1.299104e+01
3.869000e-05	-4.641799e-02	1.317048e+01
3.870000e-05	-5.075659e-02	1.328382e+01
3.871000e-05	-3.400940e-02	1.347311e+01
3.872000e-05	-4.478221e-02	1.360148e+01
3.873000e-05	-5.210901e-02	1.371522e+01
3.874000e-05	-6.229701e-02	1.385416e+01
3.875000e-05	-5.230543e-02	1.395738e+01
3.876000e-05	-5.001515e-02	1.413527e+01
3.877000e-05	-5.914869e-02	1.424206e+01
3.878000e-05	-6.731659e-02	1.433930e+01
3.879000e-05	-6.618838e-02	1.443151e+01
3.880000e-05	-5.816769e-02	1.453982e+01
3.881000e-05	-6.577288e-02	1.456098e+01
3.882000e-05	-7.351922e-02	1.469530e+01
3.883000e-05	-7.848317e-02	1.474843e+01
3.884000e-05	-7.311560e-02	1.482112e+01
3.885000e-05	-7.704175e-02	1.487322e+01
3.886000e-05	-8.677109e-02	1.492835e+01
3.887000e-05	-9.529300e-02	1.497949e+01
3.888000e-05	-9.171371e-02	1.506164e+01
3.889000e-05	-8.897093e-02	1.510379e+01
3.890000e-05	-9.621424e-02	1.513533e+01
3.891000e-05	-1.055916e-01	1.518898e+01
3.892000e-05	-1.109330e-01	1.518840e+01
3.893000e-05	-1.093028e-01	1.521896e+01
3.894000e-05	-1.148139e-01	1.524159e+01
3.895000e-05	-1.258667e-01	1.526057e+01
3.896000e-05	-1.339977e-01	1.524309e+01
3.897000e-05	-1.356899e-01	1.527162e+01
3.898000e-05	-1.386841e-01	1.523908e+01
3.899000e-05	-1.531649e-01	1.521153e+01
3.900000e-05	-1.675277e-01	1.520808e+01
3.901000e-05	-1.775305e-01	1.516748e+01
3.902000e-05	-1.874423e-01	1.517841e+01
3.903000e-05	-2.094277e-01	1.512577e+01
3.904000e-05	-2.379131e-01	1.510369e+01
3.905000e-05	-2.499992e-01	1.502246e+01
3.906000e-05	-2.500000e-01	1.495991e+01
3.907000e-05	-2.500000e-01	1.491580e+01
3.908000e-05	-2.500000e-01	1.490274e+01
3.909000e-05	-2.500000e-01	1.486011e+01
3.910000e-05	-2.500000e-01	1.472780e+01
3.911000e-05	-2.500000e-01	1.466316e+01
3.912000e-05	-2.486636e-01	1.460845e+01
3.913000e-05	-2.345609e-01	1.452412e+01
3.914000e-05	-2.049522e-01	1.439948e+01
3.915000e-05	-1.751878e-01	1.433422e+01
3.916000e-05	-1.542031e-01	1.419746e+01
3.917000e-05	-1.423010e-01	1.410419e+01
3.918000e-05	-1.289740e-01	1.393828e+01
3.919000e-05	-1.157983e-01	1.384956e+01
3.920000e-05	-1.016862e-01	1.370227e+01
3.921000e-05	-9.633484e-02	1.358592e+01
3.922000e-05	-9.297683e-02	1.344048e+01
3.923000e-05	-8.557304e-02	1.330479e+01
3.924000e-05	-7.528356e-02	1.317598e+01
3.925000e-05	-7.146269e-02	1.300898e+01
3.926000e-05	-7.142753e-02	1.286261e+01
3.927000e-05	-6.878950e-02	1.268227e+01
3.928000e-05	-6.160139e-02	1.254580e+01
3.929000e-05	-5.654945e-02	1.239940e+01
3.930000e-05	-5.582173e-02	1.222903e+01
3.931000e-05	-5.570098e-02	1.208159e+01
3.932000e-05	-5.112861e-02	1.187166e+01
3.933000e-05	-4.595356e-02	1.171303e+01
3.934000e-05	-4.555944e-02	1.148061e+01
3.935000e-05	-4.717787e-02	1.126166e+01
3.936000e-05	-4.635472e-02	1.103216e+01
3.937000e-05	-4.100411e-02	1.089331e+01
3.938000e-05	-3.864146e-02	1.069469e+01
3.939000e-05	-3.977266e-02	1.049214e+01
3.940000e-05	-3.990015e-02	1.028308e+01
3.941000e-05	-3.680603e-02	1.002106e+01
3.942000e-05	-3.343931e-02	9.819451e+00
3.943000e-05	-3.434400e-02	9.566954e+00
3.944000e-05	-3.556845e-02	9.377398e+00
3.945000e-05	-3.373582e-02	9.146846e+00
3.946000e-05	-2.930991e-02	8.934240e+00
3.947000e-05	-2.916981e-02	8.713711e+00
3.948000e-05	-3.035519e-02	8.512090e+00
3.949000e-05	-3.088978e-02	8.272083e+00
3.950000e-05	-2.754533e-02	8.008498e+00
3.951000e-05	-2.648542e-02	7.746795e+00
3.952000e-05	-2.664216e-02	7.503087e+00
3.953000e-05	-2.787167e-02	7.208978e+00
3.954000e-05	-2.598191e-02	6.974898e+00
3.955000e-05	-2.326109e-02	6.715788e+00
3.956000e-05	-2.409179e-02	6.440456e+00
3.957000e-05	-2.472238e-02	6.189425e+00
3.958000e-05	-2.348959e-02	5.926365e+00
3.959000e-05	-2.063012e-02	5.661129e+00
3.960000e-05	-2.060558e-02	5.436949e+00
3.961000e-05	-2.230978e-02	5.144684e+00
3.962000e-05	-2.268948e-02	4.746925e+00
3.963000e-05	-2.083595e-02	4.523767e+00
3.964000e-05	-1.890812e-02	4.261604e+00
3.965000e-05	-1.875832e-02	3.945817e+00
3.966000e-05	-1.989462e-02	3.694687e+00
3.967000e-05	-1.809831e-02	3.470077e+00
3.968000e-05	-1.584578e-02	3.164314e+00
3.969000e-05	-1.707910e-02	2.893756e+00
3.970000e-05	-1.782236e-02	2.638023e+00
3.971000e-05	-1.813933e-02	2.314712e+00
3.972000e-05	-1.492536e-02	2.071079e+00
3.973000e-05	-1.406708e-02	1.748045e+00
3.974000e-05	-1.333771e-02	1.462111e+00
3.975000e-05	-1.410476e-02	1.175517e+00
3.976000e-05	-1.306954e-02	8.409741e-01
3.977000e-05	-1.137275e-02	5.564162e-01
3.978000e-05	-1.086358e-02	3.217569e-01
3.979000e-05	-1.031011e-02	2.946886e-02
3.980000e-05	-3.170459e-03	-2.451617e-01
3.981000e-05	4.562204e-03	-5.072669e-01
3.982000e-05	-2.579358e-03	-8.119827e-01
3.983000e-05	2.466169e-03	-1.054238e+00
3.984000e-05	-1.789813e-03	-1.349925e+00
3.985000e-05	1.832377e-03	-1.642078e+00
3.986000e-05	7.846378e-03	-1.853734e+00
3.987000e-05	5.608115e-02	-2.074612e+00
3.988000e-05	1.189548e-01	-2.369979e+00
3.989000e-05	-2.248159e-02	-2.781005e+00
3.990000e-05	-1.962832e-02	-3.159500e+00
3.991000e-05	-3.189454e-02	-3.413030e+00
3.992000e-05	-3.951170e-02	-3.631083e+00
3.993000e-05	-9.295516e-02	-3.843610e+00
3.994000e-05	1.106269e-01	-4.043030e+00
3.995000e-05	-2.020448e-03	-4.275264e+00
3.996000e-05	-4.961103e-02	-4.602554e+00
3.997000e-05	1.666399e-01	-4.770581e+00
3.998000e-05	-1.445094e-01	-5.148425e+00
3.999000e-05	1.121172e-01	-5.425662e+00
4.000000e-05	-6.758155e-02	-5.686820e+00
4.001000e-05	-1.656126e-02	-6.022058e+00
4.002000e-05	1.199890e-01	-6.173029e+00
4.003000e-05	-8.268824e-02	-6.557850e+00
4.004000e-05	1.234296e-01	-6.779048e+00
4.005000e-05	-7.641044e-02	-7.064038e+00
4.006000e-05	4.059400e-02	-7.309396e+00
4.007000e-05	1.765907e-02	-7.548402e+00
4.008000e-05	-3.000969e-02	-7.884864e+00
4.009000e-05	1.111206e-01	-8.104819e+00
4.010000e-05	-6.485533e-02	-8.347872e+00
4.011000e-05	1.076769e-01	-8.589432e+00
4.012000e-05	-3.914453e-02	-8.802084e+00
4.013000e-05	1.494627e-02	-9.076216e+00
4.014000e-05	2.536879e-02	-9.243116e+00
4.015000e-05	-1.073116e-03	-9.480297e+00
4.016000e-05	8.391247e-02	-9.757324e+00
4.017000e-05	-2.862078e-02	-9.949476e+00
4.018000e-05	8.127279e-02	-1.016888e+01
4.019000e-05	-3.035935e-02	-1.041243e+01
4.020000e-05	6.873258e-02	-1.059153e+01
4.021000e-05	-5.053833e-03	-1.081045e+01
4.022000e-05	4.105983e-02	-1.098045e+01
4.023000e-05	2.654873e-02	-1.117096e+01
4.024000e-05	2.612867e-02	-1.140103e+01
4.025000e-05	4.650870e-02	-1.164254e+01
4.026000e-05	6.286409e-03	-1.180201e+01
4.027000e-05	5.358889e-02	-1.197101e+01
4.028000e-05	1.430368e-02	-1.221196e+01
4.029000e-05	6.444508e-02	-1.236935e+01
4.030000e-05	1.380058e-02	-1.249640e+01
4.031000e-05	5.006081e-02	-1.269677e+01
4.032000e-05	2.339647e-02	-1.285107e+01
4.033000e-05	5.157518e-02	-1.301046e+01
4.034000e-05	3.677339e-02	-1.312885e+01
4.035000e-05	4.712707e-02	-1.328577e+01
4.036000e-05	4.715608e-02	-1.343046e+01
4.037000e-05	4.665295e-02	-1.356903e+01
4.038000e-05	5.275162e-02	-1.372767e+01
4.039000e-05	3.898955e-02	-1.383416e+01
4.040000e-05	5.281765e-02	-1.398788e+01
4.041000e-05	4.906671e-02	-1.407369e+01
4.042000e-05	6.493195e-02	-1.416946e+01
4.043000e-05	5.341100e-02	-1.429677e+01
4.044000e-05	6.151356e-02	-1.444058e+01
4.045000e-05	5.759969e-02	-1.452374e+01
4.046000e-05	7.069017e-02	-1.461101e+01
4.047000e-05	6.493980e-02	-1.470374e+01
4.048000e-05	6.962576e-02	-1.473937e+01
4.049000e-05	6.970364e-02	-1.485308e+01
4.050000e-05	7.715259e-02	-1.491527e+01
4.051000e-05	7.798937e-02	-1.496830e+01
4.052000e-05	7.677089e-02	-1.501145e+01
4.053000e-05	8.096608e-02	-1.505466e+01
4.054000e-05	8.747923e-02	-1.511479e+01
4.055000e-05	9.655650e-02	-1.516785e+01
4.056000e-05	9.497384e-02	-1.523093e+01
4.057000e-05	9.852354e-02	-1.525253e+01
4.058000e-05	1.006887e-01	-1.525504e+01
4.059000e-05	1.107045e-01	-1.530422e+01
4.060000e-05	1.122503e-01	-1.530562e+01
4.061000e-05	1.181807e-01	-1.528569e+01
4.062000e-05	1.224827e-01	-1.531369e+01
4.063000e-05	1.328551e-01	-1.531516e+01
4.064000e-05	1.406706e-01	-1.528469e+01
4.065000e-05	1.459863e-01	-1.528311e+01
4.066000e-05	1.552687e-01	-1.527261e+01
4.067000e-05	1.706446e-01	-1.522263e+01
4.068000e-05	1.901146e-01	-1.521100e+01
4.069000e-05	2.105965e-01	-1.521742e+01
4.070000e-05	2.341539e-01	-1.509479e+01
4.071000e-05	2.495688e-01	-1.507216e+01
4.072000e-05	2.500000e-01	-1.500048e+01
4.073000e-05	2.500000e-01	-1.496833e+01
4.074000e-05	2.500000e-01	-1.487474e+01
4.075000e-05	2.500000e-01	-1.487206e+01
4.076000e-05	2.500000e-01	-1.478737e+01
4.077000e-05	2.500000e-01	-1.472466e+01
4.078000e-05	2.430683e-01	-1.461045e+01
4.079000e-05	2.148849e-01	-1.452482e+01
4.080000e-05	1.868883e-01	-1.443101e+01
4.081000e-05	1.637349e-01	-1.431472e+01
4.082000e-05	1.441424e-01	-1.418993e+01
4.083000e-05	1.277345e-01	-1.407619e+01
4.084000e-05	1.141224e-01	-1.396747e+01
4.085000e-05	1.038037e-01	-1.385153e+01
4.086000e-05	9.346963e-02	-1.371729e+01
4.087000e-05	8.329083e-02	-1.357040e+01
4.088000e-05	7.627515e-02	-1.345258e+01
4.089000e-05	7.122170e-02	-1.332474e+01
4.090000e-05	6.658729e-02	-1.316738e+01
4.091000e-05	6.128765e-02	-1.304148e+01
4.092000e-05	5.595033e-02	-1.291416e+01
4.093000e-05	5.244529e-02	-1.269564e+01
4.094000e-05	5.025314e-02	-1.259680e+01
4.095000e-05	4.533338e-02	-1.245898e+01
4.096000e-05	4.271287e-02	-1.225195e+01
4.097000e-05	3.983038e-02	-1.210201e+01
4.098000e-05	3.849525e-02	-1.189203e+01
4.099000e-05	3.524585e-02	-1.166156e+01
4.100000e-05	3.218948e-02	-1.145110e+01
4.101000e-05	2.945560e-02	-1.124106e+01
4.102000e-05	2.998819e-02	-1.104003e+01
4.103000e-05	2.896648e-02	-1.084058e+01
4.104000e-05	2.746282e-02	-1.067203e+01
4.105000e-05	2.472004e-02	-1.051208e+01
4.106000e-05	2.381703e-02	-1.024003e+01
4.107000e-05	2.190583e-02	-9.999427e+00
4.108000e-05	1.943684e-02	-9.800874e+00
4.109000e-05	1.813294e-02	-9.587895e+00
4.110000e-05	1.816845e-02	-9.365866e+00
4.111000e-05	1.781494e-02	-9.154263e+00
4.112000e-05	1.698909e-02	-8.935714e+00
4.113000e-05	1.480862e-02	-8.714706e+00
4.114000e-05	1.322462e-02	-8.439475e+00
4.115000e-05	1.313636e-02	-8.218974e+00
4.116000e-05	1.194573e-02	-8.026895e+00
4.117000e-05	1.109863e-02	-7.704137e+00
4.118000e-05	9.524892e-03	-7.440924e+00
4.119000e-05	8.734604e-03	-7.188394e+00
4.120000e-05	7.774713e-03	-6.913662e+00
4.121000e-05	7.653175e-03	-6.702507e+00
4.122000e-05	5.291921e-03	-6.440549e+00
4.123000e-05	6.300911e-03	-6.169292e+00
4.124000e-05	4.836032e-03	-5.874086e+00
4.125000e-05	4.239721e-03	-5.651073e+00
4.126000e-05	3.325140e-03	-5.335767e+00
4.127000e-05	1.071698e-03	-5.052028e+00
4.128000e-05	4.437779e-04	-4.743265e+00
4.129000e-05	1.876268e-03	-4.491657e+00
4.130000e-05	1.138754e-03	-4.232549e+00
4.131000e-05	3.406178e-04	-4.018417e+00
4.132000e-05	-1.765731e-03	-3.702153e+00
4.133000e-05	-1.455232e-03	-3.440924e+00
4.134000e-05	-2.730340e-03	-3.186383e+00
4.135000e-05	-2.931361e-03	-2.840518e+00
4.136000e-05	-4.342971e-03	-2.577394e+00
4.137000e-05	-2.634603e-03	-2.335230e+00
4.138000e-05	-4.129273e-03	-2.049995e+00
4.139000e-05	-4.352554e-03	-1.757264e+00
4.140000e-05	-6.574366e-03	-1.480003e+00
4.141000e-05	-6.207616e-03	-1.154759e+00
4.142000e-05	-7.687245e-03	-9.015779e-01
4.143000e-05	-6.973343e-03	-5.868159e-01
4.144000e-05	-7.546873e-03	-2.921005e-01
4.145000e-05	-5.012804e-03	-5.997386e-02
4.146000e-05	5.967484e-03	2.733157e-01
4.147000e-05	1.567297e-03	5.173996e-01
4.148000e-05	2.382789e-03	7.889747e-01
4.149000e-05	1.058551e-04	1.075743e+00
4.150000e-05	-6.966381e-04	1.348899e+00
4.151000e-05	-1.129630e-03	1.622267e+00
4.152000e-05	5.002550e-03	1.864791e+00
4.153000e-05	3.319415e-02	2.116873e+00
4.154000e-05	9.945025e-02	2.361110e+00
4.155000e-05	1.967057e-02	2.789455e+00
4.156000e-05	-5.076413e-02	3.052213e+00
4.157000e-05	-3.171677e-02	3.338848e+00
4.158000e-05	-3.320391e-02	3.601105e+00
4.159000e-05	-5.946925e-02	3.811582e+00
4.160000e-05	-6.480007e-02	4.031583e+00
4.161000e-05	8.380298e-02	4.276297e+00
4.162000e-05	-2.852495e-02	4.611083e+00
4.163000e-05	-7.250423e-03	4.782563e+00
4.164000e-05	1.111693e-01	5.178531e+00
4.165000e-05	-1.210018e-01	5.464188e+00
4.166000e-05	4.636670e-02	5.718301e+00
4.167000e-05	-4.071769e-02	6.001613e+00
4.168000e-05	1.473707e-02	6.222613e+00
4.169000e-05	1.632917e-02	6.527300e+00
4.170000e-05	-5.336339e-02	6.749979e+00
4.171000e-05	3.176490e-02	7.033687e+00
4.172000e-05	-4.868027e-02	7.296272e+00
4.173000e-05	1.942558e-02	7.541531e+00
4.174000e-05	-5.312750e-02	7.852717e+00
4.175000e-05	5.348028e-03	8.084922e+00
4.176000e-05	1.547125e-02	8.361031e+00
4.177000e-05	-3.115161e-02	8.549379e+00
4.178000e-05	6.890613e-03	8.780559e+00
4.179000e-05	-5.720834e-02	9.023042e+00
4.180000e-05	-7.411192e-03	9.253192e+00
4.181000e-05	-1.326739e-02	9.465246e+00
4.182000e-05	-6.829393e-03	9.727828e+00
4.183000e-05	-2.721190e-02	9.908029e+00
4.184000e-05	-2.176471e-02	1.015895e+01
4.185000e-05	-4.502614e-03	1.035840e+01
4.186000e-05	-3.185508e-02	1.053943e+01
4.187000e-05	-2.512901e-02	1.076951e+01
4.188000e-05	-4.018775e-02	1.099041e+01
4.189000e-05	-1.523400e-02	1.119946e+01
4.190000e-05	-2.208556e-02	1.136041e+01
4.191000e-05	-2.963994e-02	1.157215e+01
4.192000e-05	-4.057783e-02	1.176053e+01
4.193000e-05	-3.072503e-02	1.197006e+01
4.194000e-05	-2.266461e-02	1.212793e+01
4.195000e-05	-3.145644e-02	1.230683e+01
4.196000e-05	-4.154227e-02	1.247475e+01
4.197000e-05	-4.487825e-02	1.264359e+01
4.198000e-05	-3.183578e-02	1.284096e+01
4.199000e-05	-3.739926e-02	1.293788e+01
4.200000e-05	-4.409550e-02	1.311627e+01
4.201000e-05	-5.179376e-02	1.326366e+01
4.202000e-05	-3.844105e-02	1.340098e+01
4.203000e-05	-4.037527e-02	1.352742e+01
4.204000e-05	-4.831970e-02	1.365317e+01
4.205000e-05	-6.223116e-02	1.377796e+01
4.206000e-05	-5.684342e-02	1.388582e+01
4.207000e-05	-5.062798e-02	1.405164e+01
4.208000e-05	-5.281975e-02	1.417946e+01
4.209000e-05	-6.414512e-02	1.428472e+01
4.210000e-05	-6.817012e-02	1.436961e+01
4.211000e-05	-6.055865e-02	1.447519e+01
4.212000e-05	-6.257736e-02	1.453043e+01
4.213000e-05	-6.901493e-02	1.462169e+01
4.214000e-05	-7.984216e-02	1.471883e+01
4.215000e-05	-7.410114e-02	1.483104e+01
4.216000e-05	-7.513873e-02	1.485371e+01
4.217000e-05	-8.053092e-02	1.493677e+01
4.218000e-05	-9.425499e-02	1.494993e+01
4.219000e-05	-9.489172e-02	1.502104e+01
4.220000e-05	-9.037302e-02	1.509217e+01
4.221000e-05	-9.230668e-02	1.512534e+01
4.222000e-05	-1.019993e-01	1.518790e+01
4.223000e-05	-1.099752e-01	1.519943e+01
4.224000e-05	-1.082954e-01	1.518946e+01
4.225000e-05	-1.117925e-01	1.523049e+01
4.226000e-05	-1.208195e-01	1.524101e+01
4.227000e-05	-1.316780e-01	1.522056e+01
4.228000e-05	-1.347004e-01	1.524114e+01
4.229000e-05	-1.368995e-01	1.524154e+01
4.230000e-05	-1.461968e-01	1.524949e+01
4.231000e-05	-1.612282e-01	1.524951e+01
4.232000e-05	-1.736539e-01	1.518698e+01
4.233000e-05	-1.827412e-01	1.511643e+01
4.234000e-05	-1.996074e-01	1.512645e+01
4.235000e-05	-2.262700e-01	1.513322e+01
4.236000e-05	-2.471457e-01	1.503369e+01
4.237000e-05	-2.500000e-01	1.500048e+01
4.238000e-05	-2.500000e-01	1.495785e+01
4.239000e-05	-2.500000e-01	1.489370e+01
4.240000e-05	-2.500000e-01	1.486214e+01
4.241000e-05	-2.500000e-01	1.476743e+01
4.242000e-05	-2.500000e-01	1.468414e+01
4.243000e-05	-2.499000e-01	1.464111e+01
4.244000e-05	-2.413793e-01	1.454432e+01
4.245000e-05	-2.171565e-01	1.444056e+01
4.246000e-05	-1.862528e-01	1.435580e+01
4.247000e-05	-1.628077e-01	1.424154e+01
4.248000e-05	-1.461708e-01	1.408485e+01
4.249000e-05	-1.353151e-01	1.400856e+01
4.250000e-05	-1.214393e-01	1.384366e+01
4.251000e-05	-1.065512e-01	1.377738e+01
4.252000e-05	-9.997114e-02	1.361948e+01
4.253000e-05	-9.484047e-02	1.348374e+01
4.254000e-05	-8.890259e-02	1.336640e+01
4.255000e-05	-7.791955e-02	1.322950e+01
4.256000e-05	-7.339032e-02	1.306264e+01
4.257000e-05	-7.015401e-02	1.291519e+01
4.258000e-05	-7.018674e-02	1.279642e+01
4.259000e-05	-6.378434e-02	1.260996e+01
4.260000e-05	-5.846694e-02	1.250316e+01
4.261000e-05	-5.525192e-02	1.228519e+01
4.262000e-05	-5.665241e-02	1.209477e+01
4.263000e-05	-5.253556e-02	1.194587e+01
4.264000e-05	-4.859878e-02	1.177780e+01
4.265000e-05	-4.564512e-02	1.156733e+01
4.266000e-05	-4.738755e-02	1.135570e+01
4.267000e-05	-4.642324e-02	1.114534e+01
4.268000e-05	-4.262147e-02	1.094787e+01
4.269000e-05	-3.957256e-02	1.076540e+01
4.270000e-05	-3.914955e-02	1.056492e+01
4.271000e-05	-4.045452e-02	1.033531e+01
4.272000e-05	-3.795394e-02	1.016482e+01
4.273000e-05	-3.577183e-02	9.914765e+00
4.274000e-05	-3.310116e-02	9.672112e+00
4.275000e-05	-3.569975e-02	9.442537e+00
4.276000e-05	-3.420239e-02	9.271653e+00
4.277000e-05	-3.166122e-02	9.047954e+00
4.278000e-05	-2.985388e-02	8.778949e+00
4.279000e-05	-3.089472e-02	8.566846e+00
4.280000e-05	-3.055090e-02	8.345391e+00
4.281000e-05	-2.841079e-02	8.114162e+00
4.282000e-05	-2.667059e-02	7.821003e+00
4.283000e-05	-2.576495e-02	7.598450e+00
4.284000e-05	-2.716871e-02	7.275189e+00
4.285000e-05	-2.641118e-02	7.051634e+00
4.286000e-05	-2.454159e-02	6.839454e+00
4.287000e-05	-2.377764e-02	6.543844e+00
4.288000e-05	-2.441458e-02	6.283160e+00
4.289000e-05	-2.492462e-02	6.082050e+00
4.290000e-05	-2.337342e-02	5.797799e+00
4.291000e-05	-2.136563e-02	5.534209e+00
4.292000e-05	-2.079284e-02	5.260004e+00
4.293000e-05	-2.127998e-02	4.873140e+00
4.294000e-05	-2.110258e-02	4.629077e+00
4.295000e-05	-1.772011e-02	4.385420e+00
4.296000e-05	-1.773150e-02	4.093636e+00
4.297000e-05	-1.880671e-02	3.808929e+00
4.298000e-05	-2.064763e-02	3.526837e+00
4.299000e-05	-1.753257e-02	3.250556e+00
4.300000e-05	-1.736428e-02	2.965873e+00
4.301000e-05	-1.675878e-02	2.715311e+00
4.302000e-05	-1.708776e-02	2.417998e+00
4.303000e-05	-1.443296e-02	2.164342e+00
4.304000e-05	-1.354052e-02	1.912212e+00
4.305000e-05	-1.132211e-02	1.596869e+00
4.306000e-05	-1.458870e-02	1.322813e+00
4.307000e-05	-1.423591e-02	9.463684e-01
4.308000e-05	-1.380231e-02	6.731817e-01
4.309000e-05	-1.259929e-02	4.295739e-01
4.310000e-05	-1.091197e-02	1.142384e-01
4.311000e-05	-6.173233e-03	-1.289496e-01
4.312000e-05	6.396973e-03	-3.700263e-01
4.313000e-05	6.199683e-04	-7.168396e-01
4.314000e-05	3.919627e-03	-9.374483e-01
4.315000e-05	-2.075483e-03	-1.201079e+00
4.316000e-05	5.901926e-04	-1.537792e+00
4.317000e-05	-7.147582e-05	-1.747897e+00
4.318000e-05	2.763755e-02	-1.970472e+00
4.319000e-05	1.072349e-01	-2.234160e+00
4.320000e-05	4.923853e-02	-2.613507e+00
4.321000e-05	-4.543982e-02	-2.982660e+00
4.322000e-05	-9.282829e-03	-3.318296e+00
4.323000e-05	-4.252101e-02	-3.537846e+00
4.324000e-05	-7.278709e-02	-3.738450e+00
4.325000e-05	-5.700613e-03	-3.958974e+00
4.326000e-05	1.285171e-01	-4.128899e+00
4.327000e-05	-1.382213e-01	-4.436691e+00
4.328000e-05	1.666933e-01	-4.705795e+00
4.329000e-05	-4.024148e-02	-4.972958e+00
4.330000e-05	-2.504980e-02	-5.380424e+00
4.331000e-05	7.835455e-02	-5.581451e+00
4.332000e-05	-1.412785e-01	-5.886740e+00
4.333000e-05	1.591391e-01	-6.126825e+00
4.334000e-05	-5.274081e-02	-6.352029e+00
4.335000e-05	5.393013e-02	-6.665691e+00
4.336000e-05	3.142603e-02	-6.916771e+00
4.337000e-05	-6.087276e-02	-7.213134e+00
4.338000e-05	9.681114e-02	-7.493213e+00
4.339000e-05	-8.009826e-02	-7.737375e+00
4.340000e-05	1.065511e-01	-8.011558e+00
4.341000e-05	-1.774396e-02	-8.233061e+00
4.342000e-05	2.882266e-02	-8.515820e+00
4.343000e-05	5.885119e-02	-8.706847e+00
4.344000e-05	-6.242539e-02	-9.000458e+00
4.345000e-05	7.793039e-02	-9.210496e+00
4.346000e-05	-4.289316e-02	-9.423530e+00
4.347000e-05	9.674861e-02	-9.653662e+00
4.348000e-05	-1.311767e-02	-9.854060e+00
4.349000e-05	5.090922e-02	-1.008377e+01
4.350000e-05	1.309270e-02	-1.027421e+01
4.351000e-05	1.394298e-02	-1.055787e+01
4.352000e-05	4.958867e-02	-1.066665e+01
4.353000e-05	-9.315962e-03	-1.090579e+01
4.354000e-05	6.540487e-02	-1.108522e+01
4.355000e-05	-4.856097e-03	-1.130890e+01
4.356000e-05	6.930410e-02	-1.150727e+01
4.357000e-05	-1.569063e-03	-1.172730e+01
4.358000e-05	5.162849e-02	-1.190782e+01
4.359000e-05	1.682661e-02	-1.208584e+01
4.360000e-05	5.338474e-02	-1.231382e+01
4.361000e-05	3.347853e-02	-1.249414e+01
4.362000e-05	3.087684e-02	-1.261158e+01
4.363000e-05	3.990506e-02	-1.278043e+01
4.364000e-05	3.178217e-02	-1.293938e+01
4.365000e-05	5.357337e-02	-1.306574e+01
4.366000e-05	3.125307e-02	-1.324154e+01
4.367000e-05	5.797285e-02	-1.335893e+01
4.368000e-05	3.862391e-02	-1.347532e+01
4.369000e-05	6.034458e-02	-1.363308e+01
4.370000e-05	3.707380e-02	-1.379948e+01
4.371000e-05	5.126080e-02	-1.393627e+01
4.372000e-05	4.607577e-02	-1.403211e+01
4.373000e-05	6.162081e-02	-1.416743e+01
4.374000e-05	5.708677e-02	-1.425319e+01
4.375000e-05	5.884325e-02	-1.437140e+01
4.376000e-05	5.976785e-02	-1.448264e+01
4.377000e-05	6.441599e-02	-1.450943e+01
4.378000e-05	6.925619e-02	-1.464368e+01
4.379000e-05	6.589769e-02	-1.473782e+01
4.380000e-05	7.158922e-02	-1.481953e+01
4.381000e-05	7.173602e-02	-1.490467e+01
4.382000e-05	7.892893e-02	-1.491630e+01
4.383000e-05	7.397475e-02	-1.500943e+01
4.384000e-05	8.063510e-02	-1.505153e+01
4.385000e-05	8.341677e-02	-1.508419e+01
4.386000e-05	9.521897e-02	-1.512787e+01
4.387000e-05	9.574502e-02	-1.512998e+01
4.388000e-05	9.772374e-02	-1.523098e+01
4.389000e-05	9.899305e-02	-1.525109e+01
4.390000e-05	1.039102e-01	-1.529359e+01
4.391000e-05	1.111721e-01	-1.526421e+01
4.392000e-05	1.148353e-01	-1.530521e+01
4.393000e-05	1.223418e-01	-1.531417e+01
4.394000e-05	1.288323e-01	-1.528477e+01
4.395000e-05	1.386333e-01	-1.531414e+01
4.396000e-05	1.429860e-01	-1.528566e+01
4.397000e-05	1.522746e-01	-1.530406e+01
4.398000e-05	1.626066e-01	-1.522321e+01
4.399000e-05	1.804946e-01	-1.520950e+01
4.400000e-05	2.006834e-01	-1.517033e+01
4.401000e-05	2.249536e-01	-1.514769e+01
4.402000e-05	2.457167e-01	-1.507519e+01
4.403000e-05	2.500000e-01	-1.505198e+01
4.404000e-05	2.500000e-01	-1.497992e+01
4.405000e-05	2.500000e-01	-1.492569e+01
4.406000e-05	2.500000e-01	-1.486416e+01
4.407000e-05	2.500000e-01	-1.480950e+01
4.408000e-05	2.500000e-01	-1.478627e+01
4.409000e-05	2.482222e-01	-1.462055e+01
4.410000e-05	2.301990e-01	-1.454685e+01
4.411000e-05	1.981829e-01	-1.445316e+01
4.412000e-05	1.721499e-01	-1.434940e+01
4.413000e-05	1.511926e-01	-1.423213e+01
4.414000e-05	1.331272e-01	-1.415732e+01
4.415000e-05	1.197036e-01	-1.401958e+01
4.416000e-05	1.080103e-01	-1.393419e+01
4.417000e-05	9.702824e-02	-1.375982e+01
4.418000e-05	8.635735e-02	-1.365303e+01
4.419000e-05	7.964742e-02	-1.349672e+01
4.420000e-05	7.251144e-02	-1.337837e+01
4.421000e-05	6.825106e-02	-1.321951e+01
4.422000e-05	6.266072e-02	-1.308618e+01
4.423000e-05	5.779803e-02	-1.295621e+01
4.424000e-05	5.411792e-02	-1.277940e+01
4.425000e-05	5.204388e-02	-1.263950e+01
4.426000e-05	4.762980e-02	-1.248363e+01
4.427000e-05	4.332994e-02	-1.230671e+01
4.428000e-05	4.151438e-02	-1.214727e+01
4.429000e-05	3.871807e-02	-1.196874e+01
4.430000e-05	3.705111e-02	-1.172574e+01
4.431000e-05	3.345929e-02	-1.154532e+01
4.432000e-05	3.108662e-02	-1.130567e+01
4.433000e-05	2.859118e-02	-1.112474e+01
4.434000e-05	2.927068e-02	-1.089421e+01
4.435000e-05	2.647739e-02	-1.076484e+01
4.436000e-05	2.631182e-02	-1.055484e+01
4.437000e-05	2.360916e-02	-1.031572e+01
4.438000e-05	2.261024e-02	-1.010371e+01
4.439000e-05	2.085654e-02	-9.882532e+00
4.440000e-05	1.969799e-02	-9.704158e+00
4.441000e-05	1.835359e-02	-9.482104e+00
4.442000e-05	1.823533e-02	-9.257979e+00
4.443000e-05	1.724062e-02	-8.998924e+00
4.444000e-05	1.609674e-02	-8.787394e+00
4.445000e-05	1.276455e-02	-8.535715e+00
4.446000e-05	1.270999e-02	-8.303209e+00
4.447000e-05	1.291522e-02	-8.084079e+00
4.448000e-05	1.219151e-02	-7.849374e+00
4.449000e-05	1.013311e-02	-7.556313e+00
4.450000e-05	7.797813e-03	-7.324158e+00
4.451000e-05	8.697674e-03	-7.040000e+00
4.452000e-05	7.952136e-03	-6.779342e+00
4.453000e-05	6.377904e-03	-6.555788e+00
4.454000e-05	3.936108e-03	-6.301130e+00
4.455000e-05	4.878381e-03	-5.987944e+00
4.456000e-05	4.771495e-03	-5.745815e+00
4.457000e-05	4.860116e-03	-5.482079e+00
4.458000e-05	1.826408e-03	-5.167789e+00
4.459000e-05	1.491458e-03	-4.841129e+00
4.460000e-05	1.684160e-03	-4.585367e+00
4.461000e-05	1.829561e-03	-4.354866e+00
4.462000e-05	1.349080e-03	-4.062686e+00
4.463000e-05	-1.887409e-03	-3.819418e+00
4.464000e-05	-2.450489e-03	-3.525786e+00
4.465000e-05	-2.938580e-03	-3.272604e+00
4.466000e-05	-2.606597e-03	-3.016364e+00
4.467000e-05	-3.257654e-03	-2.713156e+00
4.468000e-05	-3.752583e-03	-2.450574e+00
4.469000e-05	-3.271186e-03	-2.104685e+00
4.470000e-05	-3.996663e-03	-1.871102e+00
4.471000e-05	-5.645744e-03	-1.608940e+00
4.472000e-05	-7.149162e-03	-1.253148e+00
4.473000e-05	-7.315028e-03	-9.567884e-01
4.474000e-05	-7.033042e-03	-6.907056e-01
4.475000e-05	-5.914574e-03	-3.778923e-01
4.476000e-05	-5.988775e-03	-1.242332e-01
4.477000e-05	1.373136e-03	1.388285e-01
4.478000e-05	5.890463e-03	4.441042e-01
4.479000e-05	2.694485e-04	6.747657e-01
4.480000e-05	3.246377e-03	9.188509e-01
4.481000e-05	-2.279444e-03	1.233187e+00
4.482000e-05	6.099720e-04	1.529900e+00
4.483000e-05	7.392856e-05	1.801631e+00
4.484000e-05	1.960874e-02	1.981111e+00
4.485000e-05	7.229026e-02	2.287772e+00
4.486000e-05	7.667575e-02	2.632614e+00
4.487000e-05	-4.848926e-02	2.929375e+00
4.488000e-05	-2.931041e-02	3.160534e+00
4.489000e-05	-3.748672e-02	3.496847e+00
4.490000e-05	-3.688393e-02	3.759980e+00
4.491000e-05	-8.588783e-02	3.957975e+00
4.492000e-05	2.341636e-02	4.180534e+00
4.493000e-05	6.558509e-02	4.506323e+00
4.494000e-05	-9.364860e-02	4.756325e+00
4.495000e-05	1.426555e-01	5.032059e+00
4.496000e-05	-6.774745e-02	5.359953e+00
4.497000e-05	-2.214488e-02	5.591058e+00
4.498000e-05	1.658852e-02	5.886321e+00
4.499000e-05	-4.217031e-02	6.157922e+00
4.500000e-05	5.425807e-02	6.341134e+00
4.501000e-05	-5.616758e-02	6.685771e+00
4.502000e-05	1.493727e-02	6.928404e+00
4.503000e-05	-1.998579e-02	7.191533e+00
4.504000e-05	-1.299539e-02	7.454720e+00
4.505000e-05	-1.175061e-02	7.748349e+00
4.506000e-05	-4.233117e-02	8.021639e+00
4.507000e-05	3.760473e-02	8.263691e+00
4.508000e-05	-2.751990e-02	8.434196e+00
4.509000e-05	-1.819360e-03	8.655322e+00
4.510000e-05	-2.646347e-02	8.926875e+00
4.511000e-05	-4.390225e-02	9.149455e+00
4.512000e-05	8.290237e-03	9.391085e+00
4.513000e-05	-2.473801e-02	9.611615e+00
4.514000e-05	-5.392349e-03	9.834616e+00
4.515000e-05	-3.916145e-02	1.006514e+01
4.516000e-05	-1.915578e-04	1.026514e+01
4.517000e-05	-2.433328e-02	1.052614e+01
4.518000e-05	-2.877446e-02	1.067574e+01
4.519000e-05	-3.062165e-02	1.087779e+01
4.520000e-05	-3.246256e-02	1.108430e+01
4.521000e-05	-9.240004e-03	1.129627e+01
4.522000e-05	-3.515737e-02	1.145469e+01
4.523000e-05	-3.005245e-02	1.167777e+01
4.524000e-05	-4.352203e-02	1.186682e+01
4.525000e-05	-1.981048e-02	1.207475e+01
4.526000e-05	-2.895121e-02	1.225414e+01
4.527000e-05	-3.605770e-02	1.239209e+01
4.528000e-05	-4.517700e-02	1.259098e+01
4.529000e-05	-3.920367e-02	1.275835e+01
4.530000e-05	-3.125117e-02	1.288625e+01
4.531000e-05	-4.463787e-02	1.303309e+01
4.532000e-05	-4.740090e-02	1.318103e+01
4.533000e-05	-4.758294e-02	1.332677e+01
4.534000e-05	-3.493385e-02	1.346524e+01
4.535000e-05	-4.627123e-02	1.363248e+01
4.536000e-05	-5.592668e-02	1.373688e+01
4.537000e-05	-6.066685e-02	1.388362e+01
4.538000e-05	-5.185895e-02	1.396951e+01
4.539000e-05	-5.182496e-02	1.408482e+01
4.540000e-05	-5.956774e-02	1.427212e+01
4.541000e-05	-6.698978e-02	1.435795e+01
4.542000e-05	-6.390289e-02	1.445318e+01
4.543000e-05	-6.127556e-02	1.451785e+01
4.544000e-05	-6.760476e-02	1.464048e+01
4.545000e-05	-7.609847e-02	1.474637e+01
4.546000e-05	-7.667150e-02	1.476886e+01
4.547000e-05	-7.325822e-02	1.483306e+01
4.548000e-05	-7.748494e-02	1.491422e+01
4.549000e-05	-8.975627e-02	1.498638e+01
4.550000e-05	-9.505000e-02	1.497091e+01
4.551000e-05	-9.193055e-02	1.508269e+01
4.552000e-05	-8.973504e-02	1.509422e+01
4.553000e-05	-9.794436e-02	1.514532e+01
4.554000e-05	-1.065219e-01	1.518743e+01
4.555000e-05	-1.096051e-01	1.519883e+01
4.556000e-05	-1.100156e-01	1.521961e+01
4.557000e-05	-1.173101e-01	1.521004e+01
4.558000e-05	-1.291072e-01	1.522053e+01
4.559000e-05	-1.337042e-01	1.523064e+01
4.560000e-05	-1.346101e-01	1.523106e+01
4.561000e-05	-1.402873e-01	1.522956e+01
4.562000e-05	-1.547556e-01	1.526154e+01
4.563000e-05	-1.694101e-01	1.520001e+01
4.564000e-05	-1.785240e-01	1.516846e+01
4.565000e-05	-1.924192e-01	1.517685e+01
4.566000e-05	-2.150989e-01	1.512630e+01
4.567000e-05	-2.415237e-01	1.510319e+01
4.568000e-05	-2.500000e-01	1.505056e+01
4.569000e-05	-2.500000e-01	1.497988e+01
4.570000e-05	-2.500000e-01	1.492530e+01
4.571000e-05	-2.500000e-01	1.491319e+01
4.572000e-05	-2.500000e-01	1.484895e+01
4.573000e-05	-2.500000e-01	1.473635e+01
4.574000e-05	-2.500000e-01	1.467201e+01
4.575000e-05	-2.482067e-01	1.456840e+01
4.576000e-05	-2.297825e-01	1.450469e+01
4.577000e-05	-1.978450e-01	1.436845e+01
4.578000e-05	-1.717881e-01	1.429464e+01
4.579000e-05	-1.521423e-01	1.416738e+01
4.580000e-05	-1.414144e-01	1.406201e+01
4.581000e-05	-1.260493e-01	1.391675e+01
4.582000e-05	-1.118526e-01	1.382790e+01
4.583000e-05	-1.005352e-01	1.367311e+01
4.584000e-05	-9.788039e-02	1.357630e+01
4.585000e-05	-9.176631e-02	1.339048e+01
4.586000e-05	-8.474405e-02	1.330471e+01
4.587000e-05	-7.416434e-02	1.313579e+01
4.588000e-05	-7.158198e-02	1.295743e+01
4.589000e-05	-7.001405e-02	1.284953e+01
4.590000e-05	-6.733086e-02	1.267259e+01
4.591000e-05	-6.036386e-02	1.253472e+01
4.592000e-05	-5.722148e-02	1.236737e+01
4.593000e-05	-5.645807e-02	1.219745e+01
4.594000e-05	-5.483808e-02	1.203048e+01
4.595000e-05	-5.073598e-02	1.190105e+01
4.596000e-05	-4.620885e-02	1.165003e+01
4.597000e-05	-4.643476e-02	1.146953e+01
4.598000e-05	-4.774942e-02	1.126003e+01
4.599000e-05	-4.499694e-02	1.100948e+01
4.600000e-05	-4.036574e-02	1.083908e+01
4.601000e-05	-3.872747e-02	1.066066e+01
4.602000e-05	-3.868340e-02	1.043903e+01
4.603000e-05	-3.997311e-02	1.019803e+01
4.604000e-05	-3.683397e-02	9.998478e+00
4.605000e-05	-3.418524e-02	9.797394e+00
4.606000e-05	-3.432740e-02	9.565770e+00
4.607000e-05	-3.563297e-02	9.395320e+00
4.608000e-05	-3.238747e-02	9.093762e+00
4.609000e-05	-3.045922e-02	8.902610e+00
4.610000e-05	-2.888558e-02	8.690579e+00
4.611000e-05	-3.093987e-02	8.459981e+00
4.612000e-05	-3.027645e-02	8.228478e+00
4.613000e-05	-2.767216e-02	7.935318e+00
4.614000e-05	-2.601162e-02	7.733262e+00
4.615000e-05	-2.604164e-02	7.439450e+00
4.616000e-05	-2.715379e-02	7.177417e+00
4.617000e-05	-2.583830e-02	6.934665e+00
4.618000e-05	-2.377512e-02	6.691181e+00
4.619000e-05	-2.269649e-02	6.397924e+00
4.620000e-05	-2.474176e-02	6.144840e+00
4.621000e-05	-2.242908e-02	5.914657e+00
4.622000e-05	-2.208097e-02	5.628974e+00
4.623000e-05	-1.974220e-02	5.386372e+00
4.624000e-05	-2.207022e-02	5.039950e+00
4.625000e-05	-2.057288e-02	4.734835e+00
4.626000e-05	-2.099592e-02	4.473133e+00
4.627000e-05	-1.841469e-02	4.260925e+00
4.628000e-05	-1.904761e-02	3.934787e+00
4.629000e-05	-1.884891e-02	3.672584e+00
4.630000e-05	-1.877740e-02	3.386420e+00
4.631000e-05	-1.593096e-02	3.082633e+00
4.632000e-05	-1.536114e-02	2.870151e+00
4.633000e-05	-1.589769e-02	2.576392e+00
4.634000e-05	-1.795571e-02	2.241105e+00
4.635000e-05	-1.494831e-02	2.016469e+00
4.636000e-05	-1.358493e-02	1.733711e+00
4.637000e-05	-1.339971e-02	1.449000e+00
4.638000e-05	-1.440598e-02	1.102682e+00
4.639000e-05	-1.260804e-02	7.954725e-01
4.640000e-05	-1.013961e-02	5.447659e-01
4.641000e-05	-1.044767e-02	2.605041e-01
4.642000e-05	-8.734124e-03	-2.518404e-02
4.643000e-05	-7.522991e-04	-2.771895e-01
4.644000e-05	3.009322e-03	-5.499745e-01
4.645000e-05	-1.990635e-03	-8.336329e-01
4.646000e-05	1.232953e-03	-1.067789e+00
4.647000e-05	-1.977001e-03	-1.411607e+00
4.648000e-05	2.129351e-03	-1.665688e+00
4.649000e-05	1.308654e-02	-1.855689e+00
4.650000e-05	7.283589e-02	-2.096897e+00
4.651000e-05	1.080618e-01	-2.447162e+00
4.652000e-05	-4.080578e-02	-2.857689e+00
4.653000e-05	-9.986155e-03	-3.202205e+00
4.654000e-05	-3.952082e-02	-3.443160e+00
4.655000e-05	-4.537700e-02	-3.683262e+00
4.656000e-05	-8.506726e-02	-3.865735e+00
4.657000e-05	1.443180e-01	-4.083713e+00
4.658000e-05	-6.904824e-02	-4.288372e+00
4.659000e-05	1.881116e-02	-4.633583e+00
4.660000e-05	1.126145e-01	-4.875713e+00
4.661000e-05	-1.412167e-01	-5.195088e+00
4.662000e-05	1.392231e-01	-5.485842e+00
4.663000e-05	-1.227216e-01	-5.731004e+00
4.664000e-05	5.108019e-02	-6.032655e+00
4.665000e-05	6.752255e-02	-6.245588e+00
4.666000e-05	-5.664339e-02	-6.560905e+00
4.667000e-05	1.198814e-01	-6.801633e+00
4.668000e-05	-9.426656e-02	-7.108245e+00
4.669000e-05	8.123380e-02	-7.369453e+00
4.670000e-05	-2.372960e-02	-7.592105e+00
4.671000e-05	1.457997e-02	-7.918467e+00
4.672000e-05	7.837274e-02	-8.138350e+00
4.673000e-05	-5.659383e-02	-8.402083e+00
4.674000e-05	1.144166e-01	-8.623584e+00
4.675000e-05	-6.690397e-02	-8.874167e+00
4.676000e-05	5.145651e-02	-9.097243e+00
4.677000e-05	-4.919275e-03	-9.306822e+00
4.678000e-05	3.611870e-02	-9.539475e+00
4.679000e-05	5.735369e-02	-9.760423e+00
4.680000e-05	-1.065932e-02	-1.000151e+01
4.681000e-05	6.886921e-02	-1.017190e+01
4.682000e-05	-3.018074e-02	-1.040316e+01
4.683000e-05	7.483617e-02	-1.062214e+01
4.684000e-05	-1.974635e-02	-1.083256e+01
4.685000e-05	5.691563e-02	-1.102156e+01
4.686000e-05	9.751599e-03	-1.122364e+01
4.687000e-05	4.774681e-02	-1.144311e+01
4.688000e-05	3.192052e-02	-1.165356e+01
4.689000e-05	2.228697e-02	-1.181514e+01
4.690000e-05	4.321054e-02	-1.206366e+01
4.691000e-05	2.378447e-02	-1.219214e+01
4.692000e-05	5.926388e-02	-1.239101e+01
4.693000e-05	1.263512e-02	-1.254793e+01
4.694000e-05	4.919354e-02	-1.271727e+01
4.695000e-05	2.168405e-02	-1.287572e+01
4.696000e-05	5.920556e-02	-1.301053e+01
4.697000e-05	3.404912e-02	-1.319098e+01
4.698000e-05	5.398907e-02	-1.333620e+01
4.699000e-05	4.184755e-02	-1.342559e+01
4.700000e-05	5.174154e-02	-1.361001e+01
4.701000e-05	4.786454e-02	-1.373732e+01
4.702000e-05	4.326320e-02	-1.384416e+01
4.703000e-05	4.913524e-02	-1.399996e+01
4.704000e-05	5.170743e-02	-1.409724e+01
4.705000e-05	6.385993e-02	-1.418146e+01
4.706000e-05	5.568327e-02	-1.428837e+01
4.707000e-05	6.173531e-02	-1.442209e+01
4.708000e-05	5.873169e-02	-1.452729e+01
4.709000e-05	7.169700e-02	-1.459261e+01
4.710000e-05	6.542861e-02	-1.469629e+01
4.711000e-05	7.054649e-02	-1.480948e+01
4.712000e-05	6.824105e-02	-1.487406e+01
4.713000e-05	7.712188e-02	-1.493530e+01
4.714000e-05	7.708689e-02	-1.495893e+01
4.715000e-05	7.817539e-02	-1.499051e+01
4.716000e-05	8.212068e-02	-1.508372e+01
4.717000e-05	8.996541e-02	-1.510834e+01
4.718000e-05	9.762088e-02	-1.514687e+01
4.719000e-05	9.651129e-02	-1.519204e+01
4.720000e-05	9.896183e-02	-1.520051e+01
4.721000e-05	9.863856e-02	-1.525256e+01
4.722000e-05	1.096180e-01	-1.530466e+01
4.723000e-05	1.128937e-01	-1.527511e+01
4.724000e-05	1.199717e-01	-1.530369e+01
4.725000e-05	1.244033e-01	-1.529532e+01
4.726000e-05	1.359207e-01	-1.528580e+01
4.727000e-05	1.419855e-01	-1.532364e+01
4.728000e-05	1.487269e-01	-1.526213e+01
4.729000e-05	1.564071e-01	-1.526211e+01
4.730000e-05	1.708827e-01	-1.526153e+01
4.731000e-05	1.928247e-01	-1.518888e+01
4.732000e-05	2.154938e-01	-1.516733e+01
4.733000e-05	2.385988e-01	-1.508572e+01
4.734000e-05	2.499989e-01	-1.506166e+01
4.735000e-05	2.500000e-01	-1.500198e+01
4.736000e-05	2.500000e-01	-1.496627e+01
4.737000e-05	2.500000e-01	-1.489324e+01
4.738000e-05	2.500000e-01	-1.481253e+01
4.739000e-05	2.500000e-01	-1.477734e+01
4.740000e-05	2.500000e-01	-1.464411e+01
4.741000e-05	2.403405e-01	-1.460095e+01
4.742000e-05	2.091121e-01	-1.450469e+01
4.743000e-05	1.813821e-01	-1.442045e+01
4.744000e-05	1.595588e-01	-1.428519e+01
4.745000e-05	1.427289e-01	-1.421842e+01
4.746000e-05	1.254478e-01	-1.405373e+01
4.747000e-05	1.119345e-01	-1.397735e+01
4.748000e-05	9.953673e-02	-1.383248e+01
4.749000e-05	9.107380e-02	-1.371431e+01
4.750000e-05	8.210967e-02	-1.358835e+01
4.751000e-05	7.468420e-02	-1.343100e+01
4.752000e-05	6.987217e-02	-1.330364e+01
4.753000e-05	6.722361e-02	-1.317627e+01
4.754000e-05	6.118135e-02	-1.301050e+01
4.755000e-05	5.660211e-02	-1.289253e+01
4.756000e-05	5.098698e-02	-1.269416e+01
4.757000e-05	4.841449e-02	-1.251727e+01
4.758000e-05	4.448860e-02	-1.236842e+01
4.759000e-05	4.183514e-02	-1.219800e+01
4.760000e-05	3.951791e-02	-1.203051e+01
4.761000e-05	3.748897e-02	-1.182003e+01
4.762000e-05	3.428571e-02	-1.164208e+01
4.763000e-05	3.313976e-02	-1.140787e+01
4.764000e-05	3.009292e-02	-1.121890e+01
4.765000e-05	3.001562e-02	-1.100940e+01
4.766000e-05	2.762608e-02	-1.077790e+01
4.767000e-05	2.682260e-02	-1.064048e+01
4.768000e-05	2.379446e-02	-1.038993e+01
4.769000e-05	2.282437e-02	-1.019835e+01
4.770000e-05	2.050548e-02	-9.967391e+00
4.771000e-05	2.060138e-02	-9.776844e+00
4.772000e-05	1.868318e-02	-9.576816e+00
4.773000e-05	1.896189e-02	-9.294188e+00
4.774000e-05	1.619911e-02	-9.111712e+00
4.775000e-05	1.615126e-02	-8.894182e+00
4.776000e-05	1.369696e-02	-8.670528e+00
4.777000e-05	1.348000e-02	-8.407869e+00
4.778000e-05	1.172552e-02	-8.177392e+00
4.779000e-05	1.101050e-02	-7.914285e+00
4.780000e-05	1.058987e-02	-7.650980e+00
4.781000e-05	1.008812e-02	-7.367896e+00
4.782000e-05	9.787028e-03	-7.146285e+00
4.783000e-05	6.977825e-03	-6.862106e+00
4.784000e-05	6.989804e-03	-6.630001e+00
4.785000e-05	5.531820e-03	-6.378465e+00
4.786000e-05	5.309318e-03	-6.113735e+00
4.787000e-05	3.744341e-03	-5.850527e+00
4.788000e-05	3.673553e-03	-5.585910e+00
4.789000e-05	2.583951e-03	-5.334138e+00
4.790000e-05	3.053701e-03	-4.987901e+00
4.791000e-05	1.645552e-03	-4.672580e+00
4.792000e-05	1.935980e-03	-4.461000e+00
4.793000e-05	1.231934e-04	-4.180320e+00
4.794000e-05	8.060029e-04	-3.964212e+00
4.795000e-05	-3.042277e-03	-3.670952e+00
4.796000e-05	-2.184279e-03	-3.416819e+00
4.797000e-05	-5.447455e-03	-3.073206e+00
4.798000e-05	-2.084428e-03	-2.786896e+00
4.799000e-05	-4.510719e-03	-2.565211e+00
4.800000e-05	-2.713064e-03	-2.280579e+00
4.801000e-05	-4.758446e-03	-1.954867e+00
4.802000e-05	-3.868365e-03	-1.684683e+00
4.803000e-05	-5.299856e-03	-1.406440e+00
4.804000e-05	-6.798806e-03	-1.083078e+00
4.805000e-05	-7.035686e-03	-8.209936e-01
4.806000e-05	-8.369926e-03	-5.141805e-01
4.807000e-05	-6.008303e-03	-2.500465e-01
4.808000e-05	-4.357037e-03	1.163516e-02
4.809000e-05	7.554152e-03	3.193711e-01
4.810000e-05	-1.110820e-03	5.494777e-01
4.811000e-05	5.080816e-03	8.216354e-01
4.812000e-05	-1.132777e-03	1.146875e+00
4.813000e-05	1.389659e-03	1.390534e+00
4.814000e-05	-2.159027e-03	1.696871e+00
4.815000e-05	8.905378e-03	1.926846e+00
4.816000e-05	4.256767e-02	2.158431e+00
4.817000e-05	1.022261e-01	2.433146e+00
4.818000e-05	-9.310428e-03	2.773132e+00
4.819000e-05	-4.440922e-02	3.096872e+00
4.820000e-05	-3.286951e-02	3.391509e+00
4.821000e-05	-3.137286e-02	3.664115e+00
4.822000e-05	-6.979366e-02	3.824162e+00
4.823000e-05	-4.560541e-02	4.082718e+00
4.824000e-05	9.845542e-02	4.371033e+00
4.825000e-05	-6.626035e-02	4.612309e+00
4.826000e-05	5.060958e-02	4.856173e+00
4.827000e-05	6.068049e-02	5.171739e+00
4.828000e-05	-1.077243e-01	5.496270e+00
4.829000e-05	5.262575e-02	5.771429e+00
4.830000e-05	-5.753565e-02	6.024163e+00
4.831000e-05	3.572369e-02	6.264168e+00
4.832000e-05	-8.725682e-03	6.548958e+00
4.833000e-05	-3.271792e-02	6.842609e+00
4.834000e-05	2.546625e-02	7.094791e+00
4.835000e-05	-4.323980e-02	7.379881e+00
4.836000e-05	1.809764e-02	7.592163e+00
4.837000e-05	-6.237327e-02	7.896272e+00
4.838000e-05	1.994342e-02	8.129481e+00
4.839000e-05	-1.430603e-04	8.400482e+00
4.840000e-05	-2.564678e-02	8.600505e+00
4.841000e-05	3.013073e-03	8.831137e+00
4.842000e-05	-5.961899e-02	9.045718e+00
4.843000e-05	7.252561e-03	9.296270e+00
4.844000e-05	-2.083553e-02	9.528376e+00
4.845000e-05	-2.625441e-03	9.738328e+00
4.846000e-05	-3.738627e-02	9.992053e+00
4.847000e-05	-1.437883e-02	1.019098e+01
4.848000e-05	-1.049513e-02	1.041106e+01
4.849000e-05	-3.355917e-02	1.058901e+01
4.850000e-05	-2.546398e-02	1.081016e+01
4.851000e-05	-3.999550e-02	1.102253e+01
4.852000e-05	-8.419557e-03	1.119057e+01
4.853000e-05	-2.822123e-02	1.140059e+01
4.854000e-05	-2.683630e-02	1.157212e+01
4.855000e-05	-4.429118e-02	1.184211e+01
4.856000e-05	-2.566896e-02	1.200114e+01
4.857000e-05	-2.580498e-02	1.216905e+01
4.858000e-05	-3.273937e-02	1.232890e+01
4.859000e-05	-4.400382e-02	1.252730e+01
4.860000e-05	-4.364039e-02	1.264379e+01
4.861000e-05	-3.034951e-02	1.283059e+01
4.862000e-05	-4.008800e-02	1.296791e+01
4.863000e-05	-4.364451e-02	1.312690e+01
4.864000e-05	-5.167851e-02	1.329472e+01
4.865000e-05	-3.493567e-02	1.341204e+01
4.866000e-05	-4.273074e-02	1.355888e+01
4.867000e-05	-4.987921e-02	1.367522e+01
4.868000e-05	-6.363382e-02	1.380054e+01
4.869000e-05	-5.527388e-02	1.390645e+01
4.870000e-05	-5.097557e-02	1.408322e+01
4.871000e-05	-5.567054e-02	1.420004e+01
4.872000e-05	-6.557174e-02	1.430330e+01
4.873000e-05	-6.661360e-02	1.439209e+01
4.874000e-05	-5.781421e-02	1.451582e+01
4.875000e-05	-6.408220e-02	1.461051e+01
4.876000e-05	-7.151903e-02	1.465419e+01
4.877000e-05	-7.982020e-02	1.475745e+01
4.878000e-05	-7.387308e-02	1.484051e+01
4.879000e-05	-7.642750e-02	1.485422e+01
4.880000e-05	-8.385787e-02	1.495727e+01
4.881000e-05	-9.443926e-02	1.496948e+01
4.882000e-05	-9.180788e-02	1.502152e+01
4.883000e-05	-8.734609e-02	1.506526e+01
4.884000e-05	-9.357466e-02	1.515632e+01
4.885000e-05	-1.040471e-01	1.514743e+01
4.886000e-05	-1.103647e-01	1.516846e+01
4.887000e-05	-1.088568e-01	1.521953e+01
4.888000e-05	-1.137210e-01	1.520098e+01
4.889000e-05	-1.251035e-01	1.524151e+01
4.890000e-05	-1.329527e-01	1.524004e+01
4.891000e-05	-1.340168e-01	1.523106e+01
4.892000e-05	-1.351312e-01	1.526109e+01
4.893000e-05	-1.488293e-01	1.525051e+01
4.894000e-05	-1.643444e-01	1.522001e+01
4.895000e-05	-1.752628e-01	1.518840e+01
4.896000e-05	-1.850278e-01	1.515695e+01
4.897000e-05	-2.047117e-01	1.512527e+01
4.898000e-05	-2.337075e-01	1.511679e+01
4.899000e-05	-2.488580e-01	1.503361e+01
4.900000e-05	-2.500000e-01	1.500000e+01
4.901000e-05	-2.500000e-01	1.494735e+01
4.902000e-05	-2.500000e-01	1.492429e+01
4.903000e-05	-2.500000e-01	1.485059e+01
4.904000e-05	-2.500000e-01	1.478840e+01
4.905000e-05	-2.500000e-01	1.468369e+01
4.906000e-05	-2.494695e-01	1.462958e+01
4.907000e-05	-2.400268e-01	1.447474e+01
4.908000e-05	-2.118215e-01	1.443106e+01
4.909000e-05	-1.812347e-01	1.433587e+01
4.910000e-05	-1.584400e-01	1.424046e+01
4.911000e-05	-1.450271e-01	1.410432e+01
4.912000e-05	-1.325535e-01	1.397893e+01
4.913000e-05	-1.176538e-01	1.387061e+01
4.914000e-05	-1.042518e-01	1.371375e+01
4.915000e-05	-9.874880e-02	1.358703e+01
4.916000e-05	-9.495161e-02	1.346308e+01
4.917000e-05	-8.656152e-02	1.336530e+01
4.918000e-05	-7.723691e-02	1.317950e+01
4.919000e-05	-7.280527e-02	1.301156e+01
4.920000e-05	-7.155477e-02	1.291221e+01
4.921000e-05	-6.924314e-02	1.279480e+01
4.922000e-05	-6.246559e-02	1.258788e+01
4.923000e-05	-5.788680e-02	1.242003e+01
4.924000e-05	-5.694896e-02	1.229161e+01
4.925000e-05	-5.652777e-02	1.210262e+01
4.926000e-05	-5.248046e-02	1.189426e+01
4.927000e-05	-4.719418e-02	1.171722e+01
4.928000e-05	-4.580395e-02	1.151524e+01
4.929000e-05	-4.786843e-02	1.131369e+01
4.930000e-05	-4.639100e-02	1.111724e+01
4.931000e-05	-4.223114e-02	1.091582e+01
4.932000e-05	-3.816617e-02	1.071734e+01
4.933000e-05	-3.905473e-02	1.053335e+01
4.934000e-05	-3.968023e-02	1.033321e+01
4.935000e-05	-3.748909e-02	1.012422e+01
4.936000e-05	-3.443941e-02	9.891609e+00
4.937000e-05	-3.451237e-02	9.640557e+00
4.938000e-05	-3.644656e-02	9.409405e+00
4.939000e-05	-3.512970e-02	9.248502e+00
4.940000e-05	-3.091377e-02	9.006973e+00
4.941000e-05	-2.922962e-02	8.725274e+00
4.942000e-05	-3.082331e-02	8.514869e+00
4.943000e-05	-3.097859e-02	8.292260e+00
4.944000e-05	-2.818446e-02	8.042582e+00
4.945000e-05	-2.560056e-02	7.797925e+00
4.946000e-05	-2.652314e-02	7.564892e+00
4.947000e-05	-2.759523e-02	7.261064e+00
4.948000e-05	-2.656072e-02	7.019479e+00
4.949000e-05	-2.380362e-02	6.785398e+00
4.950000e-05	-2.314597e-02	6.543140e+00
4.951000e-05	-2.464732e-02	6.279553e+00
4.952000e-05	-2.422029e-02	5.998550e+00
4.953000e-05	-2.126779e-02	5.735287e+00
4.954000e-05	-2.072908e-02	5.491656e+00
4.955000e-05	-2.037892e-02	5.185848e+00
4.956000e-05	-2.228050e-02	4.861050e+00
4.957000e-05	-2.041924e-02	4.576821e+00
4.958000e-05	-1.978336e-02	4.303765e+00
4.959000e-05	-1.795817e-02	4.021025e+00
4.960000e-05	-1.945625e-02	3.745268e+00
4.961000e-05	-1.808700e-02	3.514285e+00
4.962000e-05	-1.682755e-02	3.219895e+00
4.963000e-05	-1.553523e-02	2.954792e+00
4.964000e-05	-1.764253e-02	2.710708e+00
4.965000e-05	-1.680145e-02	2.385391e+00
4.966000e-05	-1.586333e-02	2.072687e+00
4.967000e-05	-1.329152e-02	1.861135e+00
4.968000e-05	-1.372484e-02	1.574841e+00
4.969000e-05	-1.453884e-02	1.300050e+00
4.970000e-05	-1.368808e-02	9.253082e-01
4.971000e-05	-1.189341e-02	5.985241e-01
4.972000e-05	-1.076659e-02	3.884185e-01
4.973000e-05	-9.754951e-03	8.160575e-02
4.974000e-05	-5.058326e-03	-2.115775e-01
4.975000e-05	5.796277e-03	-4.636091e-01
4.976000e-05	-3.062756e-03	-7.194460e-01
4.977000e-05	2.224466e-03	-9.815026e-01
4.978000e-05	-3.969037e-03	-1.236287e+00
4.979000e-05	1.027447e-03	-1.579022e+00
4.980000e-05	3.189306e-03	-1.790560e+00
4.981000e-05	4.048295e-02	-2.012078e+00
4.982000e-05	1.173626e-01	-2.297243e+00
4.983000e-05	1.552624e-02	-2.645344e+00
4.984000e-05	-3.594374e-02	-3.066216e+00
4.985000e-05	-1.812151e-02	-3.371478e+00
4.986000e-05	-4.233455e-02	-3.589449e+00
4.987000e-05	-8.712833e-02	-3.772653e+00
4.988000e-05	4.576164e-02	-3.989953e+00
4.989000e-05	7.884633e-02	-4.201531e+00
4.990000e-05	-1.153408e-01	-4.518847e+00
4.991000e-05	1.938458e-01	-4.728421e+00
4.992000e-05	-1.028110e-01	-5.046214e+00
4.993000e-05	4.421520e-02	-5.402978e+00
4.994000e-05	1.706786e-02	-5.633110e+00
4.995000e-05	-9.596573e-02	-5.948875e+00
4.996000e-05	1.588338e-01	-6.159921e+00
4.997000e-05	-8.303154e-02	-6.435136e+00
4.998000e-05	9.634174e-02	-6.706296e+00
4.999000e-05	-2.102031e-02	-6.970528e+00
