# 260604_11:26:23.898621
t	CH1	CH2
0.000000e+00	-1.067298e-02	5.884184e-01
1.000000e-08	-1.092537e-02	3.192868e-01
2.000000e-08	-9.500417e-03	1.623629e-03
3.000000e-08	-3.500048e-03	-2.501592e-01
4.000000e-08	6.506631e-03	-4.922144e-01
5.000000e-08	-4.472471e-03	-7.900024e-01
6.000000e-08	3.190143e-03	-1.051208e+00
7.000000e-08	-4.159163e-03	-1.355367e+00
8.000000e-08	3.762254e-03	-1.622051e+00
9.000000e-08	7.711992e-03	-1.861104e+00
1.000000e-07	5.353320e-02	-2.040558e+00
1.100000e-07	1.384749e-01	-2.367949e+00
1.200000e-07	-4.655579e-02	-2.726946e+00
1.300000e-07	-4.488415e-03	-3.189845e+00
1.400000e-07	-4.401296e-02	-3.401053e+00
1.500000e-07	-2.985287e-02	-3.631046e+00
1.600000e-07	-1.174864e-01	-3.893107e+00
1.700000e-07	1.498975e-01	-4.001033e+00
1.800000e-07	-2.996441e-02	-4.252129e+00
1.900000e-07	-3.370859e-02	-4.577846e+00
2.000000e-07	2.006223e-01	-4.828996e+00
2.100000e-07	-2.021263e-01	-5.156847e+00
2.200000e-07	1.722234e-01	-5.491528e+00
2.300000e-07	-1.205043e-01	-5.714238e+00
2.400000e-07	1.335560e-02	-5.989399e+00
2.500000e-07	1.295461e-01	-6.209951e+00
2.600000e-07	-1.155093e-01	-6.545714e+00
2.700000e-07	1.719872e-01	-6.787866e+00
2.800000e-07	-1.221163e-01	-7.042057e+00
2.900000e-07	8.023155e-02	-7.386810e+00
3.000000e-07	3.985172e-04	-7.586747e+00
3.100000e-07	-2.655740e-02	-7.886728e+00
3.200000e-07	1.334276e-01	-8.086187e+00
3.300000e-07	-1.036499e-01	-8.377740e+00
3.400000e-07	1.533013e-01	-8.570895e+00
3.500000e-07	-8.341537e-02	-8.872602e+00
3.600000e-07	5.042657e-02	-9.124653e+00
3.700000e-07	9.808510e-03	-9.273559e+00
3.800000e-07	9.904822e-03	-9.555764e+00
3.900000e-07	9.428652e-02	-9.766267e+00
4.000000e-07	-4.720104e-02	-9.947266e+00
4.100000e-07	1.078992e-01	-1.016819e+01
4.200000e-07	-6.027145e-02	-1.041995e+01
4.300000e-07	1.020119e-01	-1.063090e+01
4.400000e-07	-3.219231e-02	-1.076885e+01
4.500000e-07	6.566768e-02	-1.107979e+01
4.600000e-07	1.162920e-02	-1.120886e+01
4.700000e-07	4.038852e-02	-1.146238e+01
4.800000e-07	4.444009e-02	-1.162837e+01
4.900000e-07	6.396429e-03	-1.186187e+01
5.000000e-07	6.087370e-02	-1.206092e+01
5.100000e-07	9.641313e-03	-1.222137e+01
5.200000e-07	7.926630e-02	-1.239831e+01
5.300000e-07	2.225223e-03	-1.260664e+01
5.400000e-07	6.267420e-02	-1.271548e+01
5.500000e-07	1.204853e-02	-1.289445e+01
5.600000e-07	6.636552e-02	-1.304137e+01
5.700000e-07	3.031145e-02	-1.317726e+01
5.800000e-07	5.650161e-02	-1.333761e+01
5.900000e-07	4.297271e-02	-1.350335e+01
6.000000e-07	5.427517e-02	-1.364079e+01
6.100000e-07	5.270554e-02	-1.377863e+01
6.200000e-07	4.103668e-02	-1.388440e+01
6.300000e-07	5.325573e-02	-1.401821e+01
6.400000e-07	4.986283e-02	-1.413708e+01
6.500000e-07	7.033302e-02	-1.430137e+01
6.600000e-07	5.343114e-02	-1.437761e+01
6.700000e-07	6.568286e-02	-1.446280e+01
6.800000e-07	5.486172e-02	-1.453766e+01
6.900000e-07	7.452855e-02	-1.467242e+01
7.000000e-07	6.514686e-02	-1.476608e+01
7.100000e-07	7.459428e-02	-1.482974e+01
7.200000e-07	6.881773e-02	-1.491240e+01
7.300000e-07	8.049613e-02	-1.498808e+01
7.400000e-07	7.764653e-02	-1.499074e+01
7.500000e-07	7.941457e-02	-1.509390e+01
7.600000e-07	8.005323e-02	-1.512400e+01
7.700000e-07	8.720286e-02	-1.518716e+01
7.800000e-07	9.758245e-02	-1.524116e+01
7.900000e-07	9.574423e-02	-1.521927e+01
8.000000e-07	9.929218e-02	-1.529442e+01
8.100000e-07	9.704629e-02	-1.530352e+01
8.200000e-07	1.068049e-01	-1.531648e+01
8.300000e-07	1.089092e-01	-1.533558e+01
8.400000e-07	1.159415e-01	-1.533750e+01
8.500000e-07	1.180655e-01	-1.537561e+01
8.600000e-07	1.278445e-01	-1.534806e+01
8.700000e-07	1.328836e-01	-1.533553e+01
8.800000e-07	1.374370e-01	-1.529655e+01
8.900000e-07	1.439740e-01	-1.529392e+01
9.000000e-07	1.555720e-01	-1.526585e+01
9.100000e-07	1.708556e-01	-1.524139e+01
9.200000e-07	1.847140e-01	-1.522822e+01
9.300000e-07	2.033169e-01	-1.520958e+01
9.400000e-07	2.264517e-01	-1.512500e+01
9.500000e-07	2.476589e-01	-1.510287e+01
9.600000e-07	2.500000e-01	-1.502129e+01
9.700000e-07	2.500000e-01	-1.494810e+01
9.800000e-07	2.500000e-01	-1.491495e+01
9.900000e-07	2.500000e-01	-1.484231e+01
1.000000e-06	2.500000e-01	-1.474610e+01
1.010000e-06	2.500000e-01	-1.465370e+01
1.020000e-06	2.439870e-01	-1.457821e+01
1.030000e-06	2.167525e-01	-1.445537e+01
1.040000e-06	1.917545e-01	-1.438875e+01
1.050000e-06	1.701654e-01	-1.427235e+01
1.060000e-06	1.496979e-01	-1.414861e+01
1.070000e-06	1.339606e-01	-1.402084e+01
1.080000e-06	1.208451e-01	-1.389703e+01
1.090000e-06	1.104829e-01	-1.379719e+01
1.100000e-06	9.958673e-02	-1.362287e+01
1.110000e-06	9.100566e-02	-1.349543e+01
1.120000e-06	8.403975e-02	-1.337966e+01
1.130000e-06	7.901105e-02	-1.323169e+01
1.140000e-06	7.111292e-02	-1.310300e+01
1.150000e-06	6.548741e-02	-1.291713e+01
1.160000e-06	6.023126e-02	-1.277876e+01
1.170000e-06	5.759292e-02	-1.262129e+01
1.180000e-06	5.461782e-02	-1.244485e+01
1.190000e-06	5.041834e-02	-1.229352e+01
1.200000e-06	4.577775e-02	-1.208395e+01
1.210000e-06	4.391645e-02	-1.189593e+01
1.220000e-06	4.100155e-02	-1.170550e+01
1.230000e-06	3.846847e-02	-1.152653e+01
1.240000e-06	3.515030e-02	-1.125547e+01
1.250000e-06	3.401813e-02	-1.110552e+01
1.260000e-06	3.250008e-02	-1.087200e+01
1.270000e-06	3.111592e-02	-1.067358e+01
1.280000e-06	2.769363e-02	-1.050600e+01
1.290000e-06	2.576703e-02	-1.028355e+01
1.300000e-06	2.544967e-02	-1.006297e+01
1.310000e-06	2.396062e-02	-9.820971e+00
1.320000e-06	2.177359e-02	-9.632373e+00
1.330000e-06	2.041589e-02	-9.380466e+00
1.340000e-06	1.979974e-02	-9.168236e+00
1.350000e-06	1.831572e-02	-8.979283e+00
1.360000e-06	1.692533e-02	-8.725531e+00
1.370000e-06	1.508833e-02	-8.472475e+00
1.380000e-06	1.399959e-02	-8.241396e+00
1.390000e-06	1.471077e-02	-8.012292e+00
1.400000e-06	1.285545e-02	-7.667182e+00
1.410000e-06	1.250956e-02	-7.423022e+00
1.420000e-06	1.069505e-02	-7.199892e+00
1.430000e-06	1.014084e-02	-6.947658e+00
1.440000e-06	8.155599e-03	-6.665050e+00
1.450000e-06	6.851245e-03	-6.454079e+00
1.460000e-06	6.685664e-03	-6.149365e+00
1.470000e-06	6.347200e-03	-5.915656e+00
1.480000e-06	5.321388e-03	-5.622077e+00
1.490000e-06	4.842896e-03	-5.348336e+00
1.500000e-06	3.614294e-03	-5.085580e+00
1.510000e-06	2.870640e-03	-4.737358e+00
1.520000e-06	3.038569e-03	-4.474706e+00
1.530000e-06	1.854820e-03	-4.253530e+00
1.540000e-06	2.691386e-03	-3.969372e+00
1.550000e-06	-1.017517e-03	-3.696683e+00
1.560000e-06	-5.741331e-04	-3.462028e+00
1.570000e-06	-4.726578e-03	-3.148816e+00
1.580000e-06	-8.039991e-04	-2.851578e+00
1.590000e-06	-6.273473e-03	-2.579447e+00
1.600000e-06	3.885834e-04	-2.336160e+00
1.610000e-06	-5.627841e-03	-2.009528e+00
1.620000e-06	5.585925e-04	-1.718320e+00
1.630000e-06	-4.821618e-03	-1.472104e+00
1.640000e-06	-4.670454e-03	-1.118315e+00
1.650000e-06	-7.283391e-03	-8.506764e-01
1.660000e-06	-8.845368e-03	-5.493709e-01
1.670000e-06	-7.681448e-03	-2.851853e-01
1.680000e-06	-6.957633e-03	-2.157274e-02
1.690000e-06	8.470370e-03	3.036617e-01
1.700000e-06	3.220089e-04	5.363174e-01
1.710000e-06	7.379074e-03	7.488998e-01
1.720000e-06	1.582643e-03	1.074055e+00
1.730000e-06	2.939579e-03	1.366468e+00
1.740000e-06	-4.039253e-03	1.723133e+00
1.750000e-06	5.561533e-03	1.935764e+00
1.760000e-06	2.641911e-02	2.126316e+00
1.770000e-06	1.141833e-01	2.390423e+00
1.780000e-06	2.048444e-03	2.789349e+00
1.790000e-06	-4.615263e-02	3.061129e+00
1.800000e-06	-3.239752e-02	3.346793e+00
1.810000e-06	-2.827441e-02	3.620531e+00
1.820000e-06	-6.631571e-02	3.841079e+00
1.830000e-06	-6.865307e-02	4.021129e+00
1.840000e-06	1.034560e-01	4.338307e+00
1.850000e-06	-5.276557e-02	4.611951e+00
1.860000e-06	5.909160e-03	4.812007e+00
1.870000e-06	1.209755e-01	5.229816e+00
1.880000e-06	-1.496042e-01	5.476054e+00
1.890000e-06	7.513094e-02	5.745217e+00
1.900000e-06	-6.555985e-02	6.012475e+00
1.910000e-06	3.366747e-02	6.243453e+00
1.920000e-06	1.066710e-02	6.543765e+00
1.930000e-06	-6.491199e-02	6.809425e+00
1.940000e-06	4.784063e-02	7.064009e+00
1.950000e-06	-6.806809e-02	7.326686e+00
1.960000e-06	3.718332e-02	7.611840e+00
1.970000e-06	-7.555590e-02	7.883030e+00
1.980000e-06	2.026380e-02	8.196288e+00
1.990000e-06	1.266781e-02	8.419369e+00
2.000000e-06	-3.766023e-02	8.588794e+00
2.010000e-06	1.719823e-02	8.871425e+00
2.020000e-06	-7.616308e-02	9.060425e+00
2.030000e-06	8.653752e-03	9.315557e+00
2.040000e-06	-2.597713e-02	9.506081e+00
2.050000e-06	3.425784e-03	9.737142e+00
2.060000e-06	-3.961251e-02	9.998765e+00
2.070000e-06	-1.745444e-02	1.017724e+01
2.080000e-06	-6.211236e-03	1.042084e+01
2.090000e-06	-3.607029e-02	1.063879e+01
2.100000e-06	-2.355796e-02	1.082882e+01
2.110000e-06	-4.704051e-02	1.099077e+01
2.120000e-06	-7.934404e-03	1.123984e+01
2.130000e-06	-2.940533e-02	1.144124e+01
2.140000e-06	-2.624660e-02	1.164132e+01
2.150000e-06	-4.929564e-02	1.186080e+01
2.160000e-06	-2.766860e-02	1.200989e+01
2.170000e-06	-2.598855e-02	1.221969e+01
2.180000e-06	-3.019538e-02	1.237726e+01
2.190000e-06	-4.575646e-02	1.254718e+01
2.200000e-06	-4.695070e-02	1.269500e+01
2.210000e-06	-3.081443e-02	1.286084e+01
2.220000e-06	-3.938024e-02	1.304074e+01
2.230000e-06	-4.506729e-02	1.315706e+01
2.240000e-06	-5.674841e-02	1.331450e+01
2.250000e-06	-3.708309e-02	1.342032e+01
2.260000e-06	-4.331767e-02	1.361021e+01
2.270000e-06	-4.879093e-02	1.374595e+01
2.280000e-06	-6.693683e-02	1.385180e+01
2.290000e-06	-5.722092e-02	1.399868e+01
2.300000e-06	-5.233107e-02	1.403852e+01
2.310000e-06	-5.546902e-02	1.424136e+01
2.320000e-06	-6.679735e-02	1.435713e+01
2.330000e-06	-7.029839e-02	1.449194e+01
2.340000e-06	-5.917857e-02	1.455956e+01
2.350000e-06	-6.524801e-02	1.462186e+01
2.360000e-06	-7.085729e-02	1.475652e+01
2.370000e-06	-8.318135e-02	1.479124e+01
2.380000e-06	-7.395612e-02	1.488339e+01
2.390000e-06	-7.537181e-02	1.490753e+01
2.400000e-06	-8.265252e-02	1.497771e+01
2.410000e-06	-9.542936e-02	1.501387e+01
2.420000e-06	-9.544924e-02	1.509447e+01
2.430000e-06	-8.815755e-02	1.511553e+01
2.440000e-06	-9.309447e-02	1.517868e+01
2.450000e-06	-1.017614e-01	1.521022e+01
2.460000e-06	-1.091541e-01	1.524184e+01
2.470000e-06	-1.063515e-01	1.527287e+01
2.480000e-06	-1.095721e-01	1.530395e+01
2.490000e-06	-1.196319e-01	1.531782e+01
2.500000e-06	-1.281349e-01	1.533697e+01
2.510000e-06	-1.292397e-01	1.530693e+01
2.520000e-06	-1.279130e-01	1.531684e+01
2.530000e-06	-1.388846e-01	1.529345e+01
2.540000e-06	-1.514726e-01	1.529385e+01
2.550000e-06	-1.614306e-01	1.525287e+01
2.560000e-06	-1.656684e-01	1.522022e+01
2.570000e-06	-1.790317e-01	1.520016e+01
2.580000e-06	-1.999313e-01	1.518666e+01
2.590000e-06	-2.238076e-01	1.510650e+01
2.600000e-06	-2.433395e-01	1.508292e+01
2.610000e-06	-2.496995e-01	1.501126e+01
2.620000e-06	-2.500000e-01	1.494911e+01
2.630000e-06	-2.500000e-01	1.490447e+01
2.640000e-06	-2.500000e-01	1.484184e+01
2.650000e-06	-2.500000e-01	1.476821e+01
2.660000e-06	-2.500000e-01	1.465400e+01
2.670000e-06	-2.500000e-01	1.459021e+01
2.680000e-06	-2.445263e-01	1.451397e+01
2.690000e-06	-2.143698e-01	1.439966e+01
2.700000e-06	-1.898792e-01	1.430542e+01
2.710000e-06	-1.699060e-01	1.419006e+01
2.720000e-06	-1.572584e-01	1.404342e+01
2.730000e-06	-1.385819e-01	1.396710e+01
2.740000e-06	-1.241686e-01	1.378879e+01
2.750000e-06	-1.161134e-01	1.368389e+01
2.760000e-06	-1.102350e-01	1.355708e+01
2.770000e-06	-1.013779e-01	1.338081e+01
2.780000e-06	-9.057693e-02	1.327342e+01
2.790000e-06	-8.471867e-02	1.313706e+01
2.800000e-06	-8.175897e-02	1.300868e+01
2.810000e-06	-7.908958e-02	1.282332e+01
2.820000e-06	-7.276390e-02	1.265442e+01
2.830000e-06	-6.741270e-02	1.254695e+01
2.840000e-06	-6.283454e-02	1.235608e+01
2.850000e-06	-6.360000e-02	1.222016e+01
2.860000e-06	-5.797880e-02	1.202921e+01
2.870000e-06	-5.327887e-02	1.179119e+01
2.880000e-06	-5.065743e-02	1.161121e+01
2.890000e-06	-5.234136e-02	1.143133e+01
2.900000e-06	-5.216577e-02	1.124229e+01
2.910000e-06	-4.765119e-02	1.100181e+01
2.920000e-06	-4.383863e-02	1.079032e+01
2.930000e-06	-4.376869e-02	1.062982e+01
2.940000e-06	-4.432201e-02	1.036921e+01
2.950000e-06	-4.095207e-02	1.019931e+01
2.960000e-06	-3.628961e-02	9.967161e+00
2.970000e-06	-3.512644e-02	9.728104e+00
2.980000e-06	-3.795786e-02	9.484049e+00
2.990000e-06	-3.755735e-02	9.293979e+00
3.000000e-06	-3.510962e-02	9.076000e+00
3.010000e-06	-3.265012e-02	8.853796e+00
3.020000e-06	-3.364805e-02	8.600865e+00
3.030000e-06	-3.436319e-02	8.390737e+00
3.040000e-06	-2.823159e-02	8.155628e+00
3.050000e-06	-2.820871e-02	7.896101e+00
3.060000e-06	-2.658877e-02	7.641872e+00
3.070000e-06	-2.996226e-02	7.409235e+00
3.080000e-06	-2.760006e-02	7.065578e+00
3.090000e-06	-2.620556e-02	6.862925e+00
3.100000e-06	-2.351059e-02	6.610341e+00
3.110000e-06	-2.662007e-02	6.328709e+00
3.120000e-06	-2.640074e-02	6.073051e+00
3.130000e-06	-2.430306e-02	5.830419e+00
3.140000e-06	-2.239714e-02	5.547689e+00
3.150000e-06	-2.363815e-02	5.264555e+00
3.160000e-06	-2.306614e-02	4.906682e+00
3.170000e-06	-1.912475e-02	4.624077e+00
3.180000e-06	-1.828036e-02	4.411946e+00
3.190000e-06	-1.766841e-02	4.104081e+00
3.200000e-06	-2.156621e-02	3.833450e+00
3.210000e-06	-1.979571e-02	3.558817e+00
3.220000e-06	-1.917843e-02	3.276103e+00
3.230000e-06	-1.564910e-02	2.971921e+00
3.240000e-06	-2.049567e-02	2.747791e+00
3.250000e-06	-1.631000e-02	2.461501e+00
3.260000e-06	-1.421552e-02	2.138313e+00
3.270000e-06	-1.210626e-02	1.926688e+00
3.280000e-06	-1.463853e-02	1.581923e+00
3.290000e-06	-1.524986e-02	1.326709e+00
3.300000e-06	-1.404491e-02	9.509421e-01
3.310000e-06	-1.246472e-02	6.462103e-01
3.320000e-06	-1.233362e-02	4.215763e-01
3.330000e-06	-1.108001e-02	1.502118e-01
3.340000e-06	-7.273300e-03	-1.674672e-01
3.350000e-06	8.917980e-03	-4.069524e-01
3.360000e-06	-3.758547e-03	-7.136867e-01
3.370000e-06	3.539845e-03	-9.458709e-01
3.380000e-06	-4.112556e-03	-1.218948e+00
3.390000e-06	3.894737e-03	-1.515839e+00
3.400000e-06	-3.219745e-04	-1.766341e+00
3.410000e-06	2.975817e-02	-1.967397e+00
3.420000e-06	1.189875e-01	-2.228554e+00
3.430000e-06	3.752657e-02	-2.640553e+00
3.440000e-06	-4.927779e-02	-3.021124e+00
3.450000e-06	-6.853274e-03	-3.356342e+00
3.460000e-06	-4.501994e-02	-3.545367e+00
3.470000e-06	-7.638539e-02	-3.786868e+00
3.480000e-06	4.890792e-04	-3.976398e+00
3.490000e-06	1.538520e-01	-4.176817e+00
3.500000e-06	-1.932792e-01	-4.493655e+00
3.510000e-06	2.104719e-01	-4.735258e+00
3.520000e-06	-9.498453e-02	-4.997973e+00
3.530000e-06	7.660762e-03	-5.426788e+00
3.540000e-06	7.955169e-02	-5.608945e+00
3.550000e-06	-1.731287e-01	-5.953687e+00
3.560000e-06	2.120743e-01	-6.124633e+00
3.570000e-06	-1.089687e-01	-6.419900e+00
3.580000e-06	9.796317e-02	-6.713634e+00
3.590000e-06	1.049932e-02	-6.944687e+00
3.600000e-06	-6.285088e-02	-7.240576e+00
3.610000e-06	1.250660e-01	-7.512480e+00
3.620000e-06	-1.196751e-01	-7.778793e+00
3.630000e-06	1.523970e-01	-8.071549e+00
3.640000e-06	-6.120008e-02	-8.252027e+00
3.650000e-06	6.089034e-02	-8.545611e+00
3.660000e-06	5.093382e-02	-8.755740e+00
3.670000e-06	-7.285468e-02	-9.009872e+00
3.680000e-06	1.077464e-01	-9.188896e+00
3.690000e-06	-7.542279e-02	-9.461449e+00
3.700000e-06	1.398488e-01	-9.695156e+00
3.710000e-06	-5.276620e-02	-9.894080e+00
3.720000e-06	8.555023e-02	-1.010606e+01
3.730000e-06	-1.332601e-02	-1.031403e+01
3.740000e-06	3.609081e-02	-1.058674e+01
3.750000e-06	4.350197e-02	-1.071561e+01
3.760000e-06	-8.824165e-03	-1.098661e+01
3.770000e-06	7.613959e-02	-1.112708e+01
3.780000e-06	-1.671906e-02	-1.137824e+01
3.790000e-06	9.111049e-02	-1.158823e+01
3.800000e-06	-2.118836e-02	-1.178914e+01
3.810000e-06	7.136092e-02	-1.198711e+01
3.820000e-06	1.554180e-03	-1.212613e+01
3.830000e-06	7.303186e-02	-1.236506e+01
3.840000e-06	2.221311e-02	-1.248348e+01
3.850000e-06	4.154516e-02	-1.267200e+01
3.860000e-06	3.552509e-02	-1.283076e+01
3.870000e-06	3.866936e-02	-1.299824e+01
3.880000e-06	5.623658e-02	-1.311408e+01
3.890000e-06	3.207513e-02	-1.328298e+01
3.900000e-06	6.175245e-02	-1.342134e+01
3.910000e-06	3.388341e-02	-1.356514e+01
3.920000e-06	6.875893e-02	-1.370448e+01
3.930000e-06	3.362538e-02	-1.385132e+01
3.940000e-06	5.917535e-02	-1.392708e+01
3.950000e-06	4.238240e-02	-1.409287e+01
3.960000e-06	7.082611e-02	-1.420121e+01
3.970000e-06	5.647204e-02	-1.432498e+01
3.980000e-06	6.276387e-02	-1.442876e+01
3.990000e-06	5.691073e-02	-1.452506e+01
4.000000e-06	6.840464e-02	-1.463174e+01
4.010000e-06	7.173404e-02	-1.470398e+01
4.020000e-06	6.813625e-02	-1.481771e+01
4.030000e-06	7.269735e-02	-1.487240e+01
4.040000e-06	7.264516e-02	-1.494703e+01
4.050000e-06	8.334555e-02	-1.500919e+01
4.060000e-06	7.560424e-02	-1.502134e+01
4.070000e-06	8.270989e-02	-1.508445e+01
4.080000e-06	8.251220e-02	-1.515653e+01
4.090000e-06	9.806346e-02	-1.519916e+01
4.100000e-06	9.417720e-02	-1.523234e+01
4.110000e-06	9.760912e-02	-1.525290e+01
4.120000e-06	9.476452e-02	-1.529495e+01
4.130000e-06	1.044906e-01	-1.530549e+01
4.140000e-06	1.098479e-01	-1.533605e+01
4.150000e-06	1.124489e-01	-1.532648e+01
4.160000e-06	1.167206e-01	-1.535708e+01
4.170000e-06	1.241072e-01	-1.534813e+01
4.180000e-06	1.307299e-01	-1.537551e+01
4.190000e-06	1.362230e-01	-1.532700e+01
4.200000e-06	1.377266e-01	-1.528600e+01
4.210000e-06	1.516088e-01	-1.531490e+01
4.220000e-06	1.682949e-01	-1.531439e+01
4.230000e-06	1.806800e-01	-1.519024e+01
4.240000e-06	1.972019e-01	-1.520873e+01
4.250000e-06	2.121363e-01	-1.515701e+01
4.260000e-06	2.418464e-01	-1.512448e+01
4.270000e-06	2.491998e-01	-1.505182e+01
4.280000e-06	2.500000e-01	-1.500066e+01
4.290000e-06	2.500000e-01	-1.493610e+01
4.300000e-06	2.500000e-01	-1.486387e+01
4.310000e-06	2.500000e-01	-1.477868e+01
4.320000e-06	2.500000e-01	-1.468455e+01
4.330000e-06	2.483381e-01	-1.464974e+01
4.340000e-06	2.261804e-01	-1.452758e+01
4.350000e-06	2.020137e-01	-1.443121e+01
4.360000e-06	1.799739e-01	-1.430448e+01
4.370000e-06	1.588744e-01	-1.419011e+01
4.380000e-06	1.394986e-01	-1.410593e+01
4.390000e-06	1.267167e-01	-1.392761e+01
4.400000e-06	1.139362e-01	-1.389127e+01
4.410000e-06	1.025619e-01	-1.372492e+01
4.420000e-06	9.179837e-02	-1.355756e+01
4.430000e-06	8.634534e-02	-1.341131e+01
4.440000e-06	8.223663e-02	-1.330400e+01
4.450000e-06	7.621691e-02	-1.312656e+01
4.460000e-06	6.874723e-02	-1.301921e+01
4.470000e-06	6.169302e-02	-1.287284e+01
4.480000e-06	5.865149e-02	-1.268350e+01
4.490000e-06	5.467376e-02	-1.252658e+01
4.500000e-06	5.125102e-02	-1.235866e+01
4.510000e-06	4.669241e-02	-1.217913e+01
4.520000e-06	4.484708e-02	-1.199969e+01
4.530000e-06	4.346736e-02	-1.180024e+01
4.540000e-06	4.056502e-02	-1.163026e+01
4.550000e-06	3.656039e-02	-1.135864e+01
4.560000e-06	3.418586e-02	-1.114818e+01
4.570000e-06	3.402087e-02	-1.097763e+01
4.580000e-06	3.057012e-02	-1.078919e+01
4.590000e-06	2.861079e-02	-1.058874e+01
4.600000e-06	2.453215e-02	-1.037819e+01
4.610000e-06	2.519320e-02	-1.013718e+01
4.620000e-06	2.486833e-02	-9.926106e+00
4.630000e-06	2.438436e-02	-9.726583e+00
4.640000e-06	2.124031e-02	-9.485053e+00
4.650000e-06	1.968922e-02	-9.262996e+00
4.660000e-06	1.928570e-02	-9.031525e+00
4.670000e-06	1.862653e-02	-8.810820e+00
4.680000e-06	1.573714e-02	-8.608811e+00
4.690000e-06	1.350514e-02	-8.286108e+00
4.700000e-06	1.408251e-02	-8.086585e+00
4.710000e-06	1.372643e-02	-7.832470e+00
4.720000e-06	1.334982e-02	-7.578286e+00
4.730000e-06	9.794475e-03	-7.375084e+00
4.740000e-06	9.609459e-03	-7.055028e+00
4.750000e-06	9.167756e-03	-6.828370e+00
4.760000e-06	1.016368e-02	-6.577758e+00
4.770000e-06	6.597308e-03	-6.294553e+00
4.780000e-06	6.371009e-03	-6.040396e+00
4.790000e-06	4.409742e-03	-5.779335e+00
4.800000e-06	5.920392e-03	-5.474509e+00
4.810000e-06	2.886744e-03	-5.189368e+00
4.820000e-06	1.335107e-03	-4.865550e+00
4.830000e-06	2.431663e-03	-4.567793e+00
4.840000e-06	4.358321e-03	-4.376767e+00
4.850000e-06	4.099064e-03	-4.094707e+00
4.860000e-06	-4.830842e-04	-3.861974e+00
4.870000e-06	-1.675169e-03	-3.498840e+00
4.880000e-06	-2.680513e-03	-3.285582e+00
4.890000e-06	-2.412870e-03	-2.969911e+00
4.900000e-06	-3.645994e-03	-2.694158e+00
4.910000e-06	-3.656373e-03	-2.441101e+00
4.920000e-06	-3.800885e-03	-2.117816e+00
4.930000e-06	-2.136652e-03	-1.853057e+00
4.940000e-06	-3.508878e-03	-1.620491e+00
4.950000e-06	-6.016697e-03	-1.243101e+00
4.960000e-06	-7.582252e-03	-9.482670e-01
4.970000e-06	-5.857977e-03	-6.856881e-01
4.980000e-06	-6.067373e-03	-3.578711e-01
4.990000e-06	-6.163381e-03	-1.273406e-01
5.000000e-06	1.669376e-03	1.468485e-01
5.010000e-06	7.012213e-03	4.106827e-01
5.020000e-06	9.127481e-04	6.532829e-01
5.030000e-06	4.092349e-03	9.247911e-01
5.040000e-06	-3.803320e-03	1.232105e+00
5.050000e-06	1.281925e-03	1.505839e+00
5.060000e-06	-1.144230e-03	1.831028e+00
5.070000e-06	1.966623e-02	2.020525e+00
5.080000e-06	7.576604e-02	2.304709e+00
5.090000e-06	8.323759e-02	2.670948e+00
5.100000e-06	-6.471653e-02	2.955840e+00
5.110000e-06	-2.263277e-02	3.210478e+00
5.120000e-06	-4.540343e-02	3.556738e+00
5.130000e-06	-3.081839e-02	3.769366e+00
5.140000e-06	-9.423062e-02	3.937816e+00
5.150000e-06	3.132894e-02	4.167871e+00
5.160000e-06	7.491466e-02	4.505684e+00
5.170000e-06	-1.245310e-01	4.767244e+00
5.180000e-06	1.889849e-01	4.989850e+00
5.190000e-06	-1.153303e-01	5.399869e+00
5.200000e-06	2.313600e-03	5.620923e+00
5.210000e-06	5.394715e-03	5.917157e+00
5.220000e-06	-4.619091e-02	6.167767e+00
5.230000e-06	7.020141e-02	6.389946e+00
5.240000e-06	-8.093208e-02	6.736633e+00
5.250000e-06	3.705149e-02	6.969297e+00
5.260000e-06	-3.679088e-02	7.219399e+00
5.270000e-06	-2.022822e-03	7.525204e+00
5.280000e-06	-2.084537e-02	7.767768e+00
5.290000e-06	-4.290585e-02	8.092000e+00
5.300000e-06	4.278474e-02	8.315106e+00
5.310000e-06	-4.036879e-02	8.536111e+00
5.320000e-06	6.927047e-03	8.755682e+00
5.330000e-06	-3.379776e-02	8.971765e+00
5.340000e-06	-4.529168e-02	9.210867e+00
5.350000e-06	1.156227e-02	9.401423e+00
5.360000e-06	-2.897122e-02	9.652453e+00
5.370000e-06	-2.948313e-03	9.873953e+00
5.380000e-06	-4.734467e-02	1.012668e+01
5.390000e-06	4.888875e-03	1.027558e+01
5.400000e-06	-3.103388e-02	1.055808e+01
5.410000e-06	-2.664899e-02	1.072813e+01
5.420000e-06	-3.412153e-02	1.093671e+01
5.430000e-06	-3.343209e-02	1.112611e+01
5.440000e-06	-6.975256e-03	1.134614e+01
5.450000e-06	-3.943992e-02	1.156601e+01
5.460000e-06	-2.891703e-02	1.179768e+01
5.470000e-06	-4.711388e-02	1.193663e+01
5.480000e-06	-1.739128e-02	1.209963e+01
5.490000e-06	-3.303959e-02	1.230553e+01
5.500000e-06	-3.665666e-02	1.245450e+01
5.510000e-06	-4.908209e-02	1.263240e+01
5.520000e-06	-3.971183e-02	1.278922e+01
5.530000e-06	-3.255166e-02	1.293614e+01
5.540000e-06	-4.658977e-02	1.310490e+01
5.550000e-06	-4.834756e-02	1.325197e+01
5.560000e-06	-4.721417e-02	1.337978e+01
5.570000e-06	-3.649452e-02	1.351605e+01
5.580000e-06	-4.847008e-02	1.367490e+01
5.590000e-06	-5.988902e-02	1.378026e+01
5.600000e-06	-6.241490e-02	1.394397e+01
5.610000e-06	-5.397043e-02	1.407277e+01
5.620000e-06	-5.171456e-02	1.415913e+01
5.630000e-06	-6.224803e-02	1.428503e+01
5.640000e-06	-6.771771e-02	1.442027e+01
5.650000e-06	-6.521791e-02	1.450598e+01
5.660000e-06	-6.218101e-02	1.457011e+01
5.670000e-06	-6.924636e-02	1.466492e+01
5.680000e-06	-7.948241e-02	1.477913e+01
5.690000e-06	-7.689516e-02	1.487084e+01
5.700000e-06	-7.683129e-02	1.487448e+01
5.710000e-06	-7.927975e-02	1.493658e+01
5.720000e-06	-9.168949e-02	1.502982e+01
5.730000e-06	-9.462372e-02	1.504290e+01
5.740000e-06	-9.017600e-02	1.509400e+01
5.750000e-06	-8.905842e-02	1.516611e+01
5.760000e-06	-9.597325e-02	1.518916e+01
5.770000e-06	-1.086603e-01	1.520017e+01
5.780000e-06	-1.074982e-01	1.529332e+01
5.790000e-06	-1.110825e-01	1.525335e+01
5.800000e-06	-1.161659e-01	1.527345e+01
5.810000e-06	-1.263736e-01	1.530592e+01
5.820000e-06	-1.278430e-01	1.530543e+01
5.830000e-06	-1.265250e-01	1.528694e+01
5.840000e-06	-1.317790e-01	1.530452e+01
5.850000e-06	-1.463182e-01	1.525589e+01
5.860000e-06	-1.582388e-01	1.528437e+01
5.870000e-06	-1.660419e-01	1.523324e+01
5.880000e-06	-1.743631e-01	1.524879e+01
5.890000e-06	-1.921637e-01	1.520953e+01
5.900000e-06	-2.144034e-01	1.513703e+01
5.910000e-06	-2.347315e-01	1.507595e+01
5.920000e-06	-2.483543e-01	1.506192e+01
5.930000e-06	-2.500000e-01	1.499926e+01
5.940000e-06	-2.500000e-01	1.491650e+01
5.950000e-06	-2.500000e-01	1.486389e+01
5.960000e-06	-2.500000e-01	1.478034e+01
5.970000e-06	-2.500000e-01	1.472445e+01
5.980000e-06	-2.500000e-01	1.462326e+01
5.990000e-06	-2.493544e-01	1.452608e+01
6.000000e-06	-2.264346e-01	1.444430e+01
6.010000e-06	-1.975711e-01	1.434911e+01
6.020000e-06	-1.751785e-01	1.423027e+01
6.030000e-06	-1.635402e-01	1.412752e+01
6.040000e-06	-1.453686e-01	1.396013e+01
6.050000e-06	-1.306360e-01	1.386442e+01
6.060000e-06	-1.177032e-01	1.370755e+01
6.070000e-06	-1.136306e-01	1.359274e+01
6.080000e-06	-1.057047e-01	1.346292e+01
6.090000e-06	-9.512825e-02	1.333753e+01
6.100000e-06	-8.513350e-02	1.319076e+01
6.110000e-06	-8.277664e-02	1.302239e+01
6.120000e-06	-8.071153e-02	1.288600e+01
6.130000e-06	-7.438041e-02	1.272716e+01
6.140000e-06	-6.653214e-02	1.257871e+01
6.150000e-06	-6.438760e-02	1.239224e+01
6.160000e-06	-6.405385e-02	1.222334e+01
6.170000e-06	-6.173382e-02	1.204600e+01
6.180000e-06	-5.504965e-02	1.191445e+01
6.190000e-06	-5.247478e-02	1.169642e+01
6.200000e-06	-5.272417e-02	1.148545e+01
6.210000e-06	-5.229863e-02	1.127590e+01
6.220000e-06	-4.751656e-02	1.106455e+01
6.230000e-06	-4.326009e-02	1.088615e+01
6.240000e-06	-4.245366e-02	1.072607e+01
6.250000e-06	-4.389373e-02	1.046292e+01
6.260000e-06	-4.401915e-02	1.022395e+01
6.270000e-06	-3.887482e-02	1.004238e+01
6.280000e-06	-3.769290e-02	9.811919e+00
6.290000e-06	-3.784657e-02	9.621786e+00
6.300000e-06	-3.724763e-02	9.369314e+00
6.310000e-06	-3.397325e-02	9.147711e+00
6.320000e-06	-3.102161e-02	8.896155e+00
6.330000e-06	-3.248015e-02	8.664602e+00
6.340000e-06	-3.362899e-02	8.473948e+00
6.350000e-06	-3.295683e-02	8.201900e+00
6.360000e-06	-2.932382e-02	7.968737e+00
6.370000e-06	-2.857831e-02	7.736183e+00
6.380000e-06	-2.846256e-02	7.454474e+00
6.390000e-06	-2.796543e-02	7.241972e+00
6.400000e-06	-2.603635e-02	6.949265e+00
6.410000e-06	-2.500119e-02	6.657054e+00
6.420000e-06	-2.540145e-02	6.372924e+00
6.430000e-06	-2.602999e-02	6.170313e+00
6.440000e-06	-2.413503e-02	5.938137e+00
6.450000e-06	-2.234078e-02	5.634502e+00
6.460000e-06	-2.231479e-02	5.390341e+00
6.470000e-06	-2.279779e-02	5.026025e+00
6.480000e-06	-2.188239e-02	4.748839e+00
6.490000e-06	-1.990732e-02	4.485682e+00
6.500000e-06	-1.943879e-02	4.242000e+00
6.510000e-06	-1.935819e-02	3.916709e+00
6.520000e-06	-1.999629e-02	3.664630e+00
6.530000e-06	-1.878029e-02	3.410471e+00
6.540000e-06	-1.722034e-02	3.097233e+00
6.550000e-06	-1.794539e-02	2.845653e+00
6.560000e-06	-1.876904e-02	2.539417e+00
6.570000e-06	-1.709789e-02	2.264632e+00
6.580000e-06	-1.404886e-02	1.992447e+00
6.590000e-06	-1.274649e-02	1.737240e+00
6.600000e-06	-1.464075e-02	1.422602e+00
6.610000e-06	-1.493228e-02	1.117337e+00
6.620000e-06	-1.289348e-02	8.099702e-01
6.630000e-06	-1.193314e-02	5.173908e-01
6.640000e-06	-1.122829e-02	2.238290e-01
6.650000e-06	-9.785832e-03	-4.160650e-02
6.660000e-06	1.247661e-03	-3.137895e-01
6.670000e-06	3.444871e-03	-5.367700e-01
6.680000e-06	-1.742455e-04	-8.311342e-01
6.690000e-06	7.885844e-04	-1.133207e+00
6.700000e-06	-7.140667e-04	-1.418426e+00
6.710000e-06	1.788108e-03	-1.661657e+00
6.720000e-06	1.438179e-02	-1.904184e+00
6.730000e-06	6.963395e-02	-2.113265e+00
6.740000e-06	1.217375e-01	-2.441681e+00
6.750000e-06	-6.496739e-02	-2.891182e+00
6.760000e-06	8.482757e-03	-3.220100e+00
6.770000e-06	-5.350111e-02	-3.481028e+00
6.780000e-06	-3.367421e-02	-3.681132e+00
6.790000e-06	-1.076343e-01	-3.944137e+00
6.800000e-06	1.933777e-01	-4.073107e+00
6.810000e-06	-1.203963e-01	-4.316812e+00
6.820000e-06	7.213758e-02	-4.671075e+00
6.830000e-06	1.185563e-01	-4.902036e+00
6.840000e-06	-1.737518e-01	-5.228502e+00
6.850000e-06	1.930684e-01	-5.485184e+00
6.860000e-06	-1.825801e-01	-5.796368e+00
6.870000e-06	1.102515e-01	-6.081028e+00
6.880000e-06	4.797693e-02	-6.283575e+00
6.890000e-06	-6.122500e-02	-6.617921e+00
6.900000e-06	1.491559e-01	-6.889482e+00
6.910000e-06	-1.418041e-01	-7.136711e+00
6.920000e-06	1.286118e-01	-7.418946e+00
6.930000e-06	-6.396021e-02	-7.650952e+00
6.940000e-06	4.440274e-02	-7.965890e+00
6.950000e-06	7.674147e-02	-8.166767e+00
6.960000e-06	-7.289422e-02	-8.428425e+00
6.970000e-06	1.519871e-01	-8.691852e+00
6.980000e-06	-1.144250e-01	-8.945082e+00
6.990000e-06	9.712087e-02	-9.128208e+00
7.000000e-06	-4.182828e-02	-9.345659e+00
7.010000e-06	6.668254e-02	-9.618416e+00
7.020000e-06	4.378714e-02	-9.798841e+00
7.030000e-06	-8.147938e-03	-1.004792e+01
7.040000e-06	8.067803e-02	-1.023132e+01
7.050000e-06	-4.773507e-02	-1.051205e+01
7.060000e-06	1.043617e-01	-1.067248e+01
7.070000e-06	-4.683438e-02	-1.086997e+01
7.080000e-06	8.798827e-02	-1.109292e+01
7.090000e-06	-1.531712e-02	-1.129345e+01
7.100000e-06	7.154434e-02	-1.150302e+01
7.110000e-06	1.568356e-02	-1.168193e+01
7.120000e-06	3.329072e-02	-1.191348e+01
7.130000e-06	3.933835e-02	-1.209200e+01
7.140000e-06	2.679101e-02	-1.228245e+01
7.150000e-06	6.403413e-02	-1.244885e+01
7.160000e-06	8.102982e-03	-1.261977e+01
7.170000e-06	6.126725e-02	-1.277611e+01
7.180000e-06	1.351118e-02	-1.294553e+01
7.190000e-06	7.256091e-02	-1.308245e+01
7.200000e-06	2.340736e-02	-1.322984e+01
7.210000e-06	6.524788e-02	-1.338966e+01
7.220000e-06	3.420223e-02	-1.351448e+01
7.230000e-06	6.232644e-02	-1.367092e+01
7.240000e-06	4.350364e-02	-1.380771e+01
7.250000e-06	4.904316e-02	-1.391388e+01
7.260000e-06	4.872076e-02	-1.401934e+01
7.270000e-06	5.767349e-02	-1.421861e+01
7.280000e-06	6.509781e-02	-1.427335e+01
7.290000e-06	5.697012e-02	-1.440783e+01
7.300000e-06	6.481369e-02	-1.448442e+01
7.310000e-06	5.876976e-02	-1.457876e+01
7.320000e-06	7.530178e-02	-1.467242e+01
7.330000e-06	6.465454e-02	-1.474763e+01
7.340000e-06	7.479555e-02	-1.483184e+01
7.350000e-06	6.816716e-02	-1.493505e+01
7.360000e-06	8.211250e-02	-1.498869e+01
7.370000e-06	7.507063e-02	-1.500136e+01
7.380000e-06	8.212425e-02	-1.511287e+01
7.390000e-06	8.118944e-02	-1.515545e+01
7.400000e-06	9.229108e-02	-1.516064e+01
7.410000e-06	9.574954e-02	-1.524979e+01
7.420000e-06	9.652504e-02	-1.525334e+01
7.430000e-06	9.756833e-02	-1.528392e+01
7.440000e-06	9.862019e-02	-1.529545e+01
7.450000e-06	1.085456e-01	-1.530492e+01
7.460000e-06	1.102000e-01	-1.533515e+01
7.470000e-06	1.166478e-01	-1.538708e+01
7.480000e-06	1.194029e-01	-1.539808e+01
7.490000e-06	1.293627e-01	-1.534610e+01
7.500000e-06	1.335084e-01	-1.533450e+01
7.510000e-06	1.385320e-01	-1.533460e+01
7.520000e-06	1.452442e-01	-1.533548e+01
7.530000e-06	1.589443e-01	-1.530639e+01
7.540000e-06	1.738035e-01	-1.522129e+01
7.550000e-06	1.889367e-01	-1.522069e+01
7.560000e-06	2.069376e-01	-1.517818e+01
7.570000e-06	2.313465e-01	-1.512403e+01
7.580000e-06	2.487197e-01	-1.508190e+01
7.590000e-06	2.500000e-01	-1.500076e+01
7.600000e-06	2.500000e-01	-1.496710e+01
7.610000e-06	2.500000e-01	-1.486395e+01
7.620000e-06	2.500000e-01	-1.480126e+01
7.630000e-06	2.500000e-01	-1.470758e+01
7.640000e-06	2.500000e-01	-1.466190e+01
7.650000e-06	2.384616e-01	-1.454856e+01
7.660000e-06	2.109079e-01	-1.445237e+01
7.670000e-06	1.873579e-01	-1.437755e+01
7.680000e-06	1.662501e-01	-1.425227e+01
7.690000e-06	1.461608e-01	-1.414760e+01
7.700000e-06	1.318269e-01	-1.401066e+01
7.710000e-06	1.189912e-01	-1.387412e+01
7.720000e-06	1.084680e-01	-1.375714e+01
7.730000e-06	9.671440e-02	-1.358984e+01
7.740000e-06	8.861186e-02	-1.349397e+01
7.750000e-06	8.297120e-02	-1.334818e+01
7.760000e-06	7.734713e-02	-1.321976e+01
7.770000e-06	7.038363e-02	-1.307292e+01
7.780000e-06	6.373371e-02	-1.290605e+01
7.790000e-06	6.002802e-02	-1.275868e+01
7.800000e-06	5.762230e-02	-1.260976e+01
7.810000e-06	5.441992e-02	-1.244082e+01
7.820000e-06	4.902614e-02	-1.222247e+01
7.830000e-06	4.533327e-02	-1.208397e+01
7.840000e-06	4.245175e-02	-1.188252e+01
7.850000e-06	4.085476e-02	-1.167442e+01
7.860000e-06	3.693523e-02	-1.144334e+01
7.870000e-06	3.546870e-02	-1.125342e+01
7.880000e-06	3.430249e-02	-1.105182e+01
7.890000e-06	3.313300e-02	-1.083292e+01
7.900000e-06	3.116922e-02	-1.068150e+01
7.910000e-06	2.709942e-02	-1.043134e+01
7.920000e-06	2.684631e-02	-1.019142e+01
7.930000e-06	2.451375e-02	-1.000934e+01
7.940000e-06	2.396776e-02	-9.799391e+00
7.950000e-06	2.108737e-02	-9.599195e+00
7.960000e-06	1.985630e-02	-9.357708e+00
7.970000e-06	1.975508e-02	-9.135584e+00
7.980000e-06	1.936695e-02	-8.926557e+00
7.990000e-06	1.767580e-02	-8.713099e+00
8.000000e-06	1.597213e-02	-8.420444e+00
8.010000e-06	1.537833e-02	-8.180842e+00
8.020000e-06	1.411854e-02	-7.988088e+00
8.030000e-06	1.268371e-02	-7.676124e+00
8.040000e-06	1.023247e-02	-7.380922e+00
8.050000e-06	1.041916e-02	-7.179892e+00
8.060000e-06	9.165386e-03	-6.884704e+00
8.070000e-06	9.780168e-03	-6.641976e+00
8.080000e-06	7.762280e-03	-6.410322e+00
8.090000e-06	9.119054e-03	-6.138283e+00
8.100000e-06	5.721279e-03	-5.842529e+00
8.110000e-06	5.271805e-03	-5.620996e+00
8.120000e-06	3.869630e-03	-5.326183e+00
8.130000e-06	2.838869e-03	-5.011943e+00
8.140000e-06	1.394238e-03	-4.675132e+00
8.150000e-06	2.620630e-03	-4.432026e+00
8.160000e-06	2.051191e-03	-4.219972e+00
8.170000e-06	2.635382e-03	-3.957235e+00
8.180000e-06	-8.296504e-04	-3.633024e+00
8.190000e-06	-2.561323e-04	-3.398925e+00
8.200000e-06	-3.262638e-03	-3.114709e+00
8.210000e-06	-1.165280e-03	-2.799447e+00
8.220000e-06	-4.031532e-03	-2.537841e+00
8.230000e-06	-2.006480e-03	-2.274583e+00
8.240000e-06	-4.737370e-03	-1.967369e+00
8.250000e-06	-3.688411e-03	-1.685663e+00
8.260000e-06	-5.546971e-03	-1.389971e+00
8.270000e-06	-5.382908e-03	-1.093682e+00
8.280000e-06	-6.071106e-03	-8.199761e-01
8.290000e-06	-6.728447e-03	-4.657843e-01
8.300000e-06	-5.736674e-03	-2.316054e-01
8.310000e-06	-4.733693e-03	4.205526e-02
8.320000e-06	1.023799e-02	3.473146e-01
8.330000e-06	-3.637517e-03	6.103774e-01
8.340000e-06	6.760818e-03	8.516252e-01
8.350000e-06	-3.113106e-03	1.176261e+00
8.360000e-06	1.502093e-03	1.368974e+00
8.370000e-06	-4.599149e-03	1.745762e+00
8.380000e-06	1.268383e-02	1.955846e+00
8.390000e-06	3.986327e-02	2.187421e+00
8.400000e-06	1.188688e-01	2.453087e+00
8.410000e-06	-3.182359e-02	2.821604e+00
8.420000e-06	-3.504990e-02	3.116163e+00
8.430000e-06	-4.183601e-02	3.407974e+00
8.440000e-06	-2.346576e-02	3.673582e+00
8.450000e-06	-8.414172e-02	3.897157e+00
8.460000e-06	-4.202609e-02	4.062128e+00
8.470000e-06	1.204295e-01	4.398496e+00
8.480000e-06	-1.061339e-01	4.672605e+00
8.490000e-06	8.666002e-02	4.884038e+00
8.500000e-06	4.244355e-02	5.262054e+00
8.510000e-06	-1.153801e-01	5.536734e+00
8.520000e-06	7.300861e-02	5.800399e+00
8.530000e-06	-7.963824e-02	6.063602e+00
8.540000e-06	6.464689e-02	6.315157e+00
8.550000e-06	-2.744970e-02	6.628322e+00
8.560000e-06	-3.651900e-02	6.861533e+00
8.570000e-06	2.577530e-02	7.125658e+00
8.580000e-06	-5.915928e-02	7.446718e+00
8.590000e-06	3.499869e-02	7.654074e+00
8.600000e-06	-7.902941e-02	7.997163e+00
8.610000e-06	4.275840e-02	8.219944e+00
8.620000e-06	-8.465095e-03	8.413001e+00
8.630000e-06	-2.547338e-02	8.640375e+00
8.640000e-06	2.685349e-03	8.862951e+00
8.650000e-06	-8.198287e-02	9.115129e+00
8.660000e-06	2.243951e-02	9.368110e+00
8.670000e-06	-3.531560e-02	9.568737e+00
8.680000e-06	1.393927e-02	9.809340e+00
8.690000e-06	-4.890694e-02	1.004187e+01
8.700000e-06	-3.687334e-03	1.021979e+01
8.710000e-06	-1.625804e-02	1.044089e+01
8.720000e-06	-3.667546e-02	1.066184e+01
8.730000e-06	-2.688785e-02	1.087287e+01
8.740000e-06	-4.886244e-02	1.105093e+01
8.750000e-06	2.617260e-04	1.129384e+01
8.760000e-06	-3.614748e-02	1.148288e+01
8.770000e-06	-2.089871e-02	1.165399e+01
8.780000e-06	-5.349599e-02	1.187395e+01
8.790000e-06	-2.082742e-02	1.207187e+01
8.800000e-06	-2.911431e-02	1.228135e+01
8.810000e-06	-3.233289e-02	1.240674e+01
8.820000e-06	-4.770435e-02	1.260971e+01
8.830000e-06	-4.636796e-02	1.270506e+01
8.840000e-06	-3.027764e-02	1.288440e+01
8.850000e-06	-4.401346e-02	1.305029e+01
8.860000e-06	-4.417242e-02	1.318871e+01
8.870000e-06	-5.554328e-02	1.335713e+01
8.880000e-06	-3.248615e-02	1.345393e+01
8.890000e-06	-4.588557e-02	1.358884e+01
8.900000e-06	-5.213418e-02	1.373606e+01
8.910000e-06	-6.903822e-02	1.387330e+01
8.920000e-06	-5.604398e-02	1.400871e+01
8.930000e-06	-5.223781e-02	1.413708e+01
8.940000e-06	-5.756050e-02	1.428137e+01
8.950000e-06	-6.694992e-02	1.439064e+01
8.960000e-06	-6.809553e-02	1.449345e+01
8.970000e-06	-5.877928e-02	1.456903e+01
8.980000e-06	-6.674739e-02	1.462226e+01
8.990000e-06	-7.420070e-02	1.474757e+01
9.000000e-06	-8.327387e-02	1.483132e+01
9.010000e-06	-7.421033e-02	1.488337e+01
9.020000e-06	-7.595575e-02	1.487655e+01
9.030000e-06	-8.501069e-02	1.499926e+01
9.040000e-06	-9.572180e-02	1.505182e+01
9.050000e-06	-9.379657e-02	1.508540e+01
9.060000e-06	-8.783363e-02	1.513808e+01
9.070000e-06	-9.488341e-02	1.517814e+01
9.080000e-06	-1.042160e-01	1.521026e+01
9.090000e-06	-1.087792e-01	1.523329e+01
9.100000e-06	-1.067189e-01	1.528389e+01
9.110000e-06	-1.107305e-01	1.529090e+01
9.120000e-06	-1.221858e-01	1.530550e+01
9.130000e-06	-1.289508e-01	1.530590e+01
9.140000e-06	-1.297498e-01	1.532300e+01
9.150000e-06	-1.293344e-01	1.527645e+01
9.160000e-06	-1.411760e-01	1.526445e+01
9.170000e-06	-1.541132e-01	1.527537e+01
9.180000e-06	-1.623878e-01	1.526335e+01
9.190000e-06	-1.685183e-01	1.520966e+01
9.200000e-06	-1.826092e-01	1.519029e+01
9.210000e-06	-2.048140e-01	1.516910e+01
9.220000e-06	-2.275458e-01	1.509648e+01
9.230000e-06	-2.463014e-01	1.507389e+01
9.240000e-06	-2.499998e-01	1.498964e+01
9.250000e-06	-2.500000e-01	1.497755e+01
9.260000e-06	-2.500000e-01	1.488442e+01
9.270000e-06	-2.500000e-01	1.486089e+01
9.280000e-06	-2.500000e-01	1.475863e+01
9.290000e-06	-2.500000e-01	1.466444e+01
9.300000e-06	-2.500000e-01	1.458718e+01
9.310000e-06	-2.389386e-01	1.450500e+01
9.320000e-06	-2.074872e-01	1.442176e+01
9.330000e-06	-1.847438e-01	1.426594e+01
9.340000e-06	-1.680335e-01	1.418753e+01
9.350000e-06	-1.537619e-01	1.402332e+01
9.360000e-06	-1.365750e-01	1.393745e+01
9.370000e-06	-1.214396e-01	1.380071e+01
9.380000e-06	-1.146606e-01	1.367482e+01
9.390000e-06	-1.082553e-01	1.353658e+01
9.400000e-06	-9.973005e-02	1.339021e+01
9.410000e-06	-8.870602e-02	1.323434e+01
9.420000e-06	-8.339902e-02	1.311455e+01
9.430000e-06	-8.203589e-02	1.293861e+01
9.440000e-06	-7.711674e-02	1.276919e+01
9.450000e-06	-6.955689e-02	1.262284e+01
9.460000e-06	-6.534861e-02	1.247490e+01
9.470000e-06	-6.367236e-02	1.233518e+01
9.480000e-06	-6.428577e-02	1.211866e+01
9.490000e-06	-5.682139e-02	1.196916e+01
9.500000e-06	-5.249890e-02	1.177021e+01
9.510000e-06	-5.107253e-02	1.159814e+01
9.520000e-06	-5.391516e-02	1.131871e+01
9.530000e-06	-5.021418e-02	1.117663e+01
9.540000e-06	-4.505259e-02	1.099021e+01
9.550000e-06	-4.238004e-02	1.078866e+01
9.560000e-06	-4.441501e-02	1.054821e+01
9.570000e-06	-4.382266e-02	1.033711e+01
9.580000e-06	-3.917684e-02	1.013706e+01
9.590000e-06	-3.696693e-02	9.945655e+00
9.600000e-06	-3.731382e-02	9.685424e+00
9.610000e-06	-3.955659e-02	9.493998e+00
9.620000e-06	-3.584773e-02	9.231849e+00
9.630000e-06	-3.207818e-02	9.061389e+00
9.640000e-06	-3.172452e-02	8.767216e+00
9.650000e-06	-3.428382e-02	8.579809e+00
9.660000e-06	-3.299789e-02	8.336662e+00
9.670000e-06	-2.946000e-02	8.094079e+00
9.680000e-06	-2.721712e-02	7.849999e+00
9.690000e-06	-2.864008e-02	7.549739e+00
9.700000e-06	-2.886987e-02	7.297652e+00
9.710000e-06	-2.795952e-02	7.034020e+00
9.720000e-06	-2.494372e-02	6.831946e+00
9.730000e-06	-2.581944e-02	6.508710e+00
9.740000e-06	-2.636127e-02	6.244599e+00
9.750000e-06	-2.531503e-02	6.041348e+00
9.760000e-06	-2.266909e-02	5.739291e+00
9.770000e-06	-2.218730e-02	5.466110e+00
9.780000e-06	-2.212221e-02	5.200870e+00
9.790000e-06	-2.368669e-02	4.873528e+00
9.800000e-06	-2.052553e-02	4.609397e+00
9.810000e-06	-2.040676e-02	4.339338e+00
9.820000e-06	-2.023269e-02	3.994022e+00
9.830000e-06	-2.144601e-02	3.769871e+00
9.840000e-06	-1.819843e-02	3.596666e+00
9.850000e-06	-1.697152e-02	3.261949e+00
9.860000e-06	-1.671756e-02	2.978792e+00
9.870000e-06	-1.790972e-02	2.675113e+00
9.880000e-06	-1.669003e-02	2.350924e+00
9.890000e-06	-1.594524e-02	2.086784e+00
9.900000e-06	-1.401225e-02	1.832501e+00
9.910000e-06	-1.559139e-02	1.498316e+00
9.920000e-06	-1.435860e-02	1.254151e+00
9.930000e-06	-1.303447e-02	8.887157e-01
9.940000e-06	-1.039098e-02	6.425514e-01
9.950000e-06	-1.127581e-02	3.909162e-01
9.960000e-06	-8.943714e-03	3.715659e-02
9.970000e-06	-5.586046e-03	-1.790002e-01
9.980000e-06	8.247406e-03	-4.311291e-01
9.990000e-06	-6.953030e-03	-7.478886e-01
1.000000e-05	4.027817e-03	-9.784949e-01
1.001000e-05	-3.514633e-03	-1.302713e+00
1.002000e-05	4.949374e-03	-1.577944e+00
1.003000e-05	3.157158e-03	-1.809524e+00
1.004000e-05	3.985420e-02	-2.029481e+00
1.005000e-05	1.380177e-01	-2.294858e+00
1.006000e-05	-8.717285e-03	-2.682608e+00
1.007000e-05	-2.734104e-02	-3.105212e+00
1.008000e-05	-2.645400e-02	-3.387396e+00
1.009000e-05	-3.462167e-02	-3.588916e+00
1.010000e-05	-1.025784e-01	-3.847322e+00
1.011000e-05	7.561705e-02	-4.011048e+00
1.012000e-05	7.626891e-02	-4.219975e+00
1.013000e-05	-1.408876e-01	-4.485237e+00
1.014000e-05	2.340812e-01	-4.804766e+00
1.015000e-05	-1.690871e-01	-5.101058e+00
1.016000e-05	1.011789e-01	-5.422445e+00
1.017000e-05	-2.074305e-02	-5.641605e+00
1.018000e-05	-9.828371e-02	-5.948841e+00
1.019000e-05	1.974558e-01	-6.148744e+00
1.020000e-05	-1.358852e-01	-6.483104e+00
1.021000e-05	1.536615e-01	-6.748188e+00
1.022000e-05	-6.253195e-02	-6.988317e+00
1.023000e-05	6.616513e-03	-7.334632e+00
1.024000e-05	7.630862e-02	-7.505661e+00
1.025000e-05	-9.246645e-02	-7.880346e+00
1.026000e-05	1.608557e-01	-8.093580e+00
1.027000e-05	-1.034976e-01	-8.296185e+00
1.028000e-05	1.167428e-01	-8.577215e+00
1.029000e-05	-1.818701e-02	-8.830366e+00
1.030000e-05	-1.433927e-02	-9.112004e+00
1.031000e-05	6.975786e-02	-9.239449e+00
1.032000e-05	-4.395053e-02	-9.523528e+00
1.033000e-05	1.324687e-01	-9.706183e+00
1.034000e-05	-6.558889e-02	-9.906133e+00
1.035000e-05	1.062360e-01	-1.018771e+01
1.036000e-05	-4.787155e-02	-1.038631e+01
1.037000e-05	7.339571e-02	-1.059792e+01
1.038000e-05	4.304608e-03	-1.079671e+01
1.039000e-05	2.713584e-02	-1.093877e+01
1.040000e-05	4.958334e-02	-1.119627e+01
1.041000e-05	6.741527e-03	-1.139089e+01
1.042000e-05	7.601122e-02	-1.160727e+01
1.043000e-05	-1.544008e-02	-1.183036e+01
1.044000e-05	7.344086e-02	-1.200024e+01
1.045000e-05	-3.375522e-03	-1.217921e+01
1.046000e-05	8.034830e-02	-1.233711e+01
1.047000e-05	5.714594e-03	-1.253558e+01
1.048000e-05	5.529821e-02	-1.271398e+01
1.049000e-05	2.266771e-02	-1.285442e+01
1.050000e-05	5.512791e-02	-1.303034e+01
1.051000e-05	4.496228e-02	-1.315611e+01
1.052000e-05	4.329743e-02	-1.328453e+01
1.053000e-05	5.348168e-02	-1.344134e+01
1.054000e-05	4.102719e-02	-1.361814e+01
1.055000e-05	6.094088e-02	-1.375505e+01
1.056000e-05	3.455646e-02	-1.389239e+01
1.057000e-05	5.855184e-02	-1.400868e+01
1.058000e-05	4.602865e-02	-1.412450e+01
1.059000e-05	7.224506e-02	-1.424877e+01
1.060000e-05	5.348501e-02	-1.436708e+01
1.061000e-05	6.596241e-02	-1.442032e+01
1.062000e-05	5.593356e-02	-1.456665e+01
1.063000e-05	7.260663e-02	-1.464986e+01
1.064000e-05	6.770024e-02	-1.470648e+01
1.065000e-05	7.117792e-02	-1.480831e+01
1.066000e-05	7.025624e-02	-1.490452e+01
1.067000e-05	7.706609e-02	-1.492656e+01
1.068000e-05	8.078328e-02	-1.499066e+01
1.069000e-05	7.744898e-02	-1.508332e+01
1.070000e-05	8.297682e-02	-1.510398e+01
1.071000e-05	8.600274e-02	-1.516608e+01
1.072000e-05	9.879035e-02	-1.521924e+01
1.073000e-05	9.341194e-02	-1.523231e+01
1.074000e-05	9.809696e-02	-1.526194e+01
1.075000e-05	9.543229e-02	-1.532497e+01
1.076000e-05	1.068715e-01	-1.534655e+01
1.077000e-05	1.086361e-01	-1.533655e+01
1.078000e-05	1.149898e-01	-1.534666e+01
1.079000e-05	1.181696e-01	-1.532803e+01
1.080000e-05	1.261101e-01	-1.536706e+01
1.081000e-05	1.328481e-01	-1.534656e+01
1.082000e-05	1.352839e-01	-1.533607e+01
1.083000e-05	1.414436e-01	-1.534547e+01
1.084000e-05	1.516951e-01	-1.530250e+01
1.085000e-05	1.683095e-01	-1.526392e+01
1.086000e-05	1.822180e-01	-1.521924e+01
1.087000e-05	1.993255e-01	-1.517858e+01
1.088000e-05	2.205430e-01	-1.513413e+01
1.089000e-05	2.459401e-01	-1.513298e+01
1.090000e-05	2.499999e-01	-1.505079e+01
1.091000e-05	2.500000e-01	-1.499868e+01
1.092000e-05	2.500000e-01	-1.491353e+01
1.093000e-05	2.500000e-01	-1.481232e+01
1.094000e-05	2.500000e-01	-1.475811e+01
1.095000e-05	2.500000e-01	-1.467345e+01
1.096000e-05	2.475168e-01	-1.458926e+01
1.097000e-05	2.210919e-01	-1.447598e+01
1.098000e-05	1.964785e-01	-1.439124e+01
1.099000e-05	1.746413e-01	-1.428398e+01
1.100000e-05	1.545278e-01	-1.416968e+01
1.101000e-05	1.363416e-01	-1.404490e+01
1.102000e-05	1.226393e-01	-1.389663e+01
1.103000e-05	1.120574e-01	-1.384926e+01
1.104000e-05	1.020284e-01	-1.367285e+01
1.105000e-05	9.129345e-02	-1.351763e+01
1.106000e-05	8.446396e-02	-1.339924e+01
1.107000e-05	8.018045e-02	-1.328394e+01
1.108000e-05	7.390738e-02	-1.312605e+01
1.109000e-05	6.710326e-02	-1.298766e+01
1.110000e-05	6.005976e-02	-1.281024e+01
1.111000e-05	5.742463e-02	-1.262335e+01
1.112000e-05	5.493107e-02	-1.248555e+01
1.113000e-05	5.131364e-02	-1.231658e+01
1.114000e-05	4.623419e-02	-1.214756e+01
1.115000e-05	4.416772e-02	-1.194718e+01
1.116000e-05	4.224451e-02	-1.173913e+01
1.117000e-05	3.911341e-02	-1.157960e+01
1.118000e-05	3.541036e-02	-1.132618e+01
1.119000e-05	3.389361e-02	-1.114710e+01
1.120000e-05	3.391435e-02	-1.089763e+01
1.121000e-05	3.213959e-02	-1.073611e+01
1.122000e-05	2.949692e-02	-1.056669e+01
1.123000e-05	2.549589e-02	-1.033560e+01
1.124000e-05	2.438662e-02	-1.005545e+01
1.125000e-05	2.470389e-02	-9.896003e+00
1.126000e-05	2.295911e-02	-9.684975e+00
1.127000e-05	2.191349e-02	-9.442399e+00
1.128000e-05	1.979596e-02	-9.229969e+00
1.129000e-05	2.097179e-02	-9.001841e+00
1.130000e-05	1.775206e-02	-8.799689e+00
1.131000e-05	1.575105e-02	-8.526230e+00
1.132000e-05	1.233963e-02	-8.274550e+00
1.133000e-05	1.449784e-02	-8.073526e+00
1.134000e-05	1.439554e-02	-7.791463e+00
1.135000e-05	1.445685e-02	-7.506104e+00
1.136000e-05	9.995071e-03	-7.284600e+00
1.137000e-05	9.511118e-03	-6.999390e+00
1.138000e-05	8.064067e-03	-6.699213e+00
1.139000e-05	9.177040e-03	-6.495228e+00
1.140000e-05	6.422990e-03	-6.232496e+00
1.141000e-05	6.161612e-03	-5.958766e+00
1.142000e-05	4.459682e-03	-5.686307e+00
1.143000e-05	7.035661e-03	-5.432996e+00
1.144000e-05	2.656762e-03	-5.106810e+00
1.145000e-05	2.301123e-03	-4.801520e+00
1.146000e-05	2.021284e-03	-4.546312e+00
1.147000e-05	3.247653e-03	-4.285688e+00
1.148000e-05	3.208802e-03	-4.041652e+00
1.149000e-05	-1.225342e-03	-3.726392e+00
1.150000e-05	-1.589119e-03	-3.495758e+00
1.151000e-05	-3.443138e-03	-3.260553e+00
1.152000e-05	-4.720687e-04	-2.885159e+00
1.153000e-05	-3.837377e-03	-2.633028e+00
1.154000e-05	-2.681615e-03	-2.388896e+00
1.155000e-05	-4.406395e-03	-2.054807e+00
1.156000e-05	-2.175618e-03	-1.822416e+00
1.157000e-05	-4.956587e-03	-1.536242e+00
1.158000e-05	-5.520818e-03	-1.219427e+00
1.159000e-05	-8.870722e-03	-9.262646e-01
1.160000e-05	-7.082661e-03	-6.421275e-01
1.161000e-05	-5.522027e-03	-3.568385e-01
1.162000e-05	-4.956852e-03	-7.308021e-02
1.163000e-05	4.034975e-03	2.015554e-01
1.164000e-05	1.745298e-03	4.727332e-01
1.165000e-05	1.996033e-03	7.453407e-01
1.166000e-05	3.572635e-03	9.894739e-01
1.167000e-05	-1.857708e-03	1.313637e+00
1.168000e-05	-4.516942e-04	1.628875e+00
1.169000e-05	9.723770e-04	1.872609e+00
1.170000e-05	2.377633e-02	2.063135e+00
1.171000e-05	9.575628e-02	2.406835e+00
1.172000e-05	4.681632e-02	2.734658e+00
1.173000e-05	-6.160912e-02	2.970448e+00
1.174000e-05	-2.584186e-02	3.263557e+00
1.175000e-05	-3.836570e-02	3.578837e+00
1.176000e-05	-4.502420e-02	3.779472e+00
1.177000e-05	-8.728008e-02	3.990395e+00
1.178000e-05	6.844944e-02	4.263479e+00
1.179000e-05	1.992298e-02	4.619819e+00
1.180000e-05	-7.590905e-02	4.789821e+00
1.181000e-05	1.778149e-01	5.104603e+00
1.182000e-05	-1.531982e-01	5.430950e+00
1.183000e-05	4.899075e-02	5.701583e+00
1.184000e-05	-3.280482e-02	5.989767e+00
1.185000e-05	-8.106483e-03	6.250298e+00
1.186000e-05	4.705715e-02	6.494086e+00
1.187000e-05	-8.293996e-02	6.757811e+00
1.188000e-05	5.305615e-02	7.050420e+00
1.189000e-05	-6.001499e-02	7.263536e+00
1.190000e-05	2.338838e-02	7.579259e+00
1.191000e-05	-5.200184e-02	7.811349e+00
1.192000e-05	-9.801371e-03	8.114053e+00
1.193000e-05	3.146297e-02	8.306762e+00
1.194000e-05	-4.439278e-02	8.566712e+00
1.195000e-05	1.550004e-02	8.769261e+00
1.196000e-05	-5.781632e-02	9.009795e+00
1.197000e-05	-1.570464e-02	9.232945e+00
1.198000e-05	-6.030878e-03	9.461953e+00
1.199000e-05	-1.313683e-02	9.694931e+00
1.200000e-05	-2.146642e-02	9.916657e+00
1.201000e-05	-3.297235e-02	1.015666e+01
1.202000e-05	1.184175e-03	1.036718e+01
1.203000e-05	-3.481472e-02	1.058871e+01
1.204000e-05	-2.479138e-02	1.076876e+01
1.205000e-05	-4.076853e-02	1.097872e+01
1.206000e-05	-2.101493e-02	1.118821e+01
1.207000e-05	-1.740971e-02	1.140969e+01
1.208000e-05	-3.404128e-02	1.160912e+01
1.209000e-05	-3.892198e-02	1.180879e+01
1.210000e-05	-3.772919e-02	1.198824e+01
1.211000e-05	-2.060028e-02	1.218818e+01
1.212000e-05	-3.161070e-02	1.231606e+01
1.213000e-05	-4.127190e-02	1.247450e+01
1.214000e-05	-4.802087e-02	1.262340e+01
1.215000e-05	-3.527976e-02	1.281979e+01
1.216000e-05	-3.543209e-02	1.297924e+01
1.217000e-05	-4.609856e-02	1.310453e+01
1.218000e-05	-5.289589e-02	1.326500e+01
1.219000e-05	-4.215601e-02	1.342032e+01
1.220000e-05	-4.075996e-02	1.353908e+01
1.221000e-05	-4.794442e-02	1.370240e+01
1.222000e-05	-6.448325e-02	1.381274e+01
1.223000e-05	-5.921088e-02	1.394653e+01
1.224000e-05	-5.298227e-02	1.405432e+01
1.225000e-05	-5.238509e-02	1.423016e+01
1.226000e-05	-6.530024e-02	1.435550e+01
1.227000e-05	-6.986774e-02	1.442222e+01
1.228000e-05	-6.204269e-02	1.455505e+01
1.229000e-05	-6.370407e-02	1.460119e+01
1.230000e-05	-6.938836e-02	1.468608e+01
1.231000e-05	-8.175391e-02	1.478656e+01
1.232000e-05	-7.558084e-02	1.483237e+01
1.233000e-05	-7.493339e-02	1.491500e+01
1.234000e-05	-8.030379e-02	1.495821e+01
1.235000e-05	-9.424978e-02	1.504024e+01
1.236000e-05	-9.560093e-02	1.508590e+01
1.237000e-05	-8.979725e-02	1.515552e+01
1.238000e-05	-9.077292e-02	1.514863e+01
1.239000e-05	-9.965030e-02	1.521116e+01
1.240000e-05	-1.090721e-01	1.522176e+01
1.241000e-05	-1.062540e-01	1.528437e+01
1.242000e-05	-1.084881e-01	1.527429e+01
1.243000e-05	-1.166628e-01	1.530403e+01
1.244000e-05	-1.282054e-01	1.532650e+01
1.245000e-05	-1.290014e-01	1.528600e+01
1.246000e-05	-1.282837e-01	1.529447e+01
1.247000e-05	-1.347995e-01	1.528394e+01
1.248000e-05	-1.492415e-01	1.527435e+01
1.249000e-05	-1.600020e-01	1.526329e+01
1.250000e-05	-1.642603e-01	1.525138e+01
1.251000e-05	-1.751950e-01	1.521918e+01
1.252000e-05	-1.942211e-01	1.514866e+01
1.253000e-05	-2.203250e-01	1.511805e+01
1.254000e-05	-2.402580e-01	1.511542e+01
1.255000e-05	-2.491885e-01	1.500273e+01
1.256000e-05	-2.500000e-01	1.497868e+01
1.257000e-05	-2.500000e-01	1.493550e+01
1.258000e-05	-2.500000e-01	1.485487e+01
1.259000e-05	-2.500000e-01	1.481771e+01
1.260000e-05	-2.500000e-01	1.470543e+01
1.261000e-05	-2.500000e-01	1.462128e+01
1.262000e-05	-2.481079e-01	1.453655e+01
1.263000e-05	-2.204549e-01	1.440229e+01
1.264000e-05	-1.931056e-01	1.430703e+01
1.265000e-05	-1.717749e-01	1.420386e+01
1.266000e-05	-1.611217e-01	1.411642e+01
1.267000e-05	-1.428664e-01	1.396858e+01
1.268000e-05	-1.280782e-01	1.385081e+01
1.269000e-05	-1.162851e-01	1.374550e+01
1.270000e-05	-1.114525e-01	1.359973e+01
1.271000e-05	-1.029453e-01	1.345234e+01
1.272000e-05	-9.271352e-02	1.329595e+01
1.273000e-05	-8.474739e-02	1.315866e+01
1.274000e-05	-8.273926e-02	1.302177e+01
1.275000e-05	-8.035689e-02	1.285392e+01
1.276000e-05	-7.398424e-02	1.271453e+01
1.277000e-05	-6.658528e-02	1.257909e+01
1.278000e-05	-6.317744e-02	1.239969e+01
1.279000e-05	-6.396607e-02	1.223136e+01
1.280000e-05	-6.032795e-02	1.203285e+01
1.281000e-05	-5.473337e-02	1.184239e+01
1.282000e-05	-5.111863e-02	1.167185e+01
1.283000e-05	-5.377325e-02	1.144139e+01
1.284000e-05	-5.163036e-02	1.125284e+01
1.285000e-05	-4.848916e-02	1.102295e+01
1.286000e-05	-4.296602e-02	1.083234e+01
1.287000e-05	-4.356124e-02	1.063140e+01
1.288000e-05	-4.381316e-02	1.043347e+01
1.289000e-05	-4.181496e-02	1.022384e+01
1.290000e-05	-3.783563e-02	9.989811e+00
1.291000e-05	-3.667569e-02	9.738234e+00
1.292000e-05	-3.802262e-02	9.545662e+00
1.293000e-05	-3.817762e-02	9.336107e+00
1.294000e-05	-3.503248e-02	9.128077e+00
1.295000e-05	-3.149527e-02	8.866005e+00
1.296000e-05	-3.287784e-02	8.622472e+00
1.297000e-05	-3.400289e-02	8.422845e+00
1.298000e-05	-3.060385e-02	8.199767e+00
1.299000e-05	-2.769583e-02	7.926132e+00
1.300000e-05	-2.781111e-02	7.664604e+00
1.301000e-05	-2.899625e-02	7.371393e+00
1.302000e-05	-2.909983e-02	7.149711e+00
1.303000e-05	-2.637806e-02	6.895657e+00
1.304000e-05	-2.447981e-02	6.644449e+00
1.305000e-05	-2.672695e-02	6.388712e+00
1.306000e-05	-2.672960e-02	6.128258e+00
1.307000e-05	-2.412405e-02	5.865580e+00
1.308000e-05	-2.157802e-02	5.601871e+00
1.309000e-05	-2.142928e-02	5.326662e+00
1.310000e-05	-2.290903e-02	5.001893e+00
1.311000e-05	-2.190702e-02	4.674706e+00
1.312000e-05	-1.926552e-02	4.433626e+00
1.313000e-05	-1.893812e-02	4.191366e+00
1.314000e-05	-2.002689e-02	3.865082e+00
1.315000e-05	-2.063398e-02	3.642403e+00
1.316000e-05	-1.788545e-02	3.349792e+00
1.317000e-05	-1.610903e-02	3.063578e+00
1.318000e-05	-1.715281e-02	2.819596e+00
1.319000e-05	-1.932528e-02	2.499233e+00
1.320000e-05	-1.752284e-02	2.211051e+00
1.321000e-05	-1.521456e-02	1.968319e+00
1.322000e-05	-1.352164e-02	1.692628e+00
1.323000e-05	-1.494953e-02	1.379896e+00
1.324000e-05	-1.337748e-02	1.052135e+00
1.325000e-05	-1.228923e-02	7.582731e-01
1.326000e-05	-1.041201e-02	4.636328e-01
1.327000e-05	-1.094746e-02	1.384724e-01
1.328000e-05	-8.717539e-03	-7.173583e-02
1.329000e-05	3.223327e-03	-3.778422e-01
1.330000e-05	-1.217638e-03	-6.301316e-01
1.331000e-05	3.013086e-03	-8.926844e-01
1.332000e-05	-1.398749e-04	-1.135892e+00
1.333000e-05	1.952046e-03	-1.460683e+00
1.334000e-05	-7.419204e-04	-1.713337e+00
1.335000e-05	2.092751e-02	-1.965312e+00
1.336000e-05	9.408398e-02	-2.176300e+00
1.337000e-05	8.614850e-02	-2.544787e+00
1.338000e-05	-6.592545e-02	-2.934868e+00
1.339000e-05	7.365704e-03	-3.254182e+00
1.340000e-05	-5.184785e-02	-3.493709e+00
1.341000e-05	-4.885281e-02	-3.693562e+00
1.342000e-05	-6.956998e-02	-3.966788e+00
1.343000e-05	1.974178e-01	-4.103737e+00
1.344000e-05	-1.813525e-01	-4.408919e+00
1.345000e-05	1.553514e-01	-4.674613e+00
1.346000e-05	1.527840e-02	-4.925665e+00
1.347000e-05	-1.005537e-01	-5.313636e+00
1.348000e-05	1.608695e-01	-5.546788e+00
1.349000e-05	-2.079987e-01	-5.851002e+00
1.350000e-05	1.793681e-01	-6.132632e+00
1.351000e-05	-3.887510e-02	-6.345759e+00
1.352000e-05	1.494119e-02	-6.682000e+00
1.353000e-05	9.438787e-02	-6.873510e+00
1.354000e-05	-1.204809e-01	-7.220415e+00
1.355000e-05	1.459636e-01	-7.423025e+00
1.356000e-05	-1.104966e-01	-7.694483e+00
1.357000e-05	1.081198e-01	-8.010365e+00
1.358000e-05	7.349835e-03	-8.199319e+00
1.359000e-05	-1.292462e-02	-8.502153e+00
1.360000e-05	1.164305e-01	-8.682528e+00
1.361000e-05	-1.119157e-01	-8.946233e+00
1.362000e-05	1.198282e-01	-9.158215e+00
1.363000e-05	-7.202350e-02	-9.397714e+00
1.364000e-05	1.127642e-01	-9.629974e+00
1.365000e-05	-1.107646e-02	-9.829948e+00
1.366000e-05	3.906027e-02	-1.005105e+01
1.367000e-05	3.708250e-02	-1.027143e+01
1.368000e-05	-1.309538e-02	-1.051405e+01
1.369000e-05	8.281448e-02	-1.070310e+01
1.370000e-05	-4.045747e-02	-1.090558e+01
1.371000e-05	9.306011e-02	-1.111343e+01
1.372000e-05	-2.538568e-02	-1.134708e+01
1.373000e-05	9.092661e-02	-1.152556e+01
1.374000e-05	-8.766153e-03	-1.173458e+01
1.375000e-05	5.838184e-02	-1.194553e+01
1.376000e-05	1.741520e-02	-1.209660e+01
1.377000e-05	4.971538e-02	-1.229458e+01
1.378000e-05	4.140294e-02	-1.245040e+01
1.379000e-05	2.118181e-02	-1.268292e+01
1.380000e-05	5.117930e-02	-1.280824e+01
1.381000e-05	2.448257e-02	-1.298721e+01
1.382000e-05	7.033913e-02	-1.309353e+01
1.383000e-05	2.482989e-02	-1.325092e+01
1.384000e-05	6.780648e-02	-1.342874e+01
1.385000e-05	3.026207e-02	-1.356595e+01
1.386000e-05	6.699973e-02	-1.365445e+01
1.387000e-05	3.429664e-02	-1.383029e+01
1.388000e-05	5.517160e-02	-1.393703e+01
1.389000e-05	4.506244e-02	-1.409277e+01
1.390000e-05	6.565576e-02	-1.419916e+01
1.391000e-05	6.180638e-02	-1.430445e+01
1.392000e-05	6.084519e-02	-1.440723e+01
1.393000e-05	6.163089e-02	-1.451555e+01
1.394000e-05	6.332269e-02	-1.462926e+01
1.395000e-05	7.319995e-02	-1.470498e+01
1.396000e-05	6.518433e-02	-1.474571e+01
1.397000e-05	7.390206e-02	-1.487187e+01
1.398000e-05	6.987612e-02	-1.492550e+01
1.399000e-05	8.372355e-02	-1.498021e+01
1.400000e-05	7.583164e-02	-1.503184e+01
1.401000e-05	8.326117e-02	-1.509398e+01
1.402000e-05	8.107071e-02	-1.517806e+01
1.403000e-05	9.544294e-02	-1.517764e+01
1.404000e-05	9.465076e-02	-1.521129e+01
1.405000e-05	9.640207e-02	-1.524385e+01
1.406000e-05	9.633193e-02	-1.528437e+01
1.407000e-05	1.018161e-01	-1.532402e+01
1.408000e-05	1.090747e-01	-1.532658e+01
1.409000e-05	1.125051e-01	-1.534660e+01
1.410000e-05	1.181175e-01	-1.535708e+01
1.411000e-05	1.215815e-01	-1.533813e+01
1.412000e-05	1.303350e-01	-1.535551e+01
1.413000e-05	1.345686e-01	-1.534605e+01
1.414000e-05	1.386427e-01	-1.533750e+01
1.415000e-05	1.476725e-01	-1.529447e+01
1.416000e-05	1.610165e-01	-1.530447e+01
1.417000e-05	1.779173e-01	-1.519224e+01
1.418000e-05	1.913729e-01	-1.524026e+01
1.419000e-05	2.114676e-01	-1.517758e+01
1.420000e-05	2.361052e-01	-1.509545e+01
1.421000e-05	2.495927e-01	-1.505237e+01
1.422000e-05	2.500000e-01	-1.499966e+01
1.423000e-05	2.500000e-01	-1.493603e+01
1.424000e-05	2.500000e-01	-1.490198e+01
1.425000e-05	2.500000e-01	-1.477979e+01
1.426000e-05	2.500000e-01	-1.471653e+01
1.427000e-05	2.497800e-01	-1.465137e+01
1.428000e-05	2.321602e-01	-1.454601e+01
1.429000e-05	2.061836e-01	-1.442282e+01
1.430000e-05	1.840957e-01	-1.435551e+01
1.431000e-05	1.624210e-01	-1.427079e+01
1.432000e-05	1.425643e-01	-1.410656e+01
1.433000e-05	1.277051e-01	-1.399978e+01
1.434000e-05	1.166468e-01	-1.382430e+01
1.435000e-05	1.055811e-01	-1.369605e+01
1.436000e-05	9.552936e-02	-1.361921e+01
1.437000e-05	8.681725e-02	-1.348282e+01
1.438000e-05	8.245052e-02	-1.334510e+01
1.439000e-05	7.586456e-02	-1.318026e+01
1.440000e-05	6.848850e-02	-1.300986e+01
1.441000e-05	6.189274e-02	-1.290535e+01
1.442000e-05	5.932587e-02	-1.274560e+01
1.443000e-05	5.646498e-02	-1.256814e+01
1.444000e-05	5.362083e-02	-1.241974e+01
1.445000e-05	4.845913e-02	-1.217982e+01
1.446000e-05	4.554683e-02	-1.207327e+01
1.447000e-05	4.304445e-02	-1.188236e+01
1.448000e-05	3.954304e-02	-1.164090e+01
1.449000e-05	3.636855e-02	-1.137934e+01
1.450000e-05	3.437342e-02	-1.119929e+01
1.451000e-05	3.446054e-02	-1.099794e+01
1.452000e-05	3.301321e-02	-1.079084e+01
1.453000e-05	3.040826e-02	-1.064242e+01
1.454000e-05	2.752152e-02	-1.039029e+01
1.455000e-05	2.644655e-02	-1.016171e+01
1.456000e-05	2.503469e-02	-9.968708e+00
1.457000e-05	2.336590e-02	-9.798766e+00
1.458000e-05	2.120248e-02	-9.546661e+00
1.459000e-05	2.011628e-02	-9.286554e+00
1.460000e-05	1.924918e-02	-9.094578e+00
1.461000e-05	1.839211e-02	-8.893472e+00
1.462000e-05	1.648033e-02	-8.620895e+00
1.463000e-05	1.530395e-02	-8.379242e+00
1.464000e-05	1.551641e-02	-8.178787e+00
1.465000e-05	1.328628e-02	-7.926532e+00
1.466000e-05	1.311056e-02	-7.612919e+00
1.467000e-05	1.009302e-02	-7.368263e+00
1.468000e-05	1.042965e-02	-7.127186e+00
1.469000e-05	8.287832e-03	-6.842650e+00
1.470000e-05	1.006817e-02	-6.621472e+00
1.471000e-05	6.166004e-03	-6.349320e+00
1.472000e-05	7.197933e-03	-6.064527e+00
1.473000e-05	4.713338e-03	-5.789919e+00
1.474000e-05	5.651941e-03	-5.549242e+00
1.475000e-05	3.931179e-03	-5.253550e+00
1.476000e-05	3.093391e-03	-4.936716e+00
1.477000e-05	1.657955e-03	-4.619547e+00
1.478000e-05	3.192669e-03	-4.429371e+00
1.479000e-05	1.583449e-03	-4.136817e+00
1.480000e-05	1.723154e-03	-3.915112e+00
1.481000e-05	-2.071555e-03	-3.620420e+00
1.482000e-05	-1.756582e-03	-3.337310e+00
1.483000e-05	-3.447402e-03	-3.064051e+00
1.484000e-05	-2.484075e-03	-2.718343e+00
1.485000e-05	-3.278548e-03	-2.484681e+00
1.486000e-05	-3.109621e-03	-2.201472e+00
1.487000e-05	-3.953410e-03	-1.897289e+00
1.488000e-05	-3.147908e-03	-1.653155e+00
1.489000e-05	-6.141200e-03	-1.326762e+00
1.490000e-05	-7.395239e-03	-9.910750e-01
1.491000e-05	-7.258193e-03	-7.789622e-01
1.492000e-05	-6.460577e-03	-4.336603e-01
1.493000e-05	-5.876575e-03	-1.793736e-01
1.494000e-05	-1.954389e-03	7.321684e-02
1.495000e-05	9.500168e-03	3.994735e-01
1.496000e-05	-2.197893e-03	6.520316e-01
1.497000e-05	6.734464e-03	8.427618e-01
1.498000e-05	-4.836540e-03	1.199446e+00
1.499000e-05	1.979607e-03	1.452084e+00
1.500000e-05	-5.589254e-03	1.778395e+00
1.501000e-05	1.662647e-02	1.988470e+00
1.502000e-05	5.417351e-02	2.219981e+00
1.503000e-05	1.096803e-01	2.545342e+00
1.504000e-05	-5.506758e-02	2.883185e+00
1.505000e-05	-2.510726e-02	3.177346e+00
1.506000e-05	-4.603821e-02	3.470628e+00
1.507000e-05	-2.145937e-02	3.706714e+00
1.508000e-05	-9.456712e-02	3.896234e+00
1.509000e-05	-9.854468e-03	4.105713e+00
1.510000e-05	1.133286e-01	4.463030e+00
1.511000e-05	-1.356355e-01	4.725688e+00
1.512000e-05	1.530318e-01	4.976241e+00
1.513000e-05	-4.145239e-02	5.344162e+00
1.514000e-05	-6.019553e-02	5.557271e+00
1.515000e-05	4.789140e-02	5.864047e+00
1.516000e-05	-7.361206e-02	6.124061e+00
1.517000e-05	7.601392e-02	6.379220e+00
1.518000e-05	-5.962177e-02	6.700949e+00
1.519000e-05	1.501301e-03	6.906111e+00
1.520000e-05	-2.566990e-03	7.137667e+00
1.521000e-05	-3.446345e-02	7.460325e+00
1.522000e-05	1.469216e-02	7.715134e+00
1.523000e-05	-6.926589e-02	8.019791e+00
1.524000e-05	4.798983e-02	8.269997e+00
1.525000e-05	-2.675935e-02	8.483581e+00
1.526000e-05	-9.553420e-03	8.671976e+00
1.527000e-05	-9.662619e-03	8.934686e+00
1.528000e-05	-6.970683e-02	9.196211e+00
1.529000e-05	2.361394e-02	9.377769e+00
1.530000e-05	-3.931374e-02	9.609871e+00
1.531000e-05	1.042814e-02	9.811448e+00
1.532000e-05	-5.393917e-02	1.010353e+01
1.533000e-05	2.202612e-03	1.028350e+01
1.534000e-05	-2.394315e-02	1.048246e+01
1.535000e-05	-3.129207e-02	1.068450e+01
1.536000e-05	-2.786578e-02	1.090458e+01
1.537000e-05	-4.438328e-02	1.109400e+01
1.538000e-05	-1.084702e-03	1.132498e+01
1.539000e-05	-4.073523e-02	1.153345e+01
1.540000e-05	-2.235344e-02	1.171763e+01
1.541000e-05	-5.303544e-02	1.190556e+01
1.542000e-05	-1.719805e-02	1.211450e+01
1.543000e-05	-3.155952e-02	1.228442e+01
1.544000e-05	-3.404693e-02	1.241990e+01
1.545000e-05	-4.801726e-02	1.261929e+01
1.546000e-05	-4.474109e-02	1.274671e+01
1.547000e-05	-2.961373e-02	1.288545e+01
1.548000e-05	-4.636223e-02	1.304232e+01
1.549000e-05	-4.574034e-02	1.324027e+01
1.550000e-05	-5.356187e-02	1.335726e+01
1.551000e-05	-3.405422e-02	1.346603e+01
1.552000e-05	-4.834259e-02	1.366132e+01
1.553000e-05	-5.499897e-02	1.377818e+01
1.554000e-05	-6.550945e-02	1.386345e+01
1.555000e-05	-5.419867e-02	1.403016e+01
1.556000e-05	-5.218759e-02	1.414855e+01
1.557000e-05	-6.136751e-02	1.428439e+01
1.558000e-05	-6.769433e-02	1.439819e+01
1.559000e-05	-6.694958e-02	1.449445e+01
1.560000e-05	-5.990844e-02	1.458914e+01
1.561000e-05	-6.784964e-02	1.467491e+01
1.562000e-05	-7.534752e-02	1.476508e+01
1.563000e-05	-7.998009e-02	1.483084e+01
1.564000e-05	-7.364934e-02	1.488395e+01
1.565000e-05	-7.806599e-02	1.496663e+01
1.566000e-05	-8.768042e-02	1.498921e+01
1.567000e-05	-9.750586e-02	1.506345e+01
1.568000e-05	-9.157378e-02	1.508552e+01
1.569000e-05	-8.986564e-02	1.513658e+01
1.570000e-05	-9.588843e-02	1.519966e+01
1.571000e-05	-1.061250e-01	1.521121e+01
1.572000e-05	-1.077304e-01	1.526179e+01
1.573000e-05	-1.076861e-01	1.526487e+01
1.574000e-05	-1.116477e-01	1.527540e+01
1.575000e-05	-1.240038e-01	1.535248e+01
1.576000e-05	-1.280591e-01	1.527740e+01
1.577000e-05	-1.293092e-01	1.531698e+01
1.578000e-05	-1.312165e-01	1.531445e+01
1.579000e-05	-1.441075e-01	1.529597e+01
1.580000e-05	-1.554584e-01	1.526384e+01
1.581000e-05	-1.630215e-01	1.528489e+01
1.582000e-05	-1.697461e-01	1.521021e+01
1.583000e-05	-1.845432e-01	1.518961e+01
1.584000e-05	-2.086186e-01	1.514658e+01
1.585000e-05	-2.321957e-01	1.509703e+01
1.586000e-05	-2.482409e-01	1.505439e+01
1.587000e-05	-2.499999e-01	1.499063e+01
1.588000e-05	-2.500000e-01	1.492606e+01
1.589000e-05	-2.500000e-01	1.486434e+01
1.590000e-05	-2.500000e-01	1.485077e+01
1.591000e-05	-2.500000e-01	1.469758e+01
1.592000e-05	-2.500000e-01	1.463237e+01
1.593000e-05	-2.499850e-01	1.454758e+01
1.594000e-05	-2.328716e-01	1.446282e+01
1.595000e-05	-2.040255e-01	1.436019e+01
1.596000e-05	-1.796010e-01	1.424334e+01
1.597000e-05	-1.656441e-01	1.413755e+01
1.598000e-05	-1.489829e-01	1.405224e+01
1.599000e-05	-1.343870e-01	1.389498e+01
1.600000e-05	-1.183223e-01	1.376815e+01
1.601000e-05	-1.135330e-01	1.363224e+01
1.602000e-05	-1.058991e-01	1.346497e+01
1.603000e-05	-9.771068e-02	1.334824e+01
1.604000e-05	-8.669172e-02	1.320329e+01
1.605000e-05	-8.310111e-02	1.311442e+01
1.606000e-05	-8.067469e-02	1.294753e+01
1.607000e-05	-7.704824e-02	1.273763e+01
1.608000e-05	-6.932591e-02	1.260129e+01
1.609000e-05	-6.453750e-02	1.242387e+01
1.610000e-05	-6.339217e-02	1.229290e+01
1.611000e-05	-6.198836e-02	1.211555e+01
1.612000e-05	-5.649155e-02	1.194556e+01
1.613000e-05	-5.204687e-02	1.173656e+01
1.614000e-05	-5.271915e-02	1.152558e+01
1.615000e-05	-5.181697e-02	1.130716e+01
1.616000e-05	-5.046189e-02	1.113701e+01
1.617000e-05	-4.416648e-02	1.095818e+01
1.618000e-05	-4.348173e-02	1.074553e+01
1.619000e-05	-4.333628e-02	1.050763e+01
1.620000e-05	-4.326392e-02	1.029558e+01
1.621000e-05	-3.875175e-02	1.007498e+01
1.622000e-05	-3.780241e-02	9.893448e+00
1.623000e-05	-3.819122e-02	9.603419e+00
1.624000e-05	-3.866186e-02	9.409370e+00
1.625000e-05	-3.523864e-02	9.220744e+00
1.626000e-05	-3.165418e-02	8.930237e+00
1.627000e-05	-3.251738e-02	8.737586e+00
1.628000e-05	-3.475300e-02	8.516126e+00
1.629000e-05	-3.332014e-02	8.285052e+00
1.630000e-05	-2.801818e-02	8.022966e+00
1.631000e-05	-2.749219e-02	7.788795e+00
1.632000e-05	-2.905671e-02	7.566534e+00
1.633000e-05	-2.954022e-02	7.234472e+00
1.634000e-05	-2.621027e-02	6.980414e+00
1.635000e-05	-2.469090e-02	6.749112e+00
1.636000e-05	-2.600115e-02	6.443000e+00
1.637000e-05	-2.741999e-02	6.242371e+00
1.638000e-05	-2.389785e-02	5.990792e+00
1.639000e-05	-1.985703e-02	5.688182e+00
1.640000e-05	-2.157417e-02	5.452501e+00
1.641000e-05	-2.320334e-02	5.169686e+00
1.642000e-05	-2.385911e-02	4.783345e+00
1.643000e-05	-1.964133e-02	4.528339e+00
1.644000e-05	-1.911560e-02	4.304706e+00
1.645000e-05	-2.053337e-02	4.021344e+00
1.646000e-05	-2.039050e-02	3.726786e+00
1.647000e-05	-1.729089e-02	3.445054e+00
1.648000e-05	-1.579356e-02	3.179866e+00
1.649000e-05	-1.726729e-02	2.876732e+00
1.650000e-05	-1.909667e-02	2.602103e+00
1.651000e-05	-1.723336e-02	2.309240e+00
1.652000e-05	-1.428690e-02	2.045180e+00
1.653000e-05	-1.329563e-02	1.760448e+00
1.654000e-05	-1.507773e-02	1.484178e+00
1.655000e-05	-1.455238e-02	1.220924e+00
1.656000e-05	-1.292984e-02	8.426353e-01
1.657000e-05	-1.026215e-02	5.899748e-01
1.658000e-05	-1.102477e-02	3.182345e-01
1.659000e-05	-9.884087e-03	1.203125e-02
1.660000e-05	-3.403475e-03	-2.616340e-01
1.661000e-05	7.290875e-03	-4.732156e-01
1.662000e-05	-4.354931e-03	-8.084512e-01
1.663000e-05	3.710516e-03	-1.051534e+00
1.664000e-05	-3.392561e-03	-1.364742e+00
1.665000e-05	3.476884e-03	-1.642049e+00
1.666000e-05	6.556404e-03	-1.850105e+00
1.667000e-05	5.191590e-02	-2.052125e+00
1.668000e-05	1.401525e-01	-2.359345e+00
1.669000e-05	-4.599570e-02	-2.796346e+00
1.670000e-05	-6.046915e-03	-3.198439e+00
1.671000e-05	-4.285453e-02	-3.420475e+00
1.672000e-05	-2.869703e-02	-3.608525e+00
1.673000e-05	-1.182469e-01	-3.873523e+00
1.674000e-05	1.451198e-01	-4.022029e+00
1.675000e-05	-2.260128e-02	-4.263106e+00
1.676000e-05	-4.438261e-02	-4.588368e+00
1.677000e-05	2.067872e-01	-4.770500e+00
1.678000e-05	-2.033512e-01	-5.146290e+00
1.679000e-05	1.693181e-01	-5.511476e+00
1.680000e-05	-1.130614e-01	-5.723632e+00
1.681000e-05	5.230748e-03	-5.999970e+00
1.682000e-05	1.364065e-01	-6.228426e+00
1.683000e-05	-1.201584e-01	-6.545238e+00
1.684000e-05	1.723094e-01	-6.778820e+00
1.685000e-05	-1.198106e-01	-7.082503e+00
1.686000e-05	7.352144e-02	-7.395715e+00
1.687000e-05	5.421195e-03	-7.607739e+00
1.688000e-05	-3.218741e-02	-7.894152e+00
1.689000e-05	1.366181e-01	-8.115685e+00
1.690000e-05	-1.064606e-01	-8.336865e+00
1.691000e-05	1.519023e-01	-8.609846e+00
1.692000e-05	-7.946323e-02	-8.832024e+00
1.693000e-05	4.624899e-02	-9.135583e+00
1.694000e-05	1.408781e-02	-9.301082e+00
1.695000e-05	3.159135e-03	-9.527761e+00
1.696000e-05	9.886758e-02	-9.766810e+00
1.697000e-05	-4.987481e-02	-9.976766e+00
1.698000e-05	1.082445e-01	-1.021874e+01
1.699000e-05	-6.171134e-02	-1.042942e+01
1.700000e-05	1.014106e-01	-1.062039e+01
1.701000e-05	-3.103121e-02	-1.083882e+01
1.702000e-05	6.291608e-02	-1.106144e+01
1.703000e-05	1.337896e-02	-1.122039e+01
1.704000e-05	3.787517e-02	-1.147235e+01
1.705000e-05	4.832939e-02	-1.161237e+01
1.706000e-05	5.489973e-03	-1.188142e+01
1.707000e-05	6.179202e-02	-1.205229e+01
1.708000e-05	7.217562e-03	-1.226240e+01
1.709000e-05	7.863465e-02	-1.235883e+01
1.710000e-05	1.304989e-03	-1.257669e+01
1.711000e-05	6.251057e-02	-1.273451e+01
1.712000e-05	1.412997e-02	-1.295495e+01
1.713000e-05	6.719445e-02	-1.306137e+01
1.714000e-05	3.206105e-02	-1.319676e+01
1.715000e-05	5.440883e-02	-1.335758e+01
1.716000e-05	4.413545e-02	-1.348197e+01
1.717000e-05	5.238641e-02	-1.363024e+01
1.718000e-05	5.456306e-02	-1.377613e+01
1.719000e-05	4.023608e-02	-1.389195e+01
1.720000e-05	5.464199e-02	-1.400821e+01
1.721000e-05	4.980208e-02	-1.418600e+01
1.722000e-05	7.036137e-02	-1.427134e+01
1.723000e-05	5.373589e-02	-1.438656e+01
1.724000e-05	6.555118e-02	-1.441392e+01
1.725000e-05	5.681719e-02	-1.457726e+01
1.726000e-05	7.637184e-02	-1.465190e+01
1.727000e-05	6.598373e-02	-1.472606e+01
1.728000e-05	7.305193e-02	-1.481034e+01
1.729000e-05	6.839904e-02	-1.491340e+01
1.730000e-05	7.958927e-02	-1.498868e+01
1.731000e-05	7.793335e-02	-1.504177e+01
1.732000e-05	7.815086e-02	-1.509082e+01
1.733000e-05	8.213199e-02	-1.512450e+01
1.734000e-05	8.934867e-02	-1.515864e+01
1.735000e-05	9.917280e-02	-1.524021e+01
1.736000e-05	9.381051e-02	-1.524282e+01
1.737000e-05	9.838420e-02	-1.530087e+01
1.738000e-05	9.691083e-02	-1.528502e+01
1.739000e-05	1.086914e-01	-1.534750e+01
1.740000e-05	1.085147e-01	-1.533845e+01
1.741000e-05	1.154180e-01	-1.534613e+01
1.742000e-05	1.174654e-01	-1.535758e+01
1.743000e-05	1.289342e-01	-1.533656e+01
1.744000e-05	1.332287e-01	-1.535663e+01
1.745000e-05	1.371974e-01	-1.532666e+01
1.746000e-05	1.423374e-01	-1.533547e+01
1.747000e-05	1.552540e-01	-1.527290e+01
1.748000e-05	1.709434e-01	-1.526342e+01
1.749000e-05	1.850549e-01	-1.518979e+01
1.750000e-05	2.014296e-01	-1.516763e+01
1.751000e-05	2.264444e-01	-1.513403e+01
1.752000e-05	2.475226e-01	-1.510193e+01
1.753000e-05	2.500000e-01	-1.502132e+01
1.754000e-05	2.500000e-01	-1.496756e+01
1.755000e-05	2.500000e-01	-1.489445e+01
1.756000e-05	2.500000e-01	-1.484077e+01
1.757000e-05	2.500000e-01	-1.474516e+01
1.758000e-05	2.500000e-01	-1.468284e+01
1.759000e-05	2.438761e-01	-1.459771e+01
1.760000e-05	2.153960e-01	-1.448339e+01
1.761000e-05	1.920782e-01	-1.436818e+01
1.762000e-05	1.703839e-01	-1.431290e+01
1.763000e-05	1.500160e-01	-1.414918e+01
1.764000e-05	1.339528e-01	-1.408284e+01
1.765000e-05	1.216737e-01	-1.393513e+01
1.766000e-05	1.108718e-01	-1.378006e+01
1.767000e-05	9.841190e-02	-1.364235e+01
1.768000e-05	8.978791e-02	-1.351550e+01
1.769000e-05	8.373926e-02	-1.336919e+01
1.770000e-05	7.971149e-02	-1.324322e+01
1.771000e-05	7.228408e-02	-1.307450e+01
1.772000e-05	6.551321e-02	-1.295709e+01
1.773000e-05	5.998944e-02	-1.280027e+01
1.774000e-05	5.765898e-02	-1.259932e+01
1.775000e-05	5.587055e-02	-1.246147e+01
1.776000e-05	4.992565e-02	-1.229495e+01
1.777000e-05	4.636231e-02	-1.210498e+01
1.778000e-05	4.334391e-02	-1.195553e+01
1.779000e-05	4.201711e-02	-1.173707e+01
1.780000e-05	3.868759e-02	-1.150548e+01
1.781000e-05	3.487129e-02	-1.132342e+01
1.782000e-05	3.432542e-02	-1.108647e+01
1.783000e-05	3.388761e-02	-1.088507e+01
1.784000e-05	3.261446e-02	-1.067651e+01
1.785000e-05	2.813164e-02	-1.052500e+01
1.786000e-05	2.652534e-02	-1.028252e+01
1.787000e-05	2.531872e-02	-1.004240e+01
1.788000e-05	2.498203e-02	-9.842447e+00
1.789000e-05	2.212718e-02	-9.641897e+00
1.790000e-05	2.091931e-02	-9.440441e+00
1.791000e-05	1.939565e-02	-9.170212e+00
1.792000e-05	2.001812e-02	-8.989236e+00
1.793000e-05	1.881277e-02	-8.725136e+00
1.794000e-05	1.612022e-02	-8.474600e+00
1.795000e-05	1.341593e-02	-8.222051e+00
1.796000e-05	1.435776e-02	-8.020396e+00
1.797000e-05	1.367222e-02	-7.728732e+00
1.798000e-05	1.190201e-02	-7.432578e+00
1.799000e-05	1.050843e-02	-7.241924e+00
1.800000e-05	1.021631e-02	-6.959338e+00
1.801000e-05	1.000569e-02	-6.694604e+00
1.802000e-05	7.504445e-03	-6.443552e+00
1.803000e-05	5.822102e-03	-6.168417e+00
1.804000e-05	5.678095e-03	-5.896556e+00
1.805000e-05	6.236232e-03	-5.664073e+00
1.806000e-05	6.464470e-03	-5.347769e+00
1.807000e-05	2.639662e-03	-5.053582e+00
1.808000e-05	1.748285e-03	-4.770838e+00
1.809000e-05	3.543603e-03	-4.504630e+00
1.810000e-05	2.797990e-03	-4.273652e+00
1.811000e-05	2.870188e-03	-4.009394e+00
1.812000e-05	-2.501633e-03	-3.685283e+00
1.813000e-05	-3.800709e-04	-3.462054e+00
1.814000e-05	-3.855648e-03	-3.198874e+00
1.815000e-05	-7.429024e-04	-2.833133e+00
1.816000e-05	-5.097569e-03	-2.559896e+00
1.817000e-05	-1.498732e-03	-2.336267e+00
1.818000e-05	-4.056731e-03	-2.020553e+00
1.819000e-05	-2.460772e-03	-1.758342e+00
1.820000e-05	-6.212711e-03	-1.484685e+00
1.821000e-05	-5.990500e-03	-1.138288e+00
1.822000e-05	-7.687297e-03	-8.106330e-01
1.823000e-05	-6.397037e-03	-5.488949e-01
1.824000e-05	-6.341867e-03	-2.657105e-01
1.825000e-05	-6.049334e-03	-2.210138e-02
1.826000e-05	7.665019e-03	2.936331e-01
1.827000e-05	-7.481045e-05	5.247620e-01
1.828000e-05	5.565715e-03	7.578997e-01
1.829000e-05	-7.075534e-04	1.103158e+00
1.830000e-05	4.680711e-04	1.346367e+00
1.831000e-05	-3.244049e-03	1.672130e+00
1.832000e-05	6.992669e-03	1.903786e+00
1.833000e-05	2.869051e-02	2.134239e+00
1.834000e-05	1.124062e-01	2.419923e+00
1.835000e-05	6.672792e-03	2.799787e+00
1.836000e-05	-4.851615e-02	3.071029e+00
1.837000e-05	-3.227086e-02	3.305343e+00
1.838000e-05	-3.098870e-02	3.630525e+00
1.839000e-05	-6.502764e-02	3.842029e+00
1.840000e-05	-6.993476e-02	4.041474e+00
1.841000e-05	1.030552e-01	4.346286e+00
1.842000e-05	-4.600713e-02	4.630926e+00
1.843000e-05	-1.304088e-03	4.842528e+00
1.844000e-05	1.273258e-01	5.198791e+00
1.845000e-05	-1.514372e-01	5.513608e+00
1.846000e-05	7.316352e-02	5.714636e+00
1.847000e-05	-6.497867e-02	6.051546e+00
1.848000e-05	3.010032e-02	6.261950e+00
1.849000e-05	1.497207e-02	6.566164e+00
1.850000e-05	-6.604638e-02	6.821971e+00
1.851000e-05	5.001382e-02	7.044028e+00
1.852000e-05	-6.926581e-02	7.344585e+00
1.853000e-05	3.777022e-02	7.629391e+00
1.854000e-05	-7.465089e-02	7.865009e+00
1.855000e-05	1.881478e-02	8.138737e+00
1.856000e-05	1.246403e-02	8.389316e+00
1.857000e-05	-3.803812e-02	8.609744e+00
1.858000e-05	1.759211e-02	8.840843e+00
1.859000e-05	-7.362121e-02	9.092928e+00
1.860000e-05	6.056903e-03	9.285126e+00
1.861000e-05	-2.598090e-02	9.507608e+00
1.862000e-05	6.967604e-04	9.767133e+00
1.863000e-05	-3.709445e-02	9.989762e+00
1.864000e-05	-1.891427e-02	1.016774e+01
1.865000e-05	-5.229759e-03	1.042874e+01
1.866000e-05	-3.652564e-02	1.063964e+01
1.867000e-05	-2.315311e-02	1.081882e+01
1.868000e-05	-4.770024e-02	1.101135e+01
1.869000e-05	-9.512490e-03	1.118032e+01
1.870000e-05	-2.921064e-02	1.144184e+01
1.871000e-05	-2.589216e-02	1.162129e+01
1.872000e-05	-4.801837e-02	1.184137e+01
1.873000e-05	-2.827136e-02	1.202129e+01
1.874000e-05	-2.667655e-02	1.217026e+01
1.875000e-05	-3.101661e-02	1.235768e+01
1.876000e-05	-4.489610e-02	1.257665e+01
1.877000e-05	-4.734201e-02	1.267400e+01
1.878000e-05	-3.291493e-02	1.286087e+01
1.879000e-05	-4.007463e-02	1.299931e+01
1.880000e-05	-4.465895e-02	1.314763e+01
1.881000e-05	-5.638984e-02	1.329543e+01
1.882000e-05	-3.828668e-02	1.344134e+01
1.883000e-05	-4.345066e-02	1.356816e+01
1.884000e-05	-4.861112e-02	1.371200e+01
1.885000e-05	-6.586336e-02	1.387124e+01
1.886000e-05	-5.719540e-02	1.398660e+01
1.887000e-05	-5.297245e-02	1.411642e+01
1.888000e-05	-5.563606e-02	1.425127e+01
1.889000e-05	-6.578117e-02	1.437708e+01
1.890000e-05	-7.018617e-02	1.445231e+01
1.891000e-05	-6.087905e-02	1.459560e+01
1.892000e-05	-6.638493e-02	1.460226e+01
1.893000e-05	-7.077169e-02	1.470600e+01
1.894000e-05	-8.279749e-02	1.484069e+01
1.895000e-05	-7.410139e-02	1.483387e+01
1.896000e-05	-7.656028e-02	1.494600e+01
1.897000e-05	-8.159887e-02	1.497816e+01
1.898000e-05	-9.521374e-02	1.505277e+01
1.899000e-05	-9.491452e-02	1.504485e+01
1.900000e-05	-8.874750e-02	1.515700e+01
1.901000e-05	-9.350901e-02	1.521766e+01
1.902000e-05	-1.015183e-01	1.522919e+01
1.903000e-05	-1.096802e-01	1.523331e+01
1.904000e-05	-1.057798e-01	1.527432e+01
1.905000e-05	-1.101949e-01	1.527282e+01
1.906000e-05	-1.187652e-01	1.527535e+01
1.907000e-05	-1.286703e-01	1.531746e+01
1.908000e-05	-1.283150e-01	1.534747e+01
1.909000e-05	-1.285439e-01	1.531492e+01
1.910000e-05	-1.371687e-01	1.530490e+01
1.911000e-05	-1.521298e-01	1.527387e+01
1.912000e-05	-1.604651e-01	1.529282e+01
1.913000e-05	-1.665393e-01	1.522177e+01
1.914000e-05	-1.784867e-01	1.520029e+01
1.915000e-05	-1.994130e-01	1.516948e+01
1.916000e-05	-2.221154e-01	1.512755e+01
1.917000e-05	-2.430478e-01	1.507532e+01
1.918000e-05	-2.499995e-01	1.503224e+01
1.919000e-05	-2.500000e-01	1.496871e+01
1.920000e-05	-2.500000e-01	1.488590e+01
1.921000e-05	-2.500000e-01	1.490339e+01
1.922000e-05	-2.500000e-01	1.474658e+01
1.923000e-05	-2.500000e-01	1.466437e+01
1.924000e-05	-2.500000e-01	1.460169e+01
1.925000e-05	-2.446026e-01	1.452587e+01
1.926000e-05	-2.142743e-01	1.436078e+01
1.927000e-05	-1.894255e-01	1.433543e+01
1.928000e-05	-1.700503e-01	1.412923e+01
1.929000e-05	-1.569028e-01	1.408437e+01
1.930000e-05	-1.395470e-01	1.393708e+01
1.931000e-05	-1.243851e-01	1.384076e+01
1.932000e-05	-1.152028e-01	1.367405e+01
1.933000e-05	-1.099563e-01	1.356713e+01
1.934000e-05	-1.008941e-01	1.343129e+01
1.935000e-05	-9.143576e-02	1.326545e+01
1.936000e-05	-8.364356e-02	1.312668e+01
1.937000e-05	-8.203947e-02	1.296974e+01
1.938000e-05	-7.902923e-02	1.284287e+01
1.939000e-05	-7.248370e-02	1.270442e+01
1.940000e-05	-6.704607e-02	1.252495e+01
1.941000e-05	-6.262359e-02	1.235715e+01
1.942000e-05	-6.366239e-02	1.217918e+01
1.943000e-05	-5.798669e-02	1.203121e+01
1.944000e-05	-5.469924e-02	1.181029e+01
1.945000e-05	-5.059443e-02	1.157034e+01
1.946000e-05	-5.404435e-02	1.138079e+01
1.947000e-05	-5.130352e-02	1.121029e+01
1.948000e-05	-4.800317e-02	1.101094e+01
1.949000e-05	-4.349416e-02	1.079179e+01
1.950000e-05	-4.338368e-02	1.061076e+01
1.951000e-05	-4.252470e-02	1.037919e+01
1.952000e-05	-4.047332e-02	1.020029e+01
1.953000e-05	-3.769135e-02	9.958681e+00
1.954000e-05	-3.720245e-02	9.737107e+00
1.955000e-05	-3.882306e-02	9.466578e+00
1.956000e-05	-3.687763e-02	9.265005e+00
1.957000e-05	-3.560050e-02	9.064049e+00
1.958000e-05	-3.091538e-02	8.853819e+00
1.959000e-05	-3.433975e-02	8.601391e+00
1.960000e-05	-3.163281e-02	8.379319e+00
1.961000e-05	-3.095064e-02	8.148606e+00
1.962000e-05	-2.698441e-02	7.834574e+00
1.963000e-05	-2.850060e-02	7.621895e+00
1.964000e-05	-2.787784e-02	7.348332e+00
1.965000e-05	-2.907646e-02	7.146579e+00
1.966000e-05	-2.514428e-02	6.872978e+00
1.967000e-05	-2.616729e-02	6.610945e+00
1.968000e-05	-2.550487e-02	6.308186e+00
1.969000e-05	-2.571263e-02	6.067153e+00
1.970000e-05	-2.224736e-02	5.823467e+00
1.971000e-05	-2.193250e-02	5.539261e+00
1.972000e-05	-2.143328e-02	5.295129e+00
1.973000e-05	-2.363035e-02	4.947232e+00
1.974000e-05	-2.043422e-02	4.625025e+00
1.975000e-05	-2.047603e-02	4.431944e+00
1.976000e-05	-1.905836e-02	4.126707e+00
1.977000e-05	-2.041036e-02	3.822577e+00
1.978000e-05	-1.849415e-02	3.579895e+00
1.979000e-05	-1.725172e-02	3.327109e+00
1.980000e-05	-1.528732e-02	3.021951e+00
1.981000e-05	-1.784924e-02	2.788746e+00
1.982000e-05	-1.772619e-02	2.413576e+00
1.983000e-05	-1.517801e-02	2.159820e+00
1.984000e-05	-1.371188e-02	1.898237e+00
1.985000e-05	-1.440292e-02	1.651424e+00
1.986000e-05	-1.482025e-02	1.336238e+00
1.987000e-05	-1.376091e-02	9.818724e-01
1.988000e-05	-1.096946e-02	6.952092e-01
1.989000e-05	-1.053718e-02	4.441288e-01
1.990000e-05	-9.929664e-03	1.282947e-01
1.991000e-05	-8.306664e-03	-1.653685e-01
1.992000e-05	7.903235e-03	-4.089013e-01
1.993000e-05	-4.023856e-03	-6.537816e-01
1.994000e-05	4.862783e-03	-9.458435e-01
1.995000e-05	-4.246872e-03	-1.208921e+00
1.996000e-05	3.003271e-03	-1.555288e+00
1.997000e-05	-2.352078e-04	-1.755292e+00
1.998000e-05	2.995291e-02	-1.967945e+00
1.999000e-05	1.181830e-01	-2.240500e+00
2.000000e-05	4.064571e-02	-2.609425e+00
2.001000e-05	-5.049012e-02	-3.009005e+00
2.002000e-05	-5.314009e-03	-3.345743e+00
2.003000e-05	-4.559059e-02	-3.546840e+00
2.004000e-05	-7.415153e-02	-3.786218e+00
2.005000e-05	-7.763641e-03	-3.998361e+00
2.006000e-05	1.585805e-01	-4.155791e+00
2.007000e-05	-1.954888e-01	-4.502079e+00
2.008000e-05	2.093677e-01	-4.706757e+00
2.009000e-05	-8.665415e-02	-5.008896e+00
2.010000e-05	-1.903443e-03	-5.338315e+00
2.011000e-05	8.721157e-02	-5.589896e+00
2.012000e-05	-1.805289e-01	-5.894683e+00
2.013000e-05	2.087771e-01	-6.123136e+00
2.014000e-05	-1.057190e-01	-6.379949e+00
2.015000e-05	9.147704e-02	-6.724557e+00
2.016000e-05	1.790850e-02	-6.964215e+00
2.017000e-05	-6.776733e-02	-7.262423e+00
2.018000e-05	1.275268e-01	-7.452578e+00
2.019000e-05	-1.196899e-01	-7.748190e+00
2.020000e-05	1.497679e-01	-8.024422e+00
2.021000e-05	-5.714110e-02	-8.262449e+00
2.022000e-05	5.428871e-02	-8.515563e+00
2.023000e-05	5.651036e-02	-8.766687e+00
2.024000e-05	-7.690937e-02	-9.027367e+00
2.025000e-05	1.080364e-01	-9.168869e+00
2.026000e-05	-7.571577e-02	-9.438399e+00
2.027000e-05	1.379179e-01	-9.684072e+00
2.028000e-05	-4.983830e-02	-9.871603e+00
2.029000e-05	8.170895e-02	-1.013355e+01
2.030000e-05	-8.544560e-03	-1.031298e+01
2.031000e-05	3.116534e-02	-1.054818e+01
2.032000e-05	4.689613e-02	-1.071411e+01
2.033000e-05	-1.285492e-02	-1.096869e+01
2.034000e-05	7.816072e-02	-1.117373e+01
2.035000e-05	-1.826004e-02	-1.135818e+01
2.036000e-05	9.094156e-02	-1.155964e+01
2.037000e-05	-2.020906e-02	-1.177616e+01
2.038000e-05	7.257749e-02	-1.196821e+01
2.039000e-05	3.168298e-03	-1.212671e+01
2.040000e-05	7.007755e-02	-1.235566e+01
2.041000e-05	2.362986e-02	-1.249248e+01
2.042000e-05	3.909421e-02	-1.270490e+01
2.043000e-05	3.633165e-02	-1.281034e+01
2.044000e-05	3.734608e-02	-1.300826e+01
2.045000e-05	5.869702e-02	-1.311606e+01
2.046000e-05	3.091532e-02	-1.329150e+01
2.047000e-05	6.453454e-02	-1.346074e+01
2.048000e-05	3.372176e-02	-1.357616e+01
2.049000e-05	6.878314e-02	-1.367503e+01
2.050000e-05	3.293964e-02	-1.382087e+01
2.051000e-05	5.845222e-02	-1.399659e+01
2.052000e-05	4.338463e-02	-1.407488e+01
2.053000e-05	6.927151e-02	-1.425869e+01
2.054000e-05	5.729215e-02	-1.432443e+01
2.055000e-05	6.317800e-02	-1.442979e+01
2.056000e-05	5.861883e-02	-1.451658e+01
2.057000e-05	6.777295e-02	-1.466184e+01
2.058000e-05	7.189806e-02	-1.468300e+01
2.059000e-05	6.872910e-02	-1.479766e+01
2.060000e-05	7.353859e-02	-1.485089e+01
2.061000e-05	7.225619e-02	-1.494703e+01
2.062000e-05	8.213995e-02	-1.499014e+01
2.063000e-05	7.623920e-02	-1.507137e+01
2.064000e-05	8.288347e-02	-1.511400e+01
2.065000e-05	8.277504e-02	-1.517611e+01
2.066000e-05	9.833449e-02	-1.520021e+01
2.067000e-05	9.481979e-02	-1.522032e+01
2.068000e-05	9.862048e-02	-1.529289e+01
2.069000e-05	9.604262e-02	-1.523488e+01
2.070000e-05	1.039185e-01	-1.532492e+01
2.071000e-05	1.080455e-01	-1.535905e+01
2.072000e-05	1.128563e-01	-1.535666e+01
2.073000e-05	1.167156e-01	-1.535710e+01
2.074000e-05	1.234405e-01	-1.534866e+01
2.075000e-05	1.320643e-01	-1.533650e+01
2.076000e-05	1.353452e-01	-1.533655e+01
2.077000e-05	1.406991e-01	-1.529460e+01
2.078000e-05	1.494544e-01	-1.527495e+01
2.079000e-05	1.638998e-01	-1.531389e+01
2.080000e-05	1.789321e-01	-1.524228e+01
2.081000e-05	1.940932e-01	-1.518013e+01
2.082000e-05	2.141720e-01	-1.515658e+01
2.083000e-05	2.413473e-01	-1.512453e+01
2.084000e-05	2.498997e-01	-1.504237e+01
2.085000e-05	2.500000e-01	-1.498866e+01
2.086000e-05	2.500000e-01	-1.491705e+01
2.087000e-05	2.500000e-01	-1.485230e+01
2.088000e-05	2.500000e-01	-1.477823e+01
2.089000e-05	2.500000e-01	-1.468503e+01
2.090000e-05	2.490199e-01	-1.462922e+01
2.091000e-05	2.269028e-01	-1.446605e+01
2.092000e-05	2.024411e-01	-1.442127e+01
2.093000e-05	1.797119e-01	-1.430598e+01
2.094000e-05	1.581271e-01	-1.418921e+01
2.095000e-05	1.384236e-01	-1.409445e+01
2.096000e-05	1.269722e-01	-1.397871e+01
2.097000e-05	1.148794e-01	-1.385032e+01
2.098000e-05	1.049712e-01	-1.370445e+01
2.099000e-05	9.264201e-02	-1.357763e+01
2.100000e-05	8.573632e-02	-1.345184e+01
2.101000e-05	8.046523e-02	-1.330445e+01
2.102000e-05	7.552409e-02	-1.311713e+01
2.103000e-05	6.771821e-02	-1.298129e+01
2.104000e-05	6.221431e-02	-1.281180e+01
2.105000e-05	5.919954e-02	-1.264253e+01
2.106000e-05	5.723561e-02	-1.249605e+01
2.107000e-05	5.294385e-02	-1.235964e+01
2.108000e-05	4.730500e-02	-1.216877e+01
2.109000e-05	4.300109e-02	-1.203178e+01
2.110000e-05	4.222797e-02	-1.181029e+01
2.111000e-05	4.049016e-02	-1.161971e+01
2.112000e-05	3.741944e-02	-1.135668e+01
2.113000e-05	3.504698e-02	-1.114905e+01
2.114000e-05	3.396469e-02	-1.097831e+01
2.115000e-05	3.257030e-02	-1.078874e+01
2.116000e-05	2.884388e-02	-1.057931e+01
2.117000e-05	2.674121e-02	-1.038911e+01
2.118000e-05	2.581146e-02	-1.014811e+01
2.119000e-05	2.476389e-02	-9.925604e+00
2.120000e-05	2.403951e-02	-9.727231e+00
2.121000e-05	2.100433e-02	-9.493502e+00
2.122000e-05	1.992425e-02	-9.266076e+00
2.123000e-05	1.922680e-02	-9.042453e+00
2.124000e-05	1.875096e-02	-8.863897e+00
2.125000e-05	1.726108e-02	-8.567789e+00
2.126000e-05	1.476947e-02	-8.326061e+00
2.127000e-05	1.514262e-02	-8.105583e+00
2.128000e-05	1.361116e-02	-7.892970e+00
2.129000e-05	1.320696e-02	-7.568815e+00
2.130000e-05	1.019761e-02	-7.306187e+00
2.131000e-05	9.875925e-03	-7.042548e+00
2.132000e-05	8.065030e-03	-6.800392e+00
2.133000e-05	9.484590e-03	-6.516740e+00
2.134000e-05	6.195759e-03	-6.285153e+00
2.135000e-05	7.010417e-03	-6.021521e+00
2.136000e-05	4.429651e-03	-5.767890e+00
2.137000e-05	5.964813e-03	-5.523507e+00
2.138000e-05	2.989021e-03	-5.179517e+00
2.139000e-05	2.484934e-03	-4.875183e+00
2.140000e-05	1.956196e-03	-4.589844e+00
2.141000e-05	2.538485e-03	-4.309341e+00
2.142000e-05	1.401688e-03	-4.106685e+00
2.143000e-05	6.407714e-05	-3.802446e+00
2.144000e-05	-1.894897e-03	-3.568790e+00
2.145000e-05	-2.145885e-03	-3.264634e+00
2.146000e-05	-2.255663e-03	-2.989443e+00
2.147000e-05	-2.825917e-03	-2.705712e+00
2.148000e-05	-2.764281e-03	-2.462079e+00
2.149000e-05	-3.245544e-03	-2.148768e+00
2.150000e-05	-3.212234e-03	-1.864632e+00
2.151000e-05	-4.147766e-03	-1.631526e+00
2.152000e-05	-6.579524e-03	-1.242133e+00
2.153000e-05	-8.335783e-03	-9.704685e-01
2.154000e-05	-6.318813e-03	-6.656594e-01
2.155000e-05	-6.514209e-03	-3.999737e-01
2.156000e-05	-5.848963e-03	-1.371657e-01
2.157000e-05	1.193445e-03	1.557689e-01
2.158000e-05	6.335222e-03	4.405338e-01
2.159000e-05	-4.056706e-04	6.631592e-01
2.160000e-05	5.796630e-03	9.552682e-01
2.161000e-05	-3.835427e-03	1.222605e+00
2.162000e-05	1.309816e-03	1.516315e+00
2.163000e-05	-2.763611e-03	1.790951e+00
2.164000e-05	2.018845e-02	1.989050e+00
2.165000e-05	7.456220e-02	2.353187e+00
2.166000e-05	8.522516e-02	2.623578e+00
2.167000e-05	-6.378632e-02	2.966344e+00
2.168000e-05	-2.249079e-02	3.221949e+00
2.169000e-05	-4.390772e-02	3.517259e+00
2.170000e-05	-2.962332e-02	3.768864e+00
2.171000e-05	-9.444951e-02	3.937815e+00
2.172000e-05	2.748059e-02	4.187371e+00
2.173000e-05	8.096546e-02	4.527137e+00
2.174000e-05	-1.273815e-01	4.747741e+00
2.175000e-05	1.877487e-01	5.058476e+00
2.176000e-05	-1.112651e-01	5.387915e+00
2.177000e-05	4.265424e-05	5.622397e+00
2.178000e-05	1.044802e-02	5.916658e+00
2.179000e-05	-4.817473e-02	6.158767e+00
2.180000e-05	7.119009e-02	6.389949e+00
2.181000e-05	-7.946541e-02	6.744156e+00
2.182000e-05	3.376282e-02	6.957270e+00
2.183000e-05	-3.481586e-02	7.210925e+00
2.184000e-05	-3.716697e-03	7.534558e+00
2.185000e-05	-1.670258e-02	7.775221e+00
2.186000e-05	-4.393823e-02	8.064024e+00
2.187000e-05	4.415595e-02	8.315656e+00
2.188000e-05	-3.968433e-02	8.514656e+00
2.189000e-05	4.725599e-03	8.716606e+00
2.190000e-05	-3.378088e-02	8.988189e+00
2.191000e-05	-4.658074e-02	9.188889e+00
2.192000e-05	1.439477e-02	9.419843e+00
2.193000e-05	-2.911516e-02	9.672924e+00
2.194000e-05	-2.983929e-03	9.911551e+00
2.195000e-05	-4.741059e-02	1.008508e+01
2.196000e-05	4.675203e-03	1.029411e+01
2.197000e-05	-2.946227e-02	1.053856e+01
2.198000e-05	-2.871050e-02	1.073453e+01
2.199000e-05	-3.345457e-02	1.093816e+01
2.200000e-05	-3.441134e-02	1.111566e+01
2.201000e-05	-5.703413e-03	1.136876e+01
2.202000e-05	-3.997864e-02	1.152503e+01
2.203000e-05	-2.989003e-02	1.171768e+01
2.204000e-05	-4.803074e-02	1.195714e+01
2.205000e-05	-1.654960e-02	1.212446e+01
2.206000e-05	-3.117969e-02	1.230393e+01
2.207000e-05	-3.829993e-02	1.248292e+01
2.208000e-05	-4.899378e-02	1.263939e+01
2.209000e-05	-4.092563e-02	1.278921e+01
2.210000e-05	-3.046936e-02	1.292755e+01
2.211000e-05	-4.714541e-02	1.310398e+01
2.212000e-05	-4.872588e-02	1.326127e+01
2.213000e-05	-4.887598e-02	1.340126e+01
2.214000e-05	-3.568605e-02	1.351603e+01
2.215000e-05	-4.919914e-02	1.366290e+01
2.216000e-05	-5.936058e-02	1.380867e+01
2.217000e-05	-6.274857e-02	1.392456e+01
2.218000e-05	-5.334810e-02	1.403322e+01
2.219000e-05	-5.223467e-02	1.421973e+01
2.220000e-05	-6.292791e-02	1.431447e+01
2.221000e-05	-7.023980e-02	1.443071e+01
2.222000e-05	-6.518963e-02	1.451453e+01
2.223000e-05	-6.195768e-02	1.457008e+01
2.224000e-05	-6.840311e-02	1.467255e+01
2.225000e-05	-7.844867e-02	1.478906e+01
2.226000e-05	-7.713673e-02	1.483232e+01
2.227000e-05	-7.447871e-02	1.493445e+01
2.228000e-05	-7.842118e-02	1.495961e+01
2.229000e-05	-9.168697e-02	1.501021e+01
2.230000e-05	-9.609934e-02	1.503292e+01
2.231000e-05	-9.085765e-02	1.509655e+01
2.232000e-05	-8.956669e-02	1.514763e+01
2.233000e-05	-9.680745e-02	1.520011e+01
2.234000e-05	-1.085322e-01	1.522079e+01
2.235000e-05	-1.086781e-01	1.525334e+01
2.236000e-05	-1.079527e-01	1.528337e+01
2.237000e-05	-1.139935e-01	1.531640e+01
2.238000e-05	-1.234496e-01	1.531447e+01
2.239000e-05	-1.267544e-01	1.530608e+01
2.240000e-05	-1.268266e-01	1.529692e+01
2.241000e-05	-1.322820e-01	1.528347e+01
2.242000e-05	-1.490475e-01	1.530140e+01
2.243000e-05	-1.605513e-01	1.529282e+01
2.244000e-05	-1.654608e-01	1.517129e+01
2.245000e-05	-1.710537e-01	1.522124e+01
2.246000e-05	-1.886487e-01	1.516871e+01
2.247000e-05	-2.110321e-01	1.514608e+01
2.248000e-05	-2.341716e-01	1.507692e+01
2.249000e-05	-2.480874e-01	1.504287e+01
2.250000e-05	-2.500000e-01	1.498859e+01
2.251000e-05	-2.500000e-01	1.491710e+01
2.252000e-05	-2.500000e-01	1.487135e+01
2.253000e-05	-2.500000e-01	1.478229e+01
2.254000e-05	-2.500000e-01	1.474603e+01
2.255000e-05	-2.500000e-01	1.464229e+01
2.256000e-05	-2.482639e-01	1.456763e+01
2.257000e-05	-2.246721e-01	1.442284e+01
2.258000e-05	-1.978729e-01	1.433856e+01
2.259000e-05	-1.764555e-01	1.423287e+01
2.260000e-05	-1.655852e-01	1.413645e+01
2.261000e-05	-1.475251e-01	1.401966e+01
2.262000e-05	-1.320483e-01	1.390332e+01
2.263000e-05	-1.176784e-01	1.372866e+01
2.264000e-05	-1.125454e-01	1.360124e+01
2.265000e-05	-1.039839e-01	1.348447e+01
2.266000e-05	-9.387706e-02	1.335968e+01
2.267000e-05	-8.434420e-02	1.315974e+01
2.268000e-05	-8.236524e-02	1.304282e+01
2.269000e-05	-8.200197e-02	1.290642e+01
2.270000e-05	-7.607869e-02	1.272808e+01
2.271000e-05	-6.853047e-02	1.259714e+01
2.272000e-05	-6.552763e-02	1.243277e+01
2.273000e-05	-6.336762e-02	1.225335e+01
2.274000e-05	-6.055315e-02	1.206487e+01
2.275000e-05	-5.410229e-02	1.188547e+01
2.276000e-05	-5.104360e-02	1.167539e+01
2.277000e-05	-5.376489e-02	1.148500e+01
2.278000e-05	-5.306623e-02	1.125553e+01
2.279000e-05	-4.904554e-02	1.106502e+01
2.280000e-05	-4.394108e-02	1.092498e+01
2.281000e-05	-4.436570e-02	1.069605e+01
2.282000e-05	-4.430021e-02	1.047753e+01
2.283000e-05	-4.276110e-02	1.026392e+01
2.284000e-05	-3.708133e-02	1.004443e+01
2.285000e-05	-3.697061e-02	9.871941e+00
2.286000e-05	-3.821419e-02	9.580289e+00
2.287000e-05	-3.772644e-02	9.389739e+00
2.288000e-05	-3.450201e-02	9.169141e+00
2.289000e-05	-3.267978e-02	8.908634e+00
2.290000e-05	-3.362020e-02	8.675528e+00
2.291000e-05	-3.366045e-02	8.464003e+00
2.292000e-05	-3.170892e-02	8.242947e+00
2.293000e-05	-2.825320e-02	7.981215e+00
2.294000e-05	-2.826400e-02	7.757661e+00
2.295000e-05	-2.813177e-02	7.446068e+00
2.296000e-05	-2.870395e-02	7.249844e+00
2.297000e-05	-2.565866e-02	6.948811e+00
2.298000e-05	-2.559712e-02	6.726030e+00
2.299000e-05	-2.641041e-02	6.422296e+00
2.300000e-05	-2.637640e-02	6.148865e+00
2.301000e-05	-2.317889e-02	5.946086e+00
2.302000e-05	-2.218551e-02	5.653001e+00
2.303000e-05	-2.149050e-02	5.410892e+00
2.304000e-05	-2.285912e-02	5.065499e+00
2.305000e-05	-2.146074e-02	4.759841e+00
2.306000e-05	-2.030185e-02	4.484735e+00
2.307000e-05	-1.940565e-02	4.224074e+00
2.308000e-05	-2.028014e-02	3.958791e+00
2.309000e-05	-2.008490e-02	3.674704e+00
2.310000e-05	-1.776326e-02	3.413017e+00
2.311000e-05	-1.599283e-02	3.126185e+00
2.312000e-05	-1.779967e-02	2.845555e+00
2.313000e-05	-1.697402e-02	2.550391e+00
2.314000e-05	-1.521236e-02	2.284682e+00
2.315000e-05	-1.384035e-02	2.021576e+00
2.316000e-05	-1.496151e-02	1.688370e+00
2.317000e-05	-1.603726e-02	1.422556e+00
2.318000e-05	-1.470673e-02	1.137311e+00
2.319000e-05	-1.175681e-02	7.995011e-01
2.320000e-05	-9.923108e-03	5.082897e-01
2.321000e-05	-1.049787e-02	2.741792e-01
2.322000e-05	-9.110345e-03	-5.162657e-02
2.323000e-05	9.567832e-04	-2.743093e-01
2.324000e-05	3.320958e-03	-5.654224e-01
2.325000e-05	-2.068672e-03	-8.715829e-01
2.326000e-05	6.473394e-04	-1.083237e+00
2.327000e-05	2.862618e-04	-1.408929e+00
2.328000e-05	1.729644e-03	-1.651159e+00
2.329000e-05	1.354447e-02	-1.922136e+00
2.330000e-05	6.748978e-02	-2.083266e+00
2.331000e-05	1.240631e-01	-2.442057e+00
2.332000e-05	-6.395058e-02	-2.861109e+00
2.333000e-05	7.713577e-03	-3.250478e+00
2.334000e-05	-5.285592e-02	-3.471580e+00
2.335000e-05	-3.298857e-02	-3.660578e+00
2.336000e-05	-1.102254e-01	-3.923708e+00
2.337000e-05	1.893953e-01	-4.081580e+00
2.338000e-05	-1.134987e-01	-4.334312e+00
2.339000e-05	6.204258e-02	-4.649454e+00
2.340000e-05	1.293051e-01	-4.871032e+00
2.341000e-05	-1.785553e-01	-5.250424e+00
2.342000e-05	1.924594e-01	-5.485609e+00
2.343000e-05	-1.824731e-01	-5.806797e+00
2.344000e-05	1.017048e-01	-6.091051e+00
2.345000e-05	5.402860e-02	-6.291503e+00
2.346000e-05	-6.579004e-02	-6.597316e+00
2.347000e-05	1.526019e-01	-6.850472e+00
2.348000e-05	-1.402072e-01	-7.136289e+00
2.349000e-05	1.242012e-01	-7.378369e+00
2.350000e-05	-5.942193e-02	-7.619404e+00
2.351000e-05	3.692770e-02	-7.965860e+00
2.352000e-05	8.131359e-02	-8.156762e+00
2.353000e-05	-7.575838e-02	-8.397895e+00
2.354000e-05	1.526455e-01	-8.662026e+00
2.355000e-05	-1.118555e-01	-8.924107e+00
2.356000e-05	9.396681e-02	-9.114133e+00
2.357000e-05	-3.719517e-02	-9.284162e+00
2.358000e-05	6.067774e-02	-9.617840e+00
2.359000e-05	4.868731e-02	-9.798820e+00
2.360000e-05	-1.177657e-02	-1.000040e+01
2.361000e-05	8.249357e-02	-1.023880e+01
2.362000e-05	-4.974058e-02	-1.049303e+01
2.363000e-05	1.036045e-01	-1.068140e+01
2.364000e-05	-4.482578e-02	-1.085300e+01
2.365000e-05	8.683429e-02	-1.110135e+01
2.366000e-05	-1.300832e-02	-1.125105e+01
2.367000e-05	6.888971e-02	-1.150393e+01
2.368000e-05	1.809857e-02	-1.166340e+01
2.369000e-05	3.246981e-02	-1.192308e+01
2.370000e-05	4.074707e-02	-1.206055e+01
2.371000e-05	2.618792e-02	-1.227095e+01
2.372000e-05	6.622910e-02	-1.238885e+01
2.373000e-05	8.770829e-03	-1.260079e+01
2.374000e-05	6.026961e-02	-1.275621e+01
2.375000e-05	1.364768e-02	-1.292515e+01
2.376000e-05	7.194209e-02	-1.304245e+01
2.377000e-05	2.509579e-02	-1.320726e+01
2.378000e-05	6.400455e-02	-1.336776e+01
2.379000e-05	3.534400e-02	-1.351448e+01
2.380000e-05	6.219650e-02	-1.363239e+01
2.381000e-05	4.548886e-02	-1.377764e+01
2.382000e-05	4.837611e-02	-1.391358e+01
2.383000e-05	4.882635e-02	-1.403129e+01
2.384000e-05	5.609169e-02	-1.414960e+01
2.385000e-05	6.638298e-02	-1.430427e+01
2.386000e-05	5.632378e-02	-1.439816e+01
2.387000e-05	6.497363e-02	-1.445250e+01
2.388000e-05	5.820901e-02	-1.460876e+01
2.389000e-05	7.902595e-02	-1.465082e+01
2.390000e-05	6.677717e-02	-1.476723e+01
2.391000e-05	7.669468e-02	-1.484077e+01
2.392000e-05	6.660381e-02	-1.493498e+01
2.393000e-05	7.850170e-02	-1.498814e+01
2.394000e-05	7.350751e-02	-1.504126e+01
2.395000e-05	7.987736e-02	-1.515390e+01
2.396000e-05	8.185032e-02	-1.514403e+01
2.397000e-05	9.329075e-02	-1.517811e+01
2.398000e-05	1.007826e-01	-1.524234e+01
2.399000e-05	9.764919e-02	-1.523189e+01
2.400000e-05	9.729231e-02	-1.525397e+01
2.401000e-05	9.608001e-02	-1.529595e+01
2.402000e-05	1.056291e-01	-1.532508e+01
2.403000e-05	1.079264e-01	-1.534703e+01
2.404000e-05	1.155570e-01	-1.532708e+01
2.405000e-05	1.203720e-01	-1.535656e+01
2.406000e-05	1.309256e-01	-1.537653e+01
2.407000e-05	1.357495e-01	-1.532553e+01
2.408000e-05	1.391525e-01	-1.534603e+01
2.409000e-05	1.452151e-01	-1.528593e+01
2.410000e-05	1.560550e-01	-1.529542e+01
2.411000e-05	1.710832e-01	-1.522281e+01
2.412000e-05	1.872561e-01	-1.519921e+01
2.413000e-05	2.047357e-01	-1.517811e+01
2.414000e-05	2.331241e-01	-1.511498e+01
2.415000e-05	2.477391e-01	-1.514237e+01
2.416000e-05	2.500000e-01	-1.500174e+01
2.417000e-05	2.500000e-01	-1.496858e+01
2.418000e-05	2.500000e-01	-1.487343e+01
2.419000e-05	2.500000e-01	-1.479174e+01
2.420000e-05	2.500000e-01	-1.474703e+01
2.421000e-05	2.500000e-01	-1.463285e+01
2.422000e-05	2.360611e-01	-1.457858e+01
2.423000e-05	2.112686e-01	-1.444087e+01
2.424000e-05	1.885814e-01	-1.437706e+01
2.425000e-05	1.696226e-01	-1.422334e+01
2.426000e-05	1.489592e-01	-1.414503e+01
2.427000e-05	1.326058e-01	-1.402127e+01
2.428000e-05	1.176198e-01	-1.389497e+01
2.429000e-05	1.063256e-01	-1.375816e+01
2.430000e-05	9.564303e-02	-1.361039e+01
2.431000e-05	8.892203e-02	-1.349403e+01
2.432000e-05	8.175772e-02	-1.335808e+01
2.433000e-05	7.957559e-02	-1.319022e+01
2.434000e-05	7.258476e-02	-1.306202e+01
2.435000e-05	6.660205e-02	-1.291445e+01
2.436000e-05	6.040114e-02	-1.275619e+01
2.437000e-05	5.666214e-02	-1.258974e+01
2.438000e-05	5.413209e-02	-1.242282e+01
2.439000e-05	4.914694e-02	-1.227287e+01
2.440000e-05	4.415313e-02	-1.208453e+01
2.441000e-05	4.139404e-02	-1.188495e+01
2.442000e-05	4.129326e-02	-1.171457e+01
2.443000e-05	3.882204e-02	-1.147292e+01
2.444000e-05	3.692820e-02	-1.128090e+01
2.445000e-05	3.466182e-02	-1.103189e+01
2.446000e-05	3.350877e-02	-1.084097e+01
2.447000e-05	3.132552e-02	-1.066353e+01
2.448000e-05	2.687264e-02	-1.046335e+01
2.449000e-05	2.564500e-02	-1.022139e+01
2.450000e-05	2.430314e-02	-9.989941e+00
2.451000e-05	2.443460e-02	-9.799844e+00
2.452000e-05	2.133602e-02	-9.590264e+00
2.453000e-05	2.091480e-02	-9.359261e+00
2.454000e-05	2.007057e-02	-9.115678e+00
2.455000e-05	2.016389e-02	-8.947133e+00
2.456000e-05	1.770999e-02	-8.654503e+00
2.457000e-05	1.554438e-02	-8.422419e+00
2.458000e-05	1.366522e-02	-8.200368e+00
2.459000e-05	1.379913e-02	-7.948842e+00
2.460000e-05	1.247292e-02	-7.665058e+00
2.461000e-05	1.108227e-02	-7.392418e+00
2.462000e-05	9.594855e-03	-7.209319e+00
2.463000e-05	9.728537e-03	-6.865679e+00
2.464000e-05	9.617414e-03	-6.644500e+00
2.465000e-05	7.050009e-03	-6.440349e+00
2.466000e-05	6.803424e-03	-6.106265e+00
2.467000e-05	4.828560e-03	-5.894604e+00
2.468000e-05	5.203767e-03	-5.589944e+00
2.469000e-05	3.973868e-03	-5.315257e+00
2.470000e-05	2.731681e-03	-5.041921e+00
2.471000e-05	1.279138e-03	-4.684761e+00
2.472000e-05	3.438718e-03	-4.444051e+00
2.473000e-05	1.568677e-03	-4.210451e+00
2.474000e-05	2.574290e-03	-3.967712e+00
2.475000e-05	-2.528140e-03	-3.651554e+00
2.476000e-05	-9.837946e-04	-3.380452e+00
2.477000e-05	-4.456387e-03	-3.106685e+00
2.478000e-05	-2.056494e-03	-2.809424e+00
2.479000e-05	-5.199899e-03	-2.536888e+00
2.480000e-05	-2.622206e-03	-2.202654e+00
2.481000e-05	-4.441764e-03	-1.977296e+00
2.482000e-05	-2.477671e-03	-1.696708e+00
2.483000e-05	-4.988253e-03	-1.380946e+00
2.484000e-05	-6.166883e-03	-1.095184e+00
2.485000e-05	-6.806744e-03	-8.215976e-01
2.486000e-05	-7.616815e-03	-4.842881e-01
2.487000e-05	-6.480501e-03	-2.541854e-01
2.488000e-05	-4.774407e-03	6.300407e-02
2.489000e-05	9.400900e-03	3.372907e-01
2.490000e-05	-3.125555e-03	5.784209e-01
2.491000e-05	7.816015e-03	7.920288e-01
2.492000e-05	-2.774899e-03	1.186887e+00
2.493000e-05	3.330800e-03	1.369371e+00
2.494000e-05	-4.940750e-03	1.749288e+00
2.495000e-05	1.267244e-02	1.966789e+00
2.496000e-05	3.709688e-02	2.187375e+00
2.497000e-05	1.188004e-01	2.441531e+00
2.498000e-05	-2.945404e-02	2.851529e+00
2.499000e-05	-3.555193e-02	3.133686e+00
2.500000e-05	-3.977794e-02	3.437871e+00
2.501000e-05	-2.282864e-02	3.644552e+00
2.502000e-05	-8.218807e-02	3.886080e+00
2.503000e-05	-4.501944e-02	4.083613e+00
2.504000e-05	1.204561e-01	4.408892e+00
2.505000e-05	-1.027818e-01	4.683078e+00
2.506000e-05	8.099332e-02	4.905136e+00
2.507000e-05	4.916585e-02	5.253049e+00
2.508000e-05	-1.179259e-01	5.545159e+00
2.509000e-05	7.263527e-02	5.796939e+00
2.510000e-05	-7.961352e-02	6.063025e+00
2.511000e-05	5.983621e-02	6.284110e+00
2.512000e-05	-2.287064e-02	6.600768e+00
2.513000e-05	-3.603667e-02	6.865054e+00
2.514000e-05	3.155091e-02	7.114559e+00
2.515000e-05	-5.949851e-02	7.348766e+00
2.516000e-05	3.450511e-02	7.683474e+00
2.517000e-05	-8.209508e-02	7.947707e+00
2.518000e-05	3.762947e-02	8.229366e+00
2.519000e-05	-7.444594e-03	8.431422e+00
2.520000e-05	-2.629127e-02	8.621400e+00
2.521000e-05	9.936164e-03	8.843055e+00
2.522000e-05	-7.886918e-02	9.144027e+00
2.523000e-05	2.312518e-02	9.306112e+00
2.524000e-05	-3.688610e-02	9.577285e+00
2.525000e-05	1.209272e-02	9.780217e+00
2.526000e-05	-5.199918e-02	1.001935e+01
2.527000e-05	-6.418094e-03	1.024035e+01
2.528000e-05	-1.631219e-02	1.043039e+01
2.529000e-05	-3.489447e-02	1.068035e+01
2.530000e-05	-2.480873e-02	1.084292e+01
2.531000e-05	-4.768002e-02	1.107197e+01
2.532000e-05	-1.297804e-03	1.126290e+01
2.533000e-05	-3.559804e-02	1.146232e+01
2.534000e-05	-2.169932e-02	1.168344e+01
2.535000e-05	-5.369823e-02	1.188295e+01
2.536000e-05	-2.287354e-02	1.205184e+01
2.537000e-05	-3.212785e-02	1.223129e+01
2.538000e-05	-3.330453e-02	1.238926e+01
2.539000e-05	-4.872664e-02	1.258919e+01
2.540000e-05	-4.499855e-02	1.269606e+01
2.541000e-05	-2.822204e-02	1.288395e+01
2.542000e-05	-4.196714e-02	1.306079e+01
2.543000e-05	-4.394815e-02	1.316814e+01
2.544000e-05	-5.733898e-02	1.333758e+01
2.545000e-05	-3.566856e-02	1.347387e+01
2.546000e-05	-4.823795e-02	1.360029e+01
2.547000e-05	-5.171652e-02	1.374699e+01
2.548000e-05	-6.821650e-02	1.386387e+01
2.549000e-05	-5.436712e-02	1.401016e+01
2.550000e-05	-5.035576e-02	1.411698e+01
2.551000e-05	-5.650284e-02	1.430430e+01
2.552000e-05	-6.674307e-02	1.436709e+01
2.553000e-05	-6.925078e-02	1.448377e+01
2.554000e-05	-5.982350e-02	1.456703e+01
2.555000e-05	-6.774056e-02	1.465182e+01
2.556000e-05	-7.472971e-02	1.477760e+01
2.557000e-05	-8.342511e-02	1.479174e+01
2.558000e-05	-7.356614e-02	1.488442e+01
2.559000e-05	-7.570178e-02	1.490610e+01
2.560000e-05	-8.396495e-02	1.500924e+01
2.561000e-05	-9.603646e-02	1.506232e+01
2.562000e-05	-9.477452e-02	1.506450e+01
2.563000e-05	-8.734614e-02	1.514703e+01
2.564000e-05	-9.503946e-02	1.518856e+01
2.565000e-05	-1.041532e-01	1.520919e+01
2.566000e-05	-1.100307e-01	1.526232e+01
2.567000e-05	-1.053796e-01	1.527185e+01
2.568000e-05	-1.103761e-01	1.531485e+01
2.569000e-05	-1.216799e-01	1.530550e+01
2.570000e-05	-1.284786e-01	1.532645e+01
2.571000e-05	-1.285100e-01	1.530600e+01
2.572000e-05	-1.279212e-01	1.528390e+01
2.573000e-05	-1.410849e-01	1.528497e+01
2.574000e-05	-1.533762e-01	1.528389e+01
2.575000e-05	-1.622625e-01	1.531384e+01
2.576000e-05	-1.684026e-01	1.521276e+01
2.577000e-05	-1.825072e-01	1.518879e+01
2.578000e-05	-2.046344e-01	1.513668e+01
2.579000e-05	-2.261888e-01	1.509710e+01
2.580000e-05	-2.454530e-01	1.504487e+01
2.581000e-05	-2.498848e-01	1.501074e+01
2.582000e-05	-2.500000e-01	1.492961e+01
2.583000e-05	-2.500000e-01	1.490439e+01
2.584000e-05	-2.500000e-01	1.482086e+01
2.585000e-05	-2.500000e-01	1.479661e+01
2.586000e-05	-2.500000e-01	1.465232e+01
2.587000e-05	-2.500000e-01	1.460921e+01
2.588000e-05	-2.395327e-01	1.447543e+01
2.589000e-05	-2.085894e-01	1.439973e+01
2.590000e-05	-1.853591e-01	1.429352e+01
2.591000e-05	-1.684562e-01	1.412806e+01
2.592000e-05	-1.523200e-01	1.406132e+01
2.593000e-05	-1.367140e-01	1.391756e+01
2.594000e-05	-1.222261e-01	1.382026e+01
2.595000e-05	-1.157217e-01	1.366440e+01
2.596000e-05	-1.077598e-01	1.353610e+01
2.597000e-05	-1.000828e-01	1.339068e+01
2.598000e-05	-8.999980e-02	1.324182e+01
2.599000e-05	-8.397934e-02	1.310605e+01
2.600000e-05	-8.120420e-02	1.291918e+01
2.601000e-05	-7.746249e-02	1.277124e+01
2.602000e-05	-7.000484e-02	1.264292e+01
2.603000e-05	-6.555091e-02	1.246445e+01
2.604000e-05	-6.404546e-02	1.234550e+01
2.605000e-05	-6.233079e-02	1.217816e+01
2.606000e-05	-5.758606e-02	1.195818e+01
2.607000e-05	-5.442079e-02	1.178064e+01
2.608000e-05	-5.333853e-02	1.157068e+01
2.609000e-05	-5.291226e-02	1.139876e+01
2.610000e-05	-4.997916e-02	1.119919e+01
2.611000e-05	-4.476860e-02	1.097972e+01
2.612000e-05	-4.327118e-02	1.078864e+01
2.613000e-05	-4.301976e-02	1.056971e+01
2.614000e-05	-4.349318e-02	1.035926e+01
2.615000e-05	-4.043535e-02	1.014768e+01
2.616000e-05	-3.853056e-02	9.927053e+00
2.617000e-05	-3.711799e-02	9.716100e+00
2.618000e-05	-3.792584e-02	9.464074e+00
2.619000e-05	-3.536735e-02	9.264398e+00
2.620000e-05	-3.363003e-02	9.022399e+00
2.621000e-05	-3.163072e-02	8.761269e+00
2.622000e-05	-3.249830e-02	8.569264e+00
2.623000e-05	-3.230671e-02	8.338134e+00
2.624000e-05	-2.897570e-02	8.075128e+00
2.625000e-05	-2.914204e-02	7.854471e+00
2.626000e-05	-2.773904e-02	7.610717e+00
2.627000e-05	-2.824133e-02	7.265729e+00
2.628000e-05	-2.696420e-02	7.043499e+00
2.629000e-05	-2.513555e-02	6.820921e+00
2.630000e-05	-2.445859e-02	6.517308e+00
2.631000e-05	-2.581374e-02	6.244155e+00
2.632000e-05	-2.483717e-02	6.033451e+00
2.633000e-05	-2.192238e-02	5.779362e+00
2.634000e-05	-2.229126e-02	5.515132e+00
2.635000e-05	-2.238469e-02	5.200819e+00
2.636000e-05	-2.219498e-02	4.884654e+00
2.637000e-05	-2.049834e-02	4.600496e+00
2.638000e-05	-1.968500e-02	4.337215e+00
2.639000e-05	-2.066771e-02	4.063953e+00
2.640000e-05	-1.961849e-02	3.738842e+00
2.641000e-05	-1.839865e-02	3.508238e+00
2.642000e-05	-1.514987e-02	3.211079e+00
2.643000e-05	-1.801121e-02	2.948840e+00
2.644000e-05	-1.679813e-02	2.705659e+00
2.645000e-05	-1.693847e-02	2.349893e+00
2.646000e-05	-1.364089e-02	2.126213e+00
2.647000e-05	-1.472757e-02	1.865684e+00
2.648000e-05	-1.474425e-02	1.557841e+00
2.649000e-05	-1.470936e-02	1.247203e+00
2.650000e-05	-1.135417e-02	8.978459e-01
2.651000e-05	-1.177040e-02	6.131065e-01
2.652000e-05	-1.168268e-02	3.695487e-01
2.653000e-05	-9.869213e-03	8.265771e-02
2.654000e-05	-4.141170e-03	-1.484272e-01
2.655000e-05	8.165338e-03	-4.306552e-01
2.656000e-05	-7.157765e-03	-7.547920e-01
2.657000e-05	4.048393e-03	-9.594226e-01
2.658000e-05	-3.627745e-03	-1.271660e+00
2.659000e-05	4.829149e-03	-1.567844e+00
2.660000e-05	1.623568e-03	-1.787896e+00
2.661000e-05	3.814764e-02	-1.998501e+00
2.662000e-05	1.360341e-01	-2.312229e+00
2.663000e-05	-4.902021e-03	-2.683606e+00
2.664000e-05	-2.952735e-02	-3.143686e+00
2.665000e-05	-2.633497e-02	-3.405896e+00
2.666000e-05	-3.577794e-02	-3.577342e+00
2.667000e-05	-1.005681e-01	-3.848899e+00
2.668000e-05	6.915978e-02	-3.959996e+00
2.669000e-05	8.307719e-02	-4.198499e+00
2.670000e-05	-1.484193e-01	-4.554716e+00
2.671000e-05	2.323367e-01	-4.767890e+00
2.672000e-05	-1.680852e-01	-5.050577e+00
2.673000e-05	9.288257e-02	-5.471424e+00
2.674000e-05	-1.288870e-02	-5.670999e+00
2.675000e-05	-1.048838e-01	-5.987293e+00
2.676000e-05	1.989142e-01	-6.156745e+00
2.677000e-05	-1.348157e-01	-6.493504e+00
2.678000e-05	1.477576e-01	-6.746760e+00
2.679000e-05	-5.843908e-02	-6.987771e+00
2.680000e-05	4.351403e-05	-7.334532e+00
2.681000e-05	7.899339e-02	-7.495133e+00
2.682000e-05	-9.286060e-02	-7.831842e+00
2.683000e-05	1.613026e-01	-8.082527e+00
2.684000e-05	-9.804018e-02	-8.324631e+00
2.685000e-05	1.136834e-01	-8.586166e+00
2.686000e-05	-1.333405e-02	-8.827365e+00
2.687000e-05	-2.103973e-02	-9.071975e+00
2.688000e-05	7.143098e-02	-9.229978e+00
2.689000e-05	-4.957956e-02	-9.513549e+00
2.690000e-05	1.335615e-01	-9.724162e+00
2.691000e-05	-6.396071e-02	-9.924684e+00
2.692000e-05	1.073825e-01	-1.018519e+01
2.693000e-05	-4.534436e-02	-1.036621e+01
2.694000e-05	7.283858e-02	-1.061881e+01
2.695000e-05	6.988290e-03	-1.078668e+01
2.696000e-05	2.436520e-02	-1.104776e+01
2.697000e-05	4.907893e-02	-1.116709e+01
2.698000e-05	3.336491e-03	-1.141924e+01
2.699000e-05	7.665665e-02	-1.157777e+01
2.700000e-05	-1.440787e-02	-1.180964e+01
2.701000e-05	7.448183e-02	-1.199926e+01
2.702000e-05	-1.243962e-03	-1.219821e+01
2.703000e-05	8.073244e-02	-1.234821e+01
2.704000e-05	7.926218e-03	-1.256606e+01
2.705000e-05	5.292521e-02	-1.272393e+01
2.706000e-05	2.239757e-02	-1.284087e+01
2.707000e-05	5.246645e-02	-1.304886e+01
2.708000e-05	4.472137e-02	-1.312616e+01
2.709000e-05	4.296877e-02	-1.330553e+01
2.710000e-05	5.460220e-02	-1.344137e+01
2.711000e-05	4.190274e-02	-1.359669e+01
2.712000e-05	6.320309e-02	-1.368757e+01
2.713000e-05	3.518558e-02	-1.386140e+01
2.714000e-05	5.800082e-02	-1.399674e+01
2.715000e-05	4.449000e-02	-1.411295e+01
2.716000e-05	7.123360e-02	-1.423182e+01
2.717000e-05	5.457362e-02	-1.432506e+01
2.718000e-05	6.535634e-02	-1.445231e+01
2.719000e-05	5.603788e-02	-1.454858e+01
2.720000e-05	7.197143e-02	-1.465184e+01
2.721000e-05	6.803507e-02	-1.471555e+01
2.722000e-05	7.115539e-02	-1.481871e+01
2.723000e-05	7.064897e-02	-1.489192e+01
2.724000e-05	7.608254e-02	-1.491606e+01
2.725000e-05	8.042528e-02	-1.497031e+01
2.726000e-05	7.702292e-02	-1.505175e+01
2.727000e-05	8.129537e-02	-1.509600e+01
2.728000e-05	8.435023e-02	-1.516661e+01
2.729000e-05	9.738840e-02	-1.520774e+01
2.730000e-05	9.407224e-02	-1.523177e+01
2.731000e-05	9.833981e-02	-1.528497e+01
2.732000e-05	9.540541e-02	-1.528350e+01
2.733000e-05	1.065868e-01	-1.530600e+01
2.734000e-05	1.098836e-01	-1.533662e+01
2.735000e-05	1.145630e-01	-1.539766e+01
2.736000e-05	1.169456e-01	-1.534567e+01
2.737000e-05	1.251566e-01	-1.536653e+01
2.738000e-05	1.322183e-01	-1.533506e+01
2.739000e-05	1.358032e-01	-1.533698e+01
2.740000e-05	1.411605e-01	-1.535408e+01
2.741000e-05	1.513830e-01	-1.528345e+01
2.742000e-05	1.677361e-01	-1.525184e+01
2.743000e-05	1.826864e-01	-1.523024e+01
2.744000e-05	1.989978e-01	-1.517913e+01
2.745000e-05	2.213987e-01	-1.513723e+01
2.746000e-05	2.444123e-01	-1.511503e+01
2.747000e-05	2.499998e-01	-1.505189e+01
2.748000e-05	2.500000e-01	-1.497976e+01
2.749000e-05	2.500000e-01	-1.490455e+01
2.750000e-05	2.500000e-01	-1.483022e+01
2.751000e-05	2.500000e-01	-1.475023e+01
2.752000e-05	2.500000e-01	-1.469297e+01
2.753000e-05	2.474226e-01	-1.462926e+01
2.754000e-05	2.237279e-01	-1.451593e+01
2.755000e-05	2.004375e-01	-1.439978e+01
2.756000e-05	1.740261e-01	-1.429490e+01
2.757000e-05	1.531349e-01	-1.419919e+01
2.758000e-05	1.320050e-01	-1.406442e+01
2.759000e-05	1.221581e-01	-1.393753e+01
2.760000e-05	1.121840e-01	-1.381079e+01
2.761000e-05	1.034007e-01	-1.370347e+01
2.762000e-05	9.405070e-02	-1.351565e+01
2.763000e-05	8.781147e-02	-1.339977e+01
2.764000e-05	8.148551e-02	-1.327347e+01
2.765000e-05	7.438724e-02	-1.311513e+01
2.766000e-05	6.404440e-02	-1.295819e+01
2.767000e-05	5.851147e-02	-1.283077e+01
2.768000e-05	5.619039e-02	-1.266040e+01
2.769000e-05	5.666772e-02	-1.250658e+01
2.770000e-05	5.275717e-02	-1.233453e+01
2.771000e-05	4.857798e-02	-1.215776e+01
2.772000e-05	4.619773e-02	-1.194866e+01
2.773000e-05	4.349669e-02	-1.172868e+01
2.774000e-05	3.911466e-02	-1.157763e+01
2.775000e-05	3.339865e-02	-1.132613e+01
2.776000e-05	3.277274e-02	-1.114466e+01
2.777000e-05	3.298884e-02	-1.092570e+01
2.778000e-05	3.190279e-02	-1.070611e+01
2.779000e-05	2.890105e-02	-1.053724e+01
2.780000e-05	2.729058e-02	-1.031768e+01
2.781000e-05	2.643652e-02	-1.009566e+01
2.782000e-05	2.622202e-02	-9.853575e+00
2.783000e-05	2.397199e-02	-9.684000e+00
2.784000e-05	1.988189e-02	-9.474024e+00
2.785000e-05	1.811888e-02	-9.251967e+00
2.786000e-05	1.846711e-02	-9.011921e+00
2.787000e-05	1.765879e-02	-8.779142e+00
2.788000e-05	1.585558e-02	-8.485233e+00
2.789000e-05	1.403305e-02	-8.264030e+00
2.790000e-05	1.478233e-02	-8.054500e+00
2.791000e-05	1.472880e-02	-7.790287e+00
2.792000e-05	1.300118e-02	-7.497086e+00
2.793000e-05	1.031858e-02	-7.244081e+00
2.794000e-05	9.611740e-03	-7.001020e+00
2.795000e-05	9.196047e-03	-6.767237e+00
2.796000e-05	8.128518e-03	-6.467179e+00
2.797000e-05	5.259033e-03	-6.252499e+00
2.798000e-05	5.417355e-03	-5.981866e+00
2.799000e-05	5.620189e-03	-5.656184e+00
2.800000e-05	7.603724e-03	-5.443004e+00
2.801000e-05	3.918983e-03	-5.108716e+00
2.802000e-05	2.311873e-03	-4.834549e+00
2.803000e-05	2.084627e-03	-4.537818e+00
2.804000e-05	2.195272e-03	-4.305157e+00
2.805000e-05	2.010828e-03	-4.063155e+00
2.806000e-05	-1.927281e-03	-3.740917e+00
2.807000e-05	-1.394334e-03	-3.486187e+00
2.808000e-05	-2.707916e-03	-3.240554e+00
2.809000e-05	-1.072621e-03	-2.896238e+00
2.810000e-05	-3.999857e-03	-2.652055e+00
2.811000e-05	-2.499482e-03	-2.391421e+00
2.812000e-05	-3.372832e-03	-2.044708e+00
2.813000e-05	-1.706080e-03	-1.830900e+00
2.814000e-05	-5.408064e-03	-1.538341e+00
2.815000e-05	-6.277693e-03	-1.200948e+00
2.816000e-05	-8.816161e-03	-9.062331e-01
2.817000e-05	-7.026568e-03	-6.225477e-01
2.818000e-05	-6.540703e-03	-3.173434e-01
2.819000e-05	-5.187487e-03	-6.521046e-02
2.820000e-05	5.298546e-03	2.780977e-01
2.821000e-05	3.475106e-03	5.131095e-01
2.822000e-05	1.725766e-03	6.957909e-01
2.823000e-05	1.294958e-03	9.899988e-01
2.824000e-05	-2.466450e-03	1.314185e+00
2.825000e-05	8.074132e-05	1.658296e+00
2.826000e-05	1.951338e-03	1.842060e+00
2.827000e-05	2.399255e-02	2.073107e+00
2.828000e-05	9.401070e-02	2.337765e+00
2.829000e-05	5.027655e-02	2.713656e+00
2.830000e-05	-6.051148e-02	3.039895e+00
2.831000e-05	-2.530565e-02	3.242554e+00
2.832000e-05	-3.918622e-02	3.578411e+00
2.833000e-05	-4.444187e-02	3.809949e+00
2.834000e-05	-8.616695e-02	3.979373e+00
2.835000e-05	6.612303e-02	4.251999e+00
2.836000e-05	2.462722e-02	4.588316e+00
2.837000e-05	-8.249838e-02	4.780295e+00
2.838000e-05	1.800248e-01	5.134054e+00
2.839000e-05	-1.503126e-01	5.450948e+00
2.840000e-05	4.611776e-02	5.662501e+00
2.841000e-05	-3.016971e-02	5.998891e+00
2.842000e-05	-1.013497e-02	6.178450e+00
2.843000e-05	4.974930e-02	6.474005e+00
2.844000e-05	-8.265886e-02	6.778261e+00
2.845000e-05	5.053890e-02	6.979847e+00
2.846000e-05	-5.894932e-02	7.283000e+00
2.847000e-05	2.283473e-02	7.546686e+00
2.848000e-05	-4.849188e-02	7.819970e+00
2.849000e-05	-1.323331e-02	8.106129e+00
2.850000e-05	3.197132e-02	8.347262e+00
2.851000e-05	-4.351262e-02	8.566739e+00
2.852000e-05	1.486311e-02	8.766785e+00
2.853000e-05	-5.703914e-02	9.018820e+00
2.854000e-05	-2.014656e-02	9.292999e+00
2.855000e-05	-4.652167e-03	9.471477e+00
2.856000e-05	-1.356677e-02	9.684559e+00
2.857000e-05	-1.988658e-02	9.926078e+00
2.858000e-05	-3.596093e-02	1.014618e+01
2.859000e-05	1.708545e-04	1.036718e+01
2.860000e-05	-3.363869e-02	1.058916e+01
2.861000e-05	-2.542816e-02	1.074874e+01
2.862000e-05	-4.059027e-02	1.098921e+01
2.863000e-05	-2.278280e-02	1.117816e+01
2.864000e-05	-1.674513e-02	1.139016e+01
2.865000e-05	-3.371818e-02	1.159913e+01
2.866000e-05	-3.864055e-02	1.179824e+01
2.867000e-05	-3.951776e-02	1.199726e+01
2.868000e-05	-2.193645e-02	1.219711e+01
2.869000e-05	-3.135452e-02	1.230648e+01
2.870000e-05	-4.163468e-02	1.247508e+01
2.871000e-05	-4.948956e-02	1.268295e+01
2.872000e-05	-3.715889e-02	1.279979e+01
2.873000e-05	-3.477013e-02	1.303116e+01
2.874000e-05	-4.619223e-02	1.312650e+01
2.875000e-05	-5.240009e-02	1.329444e+01
2.876000e-05	-4.333090e-02	1.341932e+01
2.877000e-05	-3.932798e-02	1.354618e+01
2.878000e-05	-4.844850e-02	1.369392e+01
2.879000e-05	-6.362643e-02	1.385021e+01
2.880000e-05	-6.073593e-02	1.397798e+01
2.881000e-05	-5.359996e-02	1.403421e+01
2.882000e-05	-5.328400e-02	1.427123e+01
2.883000e-05	-6.395367e-02	1.431655e+01
2.884000e-05	-7.054695e-02	1.443032e+01
2.885000e-05	-6.254447e-02	1.453600e+01
2.886000e-05	-6.395797e-02	1.460069e+01
2.887000e-05	-6.820318e-02	1.470410e+01
2.888000e-05	-8.147207e-02	1.477671e+01
2.889000e-05	-7.599208e-02	1.487282e+01
2.890000e-05	-7.656030e-02	1.491503e+01
2.891000e-05	-7.930898e-02	1.496766e+01
2.892000e-05	-9.341822e-02	1.502174e+01
2.893000e-05	-9.515091e-02	1.510240e+01
2.894000e-05	-8.971993e-02	1.512542e+01
2.895000e-05	-8.979944e-02	1.514818e+01
2.896000e-05	-9.855894e-02	1.522121e+01
2.897000e-05	-1.090128e-01	1.522029e+01
2.898000e-05	-1.069920e-01	1.524331e+01
2.899000e-05	-1.093299e-01	1.529542e+01
2.900000e-05	-1.160355e-01	1.529540e+01
2.901000e-05	-1.274318e-01	1.531642e+01
2.902000e-05	-1.288195e-01	1.534600e+01
2.903000e-05	-1.283609e-01	1.529750e+01
2.904000e-05	-1.347149e-01	1.524287e+01
2.905000e-05	-1.491138e-01	1.530390e+01
2.906000e-05	-1.602312e-01	1.526277e+01
2.907000e-05	-1.644034e-01	1.522179e+01
2.908000e-05	-1.755428e-01	1.523141e+01
2.909000e-05	-1.931973e-01	1.515666e+01
2.910000e-05	-2.199004e-01	1.513863e+01
2.911000e-05	-2.401581e-01	1.508402e+01
2.912000e-05	-2.491772e-01	1.502234e+01
2.913000e-05	-2.500000e-01	1.495821e+01
2.914000e-05	-2.500000e-01	1.492643e+01
2.915000e-05	-2.500000e-01	1.482340e+01
2.916000e-05	-2.500000e-01	1.480029e+01
2.917000e-05	-2.500000e-01	1.474543e+01
2.918000e-05	-2.500000e-01	1.460179e+01
2.919000e-05	-2.482332e-01	1.453960e+01
2.920000e-05	-2.215271e-01	1.444227e+01
2.921000e-05	-1.941477e-01	1.429902e+01
2.922000e-05	-1.726447e-01	1.423071e+01
2.923000e-05	-1.614457e-01	1.406592e+01
2.924000e-05	-1.434167e-01	1.396963e+01
2.925000e-05	-1.285241e-01	1.384422e+01
2.926000e-05	-1.164913e-01	1.367703e+01
2.927000e-05	-1.106366e-01	1.353966e+01
2.928000e-05	-1.031447e-01	1.345189e+01
2.929000e-05	-9.385894e-02	1.329600e+01
2.930000e-05	-8.545330e-02	1.314919e+01
2.931000e-05	-8.280515e-02	1.302281e+01
2.932000e-05	-8.049835e-02	1.287487e+01
2.933000e-05	-7.427476e-02	1.269705e+01
2.934000e-05	-6.693228e-02	1.254769e+01
2.935000e-05	-6.293214e-02	1.239081e+01
2.936000e-05	-6.369342e-02	1.221176e+01
2.937000e-05	-6.027171e-02	1.204337e+01
2.938000e-05	-5.560034e-02	1.182442e+01
2.939000e-05	-5.170300e-02	1.167582e+01
2.940000e-05	-5.325526e-02	1.145294e+01
2.941000e-05	-5.157158e-02	1.124179e+01
2.942000e-05	-4.899906e-02	1.100397e+01
2.943000e-05	-4.282571e-02	1.085490e+01
2.944000e-05	-4.348090e-02	1.067137e+01
2.945000e-05	-4.316358e-02	1.044440e+01
2.946000e-05	-4.192920e-02	1.022994e+01
2.947000e-05	-3.815465e-02	9.981814e+00
2.948000e-05	-3.658879e-02	9.790731e+00
2.949000e-05	-3.737141e-02	9.527136e+00
2.950000e-05	-3.763105e-02	9.338231e+00
2.951000e-05	-3.586361e-02	9.117580e+00
2.952000e-05	-3.203988e-02	8.886004e+00
2.953000e-05	-3.284196e-02	8.632951e+00
2.954000e-05	-3.167277e-02	8.412849e+00
2.955000e-05	-3.091310e-02	8.179794e+00
2.956000e-05	-2.848422e-02	7.939683e+00
2.957000e-05	-2.762624e-02	7.677082e+00
2.958000e-05	-2.796847e-02	7.412519e+00
2.959000e-05	-2.852401e-02	7.158762e+00
2.960000e-05	-2.660123e-02	6.887628e+00
2.961000e-05	-2.447181e-02	6.626021e+00
2.962000e-05	-2.587435e-02	6.359791e+00
2.963000e-05	-2.462572e-02	6.128761e+00
2.964000e-05	-2.361756e-02	5.876508e+00
2.965000e-05	-2.149803e-02	5.620370e+00
2.966000e-05	-2.266839e-02	5.319215e+00
2.967000e-05	-2.108292e-02	5.021445e+00
2.968000e-05	-2.169450e-02	4.706213e+00
2.969000e-05	-1.948653e-02	4.434101e+00
2.970000e-05	-2.005391e-02	4.151916e+00
2.971000e-05	-1.999634e-02	3.883180e+00
2.972000e-05	-2.036895e-02	3.623528e+00
2.973000e-05	-1.726316e-02	3.328889e+00
2.974000e-05	-1.647946e-02	3.083604e+00
2.975000e-05	-1.699920e-02	2.832951e+00
2.976000e-05	-1.730559e-02	2.478237e+00
2.977000e-05	-1.617211e-02	2.221074e+00
2.978000e-05	-1.436118e-02	1.978371e+00
2.979000e-05	-1.460545e-02	1.654159e+00
2.980000e-05	-1.395237e-02	1.369945e+00
2.981000e-05	-1.392836e-02	1.085108e+00
2.982000e-05	-1.245546e-02	7.378196e-01
2.983000e-05	-1.151047e-02	4.746855e-01
2.984000e-05	-1.046188e-02	1.815998e-01
2.985000e-05	-8.902550e-03	-6.176290e-02
2.986000e-05	5.442449e-03	-3.663647e-01
2.987000e-05	-1.173878e-03	-6.209016e-01
2.988000e-05	2.036054e-03	-8.617082e-01
2.989000e-05	-2.723184e-03	-1.175816e+00
2.990000e-05	1.435644e-03	-1.459580e+00
2.991000e-05	-1.647149e-03	-1.695212e+00
2.992000e-05	2.043563e-02	-1.944839e+00
2.993000e-05	9.117486e-02	-2.197800e+00
2.994000e-05	9.028813e-02	-2.514238e+00
2.995000e-05	-6.462487e-02	-2.903670e+00
2.996000e-05	6.803202e-03	-3.293255e+00
2.997000e-05	-5.385047e-02	-3.534259e+00
2.998000e-05	-4.725239e-02	-3.733137e+00
2.999000e-05	-7.484062e-02	-3.946687e+00
3.000000e-05	1.979346e-01	-4.094639e+00
3.001000e-05	-1.801385e-01	-4.427425e+00
3.002000e-05	1.520989e-01	-4.673629e+00
3.003000e-05	2.584672e-02	-4.915688e+00
3.004000e-05	-1.065500e-01	-5.322608e+00
3.005000e-05	1.650996e-01	-5.536839e+00
3.006000e-05	-2.052213e-01	-5.870973e+00
3.007000e-05	1.757339e-01	-6.104657e+00
3.008000e-05	-3.176348e-02	-6.354690e+00
3.009000e-05	8.201011e-03	-6.671497e+00
3.010000e-05	9.853446e-02	-6.912030e+00
3.011000e-05	-1.231031e-01	-7.179342e+00
3.012000e-05	1.447462e-01	-7.460445e+00
3.013000e-05	-1.054784e-01	-7.730482e+00
3.014000e-05	1.022836e-01	-7.968366e+00
3.015000e-05	1.313316e-02	-8.218273e+00
3.016000e-05	-1.750846e-02	-8.501506e+00
3.017000e-05	1.200264e-01	-8.714531e+00
3.018000e-05	-1.132002e-01	-8.958239e+00
3.019000e-05	1.158912e-01	-9.156766e+00
3.020000e-05	-7.024370e-02	-9.368191e+00
3.021000e-05	1.091462e-01	-9.619998e+00
3.022000e-05	-5.191920e-03	-9.819898e+00
3.023000e-05	3.540052e-02	-1.008140e+01
3.024000e-05	4.037195e-02	-1.030140e+01
3.025000e-05	-1.587533e-02	-1.056363e+01
3.026000e-05	8.508934e-02	-1.068400e+01
3.027000e-05	-3.950792e-02	-1.089503e+01
3.028000e-05	9.253725e-02	-1.110405e+01
3.029000e-05	-2.404557e-02	-1.129558e+01
3.030000e-05	8.737051e-02	-1.151608e+01
3.031000e-05	-7.580293e-03	-1.174656e+01
3.032000e-05	5.510777e-02	-1.195508e+01
3.033000e-05	1.994405e-02	-1.212510e+01
3.034000e-05	4.923692e-02	-1.228458e+01
3.035000e-05	4.558740e-02	-1.246345e+01
3.036000e-05	2.093042e-02	-1.265979e+01
3.037000e-05	5.163506e-02	-1.278929e+01
3.038000e-05	2.256793e-02	-1.296811e+01
3.039000e-05	6.878139e-02	-1.307408e+01
3.040000e-05	2.465984e-02	-1.322985e+01
3.041000e-05	6.608070e-02	-1.339766e+01
3.042000e-05	3.134849e-02	-1.356361e+01
3.043000e-05	6.740538e-02	-1.365295e+01
3.044000e-05	3.738369e-02	-1.382931e+01
3.045000e-05	5.540249e-02	-1.393551e+01
3.046000e-05	4.521950e-02	-1.406089e+01
3.047000e-05	6.425114e-02	-1.415864e+01
3.048000e-05	6.086790e-02	-1.429385e+01
3.049000e-05	5.883201e-02	-1.440024e+01
3.050000e-05	6.067984e-02	-1.450502e+01
3.051000e-05	6.159659e-02	-1.461821e+01
3.052000e-05	7.463488e-02	-1.466298e+01
3.053000e-05	6.489042e-02	-1.475961e+01
3.054000e-05	7.531406e-02	-1.488187e+01
3.055000e-05	6.747693e-02	-1.491605e+01
3.056000e-05	8.413000e-02	-1.499016e+01
3.057000e-05	7.365863e-02	-1.503034e+01
3.058000e-05	8.351928e-02	-1.510293e+01
3.059000e-05	7.899029e-02	-1.517616e+01
3.060000e-05	9.591393e-02	-1.518771e+01
3.061000e-05	9.370191e-02	-1.521019e+01
3.062000e-05	9.738673e-02	-1.526289e+01
3.063000e-05	9.540468e-02	-1.527342e+01
3.064000e-05	1.012932e-01	-1.528647e+01
3.065000e-05	1.091337e-01	-1.534553e+01
3.066000e-05	1.112749e-01	-1.533565e+01
3.067000e-05	1.174138e-01	-1.527758e+01
3.068000e-05	1.203589e-01	-1.535815e+01
3.069000e-05	1.309881e-01	-1.534610e+01
3.070000e-05	1.338571e-01	-1.533558e+01
3.071000e-05	1.396692e-01	-1.532550e+01
3.072000e-05	1.462053e-01	-1.528395e+01
3.073000e-05	1.609506e-01	-1.531387e+01
3.074000e-05	1.761149e-01	-1.521374e+01
3.075000e-05	1.914351e-01	-1.521924e+01
3.076000e-05	2.104175e-01	-1.515756e+01
3.077000e-05	2.361046e-01	-1.514553e+01
3.078000e-05	2.491971e-01	-1.508387e+01
3.079000e-05	2.500000e-01	-1.502971e+01
3.080000e-05	2.500000e-01	-1.493810e+01
3.081000e-05	2.500000e-01	-1.488544e+01
3.082000e-05	2.500000e-01	-1.479871e+01
3.083000e-05	2.500000e-01	-1.469600e+01
3.084000e-05	2.499600e-01	-1.464234e+01
3.085000e-05	2.337643e-01	-1.454655e+01
3.086000e-05	2.069254e-01	-1.443224e+01
3.087000e-05	1.844368e-01	-1.435708e+01
3.088000e-05	1.627705e-01	-1.420179e+01
3.089000e-05	1.436730e-01	-1.410555e+01
3.090000e-05	1.284002e-01	-1.396971e+01
3.091000e-05	1.175024e-01	-1.383392e+01
3.092000e-05	1.059169e-01	-1.374400e+01
3.093000e-05	9.561847e-02	-1.357966e+01
3.094000e-05	8.584628e-02	-1.346237e+01
3.095000e-05	8.238532e-02	-1.331608e+01
3.096000e-05	7.731928e-02	-1.314776e+01
3.097000e-05	7.056842e-02	-1.303337e+01
3.098000e-05	6.312527e-02	-1.288390e+01
3.099000e-05	5.919242e-02	-1.274608e+01
3.100000e-05	5.680667e-02	-1.256678e+01
3.101000e-05	5.319523e-02	-1.239926e+01
3.102000e-05	4.856234e-02	-1.220990e+01
3.103000e-05	4.350482e-02	-1.206274e+01
3.104000e-05	4.354472e-02	-1.189182e+01
3.105000e-05	4.115810e-02	-1.163240e+01
3.106000e-05	3.766897e-02	-1.139224e+01
3.107000e-05	3.359856e-02	-1.119029e+01
3.108000e-05	3.356485e-02	-1.098829e+01
3.109000e-05	3.345220e-02	-1.081134e+01
3.110000e-05	3.114616e-02	-1.060230e+01
3.111000e-05	2.640306e-02	-1.036972e+01
3.112000e-05	2.525289e-02	-1.020936e+01
3.113000e-05	2.532573e-02	-9.977786e+00
3.114000e-05	2.399280e-02	-9.778290e+00
3.115000e-05	2.097527e-02	-9.518712e+00
3.116000e-05	1.926015e-02	-9.285654e+00
3.117000e-05	1.998321e-02	-9.103555e+00
3.118000e-05	1.905079e-02	-8.852954e+00
3.119000e-05	1.762243e-02	-8.641945e+00
3.120000e-05	1.333488e-02	-8.387869e+00
3.121000e-05	1.368803e-02	-8.177811e+00
3.122000e-05	1.387773e-02	-7.946588e+00
3.123000e-05	1.376963e-02	-7.623422e+00
3.124000e-05	9.966184e-03	-7.418367e+00
3.125000e-05	9.269380e-03	-7.077107e+00
3.126000e-05	9.412362e-03	-6.874000e+00
3.127000e-05	1.002517e-02	-6.590396e+00
3.128000e-05	5.974383e-03	-6.367763e+00
3.129000e-05	5.957488e-03	-6.073128e+00
3.130000e-05	5.067365e-03	-5.810949e+00
3.131000e-05	5.500399e-03	-5.587691e+00
3.132000e-05	4.037228e-03	-5.291578e+00
3.133000e-05	2.549987e-03	-4.926790e+00
3.134000e-05	4.322901e-04	-4.622549e+00
3.135000e-05	3.291132e-03	-4.419500e+00
3.136000e-05	1.529249e-03	-4.138417e+00
3.137000e-05	1.970008e-03	-3.894080e+00
3.138000e-05	-2.428910e-03	-3.581419e+00
3.139000e-05	-6.287676e-05	-3.296269e+00
3.140000e-05	-4.005188e-03	-3.023604e+00
3.141000e-05	-1.582492e-03	-2.726796e+00
3.142000e-05	-4.842321e-03	-2.456209e+00
3.143000e-05	-1.666223e-03	-2.221451e+00
3.144000e-05	-4.299367e-03	-1.916738e+00
3.145000e-05	-3.295445e-03	-1.654205e+00
3.146000e-05	-5.815982e-03	-1.315316e+00
3.147000e-05	-6.946046e-03	-1.032554e+00
3.148000e-05	-6.057281e-03	-7.474649e-01
3.149000e-05	-6.690032e-03	-4.217028e-01
3.150000e-05	-6.457773e-03	-1.684949e-01
3.151000e-05	-2.557822e-03	9.263426e-02
3.152000e-05	1.053458e-02	3.774487e-01
3.153000e-05	-2.424455e-03	6.215527e-01
3.154000e-05	6.592914e-03	8.526315e-01
3.155000e-05	-5.155491e-03	1.228869e+00
3.156000e-05	2.948960e-03	1.452004e+00
3.157000e-05	-4.931336e-03	1.788317e+00
3.158000e-05	1.736920e-02	1.998419e+00
3.159000e-05	5.186655e-02	2.233053e+00
3.160000e-05	1.106332e-01	2.516292e+00
3.161000e-05	-5.331993e-02	2.903110e+00
3.162000e-05	-2.609820e-02	3.188395e+00
3.163000e-05	-4.509014e-02	3.462053e+00
3.164000e-05	-2.187560e-02	3.725684e+00
3.165000e-05	-9.199626e-02	3.935113e+00
3.166000e-05	-1.273749e-02	4.123687e+00
3.167000e-05	1.149975e-01	4.422473e+00
3.168000e-05	-1.345420e-01	4.707205e+00
3.169000e-05	1.494860e-01	4.967187e+00
3.170000e-05	-3.383841e-02	5.286208e+00
3.171000e-05	-6.367939e-02	5.548217e+00
3.172000e-05	5.055216e-02	5.871998e+00
3.173000e-05	-7.476442e-02	6.095636e+00
3.174000e-05	7.445630e-02	6.358211e+00
3.175000e-05	-5.750970e-02	6.671474e+00
3.176000e-05	-1.635782e-03	6.905582e+00
3.177000e-05	1.607187e-04	7.168161e+00
3.178000e-05	-3.511752e-02	7.460797e+00
3.179000e-05	1.646624e-02	7.735631e+00
3.180000e-05	-7.139387e-02	8.019742e+00
3.181000e-05	4.570574e-02	8.274825e+00
3.182000e-05	-2.671880e-02	8.474077e+00
3.183000e-05	-9.543385e-03	8.674424e+00
3.184000e-05	-8.343925e-03	8.937163e+00
3.185000e-05	-6.977745e-02	9.156206e+00
3.186000e-05	2.324657e-02	9.368242e+00
3.187000e-05	-3.794007e-02	9.597818e+00
3.188000e-05	8.371373e-03	9.831819e+00
3.189000e-05	-5.349194e-02	1.006295e+01
3.190000e-05	1.021172e-03	1.030347e+01
3.191000e-05	-2.114524e-02	1.049348e+01
3.192000e-05	-3.192038e-02	1.068500e+01
3.193000e-05	-2.851900e-02	1.091662e+01
3.194000e-05	-4.637979e-02	1.109495e+01
3.195000e-05	-9.342143e-04	1.128348e+01
3.196000e-05	-4.147842e-02	1.150488e+01
3.197000e-05	-2.207658e-02	1.169752e+01
3.198000e-05	-5.305312e-02	1.189555e+01
3.199000e-05	-1.665730e-02	1.207250e+01
3.200000e-05	-3.157097e-02	1.229337e+01
3.201000e-05	-3.447509e-02	1.243222e+01
3.202000e-05	-4.959101e-02	1.259932e+01
3.203000e-05	-4.571324e-02	1.274613e+01
3.204000e-05	-3.038982e-02	1.292608e+01
3.205000e-05	-4.547681e-02	1.307340e+01
3.206000e-05	-4.465035e-02	1.320214e+01
3.207000e-05	-5.414070e-02	1.335763e+01
3.208000e-05	-3.348838e-02	1.347452e+01
3.209000e-05	-4.782709e-02	1.363185e+01
3.210000e-05	-5.454555e-02	1.373866e+01
3.211000e-05	-6.652606e-02	1.389542e+01
3.212000e-05	-5.625066e-02	1.401216e+01
3.213000e-05	-5.243456e-02	1.413858e+01
3.214000e-05	-5.997826e-02	1.431589e+01
3.215000e-05	-6.715208e-02	1.437861e+01
3.216000e-05	-6.758904e-02	1.452390e+01
3.217000e-05	-5.907721e-02	1.457963e+01
3.218000e-05	-6.721857e-02	1.469389e+01
3.219000e-05	-7.410098e-02	1.474663e+01
3.220000e-05	-8.152481e-02	1.482182e+01
3.221000e-05	-7.455853e-02	1.488592e+01
3.222000e-05	-7.815872e-02	1.495708e+01
3.223000e-05	-8.760076e-02	1.501971e+01
3.224000e-05	-9.631474e-02	1.508281e+01
3.225000e-05	-9.256902e-02	1.510648e+01
3.226000e-05	-8.771604e-02	1.513908e+01
3.227000e-05	-9.503219e-02	1.519766e+01
3.228000e-05	-1.043673e-01	1.522081e+01
3.229000e-05	-1.095739e-01	1.522229e+01
3.230000e-05	-1.073457e-01	1.528482e+01
3.231000e-05	-1.128221e-01	1.529390e+01
3.232000e-05	-1.239844e-01	1.530453e+01
3.233000e-05	-1.285138e-01	1.529702e+01
3.234000e-05	-1.282426e-01	1.529495e+01
3.235000e-05	-1.294920e-01	1.532534e+01
3.236000e-05	-1.429232e-01	1.530297e+01
3.237000e-05	-1.559680e-01	1.528437e+01
3.238000e-05	-1.628939e-01	1.527132e+01
3.239000e-05	-1.697665e-01	1.517126e+01
3.240000e-05	-1.848387e-01	1.521013e+01
3.241000e-05	-2.088946e-01	1.515806e+01
3.242000e-05	-2.319241e-01	1.510650e+01
3.243000e-05	-2.474314e-01	1.504389e+01
3.244000e-05	-2.499997e-01	1.499069e+01
3.245000e-05	-2.500000e-01	1.497703e+01
3.246000e-05	-2.500000e-01	1.487395e+01
3.247000e-05	-2.500000e-01	1.481226e+01
3.248000e-05	-2.500000e-01	1.471856e+01
3.249000e-05	-2.500000e-01	1.466334e+01
3.250000e-05	-2.499900e-01	1.455913e+01
3.251000e-05	-2.338486e-01	1.448443e+01
3.252000e-05	-2.054447e-01	1.438663e+01
3.253000e-05	-1.802870e-01	1.428277e+01
3.254000e-05	-1.673131e-01	1.411850e+01
3.255000e-05	-1.491150e-01	1.400176e+01
3.256000e-05	-1.344616e-01	1.388493e+01
3.257000e-05	-1.180252e-01	1.374966e+01
3.258000e-05	-1.146243e-01	1.362430e+01
3.259000e-05	-1.070260e-01	1.351603e+01
3.260000e-05	-9.943194e-02	1.336819e+01
3.261000e-05	-8.704161e-02	1.323131e+01
3.262000e-05	-8.394123e-02	1.307494e+01
3.263000e-05	-8.123938e-02	1.291658e+01
3.264000e-05	-7.714364e-02	1.278924e+01
3.265000e-05	-6.865453e-02	1.260089e+01
3.266000e-05	-6.509599e-02	1.247427e+01
3.267000e-05	-6.286858e-02	1.230450e+01
3.268000e-05	-6.300827e-02	1.210671e+01
3.269000e-05	-5.656020e-02	1.190660e+01
3.270000e-05	-5.315922e-02	1.173601e+01
3.271000e-05	-5.177580e-02	1.155765e+01
3.272000e-05	-5.277170e-02	1.129758e+01
3.273000e-05	-5.128519e-02	1.110763e+01
3.274000e-05	-4.334408e-02	1.092811e+01
3.275000e-05	-4.365919e-02	1.073820e+01
3.276000e-05	-4.181015e-02	1.052768e+01
3.277000e-05	-4.306409e-02	1.031608e+01
3.278000e-05	-3.895995e-02	1.006653e+01
3.279000e-05	-3.807868e-02	9.895522e+00
3.280000e-05	-3.945348e-02	9.612994e+00
3.281000e-05	-3.927489e-02	9.411444e+00
3.282000e-05	-3.697041e-02	9.222840e+00
3.283000e-05	-3.025368e-02	8.930283e+00
3.284000e-05	-3.137525e-02	8.749163e+00
3.285000e-05	-3.124733e-02	8.516708e+00
3.286000e-05	-3.239627e-02	8.305078e+00
3.287000e-05	-2.937514e-02	8.053470e+00
3.288000e-05	-2.826101e-02	7.768892e+00
3.289000e-05	-3.038056e-02	7.548132e+00
3.290000e-05	-2.847636e-02	7.225450e+00
3.291000e-05	-2.652795e-02	6.980895e+00
3.292000e-05	-2.302778e-02	6.779686e+00
3.293000e-05	-2.421323e-02	6.475101e+00
3.294000e-05	-2.659446e-02	6.222447e+00
3.295000e-05	-2.427671e-02	6.030917e+00
3.296000e-05	-2.232705e-02	5.705803e+00
3.297000e-05	-2.183575e-02	5.463528e+00
3.298000e-05	-2.353424e-02	5.138735e+00
3.299000e-05	-2.215693e-02	4.823374e+00
3.300000e-05	-1.970665e-02	4.537313e+00
3.301000e-05	-1.962084e-02	4.284579e+00
3.302000e-05	-1.927303e-02	4.020345e+00
3.303000e-05	-2.035471e-02	3.708262e+00
3.304000e-05	-1.688236e-02	3.475599e+00
3.305000e-05	-1.662277e-02	3.190292e+00
3.306000e-05	-1.634667e-02	2.906213e+00
3.307000e-05	-1.862041e-02	2.644028e+00
3.308000e-05	-1.683443e-02	2.297238e+00
3.309000e-05	-1.575587e-02	2.064658e+00
3.310000e-05	-1.329517e-02	1.801446e+00
3.311000e-05	-1.475503e-02	1.455660e+00
3.312000e-05	-1.437404e-02	1.211466e+00
3.313000e-05	-1.189818e-02	8.637091e-01
3.314000e-05	-1.125967e-02	5.819723e-01
3.315000e-05	-1.198639e-02	3.894059e-01
3.316000e-05	-1.032420e-02	3.050637e-02
3.317000e-05	-3.774509e-03	-2.510828e-01
3.318000e-05	6.871253e-03	-5.021883e-01
3.319000e-05	-4.563704e-03	-7.279486e-01
3.320000e-05	4.327564e-03	-1.009079e+00
3.321000e-05	-6.305990e-03	-1.324844e+00
3.322000e-05	4.924490e-03	-1.580978e+00
3.323000e-05	3.280150e-03	-1.841683e+00
3.324000e-05	5.350197e-02	-2.031059e+00
3.325000e-05	1.407043e-01	-2.376871e+00
3.326000e-05	-4.135524e-02	-2.765318e+00
3.327000e-05	-7.894001e-03	-3.188372e+00
3.328000e-05	-4.539400e-02	-3.387999e+00
3.329000e-05	-3.072291e-02	-3.600023e+00
3.330000e-05	-1.190480e-01	-3.900004e+00
3.331000e-05	1.389600e-01	-4.011499e+00
3.332000e-05	-1.243299e-02	-4.280128e+00
3.333000e-05	-5.313270e-02	-4.587895e+00
3.334000e-05	2.065164e-01	-4.778941e+00
3.335000e-05	-1.974515e-01	-5.147295e+00
3.336000e-05	1.629470e-01	-5.463554e+00
3.337000e-05	-1.067697e-01	-5.733142e+00
3.338000e-05	-6.763494e-03	-5.980419e+00
3.339000e-05	1.423260e-01	-6.229374e+00
3.340000e-05	-1.213520e-01	-6.564311e+00
3.341000e-05	1.721018e-01	-6.817919e+00
3.342000e-05	-1.124975e-01	-7.050603e+00
3.343000e-05	6.988358e-02	-7.357741e+00
3.344000e-05	1.133313e-02	-7.556236e+00
3.345000e-05	-3.909818e-02	-7.884600e+00
3.346000e-05	1.363469e-01	-8.145211e+00
3.347000e-05	-1.066527e-01	-8.356736e+00
3.348000e-05	1.489077e-01	-8.680296e+00
3.349000e-05	-7.225445e-02	-8.851471e+00
3.350000e-05	4.214228e-02	-9.104629e+00
3.351000e-05	2.070522e-02	-9.334502e+00
3.352000e-05	7.792837e-04	-9.587161e+00
3.353000e-05	1.006567e-01	-9.746212e+00
3.354000e-05	-5.213991e-02	-9.956240e+00
3.355000e-05	1.059713e-01	-1.019824e+01
3.356000e-05	-5.999035e-02	-1.044977e+01
3.357000e-05	9.824932e-02	-1.064135e+01
3.358000e-05	-2.589381e-02	-1.077837e+01
3.359000e-05	6.139915e-02	-1.103129e+01
3.360000e-05	1.848271e-02	-1.120792e+01
3.361000e-05	3.589574e-02	-1.143050e+01
3.362000e-05	4.910950e-02	-1.160934e+01
3.363000e-05	2.193565e-03	-1.185282e+01
3.364000e-05	6.162391e-02	-1.204197e+01
3.365000e-05	6.890694e-03	-1.221082e+01
3.366000e-05	7.902533e-02	-1.242871e+01
3.367000e-05	3.342868e-03	-1.259621e+01
3.368000e-05	6.214148e-02	-1.274496e+01
3.369000e-05	1.535721e-02	-1.284152e+01
3.370000e-05	6.500770e-02	-1.304082e+01
3.371000e-05	3.273626e-02	-1.318821e+01
3.372000e-05	5.453086e-02	-1.335559e+01
3.373000e-05	4.313687e-02	-1.350340e+01
3.374000e-05	5.045568e-02	-1.363736e+01
3.375000e-05	5.359628e-02	-1.375665e+01
3.376000e-05	4.056505e-02	-1.391443e+01
3.377000e-05	5.537212e-02	-1.399926e+01
3.378000e-05	5.047593e-02	-1.416708e+01
3.379000e-05	7.031317e-02	-1.427127e+01
3.380000e-05	5.401887e-02	-1.433751e+01
3.381000e-05	6.492537e-02	-1.444347e+01
3.382000e-05	5.630151e-02	-1.454918e+01
3.383000e-05	7.335786e-02	-1.465387e+01
3.384000e-05	6.553538e-02	-1.471661e+01
3.385000e-05	7.278259e-02	-1.483977e+01
3.386000e-05	6.951477e-02	-1.494537e+01
3.387000e-05	7.950313e-02	-1.496864e+01
3.388000e-05	7.794472e-02	-1.499972e+01
3.389000e-05	7.923319e-02	-1.504182e+01
3.390000e-05	8.238424e-02	-1.516353e+01
3.391000e-05	8.822634e-02	-1.515758e+01
3.392000e-05	9.689955e-02	-1.519071e+01
3.393000e-05	9.369158e-02	-1.527279e+01
3.394000e-05	9.744031e-02	-1.525295e+01
3.395000e-05	9.642596e-02	-1.529347e+01
3.396000e-05	1.075824e-01	-1.524505e+01
3.397000e-05	1.095943e-01	-1.536665e+01
3.398000e-05	1.162402e-01	-1.532716e+01
3.399000e-05	1.190467e-01	-1.535763e+01
3.400000e-05	1.276746e-01	-1.533758e+01
3.401000e-05	1.331466e-01	-1.533608e+01
3.402000e-05	1.356324e-01	-1.533597e+01
3.403000e-05	1.423731e-01	-1.530355e+01
3.404000e-05	1.541544e-01	-1.531540e+01
3.405000e-05	1.711768e-01	-1.524290e+01
3.406000e-05	1.850806e-01	-1.519024e+01
3.407000e-05	2.022929e-01	-1.517868e+01
3.408000e-05	2.262967e-01	-1.514653e+01
3.409000e-05	2.472095e-01	-1.508300e+01
3.410000e-05	2.500000e-01	-1.503036e+01
3.411000e-05	2.500000e-01	-1.498916e+01
3.412000e-05	2.500000e-01	-1.488440e+01
3.413000e-05	2.500000e-01	-1.482142e+01
3.414000e-05	2.500000e-01	-1.476703e+01
3.415000e-05	2.500000e-01	-1.466435e+01
3.416000e-05	2.442178e-01	-1.458774e+01
3.417000e-05	2.159863e-01	-1.446332e+01
3.418000e-05	1.939959e-01	-1.437821e+01
3.419000e-05	1.713143e-01	-1.428397e+01
3.420000e-05	1.510015e-01	-1.414861e+01
3.421000e-05	1.344993e-01	-1.404284e+01
3.422000e-05	1.218625e-01	-1.392597e+01
3.423000e-05	1.109329e-01	-1.375821e+01
3.424000e-05	1.002613e-01	-1.366082e+01
3.425000e-05	9.004246e-02	-1.353308e+01
3.426000e-05	8.442234e-02	-1.339874e+01
3.427000e-05	7.961196e-02	-1.322079e+01
3.428000e-05	7.289362e-02	-1.309400e+01
3.429000e-05	6.540485e-02	-1.295648e+01
3.430000e-05	6.054010e-02	-1.277819e+01
3.431000e-05	5.779514e-02	-1.260044e+01
3.432000e-05	5.601197e-02	-1.245242e+01
3.433000e-05	5.082356e-02	-1.228500e+01
3.434000e-05	4.508647e-02	-1.209596e+01
3.435000e-05	4.326560e-02	-1.195815e+01
3.436000e-05	4.159160e-02	-1.170855e+01
3.437000e-05	3.915072e-02	-1.149661e+01
3.438000e-05	3.539414e-02	-1.132445e+01
3.439000e-05	3.400127e-02	-1.107455e+01
3.440000e-05	3.387380e-02	-1.089350e+01
3.441000e-05	3.179069e-02	-1.070458e+01
3.442000e-05	2.881594e-02	-1.051656e+01
3.443000e-05	2.550788e-02	-1.027458e+01
3.444000e-05	2.510601e-02	-1.004597e+01
3.445000e-05	2.495165e-02	-9.840975e+00
3.446000e-05	2.371265e-02	-9.622900e+00
3.447000e-05	1.968377e-02	-9.400885e+00
3.448000e-05	1.983497e-02	-9.188793e+00
3.449000e-05	1.873702e-02	-8.966865e+00
3.450000e-05	1.850132e-02	-8.746132e+00
3.451000e-05	1.480145e-02	-8.475026e+00
3.452000e-05	1.413704e-02	-8.251548e+00
3.453000e-05	1.433713e-02	-8.041474e+00
3.454000e-05	1.449147e-02	-7.727778e+00
3.455000e-05	1.214060e-02	-7.463479e+00
3.456000e-05	1.027004e-02	-7.242049e+00
3.457000e-05	1.017478e-02	-6.958886e+00
3.458000e-05	9.238408e-03	-6.696134e+00
3.459000e-05	7.530035e-03	-6.434128e+00
3.460000e-05	5.246331e-03	-6.189445e+00
3.461000e-05	4.863997e-03	-5.897215e+00
3.462000e-05	4.848736e-03	-5.673178e+00
3.463000e-05	5.143942e-03	-5.380342e+00
3.464000e-05	2.352708e-03	-5.084580e+00
3.465000e-05	2.741155e-03	-4.739467e+00
3.466000e-05	3.691948e-03	-4.476234e+00
3.467000e-05	3.741559e-03	-4.253731e+00
3.468000e-05	3.193962e-03	-4.031001e+00
3.469000e-05	-3.202754e-03	-3.725738e+00
3.470000e-05	-1.718785e-03	-3.442578e+00
3.471000e-05	-4.224291e-03	-3.187494e+00
3.472000e-05	-1.834099e-03	-2.873160e+00
3.473000e-05	-4.014147e-03	-2.590020e+00
3.474000e-05	-6.179811e-04	-2.357892e+00
3.475000e-05	-1.967171e-03	-2.002601e+00
3.476000e-05	-8.379309e-04	-1.787444e+00
3.477000e-05	-5.782728e-03	-1.454010e+00
3.478000e-05	-6.997764e-03	-1.117820e+00
3.479000e-05	-8.147585e-03	-8.526803e-01
3.480000e-05	-8.275960e-03	-5.574188e-01
3.481000e-05	-7.004803e-03	-2.952594e-01
3.482000e-05	-4.959454e-03	-4.110621e-02
3.483000e-05	1.027190e-02	2.811053e-01
3.484000e-05	1.828780e-03	5.262881e-01
3.485000e-05	5.875703e-03	7.783461e-01
3.486000e-05	-1.001161e-03	1.103654e+00
3.487000e-05	-9.206258e-04	1.354766e+00
3.488000e-05	-3.009202e-03	1.664532e+00
3.489000e-05	5.984481e-03	1.893689e+00
3.490000e-05	2.847109e-02	2.125188e+00
3.491000e-05	1.116034e-01	2.398445e+00
3.492000e-05	1.135398e-02	2.780390e+00
3.493000e-05	-4.857826e-02	3.052603e+00
3.494000e-05	-3.172301e-02	3.315661e+00
3.495000e-05	-3.138942e-02	3.630045e+00
3.496000e-05	-6.392464e-02	3.861502e+00
3.497000e-05	-7.101179e-02	3.999976e+00
3.498000e-05	9.884263e-02	4.314754e+00
3.499000e-05	-3.978689e-02	4.661500e+00
3.500000e-05	-8.794780e-03	4.821026e+00
3.501000e-05	1.334277e-01	5.158261e+00
3.502000e-05	-1.512300e-01	5.464533e+00
3.503000e-05	7.186434e-02	5.723661e+00
3.504000e-05	-6.436264e-02	6.031474e+00
3.505000e-05	2.685157e-02	6.281471e+00
3.506000e-05	1.641540e-02	6.537691e+00
3.507000e-05	-6.751737e-02	6.809992e+00
3.508000e-05	4.937078e-02	7.040451e+00
3.509000e-05	-6.748342e-02	7.317658e+00
3.510000e-05	3.563931e-02	7.640867e+00
3.511000e-05	-7.322086e-02	7.903404e+00
3.512000e-05	1.560257e-02	8.169241e+00
3.513000e-05	1.380702e-02	8.389345e+00
3.514000e-05	-3.838420e-02	8.598795e+00
3.515000e-05	1.696768e-02	8.810347e+00
3.516000e-05	-7.310642e-02	9.093444e+00
3.517000e-05	4.004311e-03	9.302505e+00
3.518000e-05	-2.440249e-02	9.505103e+00
3.519000e-05	1.288782e-04	9.776137e+00
3.520000e-05	-3.697908e-02	9.990181e+00
3.521000e-05	-2.000383e-02	1.019924e+01
3.522000e-05	-5.379419e-03	1.040024e+01
3.523000e-05	-3.571377e-02	1.063069e+01
3.524000e-05	-2.409732e-02	1.082871e+01
3.525000e-05	-4.666841e-02	1.103282e+01
3.526000e-05	-1.121162e-02	1.121822e+01
3.527000e-05	-2.701130e-02	1.141226e+01
3.528000e-05	-2.743793e-02	1.160879e+01
3.529000e-05	-4.728790e-02	1.186174e+01
3.530000e-05	-2.968469e-02	1.202979e+01
3.531000e-05	-2.608373e-02	1.221908e+01
3.532000e-05	-3.029776e-02	1.235708e+01
3.533000e-05	-4.494521e-02	1.255861e+01
3.534000e-05	-4.646614e-02	1.269392e+01
3.535000e-05	-3.302835e-02	1.287189e+01
3.536000e-05	-3.967397e-02	1.302164e+01
3.537000e-05	-4.534754e-02	1.318451e+01
3.538000e-05	-5.578874e-02	1.331442e+01
3.539000e-05	-3.797451e-02	1.343235e+01
3.540000e-05	-4.274604e-02	1.361913e+01
3.541000e-05	-4.785583e-02	1.371560e+01
3.542000e-05	-6.635545e-02	1.384374e+01
3.543000e-05	-5.724730e-02	1.400951e+01
3.544000e-05	-5.293055e-02	1.414497e+01
3.545000e-05	-5.515232e-02	1.423973e+01
3.546000e-05	-6.576595e-02	1.439816e+01
3.547000e-05	-7.066080e-02	1.446282e+01
3.548000e-05	-6.039541e-02	1.458706e+01
3.549000e-05	-6.506309e-02	1.461174e+01
3.550000e-05	-6.925432e-02	1.471695e+01
3.551000e-05	-8.362087e-02	1.479028e+01
3.552000e-05	-7.437263e-02	1.487292e+01
3.553000e-05	-7.619087e-02	1.493548e+01
3.554000e-05	-8.062802e-02	1.501818e+01
3.555000e-05	-9.566283e-02	1.505329e+01
3.556000e-05	-9.511739e-02	1.509392e+01
3.557000e-05	-8.846354e-02	1.513600e+01
3.558000e-05	-9.201950e-02	1.515958e+01
3.559000e-05	-1.013748e-01	1.527069e+01
3.560000e-05	-1.101007e-01	1.525129e+01
3.561000e-05	-1.060221e-01	1.526140e+01
3.562000e-05	-1.091649e-01	1.527429e+01
3.563000e-05	-1.178015e-01	1.528590e+01
3.564000e-05	-1.292808e-01	1.532645e+01
3.565000e-05	-1.291639e-01	1.530542e+01
3.566000e-05	-1.282226e-01	1.528438e+01
3.567000e-05	-1.378424e-01	1.529335e+01
3.568000e-05	-1.515222e-01	1.533334e+01
3.569000e-05	-1.619358e-01	1.526382e+01
3.570000e-05	-1.657579e-01	1.525074e+01
3.571000e-05	-1.772038e-01	1.519921e+01
3.572000e-05	-1.992182e-01	1.513908e+01
3.573000e-05	-2.235506e-01	1.512608e+01
3.574000e-05	-2.427033e-01	1.504485e+01
3.575000e-05	-2.496974e-01	1.503974e+01
3.576000e-05	-2.500000e-01	1.495616e+01
3.577000e-05	-2.500000e-01	1.491442e+01
3.578000e-05	-2.500000e-01	1.485287e+01
3.579000e-05	-2.500000e-01	1.477918e+01
3.580000e-05	-2.500000e-01	1.467387e+01
3.581000e-05	-2.500000e-01	1.457116e+01
3.582000e-05	-2.446876e-01	1.450702e+01
3.583000e-05	-2.144617e-01	1.442169e+01
3.584000e-05	-1.875557e-01	1.432400e+01
3.585000e-05	-1.719719e-01	1.420017e+01
3.586000e-05	-1.586860e-01	1.408229e+01
3.587000e-05	-1.417581e-01	1.396860e+01
3.588000e-05	-1.244059e-01	1.379074e+01
3.589000e-05	-1.159133e-01	1.368547e+01
3.590000e-05	-1.091339e-01	1.352661e+01
3.591000e-05	-1.017403e-01	1.342234e+01
3.592000e-05	-9.011126e-02	1.326402e+01
3.593000e-05	-8.462662e-02	1.314761e+01
3.594000e-05	-8.272773e-02	1.301971e+01
3.595000e-05	-8.001085e-02	1.283237e+01
3.596000e-05	-7.199891e-02	1.267340e+01
3.597000e-05	-6.655913e-02	1.250593e+01
3.598000e-05	-6.212757e-02	1.237816e+01
3.599000e-05	-6.423232e-02	1.218916e+01
3.600000e-05	-5.867497e-02	1.202077e+01
3.601000e-05	-5.476093e-02	1.181132e+01
3.602000e-05	-5.117982e-02	1.162227e+01
3.603000e-05	-5.369993e-02	1.140123e+01
3.604000e-05	-5.122304e-02	1.121174e+01
3.605000e-05	-4.677881e-02	1.101132e+01
3.606000e-05	-4.281192e-02	1.083234e+01
3.607000e-05	-4.273514e-02	1.057132e+01
3.608000e-05	-4.338032e-02	1.040081e+01
3.609000e-05	-4.095836e-02	1.017874e+01
3.610000e-05	-3.778633e-02	9.959113e+00
3.611000e-05	-3.701904e-02	9.717180e+00
3.612000e-05	-3.835200e-02	9.485153e+00
3.613000e-05	-3.748697e-02	9.324582e+00
3.614000e-05	-3.382014e-02	9.085973e+00
3.615000e-05	-3.152529e-02	8.812822e+00
3.616000e-05	-3.313771e-02	8.550941e+00
3.617000e-05	-3.256271e-02	8.380319e+00
3.618000e-05	-2.928027e-02	8.196709e+00
3.619000e-05	-2.629568e-02	7.876508e+00
3.620000e-05	-2.680633e-02	7.603920e+00
3.621000e-05	-2.884862e-02	7.321767e+00
3.622000e-05	-2.872624e-02	7.086107e+00
3.623000e-05	-2.617032e-02	6.834549e+00
3.624000e-05	-2.502296e-02	6.551866e+00
3.625000e-05	-2.588564e-02	6.306132e+00
3.626000e-05	-2.483210e-02	6.084632e+00
3.627000e-05	-2.124710e-02	5.882999e+00
3.628000e-05	-2.025756e-02	5.549263e+00
3.629000e-05	-2.068140e-02	5.285104e+00
3.630000e-05	-2.294848e-02	4.911211e+00
3.631000e-05	-2.230368e-02	4.644101e+00
3.632000e-05	-2.090290e-02	4.392474e+00
3.633000e-05	-1.939559e-02	4.078310e+00
3.634000e-05	-2.050588e-02	3.843524e+00
3.635000e-05	-1.919026e-02	3.609924e+00
3.636000e-05	-1.656655e-02	3.277688e+00
3.637000e-05	-1.423064e-02	3.001526e+00
3.638000e-05	-1.684082e-02	2.769841e+00
3.639000e-05	-1.773901e-02	2.433500e+00
3.640000e-05	-1.707174e-02	2.161367e+00
3.641000e-05	-1.422398e-02	1.886683e+00
3.642000e-05	-1.416163e-02	1.622527e+00
3.643000e-05	-1.544315e-02	1.327262e+00
3.644000e-05	-1.411355e-02	9.940249e-01
3.645000e-05	-1.170458e-02	7.066880e-01
3.646000e-05	-9.753439e-03	4.435801e-01
3.647000e-05	-1.035901e-02	1.279984e-01
3.648000e-05	-7.402300e-03	-1.352673e-01
3.649000e-05	7.171276e-03	-3.894499e-01
3.650000e-05	-3.243416e-03	-6.917068e-01
3.651000e-05	3.661801e-03	-9.352920e-01
3.652000e-05	-4.345488e-03	-1.209398e+00
3.653000e-05	2.172856e-03	-1.545784e+00
3.654000e-05	-4.183826e-04	-1.746840e+00
3.655000e-05	2.970021e-02	-1.977871e+00
3.656000e-05	1.159770e-01	-2.258479e+00
3.657000e-05	4.496881e-02	-2.617450e+00
3.658000e-05	-5.100814e-02	-3.017850e+00
3.659000e-05	-3.487818e-03	-3.334191e+00
3.660000e-05	-4.685212e-02	-3.554713e+00
3.661000e-05	-7.315037e-02	-3.785869e+00
3.662000e-05	-1.320597e-02	-3.997217e+00
3.663000e-05	1.632825e-01	-4.146291e+00
3.664000e-05	-1.934021e-01	-4.451557e+00
3.665000e-05	2.070187e-01	-4.707687e+00
3.666000e-05	-7.682073e-02	-4.964396e+00
3.667000e-05	-8.297525e-03	-5.397763e+00
3.668000e-05	9.325617e-02	-5.559446e+00
3.669000e-05	-1.830714e-01	-5.924062e+00
3.670000e-05	2.045241e-01	-6.126636e+00
3.671000e-05	-1.000477e-01	-6.419342e+00
3.672000e-05	8.428796e-02	-6.704577e+00
3.673000e-05	2.454583e-02	-6.966186e+00
3.674000e-05	-7.303576e-02	-7.232925e+00
3.675000e-05	1.304041e-01	-7.512126e+00
3.676000e-05	-1.170097e-01	-7.737161e+00
3.677000e-05	1.474194e-01	-8.040975e+00
3.678000e-05	-5.176008e-02	-8.241478e+00
3.679000e-05	4.832482e-02	-8.546586e+00
3.680000e-05	6.077495e-02	-8.756087e+00
3.681000e-05	-8.022578e-02	-9.007894e+00
3.682000e-05	1.084687e-01	-9.178918e+00
3.683000e-05	-7.472761e-02	-9.459346e+00
3.684000e-05	1.360620e-01	-9.672070e+00
3.685000e-05	-4.506647e-02	-9.914405e+00
3.686000e-05	7.804007e-02	-1.010461e+01
3.687000e-05	-4.652594e-03	-1.030355e+01
3.688000e-05	2.734867e-02	-1.058716e+01
3.689000e-05	4.991132e-02	-1.070673e+01
3.690000e-05	-1.473101e-02	-1.095608e+01
3.691000e-05	7.857634e-02	-1.112606e+01
3.692000e-05	-1.807723e-02	-1.137816e+01
3.693000e-05	9.004485e-02	-1.153756e+01
3.694000e-05	-1.817375e-02	-1.177814e+01
3.695000e-05	7.057273e-02	-1.194771e+01
3.696000e-05	5.597504e-03	-1.212665e+01
3.697000e-05	6.870823e-02	-1.229658e+01
3.698000e-05	2.530125e-02	-1.247298e+01
3.699000e-05	3.695767e-02	-1.267288e+01
3.700000e-05	3.664572e-02	-1.281979e+01
3.701000e-05	3.502239e-02	-1.298931e+01
3.702000e-05	5.955579e-02	-1.312591e+01
3.703000e-05	3.137665e-02	-1.329052e+01
3.704000e-05	6.374335e-02	-1.343029e+01
3.705000e-05	3.279805e-02	-1.357556e+01
3.706000e-05	6.788057e-02	-1.367300e+01
3.707000e-05	3.298674e-02	-1.382086e+01
3.708000e-05	5.811897e-02	-1.395703e+01
3.709000e-05	4.266452e-02	-1.408192e+01
3.710000e-05	6.883532e-02	-1.420919e+01
3.711000e-05	5.725181e-02	-1.430500e+01
3.712000e-05	6.260965e-02	-1.444084e+01
3.713000e-05	5.730137e-02	-1.449607e+01
3.714000e-05	6.654574e-02	-1.466129e+01
3.715000e-05	7.168711e-02	-1.466450e+01
3.716000e-05	6.829939e-02	-1.479919e+01
3.717000e-05	7.352575e-02	-1.486187e+01
3.718000e-05	7.075188e-02	-1.494500e+01
3.719000e-05	8.105942e-02	-1.496869e+01
3.720000e-05	7.528763e-02	-1.503382e+01
3.721000e-05	8.290431e-02	-1.512488e+01
3.722000e-05	8.243441e-02	-1.515601e+01
3.723000e-05	9.682881e-02	-1.521058e+01
3.724000e-05	9.538200e-02	-1.519126e+01
3.725000e-05	9.894737e-02	-1.527394e+01
3.726000e-05	9.534881e-02	-1.528447e+01
3.727000e-05	1.024970e-01	-1.533455e+01
3.728000e-05	1.082650e-01	-1.532761e+01
3.729000e-05	1.122734e-01	-1.535808e+01
3.730000e-05	1.175526e-01	-1.530618e+01
3.731000e-05	1.232971e-01	-1.535711e+01
3.732000e-05	1.322157e-01	-1.534650e+01
3.733000e-05	1.351677e-01	-1.536606e+01
3.734000e-05	1.403906e-01	-1.529402e+01
3.735000e-05	1.489742e-01	-1.530290e+01
3.736000e-05	1.634820e-01	-1.527385e+01
3.737000e-05	1.787588e-01	-1.519124e+01
3.738000e-05	1.944734e-01	-1.518024e+01
3.739000e-05	2.149429e-01	-1.514603e+01
3.740000e-05	2.401676e-01	-1.507542e+01
3.741000e-05	2.495985e-01	-1.504032e+01
3.742000e-05	2.500000e-01	-1.497018e+01
3.743000e-05	2.500000e-01	-1.491610e+01
3.744000e-05	2.500000e-01	-1.486192e+01
3.745000e-05	2.500000e-01	-1.474818e+01
3.746000e-05	2.500000e-01	-1.468500e+01
3.747000e-05	2.492644e-01	-1.461084e+01
3.748000e-05	2.265955e-01	-1.447451e+01
3.749000e-05	2.017749e-01	-1.441282e+01
3.750000e-05	1.805626e-01	-1.434560e+01
3.751000e-05	1.589447e-01	-1.420976e+01
3.752000e-05	1.400054e-01	-1.407445e+01
3.753000e-05	1.258928e-01	-1.395816e+01
3.754000e-05	1.158962e-01	-1.383234e+01
3.755000e-05	1.047472e-01	-1.370343e+01
3.756000e-05	9.352686e-02	-1.353823e+01
3.757000e-05	8.551669e-02	-1.344179e+01
3.758000e-05	8.103339e-02	-1.324500e+01
3.759000e-05	7.622304e-02	-1.314563e+01
3.760000e-05	6.789396e-02	-1.299879e+01
3.761000e-05	6.172798e-02	-1.285295e+01
3.762000e-05	5.836906e-02	-1.270557e+01
3.763000e-05	5.725294e-02	-1.255563e+01
3.764000e-05	5.275776e-02	-1.236819e+01
3.765000e-05	4.686282e-02	-1.221979e+01
3.766000e-05	4.401022e-02	-1.202219e+01
3.767000e-05	4.254028e-02	-1.179871e+01
3.768000e-05	4.029643e-02	-1.163021e+01
3.769000e-05	3.621249e-02	-1.133863e+01
3.770000e-05	3.399979e-02	-1.112816e+01
3.771000e-05	3.369601e-02	-1.092819e+01
3.772000e-05	3.350616e-02	-1.078781e+01
3.773000e-05	2.996709e-02	-1.056882e+01
3.774000e-05	2.653249e-02	-1.036978e+01
3.775000e-05	2.512733e-02	-1.015871e+01
3.776000e-05	2.456692e-02	-9.906684e+00
3.777000e-05	2.264078e-02	-9.696657e+00
3.778000e-05	2.112741e-02	-9.485179e+00
3.779000e-05	1.936588e-02	-9.264024e+00
3.780000e-05	2.019444e-02	-9.043550e+00
3.781000e-05	1.881264e-02	-8.831873e+00
3.782000e-05	1.562650e-02	-8.558890e+00
3.783000e-05	1.389294e-02	-8.335686e+00
3.784000e-05	1.469650e-02	-8.115132e+00
3.785000e-05	1.350906e-02	-7.843926e+00
3.786000e-05	1.384292e-02	-7.579767e+00
3.787000e-05	1.026767e-02	-7.317233e+00
3.788000e-05	1.073641e-02	-7.044124e+00
3.789000e-05	8.279113e-03	-6.791944e+00
3.790000e-05	9.682606e-03	-6.537390e+00
3.791000e-05	5.840192e-03	-6.285631e+00
3.792000e-05	7.398927e-03	-6.021896e+00
3.793000e-05	5.277618e-03	-5.750341e+00
3.794000e-05	6.526517e-03	-5.505138e+00
3.795000e-05	2.380309e-03	-5.210445e+00
3.796000e-05	2.917416e-03	-4.856106e+00
3.797000e-05	1.988156e-03	-4.570442e+00
3.798000e-05	3.392573e-03	-4.359767e+00
3.799000e-05	2.511380e-03	-4.093734e+00
3.800000e-05	7.933272e-04	-3.832598e+00
3.801000e-05	-7.988702e-04	-3.518265e+00
3.802000e-05	-2.255334e-03	-3.284184e+00
3.803000e-05	-2.400424e-03	-2.991372e+00
3.804000e-05	-3.126724e-03	-2.714238e+00
3.805000e-05	-2.092520e-03	-2.432055e+00
3.806000e-05	-2.927841e-03	-2.155340e+00
3.807000e-05	-1.931889e-03	-1.844208e+00
3.808000e-05	-4.494602e-03	-1.580979e+00
3.809000e-05	-5.910663e-03	-1.273735e+00
3.810000e-05	-7.861874e-03	-9.499224e-01
3.811000e-05	-6.296324e-03	-7.172607e-01
3.812000e-05	-7.008502e-03	-3.505024e-01
3.813000e-05	-4.999700e-03	-1.163672e-01
3.814000e-05	1.155839e-03	1.162933e-01
3.815000e-05	7.960617e-03	4.216526e-01
3.816000e-05	-5.748606e-04	6.841567e-01
3.817000e-05	5.783923e-03	9.162669e-01
3.818000e-05	-3.763697e-03	1.242471e+00
3.819000e-05	1.234468e-03	1.553666e+00
3.820000e-05	-2.584154e-03	1.851025e+00
3.821000e-05	2.015957e-02	2.030428e+00
3.822000e-05	7.290375e-02	2.280607e+00
3.823000e-05	8.746106e-02	2.630476e+00
3.824000e-05	-6.338238e-02	2.915766e+00
3.825000e-05	-2.278731e-02	3.229447e+00
3.826000e-05	-4.422702e-02	3.527258e+00
3.827000e-05	-2.741072e-02	3.777263e+00
3.828000e-05	-9.430430e-02	3.977414e+00
3.829000e-05	2.378801e-02	4.228848e+00
3.830000e-05	8.334365e-02	4.545610e+00
3.831000e-05	-1.289159e-01	4.755763e+00
3.832000e-05	1.849865e-01	5.020374e+00
3.833000e-05	-1.049533e-01	5.388366e+00
3.834000e-05	-6.327922e-03	5.589446e+00
3.835000e-05	1.450966e-02	5.906178e+00
3.836000e-05	-4.991052e-02	6.157240e+00
3.837000e-05	7.181794e-02	6.379366e+00
3.838000e-05	-7.805001e-02	6.674632e+00
3.839000e-05	2.996265e-02	6.968762e+00
3.840000e-05	-3.112401e-02	7.230344e+00
3.841000e-05	-6.225820e-03	7.501927e+00
3.842000e-05	-1.455889e-02	7.777782e+00
3.843000e-05	-4.664112e-02	8.063019e+00
3.844000e-05	4.395244e-02	8.324107e+00
3.845000e-05	-3.918766e-02	8.495057e+00
3.846000e-05	4.168785e-03	8.714658e+00
3.847000e-05	-3.117124e-02	8.978136e+00
3.848000e-05	-4.863226e-02	9.179837e+00
3.849000e-05	1.510086e-02	9.439844e+00
3.850000e-05	-3.093519e-02	9.621323e+00
3.851000e-05	-2.261334e-03	9.902371e+00
3.852000e-05	-4.831766e-02	1.009565e+01
3.853000e-05	4.615770e-03	1.028560e+01
3.854000e-05	-2.879391e-02	1.056206e+01
3.855000e-05	-2.788619e-02	1.073413e+01
3.856000e-05	-3.354133e-02	1.095613e+01
3.857000e-05	-3.541667e-02	1.113608e+01
3.858000e-05	-5.066651e-03	1.134558e+01
3.859000e-05	-4.130409e-02	1.158503e+01
3.860000e-05	-2.879180e-02	1.178670e+01
3.861000e-05	-4.848825e-02	1.193556e+01
3.862000e-05	-1.657904e-02	1.209658e+01
3.863000e-05	-3.231606e-02	1.229393e+01
3.864000e-05	-3.703390e-02	1.250237e+01
3.865000e-05	-4.953755e-02	1.261282e+01
3.866000e-05	-4.053224e-02	1.277711e+01
3.867000e-05	-3.093787e-02	1.296706e+01
3.868000e-05	-4.721903e-02	1.309395e+01
3.869000e-05	-4.877893e-02	1.323234e+01
3.870000e-05	-4.825267e-02	1.336931e+01
3.871000e-05	-3.482952e-02	1.351658e+01
3.872000e-05	-4.899146e-02	1.366137e+01
3.873000e-05	-6.018380e-02	1.379964e+01
3.874000e-05	-6.361265e-02	1.392440e+01
3.875000e-05	-5.312955e-02	1.404227e+01
3.876000e-05	-5.136646e-02	1.418818e+01
3.877000e-05	-6.318701e-02	1.431550e+01
3.878000e-05	-6.911025e-02	1.444069e+01
3.879000e-05	-6.396813e-02	1.452545e+01
3.880000e-05	-6.042459e-02	1.459768e+01
3.881000e-05	-6.927186e-02	1.466550e+01
3.882000e-05	-7.924187e-02	1.475663e+01
3.883000e-05	-7.820004e-02	1.483974e+01
3.884000e-05	-7.418190e-02	1.489645e+01
3.885000e-05	-7.814623e-02	1.493860e+01
3.886000e-05	-9.150272e-02	1.502923e+01
3.887000e-05	-9.618131e-02	1.507188e+01
3.888000e-05	-9.030765e-02	1.511655e+01
3.889000e-05	-8.784580e-02	1.516663e+01
3.890000e-05	-9.873143e-02	1.517016e+01
3.891000e-05	-1.050979e-01	1.521128e+01
3.892000e-05	-1.085162e-01	1.528282e+01
3.893000e-05	-1.060930e-01	1.525187e+01
3.894000e-05	-1.147037e-01	1.526235e+01
3.895000e-05	-1.283207e-01	1.532550e+01
3.896000e-05	-1.290249e-01	1.533595e+01
3.897000e-05	-1.294819e-01	1.529593e+01
3.898000e-05	-1.323692e-01	1.530639e+01
3.899000e-05	-1.468568e-01	1.528400e+01
3.900000e-05	-1.570476e-01	1.528582e+01
3.901000e-05	-1.608352e-01	1.523079e+01
3.902000e-05	-1.709729e-01	1.524321e+01
3.903000e-05	-1.907106e-01	1.520071e+01
3.904000e-05	-2.166073e-01	1.514655e+01
3.905000e-05	-2.358556e-01	1.512595e+01
3.906000e-05	-2.478923e-01	1.506137e+01
3.907000e-05	-2.500000e-01	1.501021e+01
3.908000e-05	-2.500000e-01	1.493591e+01
3.909000e-05	-2.500000e-01	1.488342e+01
3.910000e-05	-2.500000e-01	1.479271e+01
3.911000e-05	-2.500000e-01	1.470702e+01
3.912000e-05	-2.500000e-01	1.458177e+01
3.913000e-05	-2.494594e-01	1.454760e+01
3.914000e-05	-2.282565e-01	1.445424e+01
3.915000e-05	-2.001270e-01	1.434754e+01
3.916000e-05	-1.756091e-01	1.424382e+01
3.917000e-05	-1.639006e-01	1.411497e+01
3.918000e-05	-1.450061e-01	1.401113e+01
3.919000e-05	-1.304689e-01	1.387435e+01
3.920000e-05	-1.175621e-01	1.373808e+01
3.921000e-05	-1.142884e-01	1.359122e+01
3.922000e-05	-1.055108e-01	1.349495e+01
3.923000e-05	-9.538017e-02	1.332758e+01
3.924000e-05	-8.585995e-02	1.319171e+01
3.925000e-05	-8.310331e-02	1.304282e+01
3.926000e-05	-8.013751e-02	1.289555e+01
3.927000e-05	-7.539930e-02	1.272923e+01
3.928000e-05	-6.743235e-02	1.259021e+01
3.929000e-05	-6.385894e-02	1.237179e+01
3.930000e-05	-6.395356e-02	1.225344e+01
3.931000e-05	-6.141007e-02	1.207498e+01
3.932000e-05	-5.573173e-02	1.187600e+01
3.933000e-05	-5.172795e-02	1.167452e+01
3.934000e-05	-5.321512e-02	1.148697e+01
3.935000e-05	-5.272567e-02	1.126757e+01
3.936000e-05	-4.996881e-02	1.106548e+01
3.937000e-05	-4.271631e-02	1.087455e+01
3.938000e-05	-4.306420e-02	1.069551e+01
3.939000e-05	-4.386721e-02	1.046648e+01
3.940000e-05	-4.291068e-02	1.027442e+01
3.941000e-05	-3.856594e-02	1.003342e+01
3.942000e-05	-3.644890e-02	9.801891e+00
3.943000e-05	-3.833407e-02	9.589814e+00
3.944000e-05	-3.778159e-02	9.369914e+00
3.945000e-05	-3.610317e-02	9.180188e+00
3.946000e-05	-3.082181e-02	8.926583e+00
3.947000e-05	-3.272159e-02	8.684081e+00
3.948000e-05	-3.211055e-02	8.464503e+00
3.949000e-05	-3.213421e-02	8.222970e+00
3.950000e-05	-2.734337e-02	8.012367e+00
3.951000e-05	-2.817906e-02	7.719185e+00
3.952000e-05	-2.841831e-02	7.474580e+00
3.953000e-05	-3.016285e-02	7.201865e+00
3.954000e-05	-2.620387e-02	6.969813e+00
3.955000e-05	-2.447821e-02	6.707581e+00
3.956000e-05	-2.494422e-02	6.431450e+00
3.957000e-05	-2.604871e-02	6.189867e+00
3.958000e-05	-2.409877e-02	5.947242e+00
3.959000e-05	-2.151579e-02	5.654550e+00
3.960000e-05	-2.188426e-02	5.390948e+00
3.961000e-05	-2.288354e-02	5.075550e+00
3.962000e-05	-2.244094e-02	4.778293e+00
3.963000e-05	-2.061084e-02	4.507209e+00
3.964000e-05	-1.988101e-02	4.283503e+00
3.965000e-05	-2.002674e-02	3.958787e+00
3.966000e-05	-2.034933e-02	3.675158e+00
3.967000e-05	-1.825023e-02	3.402921e+00
3.968000e-05	-1.561067e-02	3.156766e+00
3.969000e-05	-1.634814e-02	2.863132e+00
3.970000e-05	-1.748856e-02	2.559867e+00
3.971000e-05	-1.790780e-02	2.275705e+00
3.972000e-05	-1.537565e-02	2.021029e+00
3.973000e-05	-1.490223e-02	1.736838e+00
3.974000e-05	-1.463784e-02	1.453605e+00
3.975000e-05	-1.444651e-02	1.157914e+00
3.976000e-05	-1.252978e-02	8.096250e-01
3.977000e-05	-1.125493e-02	5.667708e-01
3.978000e-05	-1.064556e-02	2.556593e-01
3.979000e-05	-8.692111e-03	-5.160652e-02
3.980000e-05	-8.118797e-04	-3.037870e-01
3.981000e-05	3.379202e-03	-5.073160e-01
3.982000e-05	-1.561580e-03	-8.416065e-01
3.983000e-05	1.432301e-03	-1.082737e+00
3.984000e-05	-1.762019e-03	-1.416947e+00
3.985000e-05	1.304392e-03	-1.672582e+00
3.986000e-05	1.345996e-02	-1.823286e+00
3.987000e-05	6.828490e-02	-2.134166e+00
3.988000e-05	1.251136e-01	-2.441053e+00
3.989000e-05	-6.157235e-02	-2.852530e+00
3.990000e-05	5.258411e-03	-3.230025e+00
3.991000e-05	-5.289222e-02	-3.463108e+00
3.992000e-05	-3.302936e-02	-3.682077e+00
3.993000e-05	-1.108444e-01	-3.893581e+00
3.994000e-05	1.862751e-01	-4.052132e+00
3.995000e-05	-1.035855e-01	-4.344713e+00
3.996000e-05	5.081992e-02	-4.632476e+00
3.997000e-05	1.381457e-01	-4.851583e+00
3.998000e-05	-1.820792e-01	-5.208375e+00
3.999000e-05	1.909311e-01	-5.525703e+00
4.000000e-05	-1.788863e-01	-5.805815e+00
4.001000e-05	9.400062e-02	-6.091573e+00
4.002000e-05	6.174358e-02	-6.262953e+00
4.003000e-05	-6.973127e-02	-6.589392e+00
4.004000e-05	1.549905e-01	-6.828948e+00
4.005000e-05	-1.370627e-01	-7.106585e+00
4.006000e-05	1.194245e-01	-7.378345e+00
4.007000e-05	-5.335226e-02	-7.637879e+00
4.008000e-05	3.187982e-02	-7.955734e+00
4.009000e-05	8.613158e-02	-8.166716e+00
4.010000e-05	-7.900946e-02	-8.428374e+00
4.011000e-05	1.522751e-01	-8.660952e+00
4.012000e-05	-1.075832e-01	-8.894153e+00
4.013000e-05	8.944895e-02	-9.136234e+00
4.014000e-05	-3.220762e-02	-9.347087e+00
4.015000e-05	5.566741e-02	-9.618840e+00
4.016000e-05	5.333914e-02	-9.796769e+00
4.017000e-05	-1.440376e-02	-9.988344e+00
4.018000e-05	8.477538e-02	-1.023080e+01
4.019000e-05	-5.011262e-02	-1.050147e+01
4.020000e-05	1.032860e-01	-1.065248e+01
4.021000e-05	-4.251543e-02	-1.085045e+01
4.022000e-05	8.383521e-02	-1.108240e+01
4.023000e-05	-1.101767e-02	-1.127437e+01
4.024000e-05	6.515017e-02	-1.147400e+01
4.025000e-05	2.001416e-02	-1.172437e+01
4.026000e-05	2.950240e-02	-1.189295e+01
4.027000e-05	4.337847e-02	-1.205357e+01
4.028000e-05	2.502934e-02	-1.225250e+01
4.029000e-05	6.641355e-02	-1.244934e+01
4.030000e-05	7.576384e-03	-1.262826e+01
4.031000e-05	5.947295e-02	-1.277771e+01
4.032000e-05	1.434510e-02	-1.292513e+01
4.033000e-05	7.044768e-02	-1.306147e+01
4.034000e-05	2.647663e-02	-1.319782e+01
4.035000e-05	6.304900e-02	-1.337871e+01
4.036000e-05	3.668813e-02	-1.348402e+01
4.037000e-05	6.059753e-02	-1.365127e+01
4.038000e-05	4.551738e-02	-1.375861e+01
4.039000e-05	4.741991e-02	-1.389395e+01
4.040000e-05	4.916212e-02	-1.402972e+01
4.041000e-05	5.595665e-02	-1.412809e+01
4.042000e-05	6.645370e-02	-1.428288e+01
4.043000e-05	5.629907e-02	-1.437713e+01
4.044000e-05	6.390016e-02	-1.451455e+01
4.045000e-05	5.867845e-02	-1.460973e+01
4.046000e-05	7.532295e-02	-1.466392e+01
4.047000e-05	6.540662e-02	-1.475659e+01
4.048000e-05	7.472220e-02	-1.483834e+01
4.049000e-05	6.839206e-02	-1.488392e+01
4.050000e-05	8.230558e-02	-1.495961e+01
4.051000e-05	7.702084e-02	-1.506124e+01
4.052000e-05	8.180315e-02	-1.513335e+01
4.053000e-05	8.041125e-02	-1.514601e+01
4.054000e-05	9.183533e-02	-1.516764e+01
4.055000e-05	9.619023e-02	-1.524171e+01
4.056000e-05	9.484696e-02	-1.527184e+01
4.057000e-05	9.699834e-02	-1.527487e+01
4.058000e-05	9.765608e-02	-1.530445e+01
4.059000e-05	1.084996e-01	-1.532656e+01
4.060000e-05	1.101127e-01	-1.530760e+01
4.061000e-05	1.181135e-01	-1.539605e+01
4.062000e-05	1.204238e-01	-1.536758e+01
4.063000e-05	1.310739e-01	-1.536458e+01
4.064000e-05	1.330818e-01	-1.536808e+01
4.065000e-05	1.379859e-01	-1.532658e+01
4.066000e-05	1.434894e-01	-1.529545e+01
4.067000e-05	1.568890e-01	-1.527447e+01
4.068000e-05	1.728938e-01	-1.524182e+01
4.069000e-05	1.889641e-01	-1.521926e+01
4.070000e-05	2.080634e-01	-1.516666e+01
4.071000e-05	2.320827e-01	-1.512508e+01
4.072000e-05	2.482285e-01	-1.505440e+01
4.073000e-05	2.500000e-01	-1.500126e+01
4.074000e-05	2.500000e-01	-1.494811e+01
4.075000e-05	2.500000e-01	-1.488360e+01
4.076000e-05	2.500000e-01	-1.479929e+01
4.077000e-05	2.500000e-01	-1.472560e+01
4.078000e-05	2.499900e-01	-1.465127e+01
4.079000e-05	2.403622e-01	-1.458614e+01
4.080000e-05	2.123752e-01	-1.444285e+01
4.081000e-05	1.890891e-01	-1.437770e+01
4.082000e-05	1.668114e-01	-1.423229e+01
4.083000e-05	1.472848e-01	-1.413758e+01
4.084000e-05	1.302915e-01	-1.402129e+01
4.085000e-05	1.182611e-01	-1.390550e+01
4.086000e-05	1.080428e-01	-1.375758e+01
4.087000e-05	9.782847e-02	-1.360231e+01
4.088000e-05	8.946237e-02	-1.349453e+01
4.089000e-05	8.364752e-02	-1.332868e+01
4.090000e-05	7.874953e-02	-1.321129e+01
4.091000e-05	7.170600e-02	-1.305192e+01
4.092000e-05	6.446392e-02	-1.290603e+01
4.093000e-05	5.907404e-02	-1.277011e+01
4.094000e-05	5.652760e-02	-1.256932e+01
4.095000e-05	5.356224e-02	-1.244279e+01
4.096000e-05	4.991071e-02	-1.226147e+01
4.097000e-05	4.514756e-02	-1.207495e+01
4.098000e-05	4.342897e-02	-1.191497e+01
4.099000e-05	4.125131e-02	-1.168255e+01
4.100000e-05	3.791056e-02	-1.145440e+01
4.101000e-05	3.542252e-02	-1.128347e+01
4.102000e-05	3.333082e-02	-1.103244e+01
4.103000e-05	3.306104e-02	-1.083342e+01
4.104000e-05	3.017344e-02	-1.066400e+01
4.105000e-05	2.752951e-02	-1.049300e+01
4.106000e-05	2.503449e-02	-1.023189e+01
4.107000e-05	2.537644e-02	-1.004089e+01
4.108000e-05	2.367854e-02	-9.820871e+00
4.109000e-05	2.274524e-02	-9.611844e+00
4.110000e-05	1.990745e-02	-9.338810e+00
4.111000e-05	2.059970e-02	-9.137232e+00
4.112000e-05	1.902824e-02	-8.897186e+00
4.113000e-05	1.727617e-02	-8.674478e+00
4.114000e-05	1.398142e-02	-8.443998e+00
4.115000e-05	1.293603e-02	-8.210896e+00
4.116000e-05	1.393479e-02	-7.969243e+00
4.117000e-05	1.371604e-02	-7.656979e+00
4.118000e-05	1.130496e-02	-7.401996e+00
4.119000e-05	1.041850e-02	-7.159342e+00
4.120000e-05	9.789740e-03	-6.885180e+00
4.121000e-05	9.270463e-03	-6.615103e+00
4.122000e-05	6.327031e-03	-6.422471e+00
4.123000e-05	6.462657e-03	-6.138740e+00
4.124000e-05	4.613947e-03	-5.874632e+00
4.125000e-05	6.631450e-03	-5.620422e+00
4.126000e-05	4.558637e-03	-5.314684e+00
4.127000e-05	2.961703e-03	-5.031954e+00
4.128000e-05	2.418862e-03	-4.676108e+00
4.129000e-05	4.257107e-03	-4.442081e+00
4.130000e-05	1.557355e-03	-4.222450e+00
4.131000e-05	1.053036e-03	-3.978817e+00
4.132000e-05	-1.778949e-03	-3.672231e+00
4.133000e-05	-8.571949e-04	-3.411004e+00
4.134000e-05	-3.426301e-03	-3.146718e+00
4.135000e-05	-2.719111e-03	-2.800975e+00
4.136000e-05	-3.397149e-03	-2.538869e+00
4.137000e-05	-1.547154e-03	-2.294183e+00
4.138000e-05	-3.017748e-03	-1.989398e+00
4.139000e-05	-2.339192e-03	-1.716736e+00
4.140000e-05	-5.689134e-03	-1.431975e+00
4.141000e-05	-6.653033e-03	-1.044237e+00
4.142000e-05	-6.193729e-03	-8.121025e-01
4.143000e-05	-7.313382e-03	-5.158206e-01
4.144000e-05	-6.648036e-03	-2.330827e-01
4.145000e-05	-3.455938e-03	1.152493e-02
4.146000e-05	1.073920e-02	3.483108e-01
4.147000e-05	-2.194441e-03	5.768459e-01
4.148000e-05	5.781520e-03	8.004975e-01
4.149000e-05	-2.890803e-03	1.166259e+00
4.150000e-05	2.449833e-03	1.359367e+00
4.151000e-05	-3.601669e-03	1.705233e+00
4.152000e-05	1.082657e-02	1.926238e+00
4.153000e-05	3.740845e-02	2.167320e+00
4.154000e-05	1.177741e-01	2.442554e+00
4.155000e-05	-2.563702e-02	2.840423e+00
4.156000e-05	-3.724981e-02	3.105158e+00
4.157000e-05	-3.969147e-02	3.378847e+00
4.158000e-05	-2.307879e-02	3.642078e+00
4.159000e-05	-7.907804e-02	3.883607e+00
4.160000e-05	-4.766993e-02	4.043580e+00
4.161000e-05	1.175559e-01	4.390391e+00
4.162000e-05	-9.692096e-02	4.692057e+00
4.163000e-05	7.345680e-02	4.885157e+00
4.164000e-05	5.688612e-02	5.261622e+00
4.165000e-05	-1.225195e-01	5.496582e+00
4.166000e-05	7.349485e-02	5.807690e+00
4.167000e-05	-7.776717e-02	6.064604e+00
4.168000e-05	5.918006e-02	6.276134e+00
4.169000e-05	-2.102243e-02	6.598792e+00
4.170000e-05	-3.942864e-02	6.855077e+00
4.171000e-05	3.212662e-02	7.125582e+00
4.172000e-05	-5.937708e-02	7.408716e+00
4.173000e-05	3.405030e-02	7.674044e+00
4.174000e-05	-8.172805e-02	7.977159e+00
4.175000e-05	3.657344e-02	8.198889e+00
4.176000e-05	-4.699498e-03	8.420423e+00
4.177000e-05	-2.685961e-02	8.650949e+00
4.178000e-05	8.993441e-03	8.872002e+00
4.179000e-05	-7.911769e-02	9.124525e+00
4.180000e-05	2.042078e-02	9.335607e+00
4.181000e-05	-3.501909e-02	9.548159e+00
4.182000e-05	9.180900e-03	9.799687e+00
4.183000e-05	-4.899103e-02	1.002029e+01
4.184000e-05	-6.840614e-03	1.024137e+01
4.185000e-05	-1.285429e-02	1.042087e+01
4.186000e-05	-3.510622e-02	1.064287e+01
4.187000e-05	-2.510497e-02	1.084282e+01
4.188000e-05	-4.783361e-02	1.103188e+01
4.189000e-05	-2.454208e-03	1.127187e+01
4.190000e-05	-3.611992e-02	1.147182e+01
4.191000e-05	-2.204844e-02	1.168247e+01
4.192000e-05	-5.286529e-02	1.184292e+01
4.193000e-05	-2.266363e-02	1.206284e+01
4.194000e-05	-2.905537e-02	1.226029e+01
4.195000e-05	-3.119661e-02	1.239926e+01
4.196000e-05	-4.741064e-02	1.258713e+01
4.197000e-05	-4.644517e-02	1.272608e+01
4.198000e-05	-2.946450e-02	1.288293e+01
4.199000e-05	-4.287291e-02	1.303230e+01
4.200000e-05	-4.411530e-02	1.320911e+01
4.201000e-05	-5.681005e-02	1.334611e+01
4.202000e-05	-3.445054e-02	1.347187e+01
4.203000e-05	-4.537514e-02	1.359874e+01
4.204000e-05	-5.068389e-02	1.371705e+01
4.205000e-05	-6.787789e-02	1.388240e+01
4.206000e-05	-5.583589e-02	1.400028e+01
4.207000e-05	-5.186912e-02	1.411543e+01
4.208000e-05	-5.680426e-02	1.418979e+01
4.209000e-05	-6.654001e-02	1.437861e+01
4.210000e-05	-6.998402e-02	1.447240e+01
4.211000e-05	-5.876008e-02	1.457758e+01
4.212000e-05	-6.680242e-02	1.463189e+01
4.213000e-05	-7.165044e-02	1.472650e+01
4.214000e-05	-8.271567e-02	1.482979e+01
4.215000e-05	-7.388421e-02	1.485442e+01
4.216000e-05	-7.646359e-02	1.487660e+01
4.217000e-05	-8.548889e-02	1.498961e+01
4.218000e-05	-9.703950e-02	1.505272e+01
4.219000e-05	-9.365224e-02	1.511545e+01
4.220000e-05	-8.741618e-02	1.513661e+01
4.221000e-05	-9.375751e-02	1.516921e+01
4.222000e-05	-1.028982e-01	1.522174e+01
4.223000e-05	-1.099807e-01	1.523231e+01
4.224000e-05	-1.069449e-01	1.525194e+01
4.225000e-05	-1.116433e-01	1.528540e+01
4.226000e-05	-1.219014e-01	1.529490e+01
4.227000e-05	-1.296267e-01	1.529295e+01
4.228000e-05	-1.290450e-01	1.529695e+01
4.229000e-05	-1.287251e-01	1.530603e+01
4.230000e-05	-1.416288e-01	1.531440e+01
4.231000e-05	-1.539350e-01	1.528535e+01
4.232000e-05	-1.620181e-01	1.524287e+01
4.233000e-05	-1.657656e-01	1.521119e+01
4.234000e-05	-1.810967e-01	1.518866e+01
4.235000e-05	-2.048969e-01	1.512861e+01
4.236000e-05	-2.284952e-01	1.510658e+01
4.237000e-05	-2.455217e-01	1.506290e+01
4.238000e-05	-2.495998e-01	1.501026e+01
4.239000e-05	-2.500000e-01	1.496808e+01
4.240000e-05	-2.500000e-01	1.489450e+01
4.241000e-05	-2.500000e-01	1.479029e+01
4.242000e-05	-2.500000e-01	1.476851e+01
4.243000e-05	-2.500000e-01	1.462392e+01
4.244000e-05	-2.500000e-01	1.458964e+01
4.245000e-05	-2.396152e-01	1.450545e+01
4.246000e-05	-2.099940e-01	1.438976e+01
4.247000e-05	-1.856428e-01	1.429645e+01
4.248000e-05	-1.695413e-01	1.416758e+01
4.249000e-05	-1.534169e-01	1.403182e+01
4.250000e-05	-1.372808e-01	1.394603e+01
4.251000e-05	-1.216291e-01	1.381976e+01
4.252000e-05	-1.156022e-01	1.364400e+01
4.253000e-05	-1.088554e-01	1.353698e+01
4.254000e-05	-9.993313e-02	1.340919e+01
4.255000e-05	-8.859381e-02	1.325332e+01
4.256000e-05	-8.384722e-02	1.313655e+01
4.257000e-05	-8.097667e-02	1.294966e+01
4.258000e-05	-7.799675e-02	1.280274e+01
4.259000e-05	-6.957162e-02	1.263232e+01
4.260000e-05	-6.623863e-02	1.246501e+01
4.261000e-05	-6.193660e-02	1.233560e+01
4.262000e-05	-6.268423e-02	1.213863e+01
4.263000e-05	-5.714600e-02	1.194818e+01
4.264000e-05	-5.399784e-02	1.180018e+01
4.265000e-05	-5.205187e-02	1.157021e+01
4.266000e-05	-5.313094e-02	1.138911e+01
4.267000e-05	-5.069698e-02	1.116766e+01
4.268000e-05	-4.560063e-02	1.099826e+01
4.269000e-05	-4.290877e-02	1.077926e+01
4.270000e-05	-4.300544e-02	1.055074e+01
4.271000e-05	-4.262694e-02	1.035921e+01
4.272000e-05	-3.965028e-02	1.018774e+01
4.273000e-05	-3.802383e-02	9.938107e+00
4.274000e-05	-3.744148e-02	9.695477e+00
4.275000e-05	-3.826761e-02	9.473522e+00
4.276000e-05	-3.585731e-02	9.262924e+00
4.277000e-05	-3.374545e-02	9.001442e+00
4.278000e-05	-3.154881e-02	8.801792e+00
4.279000e-05	-3.281775e-02	8.578235e+00
4.280000e-05	-3.172118e-02	8.359664e+00
4.281000e-05	-2.964988e-02	8.085150e+00
4.282000e-05	-2.812608e-02	7.832399e+00
4.283000e-05	-2.777223e-02	7.592238e+00
4.284000e-05	-2.816679e-02	7.306755e+00
4.285000e-05	-2.792897e-02	7.021503e+00
4.286000e-05	-2.626849e-02	6.802295e+00
4.287000e-05	-2.572729e-02	6.528210e+00
4.288000e-05	-2.678001e-02	6.264054e+00
4.289000e-05	-2.485849e-02	6.062971e+00
4.290000e-05	-2.195638e-02	5.738367e+00
4.291000e-05	-2.101873e-02	5.526110e+00
4.292000e-05	-2.173638e-02	5.222448e+00
4.293000e-05	-2.209686e-02	4.872180e+00
4.294000e-05	-2.111042e-02	4.611966e+00
4.295000e-05	-2.079006e-02	4.378790e+00
4.296000e-05	-2.033722e-02	4.072028e+00
4.297000e-05	-1.997383e-02	3.789897e+00
4.298000e-05	-1.852037e-02	3.558267e+00
4.299000e-05	-1.722448e-02	3.242000e+00
4.300000e-05	-1.774764e-02	2.969844e+00
4.301000e-05	-1.777670e-02	2.727207e+00
4.302000e-05	-1.834913e-02	2.400496e+00
4.303000e-05	-1.578800e-02	2.136291e+00
4.304000e-05	-1.545624e-02	1.863129e+00
4.305000e-05	-1.449727e-02	1.558342e+00
4.306000e-05	-1.423753e-02	1.235207e+00
4.307000e-05	-1.357258e-02	8.978158e-01
4.308000e-05	-1.143348e-02	6.320790e-01
4.309000e-05	-1.153435e-02	3.989939e-01
4.310000e-05	-9.798761e-03	6.476421e-02
4.311000e-05	-5.927543e-03	-1.884988e-01
4.312000e-05	8.765162e-03	-4.110516e-01
4.313000e-05	-4.935144e-03	-7.673410e-01
4.314000e-05	3.908426e-03	-9.874236e-01
4.315000e-05	-5.425436e-03	-1.253710e+00
4.316000e-05	3.656704e-03	-1.568445e+00
4.317000e-05	2.261721e-03	-1.776947e+00
4.318000e-05	3.754341e-02	-1.989475e+00
4.319000e-05	1.341973e-01	-2.344213e+00
4.320000e-05	-1.269777e-03	-2.660579e+00
4.321000e-05	-2.992986e-02	-3.084204e+00
4.322000e-05	-2.253696e-02	-3.377896e+00
4.323000e-05	-3.670178e-02	-3.588443e+00
4.324000e-05	-9.787892e-02	-3.837322e+00
4.325000e-05	6.252017e-02	-3.979470e+00
4.326000e-05	9.078502e-02	-4.217423e+00
4.327000e-05	-1.530048e-01	-4.493659e+00
4.328000e-05	2.291774e-01	-4.768296e+00
4.329000e-05	-1.628386e-01	-5.090552e+00
4.330000e-05	8.671202e-02	-5.409477e+00
4.331000e-05	-2.790924e-03	-5.640475e+00
4.332000e-05	-1.107130e-01	-5.946316e+00
4.333000e-05	1.976056e-01	-6.156792e+00
4.334000e-05	-1.309376e-01	-6.472502e+00
4.335000e-05	1.417407e-01	-6.726236e+00
4.336000e-05	-5.111074e-02	-7.007170e+00
4.337000e-05	-6.823512e-03	-7.325604e+00
4.338000e-05	8.301252e-02	-7.534134e+00
4.339000e-05	-9.372110e-02	-7.829844e+00
4.340000e-05	1.599805e-01	-8.064028e+00
4.341000e-05	-9.396130e-02	-8.303581e+00
4.342000e-05	1.075505e-01	-8.566765e+00
4.343000e-05	-5.884225e-03	-8.798914e+00
4.344000e-05	-2.549546e-02	-9.050397e+00
4.345000e-05	7.495464e-02	-9.251947e+00
4.346000e-05	-5.020095e-02	-9.475527e+00
4.347000e-05	1.328397e-01	-9.714106e+00
4.348000e-05	-6.215496e-02	-9.915706e+00
4.349000e-05	1.036205e-01	-1.017664e+01
4.350000e-05	-4.151610e-02	-1.034869e+01
4.351000e-05	6.830061e-02	-1.061879e+01
4.352000e-05	1.092233e-02	-1.078724e+01
4.353000e-05	2.161452e-02	-1.095976e+01
4.354000e-05	5.131282e-02	-1.116816e+01
4.355000e-05	1.942291e-03	-1.139884e+01
4.356000e-05	7.673216e-02	-1.157917e+01
4.357000e-05	-1.499617e-02	-1.182069e+01
4.358000e-05	7.321830e-02	-1.200931e+01
4.359000e-05	-1.710483e-03	-1.220769e+01
4.360000e-05	8.000891e-02	-1.231669e+01
4.361000e-05	1.041225e-02	-1.252508e+01
4.362000e-05	5.230620e-02	-1.272395e+01
4.363000e-05	2.370027e-02	-1.284250e+01
4.364000e-05	5.092524e-02	-1.301827e+01
4.365000e-05	4.413688e-02	-1.314466e+01
4.366000e-05	4.249278e-02	-1.333503e+01
4.367000e-05	5.343750e-02	-1.346037e+01
4.368000e-05	4.341252e-02	-1.361016e+01
4.369000e-05	6.465416e-02	-1.371510e+01
4.370000e-05	3.550958e-02	-1.385192e+01
4.371000e-05	5.951246e-02	-1.398766e+01
4.372000e-05	4.159203e-02	-1.414355e+01
4.373000e-05	7.020755e-02	-1.423979e+01
4.374000e-05	5.189734e-02	-1.435656e+01
4.375000e-05	6.595046e-02	-1.445177e+01
4.376000e-05	5.592358e-02	-1.454650e+01
4.377000e-05	7.361770e-02	-1.464079e+01
4.378000e-05	7.023765e-02	-1.472595e+01
4.379000e-05	7.180541e-02	-1.482879e+01
4.380000e-05	6.954482e-02	-1.488249e+01
4.381000e-05	7.356573e-02	-1.495763e+01
4.382000e-05	7.945165e-02	-1.501176e+01
4.383000e-05	7.567622e-02	-1.511227e+01
4.384000e-05	8.253912e-02	-1.512397e+01
4.385000e-05	8.539763e-02	-1.517808e+01
4.386000e-05	9.951463e-02	-1.523021e+01
4.387000e-05	9.542861e-02	-1.523279e+01
4.388000e-05	9.834949e-02	-1.523442e+01
4.389000e-05	9.530498e-02	-1.528347e+01
4.390000e-05	1.057433e-01	-1.534660e+01
4.391000e-05	1.085817e-01	-1.535655e+01
4.392000e-05	1.129592e-01	-1.533660e+01
4.393000e-05	1.169638e-01	-1.534660e+01
4.394000e-05	1.255920e-01	-1.532561e+01
4.395000e-05	1.338540e-01	-1.528655e+01
4.396000e-05	1.364478e-01	-1.531560e+01
4.397000e-05	1.424322e-01	-1.527398e+01
4.398000e-05	1.516515e-01	-1.529542e+01
4.399000e-05	1.668133e-01	-1.525385e+01
4.400000e-05	1.818232e-01	-1.522171e+01
4.401000e-05	1.971031e-01	-1.517856e+01
4.402000e-05	2.195826e-01	-1.515655e+01
4.403000e-05	2.447913e-01	-1.510555e+01
4.404000e-05	2.499999e-01	-1.504079e+01
4.405000e-05	2.500000e-01	-1.498974e+01
4.406000e-05	2.500000e-01	-1.490542e+01
4.407000e-05	2.500000e-01	-1.484189e+01
4.408000e-05	2.500000e-01	-1.477961e+01
4.409000e-05	2.500000e-01	-1.467340e+01
4.410000e-05	2.471374e-01	-1.460871e+01
4.411000e-05	2.221263e-01	-1.448545e+01
4.412000e-05	1.980382e-01	-1.442969e+01
4.413000e-05	1.753325e-01	-1.427450e+01
4.414000e-05	1.543642e-01	-1.422966e+01
4.415000e-05	1.372413e-01	-1.409487e+01
4.416000e-05	1.240423e-01	-1.392703e+01
4.417000e-05	1.132485e-01	-1.382236e+01
4.418000e-05	1.014670e-01	-1.367383e+01
4.419000e-05	9.162978e-02	-1.354816e+01
4.420000e-05	8.486078e-02	-1.334021e+01
4.421000e-05	8.040502e-02	-1.326288e+01
4.422000e-05	7.287392e-02	-1.310660e+01
4.423000e-05	6.680117e-02	-1.298619e+01
4.424000e-05	6.038422e-02	-1.284129e+01
4.425000e-05	5.922475e-02	-1.269492e+01
4.426000e-05	5.648977e-02	-1.251448e+01
4.427000e-05	5.210147e-02	-1.232666e+01
4.428000e-05	4.674902e-02	-1.218616e+01
4.429000e-05	4.441942e-02	-1.198019e+01
4.430000e-05	4.112043e-02	-1.179021e+01
4.431000e-05	3.801519e-02	-1.157771e+01
4.432000e-05	3.530203e-02	-1.131764e+01
4.433000e-05	3.418941e-02	-1.110661e+01
4.434000e-05	3.478617e-02	-1.092568e+01
4.435000e-05	3.257279e-02	-1.075568e+01
4.436000e-05	2.898010e-02	-1.055816e+01
4.437000e-05	2.603242e-02	-1.031711e+01
4.438000e-05	2.497343e-02	-1.009665e+01
4.439000e-05	2.424876e-02	-9.874603e+00
4.440000e-05	2.198770e-02	-9.664628e+00
4.441000e-05	2.061914e-02	-9.483050e+00
4.442000e-05	2.022454e-02	-9.220922e+00
4.443000e-05	2.090667e-02	-9.010842e+00
4.444000e-05	1.823119e-02	-8.758816e+00
4.445000e-05	1.669855e-02	-8.516782e+00
4.446000e-05	1.417238e-02	-8.275605e+00
4.447000e-05	1.468701e-02	-8.033555e+00
4.448000e-05	1.334980e-02	-7.810869e+00
4.449000e-05	1.215551e-02	-7.537081e+00
4.450000e-05	9.441081e-03	-7.284054e+00
4.451000e-05	1.074099e-02	-6.992970e+00
4.452000e-05	9.084125e-03	-6.759211e+00
4.453000e-05	8.988987e-03	-6.507261e+00
4.454000e-05	6.873351e-03	-6.263524e+00
4.455000e-05	6.791509e-03	-5.968316e+00
4.456000e-05	5.938895e-03	-5.737286e+00
4.457000e-05	5.893483e-03	-5.452500e+00
4.458000e-05	2.862547e-03	-5.158263e+00
4.459000e-05	2.841709e-03	-4.812020e+00
4.460000e-05	2.321179e-03	-4.538287e+00
4.461000e-05	2.597255e-03	-4.317266e+00
4.462000e-05	2.726520e-03	-4.042654e+00
4.463000e-05	-1.485237e-03	-3.759447e+00
4.464000e-05	3.323461e-04	-3.474236e+00
4.465000e-05	-3.185382e-03	-3.241081e+00
4.466000e-05	-4.210622e-04	-2.906812e+00
4.467000e-05	-2.247826e-03	-2.654154e+00
4.468000e-05	-2.181584e-03	-2.409448e+00
4.469000e-05	-3.334569e-03	-2.105736e+00
4.470000e-05	-4.392481e-03	-1.830502e+00
4.471000e-05	-6.365514e-03	-1.547390e+00
4.472000e-05	-8.105834e-03	-1.160976e+00
4.473000e-05	-6.827574e-03	-9.057882e-01
4.474000e-05	-5.051769e-03	-6.341003e-01
4.475000e-05	-4.170585e-03	-3.578685e-01
4.476000e-05	-3.034175e-03	-8.521053e-02
4.477000e-05	5.912197e-03	2.094476e-01
4.478000e-05	1.295558e-03	4.727330e-01
4.479000e-05	1.724435e-04	7.347881e-01
4.480000e-05	-1.477313e-03	9.764461e-01
4.481000e-05	-1.180563e-03	1.263684e+00
4.482000e-05	2.449720e-03	1.546371e+00
4.483000e-05	3.117816e-03	1.831603e+00
4.484000e-05	2.550080e-02	2.063109e+00
4.485000e-05	9.169668e-02	2.314211e+00
4.486000e-05	5.283077e-02	2.693657e+00
4.487000e-05	-6.376437e-02	2.988321e+00
4.488000e-05	-2.722101e-02	3.222029e+00
4.489000e-05	-3.989412e-02	3.588265e+00
4.490000e-05	-4.068584e-02	3.799397e+00
4.491000e-05	-8.486074e-02	3.969420e+00
4.492000e-05	6.230379e-02	4.249975e+00
4.493000e-05	3.027673e-02	4.546717e+00
4.494000e-05	-8.762577e-02	4.757441e+00
4.495000e-05	1.804405e-01	5.081558e+00
4.496000e-05	-1.475564e-01	5.460471e+00
4.497000e-05	4.168897e-02	5.661002e+00
4.498000e-05	-2.685009e-02	5.957862e+00
4.499000e-05	-1.354829e-02	6.208767e+00
4.500000e-05	5.164534e-02	6.461505e+00
4.501000e-05	-8.229352e-02	6.766736e+00
4.502000e-05	4.845816e-02	7.008771e+00
4.503000e-05	-5.536543e-02	7.252504e+00
4.504000e-05	1.962708e-02	7.567133e+00
4.505000e-05	-4.707298e-02	7.829801e+00
4.506000e-05	-1.717981e-02	8.083004e+00
4.507000e-05	3.190327e-02	8.345558e+00
4.508000e-05	-4.128520e-02	8.565684e+00
4.509000e-05	1.386230e-02	8.716707e+00
4.510000e-05	-5.433851e-02	9.049690e+00
4.511000e-05	-2.349854e-02	9.241899e+00
4.512000e-05	-2.673387e-03	9.452395e+00
4.513000e-05	-1.560363e-02	9.713531e+00
4.514000e-05	-1.890995e-02	9.926502e+00
4.515000e-05	-3.512987e-02	1.016766e+01
4.516000e-05	2.014467e-03	1.033616e+01
4.517000e-05	-3.217431e-02	1.058764e+01
4.518000e-05	-2.645722e-02	1.075673e+01
4.519000e-05	-4.018659e-02	1.098824e+01
4.520000e-05	-2.473234e-02	1.120681e+01
4.521000e-05	-1.476209e-02	1.140966e+01
4.522000e-05	-3.374603e-02	1.158851e+01
4.523000e-05	-3.687383e-02	1.178921e+01
4.524000e-05	-3.946643e-02	1.195816e+01
4.525000e-05	-2.059276e-02	1.215811e+01
4.526000e-05	-3.093819e-02	1.237296e+01
4.527000e-05	-4.146469e-02	1.250460e+01
4.528000e-05	-4.905295e-02	1.264187e+01
4.529000e-05	-3.686087e-02	1.277124e+01
4.530000e-05	-3.468401e-02	1.297764e+01
4.531000e-05	-4.685863e-02	1.311555e+01
4.532000e-05	-5.206731e-02	1.325439e+01
4.533000e-05	-4.243420e-02	1.342131e+01
4.534000e-05	-3.909700e-02	1.354816e+01
4.535000e-05	-4.799584e-02	1.367292e+01
4.536000e-05	-6.334225e-02	1.384227e+01
4.537000e-05	-6.052697e-02	1.394548e+01
4.538000e-05	-5.304701e-02	1.408485e+01
4.539000e-05	-5.301686e-02	1.422871e+01
4.540000e-05	-6.438048e-02	1.434600e+01
4.541000e-05	-7.021017e-02	1.443222e+01
4.542000e-05	-6.259424e-02	1.456610e+01
4.543000e-05	-6.320789e-02	1.462124e+01
4.544000e-05	-6.886742e-02	1.467495e+01
4.545000e-05	-8.163397e-02	1.473771e+01
4.546000e-05	-7.616617e-02	1.482437e+01
4.547000e-05	-7.533829e-02	1.489590e+01
4.548000e-05	-7.913139e-02	1.497766e+01
4.549000e-05	-9.357872e-02	1.500026e+01
4.550000e-05	-9.622009e-02	1.507640e+01
4.551000e-05	-9.124894e-02	1.511603e+01
4.552000e-05	-9.053850e-02	1.513811e+01
4.553000e-05	-9.966906e-02	1.519969e+01
4.554000e-05	-1.082624e-01	1.524131e+01
4.555000e-05	-1.063490e-01	1.526184e+01
4.556000e-05	-1.087035e-01	1.530490e+01
4.557000e-05	-1.157926e-01	1.528742e+01
4.558000e-05	-1.272806e-01	1.531747e+01
4.559000e-05	-1.305146e-01	1.528692e+01
4.560000e-05	-1.293116e-01	1.532550e+01
4.561000e-05	-1.346317e-01	1.529542e+01
4.562000e-05	-1.491817e-01	1.528285e+01
4.563000e-05	-1.593240e-01	1.527189e+01
4.564000e-05	-1.645382e-01	1.522184e+01
4.565000e-05	-1.755294e-01	1.520919e+01
4.566000e-05	-1.939313e-01	1.517965e+01
4.567000e-05	-2.180953e-01	1.510758e+01
4.568000e-05	-2.391224e-01	1.508502e+01
4.569000e-05	-2.487681e-01	1.502376e+01
4.570000e-05	-2.500000e-01	1.494916e+01
4.571000e-05	-2.500000e-01	1.490593e+01
4.572000e-05	-2.500000e-01	1.485440e+01
4.573000e-05	-2.500000e-01	1.481018e+01
4.574000e-05	-2.500000e-01	1.473495e+01
4.575000e-05	-2.500000e-01	1.459227e+01
4.576000e-05	-2.477431e-01	1.454745e+01
4.577000e-05	-2.216515e-01	1.440234e+01
4.578000e-05	-1.945326e-01	1.429958e+01
4.579000e-05	-1.738408e-01	1.423229e+01
4.580000e-05	-1.612056e-01	1.407434e+01
4.581000e-05	-1.437274e-01	1.396813e+01
4.582000e-05	-1.275197e-01	1.382282e+01
4.583000e-05	-1.169020e-01	1.369705e+01
4.584000e-05	-1.109395e-01	1.358916e+01
4.585000e-05	-1.034953e-01	1.345295e+01
4.586000e-05	-9.278600e-02	1.331561e+01
4.587000e-05	-8.566956e-02	1.316916e+01
4.588000e-05	-8.230499e-02	1.300084e+01
4.589000e-05	-8.028523e-02	1.286445e+01
4.590000e-05	-7.356553e-02	1.271558e+01
4.591000e-05	-6.833867e-02	1.255811e+01
4.592000e-05	-6.310513e-02	1.237019e+01
4.593000e-05	-6.381853e-02	1.218184e+01
4.594000e-05	-6.065929e-02	1.204187e+01
4.595000e-05	-5.507258e-02	1.186392e+01
4.596000e-05	-5.091988e-02	1.168395e+01
4.597000e-05	-5.356841e-02	1.150494e+01
4.598000e-05	-5.183668e-02	1.125289e+01
4.599000e-05	-4.758876e-02	1.103297e+01
4.600000e-05	-4.316659e-02	1.087342e+01
4.601000e-05	-4.408038e-02	1.066397e+01
4.602000e-05	-4.420610e-02	1.043390e+01
4.603000e-05	-4.152981e-02	1.023347e+01
4.604000e-05	-3.741325e-02	1.004077e+01
4.605000e-05	-3.674994e-02	9.789237e+00
4.606000e-05	-3.751690e-02	9.547234e+00
4.607000e-05	-3.722009e-02	9.348733e+00
4.608000e-05	-3.446532e-02	9.136630e+00
4.609000e-05	-3.214037e-02	8.905073e+00
4.610000e-05	-3.312684e-02	8.622974e+00
4.611000e-05	-3.367257e-02	8.411873e+00
4.612000e-05	-3.098657e-02	8.200292e+00
4.613000e-05	-2.699779e-02	7.959710e+00
4.614000e-05	-2.741659e-02	7.686473e+00
4.615000e-05	-2.882929e-02	7.401895e+00
4.616000e-05	-2.848468e-02	7.187185e+00
4.617000e-05	-2.573507e-02	6.925154e+00
4.618000e-05	-2.425197e-02	6.634474e+00
4.619000e-05	-2.599689e-02	6.419243e+00
4.620000e-05	-2.675609e-02	6.118211e+00
4.621000e-05	-2.379904e-02	5.865028e+00
4.622000e-05	-2.317552e-02	5.621370e+00
4.623000e-05	-2.104921e-02	5.360188e+00
4.624000e-05	-2.283734e-02	5.002949e+00
4.625000e-05	-2.139678e-02	4.747187e+00
4.626000e-05	-2.006306e-02	4.454555e+00
4.627000e-05	-1.916211e-02	4.137918e+00
4.628000e-05	-2.003170e-02	3.916237e+00
4.629000e-05	-2.057048e-02	3.641524e+00
4.630000e-05	-1.857674e-02	3.359388e+00
4.631000e-05	-1.678052e-02	3.084129e+00
4.632000e-05	-1.688482e-02	2.831551e+00
4.633000e-05	-1.747704e-02	2.496237e+00
4.634000e-05	-1.719019e-02	2.231501e+00
4.635000e-05	-1.359875e-02	1.938966e+00
4.636000e-05	-1.395725e-02	1.615611e+00
4.637000e-05	-1.418723e-02	1.391047e+00
4.638000e-05	-1.454546e-02	1.065156e+00
4.639000e-05	-1.209424e-02	7.593934e-01
4.640000e-05	-1.159766e-02	4.662869e-01
4.641000e-05	-1.084255e-02	2.115999e-01
4.642000e-05	-8.854336e-03	-6.221159e-02
4.643000e-05	4.203782e-03	-3.453157e-01
4.644000e-05	-2.675629e-04	-6.490263e-01
4.645000e-05	1.702262e-03	-9.132093e-01
4.646000e-05	-9.533963e-04	-1.164239e+00
4.647000e-05	1.857767e-03	-1.481131e+00
4.648000e-05	2.637702e-04	-1.703712e+00
4.649000e-05	1.929070e-02	-1.944240e+00
4.650000e-05	9.014852e-02	-2.155196e+00
4.651000e-05	9.207997e-02	-2.524710e+00
4.652000e-05	-6.373414e-02	-2.923710e+00
4.653000e-05	7.058402e-03	-3.272128e+00
4.654000e-05	-5.267956e-02	-3.483184e+00
4.655000e-05	-4.583190e-02	-3.693663e+00
4.656000e-05	-7.695627e-02	-3.906761e+00
4.657000e-05	1.972372e-01	-4.103113e+00
4.658000e-05	-1.754584e-01	-4.377895e+00
4.659000e-05	1.465268e-01	-4.725108e+00
4.660000e-05	3.641371e-02	-4.893612e+00
4.661000e-05	-1.135917e-01	-5.313658e+00
4.662000e-05	1.666948e-01	-5.526216e+00
4.663000e-05	-2.006739e-01	-5.870972e+00
4.664000e-05	1.705250e-01	-6.084103e+00
4.665000e-05	-2.268746e-02	-6.354288e+00
4.666000e-05	1.294267e-03	-6.690951e+00
4.667000e-05	1.037572e-01	-6.882078e+00
4.668000e-05	-1.230174e-01	-7.178892e+00
4.669000e-05	1.426722e-01	-7.450051e+00
4.670000e-05	-1.003844e-01	-7.712550e+00
4.671000e-05	9.599477e-02	-8.008839e+00
4.672000e-05	1.952724e-02	-8.208871e+00
4.673000e-05	-2.361244e-02	-8.501526e+00
4.674000e-05	1.223785e-01	-8.694953e+00
4.675000e-05	-1.110449e-01	-8.957230e+00
4.676000e-05	1.136846e-01	-9.138165e+00
4.677000e-05	-6.604368e-02	-9.388216e+00
4.678000e-05	1.047111e-01	-9.650369e+00
4.679000e-05	-3.146748e-04	-9.861894e+00
4.680000e-05	3.033318e-02	-1.007050e+01
4.681000e-05	4.401405e-02	-1.027195e+01
4.682000e-05	-1.835676e-02	-1.052608e+01
4.683000e-05	8.601233e-02	-1.068355e+01
4.684000e-05	-3.913174e-02	-1.089405e+01
4.685000e-05	9.044785e-02	-1.111503e+01
4.686000e-05	-2.294869e-02	-1.128510e+01
4.687000e-05	8.607104e-02	-1.153556e+01
4.688000e-05	-3.730449e-03	-1.170603e+01
4.689000e-05	5.296528e-02	-1.191700e+01
4.690000e-05	2.108732e-02	-1.211260e+01
4.691000e-05	4.658569e-02	-1.228340e+01
4.692000e-05	4.704810e-02	-1.248140e+01
4.693000e-05	1.884376e-02	-1.265130e+01
4.694000e-05	4.993796e-02	-1.279769e+01
4.695000e-05	2.241126e-02	-1.293711e+01
4.696000e-05	6.929656e-02	-1.309450e+01
4.697000e-05	2.770772e-02	-1.322037e+01
4.698000e-05	6.712447e-02	-1.337829e+01
4.699000e-05	3.285345e-02	-1.356451e+01
4.700000e-05	6.556267e-02	-1.364187e+01
4.701000e-05	3.422508e-02	-1.383821e+01
4.702000e-05	5.054163e-02	-1.392463e+01
4.703000e-05	4.338146e-02	-1.405232e+01
4.704000e-05	6.363711e-02	-1.420804e+01
4.705000e-05	6.383511e-02	-1.430387e+01
4.706000e-05	6.290982e-02	-1.440771e+01
4.707000e-05	6.335252e-02	-1.451500e+01
4.708000e-05	6.295301e-02	-1.458919e+01
4.709000e-05	7.262701e-02	-1.469290e+01
4.710000e-05	6.265169e-02	-1.476721e+01
4.711000e-05	7.121816e-02	-1.488079e+01
4.712000e-05	6.900216e-02	-1.491595e+01
4.713000e-05	8.396146e-02	-1.499811e+01
4.714000e-05	7.613868e-02	-1.505229e+01
4.715000e-05	8.451586e-02	-1.512340e+01
4.716000e-05	8.112792e-02	-1.513708e+01
4.717000e-05	9.510324e-02	-1.519869e+01
4.718000e-05	9.474631e-02	-1.521119e+01
4.719000e-05	9.620088e-02	-1.523429e+01
4.720000e-05	9.576005e-02	-1.530342e+01
4.721000e-05	9.989767e-02	-1.531408e+01
4.722000e-05	1.087224e-01	-1.532556e+01
4.723000e-05	1.115230e-01	-1.536899e+01
4.724000e-05	1.175633e-01	-1.533755e+01
4.725000e-05	1.210964e-01	-1.536813e+01
4.726000e-05	1.323096e-01	-1.534758e+01
4.727000e-05	1.344336e-01	-1.532653e+01
4.728000e-05	1.387988e-01	-1.533708e+01
4.729000e-05	1.451429e-01	-1.531292e+01
4.730000e-05	1.600606e-01	-1.530339e+01
4.731000e-05	1.765121e-01	-1.525137e+01
4.732000e-05	1.921167e-01	-1.518066e+01
4.733000e-05	2.109565e-01	-1.517711e+01
4.734000e-05	2.355580e-01	-1.511440e+01
4.735000e-05	2.488873e-01	-1.509237e+01
4.736000e-05	2.500000e-01	-1.502074e+01
4.737000e-05	2.500000e-01	-1.495756e+01
4.738000e-05	2.500000e-01	-1.486385e+01
4.739000e-05	2.500000e-01	-1.479871e+01
4.740000e-05	2.500000e-01	-1.471510e+01
4.741000e-05	2.499899e-01	-1.460139e+01
4.742000e-05	2.328293e-01	-1.456553e+01
4.743000e-05	2.067373e-01	-1.443124e+01
4.744000e-05	1.848748e-01	-1.435663e+01
4.745000e-05	1.629852e-01	-1.424076e+01
4.746000e-05	1.436210e-01	-1.412805e+01
4.747000e-05	1.275247e-01	-1.399923e+01
4.748000e-05	1.172325e-01	-1.389330e+01
4.749000e-05	1.054075e-01	-1.374653e+01
4.750000e-05	9.550693e-02	-1.361021e+01
4.751000e-05	8.651521e-02	-1.345344e+01
4.752000e-05	8.342504e-02	-1.331655e+01
4.753000e-05	7.690693e-02	-1.317724e+01
4.754000e-05	6.991055e-02	-1.299134e+01
4.755000e-05	6.161568e-02	-1.291398e+01
4.756000e-05	5.887359e-02	-1.274808e+01
4.757000e-05	5.601628e-02	-1.257963e+01
4.758000e-05	5.468292e-02	-1.240034e+01
4.759000e-05	4.771318e-02	-1.225134e+01
4.760000e-05	4.463007e-02	-1.203235e+01
4.761000e-05	4.226418e-02	-1.186094e+01
4.762000e-05	4.026576e-02	-1.163339e+01
4.763000e-05	3.650427e-02	-1.144189e+01
4.764000e-05	3.404722e-02	-1.120131e+01
4.765000e-05	3.421258e-02	-1.098937e+01
4.766000e-05	3.305375e-02	-1.081992e+01
4.767000e-05	3.161422e-02	-1.062195e+01
4.768000e-05	2.626400e-02	-1.040182e+01
4.769000e-05	2.617055e-02	-1.019026e+01
4.770000e-05	2.430892e-02	-9.997785e+00
4.771000e-05	2.341617e-02	-9.777841e+00
4.772000e-05	2.061595e-02	-9.557212e+00
4.773000e-05	1.998658e-02	-9.306679e+00
4.774000e-05	2.007102e-02	-9.096103e+00
4.775000e-05	1.957496e-02	-8.883002e+00
4.776000e-05	1.619834e-02	-8.620472e+00
4.777000e-05	1.448392e-02	-8.400366e+00
4.778000e-05	1.444951e-02	-8.158314e+00
4.779000e-05	1.470688e-02	-7.926635e+00
4.780000e-05	1.301235e-02	-7.613525e+00
4.781000e-05	1.069841e-02	-7.398863e+00
4.782000e-05	1.033368e-02	-7.095736e+00
4.783000e-05	9.283484e-03	-6.873027e+00
4.784000e-05	8.554649e-03	-6.602423e+00
4.785000e-05	6.136297e-03	-6.409368e+00
4.786000e-05	6.047913e-03	-6.064658e+00
4.787000e-05	5.602099e-03	-5.812498e+00
4.788000e-05	7.675613e-03	-5.569362e+00
4.789000e-05	4.865509e-03	-5.264577e+00
4.790000e-05	2.150262e-03	-4.977842e+00
4.791000e-05	6.938605e-04	-4.673023e+00
4.792000e-05	3.161069e-03	-4.421974e+00
4.793000e-05	2.306511e-03	-4.148391e+00
4.794000e-05	7.346012e-05	-3.866688e+00
4.795000e-05	-2.423108e-03	-3.579921e+00
4.796000e-05	-1.623424e-04	-3.349365e+00
4.797000e-05	-1.203930e-03	-3.093583e+00
4.798000e-05	-1.458269e-03	-2.766891e+00
4.799000e-05	-4.300283e-03	-2.496736e+00
4.800000e-05	-3.120289e-03	-2.211528e+00
4.801000e-05	-3.225116e-03	-1.898366e+00
4.802000e-05	-3.055678e-03	-1.664603e+00
4.803000e-05	-5.601046e-03	-1.357417e+00
4.804000e-05	-7.618137e-03	-1.012128e+00
4.805000e-05	-6.058049e-03	-7.678959e-01
4.806000e-05	-6.722555e-03	-4.326103e-01
4.807000e-05	-6.193415e-03	-1.915063e-01
4.808000e-05	-3.148533e-03	1.046568e-01
4.809000e-05	8.955047e-03	3.983497e-01
4.810000e-05	-2.734806e-03	6.300490e-01
4.811000e-05	6.335280e-03	8.410794e-01
4.812000e-05	-3.885791e-03	1.209394e+00
4.813000e-05	2.154392e-03	1.443156e+00
4.814000e-05	-4.095343e-03	1.759391e+00
4.815000e-05	1.616469e-02	1.988945e+00
4.816000e-05	5.186897e-02	2.230975e+00
4.817000e-05	1.105911e-01	2.546267e+00
4.818000e-05	-5.147639e-02	2.884082e+00
4.819000e-05	-2.738100e-02	3.156390e+00
4.820000e-05	-4.429529e-02	3.431999e+00
4.821000e-05	-2.099842e-02	3.734136e+00
4.822000e-05	-9.280487e-02	3.914612e+00
4.823000e-05	-1.710619e-02	4.135590e+00
4.824000e-05	1.139857e-01	4.461523e+00
4.825000e-05	-1.299189e-01	4.734554e+00
4.826000e-05	1.412922e-01	4.966213e+00
4.827000e-05	-2.602753e-02	5.335230e+00
4.828000e-05	-6.946835e-02	5.556337e+00
4.829000e-05	5.287880e-02	5.841521e+00
4.830000e-05	-7.392576e-02	6.114604e+00
4.831000e-05	7.432450e-02	6.356710e+00
4.832000e-05	-5.343206e-02	6.650970e+00
4.833000e-05	-5.310667e-03	6.914729e+00
4.834000e-05	3.429295e-03	7.147265e+00
4.835000e-05	-3.860955e-02	7.462243e+00
4.836000e-05	1.705728e-02	7.734629e+00
4.837000e-05	-7.247846e-02	8.008788e+00
4.838000e-05	4.712034e-02	8.282971e+00
4.839000e-05	-2.283846e-02	8.433027e+00
4.840000e-05	-1.081164e-02	8.651974e+00
4.841000e-05	-6.973487e-03	8.913109e+00
4.842000e-05	-7.002405e-02	9.136784e+00
4.843000e-05	2.263504e-02	9.378285e+00
4.844000e-05	-3.880558e-02	9.617763e+00
4.845000e-05	7.893697e-03	9.820315e+00
4.846000e-05	-5.257277e-02	1.003247e+01
4.847000e-05	2.170775e-03	1.026295e+01
4.848000e-05	-2.008702e-02	1.044395e+01
4.849000e-05	-3.214845e-02	1.069297e+01
4.850000e-05	-2.746235e-02	1.087502e+01
4.851000e-05	-4.430847e-02	1.107300e+01
4.852000e-05	-9.193550e-04	1.132242e+01
4.853000e-05	-4.074347e-02	1.151498e+01
4.854000e-05	-2.284329e-02	1.167305e+01
4.855000e-05	-5.292627e-02	1.191603e+01
4.856000e-05	-1.755395e-02	1.208342e+01
4.857000e-05	-3.035057e-02	1.226232e+01
4.858000e-05	-3.446152e-02	1.243189e+01
4.859000e-05	-4.797669e-02	1.261022e+01
4.860000e-05	-4.404713e-02	1.271563e+01
4.861000e-05	-2.791357e-02	1.293500e+01
4.862000e-05	-4.628585e-02	1.303135e+01
4.863000e-05	-4.607584e-02	1.322171e+01
4.864000e-05	-5.461389e-02	1.336870e+01
4.865000e-05	-3.333129e-02	1.350403e+01
4.866000e-05	-4.740698e-02	1.366129e+01
4.867000e-05	-5.454095e-02	1.376711e+01
4.868000e-05	-6.566187e-02	1.390347e+01
4.869000e-05	-5.396210e-02	1.401166e+01
4.870000e-05	-5.192481e-02	1.413861e+01
4.871000e-05	-6.067673e-02	1.429534e+01
4.872000e-05	-6.787240e-02	1.439821e+01
4.873000e-05	-6.764556e-02	1.449397e+01
4.874000e-05	-6.001595e-02	1.454916e+01
4.875000e-05	-6.784726e-02	1.463337e+01
4.876000e-05	-7.582329e-02	1.475763e+01
4.877000e-05	-8.025224e-02	1.479984e+01
4.878000e-05	-7.389241e-02	1.487492e+01
4.879000e-05	-7.701886e-02	1.495548e+01
4.880000e-05	-8.859614e-02	1.496976e+01
4.881000e-05	-9.585832e-02	1.504234e+01
4.882000e-05	-9.332872e-02	1.508500e+01
4.883000e-05	-8.858225e-02	1.514761e+01
4.884000e-05	-9.690322e-02	1.519019e+01
4.885000e-05	-1.049734e-01	1.524819e+01
4.886000e-05	-1.087807e-01	1.527182e+01
4.887000e-05	-1.062967e-01	1.528347e+01
4.888000e-05	-1.124051e-01	1.530590e+01
4.889000e-05	-1.235879e-01	1.534642e+01
4.890000e-05	-1.284871e-01	1.533697e+01
4.891000e-05	-1.295348e-01	1.532340e+01
4.892000e-05	-1.312306e-01	1.529485e+01
4.893000e-05	-1.441013e-01	1.529300e+01
4.894000e-05	-1.556912e-01	1.527437e+01
4.895000e-05	-1.621315e-01	1.526237e+01
4.896000e-05	-1.702348e-01	1.523926e+01
4.897000e-05	-1.849739e-01	1.523064e+01
4.898000e-05	-2.087835e-01	1.517660e+01
4.899000e-05	-2.305018e-01	1.508600e+01
4.900000e-05	-2.472210e-01	1.505239e+01
4.901000e-05	-2.499999e-01	1.498979e+01
4.902000e-05	-2.500000e-01	1.491755e+01
4.903000e-05	-2.500000e-01	1.489399e+01
4.904000e-05	-2.500000e-01	1.483219e+01
4.905000e-05	-2.500000e-01	1.475646e+01
4.906000e-05	-2.500000e-01	1.464280e+01
4.907000e-05	-2.500000e-01	1.455816e+01
4.908000e-05	-2.328605e-01	1.449392e+01
4.909000e-05	-2.055127e-01	1.435918e+01
4.910000e-05	-1.797508e-01	1.430537e+01
4.911000e-05	-1.668516e-01	1.412698e+01
4.912000e-05	-1.496528e-01	1.401324e+01
4.913000e-05	-1.355127e-01	1.391642e+01
4.914000e-05	-1.191060e-01	1.374861e+01
4.915000e-05	-1.146977e-01	1.365232e+01
4.916000e-05	-1.070757e-01	1.349693e+01
4.917000e-05	-9.817644e-02	1.337964e+01
4.918000e-05	-8.672442e-02	1.323179e+01
4.919000e-05	-8.332031e-02	1.309298e+01
4.920000e-05	-8.154896e-02	1.291606e+01
4.921000e-05	-7.759095e-02	1.277916e+01
4.922000e-05	-6.838061e-02	1.264174e+01
4.923000e-05	-6.466026e-02	1.244282e+01
4.924000e-05	-6.352452e-02	1.232295e+01
4.925000e-05	-6.292285e-02	1.209710e+01
4.926000e-05	-5.673213e-02	1.192711e+01
4.927000e-05	-5.209693e-02	1.174811e+01
4.928000e-05	-5.209193e-02	1.155815e+01
4.929000e-05	-5.331099e-02	1.133815e+01
4.930000e-05	-5.021064e-02	1.114658e+01
4.931000e-05	-4.458879e-02	1.096618e+01
4.932000e-05	-4.372450e-02	1.074869e+01
4.933000e-05	-4.399804e-02	1.052716e+01
4.934000e-05	-4.414868e-02	1.032655e+01
4.935000e-05	-3.916134e-02	1.008756e+01
4.936000e-05	-3.748141e-02	9.864499e+00
4.937000e-05	-3.757293e-02	9.622449e+00
4.938000e-05	-3.834957e-02	9.423420e+00
4.939000e-05	-3.504498e-02	9.201845e+00
4.940000e-05	-3.128997e-02	8.969811e+00
4.941000e-05	-3.300059e-02	8.748161e+00
4.942000e-05	-3.327146e-02	8.516106e+00
4.943000e-05	-3.369484e-02	8.305604e+00
4.944000e-05	-2.855355e-02	8.053425e+00
4.945000e-05	-2.819224e-02	7.791819e+00
4.946000e-05	-2.791157e-02	7.539214e+00
4.947000e-05	-2.935643e-02	7.236029e+00
4.948000e-05	-2.668300e-02	7.011874e+00
4.949000e-05	-2.472916e-02	6.757717e+00
4.950000e-05	-2.557827e-02	6.505054e+00
4.951000e-05	-2.661931e-02	6.231495e+00
4.952000e-05	-2.570014e-02	6.001424e+00
4.953000e-05	-2.180064e-02	5.707658e+00
4.954000e-05	-2.246463e-02	5.463546e+00
4.955000e-05	-2.173888e-02	5.170713e+00
4.956000e-05	-2.461106e-02	4.840970e+00
4.957000e-05	-2.064720e-02	4.538838e+00
4.958000e-05	-2.069633e-02	4.287131e+00
4.959000e-05	-1.898390e-02	4.020347e+00
4.960000e-05	-2.051076e-02	3.697813e+00
4.961000e-05	-1.770813e-02	3.467608e+00
4.962000e-05	-1.662143e-02	3.170396e+00
4.963000e-05	-1.731032e-02	2.916789e+00
4.964000e-05	-1.890672e-02	2.634101e+00
4.965000e-05	-1.833898e-02	2.328345e+00
4.966000e-05	-1.514146e-02	2.055680e+00
4.967000e-05	-1.360948e-02	1.809999e+00
4.968000e-05	-1.300917e-02	1.466756e+00
4.969000e-05	-1.573397e-02	1.212580e+00
4.970000e-05	-1.273622e-02	8.741816e-01
4.971000e-05	-1.148360e-02	5.995750e-01
4.972000e-05	-1.013605e-02	3.077632e-01
4.973000e-05	-9.807312e-03	1.026510e-03
4.974000e-05	-4.008300e-03	-2.516739e-01
4.975000e-05	6.302621e-03	-4.831382e-01
4.976000e-05	-4.016312e-03	-7.989936e-01
4.977000e-05	3.813779e-03	-1.061054e+00
4.978000e-05	-3.286869e-03	-1.312708e+00
4.979000e-05	3.489962e-03	-1.621027e+00
4.980000e-05	6.482857e-03	-1.841003e+00
4.981000e-05	5.052475e-02	-2.011529e+00
4.982000e-05	1.392388e-01	-2.396912e+00
4.983000e-05	-3.923532e-02	-2.747220e+00
4.984000e-05	-1.096934e-02	-3.167342e+00
4.985000e-05	-4.066462e-02	-3.419525e+00
4.986000e-05	-2.890203e-02	-3.609970e+00
4.987000e-05	-1.146165e-01	-3.870050e+00
4.988000e-05	1.314218e-01	-4.010999e+00
4.989000e-05	-3.509055e-03	-4.251555e+00
4.990000e-05	-6.299327e-02	-4.608868e+00
4.991000e-05	2.051700e-01	-4.808969e+00
4.992000e-05	-1.948523e-01	-5.124761e+00
4.993000e-05	1.590249e-01	-5.483028e+00
4.994000e-05	-9.474219e-02	-5.733581e+00
4.995000e-05	-1.383093e-02	-5.969420e+00
4.996000e-05	1.470490e-01	-6.218271e+00
4.997000e-05	-1.226593e-01	-6.545688e+00
4.998000e-05	1.674327e-01	-6.779312e+00
4.999000e-05	-1.066240e-01	-7.061951e+00
