# 260604_11:26:28.415754
t	CH1	CH2
0.000000e+00	-1.159356e-02	6.095251e-01
1.000000e-08	-1.156493e-02	3.643634e-01
2.000000e-08	-9.865667e-03	8.010166e-02
3.000000e-08	-4.867681e-03	-2.425315e-01
4.000000e-08	7.674206e-03	-4.247868e-01
5.000000e-08	-3.916227e-03	-7.600000e-01
6.000000e-08	4.867190e-03	-9.720554e-01
7.000000e-08	-4.340150e-03	-1.266770e+00
8.000000e-08	3.875835e-03	-1.632474e+00
9.000000e-08	3.488531e-03	-1.802030e+00
1.000000e-07	4.537929e-02	-1.991656e+00
1.100000e-07	1.277735e-01	-2.328396e+00
1.200000e-07	-9.565432e-03	-2.738416e+00
1.300000e-07	-2.772290e-02	-3.128898e+00
1.400000e-07	-2.395181e-02	-3.380400e+00
1.500000e-07	-3.644619e-02	-3.570474e+00
1.600000e-07	-9.611332e-02	-3.804037e+00
1.700000e-07	7.989422e-02	-4.001100e+00
1.800000e-07	5.577297e-02	-4.202679e+00
1.900000e-07	-1.158964e-01	-4.547424e+00
2.000000e-07	2.048817e-01	-4.750500e+00
2.100000e-07	-1.539711e-01	-5.068740e+00
2.200000e-07	9.723422e-02	-5.441610e+00
2.300000e-07	-2.224054e-02	-5.655261e+00
2.400000e-07	-8.041171e-02	-5.939367e+00
2.500000e-07	1.675546e-01	-6.130452e+00
2.600000e-07	-1.130024e-01	-6.455290e+00
2.700000e-07	1.353038e-01	-6.759821e+00
2.800000e-07	-5.684338e-02	-6.972128e+00
2.900000e-07	1.209248e-02	-7.305738e+00
3.000000e-07	6.026446e-02	-7.517816e+00
3.100000e-07	-7.293791e-02	-7.824635e+00
3.200000e-07	1.402914e-01	-7.994765e+00
3.300000e-07	-8.465982e-02	-8.298841e+00
3.400000e-07	1.067427e-01	-8.540424e+00
3.500000e-07	-1.217491e-02	-8.762104e+00
3.600000e-07	-7.887787e-03	-9.074709e+00
3.700000e-07	5.874355e-02	-9.214579e+00
3.800000e-07	-3.363218e-02	-9.476766e+00
3.900000e-07	1.144314e-01	-9.716768e+00
4.000000e-07	-4.931451e-02	-9.898764e+00
4.100000e-07	9.407074e-02	-1.013988e+01
4.200000e-07	-3.629354e-02	-1.032050e+01
4.300000e-07	6.825571e-02	-1.056145e+01
4.400000e-07	7.947906e-03	-1.073088e+01
4.500000e-07	2.790257e-02	-1.095945e+01
4.600000e-07	4.522866e-02	-1.116097e+01
4.700000e-07	1.108831e-02	-1.136000e+01
4.800000e-07	6.848223e-02	-1.154097e+01
4.900000e-07	-7.433782e-03	-1.179905e+01
5.000000e-07	6.476779e-02	-1.195045e+01
5.100000e-07	4.412428e-03	-1.215953e+01
5.200000e-07	7.465376e-02	-1.232882e+01
5.300000e-07	1.343199e-02	-1.250724e+01
5.400000e-07	5.258427e-02	-1.265364e+01
5.500000e-07	2.500012e-02	-1.280358e+01
5.600000e-07	5.205829e-02	-1.299051e+01
5.700000e-07	4.389170e-02	-1.309687e+01
5.800000e-07	4.343785e-02	-1.327321e+01
5.900000e-07	5.131222e-02	-1.342453e+01
6.000000e-07	4.292754e-02	-1.353045e+01
6.100000e-07	6.034908e-02	-1.367574e+01
6.200000e-07	3.770313e-02	-1.383203e+01
6.300000e-07	5.716337e-02	-1.390885e+01
6.400000e-07	4.694568e-02	-1.401569e+01
6.500000e-07	6.923691e-02	-1.420255e+01
6.600000e-07	5.608328e-02	-1.427727e+01
6.700000e-07	6.397898e-02	-1.438153e+01
6.800000e-07	5.614566e-02	-1.450617e+01
6.900000e-07	7.046674e-02	-1.461195e+01
7.000000e-07	6.762631e-02	-1.464469e+01
7.100000e-07	7.040466e-02	-1.476790e+01
7.200000e-07	7.032218e-02	-1.479103e+01
7.300000e-07	7.645924e-02	-1.487822e+01
7.400000e-07	7.937796e-02	-1.497985e+01
7.500000e-07	7.704894e-02	-1.502253e+01
7.600000e-07	8.269913e-02	-1.506364e+01
7.700000e-07	8.539909e-02	-1.509829e+01
7.800000e-07	9.685114e-02	-1.514693e+01
7.900000e-07	9.317885e-02	-1.514990e+01
8.000000e-07	9.811327e-02	-1.522158e+01
8.100000e-07	9.665152e-02	-1.524158e+01
8.200000e-07	1.067923e-01	-1.528426e+01
8.300000e-07	1.095679e-01	-1.532522e+01
8.400000e-07	1.152185e-01	-1.528512e+01
8.500000e-07	1.196671e-01	-1.529464e+01
8.600000e-07	1.274063e-01	-1.529714e+01
8.700000e-07	1.341326e-01	-1.528479e+01
8.800000e-07	1.365889e-01	-1.528429e+01
8.900000e-07	1.461661e-01	-1.526258e+01
9.000000e-07	1.552048e-01	-1.525153e+01
9.100000e-07	1.741238e-01	-1.519093e+01
9.200000e-07	1.883463e-01	-1.517785e+01
9.300000e-07	2.100825e-01	-1.510682e+01
9.400000e-07	2.331766e-01	-1.508409e+01
9.500000e-07	2.484900e-01	-1.506261e+01
9.600000e-07	2.500000e-01	-1.495945e+01
9.700000e-07	2.500000e-01	-1.493861e+01
9.800000e-07	2.500000e-01	-1.483203e+01
9.900000e-07	2.500000e-01	-1.476685e+01
1.000000e-06	2.500000e-01	-1.468376e+01
1.010000e-06	2.493995e-01	-1.462150e+01
1.020000e-06	2.387420e-01	-1.455772e+01
1.030000e-06	2.083463e-01	-1.444848e+01
1.040000e-06	1.864714e-01	-1.434624e+01
1.050000e-06	1.650088e-01	-1.427111e+01
1.060000e-06	1.454576e-01	-1.412571e+01
1.070000e-06	1.285341e-01	-1.398797e+01
1.080000e-06	1.171441e-01	-1.387258e+01
1.090000e-06	1.062643e-01	-1.374535e+01
1.100000e-06	9.458674e-02	-1.361951e+01
1.110000e-06	8.697784e-02	-1.348411e+01
1.120000e-06	8.120713e-02	-1.334632e+01
1.130000e-06	7.746658e-02	-1.317845e+01
1.140000e-06	7.066748e-02	-1.304406e+01
1.150000e-06	6.418111e-02	-1.287524e+01
1.160000e-06	5.759079e-02	-1.275579e+01
1.170000e-06	5.552519e-02	-1.260840e+01
1.180000e-06	5.273095e-02	-1.243850e+01
1.190000e-06	4.911320e-02	-1.226053e+01
1.200000e-06	4.459579e-02	-1.208006e+01
1.210000e-06	4.252549e-02	-1.187366e+01
1.220000e-06	3.984553e-02	-1.168209e+01
1.230000e-06	3.741807e-02	-1.146164e+01
1.240000e-06	3.395541e-02	-1.124311e+01
1.250000e-06	3.313233e-02	-1.102063e+01
1.260000e-06	3.271077e-02	-1.085160e+01
1.270000e-06	3.056855e-02	-1.070106e+01
1.280000e-06	2.786096e-02	-1.048364e+01
1.290000e-06	2.573913e-02	-1.025313e+01
1.300000e-06	2.415677e-02	-1.006048e+01
1.310000e-06	2.337012e-02	-9.830480e+00
1.320000e-06	2.153812e-02	-9.628453e+00
1.330000e-06	2.080263e-02	-9.357425e+00
1.340000e-06	1.932135e-02	-9.166348e+00
1.350000e-06	1.982585e-02	-8.986291e+00
1.360000e-06	1.645633e-02	-8.722237e+00
1.370000e-06	1.505961e-02	-8.481107e+00
1.380000e-06	1.352359e-02	-8.239450e+00
1.390000e-06	1.380445e-02	-8.016870e+00
1.400000e-06	1.303844e-02	-7.743311e+00
1.410000e-06	1.203223e-02	-7.451584e+00
1.420000e-06	9.963856e-03	-7.249052e+00
1.430000e-06	1.054041e-02	-6.976793e+00
1.440000e-06	8.572269e-03	-6.713057e+00
1.450000e-06	7.290447e-03	-6.480554e+00
1.460000e-06	6.049929e-03	-6.187845e+00
1.470000e-06	6.569045e-03	-5.923715e+00
1.480000e-06	4.925818e-03	-5.641628e+00
1.490000e-06	5.222620e-03	-5.424820e+00
1.500000e-06	2.407431e-03	-5.120609e+00
1.510000e-06	2.875999e-03	-4.775363e+00
1.520000e-06	2.875950e-03	-4.492661e+00
1.530000e-06	2.244380e-03	-4.290502e+00
1.540000e-06	1.883483e-03	-3.957824e+00
1.550000e-06	-1.760933e-03	-3.743687e+00
1.560000e-06	-1.401822e-03	-3.439500e+00
1.570000e-06	-3.762880e-03	-3.216794e+00
1.580000e-06	-1.198373e-03	-2.860604e+00
1.590000e-06	-3.401696e-03	-2.628396e+00
1.600000e-06	-1.822768e-03	-2.333756e+00
1.610000e-06	-2.919158e-03	-2.020505e+00
1.620000e-06	-2.272340e-03	-1.785943e+00
1.630000e-06	-5.178583e-03	-1.489207e+00
1.640000e-06	-7.247101e-03	-1.155214e+00
1.650000e-06	-8.362274e-03	-8.815593e-01
1.660000e-06	-7.050192e-03	-5.754185e-01
1.670000e-06	-6.611055e-03	-3.035866e-01
1.680000e-06	-5.071884e-03	-2.994993e-02
1.690000e-06	6.465141e-03	2.566867e-01
1.700000e-06	3.907814e-03	5.173945e-01
1.710000e-06	2.868084e-03	7.495209e-01
1.720000e-06	1.036541e-03	1.025335e+00
1.730000e-06	-2.276068e-03	1.277366e+00
1.740000e-06	-1.037208e-03	1.626310e+00
1.750000e-06	2.492461e-03	1.865811e+00
1.760000e-06	2.706287e-02	2.087313e+00
1.770000e-06	9.583861e-02	2.340530e+00
1.780000e-06	4.038770e-02	2.739448e+00
1.790000e-06	-5.738992e-02	3.023184e+00
1.800000e-06	-2.679970e-02	3.258286e+00
1.810000e-06	-3.689611e-02	3.611078e+00
1.820000e-06	-4.905637e-02	3.783178e+00
1.830000e-06	-7.958122e-02	4.062130e+00
1.840000e-06	7.240347e-02	4.276266e+00
1.850000e-06	6.114561e-03	4.611504e+00
1.860000e-06	-5.680893e-02	4.811028e+00
1.870000e-06	1.547187e-01	5.109499e+00
1.880000e-06	-1.379611e-01	5.434190e+00
1.890000e-06	4.749817e-02	5.677417e+00
1.900000e-06	-3.367187e-02	6.002007e+00
1.910000e-06	-4.689376e-03	6.183583e+00
1.920000e-06	3.618703e-02	6.456341e+00
1.930000e-06	-7.131933e-02	6.761053e+00
1.940000e-06	4.101744e-02	6.943628e+00
1.950000e-06	-5.401576e-02	7.297316e+00
1.960000e-06	2.014282e-02	7.551028e+00
1.970000e-06	-4.759910e-02	7.795660e+00
1.980000e-06	-7.725838e-03	8.099891e+00
1.990000e-06	2.501246e-02	8.348944e+00
2.000000e-06	-4.150951e-02	8.572424e+00
2.010000e-06	1.213680e-02	8.751500e+00
2.020000e-06	-5.578933e-02	8.993632e+00
2.030000e-06	-1.635789e-02	9.284711e+00
2.040000e-06	-8.642277e-03	9.484788e+00
2.050000e-06	-1.116633e-02	9.727343e+00
2.060000e-06	-2.240466e-02	9.928323e+00
2.070000e-06	-3.033565e-02	1.013095e+01
2.080000e-06	-3.561323e-03	1.033045e+01
2.090000e-06	-3.271520e-02	1.055912e+01
2.100000e-06	-2.521519e-02	1.075998e+01
2.110000e-06	-3.966325e-02	1.091897e+01
2.120000e-06	-2.177468e-02	1.114053e+01
2.130000e-06	-1.962299e-02	1.136898e+01
2.140000e-06	-3.327588e-02	1.155195e+01
2.150000e-06	-3.894107e-02	1.176148e+01
2.160000e-06	-3.772452e-02	1.197035e+01
2.170000e-06	-2.268481e-02	1.219889e+01
2.180000e-06	-3.078526e-02	1.228722e+01
2.190000e-06	-3.979413e-02	1.245624e+01
2.200000e-06	-4.761227e-02	1.269471e+01
2.210000e-06	-3.652668e-02	1.280045e+01
2.220000e-06	-3.699654e-02	1.294095e+01
2.230000e-06	-4.652473e-02	1.309677e+01
2.240000e-06	-5.194843e-02	1.324466e+01
2.250000e-06	-4.289467e-02	1.338203e+01
2.260000e-06	-4.063367e-02	1.356889e+01
2.270000e-06	-4.790956e-02	1.367519e+01
2.280000e-06	-6.225926e-02	1.381153e+01
2.290000e-06	-5.907140e-02	1.388844e+01
2.300000e-06	-5.370905e-02	1.407269e+01
2.310000e-06	-5.451903e-02	1.414998e+01
2.320000e-06	-6.527518e-02	1.432885e+01
2.330000e-06	-6.927019e-02	1.439051e+01
2.340000e-06	-6.221414e-02	1.452579e+01
2.350000e-06	-6.403133e-02	1.458098e+01
2.360000e-06	-6.926821e-02	1.465621e+01
2.370000e-06	-7.959638e-02	1.477685e+01
2.380000e-06	-7.533615e-02	1.477206e+01
2.390000e-06	-7.571044e-02	1.485514e+01
2.400000e-06	-8.022315e-02	1.494883e+01
2.410000e-06	-9.352205e-02	1.497045e+01
2.420000e-06	-9.544337e-02	1.502358e+01
2.430000e-06	-9.036496e-02	1.510514e+01
2.440000e-06	-9.128765e-02	1.511529e+01
2.450000e-06	-9.970997e-02	1.516792e+01
2.460000e-06	-1.079719e-01	1.522193e+01
2.470000e-06	-1.063094e-01	1.518153e+01
2.480000e-06	-1.093164e-01	1.520216e+01
2.490000e-06	-1.174050e-01	1.525424e+01
2.500000e-06	-1.284812e-01	1.527616e+01
2.510000e-06	-1.310304e-01	1.529411e+01
2.520000e-06	-1.305274e-01	1.526366e+01
2.530000e-06	-1.370994e-01	1.522409e+01
2.540000e-06	-1.516192e-01	1.521358e+01
2.550000e-06	-1.633177e-01	1.519055e+01
2.560000e-06	-1.692584e-01	1.518087e+01
2.570000e-06	-1.829383e-01	1.515880e+01
2.580000e-06	-2.034268e-01	1.512474e+01
2.590000e-06	-2.305343e-01	1.507471e+01
2.600000e-06	-2.470426e-01	1.501206e+01
2.610000e-06	-2.500000e-01	1.500043e+01
2.620000e-06	-2.500000e-01	1.494832e+01
2.630000e-06	-2.500000e-01	1.489517e+01
2.640000e-06	-2.500000e-01	1.483042e+01
2.650000e-06	-2.500000e-01	1.475582e+01
2.660000e-06	-2.500000e-01	1.466508e+01
2.670000e-06	-2.499000e-01	1.453732e+01
2.680000e-06	-2.399650e-01	1.447206e+01
2.690000e-06	-2.088712e-01	1.439990e+01
2.700000e-06	-1.831138e-01	1.428364e+01
2.710000e-06	-1.646088e-01	1.416678e+01
2.720000e-06	-1.522723e-01	1.404055e+01
2.730000e-06	-1.362196e-01	1.396519e+01
2.740000e-06	-1.223081e-01	1.379850e+01
2.750000e-06	-1.104876e-01	1.365465e+01
2.760000e-06	-1.065239e-01	1.349572e+01
2.770000e-06	-9.730079e-02	1.336745e+01
2.780000e-06	-8.728189e-02	1.332208e+01
2.790000e-06	-8.136975e-02	1.310369e+01
2.800000e-06	-7.920980e-02	1.297785e+01
2.810000e-06	-7.750164e-02	1.282050e+01
2.820000e-06	-7.191658e-02	1.264263e+01
2.830000e-06	-6.670148e-02	1.252262e+01
2.840000e-06	-6.137410e-02	1.234726e+01
2.850000e-06	-6.067933e-02	1.215778e+01
2.860000e-06	-5.563352e-02	1.197737e+01
2.870000e-06	-5.235400e-02	1.179853e+01
2.880000e-06	-4.989705e-02	1.161843e+01
2.890000e-06	-5.287587e-02	1.138740e+01
2.900000e-06	-5.061879e-02	1.120898e+01
2.910000e-06	-4.827862e-02	1.101842e+01
2.920000e-06	-4.281314e-02	1.080885e+01
2.930000e-06	-4.252206e-02	1.060948e+01
2.940000e-06	-4.372842e-02	1.039595e+01
2.950000e-06	-3.997314e-02	1.019642e+01
2.960000e-06	-3.732014e-02	9.964863e+00
2.970000e-06	-3.534003e-02	9.706661e+00
2.980000e-06	-3.510333e-02	9.515134e+00
2.990000e-06	-3.659155e-02	9.304163e+00
3.000000e-06	-3.286956e-02	9.073536e+00
3.010000e-06	-3.424012e-02	8.849007e+00
3.020000e-06	-3.441676e-02	8.609947e+00
3.030000e-06	-3.481737e-02	8.396376e+00
3.040000e-06	-3.223018e-02	8.205715e+00
3.050000e-06	-2.661031e-02	7.861685e+00
3.060000e-06	-2.559642e-02	7.659027e+00
3.070000e-06	-2.501879e-02	7.405794e+00
3.080000e-06	-2.628602e-02	7.134134e+00
3.090000e-06	-2.609054e-02	6.861106e+00
3.100000e-06	-2.671271e-02	6.598471e+00
3.110000e-06	-2.798375e-02	6.325316e+00
3.120000e-06	-2.684242e-02	6.102738e+00
3.130000e-06	-2.284446e-02	5.881003e+00
3.140000e-06	-2.077208e-02	5.546217e+00
3.150000e-06	-2.047972e-02	5.324058e+00
3.160000e-06	-2.069359e-02	4.984791e+00
3.170000e-06	-2.031197e-02	4.682533e+00
3.180000e-06	-2.121637e-02	4.409930e+00
3.190000e-06	-2.067646e-02	4.144665e+00
3.200000e-06	-2.136432e-02	3.850582e+00
3.210000e-06	-2.025339e-02	3.599400e+00
3.220000e-06	-1.795019e-02	3.323213e+00
3.230000e-06	-1.591181e-02	3.029525e+00
3.240000e-06	-1.674594e-02	2.786422e+00
3.250000e-06	-1.698805e-02	2.470582e+00
3.260000e-06	-1.514386e-02	2.226420e+00
3.270000e-06	-1.357486e-02	1.974315e+00
3.280000e-06	-1.379656e-02	1.649502e+00
3.290000e-06	-1.515384e-02	1.385766e+00
3.300000e-06	-1.417428e-02	1.058449e+00
3.310000e-06	-1.231704e-02	7.236893e-01
3.320000e-06	-1.171436e-02	4.516014e-01
3.330000e-06	-1.150852e-02	1.858659e-01
3.340000e-06	-7.251043e-03	-7.584222e-02
3.350000e-06	5.481685e-03	-3.589460e-01
3.360000e-06	-1.806346e-04	-6.551363e-01
3.370000e-06	2.062461e-03	-8.768170e-01
3.380000e-06	-2.250489e-03	-1.130529e+00
3.390000e-06	1.115260e-03	-1.457816e+00
3.400000e-06	7.519135e-04	-1.717342e+00
3.410000e-06	2.305494e-02	-1.949395e+00
3.420000e-06	9.579580e-02	-2.192501e+00
3.430000e-06	7.742414e-02	-2.520547e+00
3.440000e-06	-5.807866e-02	-2.951500e+00
3.450000e-06	6.565910e-04	-3.285218e+00
3.460000e-06	-4.873676e-02	-3.485865e+00
3.470000e-06	-5.736002e-02	-3.738893e+00
3.480000e-06	-4.946946e-02	-3.949396e+00
3.490000e-06	1.720673e-01	-4.137792e+00
3.500000e-06	-1.612348e-01	-4.414582e+00
3.510000e-06	1.552244e-01	-4.706242e+00
3.520000e-06	1.299258e-02	-4.950446e+00
3.530000e-06	-8.410151e-02	-5.305895e+00
3.540000e-06	1.361389e-01	-5.529947e+00
3.550000e-06	-1.819033e-01	-5.844660e+00
3.560000e-06	1.626054e-01	-6.063791e+00
3.570000e-06	-3.168651e-02	-6.291498e+00
3.580000e-06	2.027671e-02	-6.644743e+00
3.590000e-06	7.779817e-02	-6.886365e+00
3.600000e-06	-9.897922e-02	-7.213157e+00
3.610000e-06	1.264535e-01	-7.423608e+00
3.620000e-06	-9.153112e-02	-7.699921e+00
3.630000e-06	9.884029e-02	-8.000505e+00
3.640000e-06	6.604526e-03	-8.162028e+00
3.650000e-06	-6.304674e-03	-8.434781e+00
3.660000e-06	1.009583e-01	-8.686769e+00
3.670000e-06	-9.324698e-02	-8.940928e+00
3.680000e-06	1.002110e-01	-9.118423e+00
3.690000e-06	-5.638142e-02	-9.360452e+00
3.700000e-06	1.021514e-01	-9.633212e+00
3.710000e-06	-2.827602e-03	-9.823084e+00
3.720000e-06	3.794651e-02	-1.002621e+01
3.730000e-06	3.385448e-02	-1.025362e+01
3.740000e-06	-6.896312e-03	-1.049737e+01
3.750000e-06	7.307512e-02	-1.068516e+01
3.760000e-06	-2.887003e-02	-1.085779e+01
3.770000e-06	8.251172e-02	-1.106526e+01
3.780000e-06	-1.521373e-02	-1.126627e+01
3.790000e-06	8.077161e-02	-1.148624e+01
3.800000e-06	-2.550045e-03	-1.167484e+01
3.810000e-06	5.338536e-02	-1.191682e+01
3.820000e-06	2.108783e-02	-1.209620e+01
3.830000e-06	4.919338e-02	-1.231368e+01
3.840000e-06	4.377696e-02	-1.238213e+01
3.850000e-06	2.456172e-02	-1.262308e+01
3.860000e-06	4.745379e-02	-1.273895e+01
3.870000e-06	2.511683e-02	-1.291787e+01
3.880000e-06	6.407523e-02	-1.305566e+01
3.890000e-06	2.809210e-02	-1.321201e+01
3.900000e-06	6.394434e-02	-1.336040e+01
3.910000e-06	3.444537e-02	-1.349682e+01
3.920000e-06	6.520348e-02	-1.361361e+01
3.930000e-06	3.823048e-02	-1.377085e+01
3.940000e-06	5.311543e-02	-1.389467e+01
3.950000e-06	4.494013e-02	-1.402143e+01
3.960000e-06	6.249734e-02	-1.417792e+01
3.970000e-06	6.077689e-02	-1.425554e+01
3.980000e-06	5.910711e-02	-1.434995e+01
3.990000e-06	6.081207e-02	-1.444466e+01
4.000000e-06	6.304167e-02	-1.455935e+01
4.010000e-06	7.340904e-02	-1.463311e+01
4.020000e-06	6.648501e-02	-1.470572e+01
4.030000e-06	7.409122e-02	-1.479991e+01
4.040000e-06	6.978147e-02	-1.485518e+01
4.050000e-06	8.183421e-02	-1.493787e+01
4.060000e-06	7.417972e-02	-1.498153e+01
4.070000e-06	8.140463e-02	-1.507311e+01
4.080000e-06	8.156150e-02	-1.510669e+01
4.090000e-06	9.534985e-02	-1.515879e+01
4.100000e-06	9.631407e-02	-1.515045e+01
4.110000e-06	9.789094e-02	-1.520000e+01
4.120000e-06	9.699117e-02	-1.523108e+01
4.130000e-06	1.016242e-01	-1.526256e+01
4.140000e-06	1.084710e-01	-1.528671e+01
4.150000e-06	1.108886e-01	-1.531526e+01
4.160000e-06	1.177007e-01	-1.532674e+01
4.170000e-06	1.217384e-01	-1.531669e+01
4.180000e-06	1.332979e-01	-1.530326e+01
4.190000e-06	1.371616e-01	-1.529516e+01
4.200000e-06	1.429999e-01	-1.528164e+01
4.210000e-06	1.507793e-01	-1.523261e+01
4.220000e-06	1.668636e-01	-1.522098e+01
4.230000e-06	1.823809e-01	-1.519840e+01
4.240000e-06	2.007490e-01	-1.516627e+01
4.250000e-06	2.217858e-01	-1.514466e+01
4.260000e-06	2.453949e-01	-1.505411e+01
4.270000e-06	2.500000e-01	-1.498103e+01
4.280000e-06	2.500000e-01	-1.493685e+01
4.290000e-06	2.500000e-01	-1.486368e+01
4.300000e-06	2.500000e-01	-1.480993e+01
4.310000e-06	2.500000e-01	-1.470522e+01
4.320000e-06	2.500000e-01	-1.461261e+01
4.330000e-06	2.466959e-01	-1.455692e+01
4.340000e-06	2.210124e-01	-1.446358e+01
4.350000e-06	1.943025e-01	-1.437880e+01
4.360000e-06	1.735023e-01	-1.427416e+01
4.370000e-06	1.524061e-01	-1.417985e+01
4.380000e-06	1.350143e-01	-1.404198e+01
4.390000e-06	1.208922e-01	-1.391674e+01
4.400000e-06	1.113866e-01	-1.377995e+01
4.410000e-06	1.009256e-01	-1.367056e+01
4.420000e-06	9.063712e-02	-1.349472e+01
4.430000e-06	8.292313e-02	-1.339045e+01
4.440000e-06	7.699917e-02	-1.325203e+01
4.450000e-06	7.208985e-02	-1.311479e+01
4.460000e-06	6.595642e-02	-1.297785e+01
4.470000e-06	6.063603e-02	-1.281043e+01
4.480000e-06	5.669073e-02	-1.265265e+01
4.490000e-06	5.479649e-02	-1.249421e+01
4.500000e-06	5.069496e-02	-1.232467e+01
4.510000e-06	4.675902e-02	-1.217685e+01
4.520000e-06	4.344931e-02	-1.197732e+01
4.530000e-06	4.084688e-02	-1.179930e+01
4.540000e-06	3.859860e-02	-1.155632e+01
4.550000e-06	3.517888e-02	-1.133429e+01
4.560000e-06	3.270066e-02	-1.111524e+01
4.570000e-06	3.195453e-02	-1.095425e+01
4.580000e-06	3.134841e-02	-1.074479e+01
4.590000e-06	2.999732e-02	-1.056682e+01
4.600000e-06	2.624309e-02	-1.032579e+01
4.610000e-06	2.450454e-02	-1.015421e+01
4.620000e-06	2.294906e-02	-9.903168e+00
4.630000e-06	2.252232e-02	-9.723566e+00
4.640000e-06	2.203583e-02	-9.514613e+00
4.650000e-06	1.980592e-02	-9.252131e+00
4.660000e-06	1.957741e-02	-9.040580e+00
4.670000e-06	1.765985e-02	-8.838402e+00
4.680000e-06	1.560950e-02	-8.577773e+00
4.690000e-06	1.341867e-02	-8.315162e+00
4.700000e-06	1.326810e-02	-8.073613e+00
4.710000e-06	1.355207e-02	-7.790478e+00
4.720000e-06	1.471075e-02	-7.555841e+00
4.730000e-06	1.070117e-02	-7.314237e+00
4.740000e-06	1.024048e-02	-7.092059e+00
4.750000e-06	7.171284e-03	-6.807947e+00
4.760000e-06	8.621744e-03	-6.556840e+00
4.770000e-06	5.673125e-03	-6.291711e+00
4.780000e-06	6.906234e-03	-6.059052e+00
4.790000e-06	4.298993e-03	-5.776245e+00
4.800000e-06	5.384500e-03	-5.552684e+00
4.810000e-06	4.107766e-03	-5.228928e+00
4.820000e-06	3.548680e-03	-4.912686e+00
4.830000e-06	1.344309e-03	-4.585922e+00
4.840000e-06	2.242798e-03	-4.375795e+00
4.850000e-06	1.084317e-03	-4.102763e+00
4.860000e-06	1.044622e-03	-3.819401e+00
4.870000e-06	-1.577301e-03	-3.546243e+00
4.880000e-06	-2.101538e-03	-3.331664e+00
4.890000e-06	-3.057626e-03	-2.998396e+00
4.900000e-06	-2.607133e-03	-2.734112e+00
4.910000e-06	-2.794069e-03	-2.430550e+00
4.920000e-06	-3.048195e-03	-2.134745e+00
4.930000e-06	-3.946820e-03	-1.924605e+00
4.940000e-06	-3.714689e-03	-1.638448e+00
4.950000e-06	-5.491098e-03	-1.299607e+00
4.960000e-06	-7.440720e-03	-9.744460e-01
4.970000e-06	-7.431493e-03	-7.321355e-01
4.980000e-06	-8.592141e-03	-4.094199e-01
4.990000e-06	-6.069832e-03	-1.047631e-01
5.000000e-06	-4.915181e-04	1.209947e-01
5.010000e-06	9.662463e-03	4.226052e-01
5.020000e-06	-1.391900e-03	6.452117e-01
5.030000e-06	5.193266e-03	8.678661e-01
5.040000e-06	-3.874139e-03	1.223605e+00
5.050000e-06	1.589133e-03	1.447369e+00
5.060000e-06	-3.795903e-03	1.802575e+00
5.070000e-06	1.667035e-02	1.990604e+00
5.080000e-06	6.052165e-02	2.255661e+00
5.090000e-06	9.794321e-02	2.573530e+00
5.100000e-06	-5.212876e-02	2.889418e+00
5.110000e-06	-2.977573e-02	3.182075e+00
5.120000e-06	-4.151500e-02	3.497792e+00
5.130000e-06	-2.567280e-02	3.717316e+00
5.140000e-06	-8.977559e-02	3.947877e+00
5.150000e-06	-3.235505e-04	4.119450e+00
5.160000e-06	9.510259e-02	4.496313e+00
5.170000e-06	-1.191390e-01	4.758294e+00
5.180000e-06	1.443095e-01	4.941632e+00
5.190000e-06	-4.473527e-02	5.349421e+00
5.200000e-06	-5.056286e-02	5.613951e+00
5.210000e-06	4.007918e-02	5.885166e+00
5.220000e-06	-6.314363e-02	6.106791e+00
5.230000e-06	6.652075e-02	6.352502e+00
5.240000e-06	-5.525851e-02	6.676715e+00
5.250000e-06	2.150941e-03	6.897797e+00
5.260000e-06	-8.048978e-03	7.150976e+00
5.270000e-06	-2.723708e-02	7.463636e+00
5.280000e-06	4.789602e-03	7.729845e+00
5.290000e-06	-6.120009e-02	7.993483e+00
5.300000e-06	4.270159e-02	8.253234e+00
5.310000e-06	-2.682608e-02	8.465759e+00
5.320000e-06	-9.252931e-03	8.686291e+00
5.330000e-06	-1.484554e-02	8.908347e+00
5.340000e-06	-6.091626e-02	9.189978e+00
5.350000e-06	1.790503e-02	9.361529e+00
5.360000e-06	-3.358692e-02	9.573553e+00
5.370000e-06	2.475784e-03	9.814062e+00
5.380000e-06	-4.966188e-02	1.005574e+01
5.390000e-06	4.557199e-04	1.027569e+01
5.400000e-06	-2.338083e-02	1.050476e+01
5.410000e-06	-3.143385e-02	1.065524e+01
5.420000e-06	-2.820843e-02	1.088674e+01
5.430000e-06	-3.986295e-02	1.110568e+01
5.440000e-06	-4.469759e-03	1.130624e+01
5.450000e-06	-3.957166e-02	1.148830e+01
5.460000e-06	-2.654565e-02	1.173782e+01
5.470000e-06	-5.090897e-02	1.188676e+01
5.480000e-06	-1.966000e-02	1.209524e+01
5.490000e-06	-3.113300e-02	1.224519e+01
5.500000e-06	-3.486649e-02	1.239358e+01
5.510000e-06	-4.688751e-02	1.254205e+01
5.520000e-06	-4.257001e-02	1.273680e+01
5.530000e-06	-3.110072e-02	1.285667e+01
5.540000e-06	-4.643269e-02	1.305418e+01
5.550000e-06	-4.717594e-02	1.318245e+01
5.560000e-06	-5.204008e-02	1.335737e+01
5.570000e-06	-3.586068e-02	1.347566e+01
5.580000e-06	-4.806921e-02	1.359098e+01
5.590000e-06	-5.590619e-02	1.371842e+01
5.600000e-06	-6.416569e-02	1.385421e+01
5.610000e-06	-5.468576e-02	1.399045e+01
5.620000e-06	-5.188346e-02	1.410885e+01
5.630000e-06	-6.048572e-02	1.426459e+01
5.640000e-06	-6.667493e-02	1.438090e+01
5.650000e-06	-6.677531e-02	1.444321e+01
5.660000e-06	-6.064930e-02	1.454937e+01
5.670000e-06	-6.922820e-02	1.465314e+01
5.680000e-06	-7.504422e-02	1.471785e+01
5.690000e-06	-7.929418e-02	1.476992e+01
5.700000e-06	-7.368606e-02	1.484316e+01
5.710000e-06	-7.824982e-02	1.492722e+01
5.720000e-06	-8.808856e-02	1.497887e+01
5.730000e-06	-9.498890e-02	1.502098e+01
5.740000e-06	-9.236133e-02	1.506261e+01
5.750000e-06	-8.968777e-02	1.508619e+01
5.760000e-06	-9.684360e-02	1.514690e+01
5.770000e-06	-1.051437e-01	1.517995e+01
5.780000e-06	-1.080085e-01	1.519448e+01
5.790000e-06	-1.080777e-01	1.524195e+01
5.800000e-06	-1.140333e-01	1.521408e+01
5.810000e-06	-1.249578e-01	1.528414e+01
5.820000e-06	-1.291844e-01	1.524461e+01
5.830000e-06	-1.308568e-01	1.526161e+01
5.840000e-06	-1.328418e-01	1.519213e+01
5.850000e-06	-1.460176e-01	1.521251e+01
5.860000e-06	-1.585140e-01	1.524305e+01
5.870000e-06	-1.672550e-01	1.522095e+01
5.880000e-06	-1.763598e-01	1.515940e+01
5.890000e-06	-1.938546e-01	1.515787e+01
5.900000e-06	-2.196735e-01	1.508324e+01
5.910000e-06	-2.422748e-01	1.504173e+01
5.920000e-06	-2.494000e-01	1.499990e+01
5.930000e-06	-2.500000e-01	1.492837e+01
5.940000e-06	-2.500000e-01	1.493618e+01
5.950000e-06	-2.500000e-01	1.483063e+01
5.960000e-06	-2.500000e-01	1.479080e+01
5.970000e-06	-2.500000e-01	1.472369e+01
5.980000e-06	-2.499900e-01	1.460098e+01
5.990000e-06	-2.471558e-01	1.450629e+01
6.000000e-06	-2.218701e-01	1.444048e+01
6.010000e-06	-1.930493e-01	1.433574e+01
6.020000e-06	-1.703353e-01	1.421148e+01
6.030000e-06	-1.572222e-01	1.407308e+01
6.040000e-06	-1.411901e-01	1.399832e+01
6.050000e-06	-1.276372e-01	1.386158e+01
6.060000e-06	-1.132143e-01	1.372571e+01
6.070000e-06	-1.092257e-01	1.355880e+01
6.080000e-06	-1.025562e-01	1.348165e+01
6.090000e-06	-9.478174e-02	1.333471e+01
6.100000e-06	-8.322614e-02	1.316692e+01
6.110000e-06	-8.007349e-02	1.302253e+01
6.120000e-06	-7.717026e-02	1.290411e+01
6.130000e-06	-7.347588e-02	1.271427e+01
6.140000e-06	-6.548934e-02	1.255687e+01
6.150000e-06	-6.260553e-02	1.240938e+01
6.160000e-06	-6.124756e-02	1.229958e+01
6.170000e-06	-6.201772e-02	1.208100e+01
6.180000e-06	-5.515741e-02	1.188264e+01
6.190000e-06	-5.125355e-02	1.168311e+01
6.200000e-06	-5.069228e-02	1.149371e+01
6.210000e-06	-5.098641e-02	1.129206e+01
6.220000e-06	-4.839377e-02	1.107158e+01
6.230000e-06	-4.310954e-02	1.087214e+01
6.240000e-06	-4.231000e-02	1.069421e+01
6.250000e-06	-4.314409e-02	1.048069e+01
6.260000e-06	-4.194453e-02	1.025158e+01
6.270000e-06	-3.936750e-02	1.001996e+01
6.280000e-06	-3.735103e-02	9.850477e+00
6.290000e-06	-3.694987e-02	9.566877e+00
6.300000e-06	-3.732300e-02	9.388443e+00
6.310000e-06	-3.464859e-02	9.146366e+00
6.320000e-06	-3.207985e-02	8.917242e+00
6.330000e-06	-3.130465e-02	8.684185e+00
6.340000e-06	-3.254446e-02	8.461187e+00
6.350000e-06	-3.168769e-02	8.260004e+00
6.360000e-06	-2.906008e-02	8.008298e+00
6.370000e-06	-2.727929e-02	7.754295e+00
6.380000e-06	-2.794530e-02	7.502608e+00
6.390000e-06	-2.799139e-02	7.208502e+00
6.400000e-06	-2.702086e-02	6.986821e+00
6.410000e-06	-2.540634e-02	6.724165e+00
6.420000e-06	-2.495704e-02	6.441078e+00
6.430000e-06	-2.484939e-02	6.186371e+00
6.440000e-06	-2.372582e-02	5.965792e+00
6.450000e-06	-2.262979e-02	5.680705e+00
6.460000e-06	-2.188890e-02	5.448421e+00
6.470000e-06	-2.151226e-02	5.084057e+00
6.480000e-06	-2.260177e-02	4.776871e+00
6.490000e-06	-2.120128e-02	4.512688e+00
6.500000e-06	-2.004918e-02	4.281529e+00
6.510000e-06	-1.868581e-02	3.955864e+00
6.520000e-06	-2.009137e-02	3.701756e+00
6.530000e-06	-1.820065e-02	3.418498e+00
6.540000e-06	-1.692862e-02	3.145265e+00
6.550000e-06	-1.564592e-02	2.902682e+00
6.560000e-06	-1.572652e-02	2.627850e+00
6.570000e-06	-1.763216e-02	2.272584e+00
6.580000e-06	-1.589858e-02	2.021529e+00
6.590000e-06	-1.605897e-02	1.806817e+00
6.600000e-06	-1.393473e-02	1.490581e+00
6.610000e-06	-1.524646e-02	1.166396e+00
6.620000e-06	-1.223142e-02	8.605726e-01
6.630000e-06	-1.187265e-02	5.668696e-01
6.640000e-06	-9.421904e-03	3.406580e-01
6.650000e-06	-9.662444e-03	-2.105374e-02
6.660000e-06	-1.955249e-03	-2.466618e-01
6.670000e-06	3.759524e-03	-4.783182e-01
6.680000e-06	-2.677773e-03	-7.926040e-01
6.690000e-06	3.041772e-03	-1.044106e+00
6.700000e-06	-2.633851e-03	-1.321392e+00
6.710000e-06	1.769648e-03	-1.593080e+00
6.720000e-06	8.293816e-03	-1.816209e+00
6.730000e-06	5.897141e-02	-2.036712e+00
6.740000e-06	1.284087e-01	-2.381083e+00
6.750000e-06	-4.074388e-02	-2.791083e+00
6.760000e-06	-1.104807e-02	-3.152028e+00
6.770000e-06	-3.912612e-02	-3.414154e+00
6.780000e-06	-3.485917e-02	-3.623054e+00
6.790000e-06	-1.028268e-01	-3.866213e+00
6.800000e-06	1.376887e-01	-4.013704e+00
6.810000e-06	-2.803689e-02	-4.287816e+00
6.820000e-06	-3.828195e-02	-4.570529e+00
6.830000e-06	1.701378e-01	-4.762107e+00
6.840000e-06	-1.771250e-01	-5.171023e+00
6.850000e-06	1.525603e-01	-5.444713e+00
6.860000e-06	-1.060264e-01	-5.688896e+00
6.870000e-06	5.212369e-03	-5.994031e+00
6.880000e-06	1.209092e-01	-6.191659e+00
6.890000e-06	-9.794238e-02	-6.548474e+00
6.900000e-06	1.495908e-01	-6.741472e+00
6.910000e-06	-1.008792e-01	-7.026612e+00
6.920000e-06	6.945818e-02	-7.339348e+00
6.930000e-06	3.149484e-03	-7.550525e+00
6.940000e-06	-2.338320e-02	-7.897790e+00
6.950000e-06	1.179240e-01	-8.097344e+00
6.960000e-06	-8.652157e-02	-8.329924e+00
6.970000e-06	1.341660e-01	-8.574482e+00
6.980000e-06	-6.389505e-02	-8.794288e+00
6.990000e-06	3.990482e-02	-9.105236e+00
7.000000e-06	1.536488e-02	-9.257740e+00
7.010000e-06	8.280527e-03	-9.517899e+00
7.020000e-06	8.743498e-02	-9.757399e+00
7.030000e-06	-3.535374e-02	-9.949900e+00
7.040000e-06	9.410748e-02	-1.017943e+01
7.050000e-06	-4.541865e-02	-1.038250e+01
7.060000e-06	8.789538e-02	-1.055103e+01
7.070000e-06	-2.023678e-02	-1.077098e+01
7.080000e-06	5.550838e-02	-1.101063e+01
7.090000e-06	1.936831e-02	-1.116056e+01
7.100000e-06	3.663511e-02	-1.140305e+01
7.110000e-06	4.628351e-02	-1.159253e+01
7.120000e-06	6.904339e-03	-1.184211e+01
7.130000e-06	5.843829e-02	-1.198258e+01
7.140000e-06	1.254085e-02	-1.218053e+01
7.150000e-06	7.421933e-02	-1.237892e+01
7.160000e-06	8.125796e-03	-1.252884e+01
7.170000e-06	5.789133e-02	-1.267722e+01
7.180000e-06	1.919708e-02	-1.283366e+01
7.190000e-06	6.089737e-02	-1.300360e+01
7.200000e-06	3.331564e-02	-1.313890e+01
7.210000e-06	5.272292e-02	-1.330982e+01
7.220000e-06	4.541414e-02	-1.346366e+01
7.230000e-06	5.220037e-02	-1.352840e+01
7.240000e-06	5.402823e-02	-1.370629e+01
7.250000e-06	4.122744e-02	-1.384316e+01
7.260000e-06	5.358024e-02	-1.397890e+01
7.270000e-06	5.041657e-02	-1.408769e+01
7.280000e-06	6.786104e-02	-1.420200e+01
7.290000e-06	5.447617e-02	-1.431683e+01
7.300000e-06	6.446604e-02	-1.439316e+01
7.310000e-06	5.758265e-02	-1.451634e+01
7.320000e-06	7.397240e-02	-1.458158e+01
7.330000e-06	6.629040e-02	-1.466522e+01
7.340000e-06	7.312966e-02	-1.476740e+01
7.350000e-06	6.984365e-02	-1.481256e+01
7.360000e-06	7.860010e-02	-1.488637e+01
7.370000e-06	7.767528e-02	-1.490195e+01
7.380000e-06	7.808566e-02	-1.503308e+01
7.390000e-06	8.044124e-02	-1.508568e+01
7.400000e-06	8.786650e-02	-1.509580e+01
7.410000e-06	9.737456e-02	-1.516043e+01
7.420000e-06	9.584130e-02	-1.517853e+01
7.430000e-06	9.841813e-02	-1.519103e+01
7.440000e-06	9.850743e-02	-1.525263e+01
7.450000e-06	1.089120e-01	-1.527369e+01
7.460000e-06	1.106479e-01	-1.527567e+01
7.470000e-06	1.163113e-01	-1.532476e+01
7.480000e-06	1.193409e-01	-1.529467e+01
7.490000e-06	1.284340e-01	-1.530324e+01
7.500000e-06	1.353340e-01	-1.528421e+01
7.510000e-06	1.379500e-01	-1.529361e+01
7.520000e-06	1.459974e-01	-1.525361e+01
7.530000e-06	1.583701e-01	-1.523213e+01
7.540000e-06	1.775309e-01	-1.522993e+01
7.550000e-06	1.937499e-01	-1.514880e+01
7.560000e-06	2.159218e-01	-1.509677e+01
7.570000e-06	2.370065e-01	-1.511366e+01
7.580000e-06	2.493000e-01	-1.501258e+01
7.590000e-06	2.500000e-01	-1.496088e+01
7.600000e-06	2.500000e-01	-1.491377e+01
7.610000e-06	2.500000e-01	-1.481195e+01
7.620000e-06	2.500000e-01	-1.473683e+01
7.630000e-06	2.500000e-01	-1.466366e+01
7.640000e-06	2.490832e-01	-1.462950e+01
7.650000e-06	2.329331e-01	-1.450622e+01
7.660000e-06	2.042862e-01	-1.440953e+01
7.670000e-06	1.811561e-01	-1.433519e+01
7.680000e-06	1.597752e-01	-1.420153e+01
7.690000e-06	1.404317e-01	-1.410367e+01
7.700000e-06	1.250959e-01	-1.394745e+01
7.710000e-06	1.148108e-01	-1.387159e+01
7.720000e-06	1.050737e-01	-1.371667e+01
7.730000e-06	9.492717e-02	-1.357545e+01
7.740000e-06	8.533618e-02	-1.343066e+01
7.750000e-06	8.072514e-02	-1.331361e+01
7.760000e-06	7.490534e-02	-1.315682e+01
7.770000e-06	6.921656e-02	-1.301056e+01
7.780000e-06	6.117725e-02	-1.288414e+01
7.790000e-06	5.657471e-02	-1.269571e+01
7.800000e-06	5.495053e-02	-1.256582e+01
7.810000e-06	5.237215e-02	-1.239940e+01
7.820000e-06	4.773292e-02	-1.223046e+01
7.830000e-06	4.415940e-02	-1.207050e+01
7.840000e-06	4.227775e-02	-1.185253e+01
7.850000e-06	4.035920e-02	-1.168195e+01
7.860000e-06	3.692618e-02	-1.141848e+01
7.870000e-06	3.399544e-02	-1.125798e+01
7.880000e-06	3.313355e-02	-1.098995e+01
7.890000e-06	3.224381e-02	-1.085843e+01
7.900000e-06	2.947948e-02	-1.065055e+01
7.910000e-06	2.673599e-02	-1.042998e+01
7.920000e-06	2.461670e-02	-1.023943e+01
7.930000e-06	2.478589e-02	-9.988428e+00
7.940000e-06	2.477317e-02	-9.768454e+00
7.950000e-06	2.266291e-02	-9.596820e+00
7.960000e-06	2.050225e-02	-9.344269e+00
7.970000e-06	2.004704e-02	-9.102668e+00
7.980000e-06	1.843708e-02	-8.903712e+00
7.990000e-06	1.490055e-02	-8.681637e+00
8.000000e-06	1.288335e-02	-8.428978e+00
8.010000e-06	1.214466e-02	-8.237873e+00
8.020000e-06	1.438661e-02	-7.996238e+00
8.030000e-06	1.394465e-02	-7.680609e+00
8.040000e-06	1.337697e-02	-7.428970e+00
8.050000e-06	1.253152e-02	-7.144771e+00
8.060000e-06	9.520916e-03	-6.892211e+00
8.070000e-06	7.763637e-03	-6.640155e+00
8.080000e-06	4.792057e-03	-6.419948e+00
8.090000e-06	5.025794e-03	-6.132787e+00
8.100000e-06	4.605823e-03	-5.859129e+00
8.110000e-06	4.644388e-03	-5.598924e+00
8.120000e-06	5.704261e-03	-5.354266e+00
8.130000e-06	4.860647e-03	-5.030474e+00
8.140000e-06	4.063698e-03	-4.671706e+00
8.150000e-06	2.635068e-03	-4.461054e+00
8.160000e-06	1.300188e-03	-4.218976e+00
8.170000e-06	-4.099921e-04	-3.956820e+00
8.180000e-06	-3.029204e-03	-3.680031e+00
8.190000e-06	-3.001747e-03	-3.426898e+00
8.200000e-06	-2.392178e-03	-3.182764e+00
8.210000e-06	-8.676699e-04	-2.777924e+00
8.220000e-06	-1.370962e-03	-2.545344e+00
8.230000e-06	-9.470388e-04	-2.290060e+00
8.240000e-06	-3.211998e-03	-1.966946e+00
8.250000e-06	-3.746783e-03	-1.704213e+00
8.260000e-06	-6.871711e-03	-1.436948e+00
8.270000e-06	-7.573079e-03	-1.103134e+00
8.280000e-06	-8.497479e-03	-8.274262e-01
8.290000e-06	-6.813451e-03	-5.532619e-01
8.300000e-06	-4.997779e-03	-2.525788e-01
8.310000e-06	-2.678451e-03	-1.694837e-02
8.320000e-06	7.416496e-03	2.973934e-01
8.330000e-06	-5.941131e-04	5.500225e-01
8.340000e-06	3.807705e-03	8.111027e-01
8.350000e-06	-9.485185e-04	1.077816e+00
8.360000e-06	-2.136163e-04	1.403048e+00
8.370000e-06	-1.600626e-03	1.678238e+00
8.380000e-06	8.114026e-03	1.917366e+00
8.390000e-06	3.460281e-02	2.140022e+00
8.400000e-06	1.063751e-01	2.425238e+00
8.410000e-06	3.991833e-03	2.812608e+00
8.420000e-06	-4.924203e-02	3.065787e+00
8.430000e-06	-3.278819e-02	3.331047e+00
8.440000e-06	-3.012285e-02	3.604110e+00
8.450000e-06	-6.507207e-02	3.844739e+00
8.460000e-06	-6.062675e-02	4.034707e+00
8.470000e-06	9.729534e-02	4.360950e+00
8.480000e-06	-4.912409e-02	4.624131e+00
8.490000e-06	9.066987e-03	4.822611e+00
8.500000e-06	1.070892e-01	5.202631e+00
8.510000e-06	-1.357587e-01	5.496240e+00
8.520000e-06	6.638041e-02	5.729500e+00
8.530000e-06	-5.989464e-02	6.033708e+00
8.540000e-06	2.863252e-02	6.254736e+00
8.550000e-06	8.039661e-03	6.531449e+00
8.560000e-06	-5.573658e-02	6.832081e+00
8.570000e-06	3.838059e-02	7.044260e+00
8.580000e-06	-5.795868e-02	7.296899e+00
8.590000e-06	2.838017e-02	7.622656e+00
8.600000e-06	-6.646597e-02	7.897316e+00
8.610000e-06	1.653241e-02	8.160480e+00
8.620000e-06	8.699021e-03	8.381504e+00
8.630000e-06	-3.495348e-02	8.591081e+00
8.640000e-06	1.168288e-02	8.813208e+00
8.650000e-06	-6.745605e-02	9.076213e+00
8.660000e-06	3.085035e-03	9.296792e+00
8.670000e-06	-2.315252e-02	9.520345e+00
8.680000e-06	-5.305385e-04	9.749844e+00
8.690000e-06	-3.625962e-02	1.001200e+01
8.700000e-06	-1.782309e-02	1.018053e+01
8.710000e-06	-9.002732e-03	1.036308e+01
8.720000e-06	-3.441469e-02	1.061248e+01
8.730000e-06	-2.454447e-02	1.079309e+01
8.740000e-06	-4.395765e-02	1.097256e+01
8.750000e-06	-1.225118e-02	1.119201e+01
8.760000e-06	-2.927900e-02	1.140158e+01
8.770000e-06	-2.756697e-02	1.161258e+01
8.780000e-06	-4.560103e-02	1.179458e+01
8.790000e-06	-2.871154e-02	1.198205e+01
8.800000e-06	-2.622467e-02	1.217953e+01
8.810000e-06	-3.164284e-02	1.233945e+01
8.820000e-06	-4.323048e-02	1.252740e+01
8.830000e-06	-4.606955e-02	1.265471e+01
8.840000e-06	-3.381485e-02	1.280256e+01
8.850000e-06	-4.121525e-02	1.295093e+01
8.860000e-06	-4.492010e-02	1.312885e+01
8.870000e-06	-5.298338e-02	1.329579e+01
8.880000e-06	-3.760098e-02	1.339215e+01
8.890000e-06	-4.511402e-02	1.352880e+01
8.900000e-06	-4.945107e-02	1.362569e+01
8.910000e-06	-6.452617e-02	1.385308e+01
8.920000e-06	-5.629322e-02	1.391987e+01
8.930000e-06	-5.337098e-02	1.408521e+01
8.940000e-06	-5.657954e-02	1.421911e+01
8.950000e-06	-6.540738e-02	1.429840e+01
8.960000e-06	-6.900441e-02	1.445211e+01
8.970000e-06	-6.086177e-02	1.449734e+01
8.980000e-06	-6.582605e-02	1.457093e+01
8.990000e-06	-7.054592e-02	1.470522e+01
9.000000e-06	-8.098486e-02	1.473948e+01
9.010000e-06	-7.347526e-02	1.483203e+01
9.020000e-06	-7.707621e-02	1.486369e+01
9.030000e-06	-8.363552e-02	1.496837e+01
9.040000e-06	-9.443163e-02	1.498103e+01
9.050000e-06	-9.353153e-02	1.507451e+01
9.060000e-06	-8.921934e-02	1.508266e+01
9.070000e-06	-9.389819e-02	1.511627e+01
9.080000e-06	-1.017903e-01	1.514990e+01
9.090000e-06	-1.081634e-01	1.520245e+01
9.100000e-06	-1.066109e-01	1.524003e+01
9.110000e-06	-1.111345e-01	1.520313e+01
9.120000e-06	-1.199152e-01	1.527551e+01
9.130000e-06	-1.277456e-01	1.524569e+01
9.140000e-06	-1.301107e-01	1.526366e+01
9.150000e-06	-1.314497e-01	1.523513e+01
9.160000e-06	-1.415815e-01	1.521463e+01
9.170000e-06	-1.536385e-01	1.524264e+01
9.180000e-06	-1.641860e-01	1.521108e+01
9.190000e-06	-1.702790e-01	1.516840e+01
9.200000e-06	-1.873930e-01	1.515889e+01
9.210000e-06	-2.086807e-01	1.511422e+01
9.220000e-06	-2.351553e-01	1.508416e+01
9.230000e-06	-2.471774e-01	1.501103e+01
9.240000e-06	-2.498000e-01	1.496835e+01
9.250000e-06	-2.500000e-01	1.491829e+01
9.260000e-06	-2.500000e-01	1.487161e+01
9.270000e-06	-2.500000e-01	1.482948e+01
9.280000e-06	-2.500000e-01	1.470574e+01
9.290000e-06	-2.500000e-01	1.465003e+01
9.300000e-06	-2.490885e-01	1.456787e+01
9.310000e-06	-2.342517e-01	1.447208e+01
9.320000e-06	-2.028639e-01	1.440582e+01
9.330000e-06	-1.788099e-01	1.423106e+01
9.340000e-06	-1.613417e-01	1.415574e+01
9.350000e-06	-1.497967e-01	1.404042e+01
9.360000e-06	-1.338504e-01	1.387361e+01
9.370000e-06	-1.198699e-01	1.378038e+01
9.380000e-06	-1.106086e-01	1.362143e+01
9.390000e-06	-1.047677e-01	1.348317e+01
9.400000e-06	-9.710344e-02	1.337792e+01
9.410000e-06	-8.678309e-02	1.326098e+01
9.420000e-06	-8.111465e-02	1.309468e+01
9.430000e-06	-7.821976e-02	1.294529e+01
9.440000e-06	-7.636350e-02	1.277840e+01
9.450000e-06	-6.941686e-02	1.264958e+01
9.460000e-06	-6.437947e-02	1.243161e+01
9.470000e-06	-6.135159e-02	1.231414e+01
9.480000e-06	-6.157623e-02	1.211579e+01
9.490000e-06	-5.719708e-02	1.193627e+01
9.500000e-06	-5.292534e-02	1.178792e+01
9.510000e-06	-4.952315e-02	1.157789e+01
9.520000e-06	-5.139880e-02	1.134832e+01
9.530000e-06	-4.959595e-02	1.113737e+01
9.540000e-06	-4.614269e-02	1.097837e+01
9.550000e-06	-4.168498e-02	1.077734e+01
9.560000e-06	-4.328028e-02	1.059730e+01
9.570000e-06	-4.276235e-02	1.031679e+01
9.580000e-06	-3.951445e-02	1.015634e+01
9.590000e-06	-3.748793e-02	9.893716e+00
9.600000e-06	-3.632151e-02	9.671657e+00
9.610000e-06	-3.779102e-02	9.451057e+00
9.620000e-06	-3.661824e-02	9.261105e+00
9.630000e-06	-3.401647e-02	9.040000e+00
9.640000e-06	-3.207117e-02	8.806900e+00
9.650000e-06	-3.257399e-02	8.558847e+00
9.660000e-06	-3.184484e-02	8.325713e+00
9.670000e-06	-2.987424e-02	8.104186e+00
9.680000e-06	-2.740661e-02	7.859526e+00
9.690000e-06	-2.772174e-02	7.597424e+00
9.700000e-06	-2.792588e-02	7.345213e+00
9.710000e-06	-2.713971e-02	7.071559e+00
9.720000e-06	-2.618306e-02	6.848526e+00
9.730000e-06	-2.525066e-02	6.554389e+00
9.740000e-06	-2.679758e-02	6.262235e+00
9.750000e-06	-2.514360e-02	6.070604e+00
9.760000e-06	-2.251763e-02	5.826317e+00
9.770000e-06	-2.227041e-02	5.545690e+00
9.780000e-06	-2.112519e-02	5.238449e+00
9.790000e-06	-2.123585e-02	4.901662e+00
9.800000e-06	-2.055096e-02	4.619925e+00
9.810000e-06	-2.063712e-02	4.367445e+00
9.820000e-06	-2.020770e-02	4.102110e+00
9.830000e-06	-2.100686e-02	3.797950e+00
9.840000e-06	-2.030933e-02	3.564716e+00
9.850000e-06	-1.796059e-02	3.261532e+00
9.860000e-06	-1.620152e-02	2.987919e+00
9.870000e-06	-1.636581e-02	2.715716e+00
9.880000e-06	-1.681845e-02	2.400447e+00
9.890000e-06	-1.529712e-02	2.135763e+00
9.900000e-06	-1.438030e-02	1.932612e+00
9.910000e-06	-1.354162e-02	1.568396e+00
9.920000e-06	-1.495333e-02	1.302208e+00
9.930000e-06	-1.452477e-02	1.006340e+00
9.940000e-06	-1.263309e-02	6.730269e-01
9.950000e-06	-1.119359e-02	4.089001e-01
9.960000e-06	-9.874724e-03	1.942092e-01
9.970000e-06	-5.548752e-03	-1.284497e-01
9.980000e-06	6.812994e-03	-4.125289e-01
9.990000e-06	-3.477961e-03	-7.253683e-01
1.000000e-05	3.523520e-03	-9.294923e-01
1.001000e-05	-4.367238e-03	-1.202558e+00
1.002000e-05	2.396019e-03	-1.537370e+00
1.003000e-05	-5.095392e-04	-1.750897e+00
1.004000e-05	3.328651e-02	-1.938971e+00
1.005000e-05	1.153883e-01	-2.266263e+00
1.006000e-05	3.841204e-02	-2.604159e+00
1.007000e-05	-4.819085e-02	-3.044714e+00
1.008000e-05	-7.641741e-03	-3.348446e+00
1.009000e-05	-4.356336e-02	-3.547844e+00
1.010000e-05	-7.575187e-02	-3.721497e+00
1.011000e-05	5.128002e-03	-3.949549e+00
1.012000e-05	1.336797e-01	-4.139398e+00
1.013000e-05	-1.631569e-01	-4.455815e+00
1.014000e-05	2.027508e-01	-4.698319e+00
1.015000e-05	-8.054062e-02	-4.982157e+00
1.016000e-05	1.288897e-03	-5.319503e+00
1.017000e-05	7.536700e-02	-5.581127e+00
1.018000e-05	-1.503890e-01	-5.927320e+00
1.019000e-05	1.875931e-01	-6.105768e+00
1.020000e-05	-8.742160e-02	-6.382130e+00
1.021000e-05	8.337285e-02	-6.686790e+00
1.022000e-05	1.428158e-02	-6.938923e+00
1.023000e-05	-5.428012e-02	-7.263736e+00
1.024000e-05	1.088397e-01	-7.443738e+00
1.025000e-05	-9.997262e-02	-7.761003e+00
1.026000e-05	1.337006e-01	-8.042986e+00
1.027000e-05	-4.514469e-02	-8.234110e+00
1.028000e-05	5.121691e-02	-8.485844e+00
1.029000e-05	5.113996e-02	-8.719420e+00
1.030000e-05	-6.426171e-02	-8.961080e+00
1.031000e-05	9.257340e-02	-9.171926e+00
1.032000e-05	-5.938396e-02	-9.414082e+00
1.033000e-05	1.204991e-01	-9.655711e+00
1.034000e-05	-3.494359e-02	-9.865683e+00
1.035000e-05	7.303209e-02	-1.009824e+01
1.036000e-05	-1.882259e-03	-1.030925e+01
1.037000e-05	2.833962e-02	-1.051832e+01
1.038000e-05	4.425849e-02	-1.073584e+01
1.039000e-05	-6.994692e-03	-1.091830e+01
1.040000e-05	7.103755e-02	-1.108821e+01
1.041000e-05	-1.033261e-02	-1.133840e+01
1.042000e-05	8.130525e-02	-1.151732e+01
1.043000e-05	-1.054669e-02	-1.173087e+01
1.044000e-05	6.486503e-02	-1.193737e+01
1.045000e-05	9.192314e-03	-1.213737e+01
1.046000e-05	6.407815e-02	-1.229726e+01
1.047000e-05	2.674839e-02	-1.246726e+01
1.048000e-05	3.760636e-02	-1.261414e+01
1.049000e-05	3.814878e-02	-1.277150e+01
1.050000e-05	3.679152e-02	-1.295997e+01
1.051000e-05	5.608144e-02	-1.310669e+01
1.052000e-05	3.259765e-02	-1.321511e+01
1.053000e-05	6.176922e-02	-1.340198e+01
1.054000e-05	3.639112e-02	-1.353782e+01
1.055000e-05	6.545971e-02	-1.368468e+01
1.056000e-05	3.593347e-02	-1.378198e+01
1.057000e-05	5.659269e-02	-1.391592e+01
1.058000e-05	4.495848e-02	-1.401358e+01
1.059000e-05	6.706231e-02	-1.417990e+01
1.060000e-05	5.744389e-02	-1.426514e+01
1.061000e-05	6.222453e-02	-1.436895e+01
1.062000e-05	5.835783e-02	-1.446574e+01
1.063000e-05	6.747815e-02	-1.457895e+01
1.064000e-05	7.123995e-02	-1.462413e+01
1.065000e-05	6.795799e-02	-1.474735e+01
1.066000e-05	7.117339e-02	-1.482303e+01
1.067000e-05	7.207230e-02	-1.491619e+01
1.068000e-05	8.112838e-02	-1.491840e+01
1.069000e-05	7.639686e-02	-1.501250e+01
1.070000e-05	8.206779e-02	-1.509366e+01
1.071000e-05	8.275720e-02	-1.509472e+01
1.072000e-05	9.609235e-02	-1.516682e+01
1.073000e-05	9.491310e-02	-1.519045e+01
1.074000e-05	9.771123e-02	-1.522098e+01
1.075000e-05	9.622837e-02	-1.526258e+01
1.076000e-05	1.037438e-01	-1.525364e+01
1.077000e-05	1.093448e-01	-1.527516e+01
1.078000e-05	1.133550e-01	-1.532424e+01
1.079000e-05	1.179896e-01	-1.531420e+01
1.080000e-05	1.248292e-01	-1.530574e+01
1.081000e-05	1.346386e-01	-1.528516e+01
1.082000e-05	1.382394e-01	-1.528466e+01
1.083000e-05	1.446633e-01	-1.525317e+01
1.084000e-05	1.527175e-01	-1.528103e+01
1.085000e-05	1.695407e-01	-1.523998e+01
1.086000e-05	1.851767e-01	-1.515842e+01
1.087000e-05	2.039716e-01	-1.514582e+01
1.088000e-05	2.275151e-01	-1.511363e+01
1.089000e-05	2.476672e-01	-1.505309e+01
1.090000e-05	2.500000e-01	-1.500940e+01
1.091000e-05	2.500000e-01	-1.495627e+01
1.092000e-05	2.500000e-01	-1.483213e+01
1.093000e-05	2.500000e-01	-1.480947e+01
1.094000e-05	2.500000e-01	-1.470469e+01
1.095000e-05	2.500000e-01	-1.461108e+01
1.096000e-05	2.438260e-01	-1.453832e+01
1.097000e-05	2.152019e-01	-1.447111e+01
1.098000e-05	1.909440e-01	-1.434779e+01
1.099000e-05	1.688830e-01	-1.424163e+01
1.100000e-05	1.491456e-01	-1.413982e+01
1.101000e-05	1.316020e-01	-1.401000e+01
1.102000e-05	1.201029e-01	-1.385417e+01
1.103000e-05	1.092198e-01	-1.378587e+01
1.104000e-05	9.822581e-02	-1.364144e+01
1.105000e-05	8.783942e-02	-1.352479e+01
1.106000e-05	8.135372e-02	-1.333737e+01
1.107000e-05	7.781963e-02	-1.321950e+01
1.108000e-05	7.192820e-02	-1.309416e+01
1.109000e-05	6.518962e-02	-1.291622e+01
1.110000e-05	5.906286e-02	-1.277836e+01
1.111000e-05	5.768366e-02	-1.264101e+01
1.112000e-05	5.416824e-02	-1.247151e+01
1.113000e-05	4.932697e-02	-1.226271e+01
1.114000e-05	4.471629e-02	-1.213514e+01
1.115000e-05	4.312497e-02	-1.197419e+01
1.116000e-05	4.050752e-02	-1.176725e+01
1.117000e-05	3.850725e-02	-1.152414e+01
1.118000e-05	3.389181e-02	-1.131424e+01
1.119000e-05	3.424203e-02	-1.108273e+01
1.120000e-05	3.198882e-02	-1.090321e+01
1.121000e-05	3.211998e-02	-1.071231e+01
1.122000e-05	2.808337e-02	-1.054519e+01
1.123000e-05	2.638237e-02	-1.031419e+01
1.124000e-05	2.511693e-02	-1.007264e+01
1.125000e-05	2.401290e-02	-9.873603e+00
1.126000e-05	2.121605e-02	-9.632156e+00
1.127000e-05	2.038723e-02	-9.450056e+00
1.128000e-05	1.916210e-02	-9.249400e+00
1.129000e-05	1.915607e-02	-9.017398e+00
1.130000e-05	1.835706e-02	-8.805790e+00
1.131000e-05	1.555323e-02	-8.534763e+00
1.132000e-05	1.405312e-02	-8.292113e+00
1.133000e-05	1.330910e-02	-8.060032e+00
1.134000e-05	1.307894e-02	-7.827325e+00
1.135000e-05	1.172778e-02	-7.522163e+00
1.136000e-05	9.981237e-03	-7.270107e+00
1.137000e-05	9.158672e-03	-7.027921e+00
1.138000e-05	9.517688e-03	-6.735720e+00
1.139000e-05	8.148552e-03	-6.482687e+00
1.140000e-05	5.368798e-03	-6.290429e+00
1.141000e-05	7.303715e-03	-5.987920e+00
1.142000e-05	5.205860e-03	-5.693190e+00
1.143000e-05	6.814459e-03	-5.461531e+00
1.144000e-05	2.135155e-03	-5.106290e+00
1.145000e-05	3.311450e-03	-4.867526e+00
1.146000e-05	1.675264e-03	-4.544840e+00
1.147000e-05	2.748106e-03	-4.293233e+00
1.148000e-05	1.159825e-03	-4.040580e+00
1.149000e-05	2.789323e-04	-3.744791e+00
1.150000e-05	-2.706724e-04	-3.503711e+00
1.151000e-05	-1.304169e-03	-3.220053e+00
1.152000e-05	-3.150197e-03	-2.964708e+00
1.153000e-05	-3.865313e-03	-2.670579e+00
1.154000e-05	-3.266901e-03	-2.377925e+00
1.155000e-05	-3.345701e-03	-2.063163e+00
1.156000e-05	-2.228719e-03	-1.820951e+00
1.157000e-05	-4.849895e-03	-1.534844e+00
1.158000e-05	-6.220533e-03	-1.218547e+00
1.159000e-05	-8.314142e-03	-8.951646e-01
1.160000e-05	-5.891057e-03	-6.885564e-01
1.161000e-05	-7.435979e-03	-3.562671e-01
1.162000e-05	-5.207975e-03	-1.216580e-01
1.163000e-05	1.575159e-03	1.815024e-01
1.164000e-05	7.831094e-03	4.457857e-01
1.165000e-05	-8.546641e-04	7.013621e-01
1.166000e-05	3.340972e-03	9.605238e-01
1.167000e-05	-3.523217e-03	1.275186e+00
1.168000e-05	1.050249e-03	1.531049e+00
1.169000e-05	-6.268262e-04	1.814635e+00
1.170000e-05	2.119231e-02	2.034184e+00
1.171000e-05	7.627922e-02	2.298996e+00
1.172000e-05	7.525473e-02	2.637712e+00
1.173000e-05	-6.044796e-02	2.920951e+00
1.174000e-05	-2.562457e-02	3.217157e+00
1.175000e-05	-4.054265e-02	3.549446e+00
1.176000e-05	-3.395948e-02	3.771474e+00
1.177000e-05	-9.020569e-02	3.948999e+00
1.178000e-05	3.435253e-02	4.214632e+00
1.179000e-05	6.280263e-02	4.549392e+00
1.180000e-05	-1.076694e-01	4.758424e+00
1.181000e-05	1.688936e-01	5.033265e+00
1.182000e-05	-1.023355e-01	5.370629e+00
1.183000e-05	7.763294e-04	5.634133e+00
1.184000e-05	5.783469e-03	5.910447e+00
1.185000e-05	-4.185429e-02	6.180906e+00
1.186000e-05	6.035370e-02	6.375682e+00
1.187000e-05	-6.975336e-02	6.709892e+00
1.188000e-05	2.593635e-02	6.941451e+00
1.189000e-05	-3.426308e-02	7.245605e+00
1.190000e-05	-3.244154e-03	7.447390e+00
1.191000e-05	-1.907868e-02	7.771509e+00
1.192000e-05	-3.851093e-02	7.996235e+00
1.193000e-05	3.924774e-02	8.287317e+00
1.194000e-05	-3.688459e-02	8.508347e+00
1.195000e-05	3.602509e-03	8.717846e+00
1.196000e-05	-3.370186e-02	8.961974e+00
1.197000e-05	-4.339172e-02	9.212554e+00
1.198000e-05	8.056246e-03	9.403132e+00
1.199000e-05	-2.582234e-02	9.614136e+00
1.200000e-05	-6.170419e-03	9.906795e+00
1.201000e-05	-4.186333e-02	1.010579e+01
1.202000e-05	1.169819e-03	1.029832e+01
1.203000e-05	-2.985580e-02	1.048790e+01
1.204000e-05	-2.853258e-02	1.071737e+01
1.205000e-05	-3.331189e-02	1.093742e+01
1.206000e-05	-3.342952e-02	1.113827e+01
1.207000e-05	-9.273196e-03	1.135082e+01
1.208000e-05	-3.834499e-02	1.150680e+01
1.209000e-05	-2.974215e-02	1.175990e+01
1.210000e-05	-4.575765e-02	1.195885e+01
1.211000e-05	-2.010773e-02	1.210832e+01
1.212000e-05	-3.200302e-02	1.228626e+01
1.213000e-05	-3.684573e-02	1.241416e+01
1.214000e-05	-4.747046e-02	1.262203e+01
1.215000e-05	-3.998389e-02	1.275945e+01
1.216000e-05	-3.357123e-02	1.290730e+01
1.217000e-05	-4.650878e-02	1.306666e+01
1.218000e-05	-4.805680e-02	1.321163e+01
1.219000e-05	-4.747833e-02	1.338097e+01
1.220000e-05	-3.680757e-02	1.349724e+01
1.221000e-05	-4.790879e-02	1.364501e+01
1.222000e-05	-5.863715e-02	1.380093e+01
1.223000e-05	-6.164112e-02	1.387581e+01
1.224000e-05	-5.416356e-02	1.402303e+01
1.225000e-05	-5.266188e-02	1.416993e+01
1.226000e-05	-6.184892e-02	1.426616e+01
1.227000e-05	-6.851975e-02	1.440103e+01
1.228000e-05	-6.502742e-02	1.448424e+01
1.229000e-05	-6.267304e-02	1.454953e+01
1.230000e-05	-6.955267e-02	1.467461e+01
1.231000e-05	-7.821592e-02	1.475785e+01
1.232000e-05	-7.625412e-02	1.479150e+01
1.233000e-05	-7.408770e-02	1.488421e+01
1.234000e-05	-7.849987e-02	1.494727e+01
1.235000e-05	-9.023434e-02	1.497100e+01
1.236000e-05	-9.615906e-02	1.503151e+01
1.237000e-05	-9.184394e-02	1.507264e+01
1.238000e-05	-9.078479e-02	1.511572e+01
1.239000e-05	-9.769117e-02	1.514940e+01
1.240000e-05	-1.069809e-01	1.516995e+01
1.241000e-05	-1.064253e-01	1.519001e+01
1.242000e-05	-1.081591e-01	1.520160e+01
1.243000e-05	-1.147482e-01	1.524471e+01
1.244000e-05	-1.270976e-01	1.525363e+01
1.245000e-05	-1.301022e-01	1.528409e+01
1.246000e-05	-1.307272e-01	1.523413e+01
1.247000e-05	-1.351916e-01	1.523206e+01
1.248000e-05	-1.493736e-01	1.524351e+01
1.249000e-05	-1.610545e-01	1.520203e+01
1.250000e-05	-1.678360e-01	1.517945e+01
1.251000e-05	-1.788557e-01	1.516043e+01
1.252000e-05	-1.971782e-01	1.514475e+01
1.253000e-05	-2.246178e-01	1.509419e+01
1.254000e-05	-2.444679e-01	1.503313e+01
1.255000e-05	-2.494000e-01	1.502000e+01
1.256000e-05	-2.500000e-01	1.493690e+01
1.257000e-05	-2.500000e-01	1.491371e+01
1.258000e-05	-2.500000e-01	1.482198e+01
1.259000e-05	-2.500000e-01	1.474730e+01
1.260000e-05	-2.500000e-01	1.469416e+01
1.261000e-05	-2.500000e-01	1.460990e+01
1.262000e-05	-2.444913e-01	1.451579e+01
1.263000e-05	-2.160455e-01	1.439042e+01
1.264000e-05	-1.880635e-01	1.429431e+01
1.265000e-05	-1.678668e-01	1.420941e+01
1.266000e-05	-1.551471e-01	1.407164e+01
1.267000e-05	-1.394973e-01	1.392634e+01
1.268000e-05	-1.246057e-01	1.381206e+01
1.269000e-05	-1.117943e-01	1.369364e+01
1.270000e-05	-1.068971e-01	1.352687e+01
1.271000e-05	-9.965512e-02	1.342106e+01
1.272000e-05	-9.134462e-02	1.329269e+01
1.273000e-05	-8.225176e-02	1.313577e+01
1.274000e-05	-7.933932e-02	1.298995e+01
1.275000e-05	-7.667138e-02	1.285011e+01
1.276000e-05	-7.381951e-02	1.270369e+01
1.277000e-05	-6.466285e-02	1.253582e+01
1.278000e-05	-6.270121e-02	1.236643e+01
1.279000e-05	-6.154430e-02	1.218946e+01
1.280000e-05	-6.003593e-02	1.202005e+01
1.281000e-05	-5.412784e-02	1.183156e+01
1.282000e-05	-5.009320e-02	1.167058e+01
1.283000e-05	-5.087418e-02	1.146153e+01
1.284000e-05	-5.108088e-02	1.120903e+01
1.285000e-05	-4.798452e-02	1.107106e+01
1.286000e-05	-4.247471e-02	1.089203e+01
1.287000e-05	-4.284121e-02	1.065255e+01
1.288000e-05	-4.286245e-02	1.048105e+01
1.289000e-05	-4.292260e-02	1.025003e+01
1.290000e-05	-3.749716e-02	1.002890e+01
1.291000e-05	-3.578993e-02	9.787422e+00
1.292000e-05	-3.627421e-02	9.565423e+00
1.293000e-05	-3.761659e-02	9.355743e+00
1.294000e-05	-3.498755e-02	9.125735e+00
1.295000e-05	-3.070675e-02	8.872660e+00
1.296000e-05	-3.232361e-02	8.642002e+00
1.297000e-05	-3.305903e-02	8.450927e+00
1.298000e-05	-3.242962e-02	8.238377e+00
1.299000e-05	-2.839805e-02	7.944790e+00
1.300000e-05	-2.772956e-02	7.705113e+00
1.301000e-05	-2.791459e-02	7.428974e+00
1.302000e-05	-2.859722e-02	7.174867e+00
1.303000e-05	-2.600227e-02	6.913237e+00
1.304000e-05	-2.532833e-02	6.691029e+00
1.305000e-05	-2.470370e-02	6.377851e+00
1.306000e-05	-2.654993e-02	6.155764e+00
1.307000e-05	-2.380422e-02	5.914112e+00
1.308000e-05	-2.186429e-02	5.609550e+00
1.309000e-05	-2.169103e-02	5.376840e+00
1.310000e-05	-2.218780e-02	5.029448e+00
1.311000e-05	-2.154670e-02	4.733718e+00
1.312000e-05	-2.069980e-02	4.472183e+00
1.313000e-05	-1.940243e-02	4.227873e+00
1.314000e-05	-1.982273e-02	3.895663e+00
1.315000e-05	-1.961006e-02	3.651577e+00
1.316000e-05	-1.856402e-02	3.406320e+00
1.317000e-05	-1.692021e-02	3.120687e+00
1.318000e-05	-1.661938e-02	2.842028e+00
1.319000e-05	-1.758901e-02	2.544842e+00
1.320000e-05	-1.774426e-02	2.271051e+00
1.321000e-05	-1.555737e-02	2.038000e+00
1.322000e-05	-1.389317e-02	1.696184e+00
1.323000e-05	-1.382634e-02	1.426998e+00
1.324000e-05	-1.319934e-02	1.141611e+00
1.325000e-05	-1.282472e-02	8.290200e-01
1.326000e-05	-1.123438e-02	5.131607e-01
1.327000e-05	-1.094161e-02	2.699803e-01
1.328000e-05	-8.837502e-03	-4.515920e-02
1.329000e-05	3.259508e-04	-2.978157e-01
1.330000e-05	2.707306e-03	-5.009459e-01
1.331000e-05	-9.710402e-04	-8.346331e-01
1.332000e-05	4.900752e-04	-1.127339e+00
1.333000e-05	-4.228333e-04	-1.386600e+00
1.334000e-05	1.569466e-03	-1.634236e+00
1.335000e-05	1.498847e-02	-1.886313e+00
1.336000e-05	7.460662e-02	-2.088820e+00
1.337000e-05	1.118858e-01	-2.476189e+00
1.338000e-05	-5.769394e-02	-2.847237e+00
1.339000e-05	-8.127639e-04	-3.242611e+00
1.340000e-05	-4.756497e-02	-3.433633e+00
1.341000e-05	-4.019676e-02	-3.634655e+00
1.342000e-05	-9.110549e-02	-3.868243e+00
1.343000e-05	1.721341e-01	-4.053710e+00
1.344000e-05	-1.034938e-01	-4.328898e+00
1.345000e-05	5.875327e-02	-4.625727e+00
1.346000e-05	1.114477e-01	-4.836233e+00
1.347000e-05	-1.523155e-01	-5.194133e+00
1.348000e-05	1.691706e-01	-5.495817e+00
1.349000e-05	-1.626870e-01	-5.761078e+00
1.350000e-05	9.186193e-02	-6.063231e+00
1.351000e-05	5.075230e-02	-6.239242e+00
1.352000e-05	-5.296041e-02	-6.641528e+00
1.353000e-05	1.322285e-01	-6.781079e+00
1.354000e-05	-1.180843e-01	-7.069874e+00
1.355000e-05	1.095753e-01	-7.360452e+00
1.356000e-05	-5.131782e-02	-7.563561e+00
1.357000e-05	3.706410e-02	-7.899846e+00
1.358000e-05	7.211980e-02	-8.148950e+00
1.359000e-05	-6.045118e-02	-8.373656e+00
1.360000e-05	1.323212e-01	-8.623162e+00
1.361000e-05	-9.226958e-02	-8.846864e+00
1.362000e-05	7.923704e-02	-9.117320e+00
1.363000e-05	-2.493642e-02	-9.298398e+00
1.364000e-05	5.614766e-02	-9.581477e+00
1.365000e-05	4.628529e-02	-9.780002e+00
1.366000e-05	-5.770919e-03	-9.971554e+00
1.367000e-05	7.192307e-02	-1.016156e+01
1.368000e-05	-3.801227e-02	-1.045516e+01
1.369000e-05	8.982125e-02	-1.061408e+01
1.370000e-05	-3.226007e-02	-1.078408e+01
1.371000e-05	7.665921e-02	-1.105369e+01
1.372000e-05	-2.502128e-03	-1.125566e+01
1.373000e-05	6.149249e-02	-1.139613e+01
1.374000e-05	2.123390e-02	-1.162171e+01
1.375000e-05	2.858904e-02	-1.185624e+01
1.376000e-05	4.116380e-02	-1.205219e+01
1.377000e-05	2.766217e-02	-1.222561e+01
1.378000e-05	6.280778e-02	-1.239211e+01
1.379000e-05	1.158032e-02	-1.256990e+01
1.380000e-05	5.645584e-02	-1.272742e+01
1.381000e-05	1.819166e-02	-1.288572e+01
1.382000e-05	6.459217e-02	-1.301366e+01
1.383000e-05	2.895061e-02	-1.316000e+01
1.384000e-05	6.114445e-02	-1.331792e+01
1.385000e-05	3.992417e-02	-1.347516e+01
1.386000e-05	5.878443e-02	-1.362303e+01
1.387000e-05	4.500027e-02	-1.370737e+01
1.388000e-05	4.591434e-02	-1.384369e+01
1.389000e-05	5.047821e-02	-1.399050e+01
1.390000e-05	5.643151e-02	-1.409730e+01
1.391000e-05	6.603615e-02	-1.422309e+01
1.392000e-05	5.668579e-02	-1.431780e+01
1.393000e-05	6.307385e-02	-1.445214e+01
1.394000e-05	5.994552e-02	-1.452934e+01
1.395000e-05	7.395398e-02	-1.463151e+01
1.396000e-05	6.536811e-02	-1.472524e+01
1.397000e-05	7.281436e-02	-1.475742e+01
1.398000e-05	7.011032e-02	-1.483508e+01
1.399000e-05	8.127700e-02	-1.493722e+01
1.400000e-05	7.687828e-02	-1.500100e+01
1.401000e-05	7.969867e-02	-1.505313e+01
1.402000e-05	8.216209e-02	-1.507571e+01
1.403000e-05	9.126517e-02	-1.515480e+01
1.404000e-05	9.734830e-02	-1.516990e+01
1.405000e-05	9.508162e-02	-1.519150e+01
1.406000e-05	9.824004e-02	-1.523149e+01
1.407000e-05	9.989602e-02	-1.528163e+01
1.408000e-05	1.097028e-01	-1.525217e+01
1.409000e-05	1.100536e-01	-1.530474e+01
1.410000e-05	1.166854e-01	-1.527419e+01
1.411000e-05	1.207200e-01	-1.528526e+01
1.412000e-05	1.309638e-01	-1.528579e+01
1.413000e-05	1.364974e-01	-1.525571e+01
1.414000e-05	1.408013e-01	-1.528251e+01
1.415000e-05	1.503073e-01	-1.521211e+01
1.416000e-05	1.629589e-01	-1.523103e+01
1.417000e-05	1.791774e-01	-1.514935e+01
1.418000e-05	1.946570e-01	-1.513885e+01
1.419000e-05	2.181042e-01	-1.512524e+01
1.420000e-05	2.416107e-01	-1.507361e+01
1.421000e-05	2.497000e-01	-1.504193e+01
1.422000e-05	2.500000e-01	-1.500893e+01
1.423000e-05	2.500000e-01	-1.485471e+01
1.424000e-05	2.500000e-01	-1.481090e+01
1.425000e-05	2.500000e-01	-1.474582e+01
1.426000e-05	2.500000e-01	-1.464306e+01
1.427000e-05	2.480892e-01	-1.457942e+01
1.428000e-05	2.267386e-01	-1.450369e+01
1.429000e-05	2.003505e-01	-1.439791e+01
1.430000e-05	1.781380e-01	-1.430474e+01
1.431000e-05	1.563463e-01	-1.418100e+01
1.432000e-05	1.383207e-01	-1.406311e+01
1.433000e-05	1.243280e-01	-1.394730e+01
1.434000e-05	1.142214e-01	-1.379999e+01
1.435000e-05	1.029995e-01	-1.368366e+01
1.436000e-05	9.194498e-02	-1.356727e+01
1.437000e-05	8.440535e-02	-1.342956e+01
1.438000e-05	7.921845e-02	-1.327368e+01
1.439000e-05	7.445403e-02	-1.312327e+01
1.440000e-05	6.743412e-02	-1.304095e+01
1.441000e-05	6.111748e-02	-1.287998e+01
1.442000e-05	5.790366e-02	-1.269469e+01
1.443000e-05	5.480493e-02	-1.253579e+01
1.444000e-05	5.166699e-02	-1.240677e+01
1.445000e-05	4.659904e-02	-1.218890e+01
1.446000e-05	4.418467e-02	-1.201993e+01
1.447000e-05	4.160112e-02	-1.182151e+01
1.448000e-05	3.954158e-02	-1.161893e+01
1.449000e-05	3.589147e-02	-1.141879e+01
1.450000e-05	3.312277e-02	-1.117692e+01
1.451000e-05	3.275339e-02	-1.095792e+01
1.452000e-05	3.138959e-02	-1.076837e+01
1.453000e-05	2.995885e-02	-1.059887e+01
1.454000e-05	2.618304e-02	-1.038685e+01
1.455000e-05	2.622638e-02	-1.014835e+01
1.456000e-05	2.390958e-02	-9.924819e+00
1.457000e-05	2.324183e-02	-9.745242e+00
1.458000e-05	1.982657e-02	-9.554739e+00
1.459000e-05	1.976866e-02	-9.305713e+00
1.460000e-05	1.863767e-02	-9.052611e+00
1.461000e-05	1.881965e-02	-8.821638e+00
1.462000e-05	1.700655e-02	-8.639075e+00
1.463000e-05	1.437635e-02	-8.386445e+00
1.464000e-05	1.431999e-02	-8.164219e+00
1.465000e-05	1.332457e-02	-7.894085e+00
1.466000e-05	1.200957e-02	-7.617930e+00
1.467000e-05	1.083806e-02	-7.357369e+00
1.468000e-05	1.037021e-02	-7.174716e+00
1.469000e-05	8.795134e-03	-6.861457e+00
1.470000e-05	9.080856e-03	-6.598877e+00
1.471000e-05	6.374960e-03	-6.376716e+00
1.472000e-05	7.351522e-03	-6.062107e+00
1.473000e-05	5.077769e-03	-5.809427e+00
1.474000e-05	5.842942e-03	-5.565887e+00
1.475000e-05	4.415953e-03	-5.301132e+00
1.476000e-05	3.054007e-03	-4.965792e+00
1.477000e-05	1.182986e-03	-4.630032e+00
1.478000e-05	2.312951e-03	-4.358402e+00
1.479000e-05	8.359038e-04	-4.165719e+00
1.480000e-05	1.707654e-03	-3.913608e+00
1.481000e-05	-1.907003e-03	-3.617949e+00
1.482000e-05	-7.830840e-04	-3.345791e+00
1.483000e-05	-3.363560e-03	-3.047951e+00
1.484000e-05	-1.543459e-03	-2.766320e+00
1.485000e-05	-4.225989e-03	-2.493135e+00
1.486000e-05	-1.919130e-03	-2.216921e+00
1.487000e-05	-3.416755e-03	-1.944836e+00
1.488000e-05	-1.967200e-03	-1.661033e+00
1.489000e-05	-6.674311e-03	-1.355345e+00
1.490000e-05	-6.654887e-03	-1.040551e+00
1.491000e-05	-7.902644e-03	-7.873199e-01
1.492000e-05	-6.295534e-03	-4.510527e-01
1.493000e-05	-5.853498e-03	-1.964211e-01
1.494000e-05	-2.533267e-03	4.623181e-02
1.495000e-05	8.753810e-03	3.699975e-01
1.496000e-05	-7.025144e-04	6.120766e-01
1.497000e-05	5.006419e-03	8.342076e-01
1.498000e-05	-2.750543e-03	1.190999e+00
1.499000e-05	1.727951e-03	1.403609e+00
1.500000e-05	-2.608560e-03	1.719545e+00
1.501000e-05	1.220621e-02	1.980524e+00
1.502000e-05	4.375691e-02	2.190552e+00
1.503000e-05	1.084696e-01	2.497791e+00
1.504000e-05	-2.735807e-02	2.856234e+00
1.505000e-05	-3.838011e-02	3.129369e+00
1.506000e-05	-3.677852e-02	3.415156e+00
1.507000e-05	-2.670603e-02	3.655290e+00
1.508000e-05	-8.202710e-02	3.906418e+00
1.509000e-05	-3.485667e-02	4.097842e+00
1.510000e-05	1.064396e-01	4.384058e+00
1.511000e-05	-9.309164e-02	4.686712e+00
1.512000e-05	8.119495e-02	4.908840e+00
1.513000e-05	3.985263e-02	5.296738e+00
1.514000e-05	-1.040165e-01	5.539848e+00
1.515000e-05	6.191519e-02	5.795560e+00
1.516000e-05	-7.378788e-02	6.073713e+00
1.517000e-05	5.078149e-02	6.309397e+00
1.518000e-05	-2.218938e-02	6.582478e+00
1.519000e-05	-2.915431e-02	6.864185e+00
1.520000e-05	2.282283e-02	7.129344e+00
1.521000e-05	-4.862120e-02	7.432052e+00
1.522000e-05	2.472530e-02	7.646761e+00
1.523000e-05	-7.316626e-02	7.949445e+00
1.524000e-05	3.250866e-02	8.212058e+00
1.525000e-05	-1.105568e-02	8.423634e+00
1.526000e-05	-2.514496e-02	8.615157e+00
1.527000e-05	4.374169e-03	8.845839e+00
1.528000e-05	-6.938251e-02	9.098371e+00
1.529000e-05	1.625544e-02	9.297392e+00
1.530000e-05	-3.147772e-02	9.521398e+00
1.531000e-05	5.276777e-03	9.763499e+00
1.532000e-05	-4.722917e-02	1.003158e+01
1.533000e-05	-8.538931e-03	1.021349e+01
1.534000e-05	-1.647959e-02	1.044413e+01
1.535000e-05	-3.427897e-02	1.063166e+01
1.536000e-05	-2.504055e-02	1.081361e+01
1.537000e-05	-4.439167e-02	1.105416e+01
1.538000e-05	-5.088332e-03	1.121568e+01
1.539000e-05	-3.583907e-02	1.144829e+01
1.540000e-05	-2.497911e-02	1.166519e+01
1.541000e-05	-5.125272e-02	1.186416e+01
1.542000e-05	-2.357787e-02	1.199464e+01
1.543000e-05	-3.053252e-02	1.223255e+01
1.544000e-05	-3.246195e-02	1.239150e+01
1.545000e-05	-4.517381e-02	1.254950e+01
1.546000e-05	-4.439691e-02	1.271574e+01
1.547000e-05	-3.054454e-02	1.280624e+01
1.548000e-05	-4.438215e-02	1.302153e+01
1.549000e-05	-4.451191e-02	1.318090e+01
1.550000e-05	-5.499851e-02	1.329730e+01
1.551000e-05	-3.574839e-02	1.344358e+01
1.552000e-05	-4.794330e-02	1.354792e+01
1.553000e-05	-5.131883e-02	1.370634e+01
1.554000e-05	-6.717854e-02	1.386253e+01
1.555000e-05	-5.627361e-02	1.397041e+01
1.556000e-05	-5.175122e-02	1.406674e+01
1.557000e-05	-5.731111e-02	1.423306e+01
1.558000e-05	-6.483416e-02	1.434899e+01
1.559000e-05	-6.824249e-02	1.442458e+01
1.560000e-05	-5.798998e-02	1.451781e+01
1.561000e-05	-6.848360e-02	1.458304e+01
1.562000e-05	-7.492837e-02	1.468577e+01
1.563000e-05	-8.394725e-02	1.476992e+01
1.564000e-05	-7.614726e-02	1.482248e+01
1.565000e-05	-7.565242e-02	1.486632e+01
1.566000e-05	-8.266456e-02	1.494688e+01
1.567000e-05	-9.218358e-02	1.503245e+01
1.568000e-05	-9.230357e-02	1.505269e+01
1.569000e-05	-8.923251e-02	1.510666e+01
1.570000e-05	-9.599889e-02	1.510782e+01
1.571000e-05	-1.053922e-01	1.514790e+01
1.572000e-05	-1.113454e-01	1.519146e+01
1.573000e-05	-1.069773e-01	1.519008e+01
1.574000e-05	-1.100715e-01	1.522411e+01
1.575000e-05	-1.200358e-01	1.529506e+01
1.576000e-05	-1.280744e-01	1.527518e+01
1.577000e-05	-1.299745e-01	1.526423e+01
1.578000e-05	-1.328899e-01	1.521308e+01
1.579000e-05	-1.436782e-01	1.523263e+01
1.580000e-05	-1.576607e-01	1.520153e+01
1.581000e-05	-1.658270e-01	1.522147e+01
1.582000e-05	-1.741092e-01	1.518992e+01
1.583000e-05	-1.881845e-01	1.516787e+01
1.584000e-05	-2.136295e-01	1.509419e+01
1.585000e-05	-2.372634e-01	1.507261e+01
1.586000e-05	-2.484000e-01	1.503048e+01
1.587000e-05	-2.500000e-01	1.496735e+01
1.588000e-05	-2.500000e-01	1.492422e+01
1.589000e-05	-2.500000e-01	1.483314e+01
1.590000e-05	-2.500000e-01	1.478932e+01
1.591000e-05	-2.500000e-01	1.469524e+01
1.592000e-05	-2.500000e-01	1.466101e+01
1.593000e-05	-2.487517e-01	1.451774e+01
1.594000e-05	-2.295493e-01	1.444176e+01
1.595000e-05	-1.984398e-01	1.435775e+01
1.596000e-05	-1.745637e-01	1.421209e+01
1.597000e-05	-1.604580e-01	1.413729e+01
1.598000e-05	-1.459842e-01	1.398840e+01
1.599000e-05	-1.299173e-01	1.388376e+01
1.600000e-05	-1.152531e-01	1.374835e+01
1.601000e-05	-1.092185e-01	1.360943e+01
1.602000e-05	-1.039996e-01	1.344319e+01
1.603000e-05	-9.675627e-02	1.336790e+01
1.604000e-05	-8.516216e-02	1.322943e+01
1.605000e-05	-7.981161e-02	1.307361e+01
1.606000e-05	-7.648552e-02	1.287568e+01
1.607000e-05	-7.391511e-02	1.273632e+01
1.608000e-05	-6.721116e-02	1.262943e+01
1.609000e-05	-6.405331e-02	1.246103e+01
1.610000e-05	-6.249016e-02	1.229313e+01
1.611000e-05	-6.222743e-02	1.209319e+01
1.612000e-05	-5.695448e-02	1.192376e+01
1.613000e-05	-5.247912e-02	1.170572e+01
1.614000e-05	-4.894208e-02	1.153629e+01
1.615000e-05	-5.124434e-02	1.131322e+01
1.616000e-05	-4.811117e-02	1.111517e+01
1.617000e-05	-4.440227e-02	1.093622e+01
1.618000e-05	-4.206611e-02	1.074624e+01
1.619000e-05	-4.294761e-02	1.055479e+01
1.620000e-05	-4.270983e-02	1.029161e+01
1.621000e-05	-3.897798e-02	1.013271e+01
1.622000e-05	-3.744716e-02	9.922612e+00
1.623000e-05	-3.650756e-02	9.650504e+00
1.624000e-05	-3.703926e-02	9.420026e+00
1.625000e-05	-3.489500e-02	9.179450e+00
1.626000e-05	-3.286655e-02	8.968400e+00
1.627000e-05	-3.101941e-02	8.785839e+00
1.628000e-05	-3.259665e-02	8.574193e+00
1.629000e-05	-3.249418e-02	8.303110e+00
1.630000e-05	-2.985143e-02	8.070459e+00
1.631000e-05	-2.757126e-02	7.808025e+00
1.632000e-05	-2.707093e-02	7.554762e+00
1.633000e-05	-2.856269e-02	7.251086e+00
1.634000e-05	-2.700261e-02	7.040925e+00
1.635000e-05	-2.548945e-02	6.776370e+00
1.636000e-05	-2.418273e-02	6.494186e+00
1.637000e-05	-2.619411e-02	6.230554e+00
1.638000e-05	-2.393568e-02	6.038953e+00
1.639000e-05	-2.237758e-02	5.744263e+00
1.640000e-05	-2.065686e-02	5.482104e+00
1.641000e-05	-2.195555e-02	5.207268e+00
1.642000e-05	-2.316640e-02	4.819527e+00
1.643000e-05	-2.192960e-02	4.556867e+00
1.644000e-05	-1.980595e-02	4.333233e+00
1.645000e-05	-1.878565e-02	4.009049e+00
1.646000e-05	-1.934728e-02	3.735841e+00
1.647000e-05	-1.903811e-02	3.522187e+00
1.648000e-05	-1.788636e-02	3.247946e+00
1.649000e-05	-1.612731e-02	2.934740e+00
1.650000e-05	-1.747229e-02	2.681578e+00
1.651000e-05	-1.746302e-02	2.346392e+00
1.652000e-05	-1.603416e-02	2.142707e+00
1.653000e-05	-1.379991e-02	1.850951e+00
1.654000e-05	-1.312799e-02	1.533713e+00
1.655000e-05	-1.504734e-02	1.229501e+00
1.656000e-05	-1.353588e-02	9.231569e-01
1.657000e-05	-1.207692e-02	6.394499e-01
1.658000e-05	-1.035942e-02	3.873146e-01
1.659000e-05	-8.975452e-03	7.105133e-02
1.660000e-05	-4.972272e-03	-1.940790e-01
1.661000e-05	6.524662e-03	-4.421580e-01
1.662000e-05	-4.935424e-03	-7.289974e-01
1.663000e-05	3.964633e-03	-9.724290e-01
1.664000e-05	-3.675688e-03	-1.247387e+00
1.665000e-05	3.618163e-03	-1.589999e+00
1.666000e-05	3.756908e-03	-1.794103e+00
1.667000e-05	4.490578e-02	-1.991077e+00
1.668000e-05	1.267243e-01	-2.286397e+00
1.669000e-05	-4.439816e-03	-2.678868e+00
1.670000e-05	-3.188152e-02	-3.088920e+00
1.671000e-05	-2.295419e-02	-3.391025e+00
1.672000e-05	-3.782269e-02	-3.540474e+00
1.673000e-05	-9.434661e-02	-3.821055e+00
1.674000e-05	7.127848e-02	-3.971554e+00
1.675000e-05	6.825182e-02	-4.183578e+00
1.676000e-05	-1.236077e-01	-4.538373e+00
1.677000e-05	2.076085e-01	-4.751399e+00
1.678000e-05	-1.466241e-01	-5.065740e+00
1.679000e-05	8.425960e-02	-5.402988e+00
1.680000e-05	-9.095976e-03	-5.664236e+00
1.681000e-05	-9.211050e-02	-5.970374e+00
1.682000e-05	1.729680e-01	-6.138948e+00
1.683000e-05	-1.125751e-01	-6.467341e+00
1.684000e-05	1.304950e-01	-6.728346e+00
1.685000e-05	-4.846310e-02	-6.963605e+00
1.686000e-05	5.355276e-03	-7.295269e+00
1.687000e-05	6.741289e-02	-7.507366e+00
1.688000e-05	-7.616992e-02	-7.824559e+00
1.689000e-05	1.424897e-01	-8.044238e+00
1.690000e-05	-8.110468e-02	-8.327244e+00
1.691000e-05	9.835541e-02	-8.580879e+00
1.692000e-05	-6.201942e-03	-8.731581e+00
1.693000e-05	-1.825640e-02	-9.023161e+00
1.694000e-05	6.309858e-02	-9.222582e+00
1.695000e-05	-3.632958e-02	-9.436614e+00
1.696000e-05	1.170141e-01	-9.707791e+00
1.697000e-05	-4.654669e-02	-9.906791e+00
1.698000e-05	9.260323e-02	-1.013782e+01
1.699000e-05	-3.302432e-02	-1.030043e+01
1.700000e-05	6.196049e-02	-1.055007e+01
1.701000e-05	1.112956e-02	-1.074937e+01
1.702000e-05	2.208020e-02	-1.092985e+01
1.703000e-05	4.831388e-02	-1.108948e+01
1.704000e-05	7.116398e-03	-1.136048e+01
1.705000e-05	7.074755e-02	-1.154788e+01
1.706000e-05	-7.438144e-03	-1.179096e+01
1.707000e-05	6.697134e-02	-1.193893e+01
1.708000e-05	5.551563e-03	-1.215900e+01
1.709000e-05	7.273787e-02	-1.231837e+01
1.710000e-05	1.491621e-02	-1.248626e+01
1.711000e-05	4.923241e-02	-1.266621e+01
1.712000e-05	2.646391e-02	-1.280401e+01
1.713000e-05	4.864507e-02	-1.298150e+01
1.714000e-05	4.554176e-02	-1.311775e+01
1.715000e-05	4.165587e-02	-1.325719e+01
1.716000e-05	5.437146e-02	-1.342256e+01
1.717000e-05	4.170523e-02	-1.354880e+01
1.718000e-05	6.208400e-02	-1.368564e+01
1.719000e-05	3.840773e-02	-1.377205e+01
1.720000e-05	5.743362e-02	-1.389787e+01
1.721000e-05	4.486329e-02	-1.401521e+01
1.722000e-05	6.739409e-02	-1.421053e+01
1.723000e-05	5.375757e-02	-1.427580e+01
1.724000e-05	6.360350e-02	-1.440846e+01
1.725000e-05	5.748040e-02	-1.446674e+01
1.726000e-05	7.166685e-02	-1.456953e+01
1.727000e-05	6.887620e-02	-1.466409e+01
1.728000e-05	7.128797e-02	-1.474787e+01
1.729000e-05	7.157458e-02	-1.482201e+01
1.730000e-05	7.571204e-02	-1.489674e+01
1.731000e-05	7.906628e-02	-1.494090e+01
1.732000e-05	7.654404e-02	-1.503160e+01
1.733000e-05	8.111250e-02	-1.503464e+01
1.734000e-05	8.534472e-02	-1.512574e+01
1.735000e-05	9.643624e-02	-1.512782e+01
1.736000e-05	9.500552e-02	-1.520148e+01
1.737000e-05	9.896736e-02	-1.524196e+01
1.738000e-05	9.892994e-02	-1.525255e+01
1.739000e-05	1.053367e-01	-1.527464e+01
1.740000e-05	1.095511e-01	-1.527624e+01
1.741000e-05	1.140866e-01	-1.531436e+01
1.742000e-05	1.181913e-01	-1.528416e+01
1.743000e-05	1.266736e-01	-1.529374e+01
1.744000e-05	1.337567e-01	-1.533666e+01
1.745000e-05	1.383144e-01	-1.528209e+01
1.746000e-05	1.463955e-01	-1.526369e+01
1.747000e-05	1.562529e-01	-1.520366e+01
1.748000e-05	1.741700e-01	-1.521945e+01
1.749000e-05	1.891192e-01	-1.516782e+01
1.750000e-05	2.091920e-01	-1.511681e+01
1.751000e-05	2.317330e-01	-1.508514e+01
1.752000e-05	2.477750e-01	-1.503208e+01
1.753000e-05	2.500000e-01	-1.499105e+01
1.754000e-05	2.500000e-01	-1.492574e+01
1.755000e-05	2.500000e-01	-1.483261e+01
1.756000e-05	2.500000e-01	-1.474887e+01
1.757000e-05	2.500000e-01	-1.468419e+01
1.758000e-05	2.495000e-01	-1.461103e+01
1.759000e-05	2.383227e-01	-1.454675e+01
1.760000e-05	2.102881e-01	-1.444053e+01
1.761000e-05	1.842659e-01	-1.437675e+01
1.762000e-05	1.646212e-01	-1.424261e+01
1.763000e-05	1.449009e-01	-1.413714e+01
1.764000e-05	1.309245e-01	-1.402945e+01
1.765000e-05	1.165780e-01	-1.386207e+01
1.766000e-05	1.070304e-01	-1.373735e+01
1.767000e-05	9.586678e-02	-1.361051e+01
1.768000e-05	8.830649e-02	-1.351218e+01
1.769000e-05	8.092180e-02	-1.331772e+01
1.770000e-05	7.637332e-02	-1.319890e+01
1.771000e-05	6.903468e-02	-1.306301e+01
1.772000e-05	6.345621e-02	-1.289421e+01
1.773000e-05	5.811162e-02	-1.274735e+01
1.774000e-05	5.565534e-02	-1.255888e+01
1.775000e-05	5.346818e-02	-1.246103e+01
1.776000e-05	4.977195e-02	-1.228311e+01
1.777000e-05	4.538474e-02	-1.210413e+01
1.778000e-05	4.264824e-02	-1.188316e+01
1.779000e-05	3.998272e-02	-1.171414e+01
1.780000e-05	3.635836e-02	-1.142201e+01
1.781000e-05	3.394589e-02	-1.130164e+01
1.782000e-05	3.304295e-02	-1.104111e+01
1.783000e-05	3.200904e-02	-1.086211e+01
1.784000e-05	3.033517e-02	-1.070456e+01
1.785000e-05	2.856059e-02	-1.046111e+01
1.786000e-05	2.617421e-02	-1.026361e+01
1.787000e-05	2.518808e-02	-1.009151e+01
1.788000e-05	2.313446e-02	-9.799479e+00
1.789000e-05	2.103461e-02	-9.648530e+00
1.790000e-05	2.002246e-02	-9.400450e+00
1.791000e-05	1.828338e-02	-9.166795e+00
1.792000e-05	1.919327e-02	-8.957221e+00
1.793000e-05	1.655819e-02	-8.743615e+00
1.794000e-05	1.630581e-02	-8.471136e+00
1.795000e-05	1.363585e-02	-8.241003e+00
1.796000e-05	1.507725e-02	-8.018425e+00
1.797000e-05	1.210737e-02	-7.743741e+00
1.798000e-05	1.206469e-02	-7.471079e+00
1.799000e-05	9.607652e-03	-7.218851e+00
1.800000e-05	8.995149e-03	-6.945745e+00
1.801000e-05	7.860962e-03	-6.701588e+00
1.802000e-05	7.896377e-03	-6.440583e+00
1.803000e-05	7.464955e-03	-6.208345e+00
1.804000e-05	6.111662e-03	-5.944289e+00
1.805000e-05	5.027497e-03	-5.680561e+00
1.806000e-05	4.501792e-03	-5.455345e+00
1.807000e-05	3.483833e-03	-5.112082e+00
1.808000e-05	1.915897e-03	-4.776265e+00
1.809000e-05	2.348711e-03	-4.472187e+00
1.810000e-05	1.694269e-03	-4.280133e+00
1.811000e-05	1.674699e-03	-4.010003e+00
1.812000e-05	-7.629790e-04	-3.743665e+00
1.813000e-05	-5.421923e-04	-3.482107e+00
1.814000e-05	-2.272619e-03	-3.218324e+00
1.815000e-05	-1.629852e-03	-2.850108e+00
1.816000e-05	-3.230588e-03	-2.609450e+00
1.817000e-05	-2.392181e-03	-2.373792e+00
1.818000e-05	-3.684569e-03	-2.020557e+00
1.819000e-05	-3.612668e-03	-1.785919e+00
1.820000e-05	-5.482283e-03	-1.492735e+00
1.821000e-05	-5.202021e-03	-1.165290e+00
1.822000e-05	-8.092005e-03	-8.721077e-01
1.823000e-05	-6.284074e-03	-5.958724e-01
1.824000e-05	-6.841546e-03	-3.242617e-01
1.825000e-05	-5.269958e-03	-5.005514e-02
1.826000e-05	4.325724e-03	2.647342e-01
1.827000e-05	3.170157e-03	5.174171e-01
1.828000e-05	1.719768e-03	7.504436e-01
1.829000e-05	2.239194e-03	1.022232e+00
1.830000e-05	-1.559132e-03	1.337865e+00
1.831000e-05	-1.645479e-04	1.604086e+00
1.832000e-05	2.219978e-03	1.865288e+00
1.833000e-05	2.550927e-02	2.067289e+00
1.834000e-05	9.232144e-02	2.371124e+00
1.835000e-05	4.402181e-02	2.749397e+00
1.836000e-05	-5.819915e-02	3.023130e+00
1.837000e-05	-2.666681e-02	3.307767e+00
1.838000e-05	-3.661611e-02	3.592077e+00
1.839000e-05	-4.738247e-02	3.813004e+00
1.840000e-05	-8.141820e-02	4.013026e+00
1.841000e-05	6.704059e-02	4.297312e+00
1.842000e-05	1.534504e-02	4.571904e+00
1.843000e-05	-6.502813e-02	4.824103e+00
1.844000e-05	1.586110e-01	5.119870e+00
1.845000e-05	-1.349013e-01	5.412108e+00
1.846000e-05	4.239695e-02	5.687366e+00
1.847000e-05	-2.857003e-02	5.942083e+00
1.848000e-05	-1.057842e-02	6.201607e+00
1.849000e-05	4.036157e-02	6.455837e+00
1.850000e-05	-7.124056e-02	6.750528e+00
1.851000e-05	4.096568e-02	7.012631e+00
1.852000e-05	-5.125799e-02	7.276814e+00
1.853000e-05	1.813718e-02	7.550499e+00
1.854000e-05	-4.525610e-02	7.796136e+00
1.855000e-05	-1.180970e-02	8.138794e+00
1.856000e-05	2.608970e-02	8.319874e+00
1.857000e-05	-4.057339e-02	8.520398e+00
1.858000e-05	9.948634e-03	8.782000e+00
1.859000e-05	-5.167516e-02	9.012634e+00
1.860000e-05	-1.967291e-02	9.254661e+00
1.861000e-05	-5.899873e-03	9.466286e+00
1.862000e-05	-1.433563e-02	9.677314e+00
1.863000e-05	-2.021019e-02	9.928425e+00
1.864000e-05	-3.118830e-02	1.014992e+01
1.865000e-05	-2.080169e-03	1.033890e+01
1.866000e-05	-3.359698e-02	1.056943e+01
1.867000e-05	-2.591162e-02	1.076993e+01
1.868000e-05	-3.819196e-02	1.097093e+01
1.869000e-05	-2.268736e-02	1.119102e+01
1.870000e-05	-1.805086e-02	1.135040e+01
1.871000e-05	-3.409632e-02	1.156246e+01
1.872000e-05	-3.629092e-02	1.176048e+01
1.873000e-05	-3.706235e-02	1.194982e+01
1.874000e-05	-2.229571e-02	1.216690e+01
1.875000e-05	-3.293788e-02	1.231887e+01
1.876000e-05	-4.131465e-02	1.250679e+01
1.877000e-05	-4.696811e-02	1.264371e+01
1.878000e-05	-3.655003e-02	1.275148e+01
1.879000e-05	-3.632508e-02	1.292792e+01
1.880000e-05	-4.630379e-02	1.306582e+01
1.881000e-05	-5.125482e-02	1.325516e+01
1.882000e-05	-4.228151e-02	1.342148e+01
1.883000e-05	-3.957307e-02	1.354687e+01
1.884000e-05	-4.935806e-02	1.365466e+01
1.885000e-05	-6.316248e-02	1.379161e+01
1.886000e-05	-5.936751e-02	1.391635e+01
1.887000e-05	-5.270758e-02	1.406461e+01
1.888000e-05	-5.391653e-02	1.417891e+01
1.889000e-05	-6.423135e-02	1.425779e+01
1.890000e-05	-6.875818e-02	1.445203e+01
1.891000e-05	-6.233503e-02	1.446525e+01
1.892000e-05	-6.414040e-02	1.455043e+01
1.893000e-05	-6.985516e-02	1.468681e+01
1.894000e-05	-8.007178e-02	1.475787e+01
1.895000e-05	-7.582236e-02	1.481253e+01
1.896000e-05	-7.519719e-02	1.486521e+01
1.897000e-05	-7.972415e-02	1.488827e+01
1.898000e-05	-9.328848e-02	1.496103e+01
1.899000e-05	-9.496363e-02	1.502205e+01
1.900000e-05	-9.066207e-02	1.509378e+01
1.901000e-05	-9.048319e-02	1.511619e+01
1.902000e-05	-1.005473e-01	1.515785e+01
1.903000e-05	-1.089248e-01	1.517098e+01
1.904000e-05	-1.076137e-01	1.520313e+01
1.905000e-05	-1.094344e-01	1.526361e+01
1.906000e-05	-1.165699e-01	1.523464e+01
1.907000e-05	-1.280412e-01	1.523374e+01
1.908000e-05	-1.289180e-01	1.527416e+01
1.909000e-05	-1.299392e-01	1.525358e+01
1.910000e-05	-1.373911e-01	1.522164e+01
1.911000e-05	-1.529728e-01	1.520358e+01
1.912000e-05	-1.641292e-01	1.519153e+01
1.913000e-05	-1.701735e-01	1.523795e+01
1.914000e-05	-1.815187e-01	1.514882e+01
1.915000e-05	-2.018006e-01	1.510529e+01
1.916000e-05	-2.281158e-01	1.507469e+01
1.917000e-05	-2.461237e-01	1.502006e+01
1.918000e-05	-2.500000e-01	1.496946e+01
1.919000e-05	-2.500000e-01	1.493782e+01
1.920000e-05	-2.500000e-01	1.485314e+01
1.921000e-05	-2.500000e-01	1.481888e+01
1.922000e-05	-2.500000e-01	1.477732e+01
1.923000e-05	-2.500000e-01	1.465061e+01
1.924000e-05	-2.499978e-01	1.457985e+01
1.925000e-05	-2.403033e-01	1.450371e+01
1.926000e-05	-2.081709e-01	1.436837e+01
1.927000e-05	-1.826474e-01	1.432367e+01
1.928000e-05	-1.640311e-01	1.413787e+01
1.929000e-05	-1.539177e-01	1.403148e+01
1.930000e-05	-1.369193e-01	1.393521e+01
1.931000e-05	-1.230375e-01	1.379200e+01
1.932000e-05	-1.109801e-01	1.365903e+01
1.933000e-05	-1.055003e-01	1.352430e+01
1.934000e-05	-9.740505e-02	1.337850e+01
1.935000e-05	-8.912735e-02	1.327261e+01
1.936000e-05	-8.053730e-02	1.313422e+01
1.937000e-05	-8.003701e-02	1.294832e+01
1.938000e-05	-7.696335e-02	1.280803e+01
1.939000e-05	-7.259023e-02	1.267208e+01
1.940000e-05	-6.507099e-02	1.251424e+01
1.941000e-05	-6.269072e-02	1.232677e+01
1.942000e-05	-6.089833e-02	1.214692e+01
1.943000e-05	-5.715801e-02	1.197795e+01
1.944000e-05	-5.222557e-02	1.180943e+01
1.945000e-05	-5.081602e-02	1.159945e+01
1.946000e-05	-5.183815e-02	1.141840e+01
1.947000e-05	-5.114834e-02	1.118692e+01
1.948000e-05	-4.757233e-02	1.096845e+01
1.949000e-05	-4.339188e-02	1.084800e+01
1.950000e-05	-4.263143e-02	1.061992e+01
1.951000e-05	-4.226668e-02	1.039797e+01
1.952000e-05	-3.988728e-02	1.017792e+01
1.953000e-05	-3.738229e-02	9.965843e+00
1.954000e-05	-3.706175e-02	9.744191e+00
1.955000e-05	-3.787036e-02	9.504691e+00
1.956000e-05	-3.671388e-02	9.303241e+00
1.957000e-05	-3.442339e-02	9.073081e+00
1.958000e-05	-3.184756e-02	8.861004e+00
1.959000e-05	-3.292748e-02	8.588503e+00
1.960000e-05	-3.197041e-02	8.398322e+00
1.961000e-05	-3.117818e-02	8.134790e+00
1.962000e-05	-2.801122e-02	7.934137e+00
1.963000e-05	-2.788531e-02	7.642028e+00
1.964000e-05	-2.815053e-02	7.366370e+00
1.965000e-05	-2.836022e-02	7.093668e+00
1.966000e-05	-2.668514e-02	6.881655e+00
1.967000e-05	-2.452287e-02	6.619375e+00
1.968000e-05	-2.551338e-02	6.324292e+00
1.969000e-05	-2.520041e-02	6.093191e+00
1.970000e-05	-2.395336e-02	5.831653e+00
1.971000e-05	-2.167885e-02	5.527417e+00
1.972000e-05	-2.109693e-02	5.322656e+00
1.973000e-05	-2.286093e-02	4.967844e+00
1.974000e-05	-2.186100e-02	4.672683e+00
1.975000e-05	-2.021084e-02	4.430049e+00
1.976000e-05	-1.906463e-02	4.164788e+00
1.977000e-05	-1.990566e-02	3.870151e+00
1.978000e-05	-1.907617e-02	3.596974e+00
1.979000e-05	-1.855406e-02	3.333636e+00
1.980000e-05	-1.732034e-02	3.051576e+00
1.981000e-05	-1.783749e-02	2.806493e+00
1.982000e-05	-1.770520e-02	2.504157e+00
1.983000e-05	-1.742621e-02	2.217951e+00
1.984000e-05	-1.490443e-02	1.965266e+00
1.985000e-05	-1.363368e-02	1.690604e+00
1.986000e-05	-1.264334e-02	1.355843e+00
1.987000e-05	-1.160593e-02	1.069026e+00
1.988000e-05	-1.117136e-02	7.347882e-01
1.989000e-05	-1.185836e-02	4.921054e-01
1.990000e-05	-1.210164e-02	1.773688e-01
1.991000e-05	-9.100344e-03	-6.628829e-02
1.992000e-05	1.851047e-03	-3.183959e-01
1.993000e-05	-9.145529e-04	-5.851077e-01
1.994000e-05	2.679395e-03	-8.967895e-01
1.995000e-05	1.500114e-03	-1.149921e+00
1.996000e-05	3.529067e-03	-1.466741e+00
1.997000e-05	1.536212e-03	-1.706767e+00
1.998000e-05	2.185950e-02	-1.948445e+00
1.999000e-05	9.108992e-02	-2.140473e+00
2.000000e-05	8.054699e-02	-2.539421e+00
2.001000e-05	-6.084932e-02	-2.939974e+00
2.002000e-05	4.489013e-04	-3.318213e+00
2.003000e-05	-4.773825e-02	-3.496787e+00
2.004000e-05	-5.133846e-02	-3.706340e+00
2.005000e-05	-5.485370e-02	-3.938394e+00
2.006000e-05	1.740149e-01	-4.107340e+00
2.007000e-05	-1.566013e-01	-4.371104e+00
2.008000e-05	1.446586e-01	-4.676638e+00
2.009000e-05	2.425504e-02	-4.948821e+00
2.010000e-05	-9.765266e-02	-5.266270e+00
2.011000e-05	1.427197e-01	-5.530867e+00
2.012000e-05	-1.796320e-01	-5.826636e+00
2.013000e-05	1.547534e-01	-6.105165e+00
2.014000e-05	-2.006287e-02	-6.320399e+00
2.015000e-05	1.003881e-02	-6.643136e+00
2.016000e-05	8.569449e-02	-6.865766e+00
2.017000e-05	-1.015199e-01	-7.160654e+00
2.018000e-05	1.250474e-01	-7.404107e+00
2.019000e-05	-8.970887e-02	-7.687369e+00
2.020000e-05	9.023837e-02	-7.981552e+00
2.021000e-05	1.444018e-02	-8.182128e+00
2.022000e-05	-1.399764e-02	-8.444736e+00
2.023000e-05	1.063366e-01	-8.687268e+00
2.024000e-05	-9.206787e-02	-8.909873e+00
2.025000e-05	9.937518e-02	-9.148447e+00
2.026000e-05	-5.228584e-02	-9.329477e+00
2.027000e-05	9.569903e-02	-9.583633e+00
2.028000e-05	2.398116e-03	-9.833659e+00
2.029000e-05	3.071576e-02	-1.002363e+01
2.030000e-05	3.837310e-02	-1.024365e+01
2.031000e-05	-1.087587e-02	-1.050724e+01
2.032000e-05	7.573647e-02	-1.066519e+01
2.033000e-05	-2.893866e-02	-1.080471e+01
2.034000e-05	8.131115e-02	-1.106571e+01
2.035000e-05	-1.178259e-02	-1.130677e+01
2.036000e-05	7.794124e-02	-1.143621e+01
2.037000e-05	3.022516e-04	-1.167634e+01
2.038000e-05	4.746159e-02	-1.188634e+01
2.039000e-05	2.348994e-02	-1.204724e+01
2.040000e-05	4.567290e-02	-1.223511e+01
2.041000e-05	4.592702e-02	-1.238358e+01
2.042000e-05	2.234122e-02	-1.262303e+01
2.043000e-05	5.005041e-02	-1.271892e+01
2.044000e-05	2.580447e-02	-1.294877e+01
2.045000e-05	6.453615e-02	-1.304416e+01
2.046000e-05	2.806900e-02	-1.321208e+01
2.047000e-05	6.325262e-02	-1.337040e+01
2.048000e-05	3.551477e-02	-1.348829e+01
2.049000e-05	6.292300e-02	-1.359356e+01
2.050000e-05	3.927688e-02	-1.375898e+01
2.051000e-05	5.300647e-02	-1.387623e+01
2.052000e-05	4.826447e-02	-1.400098e+01
2.053000e-05	6.162771e-02	-1.408790e+01
2.054000e-05	6.153015e-02	-1.423470e+01
2.055000e-05	5.925864e-02	-1.434940e+01
2.056000e-05	6.120363e-02	-1.444361e+01
2.057000e-05	6.256620e-02	-1.454745e+01
2.058000e-05	7.265204e-02	-1.461303e+01
2.059000e-05	6.664535e-02	-1.471627e+01
2.060000e-05	7.487340e-02	-1.473845e+01
2.061000e-05	7.031414e-02	-1.484461e+01
2.062000e-05	8.164197e-02	-1.491777e+01
2.063000e-05	7.442132e-02	-1.501098e+01
2.064000e-05	8.229981e-02	-1.502208e+01
2.065000e-05	8.170560e-02	-1.511577e+01
2.066000e-05	9.400293e-02	-1.516832e+01
2.067000e-05	9.539241e-02	-1.517093e+01
2.068000e-05	9.674247e-02	-1.518098e+01
2.069000e-05	9.790502e-02	-1.521354e+01
2.070000e-05	1.011984e-01	-1.526358e+01
2.071000e-05	1.087769e-01	-1.527229e+01
2.072000e-05	1.103432e-01	-1.529619e+01
2.073000e-05	1.181219e-01	-1.528517e+01
2.074000e-05	1.230782e-01	-1.529467e+01
2.075000e-05	1.331471e-01	-1.530372e+01
2.076000e-05	1.359712e-01	-1.528524e+01
2.077000e-05	1.427953e-01	-1.522614e+01
2.078000e-05	1.508869e-01	-1.525113e+01
2.079000e-05	1.651522e-01	-1.518201e+01
2.080000e-05	1.820935e-01	-1.517845e+01
2.081000e-05	1.999732e-01	-1.513683e+01
2.082000e-05	2.220463e-01	-1.508616e+01
2.083000e-05	2.445849e-01	-1.505156e+01
2.084000e-05	2.500000e-01	-1.501148e+01
2.085000e-05	2.500000e-01	-1.491787e+01
2.086000e-05	2.500000e-01	-1.485364e+01
2.087000e-05	2.500000e-01	-1.481853e+01
2.088000e-05	2.500000e-01	-1.467677e+01
2.089000e-05	2.500000e-01	-1.464361e+01
2.090000e-05	2.474327e-01	-1.458043e+01
2.091000e-05	2.210006e-01	-1.447159e+01
2.092000e-05	1.953028e-01	-1.438883e+01
2.093000e-05	1.736988e-01	-1.426364e+01
2.094000e-05	1.539177e-01	-1.411685e+01
2.095000e-05	1.354941e-01	-1.404308e+01
2.096000e-05	1.226955e-01	-1.391621e+01
2.097000e-05	1.101628e-01	-1.378938e+01
2.098000e-05	1.007335e-01	-1.367059e+01
2.099000e-05	9.040904e-02	-1.352527e+01
2.100000e-05	8.362024e-02	-1.340990e+01
2.101000e-05	7.861243e-02	-1.326208e+01
2.102000e-05	7.304974e-02	-1.313371e+01
2.103000e-05	6.648814e-02	-1.297990e+01
2.104000e-05	5.987699e-02	-1.283890e+01
2.105000e-05	5.657586e-02	-1.264311e+01
2.106000e-05	5.460918e-02	-1.253517e+01
2.107000e-05	5.189292e-02	-1.233390e+01
2.108000e-05	4.607493e-02	-1.215737e+01
2.109000e-05	4.343274e-02	-1.202730e+01
2.110000e-05	4.040368e-02	-1.179827e+01
2.111000e-05	3.905303e-02	-1.155537e+01
2.112000e-05	3.335234e-02	-1.136674e+01
2.113000e-05	3.342291e-02	-1.116531e+01
2.114000e-05	3.192088e-02	-1.093580e+01
2.115000e-05	3.271808e-02	-1.074632e+01
2.116000e-05	3.164367e-02	-1.057837e+01
2.117000e-05	2.640317e-02	-1.037629e+01
2.118000e-05	2.667983e-02	-1.013579e+01
2.119000e-05	2.081612e-02	-9.935266e+00
2.120000e-05	2.161608e-02	-9.744769e+00
2.121000e-05	1.750388e-02	-9.532130e+00
2.122000e-05	1.874599e-02	-9.252582e+00
2.123000e-05	2.049925e-02	-9.039578e+00
2.124000e-05	2.059819e-02	-8.849869e+00
2.125000e-05	1.886266e-02	-8.597894e+00
2.126000e-05	1.503400e-02	-8.313740e+00
2.127000e-05	1.348099e-02	-8.083687e+00
2.128000e-05	1.185296e-02	-7.861125e+00
2.129000e-05	1.076389e-02	-7.556351e+00
2.130000e-05	9.026653e-03	-7.313740e+00
2.131000e-05	9.568910e-03	-7.080556e+00
2.132000e-05	8.512865e-03	-6.816903e+00
2.133000e-05	1.015166e-02	-6.574843e+00
2.134000e-05	6.935823e-03	-6.322715e+00
2.135000e-05	7.679353e-03	-6.040054e+00
2.136000e-05	4.435544e-03	-5.798344e+00
2.137000e-05	5.644244e-03	-5.484208e+00
2.138000e-05	2.459368e-03	-5.168953e+00
2.139000e-05	2.923239e-03	-4.921185e+00
2.140000e-05	6.031021e-04	-4.567426e+00
2.141000e-05	2.360601e-03	-4.376871e+00
2.142000e-05	1.784937e-03	-4.123687e+00
2.143000e-05	2.009811e-03	-3.866978e+00
2.144000e-05	-7.066115e-04	-3.545767e+00
2.145000e-05	-1.307854e-03	-3.333162e+00
2.146000e-05	-3.335633e-03	-2.978474e+00
2.147000e-05	-3.215058e-03	-2.743767e+00
2.148000e-05	-4.272615e-03	-2.480005e+00
2.149000e-05	-3.824070e-03	-2.183771e+00
2.150000e-05	-3.937812e-03	-1.880635e+00
2.151000e-05	-4.036606e-03	-1.648975e+00
2.152000e-05	-5.214840e-03	-1.271207e+00
2.153000e-05	-7.285929e-03	-9.974448e-01
2.154000e-05	-6.348218e-03	-7.321920e-01
2.155000e-05	-7.457061e-03	-4.084735e-01
2.156000e-05	-6.914655e-03	-1.758657e-01
2.157000e-05	-2.093277e-03	1.073643e-01
2.158000e-05	9.500663e-03	4.121541e-01
2.159000e-05	-1.689801e-03	6.556841e-01
2.160000e-05	5.494075e-03	9.173648e-01
2.161000e-05	-3.490981e-03	1.232084e+00
2.162000e-05	2.151200e-03	1.520343e+00
2.163000e-05	-3.303104e-03	1.801553e+00
2.164000e-05	1.734105e-02	1.982503e+00
2.165000e-05	5.743821e-02	2.245159e+00
2.166000e-05	9.990138e-02	2.523052e+00
2.167000e-05	-4.875897e-02	2.917817e+00
2.168000e-05	-2.992318e-02	3.170926e+00
2.169000e-05	-4.208317e-02	3.465720e+00
2.170000e-05	-2.684611e-02	3.719317e+00
2.171000e-05	-8.986199e-02	3.909369e+00
2.172000e-05	-3.716514e-03	4.167819e+00
2.173000e-05	9.900649e-02	4.437736e+00
2.174000e-05	-1.172439e-01	4.718319e+00
2.175000e-05	1.359310e-01	4.931529e+00
2.176000e-05	-3.423127e-02	5.311397e+00
2.177000e-05	-5.809544e-02	5.572983e+00
2.178000e-05	4.341059e-02	5.867221e+00
2.179000e-05	-6.561894e-02	6.116245e+00
2.180000e-05	6.523882e-02	6.351974e+00
2.181000e-05	-5.052751e-02	6.705212e+00
2.182000e-05	-1.563372e-03	6.918314e+00
2.183000e-05	-4.948421e-03	7.172999e+00
2.184000e-05	-3.036512e-02	7.435661e+00
2.185000e-05	8.172378e-03	7.677842e+00
2.186000e-05	-6.176693e-02	8.001531e+00
2.187000e-05	4.261533e-02	8.265134e+00
2.188000e-05	-2.512558e-02	8.466836e+00
2.189000e-05	-1.124932e-02	8.694712e+00
2.190000e-05	-1.081395e-02	8.908841e+00
2.191000e-05	-6.173834e-02	9.139899e+00
2.192000e-05	1.671048e-02	9.361029e+00
2.193000e-05	-3.423502e-02	9.571951e+00
2.194000e-05	3.661884e-03	9.833184e+00
2.195000e-05	-4.730801e-02	1.006521e+01
2.196000e-05	-1.221530e-03	1.026513e+01
2.197000e-05	-2.297560e-02	1.045569e+01
2.198000e-05	-3.264880e-02	1.065569e+01
2.199000e-05	-2.690645e-02	1.087471e+01
2.200000e-05	-4.109901e-02	1.104674e+01
2.201000e-05	-4.207475e-03	1.125679e+01
2.202000e-05	-4.008138e-02	1.144777e+01
2.203000e-05	-2.431595e-02	1.168764e+01
2.204000e-05	-5.087249e-02	1.187576e+01
2.205000e-05	-1.921581e-02	1.204419e+01
2.206000e-05	-3.216509e-02	1.225316e+01
2.207000e-05	-3.326261e-02	1.240198e+01
2.208000e-05	-4.645266e-02	1.259143e+01
2.209000e-05	-4.298184e-02	1.274835e+01
2.210000e-05	-3.234657e-02	1.286721e+01
2.211000e-05	-4.674351e-02	1.305313e+01
2.212000e-05	-4.700229e-02	1.314055e+01
2.213000e-05	-5.201528e-02	1.331732e+01
2.214000e-05	-3.597384e-02	1.343506e+01
2.215000e-05	-4.784069e-02	1.361161e+01
2.216000e-05	-5.495926e-02	1.370882e+01
2.217000e-05	-6.351676e-02	1.385424e+01
2.218000e-05	-5.424629e-02	1.397045e+01
2.219000e-05	-5.197254e-02	1.412725e+01
2.220000e-05	-6.046333e-02	1.422411e+01
2.221000e-05	-6.710448e-02	1.439002e+01
2.222000e-05	-6.759568e-02	1.443401e+01
2.223000e-05	-6.044267e-02	1.453990e+01
2.224000e-05	-6.831337e-02	1.465100e+01
2.225000e-05	-7.442688e-02	1.471837e+01
2.226000e-05	-7.893714e-02	1.477995e+01
2.227000e-05	-7.318325e-02	1.489406e+01
2.228000e-05	-7.742850e-02	1.490534e+01
2.229000e-05	-8.767015e-02	1.496093e+01
2.230000e-05	-9.503370e-02	1.501158e+01
2.231000e-05	-9.236013e-02	1.506308e+01
2.232000e-05	-8.972418e-02	1.509524e+01
2.233000e-05	-9.697101e-02	1.512632e+01
2.234000e-05	-1.049391e-01	1.520095e+01
2.235000e-05	-1.074299e-01	1.519151e+01
2.236000e-05	-1.076745e-01	1.523053e+01
2.237000e-05	-1.144116e-01	1.522401e+01
2.238000e-05	-1.247950e-01	1.525469e+01
2.239000e-05	-1.281322e-01	1.522364e+01
2.240000e-05	-1.301963e-01	1.522268e+01
2.241000e-05	-1.333958e-01	1.524254e+01
2.242000e-05	-1.470938e-01	1.524363e+01
2.243000e-05	-1.583059e-01	1.522206e+01
2.244000e-05	-1.663313e-01	1.522155e+01
2.245000e-05	-1.759727e-01	1.517740e+01
2.246000e-05	-1.930479e-01	1.513684e+01
2.247000e-05	-2.176838e-01	1.509427e+01
2.248000e-05	-2.409482e-01	1.505311e+01
2.249000e-05	-2.493000e-01	1.503008e+01
2.250000e-05	-2.500000e-01	1.496840e+01
2.251000e-05	-2.500000e-01	1.488326e+01
2.252000e-05	-2.500000e-01	1.481155e+01
2.253000e-05	-2.500000e-01	1.476895e+01
2.254000e-05	-2.500000e-01	1.472369e+01
2.255000e-05	-2.500000e-01	1.459150e+01
2.256000e-05	-2.469271e-01	1.450527e+01
2.257000e-05	-2.222572e-01	1.440053e+01
2.258000e-05	-1.942435e-01	1.431626e+01
2.259000e-05	-1.715838e-01	1.422050e+01
2.260000e-05	-1.572953e-01	1.408254e+01
2.261000e-05	-1.416947e-01	1.396985e+01
2.262000e-05	-1.280229e-01	1.387313e+01
2.263000e-05	-1.136987e-01	1.371227e+01
2.264000e-05	-1.089109e-01	1.358890e+01
2.265000e-05	-1.016686e-01	1.346156e+01
2.266000e-05	-9.321758e-02	1.329529e+01
2.267000e-05	-8.321878e-02	1.318792e+01
2.268000e-05	-7.968035e-02	1.303051e+01
2.269000e-05	-7.686160e-02	1.289361e+01
2.270000e-05	-7.384853e-02	1.269421e+01
2.271000e-05	-6.629463e-02	1.258890e+01
2.272000e-05	-6.319836e-02	1.244995e+01
2.273000e-05	-6.132410e-02	1.220203e+01
2.274000e-05	-6.111344e-02	1.204255e+01
2.275000e-05	-5.499210e-02	1.188364e+01
2.276000e-05	-5.158159e-02	1.168429e+01
2.277000e-05	-4.968558e-02	1.145521e+01
2.278000e-05	-5.080408e-02	1.130264e+01
2.279000e-05	-4.887496e-02	1.104206e+01
2.280000e-05	-4.443606e-02	1.091369e+01
2.281000e-05	-4.311195e-02	1.069319e+01
2.282000e-05	-4.259967e-02	1.050163e+01
2.283000e-05	-4.181068e-02	1.025211e+01
2.284000e-05	-3.877627e-02	1.007263e+01
2.285000e-05	-3.620566e-02	9.789003e+00
2.286000e-05	-3.605220e-02	9.647525e+00
2.287000e-05	-3.792175e-02	9.378944e+00
2.288000e-05	-3.541969e-02	9.177823e+00
2.289000e-05	-3.234945e-02	8.946267e+00
2.290000e-05	-3.196548e-02	8.693714e+00
2.291000e-05	-3.280296e-02	8.464136e+00
2.292000e-05	-3.176381e-02	8.232080e+00
2.293000e-05	-2.935708e-02	8.018927e+00
2.294000e-05	-2.803584e-02	7.745869e+00
2.295000e-05	-2.714487e-02	7.483688e+00
2.296000e-05	-2.792416e-02	7.190100e+00
2.297000e-05	-2.555502e-02	6.967349e+00
2.298000e-05	-2.586865e-02	6.744262e+00
2.299000e-05	-2.604833e-02	6.441033e+00
2.300000e-05	-2.739118e-02	6.198898e+00
2.301000e-05	-2.546955e-02	5.964792e+00
2.302000e-05	-2.186518e-02	5.681108e+00
2.303000e-05	-2.096865e-02	5.426873e+00
2.304000e-05	-2.081073e-02	5.164129e+00
2.305000e-05	-2.051384e-02	4.816372e+00
2.306000e-05	-1.990590e-02	4.555188e+00
2.307000e-05	-2.072315e-02	4.218531e+00
2.308000e-05	-2.128561e-02	3.976344e+00
2.309000e-05	-2.128280e-02	3.733158e+00
2.310000e-05	-1.933542e-02	3.440631e+00
2.311000e-05	-1.601559e-02	3.155266e+00
2.312000e-05	-1.653768e-02	2.873587e+00
2.313000e-05	-1.676344e-02	2.639500e+00
2.314000e-05	-1.620222e-02	2.332738e+00
2.315000e-05	-1.481753e-02	2.091105e+00
2.316000e-05	-1.569021e-02	1.795845e+00
2.317000e-05	-1.470616e-02	1.472579e+00
2.318000e-05	-1.485453e-02	1.187824e+00
2.319000e-05	-1.356110e-02	8.625531e-01
2.320000e-05	-1.200262e-02	5.768686e-01
2.321000e-05	-1.068376e-02	3.331870e-01
2.322000e-05	-7.930784e-03	-1.200275e-02
2.323000e-05	-1.344160e-03	-2.241629e-01
2.324000e-05	6.085201e-03	-4.788907e-01
2.325000e-05	-3.875542e-03	-8.015214e-01
2.326000e-05	2.086219e-03	-1.033660e+00
2.327000e-05	-3.661775e-03	-1.359472e+00
2.328000e-05	1.918506e-03	-1.612605e+00
2.329000e-05	7.313241e-03	-1.824187e+00
2.330000e-05	5.728695e-02	-2.032678e+00
2.331000e-05	1.300200e-01	-2.372003e+00
2.332000e-05	-3.532245e-02	-2.782600e+00
2.333000e-05	-1.344774e-02	-3.178549e+00
2.334000e-05	-3.881087e-02	-3.412104e+00
2.335000e-05	-3.501677e-02	-3.623082e+00
2.336000e-05	-1.030688e-01	-3.824240e+00
2.337000e-05	1.292118e-01	-4.012655e+00
2.338000e-05	-1.459991e-02	-4.276313e+00
2.339000e-05	-5.125850e-02	-4.550447e+00
2.340000e-05	1.778981e-01	-4.759979e+00
2.341000e-05	-1.737751e-01	-5.150475e+00
2.342000e-05	1.437643e-01	-5.464164e+00
2.343000e-05	-9.603521e-02	-5.669467e+00
2.344000e-05	-7.692920e-03	-5.971424e+00
2.345000e-05	1.288680e-01	-6.212576e+00
2.346000e-05	-9.977801e-02	-6.539946e+00
2.347000e-05	1.484231e-01	-6.751547e+00
2.348000e-05	-9.378193e-02	-7.056688e+00
2.349000e-05	6.068596e-02	-7.307369e+00
2.350000e-05	1.102250e-02	-7.552469e+00
2.351000e-05	-3.161755e-02	-7.875368e+00
2.352000e-05	1.217532e-01	-8.109318e+00
2.353000e-05	-8.687468e-02	-8.320474e+00
2.354000e-05	1.294780e-01	-8.581479e+00
2.355000e-05	-5.625158e-02	-8.835211e+00
2.356000e-05	3.238865e-02	-9.106213e+00
2.357000e-05	2.220750e-02	-9.212688e+00
2.358000e-05	2.350726e-03	-9.529373e+00
2.359000e-05	9.190781e-02	-9.729927e+00
2.360000e-05	-3.777148e-02	-9.940347e+00
2.361000e-05	9.428098e-02	-1.014137e+01
2.362000e-05	-4.521709e-02	-1.034300e+01
2.363000e-05	8.423550e-02	-1.060308e+01
2.364000e-05	-1.673386e-02	-1.075098e+01
2.365000e-05	5.090360e-02	-1.100055e+01
2.366000e-05	2.222524e-02	-1.119356e+01
2.367000e-05	3.280473e-02	-1.143308e+01
2.368000e-05	5.034040e-02	-1.156203e+01
2.369000e-05	6.686399e-03	-1.181303e+01
2.370000e-05	5.791833e-02	-1.200203e+01
2.371000e-05	1.134112e-02	-1.219300e+01
2.372000e-05	7.255639e-02	-1.234852e+01
2.373000e-05	9.030091e-03	-1.250032e+01
2.374000e-05	5.651130e-02	-1.268532e+01
2.375000e-05	1.914249e-02	-1.284569e+01
2.376000e-05	6.075515e-02	-1.299158e+01
2.377000e-05	3.606221e-02	-1.313897e+01
2.378000e-05	5.184116e-02	-1.328677e+01
2.379000e-05	4.557386e-02	-1.341318e+01
2.380000e-05	5.064671e-02	-1.358095e+01
2.381000e-05	5.456911e-02	-1.373682e+01
2.382000e-05	4.121570e-02	-1.384206e+01
2.383000e-05	5.368085e-02	-1.394847e+01
2.384000e-05	4.983097e-02	-1.410526e+01
2.385000e-05	6.857765e-02	-1.420153e+01
2.386000e-05	5.491556e-02	-1.430682e+01
2.387000e-05	6.485094e-02	-1.441356e+01
2.388000e-05	5.691793e-02	-1.450735e+01
2.389000e-05	7.375883e-02	-1.462055e+01
2.390000e-05	6.635948e-02	-1.468469e+01
2.391000e-05	7.204125e-02	-1.475785e+01
2.392000e-05	6.936097e-02	-1.481261e+01
2.393000e-05	7.846236e-02	-1.492685e+01
2.394000e-05	7.752250e-02	-1.498887e+01
2.395000e-05	7.923196e-02	-1.503308e+01
2.396000e-05	8.181101e-02	-1.510464e+01
2.397000e-05	8.819933e-02	-1.509774e+01
2.398000e-05	9.671325e-02	-1.513737e+01
2.399000e-05	9.619394e-02	-1.521143e+01
2.400000e-05	9.761841e-02	-1.523208e+01
2.401000e-05	9.844027e-02	-1.525261e+01
2.402000e-05	1.070781e-01	-1.527211e+01
2.403000e-05	1.102339e-01	-1.526367e+01
2.404000e-05	1.158950e-01	-1.530676e+01
2.405000e-05	1.193053e-01	-1.527579e+01
2.406000e-05	1.282557e-01	-1.525519e+01
2.407000e-05	1.349463e-01	-1.527211e+01
2.408000e-05	1.404315e-01	-1.524314e+01
2.409000e-05	1.473194e-01	-1.527061e+01
2.410000e-05	1.588770e-01	-1.522261e+01
2.411000e-05	1.755218e-01	-1.519838e+01
2.412000e-05	1.925825e-01	-1.512782e+01
2.413000e-05	2.124762e-01	-1.511627e+01
2.414000e-05	2.367001e-01	-1.507469e+01
2.415000e-05	2.493000e-01	-1.503306e+01
2.416000e-05	2.500000e-01	-1.493940e+01
2.417000e-05	2.500000e-01	-1.491516e+01
2.418000e-05	2.500000e-01	-1.484248e+01
2.419000e-05	2.500000e-01	-1.474930e+01
2.420000e-05	2.500000e-01	-1.467324e+01
2.421000e-05	2.490082e-01	-1.461151e+01
2.422000e-05	2.339984e-01	-1.452325e+01
2.423000e-05	2.047625e-01	-1.443148e+01
2.424000e-05	1.817715e-01	-1.434624e+01
2.425000e-05	1.613543e-01	-1.423046e+01
2.426000e-05	1.432940e-01	-1.402569e+01
2.427000e-05	1.267149e-01	-1.396738e+01
2.428000e-05	1.154789e-01	-1.384103e+01
2.429000e-05	1.037866e-01	-1.366622e+01
2.430000e-05	9.420418e-02	-1.359937e+01
2.431000e-05	8.567182e-02	-1.344361e+01
2.432000e-05	8.018999e-02	-1.332619e+01
2.433000e-05	7.463860e-02	-1.316745e+01
2.434000e-05	6.919352e-02	-1.305103e+01
2.435000e-05	6.306483e-02	-1.289314e+01
2.436000e-05	5.836718e-02	-1.275471e+01
2.437000e-05	5.463544e-02	-1.254742e+01
2.438000e-05	5.282558e-02	-1.238190e+01
2.439000e-05	4.884103e-02	-1.221998e+01
2.440000e-05	4.503681e-02	-1.204298e+01
2.441000e-05	4.120200e-02	-1.189163e+01
2.442000e-05	3.966155e-02	-1.166195e+01
2.443000e-05	3.702081e-02	-1.141101e+01
2.444000e-05	3.454731e-02	-1.124048e+01
2.445000e-05	3.273685e-02	-1.101988e+01
2.446000e-05	3.216653e-02	-1.082153e+01
2.447000e-05	3.049031e-02	-1.064203e+01
2.448000e-05	2.808664e-02	-1.045046e+01
2.449000e-05	2.598508e-02	-1.025001e+01
2.450000e-05	2.351209e-02	-1.002897e+01
2.451000e-05	2.280477e-02	-9.806877e+00
2.452000e-05	2.255238e-02	-9.597797e+00
2.453000e-05	2.003041e-02	-9.357341e+00
2.454000e-05	1.910741e-02	-9.124315e+00
2.455000e-05	1.820886e-02	-8.933215e+00
2.456000e-05	1.733048e-02	-8.692611e+00
2.457000e-05	1.507979e-02	-8.439478e+00
2.458000e-05	1.410442e-02	-8.229396e+00
2.459000e-05	1.327533e-02	-8.006266e+00
2.460000e-05	1.312966e-02	-7.681609e+00
2.461000e-05	1.190078e-02	-7.448921e+00
2.462000e-05	1.058824e-02	-7.207894e+00
2.463000e-05	7.458309e-03	-6.904236e+00
2.464000e-05	7.178730e-03	-6.651080e+00
2.465000e-05	6.899714e-03	-6.419874e+00
2.466000e-05	9.200536e-03	-6.206693e+00
2.467000e-05	6.053903e-03	-5.911609e+00
2.468000e-05	4.101794e-03	-5.647975e+00
2.469000e-05	4.981269e-03	-5.334716e+00
2.470000e-05	3.002218e-03	-5.040004e+00
2.471000e-05	2.183148e-03	-4.692211e+00
2.472000e-05	1.566387e-03	-4.440583e+00
2.473000e-05	8.119888e-04	-4.199325e+00
2.474000e-05	2.448159e-03	-3.955800e+00
2.475000e-05	-8.176193e-04	-3.631611e+00
2.476000e-05	-1.773586e-03	-3.408874e+00
2.477000e-05	-4.277880e-03	-3.115739e+00
2.478000e-05	-1.634552e-03	-2.828500e+00
2.479000e-05	-3.228649e-03	-2.584792e+00
2.480000e-05	-1.505657e-03	-2.272661e+00
2.481000e-05	-3.753639e-03	-1.995874e+00
2.482000e-05	-4.050660e-03	-1.744190e+00
2.483000e-05	-6.280396e-03	-1.466900e+00
2.484000e-05	-5.772215e-03	-1.104134e+00
2.485000e-05	-7.189550e-03	-8.601015e-01
2.486000e-05	-7.147106e-03	-5.327356e-01
2.487000e-05	-6.571535e-03	-2.921567e-01
2.488000e-05	-4.799174e-03	3.268027e-02
2.489000e-05	7.267902e-03	2.963469e-01
2.490000e-05	-2.047024e-04	5.499474e-01
2.491000e-05	3.827181e-03	8.025740e-01
2.492000e-05	-1.023565e-03	1.097288e+00
2.493000e-05	4.556194e-04	1.370974e+00
2.494000e-05	-2.335080e-03	1.687236e+00
2.495000e-05	6.681593e-03	1.907862e+00
2.496000e-05	3.092385e-02	2.148392e+00
2.497000e-05	1.060439e-01	2.425752e+00
2.498000e-05	9.108349e-03	2.800504e+00
2.499000e-05	-4.856059e-02	3.075215e+00
2.500000e-05	-3.265465e-02	3.310472e+00
2.501000e-05	-3.042168e-02	3.613662e+00
2.502000e-05	-6.390443e-02	3.834081e+00
2.503000e-05	-6.459950e-02	4.032581e+00
2.504000e-05	9.192070e-02	4.329424e+00
2.505000e-05	-4.030613e-02	4.644663e+00
2.506000e-05	-4.544010e-04	4.876157e+00
2.507000e-05	1.159793e-01	5.174629e+00
2.508000e-05	-1.371604e-01	5.465240e+00
2.509000e-05	6.275610e-02	5.709391e+00
2.510000e-05	-5.574788e-02	5.982582e+00
2.511000e-05	2.366180e-02	6.204210e+00
2.512000e-05	1.226727e-02	6.558898e+00
2.513000e-05	-5.892138e-02	6.801607e+00
2.514000e-05	3.862921e-02	7.055186e+00
2.515000e-05	-5.769105e-02	7.306398e+00
2.516000e-05	2.839441e-02	7.592183e+00
2.517000e-05	-6.493164e-02	7.874320e+00
2.518000e-05	1.349183e-02	8.139970e+00
2.519000e-05	1.117645e-02	8.370553e+00
2.520000e-05	-3.550736e-02	8.551978e+00
2.521000e-05	1.082602e-02	8.803526e+00
2.522000e-05	-6.627468e-02	9.056708e+00
2.523000e-05	1.946545e-04	9.265739e+00
2.524000e-05	-1.959185e-02	9.496265e+00
2.525000e-05	-3.177629e-03	9.748897e+00
2.526000e-05	-3.486694e-02	9.940504e+00
2.527000e-05	-1.965842e-02	1.016050e+01
2.528000e-05	-7.181178e-03	1.039048e+01
2.529000e-05	-3.415264e-02	1.060155e+01
2.530000e-05	-2.486751e-02	1.075049e+01
2.531000e-05	-4.285901e-02	1.101156e+01
2.532000e-05	-1.324564e-02	1.118198e+01
2.533000e-05	-2.669194e-02	1.142053e+01
2.534000e-05	-2.956038e-02	1.156158e+01
2.535000e-05	-4.507745e-02	1.182363e+01
2.536000e-05	-3.103071e-02	1.201300e+01
2.537000e-05	-2.524760e-02	1.215995e+01
2.538000e-05	-3.224923e-02	1.231892e+01
2.539000e-05	-4.243738e-02	1.249874e+01
2.540000e-05	-4.638286e-02	1.266371e+01
2.541000e-05	-3.216907e-02	1.281201e+01
2.542000e-05	-3.975060e-02	1.296893e+01
2.543000e-05	-4.626440e-02	1.308842e+01
2.544000e-05	-5.597317e-02	1.328722e+01
2.545000e-05	-3.873413e-02	1.341351e+01
2.546000e-05	-4.305996e-02	1.351789e+01
2.547000e-05	-4.835858e-02	1.369766e+01
2.548000e-05	-6.432500e-02	1.379105e+01
2.549000e-05	-5.712844e-02	1.393892e+01
2.550000e-05	-5.269559e-02	1.405669e+01
2.551000e-05	-5.602036e-02	1.418313e+01
2.552000e-05	-6.599572e-02	1.433732e+01
2.553000e-05	-6.985345e-02	1.445258e+01
2.554000e-05	-6.057300e-02	1.450529e+01
2.555000e-05	-6.562603e-02	1.457200e+01
2.556000e-05	-7.020403e-02	1.470575e+01
2.557000e-05	-8.222542e-02	1.476845e+01
2.558000e-05	-7.358734e-02	1.480201e+01
2.559000e-05	-7.612325e-02	1.488611e+01
2.560000e-05	-8.131174e-02	1.494732e+01
2.561000e-05	-9.478458e-02	1.500100e+01
2.562000e-05	-9.509934e-02	1.505208e+01
2.563000e-05	-9.022640e-02	1.508369e+01
2.564000e-05	-9.343666e-02	1.510734e+01
2.565000e-05	-1.019997e-01	1.512840e+01
2.566000e-05	-1.078532e-01	1.519095e+01
2.567000e-05	-1.060787e-01	1.521205e+01
2.568000e-05	-1.089677e-01	1.522303e+01
2.569000e-05	-1.190284e-01	1.523411e+01
2.570000e-05	-1.285032e-01	1.525416e+01
2.571000e-05	-1.307012e-01	1.525609e+01
2.572000e-05	-1.316432e-01	1.528308e+01
2.573000e-05	-1.415155e-01	1.525319e+01
2.574000e-05	-1.542991e-01	1.521350e+01
2.575000e-05	-1.639407e-01	1.522160e+01
2.576000e-05	-1.699343e-01	1.516090e+01
2.577000e-05	-1.841768e-01	1.517742e+01
2.578000e-05	-2.072811e-01	1.511672e+01
2.579000e-05	-2.342608e-01	1.509476e+01
2.580000e-05	-2.477534e-01	1.504003e+01
2.581000e-05	-2.500000e-01	1.497939e+01
2.582000e-05	-2.500000e-01	1.489777e+01
2.583000e-05	-2.500000e-01	1.485369e+01
2.584000e-05	-2.500000e-01	1.480040e+01
2.585000e-05	-2.500000e-01	1.471632e+01
2.586000e-05	-2.500000e-01	1.465153e+01
2.587000e-05	-2.491650e-01	1.453885e+01
2.588000e-05	-2.355529e-01	1.445313e+01
2.589000e-05	-2.028544e-01	1.432832e+01
2.590000e-05	-1.802304e-01	1.421363e+01
2.591000e-05	-1.616503e-01	1.412584e+01
2.592000e-05	-1.510565e-01	1.402895e+01
2.593000e-05	-1.339286e-01	1.390521e+01
2.594000e-05	-1.192472e-01	1.378985e+01
2.595000e-05	-1.097021e-01	1.362110e+01
2.596000e-05	-1.044386e-01	1.348369e+01
2.597000e-05	-9.702534e-02	1.335995e+01
2.598000e-05	-8.788389e-02	1.325053e+01
2.599000e-05	-7.981115e-02	1.308468e+01
2.600000e-05	-7.831035e-02	1.293678e+01
2.601000e-05	-7.559941e-02	1.280897e+01
2.602000e-05	-7.030654e-02	1.260056e+01
2.603000e-05	-6.431111e-02	1.249224e+01
2.604000e-05	-6.132862e-02	1.230571e+01
2.605000e-05	-6.170519e-02	1.211482e+01
2.606000e-05	-5.708978e-02	1.197640e+01
2.607000e-05	-5.296909e-02	1.178785e+01
2.608000e-05	-4.989200e-02	1.157630e+01
2.609000e-05	-5.139035e-02	1.136787e+01
2.610000e-05	-4.994308e-02	1.112740e+01
2.611000e-05	-4.650897e-02	1.097782e+01
2.612000e-05	-4.264589e-02	1.076729e+01
2.613000e-05	-4.309764e-02	1.057837e+01
2.614000e-05	-4.272154e-02	1.032735e+01
2.615000e-05	-4.032434e-02	1.012622e+01
2.616000e-05	-3.789844e-02	9.934746e+00
2.617000e-05	-3.669995e-02	9.713133e+00
2.618000e-05	-3.710995e-02	9.491581e+00
2.619000e-05	-3.579159e-02	9.281507e+00
2.620000e-05	-3.328152e-02	9.020554e+00
2.621000e-05	-3.161982e-02	8.786952e+00
2.622000e-05	-3.276059e-02	8.577920e+00
2.623000e-05	-3.304488e-02	8.365318e+00
2.624000e-05	-2.991844e-02	8.114685e+00
2.625000e-05	-2.911955e-02	7.871530e+00
2.626000e-05	-2.753598e-02	7.579368e+00
2.627000e-05	-2.849162e-02	7.345265e+00
2.628000e-05	-2.676761e-02	7.102582e+00
2.629000e-05	-2.598836e-02	6.820426e+00
2.630000e-05	-2.376259e-02	6.587391e+00
2.631000e-05	-2.630413e-02	6.321710e+00
2.632000e-05	-2.392611e-02	6.080678e+00
2.633000e-05	-2.379959e-02	5.797395e+00
2.634000e-05	-2.062305e-02	5.545242e+00
2.635000e-05	-2.269415e-02	5.239002e+00
2.636000e-05	-2.178674e-02	4.914708e+00
2.637000e-05	-2.161231e-02	4.629475e+00
2.638000e-05	-1.972389e-02	4.357446e+00
2.639000e-05	-1.973976e-02	4.072207e+00
2.640000e-05	-1.905496e-02	3.811025e+00
2.641000e-05	-1.922689e-02	3.565294e+00
2.642000e-05	-1.767966e-02	3.282654e+00
2.643000e-05	-1.704632e-02	2.977950e+00
2.644000e-05	-1.748213e-02	2.765270e+00
2.645000e-05	-1.778042e-02	2.437529e+00
2.646000e-05	-1.678834e-02	2.136215e+00
2.647000e-05	-1.387298e-02	1.923582e+00
2.648000e-05	-1.336461e-02	1.607496e+00
2.649000e-05	-1.295033e-02	1.293158e+00
2.650000e-05	-1.339220e-02	1.005216e+00
2.651000e-05	-1.141884e-02	6.935579e-01
2.652000e-05	-1.155038e-02	4.505290e-01
2.653000e-05	-1.027003e-02	1.242583e-01
2.654000e-05	-7.673746e-03	-1.383511e-01
2.655000e-05	5.662659e-03	-4.015236e-01
2.656000e-05	-3.025216e-03	-6.058618e-01
2.657000e-05	3.408967e-03	-9.389472e-01
2.658000e-05	-2.707353e-03	-1.191099e+00
2.659000e-05	1.962050e-03	-1.487425e+00
2.660000e-05	1.525917e-03	-1.768870e+00
2.661000e-05	3.189415e-02	-1.969474e+00
2.662000e-05	1.125226e-01	-2.215282e+00
2.663000e-05	4.135686e-02	-2.563612e+00
2.664000e-05	-5.003185e-02	-3.014714e+00
2.665000e-05	-7.533023e-03	-3.338370e+00
2.666000e-05	-4.337219e-02	-3.528920e+00
2.667000e-05	-7.244586e-02	-3.728895e+00
2.668000e-05	-2.668668e-03	-3.958925e+00
2.669000e-05	1.411788e-01	-4.128974e+00
2.670000e-05	-1.624409e-01	-4.445163e+00
2.671000e-05	1.942765e-01	-4.698293e+00
2.672000e-05	-6.865638e-02	-4.964082e+00
2.673000e-05	-1.047526e-02	-5.372401e+00
2.674000e-05	8.446838e-02	-5.591504e+00
2.675000e-05	-1.568063e-01	-5.894787e+00
2.676000e-05	1.824023e-01	-6.088419e+00
2.677000e-05	-7.956823e-02	-6.381629e+00
2.678000e-05	7.303039e-02	-6.675265e+00
2.679000e-05	2.556296e-02	-6.908418e+00
2.680000e-05	-6.125857e-02	-7.254686e+00
2.681000e-05	1.127073e-01	-7.455233e+00
2.682000e-05	-9.947036e-02	-7.741526e+00
2.683000e-05	1.294684e-01	-7.973158e+00
2.684000e-05	-3.893739e-02	-8.214185e+00
2.685000e-05	4.196823e-02	-8.536345e+00
2.686000e-05	5.834711e-02	-8.707473e+00
2.687000e-05	-6.775664e-02	-8.981529e+00
2.688000e-05	9.382660e-02	-9.121028e+00
2.689000e-05	-5.758059e-02	-9.392532e+00
2.690000e-05	1.176972e-01	-9.636212e+00
2.691000e-05	-2.982599e-02	-9.875186e+00
2.692000e-05	6.781296e-02	-1.011434e+01
2.693000e-05	1.874556e-03	-1.027639e+01
2.694000e-05	2.333887e-02	-1.054782e+01
2.695000e-05	4.771495e-02	-1.070577e+01
2.696000e-05	-9.580635e-03	-1.091984e+01
2.697000e-05	7.201446e-02	-1.108724e+01
2.698000e-05	-1.030834e-02	-1.133729e+01
2.699000e-05	8.117350e-02	-1.151832e+01
2.700000e-05	-9.406207e-03	-1.169930e+01
2.701000e-05	6.269472e-02	-1.191885e+01
2.702000e-05	1.087625e-02	-1.210737e+01
2.703000e-05	5.944442e-02	-1.229674e+01
2.704000e-05	2.984704e-02	-1.247566e+01
2.705000e-05	3.411941e-02	-1.262163e+01
2.706000e-05	4.052887e-02	-1.275945e+01
2.707000e-05	3.716532e-02	-1.293985e+01
2.708000e-05	5.835464e-02	-1.307477e+01
2.709000e-05	3.386087e-02	-1.321306e+01
2.710000e-05	5.909512e-02	-1.336008e+01
2.711000e-05	3.494487e-02	-1.349635e+01
2.712000e-05	6.085875e-02	-1.368364e+01
2.713000e-05	3.765106e-02	-1.379050e+01
2.714000e-05	5.570221e-02	-1.389525e+01
2.715000e-05	4.777757e-02	-1.401361e+01
2.716000e-05	6.697463e-02	-1.417045e+01
2.717000e-05	5.897119e-02	-1.428659e+01
2.718000e-05	6.070172e-02	-1.435843e+01
2.719000e-05	5.743295e-02	-1.444619e+01
2.720000e-05	6.516292e-02	-1.457085e+01
2.721000e-05	7.149811e-02	-1.463216e+01
2.722000e-05	6.845679e-02	-1.475625e+01
2.723000e-05	7.340093e-02	-1.481051e+01
2.724000e-05	7.288793e-02	-1.487472e+01
2.725000e-05	8.158690e-02	-1.491785e+01
2.726000e-05	7.527669e-02	-1.497401e+01
2.727000e-05	8.170630e-02	-1.505366e+01
2.728000e-05	8.163472e-02	-1.510729e+01
2.729000e-05	9.519016e-02	-1.513782e+01
2.730000e-05	9.474172e-02	-1.514892e+01
2.731000e-05	9.813767e-02	-1.524061e+01
2.732000e-05	9.738971e-02	-1.525166e+01
2.733000e-05	1.043148e-01	-1.527472e+01
2.734000e-05	1.093505e-01	-1.525424e+01
2.735000e-05	1.124282e-01	-1.529466e+01
2.736000e-05	1.184045e-01	-1.532574e+01
2.737000e-05	1.220278e-01	-1.528562e+01
2.738000e-05	1.340492e-01	-1.529464e+01
2.739000e-05	1.371281e-01	-1.527264e+01
2.740000e-05	1.459177e-01	-1.524516e+01
2.741000e-05	1.530247e-01	-1.526058e+01
2.742000e-05	1.692060e-01	-1.524048e+01
2.743000e-05	1.848299e-01	-1.513693e+01
2.744000e-05	2.043638e-01	-1.513727e+01
2.745000e-05	2.259951e-01	-1.509569e+01
2.746000e-05	2.469516e-01	-1.507316e+01
2.747000e-05	2.500000e-01	-1.496985e+01
2.748000e-05	2.500000e-01	-1.489775e+01
2.749000e-05	2.500000e-01	-1.484313e+01
2.750000e-05	2.500000e-01	-1.478890e+01
2.751000e-05	2.500000e-01	-1.470577e+01
2.752000e-05	2.500000e-01	-1.460153e+01
2.753000e-05	2.442612e-01	-1.454835e+01
2.754000e-05	2.143534e-01	-1.443413e+01
2.755000e-05	1.932403e-01	-1.436830e+01
2.756000e-05	1.724172e-01	-1.427303e+01
2.757000e-05	1.507334e-01	-1.419780e+01
2.758000e-05	1.345926e-01	-1.404107e+01
2.759000e-05	1.155652e-01	-1.390569e+01
2.760000e-05	1.090721e-01	-1.376892e+01
2.761000e-05	9.661865e-02	-1.368053e+01
2.762000e-05	8.948460e-02	-1.350522e+01
2.763000e-05	8.309391e-02	-1.336832e+01
2.764000e-05	7.895474e-02	-1.322003e+01
2.765000e-05	7.363894e-02	-1.308466e+01
2.766000e-05	6.498177e-02	-1.292577e+01
2.767000e-05	5.757495e-02	-1.282740e+01
2.768000e-05	5.311979e-02	-1.263206e+01
2.769000e-05	5.190244e-02	-1.246163e+01
2.770000e-05	5.005572e-02	-1.230314e+01
2.771000e-05	4.812135e-02	-1.210769e+01
2.772000e-05	4.405210e-02	-1.193534e+01
2.773000e-05	4.403886e-02	-1.170627e+01
2.774000e-05	3.872884e-02	-1.155632e+01
2.775000e-05	3.578396e-02	-1.134571e+01
2.776000e-05	2.942936e-02	-1.113224e+01
2.777000e-05	3.107939e-02	-1.088319e+01
2.778000e-05	2.975735e-02	-1.072527e+01
2.779000e-05	3.006233e-02	-1.053624e+01
2.780000e-05	2.728425e-02	-1.032318e+01
2.781000e-05	2.756791e-02	-1.008266e+01
2.782000e-05	2.625140e-02	-9.862056e+00
2.783000e-05	2.269502e-02	-9.651089e+00
2.784000e-05	1.933447e-02	-9.461557e+00
2.785000e-05	1.799407e-02	-9.207976e+00
2.786000e-05	1.759089e-02	-9.019899e+00
2.787000e-05	1.694115e-02	-8.795323e+00
2.788000e-05	1.600457e-02	-8.554264e+00
2.789000e-05	1.521795e-02	-8.283186e+00
2.790000e-05	1.572419e-02	-8.040108e+00
2.791000e-05	1.450727e-02	-7.826421e+00
2.792000e-05	1.343018e-02	-7.525241e+00
2.793000e-05	9.169429e-03	-7.272561e+00
2.794000e-05	9.400171e-03	-7.000426e+00
2.795000e-05	6.991868e-03	-6.725346e+00
2.796000e-05	7.999327e-03	-6.523761e+00
2.797000e-05	5.812015e-03	-6.271053e+00
2.798000e-05	7.470663e-03	-5.958851e+00
2.799000e-05	6.398242e-03	-5.734739e+00
2.800000e-05	7.238861e-03	-5.449522e+00
2.801000e-05	3.570473e-03	-5.195741e+00
2.802000e-05	1.879372e-03	-4.849025e+00
2.803000e-05	2.116882e-03	-4.554841e+00
2.804000e-05	1.599656e-03	-4.325215e+00
2.805000e-05	1.114286e-03	-4.071560e+00
2.806000e-05	-8.313273e-04	-3.775875e+00
2.807000e-05	-9.235670e-04	-3.522659e+00
2.808000e-05	-2.042008e-03	-3.261599e+00
2.809000e-05	-2.109484e-03	-2.925216e+00
2.810000e-05	-3.797190e-03	-2.672155e+00
2.811000e-05	-1.911204e-03	-2.378374e+00
2.812000e-05	-3.097372e-03	-2.112687e+00
2.813000e-05	-3.271312e-03	-1.850479e+00
2.814000e-05	-5.663273e-03	-1.557918e+00
2.815000e-05	-6.856354e-03	-1.228479e+00
2.816000e-05	-7.768351e-03	-9.531896e-01
2.817000e-05	-7.617137e-03	-6.815025e-01
2.818000e-05	-6.197298e-03	-3.574195e-01
2.819000e-05	-5.725404e-03	-8.365684e-02
2.820000e-05	1.926859e-03	1.315749e-01
2.821000e-05	7.350914e-03	4.647093e-01
2.822000e-05	-5.906451e-04	6.968595e-01
2.823000e-05	3.862694e-03	9.520948e-01
2.824000e-05	-3.428912e-03	1.214234e+00
2.825000e-05	1.094595e-03	1.550377e+00
2.826000e-05	-2.279260e-03	1.811082e+00
2.827000e-05	2.086881e-02	2.002159e+00
2.828000e-05	7.354412e-02	2.297819e+00
2.829000e-05	7.963222e-02	2.654808e+00
2.830000e-05	-5.889136e-02	2.951422e+00
2.831000e-05	-2.549738e-02	3.202183e+00
2.832000e-05	-4.068057e-02	3.509898e+00
2.833000e-05	-3.223896e-02	3.770519e+00
2.834000e-05	-9.030643e-02	3.952346e+00
2.835000e-05	2.826554e-02	4.174081e+00
2.836000e-05	6.789952e-02	4.520422e+00
2.837000e-05	-1.105641e-01	4.740371e+00
2.838000e-05	1.655333e-01	5.005811e+00
2.839000e-05	-9.431232e-02	5.371054e+00
2.840000e-05	-7.303251e-03	5.632732e+00
2.841000e-05	1.184310e-02	5.909274e+00
2.842000e-05	-4.440272e-02	6.149951e+00
2.843000e-05	6.133740e-02	6.392657e+00
2.844000e-05	-6.783424e-02	6.717871e+00
2.845000e-05	2.332400e-02	6.949975e+00
2.846000e-05	-3.029520e-02	7.193529e+00
2.847000e-05	-6.036740e-03	7.488917e+00
2.848000e-05	-1.678976e-02	7.759998e+00
2.849000e-05	-4.163397e-02	8.035687e+00
2.850000e-05	3.997138e-02	8.329817e+00
2.851000e-05	-3.514135e-02	8.487839e+00
2.852000e-05	1.483818e-03	8.738320e+00
2.853000e-05	-3.002501e-02	8.971424e+00
2.854000e-05	-4.572362e-02	9.192024e+00
2.855000e-05	1.052259e-02	9.422007e+00
2.856000e-05	-2.782256e-02	9.635061e+00
2.857000e-05	-5.649313e-03	9.836739e+00
2.858000e-05	-4.369257e-02	1.004879e+01
2.859000e-05	7.071477e-04	1.029684e+01
2.860000e-05	-2.851317e-02	1.047674e+01
2.861000e-05	-2.836559e-02	1.070737e+01
2.862000e-05	-3.155106e-02	1.094892e+01
2.863000e-05	-3.353316e-02	1.112829e+01
2.864000e-05	-8.444475e-03	1.132795e+01
2.865000e-05	-3.971422e-02	1.149744e+01
2.866000e-05	-3.086024e-02	1.170893e+01
2.867000e-05	-4.726929e-02	1.191732e+01
2.868000e-05	-1.987700e-02	1.207771e+01
2.869000e-05	-3.165503e-02	1.228571e+01
2.870000e-05	-3.676659e-02	1.246566e+01
2.871000e-05	-4.682515e-02	1.260303e+01
2.872000e-05	-3.993395e-02	1.272942e+01
2.873000e-05	-3.224888e-02	1.289784e+01
2.874000e-05	-4.743130e-02	1.304621e+01
2.875000e-05	-4.871338e-02	1.317106e+01
2.876000e-05	-4.896689e-02	1.342995e+01
2.877000e-05	-3.708358e-02	1.346467e+01
2.878000e-05	-4.908928e-02	1.363403e+01
2.879000e-05	-5.850355e-02	1.375795e+01
2.880000e-05	-6.250339e-02	1.388777e+01
2.881000e-05	-5.337151e-02	1.401203e+01
2.882000e-05	-5.102218e-02	1.409985e+01
2.883000e-05	-6.283485e-02	1.427414e+01
2.884000e-05	-6.792744e-02	1.441958e+01
2.885000e-05	-6.593922e-02	1.445566e+01
2.886000e-05	-6.122748e-02	1.456837e+01
2.887000e-05	-6.983526e-02	1.464461e+01
2.888000e-05	-7.814234e-02	1.470780e+01
2.889000e-05	-7.792455e-02	1.479050e+01
2.890000e-05	-7.404974e-02	1.485269e+01
2.891000e-05	-7.733364e-02	1.493832e+01
2.892000e-05	-9.012215e-02	1.496143e+01
2.893000e-05	-9.558389e-02	1.503158e+01
2.894000e-05	-9.239601e-02	1.507574e+01
2.895000e-05	-8.981381e-02	1.509626e+01
2.896000e-05	-9.866761e-02	1.515885e+01
2.897000e-05	-1.073842e-01	1.521893e+01
2.898000e-05	-1.080348e-01	1.522205e+01
2.899000e-05	-1.075542e-01	1.520264e+01
2.900000e-05	-1.143644e-01	1.522301e+01
2.901000e-05	-1.266350e-01	1.525469e+01
2.902000e-05	-1.298000e-01	1.522416e+01
2.903000e-05	-1.301598e-01	1.524516e+01
2.904000e-05	-1.347008e-01	1.524464e+01
2.905000e-05	-1.479419e-01	1.523248e+01
2.906000e-05	-1.610489e-01	1.522203e+01
2.907000e-05	-1.680298e-01	1.516898e+01
2.908000e-05	-1.781757e-01	1.515787e+01
2.909000e-05	-1.967914e-01	1.510737e+01
2.910000e-05	-2.235491e-01	1.509569e+01
2.911000e-05	-2.440752e-01	1.503161e+01
2.912000e-05	-2.497000e-01	1.498942e+01
2.913000e-05	-2.500000e-01	1.494782e+01
2.914000e-05	-2.500000e-01	1.488318e+01
2.915000e-05	-2.500000e-01	1.482195e+01
2.916000e-05	-2.500000e-01	1.475575e+01
2.917000e-05	-2.500000e-01	1.467266e+01
2.918000e-05	-2.500000e-01	1.458990e+01
2.919000e-05	-2.453942e-01	1.454414e+01
2.920000e-05	-2.162587e-01	1.438095e+01
2.921000e-05	-1.884622e-01	1.432577e+01
2.922000e-05	-1.666409e-01	1.419942e+01
2.923000e-05	-1.552712e-01	1.406274e+01
2.924000e-05	-1.392984e-01	1.395734e+01
2.925000e-05	-1.256138e-01	1.383156e+01
2.926000e-05	-1.117203e-01	1.367466e+01
2.927000e-05	-1.084361e-01	1.356792e+01
2.928000e-05	-1.016829e-01	1.340203e+01
2.929000e-05	-9.194869e-02	1.331422e+01
2.930000e-05	-8.216343e-02	1.313722e+01
2.931000e-05	-7.804422e-02	1.298047e+01
2.932000e-05	-7.843595e-02	1.287255e+01
2.933000e-05	-7.311560e-02	1.270466e+01
2.934000e-05	-6.557148e-02	1.257729e+01
2.935000e-05	-6.342846e-02	1.237828e+01
2.936000e-05	-6.073476e-02	1.220200e+01
2.937000e-05	-6.137676e-02	1.204995e+01
2.938000e-05	-5.295780e-02	1.188106e+01
2.939000e-05	-4.916899e-02	1.166196e+01
2.940000e-05	-5.099951e-02	1.144201e+01
2.941000e-05	-4.940497e-02	1.125155e+01
2.942000e-05	-4.992287e-02	1.104306e+01
2.943000e-05	-4.348710e-02	1.086051e+01
2.944000e-05	-4.374677e-02	1.065164e+01
2.945000e-05	-4.237759e-02	1.042108e+01
2.946000e-05	-4.166150e-02	1.023150e+01
2.947000e-05	-3.653650e-02	1.004798e+01
2.948000e-05	-3.541723e-02	9.777947e+00
2.949000e-05	-3.665026e-02	9.545745e+00
2.950000e-05	-3.800692e-02	9.336393e+00
2.951000e-05	-3.656159e-02	9.155716e+00
2.952000e-05	-3.286559e-02	8.873087e+00
2.953000e-05	-3.216020e-02	8.671581e+00
2.954000e-05	-3.152678e-02	8.430528e+00
2.955000e-05	-3.057616e-02	8.250925e+00
2.956000e-05	-2.681176e-02	7.935744e+00
2.957000e-05	-2.694922e-02	7.684714e+00
2.958000e-05	-2.823520e-02	7.410950e+00
2.959000e-05	-3.007424e-02	7.166323e+00
2.960000e-05	-2.771500e-02	6.924716e+00
2.961000e-05	-2.503178e-02	6.671607e+00
2.962000e-05	-2.457141e-02	6.398922e+00
2.963000e-05	-2.467839e-02	6.156294e+00
2.964000e-05	-2.288816e-02	5.905688e+00
2.965000e-05	-2.146518e-02	5.708507e+00
2.966000e-05	-2.076712e-02	5.377370e+00
2.967000e-05	-2.255960e-02	5.022949e+00
2.968000e-05	-2.277997e-02	4.744690e+00
2.969000e-05	-2.132505e-02	4.492605e+00
2.970000e-05	-2.010828e-02	4.241471e+00
2.971000e-05	-1.980319e-02	3.913765e+00
2.972000e-05	-1.855981e-02	3.682583e+00
2.973000e-05	-1.759868e-02	3.437400e+00
2.974000e-05	-1.625472e-02	3.122156e+00
2.975000e-05	-1.660734e-02	2.840105e+00
2.976000e-05	-1.798997e-02	2.556240e+00
2.977000e-05	-1.824841e-02	2.262553e+00
2.978000e-05	-1.537071e-02	2.009472e+00
2.979000e-05	-1.362729e-02	1.743238e+00
2.980000e-05	-1.440607e-02	1.419051e+00
2.981000e-05	-1.415523e-02	1.093735e+00
2.982000e-05	-1.139444e-02	7.969448e-01
2.983000e-05	-1.155852e-02	5.132132e-01
2.984000e-05	-1.023433e-02	2.901052e-01
2.985000e-05	-9.266394e-03	-2.510907e-02
2.986000e-05	1.496265e-04	-2.972659e-01
2.987000e-05	3.036885e-03	-5.409473e-01
2.988000e-05	-1.704759e-03	-8.346580e-01
2.989000e-05	2.939602e-04	-1.107243e+00
2.990000e-05	-1.693037e-03	-1.383106e+00
2.991000e-05	1.482647e-03	-1.655184e+00
2.992000e-05	1.465687e-02	-1.886292e+00
2.993000e-05	7.230629e-02	-2.076868e+00
2.994000e-05	1.152407e-01	-2.436263e+00
2.995000e-05	-5.584950e-02	-2.837235e+00
2.996000e-05	-1.126440e-03	-3.262653e+00
2.997000e-05	-4.669760e-02	-3.414133e+00
2.998000e-05	-3.923372e-02	-3.643659e+00
2.999000e-05	-9.444243e-02	-3.878266e+00
3.000000e-05	1.679669e-01	-4.063736e+00
3.001000e-05	-9.364397e-02	-4.339421e+00
3.002000e-05	4.707790e-02	-4.645187e+00
3.003000e-05	1.237729e-01	-4.846261e+00
3.004000e-05	-1.565657e-01	-5.204234e+00
3.005000e-05	1.674763e-01	-5.466269e+00
3.006000e-05	-1.545394e-01	-5.761955e+00
3.007000e-05	7.875504e-02	-6.014659e+00
3.008000e-05	5.991338e-02	-6.277693e+00
3.009000e-05	-5.976710e-02	-6.572027e+00
3.010000e-05	1.349788e-01	-6.802606e+00
3.011000e-05	-1.151097e-01	-7.070348e+00
3.012000e-05	1.041317e-01	-7.359953e+00
3.013000e-05	-4.295867e-02	-7.594228e+00
3.014000e-05	2.850330e-02	-7.908774e+00
3.015000e-05	7.862048e-02	-8.159320e+00
3.016000e-05	-6.456419e-02	-8.382158e+00
3.017000e-05	1.331801e-01	-8.631129e+00
3.018000e-05	-8.785826e-02	-8.827320e+00
3.019000e-05	7.302334e-02	-9.117363e+00
3.020000e-05	-2.071439e-02	-9.347346e+00
3.021000e-05	4.826462e-02	-9.561903e+00
3.022000e-05	5.226838e-02	-9.760982e+00
3.023000e-05	-8.704578e-03	-9.991004e+00
3.024000e-05	7.696158e-02	-1.020101e+01
3.025000e-05	-3.772066e-02	-1.042471e+01
3.026000e-05	8.978533e-02	-1.064363e+01
3.027000e-05	-3.180258e-02	-1.079263e+01
3.028000e-05	7.209323e-02	-1.101303e+01
3.029000e-05	-7.368486e-04	-1.124324e+01
3.030000e-05	5.670214e-02	-1.140618e+01
3.031000e-05	2.619007e-02	-1.168558e+01
3.032000e-05	2.714067e-02	-1.185474e+01
3.033000e-05	4.401910e-02	-1.202161e+01
3.034000e-05	2.496405e-02	-1.221363e+01
3.035000e-05	6.365807e-02	-1.238056e+01
3.036000e-05	1.214306e-02	-1.258250e+01
3.037000e-05	5.701913e-02	-1.273737e+01
3.038000e-05	1.684867e-02	-1.286419e+01
3.039000e-05	6.475965e-02	-1.303258e+01
3.040000e-05	2.956961e-02	-1.315990e+01
3.041000e-05	5.994773e-02	-1.334027e+01
3.042000e-05	3.899373e-02	-1.345369e+01
3.043000e-05	5.779797e-02	-1.361106e+01
3.044000e-05	4.733488e-02	-1.373785e+01
3.045000e-05	4.763353e-02	-1.385458e+01
3.046000e-05	5.048146e-02	-1.400205e+01
3.047000e-05	5.414694e-02	-1.408735e+01
3.048000e-05	6.414966e-02	-1.419203e+01
3.049000e-05	5.694962e-02	-1.432632e+01
3.050000e-05	6.377527e-02	-1.441309e+01
3.051000e-05	5.872629e-02	-1.452875e+01
3.052000e-05	7.467968e-02	-1.459156e+01
3.053000e-05	6.629791e-02	-1.468674e+01
3.054000e-05	7.448823e-02	-1.477943e+01
3.055000e-05	6.898150e-02	-1.484319e+01
3.056000e-05	7.991606e-02	-1.488777e+01
3.057000e-05	7.511979e-02	-1.494030e+01
3.058000e-05	8.039045e-02	-1.504211e+01
3.059000e-05	8.052025e-02	-1.509477e+01
3.060000e-05	9.121504e-02	-1.513587e+01
3.061000e-05	9.696671e-02	-1.515848e+01
3.062000e-05	9.604906e-02	-1.521200e+01
3.063000e-05	9.830999e-02	-1.522108e+01
3.064000e-05	9.960213e-02	-1.524361e+01
3.065000e-05	1.079483e-01	-1.527569e+01
3.066000e-05	1.103478e-01	-1.526467e+01
3.067000e-05	1.168684e-01	-1.530519e+01
3.068000e-05	1.208158e-01	-1.531469e+01
3.069000e-05	1.304499e-01	-1.531569e+01
3.070000e-05	1.351731e-01	-1.525211e+01
3.071000e-05	1.404614e-01	-1.527416e+01
3.072000e-05	1.492798e-01	-1.525213e+01
3.073000e-05	1.621661e-01	-1.522203e+01
3.074000e-05	1.798827e-01	-1.518992e+01
3.075000e-05	1.959440e-01	-1.515680e+01
3.076000e-05	2.171381e-01	-1.509624e+01
3.077000e-05	2.404643e-01	-1.505321e+01
3.078000e-05	2.496000e-01	-1.498106e+01
3.079000e-05	2.500000e-01	-1.499835e+01
3.080000e-05	2.500000e-01	-1.489527e+01
3.081000e-05	2.500000e-01	-1.483095e+01
3.082000e-05	2.500000e-01	-1.474683e+01
3.083000e-05	2.500000e-01	-1.463314e+01
3.084000e-05	2.480099e-01	-1.458893e+01
3.085000e-05	2.286619e-01	-1.450569e+01
3.086000e-05	2.002222e-01	-1.444038e+01
3.087000e-05	1.773197e-01	-1.430324e+01
3.088000e-05	1.577559e-01	-1.417952e+01
3.089000e-05	1.389437e-01	-1.408311e+01
3.090000e-05	1.244397e-01	-1.395687e+01
3.091000e-05	1.127144e-01	-1.379010e+01
3.092000e-05	1.027509e-01	-1.369166e+01
3.093000e-05	9.278588e-02	-1.355634e+01
3.094000e-05	8.495675e-02	-1.345155e+01
3.095000e-05	7.890419e-02	-1.327464e+01
3.096000e-05	7.506682e-02	-1.311434e+01
3.097000e-05	6.789651e-02	-1.300998e+01
3.098000e-05	6.183137e-02	-1.288296e+01
3.099000e-05	5.686628e-02	-1.269419e+01
3.100000e-05	5.414393e-02	-1.253634e+01
3.101000e-05	5.216606e-02	-1.237622e+01
3.102000e-05	4.800411e-02	-1.217895e+01
3.103000e-05	4.364873e-02	-1.205938e+01
3.104000e-05	4.203768e-02	-1.184948e+01
3.105000e-05	3.947902e-02	-1.157045e+01
3.106000e-05	3.727149e-02	-1.141835e+01
3.107000e-05	3.329092e-02	-1.116738e+01
3.108000e-05	3.224911e-02	-1.098597e+01
3.109000e-05	3.138955e-02	-1.079040e+01
3.110000e-05	3.187531e-02	-1.060948e+01
3.111000e-05	2.703010e-02	-1.039833e+01
3.112000e-05	2.456392e-02	-1.018885e+01
3.113000e-05	2.347823e-02	-9.954951e+00
3.114000e-05	2.423563e-02	-9.737342e+00
3.115000e-05	2.309304e-02	-9.565291e+00
3.116000e-05	1.996366e-02	-9.303640e+00
3.117000e-05	1.917490e-02	-9.073113e+00
3.118000e-05	1.831562e-02	-8.882134e+00
3.119000e-05	1.758930e-02	-8.660502e+00
3.120000e-05	1.419476e-02	-8.376399e+00
3.121000e-05	1.211643e-02	-8.185792e+00
3.122000e-05	1.421386e-02	-7.905637e+00
3.123000e-05	1.411483e-02	-7.628455e+00
3.124000e-05	1.206335e-02	-7.377894e+00
3.125000e-05	9.468383e-03	-7.171790e+00
3.126000e-05	7.832460e-03	-6.870506e+00
3.127000e-05	8.595832e-03	-6.647948e+00
3.128000e-05	6.924860e-03	-6.374842e+00
3.129000e-05	6.396146e-03	-6.121265e+00
3.130000e-05	4.983372e-03	-5.820477e+00
3.131000e-05	5.414164e-03	-5.547796e+00
3.132000e-05	4.954935e-03	-5.290059e+00
3.133000e-05	2.346598e-03	-4.994292e+00
3.134000e-05	1.960931e-03	-4.630077e+00
3.135000e-05	2.537232e-03	-4.418975e+00
3.136000e-05	2.693530e-03	-4.206394e+00
3.137000e-05	2.069831e-03	-3.923609e+00
3.138000e-05	-2.574116e-03	-3.608975e+00
3.139000e-05	-1.182341e-03	-3.375391e+00
3.140000e-05	-3.618860e-03	-3.052005e+00
3.141000e-05	-9.135966e-04	-2.795821e+00
3.142000e-05	-4.155475e-03	-2.523639e+00
3.143000e-05	-2.335860e-03	-2.249449e+00
3.144000e-05	-4.160944e-03	-1.933293e+00
3.145000e-05	-2.505276e-03	-1.684079e+00
3.146000e-05	-5.265299e-03	-1.375794e+00
3.147000e-05	-6.991106e-03	-1.051579e+00
3.148000e-05	-8.057143e-03	-7.934899e-01
3.149000e-05	-7.306544e-03	-4.810788e-01
3.150000e-05	-6.472229e-03	-2.453222e-01
3.151000e-05	-3.993960e-03	4.421176e-02
3.152000e-05	8.670164e-03	3.579700e-01
3.153000e-05	-2.207119e-03	6.026003e-01
3.154000e-05	6.677059e-03	8.241069e-01
3.155000e-05	-2.066550e-03	1.159421e+00
3.156000e-05	1.923473e-03	1.403630e+00
3.157000e-05	-3.581309e-03	1.739447e+00
3.158000e-05	1.117976e-02	1.959500e+00
3.159000e-05	4.185928e-02	2.193028e+00
3.160000e-05	1.089401e-01	2.467388e+00
3.161000e-05	-2.257405e-02	2.824257e+00
3.162000e-05	-4.056013e-02	3.128417e+00
3.163000e-05	-3.725208e-02	3.424055e+00
3.164000e-05	-2.594982e-02	3.655786e+00
3.165000e-05	-7.787325e-02	3.906270e+00
3.166000e-05	-4.112100e-02	4.058291e+00
3.167000e-05	1.071925e-01	4.402627e+00
3.168000e-05	-8.774770e-02	4.675241e+00
3.169000e-05	7.075423e-02	4.877240e+00
3.170000e-05	4.862654e-02	5.258191e+00
3.171000e-05	-1.099853e-01	5.549341e+00
3.172000e-05	6.416701e-02	5.802581e+00
3.173000e-05	-6.903853e-02	6.087210e+00
3.174000e-05	4.921619e-02	6.328837e+00
3.175000e-05	-1.843739e-02	6.601532e+00
3.176000e-05	-3.448833e-02	6.865762e+00
3.177000e-05	2.357485e-02	7.119815e+00
3.178000e-05	-5.044463e-02	7.390584e+00
3.179000e-05	2.518349e-02	7.635758e+00
3.180000e-05	-7.164366e-02	7.920426e+00
3.181000e-05	3.116016e-02	8.211656e+00
3.182000e-05	-6.819641e-03	8.433557e+00
3.183000e-05	-2.658707e-02	8.621583e+00
3.184000e-05	4.909970e-03	8.834189e+00
3.185000e-05	-7.004048e-02	9.088841e+00
3.186000e-05	1.358007e-02	9.329371e+00
3.187000e-05	-2.988702e-02	9.549821e+00
3.188000e-05	4.929267e-03	9.798979e+00
3.189000e-05	-4.430860e-02	1.001350e+01
3.190000e-05	-9.611803e-03	1.020351e+01
3.191000e-05	-1.512611e-02	1.042208e+01
3.192000e-05	-3.476996e-02	1.062365e+01
3.193000e-05	-2.460807e-02	1.080368e+01
3.194000e-05	-4.453362e-02	1.104511e+01
3.195000e-05	-5.485648e-03	1.118413e+01
3.196000e-05	-3.399533e-02	1.144469e+01
3.197000e-05	-2.471803e-02	1.163474e+01
3.198000e-05	-5.003061e-02	1.183416e+01
3.199000e-05	-2.439428e-02	1.200361e+01
3.200000e-05	-2.933004e-02	1.222253e+01
3.201000e-05	-3.202890e-02	1.235150e+01
3.202000e-05	-4.467968e-02	1.256042e+01
3.203000e-05	-4.521082e-02	1.270572e+01
3.204000e-05	-3.114725e-02	1.283458e+01
3.205000e-05	-4.373331e-02	1.299156e+01
3.206000e-05	-4.503346e-02	1.312992e+01
3.207000e-05	-5.473452e-02	1.331734e+01
3.208000e-05	-3.555357e-02	1.344413e+01
3.209000e-05	-4.614124e-02	1.355993e+01
3.210000e-05	-5.137044e-02	1.369734e+01
3.211000e-05	-6.592745e-02	1.383513e+01
3.212000e-05	-5.622458e-02	1.394940e+01
3.213000e-05	-5.211341e-02	1.405635e+01
3.214000e-05	-5.756476e-02	1.420408e+01
3.215000e-05	-6.658712e-02	1.432784e+01
3.216000e-05	-6.846149e-02	1.445319e+01
3.217000e-05	-5.964962e-02	1.453692e+01
3.218000e-05	-6.791827e-02	1.461300e+01
3.219000e-05	-7.293037e-02	1.468684e+01
3.220000e-05	-8.165562e-02	1.475050e+01
3.221000e-05	-7.356151e-02	1.480254e+01
3.222000e-05	-7.684657e-02	1.488627e+01
3.223000e-05	-8.452464e-02	1.495982e+01
3.224000e-05	-9.552262e-02	1.499100e+01
3.225000e-05	-9.338291e-02	1.506356e+01
3.226000e-05	-8.892382e-02	1.507674e+01
3.227000e-05	-9.334899e-02	1.514735e+01
3.228000e-05	-1.027210e-01	1.518900e+01
3.229000e-05	-1.084172e-01	1.518305e+01
3.230000e-05	-1.078736e-01	1.521303e+01
3.231000e-05	-1.118263e-01	1.521358e+01
3.232000e-05	-1.215352e-01	1.525461e+01
3.233000e-05	-1.292720e-01	1.525426e+01
3.234000e-05	-1.305696e-01	1.525266e+01
3.235000e-05	-1.310207e-01	1.523371e+01
3.236000e-05	-1.421905e-01	1.524258e+01
3.237000e-05	-1.560049e-01	1.521156e+01
3.238000e-05	-1.657800e-01	1.518953e+01
3.239000e-05	-1.721307e-01	1.515092e+01
3.240000e-05	-1.873981e-01	1.512472e+01
3.241000e-05	-2.128704e-01	1.511479e+01
3.242000e-05	-2.375065e-01	1.507221e+01
3.243000e-05	-2.488000e-01	1.500193e+01
3.244000e-05	-2.500000e-01	1.498690e+01
3.245000e-05	-2.500000e-01	1.491484e+01
3.246000e-05	-2.500000e-01	1.481418e+01
3.247000e-05	-2.500000e-01	1.476843e+01
3.248000e-05	-2.500000e-01	1.471626e+01
3.249000e-05	-2.500000e-01	1.463047e+01
3.250000e-05	-2.486417e-01	1.457779e+01
3.251000e-05	-2.308127e-01	1.444053e+01
3.252000e-05	-1.997405e-01	1.435737e+01
3.253000e-05	-1.761526e-01	1.421216e+01
3.254000e-05	-1.590877e-01	1.413477e+01
3.255000e-05	-1.462532e-01	1.399945e+01
3.256000e-05	-1.302726e-01	1.384356e+01
3.257000e-05	-1.161133e-01	1.374887e+01
3.258000e-05	-1.091800e-01	1.360000e+01
3.259000e-05	-1.046587e-01	1.349374e+01
3.260000e-05	-9.588399e-02	1.335629e+01
3.261000e-05	-8.626564e-02	1.325048e+01
3.262000e-05	-8.010111e-02	1.306311e+01
3.263000e-05	-7.791419e-02	1.291466e+01
3.264000e-05	-7.514526e-02	1.278582e+01
3.265000e-05	-6.795268e-02	1.259995e+01
3.266000e-05	-6.336782e-02	1.245161e+01
3.267000e-05	-6.080505e-02	1.225258e+01
3.268000e-05	-6.083271e-02	1.213423e+01
3.269000e-05	-5.544696e-02	1.192372e+01
3.270000e-05	-5.225095e-02	1.170777e+01
3.271000e-05	-5.038754e-02	1.155276e+01
3.272000e-05	-5.199918e-02	1.133624e+01
3.273000e-05	-5.035334e-02	1.108322e+01
3.274000e-05	-4.429055e-02	1.092687e+01
3.275000e-05	-4.242927e-02	1.076624e+01
3.276000e-05	-4.217047e-02	1.050432e+01
3.277000e-05	-4.293084e-02	1.026571e+01
3.278000e-05	-3.928940e-02	1.013526e+01
3.279000e-05	-3.703360e-02	9.882135e+00
3.280000e-05	-3.686314e-02	9.661030e+00
3.281000e-05	-3.784810e-02	9.480028e+00
3.282000e-05	-3.544782e-02	9.241000e+00
3.283000e-05	-3.259527e-02	9.008973e+00
3.284000e-05	-3.058236e-02	8.725346e+00
3.285000e-05	-3.236035e-02	8.545718e+00
3.286000e-05	-3.219038e-02	8.352734e+00
3.287000e-05	-2.951118e-02	8.080056e+00
3.288000e-05	-2.799897e-02	7.787946e+00
3.289000e-05	-2.787823e-02	7.536769e+00
3.290000e-05	-2.850425e-02	7.274260e+00
3.291000e-05	-2.750346e-02	7.020499e+00
3.292000e-05	-2.596004e-02	6.795820e+00
3.293000e-05	-2.495603e-02	6.483713e+00
3.294000e-05	-2.642778e-02	6.290507e+00
3.295000e-05	-2.492194e-02	5.999421e+00
3.296000e-05	-2.210970e-02	5.725741e+00
3.297000e-05	-2.103265e-02	5.482633e+00
3.298000e-05	-2.187530e-02	5.186845e+00
3.299000e-05	-2.247627e-02	4.840554e+00
3.300000e-05	-2.104304e-02	4.626346e+00
3.301000e-05	-1.909334e-02	4.333788e+00
3.302000e-05	-1.967866e-02	3.989925e+00
3.303000e-05	-2.032216e-02	3.746844e+00
3.304000e-05	-1.942866e-02	3.524188e+00
3.305000e-05	-1.605408e-02	3.200074e+00
3.306000e-05	-1.617668e-02	2.934314e+00
3.307000e-05	-1.708725e-02	2.692136e+00
3.308000e-05	-1.803711e-02	2.366315e+00
3.309000e-05	-1.494558e-02	2.133712e+00
3.310000e-05	-1.377464e-02	1.840975e+00
3.311000e-05	-1.373830e-02	1.543813e+00
3.312000e-05	-1.483195e-02	1.292599e+00
3.313000e-05	-1.306389e-02	9.042119e-01
3.314000e-05	-1.137241e-02	6.510265e-01
3.315000e-05	-1.174526e-02	3.953958e-01
3.316000e-05	-1.045319e-02	6.213271e-02
3.317000e-05	-5.134469e-03	-2.300527e-01
3.318000e-05	6.916491e-03	-4.037092e-01
3.319000e-05	-3.254874e-03	-7.588972e-01
3.320000e-05	4.814562e-03	-9.699988e-01
3.321000e-05	-2.857704e-03	-1.285363e+00
3.322000e-05	3.606333e-03	-1.558429e+00
3.323000e-05	3.229370e-03	-1.781101e+00
3.324000e-05	4.118606e-02	-2.002133e+00
3.325000e-05	1.237593e-01	-2.306344e+00
3.326000e-05	1.057796e-03	-2.665841e+00
3.327000e-05	-3.272087e-02	-3.106746e+00
3.328000e-05	-1.983959e-02	-3.350921e+00
3.329000e-05	-3.690266e-02	-3.560996e+00
3.330000e-05	-9.056257e-02	-3.781033e+00
3.331000e-05	6.182171e-02	-3.979526e+00
3.332000e-05	7.883361e-02	-4.174107e+00
3.333000e-05	-1.339779e-01	-4.535846e+00
3.334000e-05	2.040635e-01	-4.738446e+00
3.335000e-05	-1.390275e-01	-5.036737e+00
3.336000e-05	7.315745e-02	-5.381030e+00
3.337000e-05	4.082181e-03	-5.633659e+00
3.338000e-05	-1.000375e-01	-5.959921e+00
3.339000e-05	1.756670e-01	-6.108496e+00
3.340000e-05	-1.070454e-01	-6.455254e+00
3.341000e-05	1.235832e-01	-6.737820e+00
3.342000e-05	-3.931014e-02	-6.961978e+00
3.343000e-05	-5.688741e-03	-7.288690e+00
3.344000e-05	7.161830e-02	-7.527314e+00
3.345000e-05	-8.186821e-02	-7.832032e+00
3.346000e-05	1.404036e-01	-8.064258e+00
3.347000e-05	-7.394484e-02	-8.286269e+00
3.348000e-05	9.396386e-02	-8.590876e+00
3.349000e-05	4.200229e-03	-8.760006e+00
3.350000e-05	-2.408731e-02	-9.014608e+00
3.351000e-05	6.667491e-02	-9.201103e+00
3.352000e-05	-4.010141e-02	-9.447189e+00
3.353000e-05	1.152953e-01	-9.697263e+00
3.354000e-05	-4.601908e-02	-9.896294e+00
3.355000e-05	8.899819e-02	-1.010735e+01
3.356000e-05	-2.665038e-02	-1.034240e+01
3.357000e-05	5.861374e-02	-1.054900e+01
3.358000e-05	1.729499e-02	-1.074839e+01
3.359000e-05	1.828336e-02	-1.093195e+01
3.360000e-05	5.173208e-02	-1.116042e+01
3.361000e-05	5.765262e-03	-1.137951e+01
3.362000e-05	7.045521e-02	-1.154753e+01
3.363000e-05	-8.480903e-03	-1.175995e+01
3.364000e-05	6.512586e-02	-1.194838e+01
3.365000e-05	7.348871e-03	-1.218042e+01
3.366000e-05	7.193544e-02	-1.230634e+01
3.367000e-05	1.688255e-02	-1.246689e+01
3.368000e-05	4.804909e-02	-1.263524e+01
3.369000e-05	2.919655e-02	-1.282158e+01
3.370000e-05	4.705074e-02	-1.295948e+01
3.371000e-05	4.729140e-02	-1.310729e+01
3.372000e-05	4.005536e-02	-1.323424e+01
3.373000e-05	5.566240e-02	-1.340255e+01
3.374000e-05	4.126031e-02	-1.353830e+01
3.375000e-05	6.180537e-02	-1.369517e+01
3.376000e-05	3.626133e-02	-1.379256e+01
3.377000e-05	5.706384e-02	-1.392772e+01
3.378000e-05	4.687135e-02	-1.404571e+01
3.379000e-05	6.882862e-02	-1.417948e+01
3.380000e-05	5.552819e-02	-1.427574e+01
3.381000e-05	6.304835e-02	-1.438943e+01
3.382000e-05	5.661545e-02	-1.447379e+01
3.383000e-05	6.938689e-02	-1.462256e+01
3.384000e-05	6.886367e-02	-1.466416e+01
3.385000e-05	7.066156e-02	-1.474639e+01
3.386000e-05	7.231998e-02	-1.481411e+01
3.387000e-05	7.528155e-02	-1.491574e+01
3.388000e-05	8.040783e-02	-1.497739e+01
3.389000e-05	7.598468e-02	-1.501203e+01
3.390000e-05	8.193953e-02	-1.505319e+01
3.391000e-05	8.358072e-02	-1.511524e+01
3.392000e-05	9.839270e-02	-1.511840e+01
3.393000e-05	9.395775e-02	-1.515848e+01
3.394000e-05	9.922541e-02	-1.520191e+01
3.395000e-05	9.630924e-02	-1.524113e+01
3.396000e-05	1.064523e-01	-1.524421e+01
3.397000e-05	1.093729e-01	-1.529366e+01
3.398000e-05	1.144998e-01	-1.529669e+01
3.399000e-05	1.174107e-01	-1.532574e+01
3.400000e-05	1.261379e-01	-1.529464e+01
3.401000e-05	1.344940e-01	-1.527421e+01
3.402000e-05	1.385877e-01	-1.525371e+01
3.403000e-05	1.444890e-01	-1.525266e+01
3.404000e-05	1.554581e-01	-1.522358e+01
3.405000e-05	1.731677e-01	-1.520048e+01
3.406000e-05	1.887833e-01	-1.515837e+01
3.407000e-05	2.080515e-01	-1.510474e+01
3.408000e-05	2.310475e-01	-1.508416e+01
3.409000e-05	2.479747e-01	-1.502316e+01
3.410000e-05	2.500000e-01	-1.497003e+01
3.411000e-05	2.500000e-01	-1.492432e+01
3.412000e-05	2.500000e-01	-1.485108e+01
3.413000e-05	2.500000e-01	-1.471690e+01
3.414000e-05	2.500000e-01	-1.468319e+01
3.415000e-05	2.499000e-01	-1.463053e+01
3.416000e-05	2.386777e-01	-1.451635e+01
3.417000e-05	2.104737e-01	-1.444056e+01
3.418000e-05	1.876769e-01	-1.432627e+01
3.419000e-05	1.659444e-01	-1.423258e+01
3.420000e-05	1.463054e-01	-1.414572e+01
3.421000e-05	1.296812e-01	-1.397943e+01
3.422000e-05	1.177673e-01	-1.384415e+01
3.423000e-05	1.067592e-01	-1.375682e+01
3.424000e-05	9.657831e-02	-1.359842e+01
3.425000e-05	8.637186e-02	-1.346366e+01
3.426000e-05	8.216503e-02	-1.331684e+01
3.427000e-05	7.695963e-02	-1.320943e+01
3.428000e-05	7.160400e-02	-1.309156e+01
3.429000e-05	6.294084e-02	-1.292524e+01
3.430000e-05	5.948837e-02	-1.278737e+01
3.431000e-05	5.582835e-02	-1.259000e+01
3.432000e-05	5.436345e-02	-1.242998e+01
3.433000e-05	4.942980e-02	-1.227214e+01
3.434000e-05	4.536124e-02	-1.211356e+01
3.435000e-05	4.291675e-02	-1.191471e+01
3.436000e-05	4.080157e-02	-1.171471e+01
3.437000e-05	3.729190e-02	-1.148309e+01
3.438000e-05	3.397471e-02	-1.125261e+01
3.439000e-05	3.303206e-02	-1.103156e+01
3.440000e-05	3.300980e-02	-1.085003e+01
3.441000e-05	3.099690e-02	-1.070261e+01
3.442000e-05	2.824642e-02	-1.050364e+01
3.443000e-05	2.566113e-02	-1.028168e+01
3.444000e-05	2.491392e-02	-1.005201e+01
3.445000e-05	2.349075e-02	-9.858007e+00
3.446000e-05	2.172698e-02	-9.649502e+00
3.447000e-05	2.005511e-02	-9.399400e+00
3.448000e-05	1.923209e-02	-9.164396e+00
3.449000e-05	1.853173e-02	-8.926867e+00
3.450000e-05	1.795076e-02	-8.725213e+00
3.451000e-05	1.574645e-02	-8.492552e+00
3.452000e-05	1.407641e-02	-8.220529e+00
3.453000e-05	1.395327e-02	-8.041049e+00
3.454000e-05	1.367630e-02	-7.755812e+00
3.455000e-05	1.164650e-02	-7.471532e+00
3.456000e-05	1.028373e-02	-7.218480e+00
3.457000e-05	9.110094e-03	-6.958343e+00
3.458000e-05	9.269025e-03	-6.762688e+00
3.459000e-05	7.479867e-03	-6.462109e+00
3.460000e-05	7.245870e-03	-6.226349e+00
3.461000e-05	5.793889e-03	-5.934738e+00
3.462000e-05	5.231567e-03	-5.641131e+00
3.463000e-05	5.865509e-03	-5.424397e+00
3.464000e-05	2.575856e-03	-5.101657e+00
3.465000e-05	1.813479e-03	-4.777845e+00
3.466000e-05	2.293241e-03	-4.484683e+00
3.467000e-05	2.389273e-03	-4.262184e+00
3.468000e-05	2.586467e-03	-4.047351e+00
3.469000e-05	-9.544873e-04	-3.754262e+00
3.470000e-05	-1.170657e-03	-3.491527e+00
3.471000e-05	-3.560656e-03	-3.219275e+00
3.472000e-05	-1.577868e-03	-2.893661e+00
3.473000e-05	-4.312093e-03	-2.628951e+00
3.474000e-05	-2.510844e-03	-2.363290e+00
3.475000e-05	-3.923129e-03	-2.040508e+00
3.476000e-05	-2.167276e-03	-1.765869e+00
3.477000e-05	-5.288089e-03	-1.531714e+00
3.478000e-05	-5.845008e-03	-1.155962e+00
3.479000e-05	-7.386578e-03	-9.021555e-01
3.480000e-05	-6.235468e-03	-6.173953e-01
3.481000e-05	-6.656607e-03	-3.132119e-01
3.482000e-05	-4.123948e-03	-7.052920e-02
3.483000e-05	4.820367e-03	2.140592e-01
3.484000e-05	3.500173e-03	4.963870e-01
3.485000e-05	1.768631e-03	7.584486e-01
3.486000e-05	1.759632e-03	1.043605e+00
3.487000e-05	-2.005114e-03	1.307839e+00
3.488000e-05	5.378186e-04	1.594109e+00
3.489000e-05	1.405783e-03	1.883213e+00
3.490000e-05	2.550483e-02	2.044762e+00
3.491000e-05	9.080516e-02	2.358971e+00
3.492000e-05	4.950812e-02	2.727795e+00
3.493000e-05	-5.776945e-02	3.002657e+00
3.494000e-05	-2.785046e-02	3.276238e+00
3.495000e-05	-3.704075e-02	3.570501e+00
3.496000e-05	-4.475674e-02	3.802655e+00
3.497000e-05	-8.184165e-02	3.990052e+00
3.498000e-05	6.231018e-02	4.226690e+00
3.499000e-05	2.194946e-02	4.570526e+00
3.500000e-05	-7.158812e-02	4.791454e+00
3.501000e-05	1.612048e-01	5.108870e+00
3.502000e-05	-1.312847e-01	5.474612e+00
3.503000e-05	3.531947e-02	5.665815e+00
3.504000e-05	-2.449634e-02	5.972100e+00
3.505000e-05	-1.373359e-02	6.172128e+00
3.506000e-05	4.406311e-02	6.478287e+00
3.507000e-05	-7.053172e-02	6.751075e+00
3.508000e-05	3.717660e-02	6.973604e+00
3.509000e-05	-4.965976e-02	7.246339e+00
3.510000e-05	1.555956e-02	7.570577e+00
3.511000e-05	-4.126541e-02	7.845681e+00
3.512000e-05	-1.603742e-02	8.067246e+00
3.513000e-05	2.905056e-02	8.328971e+00
3.514000e-05	-4.002170e-02	8.548974e+00
3.515000e-05	9.480909e-03	8.740445e+00
3.516000e-05	-4.941190e-02	9.023584e+00
3.517000e-05	-2.457451e-02	9.213659e+00
3.518000e-05	-3.354329e-03	9.485188e+00
3.519000e-05	-1.435087e-02	9.647193e+00
3.520000e-05	-1.785833e-02	9.948899e+00
3.521000e-05	-3.446659e-02	1.012835e+01
3.522000e-05	-2.788830e-03	1.032790e+01
3.523000e-05	-3.272536e-02	1.053935e+01
3.524000e-05	-2.527777e-02	1.074995e+01
3.525000e-05	-3.828664e-02	1.096995e+01
3.526000e-05	-2.512971e-02	1.114842e+01
3.527000e-05	-1.607044e-02	1.133947e+01
3.528000e-05	-3.447014e-02	1.155948e+01
3.529000e-05	-3.753336e-02	1.177100e+01
3.530000e-05	-4.011222e-02	1.192837e+01
3.531000e-05	-2.172751e-02	1.214939e+01
3.532000e-05	-3.106978e-02	1.227782e+01
3.533000e-05	-3.917155e-02	1.244524e+01
3.534000e-05	-4.788828e-02	1.264311e+01
3.535000e-05	-3.758429e-02	1.277006e+01
3.536000e-05	-3.631413e-02	1.294840e+01
3.537000e-05	-4.622688e-02	1.306674e+01
3.538000e-05	-5.116133e-02	1.325511e+01
3.539000e-05	-4.359244e-02	1.338058e+01
3.540000e-05	-3.961523e-02	1.352982e+01
3.541000e-05	-4.783408e-02	1.363661e+01
3.542000e-05	-6.091771e-02	1.381145e+01
3.543000e-05	-6.255849e-02	1.390674e+01
3.544000e-05	-5.312662e-02	1.399512e+01
3.545000e-05	-5.521291e-02	1.414051e+01
3.546000e-05	-6.100544e-02	1.430771e+01
3.547000e-05	-6.772341e-02	1.444201e+01
3.548000e-05	-6.316388e-02	1.448529e+01
3.549000e-05	-6.207666e-02	1.457100e+01
3.550000e-05	-7.138468e-02	1.470369e+01
3.551000e-05	-8.159519e-02	1.473685e+01
3.552000e-05	-7.782538e-02	1.483106e+01
3.553000e-05	-7.533532e-02	1.485414e+01
3.554000e-05	-7.858446e-02	1.496785e+01
3.555000e-05	-9.005058e-02	1.497048e+01
3.556000e-05	-9.709500e-02	1.508213e+01
3.557000e-05	-8.917692e-02	1.507474e+01
3.558000e-05	-9.242604e-02	1.508579e+01
3.559000e-05	-9.666323e-02	1.515940e+01
3.560000e-05	-1.071680e-01	1.520155e+01
3.561000e-05	-1.083009e-01	1.519355e+01
3.562000e-05	-1.080736e-01	1.522358e+01
3.563000e-05	-1.196994e-01	1.523461e+01
3.564000e-05	-1.293927e-01	1.522264e+01
3.565000e-05	-1.319086e-01	1.523459e+01
3.566000e-05	-1.293586e-01	1.524316e+01
3.567000e-05	-1.343298e-01	1.525353e+01
3.568000e-05	-1.477913e-01	1.525253e+01
3.569000e-05	-1.617448e-01	1.520253e+01
3.570000e-05	-1.700757e-01	1.517845e+01
3.571000e-05	-1.828380e-01	1.514089e+01
3.572000e-05	-2.035869e-01	1.512477e+01
3.573000e-05	-2.286237e-01	1.506424e+01
3.574000e-05	-2.451799e-01	1.504161e+01
3.575000e-05	-2.484000e-01	1.495045e+01
3.576000e-05	-2.500000e-01	1.494727e+01
3.577000e-05	-2.500000e-01	1.488364e+01
3.578000e-05	-2.500000e-01	1.479053e+01
3.579000e-05	-2.500000e-01	1.477732e+01
3.580000e-05	-2.500000e-01	1.466216e+01
3.581000e-05	-2.496900e-01	1.458182e+01
3.582000e-05	-2.416791e-01	1.447374e+01
3.583000e-05	-2.116577e-01	1.439898e+01
3.584000e-05	-1.845544e-01	1.431376e+01
3.585000e-05	-1.638533e-01	1.416727e+01
3.586000e-05	-1.513191e-01	1.407051e+01
3.587000e-05	-1.355796e-01	1.393524e+01
3.588000e-05	-1.219539e-01	1.376005e+01
3.589000e-05	-1.114361e-01	1.370211e+01
3.590000e-05	-1.077697e-01	1.352480e+01
3.591000e-05	-1.012024e-01	1.338945e+01
3.592000e-05	-9.040064e-02	1.327208e+01
3.593000e-05	-8.119078e-02	1.310624e+01
3.594000e-05	-7.764791e-02	1.296995e+01
3.595000e-05	-7.635237e-02	1.278740e+01
3.596000e-05	-7.135782e-02	1.266306e+01
3.597000e-05	-6.480704e-02	1.251577e+01
3.598000e-05	-6.211817e-02	1.234435e+01
3.599000e-05	-6.128858e-02	1.225835e+01
3.600000e-05	-5.911772e-02	1.201795e+01
3.601000e-05	-5.409926e-02	1.178948e+01
3.602000e-05	-5.027638e-02	1.166103e+01
3.603000e-05	-5.198809e-02	1.141840e+01
3.604000e-05	-5.013852e-02	1.120992e+01
3.605000e-05	-4.663601e-02	1.101992e+01
3.606000e-05	-4.196344e-02	1.081943e+01
3.607000e-05	-4.159453e-02	1.059148e+01
3.608000e-05	-4.285594e-02	1.039828e+01
3.609000e-05	-4.173717e-02	1.017890e+01
3.610000e-05	-3.833019e-02	1.000787e+01
3.611000e-05	-3.779452e-02	9.735744e+00
3.612000e-05	-3.751447e-02	9.532592e+00
3.613000e-05	-3.651045e-02	9.295766e+00
3.614000e-05	-3.309609e-02	9.082613e+00
3.615000e-05	-3.017075e-02	8.852002e+00
3.616000e-05	-3.159174e-02	8.650524e+00
3.617000e-05	-3.312636e-02	8.407474e+00
3.618000e-05	-3.178830e-02	8.165367e+00
3.619000e-05	-2.864228e-02	7.924787e+00
3.620000e-05	-2.768778e-02	7.700575e+00
3.621000e-05	-2.843582e-02	7.359846e+00
3.622000e-05	-2.797089e-02	7.116692e+00
3.623000e-05	-2.588243e-02	6.882583e+00
3.624000e-05	-2.453973e-02	6.628945e+00
3.625000e-05	-2.461314e-02	6.375817e+00
3.626000e-05	-2.646235e-02	6.121165e+00
3.627000e-05	-2.422692e-02	5.890003e+00
3.628000e-05	-2.162392e-02	5.556995e+00
3.629000e-05	-2.109670e-02	5.343635e+00
3.630000e-05	-2.135255e-02	5.015794e+00
3.631000e-05	-1.988366e-02	4.702158e+00
3.632000e-05	-2.001367e-02	4.450528e+00
3.633000e-05	-1.948824e-02	4.173267e+00
3.634000e-05	-2.087204e-02	3.882055e+00
3.635000e-05	-2.130673e-02	3.609477e+00
3.636000e-05	-1.930548e-02	3.335737e+00
3.637000e-05	-1.580784e-02	3.061055e+00
3.638000e-05	-1.539611e-02	2.808399e+00
3.639000e-05	-1.737064e-02	2.522186e+00
3.640000e-05	-1.562098e-02	2.228973e+00
3.641000e-05	-1.518358e-02	1.955390e+00
3.642000e-05	-1.374384e-02	1.650679e+00
3.643000e-05	-1.544947e-02	1.364917e+00
3.644000e-05	-1.403260e-02	1.068951e+00
3.645000e-05	-1.297630e-02	7.347894e-01
3.646000e-05	-1.046040e-02	4.725840e-01
3.647000e-05	-1.015553e-02	1.768213e-01
3.648000e-05	-6.950962e-03	-8.731552e-02
3.649000e-05	3.789251e-03	-3.383961e-01
3.650000e-05	2.158565e-04	-5.551015e-01
3.651000e-05	1.495061e-03	-8.657145e-01
3.652000e-05	-1.317003e-03	-1.168494e+00
3.653000e-05	-1.538110e-05	-1.455263e+00
3.654000e-05	1.375650e-03	-1.675766e+00
3.655000e-05	2.103829e-02	-1.968396e+00
3.656000e-05	8.995412e-02	-2.121575e+00
3.657000e-05	8.572485e-02	-2.508945e+00
3.658000e-05	-5.898979e-02	-2.928971e+00
3.659000e-05	9.313211e-04	-3.305815e+00
3.660000e-05	-4.654741e-02	-3.486267e+00
3.661000e-05	-5.165953e-02	-3.666765e+00
3.662000e-05	-6.315306e-02	-3.927344e+00
3.663000e-05	1.745422e-01	-4.076815e+00
3.664000e-05	-1.504172e-01	-4.351553e+00
3.665000e-05	1.340284e-01	-4.644210e+00
3.666000e-05	3.727145e-02	-4.929871e+00
3.667000e-05	-1.062168e-01	-5.286871e+00
3.668000e-05	1.498793e-01	-5.528822e+00
3.669000e-05	-1.757179e-01	-5.843684e+00
3.670000e-05	1.462363e-01	-6.033785e+00
3.671000e-05	-1.040548e-02	-6.308399e+00
3.672000e-05	5.503180e-04	-6.634212e+00
3.673000e-05	9.185296e-02	-6.824236e+00
3.674000e-05	-1.053684e-01	-7.142054e+00
3.675000e-05	1.204378e-01	-7.401608e+00
3.676000e-05	-8.230721e-02	-7.646317e+00
3.677000e-05	8.370838e-02	-7.960531e+00
3.678000e-05	2.464168e-02	-8.152503e+00
3.679000e-05	-1.786593e-02	-8.395689e+00
3.680000e-05	1.096095e-01	-8.627692e+00
3.681000e-05	-9.161435e-02	-8.938424e+00
3.682000e-05	9.147427e-02	-9.158869e+00
3.683000e-05	-5.044543e-02	-9.311000e+00
3.684000e-05	8.582591e-02	-9.612556e+00
3.685000e-05	1.097260e-02	-9.812107e+00
3.686000e-05	2.901435e-02	-9.985133e+00
3.687000e-05	4.667001e-02	-1.023266e+01
3.688000e-05	-1.202247e-02	-1.049629e+01
3.689000e-05	7.839200e-02	-1.068418e+01
3.690000e-05	-3.013876e-02	-1.087516e+01
3.691000e-05	7.718775e-02	-1.106516e+01
3.692000e-05	-1.453016e-02	-1.130624e+01
3.693000e-05	7.357805e-02	-1.146464e+01
3.694000e-05	5.508159e-03	-1.166514e+01
3.695000e-05	4.819054e-02	-1.187727e+01
3.696000e-05	2.709759e-02	-1.206521e+01
3.697000e-05	4.435280e-02	-1.225366e+01
3.698000e-05	4.897746e-02	-1.242165e+01
3.699000e-05	2.251079e-02	-1.259056e+01
3.700000e-05	4.874046e-02	-1.271740e+01
3.701000e-05	2.398896e-02	-1.289932e+01
3.702000e-05	6.218340e-02	-1.307316e+01
3.703000e-05	2.857225e-02	-1.319103e+01
3.704000e-05	6.322437e-02	-1.333982e+01
3.705000e-05	3.691073e-02	-1.347579e+01
3.706000e-05	6.393737e-02	-1.365256e+01
3.707000e-05	4.188084e-02	-1.376835e+01
3.708000e-05	5.262376e-02	-1.385621e+01
3.709000e-05	4.556572e-02	-1.397051e+01
3.710000e-05	5.929244e-02	-1.415937e+01
3.711000e-05	6.032325e-02	-1.427360e+01
3.712000e-05	5.941439e-02	-1.432942e+01
3.713000e-05	6.174629e-02	-1.445359e+01
3.714000e-05	6.286631e-02	-1.458892e+01
3.715000e-05	7.408421e-02	-1.463260e+01
3.716000e-05	6.803484e-02	-1.473629e+01
3.717000e-05	7.413590e-02	-1.483953e+01
3.718000e-05	6.998174e-02	-1.485364e+01
3.719000e-05	8.011543e-02	-1.494884e+01
3.720000e-05	7.522519e-02	-1.499103e+01
3.721000e-05	8.125356e-02	-1.504269e+01
3.722000e-05	8.110987e-02	-1.509624e+01
3.723000e-05	9.332523e-02	-1.513732e+01
3.724000e-05	9.509850e-02	-1.515846e+01
3.725000e-05	9.822294e-02	-1.519050e+01
3.726000e-05	9.883518e-02	-1.525256e+01
3.727000e-05	1.012256e-01	-1.525309e+01
3.728000e-05	1.089373e-01	-1.524371e+01
3.729000e-05	1.111458e-01	-1.529472e+01
3.730000e-05	1.171727e-01	-1.529477e+01
3.731000e-05	1.206601e-01	-1.526569e+01
3.732000e-05	1.314368e-01	-1.531419e+01
3.733000e-05	1.367409e-01	-1.529414e+01
3.734000e-05	1.433817e-01	-1.525211e+01
3.735000e-05	1.516081e-01	-1.525346e+01
3.736000e-05	1.655096e-01	-1.524058e+01
3.737000e-05	1.817080e-01	-1.515885e+01
3.738000e-05	1.983999e-01	-1.512680e+01
3.739000e-05	2.210515e-01	-1.512572e+01
3.740000e-05	2.436473e-01	-1.507366e+01
3.741000e-05	2.500000e-01	-1.502103e+01
3.742000e-05	2.500000e-01	-1.496787e+01
3.743000e-05	2.500000e-01	-1.486316e+01
3.744000e-05	2.500000e-01	-1.477938e+01
3.745000e-05	2.500000e-01	-1.471585e+01
3.746000e-05	2.500000e-01	-1.470216e+01
3.747000e-05	2.473951e-01	-1.456787e+01
3.748000e-05	2.225489e-01	-1.447169e+01
3.749000e-05	1.951745e-01	-1.436685e+01
3.750000e-05	1.737323e-01	-1.428418e+01
3.751000e-05	1.532091e-01	-1.416750e+01
3.752000e-05	1.370838e-01	-1.404264e+01
3.753000e-05	1.221298e-01	-1.395475e+01
3.754000e-05	1.119044e-01	-1.380038e+01
3.755000e-05	1.012558e-01	-1.372408e+01
3.756000e-05	9.154393e-02	-1.355579e+01
3.757000e-05	8.361259e-02	-1.340893e+01
3.758000e-05	7.834804e-02	-1.328398e+01
3.759000e-05	7.219169e-02	-1.309374e+01
3.760000e-05	6.657057e-02	-1.295787e+01
3.761000e-05	5.945561e-02	-1.283890e+01
3.762000e-05	5.773149e-02	-1.265318e+01
3.763000e-05	5.408234e-02	-1.251471e+01
3.764000e-05	5.197335e-02	-1.236527e+01
3.765000e-05	4.640194e-02	-1.218834e+01
3.766000e-05	4.389954e-02	-1.197785e+01
3.767000e-05	4.108656e-02	-1.178990e+01
3.768000e-05	3.888672e-02	-1.155647e+01
3.769000e-05	3.517473e-02	-1.134792e+01
3.770000e-05	3.359420e-02	-1.111574e+01
3.771000e-05	3.223523e-02	-1.092582e+01
3.772000e-05	3.082416e-02	-1.075632e+01
3.773000e-05	3.001647e-02	-1.056692e+01
3.774000e-05	2.642530e-02	-1.038624e+01
3.775000e-05	2.553934e-02	-1.014532e+01
3.776000e-05	2.368978e-02	-9.913690e+00
3.777000e-05	2.303944e-02	-9.754215e+00
3.778000e-05	2.088648e-02	-9.503231e+00
3.779000e-05	1.886676e-02	-9.243082e+00
3.780000e-05	1.922148e-02	-9.031529e+00
3.781000e-05	1.850340e-02	-8.859001e+00
3.782000e-05	1.636049e-02	-8.586924e+00
3.783000e-05	1.357067e-02	-8.333319e+00
3.784000e-05	1.321438e-02	-8.113716e+00
3.785000e-05	1.309052e-02	-7.820557e+00
3.786000e-05	1.301612e-02	-7.587397e+00
3.787000e-05	1.048453e-02	-7.305242e+00
3.788000e-05	9.822188e-03	-7.082161e+00
3.789000e-05	8.610149e-03	-6.797952e+00
3.790000e-05	8.873766e-03	-6.585822e+00
3.791000e-05	6.067304e-03	-6.303692e+00
3.792000e-05	6.109970e-03	-6.019580e+00
3.793000e-05	5.416087e-03	-5.788343e+00
3.794000e-05	5.598019e-03	-5.554136e+00
3.795000e-05	4.227661e-03	-5.219503e+00
3.796000e-05	2.935011e-03	-4.921607e+00
3.797000e-05	1.870255e-03	-4.589972e+00
3.798000e-05	2.260074e-03	-4.367846e+00
3.799000e-05	1.989562e-03	-4.116762e+00
3.800000e-05	6.645594e-04	-3.881051e+00
3.801000e-05	-1.722372e-03	-3.566846e+00
3.802000e-05	-1.410813e-03	-3.324182e+00
3.803000e-05	-4.604849e-03	-3.049921e+00
3.804000e-05	-1.112674e-03	-2.745264e+00
3.805000e-05	-3.740150e-03	-2.480079e+00
3.806000e-05	-2.449920e-03	-2.144819e+00
3.807000e-05	-4.335472e-03	-1.892183e+00
3.808000e-05	-2.816276e-03	-1.649500e+00
3.809000e-05	-6.002586e-03	-1.282234e+00
3.810000e-05	-6.612026e-03	-9.979460e-01
3.811000e-05	-7.885039e-03	-7.352344e-01
3.812000e-05	-7.616733e-03	-4.289501e-01
3.813000e-05	-5.897718e-03	-1.758158e-01
3.814000e-05	-1.355281e-03	1.073619e-01
3.815000e-05	9.413018e-03	4.215314e-01
3.816000e-05	-2.696208e-03	6.336865e-01
3.817000e-05	5.649512e-03	9.073146e-01
3.818000e-05	-2.471397e-03	1.192129e+00
3.819000e-05	2.234585e-03	1.467313e+00
3.820000e-05	-4.044223e-03	1.780052e+00
3.821000e-05	1.641931e-02	1.980001e+00
3.822000e-05	5.513193e-02	2.206180e+00
3.823000e-05	1.018237e-01	2.541399e+00
3.824000e-05	-4.636706e-02	2.887238e+00
3.825000e-05	-3.183372e-02	3.140399e+00
3.826000e-05	-3.982667e-02	3.447286e+00
3.827000e-05	-2.503685e-02	3.707367e+00
3.828000e-05	-8.828017e-02	3.917399e+00
3.829000e-05	-1.107156e-02	4.130519e+00
3.830000e-05	1.007132e-01	4.425734e+00
3.831000e-05	-1.150987e-01	4.718366e+00
3.832000e-05	1.298144e-01	4.970525e+00
3.833000e-05	-2.362112e-02	5.320844e+00
3.834000e-05	-6.464495e-02	5.590923e+00
3.835000e-05	4.794566e-02	5.815686e+00
3.836000e-05	-6.716563e-02	6.115845e+00
3.837000e-05	6.222132e-02	6.338421e+00
3.838000e-05	-4.789046e-02	6.625113e+00
3.839000e-05	-4.632891e-03	6.927814e+00
3.840000e-05	-9.039875e-04	7.140432e+00
3.841000e-05	-3.144076e-02	7.444186e+00
3.842000e-05	9.732511e-03	7.708865e+00
3.843000e-05	-6.406942e-02	8.012560e+00
3.844000e-05	4.032256e-02	8.233635e+00
3.845000e-05	-2.236413e-02	8.505160e+00
3.846000e-05	-1.389777e-02	8.664689e+00
3.847000e-05	-9.214792e-03	8.907791e+00
3.848000e-05	-6.365476e-02	9.139895e+00
3.849000e-05	1.736145e-02	9.370501e+00
3.850000e-05	-3.312932e-02	9.591001e+00
3.851000e-05	3.810426e-03	9.783556e+00
3.852000e-05	-4.827615e-02	1.004419e+01
3.853000e-05	-2.102790e-03	1.023476e+01
3.854000e-05	-2.128840e-02	1.044519e+01
3.855000e-05	-3.314409e-02	1.063566e+01
3.856000e-05	-2.702834e-02	1.089624e+01
3.857000e-05	-4.260271e-02	1.103516e+01
3.858000e-05	-2.968508e-03	1.126671e+01
3.859000e-05	-3.834753e-02	1.145727e+01
3.860000e-05	-2.776398e-02	1.164579e+01
3.861000e-05	-5.016839e-02	1.187576e+01
3.862000e-05	-2.090968e-02	1.207419e+01
3.863000e-05	-2.750579e-02	1.223413e+01
3.864000e-05	-3.231256e-02	1.238155e+01
3.865000e-05	-4.808354e-02	1.260152e+01
3.866000e-05	-4.404413e-02	1.270839e+01
3.867000e-05	-3.343292e-02	1.285519e+01
3.868000e-05	-4.742731e-02	1.303551e+01
3.869000e-05	-4.722922e-02	1.319898e+01
3.870000e-05	-5.264301e-02	1.332793e+01
3.871000e-05	-3.312228e-02	1.345611e+01
3.872000e-05	-4.519020e-02	1.358161e+01
3.873000e-05	-5.275855e-02	1.375777e+01
3.874000e-05	-6.584545e-02	1.385366e+01
3.875000e-05	-5.612057e-02	1.397990e+01
3.876000e-05	-5.387544e-02	1.412575e+01
3.877000e-05	-6.078036e-02	1.424511e+01
3.878000e-05	-6.843981e-02	1.434985e+01
3.879000e-05	-6.588474e-02	1.445511e+01
3.880000e-05	-5.786505e-02	1.450989e+01
3.881000e-05	-6.625140e-02	1.462203e+01
3.882000e-05	-7.410416e-02	1.470679e+01
3.883000e-05	-8.071426e-02	1.477098e+01
3.884000e-05	-7.478492e-02	1.482361e+01
3.885000e-05	-7.875300e-02	1.492524e+01
3.886000e-05	-8.819068e-02	1.493840e+01
3.887000e-05	-9.594299e-02	1.502155e+01
3.888000e-05	-9.180212e-02	1.506266e+01
3.889000e-05	-8.745970e-02	1.511627e+01
3.890000e-05	-9.475274e-02	1.510630e+01
3.891000e-05	-1.045464e-01	1.516988e+01
3.892000e-05	-1.086133e-01	1.519993e+01
3.893000e-05	-1.078209e-01	1.520263e+01
3.894000e-05	-1.134235e-01	1.526209e+01
3.895000e-05	-1.254353e-01	1.527516e+01
3.896000e-05	-1.301992e-01	1.521466e+01
3.897000e-05	-1.303647e-01	1.525416e+01
3.898000e-05	-1.314673e-01	1.527311e+01
3.899000e-05	-1.448697e-01	1.523213e+01
3.900000e-05	-1.584583e-01	1.518103e+01
3.901000e-05	-1.673090e-01	1.522048e+01
3.902000e-05	-1.748729e-01	1.514940e+01
3.903000e-05	-1.929607e-01	1.513777e+01
3.904000e-05	-2.176337e-01	1.506519e+01
3.905000e-05	-2.408791e-01	1.508514e+01
3.906000e-05	-2.494977e-01	1.501048e+01
3.907000e-05	-2.500000e-01	1.491835e+01
3.908000e-05	-2.500000e-01	1.491376e+01
3.909000e-05	-2.500000e-01	1.483256e+01
3.910000e-05	-2.500000e-01	1.476735e+01
3.911000e-05	-2.500000e-01	1.470419e+01
3.912000e-05	-2.500000e-01	1.457055e+01
3.913000e-05	-2.475624e-01	1.453579e+01
3.914000e-05	-2.246332e-01	1.441346e+01
3.915000e-05	-1.947330e-01	1.430682e+01
3.916000e-05	-1.717280e-01	1.421155e+01
3.917000e-05	-1.578714e-01	1.407359e+01
3.918000e-05	-1.431011e-01	1.397087e+01
3.919000e-05	-1.274335e-01	1.388106e+01
3.920000e-05	-1.136368e-01	1.374726e+01
3.921000e-05	-1.081974e-01	1.360090e+01
3.922000e-05	-1.032668e-01	1.346158e+01
3.923000e-05	-9.555020e-02	1.333677e+01
3.924000e-05	-8.404692e-02	1.316787e+01
3.925000e-05	-7.887892e-02	1.307150e+01
3.926000e-05	-7.704530e-02	1.285268e+01
3.927000e-05	-7.448631e-02	1.272622e+01
3.928000e-05	-6.691249e-02	1.255937e+01
3.929000e-05	-6.254777e-02	1.240896e+01
3.930000e-05	-6.146141e-02	1.222058e+01
3.931000e-05	-6.051536e-02	1.209361e+01
3.932000e-05	-5.671138e-02	1.189369e+01
3.933000e-05	-5.035246e-02	1.171567e+01
3.934000e-05	-4.993321e-02	1.148368e+01
3.935000e-05	-5.154991e-02	1.129264e+01
3.936000e-05	-5.048600e-02	1.106263e+01
3.937000e-05	-4.342561e-02	1.089282e+01
3.938000e-05	-4.218383e-02	1.069511e+01
3.939000e-05	-4.123341e-02	1.051211e+01
3.940000e-05	-4.285339e-02	1.027163e+01
3.941000e-05	-3.901729e-02	1.004103e+01
3.942000e-05	-3.683300e-02	9.810531e+00
3.943000e-05	-3.603631e-02	9.598926e+00
3.944000e-05	-3.886020e-02	9.397972e+00
3.945000e-05	-3.545800e-02	9.189372e+00
3.946000e-05	-3.257076e-02	8.946243e+00
3.947000e-05	-3.060115e-02	8.683190e+00
3.948000e-05	-3.219656e-02	8.491588e+00
3.949000e-05	-3.207321e-02	8.282631e+00
3.950000e-05	-2.921230e-02	8.017951e+00
3.951000e-05	-2.709020e-02	7.766896e+00
3.952000e-05	-2.739898e-02	7.543161e+00
3.953000e-05	-2.834378e-02	7.200030e+00
3.954000e-05	-2.651785e-02	6.976868e+00
3.955000e-05	-2.464676e-02	6.764213e+00
3.956000e-05	-2.520012e-02	6.441107e+00
3.957000e-05	-2.597224e-02	6.210024e+00
3.958000e-05	-2.521581e-02	5.977321e+00
3.959000e-05	-2.191976e-02	5.673609e+00
3.960000e-05	-2.050063e-02	5.419425e+00
3.961000e-05	-2.171283e-02	5.113637e+00
3.962000e-05	-2.235490e-02	4.786399e+00
3.963000e-05	-2.053476e-02	4.564215e+00
3.964000e-05	-1.965212e-02	4.303579e+00
3.965000e-05	-1.896155e-02	3.986971e+00
3.966000e-05	-1.961421e-02	3.733688e+00
3.967000e-05	-1.941055e-02	3.471105e+00
3.968000e-05	-1.670398e-02	3.134816e+00
3.969000e-05	-1.639691e-02	2.934634e+00
3.970000e-05	-1.692006e-02	2.647449e+00
3.971000e-05	-1.747802e-02	2.314184e+00
3.972000e-05	-1.409513e-02	2.082577e+00
3.973000e-05	-1.312809e-02	1.796395e+00
3.974000e-05	-1.300758e-02	1.462080e+00
3.975000e-05	-1.441169e-02	1.216942e+00
3.976000e-05	-1.330634e-02	8.305779e-01
3.977000e-05	-1.154119e-02	6.057910e-01
3.978000e-05	-1.082660e-02	3.326819e-01
3.979000e-05	-9.489198e-03	3.952363e-02
3.980000e-05	-3.290538e-03	-2.261356e-01
3.981000e-05	6.033320e-03	-5.072906e-01
3.982000e-05	-2.559201e-03	-7.916025e-01
3.983000e-05	3.946669e-03	-1.004158e+00
3.984000e-05	-3.346512e-03	-1.328996e+00
3.985000e-05	2.245552e-03	-1.602503e+00
3.986000e-05	6.167719e-03	-1.791606e+00
3.987000e-05	5.450402e-02	-2.024656e+00
3.988000e-05	1.277172e-01	-2.341526e+00
3.989000e-05	-3.081463e-02	-2.761578e+00
3.990000e-05	-1.561925e-02	-3.149950e+00
3.991000e-05	-3.298347e-02	-3.391578e+00
3.992000e-05	-3.539673e-02	-3.621075e+00
3.993000e-05	-1.019669e-01	-3.833113e+00
3.994000e-05	1.199289e-01	-4.021104e+00
3.995000e-05	-2.751409e-03	-4.265187e+00
3.996000e-05	-6.473352e-02	-4.561928e+00
3.997000e-05	1.861417e-01	-4.762605e+00
3.998000e-05	-1.702496e-01	-5.142474e+00
3.999000e-05	1.367687e-01	-5.424741e+00
4.000000e-05	-8.337722e-02	-5.648816e+00
4.001000e-05	-1.752612e-02	-5.991000e+00
4.002000e-05	1.371379e-01	-6.175578e+00
4.003000e-05	-1.016760e-01	-6.519349e+00
4.004000e-05	1.450780e-01	-6.759504e+00
4.005000e-05	-8.892704e-02	-7.005636e+00
4.006000e-05	5.312430e-02	-7.339824e+00
4.007000e-05	1.890903e-02	-7.541425e+00
4.008000e-05	-3.709852e-02	-7.835270e+00
4.009000e-05	1.247378e-01	-8.088261e+00
4.010000e-05	-8.480056e-02	-8.318917e+00
4.011000e-05	1.251497e-01	-8.581052e+00
4.012000e-05	-4.805207e-02	-8.784660e+00
4.013000e-05	2.390896e-02	-9.055785e+00
4.014000e-05	2.762625e-02	-9.266237e+00
4.015000e-05	-3.548191e-03	-9.488371e+00
4.016000e-05	9.482374e-02	-9.728271e+00
4.017000e-05	-3.918946e-02	-9.946924e+00
4.018000e-05	9.325839e-02	-1.013995e+01
4.019000e-05	-4.269799e-02	-1.038195e+01
4.020000e-05	8.200360e-02	-1.060053e+01
4.021000e-05	-1.092968e-02	-1.076148e+01
4.022000e-05	4.738296e-02	-1.098105e+01
4.023000e-05	2.548503e-02	-1.118203e+01
4.024000e-05	2.861780e-02	-1.138061e+01
4.025000e-05	5.184705e-02	-1.159101e+01
4.026000e-05	4.847709e-03	-1.181363e+01
4.027000e-05	5.900253e-02	-1.197358e+01
4.028000e-05	1.141427e-02	-1.219198e+01
4.029000e-05	7.350525e-02	-1.236832e+01
4.030000e-05	1.121180e-02	-1.249785e+01
4.031000e-05	5.541789e-02	-1.269674e+01
4.032000e-05	2.082701e-02	-1.280466e+01
4.033000e-05	5.659933e-02	-1.300200e+01
4.034000e-05	3.690134e-02	-1.311835e+01
4.035000e-05	5.047301e-02	-1.325774e+01
4.036000e-05	4.703509e-02	-1.343410e+01
4.037000e-05	4.843850e-02	-1.357037e+01
4.038000e-05	5.588822e-02	-1.368477e+01
4.039000e-05	4.107441e-02	-1.382158e+01
4.040000e-05	5.533643e-02	-1.392740e+01
4.041000e-05	4.770693e-02	-1.405771e+01
4.042000e-05	6.807810e-02	-1.418208e+01
4.043000e-05	5.476258e-02	-1.426679e+01
4.044000e-05	6.529907e-02	-1.442206e+01
4.045000e-05	5.643993e-02	-1.453677e+01
4.046000e-05	7.335180e-02	-1.460148e+01
4.047000e-05	6.732960e-02	-1.471516e+01
4.048000e-05	7.266918e-02	-1.476990e+01
4.049000e-05	6.875772e-02	-1.481158e+01
4.050000e-05	7.816292e-02	-1.491627e+01
4.051000e-05	7.914534e-02	-1.495842e+01
4.052000e-05	7.881207e-02	-1.502263e+01
4.053000e-05	8.048603e-02	-1.509516e+01
4.054000e-05	8.663164e-02	-1.507627e+01
4.055000e-05	9.641765e-02	-1.513940e+01
4.056000e-05	9.559840e-02	-1.517048e+01
4.057000e-05	9.900981e-02	-1.525206e+01
4.058000e-05	9.744541e-02	-1.525348e+01
4.059000e-05	1.076089e-01	-1.528214e+01
4.060000e-05	1.103991e-01	-1.529419e+01
4.061000e-05	1.156415e-01	-1.527682e+01
4.062000e-05	1.176793e-01	-1.532474e+01
4.063000e-05	1.284640e-01	-1.528472e+01
4.064000e-05	1.358884e-01	-1.528422e+01
4.065000e-05	1.406434e-01	-1.526514e+01
4.066000e-05	1.463173e-01	-1.525263e+01
4.067000e-05	1.571591e-01	-1.523208e+01
4.068000e-05	1.750019e-01	-1.518898e+01
4.069000e-05	1.912297e-01	-1.517833e+01
4.070000e-05	2.115762e-01	-1.513677e+01
4.071000e-05	2.350033e-01	-1.508366e+01
4.072000e-05	2.489850e-01	-1.503253e+01
4.073000e-05	2.500000e-01	-1.497942e+01
4.074000e-05	2.500000e-01	-1.490566e+01
4.075000e-05	2.500000e-01	-1.481053e+01
4.076000e-05	2.500000e-01	-1.477695e+01
4.077000e-05	2.500000e-01	-1.468321e+01
4.078000e-05	2.494787e-01	-1.461095e+01
4.079000e-05	2.344376e-01	-1.452577e+01
4.080000e-05	2.059755e-01	-1.445950e+01
4.081000e-05	1.838490e-01	-1.434532e+01
4.082000e-05	1.626898e-01	-1.423100e+01
4.083000e-05	1.427488e-01	-1.409416e+01
4.084000e-05	1.268273e-01	-1.397887e+01
4.085000e-05	1.155035e-01	-1.384153e+01
4.086000e-05	1.058872e-01	-1.369674e+01
4.087000e-05	9.446444e-02	-1.359935e+01
4.088000e-05	8.555776e-02	-1.348361e+01
4.089000e-05	7.987020e-02	-1.331574e+01
4.090000e-05	7.579368e-02	-1.316040e+01
4.091000e-05	6.899547e-02	-1.305153e+01
4.092000e-05	6.325588e-02	-1.287214e+01
4.093000e-05	5.877027e-02	-1.273571e+01
4.094000e-05	5.623967e-02	-1.256944e+01
4.095000e-05	5.333058e-02	-1.243743e+01
4.096000e-05	4.725014e-02	-1.227148e+01
4.097000e-05	4.422998e-02	-1.208961e+01
4.098000e-05	4.207113e-02	-1.187264e+01
4.099000e-05	4.111390e-02	-1.171210e+01
4.100000e-05	3.726986e-02	-1.144003e+01
4.101000e-05	3.439721e-02	-1.122048e+01
4.102000e-05	3.310403e-02	-1.101898e+01
4.103000e-05	3.286073e-02	-1.080005e+01
4.104000e-05	2.990426e-02	-1.067204e+01
4.105000e-05	2.721190e-02	-1.044153e+01
4.106000e-05	2.505533e-02	-1.023153e+01
4.107000e-05	2.453279e-02	-1.000950e+01
4.108000e-05	2.346258e-02	-9.817473e+00
4.109000e-05	2.168290e-02	-9.597873e+00
4.110000e-05	1.925038e-02	-9.346842e+00
4.111000e-05	1.956716e-02	-9.144790e+00
4.112000e-05	1.883634e-02	-8.905240e+00
4.113000e-05	1.766741e-02	-8.713608e+00
4.114000e-05	1.470059e-02	-8.410548e+00
4.115000e-05	1.340445e-02	-8.218948e+00
4.116000e-05	1.384563e-02	-8.006796e+00
4.117000e-05	1.285235e-02	-7.692657e+00
4.118000e-05	1.144259e-02	-7.428952e+00
4.119000e-05	9.668248e-03	-7.187448e+00
4.120000e-05	8.823073e-03	-6.883736e+00
4.121000e-05	9.050929e-03	-6.691057e+00
4.122000e-05	7.635594e-03	-6.410027e+00
4.123000e-05	5.491736e-03	-6.146791e+00
4.124000e-05	5.224063e-03	-5.891658e+00
4.125000e-05	5.534033e-03	-5.640104e+00
4.126000e-05	4.907570e-03	-5.344690e+00
4.127000e-05	2.561412e-03	-5.081050e+00
4.128000e-05	1.594503e-03	-4.725741e+00
4.129000e-05	2.833615e-03	-4.440555e+00
4.130000e-05	3.034240e-03	-4.251000e+00
4.131000e-05	2.281191e-03	-3.955399e+00
4.132000e-05	-2.426958e-03	-3.690605e+00
4.133000e-05	-5.766675e-04	-3.408501e+00
4.134000e-05	-3.092279e-03	-3.143693e+00
4.135000e-05	-1.234027e-03	-2.818603e+00
4.136000e-05	-4.375423e-03	-2.575816e+00
4.137000e-05	-2.688286e-03	-2.331210e+00
4.138000e-05	-4.132613e-03	-1.997402e+00
4.139000e-05	-2.457403e-03	-1.784641e+00
4.140000e-05	-5.796665e-03	-1.437549e+00
4.141000e-05	-6.325927e-03	-1.092661e+00
4.142000e-05	-8.368613e-03	-8.600288e-01
4.143000e-05	-5.512138e-03	-5.747657e-01
4.144000e-05	-6.376831e-03	-2.900840e-01
4.145000e-05	-5.193469e-03	-8.900131e-03
4.146000e-05	6.123321e-03	2.668446e-01
4.147000e-05	1.612935e-04	5.294701e-01
4.148000e-05	3.907124e-03	7.799777e-01
4.149000e-05	-3.899951e-04	1.106813e+00
4.150000e-05	3.757113e-04	1.370422e+00
4.151000e-05	-1.618035e-03	1.706813e+00
4.152000e-05	6.864307e-03	1.886821e+00
4.153000e-05	3.154219e-02	2.138920e+00
4.154000e-05	1.032496e-01	2.404180e+00
4.155000e-05	1.410143e-02	2.751080e+00
4.156000e-05	-4.962308e-02	3.045711e+00
4.157000e-05	-3.137408e-02	3.327946e+00
4.158000e-05	-3.196178e-02	3.612636e+00
4.159000e-05	-6.189470e-02	3.844609e+00
4.160000e-05	-6.617974e-02	4.003629e+00
4.161000e-05	9.009282e-02	4.309971e+00
4.162000e-05	-3.246539e-02	4.604106e+00
4.163000e-05	-9.834543e-03	4.854182e+00
4.164000e-05	1.227312e-01	5.171503e+00
4.165000e-05	-1.355239e-01	5.465713e+00
4.166000e-05	6.014724e-02	5.718416e+00
4.167000e-05	-5.347323e-02	6.032628e+00
4.168000e-05	1.724491e-02	6.263209e+00
4.169000e-05	1.598816e-02	6.569924e+00
4.170000e-05	-5.977821e-02	6.802532e+00
4.171000e-05	3.866123e-02	7.043740e+00
4.172000e-05	-5.559703e-02	7.318373e+00
4.173000e-05	2.753531e-02	7.593060e+00
4.174000e-05	-6.254549e-02	7.875162e+00
4.175000e-05	8.414615e-03	8.140472e+00
4.176000e-05	1.345925e-02	8.362475e+00
4.177000e-05	-3.736585e-02	8.569948e+00
4.178000e-05	1.174772e-02	8.782556e+00
4.179000e-05	-6.356470e-02	9.033709e+00
4.180000e-05	-2.550543e-03	9.276240e+00
4.181000e-05	-1.897607e-02	9.488390e+00
4.182000e-05	-4.469965e-03	9.738397e+00
4.183000e-05	-3.347395e-02	9.950925e+00
4.184000e-05	-2.070830e-02	1.015950e+01
4.185000e-05	-6.744300e-03	1.034148e+01
4.186000e-05	-3.385643e-02	1.055293e+01
4.187000e-05	-2.531586e-02	1.078248e+01
4.188000e-05	-4.359910e-02	1.101100e+01
4.189000e-05	-1.519523e-02	1.117153e+01
4.190000e-05	-2.522304e-02	1.140111e+01
4.191000e-05	-2.902853e-02	1.159301e+01
4.192000e-05	-4.379789e-02	1.180101e+01
4.193000e-05	-3.154227e-02	1.197003e+01
4.194000e-05	-2.578839e-02	1.215850e+01
4.195000e-05	-3.166719e-02	1.230895e+01
4.196000e-05	-4.264378e-02	1.251737e+01
4.197000e-05	-4.627980e-02	1.269423e+01
4.198000e-05	-3.353668e-02	1.280154e+01
4.199000e-05	-3.914895e-02	1.297997e+01
4.200000e-05	-4.578010e-02	1.311829e+01
4.201000e-05	-5.490069e-02	1.326419e+01
4.202000e-05	-3.968181e-02	1.343163e+01
4.203000e-05	-4.289378e-02	1.355742e+01
4.204000e-05	-4.845141e-02	1.365576e+01
4.205000e-05	-6.340985e-02	1.382163e+01
4.206000e-05	-5.705078e-02	1.394942e+01
4.207000e-05	-5.336974e-02	1.406511e+01
4.208000e-05	-5.578503e-02	1.419451e+01
4.209000e-05	-6.623953e-02	1.428989e+01
4.210000e-05	-6.940413e-02	1.441311e+01
4.211000e-05	-6.051002e-02	1.448727e+01
4.212000e-05	-6.484323e-02	1.458058e+01
4.213000e-05	-6.992145e-02	1.469529e+01
4.214000e-05	-8.035440e-02	1.474792e+01
4.215000e-05	-7.454598e-02	1.483411e+01
4.216000e-05	-7.679283e-02	1.489376e+01
4.217000e-05	-8.224142e-02	1.490742e+01
4.218000e-05	-9.426766e-02	1.495095e+01
4.219000e-05	-9.513705e-02	1.502161e+01
4.220000e-05	-9.012556e-02	1.506469e+01
4.221000e-05	-9.269026e-02	1.512639e+01
4.222000e-05	-1.006578e-01	1.513942e+01
4.223000e-05	-1.083627e-01	1.518103e+01
4.224000e-05	-1.063911e-01	1.521950e+01
4.225000e-05	-1.101446e-01	1.525258e+01
4.226000e-05	-1.183928e-01	1.524318e+01
4.227000e-05	-1.284372e-01	1.527421e+01
4.228000e-05	-1.304015e-01	1.525271e+01
4.229000e-05	-1.311336e-01	1.526358e+01
4.230000e-05	-1.400749e-01	1.522301e+01
4.231000e-05	-1.524989e-01	1.521211e+01
4.232000e-05	-1.640011e-01	1.522195e+01
4.233000e-05	-1.700036e-01	1.515042e+01
4.234000e-05	-1.841367e-01	1.516835e+01
4.235000e-05	-2.058869e-01	1.512629e+01
4.236000e-05	-2.320558e-01	1.513324e+01
4.237000e-05	-2.475536e-01	1.502003e+01
4.238000e-05	-2.500000e-01	1.498887e+01
4.239000e-05	-2.500000e-01	1.490730e+01
4.240000e-05	-2.500000e-01	1.488461e+01
4.241000e-05	-2.500000e-01	1.476950e+01
4.242000e-05	-2.500000e-01	1.469629e+01
4.243000e-05	-2.500000e-01	1.466311e+01
4.244000e-05	-2.494900e-01	1.454790e+01
4.245000e-05	-2.362062e-01	1.443359e+01
4.246000e-05	-2.052182e-01	1.433795e+01
4.247000e-05	-1.812208e-01	1.427211e+01
4.248000e-05	-1.616782e-01	1.414584e+01
4.249000e-05	-1.499786e-01	1.399048e+01
4.250000e-05	-1.344159e-01	1.391529e+01
4.251000e-05	-1.201658e-01	1.376035e+01
4.252000e-05	-1.103464e-01	1.363098e+01
4.253000e-05	-1.052199e-01	1.347269e+01
4.254000e-05	-9.685301e-02	1.338794e+01
4.255000e-05	-8.873686e-02	1.323148e+01
4.256000e-05	-7.961848e-02	1.309426e+01
4.257000e-05	-8.006435e-02	1.293732e+01
4.258000e-05	-7.648702e-02	1.280832e+01
4.259000e-05	-7.110357e-02	1.262060e+01
4.260000e-05	-6.322435e-02	1.249261e+01
4.261000e-05	-5.957009e-02	1.231469e+01
4.262000e-05	-5.927027e-02	1.215629e+01
4.263000e-05	-5.764669e-02	1.196735e+01
4.264000e-05	-5.417431e-02	1.178737e+01
4.265000e-05	-5.230833e-02	1.158692e+01
4.266000e-05	-5.301771e-02	1.137892e+01
4.267000e-05	-5.160798e-02	1.115632e+01
4.268000e-05	-4.454066e-02	1.096750e+01
4.269000e-05	-4.164626e-02	1.079740e+01
4.270000e-05	-3.972100e-02	1.056742e+01
4.271000e-05	-4.207113e-02	1.036627e+01
4.272000e-05	-4.147040e-02	1.015684e+01
4.273000e-05	-3.834291e-02	9.943239e+00
4.274000e-05	-3.872833e-02	9.723135e+00
4.275000e-05	-3.915066e-02	9.462587e+00
4.276000e-05	-3.723274e-02	9.281540e+00
4.277000e-05	-3.273337e-02	9.040505e+00
4.278000e-05	-2.919341e-02	8.817427e+00
4.279000e-05	-3.045836e-02	8.577420e+00
4.280000e-05	-3.192753e-02	8.336319e+00
4.281000e-05	-3.144992e-02	8.123686e+00
4.282000e-05	-2.997317e-02	7.870507e+00
4.283000e-05	-2.995708e-02	7.638899e+00
4.284000e-05	-2.933460e-02	7.366240e+00
4.285000e-05	-2.618219e-02	7.102680e+00
4.286000e-05	-2.489164e-02	6.860055e+00
4.287000e-05	-2.312424e-02	6.588316e+00
4.288000e-05	-2.580442e-02	6.294265e+00
4.289000e-05	-2.444026e-02	6.083104e+00
4.290000e-05	-2.380333e-02	5.797868e+00
4.291000e-05	-2.232021e-02	5.545219e+00
4.292000e-05	-2.231307e-02	5.289529e+00
4.293000e-05	-2.194806e-02	4.914686e+00
4.294000e-05	-2.158793e-02	4.681002e+00
4.295000e-05	-1.944418e-02	4.386424e+00
4.296000e-05	-1.973897e-02	4.134708e+00
4.297000e-05	-1.969557e-02	3.839020e+00
4.298000e-05	-1.920315e-02	3.557345e+00
4.299000e-05	-1.727419e-02	3.262156e+00
4.300000e-05	-1.645785e-02	3.028970e+00
4.301000e-05	-1.822444e-02	2.744241e+00
4.302000e-05	-1.686645e-02	2.409525e+00
4.303000e-05	-1.598255e-02	2.164390e+00
4.304000e-05	-1.477089e-02	1.903133e+00
4.305000e-05	-1.395048e-02	1.618992e+00
4.306000e-05	-1.455433e-02	1.332664e+00
4.307000e-05	-1.257191e-02	1.016343e+00
4.308000e-05	-1.195593e-02	6.925830e-01
4.309000e-05	-1.127378e-02	4.104990e-01
4.310000e-05	-1.195328e-02	1.637406e-01
4.311000e-05	-6.882844e-03	-1.284460e-01
4.312000e-05	5.431744e-03	-4.006000e-01
4.313000e-05	-2.217096e-03	-6.457905e-01
4.314000e-05	3.269977e-03	-9.284710e-01
4.315000e-05	-1.835013e-03	-1.192551e+00
4.316000e-05	2.353152e-03	-1.507346e+00
4.317000e-05	1.482591e-03	-1.770418e+00
4.318000e-05	2.888996e-02	-1.989999e+00
4.319000e-05	1.095112e-01	-2.204664e+00
4.320000e-05	4.763216e-02	-2.583604e+00
4.321000e-05	-5.034120e-02	-3.044160e+00
4.322000e-05	-5.544049e-03	-3.337339e+00
4.323000e-05	-4.397857e-02	-3.477845e+00
4.324000e-05	-6.948128e-02	-3.730421e+00
4.325000e-05	-1.120908e-02	-3.960972e+00
4.326000e-05	1.470234e-01	-4.137896e+00
4.327000e-05	-1.629244e-01	-4.445187e+00
4.328000e-05	1.851571e-01	-4.717319e+00
4.329000e-05	-5.634610e-02	-4.972124e+00
4.330000e-05	-2.209133e-02	-5.371022e+00
4.331000e-05	9.475992e-02	-5.551026e+00
4.332000e-05	-1.636946e-01	-5.886293e+00
4.333000e-05	1.781570e-01	-6.067312e+00
4.334000e-05	-7.135468e-02	-6.371504e+00
4.335000e-05	6.521515e-02	-6.714840e+00
4.336000e-05	3.342933e-02	-6.925391e+00
4.337000e-05	-6.494718e-02	-7.243736e+00
4.338000e-05	1.140026e-01	-7.435234e+00
4.339000e-05	-9.799859e-02	-7.689449e+00
4.340000e-05	1.229754e-01	-8.054108e+00
4.341000e-05	-3.237917e-02	-8.184636e+00
4.342000e-05	3.468530e-02	-8.495844e+00
4.343000e-05	6.527624e-02	-8.718944e+00
4.344000e-05	-6.994423e-02	-8.969025e+00
4.345000e-05	9.269599e-02	-9.150023e+00
4.346000e-05	-5.655292e-02	-9.403104e+00
4.347000e-05	1.131115e-01	-9.654636e+00
4.348000e-05	-2.417027e-02	-9.844633e+00
4.349000e-05	6.180625e-02	-1.006621e+01
4.350000e-05	7.988046e-03	-1.024730e+01
4.351000e-05	1.842229e-02	-1.053842e+01
4.352000e-05	5.227786e-02	-1.069672e+01
4.353000e-05	-1.261302e-02	-1.090782e+01
4.354000e-05	7.379594e-02	-1.109682e+01
4.355000e-05	-1.057063e-02	-1.129837e+01
4.356000e-05	8.162596e-02	-1.150729e+01
4.357000e-05	-7.515585e-03	-1.172042e+01
4.358000e-05	6.010673e-02	-1.192587e+01
4.359000e-05	1.271575e-02	-1.212787e+01
4.360000e-05	6.002506e-02	-1.229471e+01
4.361000e-05	3.176472e-02	-1.240464e+01
4.362000e-05	3.383321e-02	-1.263208e+01
4.363000e-05	4.003458e-02	-1.275098e+01
4.364000e-05	3.388747e-02	-1.296042e+01
4.365000e-05	5.800050e-02	-1.306476e+01
4.366000e-05	3.240638e-02	-1.320313e+01
4.367000e-05	6.137813e-02	-1.336087e+01
4.368000e-05	3.643165e-02	-1.350989e+01
4.369000e-05	6.409854e-02	-1.365371e+01
4.370000e-05	3.682332e-02	-1.375040e+01
4.371000e-05	5.506302e-02	-1.389669e+01
4.372000e-05	4.543579e-02	-1.402358e+01
4.373000e-05	6.566520e-02	-1.414840e+01
4.374000e-05	5.900520e-02	-1.427476e+01
4.375000e-05	6.123713e-02	-1.435945e+01
4.376000e-05	5.939961e-02	-1.445572e+01
4.377000e-05	6.559213e-02	-1.456943e+01
4.378000e-05	7.178833e-02	-1.462361e+01
4.379000e-05	6.776058e-02	-1.471627e+01
4.380000e-05	7.180652e-02	-1.481046e+01
4.381000e-05	7.184784e-02	-1.487522e+01
4.382000e-05	8.136729e-02	-1.491987e+01
4.383000e-05	7.526533e-02	-1.503203e+01
4.384000e-05	8.109310e-02	-1.506366e+01
4.385000e-05	8.187311e-02	-1.509719e+01
4.386000e-05	9.637698e-02	-1.509740e+01
4.387000e-05	9.601195e-02	-1.514895e+01
4.388000e-05	9.759488e-02	-1.518998e+01
4.389000e-05	9.619005e-02	-1.518318e+01
4.390000e-05	1.026919e-01	-1.529571e+01
4.391000e-05	1.090525e-01	-1.526412e+01
4.392000e-05	1.118123e-01	-1.531371e+01
4.393000e-05	1.175667e-01	-1.532519e+01
4.394000e-05	1.237176e-01	-1.529474e+01
4.395000e-05	1.344568e-01	-1.528476e+01
4.396000e-05	1.375864e-01	-1.527416e+01
4.397000e-05	1.440989e-01	-1.524158e+01
4.398000e-05	1.514544e-01	-1.523108e+01
4.399000e-05	1.690513e-01	-1.520995e+01
4.400000e-05	1.849674e-01	-1.516840e+01
4.401000e-05	2.032512e-01	-1.511732e+01
4.402000e-05	2.243732e-01	-1.511521e+01
4.403000e-05	2.456579e-01	-1.504206e+01
4.404000e-05	2.500000e-01	-1.501948e+01
4.405000e-05	2.500000e-01	-1.491735e+01
4.406000e-05	2.500000e-01	-1.482208e+01
4.407000e-05	2.500000e-01	-1.479090e+01
4.408000e-05	2.500000e-01	-1.468422e+01
4.409000e-05	2.500000e-01	-1.465101e+01
4.410000e-05	2.447006e-01	-1.457832e+01
4.411000e-05	2.162010e-01	-1.447311e+01
4.412000e-05	1.916505e-01	-1.438787e+01
4.413000e-05	1.706385e-01	-1.423209e+01
4.414000e-05	1.512002e-01	-1.415735e+01
4.415000e-05	1.326900e-01	-1.403253e+01
4.416000e-05	1.194874e-01	-1.391326e+01
4.417000e-05	1.102458e-01	-1.379883e+01
4.418000e-05	9.955096e-02	-1.366108e+01
4.419000e-05	8.928653e-02	-1.350624e+01
4.420000e-05	8.215094e-02	-1.337043e+01
4.421000e-05	7.733595e-02	-1.319948e+01
4.422000e-05	7.257838e-02	-1.310414e+01
4.423000e-05	6.536488e-02	-1.294437e+01
4.424000e-05	5.908855e-02	-1.279830e+01
4.425000e-05	5.578621e-02	-1.265203e+01
4.426000e-05	5.500142e-02	-1.248158e+01
4.427000e-05	5.052972e-02	-1.233469e+01
4.428000e-05	4.532965e-02	-1.212624e+01
4.429000e-05	4.300631e-02	-1.197625e+01
4.430000e-05	4.083489e-02	-1.173624e+01
4.431000e-05	3.887825e-02	-1.153435e+01
4.432000e-05	3.485433e-02	-1.133379e+01
4.433000e-05	3.241742e-02	-1.112521e+01
4.434000e-05	3.212977e-02	-1.089519e+01
4.435000e-05	3.060979e-02	-1.070529e+01
4.436000e-05	2.879738e-02	-1.056589e+01
4.437000e-05	2.578114e-02	-1.032426e+01
4.438000e-05	2.506105e-02	-1.007369e+01
4.439000e-05	2.390825e-02	-9.893136e+00
4.440000e-05	2.314309e-02	-9.681211e+00
4.441000e-05	1.981895e-02	-9.472054e+00
4.442000e-05	1.832606e-02	-9.168977e+00
4.443000e-05	1.846820e-02	-9.019451e+00
4.444000e-05	1.773992e-02	-8.817398e+00
4.445000e-05	1.611290e-02	-8.514266e+00
4.446000e-05	1.357842e-02	-8.281635e+00
4.447000e-05	1.372851e-02	-8.103609e+00
4.448000e-05	1.431717e-02	-7.830950e+00
4.449000e-05	1.322060e-02	-7.533767e+00
4.450000e-05	9.455298e-03	-7.282632e+00
4.451000e-05	8.396572e-03	-6.999503e+00
4.452000e-05	8.101300e-03	-6.744896e+00
4.453000e-05	9.398846e-03	-6.514742e+00
4.454000e-05	6.106344e-03	-6.291080e+00
4.455000e-05	5.209708e-03	-5.998424e+00
4.456000e-05	4.726135e-03	-5.744788e+00
4.457000e-05	6.760307e-03	-5.458952e+00
4.458000e-05	3.973012e-03	-5.156319e+00
4.459000e-05	2.226260e-03	-4.870477e+00
4.460000e-05	1.859079e-03	-4.554318e+00
4.461000e-05	2.504803e-03	-4.334814e+00
4.462000e-05	1.942422e-03	-4.071129e+00
4.463000e-05	-1.610484e-03	-3.819420e+00
4.464000e-05	-1.951141e-03	-3.524289e+00
4.465000e-05	-2.104482e-03	-3.281582e+00
4.466000e-05	-1.283916e-03	-2.954216e+00
4.467000e-05	-1.870176e-03	-2.683088e+00
4.468000e-05	-2.246071e-03	-2.419979e+00
4.469000e-05	-3.938541e-03	-2.133712e+00
4.470000e-05	-3.543625e-03	-1.851005e+00
4.471000e-05	-4.725537e-03	-1.588871e+00
4.472000e-05	-6.364452e-03	-1.259125e+00
4.473000e-05	-7.205510e-03	-9.657907e-01
4.474000e-05	-6.409025e-03	-6.996342e-01
4.475000e-05	-6.533412e-03	-3.662984e-01
4.476000e-05	-5.672279e-03	-1.126855e-01
4.477000e-05	6.132356e-04	1.600512e-01
4.478000e-05	6.848592e-03	4.561806e-01
4.479000e-05	-1.046717e-03	6.757644e-01
4.480000e-05	5.608724e-03	9.180170e-01
4.481000e-05	-3.269141e-03	1.235163e+00
4.482000e-05	9.252809e-04	1.510417e+00
4.483000e-05	-2.836213e-03	1.833580e+00
4.484000e-05	1.994263e-02	2.015102e+00
4.485000e-05	7.161261e-02	2.275740e+00
4.486000e-05	8.228683e-02	2.645209e+00
4.487000e-05	-5.709455e-02	2.920474e+00
4.488000e-05	-2.561645e-02	3.183107e+00
4.489000e-05	-3.991111e-02	3.497871e+00
4.490000e-05	-3.117926e-02	3.718953e+00
4.491000e-05	-9.063855e-02	3.939394e+00
4.492000e-05	2.228677e-02	4.181576e+00
4.493000e-05	7.478739e-02	4.489768e+00
4.494000e-05	-1.115135e-01	4.729369e+00
4.495000e-05	1.627778e-01	5.015111e+00
4.496000e-05	-8.715682e-02	5.322028e+00
4.497000e-05	-1.412083e-02	5.582674e+00
4.498000e-05	1.683576e-02	5.920342e+00
4.499000e-05	-4.778489e-02	6.150396e+00
4.500000e-05	6.110314e-02	6.384224e+00
4.501000e-05	-6.585764e-02	6.709298e+00
4.502000e-05	2.057216e-02	6.939921e+00
4.503000e-05	-2.585168e-02	7.233006e+00
4.504000e-05	-9.480246e-03	7.446147e+00
4.505000e-05	-1.380364e-02	7.749878e+00
4.506000e-05	-4.388866e-02	8.034686e+00
4.507000e-05	3.998549e-02	8.298267e+00
4.508000e-05	-3.432874e-02	8.516343e+00
4.509000e-05	-7.725215e-04	8.687818e+00
4.510000e-05	-2.750976e-02	8.928953e+00
4.511000e-05	-4.718502e-02	9.161478e+00
4.512000e-05	1.001403e-02	9.373032e+00
4.513000e-05	-2.829962e-02	9.633636e+00
4.514000e-05	-4.519701e-03	9.856237e+00
4.515000e-05	-4.380277e-02	1.008724e+01
4.516000e-05	6.004998e-04	1.031577e+01
4.517000e-05	-2.719905e-02	1.046682e+01
4.518000e-05	-2.921313e-02	1.068582e+01
4.519000e-05	-3.122478e-02	1.091792e+01
4.520000e-05	-3.439210e-02	1.107687e+01
4.521000e-05	-8.257426e-03	1.128775e+01
4.522000e-05	-4.005604e-02	1.150787e+01
4.523000e-05	-2.944897e-02	1.170737e+01
4.524000e-05	-4.673935e-02	1.191637e+01
4.525000e-05	-2.028491e-02	1.207774e+01
4.526000e-05	-3.181813e-02	1.224729e+01
4.527000e-05	-3.653745e-02	1.243361e+01
4.528000e-05	-4.575417e-02	1.261108e+01
4.529000e-05	-4.129045e-02	1.274793e+01
4.530000e-05	-3.293390e-02	1.293732e+01
4.531000e-05	-4.720248e-02	1.306569e+01
4.532000e-05	-4.762697e-02	1.320416e+01
4.533000e-05	-4.877038e-02	1.338042e+01
4.534000e-05	-3.635794e-02	1.345532e+01
4.535000e-05	-4.875084e-02	1.362208e+01
4.536000e-05	-5.801245e-02	1.372039e+01
4.537000e-05	-6.207789e-02	1.389476e+01
4.538000e-05	-5.430558e-02	1.402298e+01
4.539000e-05	-5.225655e-02	1.409838e+01
4.540000e-05	-6.306208e-02	1.427524e+01
4.541000e-05	-6.783759e-02	1.439955e+01
4.542000e-05	-6.545016e-02	1.446471e+01
4.543000e-05	-6.157408e-02	1.455042e+01
4.544000e-05	-7.029862e-02	1.463208e+01
4.545000e-05	-7.642385e-02	1.470832e+01
4.546000e-05	-7.742308e-02	1.480010e+01
4.547000e-05	-7.417040e-02	1.482466e+01
4.548000e-05	-7.848849e-02	1.492674e+01
4.549000e-05	-8.961263e-02	1.497992e+01
4.550000e-05	-9.577423e-02	1.501306e+01
4.551000e-05	-9.159656e-02	1.507524e+01
4.552000e-05	-9.129106e-02	1.510479e+01
4.553000e-05	-9.836046e-02	1.511740e+01
4.554000e-05	-1.064015e-01	1.521188e+01
4.555000e-05	-1.070312e-01	1.519096e+01
4.556000e-05	-1.075888e-01	1.522210e+01
4.557000e-05	-1.142800e-01	1.524513e+01
4.558000e-05	-1.254906e-01	1.528366e+01
4.559000e-05	-1.302478e-01	1.524568e+01
4.560000e-05	-1.312849e-01	1.526361e+01
4.561000e-05	-1.364581e-01	1.523413e+01
4.562000e-05	-1.493289e-01	1.523361e+01
4.563000e-05	-1.605247e-01	1.521206e+01
4.564000e-05	-1.656446e-01	1.517240e+01
4.565000e-05	-1.766999e-01	1.516685e+01
4.566000e-05	-1.956434e-01	1.508684e+01
4.567000e-05	-2.227571e-01	1.507374e+01
4.568000e-05	-2.428844e-01	1.502208e+01
4.569000e-05	-2.497000e-01	1.498892e+01
4.570000e-05	-2.500000e-01	1.491732e+01
4.571000e-05	-2.500000e-01	1.486419e+01
4.572000e-05	-2.500000e-01	1.482100e+01
4.573000e-05	-2.500000e-01	1.475682e+01
4.574000e-05	-2.500000e-01	1.465464e+01
4.575000e-05	-2.500000e-01	1.460992e+01
4.576000e-05	-2.460696e-01	1.452519e+01
4.577000e-05	-2.184145e-01	1.438150e+01
4.578000e-05	-1.905009e-01	1.431421e+01
4.579000e-05	-1.695800e-01	1.420045e+01
4.580000e-05	-1.555060e-01	1.408168e+01
4.581000e-05	-1.389549e-01	1.397637e+01
4.582000e-05	-1.238398e-01	1.380253e+01
4.583000e-05	-1.129912e-01	1.366264e+01
4.584000e-05	-1.078768e-01	1.357782e+01
4.585000e-05	-1.024068e-01	1.342050e+01
4.586000e-05	-9.182310e-02	1.330416e+01
4.587000e-05	-8.381682e-02	1.316680e+01
4.588000e-05	-7.857279e-02	1.305000e+01
4.589000e-05	-7.639868e-02	1.286263e+01
4.590000e-05	-7.134930e-02	1.270421e+01
4.591000e-05	-6.478212e-02	1.254677e+01
4.592000e-05	-6.260599e-02	1.238687e+01
4.593000e-05	-6.300480e-02	1.221098e+01
4.594000e-05	-6.145787e-02	1.206153e+01
4.595000e-05	-5.563499e-02	1.183158e+01
4.596000e-05	-5.124078e-02	1.166253e+01
4.597000e-05	-5.024906e-02	1.145153e+01
4.598000e-05	-4.911153e-02	1.127058e+01
4.599000e-05	-4.577847e-02	1.105151e+01
4.600000e-05	-4.195238e-02	1.088158e+01
4.601000e-05	-4.215933e-02	1.065118e+01
4.602000e-05	-4.477550e-02	1.043098e+01
4.603000e-05	-4.346355e-02	1.024055e+01
4.604000e-05	-4.032121e-02	1.003943e+01
4.605000e-05	-3.630911e-02	9.788323e+00
4.606000e-05	-3.698909e-02	9.566347e+00
4.607000e-05	-3.502219e-02	9.376869e+00
4.608000e-05	-3.373115e-02	9.145312e+00
4.609000e-05	-3.065509e-02	8.894136e+00
4.610000e-05	-3.321998e-02	8.662103e+00
4.611000e-05	-3.356281e-02	8.421529e+00
4.612000e-05	-3.316279e-02	8.240450e+00
4.613000e-05	-2.822617e-02	7.946296e+00
4.614000e-05	-2.809786e-02	7.694160e+00
4.615000e-05	-2.730933e-02	7.441550e+00
4.616000e-05	-2.755531e-02	7.157824e+00
4.617000e-05	-2.541951e-02	6.956340e+00
4.618000e-05	-2.489285e-02	6.672109e+00
4.619000e-05	-2.609471e-02	6.387923e+00
4.620000e-05	-2.545702e-02	6.166871e+00
4.621000e-05	-2.403627e-02	5.913164e+00
4.622000e-05	-2.166926e-02	5.622529e+00
4.623000e-05	-2.160162e-02	5.347394e+00
4.624000e-05	-2.249624e-02	5.060504e+00
4.625000e-05	-2.239428e-02	4.745866e+00
4.626000e-05	-2.031183e-02	4.492658e+00
4.627000e-05	-1.948984e-02	4.267319e+00
4.628000e-05	-1.979558e-02	3.933212e+00
4.629000e-05	-1.947447e-02	3.652154e+00
4.630000e-05	-1.777903e-02	3.408374e+00
4.631000e-05	-1.560993e-02	3.114713e+00
4.632000e-05	-1.783299e-02	2.861083e+00
4.633000e-05	-1.870237e-02	2.564769e+00
4.634000e-05	-1.765460e-02	2.252059e+00
4.635000e-05	-1.465238e-02	2.007473e+00
4.636000e-05	-1.427960e-02	1.774212e+00
4.637000e-05	-1.364099e-02	1.439479e+00
4.638000e-05	-1.361013e-02	1.143684e+00
4.639000e-05	-1.200876e-02	7.983686e-01
4.640000e-05	-1.073802e-02	5.547607e-01
4.641000e-05	-1.176281e-02	2.405054e-01
4.642000e-05	-9.239519e-03	-4.325656e-02
4.643000e-05	-1.043418e-03	-3.062921e-01
4.644000e-05	3.680561e-03	-5.215197e-01
4.645000e-05	-2.457788e-03	-8.331853e-01
4.646000e-05	1.818095e-03	-1.065765e+00
4.647000e-05	-1.269181e-03	-1.392608e+00
4.648000e-05	3.927062e-03	-1.654237e+00
4.649000e-05	1.271650e-02	-1.885690e+00
4.650000e-05	6.966540e-02	-2.097338e+00
4.651000e-05	1.159392e-01	-2.434787e+00
4.652000e-05	-5.230655e-02	-2.795237e+00
4.653000e-05	-4.059855e-03	-3.212634e+00
4.654000e-05	-4.433084e-02	-3.423662e+00
4.655000e-05	-3.814460e-02	-3.632209e+00
4.656000e-05	-9.613246e-02	-3.846290e+00
4.657000e-05	1.643770e-01	-4.022634e+00
4.658000e-05	-8.555726e-02	-4.338942e+00
4.659000e-05	3.504732e-02	-4.623105e+00
4.660000e-05	1.353988e-01	-4.825157e+00
4.661000e-05	-1.601418e-01	-5.225582e+00
4.662000e-05	1.641267e-01	-5.456713e+00
4.663000e-05	-1.469185e-01	-5.730028e+00
4.664000e-05	6.723213e-02	-6.013061e+00
4.665000e-05	6.898132e-02	-6.245236e+00
4.666000e-05	-6.522084e-02	-6.582581e+00
4.667000e-05	1.368390e-01	-6.803129e+00
4.668000e-05	-1.129524e-01	-7.078744e+00
4.669000e-05	9.843880e-02	-7.392375e+00
4.670000e-05	-3.595364e-02	-7.572704e+00
4.671000e-05	2.100819e-02	-7.898870e+00
4.672000e-05	8.461626e-02	-8.147896e+00
4.673000e-05	-6.726893e-02	-8.353103e+00
4.674000e-05	1.315061e-01	-8.633106e+00
4.675000e-05	-8.220733e-02	-8.887237e+00
4.676000e-05	6.806254e-02	-9.096787e+00
4.677000e-05	-1.372794e-02	-9.306818e+00
4.678000e-05	4.206718e-02	-9.570447e+00
4.679000e-05	5.663362e-02	-9.750477e+00
4.680000e-05	-1.302051e-02	-9.971979e+00
4.681000e-05	7.797484e-02	-1.019106e+01
4.682000e-05	-3.929452e-02	-1.041619e+01
4.683000e-05	8.875014e-02	-1.065261e+01
4.684000e-05	-2.839016e-02	-1.080566e+01
4.685000e-05	6.962583e-02	-1.104213e+01
4.686000e-05	2.428378e-03	-1.119454e+01
4.687000e-05	5.360795e-02	-1.142458e+01
4.688000e-05	2.879801e-02	-1.160363e+01
4.689000e-05	2.418102e-02	-1.185579e+01
4.690000e-05	4.499738e-02	-1.199371e+01
4.691000e-05	2.394951e-02	-1.224253e+01
4.692000e-05	6.442827e-02	-1.236048e+01
4.693000e-05	1.157823e-02	-1.258997e+01
4.694000e-05	5.599208e-02	-1.271787e+01
4.695000e-05	1.895492e-02	-1.284776e+01
4.696000e-05	6.427426e-02	-1.300363e+01
4.697000e-05	3.062601e-02	-1.313895e+01
4.698000e-05	5.783465e-02	-1.329777e+01
4.699000e-05	4.049339e-02	-1.342368e+01
4.700000e-05	5.665017e-02	-1.358190e+01
4.701000e-05	4.825977e-02	-1.373784e+01
4.702000e-05	4.552483e-02	-1.386318e+01
4.703000e-05	5.037451e-02	-1.398093e+01
4.704000e-05	5.402853e-02	-1.411780e+01
4.705000e-05	6.590293e-02	-1.420410e+01
4.706000e-05	5.645205e-02	-1.429735e+01
4.707000e-05	6.407537e-02	-1.444406e+01
4.708000e-05	5.878981e-02	-1.452840e+01
4.709000e-05	7.430111e-02	-1.461253e+01
4.710000e-05	6.611594e-02	-1.468674e+01
4.711000e-05	7.339040e-02	-1.476898e+01
4.712000e-05	6.924241e-02	-1.486418e+01
4.713000e-05	8.000800e-02	-1.490834e+01
4.714000e-05	7.603182e-02	-1.499090e+01
4.715000e-05	7.899953e-02	-1.504309e+01
4.716000e-05	8.141595e-02	-1.507421e+01
4.717000e-05	8.947724e-02	-1.511684e+01
4.718000e-05	9.682318e-02	-1.514845e+01
4.719000e-05	9.499625e-02	-1.519953e+01
4.720000e-05	9.883654e-02	-1.521161e+01
4.721000e-05	9.933520e-02	-1.522414e+01
4.722000e-05	1.068418e-01	-1.525566e+01
4.723000e-05	1.088223e-01	-1.528472e+01
4.724000e-05	1.158531e-01	-1.533719e+01
4.725000e-05	1.208768e-01	-1.530425e+01
4.726000e-05	1.332925e-01	-1.530381e+01
4.727000e-05	1.360378e-01	-1.528466e+01
4.728000e-05	1.429039e-01	-1.525361e+01
4.729000e-05	1.465030e-01	-1.523258e+01
4.730000e-05	1.597820e-01	-1.522313e+01
4.731000e-05	1.747388e-01	-1.517040e+01
4.732000e-05	1.935791e-01	-1.514742e+01
4.733000e-05	2.169656e-01	-1.511529e+01
4.734000e-05	2.406188e-01	-1.504361e+01
4.735000e-05	2.494000e-01	-1.502058e+01
4.736000e-05	2.500000e-01	-1.495798e+01
4.737000e-05	2.500000e-01	-1.487521e+01
4.738000e-05	2.500000e-01	-1.480160e+01
4.739000e-05	2.500000e-01	-1.474585e+01
4.740000e-05	2.500000e-01	-1.468361e+01
4.741000e-05	2.482307e-01	-1.457892e+01
4.742000e-05	2.304072e-01	-1.450319e+01
4.743000e-05	2.027681e-01	-1.440993e+01
4.744000e-05	1.807526e-01	-1.428374e+01
4.745000e-05	1.590809e-01	-1.417940e+01
4.746000e-05	1.394365e-01	-1.406466e+01
4.747000e-05	1.238490e-01	-1.395885e+01
4.748000e-05	1.123015e-01	-1.384208e+01
4.749000e-05	1.018589e-01	-1.371421e+01
4.750000e-05	9.194679e-02	-1.356842e+01
4.751000e-05	8.545901e-02	-1.345166e+01
4.752000e-05	8.015768e-02	-1.332317e+01
4.753000e-05	7.604957e-02	-1.315687e+01
4.754000e-05	6.802590e-02	-1.300948e+01
4.755000e-05	6.118117e-02	-1.288156e+01
4.756000e-05	5.706415e-02	-1.272466e+01
4.757000e-05	5.473317e-02	-1.252590e+01
4.758000e-05	5.174967e-02	-1.241780e+01
4.759000e-05	4.709783e-02	-1.221845e+01
4.760000e-05	4.367114e-02	-1.201998e+01
4.761000e-05	4.232321e-02	-1.183153e+01
4.762000e-05	4.042827e-02	-1.162852e+01
4.763000e-05	3.653006e-02	-1.142795e+01
4.764000e-05	3.334734e-02	-1.115783e+01
4.765000e-05	3.238558e-02	-1.098738e+01
4.766000e-05	3.154819e-02	-1.082890e+01
4.767000e-05	3.055927e-02	-1.060845e+01
4.768000e-05	2.645150e-02	-1.043798e+01
4.769000e-05	2.467163e-02	-1.022732e+01
4.770000e-05	2.445624e-02	-9.946300e+00
4.771000e-05	2.384794e-02	-9.737369e+00
4.772000e-05	2.185254e-02	-9.596219e+00
4.773000e-05	2.031140e-02	-9.304688e+00
4.774000e-05	1.847564e-02	-9.112158e+00
4.775000e-05	1.772414e-02	-8.872657e+00
4.776000e-05	1.622661e-02	-8.610952e+00
4.777000e-05	1.402034e-02	-8.377422e+00
4.778000e-05	1.368406e-02	-8.156845e+00
4.779000e-05	1.411338e-02	-7.925293e+00
4.780000e-05	1.513432e-02	-7.680556e+00
4.781000e-05	1.225741e-02	-7.407319e+00
4.782000e-05	1.011511e-02	-7.154717e+00
4.783000e-05	7.826694e-03	-6.831057e+00
4.784000e-05	8.383991e-03	-6.627524e+00
4.785000e-05	5.150343e-03	-6.398322e+00
4.786000e-05	6.541210e-03	-6.114110e+00
4.787000e-05	3.817431e-03	-5.849930e+00
4.788000e-05	5.834934e-03	-5.527895e+00
4.789000e-05	4.652490e-03	-5.322609e+00
4.790000e-05	4.011403e-03	-4.994799e+00
4.791000e-05	2.864214e-03	-4.640604e+00
4.792000e-05	3.126505e-03	-4.440003e+00
4.793000e-05	1.010961e-03	-4.176898e+00
4.794000e-05	1.591226e-03	-3.954214e+00
4.795000e-05	-2.625119e-03	-3.618451e+00
4.796000e-05	-1.778097e-03	-3.396816e+00
4.797000e-05	-4.397450e-03	-3.112537e+00
4.798000e-05	-1.364909e-03	-2.776897e+00
4.799000e-05	-3.829761e-03	-2.514759e+00
4.800000e-05	-1.781331e-03	-2.227452e+00
4.801000e-05	-2.886646e-03	-1.944241e+00
4.802000e-05	-2.970450e-03	-1.672582e+00
4.803000e-05	-5.144392e-03	-1.415797e+00
4.804000e-05	-7.312828e-03	-1.061009e+00
4.805000e-05	-8.540645e-03	-8.184248e-01
4.806000e-05	-7.413888e-03	-5.216103e-01
4.807000e-05	-5.653725e-03	-2.193974e-01
4.808000e-05	-2.842754e-03	3.368302e-02
4.809000e-05	9.252582e-03	3.704736e-01
4.810000e-05	-8.645877e-04	5.915276e-01
4.811000e-05	5.632319e-03	8.222053e-01
4.812000e-05	-3.054594e-03	1.149501e+00
4.813000e-05	1.677739e-04	1.402679e+00
4.814000e-05	-3.428058e-03	1.728946e+00
4.815000e-05	1.059867e-02	1.938447e+00
4.816000e-05	4.052415e-02	2.181550e+00
4.817000e-05	1.075380e-01	2.457266e+00
4.818000e-05	-1.816943e-02	2.812607e+00
4.819000e-05	-4.084751e-02	3.106838e+00
4.820000e-05	-3.595789e-02	3.401529e+00
4.821000e-05	-2.672994e-02	3.694233e+00
4.822000e-05	-7.687771e-02	3.876214e+00
4.823000e-05	-4.462503e-02	4.076362e+00
4.824000e-05	1.056483e-01	4.373000e+00
4.825000e-05	-8.258343e-02	4.675188e+00
4.826000e-05	6.019495e-02	4.917888e+00
4.827000e-05	5.849871e-02	5.265261e+00
4.828000e-05	-1.123953e-01	5.517341e+00
4.829000e-05	6.582809e-02	5.770504e+00
4.830000e-05	-6.781532e-02	6.045213e+00
4.831000e-05	4.482008e-02	6.265717e+00
4.832000e-05	-1.539664e-02	6.592153e+00
4.833000e-05	-3.734492e-02	6.845183e+00
4.834000e-05	2.406093e-02	7.115844e+00
4.835000e-05	-5.090243e-02	7.381477e+00
4.836000e-05	2.581818e-02	7.654762e+00
4.837000e-05	-7.079146e-02	7.917374e+00
4.838000e-05	2.967486e-02	8.162008e+00
4.839000e-05	-3.715352e-03	8.412556e+00
4.840000e-05	-2.788460e-02	8.623562e+00
4.841000e-05	5.597833e-03	8.815159e+00
4.842000e-05	-6.819576e-02	9.106817e+00
4.843000e-05	1.120381e-02	9.317848e+00
4.844000e-05	-2.776187e-02	9.509375e+00
4.845000e-05	1.643661e-03	9.782025e+00
4.846000e-05	-4.275258e-02	9.992604e+00
4.847000e-05	-1.119657e-02	1.019203e+01
4.848000e-05	-1.234555e-02	1.042108e+01
4.849000e-05	-3.513894e-02	1.061103e+01
4.850000e-05	-2.493968e-02	1.081411e+01
4.851000e-05	-4.452149e-02	1.100463e+01
4.852000e-05	-6.690922e-03	1.121413e+01
4.853000e-05	-3.363106e-02	1.142169e+01
4.854000e-05	-2.671112e-02	1.158616e+01
4.855000e-05	-4.910384e-02	1.183461e+01
4.856000e-05	-2.535093e-02	1.201358e+01
4.857000e-05	-2.767631e-02	1.219253e+01
4.858000e-05	-3.233714e-02	1.236045e+01
4.859000e-05	-4.495414e-02	1.257842e+01
4.860000e-05	-4.525800e-02	1.270469e+01
4.861000e-05	-3.163817e-02	1.284311e+01
4.862000e-05	-4.337179e-02	1.301155e+01
4.863000e-05	-4.599978e-02	1.310992e+01
4.864000e-05	-5.412275e-02	1.329579e+01
4.865000e-05	-3.532319e-02	1.345366e+01
4.866000e-05	-4.506773e-02	1.354853e+01
4.867000e-05	-5.117399e-02	1.372722e+01
4.868000e-05	-6.496975e-02	1.384368e+01
4.869000e-05	-5.607869e-02	1.392937e+01
4.870000e-05	-5.127711e-02	1.412676e+01
4.871000e-05	-5.827379e-02	1.424241e+01
4.872000e-05	-6.615653e-02	1.432695e+01
4.873000e-05	-6.902274e-02	1.443264e+01
4.874000e-05	-5.961599e-02	1.453877e+01
4.875000e-05	-6.732309e-02	1.457056e+01
4.876000e-05	-7.245158e-02	1.472677e+01
4.877000e-05	-8.072154e-02	1.475943e+01
4.878000e-05	-7.297333e-02	1.482306e+01
4.879000e-05	-7.613449e-02	1.488577e+01
4.880000e-05	-8.472051e-02	1.496834e+01
4.881000e-05	-9.499797e-02	1.498103e+01
4.882000e-05	-9.416795e-02	1.505314e+01
4.883000e-05	-8.844106e-02	1.509621e+01
4.884000e-05	-9.470767e-02	1.516677e+01
4.885000e-05	-1.021465e-01	1.515040e+01
4.886000e-05	-1.098477e-01	1.521048e+01
4.887000e-05	-1.053814e-01	1.520248e+01
4.888000e-05	-1.115504e-01	1.520166e+01
4.889000e-05	-1.212928e-01	1.523373e+01
4.890000e-05	-1.305812e-01	1.523369e+01
4.891000e-05	-1.297998e-01	1.525409e+01
4.892000e-05	-1.316798e-01	1.522318e+01
4.893000e-05	-1.426562e-01	1.520558e+01
4.894000e-05	-1.562032e-01	1.523208e+01
4.895000e-05	-1.653614e-01	1.519050e+01
4.896000e-05	-1.723076e-01	1.515998e+01
4.897000e-05	-1.875877e-01	1.511537e+01
4.898000e-05	-2.124891e-01	1.510422e+01
4.899000e-05	-2.361913e-01	1.505469e+01
4.900000e-05	-2.486799e-01	1.503098e+01
4.901000e-05	-2.500000e-01	1.498885e+01
4.902000e-05	-2.500000e-01	1.492572e+01
4.903000e-05	-2.500000e-01	1.485218e+01
4.904000e-05	-2.500000e-01	1.475940e+01
4.905000e-05	-2.500000e-01	1.473671e+01
4.906000e-05	-2.500000e-01	1.462206e+01
4.907000e-05	-2.489530e-01	1.452579e+01
4.908000e-05	-2.304458e-01	1.445218e+01
4.909000e-05	-2.002866e-01	1.433889e+01
4.910000e-05	-1.760963e-01	1.424198e+01
4.911000e-05	-1.605578e-01	1.410681e+01
4.912000e-05	-1.470257e-01	1.400987e+01
4.913000e-05	-1.309608e-01	1.388416e+01
4.914000e-05	-1.171114e-01	1.371682e+01
4.915000e-05	-1.097822e-01	1.359103e+01
4.916000e-05	-1.043137e-01	1.346356e+01
4.917000e-05	-9.593419e-02	1.335882e+01
4.918000e-05	-8.586852e-02	1.318940e+01
4.919000e-05	-8.067281e-02	1.306373e+01
4.920000e-05	-7.826018e-02	1.292484e+01
4.921000e-05	-7.527056e-02	1.274732e+01
4.922000e-05	-6.864267e-02	1.258843e+01
4.923000e-05	-6.354970e-02	1.245103e+01
4.924000e-05	-6.234574e-02	1.227311e+01
4.925000e-05	-6.147812e-02	1.213326e+01
4.926000e-05	-5.670094e-02	1.189619e+01
4.927000e-05	-5.219795e-02	1.175622e+01
4.928000e-05	-5.006284e-02	1.156524e+01
4.929000e-05	-5.202760e-02	1.133629e+01
4.930000e-05	-4.855158e-02	1.112577e+01
4.931000e-05	-4.532467e-02	1.091529e+01
4.932000e-05	-4.267621e-02	1.072577e+01
4.933000e-05	-4.293404e-02	1.053379e+01
4.934000e-05	-4.208276e-02	1.030419e+01
4.935000e-05	-3.944353e-02	1.009376e+01
4.936000e-05	-3.714555e-02	9.862209e+00
4.937000e-05	-3.669131e-02	9.693028e+00
4.938000e-05	-3.763980e-02	9.421501e+00
4.939000e-05	-3.560674e-02	9.248877e+00
4.940000e-05	-3.285763e-02	8.958444e+00
4.941000e-05	-3.104386e-02	8.756292e+00
4.942000e-05	-3.172606e-02	8.565315e+00
4.943000e-05	-3.260771e-02	8.284664e+00
4.944000e-05	-2.984391e-02	8.043009e+00
4.945000e-05	-2.877660e-02	7.808953e+00
4.946000e-05	-2.770287e-02	7.556691e+00
4.947000e-05	-2.799702e-02	7.301608e+00
4.948000e-05	-2.633827e-02	7.038450e+00
4.949000e-05	-2.646864e-02	6.786296e+00
4.950000e-05	-2.505331e-02	6.524185e+00
4.951000e-05	-2.639779e-02	6.241579e+00
4.952000e-05	-2.500319e-02	6.028476e+00
4.953000e-05	-2.316033e-02	5.765247e+00
4.954000e-05	-2.125007e-02	5.462156e+00
4.955000e-05	-2.153430e-02	5.217846e+00
4.956000e-05	-2.224210e-02	4.831654e+00
4.957000e-05	-2.126801e-02	4.599894e+00
4.958000e-05	-2.038583e-02	4.345271e+00
4.959000e-05	-1.981051e-02	4.049107e+00
4.960000e-05	-1.954949e-02	3.768267e+00
4.961000e-05	-1.829631e-02	3.523616e+00
4.962000e-05	-1.721676e-02	3.220951e+00
4.963000e-05	-1.744660e-02	2.974313e+00
4.964000e-05	-1.795578e-02	2.733132e+00
4.965000e-05	-1.635026e-02	2.406346e+00
4.966000e-05	-1.565134e-02	2.092688e+00
4.967000e-05	-1.448214e-02	1.899030e+00
4.968000e-05	-1.501184e-02	1.534741e+00
4.969000e-05	-1.378864e-02	1.260532e+00
4.970000e-05	-1.278329e-02	9.232858e-01
4.971000e-05	-1.219365e-02	6.590064e-01
4.972000e-05	-1.164298e-02	3.580198e-01
4.973000e-05	-9.762400e-03	5.205410e-02
4.974000e-05	-4.375637e-03	-1.605526e-01
4.975000e-05	5.686717e-03	-4.741591e-01
4.976000e-05	-4.733371e-03	-7.484470e-01
4.977000e-05	3.559467e-03	-9.620487e-01
4.978000e-05	-2.055516e-03	-1.226237e+00
4.979000e-05	2.673793e-03	-1.550546e+00
4.980000e-05	2.507064e-03	-1.790475e+00
4.981000e-05	3.958832e-02	-2.012629e+00
4.982000e-05	1.248838e-01	-2.298317e+00
4.983000e-05	7.932978e-03	-2.635786e+00
4.984000e-05	-3.559489e-02	-3.068345e+00
4.985000e-05	-1.979062e-02	-3.390971e+00
4.986000e-05	-3.806099e-02	-3.558971e+00
4.987000e-05	-8.913476e-02	-3.783624e+00
4.988000e-05	5.244348e-02	-3.980573e+00
4.989000e-05	8.843114e-02	-4.171004e+00
4.990000e-05	-1.395649e-01	-4.526822e+00
4.991000e-05	1.992757e-01	-4.737470e+00
4.992000e-05	-1.281173e-01	-5.023811e+00
4.993000e-05	6.280675e-02	-5.381506e+00
4.994000e-05	1.487863e-02	-5.593735e+00
4.995000e-05	-1.099694e-01	-5.910794e+00
4.996000e-05	1.764928e-01	-6.150374e+00
4.997000e-05	-1.038051e-01	-6.436215e+00
4.998000e-05	1.151263e-01	-6.748319e+00
4.999000e-05	-3.029293e-02	-6.950471e+00
