# 260604_11:23:19.815993
t	CH1	CH2
0.000000e+00	-1.063411e-02	6.622077e-01
1.000000e-08	-9.874000e-03	3.790987e-01
2.000000e-08	-8.488193e-03	9.338803e-02
3.000000e-08	-4.360157e-03	-1.788963e-01
4.000000e-08	7.287460e-03	-3.910478e-01
5.000000e-08	-4.985884e-03	-7.163372e-01
6.000000e-08	3.353562e-03	-9.893199e-01
7.000000e-08	-4.227814e-03	-1.263028e+00
8.000000e-08	3.754530e-03	-1.568369e+00
9.000000e-08	2.071628e-03	-1.789872e+00
1.000000e-07	3.871319e-02	-1.990501e+00
1.100000e-07	1.273268e-01	-2.274657e+00
1.200000e-07	5.618416e-03	-2.685082e+00
1.300000e-07	-3.502237e-02	-3.114083e+00
1.400000e-07	-1.917548e-02	-3.389369e+00
1.500000e-07	-4.045551e-02	-3.579892e+00
1.600000e-07	-9.196750e-02	-3.800476e+00
1.700000e-07	5.292396e-02	-4.009929e+00
1.800000e-07	8.759964e-02	-4.200425e+00
1.900000e-07	-1.350766e-01	-4.534690e+00
2.000000e-07	2.202149e-01	-4.775846e+00
2.100000e-07	-1.320710e-01	-5.093606e+00
2.200000e-07	6.720694e-02	-5.461624e+00
2.300000e-07	5.392091e-03	-5.671530e+00
2.400000e-07	-1.079494e-01	-5.987367e+00
2.500000e-07	1.832138e-01	-6.148471e+00
2.600000e-07	-1.151542e-01	-6.492112e+00
2.700000e-07	1.240997e-01	-6.766845e+00
2.800000e-07	-4.085865e-02	-6.988397e+00
2.900000e-07	-1.114748e-02	-7.356261e+00
3.000000e-07	7.870714e-02	-7.565313e+00
3.100000e-07	-8.805734e-02	-7.862105e+00
3.200000e-07	1.495730e-01	-8.094238e+00
3.300000e-07	-8.375635e-02	-8.366286e+00
3.400000e-07	9.505437e-02	-8.607098e+00
3.500000e-07	-3.279228e-03	-8.858525e+00
3.600000e-07	-2.800433e-02	-9.082156e+00
3.700000e-07	6.911686e-02	-9.272085e+00
3.800000e-07	-4.690175e-02	-9.532185e+00
3.900000e-07	1.232670e-01	-9.775740e+00
4.000000e-07	-5.563100e-02	-9.988817e+00
4.100000e-07	9.588748e-02	-1.018599e+01
4.200000e-07	-3.730984e-02	-1.044745e+01
4.300000e-07	6.156806e-02	-1.062960e+01
4.400000e-07	1.070974e-02	-1.082890e+01
4.500000e-07	1.745368e-02	-1.103757e+01
4.600000e-07	4.921324e-02	-1.121655e+01
4.700000e-07	2.168186e-04	-1.143908e+01
4.800000e-07	7.284540e-02	-1.163900e+01
4.900000e-07	-1.474054e-02	-1.189863e+01
5.000000e-07	6.928569e-02	-1.204863e+01
5.100000e-07	-2.014893e-03	-1.224813e+01
5.200000e-07	7.464422e-02	-1.240845e+01
5.300000e-07	8.505614e-03	-1.256547e+01
5.400000e-07	4.848727e-02	-1.275534e+01
5.500000e-07	2.127941e-02	-1.288174e+01
5.600000e-07	4.625835e-02	-1.307865e+01
5.700000e-07	4.326211e-02	-1.319497e+01
5.800000e-07	3.883055e-02	-1.335444e+01
5.900000e-07	5.240097e-02	-1.349976e+01
6.000000e-07	3.800219e-02	-1.365860e+01
6.100000e-07	5.950617e-02	-1.377447e+01
6.200000e-07	3.242361e-02	-1.392231e+01
6.300000e-07	5.433185e-02	-1.405760e+01
6.400000e-07	3.986332e-02	-1.418399e+01
6.500000e-07	6.606025e-02	-1.432021e+01
6.600000e-07	5.006416e-02	-1.442592e+01
6.700000e-07	6.163821e-02	-1.451118e+01
6.800000e-07	5.283421e-02	-1.461357e+01
6.900000e-07	6.798200e-02	-1.471971e+01
7.000000e-07	6.462264e-02	-1.481495e+01
7.100000e-07	6.704315e-02	-1.487923e+01
7.200000e-07	6.568511e-02	-1.491181e+01
7.300000e-07	7.072205e-02	-1.498609e+01
7.400000e-07	7.564218e-02	-1.507826e+01
7.500000e-07	7.251603e-02	-1.517337e+01
7.600000e-07	7.696475e-02	-1.519492e+01
7.700000e-07	7.972542e-02	-1.525657e+01
7.800000e-07	9.243556e-02	-1.529975e+01
7.900000e-07	8.950020e-02	-1.533129e+01
8.000000e-07	9.404808e-02	-1.534293e+01
8.100000e-07	9.204559e-02	-1.540392e+01
8.200000e-07	1.023443e-01	-1.540397e+01
8.300000e-07	1.050906e-01	-1.539652e+01
8.400000e-07	1.096731e-01	-1.543661e+01
8.500000e-07	1.122331e-01	-1.543760e+01
8.600000e-07	1.207425e-01	-1.542463e+01
8.700000e-07	1.292382e-01	-1.541510e+01
8.800000e-07	1.331219e-01	-1.539402e+01
8.900000e-07	1.397480e-01	-1.538454e+01
9.000000e-07	1.496543e-01	-1.535291e+01
9.100000e-07	1.678770e-01	-1.535336e+01
9.200000e-07	1.839264e-01	-1.528076e+01
9.300000e-07	2.050536e-01	-1.526715e+01
9.400000e-07	2.296445e-01	-1.525612e+01
9.500000e-07	2.498705e-01	-1.520352e+01
9.600000e-07	2.500000e-01	-1.511988e+01
9.700000e-07	2.500000e-01	-1.506720e+01
9.800000e-07	2.500000e-01	-1.495344e+01
9.900000e-07	2.500000e-01	-1.493034e+01
1.000000e-06	2.500000e-01	-1.484860e+01
1.010000e-06	2.495800e-01	-1.478337e+01
1.020000e-06	2.351014e-01	-1.466928e+01
1.030000e-06	2.028955e-01	-1.457502e+01
1.040000e-06	1.786344e-01	-1.447871e+01
1.050000e-06	1.570792e-01	-1.436352e+01
1.060000e-06	1.370292e-01	-1.426830e+01
1.070000e-06	1.205921e-01	-1.416194e+01
1.080000e-06	1.104977e-01	-1.401615e+01
1.090000e-06	1.015229e-01	-1.389833e+01
1.100000e-06	9.222255e-02	-1.374291e+01
1.110000e-06	8.258807e-02	-1.362513e+01
1.120000e-06	7.617004e-02	-1.346926e+01
1.130000e-06	7.010138e-02	-1.331194e+01
1.140000e-06	6.370057e-02	-1.320457e+01
1.150000e-06	5.618502e-02	-1.306720e+01
1.160000e-06	5.300473e-02	-1.287928e+01
1.170000e-06	5.272128e-02	-1.272189e+01
1.180000e-06	5.088869e-02	-1.254301e+01
1.190000e-06	4.692974e-02	-1.241710e+01
1.200000e-06	4.155765e-02	-1.225602e+01
1.210000e-06	3.861723e-02	-1.206815e+01
1.220000e-06	3.585494e-02	-1.182568e+01
1.230000e-06	3.415275e-02	-1.164718e+01
1.240000e-06	3.008844e-02	-1.138554e+01
1.250000e-06	2.876597e-02	-1.120404e+01
1.260000e-06	2.967059e-02	-1.098500e+01
1.270000e-06	2.999970e-02	-1.080504e+01
1.280000e-06	2.627664e-02	-1.059560e+01
1.290000e-06	2.263584e-02	-1.039360e+01
1.300000e-06	2.131225e-02	-1.013402e+01
1.310000e-06	2.116446e-02	-9.963464e+00
1.320000e-06	1.982979e-02	-9.764360e+00
1.330000e-06	1.769873e-02	-9.512364e+00
1.340000e-06	1.685965e-02	-9.300806e+00
1.350000e-06	1.774591e-02	-9.018655e+00
1.360000e-06	1.661391e-02	-8.839181e+00
1.370000e-06	1.398686e-02	-8.585575e+00
1.380000e-06	1.155252e-02	-8.333517e+00
1.390000e-06	1.187879e-02	-8.093892e+00
1.400000e-06	1.070345e-02	-7.865730e+00
1.410000e-06	1.052510e-02	-7.555572e+00
1.420000e-06	8.235237e-03	-7.302892e+00
1.430000e-06	9.290224e-03	-7.069708e+00
1.440000e-06	7.942205e-03	-6.776096e+00
1.450000e-06	6.851201e-03	-6.563488e+00
1.460000e-06	4.606875e-03	-6.272265e+00
1.470000e-06	3.629502e-03	-5.997629e+00
1.480000e-06	3.225965e-03	-5.745489e+00
1.490000e-06	5.082558e-03	-5.501859e+00
1.500000e-06	3.280628e-03	-5.207595e+00
1.510000e-06	1.845234e-03	-4.850810e+00
1.520000e-06	1.792543e-03	-4.576548e+00
1.530000e-06	2.193686e-03	-4.313943e+00
1.540000e-06	5.665619e-04	-4.091914e+00
1.550000e-06	-2.174549e-03	-3.798050e+00
1.560000e-06	-1.978731e-03	-3.534738e+00
1.570000e-06	-3.598063e-03	-3.259688e+00
1.580000e-06	-1.708463e-03	-2.965494e+00
1.590000e-06	-4.264881e-03	-2.671335e+00
1.600000e-06	-2.514490e-03	-2.411657e+00
1.610000e-06	-3.569813e-03	-2.103339e+00
1.620000e-06	-2.682620e-03	-1.820683e+00
1.630000e-06	-5.251804e-03	-1.597945e+00
1.640000e-06	-6.131289e-03	-1.209679e+00
1.650000e-06	-7.691963e-03	-9.449182e-01
1.660000e-06	-6.627216e-03	-6.606540e-01
1.670000e-06	-7.100952e-03	-3.774432e-01
1.680000e-06	-4.335033e-03	-4.381184e-02
1.690000e-06	3.637251e-03	2.093736e-01
1.700000e-06	4.096856e-03	4.851092e-01
1.710000e-06	1.752707e-03	7.257094e-01
1.720000e-06	3.231625e-03	1.009941e+00
1.730000e-06	-2.892201e-03	1.294633e+00
1.740000e-06	5.167705e-05	1.589876e+00
1.750000e-06	2.412123e-03	1.864555e+00
1.760000e-06	2.574341e-02	2.063605e+00
1.770000e-06	9.233828e-02	2.348764e+00
1.780000e-06	4.514657e-02	2.702681e+00
1.790000e-06	-6.069951e-02	3.039919e+00
1.800000e-06	-2.496571e-02	3.262110e+00
1.810000e-06	-3.695078e-02	3.597945e+00
1.820000e-06	-4.631214e-02	3.809898e+00
1.830000e-06	-8.119677e-02	4.009948e+00
1.840000e-06	7.237849e-02	4.273555e+00
1.850000e-06	1.116382e-02	4.568816e+00
1.860000e-06	-6.296758e-02	4.789427e+00
1.870000e-06	1.627966e-01	5.144682e+00
1.880000e-06	-1.385470e-01	5.450626e+00
1.890000e-06	4.683137e-02	5.653185e+00
1.900000e-06	-3.370639e-02	6.008444e+00
1.910000e-06	-4.252805e-03	6.240500e+00
1.920000e-06	4.237024e-02	6.483609e+00
1.930000e-06	-7.169952e-02	6.798969e+00
1.940000e-06	4.421223e-02	7.020527e+00
1.950000e-06	-5.552794e-02	7.291634e+00
1.960000e-06	2.224859e-02	7.596992e+00
1.970000e-06	-4.740406e-02	7.871029e+00
1.980000e-06	-9.014074e-03	8.186316e+00
1.990000e-06	2.940392e-02	8.376391e+00
2.000000e-06	-4.033208e-02	8.596945e+00
2.010000e-06	1.801946e-02	8.798916e+00
2.020000e-06	-5.490426e-02	9.071676e+00
2.030000e-06	-1.560056e-02	9.242085e+00
2.040000e-06	-6.647489e-03	9.554286e+00
2.050000e-06	-1.011990e-02	9.691813e+00
2.060000e-06	-1.851582e-02	1.000687e+01
2.070000e-06	-3.082312e-02	1.020592e+01
2.080000e-06	1.953201e-03	1.039737e+01
2.090000e-06	-3.283742e-02	1.058747e+01
2.100000e-06	-2.033305e-02	1.082845e+01
2.110000e-06	-3.872570e-02	1.102695e+01
2.120000e-06	-1.844695e-02	1.122805e+01
2.130000e-06	-1.678098e-02	1.142560e+01
2.140000e-06	-2.926839e-02	1.162865e+01
2.150000e-06	-3.560369e-02	1.184017e+01
2.160000e-06	-3.591886e-02	1.202905e+01
2.170000e-06	-1.941417e-02	1.222504e+01
2.180000e-06	-2.911254e-02	1.238692e+01
2.190000e-06	-3.606349e-02	1.256429e+01
2.200000e-06	-4.525439e-02	1.273376e+01
2.210000e-06	-3.253781e-02	1.286970e+01
2.220000e-06	-3.473074e-02	1.305557e+01
2.230000e-06	-4.109659e-02	1.319684e+01
2.240000e-06	-4.928912e-02	1.332386e+01
2.250000e-06	-3.930894e-02	1.347811e+01
2.260000e-06	-3.807302e-02	1.357802e+01
2.270000e-06	-4.424304e-02	1.375389e+01
2.280000e-06	-5.943647e-02	1.388020e+01
2.290000e-06	-5.609339e-02	1.403759e+01
2.300000e-06	-5.007123e-02	1.417231e+01
2.310000e-06	-4.896513e-02	1.427935e+01
2.320000e-06	-6.053665e-02	1.439247e+01
2.330000e-06	-6.450250e-02	1.457331e+01
2.340000e-06	-5.949886e-02	1.460745e+01
2.350000e-06	-6.022503e-02	1.466975e+01
2.360000e-06	-6.434138e-02	1.479444e+01
2.370000e-06	-7.565152e-02	1.484960e+01
2.380000e-06	-7.112513e-02	1.487184e+01
2.390000e-06	-7.107742e-02	1.498284e+01
2.400000e-06	-7.574486e-02	1.501755e+01
2.410000e-06	-8.835738e-02	1.511873e+01
2.420000e-06	-9.174713e-02	1.514294e+01
2.430000e-06	-8.547191e-02	1.522704e+01
2.440000e-06	-8.616264e-02	1.525607e+01
2.450000e-06	-9.373978e-02	1.528881e+01
2.460000e-06	-1.039498e-01	1.531086e+01
2.470000e-06	-1.022872e-01	1.532131e+01
2.480000e-06	-1.046219e-01	1.532134e+01
2.490000e-06	-1.115032e-01	1.537146e+01
2.500000e-06	-1.227281e-01	1.534449e+01
2.510000e-06	-1.247900e-01	1.535246e+01
2.520000e-06	-1.246748e-01	1.538039e+01
2.530000e-06	-1.312656e-01	1.533309e+01
2.540000e-06	-1.459520e-01	1.537289e+01
2.550000e-06	-1.576243e-01	1.535144e+01
2.560000e-06	-1.633856e-01	1.531028e+01
2.570000e-06	-1.766198e-01	1.529878e+01
2.580000e-06	-1.975576e-01	1.525765e+01
2.590000e-06	-2.260666e-01	1.520450e+01
2.600000e-06	-2.469211e-01	1.518239e+01
2.610000e-06	-2.500000e-01	1.511031e+01
2.620000e-06	-2.500000e-01	1.507705e+01
2.630000e-06	-2.500000e-01	1.502400e+01
2.640000e-06	-2.500000e-01	1.492284e+01
2.650000e-06	-2.500000e-01	1.487675e+01
2.660000e-06	-2.500000e-01	1.479652e+01
2.670000e-06	-2.496700e-01	1.467928e+01
2.680000e-06	-2.344255e-01	1.459397e+01
2.690000e-06	-2.021678e-01	1.453126e+01
2.700000e-06	-1.756002e-01	1.437410e+01
2.710000e-06	-1.563687e-01	1.429821e+01
2.720000e-06	-1.439696e-01	1.418389e+01
2.730000e-06	-1.274770e-01	1.406610e+01
2.740000e-06	-1.135795e-01	1.393089e+01
2.750000e-06	-1.030560e-01	1.378294e+01
2.760000e-06	-9.962584e-02	1.363770e+01
2.770000e-06	-9.284956e-02	1.355051e+01
2.780000e-06	-8.532707e-02	1.336404e+01
2.790000e-06	-7.740584e-02	1.323862e+01
2.800000e-06	-7.495324e-02	1.306985e+01
2.810000e-06	-6.963894e-02	1.291086e+01
2.820000e-06	-6.424504e-02	1.280297e+01
2.830000e-06	-5.806068e-02	1.258705e+01
2.840000e-06	-5.662433e-02	1.245916e+01
2.850000e-06	-5.638940e-02	1.228081e+01
2.860000e-06	-5.495350e-02	1.209936e+01
2.870000e-06	-5.027673e-02	1.193234e+01
2.880000e-06	-4.759581e-02	1.173137e+01
2.890000e-06	-4.788160e-02	1.151187e+01
2.900000e-06	-4.609086e-02	1.128986e+01
2.910000e-06	-4.268611e-02	1.110081e+01
2.920000e-06	-3.782680e-02	1.088236e+01
2.930000e-06	-3.789432e-02	1.070989e+01
2.940000e-06	-3.872727e-02	1.046078e+01
2.950000e-06	-3.758636e-02	1.024826e+01
2.960000e-06	-3.545372e-02	1.005035e+01
2.970000e-06	-3.477957e-02	9.789232e+00
2.980000e-06	-3.555227e-02	9.636573e+00
2.990000e-06	-3.274003e-02	9.394970e+00
3.000000e-06	-2.988463e-02	9.146092e+00
3.010000e-06	-2.812116e-02	8.942388e+00
3.020000e-06	-2.913847e-02	8.701282e+00
3.030000e-06	-2.946523e-02	8.480733e+00
3.040000e-06	-2.857893e-02	8.248601e+00
3.050000e-06	-2.708824e-02	8.035546e+00
3.060000e-06	-2.628523e-02	7.732991e+00
3.070000e-06	-2.616961e-02	7.488704e+00
3.080000e-06	-2.530351e-02	7.186547e+00
3.090000e-06	-2.443050e-02	6.953943e+00
3.100000e-06	-2.247007e-02	6.660838e+00
3.110000e-06	-2.379751e-02	6.396623e+00
3.120000e-06	-2.184456e-02	6.135945e+00
3.130000e-06	-2.115969e-02	5.922862e+00
3.140000e-06	-1.961947e-02	5.689705e+00
3.150000e-06	-2.131655e-02	5.366096e+00
3.160000e-06	-2.074762e-02	5.017756e+00
3.170000e-06	-2.100834e-02	4.734443e+00
3.180000e-06	-1.854133e-02	4.481757e+00
3.190000e-06	-1.851111e-02	4.226132e+00
3.200000e-06	-1.744528e-02	3.892414e+00
3.210000e-06	-1.846658e-02	3.651234e+00
3.220000e-06	-1.541781e-02	3.365992e+00
3.230000e-06	-1.593890e-02	3.082814e+00
3.240000e-06	-1.591965e-02	2.820129e+00
3.250000e-06	-1.588353e-02	2.523439e+00
3.260000e-06	-1.441684e-02	2.249680e+00
3.270000e-06	-1.446863e-02	1.979071e+00
3.280000e-06	-1.307962e-02	1.654385e+00
3.290000e-06	-1.356394e-02	1.377525e+00
3.300000e-06	-1.243484e-02	1.042236e+00
3.310000e-06	-1.156839e-02	7.469245e-01
3.320000e-06	-9.852261e-03	4.932866e-01
3.330000e-06	-9.477513e-03	1.596779e-01
3.340000e-06	-7.236862e-03	-7.560927e-02
3.350000e-06	3.800150e-03	-3.382422e-01
3.360000e-06	-3.263843e-04	-6.389225e-01
3.370000e-06	5.539507e-04	-8.761118e-01
3.380000e-06	-9.649204e-04	-1.137289e+00
3.390000e-06	6.487979e-04	-1.503135e+00
3.400000e-06	1.041246e-03	-1.684186e+00
3.410000e-06	2.095897e-02	-1.936268e+00
3.420000e-06	9.266286e-02	-2.160372e+00
3.430000e-06	8.345378e-02	-2.477216e+00
3.440000e-06	-6.255353e-02	-2.925316e+00
3.450000e-06	2.673758e-03	-3.275655e+00
3.460000e-06	-5.062085e-02	-3.514838e+00
3.470000e-06	-5.112939e-02	-3.717714e+00
3.480000e-06	-5.929624e-02	-3.956367e+00
3.490000e-06	1.765871e-01	-4.106687e+00
3.500000e-06	-1.594628e-01	-4.398974e+00
3.510000e-06	1.298041e-01	-4.714233e+00
3.520000e-06	2.272591e-02	-4.975787e+00
3.530000e-06	-9.749056e-02	-5.325762e+00
3.540000e-06	1.482042e-01	-5.555844e+00
3.550000e-06	-1.889108e-01	-5.851575e+00
3.560000e-06	1.610590e-01	-6.094684e+00
3.570000e-06	-2.642846e-02	-6.395845e+00
3.580000e-06	8.980034e-03	-6.712131e+00
3.590000e-06	8.576205e-02	-6.922705e+00
3.600000e-06	-1.094873e-01	-7.240005e+00
3.610000e-06	1.322512e-01	-7.500658e+00
3.620000e-06	-9.629767e-02	-7.723766e+00
3.630000e-06	9.676725e-02	-8.039502e+00
3.640000e-06	7.219386e-03	-8.259554e+00
3.650000e-06	-1.339499e-02	-8.543789e+00
3.660000e-06	1.054523e-01	-8.746191e+00
3.670000e-06	-1.006052e-01	-8.976920e+00
3.680000e-06	1.033268e-01	-9.209422e+00
3.690000e-06	-6.145064e-02	-9.406948e+00
3.700000e-06	1.022374e-01	-9.702683e+00
3.710000e-06	-7.694882e-03	-9.880654e+00
3.720000e-06	3.366670e-02	-1.010324e+01
3.730000e-06	3.355072e-02	-1.033268e+01
3.740000e-06	-1.145109e-02	-1.058537e+01
3.750000e-06	7.861994e-02	-1.073326e+01
3.760000e-06	-3.518851e-02	-1.095336e+01
3.770000e-06	8.546316e-02	-1.113386e+01
3.780000e-06	-2.561018e-02	-1.136496e+01
3.790000e-06	7.944207e-02	-1.159582e+01
3.800000e-06	-1.199040e-02	-1.179345e+01
3.810000e-06	5.315300e-02	-1.198739e+01
3.820000e-06	1.881729e-02	-1.218534e+01
3.830000e-06	5.173495e-02	-1.238424e+01
3.840000e-06	4.367648e-02	-1.249321e+01
3.850000e-06	2.082429e-02	-1.272225e+01
3.860000e-06	4.413115e-02	-1.285950e+01
3.870000e-06	1.776857e-02	-1.303600e+01
3.880000e-06	6.048264e-02	-1.315581e+01
3.890000e-06	2.161040e-02	-1.329071e+01
3.900000e-06	6.395709e-02	-1.342818e+01
3.910000e-06	3.173891e-02	-1.361642e+01
3.920000e-06	6.554349e-02	-1.375481e+01
3.930000e-06	3.391204e-02	-1.386861e+01
3.940000e-06	4.980806e-02	-1.395600e+01
3.950000e-06	4.016757e-02	-1.414129e+01
3.960000e-06	5.836298e-02	-1.423915e+01
3.970000e-06	5.688351e-02	-1.442292e+01
3.980000e-06	5.623166e-02	-1.447018e+01
3.990000e-06	5.795061e-02	-1.458536e+01
4.000000e-06	5.961978e-02	-1.465858e+01
4.010000e-06	7.019730e-02	-1.476386e+01
4.020000e-06	6.142695e-02	-1.484750e+01
4.030000e-06	7.036236e-02	-1.492026e+01
4.040000e-06	6.597091e-02	-1.496357e+01
4.050000e-06	7.887894e-02	-1.506721e+01
4.060000e-06	6.965059e-02	-1.515034e+01
4.070000e-06	7.736719e-02	-1.520347e+01
4.080000e-06	7.568636e-02	-1.523745e+01
4.090000e-06	8.979535e-02	-1.528863e+01
4.100000e-06	9.041829e-02	-1.531128e+01
4.110000e-06	9.331357e-02	-1.534139e+01
4.120000e-06	9.218351e-02	-1.534239e+01
4.130000e-06	9.729646e-02	-1.539494e+01
4.140000e-06	1.039064e-01	-1.540460e+01
4.150000e-06	1.061932e-01	-1.546662e+01
4.160000e-06	1.127025e-01	-1.541703e+01
4.170000e-06	1.164871e-01	-1.543710e+01
4.180000e-06	1.272614e-01	-1.539610e+01
4.190000e-06	1.313302e-01	-1.539654e+01
4.200000e-06	1.379345e-01	-1.541503e+01
4.210000e-06	1.451984e-01	-1.539344e+01
4.220000e-06	1.614960e-01	-1.535292e+01
4.230000e-06	1.779127e-01	-1.534139e+01
4.240000e-06	1.962247e-01	-1.527018e+01
4.250000e-06	2.188403e-01	-1.526715e+01
4.260000e-06	2.460493e-01	-1.520497e+01
4.270000e-06	2.500000e-01	-1.516338e+01
4.280000e-06	2.500000e-01	-1.504918e+01
4.290000e-06	2.500000e-01	-1.498509e+01
4.300000e-06	2.500000e-01	-1.495231e+01
4.310000e-06	2.500000e-01	-1.488866e+01
4.320000e-06	2.500000e-01	-1.478399e+01
4.330000e-06	2.446886e-01	-1.473073e+01
4.340000e-06	2.134387e-01	-1.458657e+01
4.350000e-06	1.852690e-01	-1.450126e+01
4.360000e-06	1.659527e-01	-1.441610e+01
4.370000e-06	1.459486e-01	-1.434131e+01
4.380000e-06	1.281776e-01	-1.417399e+01
4.390000e-06	1.132671e-01	-1.406775e+01
4.400000e-06	1.045047e-01	-1.393289e+01
4.410000e-06	9.344160e-02	-1.375502e+01
4.420000e-06	8.468049e-02	-1.371015e+01
4.430000e-06	7.545796e-02	-1.350091e+01
4.440000e-06	7.251556e-02	-1.337304e+01
4.450000e-06	6.797552e-02	-1.325768e+01
4.460000e-06	6.229185e-02	-1.308968e+01
4.470000e-06	5.579569e-02	-1.294344e+01
4.480000e-06	5.096188e-02	-1.282547e+01
4.490000e-06	4.935125e-02	-1.258665e+01
4.500000e-06	4.719931e-02	-1.246773e+01
4.510000e-06	4.243380e-02	-1.230978e+01
4.520000e-06	4.000565e-02	-1.212079e+01
4.530000e-06	3.715272e-02	-1.193083e+01
4.540000e-06	3.639475e-02	-1.173029e+01
4.550000e-06	3.192901e-02	-1.148074e+01
4.560000e-06	2.942185e-02	-1.120670e+01
4.570000e-06	2.909464e-02	-1.102768e+01
4.580000e-06	2.869551e-02	-1.084968e+01
4.590000e-06	2.695728e-02	-1.066821e+01
4.600000e-06	2.262595e-02	-1.047031e+01
4.610000e-06	2.157153e-02	-1.024623e+01
4.620000e-06	2.207948e-02	-1.002715e+01
4.630000e-06	2.097279e-02	-9.836052e+00
4.640000e-06	1.927918e-02	-9.577023e+00
4.650000e-06	1.783970e-02	-9.344519e+00
4.660000e-06	1.767724e-02	-9.113495e+00
4.670000e-06	1.652031e-02	-8.923363e+00
4.680000e-06	1.394637e-02	-8.700234e+00
4.690000e-06	1.160848e-02	-8.447652e+00
4.700000e-06	1.208985e-02	-8.196024e+00
4.710000e-06	1.168434e-02	-7.962966e+00
4.720000e-06	1.195009e-02	-7.650307e+00
4.730000e-06	9.241486e-03	-7.427551e+00
4.740000e-06	8.317710e-03	-7.127519e+00
4.750000e-06	7.461851e-03	-6.883384e+00
4.760000e-06	6.979204e-03	-6.649129e+00
4.770000e-06	5.062284e-03	-6.377501e+00
4.780000e-06	5.808818e-03	-6.102892e+00
4.790000e-06	3.663700e-03	-5.840679e+00
4.800000e-06	4.656272e-03	-5.599019e+00
4.810000e-06	2.661445e-03	-5.262408e+00
4.820000e-06	2.518041e-03	-5.016545e+00
4.830000e-06	1.256082e-03	-4.690255e+00
4.840000e-06	2.090704e-03	-4.420129e+00
4.850000e-06	1.748089e-03	-4.176522e+00
4.860000e-06	5.795772e-04	-3.903282e+00
4.870000e-06	-2.064916e-03	-3.640154e+00
4.880000e-06	-2.976481e-03	-3.355445e+00
4.890000e-06	-3.304148e-03	-3.111303e+00
4.900000e-06	-3.159537e-03	-2.786471e+00
4.910000e-06	-3.044313e-03	-2.492838e+00
4.920000e-06	-3.287386e-03	-2.238650e+00
4.930000e-06	-4.098119e-03	-1.935366e+00
4.940000e-06	-4.315458e-03	-1.692737e+00
4.950000e-06	-5.056178e-03	-1.324416e+00
4.960000e-06	-7.457998e-03	-1.030204e+00
4.970000e-06	-7.132059e-03	-7.468209e-01
4.980000e-06	-7.253929e-03	-4.721576e-01
4.990000e-06	-5.394389e-03	-1.385486e-01
5.000000e-06	-1.661435e-03	9.458177e-02
5.010000e-06	8.612664e-03	3.809962e-01
5.020000e-06	-2.241260e-03	6.225266e-01
5.030000e-06	6.866455e-03	9.041103e-01
5.040000e-06	-3.036689e-03	1.180873e+00
5.050000e-06	2.196002e-03	1.453107e+00
5.060000e-06	-4.575441e-03	1.779399e+00
5.070000e-06	1.714141e-02	1.988870e+00
5.080000e-06	5.934412e-02	2.249951e+00
5.090000e-06	1.016498e-01	2.537745e+00
5.100000e-06	-5.526562e-02	2.864708e+00
5.110000e-06	-2.620282e-02	3.170420e+00
5.120000e-06	-4.221664e-02	3.482508e+00
5.130000e-06	-2.431854e-02	3.735766e+00
5.140000e-06	-9.137090e-02	3.934744e+00
5.150000e-06	3.864592e-03	4.114842e+00
5.160000e-06	9.630644e-02	4.503632e+00
5.170000e-06	-1.221798e-01	4.726294e+00
5.180000e-06	1.539317e-01	4.998871e+00
5.190000e-06	-5.380276e-02	5.367338e+00
5.200000e-06	-4.372175e-02	5.619875e+00
5.210000e-06	3.698574e-02	5.893683e+00
5.220000e-06	-6.135384e-02	6.135763e+00
5.230000e-06	7.237070e-02	6.387372e+00
5.240000e-06	-5.986916e-02	6.722677e+00
5.250000e-06	1.006926e-02	6.926287e+00
5.260000e-06	-1.022785e-02	7.178425e+00
5.270000e-06	-2.348068e-02	7.502153e+00
5.280000e-06	5.834880e-03	7.757316e+00
5.290000e-06	-5.931463e-02	8.050475e+00
5.300000e-06	4.678506e-02	8.322258e+00
5.310000e-06	-2.907437e-02	8.472662e+00
5.320000e-06	-1.873842e-03	8.745233e+00
5.330000e-06	-1.565660e-02	8.937440e+00
5.340000e-06	-5.824073e-02	9.196845e+00
5.350000e-06	1.990701e-02	9.429576e+00
5.360000e-06	-3.191301e-02	9.651030e+00
5.370000e-06	7.413571e-03	9.901229e+00
5.380000e-06	-4.998150e-02	1.012221e+01
5.390000e-06	5.230962e-03	1.031334e+01
5.400000e-06	-2.417722e-02	1.051524e+01
5.410000e-06	-2.626899e-02	1.075531e+01
5.420000e-06	-2.841026e-02	1.096379e+01
5.430000e-06	-3.716541e-02	1.118479e+01
5.440000e-06	-5.740450e-04	1.137488e+01
5.450000e-06	-3.661974e-02	1.158639e+01
5.460000e-06	-2.294426e-02	1.179736e+01
5.470000e-06	-4.969734e-02	1.195491e+01
5.480000e-06	-1.499241e-02	1.209386e+01
5.490000e-06	-2.905420e-02	1.236181e+01
5.500000e-06	-3.110902e-02	1.249078e+01
5.510000e-06	-4.499829e-02	1.266760e+01
5.520000e-06	-4.125288e-02	1.281905e+01
5.530000e-06	-2.755395e-02	1.292446e+01
5.540000e-06	-4.477334e-02	1.314329e+01
5.550000e-06	-4.256659e-02	1.331023e+01
5.560000e-06	-4.744902e-02	1.341705e+01
5.570000e-06	-2.899694e-02	1.357487e+01
5.580000e-06	-4.267983e-02	1.371326e+01
5.590000e-06	-5.295958e-02	1.381562e+01
5.600000e-06	-6.302567e-02	1.397486e+01
5.610000e-06	-5.292268e-02	1.410966e+01
5.620000e-06	-4.957904e-02	1.426720e+01
5.630000e-06	-5.686883e-02	1.434332e+01
5.640000e-06	-6.429296e-02	1.446813e+01
5.650000e-06	-6.072472e-02	1.459284e+01
5.660000e-06	-5.412324e-02	1.466865e+01
5.670000e-06	-6.341929e-02	1.475081e+01
5.680000e-06	-7.288062e-02	1.481800e+01
5.690000e-06	-7.663239e-02	1.489075e+01
5.700000e-06	-6.869694e-02	1.493436e+01
5.710000e-06	-7.352247e-02	1.498700e+01
5.720000e-06	-8.430369e-02	1.507865e+01
5.730000e-06	-9.213318e-02	1.514134e+01
5.740000e-06	-8.766003e-02	1.519349e+01
5.750000e-06	-8.350018e-02	1.520655e+01
5.760000e-06	-9.179848e-02	1.529865e+01
5.770000e-06	-9.993552e-02	1.532078e+01
5.780000e-06	-1.028273e-01	1.532131e+01
5.790000e-06	-1.010169e-01	1.536139e+01
5.800000e-06	-1.091024e-01	1.531246e+01
5.810000e-06	-1.222821e-01	1.537597e+01
5.820000e-06	-1.253813e-01	1.538347e+01
5.830000e-06	-1.258137e-01	1.534496e+01
5.840000e-06	-1.273222e-01	1.534204e+01
5.850000e-06	-1.403228e-01	1.531991e+01
5.860000e-06	-1.515165e-01	1.533144e+01
5.870000e-06	-1.594676e-01	1.532133e+01
5.880000e-06	-1.695332e-01	1.526925e+01
5.890000e-06	-1.896431e-01	1.525823e+01
5.900000e-06	-2.181212e-01	1.523515e+01
5.910000e-06	-2.410934e-01	1.519452e+01
5.920000e-06	-2.499536e-01	1.515081e+01
5.930000e-06	-2.500000e-01	1.504763e+01
5.940000e-06	-2.500000e-01	1.500512e+01
5.950000e-06	-2.500000e-01	1.494344e+01
5.960000e-06	-2.500000e-01	1.491873e+01
5.970000e-06	-2.500000e-01	1.481654e+01
5.980000e-06	-2.500000e-01	1.471081e+01
5.990000e-06	-2.452233e-01	1.463612e+01
6.000000e-06	-2.155334e-01	1.454394e+01
6.010000e-06	-1.856758e-01	1.439670e+01
6.020000e-06	-1.638106e-01	1.436091e+01
6.030000e-06	-1.476386e-01	1.421457e+01
6.040000e-06	-1.338975e-01	1.412931e+01
6.050000e-06	-1.160302e-01	1.400297e+01
6.060000e-06	-1.058456e-01	1.384575e+01
6.070000e-06	-1.004334e-01	1.367986e+01
6.080000e-06	-9.791749e-02	1.356339e+01
6.090000e-06	-8.979428e-02	1.342868e+01
6.100000e-06	-8.049986e-02	1.330825e+01
6.110000e-06	-7.526915e-02	1.314244e+01
6.120000e-06	-7.094140e-02	1.295357e+01
6.130000e-06	-6.795146e-02	1.285865e+01
6.140000e-06	-5.866149e-02	1.264820e+01
6.150000e-06	-5.571831e-02	1.252341e+01
6.160000e-06	-5.555320e-02	1.236391e+01
6.170000e-06	-5.835088e-02	1.214302e+01
6.180000e-06	-5.293764e-02	1.199607e+01
6.190000e-06	-4.866961e-02	1.176559e+01
6.200000e-06	-4.705588e-02	1.161452e+01
6.210000e-06	-4.750222e-02	1.137457e+01
6.220000e-06	-4.365594e-02	1.116462e+01
6.230000e-06	-3.900359e-02	1.098499e+01
6.240000e-06	-3.602354e-02	1.081550e+01
6.250000e-06	-3.956321e-02	1.057352e+01
6.260000e-06	-3.948371e-02	1.036294e+01
6.270000e-06	-3.716755e-02	1.013389e+01
6.280000e-06	-3.399819e-02	9.923390e+00
6.290000e-06	-3.482577e-02	9.690280e+00
6.300000e-06	-3.556306e-02	9.409758e+00
6.310000e-06	-3.331661e-02	9.280679e+00
6.320000e-06	-2.816005e-02	8.996099e+00
6.330000e-06	-2.879708e-02	8.775021e+00
6.340000e-06	-2.926811e-02	8.555417e+00
6.350000e-06	-2.968156e-02	8.333391e+00
6.360000e-06	-2.661281e-02	8.110803e+00
6.370000e-06	-2.511975e-02	7.798071e+00
6.380000e-06	-2.629529e-02	7.558494e+00
6.390000e-06	-2.764508e-02	7.279784e+00
6.400000e-06	-2.560742e-02	7.048200e+00
6.410000e-06	-2.223909e-02	6.797042e+00
6.420000e-06	-2.213441e-02	6.521863e+00
6.430000e-06	-2.311272e-02	6.230180e+00
6.440000e-06	-2.229358e-02	6.019097e+00
6.450000e-06	-2.023603e-02	5.732939e+00
6.460000e-06	-2.001255e-02	5.452680e+00
6.470000e-06	-2.086281e-02	5.165519e+00
6.480000e-06	-2.104688e-02	4.839677e+00
6.490000e-06	-2.029941e-02	4.586495e+00
6.500000e-06	-1.729750e-02	4.325739e+00
6.510000e-06	-1.811454e-02	4.017575e+00
6.520000e-06	-1.792913e-02	3.724393e+00
6.530000e-06	-1.675953e-02	3.510814e+00
6.540000e-06	-1.484378e-02	3.227526e+00
6.550000e-06	-1.470833e-02	2.945345e+00
6.560000e-06	-1.580372e-02	2.620181e+00
6.570000e-06	-1.560970e-02	2.336916e+00
6.580000e-06	-1.468031e-02	2.091759e+00
6.590000e-06	-1.336287e-02	1.880602e+00
6.600000e-06	-1.309775e-02	1.513265e+00
6.610000e-06	-1.308172e-02	1.167626e+00
6.620000e-06	-1.146360e-02	8.616853e-01
6.630000e-06	-9.753789e-03	5.690499e-01
6.640000e-06	-1.019174e-02	3.244632e-01
6.650000e-06	-8.255657e-03	9.603622e-03
6.660000e-06	-2.084557e-03	-2.825053e-01
6.670000e-06	5.775352e-03	-5.046357e-01
6.680000e-06	-3.641006e-03	-8.104438e-01
6.690000e-06	3.161039e-03	-1.023029e+00
6.700000e-06	-2.326485e-03	-1.317711e+00
6.710000e-06	2.927872e-03	-1.611479e+00
6.720000e-06	8.338813e-03	-1.872529e+00
6.730000e-06	5.567678e-02	-2.053029e+00
6.740000e-06	1.310711e-01	-2.378976e+00
6.750000e-06	-4.562988e-02	-2.778392e+00
6.760000e-06	-8.185372e-03	-3.189320e+00
6.770000e-06	-4.193218e-02	-3.442529e+00
6.780000e-06	-3.181741e-02	-3.629479e+00
6.790000e-06	-1.059474e-01	-3.865109e+00
6.800000e-06	1.397366e-01	-4.030575e+00
6.810000e-06	-3.309232e-02	-4.303686e+00
6.820000e-06	-2.759649e-02	-4.599974e+00
6.830000e-06	1.735583e-01	-4.850453e+00
6.840000e-06	-1.843600e-01	-5.158949e+00
6.850000e-06	1.560553e-01	-5.504189e+00
6.860000e-06	-1.119724e-01	-5.746739e+00
6.870000e-06	1.578058e-02	-6.041030e+00
6.880000e-06	1.173699e-01	-6.282026e+00
6.890000e-06	-1.012649e-01	-6.577818e+00
6.900000e-06	1.532905e-01	-6.819975e+00
6.910000e-06	-1.100640e-01	-7.142759e+00
6.920000e-06	7.605618e-02	-7.418417e+00
6.930000e-06	-5.966965e-03	-7.617974e+00
6.940000e-06	-2.048733e-02	-7.956782e+00
6.950000e-06	1.177478e-01	-8.157815e+00
6.960000e-06	-9.261134e-02	-8.408399e+00
6.970000e-06	1.411086e-01	-8.689651e+00
6.980000e-06	-7.843688e-02	-8.904184e+00
6.990000e-06	4.870075e-02	-9.114813e+00
7.000000e-06	5.283427e-03	-9.344813e+00
7.010000e-06	1.402596e-02	-9.588471e+00
7.020000e-06	8.239513e-02	-9.837972e+00
7.030000e-06	-4.007795e-02	-1.000797e+01
7.040000e-06	9.533311e-02	-1.025855e+01
7.050000e-06	-5.545162e-02	-1.049066e+01
7.060000e-06	9.433059e-02	-1.068221e+01
7.070000e-06	-3.079629e-02	-1.085951e+01
7.080000e-06	6.292340e-02	-1.109073e+01
7.090000e-06	8.991236e-03	-1.127066e+01
7.100000e-06	4.036396e-02	-1.151221e+01
7.110000e-06	3.791799e-02	-1.166266e+01
7.120000e-06	7.491521e-03	-1.194278e+01
7.130000e-06	5.348957e-02	-1.212076e+01
7.140000e-06	9.526728e-03	-1.228966e+01
7.150000e-06	7.361856e-02	-1.243008e+01
7.160000e-06	2.817986e-03	-1.265912e+01
7.170000e-06	5.833761e-02	-1.281539e+01
7.180000e-06	1.104235e-02	-1.296436e+01
7.190000e-06	6.142303e-02	-1.312219e+01
7.200000e-06	2.761414e-02	-1.326962e+01
7.210000e-06	5.313807e-02	-1.340505e+01
7.220000e-06	4.034549e-02	-1.352227e+01
7.230000e-06	5.031210e-02	-1.369073e+01
7.240000e-06	4.829301e-02	-1.385557e+01
7.250000e-06	3.876225e-02	-1.392434e+01
7.260000e-06	5.026095e-02	-1.410968e+01
7.270000e-06	4.758135e-02	-1.418405e+01
7.280000e-06	6.550934e-02	-1.434281e+01
7.290000e-06	5.075809e-02	-1.444902e+01
7.300000e-06	6.113378e-02	-1.451336e+01
7.310000e-06	5.189982e-02	-1.464707e+01
7.320000e-06	7.021055e-02	-1.469284e+01
7.330000e-06	6.129559e-02	-1.482792e+01
7.340000e-06	6.994041e-02	-1.488971e+01
7.350000e-06	6.420117e-02	-1.494246e+01
7.360000e-06	7.671984e-02	-1.502662e+01
7.370000e-06	7.205317e-02	-1.515120e+01
7.380000e-06	7.533473e-02	-1.515384e+01
7.390000e-06	7.612975e-02	-1.519594e+01
7.400000e-06	8.430431e-02	-1.528760e+01
7.410000e-06	9.250172e-02	-1.531970e+01
7.420000e-06	9.039832e-02	-1.533033e+01
7.430000e-06	9.321492e-02	-1.536342e+01
7.440000e-06	9.238064e-02	-1.534347e+01
7.450000e-06	1.042362e-01	-1.540559e+01
7.460000e-06	1.053217e-01	-1.541555e+01
7.470000e-06	1.115739e-01	-1.539510e+01
7.480000e-06	1.134808e-01	-1.543763e+01
7.490000e-06	1.253218e-01	-1.540563e+01
7.500000e-06	1.298557e-01	-1.540563e+01
7.510000e-06	1.346103e-01	-1.539547e+01
7.520000e-06	1.412258e-01	-1.536449e+01
7.530000e-06	1.537730e-01	-1.536289e+01
7.540000e-06	1.719684e-01	-1.534181e+01
7.550000e-06	1.882382e-01	-1.528925e+01
7.560000e-06	2.109404e-01	-1.524610e+01
7.570000e-06	2.380806e-01	-1.520557e+01
7.580000e-06	2.499641e-01	-1.519392e+01
7.590000e-06	2.500000e-01	-1.509026e+01
7.600000e-06	2.500000e-01	-1.505517e+01
7.610000e-06	2.500000e-01	-1.495299e+01
7.620000e-06	2.500000e-01	-1.491023e+01
7.630000e-06	2.500000e-01	-1.484715e+01
7.640000e-06	2.483394e-01	-1.475086e+01
7.650000e-06	2.247964e-01	-1.460805e+01
7.660000e-06	1.956700e-01	-1.455394e+01
7.670000e-06	1.721060e-01	-1.447760e+01
7.680000e-06	1.526204e-01	-1.436297e+01
7.690000e-06	1.341479e-01	-1.424522e+01
7.700000e-06	1.193574e-01	-1.404876e+01
7.710000e-06	1.078169e-01	-1.399401e+01
7.720000e-06	9.716454e-02	-1.383810e+01
7.730000e-06	8.651391e-02	-1.369184e+01
7.740000e-06	7.938551e-02	-1.356494e+01
7.750000e-06	7.361290e-02	-1.339765e+01
7.760000e-06	7.056793e-02	-1.329220e+01
7.770000e-06	6.347617e-02	-1.313401e+01
7.780000e-06	5.761125e-02	-1.294755e+01
7.790000e-06	5.295993e-02	-1.284965e+01
7.800000e-06	5.094498e-02	-1.270928e+01
7.810000e-06	4.727271e-02	-1.248284e+01
7.820000e-06	4.353250e-02	-1.237244e+01
7.830000e-06	4.014233e-02	-1.216355e+01
7.840000e-06	3.829885e-02	-1.194609e+01
7.850000e-06	3.602892e-02	-1.174309e+01
7.860000e-06	3.321659e-02	-1.158449e+01
7.870000e-06	2.985014e-02	-1.133084e+01
7.880000e-06	3.025099e-02	-1.109131e+01
7.890000e-06	2.877592e-02	-1.091186e+01
7.900000e-06	2.790033e-02	-1.072334e+01
7.910000e-06	2.427630e-02	-1.055444e+01
7.920000e-06	2.310466e-02	-1.031234e+01
7.930000e-06	2.152068e-02	-1.006178e+01
7.940000e-06	2.046325e-02	-9.870206e+00
7.950000e-06	1.919063e-02	-9.671835e+00
7.960000e-06	1.791336e-02	-9.438776e+00
7.970000e-06	1.776540e-02	-9.198048e+00
7.980000e-06	1.754949e-02	-9.026473e+00
7.990000e-06	1.476647e-02	-8.773499e+00
8.000000e-06	1.283390e-02	-8.500364e+00
8.010000e-06	1.120539e-02	-8.279263e+00
8.020000e-06	1.209468e-02	-8.030753e+00
8.030000e-06	1.109216e-02	-7.784043e+00
8.040000e-06	9.503122e-03	-7.481838e+00
8.050000e-06	8.847504e-03	-7.248680e+00
8.060000e-06	8.034005e-03	-7.016419e+00
8.070000e-06	6.973471e-03	-6.733394e+00
8.080000e-06	5.641942e-03	-6.470787e+00
8.090000e-06	5.986070e-03	-6.167057e+00
8.100000e-06	4.584426e-03	-5.925468e+00
8.110000e-06	3.626759e-03	-5.641782e+00
8.120000e-06	2.973569e-03	-5.407648e+00
8.130000e-06	1.752299e-03	-5.120838e+00
8.140000e-06	7.765745e-04	-4.784977e+00
8.150000e-06	1.923289e-03	-4.523337e+00
8.160000e-06	9.409091e-04	-4.251736e+00
8.170000e-06	1.750768e-03	-4.008026e+00
8.180000e-06	-1.912009e-03	-3.714386e+00
8.190000e-06	-1.917166e-03	-3.441183e+00
8.200000e-06	-4.416471e-03	-3.178048e+00
8.210000e-06	-2.771854e-03	-2.862760e+00
8.220000e-06	-4.827293e-03	-2.610176e+00
8.230000e-06	-1.793903e-03	-2.326896e+00
8.240000e-06	-3.134188e-03	-1.988201e+00
8.250000e-06	-3.349293e-03	-1.756445e+00
8.260000e-06	-5.982903e-03	-1.431783e+00
8.270000e-06	-6.425238e-03	-1.135419e+00
8.280000e-06	-6.688886e-03	-8.432328e-01
8.290000e-06	-6.264148e-03	-5.675483e-01
8.300000e-06	-6.285780e-03	-2.532342e-01
8.310000e-06	-5.222954e-03	-2.067631e-02
8.320000e-06	7.184796e-03	2.856555e-01
8.330000e-06	-2.655223e-04	5.572696e-01
8.340000e-06	4.259257e-03	7.788924e-01
8.350000e-06	-6.442258e-04	1.094660e+00
8.360000e-06	6.066270e-04	1.357818e+00
8.370000e-06	-2.343850e-03	1.686658e+00
8.380000e-06	8.003012e-03	1.915738e+00
8.390000e-06	3.364641e-02	2.116238e+00
8.400000e-06	1.105784e-01	2.412404e+00
8.410000e-06	-5.463625e-03	2.810475e+00
8.420000e-06	-4.560449e-02	3.063132e+00
8.430000e-06	-3.368193e-02	3.376220e+00
8.440000e-06	-2.776135e-02	3.622049e+00
8.450000e-06	-6.945164e-02	3.911159e+00
8.460000e-06	-5.444361e-02	4.043530e+00
8.470000e-06	1.077755e-01	4.345340e+00
8.480000e-06	-7.030177e-02	4.651053e+00
8.490000e-06	3.751190e-02	4.861079e+00
8.500000e-06	8.940501e-02	5.219975e+00
8.510000e-06	-1.311521e-01	5.523761e+00
8.520000e-06	7.048572e-02	5.746842e+00
8.530000e-06	-6.867229e-02	6.052580e+00
8.540000e-06	4.405703e-02	6.303633e+00
8.550000e-06	-1.539037e-03	6.606377e+00
8.560000e-06	-4.909627e-02	6.861131e+00
8.570000e-06	3.758041e-02	7.144159e+00
8.580000e-06	-5.850478e-02	7.416997e+00
8.590000e-06	3.591736e-02	7.692579e+00
8.600000e-06	-7.342050e-02	7.913716e+00
8.610000e-06	2.790681e-02	8.177475e+00
8.620000e-06	2.523759e-03	8.420025e+00
8.630000e-06	-2.882849e-02	8.629498e+00
8.640000e-06	1.353467e-02	8.901032e+00
8.650000e-06	-7.297935e-02	9.103713e+00
8.660000e-06	1.230992e-02	9.355262e+00
8.670000e-06	-2.560857e-02	9.596792e+00
8.680000e-06	7.987377e-03	9.827421e+00
8.690000e-06	-4.103430e-02	1.005903e+01
8.700000e-06	-1.245040e-02	1.023050e+01
8.710000e-06	-8.579590e-03	1.047915e+01
8.720000e-06	-3.228689e-02	1.067165e+01
8.730000e-06	-2.130014e-02	1.087160e+01
8.740000e-06	-4.449368e-02	1.111166e+01
8.750000e-06	-5.080736e-03	1.127058e+01
8.760000e-06	-2.888172e-02	1.151126e+01
8.770000e-06	-2.144059e-02	1.169268e+01
8.780000e-06	-4.789989e-02	1.191071e+01
8.790000e-06	-2.399383e-02	1.206015e+01
8.800000e-06	-2.498703e-02	1.225065e+01
8.810000e-06	-2.668064e-02	1.244910e+01
8.820000e-06	-4.152911e-02	1.257395e+01
8.830000e-06	-4.452627e-02	1.278231e+01
8.840000e-06	-2.945862e-02	1.290331e+01
8.850000e-06	-3.920083e-02	1.306970e+01
8.860000e-06	-4.141776e-02	1.322650e+01
8.870000e-06	-5.291767e-02	1.339404e+01
8.880000e-06	-3.259593e-02	1.353223e+01
8.890000e-06	-4.112145e-02	1.367015e+01
8.900000e-06	-4.442067e-02	1.375391e+01
8.910000e-06	-6.234722e-02	1.394234e+01
8.920000e-06	-5.357695e-02	1.405003e+01
8.930000e-06	-4.954084e-02	1.418352e+01
8.940000e-06	-5.244108e-02	1.432133e+01
8.950000e-06	-6.184974e-02	1.438602e+01
8.960000e-06	-6.547505e-02	1.457384e+01
8.970000e-06	-5.587643e-02	1.461497e+01
8.980000e-06	-6.132908e-02	1.469173e+01
8.990000e-06	-6.584518e-02	1.480400e+01
9.000000e-06	-7.676942e-02	1.482958e+01
9.010000e-06	-6.980916e-02	1.491131e+01
9.020000e-06	-7.238881e-02	1.499494e+01
9.030000e-06	-7.857975e-02	1.504607e+01
9.040000e-06	-8.932854e-02	1.507018e+01
9.050000e-06	-9.104853e-02	1.517339e+01
9.060000e-06	-8.479795e-02	1.520654e+01
9.070000e-06	-8.873831e-02	1.525670e+01
9.080000e-06	-9.600684e-02	1.529828e+01
9.090000e-06	-1.035456e-01	1.533983e+01
9.100000e-06	-1.009193e-01	1.532191e+01
9.110000e-06	-1.062816e-01	1.534132e+01
9.120000e-06	-1.143981e-01	1.535241e+01
9.130000e-06	-1.245614e-01	1.534347e+01
9.140000e-06	-1.253859e-01	1.537245e+01
9.150000e-06	-1.256764e-01	1.534249e+01
9.160000e-06	-1.342589e-01	1.531142e+01
9.170000e-06	-1.476684e-01	1.536254e+01
9.180000e-06	-1.580947e-01	1.534176e+01
9.190000e-06	-1.665932e-01	1.527831e+01
9.200000e-06	-1.811879e-01	1.530928e+01
9.210000e-06	-2.048796e-01	1.522668e+01
9.220000e-06	-2.324601e-01	1.515457e+01
9.230000e-06	-2.496589e-01	1.516234e+01
9.240000e-06	-2.500000e-01	1.508966e+01
9.250000e-06	-2.500000e-01	1.503562e+01
9.260000e-06	-2.500000e-01	1.494557e+01
9.270000e-06	-2.500000e-01	1.491178e+01
9.280000e-06	-2.500000e-01	1.483758e+01
9.290000e-06	-2.500000e-01	1.475344e+01
9.300000e-06	-2.482247e-01	1.466776e+01
9.310000e-06	-2.254955e-01	1.455349e+01
9.320000e-06	-1.941612e-01	1.451928e+01
9.330000e-06	-1.696108e-01	1.435394e+01
9.340000e-06	-1.528392e-01	1.424915e+01
9.350000e-06	-1.402201e-01	1.413299e+01
9.360000e-06	-1.253333e-01	1.400560e+01
9.370000e-06	-1.106155e-01	1.388725e+01
9.380000e-06	-1.014533e-01	1.376142e+01
9.390000e-06	-9.759163e-02	1.362412e+01
9.400000e-06	-9.015487e-02	1.346078e+01
9.410000e-06	-8.199453e-02	1.334291e+01
9.420000e-06	-7.417312e-02	1.321449e+01
9.430000e-06	-7.319603e-02	1.301717e+01
9.440000e-06	-7.021589e-02	1.288973e+01
9.450000e-06	-6.541018e-02	1.270192e+01
9.460000e-06	-5.863162e-02	1.255242e+01
9.470000e-06	-5.713976e-02	1.244705e+01
9.480000e-06	-5.608341e-02	1.222770e+01
9.490000e-06	-5.367445e-02	1.203823e+01
9.500000e-06	-4.844036e-02	1.188078e+01
9.510000e-06	-4.633031e-02	1.165983e+01
9.520000e-06	-4.726367e-02	1.141821e+01
9.530000e-06	-4.667697e-02	1.128818e+01
9.540000e-06	-4.271769e-02	1.102915e+01
9.550000e-06	-3.900040e-02	1.085915e+01
9.560000e-06	-3.876470e-02	1.063013e+01
9.570000e-06	-3.898419e-02	1.045720e+01
9.580000e-06	-3.754011e-02	1.021710e+01
9.590000e-06	-3.435007e-02	1.001857e+01
9.600000e-06	-3.330867e-02	9.783020e+00
9.610000e-06	-3.542869e-02	9.545438e+00
9.620000e-06	-3.375963e-02	9.353313e+00
9.630000e-06	-3.099429e-02	9.132760e+00
9.640000e-06	-3.013983e-02	8.851233e+00
9.650000e-06	-2.879826e-02	8.651649e+00
9.660000e-06	-3.097475e-02	8.388631e+00
9.670000e-06	-2.656445e-02	8.183969e+00
9.680000e-06	-2.625611e-02	7.913285e+00
9.690000e-06	-2.441698e-02	7.640206e+00
9.700000e-06	-2.712878e-02	7.357492e+00
9.710000e-06	-2.414306e-02	7.132888e+00
9.720000e-06	-2.455391e-02	6.900783e+00
9.730000e-06	-2.235454e-02	6.628075e+00
9.740000e-06	-2.442025e-02	6.353966e+00
9.750000e-06	-2.280215e-02	6.103288e+00
9.760000e-06	-2.235454e-02	5.812308e+00
9.770000e-06	-1.994776e-02	5.597418e+00
9.780000e-06	-2.082722e-02	5.291831e+00
9.790000e-06	-2.024111e-02	4.955369e+00
9.800000e-06	-1.906924e-02	4.622706e+00
9.810000e-06	-1.786584e-02	4.399678e+00
9.820000e-06	-1.792451e-02	4.112314e+00
9.830000e-06	-1.809013e-02	3.839701e+00
9.840000e-06	-1.816747e-02	3.598998e+00
9.850000e-06	-1.650497e-02	3.303788e+00
9.860000e-06	-1.632170e-02	3.009626e+00
9.870000e-06	-1.611131e-02	2.757918e+00
9.880000e-06	-1.558827e-02	2.441281e+00
9.890000e-06	-1.458861e-02	2.166472e+00
9.900000e-06	-1.382817e-02	1.873388e+00
9.910000e-06	-1.206858e-02	1.639149e+00
9.920000e-06	-1.250742e-02	1.293894e+00
9.930000e-06	-1.253809e-02	9.664986e-01
9.940000e-06	-1.243817e-02	6.722368e-01
9.950000e-06	-1.230510e-02	4.500788e-01
9.960000e-06	-9.079036e-03	1.488206e-01
9.970000e-06	-6.070754e-03	-1.573673e-01
9.980000e-06	7.539175e-03	-4.204765e-01
9.990000e-06	-3.775824e-03	-6.647370e-01
1.000000e-05	5.087782e-03	-9.277636e-01
1.001000e-05	-3.131761e-03	-1.242474e+00
1.002000e-05	3.034668e-03	-1.557267e+00
1.003000e-05	-9.608264e-04	-1.778367e+00
1.004000e-05	3.311644e-02	-2.010471e+00
1.005000e-05	1.208991e-01	-2.271981e+00
1.006000e-05	2.429357e-02	-2.653054e+00
1.007000e-05	-4.548558e-02	-3.043029e+00
1.008000e-05	-1.173674e-02	-3.368339e+00
1.009000e-05	-4.311261e-02	-3.568418e+00
1.010000e-05	-8.021314e-02	-3.780300e+00
1.011000e-05	2.078735e-02	-3.979524e+00
1.012000e-05	1.213100e-01	-4.176448e+00
1.013000e-05	-1.611744e-01	-4.524684e+00
1.014000e-05	2.181381e-01	-4.745341e+00
1.015000e-05	-9.898999e-02	-5.089926e+00
1.016000e-05	2.621281e-02	-5.418502e+00
1.017000e-05	4.793240e-02	-5.651603e+00
1.018000e-05	-1.416137e-01	-5.976339e+00
1.019000e-05	1.957600e-01	-6.165919e+00
1.020000e-05	-1.058335e-01	-6.448529e+00
1.021000e-05	1.030039e-01	-6.777342e+00
1.022000e-05	-9.747766e-03	-6.966497e+00
1.023000e-05	-4.041679e-02	-7.324682e+00
1.024000e-05	1.011288e-01	-7.513766e+00
1.025000e-05	-1.038899e-01	-7.828475e+00
1.026000e-05	1.453751e-01	-8.062609e+00
1.027000e-05	-6.833379e-02	-8.313209e+00
1.028000e-05	7.173882e-02	-8.586462e+00
1.029000e-05	2.865202e-02	-8.808994e+00
1.030000e-05	-5.424206e-02	-9.070601e+00
1.031000e-05	8.776331e-02	-9.220931e+00
1.032000e-05	-6.122440e-02	-9.520758e+00
1.033000e-05	1.286266e-01	-9.743216e+00
1.034000e-05	-5.406494e-02	-9.954786e+00
1.035000e-05	8.675312e-02	-1.014497e+01
1.036000e-05	-2.325412e-02	-1.038787e+01
1.037000e-05	4.503502e-02	-1.060755e+01
1.038000e-05	2.860883e-02	-1.078630e+01
1.039000e-05	7.428852e-04	-1.099597e+01
1.040000e-05	6.345870e-02	-1.116644e+01
1.041000e-05	-1.019669e-02	-1.144750e+01
1.042000e-05	8.046846e-02	-1.162750e+01
1.043000e-05	-1.963437e-02	-1.183555e+01
1.044000e-05	6.863432e-02	-1.204865e+01
1.045000e-05	-1.296427e-03	-1.221752e+01
1.046000e-05	7.174459e-02	-1.241682e+01
1.047000e-05	1.473302e-02	-1.255444e+01
1.048000e-05	4.255051e-02	-1.279374e+01
1.049000e-05	2.854771e-02	-1.287961e+01
1.050000e-05	4.072824e-02	-1.305910e+01
1.051000e-05	4.965537e-02	-1.320587e+01
1.052000e-05	3.186554e-02	-1.337341e+01
1.053000e-05	5.603652e-02	-1.349018e+01
1.054000e-05	3.448397e-02	-1.365855e+01
1.055000e-05	6.254060e-02	-1.377437e+01
1.056000e-05	3.090581e-02	-1.390876e+01
1.057000e-05	5.368646e-02	-1.400850e+01
1.058000e-05	4.060355e-02	-1.419239e+01
1.059000e-05	6.513378e-02	-1.430016e+01
1.060000e-05	5.165494e-02	-1.442542e+01
1.061000e-05	5.935526e-02	-1.451176e+01
1.062000e-05	5.408159e-02	-1.460495e+01
1.063000e-05	6.630678e-02	-1.471871e+01
1.064000e-05	6.654223e-02	-1.474537e+01
1.065000e-05	6.482613e-02	-1.488880e+01
1.066000e-05	6.716456e-02	-1.492238e+01
1.067000e-05	6.914112e-02	-1.495560e+01
1.068000e-05	7.740176e-02	-1.504825e+01
1.069000e-05	7.051771e-02	-1.514128e+01
1.070000e-05	7.779761e-02	-1.518442e+01
1.071000e-05	7.889561e-02	-1.526802e+01
1.072000e-05	9.402266e-02	-1.529116e+01
1.073000e-05	8.916093e-02	-1.530328e+01
1.074000e-05	9.315005e-02	-1.537239e+01
1.075000e-05	9.062126e-02	-1.538394e+01
1.076000e-05	1.009456e-01	-1.537547e+01
1.077000e-05	1.048798e-01	-1.539560e+01
1.078000e-05	1.082224e-01	-1.545607e+01
1.079000e-05	1.128321e-01	-1.541707e+01
1.080000e-05	1.203067e-01	-1.541655e+01
1.081000e-05	1.297548e-01	-1.539464e+01
1.082000e-05	1.317447e-01	-1.540550e+01
1.083000e-05	1.390771e-01	-1.536404e+01
1.084000e-05	1.489300e-01	-1.534402e+01
1.085000e-05	1.665944e-01	-1.535144e+01
1.086000e-05	1.826129e-01	-1.531069e+01
1.087000e-05	2.009531e-01	-1.527870e+01
1.088000e-05	2.263564e-01	-1.524702e+01
1.089000e-05	2.491133e-01	-1.517494e+01
1.090000e-05	2.500000e-01	-1.513036e+01
1.091000e-05	2.500000e-01	-1.503663e+01
1.092000e-05	2.500000e-01	-1.495404e+01
1.093000e-05	2.500000e-01	-1.491038e+01
1.094000e-05	2.500000e-01	-1.485670e+01
1.095000e-05	2.498000e-01	-1.478242e+01
1.096000e-05	2.374907e-01	-1.469968e+01
1.097000e-05	2.049878e-01	-1.458447e+01
1.098000e-05	1.813154e-01	-1.452020e+01
1.099000e-05	1.597698e-01	-1.438799e+01
1.100000e-05	1.397700e-01	-1.424821e+01
1.101000e-05	1.236344e-01	-1.416137e+01
1.102000e-05	1.113710e-01	-1.403670e+01
1.103000e-05	1.013435e-01	-1.387931e+01
1.104000e-05	9.115217e-02	-1.376436e+01
1.105000e-05	8.152725e-02	-1.366665e+01
1.106000e-05	7.598926e-02	-1.346821e+01
1.107000e-05	7.154784e-02	-1.331234e+01
1.108000e-05	6.612588e-02	-1.323507e+01
1.109000e-05	5.911603e-02	-1.300865e+01
1.110000e-05	5.386885e-02	-1.292176e+01
1.111000e-05	5.303030e-02	-1.276191e+01
1.112000e-05	4.896323e-02	-1.253497e+01
1.113000e-05	4.530773e-02	-1.243562e+01
1.114000e-05	4.022939e-02	-1.224863e+01
1.115000e-05	3.840120e-02	-1.207770e+01
1.116000e-05	3.691727e-02	-1.185758e+01
1.117000e-05	3.544399e-02	-1.166928e+01
1.118000e-05	3.168311e-02	-1.138605e+01
1.119000e-05	3.016610e-02	-1.118410e+01
1.120000e-05	2.977151e-02	-1.100607e+01
1.121000e-05	2.786092e-02	-1.080610e+01
1.122000e-05	2.520787e-02	-1.058663e+01
1.123000e-05	2.183472e-02	-1.040653e+01
1.124000e-05	2.224780e-02	-1.015401e+01
1.125000e-05	2.126322e-02	-9.973443e+00
1.126000e-05	2.043580e-02	-9.735443e+00
1.127000e-05	1.696417e-02	-9.532466e+00
1.128000e-05	1.750541e-02	-9.282386e+00
1.129000e-05	1.622926e-02	-9.079756e+00
1.130000e-05	1.615952e-02	-8.840752e+00
1.131000e-05	1.297356e-02	-8.567572e+00
1.132000e-05	1.276124e-02	-8.375492e+00
1.133000e-05	1.194828e-02	-8.154541e+00
1.134000e-05	1.240465e-02	-7.859735e+00
1.135000e-05	9.918067e-03	-7.625576e+00
1.136000e-05	7.702320e-03	-7.312441e+00
1.137000e-05	7.117852e-03	-7.070312e+00
1.138000e-05	7.243760e-03	-6.829727e+00
1.139000e-05	6.670647e-03	-6.576970e+00
1.140000e-05	4.830864e-03	-6.311317e+00
1.141000e-05	3.635779e-03	-6.030205e+00
1.142000e-05	4.288841e-03	-5.754971e+00
1.143000e-05	4.379327e-03	-5.510858e+00
1.144000e-05	3.215826e-03	-5.188076e+00
1.145000e-05	1.082682e-03	-4.901309e+00
1.146000e-05	2.065674e-03	-4.548072e+00
1.147000e-05	1.067024e-03	-4.366493e+00
1.148000e-05	5.605072e-04	-4.083837e+00
1.149000e-05	-3.117692e-03	-3.819606e+00
1.150000e-05	-2.096496e-03	-3.556919e+00
1.151000e-05	-3.167273e-03	-3.272835e+00
1.152000e-05	-1.631043e-03	-2.977495e+00
1.153000e-05	-3.129142e-03	-2.703762e+00
1.154000e-05	-2.656390e-03	-2.456632e+00
1.155000e-05	-3.317725e-03	-2.115369e+00
1.156000e-05	-3.316531e-03	-1.852210e+00
1.157000e-05	-6.384885e-03	-1.607047e+00
1.158000e-05	-7.151361e-03	-1.273306e+00
1.159000e-05	-9.613971e-03	-9.374697e-01
1.160000e-05	-6.714878e-03	-6.642880e-01
1.161000e-05	-5.765315e-03	-3.770484e-01
1.162000e-05	-4.039685e-03	-9.286197e-02
1.163000e-05	3.150766e-03	1.577725e-01
1.164000e-05	6.658659e-03	4.736266e-01
1.165000e-05	-2.166010e-04	6.852133e-01
1.166000e-05	3.517420e-03	1.008842e+00
1.167000e-05	-4.339210e-03	1.274609e+00
1.168000e-05	6.158876e-04	1.568316e+00
1.169000e-05	-1.654904e-03	1.862104e+00
1.170000e-05	2.305500e-02	2.022083e+00
1.171000e-05	8.607262e-02	2.346714e+00
1.172000e-05	6.378729e-02	2.653029e+00
1.173000e-05	-6.244852e-02	2.958818e+00
1.174000e-05	-2.409593e-02	3.213608e+00
1.175000e-05	-4.069825e-02	3.558316e+00
1.176000e-05	-3.903080e-02	3.797822e+00
1.177000e-05	-8.808114e-02	3.977817e+00
1.178000e-05	5.578898e-02	4.242055e+00
1.179000e-05	3.862619e-02	4.566689e+00
1.180000e-05	-8.816074e-02	4.788444e+00
1.181000e-05	1.771195e-01	5.093631e+00
1.182000e-05	-1.300405e-01	5.450026e+00
1.183000e-05	2.941346e-02	5.682081e+00
1.184000e-05	-1.672310e-02	5.997339e+00
1.185000e-05	-2.063033e-02	6.217974e+00
1.186000e-05	5.597765e-02	6.480109e+00
1.187000e-05	-7.611836e-02	6.786795e+00
1.188000e-05	4.030899e-02	7.009426e+00
1.189000e-05	-4.730868e-02	7.251632e+00
1.190000e-05	1.263193e-02	7.586367e+00
1.191000e-05	-3.586634e-02	7.860400e+00
1.192000e-05	-2.285805e-02	8.144210e+00
1.193000e-05	3.816519e-02	8.346341e+00
1.194000e-05	-3.961544e-02	8.554817e+00
1.195000e-05	1.427393e-02	8.786342e+00
1.196000e-05	-4.779120e-02	9.038573e+00
1.197000e-05	-2.839965e-02	9.280102e+00
1.198000e-05	2.138322e-03	9.521183e+00
1.199000e-05	-1.755129e-02	9.723663e+00
1.200000e-05	-1.045689e-02	9.965793e+00
1.201000e-05	-3.706160e-02	1.014587e+01
1.202000e-05	5.527963e-03	1.037492e+01
1.203000e-05	-3.088009e-02	1.057684e+01
1.204000e-05	-2.240104e-02	1.080689e+01
1.205000e-05	-3.701849e-02	1.101639e+01
1.206000e-05	-2.420168e-02	1.121740e+01
1.207000e-05	-1.189682e-02	1.142847e+01
1.208000e-05	-3.322957e-02	1.162747e+01
1.209000e-05	-3.295335e-02	1.181905e+01
1.210000e-05	-3.998397e-02	1.200697e+01
1.211000e-05	-1.725816e-02	1.216445e+01
1.212000e-05	-2.901827e-02	1.244584e+01
1.213000e-05	-3.531346e-02	1.253384e+01
1.214000e-05	-4.534910e-02	1.272266e+01
1.215000e-05	-3.497253e-02	1.287955e+01
1.216000e-05	-3.294187e-02	1.301647e+01
1.217000e-05	-4.271983e-02	1.317534e+01
1.218000e-05	-4.867915e-02	1.332136e+01
1.219000e-05	-4.161551e-02	1.346913e+01
1.220000e-05	-3.443313e-02	1.360650e+01
1.221000e-05	-4.385698e-02	1.372233e+01
1.222000e-05	-5.740851e-02	1.385815e+01
1.223000e-05	-5.725355e-02	1.400595e+01
1.224000e-05	-5.068992e-02	1.415181e+01
1.225000e-05	-4.891617e-02	1.425865e+01
1.226000e-05	-6.023791e-02	1.439392e+01
1.227000e-05	-6.485751e-02	1.449376e+01
1.228000e-05	-6.008425e-02	1.462490e+01
1.229000e-05	-5.837800e-02	1.466870e+01
1.230000e-05	-6.542128e-02	1.479549e+01
1.231000e-05	-7.419068e-02	1.483805e+01
1.232000e-05	-7.160070e-02	1.487033e+01
1.233000e-05	-6.984162e-02	1.494444e+01
1.234000e-05	-7.274659e-02	1.501503e+01
1.235000e-05	-8.561136e-02	1.507060e+01
1.236000e-05	-9.103455e-02	1.512134e+01
1.237000e-05	-8.791091e-02	1.519447e+01
1.238000e-05	-8.747725e-02	1.521707e+01
1.239000e-05	-9.479444e-02	1.525823e+01
1.240000e-05	-1.037937e-01	1.528931e+01
1.241000e-05	-1.004668e-01	1.532033e+01
1.242000e-05	-1.029550e-01	1.533241e+01
1.243000e-05	-1.090412e-01	1.535192e+01
1.244000e-05	-1.224952e-01	1.534396e+01
1.245000e-05	-1.251994e-01	1.534247e+01
1.246000e-05	-1.258077e-01	1.539291e+01
1.247000e-05	-1.304584e-01	1.533194e+01
1.248000e-05	-1.444857e-01	1.534191e+01
1.249000e-05	-1.557126e-01	1.531046e+01
1.250000e-05	-1.624454e-01	1.532128e+01
1.251000e-05	-1.736108e-01	1.526868e+01
1.252000e-05	-1.946749e-01	1.525868e+01
1.253000e-05	-2.234631e-01	1.521457e+01
1.254000e-05	-2.471649e-01	1.515344e+01
1.255000e-05	-2.499849e-01	1.516186e+01
1.256000e-05	-2.500000e-01	1.505815e+01
1.257000e-05	-2.500000e-01	1.499444e+01
1.258000e-05	-2.500000e-01	1.493238e+01
1.259000e-05	-2.500000e-01	1.487860e+01
1.260000e-05	-2.500000e-01	1.480647e+01
1.261000e-05	-2.495800e-01	1.471030e+01
1.262000e-05	-2.385863e-01	1.463652e+01
1.263000e-05	-2.048742e-01	1.451328e+01
1.264000e-05	-1.790095e-01	1.441509e+01
1.265000e-05	-1.563008e-01	1.429021e+01
1.266000e-05	-1.469913e-01	1.417414e+01
1.267000e-05	-1.284986e-01	1.407965e+01
1.268000e-05	-1.166435e-01	1.391344e+01
1.269000e-05	-1.026255e-01	1.380462e+01
1.270000e-05	-1.018215e-01	1.366915e+01
1.271000e-05	-9.348444e-02	1.353184e+01
1.272000e-05	-8.662410e-02	1.338549e+01
1.273000e-05	-7.531658e-02	1.323965e+01
1.274000e-05	-7.392475e-02	1.311976e+01
1.275000e-05	-7.056442e-02	1.292387e+01
1.276000e-05	-6.737543e-02	1.278457e+01
1.277000e-05	-5.932066e-02	1.261710e+01
1.278000e-05	-5.753498e-02	1.247926e+01
1.279000e-05	-5.709706e-02	1.229828e+01
1.280000e-05	-5.536639e-02	1.212039e+01
1.281000e-05	-5.003211e-02	1.195231e+01
1.282000e-05	-4.616504e-02	1.174347e+01
1.283000e-05	-4.843768e-02	1.151141e+01
1.284000e-05	-4.692531e-02	1.131133e+01
1.285000e-05	-4.390358e-02	1.113183e+01
1.286000e-05	-3.861217e-02	1.091389e+01
1.287000e-05	-3.823566e-02	1.074391e+01
1.288000e-05	-3.965890e-02	1.052181e+01
1.289000e-05	-3.770448e-02	1.031231e+01
1.290000e-05	-3.544809e-02	1.010173e+01
1.291000e-05	-3.341114e-02	9.859204e+00
1.292000e-05	-3.530942e-02	9.676725e+00
1.293000e-05	-3.551257e-02	9.406102e+00
1.294000e-05	-2.994587e-02	9.167025e+00
1.295000e-05	-2.997663e-02	8.934040e+00
1.296000e-05	-2.808984e-02	8.700813e+00
1.297000e-05	-2.889422e-02	8.491835e+00
1.298000e-05	-2.846970e-02	8.210179e+00
1.299000e-05	-2.404547e-02	8.028469e+00
1.300000e-05	-2.872825e-02	7.743940e+00
1.301000e-05	-2.777434e-02	7.480839e+00
1.302000e-05	-2.863009e-02	7.207151e+00
1.303000e-05	-2.470834e-02	6.965396e+00
1.304000e-05	-2.036887e-02	6.712412e+00
1.305000e-05	-2.180719e-02	6.429576e+00
1.306000e-05	-2.084579e-02	6.187522e+00
1.307000e-05	-2.067520e-02	5.947363e+00
1.308000e-05	-2.063973e-02	5.650229e+00
1.309000e-05	-2.222781e-02	5.387451e+00
1.310000e-05	-2.350051e-02	5.100232e+00
1.311000e-05	-2.154201e-02	4.745970e+00
1.312000e-05	-1.825158e-02	4.481913e+00
1.313000e-05	-1.682652e-02	4.159133e+00
1.314000e-05	-1.593450e-02	3.945389e+00
1.315000e-05	-1.609415e-02	3.651761e+00
1.316000e-05	-1.582116e-02	3.425578e+00
1.317000e-05	-1.601902e-02	3.113390e+00
1.318000e-05	-1.825548e-02	2.832151e+00
1.319000e-05	-1.779294e-02	2.566944e+00
1.320000e-05	-1.665705e-02	2.251709e+00
1.321000e-05	-1.291117e-02	2.019649e+00
1.322000e-05	-1.248664e-02	1.734438e+00
1.323000e-05	-1.137550e-02	1.408552e+00
1.324000e-05	-1.246562e-02	1.125888e+00
1.325000e-05	-1.090928e-02	7.585224e-01
1.326000e-05	-1.253302e-02	4.947655e-01
1.327000e-05	-9.971775e-03	2.332051e-01
1.328000e-05	-1.027706e-02	-5.402902e-02
1.329000e-05	3.222967e-03	-2.762594e-01
1.330000e-05	9.234685e-04	-6.198702e-01
1.331000e-05	1.878834e-03	-8.325354e-01
1.332000e-05	-6.818413e-05	-1.105742e+00
1.333000e-05	1.176717e-03	-1.451979e+00
1.334000e-05	2.520892e-04	-1.684686e+00
1.335000e-05	1.757602e-02	-1.956766e+00
1.336000e-05	8.240288e-02	-2.135243e+00
1.337000e-05	1.000738e-01	-2.505212e+00
1.338000e-05	-6.526654e-02	-2.883583e+00
1.339000e-05	4.047269e-03	-3.284534e+00
1.340000e-05	-5.127115e-02	-3.452160e+00
1.341000e-05	-4.322654e-02	-3.685614e+00
1.342000e-05	-8.072928e-02	-3.956289e+00
1.343000e-05	1.817723e-01	-4.064162e+00
1.344000e-05	-1.366059e-01	-4.408894e+00
1.345000e-05	9.273296e-02	-4.682627e+00
1.346000e-05	6.788637e-02	-4.893686e+00
1.347000e-05	-1.311508e-01	-5.324111e+00
1.348000e-05	1.658737e-01	-5.577293e+00
1.349000e-05	-1.884881e-01	-5.819475e+00
1.350000e-05	1.323750e-01	-6.083259e+00
1.351000e-05	8.461531e-03	-6.354336e+00
1.352000e-05	-2.366777e-02	-6.682058e+00
1.353000e-05	1.138934e-01	-6.872134e+00
1.354000e-05	-1.224209e-01	-7.218322e+00
1.355000e-05	1.289624e-01	-7.430123e+00
1.356000e-05	-8.286932e-02	-7.722164e+00
1.357000e-05	7.083456e-02	-8.008524e+00
1.358000e-05	3.793936e-02	-8.207920e+00
1.359000e-05	-4.066001e-02	-8.461054e+00
1.360000e-05	1.260306e-01	-8.745237e+00
1.361000e-05	-1.063799e-01	-9.006364e+00
1.362000e-05	9.947866e-02	-9.188345e+00
1.363000e-05	-5.270450e-02	-9.406468e+00
1.364000e-05	8.583359e-02	-9.671628e+00
1.365000e-05	1.604201e-02	-9.829128e+00
1.366000e-05	1.327830e-02	-1.009158e+01
1.367000e-05	5.300424e-02	-1.030271e+01
1.368000e-05	-3.034156e-02	-1.055436e+01
1.369000e-05	8.820814e-02	-1.073424e+01
1.370000e-05	-4.085250e-02	-1.095266e+01
1.371000e-05	8.657739e-02	-1.116371e+01
1.372000e-05	-1.983516e-02	-1.139279e+01
1.373000e-05	7.611624e-02	-1.155332e+01
1.374000e-05	3.154413e-04	-1.176234e+01
1.375000e-05	4.108712e-02	-1.200639e+01
1.376000e-05	2.562154e-02	-1.215336e+01
1.377000e-05	3.765118e-02	-1.234274e+01
1.378000e-05	5.256247e-02	-1.250116e+01
1.379000e-05	1.431738e-02	-1.267915e+01
1.380000e-05	5.220360e-02	-1.285808e+01
1.381000e-05	1.463914e-02	-1.300494e+01
1.382000e-05	6.556441e-02	-1.312326e+01
1.383000e-05	2.006821e-02	-1.331021e+01
1.384000e-05	6.288488e-02	-1.341713e+01
1.385000e-05	3.069026e-02	-1.360431e+01
1.386000e-05	6.289279e-02	-1.372331e+01
1.387000e-05	3.691386e-02	-1.385863e+01
1.388000e-05	4.780338e-02	-1.393389e+01
1.389000e-05	4.241498e-02	-1.412931e+01
1.390000e-05	5.595185e-02	-1.422810e+01
1.391000e-05	5.855027e-02	-1.436289e+01
1.392000e-05	5.399014e-02	-1.447872e+01
1.393000e-05	5.850967e-02	-1.456436e+01
1.394000e-05	5.760161e-02	-1.465815e+01
1.395000e-05	7.026079e-02	-1.476336e+01
1.396000e-05	6.120057e-02	-1.484752e+01
1.397000e-05	6.963520e-02	-1.492024e+01
1.398000e-05	6.461892e-02	-1.496297e+01
1.399000e-05	7.812258e-02	-1.501565e+01
1.400000e-05	7.041148e-02	-1.508087e+01
1.401000e-05	7.701802e-02	-1.518434e+01
1.402000e-05	7.557689e-02	-1.520705e+01
1.403000e-05	8.919483e-02	-1.528868e+01
1.404000e-05	9.095067e-02	-1.533019e+01
1.405000e-05	9.236456e-02	-1.535289e+01
1.406000e-05	9.182538e-02	-1.535391e+01
1.407000e-05	9.577205e-02	-1.538397e+01
1.408000e-05	1.044189e-01	-1.539705e+01
1.409000e-05	1.061342e-01	-1.541650e+01
1.410000e-05	1.117754e-01	-1.543605e+01
1.411000e-05	1.154086e-01	-1.540608e+01
1.412000e-05	1.271004e-01	-1.539457e+01
1.413000e-05	1.319632e-01	-1.537505e+01
1.414000e-05	1.371432e-01	-1.541347e+01
1.415000e-05	1.440537e-01	-1.541397e+01
1.416000e-05	1.585839e-01	-1.534239e+01
1.417000e-05	1.761249e-01	-1.531086e+01
1.418000e-05	1.934466e-01	-1.530121e+01
1.419000e-05	2.166188e-01	-1.525922e+01
1.420000e-05	2.440543e-01	-1.517545e+01
1.421000e-05	2.500000e-01	-1.514239e+01
1.422000e-05	2.500000e-01	-1.507823e+01
1.423000e-05	2.500000e-01	-1.500465e+01
1.424000e-05	2.500000e-01	-1.492239e+01
1.425000e-05	2.500000e-01	-1.486970e+01
1.426000e-05	2.500000e-01	-1.481300e+01
1.427000e-05	2.460101e-01	-1.473081e+01
1.428000e-05	2.171645e-01	-1.458555e+01
1.429000e-05	1.880925e-01	-1.450186e+01
1.430000e-05	1.674919e-01	-1.442755e+01
1.431000e-05	1.473122e-01	-1.433091e+01
1.432000e-05	1.301906e-01	-1.419499e+01
1.433000e-05	1.150623e-01	-1.402718e+01
1.434000e-05	1.045062e-01	-1.394142e+01
1.435000e-05	9.481125e-02	-1.380655e+01
1.436000e-05	8.536749e-02	-1.368973e+01
1.437000e-05	7.759583e-02	-1.357247e+01
1.438000e-05	7.240140e-02	-1.339357e+01
1.439000e-05	6.840334e-02	-1.325860e+01
1.440000e-05	6.193790e-02	-1.311129e+01
1.441000e-05	5.611403e-02	-1.295297e+01
1.442000e-05	5.222308e-02	-1.279555e+01
1.443000e-05	5.092764e-02	-1.263812e+01
1.444000e-05	4.769101e-02	-1.246926e+01
1.445000e-05	4.354012e-02	-1.231168e+01
1.446000e-05	3.978286e-02	-1.213236e+01
1.447000e-05	3.775805e-02	-1.191237e+01
1.448000e-05	3.539933e-02	-1.171084e+01
1.449000e-05	3.198253e-02	-1.151123e+01
1.450000e-05	2.938121e-02	-1.124829e+01
1.451000e-05	2.925189e-02	-1.108068e+01
1.452000e-05	2.883616e-02	-1.086968e+01
1.453000e-05	2.706801e-02	-1.068771e+01
1.454000e-05	2.442585e-02	-1.048986e+01
1.455000e-05	2.155352e-02	-1.024671e+01
1.456000e-05	2.131392e-02	-1.002767e+01
1.457000e-05	2.085990e-02	-9.808154e+00
1.458000e-05	1.840512e-02	-9.637551e+00
1.459000e-05	1.572309e-02	-9.385571e+00
1.460000e-05	1.758583e-02	-9.164988e+00
1.461000e-05	1.649025e-02	-8.924392e+00
1.462000e-05	1.347128e-02	-8.711334e+00
1.463000e-05	1.182520e-02	-8.459228e+00
1.464000e-05	1.152226e-02	-8.197001e+00
1.465000e-05	1.245351e-02	-7.976522e+00
1.466000e-05	1.108979e-02	-7.670884e+00
1.467000e-05	9.268255e-03	-7.427629e+00
1.468000e-05	7.851520e-03	-7.207547e+00
1.469000e-05	7.062007e-03	-6.871838e+00
1.470000e-05	6.884519e-03	-6.660681e+00
1.471000e-05	4.716641e-03	-6.439201e+00
1.472000e-05	5.105111e-03	-6.143467e+00
1.473000e-05	4.168510e-03	-5.881313e+00
1.474000e-05	5.890229e-03	-5.580602e+00
1.475000e-05	2.851490e-03	-5.273387e+00
1.476000e-05	2.528977e-03	-5.019630e+00
1.477000e-05	2.134606e-04	-4.692761e+00
1.478000e-05	2.523138e-03	-4.410655e+00
1.479000e-05	2.468306e-04	-4.218599e+00
1.480000e-05	-8.017823e-04	-3.924868e+00
1.481000e-05	-2.954064e-03	-3.641657e+00
1.482000e-05	-2.081066e-03	-3.366075e+00
1.483000e-05	-3.265276e-03	-3.103312e+00
1.484000e-05	-1.642712e-03	-2.788573e+00
1.485000e-05	-3.617492e-03	-2.513892e+00
1.486000e-05	-2.599180e-03	-2.269731e+00
1.487000e-05	-3.592662e-03	-1.946426e+00
1.488000e-05	-4.358194e-03	-1.692287e+00
1.489000e-05	-6.056825e-03	-1.397121e+00
1.490000e-05	-7.106058e-03	-1.029702e+00
1.491000e-05	-6.602580e-03	-7.570285e-01
1.492000e-05	-7.379357e-03	-4.623604e-01
1.493000e-05	-5.555109e-03	-1.911526e-01
1.494000e-05	-1.600644e-03	7.255914e-02
1.495000e-05	1.017209e-02	3.687437e-01
1.496000e-05	-1.837588e-03	5.794774e-01
1.497000e-05	6.395323e-03	8.841528e-01
1.498000e-05	-3.364895e-03	1.138842e+00
1.499000e-05	2.394075e-03	1.431551e+00
1.500000e-05	-4.326794e-03	1.749967e+00
1.501000e-05	1.424843e-02	1.948866e+00
1.502000e-05	5.175237e-02	2.190820e+00
1.503000e-05	1.090009e-01	2.487213e+00
1.504000e-05	-4.697726e-02	2.874680e+00
1.505000e-05	-3.000898e-02	3.148341e+00
1.506000e-05	-4.075668e-02	3.471501e+00
1.507000e-05	-2.295896e-02	3.714713e+00
1.508000e-05	-8.809521e-02	3.914189e+00
1.509000e-05	-1.229378e-02	4.094833e+00
1.510000e-05	1.073490e-01	4.452050e+00
1.511000e-05	-1.193708e-01	4.765112e+00
1.512000e-05	1.335938e-01	4.963291e+00
1.513000e-05	-1.973737e-02	5.335661e+00
1.514000e-05	-7.042944e-02	5.546842e+00
1.515000e-05	5.217135e-02	5.912503e+00
1.516000e-05	-7.047855e-02	6.084159e+00
1.517000e-05	7.184208e-02	6.367268e+00
1.518000e-05	-4.976410e-02	6.680655e+00
1.519000e-05	-5.399286e-03	6.923686e+00
1.520000e-05	3.498387e-03	7.198387e+00
1.521000e-05	-3.506560e-02	7.461054e+00
1.522000e-05	1.691472e-02	7.756214e+00
1.523000e-05	-6.807501e-02	8.017047e+00
1.524000e-05	4.605371e-02	8.290705e+00
1.525000e-05	-2.253281e-02	8.514684e+00
1.526000e-05	-9.467977e-03	8.702106e+00
1.527000e-05	-5.732306e-03	8.934264e+00
1.528000e-05	-6.654773e-02	9.217339e+00
1.529000e-05	2.338094e-02	9.377370e+00
1.530000e-05	-3.438357e-02	9.608475e+00
1.531000e-05	1.023443e-02	9.839027e+00
1.532000e-05	-5.064916e-02	1.009166e+01
1.533000e-05	2.857830e-03	1.029168e+01
1.534000e-05	-2.061274e-02	1.049166e+01
1.535000e-05	-2.885599e-02	1.072223e+01
1.536000e-05	-2.521749e-02	1.091274e+01
1.537000e-05	-4.148969e-02	1.106274e+01
1.538000e-05	1.347518e-04	1.137181e+01
1.539000e-05	-3.764814e-02	1.152429e+01
1.540000e-05	-2.101277e-02	1.171287e+01
1.541000e-05	-5.140343e-02	1.195486e+01
1.542000e-05	-1.583868e-02	1.210171e+01
1.543000e-05	-2.951907e-02	1.231223e+01
1.544000e-05	-2.897930e-02	1.252061e+01
1.545000e-05	-4.466007e-02	1.265810e+01
1.546000e-05	-4.058167e-02	1.279684e+01
1.547000e-05	-2.828137e-02	1.292336e+01
1.548000e-05	-4.231557e-02	1.312226e+01
1.549000e-05	-4.279698e-02	1.328915e+01
1.550000e-05	-5.117191e-02	1.343554e+01
1.551000e-05	-3.090449e-02	1.352529e+01
1.552000e-05	-4.404275e-02	1.370863e+01
1.553000e-05	-4.921945e-02	1.378607e+01
1.554000e-05	-6.199276e-02	1.401241e+01
1.555000e-05	-5.066810e-02	1.410061e+01
1.556000e-05	-4.809870e-02	1.426857e+01
1.557000e-05	-5.520863e-02	1.435224e+01
1.558000e-05	-6.373071e-02	1.443870e+01
1.559000e-05	-6.466794e-02	1.459396e+01
1.560000e-05	-5.605795e-02	1.465800e+01
1.561000e-05	-6.448854e-02	1.471231e+01
1.562000e-05	-6.960123e-02	1.482545e+01
1.563000e-05	-7.592446e-02	1.489065e+01
1.564000e-05	-6.853241e-02	1.493278e+01
1.565000e-05	-7.271558e-02	1.500547e+01
1.566000e-05	-8.126344e-02	1.504710e+01
1.567000e-05	-9.166328e-02	1.512276e+01
1.568000e-05	-8.860325e-02	1.514444e+01
1.569000e-05	-8.439670e-02	1.523552e+01
1.570000e-05	-9.089940e-02	1.525963e+01
1.571000e-05	-9.932953e-02	1.528920e+01
1.572000e-05	-1.037359e-01	1.529020e+01
1.573000e-05	-1.025518e-01	1.530188e+01
1.574000e-05	-1.072254e-01	1.532041e+01
1.575000e-05	-1.189267e-01	1.537394e+01
1.576000e-05	-1.245189e-01	1.537192e+01
1.577000e-05	-1.250977e-01	1.536352e+01
1.578000e-05	-1.264997e-01	1.535399e+01
1.579000e-05	-1.396359e-01	1.536189e+01
1.580000e-05	-1.531615e-01	1.532193e+01
1.581000e-05	-1.611354e-01	1.531024e+01
1.582000e-05	-1.684236e-01	1.529876e+01
1.583000e-05	-1.862602e-01	1.527968e+01
1.584000e-05	-2.135290e-01	1.523762e+01
1.585000e-05	-2.393955e-01	1.518404e+01
1.586000e-05	-2.499540e-01	1.517228e+01
1.587000e-05	-2.500000e-01	1.509021e+01
1.588000e-05	-2.500000e-01	1.499655e+01
1.589000e-05	-2.500000e-01	1.492136e+01
1.590000e-05	-2.500000e-01	1.490973e+01
1.591000e-05	-2.500000e-01	1.483409e+01
1.592000e-05	-2.500000e-01	1.472381e+01
1.593000e-05	-2.452056e-01	1.463812e+01
1.594000e-05	-2.166381e-01	1.454242e+01
1.595000e-05	-1.858057e-01	1.445870e+01
1.596000e-05	-1.640043e-01	1.434079e+01
1.597000e-05	-1.496960e-01	1.419817e+01
1.598000e-05	-1.361222e-01	1.411234e+01
1.599000e-05	-1.207582e-01	1.396444e+01
1.600000e-05	-1.079283e-01	1.383763e+01
1.601000e-05	-1.021325e-01	1.368131e+01
1.602000e-05	-9.728498e-02	1.354252e+01
1.603000e-05	-8.785720e-02	1.342755e+01
1.604000e-05	-7.793202e-02	1.331178e+01
1.605000e-05	-7.434265e-02	1.315286e+01
1.606000e-05	-7.232238e-02	1.298346e+01
1.607000e-05	-6.881651e-02	1.284820e+01
1.608000e-05	-6.174438e-02	1.264973e+01
1.609000e-05	-5.893491e-02	1.253344e+01
1.610000e-05	-5.790922e-02	1.236400e+01
1.611000e-05	-5.687695e-02	1.215304e+01
1.612000e-05	-5.138545e-02	1.199660e+01
1.613000e-05	-4.714443e-02	1.176560e+01
1.614000e-05	-4.727060e-02	1.160552e+01
1.615000e-05	-4.753304e-02	1.139412e+01
1.616000e-05	-4.522345e-02	1.117554e+01
1.617000e-05	-4.001483e-02	1.096552e+01
1.618000e-05	-3.934134e-02	1.080810e+01
1.619000e-05	-3.959553e-02	1.057652e+01
1.620000e-05	-3.979914e-02	1.041697e+01
1.621000e-05	-3.537518e-02	1.016394e+01
1.622000e-05	-3.447445e-02	9.942843e+00
1.623000e-05	-3.402394e-02	9.701837e+00
1.624000e-05	-3.538293e-02	9.450709e+00
1.625000e-05	-3.171557e-02	9.251781e+00
1.626000e-05	-2.965476e-02	9.037178e+00
1.627000e-05	-2.874307e-02	8.795523e+00
1.628000e-05	-3.062832e-02	8.565942e+00
1.629000e-05	-2.914092e-02	8.364389e+00
1.630000e-05	-2.792859e-02	8.101756e+00
1.631000e-05	-2.567344e-02	7.809752e+00
1.632000e-05	-2.618676e-02	7.597571e+00
1.633000e-05	-2.684811e-02	7.292839e+00
1.634000e-05	-2.462003e-02	7.049183e+00
1.635000e-05	-2.269218e-02	6.798623e+00
1.636000e-05	-2.274356e-02	6.553469e+00
1.637000e-05	-2.393699e-02	6.240760e+00
1.638000e-05	-2.181520e-02	6.039153e+00
1.639000e-05	-2.061817e-02	5.723573e+00
1.640000e-05	-1.937453e-02	5.492837e+00
1.641000e-05	-2.082786e-02	5.188077e+00
1.642000e-05	-2.121674e-02	4.890207e+00
1.643000e-05	-2.003919e-02	4.577600e+00
1.644000e-05	-1.858296e-02	4.345966e+00
1.645000e-05	-1.832810e-02	3.981605e+00
1.646000e-05	-1.857302e-02	3.775942e+00
1.647000e-05	-1.712673e-02	3.543891e+00
1.648000e-05	-1.488376e-02	3.189078e+00
1.649000e-05	-1.541643e-02	2.924418e+00
1.650000e-05	-1.707142e-02	2.672757e+00
1.651000e-05	-1.616475e-02	2.358949e+00
1.652000e-05	-1.457632e-02	2.072814e+00
1.653000e-05	-1.322574e-02	1.860133e+00
1.654000e-05	-1.281365e-02	1.555317e+00
1.655000e-05	-1.273596e-02	1.210203e+00
1.656000e-05	-1.249728e-02	8.843656e-01
1.657000e-05	-1.126733e-02	6.186263e-01
1.658000e-05	-1.032756e-02	3.384184e-01
1.659000e-05	-8.242939e-03	6.112639e-02
1.660000e-05	-3.773354e-03	-2.324751e-01
1.661000e-05	7.509049e-03	-4.440843e-01
1.662000e-05	-4.795268e-03	-8.083198e-01
1.663000e-05	3.719828e-03	-1.031951e+00
1.664000e-05	-4.259252e-03	-1.336264e+00
1.665000e-05	3.342192e-03	-1.610951e+00
1.666000e-05	5.672235e-03	-1.841499e+00
1.667000e-05	4.920813e-02	-2.082083e+00
1.668000e-05	1.330824e-01	-2.378220e+00
1.669000e-05	-3.292443e-02	-2.758765e+00
1.670000e-05	-1.626283e-02	-3.187838e+00
1.671000e-05	-3.565782e-02	-3.430476e+00
1.672000e-05	-3.272822e-02	-3.600524e+00
1.673000e-05	-1.054586e-01	-3.861679e+00
1.674000e-05	1.143706e-01	-4.039079e+00
1.675000e-05	7.482664e-03	-4.213008e+00
1.676000e-05	-7.196443e-02	-4.599897e+00
1.677000e-05	1.995072e-01	-4.819497e+00
1.678000e-05	-1.838262e-01	-5.157341e+00
1.679000e-05	1.354194e-01	-5.482605e+00
1.680000e-05	-7.585954e-02	-5.725162e+00
1.681000e-05	-2.904299e-02	-6.038976e+00
1.682000e-05	1.481581e-01	-6.240100e+00
1.683000e-05	-1.174828e-01	-6.566716e+00
1.684000e-05	1.531850e-01	-6.817521e+00
1.685000e-05	-9.398662e-02	-7.100575e+00
1.686000e-05	5.125201e-02	-7.367890e+00
1.687000e-05	2.329815e-02	-7.567393e+00
1.688000e-05	-4.800943e-02	-7.903836e+00
1.689000e-05	1.356480e-01	-8.122860e+00
1.690000e-05	-9.825738e-02	-8.397916e+00
1.691000e-05	1.345141e-01	-8.638527e+00
1.692000e-05	-5.910289e-02	-8.861161e+00
1.693000e-05	2.403970e-02	-9.144738e+00
1.694000e-05	2.811854e-02	-9.303867e+00
1.695000e-05	-9.387253e-03	-9.607967e+00
1.696000e-05	1.016997e-01	-9.775396e+00
1.697000e-05	-5.226100e-02	-1.000795e+01
1.698000e-05	1.021065e-01	-1.020807e+01
1.699000e-05	-5.408205e-02	-1.041813e+01
1.700000e-05	8.870531e-02	-1.068913e+01
1.701000e-05	-2.122376e-02	-1.082958e+01
1.702000e-05	4.942725e-02	-1.105920e+01
1.703000e-05	2.279532e-02	-1.125910e+01
1.704000e-05	2.625495e-02	-1.150068e+01
1.705000e-05	5.202141e-02	-1.165921e+01
1.706000e-05	-3.120131e-03	-1.190126e+01
1.707000e-05	6.345846e-02	-1.208121e+01
1.708000e-05	3.188036e-03	-1.228865e+01
1.709000e-05	7.678684e-02	-1.244010e+01
1.710000e-05	5.671439e-04	-1.263712e+01
1.711000e-05	5.725704e-02	-1.279499e+01
1.712000e-05	1.297586e-02	-1.294287e+01
1.713000e-05	5.842165e-02	-1.310973e+01
1.714000e-05	3.249986e-02	-1.324760e+01
1.715000e-05	4.829976e-02	-1.338542e+01
1.716000e-05	4.529063e-02	-1.354279e+01
1.717000e-05	4.614019e-02	-1.368917e+01
1.718000e-05	5.331424e-02	-1.378297e+01
1.719000e-05	3.470771e-02	-1.396386e+01
1.720000e-05	5.186330e-02	-1.410020e+01
1.721000e-05	4.364232e-02	-1.417497e+01
1.722000e-05	6.628966e-02	-1.431134e+01
1.723000e-05	5.003963e-02	-1.440760e+01
1.724000e-05	6.146482e-02	-1.455234e+01
1.725000e-05	5.225022e-02	-1.463655e+01
1.726000e-05	7.040521e-02	-1.473121e+01
1.727000e-05	6.171620e-02	-1.479647e+01
1.728000e-05	6.884051e-02	-1.489178e+01
1.729000e-05	6.427619e-02	-1.495236e+01
1.730000e-05	7.401520e-02	-1.497609e+01
1.731000e-05	7.435883e-02	-1.509076e+01
1.732000e-05	7.396991e-02	-1.515439e+01
1.733000e-05	7.697226e-02	-1.521595e+01
1.734000e-05	8.258007e-02	-1.525713e+01
1.735000e-05	9.361997e-02	-1.531977e+01
1.736000e-05	8.957077e-02	-1.531138e+01
1.737000e-05	9.350848e-02	-1.537191e+01
1.738000e-05	9.072857e-02	-1.538544e+01
1.739000e-05	1.028999e-01	-1.540502e+01
1.740000e-05	1.041054e-01	-1.540453e+01
1.741000e-05	1.117323e-01	-1.544502e+01
1.742000e-05	1.129419e-01	-1.543610e+01
1.743000e-05	1.238930e-01	-1.541708e+01
1.744000e-05	1.308790e-01	-1.542700e+01
1.745000e-05	1.356645e-01	-1.541447e+01
1.746000e-05	1.402097e-01	-1.536399e+01
1.747000e-05	1.517348e-01	-1.538394e+01
1.748000e-05	1.701152e-01	-1.535234e+01
1.749000e-05	1.871419e-01	-1.531975e+01
1.750000e-05	2.087322e-01	-1.526715e+01
1.751000e-05	2.348635e-01	-1.523652e+01
1.752000e-05	2.499380e-01	-1.519399e+01
1.753000e-05	2.500000e-01	-1.516073e+01
1.754000e-05	2.500000e-01	-1.500768e+01
1.755000e-05	2.500000e-01	-1.494352e+01
1.756000e-05	2.500000e-01	-1.487066e+01
1.757000e-05	2.500000e-01	-1.481515e+01
1.758000e-05	2.492400e-01	-1.475239e+01
1.759000e-05	2.281520e-01	-1.463818e+01
1.760000e-05	1.970969e-01	-1.456338e+01
1.761000e-05	1.757908e-01	-1.448923e+01
1.762000e-05	1.552207e-01	-1.441489e+01
1.763000e-05	1.354769e-01	-1.423663e+01
1.764000e-05	1.197857e-01	-1.412088e+01
1.765000e-05	1.088329e-01	-1.400399e+01
1.766000e-05	9.860093e-02	-1.387920e+01
1.767000e-05	8.827121e-02	-1.371336e+01
1.768000e-05	7.961369e-02	-1.363555e+01
1.769000e-05	7.474968e-02	-1.344720e+01
1.770000e-05	7.113083e-02	-1.333131e+01
1.771000e-05	6.508983e-02	-1.318542e+01
1.772000e-05	5.742292e-02	-1.298710e+01
1.773000e-05	5.345673e-02	-1.288020e+01
1.774000e-05	5.106975e-02	-1.273033e+01
1.775000e-05	4.905919e-02	-1.251134e+01
1.776000e-05	4.365557e-02	-1.236391e+01
1.777000e-05	4.010641e-02	-1.216652e+01
1.778000e-05	3.863684e-02	-1.197407e+01
1.779000e-05	3.683793e-02	-1.178650e+01
1.780000e-05	3.364106e-02	-1.163702e+01
1.781000e-05	3.061788e-02	-1.134447e+01
1.782000e-05	2.924160e-02	-1.117297e+01
1.783000e-05	2.846224e-02	-1.095337e+01
1.784000e-05	2.781026e-02	-1.075544e+01
1.785000e-05	2.485102e-02	-1.057449e+01
1.786000e-05	2.270149e-02	-1.034344e+01
1.787000e-05	2.096890e-02	-1.012342e+01
1.788000e-05	2.116311e-02	-9.891708e+00
1.789000e-05	1.944577e-02	-9.701333e+00
1.790000e-05	1.831146e-02	-9.468259e+00
1.791000e-05	1.732441e-02	-9.239726e+00
1.792000e-05	1.727718e-02	-9.025551e+00
1.793000e-05	1.460575e-02	-8.787523e+00
1.794000e-05	1.278311e-02	-8.543443e+00
1.795000e-05	1.157895e-02	-8.291834e+00
1.796000e-05	1.076976e-02	-8.091759e+00
1.797000e-05	1.062641e-02	-7.786575e+00
1.798000e-05	9.703142e-03	-7.524388e+00
1.799000e-05	9.010551e-03	-7.252259e+00
1.800000e-05	7.683973e-03	-7.027627e+00
1.801000e-05	7.496567e-03	-6.766020e+00
1.802000e-05	5.506264e-03	-6.521782e+00
1.803000e-05	5.891843e-03	-6.218633e+00
1.804000e-05	3.228623e-03	-6.007496e+00
1.805000e-05	3.371876e-03	-5.722314e+00
1.806000e-05	3.794120e-03	-5.400105e+00
1.807000e-05	2.724682e-03	-5.143944e+00
1.808000e-05	8.247334e-04	-4.795946e+00
1.809000e-05	1.293019e-03	-4.524318e+00
1.810000e-05	5.993974e-04	-4.331813e+00
1.811000e-05	1.443438e-03	-4.062204e+00
1.812000e-05	-2.504863e-03	-3.765043e+00
1.813000e-05	-1.877989e-03	-3.453260e+00
1.814000e-05	-3.881482e-03	-3.190601e+00
1.815000e-05	-1.084614e-03	-2.893338e+00
1.816000e-05	-4.376558e-03	-2.551654e+00
1.817000e-05	-3.023925e-03	-2.337495e+00
1.818000e-05	-4.296005e-03	-2.060706e+00
1.819000e-05	-3.267925e-03	-1.769526e+00
1.820000e-05	-4.897283e-03	-1.505834e+00
1.821000e-05	-6.682739e-03	-1.168000e+00
1.822000e-05	-7.277923e-03	-8.842866e-01
1.823000e-05	-7.089328e-03	-5.981263e-01
1.824000e-05	-5.407381e-03	-2.847893e-01
1.825000e-05	-6.724085e-03	-4.115632e-02
1.826000e-05	6.697721e-03	2.930756e-01
1.827000e-05	9.685307e-04	4.961907e-01
1.828000e-05	5.545518e-03	7.784409e-01
1.829000e-05	4.411255e-04	1.064077e+00
1.830000e-05	-7.139144e-04	1.318213e+00
1.831000e-05	-9.603632e-04	1.652033e+00
1.832000e-05	5.659906e-03	1.924213e+00
1.833000e-05	3.036833e-02	2.115240e+00
1.834000e-05	1.055553e-01	2.398871e+00
1.835000e-05	1.168191e-02	2.788317e+00
1.836000e-05	-5.122023e-02	3.073604e+00
1.837000e-05	-2.886833e-02	3.374215e+00
1.838000e-05	-3.191747e-02	3.619554e+00
1.839000e-05	-6.215192e-02	3.822556e+00
1.840000e-05	-6.583703e-02	4.041499e+00
1.841000e-05	1.008606e-01	4.344684e+00
1.842000e-05	-4.425353e-02	4.640525e+00
1.843000e-05	9.656442e-04	4.832007e+00
1.844000e-05	1.213690e-01	5.207915e+00
1.845000e-05	-1.434264e-01	5.482181e+00
1.846000e-05	6.918887e-02	5.705289e+00
1.847000e-05	-6.162100e-02	6.030553e+00
1.848000e-05	2.781655e-02	6.251050e+00
1.849000e-05	1.497247e-02	6.553866e+00
1.850000e-05	-5.931054e-02	6.838448e+00
1.851000e-05	4.589334e-02	7.082106e+00
1.852000e-05	-6.045855e-02	7.293264e+00
1.853000e-05	3.501193e-02	7.659576e+00
1.854000e-05	-6.736630e-02	7.892688e+00
1.855000e-05	1.463765e-02	8.226918e+00
1.856000e-05	1.067971e-02	8.400922e+00
1.857000e-05	-3.494206e-02	8.668002e+00
1.858000e-05	1.732717e-02	8.839605e+00
1.859000e-05	-6.791610e-02	9.123709e+00
1.860000e-05	6.646010e-03	9.341789e+00
1.861000e-05	-1.962426e-02	9.554263e+00
1.862000e-05	2.016702e-03	9.746943e+00
1.863000e-05	-3.714052e-02	1.005742e+01
1.864000e-05	-2.014402e-02	1.021792e+01
1.865000e-05	-5.472898e-03	1.043795e+01
1.866000e-05	-3.265137e-02	1.066810e+01
1.867000e-05	-1.927121e-02	1.087008e+01
1.868000e-05	-4.131834e-02	1.107756e+01
1.869000e-05	-7.748836e-03	1.127118e+01
1.870000e-05	-2.413550e-02	1.147018e+01
1.871000e-05	-2.539526e-02	1.167858e+01
1.872000e-05	-4.612153e-02	1.189068e+01
1.873000e-05	-2.842847e-02	1.205061e+01
1.874000e-05	-2.279600e-02	1.220860e+01
1.875000e-05	-2.767698e-02	1.246742e+01
1.876000e-05	-3.973715e-02	1.259539e+01
1.877000e-05	-4.362720e-02	1.277331e+01
1.878000e-05	-2.891562e-02	1.288968e+01
1.879000e-05	-3.704408e-02	1.303905e+01
1.880000e-05	-4.206473e-02	1.321605e+01
1.881000e-05	-5.212039e-02	1.337341e+01
1.882000e-05	-3.493482e-02	1.346069e+01
1.883000e-05	-4.014461e-02	1.360960e+01
1.884000e-05	-4.534752e-02	1.374347e+01
1.885000e-05	-6.214742e-02	1.392116e+01
1.886000e-05	-5.316299e-02	1.406708e+01
1.887000e-05	-4.842854e-02	1.419384e+01
1.888000e-05	-5.065766e-02	1.429978e+01
1.889000e-05	-6.138266e-02	1.441592e+01
1.890000e-05	-6.570790e-02	1.451226e+01
1.891000e-05	-5.610995e-02	1.460797e+01
1.892000e-05	-6.097207e-02	1.470066e+01
1.893000e-05	-6.657481e-02	1.479497e+01
1.894000e-05	-7.754675e-02	1.483910e+01
1.895000e-05	-6.936163e-02	1.493128e+01
1.896000e-05	-7.114774e-02	1.497499e+01
1.897000e-05	-7.676061e-02	1.505908e+01
1.898000e-05	-8.925210e-02	1.510071e+01
1.899000e-05	-9.081581e-02	1.515189e+01
1.900000e-05	-8.419198e-02	1.517490e+01
1.901000e-05	-8.817140e-02	1.524859e+01
1.902000e-05	-9.683426e-02	1.528921e+01
1.903000e-05	-1.040769e-01	1.533073e+01
1.904000e-05	-1.005183e-01	1.535136e+01
1.905000e-05	-1.044567e-01	1.534194e+01
1.906000e-05	-1.132904e-01	1.535294e+01
1.907000e-05	-1.232388e-01	1.535244e+01
1.908000e-05	-1.262752e-01	1.536151e+01
1.909000e-05	-1.250675e-01	1.536146e+01
1.910000e-05	-1.343728e-01	1.536199e+01
1.911000e-05	-1.469473e-01	1.532197e+01
1.912000e-05	-1.589447e-01	1.531186e+01
1.913000e-05	-1.649833e-01	1.531023e+01
1.914000e-05	-1.790643e-01	1.529923e+01
1.915000e-05	-2.021146e-01	1.526760e+01
1.916000e-05	-2.305869e-01	1.523555e+01
1.917000e-05	-2.490978e-01	1.514192e+01
1.918000e-05	-2.500000e-01	1.513020e+01
1.919000e-05	-2.500000e-01	1.505610e+01
1.920000e-05	-2.500000e-01	1.499444e+01
1.921000e-05	-2.500000e-01	1.492231e+01
1.922000e-05	-2.500000e-01	1.488563e+01
1.923000e-05	-2.500000e-01	1.477644e+01
1.924000e-05	-2.493500e-01	1.467763e+01
1.925000e-05	-2.299845e-01	1.460604e+01
1.926000e-05	-1.966077e-01	1.452825e+01
1.927000e-05	-1.713778e-01	1.435349e+01
1.928000e-05	-1.528709e-01	1.425968e+01
1.929000e-05	-1.418646e-01	1.419396e+01
1.930000e-05	-1.264136e-01	1.401657e+01
1.931000e-05	-1.134336e-01	1.389026e+01
1.932000e-05	-1.020458e-01	1.376349e+01
1.933000e-05	-9.831229e-02	1.360760e+01
1.934000e-05	-9.086271e-02	1.354826e+01
1.935000e-05	-8.304267e-02	1.334441e+01
1.936000e-05	-7.497331e-02	1.321505e+01
1.937000e-05	-7.290425e-02	1.301818e+01
1.938000e-05	-7.154976e-02	1.291031e+01
1.939000e-05	-6.540261e-02	1.272342e+01
1.940000e-05	-5.953863e-02	1.259549e+01
1.941000e-05	-5.626710e-02	1.242662e+01
1.942000e-05	-5.756824e-02	1.221817e+01
1.943000e-05	-5.263422e-02	1.207875e+01
1.944000e-05	-4.960483e-02	1.186218e+01
1.945000e-05	-4.499996e-02	1.170986e+01
1.946000e-05	-4.818085e-02	1.148070e+01
1.947000e-05	-4.588073e-02	1.128118e+01
1.948000e-05	-4.356931e-02	1.107023e+01
1.949000e-05	-3.763670e-02	1.087276e+01
1.950000e-05	-3.897202e-02	1.064868e+01
1.951000e-05	-3.848458e-02	1.043921e+01
1.952000e-05	-3.818808e-02	1.022805e+01
1.953000e-05	-3.442676e-02	1.002865e+01
1.954000e-05	-3.390715e-02	9.746125e+00
1.955000e-05	-3.462253e-02	9.544442e+00
1.956000e-05	-3.354867e-02	9.354894e+00
1.957000e-05	-3.012343e-02	9.132840e+00
1.958000e-05	-2.857192e-02	8.930784e+00
1.959000e-05	-2.878897e-02	8.660232e+00
1.960000e-05	-2.987899e-02	8.440699e+00
1.961000e-05	-2.778449e-02	8.195470e+00
1.962000e-05	-2.528423e-02	7.933964e+00
1.963000e-05	-2.525418e-02	7.692759e+00
1.964000e-05	-2.729473e-02	7.356025e+00
1.965000e-05	-2.626132e-02	7.184339e+00
1.966000e-05	-2.386962e-02	6.912387e+00
1.967000e-05	-2.200466e-02	6.640100e+00
1.968000e-05	-2.287401e-02	6.345968e+00
1.969000e-05	-2.258656e-02	6.123413e+00
1.970000e-05	-2.113510e-02	5.869680e+00
1.971000e-05	-2.019546e-02	5.596448e+00
1.972000e-05	-2.119821e-02	5.325361e+00
1.973000e-05	-2.195605e-02	4.994450e+00
1.974000e-05	-2.047474e-02	4.670713e+00
1.975000e-05	-1.867910e-02	4.420153e+00
1.976000e-05	-1.664426e-02	4.143443e+00
1.977000e-05	-1.885229e-02	3.852738e+00
1.978000e-05	-1.780777e-02	3.580050e+00
1.979000e-05	-1.632629e-02	3.304316e+00
1.980000e-05	-1.516365e-02	3.051161e+00
1.981000e-05	-1.721977e-02	2.817971e+00
1.982000e-05	-1.711555e-02	2.472410e+00
1.983000e-05	-1.527893e-02	2.188025e+00
1.984000e-05	-1.294024e-02	1.975894e+00
1.985000e-05	-1.283816e-02	1.670282e+00
1.986000e-05	-1.414918e-02	1.315393e+00
1.987000e-05	-1.344888e-02	1.009205e+00
1.988000e-05	-1.198328e-02	7.358670e-01
1.989000e-05	-1.074060e-02	4.512067e-01
1.990000e-05	-9.574934e-03	1.359706e-01
1.991000e-05	-6.289030e-03	-1.347145e-01
1.992000e-05	6.120637e-03	-3.788687e-01
1.993000e-05	-3.092884e-03	-6.749832e-01
1.994000e-05	2.988681e-03	-9.457134e-01
1.995000e-05	-4.161999e-03	-1.168375e+00
1.996000e-05	2.382364e-03	-1.546281e+00
1.997000e-05	-4.087984e-04	-1.725766e+00
1.998000e-05	2.933680e-02	-1.967944e+00
1.999000e-05	1.127267e-01	-2.261999e+00
2.000000e-05	4.509017e-02	-2.637324e+00
2.001000e-05	-5.411919e-02	-3.019875e+00
2.002000e-05	-5.055521e-03	-3.326718e+00
2.003000e-05	-4.728521e-02	-3.526291e+00
2.004000e-05	-7.103207e-02	-3.794840e+00
2.005000e-05	-1.038720e-02	-3.998420e+00
2.006000e-05	1.505150e-01	-4.148344e+00
2.007000e-05	-1.769837e-01	-4.473034e+00
2.008000e-05	2.022039e-01	-4.715861e+00
2.009000e-05	-6.275144e-02	-5.008849e+00
2.010000e-05	-1.711993e-02	-5.399450e+00
2.011000e-05	9.114652e-02	-5.628997e+00
2.012000e-05	-1.656631e-01	-5.924711e+00
2.013000e-05	1.978923e-01	-6.153816e+00
2.014000e-05	-8.748175e-02	-6.449974e+00
2.015000e-05	7.596854e-02	-6.745258e+00
2.016000e-05	2.353147e-02	-6.955840e+00
2.017000e-05	-6.980592e-02	-7.292581e+00
2.018000e-05	1.194440e-01	-7.513208e+00
2.019000e-05	-1.102377e-01	-7.817418e+00
2.020000e-05	1.387331e-01	-8.042131e+00
2.021000e-05	-4.721965e-02	-8.251182e+00
2.022000e-05	4.508501e-02	-8.564440e+00
2.023000e-05	5.711473e-02	-8.797816e+00
2.024000e-05	-7.554088e-02	-9.029026e+00
2.025000e-05	9.812176e-02	-9.261001e+00
2.026000e-05	-6.909802e-02	-9.501153e+00
2.027000e-05	1.246146e-01	-9.703764e+00
2.028000e-05	-4.093018e-02	-9.962713e+00
2.029000e-05	7.225441e-02	-1.010488e+01
2.030000e-05	-2.980748e-03	-1.038429e+01
2.031000e-05	2.671658e-02	-1.059642e+01
2.032000e-05	4.785813e-02	-1.077687e+01
2.033000e-05	-1.345795e-02	-1.096696e+01
2.034000e-05	7.041097e-02	-1.117644e+01
2.035000e-05	-1.976170e-02	-1.139744e+01
2.036000e-05	8.343005e-02	-1.160797e+01
2.037000e-05	-2.282689e-02	-1.180702e+01
2.038000e-05	6.876880e-02	-1.204803e+01
2.039000e-05	2.245602e-03	-1.218694e+01
2.040000e-05	7.081232e-02	-1.238539e+01
2.041000e-05	2.529718e-02	-1.253339e+01
2.042000e-05	3.473078e-02	-1.274281e+01
2.043000e-05	3.349480e-02	-1.288911e+01
2.044000e-05	2.849322e-02	-1.301808e+01
2.045000e-05	5.392679e-02	-1.317529e+01
2.046000e-05	2.436852e-02	-1.332281e+01
2.047000e-05	6.047521e-02	-1.349018e+01
2.048000e-05	3.420536e-02	-1.362602e+01
2.049000e-05	6.827332e-02	-1.377344e+01
2.050000e-05	3.337665e-02	-1.389973e+01
2.051000e-05	5.367366e-02	-1.403557e+01
2.052000e-05	3.738244e-02	-1.411284e+01
2.053000e-05	6.156749e-02	-1.429021e+01
2.054000e-05	5.234792e-02	-1.441540e+01
2.055000e-05	5.813279e-02	-1.451076e+01
2.056000e-05	5.475052e-02	-1.456649e+01
2.057000e-05	6.480101e-02	-1.465813e+01
2.058000e-05	6.949027e-02	-1.477537e+01
2.059000e-05	6.410144e-02	-1.488918e+01
2.060000e-05	6.809339e-02	-1.494183e+01
2.061000e-05	6.783893e-02	-1.494554e+01
2.062000e-05	7.703503e-02	-1.505925e+01
2.063000e-05	6.995177e-02	-1.513179e+01
2.064000e-05	7.646992e-02	-1.522389e+01
2.065000e-05	7.800943e-02	-1.521800e+01
2.066000e-05	9.273419e-02	-1.526075e+01
2.067000e-05	9.080077e-02	-1.533023e+01
2.068000e-05	9.197778e-02	-1.534139e+01
2.069000e-05	9.114172e-02	-1.537244e+01
2.070000e-05	9.916416e-02	-1.539444e+01
2.071000e-05	1.053919e-01	-1.542452e+01
2.072000e-05	1.075585e-01	-1.540548e+01
2.073000e-05	1.129969e-01	-1.542555e+01
2.074000e-05	1.190547e-01	-1.541668e+01
2.075000e-05	1.296097e-01	-1.543502e+01
2.076000e-05	1.311594e-01	-1.540702e+01
2.077000e-05	1.390132e-01	-1.539400e+01
2.078000e-05	1.471832e-01	-1.536454e+01
2.079000e-05	1.648966e-01	-1.535249e+01
2.080000e-05	1.813359e-01	-1.531928e+01
2.081000e-05	2.001612e-01	-1.527073e+01
2.082000e-05	2.240501e-01	-1.526707e+01
2.083000e-05	2.489436e-01	-1.521547e+01
2.084000e-05	2.500000e-01	-1.512139e+01
2.085000e-05	2.500000e-01	-1.501673e+01
2.086000e-05	2.500000e-01	-1.498297e+01
2.087000e-05	2.500000e-01	-1.490089e+01
2.088000e-05	2.500000e-01	-1.483665e+01
2.089000e-05	2.500000e-01	-1.479354e+01
2.090000e-05	2.407767e-01	-1.468968e+01
2.091000e-05	2.072229e-01	-1.458505e+01
2.092000e-05	1.822143e-01	-1.448128e+01
2.093000e-05	1.612148e-01	-1.440595e+01
2.094000e-05	1.426295e-01	-1.425878e+01
2.095000e-05	1.249476e-01	-1.417296e+01
2.096000e-05	1.128660e-01	-1.403713e+01
2.097000e-05	1.022029e-01	-1.391181e+01
2.098000e-05	9.236336e-02	-1.378544e+01
2.099000e-05	8.331156e-02	-1.368652e+01
2.100000e-05	7.531789e-02	-1.353041e+01
2.101000e-05	7.123737e-02	-1.333299e+01
2.102000e-05	6.696367e-02	-1.322607e+01
2.103000e-05	6.016867e-02	-1.308068e+01
2.104000e-05	5.411522e-02	-1.290183e+01
2.105000e-05	5.221586e-02	-1.277391e+01
2.106000e-05	5.020682e-02	-1.257505e+01
2.107000e-05	4.616439e-02	-1.244717e+01
2.108000e-05	4.119758e-02	-1.227970e+01
2.109000e-05	3.815414e-02	-1.205066e+01
2.110000e-05	3.785789e-02	-1.187775e+01
2.111000e-05	3.514485e-02	-1.166726e+01
2.112000e-05	3.278426e-02	-1.147017e+01
2.113000e-05	2.978424e-02	-1.121720e+01
2.114000e-05	2.904078e-02	-1.102562e+01
2.115000e-05	2.701463e-02	-1.083765e+01
2.116000e-05	2.630783e-02	-1.062963e+01
2.117000e-05	2.325852e-02	-1.037820e+01
2.118000e-05	2.197799e-02	-1.020457e+01
2.119000e-05	2.155025e-02	-9.986468e+00
2.120000e-05	2.046625e-02	-9.786518e+00
2.121000e-05	1.930107e-02	-9.555041e+00
2.122000e-05	1.697882e-02	-9.332417e+00
2.123000e-05	1.640364e-02	-9.100835e+00
2.124000e-05	1.603694e-02	-8.862831e+00
2.125000e-05	1.357127e-02	-8.585680e+00
2.126000e-05	1.160982e-02	-8.367996e+00
2.127000e-05	1.235430e-02	-8.134989e+00
2.128000e-05	1.055448e-02	-7.812911e+00
2.129000e-05	1.060792e-02	-7.627676e+00
2.130000e-05	8.321903e-03	-7.365446e+00
2.131000e-05	8.743474e-03	-7.083440e+00
2.132000e-05	7.638359e-03	-6.860155e+00
2.133000e-05	5.922952e-03	-6.599052e+00
2.134000e-05	4.892855e-03	-6.335895e+00
2.135000e-05	4.718235e-03	-6.022255e+00
2.136000e-05	2.870817e-03	-5.797077e+00
2.137000e-05	4.757366e-03	-5.534467e+00
2.138000e-05	2.170451e-03	-5.231854e+00
2.139000e-05	2.828520e-03	-4.921390e+00
2.140000e-05	9.631659e-04	-4.580150e+00
2.141000e-05	2.132136e-03	-4.368521e+00
2.142000e-05	2.385104e-04	-4.114893e+00
2.143000e-05	-1.077737e-03	-3.849653e+00
2.144000e-05	-2.600609e-03	-3.567970e+00
2.145000e-05	-2.387705e-03	-3.294790e+00
2.146000e-05	-3.092426e-03	-3.000700e+00
2.147000e-05	-4.203748e-03	-2.715867e+00
2.148000e-05	-3.842977e-03	-2.440662e+00
2.149000e-05	-3.026958e-03	-2.106520e+00
2.150000e-05	-3.181723e-03	-1.862288e+00
2.151000e-05	-5.061197e-03	-1.619650e+00
2.152000e-05	-6.255407e-03	-1.241336e+00
2.153000e-05	-7.259825e-03	-9.380223e-01
2.154000e-05	-6.834302e-03	-7.058394e-01
2.155000e-05	-7.044119e-03	-3.890300e-01
2.156000e-05	-6.352576e-03	-7.538561e-02
2.157000e-05	1.779422e-03	1.147145e-01
2.158000e-05	8.050268e-03	4.425774e-01
2.159000e-05	-7.052522e-04	6.842567e-01
2.160000e-05	5.169882e-03	9.462682e-01
2.161000e-05	-3.150637e-03	1.251548e+00
2.162000e-05	2.188001e-03	1.536791e+00
2.163000e-05	-2.324378e-03	1.830998e+00
2.164000e-05	2.087224e-02	2.031531e+00
2.165000e-05	7.624972e-02	2.273133e+00
2.166000e-05	7.793234e-02	2.670854e+00
2.167000e-05	-6.315146e-02	2.976791e+00
2.168000e-05	-2.352725e-02	3.230000e+00
2.169000e-05	-4.135148e-02	3.536241e+00
2.170000e-05	-3.227264e-02	3.777292e+00
2.171000e-05	-9.061005e-02	4.007418e+00
2.172000e-05	3.869201e-02	4.199449e+00
2.173000e-05	6.293705e-02	4.525264e+00
2.174000e-05	-1.097165e-01	4.786366e+00
2.175000e-05	1.793837e-01	5.071524e+00
2.176000e-05	-1.123500e-01	5.399970e+00
2.177000e-05	7.354771e-03	5.619552e+00
2.178000e-05	2.095430e-03	5.976313e+00
2.179000e-05	-3.773182e-02	6.197346e+00
2.180000e-05	6.564251e-02	6.439972e+00
2.181000e-05	-7.495310e-02	6.774284e+00
2.182000e-05	3.411830e-02	6.978368e+00
2.183000e-05	-3.674982e-02	7.220051e+00
2.184000e-05	2.590486e-03	7.573806e+00
2.185000e-05	-2.188137e-02	7.818450e+00
2.186000e-05	-3.656890e-02	8.082179e+00
2.187000e-05	4.213342e-02	8.344264e+00
2.188000e-05	-3.921722e-02	8.554840e+00
2.189000e-05	9.968852e-03	8.785738e+00
2.190000e-05	-3.614635e-02	9.038052e+00
2.191000e-05	-3.842411e-02	9.239027e+00
2.192000e-05	1.068053e-02	9.490582e+00
2.193000e-05	-2.300131e-02	9.691709e+00
2.194000e-05	-4.240851e-03	9.975263e+00
2.195000e-05	-4.402759e-02	1.016339e+01
2.196000e-05	5.172587e-03	1.036529e+01
2.197000e-05	-2.993150e-02	1.057502e+01
2.198000e-05	-2.362806e-02	1.078589e+01
2.199000e-05	-3.315851e-02	1.095644e+01
2.200000e-05	-2.832794e-02	1.119690e+01
2.201000e-05	-7.430866e-03	1.138542e+01
2.202000e-05	-3.432810e-02	1.159552e+01
2.203000e-05	-2.943520e-02	1.182795e+01
2.204000e-05	-4.479503e-02	1.200589e+01
2.205000e-05	-1.663395e-02	1.217594e+01
2.206000e-05	-3.025877e-02	1.236379e+01
2.207000e-05	-3.348844e-02	1.253324e+01
2.208000e-05	-4.627782e-02	1.269165e+01
2.209000e-05	-3.494254e-02	1.287913e+01
2.210000e-05	-2.860405e-02	1.298497e+01
2.211000e-05	-4.277136e-02	1.319329e+01
2.212000e-05	-4.490840e-02	1.331123e+01
2.213000e-05	-4.720092e-02	1.345913e+01
2.214000e-05	-3.377470e-02	1.363495e+01
2.215000e-05	-4.707064e-02	1.368083e+01
2.216000e-05	-5.620684e-02	1.385865e+01
2.217000e-05	-5.799022e-02	1.400549e+01
2.218000e-05	-4.827558e-02	1.416232e+01
2.219000e-05	-4.561263e-02	1.427870e+01
2.220000e-05	-5.700199e-02	1.439299e+01
2.221000e-05	-6.553782e-02	1.449116e+01
2.222000e-05	-6.148276e-02	1.460601e+01
2.223000e-05	-5.930705e-02	1.468813e+01
2.224000e-05	-6.438594e-02	1.477384e+01
2.225000e-05	-7.435618e-02	1.483750e+01
2.226000e-05	-7.227734e-02	1.491123e+01
2.227000e-05	-6.868826e-02	1.496289e+01
2.228000e-05	-7.183365e-02	1.500700e+01
2.229000e-05	-8.532866e-02	1.508918e+01
2.230000e-05	-9.240405e-02	1.512131e+01
2.231000e-05	-8.812543e-02	1.519447e+01
2.232000e-05	-8.472594e-02	1.520652e+01
2.233000e-05	-9.286536e-02	1.529920e+01
2.234000e-05	-1.016981e-01	1.529073e+01
2.235000e-05	-1.022777e-01	1.532231e+01
2.236000e-05	-1.023760e-01	1.533091e+01
2.237000e-05	-1.090342e-01	1.533336e+01
2.238000e-05	-1.220524e-01	1.536592e+01
2.239000e-05	-1.252550e-01	1.538294e+01
2.240000e-05	-1.245003e-01	1.536291e+01
2.241000e-05	-1.286474e-01	1.537284e+01
2.242000e-05	-1.432536e-01	1.532039e+01
2.243000e-05	-1.565191e-01	1.529094e+01
2.244000e-05	-1.617798e-01	1.530880e+01
2.245000e-05	-1.725541e-01	1.527970e+01
2.246000e-05	-1.925778e-01	1.524815e+01
2.247000e-05	-2.215519e-01	1.522405e+01
2.248000e-05	-2.445277e-01	1.519296e+01
2.249000e-05	-2.499845e-01	1.510873e+01
2.250000e-05	-2.500000e-01	1.507818e+01
2.251000e-05	-2.500000e-01	1.496705e+01
2.252000e-05	-2.500000e-01	1.493131e+01
2.253000e-05	-2.500000e-01	1.485768e+01
2.254000e-05	-2.500000e-01	1.478502e+01
2.255000e-05	-2.499950e-01	1.469929e+01
2.256000e-05	-2.399526e-01	1.462605e+01
2.257000e-05	-2.066007e-01	1.455034e+01
2.258000e-05	-1.787568e-01	1.440712e+01
2.259000e-05	-1.591836e-01	1.432131e+01
2.260000e-05	-1.470497e-01	1.416652e+01
2.261000e-05	-1.313104e-01	1.412965e+01
2.262000e-05	-1.175955e-01	1.392932e+01
2.263000e-05	-1.046729e-01	1.379602e+01
2.264000e-05	-1.007740e-01	1.368821e+01
2.265000e-05	-9.380726e-02	1.354097e+01
2.266000e-05	-8.519243e-02	1.341550e+01
2.267000e-05	-7.603020e-02	1.326873e+01
2.268000e-05	-7.441211e-02	1.308026e+01
2.269000e-05	-7.115575e-02	1.294296e+01
2.270000e-05	-6.779178e-02	1.279710e+01
2.271000e-05	-5.990823e-02	1.262758e+01
2.272000e-05	-5.860349e-02	1.248268e+01
2.273000e-05	-5.720543e-02	1.230131e+01
2.274000e-05	-5.491256e-02	1.210178e+01
2.275000e-05	-4.915119e-02	1.195397e+01
2.276000e-05	-4.622566e-02	1.176392e+01
2.277000e-05	-4.714952e-02	1.151194e+01
2.278000e-05	-4.684297e-02	1.133291e+01
2.279000e-05	-4.476755e-02	1.114391e+01
2.280000e-05	-3.978699e-02	1.095389e+01
2.281000e-05	-3.958456e-02	1.078439e+01
2.282000e-05	-3.880796e-02	1.051239e+01
2.283000e-05	-3.842473e-02	1.030331e+01
2.284000e-05	-3.393433e-02	1.012233e+01
2.285000e-05	-3.411043e-02	9.890209e+00
2.286000e-05	-3.441027e-02	9.638652e+00
2.287000e-05	-3.431286e-02	9.408622e+00
2.288000e-05	-3.074414e-02	9.239100e+00
2.289000e-05	-2.877856e-02	8.965539e+00
2.290000e-05	-2.938299e-02	8.714889e+00
2.291000e-05	-2.927445e-02	8.522386e+00
2.292000e-05	-2.840832e-02	8.291235e+00
2.293000e-05	-2.553906e-02	8.017574e+00
2.294000e-05	-2.619577e-02	7.805996e+00
2.295000e-05	-2.563372e-02	7.513312e+00
2.296000e-05	-2.600839e-02	7.259702e+00
2.297000e-05	-2.354405e-02	6.995572e+00
2.298000e-05	-2.280639e-02	6.762914e+00
2.299000e-05	-2.286576e-02	6.460256e+00
2.300000e-05	-2.366459e-02	6.206024e+00
2.301000e-05	-2.231973e-02	5.936973e+00
2.302000e-05	-1.993300e-02	5.661734e+00
2.303000e-05	-2.022969e-02	5.429102e+00
2.304000e-05	-2.052405e-02	5.092888e+00
2.305000e-05	-2.059256e-02	4.766075e+00
2.306000e-05	-1.914359e-02	4.533339e+00
2.307000e-05	-1.870554e-02	4.231159e+00
2.308000e-05	-1.831029e-02	3.984491e+00
2.309000e-05	-1.864363e-02	3.672812e+00
2.310000e-05	-1.636630e-02	3.409576e+00
2.311000e-05	-1.526845e-02	3.136393e+00
2.312000e-05	-1.549240e-02	2.883210e+00
2.313000e-05	-1.719185e-02	2.587575e+00
2.314000e-05	-1.570965e-02	2.293312e+00
2.315000e-05	-1.430685e-02	1.981633e+00
2.316000e-05	-1.368250e-02	1.748042e+00
2.317000e-05	-1.323523e-02	1.420681e+00
2.318000e-05	-1.359188e-02	1.155994e+00
2.319000e-05	-1.209953e-02	7.791276e-01
2.320000e-05	-1.099975e-02	5.368182e-01
2.321000e-05	-1.010625e-02	2.822065e-01
2.322000e-05	-8.816302e-03	-3.152533e-02
2.323000e-05	1.330556e-03	-2.846882e-01
2.324000e-05	3.924104e-03	-5.472147e-01
2.325000e-05	-1.201926e-03	-8.510578e-01
2.326000e-05	4.185028e-05	-1.074663e+00
2.327000e-05	-1.887191e-03	-1.419027e+00
2.328000e-05	5.515924e-04	-1.643655e+00
2.329000e-05	1.355436e-02	-1.924186e+00
2.330000e-05	7.268858e-02	-2.125264e+00
2.331000e-05	1.151380e-01	-2.492109e+00
2.332000e-05	-6.338330e-02	-2.842581e+00
2.333000e-05	3.833980e-03	-3.261079e+00
2.334000e-05	-5.070923e-02	-3.504109e+00
2.335000e-05	-3.727008e-02	-3.671585e+00
2.336000e-05	-9.571882e-02	-3.925335e+00
2.337000e-05	1.762932e-01	-4.072159e+00
2.338000e-05	-1.073253e-01	-4.367785e+00
2.339000e-05	5.498027e-02	-4.671081e+00
2.340000e-05	1.089991e-01	-4.852188e+00
2.341000e-05	-1.576392e-01	-5.272033e+00
2.342000e-05	1.767525e-01	-5.565767e+00
2.343000e-05	-1.742726e-01	-5.816921e+00
2.344000e-05	9.747990e-02	-6.082154e+00
2.345000e-05	4.611429e-02	-6.323163e+00
2.346000e-05	-5.528794e-02	-6.638522e+00
2.347000e-05	1.357632e-01	-6.841080e+00
2.348000e-05	-1.285186e-01	-7.195340e+00
2.349000e-05	1.181476e-01	-7.420477e+00
2.350000e-05	-6.198545e-02	-7.650684e+00
2.351000e-05	4.200927e-02	-7.989445e+00
2.352000e-05	6.886680e-02	-8.177943e+00
2.353000e-05	-6.464978e-02	-8.460582e+00
2.354000e-05	1.403094e-01	-8.723229e+00
2.355000e-05	-1.055855e-01	-8.954839e+00
2.356000e-05	8.782580e-02	-9.186813e+00
2.357000e-05	-3.871084e-02	-9.366447e+00
2.358000e-05	6.244326e-02	-9.668501e+00
2.359000e-05	3.965936e-02	-9.857553e+00
2.360000e-05	-7.528430e-03	-1.007006e+01
2.361000e-05	7.176521e-02	-1.026113e+01
2.362000e-05	-4.390941e-02	-1.054229e+01
2.363000e-05	9.666008e-02	-1.075173e+01
2.364000e-05	-4.338385e-02	-1.090214e+01
2.365000e-05	8.235715e-02	-1.112226e+01
2.366000e-05	-1.420318e-02	-1.136279e+01
2.367000e-05	6.654120e-02	-1.154329e+01
2.368000e-05	1.203802e-02	-1.172241e+01
2.369000e-05	3.055381e-02	-1.201484e+01
2.370000e-05	3.594082e-02	-1.212426e+01
2.371000e-05	2.643087e-02	-1.230169e+01
2.372000e-05	6.012654e-02	-1.248108e+01
2.373000e-05	6.784655e-03	-1.264813e+01
2.374000e-05	5.514525e-02	-1.282755e+01
2.375000e-05	1.272106e-02	-1.297599e+01
2.376000e-05	6.816610e-02	-1.316176e+01
2.377000e-05	2.189918e-02	-1.326966e+01
2.378000e-05	6.021401e-02	-1.341762e+01
2.379000e-05	3.171294e-02	-1.357447e+01
2.380000e-05	5.866102e-02	-1.369231e+01
2.381000e-05	4.025884e-02	-1.386665e+01
2.382000e-05	4.520709e-02	-1.396437e+01
2.383000e-05	4.499097e-02	-1.412021e+01
2.384000e-05	5.338821e-02	-1.419859e+01
2.385000e-05	6.187774e-02	-1.437236e+01
2.386000e-05	5.222340e-02	-1.443862e+01
2.387000e-05	5.921606e-02	-1.458246e+01
2.388000e-05	5.540179e-02	-1.464908e+01
2.389000e-05	7.143540e-02	-1.473579e+01
2.390000e-05	6.136661e-02	-1.482887e+01
2.391000e-05	7.087451e-02	-1.489028e+01
2.392000e-05	6.366131e-02	-1.494349e+01
2.393000e-05	7.750957e-02	-1.503460e+01
2.394000e-05	7.069069e-02	-1.506978e+01
2.395000e-05	7.601934e-02	-1.519342e+01
2.396000e-05	7.539800e-02	-1.519442e+01
2.397000e-05	8.723195e-02	-1.526815e+01
2.398000e-05	9.235126e-02	-1.530981e+01
2.399000e-05	9.196671e-02	-1.532144e+01
2.400000e-05	9.246186e-02	-1.535491e+01
2.401000e-05	9.492607e-02	-1.536447e+01
2.402000e-05	1.042817e-01	-1.538394e+01
2.403000e-05	1.054281e-01	-1.543557e+01
2.404000e-05	1.117702e-01	-1.541703e+01
2.405000e-05	1.149433e-01	-1.541853e+01
2.406000e-05	1.279692e-01	-1.542705e+01
2.407000e-05	1.307921e-01	-1.540505e+01
2.408000e-05	1.360751e-01	-1.542607e+01
2.409000e-05	1.433702e-01	-1.535497e+01
2.410000e-05	1.576492e-01	-1.537351e+01
2.411000e-05	1.750217e-01	-1.533231e+01
2.412000e-05	1.914217e-01	-1.530975e+01
2.413000e-05	2.152409e-01	-1.525710e+01
2.414000e-05	2.424831e-01	-1.519647e+01
2.415000e-05	2.499650e-01	-1.516444e+01
2.416000e-05	2.500000e-01	-1.511921e+01
2.417000e-05	2.500000e-01	-1.500662e+01
2.418000e-05	2.500000e-01	-1.491339e+01
2.419000e-05	2.500000e-01	-1.485873e+01
2.420000e-05	2.500000e-01	-1.482350e+01
2.421000e-05	2.473910e-01	-1.471081e+01
2.422000e-05	2.189587e-01	-1.461803e+01
2.423000e-05	1.910672e-01	-1.454149e+01
2.424000e-05	1.689539e-01	-1.445765e+01
2.425000e-05	1.484653e-01	-1.433134e+01
2.426000e-05	1.306871e-01	-1.419610e+01
2.427000e-05	1.167957e-01	-1.406821e+01
2.428000e-05	1.066248e-01	-1.400191e+01
2.429000e-05	9.673878e-02	-1.385515e+01
2.430000e-05	8.579388e-02	-1.369078e+01
2.431000e-05	7.858471e-02	-1.355394e+01
2.432000e-05	7.258829e-02	-1.337562e+01
2.433000e-05	6.876533e-02	-1.326975e+01
2.434000e-05	6.288174e-02	-1.314231e+01
2.435000e-05	5.679725e-02	-1.297546e+01
2.436000e-05	5.245545e-02	-1.281622e+01
2.437000e-05	4.990264e-02	-1.262823e+01
2.438000e-05	4.761556e-02	-1.247126e+01
2.439000e-05	4.318349e-02	-1.231139e+01
2.440000e-05	3.971205e-02	-1.213334e+01
2.441000e-05	3.740350e-02	-1.195189e+01
2.442000e-05	3.591410e-02	-1.174402e+01
2.443000e-05	3.281474e-02	-1.154194e+01
2.444000e-05	2.964961e-02	-1.128036e+01
2.445000e-05	2.971966e-02	-1.105931e+01
2.446000e-05	2.853692e-02	-1.090186e+01
2.447000e-05	2.773944e-02	-1.069233e+01
2.448000e-05	2.392856e-02	-1.051336e+01
2.449000e-05	2.248267e-02	-1.026981e+01
2.450000e-05	2.123894e-02	-1.007923e+01
2.451000e-05	2.075620e-02	-9.806606e+00
2.452000e-05	1.897219e-02	-9.618629e+00
2.453000e-05	1.792893e-02	-9.397674e+00
2.454000e-05	1.800433e-02	-9.207097e+00
2.455000e-05	1.638124e-02	-8.944042e+00
2.456000e-05	1.375450e-02	-8.722894e+00
2.457000e-05	1.252634e-02	-8.461260e+00
2.458000e-05	1.195444e-02	-8.199079e+00
2.459000e-05	1.187849e-02	-8.017125e+00
2.460000e-05	1.066544e-02	-7.693462e+00
2.461000e-05	9.228976e-03	-7.410731e+00
2.462000e-05	8.332691e-03	-7.209077e+00
2.463000e-05	7.183170e-03	-6.934340e+00
2.464000e-05	8.285484e-03	-6.662284e+00
2.465000e-05	5.043536e-03	-6.438631e+00
2.466000e-05	5.217230e-03	-6.165997e+00
2.467000e-05	3.709793e-03	-5.892737e+00
2.468000e-05	4.650855e-03	-5.629728e+00
2.469000e-05	3.142742e-03	-5.383390e+00
2.470000e-05	2.225209e-03	-5.051206e+00
2.471000e-05	6.254666e-04	-4.701918e+00
2.472000e-05	2.661703e-03	-4.441630e+00
2.473000e-05	8.333130e-04	-4.210101e+00
2.474000e-05	-5.041713e-05	-3.935594e+00
2.475000e-05	-2.175597e-03	-3.681303e+00
2.476000e-05	-1.288629e-03	-3.389574e+00
2.477000e-05	-2.766784e-03	-3.125938e+00
2.478000e-05	-2.607066e-03	-2.839132e+00
2.479000e-05	-3.873628e-03	-2.536968e+00
2.480000e-05	-3.087436e-03	-2.273659e+00
2.481000e-05	-2.838283e-03	-1.968022e+00
2.482000e-05	-4.074253e-03	-1.706889e+00
2.483000e-05	-5.133994e-03	-1.428524e+00
2.484000e-05	-6.991835e-03	-1.091760e+00
2.485000e-05	-6.937317e-03	-8.090536e-01
2.486000e-05	-6.868735e-03	-4.838677e-01
2.487000e-05	-6.400634e-03	-2.412341e-01
2.488000e-05	-3.677213e-03	5.255771e-02
2.489000e-05	9.146700e-03	3.567644e-01
2.490000e-05	-5.099934e-04	5.902923e-01
2.491000e-05	6.210273e-03	8.299017e-01
2.492000e-05	-2.991517e-03	1.147841e+00
2.493000e-05	1.047436e-03	1.420424e+00
2.494000e-05	-3.461369e-03	1.766292e+00
2.495000e-05	1.297653e-02	1.947815e+00
2.496000e-05	4.363893e-02	2.177422e+00
2.497000e-05	1.129878e-01	2.504133e+00
2.498000e-05	-3.615023e-02	2.851076e+00
2.499000e-05	-3.324923e-02	3.105743e+00
2.500000e-05	-3.974850e-02	3.440451e+00
2.501000e-05	-2.717871e-02	3.664133e+00
2.502000e-05	-8.275189e-02	3.914233e+00
2.503000e-05	-2.941171e-02	4.093735e+00
2.504000e-05	1.161333e-01	4.390924e+00
2.505000e-05	-1.085094e-01	4.693135e+00
2.506000e-05	1.072052e-01	4.894714e+00
2.507000e-05	1.958970e-02	5.294111e+00
2.508000e-05	-9.761540e-02	5.575817e+00
2.509000e-05	6.103220e-02	5.816974e+00
2.510000e-05	-7.798526e-02	6.093704e+00
2.511000e-05	6.447062e-02	6.335238e+00
2.512000e-05	-3.248692e-02	6.670076e+00
2.513000e-05	-1.875334e-02	6.924183e+00
2.514000e-05	2.047270e-02	7.136314e+00
2.515000e-05	-4.612370e-02	7.450503e+00
2.516000e-05	2.636358e-02	7.673163e+00
2.517000e-05	-7.656478e-02	7.995918e+00
2.518000e-05	4.092716e-02	8.259583e+00
2.519000e-05	-1.669490e-02	8.472583e+00
2.520000e-05	-1.636863e-02	8.690102e+00
2.521000e-05	3.165796e-03	8.862790e+00
2.522000e-05	-7.004173e-02	9.145238e+00
2.523000e-05	2.454562e-02	9.385367e+00
2.524000e-05	-3.331406e-02	9.638921e+00
2.525000e-05	1.031016e-02	9.839056e+00
2.526000e-05	-5.156405e-02	1.008011e+01
2.527000e-05	-1.955368e-03	1.026011e+01
2.528000e-05	-1.707567e-02	1.048071e+01
2.529000e-05	-3.047351e-02	1.070318e+01
2.530000e-05	-2.235077e-02	1.087211e+01
2.531000e-05	-4.171870e-02	1.112174e+01
2.532000e-05	5.119486e-04	1.131176e+01
2.533000e-05	-3.580154e-02	1.152229e+01
2.534000e-05	-2.139161e-02	1.173529e+01
2.535000e-05	-5.225741e-02	1.195323e+01
2.536000e-05	-1.722581e-02	1.211271e+01
2.537000e-05	-2.764861e-02	1.232963e+01
2.538000e-05	-2.732123e-02	1.247005e+01
2.539000e-05	-4.454156e-02	1.263862e+01
2.540000e-05	-4.198405e-02	1.280692e+01
2.541000e-05	-2.801359e-02	1.295236e+01
2.542000e-05	-4.170936e-02	1.313116e+01
2.543000e-05	-4.211664e-02	1.325967e+01
2.544000e-05	-5.204855e-02	1.341602e+01
2.545000e-05	-3.070574e-02	1.351276e+01
2.546000e-05	-4.330640e-02	1.368120e+01
2.547000e-05	-4.876871e-02	1.379500e+01
2.548000e-05	-6.267386e-02	1.398231e+01
2.549000e-05	-5.095062e-02	1.405895e+01
2.550000e-05	-4.726761e-02	1.423654e+01
2.551000e-05	-5.477561e-02	1.433341e+01
2.552000e-05	-6.279755e-02	1.445702e+01
2.553000e-05	-6.446768e-02	1.457479e+01
2.554000e-05	-5.512494e-02	1.465805e+01
2.555000e-05	-6.395520e-02	1.471176e+01
2.556000e-05	-6.799823e-02	1.482600e+01
2.557000e-05	-7.740140e-02	1.486916e+01
2.558000e-05	-6.864036e-02	1.495278e+01
2.559000e-05	-7.330429e-02	1.500547e+01
2.560000e-05	-8.137280e-02	1.508855e+01
2.561000e-05	-9.113616e-02	1.514232e+01
2.562000e-05	-8.841424e-02	1.518334e+01
2.563000e-05	-8.358604e-02	1.520660e+01
2.564000e-05	-8.994725e-02	1.525813e+01
2.565000e-05	-9.946374e-02	1.528973e+01
2.566000e-05	-1.043770e-01	1.531179e+01
2.567000e-05	-1.019052e-01	1.533144e+01
2.568000e-05	-1.068020e-01	1.534249e+01
2.569000e-05	-1.176202e-01	1.534297e+01
2.570000e-05	-1.245040e-01	1.537387e+01
2.571000e-05	-1.241224e-01	1.536294e+01
2.572000e-05	-1.264058e-01	1.534242e+01
2.573000e-05	-1.376845e-01	1.537339e+01
2.574000e-05	-1.524087e-01	1.530184e+01
2.575000e-05	-1.606923e-01	1.534031e+01
2.576000e-05	-1.688572e-01	1.528026e+01
2.577000e-05	-1.846196e-01	1.523673e+01
2.578000e-05	-2.110902e-01	1.525762e+01
2.579000e-05	-2.366398e-01	1.520401e+01
2.580000e-05	-2.497262e-01	1.517284e+01
2.581000e-05	-2.500000e-01	1.505918e+01
2.582000e-05	-2.500000e-01	1.502758e+01
2.583000e-05	-2.500000e-01	1.494341e+01
2.584000e-05	-2.500000e-01	1.489926e+01
2.585000e-05	-2.500000e-01	1.484610e+01
2.586000e-05	-2.500000e-01	1.473234e+01
2.587000e-05	-2.473906e-01	1.465820e+01
2.588000e-05	-2.195526e-01	1.455449e+01
2.589000e-05	-1.873144e-01	1.444830e+01
2.590000e-05	-1.656747e-01	1.437252e+01
2.591000e-05	-1.505927e-01	1.422713e+01
2.592000e-05	-1.370427e-01	1.412278e+01
2.593000e-05	-1.207126e-01	1.398544e+01
2.594000e-05	-1.076589e-01	1.381773e+01
2.595000e-05	-1.033873e-01	1.372986e+01
2.596000e-05	-9.909856e-02	1.364507e+01
2.597000e-05	-9.023918e-02	1.348860e+01
2.598000e-05	-7.868837e-02	1.334431e+01
2.599000e-05	-7.435854e-02	1.317344e+01
2.600000e-05	-7.116517e-02	1.298567e+01
2.601000e-05	-6.858401e-02	1.285723e+01
2.602000e-05	-6.057165e-02	1.269136e+01
2.603000e-05	-5.909437e-02	1.255339e+01
2.604000e-05	-5.668098e-02	1.235390e+01
2.605000e-05	-5.763542e-02	1.220450e+01
2.606000e-05	-5.177083e-02	1.204758e+01
2.607000e-05	-4.820707e-02	1.181805e+01
2.608000e-05	-4.652023e-02	1.163820e+01
2.609000e-05	-4.729029e-02	1.142562e+01
2.610000e-05	-4.369911e-02	1.120657e+01
2.611000e-05	-3.964663e-02	1.102617e+01
2.612000e-05	-3.792409e-02	1.087863e+01
2.613000e-05	-3.951500e-02	1.062610e+01
2.614000e-05	-4.039315e-02	1.036607e+01
2.615000e-05	-3.611405e-02	1.017605e+01
2.616000e-05	-3.529795e-02	9.954021e+00
2.617000e-05	-3.366200e-02	9.711837e+00
2.618000e-05	-3.497338e-02	9.521287e+00
2.619000e-05	-3.104279e-02	9.291406e+00
2.620000e-05	-2.867828e-02	9.057706e+00
2.621000e-05	-2.849952e-02	8.817626e+00
2.622000e-05	-3.089301e-02	8.577021e+00
2.623000e-05	-3.067161e-02	8.377943e+00
2.624000e-05	-2.684243e-02	8.143964e+00
2.625000e-05	-2.566775e-02	7.851733e+00
2.626000e-05	-2.535452e-02	7.629052e+00
2.627000e-05	-2.645615e-02	7.334413e+00
2.628000e-05	-2.413672e-02	7.091213e+00
2.629000e-05	-2.296081e-02	6.869647e+00
2.630000e-05	-2.219569e-02	6.574421e+00
2.631000e-05	-2.459496e-02	6.283209e+00
2.632000e-05	-2.193183e-02	6.040655e+00
2.633000e-05	-2.004445e-02	5.776101e+00
2.634000e-05	-1.919994e-02	5.512364e+00
2.635000e-05	-2.154013e-02	5.249599e+00
2.636000e-05	-2.085831e-02	4.882812e+00
2.637000e-05	-1.937106e-02	4.609577e+00
2.638000e-05	-1.708458e-02	4.376520e+00
2.639000e-05	-1.780576e-02	4.071735e+00
2.640000e-05	-1.797273e-02	3.779470e+00
2.641000e-05	-1.758659e-02	3.505442e+00
2.642000e-05	-1.611082e-02	3.221652e+00
2.643000e-05	-1.630167e-02	2.976946e+00
2.644000e-05	-1.744838e-02	2.714838e+00
2.645000e-05	-1.609261e-02	2.379478e+00
2.646000e-05	-1.381785e-02	2.104813e+00
2.647000e-05	-1.222727e-02	1.854184e+00
2.648000e-05	-1.266887e-02	1.545395e+00
2.649000e-05	-1.409375e-02	1.262233e+00
2.650000e-05	-1.314699e-02	9.143654e-01
2.651000e-05	-1.143737e-02	6.321812e-01
2.652000e-05	-1.094404e-02	3.695460e-01
2.653000e-05	-9.933410e-03	4.376395e-02
2.654000e-05	-3.974322e-03	-2.194498e-01
2.655000e-05	7.786114e-03	-4.615053e-01
2.656000e-05	-4.563607e-03	-7.793898e-01
2.657000e-05	3.182842e-03	-1.019975e+00
2.658000e-05	-4.030342e-03	-1.305112e+00
2.659000e-05	3.083962e-03	-1.576822e+00
2.660000e-05	3.175521e-03	-1.819996e+00
2.661000e-05	4.314544e-02	-2.031999e+00
2.662000e-05	1.318264e-01	-2.335714e+00
2.663000e-05	-1.581893e-02	-2.705163e+00
2.664000e-05	-2.529020e-02	-3.125684e+00
2.665000e-05	-2.724054e-02	-3.408948e+00
2.666000e-05	-3.556280e-02	-3.618471e+00
2.667000e-05	-9.951856e-02	-3.879004e+00
2.668000e-05	8.427738e-02	-4.020577e+00
2.669000e-05	5.010310e-02	-4.220549e+00
2.670000e-05	-1.102080e-01	-4.576318e+00
2.671000e-05	2.163134e-01	-4.788896e+00
2.672000e-05	-1.678620e-01	-5.144234e+00
2.673000e-05	1.060711e-01	-5.462176e+00
2.674000e-05	-3.558231e-02	-5.693613e+00
2.675000e-05	-7.464340e-02	-6.028395e+00
2.676000e-05	1.703403e-01	-6.187497e+00
2.677000e-05	-1.231055e-01	-6.513709e+00
2.678000e-05	1.451210e-01	-6.827395e+00
2.679000e-05	-7.061265e-02	-7.081073e+00
2.680000e-05	2.054989e-02	-7.365840e+00
2.681000e-05	5.325110e-02	-7.546843e+00
2.682000e-05	-7.403969e-02	-7.923582e+00
2.683000e-05	1.482800e-01	-8.124237e+00
2.684000e-05	-9.645698e-02	-8.346765e+00
2.685000e-05	1.194203e-01	-8.658024e+00
2.686000e-05	-3.152683e-02	-8.848678e+00
2.687000e-05	-3.127475e-03	-9.153206e+00
2.688000e-05	4.990957e-02	-9.280133e+00
2.689000e-05	-3.282676e-02	-9.545367e+00
2.690000e-05	1.173450e-01	-9.735894e+00
2.691000e-05	-5.698432e-02	-9.987397e+00
2.692000e-05	1.032371e-01	-1.020654e+01
2.693000e-05	-4.906236e-02	-1.045895e+01
2.694000e-05	7.717354e-02	-1.065910e+01
2.695000e-05	-7.067476e-03	-1.082045e+01
2.696000e-05	3.295931e-02	-1.104920e+01
2.697000e-05	3.648016e-02	-1.124905e+01
2.698000e-05	1.266258e-02	-1.146016e+01
2.699000e-05	6.468195e-02	-1.165068e+01
2.700000e-05	-1.091471e-02	-1.192018e+01
2.701000e-05	6.695319e-02	-1.206023e+01
2.702000e-05	-1.752383e-03	-1.222862e+01
2.703000e-05	7.773862e-02	-1.242652e+01
2.704000e-05	4.053065e-03	-1.258354e+01
2.705000e-05	5.419516e-02	-1.276344e+01
2.706000e-05	1.684194e-02	-1.292274e+01
2.707000e-05	5.250301e-02	-1.306871e+01
2.708000e-05	3.678407e-02	-1.323697e+01
2.709000e-05	4.245227e-02	-1.333392e+01
2.710000e-05	4.831878e-02	-1.348226e+01
2.711000e-05	4.197083e-02	-1.364715e+01
2.712000e-05	5.794737e-02	-1.381502e+01
2.713000e-05	3.302986e-02	-1.390124e+01
2.714000e-05	5.254944e-02	-1.404765e+01
2.715000e-05	4.103528e-02	-1.416339e+01
2.716000e-05	6.678795e-02	-1.429026e+01
2.717000e-05	4.986171e-02	-1.441600e+01
2.718000e-05	6.231784e-02	-1.454438e+01
2.719000e-05	5.188582e-02	-1.462707e+01
2.720000e-05	6.869938e-02	-1.472126e+01
2.721000e-05	6.338225e-02	-1.480547e+01
2.722000e-05	6.706676e-02	-1.486921e+01
2.723000e-05	6.563851e-02	-1.492239e+01
2.724000e-05	7.272448e-02	-1.499554e+01
2.725000e-05	7.542342e-02	-1.508773e+01
2.726000e-05	7.235569e-02	-1.514282e+01
2.727000e-05	7.670679e-02	-1.520544e+01
2.728000e-05	8.082703e-02	-1.525847e+01
2.729000e-05	9.321610e-02	-1.525915e+01
2.730000e-05	9.015458e-02	-1.531081e+01
2.731000e-05	9.372661e-02	-1.533386e+01
2.732000e-05	9.096171e-02	-1.538297e+01
2.733000e-05	1.022151e-01	-1.536502e+01
2.734000e-05	1.047179e-01	-1.541457e+01
2.735000e-05	1.105586e-01	-1.542563e+01
2.736000e-05	1.124058e-01	-1.544712e+01
2.737000e-05	1.215599e-01	-1.539657e+01
2.738000e-05	1.304563e-01	-1.539495e+01
2.739000e-05	1.342999e-01	-1.538410e+01
2.740000e-05	1.404580e-01	-1.539602e+01
2.741000e-05	1.509582e-01	-1.535436e+01
2.742000e-05	1.695831e-01	-1.532199e+01
2.743000e-05	1.865384e-01	-1.527926e+01
2.744000e-05	2.071539e-01	-1.528873e+01
2.745000e-05	2.329002e-01	-1.524600e+01
2.746000e-05	2.499167e-01	-1.520399e+01
2.747000e-05	2.500000e-01	-1.507081e+01
2.748000e-05	2.500000e-01	-1.498765e+01
2.749000e-05	2.500000e-01	-1.495404e+01
2.750000e-05	2.500000e-01	-1.490028e+01
2.751000e-05	2.500000e-01	-1.481808e+01
2.752000e-05	2.493650e-01	-1.478442e+01
2.753000e-05	2.324496e-01	-1.467713e+01
2.754000e-05	1.997531e-01	-1.455539e+01
2.755000e-05	1.759051e-01	-1.446878e+01
2.756000e-05	1.564960e-01	-1.436439e+01
2.757000e-05	1.367568e-01	-1.424868e+01
2.758000e-05	1.213095e-01	-1.414088e+01
2.759000e-05	1.088684e-01	-1.402757e+01
2.760000e-05	1.004705e-01	-1.387978e+01
2.761000e-05	8.930761e-02	-1.375244e+01
2.762000e-05	8.079644e-02	-1.361650e+01
2.763000e-05	7.420375e-02	-1.343718e+01
2.764000e-05	6.988981e-02	-1.330186e+01
2.765000e-05	6.568526e-02	-1.318447e+01
2.766000e-05	5.858741e-02	-1.300760e+01
2.767000e-05	5.319447e-02	-1.288130e+01
2.768000e-05	5.148949e-02	-1.268034e+01
2.769000e-05	4.844649e-02	-1.252346e+01
2.770000e-05	4.503099e-02	-1.242549e+01
2.771000e-05	4.013247e-02	-1.219805e+01
2.772000e-05	3.953045e-02	-1.204708e+01
2.773000e-05	3.661768e-02	-1.182562e+01
2.774000e-05	3.484707e-02	-1.165510e+01
2.775000e-05	2.981628e-02	-1.138542e+01
2.776000e-05	2.969806e-02	-1.117344e+01
2.777000e-05	2.825539e-02	-1.096547e+01
2.778000e-05	2.852653e-02	-1.079491e+01
2.779000e-05	2.522590e-02	-1.057705e+01
2.780000e-05	2.319469e-02	-1.037252e+01
2.781000e-05	2.157344e-02	-1.012196e+01
2.782000e-05	2.104296e-02	-9.872262e+00
2.783000e-05	1.975135e-02	-9.721312e+00
2.784000e-05	1.761988e-02	-9.472860e+00
2.785000e-05	1.708359e-02	-9.238730e+00
2.786000e-05	1.685205e-02	-9.048580e+00
2.787000e-05	1.513154e-02	-8.797630e+00
2.788000e-05	1.261398e-02	-8.513518e+00
2.789000e-05	1.175322e-02	-8.333389e+00
2.790000e-05	1.234047e-02	-8.092358e+00
2.791000e-05	1.188936e-02	-7.827603e+00
2.792000e-05	1.040264e-02	-7.534417e+00
2.793000e-05	8.851290e-03	-7.261861e+00
2.794000e-05	7.179629e-03	-7.019655e+00
2.795000e-05	7.193038e-03	-6.788067e+00
2.796000e-05	5.973003e-03	-6.521938e+00
2.797000e-05	5.057209e-03	-6.252280e+00
2.798000e-05	4.858006e-03	-5.986972e+00
2.799000e-05	4.543004e-03	-5.723418e+00
2.800000e-05	4.417335e-03	-5.442159e+00
2.801000e-05	1.394775e-03	-5.176093e+00
2.802000e-05	1.400270e-03	-4.818657e+00
2.803000e-05	2.311393e-03	-4.534918e+00
2.804000e-05	1.851229e-03	-4.314842e+00
2.805000e-05	1.083517e-03	-4.051285e+00
2.806000e-05	-2.021303e-03	-3.747443e+00
2.807000e-05	-1.964220e-03	-3.512838e+00
2.808000e-05	-3.657510e-03	-3.229680e+00
2.809000e-05	-2.018283e-03	-2.882889e+00
2.810000e-05	-4.416413e-03	-2.649207e+00
2.811000e-05	-1.449419e-03	-2.359597e+00
2.812000e-05	-3.243910e-03	-2.060789e+00
2.813000e-05	-2.839903e-03	-1.788101e+00
2.814000e-05	-6.260752e-03	-1.506893e+00
2.815000e-05	-6.763564e-03	-1.167554e+00
2.816000e-05	-7.621693e-03	-8.543644e-01
2.817000e-05	-6.935247e-03	-6.087038e-01
2.818000e-05	-6.384027e-03	-3.278444e-01
2.819000e-05	-5.405787e-03	-4.225770e-02
2.820000e-05	6.831444e-03	2.539763e-01
2.821000e-05	1.950430e-03	4.956631e-01
2.822000e-05	2.683166e-03	7.363144e-01
2.823000e-05	1.028020e-03	1.051952e+00
2.824000e-05	-8.456431e-04	1.334136e+00
2.825000e-05	-5.127529e-04	1.628950e+00
2.826000e-05	3.449781e-03	1.894134e+00
2.827000e-05	2.621586e-02	2.093137e+00
2.828000e-05	1.013682e-01	2.358322e+00
2.829000e-05	2.931795e-02	2.756790e+00
2.830000e-05	-5.730284e-02	3.040551e+00
2.831000e-05	-2.695072e-02	3.284658e+00
2.832000e-05	-3.410533e-02	3.599971e+00
2.833000e-05	-5.253648e-02	3.853050e+00
2.834000e-05	-7.595943e-02	4.049502e+00
2.835000e-05	8.715419e-02	4.304159e+00
2.836000e-05	-1.658911e-02	4.600497e+00
2.837000e-05	-3.344471e-02	4.829420e+00
2.838000e-05	1.478398e-01	5.167316e+00
2.839000e-05	-1.474689e-01	5.484580e+00
2.840000e-05	6.095820e-02	5.733237e+00
2.841000e-05	-4.870547e-02	6.028576e+00
2.842000e-05	1.291910e-02	6.251552e+00
2.843000e-05	3.091587e-02	6.524737e+00
2.844000e-05	-7.055538e-02	6.828975e+00
2.845000e-05	4.800200e-02	7.081155e+00
2.846000e-05	-6.159771e-02	7.283688e+00
2.847000e-05	3.139142e-02	7.628425e+00
2.848000e-05	-6.031317e-02	7.862631e+00
2.849000e-05	4.298495e-03	8.186347e+00
2.850000e-05	2.162101e-02	8.417919e+00
2.851000e-05	-3.839786e-02	8.597992e+00
2.852000e-05	1.872154e-02	8.820475e+00
2.853000e-05	-6.446943e-02	9.081626e+00
2.854000e-05	-3.865939e-03	9.291260e+00
2.855000e-05	-1.400559e-02	9.583711e+00
2.856000e-05	-3.309456e-03	9.783817e+00
2.857000e-05	-2.815145e-02	1.001695e+01
2.858000e-05	-2.440114e-02	1.019489e+01
2.859000e-05	-1.280100e-03	1.039895e+01
2.860000e-05	-3.227020e-02	1.059757e+01
2.861000e-05	-2.075274e-02	1.085797e+01
2.862000e-05	-4.168637e-02	1.103950e+01
2.863000e-05	-1.350382e-02	1.125007e+01
2.864000e-05	-2.049333e-02	1.145813e+01
2.865000e-05	-2.711017e-02	1.163853e+01
2.866000e-05	-4.141032e-02	1.186755e+01
2.867000e-05	-3.206040e-02	1.202855e+01
2.868000e-05	-2.007633e-02	1.221602e+01
2.869000e-05	-2.782481e-02	1.240547e+01
2.870000e-05	-3.860154e-02	1.257486e+01
2.871000e-05	-4.473433e-02	1.273326e+01
2.872000e-05	-3.100849e-02	1.292178e+01
2.873000e-05	-3.539106e-02	1.303807e+01
2.874000e-05	-4.169540e-02	1.321490e+01
2.875000e-05	-5.112005e-02	1.336341e+01
2.876000e-05	-3.633379e-02	1.352023e+01
2.877000e-05	-3.784647e-02	1.363650e+01
2.878000e-05	-4.376721e-02	1.374241e+01
2.879000e-05	-6.134529e-02	1.391276e+01
2.880000e-05	-5.535150e-02	1.411702e+01
2.881000e-05	-4.849961e-02	1.418337e+01
2.882000e-05	-4.975546e-02	1.429928e+01
2.883000e-05	-6.061455e-02	1.438657e+01
2.884000e-05	-6.639292e-02	1.455221e+01
2.885000e-05	-5.625977e-02	1.462349e+01
2.886000e-05	-6.101988e-02	1.468818e+01
2.887000e-05	-6.460863e-02	1.479487e+01
2.888000e-05	-7.826261e-02	1.484860e+01
2.889000e-05	-6.983998e-02	1.492078e+01
2.890000e-05	-7.048896e-02	1.495346e+01
2.891000e-05	-7.494413e-02	1.503607e+01
2.892000e-05	-8.854993e-02	1.512018e+01
2.893000e-05	-9.081435e-02	1.516389e+01
2.894000e-05	-8.476460e-02	1.520544e+01
2.895000e-05	-8.811965e-02	1.521765e+01
2.896000e-05	-9.611443e-02	1.526873e+01
2.897000e-05	-1.060217e-01	1.531083e+01
2.898000e-05	-1.014341e-01	1.531086e+01
2.899000e-05	-1.038902e-01	1.536238e+01
2.900000e-05	-1.117034e-01	1.533446e+01
2.901000e-05	-1.222872e-01	1.536349e+01
2.902000e-05	-1.243602e-01	1.539304e+01
2.903000e-05	-1.230159e-01	1.536194e+01
2.904000e-05	-1.349565e-01	1.535387e+01
2.905000e-05	-1.471329e-01	1.534089e+01
2.906000e-05	-1.622310e-01	1.533136e+01
2.907000e-05	-1.631099e-01	1.528983e+01
2.908000e-05	-1.769414e-01	1.526870e+01
2.909000e-05	-1.984583e-01	1.530715e+01
2.910000e-05	-2.259501e-01	1.521607e+01
2.911000e-05	-2.476880e-01	1.517142e+01
2.912000e-05	-2.500000e-01	1.510973e+01
2.913000e-05	-2.500000e-01	1.499760e+01
2.914000e-05	-2.500000e-01	1.500502e+01
2.915000e-05	-2.500000e-01	1.491134e+01
2.916000e-05	-2.500000e-01	1.486807e+01
2.917000e-05	-2.500000e-01	1.480599e+01
2.918000e-05	-2.495400e-01	1.472868e+01
2.919000e-05	-2.315740e-01	1.462402e+01
2.920000e-05	-1.967296e-01	1.448079e+01
2.921000e-05	-1.735113e-01	1.440254e+01
2.922000e-05	-1.551748e-01	1.428918e+01
2.923000e-05	-1.447875e-01	1.414297e+01
2.924000e-05	-1.281536e-01	1.407807e+01
2.925000e-05	-1.150647e-01	1.388076e+01
2.926000e-05	-1.030850e-01	1.374402e+01
2.927000e-05	-9.852279e-02	1.362562e+01
2.928000e-05	-9.112979e-02	1.352886e+01
2.929000e-05	-8.150277e-02	1.336502e+01
2.930000e-05	-7.490613e-02	1.325655e+01
2.931000e-05	-7.476500e-02	1.303820e+01
2.932000e-05	-7.151868e-02	1.289138e+01
2.933000e-05	-6.720397e-02	1.278392e+01
2.934000e-05	-5.928973e-02	1.259452e+01
2.935000e-05	-5.659022e-02	1.244965e+01
2.936000e-05	-5.578764e-02	1.223778e+01
2.937000e-05	-5.331375e-02	1.206978e+01
2.938000e-05	-4.800345e-02	1.189279e+01
2.939000e-05	-4.577019e-02	1.169129e+01
2.940000e-05	-4.771678e-02	1.148076e+01
2.941000e-05	-4.602240e-02	1.126023e+01
2.942000e-05	-4.377432e-02	1.109973e+01
2.943000e-05	-3.888739e-02	1.090021e+01
2.944000e-05	-3.908184e-02	1.071078e+01
2.945000e-05	-3.856217e-02	1.049131e+01
2.946000e-05	-3.739061e-02	1.021916e+01
2.947000e-05	-3.396192e-02	1.000975e+01
2.948000e-05	-3.399012e-02	9.817573e+00
2.949000e-05	-3.426189e-02	9.585018e+00
2.950000e-05	-3.425687e-02	9.374967e+00
2.951000e-05	-3.060171e-02	9.154918e+00
2.952000e-05	-2.902653e-02	8.902363e+00
2.953000e-05	-2.953777e-02	8.670159e+00
2.954000e-05	-2.973612e-02	8.448155e+00
2.955000e-05	-2.798684e-02	8.176621e+00
2.956000e-05	-2.535058e-02	8.005917e+00
2.957000e-05	-2.529198e-02	7.711863e+00
2.958000e-05	-2.637526e-02	7.459103e+00
2.959000e-05	-2.523608e-02	7.165042e+00
2.960000e-05	-2.475023e-02	6.942388e+00
2.961000e-05	-2.160906e-02	6.701131e+00
2.962000e-05	-2.389032e-02	6.359096e+00
2.963000e-05	-2.236545e-02	6.155971e+00
2.964000e-05	-2.165517e-02	5.912858e+00
2.965000e-05	-2.009373e-02	5.628570e+00
2.966000e-05	-2.052500e-02	5.345417e+00
2.967000e-05	-2.048164e-02	5.018529e+00
2.968000e-05	-2.010178e-02	4.703939e+00
2.969000e-05	-1.854080e-02	4.451681e+00
2.970000e-05	-1.809798e-02	4.147622e+00
2.971000e-05	-1.878254e-02	3.893737e+00
2.972000e-05	-1.866883e-02	3.641251e+00
2.973000e-05	-1.681694e-02	3.364947e+00
2.974000e-05	-1.510790e-02	3.071184e+00
2.975000e-05	-1.571423e-02	2.779601e+00
2.976000e-05	-1.618364e-02	2.504347e+00
2.977000e-05	-1.648435e-02	2.249075e+00
2.978000e-05	-1.426513e-02	1.946942e+00
2.979000e-05	-1.365959e-02	1.663208e+00
2.980000e-05	-1.391210e-02	1.356371e+00
2.981000e-05	-1.317587e-02	1.041253e+00
2.982000e-05	-1.085791e-02	7.568669e-01
2.983000e-05	-1.030520e-02	4.732104e-01
2.984000e-05	-9.891897e-03	1.680723e-01
2.985000e-05	-8.313231e-03	-1.246132e-01
2.986000e-05	5.182608e-03	-3.578959e-01
2.987000e-05	-1.987272e-03	-6.244805e-01
2.988000e-05	2.439218e-03	-9.062394e-01
2.989000e-05	-1.587353e-03	-1.169842e+00
2.990000e-05	2.451864e-03	-1.485106e+00
2.991000e-05	-1.704314e-04	-1.737237e+00
2.992000e-05	2.372614e-02	-1.967340e+00
2.993000e-05	1.020474e-01	-2.209322e+00
2.994000e-05	6.465044e-02	-2.575914e+00
2.995000e-05	-6.098356e-02	-3.018874e+00
2.996000e-05	7.740976e-04	-3.304188e+00
2.997000e-05	-5.038980e-02	-3.524765e+00
2.998000e-05	-5.990324e-02	-3.754318e+00
2.999000e-05	-3.926537e-02	-3.987424e+00
3.000000e-05	1.694860e-01	-4.115214e+00
3.001000e-05	-1.775128e-01	-4.443030e+00
3.002000e-05	1.731794e-01	-4.683240e+00
3.003000e-05	-1.892632e-02	-4.968340e+00
3.004000e-05	-6.122796e-02	-5.355767e+00
3.005000e-05	1.257815e-01	-5.578372e+00
3.006000e-05	-1.847741e-01	-5.883608e+00
3.007000e-05	1.872204e-01	-6.094787e+00
3.008000e-05	-6.064463e-02	-6.398968e+00
3.009000e-05	4.247411e-02	-6.704757e+00
3.010000e-05	5.714991e-02	-6.935317e+00
3.011000e-05	-9.346729e-02	-7.280557e+00
3.012000e-05	1.304280e-01	-7.461660e+00
3.013000e-05	-1.103771e-01	-7.765418e+00
3.014000e-05	1.225963e-01	-8.061624e+00
3.015000e-05	-2.154289e-02	-8.241058e+00
3.016000e-05	1.565167e-02	-8.523838e+00
3.017000e-05	8.511874e-02	-8.754840e+00
3.018000e-05	-9.233534e-02	-9.017950e+00
3.019000e-05	1.055035e-01	-9.208972e+00
3.020000e-05	-7.048491e-02	-9.480077e+00
3.021000e-05	1.172018e-01	-9.732258e+00
3.022000e-05	-2.808685e-02	-9.871737e+00
3.023000e-05	5.404441e-02	-1.014386e+01
3.024000e-05	1.377056e-02	-1.033381e+01
3.025000e-05	5.605881e-03	-1.059594e+01
3.026000e-05	6.390525e-02	-1.076477e+01
3.027000e-05	-2.627169e-02	-1.100439e+01
3.028000e-05	8.362096e-02	-1.118542e+01
3.029000e-05	-2.328464e-02	-1.142592e+01
3.030000e-05	8.464017e-02	-1.160592e+01
3.031000e-05	-1.747490e-02	-1.180502e+01
3.032000e-05	5.945186e-02	-1.205640e+01
3.033000e-05	8.206093e-03	-1.220650e+01
3.034000e-05	5.708436e-02	-1.236379e+01
3.035000e-05	3.400491e-02	-1.252082e+01
3.036000e-05	2.834964e-02	-1.272383e+01
3.037000e-05	4.193118e-02	-1.285868e+01
3.038000e-05	2.569579e-02	-1.301860e+01
3.039000e-05	5.970980e-02	-1.315532e+01
3.040000e-05	2.201016e-02	-1.333231e+01
3.041000e-05	6.030869e-02	-1.344768e+01
3.042000e-05	2.917680e-02	-1.362590e+01
3.043000e-05	6.536695e-02	-1.377431e+01
3.044000e-05	3.163718e-02	-1.386970e+01
3.045000e-05	5.338922e-02	-1.400797e+01
3.046000e-05	4.132330e-02	-1.412334e+01
3.047000e-05	6.221787e-02	-1.428118e+01
3.048000e-05	5.503170e-02	-1.443447e+01
3.049000e-05	5.594777e-02	-1.449116e+01
3.050000e-05	5.463380e-02	-1.458489e+01
3.051000e-05	6.060258e-02	-1.466863e+01
3.052000e-05	6.847575e-02	-1.475440e+01
3.053000e-05	6.231057e-02	-1.483860e+01
3.054000e-05	6.917202e-02	-1.492033e+01
3.055000e-05	6.702545e-02	-1.498454e+01
3.056000e-05	7.889576e-02	-1.503920e+01
3.057000e-05	7.044095e-02	-1.516236e+01
3.058000e-05	7.776098e-02	-1.520637e+01
3.059000e-05	7.499946e-02	-1.522662e+01
3.060000e-05	9.098737e-02	-1.528108e+01
3.061000e-05	9.010513e-02	-1.532038e+01
3.062000e-05	9.275517e-02	-1.535178e+01
3.063000e-05	9.141276e-02	-1.537494e+01
3.064000e-05	9.848059e-02	-1.540445e+01
3.065000e-05	1.053762e-01	-1.541607e+01
3.066000e-05	1.080127e-01	-1.539462e+01
3.067000e-05	1.126651e-01	-1.544660e+01
3.068000e-05	1.173711e-01	-1.539750e+01
3.069000e-05	1.291117e-01	-1.536565e+01
3.070000e-05	1.315123e-01	-1.542445e+01
3.071000e-05	1.385849e-01	-1.540552e+01
3.072000e-05	1.452560e-01	-1.540289e+01
3.073000e-05	1.638353e-01	-1.536391e+01
3.074000e-05	1.798029e-01	-1.531121e+01
3.075000e-05	1.999399e-01	-1.528813e+01
3.076000e-05	2.229057e-01	-1.521808e+01
3.077000e-05	2.471839e-01	-1.523639e+01
3.078000e-05	2.500000e-01	-1.510936e+01
3.079000e-05	2.500000e-01	-1.506971e+01
3.080000e-05	2.500000e-01	-1.496447e+01
3.081000e-05	2.500000e-01	-1.492184e+01
3.082000e-05	2.500000e-01	-1.487768e+01
3.083000e-05	2.500000e-01	-1.479504e+01
3.084000e-05	2.415522e-01	-1.469026e+01
3.085000e-05	2.106701e-01	-1.461604e+01
3.086000e-05	1.831421e-01	-1.452284e+01
3.087000e-05	1.644202e-01	-1.443755e+01
3.088000e-05	1.459462e-01	-1.427021e+01
3.089000e-05	1.258175e-01	-1.416459e+01
3.090000e-05	1.146105e-01	-1.403923e+01
3.091000e-05	1.001016e-01	-1.394196e+01
3.092000e-05	9.335350e-02	-1.375402e+01
3.093000e-05	8.101660e-02	-1.362855e+01
3.094000e-05	7.773015e-02	-1.352984e+01
3.095000e-05	7.239448e-02	-1.332486e+01
3.096000e-05	6.998709e-02	-1.322760e+01
3.097000e-05	6.244395e-02	-1.307068e+01
3.098000e-05	5.643818e-02	-1.292394e+01
3.099000e-05	5.070163e-02	-1.279344e+01
3.100000e-05	4.779841e-02	-1.257464e+01
3.101000e-05	4.433712e-02	-1.247968e+01
3.102000e-05	4.136034e-02	-1.226973e+01
3.103000e-05	3.939609e-02	-1.209076e+01
3.104000e-05	3.816300e-02	-1.189986e+01
3.105000e-05	3.784355e-02	-1.169133e+01
3.106000e-05	3.352312e-02	-1.145920e+01
3.107000e-05	3.028002e-02	-1.122773e+01
3.108000e-05	2.733461e-02	-1.101815e+01
3.109000e-05	2.717327e-02	-1.083863e+01
3.110000e-05	2.483212e-02	-1.064020e+01
3.111000e-05	2.304577e-02	-1.047775e+01
3.112000e-05	2.170583e-02	-1.021615e+01
3.113000e-05	2.173957e-02	-1.000815e+01
3.114000e-05	2.088029e-02	-9.777046e+00
3.115000e-05	1.945961e-02	-9.584546e+00
3.116000e-05	1.812394e-02	-9.313913e+00
3.117000e-05	1.759819e-02	-9.102434e+00
3.118000e-05	1.564730e-02	-8.902831e+00
3.119000e-05	1.308958e-02	-8.629132e+00
3.120000e-05	1.160372e-02	-8.408097e+00
3.121000e-05	1.093570e-02	-8.167968e+00
3.122000e-05	1.129808e-02	-7.963516e+00
3.123000e-05	1.144589e-02	-7.649280e+00
3.124000e-05	1.066030e-02	-7.376070e+00
3.125000e-05	9.106173e-03	-7.173942e+00
3.126000e-05	7.363735e-03	-6.872308e+00
3.127000e-05	6.600434e-03	-6.579124e+00
3.128000e-05	4.873674e-03	-6.388566e+00
3.129000e-05	4.775678e-03	-6.071808e+00
3.130000e-05	3.095903e-03	-5.800099e+00
3.131000e-05	4.761285e-03	-5.598523e+00
3.132000e-05	2.995269e-03	-5.250210e+00
3.133000e-05	2.759346e-03	-4.985018e+00
3.134000e-05	1.647252e-03	-4.629753e+00
3.135000e-05	2.610473e-03	-4.399073e+00
3.136000e-05	1.798939e-03	-4.127470e+00
3.137000e-05	-8.231702e-04	-3.863238e+00
3.138000e-05	-2.366766e-03	-3.578474e+00
3.139000e-05	-3.406497e-03	-3.335420e+00
3.140000e-05	-2.803504e-03	-3.067227e+00
3.141000e-05	-3.355807e-03	-2.745993e+00
3.142000e-05	-3.049354e-03	-2.502788e+00
3.143000e-05	-3.311825e-03	-2.188475e+00
3.144000e-05	-2.770374e-03	-1.944266e+00
3.145000e-05	-4.554538e-03	-1.610178e+00
3.146000e-05	-5.371074e-03	-1.325442e+00
3.147000e-05	-8.176154e-03	-9.591275e-01
3.148000e-05	-7.311796e-03	-7.484433e-01
3.149000e-05	-8.148309e-03	-4.201063e-01
3.150000e-05	-5.068753e-03	-1.594684e-01
3.151000e-05	-1.010390e-03	1.031080e-01
3.152000e-05	8.807242e-03	4.404226e-01
3.153000e-05	-2.123761e-03	6.410589e-01
3.154000e-05	7.657936e-03	9.241606e-01
3.155000e-05	-3.383550e-03	1.229526e+00
3.156000e-05	2.217374e-03	1.493089e+00
3.157000e-05	-4.374511e-03	1.820474e+00
3.158000e-05	1.926206e-02	2.028519e+00
3.159000e-05	6.663532e-02	2.272555e+00
3.160000e-05	9.140450e-02	2.646849e+00
3.161000e-05	-6.237756e-02	2.915737e+00
3.162000e-05	-2.382919e-02	3.219476e+00
3.163000e-05	-4.264646e-02	3.533612e+00
3.164000e-05	-2.676794e-02	3.796266e+00
3.165000e-05	-9.358018e-02	3.956264e+00
3.166000e-05	2.101679e-02	4.177423e+00
3.167000e-05	8.231171e-02	4.532187e+00
3.168000e-05	-1.222147e-01	4.756340e+00
3.169000e-05	1.731035e-01	5.018925e+00
3.170000e-05	-8.726885e-02	5.376422e+00
3.171000e-05	-1.731405e-02	5.617897e+00
3.172000e-05	2.154982e-02	5.891737e+00
3.173000e-05	-5.259458e-02	6.176242e+00
3.174000e-05	7.136418e-02	6.418872e+00
3.175000e-05	-7.126052e-02	6.725187e+00
3.176000e-05	2.267677e-02	6.964795e+00
3.177000e-05	-2.434704e-02	7.210481e+00
3.178000e-05	-1.053731e-02	7.532705e+00
3.179000e-05	-7.964137e-03	7.786370e+00
3.180000e-05	-5.038356e-02	8.080579e+00
3.181000e-05	4.639945e-02	8.291210e+00
3.182000e-05	-3.501062e-02	8.503262e+00
3.183000e-05	4.118545e-03	8.773762e+00
3.184000e-05	-2.484601e-02	8.985493e+00
3.185000e-05	-5.127427e-02	9.248473e+00
3.186000e-05	1.611710e-02	9.439725e+00
3.187000e-05	-2.996038e-02	9.669607e+00
3.188000e-05	2.852220e-03	9.921759e+00
3.189000e-05	-4.582897e-02	1.011376e+01
3.190000e-05	7.603180e-03	1.032522e+01
3.191000e-05	-2.564551e-02	1.055584e+01
3.192000e-05	-2.686238e-02	1.078529e+01
3.193000e-05	-3.214323e-02	1.095436e+01
3.194000e-05	-3.604155e-02	1.116429e+01
3.195000e-05	-4.690103e-03	1.137389e+01
3.196000e-05	-3.628836e-02	1.159439e+01
3.197000e-05	-2.230392e-02	1.182539e+01
3.198000e-05	-4.524893e-02	1.201529e+01
3.199000e-05	-1.319849e-02	1.216394e+01
3.200000e-05	-3.114172e-02	1.238279e+01
3.201000e-05	-3.273917e-02	1.251276e+01
3.202000e-05	-4.720038e-02	1.270208e+01
3.203000e-05	-3.768284e-02	1.282745e+01
3.204000e-05	-2.956250e-02	1.296396e+01
3.205000e-05	-4.266957e-02	1.316226e+01
3.206000e-05	-4.334711e-02	1.331219e+01
3.207000e-05	-4.521609e-02	1.347807e+01
3.208000e-05	-3.123825e-02	1.354382e+01
3.209000e-05	-4.466163e-02	1.373121e+01
3.210000e-05	-5.384650e-02	1.386752e+01
3.211000e-05	-6.108306e-02	1.397442e+01
3.212000e-05	-5.084951e-02	1.413034e+01
3.213000e-05	-4.964108e-02	1.426815e+01
3.214000e-05	-5.804036e-02	1.434491e+01
3.215000e-05	-6.351792e-02	1.450266e+01
3.216000e-05	-5.985450e-02	1.460439e+01
3.217000e-05	-5.556998e-02	1.467813e+01
3.218000e-05	-6.500722e-02	1.478284e+01
3.219000e-05	-7.297668e-02	1.483755e+01
3.220000e-05	-7.496950e-02	1.487016e+01
3.221000e-05	-7.026931e-02	1.496239e+01
3.222000e-05	-7.426855e-02	1.500645e+01
3.223000e-05	-8.584411e-02	1.508966e+01
3.224000e-05	-9.134949e-02	1.513279e+01
3.225000e-05	-8.640019e-02	1.521489e+01
3.226000e-05	-8.351735e-02	1.524757e+01
3.227000e-05	-9.242911e-02	1.528860e+01
3.228000e-05	-1.015472e-01	1.532978e+01
3.229000e-05	-1.032354e-01	1.535126e+01
3.230000e-05	-1.027176e-01	1.533234e+01
3.231000e-05	-1.103286e-01	1.535147e+01
3.232000e-05	-1.215806e-01	1.539306e+01
3.233000e-05	-1.254596e-01	1.534192e+01
3.234000e-05	-1.237135e-01	1.534454e+01
3.235000e-05	-1.272868e-01	1.536289e+01
3.236000e-05	-1.417786e-01	1.535134e+01
3.237000e-05	-1.549570e-01	1.534091e+01
3.238000e-05	-1.612112e-01	1.533028e+01
3.239000e-05	-1.724961e-01	1.526878e+01
3.240000e-05	-1.923221e-01	1.525960e+01
3.241000e-05	-2.202374e-01	1.519662e+01
3.242000e-05	-2.425917e-01	1.520349e+01
3.243000e-05	-2.499534e-01	1.514989e+01
3.244000e-05	-2.500000e-01	1.507868e+01
3.245000e-05	-2.500000e-01	1.501500e+01
3.246000e-05	-2.500000e-01	1.496339e+01
3.247000e-05	-2.500000e-01	1.489865e+01
3.248000e-05	-2.500000e-01	1.477650e+01
3.249000e-05	-2.496000e-01	1.469184e+01
3.250000e-05	-2.428802e-01	1.462657e+01
3.251000e-05	-2.109800e-01	1.456289e+01
3.252000e-05	-1.814204e-01	1.442717e+01
3.253000e-05	-1.596589e-01	1.431136e+01
3.254000e-05	-1.478555e-01	1.421604e+01
3.255000e-05	-1.323098e-01	1.410080e+01
3.256000e-05	-1.182324e-01	1.397384e+01
3.257000e-05	-1.042277e-01	1.379665e+01
3.258000e-05	-1.025938e-01	1.367976e+01
3.259000e-05	-9.480852e-02	1.358292e+01
3.260000e-05	-8.753475e-02	1.339605e+01
3.261000e-05	-7.557652e-02	1.330226e+01
3.262000e-05	-7.397819e-02	1.313036e+01
3.263000e-05	-7.089611e-02	1.293392e+01
3.264000e-05	-6.852767e-02	1.281510e+01
3.265000e-05	-5.940551e-02	1.263965e+01
3.266000e-05	-5.694064e-02	1.251031e+01
3.267000e-05	-5.584927e-02	1.234031e+01
3.268000e-05	-5.680110e-02	1.213387e+01
3.269000e-05	-5.053333e-02	1.199500e+01
3.270000e-05	-4.661856e-02	1.176747e+01
3.271000e-05	-4.718668e-02	1.155395e+01
3.272000e-05	-4.763989e-02	1.137397e+01
3.273000e-05	-4.434203e-02	1.117454e+01
3.274000e-05	-3.918501e-02	1.094544e+01
3.275000e-05	-3.829173e-02	1.078595e+01
3.276000e-05	-3.897655e-02	1.052437e+01
3.277000e-05	-3.958317e-02	1.036244e+01
3.278000e-05	-3.488007e-02	1.012384e+01
3.279000e-05	-3.364039e-02	9.920309e+00
3.280000e-05	-3.275546e-02	9.681261e+00
3.281000e-05	-3.544395e-02	9.409628e+00
3.282000e-05	-3.156825e-02	9.239577e+00
3.283000e-05	-2.975247e-02	8.996598e+00
3.284000e-05	-2.822067e-02	8.746519e+00
3.285000e-05	-2.990702e-02	8.574916e+00
3.286000e-05	-2.867690e-02	8.303786e+00
3.287000e-05	-2.644777e-02	8.029728e+00
3.288000e-05	-2.435232e-02	7.798047e+00
3.289000e-05	-2.620171e-02	7.546491e+00
3.290000e-05	-2.601522e-02	7.290205e+00
3.291000e-05	-2.497490e-02	7.009100e+00
3.292000e-05	-2.249966e-02	6.767396e+00
3.293000e-05	-2.257184e-02	6.461811e+00
3.294000e-05	-2.389851e-02	6.198630e+00
3.295000e-05	-2.295582e-02	5.976971e+00
3.296000e-05	-2.045053e-02	5.714963e+00
3.297000e-05	-1.981412e-02	5.449728e+00
3.298000e-05	-2.093216e-02	5.117491e+00
3.299000e-05	-2.005217e-02	4.809576e+00
3.300000e-05	-1.943668e-02	4.555942e+00
3.301000e-05	-1.786135e-02	4.300808e+00
3.302000e-05	-1.782099e-02	3.978548e+00
3.303000e-05	-1.873773e-02	3.724316e+00
3.304000e-05	-1.727490e-02	3.461683e+00
3.305000e-05	-1.498727e-02	3.138968e+00
3.306000e-05	-1.501895e-02	2.913838e+00
3.307000e-05	-1.619071e-02	2.590528e+00
3.308000e-05	-1.626560e-02	2.323819e+00
3.309000e-05	-1.416495e-02	2.052235e+00
3.310000e-05	-1.321624e-02	1.739971e+00
3.311000e-05	-1.318741e-02	1.501782e+00
3.312000e-05	-1.391553e-02	1.126072e+00
3.313000e-05	-1.231451e-02	7.917050e-01
3.314000e-05	-1.071869e-02	5.769198e-01
3.315000e-05	-9.498463e-03	3.038567e-01
3.316000e-05	-8.852002e-03	-3.949770e-02
3.317000e-05	-1.290403e-03	-2.846357e-01
3.318000e-05	4.740978e-03	-4.952130e-01
3.319000e-05	-1.672450e-03	-8.094253e-01
3.320000e-05	2.240120e-03	-1.083154e+00
3.321000e-05	-2.993493e-03	-1.357822e+00
3.322000e-05	1.561173e-03	-1.652550e+00
3.323000e-05	1.028756e-02	-1.893661e+00
3.324000e-05	6.483374e-02	-2.094584e+00
3.325000e-05	1.246204e-01	-2.420025e+00
3.326000e-05	-5.689346e-02	-2.829552e+00
3.327000e-05	-2.493970e-04	-3.191448e+00
3.328000e-05	-4.618747e-02	-3.421604e+00
3.329000e-05	-3.362959e-02	-3.632555e+00
3.330000e-05	-1.039065e-01	-3.924162e+00
3.331000e-05	1.617661e-01	-4.042582e+00
3.332000e-05	-7.007251e-02	-4.315738e+00
3.333000e-05	1.230307e-02	-4.612471e+00
3.334000e-05	1.420716e-01	-4.900108e+00
3.335000e-05	-1.784240e-01	-5.239553e+00
3.336000e-05	1.759117e-01	-5.533287e+00
3.337000e-05	-1.498943e-01	-5.757393e+00
3.338000e-05	5.580111e-02	-6.042080e+00
3.339000e-05	8.433805e-02	-6.241104e+00
3.340000e-05	-8.347322e-02	-6.586945e+00
3.341000e-05	1.510444e-01	-6.851525e+00
3.342000e-05	-1.259405e-01	-7.153763e+00
3.343000e-05	1.018885e-01	-7.378421e+00
3.344000e-05	-3.623580e-02	-7.640102e+00
3.345000e-05	1.058244e-02	-7.964367e+00
3.346000e-05	9.593953e-02	-8.167388e+00
3.347000e-05	-8.437897e-02	-8.409479e+00
3.348000e-05	1.461708e-01	-8.651201e+00
3.349000e-05	-9.653894e-02	-8.952791e+00
3.350000e-05	7.200622e-02	-9.164314e+00
3.351000e-05	-1.907661e-02	-9.324341e+00
3.352000e-05	3.829528e-02	-9.618474e+00
3.353000e-05	6.211541e-02	-9.837999e+00
3.354000e-05	-2.628269e-02	-1.003958e+01
3.355000e-05	8.640818e-02	-1.027860e+01
3.356000e-05	-5.302754e-02	-1.048216e+01
3.357000e-05	1.003126e-01	-1.069971e+01
3.358000e-05	-4.001887e-02	-1.087071e+01
3.359000e-05	7.496606e-02	-1.110113e+01
3.360000e-05	-5.870927e-03	-1.129273e+01
3.361000e-05	5.435151e-02	-1.151324e+01
3.362000e-05	2.462719e-02	-1.170181e+01
3.363000e-05	1.872942e-02	-1.195376e+01
3.364000e-05	4.570824e-02	-1.209174e+01
3.365000e-05	1.828343e-02	-1.230971e+01
3.366000e-05	6.809607e-02	-1.245961e+01
3.367000e-05	3.384972e-03	-1.263765e+01
3.368000e-05	5.776764e-02	-1.279705e+01
3.369000e-05	9.555101e-03	-1.301489e+01
3.370000e-05	6.605088e-02	-1.313224e+01
3.371000e-05	2.281941e-02	-1.327023e+01
3.372000e-05	5.699736e-02	-1.339707e+01
3.373000e-05	3.466034e-02	-1.357386e+01
3.374000e-05	5.500782e-02	-1.371228e+01
3.375000e-05	4.566614e-02	-1.381810e+01
3.376000e-05	4.185787e-02	-1.396384e+01
3.377000e-05	4.722255e-02	-1.410016e+01
3.378000e-05	4.996693e-02	-1.421602e+01
3.379000e-05	6.319996e-02	-1.433383e+01
3.380000e-05	5.117690e-02	-1.446813e+01
3.381000e-05	5.991150e-02	-1.454381e+01
3.382000e-05	5.239777e-02	-1.462707e+01
3.383000e-05	7.152660e-02	-1.474426e+01
3.384000e-05	6.071210e-02	-1.483657e+01
3.385000e-05	7.056045e-02	-1.489971e+01
3.386000e-05	6.395355e-02	-1.496297e+01
3.387000e-05	7.719260e-02	-1.502765e+01
3.388000e-05	7.192919e-02	-1.511966e+01
3.389000e-05	7.657735e-02	-1.515394e+01
3.390000e-05	7.573802e-02	-1.521555e+01
3.391000e-05	8.518254e-02	-1.527763e+01
3.392000e-05	9.251418e-02	-1.530173e+01
3.393000e-05	9.099767e-02	-1.531131e+01
3.394000e-05	9.327209e-02	-1.533172e+01
3.395000e-05	9.354377e-02	-1.538397e+01
3.396000e-05	1.036754e-01	-1.539550e+01
3.397000e-05	1.046990e-01	-1.542655e+01
3.398000e-05	1.123134e-01	-1.538657e+01
3.399000e-05	1.146587e-01	-1.542867e+01
3.400000e-05	1.259781e-01	-1.540605e+01
3.401000e-05	1.295158e-01	-1.543605e+01
3.402000e-05	1.355185e-01	-1.540557e+01
3.403000e-05	1.421472e-01	-1.536502e+01
3.404000e-05	1.559776e-01	-1.534196e+01
3.405000e-05	1.728526e-01	-1.534231e+01
3.406000e-05	1.909528e-01	-1.529079e+01
3.407000e-05	2.130115e-01	-1.525860e+01
3.408000e-05	2.402772e-01	-1.522647e+01
3.409000e-05	2.499592e-01	-1.512337e+01
3.410000e-05	2.500000e-01	-1.509886e+01
3.411000e-05	2.500000e-01	-1.500602e+01
3.412000e-05	2.500000e-01	-1.491394e+01
3.413000e-05	2.500000e-01	-1.485928e+01
3.414000e-05	2.500000e-01	-1.480710e+01
3.415000e-05	2.483984e-01	-1.471286e+01
3.416000e-05	2.213938e-01	-1.461715e+01
3.417000e-05	1.923149e-01	-1.454394e+01
3.418000e-05	1.699089e-01	-1.448950e+01
3.419000e-05	1.500619e-01	-1.434334e+01
3.420000e-05	1.315346e-01	-1.420670e+01
3.421000e-05	1.185605e-01	-1.407031e+01
3.422000e-05	1.072377e-01	-1.398247e+01
3.423000e-05	9.771039e-02	-1.382810e+01
3.424000e-05	8.690621e-02	-1.373184e+01
3.425000e-05	7.950469e-02	-1.357456e+01
3.426000e-05	7.229933e-02	-1.339560e+01
3.427000e-05	6.849144e-02	-1.325073e+01
3.428000e-05	6.181211e-02	-1.313239e+01
3.429000e-05	5.554765e-02	-1.297647e+01
3.430000e-05	5.268031e-02	-1.282767e+01
3.431000e-05	5.194731e-02	-1.269021e+01
3.432000e-05	4.940308e-02	-1.250231e+01
3.433000e-05	4.395956e-02	-1.234284e+01
3.434000e-05	3.924979e-02	-1.213489e+01
3.435000e-05	3.754161e-02	-1.197602e+01
3.436000e-05	3.545210e-02	-1.175352e+01
3.437000e-05	3.271625e-02	-1.150242e+01
3.438000e-05	3.024234e-02	-1.133192e+01
3.439000e-05	2.943485e-02	-1.112931e+01
3.440000e-05	2.943757e-02	-1.090236e+01
3.441000e-05	2.841005e-02	-1.073484e+01
3.442000e-05	2.484710e-02	-1.051346e+01
3.443000e-05	2.230700e-02	-1.032121e+01
3.444000e-05	2.106379e-02	-1.006123e+01
3.445000e-05	1.934835e-02	-9.840184e+00
3.446000e-05	1.796812e-02	-9.640780e+00
3.447000e-05	1.765414e-02	-9.416600e+00
3.448000e-05	1.785435e-02	-9.237047e+00
3.449000e-05	1.708818e-02	-8.975493e+00
3.450000e-05	1.522802e-02	-8.752313e+00
3.451000e-05	1.322588e-02	-8.491309e+00
3.452000e-05	1.228892e-02	-8.260656e+00
3.453000e-05	1.188497e-02	-8.050621e+00
3.454000e-05	1.030160e-02	-7.764967e+00
3.455000e-05	7.858900e-03	-7.460806e+00
3.456000e-05	9.298329e-03	-7.209627e+00
3.457000e-05	8.057890e-03	-6.944018e+00
3.458000e-05	8.734441e-03	-6.684362e+00
3.459000e-05	5.480925e-03	-6.461231e+00
3.460000e-05	6.668757e-03	-6.205524e+00
3.461000e-05	3.648790e-03	-5.904366e+00
3.462000e-05	5.078242e-03	-5.640781e+00
3.463000e-05	2.914861e-03	-5.337518e+00
3.464000e-05	2.297066e-03	-5.083836e+00
3.465000e-05	1.011957e-03	-4.744991e+00
3.466000e-05	3.538230e-03	-4.483287e+00
3.467000e-05	1.177261e-03	-4.241781e+00
3.468000e-05	7.623325e-04	-3.968567e+00
3.469000e-05	-2.056466e-03	-3.653306e+00
3.470000e-05	-9.036938e-04	-3.419679e+00
3.471000e-05	-4.054765e-03	-3.157573e+00
3.472000e-05	-2.774480e-03	-2.861681e+00
3.473000e-05	-4.426184e-03	-2.589025e+00
3.474000e-05	-1.845946e-03	-2.234835e+00
3.475000e-05	-3.568529e-03	-1.990051e+00
3.476000e-05	-3.553707e-03	-1.735895e+00
3.477000e-05	-6.255660e-03	-1.443679e+00
3.478000e-05	-6.076994e-03	-1.125361e+00
3.479000e-05	-6.458168e-03	-8.201739e-01
3.480000e-05	-7.040630e-03	-5.449144e-01
3.481000e-05	-5.289497e-03	-2.322854e-01
3.482000e-05	-4.942438e-03	1.947394e-02
3.483000e-05	9.822912e-03	3.366594e-01
3.484000e-05	-1.929126e-03	5.882423e-01
3.485000e-05	5.784207e-03	7.788699e-01
3.486000e-05	-1.707594e-03	1.097158e+00
3.487000e-05	2.009370e-03	1.358771e+00
3.488000e-05	-1.713785e-03	1.764686e+00
3.489000e-05	1.054725e-02	1.945689e+00
3.490000e-05	3.868294e-02	2.147244e+00
3.491000e-05	1.128502e-01	2.471108e+00
3.492000e-05	-2.296396e-02	2.830503e+00
3.493000e-05	-4.044073e-02	3.113138e+00
3.494000e-05	-3.712209e-02	3.388872e+00
3.495000e-05	-2.473872e-02	3.652558e+00
3.496000e-05	-7.625861e-02	3.902684e+00
3.497000e-05	-4.145628e-02	4.081638e+00
3.498000e-05	1.126643e-01	4.418422e+00
3.499000e-05	-9.301690e-02	4.691608e+00
3.500000e-05	7.216549e-02	4.893562e+00
3.501000e-05	5.515178e-02	5.288555e+00
3.502000e-05	-1.189238e-01	5.533788e+00
3.503000e-05	7.163326e-02	5.767425e+00
3.504000e-05	-7.616908e-02	6.083160e+00
3.505000e-05	5.736803e-02	6.343163e+00
3.506000e-05	-1.969649e-02	6.598470e+00
3.507000e-05	-3.561050e-02	6.863082e+00
3.508000e-05	3.041322e-02	7.154186e+00
3.509000e-05	-5.492949e-02	7.449447e+00
3.510000e-05	3.285509e-02	7.680555e+00
3.511000e-05	-7.660930e-02	7.976364e+00
3.512000e-05	3.755801e-02	8.239601e+00
3.513000e-05	-5.960412e-03	8.440053e+00
3.514000e-05	-2.434995e-02	8.670578e+00
3.515000e-05	9.639981e-03	8.871734e+00
3.516000e-05	-7.487617e-02	9.165260e+00
3.517000e-05	2.032412e-02	9.354296e+00
3.518000e-05	-3.162214e-02	9.586821e+00
3.519000e-05	1.067916e-02	9.818525e+00
3.520000e-05	-4.714018e-02	1.005960e+01
3.521000e-05	-4.732756e-03	1.027010e+01
3.522000e-05	-1.257699e-02	1.047010e+01
3.523000e-05	-3.166735e-02	1.071013e+01
3.524000e-05	-2.241863e-02	1.088168e+01
3.525000e-05	-4.433536e-02	1.109161e+01
3.526000e-05	-9.110198e-04	1.130068e+01
3.527000e-05	-3.309980e-02	1.150974e+01
3.528000e-05	-2.173801e-02	1.177228e+01
3.529000e-05	-5.054825e-02	1.193218e+01
3.530000e-05	-1.904992e-02	1.213071e+01
3.531000e-05	-2.605582e-02	1.226013e+01
3.532000e-05	-2.780320e-02	1.242955e+01
3.533000e-05	-4.377012e-02	1.261657e+01
3.534000e-05	-4.234476e-02	1.277434e+01
3.535000e-05	-2.844858e-02	1.291131e+01
3.536000e-05	-4.054840e-02	1.308916e+01
3.537000e-05	-4.233937e-02	1.326855e+01
3.538000e-05	-5.080972e-02	1.339544e+01
3.539000e-05	-3.162576e-02	1.353279e+01
3.540000e-05	-4.114756e-02	1.365853e+01
3.541000e-05	-4.751961e-02	1.377445e+01
3.542000e-05	-6.339669e-02	1.393181e+01
3.543000e-05	-5.249411e-02	1.409815e+01
3.544000e-05	-4.732030e-02	1.424497e+01
3.545000e-05	-5.421277e-02	1.432186e+01
3.546000e-05	-6.229664e-02	1.445718e+01
3.547000e-05	-6.474238e-02	1.455319e+01
3.548000e-05	-5.476941e-02	1.465707e+01
3.549000e-05	-6.336405e-02	1.469028e+01
3.550000e-05	-6.793096e-02	1.480642e+01
3.551000e-05	-7.804506e-02	1.487921e+01
3.552000e-05	-6.834802e-02	1.492173e+01
3.553000e-05	-7.160109e-02	1.498352e+01
3.554000e-05	-7.958337e-02	1.505647e+01
3.555000e-05	-9.240124e-02	1.512034e+01
3.556000e-05	-8.941031e-02	1.512489e+01
3.557000e-05	-8.430182e-02	1.522547e+01
3.558000e-05	-8.857378e-02	1.523662e+01
3.559000e-05	-9.752844e-02	1.529931e+01
3.560000e-05	-1.026760e-01	1.530986e+01
3.561000e-05	-1.004536e-01	1.534234e+01
3.562000e-05	-1.059214e-01	1.535239e+01
3.563000e-05	-1.193526e-01	1.535197e+01
3.564000e-05	-1.259612e-01	1.537404e+01
3.565000e-05	-1.257068e-01	1.536242e+01
3.566000e-05	-1.245708e-01	1.535299e+01
3.567000e-05	-1.357513e-01	1.535151e+01
3.568000e-05	-1.500362e-01	1.536188e+01
3.569000e-05	-1.598329e-01	1.532175e+01
3.570000e-05	-1.666666e-01	1.528978e+01
3.571000e-05	-1.830314e-01	1.524863e+01
3.572000e-05	-2.093368e-01	1.523765e+01
3.573000e-05	-2.351162e-01	1.517504e+01
3.574000e-05	-2.498758e-01	1.516178e+01
3.575000e-05	-2.500000e-01	1.509968e+01
3.576000e-05	-2.500000e-01	1.504707e+01
3.577000e-05	-2.500000e-01	1.496397e+01
3.578000e-05	-2.500000e-01	1.490071e+01
3.579000e-05	-2.500000e-01	1.487802e+01
3.580000e-05	-2.500000e-01	1.471191e+01
3.581000e-05	-2.476105e-01	1.463965e+01
3.582000e-05	-2.236015e-01	1.457444e+01
3.583000e-05	-1.909831e-01	1.448263e+01
3.584000e-05	-1.677958e-01	1.437299e+01
3.585000e-05	-1.515995e-01	1.426767e+01
3.586000e-05	-1.395733e-01	1.412179e+01
3.587000e-05	-1.228951e-01	1.403607e+01
3.588000e-05	-1.084971e-01	1.388771e+01
3.589000e-05	-1.013681e-01	1.373196e+01
3.590000e-05	-9.742346e-02	1.356655e+01
3.591000e-05	-8.960672e-02	1.347020e+01
3.592000e-05	-8.002999e-02	1.330294e+01
3.593000e-05	-7.359614e-02	1.318395e+01
3.594000e-05	-7.277438e-02	1.299612e+01
3.595000e-05	-6.978332e-02	1.286920e+01
3.596000e-05	-6.343458e-02	1.274031e+01
3.597000e-05	-5.854707e-02	1.254447e+01
3.598000e-05	-5.585562e-02	1.240497e+01
3.599000e-05	-5.707022e-02	1.221913e+01
3.600000e-05	-5.242367e-02	1.205617e+01
3.601000e-05	-4.852712e-02	1.184873e+01
3.602000e-05	-4.521296e-02	1.163768e+01
3.603000e-05	-4.759518e-02	1.141810e+01
3.604000e-05	-4.619723e-02	1.123615e+01
3.605000e-05	-4.215780e-02	1.101860e+01
3.606000e-05	-3.795936e-02	1.081913e+01
3.607000e-05	-3.859866e-02	1.062663e+01
3.608000e-05	-3.932540e-02	1.042755e+01
3.609000e-05	-3.630389e-02	1.017605e+01
3.610000e-05	-3.449810e-02	9.997977e+00
3.611000e-05	-3.276773e-02	9.755489e+00
3.612000e-05	-3.521486e-02	9.492839e+00
3.613000e-05	-3.190483e-02	9.312359e+00
3.614000e-05	-2.970016e-02	9.068759e+00
3.615000e-05	-2.799860e-02	8.859202e+00
3.616000e-05	-2.979988e-02	8.607575e+00
3.617000e-05	-3.001572e-02	8.367496e+00
3.618000e-05	-2.814031e-02	8.133392e+00
3.619000e-05	-2.494868e-02	7.881356e+00
3.620000e-05	-2.617363e-02	7.609675e+00
3.621000e-05	-2.723322e-02	7.343493e+00
3.622000e-05	-2.576237e-02	7.102762e+00
3.623000e-05	-2.282718e-02	6.851205e+00
3.624000e-05	-2.234426e-02	6.577973e+00
3.625000e-05	-2.269941e-02	6.324864e+00
3.626000e-05	-2.148732e-02	6.082710e+00
3.627000e-05	-2.059753e-02	5.807102e+00
3.628000e-05	-2.002477e-02	5.545491e+00
3.629000e-05	-2.126007e-02	5.221308e+00
3.630000e-05	-2.193084e-02	4.913985e+00
3.631000e-05	-1.947259e-02	4.621105e+00
3.632000e-05	-1.759475e-02	4.366668e+00
3.633000e-05	-1.705719e-02	4.094283e+00
3.634000e-05	-1.804011e-02	3.849650e+00
3.635000e-05	-1.750906e-02	3.568444e+00
3.636000e-05	-1.558201e-02	3.232685e+00
3.637000e-05	-1.489928e-02	2.990496e+00
3.638000e-05	-1.625588e-02	2.745942e+00
3.639000e-05	-1.660688e-02	2.449551e+00
3.640000e-05	-1.458563e-02	2.125869e+00
3.641000e-05	-1.307851e-02	1.893337e+00
3.642000e-05	-1.359294e-02	1.579072e+00
3.643000e-05	-1.274855e-02	1.293333e+00
3.644000e-05	-1.316879e-02	9.859174e-01
3.645000e-05	-1.077010e-02	6.727318e-01
3.646000e-05	-1.007611e-02	3.684998e-01
3.647000e-05	-7.878197e-03	6.236316e-02
3.648000e-05	-5.641699e-03	-1.908949e-01
3.649000e-05	6.759535e-03	-4.110027e-01
3.650000e-05	-4.998743e-03	-7.267633e-01
3.651000e-05	5.203603e-03	-9.683961e-01
3.652000e-05	-3.720889e-03	-1.272554e+00
3.653000e-05	3.007666e-03	-1.568866e+00
3.654000e-05	1.209418e-03	-1.798395e+00
3.655000e-05	3.908756e-02	-2.009574e+00
3.656000e-05	1.284108e-01	-2.313607e+00
3.657000e-05	2.626092e-03	-2.673557e+00
3.658000e-05	-3.595857e-02	-3.134535e+00
3.659000e-05	-1.876625e-02	-3.379399e+00
3.660000e-05	-3.849533e-02	-3.577945e+00
3.661000e-05	-9.007176e-02	-3.819995e+00
3.662000e-05	5.308324e-02	-4.020025e+00
3.663000e-05	8.982254e-02	-4.188473e+00
3.664000e-05	-1.405691e-01	-4.536264e+00
3.665000e-05	2.265587e-01	-4.767422e+00
3.666000e-05	-1.408285e-01	-5.041632e+00
3.667000e-05	6.695397e-02	-5.460598e+00
3.668000e-05	6.388984e-03	-5.630504e+00
3.669000e-05	-1.140816e-01	-5.977872e+00
3.670000e-05	1.863483e-01	-6.196446e+00
3.671000e-05	-1.205954e-01	-6.522060e+00
3.672000e-05	1.253458e-01	-6.756863e+00
3.673000e-05	-3.939798e-02	-7.037425e+00
3.674000e-05	-8.030014e-03	-7.355759e+00
3.675000e-05	8.342210e-02	-7.534337e+00
3.676000e-05	-9.229632e-02	-7.890950e+00
3.677000e-05	1.504546e-01	-8.072289e+00
3.678000e-05	-8.961347e-02	-8.314788e+00
3.679000e-05	9.680336e-02	-8.588550e+00
3.680000e-05	-5.253232e-03	-8.850025e+00
3.681000e-05	-2.959923e-02	-9.093129e+00
3.682000e-05	7.411385e-02	-9.291131e+00
3.683000e-05	-4.606579e-02	-9.533732e+00
3.684000e-05	1.304924e-01	-9.752917e+00
3.685000e-05	-6.035424e-02	-9.965392e+00
3.686000e-05	9.632805e-02	-1.020749e+01
3.687000e-05	-4.292302e-02	-1.038790e+01
3.688000e-05	6.098590e-02	-1.062907e+01
3.689000e-05	7.747840e-03	-1.080547e+01
3.690000e-05	1.730671e-02	-1.102702e+01
3.691000e-05	5.366250e-02	-1.121850e+01
3.692000e-05	2.731898e-03	-1.146965e+01
3.693000e-05	7.609685e-02	-1.163008e+01
3.694000e-05	-1.831273e-02	-1.188912e+01
3.695000e-05	6.755121e-02	-1.208002e+01
3.696000e-05	-3.747586e-03	-1.223755e+01
3.697000e-05	7.455849e-02	-1.241755e+01
3.698000e-05	7.341366e-03	-1.255547e+01
3.699000e-05	4.742213e-02	-1.276482e+01
3.700000e-05	2.295538e-02	-1.289071e+01
3.701000e-05	4.751966e-02	-1.306870e+01
3.702000e-05	4.409661e-02	-1.318692e+01
3.703000e-05	3.723292e-02	-1.335394e+01
3.704000e-05	5.289534e-02	-1.346321e+01
3.705000e-05	3.757908e-02	-1.365953e+01
3.706000e-05	6.022427e-02	-1.379639e+01
3.707000e-05	3.008900e-02	-1.394334e+01
3.708000e-05	5.324829e-02	-1.406912e+01
3.709000e-05	3.989023e-02	-1.414344e+01
3.710000e-05	6.754578e-02	-1.429081e+01
3.711000e-05	5.117193e-02	-1.441592e+01
3.712000e-05	6.052862e-02	-1.453175e+01
3.713000e-05	5.427909e-02	-1.463652e+01
3.714000e-05	6.791764e-02	-1.469121e+01
3.715000e-05	6.523533e-02	-1.480544e+01
3.716000e-05	6.405487e-02	-1.489973e+01
3.717000e-05	6.509613e-02	-1.493091e+01
3.718000e-05	7.027945e-02	-1.499465e+01
3.719000e-05	7.661704e-02	-1.503023e+01
3.720000e-05	7.123988e-02	-1.515289e+01
3.721000e-05	7.867472e-02	-1.519392e+01
3.722000e-05	8.084061e-02	-1.524905e+01
3.723000e-05	9.513105e-02	-1.528965e+01
3.724000e-05	8.958249e-02	-1.532078e+01
3.725000e-05	9.289867e-02	-1.534184e+01
3.726000e-05	9.102975e-02	-1.536352e+01
3.727000e-05	1.012208e-01	-1.539552e+01
3.728000e-05	1.036692e-01	-1.542752e+01
3.729000e-05	1.087032e-01	-1.542610e+01
3.730000e-05	1.129297e-01	-1.540703e+01
3.731000e-05	1.224979e-01	-1.539605e+01
3.732000e-05	1.314524e-01	-1.543612e+01
3.733000e-05	1.332428e-01	-1.540650e+01
3.734000e-05	1.392618e-01	-1.537609e+01
3.735000e-05	1.497837e-01	-1.537307e+01
3.736000e-05	1.673624e-01	-1.532293e+01
3.737000e-05	1.829098e-01	-1.535178e+01
3.738000e-05	2.025976e-01	-1.529923e+01
3.739000e-05	2.294659e-01	-1.523705e+01
3.740000e-05	2.494547e-01	-1.520437e+01
3.741000e-05	2.500000e-01	-1.510186e+01
3.742000e-05	2.500000e-01	-1.503820e+01
3.743000e-05	2.500000e-01	-1.494507e+01
3.744000e-05	2.500000e-01	-1.490133e+01
3.745000e-05	2.500000e-01	-1.485708e+01
3.746000e-05	2.489850e-01	-1.474246e+01
3.747000e-05	2.331140e-01	-1.467918e+01
3.748000e-05	2.023718e-01	-1.453507e+01
3.749000e-05	1.805412e-01	-1.451071e+01
3.750000e-05	1.589457e-01	-1.443402e+01
3.751000e-05	1.387658e-01	-1.424923e+01
3.752000e-05	1.210844e-01	-1.410389e+01
3.753000e-05	1.118997e-01	-1.401607e+01
3.754000e-05	1.005072e-01	-1.389878e+01
3.755000e-05	8.926870e-02	-1.373452e+01
3.756000e-05	8.001351e-02	-1.362655e+01
3.757000e-05	7.502132e-02	-1.345978e+01
3.758000e-05	7.138158e-02	-1.332281e+01
3.759000e-05	6.632458e-02	-1.320657e+01
3.760000e-05	5.833089e-02	-1.300712e+01
3.761000e-05	5.342563e-02	-1.288128e+01
3.762000e-05	5.272099e-02	-1.272281e+01
3.763000e-05	4.900903e-02	-1.254392e+01
3.764000e-05	4.417991e-02	-1.242612e+01
3.765000e-05	3.894981e-02	-1.218810e+01
3.766000e-05	3.832358e-02	-1.200813e+01
3.767000e-05	3.732848e-02	-1.182773e+01
3.768000e-05	3.533737e-02	-1.161613e+01
3.769000e-05	2.988316e-02	-1.142797e+01
3.770000e-05	3.037641e-02	-1.118650e+01
3.771000e-05	2.962944e-02	-1.099601e+01
3.772000e-05	2.932676e-02	-1.078605e+01
3.773000e-05	2.429114e-02	-1.059857e+01
3.774000e-05	2.225691e-02	-1.039603e+01
3.775000e-05	2.058732e-02	-1.014546e+01
3.776000e-05	2.167305e-02	-9.954865e+00
3.777000e-05	1.960483e-02	-9.733966e+00
3.778000e-05	1.741974e-02	-9.521813e+00
3.779000e-05	1.725857e-02	-9.262212e+00
3.780000e-05	1.800252e-02	-9.039709e+00
3.781000e-05	1.667954e-02	-8.849052e+00
3.782000e-05	1.279855e-02	-8.554046e+00
3.783000e-05	1.167901e-02	-8.344963e+00
3.784000e-05	1.222655e-02	-8.131835e+00
3.785000e-05	1.228038e-02	-7.871129e+00
3.786000e-05	1.024615e-02	-7.555541e+00
3.787000e-05	8.379456e-03	-7.304383e+00
3.788000e-05	8.044869e-03	-7.049757e+00
3.789000e-05	9.343525e-03	-6.768618e+00
3.790000e-05	6.740750e-03	-6.534943e+00
3.791000e-05	5.256507e-03	-6.332860e+00
3.792000e-05	4.662676e-03	-6.010177e+00
3.793000e-05	4.406427e-03	-5.765368e+00
3.794000e-05	4.352108e-03	-5.473183e+00
3.795000e-05	1.726024e-03	-5.197524e+00
3.796000e-05	6.692800e-04	-4.820603e+00
3.797000e-05	2.315151e-03	-4.558021e+00
3.798000e-05	2.334809e-03	-4.346817e+00
3.799000e-05	2.238955e-03	-4.082387e+00
3.800000e-05	-2.522752e-03	-3.788427e+00
3.801000e-05	-1.492784e-03	-3.504388e+00
3.802000e-05	-3.524596e-03	-3.262309e+00
3.803000e-05	-1.043742e-03	-2.944417e+00
3.804000e-05	-5.094237e-03	-2.663230e+00
3.805000e-05	-2.351168e-03	-2.390694e+00
3.806000e-05	-4.223875e-03	-2.134914e+00
3.807000e-05	-2.092792e-03	-1.841731e+00
3.808000e-05	-6.013659e-03	-1.579042e+00
3.809000e-05	-6.154692e-03	-1.199655e+00
3.810000e-05	-7.184039e-03	-9.338445e-01
3.811000e-05	-5.407543e-03	-6.327525e-01
3.812000e-05	-5.980770e-03	-3.573947e-01
3.813000e-05	-5.593395e-03	-5.578685e-02
3.814000e-05	3.031237e-03	1.983986e-01
3.815000e-05	5.261792e-03	4.931856e-01
3.816000e-05	9.892953e-04	7.047146e-01
3.817000e-05	3.606289e-03	1.050250e+00
3.818000e-05	-3.201538e-03	1.284634e+00
3.819000e-05	1.498463e-03	1.608871e+00
3.820000e-05	1.522200e-03	1.841584e+00
3.821000e-05	2.564974e-02	2.074133e+00
3.822000e-05	9.256137e-02	2.347214e+00
3.823000e-05	4.661261e-02	2.734106e+00
3.824000e-05	-6.191931e-02	3.008426e+00
3.825000e-05	-2.427341e-02	3.262108e+00
3.826000e-05	-3.791784e-02	3.598473e+00
3.827000e-05	-4.516769e-02	3.839001e+00
3.828000e-05	-8.307033e-02	3.989526e+00
3.829000e-05	7.242828e-02	4.271980e+00
3.830000e-05	1.294636e-02	4.588870e+00
3.831000e-05	-6.547597e-02	4.769349e+00
3.832000e-05	1.691030e-01	5.094218e+00
3.833000e-05	-1.455458e-01	5.462079e+00
3.834000e-05	4.930422e-02	5.672058e+00
3.835000e-05	-3.461218e-02	5.987896e+00
3.836000e-05	-4.708431e-03	6.228525e+00
3.837000e-05	4.503107e-02	6.511712e+00
3.838000e-05	-7.568738e-02	6.826968e+00
3.839000e-05	4.739367e-02	7.019524e+00
3.840000e-05	-5.644493e-02	7.321134e+00
3.841000e-05	2.419877e-02	7.576898e+00
3.842000e-05	-4.830163e-02	7.850629e+00
3.843000e-05	-8.588204e-03	8.164813e+00
3.844000e-05	2.938650e-02	8.405339e+00
3.845000e-05	-4.113282e-02	8.597869e+00
3.846000e-05	1.847736e-02	8.838375e+00
3.847000e-05	-5.686946e-02	9.078623e+00
3.848000e-05	-1.559974e-02	9.270158e+00
3.849000e-05	-5.378858e-03	9.522234e+00
3.850000e-05	-8.499638e-03	9.732290e+00
3.851000e-05	-1.966912e-02	1.000627e+01
3.852000e-05	-3.086402e-02	1.019747e+01
3.853000e-05	1.376713e-03	1.041789e+01
3.854000e-05	-3.197076e-02	1.061742e+01
3.855000e-05	-2.108255e-02	1.081794e+01
3.856000e-05	-3.904753e-02	1.100845e+01
3.857000e-05	-1.885964e-02	1.123800e+01
3.858000e-05	-1.492957e-02	1.145758e+01
3.859000e-05	-3.016200e-02	1.164953e+01
3.860000e-05	-3.635118e-02	1.183902e+01
3.861000e-05	-3.644043e-02	1.205995e+01
3.862000e-05	-1.867109e-02	1.218605e+01
3.863000e-05	-2.783229e-02	1.240487e+01
3.864000e-05	-3.655447e-02	1.256492e+01
3.865000e-05	-4.531934e-02	1.273118e+01
3.866000e-05	-3.309720e-02	1.289060e+01
3.867000e-05	-3.293042e-02	1.302562e+01
3.868000e-05	-4.289747e-02	1.319687e+01
3.869000e-05	-5.003707e-02	1.333169e+01
3.870000e-05	-3.998166e-02	1.350908e+01
3.871000e-05	-3.661053e-02	1.364645e+01
3.872000e-05	-4.330381e-02	1.374234e+01
3.873000e-05	-5.916218e-02	1.383011e+01
3.874000e-05	-5.606701e-02	1.404655e+01
3.875000e-05	-4.981610e-02	1.416184e+01
3.876000e-05	-4.840608e-02	1.428876e+01
3.877000e-05	-6.130615e-02	1.441147e+01
3.878000e-05	-6.574353e-02	1.451119e+01
3.879000e-05	-5.937505e-02	1.461694e+01
3.880000e-05	-5.912410e-02	1.466071e+01
3.881000e-05	-6.453659e-02	1.478494e+01
3.882000e-05	-7.548217e-02	1.485850e+01
3.883000e-05	-7.254683e-02	1.492169e+01
3.884000e-05	-7.048280e-02	1.495339e+01
3.885000e-05	-7.523268e-02	1.501608e+01
3.886000e-05	-8.786839e-02	1.513020e+01
3.887000e-05	-9.161322e-02	1.512231e+01
3.888000e-05	-8.618266e-02	1.518449e+01
3.889000e-05	-8.652170e-02	1.526858e+01
3.890000e-05	-9.421498e-02	1.530875e+01
3.891000e-05	-1.040455e-01	1.530031e+01
3.892000e-05	-1.015668e-01	1.535094e+01
3.893000e-05	-1.031018e-01	1.531144e+01
3.894000e-05	-1.108611e-01	1.536244e+01
3.895000e-05	-1.228128e-01	1.539504e+01
3.896000e-05	-1.253579e-01	1.536294e+01
3.897000e-05	-1.249161e-01	1.535304e+01
3.898000e-05	-1.314493e-01	1.537344e+01
3.899000e-05	-1.460288e-01	1.534196e+01
3.900000e-05	-1.579792e-01	1.531186e+01
3.901000e-05	-1.629933e-01	1.530978e+01
3.902000e-05	-1.757367e-01	1.523976e+01
3.903000e-05	-1.971012e-01	1.523677e+01
3.904000e-05	-2.266940e-01	1.520757e+01
3.905000e-05	-2.474385e-01	1.517494e+01
3.906000e-05	-2.499849e-01	1.511923e+01
3.907000e-05	-2.500000e-01	1.506913e+01
3.908000e-05	-2.500000e-01	1.499449e+01
3.909000e-05	-2.500000e-01	1.490139e+01
3.910000e-05	-2.500000e-01	1.484715e+01
3.911000e-05	-2.500000e-01	1.480437e+01
3.912000e-05	-2.495700e-01	1.468231e+01
3.913000e-05	-2.353946e-01	1.462504e+01
3.914000e-05	-1.998262e-01	1.449194e+01
3.915000e-05	-1.750430e-01	1.439563e+01
3.916000e-05	-1.556788e-01	1.428970e+01
3.917000e-05	-1.455081e-01	1.414504e+01
3.918000e-05	-1.279303e-01	1.406721e+01
3.919000e-05	-1.143159e-01	1.390231e+01
3.920000e-05	-1.033116e-01	1.375454e+01
3.921000e-05	-1.000672e-01	1.365863e+01
3.922000e-05	-9.173235e-02	1.353123e+01
3.923000e-05	-8.368843e-02	1.340454e+01
3.924000e-05	-7.426012e-02	1.326012e+01
3.925000e-05	-7.483249e-02	1.307023e+01
3.926000e-05	-7.178370e-02	1.293131e+01
3.927000e-05	-6.678333e-02	1.278349e+01
3.928000e-05	-5.801315e-02	1.259657e+01
3.929000e-05	-5.702020e-02	1.245020e+01
3.930000e-05	-5.718139e-02	1.226026e+01
3.931000e-05	-5.471381e-02	1.211126e+01
3.932000e-05	-4.854617e-02	1.193131e+01
3.933000e-05	-4.512196e-02	1.171389e+01
3.934000e-05	-4.751485e-02	1.148243e+01
3.935000e-05	-4.644495e-02	1.129983e+01
3.936000e-05	-4.362758e-02	1.106178e+01
3.937000e-05	-3.863710e-02	1.089291e+01
3.938000e-05	-3.917891e-02	1.068479e+01
3.939000e-05	-4.091046e-02	1.049286e+01
3.940000e-05	-3.713232e-02	1.027083e+01
3.941000e-05	-3.364706e-02	1.006023e+01
3.942000e-05	-3.200679e-02	9.808179e+00
3.943000e-05	-3.595564e-02	9.617069e+00
3.944000e-05	-3.385373e-02	9.386518e+00
3.945000e-05	-3.212230e-02	9.166467e+00
3.946000e-05	-2.761397e-02	8.913842e+00
3.947000e-05	-3.082326e-02	8.682262e+00
3.948000e-05	-2.969106e-02	8.472254e+00
3.949000e-05	-2.927809e-02	8.218126e+00
3.950000e-05	-2.517670e-02	7.957547e+00
3.951000e-05	-2.468363e-02	7.714913e+00
3.952000e-05	-2.679082e-02	7.450708e+00
3.953000e-05	-2.645718e-02	7.206496e+00
3.954000e-05	-2.232445e-02	6.964418e+00
3.955000e-05	-2.154087e-02	6.692335e+00
3.956000e-05	-2.342579e-02	6.428099e+00
3.957000e-05	-2.425911e-02	6.156443e+00
3.958000e-05	-2.241148e-02	5.905289e+00
3.959000e-05	-1.981003e-02	5.640754e+00
3.960000e-05	-1.994975e-02	5.388042e+00
3.961000e-05	-2.092908e-02	5.039653e+00
3.962000e-05	-2.012449e-02	4.716989e+00
3.963000e-05	-1.782105e-02	4.491759e+00
3.964000e-05	-1.723127e-02	4.218529e+00
3.965000e-05	-1.877532e-02	3.904843e+00
3.966000e-05	-1.872804e-02	3.641631e+00
3.967000e-05	-1.718234e-02	3.356996e+00
3.968000e-05	-1.449802e-02	3.062257e+00
3.969000e-05	-1.549823e-02	2.811155e+00
3.970000e-05	-1.562396e-02	2.495890e+00
3.971000e-05	-1.572822e-02	2.221679e+00
3.972000e-05	-1.254756e-02	1.979070e+00
3.973000e-05	-1.283249e-02	1.714333e+00
3.974000e-05	-1.319574e-02	1.348550e+00
3.975000e-05	-1.344960e-02	1.062810e+00
3.976000e-05	-1.179399e-02	7.394712e-01
3.977000e-05	-1.052045e-02	5.042868e-01
3.978000e-05	-1.043326e-02	1.907501e-01
3.979000e-05	-8.217204e-03	-8.366067e-02
3.980000e-05	4.020055e-03	-3.468172e-01
3.981000e-05	8.046755e-04	-6.309750e-01
3.982000e-05	1.368047e-03	-8.831356e-01
3.983000e-05	-6.496185e-04	-1.144266e+00
3.984000e-05	8.579541e-04	-1.462129e+00
3.985000e-05	1.230106e-03	-1.696663e+00
3.986000e-05	2.117777e-02	-1.915340e+00
3.987000e-05	9.224846e-02	-2.158323e+00
3.988000e-05	8.400019e-02	-2.525219e+00
3.989000e-05	-6.507187e-02	-2.974795e+00
3.990000e-05	4.726369e-03	-3.283613e+00
3.991000e-05	-5.181830e-02	-3.504284e+00
3.992000e-05	-5.098445e-02	-3.703262e+00
3.993000e-05	-6.200436e-02	-3.967842e+00
3.994000e-05	1.823306e-01	-4.124737e+00
3.995000e-05	-1.644827e-01	-4.409522e+00
3.996000e-05	1.374495e-01	-4.682260e+00
3.997000e-05	2.765577e-02	-4.945691e+00
3.998000e-05	-1.012398e-01	-5.324790e+00
3.999000e-05	1.534902e-01	-5.556469e+00
4.000000e-05	-1.962113e-01	-5.871006e+00
4.001000e-05	1.671978e-01	-6.103264e+00
4.002000e-05	-2.783307e-02	-6.376871e+00
4.003000e-05	9.688585e-03	-6.741657e+00
4.004000e-05	8.896116e-02	-6.873263e+00
4.005000e-05	-1.124005e-01	-7.240002e+00
4.006000e-05	1.346988e-01	-7.510606e+00
4.007000e-05	-1.018625e-01	-7.693767e+00
4.008000e-05	9.957086e-02	-8.029579e+00
4.009000e-05	7.053587e-03	-8.229126e+00
4.010000e-05	-1.511748e-02	-8.492667e+00
4.011000e-05	1.099022e-01	-8.754315e+00
4.012000e-05	-1.044415e-01	-9.007420e+00
4.013000e-05	1.072765e-01	-9.208450e+00
4.014000e-05	-6.559224e-02	-9.427626e+00
4.015000e-05	1.039981e-01	-9.690157e+00
4.016000e-05	-6.899500e-03	-9.931082e+00
4.017000e-05	3.523891e-02	-1.008121e+01
4.018000e-05	3.434321e-02	-1.037229e+01
4.019000e-05	-1.460379e-02	-1.059491e+01
4.020000e-05	7.805071e-02	-1.076324e+01
4.021000e-05	-3.697021e-02	-1.095281e+01
4.022000e-05	8.685093e-02	-1.118576e+01
4.023000e-05	-2.388923e-02	-1.136496e+01
4.024000e-05	8.265365e-02	-1.157685e+01
4.025000e-05	-9.759856e-03	-1.177437e+01
4.026000e-05	5.187356e-02	-1.202537e+01
4.027000e-05	1.642170e-02	-1.215442e+01
4.028000e-05	4.716977e-02	-1.232476e+01
4.029000e-05	4.253092e-02	-1.247234e+01
4.030000e-05	1.932896e-02	-1.270026e+01
4.031000e-05	4.713228e-02	-1.288873e+01
4.032000e-05	1.968890e-02	-1.300552e+01
4.033000e-05	6.419072e-02	-1.316532e+01
4.034000e-05	2.100214e-02	-1.328976e+01
4.035000e-05	6.357481e-02	-1.344765e+01
4.036000e-05	2.923956e-02	-1.359697e+01
4.037000e-05	6.405495e-02	-1.376024e+01
4.038000e-05	3.452716e-02	-1.384668e+01
4.039000e-05	4.987189e-02	-1.399605e+01
4.040000e-05	4.105891e-02	-1.415091e+01
4.041000e-05	5.874786e-02	-1.424720e+01
4.042000e-05	5.706407e-02	-1.441486e+01
4.043000e-05	5.554490e-02	-1.449006e+01
4.044000e-05	5.736554e-02	-1.458436e+01
4.045000e-05	5.870693e-02	-1.466718e+01
4.046000e-05	7.045740e-02	-1.473376e+01
4.047000e-05	6.265372e-02	-1.484860e+01
4.048000e-05	7.004130e-02	-1.490036e+01
4.049000e-05	6.403327e-02	-1.497556e+01
4.050000e-05	7.844381e-02	-1.504818e+01
4.051000e-05	6.963941e-02	-1.508239e+01
4.052000e-05	7.815687e-02	-1.518442e+01
4.053000e-05	7.590010e-02	-1.523647e+01
4.054000e-05	9.096573e-02	-1.528013e+01
4.055000e-05	9.002260e-02	-1.530968e+01
4.056000e-05	9.363476e-02	-1.532383e+01
4.057000e-05	9.130776e-02	-1.533299e+01
4.058000e-05	9.667404e-02	-1.536402e+01
4.059000e-05	1.050361e-01	-1.540557e+01
4.060000e-05	1.058671e-01	-1.545708e+01
4.061000e-05	1.122295e-01	-1.542707e+01
4.062000e-05	1.165083e-01	-1.541657e+01
4.063000e-05	1.289214e-01	-1.542707e+01
4.064000e-05	1.315503e-01	-1.537564e+01
4.065000e-05	1.375795e-01	-1.539307e+01
4.066000e-05	1.452342e-01	-1.539246e+01
4.067000e-05	1.615305e-01	-1.534346e+01
4.068000e-05	1.774366e-01	-1.532184e+01
4.069000e-05	1.953902e-01	-1.525830e+01
4.070000e-05	2.196907e-01	-1.526861e+01
4.071000e-05	2.463130e-01	-1.518544e+01
4.072000e-05	2.499850e-01	-1.515284e+01
4.073000e-05	2.500000e-01	-1.505925e+01
4.074000e-05	2.500000e-01	-1.500447e+01
4.075000e-05	2.500000e-01	-1.491086e+01
4.076000e-05	2.500000e-01	-1.486923e+01
4.077000e-05	2.500000e-01	-1.479599e+01
4.078000e-05	2.439625e-01	-1.472024e+01
4.079000e-05	2.131569e-01	-1.458599e+01
4.080000e-05	1.872963e-01	-1.451041e+01
4.081000e-05	1.652937e-01	-1.444750e+01
4.082000e-05	1.444732e-01	-1.428836e+01
4.083000e-05	1.278691e-01	-1.416402e+01
4.084000e-05	1.150416e-01	-1.409773e+01
4.085000e-05	1.041553e-01	-1.396242e+01
4.086000e-05	9.370720e-02	-1.375654e+01
4.087000e-05	8.355954e-02	-1.366915e+01
4.088000e-05	7.727575e-02	-1.354084e+01
4.089000e-05	7.208287e-02	-1.335444e+01
4.090000e-05	6.748035e-02	-1.324920e+01
4.091000e-05	6.015032e-02	-1.310978e+01
4.092000e-05	5.624570e-02	-1.295339e+01
4.093000e-05	5.305532e-02	-1.281452e+01
4.094000e-05	5.038006e-02	-1.262665e+01
4.095000e-05	4.614848e-02	-1.244973e+01
4.096000e-05	4.293087e-02	-1.227926e+01
4.097000e-05	4.003832e-02	-1.210286e+01
4.098000e-05	3.738201e-02	-1.192081e+01
4.099000e-05	3.485593e-02	-1.170131e+01
4.100000e-05	3.174523e-02	-1.147038e+01
4.101000e-05	2.931327e-02	-1.127775e+01
4.102000e-05	3.019169e-02	-1.101820e+01
4.103000e-05	2.834584e-02	-1.085026e+01
4.104000e-05	2.645597e-02	-1.064976e+01
4.105000e-05	2.342145e-02	-1.046123e+01
4.106000e-05	2.375627e-02	-1.023808e+01
4.107000e-05	2.184073e-02	-1.001713e+01
4.108000e-05	1.956656e-02	-9.828075e+00
4.109000e-05	1.794769e-02	-9.586075e+00
4.110000e-05	1.805715e-02	-9.365471e+00
4.111000e-05	1.820978e-02	-9.113890e+00
4.112000e-05	1.633675e-02	-8.903412e+00
4.113000e-05	1.408673e-02	-8.671779e+00
4.114000e-05	1.231821e-02	-8.440103e+00
4.115000e-05	1.283494e-02	-8.189501e+00
4.116000e-05	1.215299e-02	-7.956018e+00
4.117000e-05	1.086544e-02	-7.640256e+00
4.118000e-05	8.500922e-03	-7.410100e+00
4.119000e-05	8.371434e-03	-7.144445e+00
4.120000e-05	6.862400e-03	-6.892309e+00
4.121000e-05	7.734613e-03	-6.620105e+00
4.122000e-05	4.737987e-03	-6.369051e+00
4.123000e-05	5.108868e-03	-6.133392e+00
4.124000e-05	4.948802e-03	-5.822205e+00
4.125000e-05	5.331911e-03	-5.599048e+00
4.126000e-05	3.133364e-03	-5.281358e+00
4.127000e-05	1.650608e-03	-4.980026e+00
4.128000e-05	5.958087e-04	-4.651252e+00
4.129000e-05	2.002694e-03	-4.380575e+00
4.130000e-05	1.171814e-03	-4.168524e+00
4.131000e-05	-5.562191e-04	-3.914863e+00
4.132000e-05	-8.663999e-04	-3.610224e+00
4.133000e-05	-2.274774e-03	-3.375495e+00
4.134000e-05	-2.499087e-03	-3.062260e+00
4.135000e-05	-4.034981e-03	-2.758524e+00
4.136000e-05	-2.803464e-03	-2.493361e+00
4.137000e-05	-3.411394e-03	-2.172650e+00
4.138000e-05	-2.242948e-03	-1.915341e+00
4.139000e-05	-4.646819e-03	-1.652713e+00
4.140000e-05	-5.948621e-03	-1.316417e+00
4.141000e-05	-7.593560e-03	-1.010758e+00
4.142000e-05	-6.970453e-03	-7.780721e-01
4.143000e-05	-7.369329e-03	-4.326578e-01
4.144000e-05	-5.651647e-03	-1.989749e-01
4.145000e-05	-7.330175e-04	6.268677e-02
4.146000e-05	9.969008e-03	4.094461e-01
4.147000e-05	-1.318675e-03	6.495277e-01
4.148000e-05	6.114767e-03	8.626102e-01
4.149000e-05	-4.043639e-03	1.189801e+00
4.150000e-05	1.543443e-03	1.493538e+00
4.151000e-05	-3.610947e-03	1.778442e+00
4.152000e-05	1.707250e-02	1.989403e+00
4.153000e-05	5.967085e-02	2.230553e+00
4.154000e-05	1.023840e-01	2.556773e+00
4.155000e-05	-5.550136e-02	2.885663e+00
4.156000e-05	-2.620418e-02	3.198892e+00
4.157000e-05	-4.313498e-02	3.512504e+00
4.158000e-05	-2.474015e-02	3.736288e+00
4.159000e-05	-9.148813e-02	3.934339e+00
4.160000e-05	4.040409e-03	4.136816e+00
4.161000e-05	9.765661e-02	4.503028e+00
4.162000e-05	-1.263709e-01	4.745741e+00
4.163000e-05	1.594973e-01	4.977848e+00
4.164000e-05	-5.515318e-02	5.373817e+00
4.165000e-05	-4.369016e-02	5.596842e+00
4.166000e-05	3.805895e-02	5.891577e+00
4.167000e-05	-6.459562e-02	6.144738e+00
4.168000e-05	7.512972e-02	6.377366e+00
4.169000e-05	-6.171617e-02	6.692133e+00
4.170000e-05	9.507236e-03	6.954742e+00
4.171000e-05	-1.000366e-02	7.218369e+00
4.172000e-05	-2.292331e-02	7.492133e+00
4.173000e-05	6.289893e-03	7.745790e+00
4.174000e-05	-6.121726e-02	8.100127e+00
4.175000e-05	4.939575e-02	8.321158e+00
4.176000e-05	-2.945402e-02	8.514661e+00
4.177000e-05	-1.224004e-03	8.722735e+00
4.178000e-05	-1.589996e-02	8.974791e+00
4.179000e-05	-5.935744e-02	9.228868e+00
4.180000e-05	2.211105e-02	9.418570e+00
4.181000e-05	-3.243365e-02	9.640528e+00
4.182000e-05	7.186907e-03	9.900730e+00
4.183000e-05	-5.034767e-02	1.010326e+01
4.184000e-05	5.674052e-03	1.034374e+01
4.185000e-05	-2.416912e-02	1.053231e+01
4.186000e-05	-2.695569e-02	1.071479e+01
4.187000e-05	-2.867240e-02	1.092433e+01
4.188000e-05	-3.720647e-02	1.115474e+01
4.189000e-05	4.298583e-04	1.133426e+01
4.190000e-05	-3.783403e-02	1.154591e+01
4.191000e-05	-2.288660e-02	1.177492e+01
4.192000e-05	-5.118005e-02	1.199686e+01
4.193000e-05	-1.477458e-02	1.212229e+01
4.194000e-05	-2.883468e-02	1.227274e+01
4.195000e-05	-3.028339e-02	1.249071e+01
4.196000e-05	-4.560708e-02	1.264968e+01
4.197000e-05	-3.884032e-02	1.279645e+01
4.198000e-05	-2.678630e-02	1.294391e+01
4.199000e-05	-4.346541e-02	1.316266e+01
4.200000e-05	-4.428113e-02	1.329970e+01
4.201000e-05	-5.063605e-02	1.342599e+01
4.202000e-05	-3.022656e-02	1.356479e+01
4.203000e-05	-4.433033e-02	1.369976e+01
4.204000e-05	-5.139239e-02	1.379505e+01
4.205000e-05	-6.238427e-02	1.400344e+01
4.206000e-05	-4.853569e-02	1.411921e+01
4.207000e-05	-4.798036e-02	1.422757e+01
4.208000e-05	-5.664594e-02	1.431249e+01
4.209000e-05	-6.591570e-02	1.447015e+01
4.210000e-05	-6.266862e-02	1.462492e+01
4.211000e-05	-5.590672e-02	1.463953e+01
4.212000e-05	-6.361378e-02	1.471374e+01
4.213000e-05	-7.224998e-02	1.481604e+01
4.214000e-05	-7.591913e-02	1.488068e+01
4.215000e-05	-6.855531e-02	1.498326e+01
4.216000e-05	-7.222366e-02	1.500704e+01
4.217000e-05	-8.447489e-02	1.508810e+01
4.218000e-05	-9.255519e-02	1.513024e+01
4.219000e-05	-8.760738e-02	1.519389e+01
4.220000e-05	-8.435024e-02	1.521609e+01
4.221000e-05	-9.155004e-02	1.527710e+01
4.222000e-05	-1.018973e-01	1.529976e+01
4.223000e-05	-1.028668e-01	1.532139e+01
4.224000e-05	-1.017937e-01	1.532039e+01
4.225000e-05	-1.073028e-01	1.537344e+01
4.226000e-05	-1.207609e-01	1.536401e+01
4.227000e-05	-1.240606e-01	1.537494e+01
4.228000e-05	-1.254816e-01	1.535394e+01
4.229000e-05	-1.273068e-01	1.534196e+01
4.230000e-05	-1.413767e-01	1.536244e+01
4.231000e-05	-1.534034e-01	1.529091e+01
4.232000e-05	-1.618882e-01	1.527976e+01
4.233000e-05	-1.696149e-01	1.528923e+01
4.234000e-05	-1.884921e-01	1.526765e+01
4.235000e-05	-2.156034e-01	1.524662e+01
4.236000e-05	-2.415022e-01	1.518447e+01
4.237000e-05	-2.499441e-01	1.515076e+01
4.238000e-05	-2.500000e-01	1.503818e+01
4.239000e-05	-2.500000e-01	1.496708e+01
4.240000e-05	-2.500000e-01	1.491339e+01
4.241000e-05	-2.500000e-01	1.490071e+01
4.242000e-05	-2.500000e-01	1.480609e+01
4.243000e-05	-2.500000e-01	1.473129e+01
4.244000e-05	-2.434830e-01	1.461662e+01
4.245000e-05	-2.133342e-01	1.456232e+01
4.246000e-05	-1.833532e-01	1.442812e+01
4.247000e-05	-1.619813e-01	1.431241e+01
4.248000e-05	-1.488451e-01	1.421762e+01
4.249000e-05	-1.348516e-01	1.411023e+01
4.250000e-05	-1.198182e-01	1.395489e+01
4.251000e-05	-1.060025e-01	1.382752e+01
4.252000e-05	-1.018014e-01	1.370876e+01
4.253000e-05	-9.651537e-02	1.360499e+01
4.254000e-05	-8.713435e-02	1.340808e+01
4.255000e-05	-7.654624e-02	1.330081e+01
4.256000e-05	-7.329178e-02	1.315239e+01
4.257000e-05	-7.253501e-02	1.291404e+01
4.258000e-05	-6.935218e-02	1.281918e+01
4.259000e-05	-6.099943e-02	1.265916e+01
4.260000e-05	-5.834042e-02	1.250131e+01
4.261000e-05	-5.681065e-02	1.234239e+01
4.262000e-05	-5.684518e-02	1.214497e+01
4.263000e-05	-5.059505e-02	1.203557e+01
4.264000e-05	-4.625264e-02	1.179610e+01
4.265000e-05	-4.645699e-02	1.156602e+01
4.266000e-05	-4.706438e-02	1.135444e+01
4.267000e-05	-4.515409e-02	1.117604e+01
4.268000e-05	-3.948921e-02	1.096697e+01
4.269000e-05	-3.904439e-02	1.077797e+01
4.270000e-05	-3.884783e-02	1.056447e+01
4.271000e-05	-4.005759e-02	1.037396e+01
4.272000e-05	-3.486610e-02	1.015397e+01
4.273000e-05	-3.439631e-02	9.881860e+00
4.274000e-05	-3.312916e-02	9.691806e+00
4.275000e-05	-3.576202e-02	9.479704e+00
4.276000e-05	-3.172585e-02	9.261202e+00
4.277000e-05	-2.936096e-02	9.007147e+00
4.278000e-05	-2.723748e-02	8.756066e+00
4.279000e-05	-3.001018e-02	8.573920e+00
4.280000e-05	-3.018093e-02	8.343864e+00
4.281000e-05	-2.695861e-02	8.091755e+00
4.282000e-05	-2.489293e-02	7.788601e+00
4.283000e-05	-2.551548e-02	7.576944e+00
4.284000e-05	-2.866500e-02	7.261806e+00
4.285000e-05	-2.515651e-02	7.000153e+00
4.286000e-05	-2.295337e-02	6.779066e+00
4.287000e-05	-2.214722e-02	6.493860e+00
4.288000e-05	-2.389329e-02	6.261178e+00
4.289000e-05	-2.255538e-02	5.987622e+00
4.290000e-05	-1.880812e-02	5.734442e+00
4.291000e-05	-2.000932e-02	5.512684e+00
4.292000e-05	-1.932686e-02	5.177041e+00
4.293000e-05	-2.246462e-02	4.810254e+00
4.294000e-05	-1.866408e-02	4.586470e+00
4.295000e-05	-2.060124e-02	4.334891e+00
4.296000e-05	-1.666788e-02	3.989625e+00
4.297000e-05	-1.976049e-02	3.744843e+00
4.298000e-05	-1.480735e-02	3.474259e+00
4.299000e-05	-1.598340e-02	3.158475e+00
4.300000e-05	-1.354999e-02	2.935338e+00
4.301000e-05	-1.696625e-02	2.652206e+00
4.302000e-05	-1.452368e-02	2.296542e+00
4.303000e-05	-1.571647e-02	2.082709e+00
4.304000e-05	-1.301947e-02	1.770527e+00
4.305000e-05	-1.424771e-02	1.484261e+00
4.306000e-05	-1.394772e-02	1.212624e+00
4.307000e-05	-1.231930e-02	8.622379e-01
4.308000e-05	-8.911932e-03	5.690749e-01
4.309000e-05	-8.381308e-03	3.278919e-01
4.310000e-05	-8.732567e-03	1.059987e-02
4.311000e-05	-2.438486e-03	-2.315302e-01
4.312000e-05	4.801882e-03	-4.732167e-01
4.313000e-05	-3.721292e-03	-8.290001e-01
4.314000e-05	3.070980e-03	-1.061032e+00
4.315000e-05	-3.338004e-03	-1.406242e+00
4.316000e-05	3.623188e-03	-1.631008e+00
4.317000e-05	8.878298e-03	-1.851627e+00
4.318000e-05	5.734033e-02	-2.071610e+00
4.319000e-05	1.307896e-01	-2.417419e+00
4.320000e-05	-4.756178e-02	-2.818342e+00
4.321000e-05	-7.752293e-03	-3.208791e+00
4.322000e-05	-4.120032e-02	-3.450529e+00
4.323000e-05	-3.177925e-02	-3.610979e+00
4.324000e-05	-1.064950e-01	-3.912733e+00
4.325000e-05	1.414296e-01	-4.032055e+00
4.326000e-05	-3.266712e-02	-4.303133e+00
4.327000e-05	-3.213199e-02	-4.659549e+00
4.328000e-05	1.720797e-01	-4.818078e+00
4.329000e-05	-1.913504e-01	-5.167869e+00
4.330000e-05	1.626273e-01	-5.544286e+00
4.331000e-05	-1.153902e-01	-5.745417e+00
4.332000e-05	1.291080e-02	-6.042028e+00
4.333000e-05	1.189446e-01	-6.260129e+00
4.334000e-05	-1.062050e-01	-6.576841e+00
4.335000e-05	1.575774e-01	-6.839129e+00
4.336000e-05	-1.137445e-01	-7.143083e+00
4.337000e-05	8.090328e-02	-7.397917e+00
4.338000e-05	-7.022862e-03	-7.609006e+00
4.339000e-05	-2.160204e-02	-7.973762e+00
4.340000e-05	1.193779e-01	-8.155918e+00
4.341000e-05	-9.629954e-02	-8.407446e+00
4.342000e-05	1.441319e-01	-8.701653e+00
4.343000e-05	-8.062120e-02	-8.900187e+00
4.344000e-05	4.979404e-02	-9.175311e+00
4.345000e-05	6.344234e-03	-9.323289e+00
4.346000e-05	1.321493e-02	-9.596999e+00
4.347000e-05	8.358962e-02	-9.827974e+00
4.348000e-05	-4.274178e-02	-1.001843e+01
4.349000e-05	9.763773e-02	-1.023015e+01
4.350000e-05	-5.770544e-02	-1.048066e+01
4.351000e-05	9.672197e-02	-1.068168e+01
4.352000e-05	-3.331291e-02	-1.086908e+01
4.353000e-05	6.569418e-02	-1.105863e+01
4.354000e-05	9.560309e-03	-1.129123e+01
4.355000e-05	4.097885e-02	-1.151171e+01
4.356000e-05	3.750767e-02	-1.166079e+01
4.357000e-05	7.535144e-03	-1.195376e+01
4.358000e-05	5.419011e-02	-1.214024e+01
4.359000e-05	8.407971e-03	-1.228118e+01
4.360000e-05	7.235976e-02	-1.247915e+01
4.361000e-05	1.274525e-03	-1.264513e+01
4.362000e-05	5.947768e-02	-1.281597e+01
4.363000e-05	1.232913e-02	-1.294236e+01
4.364000e-05	6.259868e-02	-1.311121e+01
4.365000e-05	2.744184e-02	-1.324865e+01
4.366000e-05	5.297217e-02	-1.340447e+01
4.367000e-05	4.008188e-02	-1.356181e+01
4.368000e-05	4.913912e-02	-1.371075e+01
4.369000e-05	4.826457e-02	-1.385757e+01
4.370000e-05	3.825440e-02	-1.393339e+01
4.371000e-05	5.177646e-02	-1.407915e+01
4.372000e-05	4.714942e-02	-1.419402e+01
4.373000e-05	6.537144e-02	-1.433224e+01
4.374000e-05	4.979538e-02	-1.446858e+01
4.375000e-05	6.208711e-02	-1.452141e+01
4.376000e-05	5.344885e-02	-1.462658e+01
4.377000e-05	7.043375e-02	-1.471021e+01
4.378000e-05	6.085349e-02	-1.484617e+01
4.379000e-05	7.026473e-02	-1.492971e+01
4.380000e-05	6.500782e-02	-1.494286e+01
4.381000e-05	7.516489e-02	-1.497562e+01
4.382000e-05	7.250169e-02	-1.510175e+01
4.383000e-05	7.500430e-02	-1.515187e+01
4.384000e-05	7.661561e-02	-1.520507e+01
4.385000e-05	8.450445e-02	-1.527812e+01
4.386000e-05	9.172326e-02	-1.528023e+01
4.387000e-05	8.979038e-02	-1.534036e+01
4.388000e-05	9.428280e-02	-1.535142e+01
4.389000e-05	9.252033e-02	-1.539347e+01
4.390000e-05	1.043637e-01	-1.541544e+01
4.391000e-05	1.047084e-01	-1.541555e+01
4.392000e-05	1.111586e-01	-1.542607e+01
4.393000e-05	1.139310e-01	-1.542562e+01
4.394000e-05	1.238945e-01	-1.539703e+01
4.395000e-05	1.309412e-01	-1.539500e+01
4.396000e-05	1.348570e-01	-1.537457e+01
4.397000e-05	1.425755e-01	-1.535494e+01
4.398000e-05	1.543075e-01	-1.536192e+01
4.399000e-05	1.727561e-01	-1.535184e+01
4.400000e-05	1.889998e-01	-1.527931e+01
4.401000e-05	2.109840e-01	-1.527768e+01
4.402000e-05	2.374748e-01	-1.519509e+01
4.403000e-05	2.499436e-01	-1.518489e+01
4.404000e-05	2.500000e-01	-1.510026e+01
4.405000e-05	2.500000e-01	-1.501607e+01
4.406000e-05	2.500000e-01	-1.495299e+01
4.407000e-05	2.500000e-01	-1.488078e+01
4.408000e-05	2.500000e-01	-1.482660e+01
4.409000e-05	2.490340e-01	-1.473453e+01
4.410000e-05	2.248790e-01	-1.462868e+01
4.411000e-05	1.946883e-01	-1.456486e+01
4.412000e-05	1.725491e-01	-1.449917e+01
4.413000e-05	1.518561e-01	-1.437589e+01
4.414000e-05	1.331259e-01	-1.423810e+01
4.415000e-05	1.178821e-01	-1.405181e+01
4.416000e-05	1.081546e-01	-1.400454e+01
4.417000e-05	9.811979e-02	-1.385925e+01
4.418000e-05	8.761528e-02	-1.372338e+01
4.419000e-05	7.962249e-02	-1.359544e+01
4.420000e-05	7.445393e-02	-1.339720e+01
4.421000e-05	7.027357e-02	-1.327131e+01
4.422000e-05	6.257268e-02	-1.315339e+01
4.423000e-05	5.607284e-02	-1.295555e+01
4.424000e-05	5.198899e-02	-1.286868e+01
4.425000e-05	5.167001e-02	-1.269029e+01
4.426000e-05	4.847816e-02	-1.251241e+01
4.427000e-05	4.357418e-02	-1.233439e+01
4.428000e-05	4.128084e-02	-1.215497e+01
4.429000e-05	3.914108e-02	-1.197599e+01
4.430000e-05	3.618681e-02	-1.174609e+01
4.431000e-05	3.246576e-02	-1.160495e+01
4.432000e-05	2.967600e-02	-1.134384e+01
4.433000e-05	2.979915e-02	-1.113389e+01
4.434000e-05	2.958421e-02	-1.092336e+01
4.435000e-05	2.723470e-02	-1.073396e+01
4.436000e-05	2.432070e-02	-1.053452e+01
4.437000e-05	2.337423e-02	-1.034236e+01
4.438000e-05	2.239446e-02	-1.007029e+01
4.439000e-05	2.077920e-02	-9.852258e+00
4.440000e-05	1.865066e-02	-9.680757e+00
4.441000e-05	1.815221e-02	-9.429734e+00
4.442000e-05	1.762967e-02	-9.228123e+00
4.443000e-05	1.673264e-02	-8.986546e+00
4.444000e-05	1.452607e-02	-8.785471e+00
4.445000e-05	1.277327e-02	-8.523892e+00
4.446000e-05	1.236819e-02	-8.251709e+00
4.447000e-05	1.261880e-02	-8.040756e+00
4.448000e-05	1.171244e-02	-7.725543e+00
4.449000e-05	8.766519e-03	-7.502335e+00
4.450000e-05	8.574542e-03	-7.241756e+00
4.451000e-05	8.205577e-03	-7.017021e+00
4.452000e-05	7.884845e-03	-6.713366e+00
4.453000e-05	5.054967e-03	-6.492330e+00
4.454000e-05	5.157818e-03	-6.188159e+00
4.455000e-05	4.018386e-03	-5.937496e+00
4.456000e-05	5.040959e-03	-5.651738e+00
4.457000e-05	4.011603e-03	-5.358550e+00
4.458000e-05	1.715665e-03	-5.102863e+00
4.459000e-05	1.687275e-03	-4.734021e+00
4.460000e-05	2.932390e-03	-4.492789e+00
4.461000e-05	9.459097e-04	-4.282212e+00
4.462000e-05	-2.681265e-05	-4.010630e+00
4.463000e-05	-2.445185e-03	-3.702941e+00
4.464000e-05	-1.486716e-03	-3.453208e+00
4.465000e-05	-3.438597e-03	-3.120123e+00
4.466000e-05	-1.669961e-03	-2.861204e+00
4.467000e-05	-4.694979e-03	-2.578075e+00
4.468000e-05	-2.156868e-03	-2.355441e+00
4.469000e-05	-4.320935e-03	-2.001181e+00
4.470000e-05	-2.716720e-03	-1.747943e+00
4.471000e-05	-6.000730e-03	-1.455255e+00
4.472000e-05	-5.983572e-03	-1.106044e+00
4.473000e-05	-7.599350e-03	-8.417566e-01
4.474000e-05	-6.555531e-03	-5.465258e-01
4.475000e-05	-7.651610e-03	-2.643341e-01
4.476000e-05	-5.342327e-03	-1.014888e-02
4.477000e-05	8.110099e-03	3.051868e-01
4.478000e-05	1.680214e-03	5.482408e-01
4.479000e-05	5.557510e-03	7.583712e-01
4.480000e-05	-6.272704e-04	1.121130e+00
4.481000e-05	-9.613251e-04	1.336340e+00
4.482000e-05	-1.026535e-03	1.671607e+00
4.483000e-05	7.911862e-03	1.905186e+00
4.484000e-05	3.396068e-02	2.125266e+00
4.485000e-05	1.111116e-01	2.449924e+00
4.486000e-05	-5.238924e-03	2.817470e+00
4.487000e-05	-4.622625e-02	3.085132e+00
4.488000e-05	-3.271289e-02	3.366870e+00
4.489000e-05	-2.923653e-02	3.631083e+00
4.490000e-05	-6.944747e-02	3.871105e+00
4.491000e-05	-5.441189e-02	4.060030e+00
4.492000e-05	1.102756e-01	4.356840e+00
4.493000e-05	-7.144579e-02	4.671100e+00
4.494000e-05	3.672154e-02	4.852062e+00
4.495000e-05	9.046590e-02	5.239951e+00
4.496000e-05	-1.355241e-01	5.503660e+00
4.497000e-05	7.516293e-02	5.785293e+00
4.498000e-05	-7.225098e-02	6.061105e+00
4.499000e-05	4.616964e-02	6.313107e+00
4.500000e-05	-1.569639e-03	6.595918e+00
4.501000e-05	-4.905756e-02	6.870031e+00
4.502000e-05	3.811650e-02	7.131159e+00
4.503000e-05	-6.076945e-02	7.388320e+00
4.504000e-05	3.651633e-02	7.641103e+00
4.505000e-05	-7.382147e-02	7.944314e+00
4.506000e-05	3.017570e-02	8.228448e+00
4.507000e-05	2.888482e-03	8.429552e+00
4.508000e-05	-3.002586e-02	8.650051e+00
4.509000e-05	1.558431e-02	8.842080e+00
4.510000e-05	-7.302425e-02	9.144208e+00
4.511000e-05	1.401042e-02	9.353262e+00
4.512000e-05	-2.764052e-02	9.566841e+00
4.513000e-05	8.794508e-03	9.795970e+00
4.514000e-05	-4.100451e-02	1.005005e+01
4.515000e-05	-1.135866e-02	1.023857e+01
4.516000e-05	-9.547962e-03	1.048055e+01
4.517000e-05	-3.231063e-02	1.066068e+01
4.518000e-05	-2.089956e-02	1.090058e+01
4.519000e-05	-4.377677e-02	1.106113e+01
4.520000e-05	-4.855786e-03	1.129970e+01
4.521000e-05	-2.954719e-02	1.149163e+01
4.522000e-05	-2.073613e-02	1.170026e+01
4.523000e-05	-4.685615e-02	1.190116e+01
4.524000e-05	-2.249768e-02	1.206015e+01
4.525000e-05	-2.655140e-02	1.225858e+01
4.526000e-05	-2.887579e-02	1.243905e+01
4.527000e-05	-4.276886e-02	1.260649e+01
4.528000e-05	-4.344442e-02	1.275624e+01
4.529000e-05	-2.656604e-02	1.290128e+01
4.530000e-05	-3.824595e-02	1.307968e+01
4.531000e-05	-3.968500e-02	1.323745e+01
4.532000e-05	-5.179319e-02	1.339484e+01
4.533000e-05	-3.416585e-02	1.351061e+01
4.534000e-05	-4.246382e-02	1.365913e+01
4.535000e-05	-4.640196e-02	1.377442e+01
4.536000e-05	-6.394107e-02	1.388231e+01
4.537000e-05	-5.181387e-02	1.404800e+01
4.538000e-05	-4.905857e-02	1.422540e+01
4.539000e-05	-5.014247e-02	1.429871e+01
4.540000e-05	-6.080769e-02	1.438655e+01
4.541000e-05	-6.427338e-02	1.457331e+01
4.542000e-05	-5.596235e-02	1.463704e+01
4.543000e-05	-6.397882e-02	1.467020e+01
4.544000e-05	-6.846346e-02	1.477599e+01
4.545000e-05	-7.968661e-02	1.487011e+01
4.546000e-05	-6.878639e-02	1.489083e+01
4.547000e-05	-7.155379e-02	1.497441e+01
4.548000e-05	-7.550580e-02	1.503718e+01
4.549000e-05	-8.895186e-02	1.511176e+01
4.550000e-05	-8.949653e-02	1.515441e+01
4.551000e-05	-8.514699e-02	1.522659e+01
4.552000e-05	-8.933931e-02	1.523662e+01
4.553000e-05	-9.884784e-02	1.527971e+01
4.554000e-05	-1.052962e-01	1.531128e+01
4.555000e-05	-1.010032e-01	1.534036e+01
4.556000e-05	-1.044497e-01	1.534181e+01
4.557000e-05	-1.138243e-01	1.536137e+01
4.558000e-05	-1.230600e-01	1.536299e+01
4.559000e-05	-1.249870e-01	1.540351e+01
4.560000e-05	-1.245881e-01	1.535299e+01
4.561000e-05	-1.368849e-01	1.531292e+01
4.562000e-05	-1.500882e-01	1.536287e+01
4.563000e-05	-1.608934e-01	1.532983e+01
4.564000e-05	-1.650733e-01	1.529028e+01
4.565000e-05	-1.808452e-01	1.525870e+01
4.566000e-05	-2.044884e-01	1.525622e+01
4.567000e-05	-2.325834e-01	1.519692e+01
4.568000e-05	-2.491960e-01	1.515239e+01
4.569000e-05	-2.500000e-01	1.507071e+01
4.570000e-05	-2.500000e-01	1.502658e+01
4.571000e-05	-2.500000e-01	1.498491e+01
4.572000e-05	-2.500000e-01	1.491178e+01
4.573000e-05	-2.500000e-01	1.484805e+01
4.574000e-05	-2.500000e-01	1.474289e+01
4.575000e-05	-2.489389e-01	1.467121e+01
4.576000e-05	-2.258879e-01	1.457347e+01
4.577000e-05	-1.912947e-01	1.446871e+01
4.578000e-05	-1.679247e-01	1.437444e+01
4.579000e-05	-1.520825e-01	1.425920e+01
4.580000e-05	-1.416654e-01	1.413389e+01
4.581000e-05	-1.246741e-01	1.403557e+01
4.582000e-05	-1.118553e-01	1.389830e+01
4.583000e-05	-1.016836e-01	1.369091e+01
4.584000e-05	-9.973177e-02	1.359655e+01
4.585000e-05	-8.983085e-02	1.348978e+01
4.586000e-05	-8.140188e-02	1.332542e+01
4.587000e-05	-7.363837e-02	1.319600e+01
4.588000e-05	-7.373106e-02	1.300662e+01
4.589000e-05	-6.970767e-02	1.290823e+01
4.590000e-05	-6.544054e-02	1.274131e+01
4.591000e-05	-5.836309e-02	1.257497e+01
4.592000e-05	-5.709298e-02	1.240607e+01
4.593000e-05	-5.749516e-02	1.221755e+01
4.594000e-05	-5.374324e-02	1.205823e+01
4.595000e-05	-4.751662e-02	1.186918e+01
4.596000e-05	-4.651472e-02	1.167220e+01
4.597000e-05	-4.757390e-02	1.148118e+01
4.598000e-05	-4.598868e-02	1.127958e+01
4.599000e-05	-4.157353e-02	1.103870e+01
4.600000e-05	-3.846496e-02	1.084968e+01
4.601000e-05	-3.938457e-02	1.065070e+01
4.602000e-05	-4.039824e-02	1.045918e+01
4.603000e-05	-3.676550e-02	1.020855e+01
4.604000e-05	-3.440661e-02	9.987524e+00
4.605000e-05	-3.260782e-02	9.745517e+00
4.606000e-05	-3.599819e-02	9.514812e+00
4.607000e-05	-3.313831e-02	9.343337e+00
4.608000e-05	-3.058612e-02	9.093364e+00
4.609000e-05	-2.843783e-02	8.821206e+00
4.610000e-05	-3.062086e-02	8.609631e+00
4.611000e-05	-2.978863e-02	8.398547e+00
4.612000e-05	-2.777232e-02	8.123993e+00
4.613000e-05	-2.537658e-02	7.893759e+00
4.614000e-05	-2.540497e-02	7.621652e+00
4.615000e-05	-2.777242e-02	7.346497e+00
4.616000e-05	-2.565808e-02	7.113863e+00
4.617000e-05	-2.364467e-02	6.891784e+00
4.618000e-05	-2.110411e-02	6.585997e+00
4.619000e-05	-2.460638e-02	6.345842e+00
4.620000e-05	-2.273966e-02	6.102810e+00
4.621000e-05	-2.141862e-02	5.849154e+00
4.622000e-05	-1.944674e-02	5.546519e+00
4.623000e-05	-2.113250e-02	5.302812e+00
4.624000e-05	-2.197790e-02	4.976420e+00
4.625000e-05	-1.947200e-02	4.643185e+00
4.626000e-05	-1.807868e-02	4.411579e+00
4.627000e-05	-1.777339e-02	4.104964e+00
4.628000e-05	-1.877740e-02	3.832154e+00
4.629000e-05	-1.806264e-02	3.579071e+00
4.630000e-05	-1.545324e-02	3.281884e+00
4.631000e-05	-1.449895e-02	3.030031e+00
4.632000e-05	-1.585561e-02	2.748016e+00
4.633000e-05	-1.730982e-02	2.402707e+00
4.634000e-05	-1.510593e-02	2.167945e+00
4.635000e-05	-1.241889e-02	1.856337e+00
4.636000e-05	-1.195314e-02	1.619521e+00
4.637000e-05	-1.337338e-02	1.324363e+00
4.638000e-05	-1.333757e-02	9.710273e-01
4.639000e-05	-1.160212e-02	7.142843e-01
4.640000e-05	-9.687057e-03	4.215764e-01
4.641000e-05	-9.204981e-03	1.153157e-01
4.642000e-05	-6.051463e-03	-1.573909e-01
4.643000e-05	7.578135e-03	-3.994464e-01
4.644000e-05	-3.271084e-03	-6.966356e-01
4.645000e-05	4.075673e-03	-9.367922e-01
4.646000e-05	-4.990660e-03	-1.239950e+00
4.647000e-05	2.748581e-03	-1.586790e+00
4.648000e-05	-1.271302e-04	-1.786845e+00
4.649000e-05	3.439868e-02	-1.999847e+00
4.650000e-05	1.211204e-01	-2.243680e+00
4.651000e-05	2.396321e-02	-2.630955e+00
4.652000e-05	-4.575199e-02	-3.062479e+00
4.653000e-05	-1.011375e-02	-3.346864e+00
4.654000e-05	-4.399444e-02	-3.556395e+00
4.655000e-05	-8.118984e-02	-3.757926e+00
4.656000e-05	1.990934e-02	-4.009449e+00
4.657000e-05	1.243101e-01	-4.186422e+00
4.658000e-05	-1.666661e-01	-4.523710e+00
4.659000e-05	2.275437e-01	-4.755920e+00
4.660000e-05	-1.048516e-01	-5.059529e+00
4.661000e-05	2.634857e-02	-5.428548e+00
4.662000e-05	4.935158e-02	-5.639008e+00
4.663000e-05	-1.436890e-01	-5.946314e+00
4.664000e-05	1.991179e-01	-6.136370e+00
4.665000e-05	-1.091316e-01	-6.479653e+00
4.666000e-05	1.041228e-01	-6.746315e+00
4.667000e-05	-9.923386e-03	-6.996396e+00
4.668000e-05	-4.134828e-02	-7.312186e+00
4.669000e-05	1.037553e-01	-7.552159e+00
4.670000e-05	-1.065529e-01	-7.826526e+00
4.671000e-05	1.506950e-01	-8.091686e+00
4.672000e-05	-7.059993e-02	-8.304209e+00
4.673000e-05	7.362796e-02	-8.567917e+00
4.674000e-05	2.709342e-02	-8.827425e+00
4.675000e-05	-5.590572e-02	-9.092579e+00
4.676000e-05	8.743078e-02	-9.279530e+00
4.677000e-05	-6.346595e-02	-9.501262e+00
4.678000e-05	1.314443e-01	-9.733266e+00
4.679000e-05	-5.402033e-02	-9.954313e+00
4.680000e-05	8.894875e-02	-1.013589e+01
4.681000e-05	-2.429180e-02	-1.039482e+01
4.682000e-05	4.502987e-02	-1.064753e+01
4.683000e-05	2.748470e-02	-1.079687e+01
4.684000e-05	4.101978e-04	-1.101602e+01
4.685000e-05	6.329641e-02	-1.119742e+01
4.686000e-05	-1.066027e-02	-1.146805e+01
4.687000e-05	8.142015e-02	-1.162810e+01
4.688000e-05	-1.979620e-02	-1.187658e+01
4.689000e-05	6.892817e-02	-1.205960e+01
4.690000e-05	-9.132907e-04	-1.224607e+01
4.691000e-05	7.134953e-02	-1.240737e+01
4.692000e-05	1.558197e-02	-1.255397e+01
4.693000e-05	4.252792e-02	-1.272479e+01
4.694000e-05	2.689651e-02	-1.288968e+01
4.695000e-05	3.990901e-02	-1.305718e+01
4.696000e-05	4.895349e-02	-1.321792e+01
4.697000e-05	3.199568e-02	-1.337386e+01
4.698000e-05	5.729634e-02	-1.350071e+01
4.699000e-05	3.428810e-02	-1.363815e+01
4.700000e-05	6.353025e-02	-1.376542e+01
4.701000e-05	3.044734e-02	-1.391129e+01
4.702000e-05	5.500076e-02	-1.403744e+01
4.703000e-05	3.965855e-02	-1.414392e+01
4.704000e-05	6.533868e-02	-1.429073e+01
4.705000e-05	5.134958e-02	-1.440752e+01
4.706000e-05	5.936041e-02	-1.449128e+01
4.707000e-05	5.278629e-02	-1.460702e+01
4.708000e-05	6.604575e-02	-1.471068e+01
4.709000e-05	6.558940e-02	-1.481482e+01
4.710000e-05	6.535452e-02	-1.485873e+01
4.711000e-05	6.826717e-02	-1.494131e+01
4.712000e-05	7.030799e-02	-1.496407e+01
4.713000e-05	7.654988e-02	-1.509823e+01
4.714000e-05	7.108726e-02	-1.515289e+01
4.715000e-05	7.762932e-02	-1.518489e+01
4.716000e-05	7.817860e-02	-1.524703e+01
4.717000e-05	9.256910e-02	-1.529925e+01
4.718000e-05	8.916417e-02	-1.534171e+01
4.719000e-05	9.379657e-02	-1.536339e+01
4.720000e-05	9.201346e-02	-1.535294e+01
4.721000e-05	1.010009e-01	-1.537447e+01
4.722000e-05	1.041863e-01	-1.541707e+01
4.723000e-05	1.074276e-01	-1.544863e+01
4.724000e-05	1.123441e-01	-1.542695e+01
4.725000e-05	1.200997e-01	-1.543613e+01
4.726000e-05	1.295558e-01	-1.543702e+01
4.727000e-05	1.318926e-01	-1.540708e+01
4.728000e-05	1.385346e-01	-1.538550e+01
4.729000e-05	1.495971e-01	-1.537382e+01
4.730000e-05	1.661581e-01	-1.533542e+01
4.731000e-05	1.830196e-01	-1.530168e+01
4.732000e-05	2.007757e-01	-1.527860e+01
4.733000e-05	2.275052e-01	-1.523648e+01
4.734000e-05	2.491106e-01	-1.521352e+01
4.735000e-05	2.500000e-01	-1.514228e+01
4.736000e-05	2.500000e-01	-1.501820e+01
4.737000e-05	2.500000e-01	-1.500442e+01
4.738000e-05	2.500000e-01	-1.492076e+01
4.739000e-05	2.500000e-01	-1.486617e+01
4.740000e-05	2.497900e-01	-1.476447e+01
4.741000e-05	2.380116e-01	-1.469028e+01
4.742000e-05	2.047529e-01	-1.457597e+01
4.743000e-05	1.809104e-01	-1.453278e+01
4.744000e-05	1.593494e-01	-1.440690e+01
4.745000e-05	1.400102e-01	-1.427826e+01
4.746000e-05	1.226626e-01	-1.413389e+01
4.747000e-05	1.111693e-01	-1.402658e+01
4.748000e-05	1.014839e-01	-1.391176e+01
4.749000e-05	9.072334e-02	-1.372397e+01
4.750000e-05	8.212866e-02	-1.363963e+01
4.751000e-05	7.643749e-02	-1.347921e+01
4.752000e-05	7.165619e-02	-1.335282e+01
4.753000e-05	6.642285e-02	-1.321657e+01
4.754000e-05	5.814755e-02	-1.300960e+01
4.755000e-05	5.391069e-02	-1.289281e+01
4.756000e-05	5.144638e-02	-1.274179e+01
4.757000e-05	5.057903e-02	-1.255544e+01
4.758000e-05	4.490138e-02	-1.241712e+01
4.759000e-05	4.204879e-02	-1.220863e+01
4.760000e-05	3.853416e-02	-1.207070e+01
4.761000e-05	3.746241e-02	-1.184923e+01
4.762000e-05	3.446894e-02	-1.164868e+01
4.763000e-05	3.055496e-02	-1.141508e+01
4.764000e-05	2.942382e-02	-1.120553e+01
4.765000e-05	2.946912e-02	-1.096604e+01
4.766000e-05	2.812594e-02	-1.080707e+01
4.767000e-05	2.550837e-02	-1.062955e+01
4.768000e-05	2.239740e-02	-1.040855e+01
4.769000e-05	2.284516e-02	-1.016749e+01
4.770000e-05	2.141093e-02	-9.975437e+00
4.771000e-05	2.001237e-02	-9.733468e+00
4.772000e-05	1.763955e-02	-9.553393e+00
4.773000e-05	1.723462e-02	-9.282838e+00
4.774000e-05	1.766257e-02	-9.043257e+00
4.775000e-05	1.547697e-02	-8.862234e+00
4.776000e-05	1.338651e-02	-8.596048e+00
4.777000e-05	1.170971e-02	-8.383971e+00
4.778000e-05	1.241343e-02	-8.124943e+00
4.779000e-05	1.197000e-02	-7.871307e+00
4.780000e-05	1.045748e-02	-7.587126e+00
4.781000e-05	8.461704e-03	-7.335388e+00
4.782000e-05	8.135641e-03	-7.053740e+00
4.783000e-05	6.636333e-03	-6.819702e+00
4.784000e-05	5.841494e-03	-6.567022e+00
4.785000e-05	4.725616e-03	-6.233388e+00
4.786000e-05	3.898698e-03	-6.031180e+00
4.787000e-05	4.109185e-03	-5.768050e+00
4.788000e-05	4.133618e-03	-5.533889e+00
4.789000e-05	1.826119e-03	-5.188076e+00
4.790000e-05	1.474847e-03	-4.893859e+00
4.791000e-05	1.476584e-03	-4.587524e+00
4.792000e-05	1.770033e-03	-4.346919e+00
4.793000e-05	7.192537e-04	-4.115367e+00
4.794000e-05	-2.462259e-03	-3.840651e+00
4.795000e-05	-2.183499e-03	-3.546945e+00
4.796000e-05	-2.837062e-03	-3.283813e+00
4.797000e-05	-3.036346e-03	-2.987525e+00
4.798000e-05	-3.790022e-03	-2.703812e+00
4.799000e-05	-3.627245e-03	-2.431754e+00
4.800000e-05	-3.103280e-03	-2.125441e+00
4.801000e-05	-2.886375e-03	-1.841706e+00
4.802000e-05	-5.452623e-03	-1.549551e+00
4.803000e-05	-6.594186e-03	-1.242810e+00
4.804000e-05	-7.069368e-03	-9.364197e-01
4.805000e-05	-6.447069e-03	-6.738066e-01
4.806000e-05	-7.060859e-03	-3.380486e-01
4.807000e-05	-6.999547e-03	-9.536323e-02
4.808000e-05	3.062281e-03	1.863708e-01
4.809000e-05	6.039365e-03	4.626292e-01
4.810000e-05	6.988799e-04	6.752107e-01
4.811000e-05	3.416936e-03	9.892696e-01
4.812000e-05	-1.773993e-03	1.292080e+00
4.813000e-05	1.800840e-03	1.578217e+00
4.814000e-05	-3.698119e-04	1.819979e+00
4.815000e-05	2.130038e-02	2.051579e+00
4.816000e-05	8.404106e-02	2.314161e+00
4.817000e-05	6.198239e-02	2.662952e+00
4.818000e-05	-6.383142e-02	2.978395e+00
4.819000e-05	-2.213979e-02	3.242003e+00
4.820000e-05	-4.006563e-02	3.577265e+00
4.821000e-05	-3.761176e-02	3.788371e+00
4.822000e-05	-8.842479e-02	4.005897e+00
4.823000e-05	5.736837e-02	4.259528e+00
4.824000e-05	3.828170e-02	4.526343e+00
4.825000e-05	-9.138020e-02	4.806916e+00
4.826000e-05	1.796069e-01	5.111058e+00
4.827000e-05	-1.336198e-01	5.449026e+00
4.828000e-05	3.143160e-02	5.641029e+00
4.829000e-05	-1.878746e-02	5.985893e+00
4.830000e-05	-2.129599e-02	6.217995e+00
4.831000e-05	5.808646e-02	6.491579e+00
4.832000e-05	-7.549212e-02	6.815319e+00
4.833000e-05	4.275410e-02	6.996496e+00
4.834000e-05	-4.820370e-02	7.251658e+00
4.835000e-05	1.573339e-02	7.584789e+00
4.836000e-05	-3.751889e-02	7.820550e+00
4.837000e-05	-2.368642e-02	8.123354e+00
4.838000e-05	3.451895e-02	8.305888e+00
4.839000e-05	-4.113910e-02	8.536868e+00
4.840000e-05	1.637308e-02	8.797866e+00
4.841000e-05	-4.458226e-02	9.038575e+00
4.842000e-05	-2.566025e-02	9.239076e+00
4.843000e-05	3.526017e-03	9.520633e+00
4.844000e-05	-1.662522e-02	9.681313e+00
4.845000e-05	-1.277520e-02	9.994292e+00
4.846000e-05	-4.122596e-02	1.015734e+01
4.847000e-05	4.623203e-03	1.037579e+01
4.848000e-05	-3.246069e-02	1.062339e+01
4.849000e-05	-1.847385e-02	1.081540e+01
4.850000e-05	-3.457893e-02	1.096792e+01
4.851000e-05	-2.329021e-02	1.121842e+01
4.852000e-05	-1.001389e-02	1.141660e+01
4.853000e-05	-3.388697e-02	1.164652e+01
4.854000e-05	-3.360938e-02	1.183949e+01
4.855000e-05	-4.154392e-02	1.204797e+01
4.856000e-05	-1.796914e-02	1.221547e+01
4.857000e-05	-2.662703e-02	1.240584e+01
4.858000e-05	-3.451344e-02	1.252329e+01
4.859000e-05	-4.427459e-02	1.269118e+01
4.860000e-05	-3.646877e-02	1.283068e+01
4.861000e-05	-3.040622e-02	1.298610e+01
4.862000e-05	-4.379267e-02	1.322437e+01
4.863000e-05	-4.668946e-02	1.333136e+01
4.864000e-05	-4.372827e-02	1.346913e+01
4.865000e-05	-3.438656e-02	1.362544e+01
4.866000e-05	-4.494753e-02	1.374226e+01
4.867000e-05	-5.627107e-02	1.383913e+01
4.868000e-05	-5.856427e-02	1.405597e+01
4.869000e-05	-5.034392e-02	1.410379e+01
4.870000e-05	-4.872350e-02	1.428623e+01
4.871000e-05	-5.917452e-02	1.437399e+01
4.872000e-05	-6.413960e-02	1.453171e+01
4.873000e-05	-6.044846e-02	1.459492e+01
4.874000e-05	-5.800750e-02	1.465861e+01
4.875000e-05	-6.495136e-02	1.475389e+01
4.876000e-05	-7.460021e-02	1.484807e+01
4.877000e-05	-7.274413e-02	1.492026e+01
4.878000e-05	-7.106034e-02	1.495237e+01
4.879000e-05	-7.511480e-02	1.503707e+01
4.880000e-05	-8.648193e-02	1.507974e+01
4.881000e-05	-9.050878e-02	1.512231e+01
4.882000e-05	-8.584673e-02	1.517587e+01
4.883000e-05	-8.567327e-02	1.520762e+01
4.884000e-05	-9.351452e-02	1.527030e+01
4.885000e-05	-1.022336e-01	1.531878e+01
4.886000e-05	-1.029442e-01	1.533186e+01
4.887000e-05	-1.041648e-01	1.532031e+01
4.888000e-05	-1.116577e-01	1.533349e+01
4.889000e-05	-1.217109e-01	1.538349e+01
4.890000e-05	-1.246313e-01	1.535339e+01
4.891000e-05	-1.239915e-01	1.535289e+01
4.892000e-05	-1.299601e-01	1.535294e+01
4.893000e-05	-1.433420e-01	1.531194e+01
4.894000e-05	-1.567405e-01	1.532036e+01
4.895000e-05	-1.621776e-01	1.531933e+01
4.896000e-05	-1.756293e-01	1.528928e+01
4.897000e-05	-1.952254e-01	1.524868e+01
4.898000e-05	-2.238942e-01	1.523657e+01
4.899000e-05	-2.453084e-01	1.516481e+01
4.900000e-05	-2.499795e-01	1.510081e+01
4.901000e-05	-2.500000e-01	1.502820e+01
4.902000e-05	-2.500000e-01	1.495502e+01
4.903000e-05	-2.500000e-01	1.493236e+01
4.904000e-05	-2.500000e-01	1.484070e+01
4.905000e-05	-2.500000e-01	1.478594e+01
4.906000e-05	-2.496900e-01	1.470086e+01
4.907000e-05	-2.372068e-01	1.458502e+01
4.908000e-05	-2.031437e-01	1.455131e+01
4.909000e-05	-1.776001e-01	1.442558e+01
4.910000e-05	-1.564092e-01	1.428178e+01
4.911000e-05	-1.448669e-01	1.418604e+01
4.912000e-05	-1.301077e-01	1.403960e+01
4.913000e-05	-1.167162e-01	1.396281e+01
4.914000e-05	-1.039959e-01	1.375510e+01
4.915000e-05	-1.000417e-01	1.368865e+01
4.916000e-05	-9.242281e-02	1.353321e+01
4.917000e-05	-8.557226e-02	1.337552e+01
4.918000e-05	-7.457498e-02	1.325068e+01
4.919000e-05	-7.359832e-02	1.311126e+01
4.920000e-05	-6.956535e-02	1.291289e+01
4.921000e-05	-6.889425e-02	1.280552e+01
4.922000e-05	-5.982940e-02	1.260810e+01
4.923000e-05	-5.912003e-02	1.248125e+01
4.924000e-05	-5.587300e-02	1.227981e+01
4.925000e-05	-5.551859e-02	1.207241e+01
4.926000e-05	-4.849842e-02	1.194299e+01
4.927000e-05	-4.544210e-02	1.174482e+01
4.928000e-05	-4.585745e-02	1.153289e+01
4.929000e-05	-4.637112e-02	1.131181e+01
4.930000e-05	-4.555801e-02	1.112129e+01
4.931000e-05	-4.026776e-02	1.092391e+01
4.932000e-05	-3.955710e-02	1.075436e+01
4.933000e-05	-3.897595e-02	1.050339e+01
4.934000e-05	-3.888157e-02	1.032186e+01
4.935000e-05	-3.335636e-02	1.010276e+01
4.936000e-05	-3.328398e-02	9.878651e+00
4.937000e-05	-3.331729e-02	9.609599e+00
4.938000e-05	-3.474951e-02	9.427077e+00
4.939000e-05	-3.226436e-02	9.148096e+00
4.940000e-05	-2.945162e-02	8.963441e+00
4.941000e-05	-2.944038e-02	8.714739e+00
4.942000e-05	-2.850895e-02	8.521835e+00
4.943000e-05	-2.886085e-02	8.270785e+00
4.944000e-05	-2.492156e-02	8.018071e+00
4.945000e-05	-2.466374e-02	7.745919e+00
4.946000e-05	-2.557718e-02	7.501260e+00
4.947000e-05	-2.692879e-02	7.219100e+00
4.948000e-05	-2.467061e-02	6.965919e+00
4.949000e-05	-2.293244e-02	6.726338e+00
4.950000e-05	-2.318970e-02	6.420175e+00
4.951000e-05	-2.206862e-02	6.187971e+00
4.952000e-05	-2.198970e-02	5.947885e+00
4.953000e-05	-2.110604e-02	5.622330e+00
4.954000e-05	-1.950103e-02	5.390022e+00
4.955000e-05	-2.143213e-02	5.094255e+00
4.956000e-05	-1.940205e-02	4.766493e+00
4.957000e-05	-1.665850e-02	4.534287e+00
4.958000e-05	-1.727416e-02	4.219654e+00
4.959000e-05	-1.692953e-02	3.935892e+00
4.960000e-05	-2.039424e-02	3.662734e+00
4.961000e-05	-1.829864e-02	3.431076e+00
4.962000e-05	-1.791334e-02	3.135314e+00
4.963000e-05	-1.531118e-02	2.812680e+00
4.964000e-05	-1.535649e-02	2.516994e+00
4.965000e-05	-1.223583e-02	2.282259e+00
4.966000e-05	-1.246291e-02	1.991075e+00
4.967000e-05	-1.227945e-02	1.705337e+00
4.968000e-05	-1.333361e-02	1.381651e+00
4.969000e-05	-1.495830e-02	1.085886e+00
4.970000e-05	-1.323467e-02	7.504763e-01
4.971000e-05	-1.264148e-02	4.848393e-01
4.972000e-05	-1.023760e-02	2.426041e-01
4.973000e-05	-7.620604e-03	-7.315647e-02
4.974000e-05	4.881530e-03	-3.357371e-01
4.975000e-05	2.403563e-03	-6.073461e-01
4.976000e-05	1.462182e-03	-8.531115e-01
4.977000e-05	7.860843e-05	-1.106213e+00
4.978000e-05	-6.111919e-04	-1.440532e+00
4.979000e-05	-8.580946e-04	-1.673187e+00
4.980000e-05	1.446145e-02	-1.924265e+00
4.981000e-05	8.206235e-02	-2.146668e+00
4.982000e-05	1.019002e-01	-2.514687e+00
4.983000e-05	-6.476111e-02	-2.932668e+00
4.984000e-05	6.437552e-03	-3.282108e+00
4.985000e-05	-5.216013e-02	-3.513707e+00
4.986000e-05	-4.167749e-02	-3.683661e+00
4.987000e-05	-8.362170e-02	-3.964292e+00
4.988000e-05	1.833354e-01	-4.082214e+00
4.989000e-05	-1.435545e-01	-4.398366e+00
4.990000e-05	9.721729e-02	-4.733208e+00
4.991000e-05	7.122110e-02	-4.913213e+00
4.992000e-05	-1.341629e-01	-5.302610e+00
4.993000e-05	1.725580e-01	-5.546943e+00
4.994000e-05	-1.925016e-01	-5.830475e+00
4.995000e-05	1.384315e-01	-6.093209e+00
4.996000e-05	8.435626e-03	-6.342261e+00
4.997000e-05	-2.352701e-02	-6.641079e+00
4.998000e-05	1.148435e-01	-6.901112e+00
4.999000e-05	-1.254364e-01	-7.176924e+00
