# 260604_11:23:23.878339
t	CH1	CH2
0.000000e+00	-1.117687e-02	6.641067e-01
1.000000e-08	-9.829600e-03	4.110011e-01
2.000000e-08	-1.006932e-02	1.037118e-01
3.000000e-08	-5.691110e-03	-1.983199e-01
4.000000e-08	6.161346e-03	-3.910065e-01
5.000000e-08	-4.998606e-03	-7.463108e-01
6.000000e-08	2.520207e-03	-9.969211e-01
7.000000e-08	-2.702512e-03	-1.272083e+00
8.000000e-08	2.843763e-03	-1.547919e+00
9.000000e-08	3.855113e-03	-1.799921e+00
1.000000e-07	4.041730e-02	-2.039526e+00
1.100000e-07	1.286348e-01	-2.334287e+00
1.200000e-07	-9.508238e-03	-2.713157e+00
1.300000e-07	-2.742776e-02	-3.052662e+00
1.400000e-07	-2.787926e-02	-3.377900e+00
1.500000e-07	-3.652137e-02	-3.568399e+00
1.600000e-07	-9.857268e-02	-3.809572e+00
1.700000e-07	7.675201e-02	-3.990474e+00
1.800000e-07	5.303581e-02	-4.192899e+00
1.900000e-07	-1.083891e-01	-4.534839e+00
2.000000e-07	2.025481e-01	-4.769842e+00
2.100000e-07	-1.469849e-01	-5.073112e+00
2.200000e-07	9.217309e-02	-5.392024e+00
2.300000e-07	-3.021211e-02	-5.693082e+00
2.400000e-07	-7.637106e-02	-5.988371e+00
2.500000e-07	1.639814e-01	-6.169420e+00
2.600000e-07	-1.057521e-01	-6.523163e+00
2.700000e-07	1.317140e-01	-6.767392e+00
2.800000e-07	-6.160649e-02	-7.012494e+00
2.900000e-07	1.715273e-02	-7.324816e+00
3.000000e-07	4.617681e-02	-7.566268e+00
3.100000e-07	-6.612782e-02	-7.851131e+00
3.200000e-07	1.360291e-01	-8.093712e+00
3.300000e-07	-8.353366e-02	-8.336788e+00
3.400000e-07	1.060284e-01	-8.575925e+00
3.500000e-07	-2.276260e-02	-8.851533e+00
3.600000e-07	-5.881590e-03	-9.093683e+00
3.700000e-07	4.602881e-02	-9.282633e+00
3.800000e-07	-2.792399e-02	-9.515286e+00
3.900000e-07	1.066139e-01	-9.755868e+00
4.000000e-07	-4.660304e-02	-9.986916e+00
4.100000e-07	9.186706e-02	-1.018689e+01
4.200000e-07	-3.938554e-02	-1.043095e+01
4.300000e-07	6.555167e-02	-1.063100e+01
4.400000e-07	4.891269e-04	-1.080942e+01
4.500000e-07	2.774485e-02	-1.105950e+01
4.600000e-07	3.680384e-02	-1.121990e+01
4.700000e-07	1.242106e-02	-1.147158e+01
4.800000e-07	6.090309e-02	-1.165308e+01
4.900000e-07	-5.688032e-03	-1.189153e+01
5.000000e-07	5.897287e-02	-1.203163e+01
5.100000e-07	3.304512e-03	-1.219997e+01
5.200000e-07	6.839427e-02	-1.242850e+01
5.300000e-07	1.076511e-02	-1.254939e+01
5.400000e-07	4.800648e-02	-1.274787e+01
5.500000e-07	2.008043e-02	-1.289424e+01
5.600000e-07	4.828317e-02	-1.305158e+01
5.700000e-07	3.737059e-02	-1.323840e+01
5.800000e-07	4.125855e-02	-1.338634e+01
5.900000e-07	4.536116e-02	-1.347411e+01
6.000000e-07	4.212898e-02	-1.363053e+01
6.100000e-07	5.469234e-02	-1.379787e+01
6.200000e-07	3.540099e-02	-1.392667e+01
6.300000e-07	4.928468e-02	-1.399247e+01
6.400000e-07	4.150141e-02	-1.415870e+01
6.500000e-07	6.209945e-02	-1.423361e+01
6.600000e-07	5.044134e-02	-1.437940e+01
6.700000e-07	5.964839e-02	-1.449324e+01
6.800000e-07	5.101243e-02	-1.456895e+01
6.900000e-07	6.647132e-02	-1.468463e+01
7.000000e-07	6.330091e-02	-1.477792e+01
7.100000e-07	6.716811e-02	-1.485008e+01
7.200000e-07	6.407924e-02	-1.492627e+01
7.300000e-07	7.101734e-02	-1.498043e+01
7.400000e-07	7.477631e-02	-1.505461e+01
7.500000e-07	7.316402e-02	-1.513476e+01
7.600000e-07	7.632211e-02	-1.516979e+01
7.700000e-07	8.007816e-02	-1.520000e+01
7.800000e-07	9.179533e-02	-1.527266e+01
7.900000e-07	9.082494e-02	-1.529526e+01
8.000000e-07	9.392940e-02	-1.535627e+01
8.100000e-07	9.228891e-02	-1.534739e+01
8.200000e-07	1.023250e-01	-1.536042e+01
8.300000e-07	1.062855e-01	-1.541845e+01
8.400000e-07	1.117702e-01	-1.539158e+01
8.500000e-07	1.157597e-01	-1.544098e+01
8.600000e-07	1.248878e-01	-1.540005e+01
8.700000e-07	1.329419e-01	-1.543953e+01
8.800000e-07	1.382391e-01	-1.537795e+01
8.900000e-07	1.468098e-01	-1.533832e+01
9.000000e-07	1.582676e-01	-1.536632e+01
9.100000e-07	1.780672e-01	-1.533677e+01
9.200000e-07	1.971817e-01	-1.527371e+01
9.300000e-07	2.241101e-01	-1.522151e+01
9.400000e-07	2.438491e-01	-1.519897e+01
9.500000e-07	2.499650e-01	-1.516687e+01
9.600000e-07	2.500000e-01	-1.508424e+01
9.700000e-07	2.500000e-01	-1.502048e+01
9.800000e-07	2.500000e-01	-1.496838e+01
9.900000e-07	2.500000e-01	-1.488664e+01
1.000000e-06	2.500000e-01	-1.483045e+01
1.010000e-06	2.467846e-01	-1.473577e+01
1.020000e-06	2.179547e-01	-1.465356e+01
1.030000e-06	1.883633e-01	-1.455792e+01
1.040000e-06	1.640570e-01	-1.443258e+01
1.050000e-06	1.456048e-01	-1.436839e+01
1.060000e-06	1.268642e-01	-1.424203e+01
1.070000e-06	1.125619e-01	-1.413677e+01
1.080000e-06	1.022480e-01	-1.399935e+01
1.090000e-06	9.232826e-02	-1.385366e+01
1.100000e-06	8.244268e-02	-1.373682e+01
1.110000e-06	7.517515e-02	-1.360047e+01
1.120000e-06	6.935733e-02	-1.345058e+01
1.130000e-06	6.517023e-02	-1.327427e+01
1.140000e-06	5.924430e-02	-1.316842e+01
1.150000e-06	5.382643e-02	-1.302255e+01
1.160000e-06	5.010382e-02	-1.282213e+01
1.170000e-06	4.780768e-02	-1.272526e+01
1.180000e-06	4.488796e-02	-1.253735e+01
1.190000e-06	4.111030e-02	-1.237739e+01
1.200000e-06	3.844019e-02	-1.218995e+01
1.210000e-06	3.621636e-02	-1.200165e+01
1.220000e-06	3.478206e-02	-1.176045e+01
1.230000e-06	3.087801e-02	-1.160146e+01
1.240000e-06	2.796167e-02	-1.137045e+01
1.250000e-06	2.685985e-02	-1.118842e+01
1.260000e-06	2.649613e-02	-1.092792e+01
1.270000e-06	2.581684e-02	-1.075790e+01
1.280000e-06	2.339838e-02	-1.053893e+01
1.290000e-06	2.110079e-02	-1.034797e+01
1.300000e-06	2.076459e-02	-1.014587e+01
1.310000e-06	1.928095e-02	-9.916792e+00
1.320000e-06	1.817990e-02	-9.744272e+00
1.330000e-06	1.610569e-02	-9.475263e+00
1.340000e-06	1.529938e-02	-9.252609e+00
1.350000e-06	1.507961e-02	-9.021082e+00
1.360000e-06	1.335015e-02	-8.820996e+00
1.370000e-06	1.190569e-02	-8.568954e+00
1.380000e-06	9.683901e-03	-8.305312e+00
1.390000e-06	1.148262e-02	-8.074716e+00
1.400000e-06	9.985976e-03	-7.824079e+00
1.410000e-06	9.696168e-03	-7.537392e+00
1.420000e-06	7.177275e-03	-7.313689e+00
1.430000e-06	7.341402e-03	-7.051609e+00
1.440000e-06	5.016634e-03	-6.777522e+00
1.450000e-06	5.534568e-03	-6.538919e+00
1.460000e-06	4.317007e-03	-6.243734e+00
1.470000e-06	4.133824e-03	-5.999452e+00
1.480000e-06	3.193063e-03	-5.727816e+00
1.490000e-06	3.801399e-03	-5.443634e+00
1.500000e-06	8.072275e-04	-5.137449e+00
1.510000e-06	1.910537e-04	-4.844658e+00
1.520000e-06	1.634601e-04	-4.547940e+00
1.530000e-06	6.336403e-04	-4.305866e+00
1.540000e-06	5.502448e-04	-4.075266e+00
1.550000e-06	-2.065361e-03	-3.749045e+00
1.560000e-06	-1.977171e-03	-3.504842e+00
1.570000e-06	-4.151418e-03	-3.223131e+00
1.580000e-06	-2.234140e-03	-2.916919e+00
1.590000e-06	-5.500091e-03	-2.633240e+00
1.600000e-06	-3.106522e-03	-2.381054e+00
1.610000e-06	-4.994600e-03	-2.085666e+00
1.620000e-06	-2.733671e-03	-1.813105e+00
1.630000e-06	-6.216815e-03	-1.566820e+00
1.640000e-06	-5.929690e-03	-1.179553e+00
1.650000e-06	-7.223027e-03	-9.248196e-01
1.660000e-06	-5.935066e-03	-6.331840e-01
1.670000e-06	-7.001930e-03	-3.064686e-01
1.680000e-06	-5.797805e-03	-5.418566e-02
1.690000e-06	4.010841e-03	2.089975e-01
1.700000e-06	2.648575e-03	5.046830e-01
1.710000e-06	2.775065e-03	7.362884e-01
1.720000e-06	2.269389e-03	1.059472e+00
1.730000e-06	-1.734560e-04	1.335737e+00
1.740000e-06	1.219790e-03	1.650379e+00
1.750000e-06	4.022379e-03	1.902204e+00
1.760000e-06	2.459174e-02	2.083608e+00
1.770000e-06	9.789986e-02	2.388869e+00
1.780000e-06	3.154239e-02	2.733813e+00
1.790000e-06	-5.143160e-02	3.030547e+00
1.800000e-06	-2.845075e-02	3.343154e+00
1.810000e-06	-3.260673e-02	3.588950e+00
1.820000e-06	-5.154244e-02	3.851926e+00
1.830000e-06	-7.614153e-02	4.021026e+00
1.840000e-06	8.154025e-02	4.303657e+00
1.850000e-06	-1.246868e-02	4.609371e+00
1.860000e-06	-3.508401e-02	4.819948e+00
1.870000e-06	1.453161e-01	5.146261e+00
1.880000e-06	-1.367893e-01	5.442524e+00
1.890000e-06	5.393842e-02	5.724662e+00
1.900000e-06	-4.357695e-02	6.037949e+00
1.910000e-06	8.513979e-03	6.212473e+00
1.920000e-06	3.192994e-02	6.544182e+00
1.930000e-06	-6.242701e-02	6.791921e+00
1.940000e-06	3.890356e-02	7.031951e+00
1.950000e-06	-5.412468e-02	7.317710e+00
1.960000e-06	2.805739e-02	7.619419e+00
1.970000e-06	-5.909211e-02	7.902535e+00
1.980000e-06	1.441809e-03	8.176865e+00
1.990000e-06	2.399822e-02	8.377318e+00
2.000000e-06	-3.499061e-02	8.599421e+00
2.010000e-06	1.681300e-02	8.817946e+00
2.020000e-06	-5.843646e-02	9.081954e+00
2.030000e-06	-8.485981e-03	9.313661e+00
2.040000e-06	-1.459536e-02	9.536190e+00
2.050000e-06	-2.176873e-03	9.766791e+00
2.060000e-06	-2.680629e-02	9.969897e+00
2.070000e-06	-2.292721e-02	1.023897e+01
2.080000e-06	-1.208952e-03	1.044927e+01
2.090000e-06	-3.062855e-02	1.061145e+01
2.100000e-06	-2.228218e-02	1.083947e+01
2.110000e-06	-4.080336e-02	1.101042e+01
2.120000e-06	-1.394294e-02	1.125995e+01
2.130000e-06	-1.787262e-02	1.147353e+01
2.140000e-06	-2.539360e-02	1.162053e+01
2.150000e-06	-3.978707e-02	1.187053e+01
2.160000e-06	-3.192877e-02	1.203100e+01
2.170000e-06	-2.181938e-02	1.219790e+01
2.180000e-06	-2.811814e-02	1.238737e+01
2.190000e-06	-3.768973e-02	1.258782e+01
2.200000e-06	-4.330720e-02	1.270376e+01
2.210000e-06	-2.983855e-02	1.289366e+01
2.220000e-06	-3.314001e-02	1.305400e+01
2.230000e-06	-4.176769e-02	1.322837e+01
2.240000e-06	-5.010988e-02	1.332577e+01
2.250000e-06	-3.634439e-02	1.347408e+01
2.260000e-06	-3.732295e-02	1.362992e+01
2.270000e-06	-4.392148e-02	1.374024e+01
2.280000e-06	-5.894919e-02	1.391413e+01
2.290000e-06	-5.443682e-02	1.402100e+01
2.300000e-06	-4.841713e-02	1.416686e+01
2.310000e-06	-4.921383e-02	1.430363e+01
2.320000e-06	-5.945199e-02	1.441937e+01
2.330000e-06	-6.480859e-02	1.448571e+01
2.340000e-06	-5.657713e-02	1.458892e+01
2.350000e-06	-5.952732e-02	1.467311e+01
2.360000e-06	-6.492105e-02	1.477780e+01
2.370000e-06	-7.555639e-02	1.485102e+01
2.380000e-06	-7.013223e-02	1.492516e+01
2.390000e-06	-7.010795e-02	1.491835e+01
2.400000e-06	-7.585446e-02	1.502893e+01
2.410000e-06	-8.855499e-02	1.511413e+01
2.420000e-06	-9.030844e-02	1.515827e+01
2.430000e-06	-8.533619e-02	1.519835e+01
2.440000e-06	-8.785202e-02	1.522945e+01
2.450000e-06	-9.536567e-02	1.529506e+01
2.460000e-06	-1.041999e-01	1.531619e+01
2.470000e-06	-1.029990e-01	1.530766e+01
2.480000e-06	-1.059776e-01	1.536974e+01
2.490000e-06	-1.150273e-01	1.538829e+01
2.500000e-06	-1.248397e-01	1.541027e+01
2.510000e-06	-1.282306e-01	1.537887e+01
2.520000e-06	-1.274190e-01	1.534930e+01
2.530000e-06	-1.373912e-01	1.537882e+01
2.540000e-06	-1.506924e-01	1.538130e+01
2.550000e-06	-1.647086e-01	1.534624e+01
2.560000e-06	-1.714932e-01	1.532666e+01
2.570000e-06	-1.884331e-01	1.530514e+01
2.580000e-06	-2.140662e-01	1.526105e+01
2.590000e-06	-2.424783e-01	1.521040e+01
2.600000e-06	-2.499495e-01	1.513929e+01
2.610000e-06	-2.500000e-01	1.510419e+01
2.620000e-06	-2.500000e-01	1.508148e+01
2.630000e-06	-2.500000e-01	1.498987e+01
2.640000e-06	-2.500000e-01	1.490579e+01
2.650000e-06	-2.500000e-01	1.480158e+01
2.660000e-06	-2.500000e-01	1.477734e+01
2.670000e-06	-2.452458e-01	1.467316e+01
2.680000e-06	-2.206683e-01	1.454092e+01
2.690000e-06	-1.881186e-01	1.448619e+01
2.700000e-06	-1.622093e-01	1.438932e+01
2.710000e-06	-1.449975e-01	1.427511e+01
2.720000e-06	-1.343577e-01	1.419727e+01
2.730000e-06	-1.186817e-01	1.405205e+01
2.740000e-06	-1.050930e-01	1.392719e+01
2.750000e-06	-9.542444e-02	1.376980e+01
2.760000e-06	-9.403302e-02	1.363210e+01
2.770000e-06	-8.762268e-02	1.350571e+01
2.780000e-06	-7.827182e-02	1.337884e+01
2.790000e-06	-7.097757e-02	1.323108e+01
2.800000e-06	-6.965503e-02	1.305403e+01
2.810000e-06	-6.618043e-02	1.289676e+01
2.820000e-06	-6.174545e-02	1.274684e+01
2.830000e-06	-5.466940e-02	1.262040e+01
2.840000e-06	-5.385113e-02	1.243010e+01
2.850000e-06	-5.399131e-02	1.227504e+01
2.860000e-06	-5.249394e-02	1.210614e+01
2.870000e-06	-4.763391e-02	1.188576e+01
2.880000e-06	-4.384289e-02	1.169677e+01
2.890000e-06	-4.505906e-02	1.149719e+01
2.900000e-06	-4.392716e-02	1.133624e+01
2.910000e-06	-3.984288e-02	1.108421e+01
2.920000e-06	-3.705693e-02	1.090476e+01
2.930000e-06	-3.706336e-02	1.066621e+01
2.940000e-06	-3.822602e-02	1.050469e+01
2.950000e-06	-3.593896e-02	1.028311e+01
2.960000e-06	-3.336316e-02	1.003168e+01
2.970000e-06	-3.126326e-02	9.833033e+00
2.980000e-06	-3.396851e-02	9.559446e+00
2.990000e-06	-3.153325e-02	9.379925e+00
3.000000e-06	-3.019487e-02	9.099397e+00
3.010000e-06	-2.654654e-02	8.937247e+00
3.020000e-06	-2.937839e-02	8.703213e+00
3.030000e-06	-2.793286e-02	8.463084e+00
3.040000e-06	-2.760455e-02	8.241504e+00
3.050000e-06	-2.361033e-02	7.967896e+00
3.060000e-06	-2.533114e-02	7.747787e+00
3.070000e-06	-2.590566e-02	7.473634e+00
3.080000e-06	-2.538451e-02	7.167450e+00
3.090000e-06	-2.284665e-02	6.947345e+00
3.100000e-06	-2.249900e-02	6.684737e+00
3.110000e-06	-2.192857e-02	6.410447e+00
3.120000e-06	-2.191577e-02	6.147845e+00
3.130000e-06	-1.988603e-02	5.945814e+00
3.140000e-06	-2.010923e-02	5.630575e+00
3.150000e-06	-2.010967e-02	5.357390e+00
3.160000e-06	-2.095582e-02	5.021511e+00
3.170000e-06	-2.013109e-02	4.717290e+00
3.180000e-06	-1.843353e-02	4.463661e+00
3.190000e-06	-1.746296e-02	4.179450e+00
3.200000e-06	-1.808180e-02	3.884844e+00
3.210000e-06	-1.738411e-02	3.653055e+00
3.220000e-06	-1.660782e-02	3.357948e+00
3.230000e-06	-1.357474e-02	3.104139e+00
3.240000e-06	-1.581801e-02	2.812031e+00
3.250000e-06	-1.552755e-02	2.518270e+00
3.260000e-06	-1.576979e-02	2.200653e+00
3.270000e-06	-1.387033e-02	1.999974e+00
3.280000e-06	-1.415071e-02	1.713212e+00
3.290000e-06	-1.352332e-02	1.387975e+00
3.300000e-06	-1.405804e-02	1.084684e+00
3.310000e-06	-1.127434e-02	7.079423e-01
3.320000e-06	-9.764752e-03	4.642118e-01
3.330000e-06	-8.206507e-03	1.999752e-01
3.340000e-06	-8.784406e-03	-1.026592e-01
3.350000e-06	4.980781e-03	-3.662920e-01
3.360000e-06	-3.201900e-03	-6.204276e-01
3.370000e-06	2.845063e-03	-9.036630e-01
3.380000e-06	-3.032314e-03	-1.156870e+00
3.390000e-06	2.052242e-03	-1.504732e+00
3.400000e-06	-1.371999e-04	-1.713261e+00
3.410000e-06	2.365286e-02	-1.936366e+00
3.420000e-06	1.004701e-01	-2.207425e+00
3.430000e-06	6.466344e-02	-2.535842e+00
3.440000e-06	-5.525386e-02	-2.967339e+00
3.450000e-06	-3.231770e-03	-3.282189e+00
3.460000e-06	-4.557224e-02	-3.504761e+00
3.470000e-06	-6.058664e-02	-3.703208e+00
3.480000e-06	-4.122534e-02	-3.957344e+00
3.490000e-06	1.618231e-01	-4.115241e+00
3.500000e-06	-1.606482e-01	-4.411076e+00
3.510000e-06	1.482345e-01	-4.724738e+00
3.520000e-06	-2.120633e-02	-4.955813e+00
3.530000e-06	-6.212149e-02	-5.356357e+00
3.540000e-06	1.210730e-01	-5.556895e+00
3.550000e-06	-1.717846e-01	-5.902034e+00
3.560000e-06	1.621172e-01	-6.084637e+00
3.570000e-06	-4.738704e-02	-6.357893e+00
3.580000e-06	3.789012e-02	-6.702659e+00
3.590000e-06	5.684981e-02	-6.935133e+00
3.600000e-06	-8.585379e-02	-7.250076e+00
3.610000e-06	1.158219e-01	-7.463055e+00
3.620000e-06	-9.881159e-02	-7.717293e+00
3.630000e-06	1.098454e-01	-8.051005e+00
3.640000e-06	-1.292731e-02	-8.241004e+00
3.650000e-06	1.034379e-02	-8.554234e+00
3.660000e-06	8.275730e-02	-8.734317e+00
3.670000e-06	-8.228485e-02	-9.018870e+00
3.680000e-06	9.262663e-02	-9.219895e+00
3.690000e-06	-6.227198e-02	-9.450501e+00
3.700000e-06	1.038515e-01	-9.683659e+00
3.710000e-06	-1.614185e-02	-9.864135e+00
3.720000e-06	4.988479e-02	-1.009432e+01
3.730000e-06	1.835993e-02	-1.028467e+01
3.740000e-06	3.137640e-03	-1.054839e+01
3.750000e-06	6.062569e-02	-1.071632e+01
3.760000e-06	-2.348411e-02	-1.096687e+01
3.770000e-06	7.320994e-02	-1.115777e+01
3.780000e-06	-1.637747e-02	-1.133792e+01
3.790000e-06	7.634862e-02	-1.154742e+01
3.800000e-06	-5.714955e-03	-1.177682e+01
3.810000e-06	5.187664e-02	-1.199837e+01
3.820000e-06	1.246467e-02	-1.217682e+01
3.830000e-06	4.970613e-02	-1.237634e+01
3.840000e-06	3.413999e-02	-1.252318e+01
3.850000e-06	2.689397e-02	-1.269461e+01
3.860000e-06	3.913681e-02	-1.283993e+01
3.870000e-06	2.686519e-02	-1.298842e+01
3.880000e-06	5.518663e-02	-1.314584e+01
3.890000e-06	2.621970e-02	-1.332471e+01
3.900000e-06	5.692300e-02	-1.345251e+01
3.910000e-06	3.123447e-02	-1.360790e+01
3.920000e-06	5.954604e-02	-1.372527e+01
3.930000e-06	3.474236e-02	-1.386116e+01
3.940000e-06	4.987607e-02	-1.401892e+01
3.950000e-06	3.965914e-02	-1.411567e+01
3.960000e-06	5.810109e-02	-1.422305e+01
3.970000e-06	5.370775e-02	-1.438632e+01
3.980000e-06	5.651730e-02	-1.446210e+01
3.990000e-06	5.481404e-02	-1.457784e+01
4.000000e-06	5.887394e-02	-1.465258e+01
4.010000e-06	6.662662e-02	-1.474586e+01
4.020000e-06	6.199049e-02	-1.482099e+01
4.030000e-06	6.769665e-02	-1.491616e+01
4.040000e-06	6.635259e-02	-1.498782e+01
4.050000e-06	7.628590e-02	-1.501105e+01
4.060000e-06	7.019605e-02	-1.512419e+01
4.070000e-06	7.648646e-02	-1.515729e+01
4.080000e-06	7.692127e-02	-1.519995e+01
4.090000e-06	8.902824e-02	-1.525150e+01
4.100000e-06	9.047512e-02	-1.529214e+01
4.110000e-06	9.356815e-02	-1.533474e+01
4.120000e-06	9.314931e-02	-1.535639e+01
4.130000e-06	9.820748e-02	-1.538840e+01
4.140000e-06	1.050446e-01	-1.539052e+01
4.150000e-06	1.089677e-01	-1.541005e+01
4.160000e-06	1.153818e-01	-1.540008e+01
4.170000e-06	1.204586e-01	-1.541000e+01
4.180000e-06	1.309229e-01	-1.542995e+01
4.190000e-06	1.359437e-01	-1.536955e+01
4.200000e-06	1.436940e-01	-1.537000e+01
4.210000e-06	1.520530e-01	-1.536835e+01
4.220000e-06	1.697027e-01	-1.531579e+01
4.230000e-06	1.900694e-01	-1.529264e+01
4.240000e-06	2.137322e-01	-1.524163e+01
4.250000e-06	2.388009e-01	-1.523045e+01
4.260000e-06	2.496384e-01	-1.516840e+01
4.270000e-06	2.500000e-01	-1.511677e+01
4.280000e-06	2.500000e-01	-1.504309e+01
4.290000e-06	2.500000e-01	-1.498935e+01
4.300000e-06	2.500000e-01	-1.493627e+01
4.310000e-06	2.500000e-01	-1.488318e+01
4.320000e-06	2.496500e-01	-1.478740e+01
4.330000e-06	2.309503e-01	-1.465369e+01
4.340000e-06	1.982934e-01	-1.460145e+01
4.350000e-06	1.711829e-01	-1.446371e+01
4.360000e-06	1.526090e-01	-1.439947e+01
4.370000e-06	1.330778e-01	-1.429266e+01
4.380000e-06	1.173597e-01	-1.414790e+01
4.390000e-06	1.048011e-01	-1.405351e+01
4.400000e-06	9.548974e-02	-1.392429e+01
4.410000e-06	8.666132e-02	-1.375902e+01
4.420000e-06	7.784962e-02	-1.364210e+01
4.430000e-06	7.089222e-02	-1.348374e+01
4.440000e-06	6.655268e-02	-1.335885e+01
4.450000e-06	6.283128e-02	-1.322153e+01
4.460000e-06	5.596664e-02	-1.307261e+01
4.470000e-06	5.168022e-02	-1.290634e+01
4.480000e-06	4.733784e-02	-1.274897e+01
4.490000e-06	4.537064e-02	-1.261146e+01
4.500000e-06	4.299383e-02	-1.241160e+01
4.510000e-06	3.864461e-02	-1.228171e+01
4.520000e-06	3.623469e-02	-1.204268e+01
4.530000e-06	3.506781e-02	-1.188569e+01
4.540000e-06	3.323951e-02	-1.169567e+01
4.550000e-06	2.993871e-02	-1.142318e+01
4.560000e-06	2.657500e-02	-1.128106e+01
4.570000e-06	2.650335e-02	-1.103303e+01
4.580000e-06	2.620228e-02	-1.081213e+01
4.590000e-06	2.362376e-02	-1.065208e+01
4.600000e-06	2.121080e-02	-1.043056e+01
4.610000e-06	2.012084e-02	-1.024161e+01
4.620000e-06	2.051140e-02	-9.968952e+00
4.630000e-06	1.883570e-02	-9.778525e+00
4.640000e-06	1.748456e-02	-9.549021e+00
4.650000e-06	1.522977e-02	-9.356825e+00
4.660000e-06	1.563618e-02	-9.114789e+00
4.670000e-06	1.367097e-02	-8.884289e+00
4.680000e-06	1.244448e-02	-8.615183e+00
4.690000e-06	1.004101e-02	-8.381053e+00
4.700000e-06	1.116974e-02	-8.169925e+00
4.710000e-06	1.117599e-02	-7.906839e+00
4.720000e-06	1.009430e-02	-7.681133e+00
4.730000e-06	7.166058e-03	-7.360501e+00
4.740000e-06	7.665597e-03	-7.137368e+00
4.750000e-06	6.434097e-03	-6.872765e+00
4.760000e-06	6.130390e-03	-6.611053e+00
4.770000e-06	4.140949e-03	-6.347345e+00
4.780000e-06	4.147909e-03	-6.096766e+00
4.790000e-06	3.620460e-03	-5.821528e+00
4.800000e-06	3.808811e-03	-5.548402e+00
4.810000e-06	1.609221e-03	-5.263658e+00
4.820000e-06	1.191432e-03	-4.948448e+00
4.830000e-06	8.585918e-04	-4.673681e+00
4.840000e-06	1.564738e-03	-4.391526e+00
4.850000e-06	7.216585e-04	-4.167949e+00
4.860000e-06	-1.629304e-03	-3.914312e+00
4.870000e-06	-2.332725e-03	-3.549451e+00
4.880000e-06	-2.515506e-03	-3.337921e+00
4.890000e-06	-3.893395e-03	-3.032183e+00
4.900000e-06	-4.227615e-03	-2.748395e+00
4.910000e-06	-3.382896e-03	-2.464287e+00
4.920000e-06	-3.553135e-03	-2.210504e+00
4.930000e-06	-3.541695e-03	-1.906295e+00
4.940000e-06	-4.596662e-03	-1.653659e+00
4.950000e-06	-5.777763e-03	-1.286837e+00
4.960000e-06	-7.419710e-03	-1.021555e+00
4.970000e-06	-6.269019e-03	-7.169187e-01
4.980000e-06	-6.731795e-03	-4.316303e-01
4.990000e-06	-5.413118e-03	-1.794962e-01
5.000000e-06	-1.240929e-03	1.251307e-01
5.010000e-06	7.738991e-03	3.904700e-01
5.020000e-06	-1.147827e-03	6.321788e-01
5.030000e-06	3.960580e-03	9.636578e-01
5.040000e-06	-3.875115e-03	1.231924e+00
5.050000e-06	1.854671e-03	1.494185e+00
5.060000e-06	-1.655798e-03	1.799972e+00
5.070000e-06	2.143423e-02	2.000524e+00
5.080000e-06	6.775736e-02	2.261578e+00
5.090000e-06	9.223163e-02	2.576269e+00
5.100000e-06	-5.338267e-02	2.934211e+00
5.110000e-06	-3.107712e-02	3.208971e+00
5.120000e-06	-4.508317e-02	3.504182e+00
5.130000e-06	-3.019665e-02	3.736363e+00
5.140000e-06	-8.741935e-02	3.955318e+00
5.150000e-06	1.581182e-02	4.208795e+00
5.160000e-06	9.038528e-02	4.472658e+00
5.170000e-06	-1.136313e-01	4.706737e+00
5.180000e-06	1.628046e-01	4.999965e+00
5.190000e-06	-7.846774e-02	5.347891e+00
5.200000e-06	-2.722793e-02	5.609497e+00
5.210000e-06	1.949524e-02	5.906186e+00
5.220000e-06	-5.380338e-02	6.165187e+00
5.230000e-06	6.718923e-02	6.428394e+00
5.240000e-06	-5.814170e-02	6.716207e+00
5.250000e-06	2.198911e-02	6.975762e+00
5.260000e-06	-2.107403e-02	7.279446e+00
5.270000e-06	-8.591257e-03	7.473211e+00
5.280000e-06	-1.111850e-02	7.798793e+00
5.290000e-06	-5.018853e-02	8.012528e+00
5.300000e-06	4.140474e-02	8.313586e+00
5.310000e-06	-3.069502e-02	8.545238e+00
5.320000e-06	-2.696062e-04	8.734738e+00
5.330000e-06	-1.994563e-02	9.008342e+00
5.340000e-06	-4.813645e-02	9.198899e+00
5.350000e-06	1.163611e-02	9.430474e+00
5.360000e-06	-2.415648e-02	9.641530e+00
5.370000e-06	2.140026e-03	9.893681e+00
5.380000e-06	-4.287410e-02	1.012531e+01
5.390000e-06	3.791208e-03	1.031666e+01
5.400000e-06	-2.497833e-02	1.056674e+01
5.410000e-06	-2.747320e-02	1.073729e+01
5.420000e-06	-2.933640e-02	1.093634e+01
5.430000e-06	-3.401623e-02	1.115729e+01
5.440000e-06	-3.610882e-03	1.135827e+01
5.450000e-06	-3.334608e-02	1.158629e+01
5.460000e-06	-2.324257e-02	1.180894e+01
5.470000e-06	-4.473611e-02	1.193787e+01
5.480000e-06	-1.645742e-02	1.215884e+01
5.490000e-06	-2.913598e-02	1.234616e+01
5.500000e-06	-3.283784e-02	1.252413e+01
5.510000e-06	-4.500700e-02	1.268305e+01
5.520000e-06	-3.841651e-02	1.283997e+01
5.530000e-06	-2.794044e-02	1.296737e+01
5.540000e-06	-4.110544e-02	1.314424e+01
5.550000e-06	-4.153931e-02	1.329411e+01
5.560000e-06	-4.553452e-02	1.346140e+01
5.570000e-06	-3.248400e-02	1.357689e+01
5.580000e-06	-4.463544e-02	1.374568e+01
5.590000e-06	-5.302853e-02	1.384100e+01
5.600000e-06	-5.980162e-02	1.399947e+01
5.610000e-06	-5.142727e-02	1.412561e+01
5.620000e-06	-4.729295e-02	1.423353e+01
5.630000e-06	-5.532270e-02	1.436037e+01
5.640000e-06	-6.164157e-02	1.449316e+01
5.650000e-06	-6.016394e-02	1.456840e+01
5.660000e-06	-5.488229e-02	1.464303e+01
5.670000e-06	-6.373063e-02	1.472626e+01
5.680000e-06	-7.221007e-02	1.483203e+01
5.690000e-06	-7.501740e-02	1.489408e+01
5.700000e-06	-6.959166e-02	1.496529e+01
5.710000e-06	-7.334736e-02	1.500192e+01
5.720000e-06	-8.416472e-02	1.507406e+01
5.730000e-06	-8.983640e-02	1.510571e+01
5.740000e-06	-8.611658e-02	1.519881e+01
5.750000e-06	-8.390407e-02	1.522990e+01
5.760000e-06	-9.365625e-02	1.524155e+01
5.770000e-06	-1.029415e-01	1.529516e+01
5.780000e-06	-1.059367e-01	1.533722e+01
5.790000e-06	-1.039253e-01	1.533727e+01
5.800000e-06	-1.117210e-01	1.534779e+01
5.810000e-06	-1.223696e-01	1.536942e+01
5.820000e-06	-1.264725e-01	1.539877e+01
5.830000e-06	-1.263898e-01	1.535982e+01
5.840000e-06	-1.319351e-01	1.537882e+01
5.850000e-06	-1.473082e-01	1.537932e+01
5.860000e-06	-1.608741e-01	1.534672e+01
5.870000e-06	-1.690419e-01	1.531626e+01
5.880000e-06	-1.817995e-01	1.532521e+01
5.890000e-06	-2.047850e-01	1.526403e+01
5.900000e-06	-2.333817e-01	1.522093e+01
5.910000e-06	-2.490160e-01	1.518835e+01
5.920000e-06	-2.500000e-01	1.511679e+01
5.930000e-06	-2.500000e-01	1.510158e+01
5.940000e-06	-2.500000e-01	1.503850e+01
5.950000e-06	-2.500000e-01	1.490779e+01
5.960000e-06	-2.500000e-01	1.485458e+01
5.970000e-06	-2.500000e-01	1.481052e+01
5.980000e-06	-2.490399e-01	1.466622e+01
5.990000e-06	-2.301400e-01	1.460010e+01
6.000000e-06	-1.964111e-01	1.456774e+01
6.010000e-06	-1.676572e-01	1.446413e+01
6.020000e-06	-1.485815e-01	1.434624e+01
6.030000e-06	-1.380563e-01	1.425190e+01
6.040000e-06	-1.256434e-01	1.408258e+01
6.050000e-06	-1.124725e-01	1.396939e+01
6.060000e-06	-1.013534e-01	1.385042e+01
6.070000e-06	-9.638477e-02	1.369533e+01
6.080000e-06	-8.896273e-02	1.358677e+01
6.090000e-06	-7.917702e-02	1.341100e+01
6.100000e-06	-7.101653e-02	1.327221e+01
6.110000e-06	-6.737745e-02	1.310734e+01
6.120000e-06	-6.740021e-02	1.295892e+01
6.130000e-06	-6.456948e-02	1.280995e+01
6.140000e-06	-5.965786e-02	1.266314e+01
6.150000e-06	-5.654591e-02	1.250414e+01
6.160000e-06	-5.504243e-02	1.231641e+01
6.170000e-06	-5.217464e-02	1.216930e+01
6.180000e-06	-4.629347e-02	1.200537e+01
6.190000e-06	-4.343108e-02	1.176992e+01
6.200000e-06	-4.333029e-02	1.159897e+01
6.210000e-06	-4.500029e-02	1.138935e+01
6.220000e-06	-4.335218e-02	1.119892e+01
6.230000e-06	-3.971811e-02	1.100890e+01
6.240000e-06	-3.832955e-02	1.076894e+01
6.250000e-06	-3.787306e-02	1.055890e+01
6.260000e-06	-3.688902e-02	1.033687e+01
6.270000e-06	-3.322243e-02	1.014687e+01
6.280000e-06	-3.161879e-02	9.917813e+00
6.290000e-06	-3.125177e-02	9.665711e+00
6.300000e-06	-3.219872e-02	9.433154e+00
6.310000e-06	-3.087023e-02	9.211605e+00
6.320000e-06	-2.861077e-02	9.033056e+00
6.330000e-06	-2.910897e-02	8.778944e+00
6.340000e-06	-2.815247e-02	8.548891e+00
6.350000e-06	-2.824189e-02	8.307338e+00
6.360000e-06	-2.541388e-02	8.075154e+00
6.370000e-06	-2.373181e-02	7.810555e+00
6.380000e-06	-2.496297e-02	7.506391e+00
6.390000e-06	-2.619699e-02	7.254255e+00
6.400000e-06	-2.371874e-02	7.021105e+00
6.410000e-06	-2.200569e-02	6.769519e+00
6.420000e-06	-2.181974e-02	6.523637e+00
6.430000e-06	-2.274466e-02	6.232554e+00
6.440000e-06	-2.165060e-02	6.022050e+00
6.450000e-06	-2.032894e-02	5.699794e+00
6.460000e-06	-1.970479e-02	5.493234e+00
6.470000e-06	-2.091300e-02	5.149917e+00
6.480000e-06	-2.044899e-02	4.843629e+00
6.490000e-06	-1.843737e-02	4.589395e+00
6.500000e-06	-1.568861e-02	4.315287e+00
6.510000e-06	-1.760922e-02	4.009002e+00
6.520000e-06	-1.873811e-02	3.717416e+00
6.530000e-06	-1.789284e-02	3.453707e+00
6.540000e-06	-1.485847e-02	3.169499e+00
6.550000e-06	-1.624916e-02	2.887316e+00
6.560000e-06	-1.600876e-02	2.631681e+00
6.570000e-06	-1.618769e-02	2.346893e+00
6.580000e-06	-1.260946e-02	2.065209e+00
6.590000e-06	-1.283812e-02	1.791629e+00
6.600000e-06	-1.305907e-02	1.485339e+00
6.610000e-06	-1.478347e-02	1.161623e+00
6.620000e-06	-1.221539e-02	8.342830e-01
6.630000e-06	-1.161648e-02	6.199725e-01
6.640000e-06	-1.082577e-02	3.169182e-01
6.650000e-06	-9.776034e-03	1.158007e-02
6.660000e-06	-5.275923e-04	-2.395541e-01
6.670000e-06	4.670568e-03	-5.337144e-01
6.680000e-06	-1.378633e-03	-7.784738e-01
6.690000e-06	9.536919e-04	-1.051629e+00
6.700000e-06	-3.031475e-03	-1.365216e+00
6.710000e-06	1.398632e-03	-1.621503e+00
6.720000e-06	9.588486e-03	-1.860557e+00
6.730000e-06	6.017289e-02	-2.093109e+00
6.740000e-06	1.197781e-01	-2.398949e+00
6.750000e-06	-4.526477e-02	-2.828876e+00
6.760000e-06	-4.434065e-03	-3.168541e+00
6.770000e-06	-4.253052e-02	-3.421080e+00
6.780000e-06	-3.607991e-02	-3.611030e+00
6.790000e-06	-1.040268e-01	-3.886633e+00
6.800000e-06	1.498424e-01	-4.063033e+00
6.810000e-06	-6.286428e-02	-4.303688e+00
6.820000e-06	1.275838e-02	-4.579524e+00
6.830000e-06	1.575854e-01	-4.800530e+00
6.840000e-06	-1.627598e-01	-5.217896e+00
6.850000e-06	1.574505e-01	-5.494061e+00
6.860000e-06	-1.290679e-01	-5.745267e+00
6.870000e-06	4.605644e-02	-6.051579e+00
6.880000e-06	8.588681e-02	-6.272454e+00
6.890000e-06	-7.299241e-02	-6.608366e+00
6.900000e-06	1.382748e-01	-6.791525e+00
6.910000e-06	-1.108080e-01	-7.145632e+00
6.920000e-06	8.718332e-02	-7.408972e+00
6.930000e-06	-3.237368e-02	-7.620525e+00
6.940000e-06	6.560068e-03	-7.944368e+00
6.950000e-06	9.364199e-02	-8.167343e+00
6.960000e-06	-7.286032e-02	-8.408950e+00
6.970000e-06	1.325898e-01	-8.672610e+00
6.980000e-06	-8.027847e-02	-8.934664e+00
6.990000e-06	5.717789e-02	-9.146791e+00
7.000000e-06	-1.270176e-02	-9.366242e+00
7.010000e-06	3.110771e-02	-9.619446e+00
7.020000e-06	6.172295e-02	-9.809447e+00
7.030000e-06	-2.188328e-02	-1.002048e+01
7.040000e-06	8.049996e-02	-1.021998e+01
7.050000e-06	-4.483815e-02	-1.050356e+01
7.060000e-06	8.756427e-02	-1.069306e+01
7.070000e-06	-3.177700e-02	-1.087261e+01
7.080000e-06	6.273944e-02	-1.107256e+01
7.090000e-06	2.383137e-03	-1.128359e+01
7.100000e-06	4.692436e-02	-1.150319e+01
7.110000e-06	2.829547e-02	-1.168416e+01
7.120000e-06	1.720335e-02	-1.192324e+01
7.130000e-06	4.277126e-02	-1.209564e+01
7.140000e-06	1.703545e-02	-1.228216e+01
7.150000e-06	6.144590e-02	-1.242055e+01
7.160000e-06	8.660925e-03	-1.266948e+01
7.170000e-06	5.231338e-02	-1.276795e+01
7.180000e-06	1.573233e-02	-1.294779e+01
7.190000e-06	5.874293e-02	-1.311516e+01
7.200000e-06	2.698912e-02	-1.330205e+01
7.210000e-06	5.092799e-02	-1.337892e+01
7.220000e-06	3.585078e-02	-1.351571e+01
7.230000e-06	5.166210e-02	-1.365511e+01
7.240000e-06	4.518708e-02	-1.383902e+01
7.250000e-06	4.097057e-02	-1.393729e+01
7.260000e-06	4.595116e-02	-1.406263e+01
7.270000e-06	4.774895e-02	-1.419930e+01
7.280000e-06	6.106993e-02	-1.428572e+01
7.290000e-06	5.093376e-02	-1.441003e+01
7.300000e-06	5.886834e-02	-1.449624e+01
7.310000e-06	5.233224e-02	-1.460002e+01
7.320000e-06	6.898369e-02	-1.470421e+01
7.330000e-06	6.037537e-02	-1.478947e+01
7.340000e-06	6.840040e-02	-1.489369e+01
7.350000e-06	6.266067e-02	-1.493727e+01
7.360000e-06	7.646292e-02	-1.502197e+01
7.370000e-06	7.195617e-02	-1.509359e+01
7.380000e-06	7.556455e-02	-1.514682e+01
7.390000e-06	7.498551e-02	-1.516945e+01
7.400000e-06	8.437045e-02	-1.520158e+01
7.410000e-06	9.165364e-02	-1.528259e+01
7.420000e-06	9.094292e-02	-1.528414e+01
7.430000e-06	9.312547e-02	-1.531734e+01
7.440000e-06	9.432769e-02	-1.535837e+01
7.450000e-06	1.051119e-01	-1.540787e+01
7.460000e-06	1.080559e-01	-1.540047e+01
7.470000e-06	1.134627e-01	-1.541147e+01
7.480000e-06	1.173708e-01	-1.540050e+01
7.490000e-06	1.275291e-01	-1.543040e+01
7.500000e-06	1.346860e-01	-1.538845e+01
7.510000e-06	1.402905e-01	-1.538742e+01
7.520000e-06	1.477767e-01	-1.535884e+01
7.530000e-06	1.632555e-01	-1.531532e+01
7.540000e-06	1.822115e-01	-1.532359e+01
7.550000e-06	2.047528e-01	-1.525216e+01
7.560000e-06	2.300241e-01	-1.520053e+01
7.570000e-06	2.477817e-01	-1.517935e+01
7.580000e-06	2.499900e-01	-1.512784e+01
7.590000e-06	2.500000e-01	-1.508416e+01
7.600000e-06	2.500000e-01	-1.499097e+01
7.610000e-06	2.500000e-01	-1.492772e+01
7.620000e-06	2.500000e-01	-1.487466e+01
7.630000e-06	2.499800e-01	-1.476992e+01
7.640000e-06	2.419978e-01	-1.468627e+01
7.650000e-06	2.088053e-01	-1.460096e+01
7.660000e-06	1.815851e-01	-1.451479e+01
7.670000e-06	1.594903e-01	-1.440153e+01
7.680000e-06	1.407552e-01	-1.433529e+01
7.690000e-06	1.216131e-01	-1.422048e+01
7.700000e-06	1.097195e-01	-1.407517e+01
7.710000e-06	9.900402e-02	-1.392939e+01
7.720000e-06	8.960075e-02	-1.386108e+01
7.730000e-06	8.006001e-02	-1.368418e+01
7.740000e-06	7.266534e-02	-1.356782e+01
7.750000e-06	6.810839e-02	-1.343101e+01
7.760000e-06	6.458389e-02	-1.328321e+01
7.770000e-06	5.861638e-02	-1.311529e+01
7.780000e-06	5.261727e-02	-1.297887e+01
7.790000e-06	4.845250e-02	-1.281198e+01
7.800000e-06	4.685685e-02	-1.265463e+01
7.810000e-06	4.385924e-02	-1.249471e+01
7.820000e-06	3.878447e-02	-1.229627e+01
7.830000e-06	3.700080e-02	-1.213539e+01
7.840000e-06	3.544284e-02	-1.192800e+01
7.850000e-06	3.338789e-02	-1.175888e+01
7.860000e-06	3.101486e-02	-1.153737e+01
7.870000e-06	2.805191e-02	-1.128679e+01
7.880000e-06	2.793406e-02	-1.108577e+01
7.890000e-06	2.679034e-02	-1.091469e+01
7.900000e-06	2.482236e-02	-1.072682e+01
7.910000e-06	2.160166e-02	-1.057630e+01
7.920000e-06	2.002471e-02	-1.026679e+01
7.930000e-06	1.979988e-02	-1.003521e+01
7.940000e-06	1.969783e-02	-9.862110e+00
7.950000e-06	1.716897e-02	-9.661637e+00
7.960000e-06	1.628007e-02	-9.389057e+00
7.970000e-06	1.542352e-02	-9.190471e+00
7.980000e-06	1.496356e-02	-8.979475e+00
7.990000e-06	1.246598e-02	-8.748314e+00
8.000000e-06	1.144111e-02	-8.513840e+00
8.010000e-06	1.042440e-02	-8.263134e+00
8.020000e-06	1.096904e-02	-8.031130e+00
8.030000e-06	1.035261e-02	-7.798423e+00
8.040000e-06	8.358721e-03	-7.463636e+00
8.050000e-06	7.597692e-03	-7.240655e+00
8.060000e-06	5.664655e-03	-6.948979e+00
8.070000e-06	6.641497e-03	-6.695744e+00
8.080000e-06	4.718015e-03	-6.473642e+00
8.090000e-06	4.893530e-03	-6.201550e+00
8.100000e-06	3.306099e-03	-5.926366e+00
8.110000e-06	3.640492e-03	-5.664161e+00
8.120000e-06	2.749734e-03	-5.381551e+00
8.130000e-06	1.843178e-03	-5.094665e+00
8.140000e-06	-1.938047e-04	-4.728950e+00
8.150000e-06	1.872324e-03	-4.474715e+00
8.160000e-06	1.108692e-03	-4.232712e+00
8.170000e-06	5.271758e-04	-3.951027e+00
8.180000e-06	-3.029725e-03	-3.694214e+00
8.190000e-06	-2.367101e-03	-3.411604e+00
8.200000e-06	-3.488597e-03	-3.118425e+00
8.210000e-06	-2.408820e-03	-2.803184e+00
8.220000e-06	-4.353871e-03	-2.591500e+00
8.230000e-06	-2.932963e-03	-2.296393e+00
8.240000e-06	-3.940235e-03	-2.000528e+00
8.250000e-06	-3.968200e-03	-1.726421e+00
8.260000e-06	-5.075296e-03	-1.393109e+00
8.270000e-06	-7.488826e-03	-1.086365e+00
8.280000e-06	-6.965707e-03	-8.225053e-01
8.290000e-06	-6.333522e-03	-5.264673e-01
8.300000e-06	-5.754029e-03	-2.537406e-01
8.310000e-06	-5.049104e-03	-1.053126e-02
8.320000e-06	8.030324e-03	3.052592e-01
8.330000e-06	-5.860535e-04	5.578634e-01
8.340000e-06	4.892068e-03	7.994713e-01
8.350000e-06	-1.528810e-03	1.094728e+00
8.360000e-06	1.026104e-03	1.387896e+00
8.370000e-06	-2.476528e-03	1.725178e+00
8.380000e-06	1.068369e-02	1.935863e+00
8.390000e-06	3.678641e-02	2.178791e+00
8.400000e-06	1.103365e-01	2.480054e+00
8.410000e-06	-1.514704e-02	2.809495e+00
8.420000e-06	-3.998393e-02	3.104183e+00
8.430000e-06	-3.648361e-02	3.376818e+00
8.440000e-06	-2.613988e-02	3.652550e+00
8.450000e-06	-7.422405e-02	3.882658e+00
8.460000e-06	-4.891691e-02	4.091529e+00
8.470000e-06	1.117506e-01	4.386842e+00
8.480000e-06	-8.440105e-02	4.674601e+00
8.490000e-06	6.469678e-02	4.884606e+00
8.500000e-06	6.009574e-02	5.252027e+00
8.510000e-06	-1.130699e-01	5.525233e+00
8.520000e-06	6.644088e-02	5.799320e+00
8.530000e-06	-7.182613e-02	6.082655e+00
8.540000e-06	4.816711e-02	6.325159e+00
8.550000e-06	-1.181267e-02	6.607945e+00
8.560000e-06	-3.329982e-02	6.922532e+00
8.570000e-06	2.403148e-02	7.134787e+00
8.580000e-06	-4.836491e-02	7.429792e+00
8.590000e-06	2.905335e-02	7.653133e+00
8.600000e-06	-7.382411e-02	7.956767e+00
8.610000e-06	3.127432e-02	8.178975e+00
8.620000e-06	-1.830362e-03	8.441008e+00
8.630000e-06	-2.350687e-02	8.680529e+00
8.640000e-06	1.024103e-02	8.902579e+00
8.650000e-06	-6.788376e-02	9.106808e+00
8.660000e-06	1.250684e-02	9.356263e+00
8.670000e-06	-2.866088e-02	9.608369e+00
8.680000e-06	7.330709e-03	9.810921e+00
8.690000e-06	-4.273603e-02	1.005100e+01
8.700000e-06	-6.108369e-03	1.024205e+01
8.710000e-06	-1.163560e-02	1.047360e+01
8.720000e-06	-3.040193e-02	1.070348e+01
8.730000e-06	-2.180920e-02	1.087371e+01
8.740000e-06	-4.252043e-02	1.109253e+01
8.750000e-06	-4.335342e-03	1.129413e+01
8.760000e-06	-3.038690e-02	1.152359e+01
8.770000e-06	-2.065883e-02	1.172413e+01
8.780000e-06	-4.600799e-02	1.192411e+01
8.790000e-06	-2.145842e-02	1.210308e+01
8.800000e-06	-2.528664e-02	1.229248e+01
8.810000e-06	-2.817338e-02	1.241707e+01
8.820000e-06	-4.053710e-02	1.262045e+01
8.830000e-06	-4.159987e-02	1.273839e+01
8.840000e-06	-2.820891e-02	1.292266e+01
8.850000e-06	-3.804333e-02	1.309258e+01
8.860000e-06	-4.037113e-02	1.324303e+01
8.870000e-06	-5.062519e-02	1.335697e+01
8.880000e-06	-3.201586e-02	1.353766e+01
8.890000e-06	-4.098738e-02	1.370251e+01
8.900000e-06	-4.657670e-02	1.380930e+01
8.910000e-06	-5.991755e-02	1.394766e+01
8.920000e-06	-5.167882e-02	1.407193e+01
8.930000e-06	-4.831930e-02	1.421897e+01
8.940000e-06	-5.234313e-02	1.434669e+01
8.950000e-06	-6.147468e-02	1.442243e+01
8.960000e-06	-6.202282e-02	1.452521e+01
8.970000e-06	-5.582293e-02	1.464150e+01
8.980000e-06	-6.179363e-02	1.471369e+01
8.990000e-06	-6.821080e-02	1.478145e+01
9.000000e-06	-7.399737e-02	1.488100e+01
9.010000e-06	-6.963511e-02	1.494419e+01
9.020000e-06	-7.136120e-02	1.498987e+01
9.030000e-06	-8.022809e-02	1.506197e+01
9.040000e-06	-8.964553e-02	1.510613e+01
9.050000e-06	-8.951174e-02	1.520724e+01
9.060000e-06	-8.464231e-02	1.521040e+01
9.070000e-06	-9.034779e-02	1.525005e+01
9.080000e-06	-9.763080e-02	1.526406e+01
9.090000e-06	-1.036532e-01	1.531679e+01
9.100000e-06	-1.040615e-01	1.535827e+01
9.110000e-06	-1.087346e-01	1.534872e+01
9.120000e-06	-1.188752e-01	1.536822e+01
9.130000e-06	-1.266873e-01	1.539882e+01
9.140000e-06	-1.281665e-01	1.536037e+01
9.150000e-06	-1.294681e-01	1.534980e+01
9.160000e-06	-1.407921e-01	1.535892e+01
9.170000e-06	-1.551638e-01	1.533822e+01
9.180000e-06	-1.662619e-01	1.534619e+01
9.190000e-06	-1.758935e-01	1.531411e+01
9.200000e-06	-1.949684e-01	1.527269e+01
9.210000e-06	-2.228314e-01	1.521295e+01
9.220000e-06	-2.454655e-01	1.518937e+01
9.230000e-06	-2.499800e-01	1.515577e+01
9.240000e-06	-2.500000e-01	1.510466e+01
9.250000e-06	-2.500000e-01	1.503195e+01
9.260000e-06	-2.500000e-01	1.497731e+01
9.270000e-06	-2.500000e-01	1.493314e+01
9.280000e-06	-2.500000e-01	1.481107e+01
9.290000e-06	-2.499650e-01	1.472679e+01
9.300000e-06	-2.390004e-01	1.466258e+01
9.310000e-06	-2.098971e-01	1.454880e+01
9.320000e-06	-1.794156e-01	1.449466e+01
9.330000e-06	-1.581955e-01	1.438787e+01
9.340000e-06	-1.433498e-01	1.425261e+01
9.350000e-06	-1.302534e-01	1.410732e+01
9.360000e-06	-1.148635e-01	1.403038e+01
9.370000e-06	-1.027476e-01	1.389411e+01
9.380000e-06	-9.546823e-02	1.373829e+01
9.390000e-06	-9.140147e-02	1.358095e+01
9.400000e-06	-8.413535e-02	1.345263e+01
9.410000e-06	-7.522753e-02	1.330524e+01
9.420000e-06	-7.050342e-02	1.319897e+01
9.430000e-06	-6.902093e-02	1.304146e+01
9.440000e-06	-6.543322e-02	1.287521e+01
9.450000e-06	-6.026800e-02	1.272621e+01
9.460000e-06	-5.551348e-02	1.256840e+01
9.470000e-06	-5.375678e-02	1.239045e+01
9.480000e-06	-5.347310e-02	1.224093e+01
9.490000e-06	-4.905868e-02	1.206263e+01
9.500000e-06	-4.559590e-02	1.185308e+01
9.510000e-06	-4.436733e-02	1.163403e+01
9.520000e-06	-4.518349e-02	1.143316e+01
9.530000e-06	-4.378228e-02	1.125058e+01
9.540000e-06	-4.011126e-02	1.105206e+01
9.550000e-06	-3.725200e-02	1.083310e+01
9.560000e-06	-3.735207e-02	1.068451e+01
9.570000e-06	-3.704158e-02	1.041308e+01
9.580000e-06	-3.398431e-02	1.021101e+01
9.590000e-06	-3.274692e-02	9.999971e+00
9.600000e-06	-3.091892e-02	9.798373e+00
9.610000e-06	-3.382849e-02	9.526216e+00
9.620000e-06	-3.081786e-02	9.325740e+00
9.630000e-06	-2.989973e-02	9.094738e+00
9.640000e-06	-2.808072e-02	8.873680e+00
9.650000e-06	-2.995039e-02	8.633508e+00
9.660000e-06	-2.854813e-02	8.409074e+00
9.670000e-06	-2.617757e-02	8.137896e+00
9.680000e-06	-2.495692e-02	7.915265e+00
9.690000e-06	-2.523217e-02	7.653180e+00
9.700000e-06	-2.524711e-02	7.409320e+00
9.710000e-06	-2.362140e-02	7.116684e+00
9.720000e-06	-2.294182e-02	6.866135e+00
9.730000e-06	-2.280581e-02	6.630476e+00
9.740000e-06	-2.292942e-02	6.336845e+00
9.750000e-06	-2.198717e-02	6.064216e+00
9.760000e-06	-2.074157e-02	5.792533e+00
9.770000e-06	-1.949608e-02	5.546894e+00
9.780000e-06	-2.065667e-02	5.294158e+00
9.790000e-06	-2.013239e-02	4.978345e+00
9.800000e-06	-1.937744e-02	4.653659e+00
9.810000e-06	-1.873084e-02	4.390077e+00
9.820000e-06	-1.868292e-02	4.118236e+00
9.830000e-06	-1.804413e-02	3.842033e+00
9.840000e-06	-1.849829e-02	3.567971e+00
9.850000e-06	-1.528430e-02	3.265712e+00
9.860000e-06	-1.572102e-02	2.971000e+00
9.870000e-06	-1.514210e-02	2.808471e+00
9.880000e-06	-1.602073e-02	2.422582e+00
9.890000e-06	-1.375319e-02	2.129449e+00
9.900000e-06	-1.447429e-02	1.914766e+00
9.910000e-06	-1.242437e-02	1.630631e+00
9.920000e-06	-1.409012e-02	1.286292e+00
9.930000e-06	-1.261582e-02	1.000530e+00
9.940000e-06	-1.208688e-02	6.756117e-01
9.950000e-06	-1.110678e-02	4.105252e-01
9.960000e-06	-1.029506e-02	1.143444e-01
9.970000e-06	-5.507164e-03	-1.498433e-01
9.980000e-06	7.069672e-03	-4.084999e-01
9.990000e-06	-3.695012e-03	-7.357332e-01
1.000000e-05	3.504403e-03	-9.558634e-01
1.001000e-05	-3.413303e-03	-1.210550e+00
1.002000e-05	2.870397e-03	-1.566817e+00
1.003000e-05	6.903978e-04	-1.797842e+00
1.004000e-05	3.499049e-02	-2.010424e+00
1.005000e-05	1.251640e-01	-2.243054e+00
1.006000e-05	1.049672e-02	-2.651606e+00
1.007000e-05	-3.565808e-02	-3.072076e+00
1.008000e-05	-2.106412e-02	-3.377340e+00
1.009000e-05	-3.811959e-02	-3.568343e+00
1.010000e-05	-8.989158e-02	-3.797395e+00
1.011000e-05	4.450062e-02	-3.988946e+00
1.012000e-05	9.230377e-02	-4.197946e+00
1.013000e-05	-1.370364e-01	-4.463708e+00
1.014000e-05	1.961058e-01	-4.736838e+00
1.015000e-05	-1.185424e-01	-5.041076e+00
1.016000e-05	5.657766e-02	-5.437949e+00
1.017000e-05	1.574821e-02	-5.642379e+00
1.018000e-05	-1.156941e-01	-5.956343e+00
1.019000e-05	1.762236e-01	-6.147343e+00
1.020000e-05	-1.011318e-01	-6.452556e+00
1.021000e-05	1.137454e-01	-6.716817e+00
1.022000e-05	-3.301132e-02	-6.989399e+00
1.023000e-05	-1.421561e-02	-7.313733e+00
1.024000e-05	7.332253e-02	-7.524741e+00
1.025000e-05	-8.629391e-02	-7.800977e+00
1.026000e-05	1.388132e-01	-8.064708e+00
1.027000e-05	-7.334262e-02	-8.275159e+00
1.028000e-05	8.583700e-02	-8.558417e+00
1.029000e-05	7.014574e-03	-8.800024e+00
1.030000e-05	-3.035496e-02	-9.072580e+00
1.031000e-05	6.545999e-02	-9.221979e+00
1.032000e-05	-4.433534e-02	-9.514686e+00
1.033000e-05	1.135520e-01	-9.736816e+00
1.034000e-05	-4.622022e-02	-9.936263e+00
1.035000e-05	8.541381e-02	-1.013737e+01
1.036000e-05	-2.839369e-02	-1.034882e+01
1.037000e-05	5.151845e-02	-1.056948e+01
1.038000e-05	1.636932e-02	-1.077894e+01
1.039000e-05	1.150191e-02	-1.097942e+01
1.040000e-05	4.918387e-02	-1.116947e+01
1.041000e-05	1.832298e-04	-1.145047e+01
1.042000e-05	6.884383e-02	-1.164105e+01
1.043000e-05	-1.014771e-02	-1.182053e+01
1.044000e-05	6.068869e-02	-1.204153e+01
1.045000e-05	2.638429e-03	-1.221993e+01
1.046000e-05	6.580886e-02	-1.240989e+01
1.047000e-05	1.449971e-02	-1.252729e+01
1.048000e-05	4.236021e-02	-1.274479e+01
1.049000e-05	2.531235e-02	-1.288368e+01
1.050000e-05	4.348327e-02	-1.302201e+01
1.051000e-05	4.366085e-02	-1.317892e+01
1.052000e-05	3.514538e-02	-1.335529e+01
1.053000e-05	5.054681e-02	-1.350474e+01
1.054000e-05	3.595038e-02	-1.361050e+01
1.055000e-05	5.770720e-02	-1.376835e+01
1.056000e-05	3.189607e-02	-1.387461e+01
1.057000e-05	5.158825e-02	-1.400048e+01
1.058000e-05	4.005688e-02	-1.413829e+01
1.059000e-05	6.373838e-02	-1.424418e+01
1.060000e-05	4.959129e-02	-1.439940e+01
1.061000e-05	5.899298e-02	-1.449416e+01
1.062000e-05	5.152412e-02	-1.456035e+01
1.063000e-05	6.549160e-02	-1.466353e+01
1.064000e-05	6.391451e-02	-1.474827e+01
1.065000e-05	6.475368e-02	-1.489255e+01
1.066000e-05	6.518244e-02	-1.492676e+01
1.067000e-05	6.903445e-02	-1.499045e+01
1.068000e-05	7.553251e-02	-1.504203e+01
1.069000e-05	7.267833e-02	-1.513671e+01
1.070000e-05	7.755932e-02	-1.516989e+01
1.071000e-05	7.938940e-02	-1.522000e+01
1.072000e-05	9.199191e-02	-1.523103e+01
1.073000e-05	9.013610e-02	-1.529316e+01
1.074000e-05	9.281311e-02	-1.530532e+01
1.075000e-05	9.226282e-02	-1.533484e+01
1.076000e-05	1.012518e-01	-1.536939e+01
1.077000e-05	1.062676e-01	-1.541050e+01
1.078000e-05	1.113958e-01	-1.539053e+01
1.079000e-05	1.165790e-01	-1.543250e+01
1.080000e-05	1.241667e-01	-1.539988e+01
1.081000e-05	1.337598e-01	-1.542997e+01
1.082000e-05	1.372029e-01	-1.539802e+01
1.083000e-05	1.449513e-01	-1.537694e+01
1.084000e-05	1.563085e-01	-1.536782e+01
1.085000e-05	1.774684e-01	-1.534626e+01
1.086000e-05	1.954014e-01	-1.527616e+01
1.087000e-05	2.204708e-01	-1.523305e+01
1.088000e-05	2.424845e-01	-1.519052e+01
1.089000e-05	2.499650e-01	-1.516789e+01
1.090000e-05	2.500000e-01	-1.508528e+01
1.091000e-05	2.500000e-01	-1.503241e+01
1.092000e-05	2.500000e-01	-1.496842e+01
1.093000e-05	2.500000e-01	-1.488474e+01
1.094000e-05	2.500000e-01	-1.482248e+01
1.095000e-05	2.472799e-01	-1.474682e+01
1.096000e-05	2.220057e-01	-1.464311e+01
1.097000e-05	1.898592e-01	-1.456792e+01
1.098000e-05	1.671667e-01	-1.443309e+01
1.099000e-05	1.467226e-01	-1.436999e+01
1.100000e-05	1.291194e-01	-1.422356e+01
1.101000e-05	1.138797e-01	-1.412679e+01
1.102000e-05	1.023796e-01	-1.400191e+01
1.103000e-05	9.191927e-02	-1.385366e+01
1.104000e-05	8.303996e-02	-1.372584e+01
1.105000e-05	7.505238e-02	-1.360955e+01
1.106000e-05	6.997190e-02	-1.348463e+01
1.107000e-05	6.600299e-02	-1.331675e+01
1.108000e-05	5.972926e-02	-1.315942e+01
1.109000e-05	5.507756e-02	-1.301208e+01
1.110000e-05	4.954949e-02	-1.282418e+01
1.111000e-05	4.770676e-02	-1.271576e+01
1.112000e-05	4.456399e-02	-1.251989e+01
1.113000e-05	4.098251e-02	-1.238048e+01
1.114000e-05	3.783251e-02	-1.220008e+01
1.115000e-05	3.590256e-02	-1.198058e+01
1.116000e-05	3.402737e-02	-1.179056e+01
1.117000e-05	3.095880e-02	-1.163118e+01
1.118000e-05	2.807888e-02	-1.134048e+01
1.119000e-05	2.726031e-02	-1.120745e+01
1.120000e-05	2.719703e-02	-1.096800e+01
1.121000e-05	2.598475e-02	-1.076203e+01
1.122000e-05	2.280103e-02	-1.062098e+01
1.123000e-05	2.047178e-02	-1.039002e+01
1.124000e-05	2.043704e-02	-1.017890e+01
1.125000e-05	1.965071e-02	-9.927368e+00
1.126000e-05	1.713869e-02	-9.728922e+00
1.127000e-05	1.602378e-02	-9.526317e+00
1.128000e-05	1.623043e-02	-9.274713e+00
1.129000e-05	1.573409e-02	-9.041659e+00
1.130000e-05	1.367460e-02	-8.812556e+00
1.131000e-05	1.232955e-02	-8.599525e+00
1.132000e-05	1.099887e-02	-8.318496e+00
1.133000e-05	1.196339e-02	-8.134789e+00
1.134000e-05	1.031807e-02	-7.843709e+00
1.135000e-05	7.982322e-03	-7.547495e+00
1.136000e-05	6.371099e-03	-7.326816e+00
1.137000e-05	6.664420e-03	-7.043213e+00
1.138000e-05	6.865671e-03	-6.800575e+00
1.139000e-05	5.703585e-03	-6.549321e+00
1.140000e-05	4.226978e-03	-6.254835e+00
1.141000e-05	5.056876e-03	-6.012529e+00
1.142000e-05	3.633004e-03	-5.729423e+00
1.143000e-05	3.217303e-03	-5.453759e+00
1.144000e-05	4.892129e-04	-5.200951e+00
1.145000e-05	5.412216e-04	-4.844712e+00
1.146000e-05	1.473899e-03	-4.557520e+00
1.147000e-05	6.377670e-04	-4.348444e+00
1.148000e-05	1.273590e-04	-4.074241e+00
1.149000e-05	-2.073867e-03	-3.771151e+00
1.150000e-05	-1.829944e-03	-3.486867e+00
1.151000e-05	-3.594800e-03	-3.283587e+00
1.152000e-05	-1.654415e-03	-2.878972e+00
1.153000e-05	-4.555883e-03	-2.696716e+00
1.154000e-05	-2.483773e-03	-2.419105e+00
1.155000e-05	-3.810664e-03	-2.108293e+00
1.156000e-05	-3.418153e-03	-1.842685e+00
1.157000e-05	-6.765263e-03	-1.589526e+00
1.158000e-05	-6.229015e-03	-1.252607e+00
1.159000e-05	-7.794764e-03	-9.363659e-01
1.160000e-05	-5.667642e-03	-6.456868e-01
1.161000e-05	-6.038636e-03	-3.294448e-01
1.162000e-05	-5.477325e-03	-1.047669e-01
1.163000e-05	4.685761e-03	1.963710e-01
1.164000e-05	4.154936e-03	4.821029e-01
1.165000e-05	1.493706e-03	7.356592e-01
1.166000e-05	1.493175e-03	1.017291e+00
1.167000e-05	-2.602662e-03	1.272684e+00
1.168000e-05	3.481470e-04	1.618491e+00
1.169000e-05	1.678000e-03	1.862078e+00
1.170000e-05	2.341865e-02	2.082606e+00
1.171000e-05	9.011846e-02	2.335262e+00
1.172000e-05	5.159825e-02	2.722631e+00
1.173000e-05	-5.413057e-02	2.988870e+00
1.174000e-05	-2.803599e-02	3.304505e+00
1.175000e-05	-3.865388e-02	3.567841e+00
1.176000e-05	-4.561818e-02	3.808947e+00
1.177000e-05	-8.317472e-02	3.967444e+00
1.178000e-05	6.548153e-02	4.291101e+00
1.179000e-05	1.969963e-02	4.567892e+00
1.180000e-05	-6.500595e-02	4.799875e+00
1.181000e-05	1.624691e-01	5.104186e+00
1.182000e-05	-1.316219e-01	5.420525e+00
1.183000e-05	3.624377e-02	5.694509e+00
1.184000e-05	-2.904607e-02	6.007867e+00
1.185000e-05	-1.073934e-02	6.229920e+00
1.186000e-05	4.625967e-02	6.504582e+00
1.187000e-05	-6.646134e-02	6.806870e+00
1.188000e-05	3.976686e-02	7.040449e+00
1.189000e-05	-4.889796e-02	7.314655e+00
1.190000e-05	1.974488e-02	7.528393e+00
1.191000e-05	-4.755892e-02	7.871002e+00
1.192000e-05	-1.171780e-02	8.137339e+00
1.193000e-05	3.110354e-02	8.345891e+00
1.194000e-05	-3.587657e-02	8.587847e+00
1.195000e-05	1.345043e-02	8.798820e+00
1.196000e-05	-4.985668e-02	9.040478e+00
1.197000e-05	-2.143735e-02	9.291607e+00
1.198000e-05	-5.085864e-03	9.473659e+00
1.199000e-05	-9.597679e-03	9.704283e+00
1.200000e-05	-1.639178e-02	9.967769e+00
1.201000e-05	-2.981221e-02	1.019829e+01
1.202000e-05	3.325780e-03	1.039989e+01
1.203000e-05	-2.992041e-02	1.058985e+01
1.204000e-05	-2.203231e-02	1.079942e+01
1.205000e-05	-3.881689e-02	1.101087e+01
1.206000e-05	-2.019284e-02	1.121290e+01
1.207000e-05	-1.486078e-02	1.145298e+01
1.208000e-05	-2.739346e-02	1.160243e+01
1.209000e-05	-3.498412e-02	1.182055e+01
1.210000e-05	-3.457758e-02	1.202100e+01
1.211000e-05	-1.889746e-02	1.218932e+01
1.212000e-05	-2.698201e-02	1.236877e+01
1.213000e-05	-3.640609e-02	1.255627e+01
1.214000e-05	-4.371882e-02	1.273528e+01
1.215000e-05	-3.391216e-02	1.288308e+01
1.216000e-05	-3.112408e-02	1.305043e+01
1.217000e-05	-4.190513e-02	1.321732e+01
1.218000e-05	-4.801289e-02	1.331577e+01
1.219000e-05	-3.899822e-02	1.344151e+01
1.220000e-05	-3.395432e-02	1.362147e+01
1.221000e-05	-4.229290e-02	1.376917e+01
1.222000e-05	-5.697653e-02	1.385306e+01
1.223000e-05	-5.563333e-02	1.396990e+01
1.224000e-05	-4.982860e-02	1.417564e+01
1.225000e-05	-4.972993e-02	1.426162e+01
1.226000e-05	-5.960298e-02	1.436998e+01
1.227000e-05	-6.462277e-02	1.447308e+01
1.228000e-05	-5.698241e-02	1.457749e+01
1.229000e-05	-5.724488e-02	1.467316e+01
1.230000e-05	-6.221380e-02	1.476929e+01
1.231000e-05	-7.501183e-02	1.483057e+01
1.232000e-05	-7.174784e-02	1.490359e+01
1.233000e-05	-7.120055e-02	1.497834e+01
1.234000e-05	-7.542113e-02	1.503038e+01
1.235000e-05	-8.695152e-02	1.505461e+01
1.236000e-05	-9.127957e-02	1.514821e+01
1.237000e-05	-8.569610e-02	1.520940e+01
1.238000e-05	-8.662570e-02	1.525100e+01
1.239000e-05	-9.427419e-02	1.527609e+01
1.240000e-05	-1.039806e-01	1.533569e+01
1.241000e-05	-1.033862e-01	1.533824e+01
1.242000e-05	-1.055997e-01	1.533884e+01
1.243000e-05	-1.135280e-01	1.537927e+01
1.244000e-05	-1.255703e-01	1.537130e+01
1.245000e-05	-1.280431e-01	1.538932e+01
1.246000e-05	-1.287695e-01	1.535977e+01
1.247000e-05	-1.356872e-01	1.535027e+01
1.248000e-05	-1.502155e-01	1.534769e+01
1.249000e-05	-1.627769e-01	1.536829e+01
1.250000e-05	-1.721178e-01	1.532569e+01
1.251000e-05	-1.865074e-01	1.527463e+01
1.252000e-05	-2.111405e-01	1.524258e+01
1.253000e-05	-2.400751e-01	1.519040e+01
1.254000e-05	-2.495444e-01	1.517780e+01
1.255000e-05	-2.500000e-01	1.511464e+01
1.256000e-05	-2.500000e-01	1.505258e+01
1.257000e-05	-2.500000e-01	1.500905e+01
1.258000e-05	-2.500000e-01	1.488674e+01
1.259000e-05	-2.500000e-01	1.485157e+01
1.260000e-05	-2.500000e-01	1.475885e+01
1.261000e-05	-2.450747e-01	1.468409e+01
1.262000e-05	-2.232478e-01	1.458943e+01
1.263000e-05	-1.893140e-01	1.451667e+01
1.264000e-05	-1.652232e-01	1.439045e+01
1.265000e-05	-1.460502e-01	1.428314e+01
1.266000e-05	-1.359623e-01	1.417844e+01
1.267000e-05	-1.191992e-01	1.402250e+01
1.268000e-05	-1.075857e-01	1.392676e+01
1.269000e-05	-9.595120e-02	1.376990e+01
1.270000e-05	-9.473649e-02	1.366298e+01
1.271000e-05	-8.659286e-02	1.351629e+01
1.272000e-05	-7.927376e-02	1.339092e+01
1.273000e-05	-7.036502e-02	1.322160e+01
1.274000e-05	-7.001507e-02	1.309266e+01
1.275000e-05	-6.674525e-02	1.291730e+01
1.276000e-05	-6.309481e-02	1.277934e+01
1.277000e-05	-5.580435e-02	1.267300e+01
1.278000e-05	-5.457662e-02	1.244263e+01
1.279000e-05	-5.369859e-02	1.226309e+01
1.280000e-05	-5.113872e-02	1.210674e+01
1.281000e-05	-4.627337e-02	1.196773e+01
1.282000e-05	-4.373281e-02	1.173772e+01
1.283000e-05	-4.481218e-02	1.149779e+01
1.284000e-05	-4.415288e-02	1.133724e+01
1.285000e-05	-4.250545e-02	1.112521e+01
1.286000e-05	-3.670472e-02	1.091577e+01
1.287000e-05	-3.810050e-02	1.071821e+01
1.288000e-05	-3.770338e-02	1.053567e+01
1.289000e-05	-3.596361e-02	1.024476e+01
1.290000e-05	-3.207786e-02	1.006268e+01
1.291000e-05	-3.232264e-02	9.834059e+00
1.292000e-05	-3.354770e-02	9.611128e+00
1.293000e-05	-3.271938e-02	9.409423e+00
1.294000e-05	-2.899157e-02	9.200545e+00
1.295000e-05	-2.779152e-02	8.958792e+00
1.296000e-05	-2.873997e-02	8.695216e+00
1.297000e-05	-2.895217e-02	8.494183e+00
1.298000e-05	-2.790447e-02	8.252638e+00
1.299000e-05	-2.529543e-02	7.999974e+00
1.300000e-05	-2.493190e-02	7.737419e+00
1.301000e-05	-2.676580e-02	7.475234e+00
1.302000e-05	-2.456994e-02	7.180525e+00
1.303000e-05	-2.318341e-02	6.947921e+00
1.304000e-05	-2.193057e-02	6.735290e+00
1.305000e-05	-2.434266e-02	6.430079e+00
1.306000e-05	-2.384260e-02	6.159948e+00
1.307000e-05	-2.075842e-02	5.955814e+00
1.308000e-05	-1.909969e-02	5.704180e+00
1.309000e-05	-1.952032e-02	5.410524e+00
1.310000e-05	-2.062237e-02	5.053214e+00
1.311000e-05	-1.941626e-02	4.747422e+00
1.312000e-05	-1.882734e-02	4.505191e+00
1.313000e-05	-1.797881e-02	4.231134e+00
1.314000e-05	-1.957186e-02	3.926315e+00
1.315000e-05	-1.879692e-02	3.674138e+00
1.316000e-05	-1.687624e-02	3.388550e+00
1.317000e-05	-1.412664e-02	3.125338e+00
1.318000e-05	-1.673797e-02	2.852084e+00
1.319000e-05	-1.692082e-02	2.538493e+00
1.320000e-05	-1.504875e-02	2.263653e+00
1.321000e-05	-1.304026e-02	2.009526e+00
1.322000e-05	-1.305840e-02	1.715373e+00
1.323000e-05	-1.395440e-02	1.421500e+00
1.324000e-05	-1.327463e-02	1.086265e+00
1.325000e-05	-1.271359e-02	7.690474e-01
1.326000e-05	-1.106065e-02	5.062657e-01
1.327000e-05	-1.098304e-02	1.921791e-01
1.328000e-05	-7.476060e-03	-4.260521e-02
1.329000e-05	4.011571e-03	-3.262671e-01
1.330000e-05	3.744433e-04	-5.984723e-01
1.331000e-05	6.756796e-04	-8.731828e-01
1.332000e-05	-1.892280e-03	-1.123787e+00
1.333000e-05	8.867923e-04	-1.423026e+00
1.334000e-05	-3.346539e-04	-1.695210e+00
1.335000e-05	1.877947e-02	-1.885263e+00
1.336000e-05	8.833175e-02	-2.146217e+00
1.337000e-05	8.350504e-02	-2.523685e+00
1.338000e-05	-5.722009e-02	-2.884658e+00
1.339000e-05	3.352521e-04	-3.283159e+00
1.340000e-05	-4.726671e-02	-3.494182e+00
1.341000e-05	-4.864869e-02	-3.684230e+00
1.342000e-05	-6.488787e-02	-3.946766e+00
1.343000e-05	1.722886e-01	-4.084163e+00
1.344000e-05	-1.480791e-01	-4.377920e+00
1.345000e-05	1.180818e-01	-4.664559e+00
1.346000e-05	2.942121e-02	-4.915737e+00
1.347000e-05	-1.051102e-01	-5.323634e+00
1.348000e-05	1.464276e-01	-5.526767e+00
1.349000e-05	-1.753327e-01	-5.819605e+00
1.350000e-05	1.393845e-01	-6.093087e+00
1.351000e-05	-1.660915e-02	-6.315763e+00
1.352000e-05	3.013495e-03	-6.662056e+00
1.353000e-05	8.505293e-02	-6.905087e+00
1.354000e-05	-1.022936e-01	-7.178950e+00
1.355000e-05	1.195422e-01	-7.432604e+00
1.356000e-05	-8.901749e-02	-7.755184e+00
1.357000e-05	8.521773e-02	-7.979906e+00
1.358000e-05	1.757618e-02	-8.220476e+00
1.359000e-05	-1.591630e-02	-8.524209e+00
1.360000e-05	1.055768e-01	-8.725783e+00
1.361000e-05	-9.340423e-02	-8.947894e+00
1.362000e-05	9.139596e-02	-9.188896e+00
1.363000e-05	-5.567637e-02	-9.420950e+00
1.364000e-05	8.929836e-02	-9.643157e+00
1.365000e-05	2.023519e-03	-9.832550e+00
1.366000e-05	2.935604e-02	-1.009466e+01
1.367000e-05	3.794460e-02	-1.027309e+01
1.368000e-05	-1.356493e-02	-1.052736e+01
1.369000e-05	7.320167e-02	-1.069569e+01
1.370000e-05	-3.196316e-02	-1.095479e+01
1.371000e-05	7.492487e-02	-1.113424e+01
1.372000e-05	-1.494905e-02	-1.135774e+01
1.373000e-05	7.141067e-02	-1.157629e+01
1.374000e-05	8.303004e-04	-1.176579e+01
1.375000e-05	4.374130e-02	-1.192675e+01
1.376000e-05	2.041475e-02	-1.215589e+01
1.377000e-05	4.060686e-02	-1.233479e+01
1.378000e-05	4.245989e-02	-1.246411e+01
1.379000e-05	1.906216e-02	-1.267361e+01
1.380000e-05	4.390209e-02	-1.279903e+01
1.381000e-05	2.247194e-02	-1.298945e+01
1.382000e-05	5.816197e-02	-1.313517e+01
1.383000e-05	2.430530e-02	-1.329314e+01
1.384000e-05	5.705646e-02	-1.342300e+01
1.385000e-05	3.153033e-02	-1.355685e+01
1.386000e-05	5.864051e-02	-1.370412e+01
1.387000e-05	3.517731e-02	-1.387156e+01
1.388000e-05	4.813265e-02	-1.395845e+01
1.389000e-05	4.103127e-02	-1.412534e+01
1.390000e-05	5.607725e-02	-1.421997e+01
1.391000e-05	5.637944e-02	-1.433736e+01
1.392000e-05	5.522126e-02	-1.445201e+01
1.393000e-05	5.677791e-02	-1.455617e+01
1.394000e-05	5.756170e-02	-1.466098e+01
1.395000e-05	6.838232e-02	-1.472524e+01
1.396000e-05	6.062436e-02	-1.479098e+01
1.397000e-05	6.831745e-02	-1.488469e+01
1.398000e-05	6.451210e-02	-1.496937e+01
1.399000e-05	7.699751e-02	-1.504196e+01
1.400000e-05	7.064606e-02	-1.508361e+01
1.401000e-05	7.701819e-02	-1.514637e+01
1.402000e-05	7.629216e-02	-1.517995e+01
1.403000e-05	8.948681e-02	-1.519358e+01
1.404000e-05	9.137920e-02	-1.527268e+01
1.405000e-05	9.320464e-02	-1.527521e+01
1.406000e-05	9.230067e-02	-1.532572e+01
1.407000e-05	9.782182e-02	-1.542697e+01
1.408000e-05	1.052001e-01	-1.542935e+01
1.409000e-05	1.078626e-01	-1.540945e+01
1.410000e-05	1.137763e-01	-1.542103e+01
1.411000e-05	1.199903e-01	-1.544050e+01
1.412000e-05	1.306838e-01	-1.543100e+01
1.413000e-05	1.365837e-01	-1.538008e+01
1.414000e-05	1.430745e-01	-1.538900e+01
1.415000e-05	1.516658e-01	-1.536837e+01
1.416000e-05	1.694026e-01	-1.535677e+01
1.417000e-05	1.889149e-01	-1.528429e+01
1.418000e-05	2.103972e-01	-1.524206e+01
1.419000e-05	2.366664e-01	-1.517953e+01
1.420000e-05	2.484287e-01	-1.517692e+01
1.421000e-05	2.500000e-01	-1.513726e+01
1.422000e-05	2.500000e-01	-1.503411e+01
1.423000e-05	2.500000e-01	-1.498948e+01
1.424000e-05	2.500000e-01	-1.492722e+01
1.425000e-05	2.500000e-01	-1.486306e+01
1.426000e-05	2.497700e-01	-1.474839e+01
1.427000e-05	2.359783e-01	-1.469418e+01
1.428000e-05	2.006435e-01	-1.452998e+01
1.429000e-05	1.737961e-01	-1.448626e+01
1.430000e-05	1.527177e-01	-1.437041e+01
1.431000e-05	1.353827e-01	-1.425526e+01
1.432000e-05	1.178705e-01	-1.415985e+01
1.433000e-05	1.055774e-01	-1.405363e+01
1.434000e-05	9.668350e-02	-1.389823e+01
1.435000e-05	8.833957e-02	-1.382950e+01
1.436000e-05	7.885009e-02	-1.363266e+01
1.437000e-05	7.068831e-02	-1.350584e+01
1.438000e-05	6.555879e-02	-1.335935e+01
1.439000e-05	6.239247e-02	-1.321216e+01
1.440000e-05	5.650387e-02	-1.309464e+01
1.441000e-05	5.102167e-02	-1.294579e+01
1.442000e-05	4.757932e-02	-1.274995e+01
1.443000e-05	4.614421e-02	-1.263098e+01
1.444000e-05	4.337967e-02	-1.247366e+01
1.445000e-05	3.868969e-02	-1.226366e+01
1.446000e-05	3.671843e-02	-1.206376e+01
1.447000e-05	3.568727e-02	-1.187624e+01
1.448000e-05	3.220832e-02	-1.170622e+01
1.449000e-05	2.805526e-02	-1.146214e+01
1.450000e-05	2.677015e-02	-1.126516e+01
1.451000e-05	2.652575e-02	-1.104366e+01
1.452000e-05	2.694385e-02	-1.083368e+01
1.453000e-05	2.540923e-02	-1.064311e+01
1.454000e-05	2.184757e-02	-1.044366e+01
1.455000e-05	2.119041e-02	-1.025301e+01
1.456000e-05	2.062809e-02	-1.001170e+01
1.457000e-05	1.889825e-02	-9.781059e+00
1.458000e-05	1.652576e-02	-9.610101e+00
1.459000e-05	1.425050e-02	-9.319425e+00
1.460000e-05	1.593458e-02	-9.136842e+00
1.461000e-05	1.484766e-02	-8.866793e+00
1.462000e-05	1.313761e-02	-8.705186e+00
1.463000e-05	9.835449e-03	-8.432680e+00
1.464000e-05	1.002499e-02	-8.191453e+00
1.465000e-05	1.079865e-02	-7.956473e+00
1.466000e-05	1.126868e-02	-7.635164e+00
1.467000e-05	8.371281e-03	-7.390952e+00
1.468000e-05	6.306569e-03	-7.148448e+00
1.469000e-05	4.357329e-03	-6.886261e+00
1.470000e-05	6.820946e-03	-6.641583e+00
1.471000e-05	3.733297e-03	-6.379029e+00
1.472000e-05	4.226895e-03	-6.055872e+00
1.473000e-05	2.815575e-03	-5.803063e+00
1.474000e-05	5.301425e-03	-5.540005e+00
1.475000e-05	2.365607e-03	-5.266160e+00
1.476000e-05	1.093032e-03	-4.969475e+00
1.477000e-05	-3.024683e-04	-4.634684e+00
1.478000e-05	1.055525e-03	-4.422578e+00
1.479000e-05	1.143340e-03	-4.138953e+00
1.480000e-05	-5.281645e-04	-3.905362e+00
1.481000e-05	-3.136078e-03	-3.631628e+00
1.482000e-05	-2.887517e-03	-3.358898e+00
1.483000e-05	-2.903640e-03	-3.064312e+00
1.484000e-05	-1.948030e-03	-2.779929e+00
1.485000e-05	-3.225887e-03	-2.505313e+00
1.486000e-05	-3.798108e-03	-2.192556e+00
1.487000e-05	-4.123222e-03	-1.917397e+00
1.488000e-05	-4.176344e-03	-1.673312e+00
1.489000e-05	-6.884864e-03	-1.357021e+00
1.490000e-05	-8.903754e-03	-1.032184e+00
1.491000e-05	-6.805915e-03	-7.789473e-01
1.492000e-05	-6.082890e-03	-4.732368e-01
1.493000e-05	-4.565952e-03	-2.125501e-01
1.494000e-05	-1.214851e-03	6.402658e-02
1.495000e-05	8.364355e-03	3.883972e-01
1.496000e-05	-6.463570e-04	6.199738e-01
1.497000e-05	5.289893e-03	9.130805e-01
1.498000e-05	-3.209397e-03	1.237919e+00
1.499000e-05	9.398055e-04	1.442504e+00
1.500000e-05	-2.946055e-03	1.746445e+00
1.501000e-05	1.538380e-02	1.958896e+00
1.502000e-05	5.676487e-02	2.221501e+00
1.503000e-05	9.952701e-02	2.547367e+00
1.504000e-05	-4.605916e-02	2.894232e+00
1.505000e-05	-2.705283e-02	3.157371e+00
1.506000e-05	-4.053952e-02	3.452080e+00
1.507000e-05	-2.578203e-02	3.706709e+00
1.508000e-05	-8.676601e-02	3.937263e+00
1.509000e-05	-5.880811e-03	4.155261e+00
1.510000e-05	1.011016e-01	4.472505e+00
1.511000e-05	-1.199128e-01	4.734838e+00
1.512000e-05	1.445916e-01	4.977865e+00
1.513000e-05	-4.223812e-02	5.324212e+00
1.514000e-05	-5.039531e-02	5.578918e+00
1.515000e-05	3.934454e-02	5.902608e+00
1.516000e-05	-6.442098e-02	6.145682e+00
1.517000e-05	6.672853e-02	6.378367e+00
1.518000e-05	-5.019612e-02	6.662207e+00
1.519000e-05	6.524913e-03	6.927263e+00
1.520000e-05	-9.412421e-03	7.218867e+00
1.521000e-05	-2.285537e-02	7.453501e+00
1.522000e-05	3.154768e-03	7.745816e+00
1.523000e-05	-5.844738e-02	8.060445e+00
1.524000e-05	4.421048e-02	8.315133e+00
1.525000e-05	-2.342941e-02	8.505161e+00
1.526000e-05	-5.315139e-03	8.725135e+00
1.527000e-05	-1.012974e-02	8.956745e+00
1.528000e-05	-5.854888e-02	9.187946e+00
1.529000e-05	1.430679e-02	9.410394e+00
1.530000e-05	-2.996682e-02	9.651053e+00
1.531000e-05	5.143436e-03	9.870627e+00
1.532000e-05	-4.508654e-02	1.011568e+01
1.533000e-05	3.890588e-03	1.032358e+01
1.534000e-05	-2.012538e-02	1.053519e+01
1.535000e-05	-2.682124e-02	1.072524e+01
1.536000e-05	-2.728762e-02	1.093786e+01
1.537000e-05	-3.789028e-02	1.111626e+01
1.538000e-05	-3.648630e-03	1.138672e+01
1.539000e-05	-3.315100e-02	1.157719e+01
1.540000e-05	-2.192232e-02	1.177732e+01
1.541000e-05	-4.656630e-02	1.190679e+01
1.542000e-05	-1.688595e-02	1.214574e+01
1.543000e-05	-2.700877e-02	1.229513e+01
1.544000e-05	-3.055174e-02	1.247363e+01
1.545000e-05	-4.270725e-02	1.266103e+01
1.546000e-05	-3.914429e-02	1.283040e+01
1.547000e-05	-2.652856e-02	1.299727e+01
1.548000e-05	-4.053556e-02	1.310669e+01
1.549000e-05	-4.294991e-02	1.326203e+01
1.550000e-05	-4.817984e-02	1.345097e+01
1.551000e-05	-3.178903e-02	1.356882e+01
1.552000e-05	-4.242499e-02	1.374426e+01
1.553000e-05	-5.055802e-02	1.384040e+01
1.554000e-05	-6.002116e-02	1.398929e+01
1.555000e-05	-4.963114e-02	1.406363e+01
1.556000e-05	-4.696072e-02	1.424005e+01
1.557000e-05	-5.432557e-02	1.433929e+01
1.558000e-05	-6.322794e-02	1.444393e+01
1.559000e-05	-6.274733e-02	1.454729e+01
1.560000e-05	-5.609896e-02	1.462158e+01
1.561000e-05	-6.315232e-02	1.475761e+01
1.562000e-05	-7.094329e-02	1.484849e+01
1.563000e-05	-7.442111e-02	1.488306e+01
1.564000e-05	-6.884362e-02	1.494772e+01
1.565000e-05	-7.180941e-02	1.498045e+01
1.566000e-05	-8.286415e-02	1.509313e+01
1.567000e-05	-9.140894e-02	1.514721e+01
1.568000e-05	-8.903282e-02	1.519030e+01
1.569000e-05	-8.516038e-02	1.523944e+01
1.570000e-05	-9.208475e-02	1.526256e+01
1.571000e-05	-1.016400e-01	1.532566e+01
1.572000e-05	-1.045968e-01	1.535669e+01
1.573000e-05	-1.034557e-01	1.533667e+01
1.574000e-05	-1.098373e-01	1.535927e+01
1.575000e-05	-1.223956e-01	1.537932e+01
1.576000e-05	-1.274923e-01	1.536985e+01
1.577000e-05	-1.284054e-01	1.531935e+01
1.578000e-05	-1.318092e-01	1.536782e+01
1.579000e-05	-1.448307e-01	1.537927e+01
1.580000e-05	-1.598070e-01	1.534627e+01
1.581000e-05	-1.686835e-01	1.534426e+01
1.582000e-05	-1.799582e-01	1.526516e+01
1.583000e-05	-1.997507e-01	1.527413e+01
1.584000e-05	-2.311482e-01	1.522043e+01
1.585000e-05	-2.481816e-01	1.521832e+01
1.586000e-05	-2.499900e-01	1.514674e+01
1.587000e-05	-2.500000e-01	1.507461e+01
1.588000e-05	-2.500000e-01	1.504100e+01
1.589000e-05	-2.500000e-01	1.497734e+01
1.590000e-05	-2.500000e-01	1.486321e+01
1.591000e-05	-2.500000e-01	1.480050e+01
1.592000e-05	-2.490600e-01	1.468777e+01
1.593000e-05	-2.337888e-01	1.462146e+01
1.594000e-05	-2.010008e-01	1.451822e+01
1.595000e-05	-1.729506e-01	1.443010e+01
1.596000e-05	-1.514271e-01	1.434621e+01
1.597000e-05	-1.395719e-01	1.423050e+01
1.598000e-05	-1.269744e-01	1.407471e+01
1.599000e-05	-1.119958e-01	1.395982e+01
1.600000e-05	-1.002476e-01	1.381193e+01
1.601000e-05	-9.363359e-02	1.369621e+01
1.602000e-05	-8.983987e-02	1.356042e+01
1.603000e-05	-8.267239e-02	1.343308e+01
1.604000e-05	-7.339571e-02	1.328376e+01
1.605000e-05	-6.906162e-02	1.315821e+01
1.606000e-05	-6.720720e-02	1.298987e+01
1.607000e-05	-6.467050e-02	1.281055e+01
1.608000e-05	-5.840134e-02	1.270366e+01
1.609000e-05	-5.462979e-02	1.250524e+01
1.610000e-05	-5.418536e-02	1.234881e+01
1.611000e-05	-5.256054e-02	1.218935e+01
1.612000e-05	-4.794730e-02	1.202042e+01
1.613000e-05	-4.482381e-02	1.182040e+01
1.614000e-05	-4.469058e-02	1.161997e+01
1.615000e-05	-4.361495e-02	1.136045e+01
1.616000e-05	-4.281982e-02	1.119997e+01
1.617000e-05	-3.812544e-02	1.100200e+01
1.618000e-05	-3.801977e-02	1.080145e+01
1.619000e-05	-3.759473e-02	1.059095e+01
1.620000e-05	-3.688937e-02	1.035892e+01
1.621000e-05	-3.334459e-02	1.014894e+01
1.622000e-05	-3.229722e-02	9.906387e+00
1.623000e-05	-3.325742e-02	9.695713e+00
1.624000e-05	-3.254180e-02	9.474711e+00
1.625000e-05	-3.057844e-02	9.261632e+00
1.626000e-05	-2.746292e-02	9.014085e+00
1.627000e-05	-2.822559e-02	8.800479e+00
1.628000e-05	-2.979028e-02	8.588896e+00
1.629000e-05	-2.890608e-02	8.348419e+00
1.630000e-05	-2.541157e-02	8.075714e+00
1.631000e-05	-2.498612e-02	7.844081e+00
1.632000e-05	-2.610056e-02	7.588970e+00
1.633000e-05	-2.636973e-02	7.297235e+00
1.634000e-05	-2.271185e-02	7.051653e+00
1.635000e-05	-2.108019e-02	6.780450e+00
1.636000e-05	-2.306740e-02	6.508840e+00
1.637000e-05	-2.458389e-02	6.283685e+00
1.638000e-05	-2.225766e-02	6.041105e+00
1.639000e-05	-2.119904e-02	5.749901e+00
1.640000e-05	-1.986033e-02	5.534689e+00
1.641000e-05	-2.192969e-02	5.190624e+00
1.642000e-05	-1.974859e-02	4.884081e+00
1.643000e-05	-1.635122e-02	4.579973e+00
1.644000e-05	-1.667628e-02	4.337966e+00
1.645000e-05	-1.826097e-02	4.043701e+00
1.646000e-05	-2.046716e-02	3.738820e+00
1.647000e-05	-1.815415e-02	3.515343e+00
1.648000e-05	-1.516819e-02	3.229503e+00
1.649000e-05	-1.611737e-02	2.937868e+00
1.650000e-05	-1.636751e-02	2.704810e+00
1.651000e-05	-1.555023e-02	2.359372e+00
1.652000e-05	-1.132397e-02	2.094762e+00
1.653000e-05	-1.149492e-02	1.853105e+00
1.654000e-05	-1.420599e-02	1.506374e+00
1.655000e-05	-1.541099e-02	1.232578e+00
1.656000e-05	-1.315029e-02	8.761605e-01
1.657000e-05	-1.113432e-02	6.231065e-01
1.658000e-05	-1.117637e-02	3.673947e-01
1.659000e-05	-9.078334e-03	4.413033e-02
1.660000e-05	-2.378221e-03	-1.915288e-01
1.661000e-05	7.525602e-03	-4.730817e-01
1.662000e-05	-1.285959e-03	-7.374487e-01
1.663000e-05	2.907507e-03	-9.994999e-01
1.664000e-05	-4.109596e-03	-1.273263e+00
1.665000e-05	1.425939e-03	-1.580447e+00
1.666000e-05	7.068881e-03	-1.832025e+00
1.667000e-05	5.159260e-02	-2.042057e+00
1.668000e-05	1.267785e-01	-2.339369e+00
1.669000e-05	-3.444753e-02	-2.767316e+00
1.670000e-05	-1.112191e-02	-3.115345e+00
1.671000e-05	-3.871170e-02	-3.421001e+00
1.672000e-05	-3.385040e-02	-3.579453e+00
1.673000e-05	-1.062680e-01	-3.851134e+00
1.674000e-05	1.283647e-01	-4.019527e+00
1.675000e-05	-1.983374e-02	-4.282655e+00
1.676000e-05	-3.688774e-02	-4.578968e+00
1.677000e-05	1.866531e-01	-4.818878e+00
1.678000e-05	-1.684412e-01	-5.116816e+00
1.679000e-05	1.418706e-01	-5.465135e+00
1.680000e-05	-9.677138e-02	-5.715764e+00
1.681000e-05	2.496792e-03	-6.049474e+00
1.682000e-05	1.216870e-01	-6.231050e+00
1.683000e-05	-9.228406e-02	-6.556316e+00
1.684000e-05	1.438200e-01	-6.780421e+00
1.685000e-05	-9.858882e-02	-7.061182e+00
1.686000e-05	6.465439e-02	-7.327792e+00
1.687000e-05	-1.402524e-03	-7.609941e+00
1.688000e-05	-2.318023e-02	-7.885264e+00
1.689000e-05	1.138933e-01	-8.115814e+00
1.690000e-05	-8.436780e-02	-8.418897e+00
1.691000e-05	1.286777e-01	-8.640552e+00
1.692000e-05	-6.347236e-02	-8.853683e+00
1.693000e-05	3.551037e-02	-9.094189e+00
1.694000e-05	1.058036e-02	-9.314184e+00
1.695000e-05	7.833257e-03	-9.580371e+00
1.696000e-05	8.258519e-02	-9.797845e+00
1.697000e-05	-3.511887e-02	-1.003892e+01
1.698000e-05	8.797204e-02	-1.025095e+01
1.699000e-05	-4.796652e-02	-1.042295e+01
1.700000e-05	8.231729e-02	-1.065398e+01
1.701000e-05	-2.248309e-02	-1.085157e+01
1.702000e-05	5.147022e-02	-1.104305e+01
1.703000e-05	1.499364e-02	-1.125001e+01
1.704000e-05	3.450701e-02	-1.147313e+01
1.705000e-05	4.175543e-02	-1.170261e+01
1.706000e-05	7.636372e-03	-1.187520e+01
1.707000e-05	4.967667e-02	-1.206360e+01
1.708000e-05	1.106039e-02	-1.227208e+01
1.709000e-05	6.589569e-02	-1.242105e+01
1.710000e-05	6.859759e-03	-1.261048e+01
1.711000e-05	5.048945e-02	-1.275690e+01
1.712000e-05	1.586426e-02	-1.291574e+01
1.713000e-05	5.585850e-02	-1.306223e+01
1.714000e-05	3.084602e-02	-1.324150e+01
1.715000e-05	4.855123e-02	-1.339845e+01
1.716000e-05	4.021232e-02	-1.350617e+01
1.717000e-05	4.815048e-02	-1.368263e+01
1.718000e-05	4.924195e-02	-1.380137e+01
1.719000e-05	3.770270e-02	-1.390617e+01
1.720000e-05	4.745170e-02	-1.405256e+01
1.721000e-05	4.542054e-02	-1.418895e+01
1.722000e-05	6.274821e-02	-1.429561e+01
1.723000e-05	5.057431e-02	-1.442955e+01
1.724000e-05	5.971035e-02	-1.450464e+01
1.725000e-05	5.265500e-02	-1.459948e+01
1.726000e-05	7.001087e-02	-1.467619e+01
1.727000e-05	6.088784e-02	-1.476887e+01
1.728000e-05	6.727644e-02	-1.486253e+01
1.729000e-05	6.321880e-02	-1.496582e+01
1.730000e-05	7.371681e-02	-1.502192e+01
1.731000e-05	7.313138e-02	-1.508413e+01
1.732000e-05	7.399573e-02	-1.514479e+01
1.733000e-05	7.713015e-02	-1.517837e+01
1.734000e-05	8.348199e-02	-1.522150e+01
1.735000e-05	9.279911e-02	-1.523153e+01
1.736000e-05	8.995426e-02	-1.529624e+01
1.737000e-05	9.419761e-02	-1.532684e+01
1.738000e-05	9.292034e-02	-1.536879e+01
1.739000e-05	1.041839e-01	-1.536787e+01
1.740000e-05	1.061536e-01	-1.538803e+01
1.741000e-05	1.142021e-01	-1.543050e+01
1.742000e-05	1.174783e-01	-1.545102e+01
1.743000e-05	1.281441e-01	-1.541105e+01
1.744000e-05	1.332750e-01	-1.534953e+01
1.745000e-05	1.400613e-01	-1.539035e+01
1.746000e-05	1.472842e-01	-1.535695e+01
1.747000e-05	1.604837e-01	-1.533485e+01
1.748000e-05	1.809381e-01	-1.529382e+01
1.749000e-05	2.012482e-01	-1.527263e+01
1.750000e-05	2.283555e-01	-1.524205e+01
1.751000e-05	2.467386e-01	-1.519997e+01
1.752000e-05	2.500000e-01	-1.514879e+01
1.753000e-05	2.500000e-01	-1.506516e+01
1.754000e-05	2.500000e-01	-1.500203e+01
1.755000e-05	2.500000e-01	-1.493777e+01
1.756000e-05	2.500000e-01	-1.488218e+01
1.757000e-05	2.500000e-01	-1.477890e+01
1.758000e-05	2.434402e-01	-1.471619e+01
1.759000e-05	2.131837e-01	-1.462263e+01
1.760000e-05	1.828012e-01	-1.449540e+01
1.761000e-05	1.612007e-01	-1.441206e+01
1.762000e-05	1.413005e-01	-1.434634e+01
1.763000e-05	1.244309e-01	-1.424298e+01
1.764000e-05	1.098762e-01	-1.408474e+01
1.765000e-05	1.001500e-01	-1.397787e+01
1.766000e-05	8.940004e-02	-1.384351e+01
1.767000e-05	8.122796e-02	-1.369274e+01
1.768000e-05	7.334241e-02	-1.354744e+01
1.769000e-05	6.897304e-02	-1.342243e+01
1.770000e-05	6.437532e-02	-1.329466e+01
1.771000e-05	5.936254e-02	-1.309682e+01
1.772000e-05	5.320753e-02	-1.295093e+01
1.773000e-05	4.870646e-02	-1.282311e+01
1.774000e-05	4.613476e-02	-1.266373e+01
1.775000e-05	4.421955e-02	-1.254529e+01
1.776000e-05	3.970200e-02	-1.233884e+01
1.777000e-05	3.709223e-02	-1.218025e+01
1.778000e-05	3.520235e-02	-1.197150e+01
1.779000e-05	3.305465e-02	-1.179935e+01
1.780000e-05	3.167885e-02	-1.157794e+01
1.781000e-05	2.798238e-02	-1.136737e+01
1.782000e-05	2.705346e-02	-1.108829e+01
1.783000e-05	2.654656e-02	-1.092534e+01
1.784000e-05	2.505709e-02	-1.072722e+01
1.785000e-05	2.253478e-02	-1.054690e+01
1.786000e-05	2.090967e-02	-1.031792e+01
1.787000e-05	1.953191e-02	-1.009524e+01
1.788000e-05	2.001154e-02	-9.844663e+00
1.789000e-05	1.778609e-02	-9.674164e+00
1.790000e-05	1.609257e-02	-9.464133e+00
1.791000e-05	1.627648e-02	-9.221106e+00
1.792000e-05	1.523654e-02	-8.991500e+00
1.793000e-05	1.395665e-02	-8.729347e+00
1.794000e-05	1.142580e-02	-8.517320e+00
1.795000e-05	1.090614e-02	-8.263289e+00
1.796000e-05	1.018892e-02	-8.062705e+00
1.797000e-05	1.067712e-02	-7.769354e+00
1.798000e-05	9.274677e-03	-7.503814e+00
1.799000e-05	8.599356e-03	-7.232108e+00
1.800000e-05	7.344860e-03	-6.971475e+00
1.801000e-05	5.808104e-03	-6.736346e+00
1.802000e-05	4.082447e-03	-6.467239e+00
1.803000e-05	3.986300e-03	-6.211557e+00
1.804000e-05	3.275045e-03	-5.977395e+00
1.805000e-05	3.333669e-03	-5.654267e+00
1.806000e-05	3.110550e-03	-5.370029e+00
1.807000e-05	1.673761e-03	-5.105793e+00
1.808000e-05	1.534338e-03	-4.769974e+00
1.809000e-05	1.047889e-03	-4.505343e+00
1.810000e-05	1.459466e-04	-4.273741e+00
1.811000e-05	5.023735e-04	-3.989576e+00
1.812000e-05	-2.426121e-03	-3.715892e+00
1.813000e-05	-2.619046e-03	-3.433684e+00
1.814000e-05	-4.519421e-03	-3.191476e+00
1.815000e-05	-2.812175e-03	-2.883687e+00
1.816000e-05	-4.243080e-03	-2.591523e+00
1.817000e-05	-2.852916e-03	-2.306899e+00
1.818000e-05	-3.707733e-03	-2.052054e+00
1.819000e-05	-2.881597e-03	-1.748997e+00
1.820000e-05	-6.029172e-03	-1.475339e+00
1.821000e-05	-7.412595e-03	-1.146322e+00
1.822000e-05	-7.909261e-03	-8.542328e-01
1.823000e-05	-8.241736e-03	-5.384511e-01
1.824000e-05	-6.519235e-03	-3.247895e-01
1.825000e-05	-4.718696e-03	-3.002658e-02
1.826000e-05	7.781834e-03	3.031529e-01
1.827000e-05	-1.648884e-05	5.152894e-01
1.828000e-05	4.556672e-03	7.883447e-01
1.829000e-05	-1.761345e-03	1.082599e+00
1.830000e-05	8.745913e-04	1.326767e+00
1.831000e-05	-2.138433e-03	1.682180e+00
1.832000e-05	7.344096e-03	1.925784e+00
1.833000e-05	3.189874e-02	2.156261e+00
1.834000e-05	1.074398e-01	2.418446e+00
1.835000e-05	1.919171e-03	2.787917e+00
1.836000e-05	-4.432199e-02	3.081553e+00
1.837000e-05	-3.281549e-02	3.337288e+00
1.838000e-05	-2.951373e-02	3.661029e+00
1.839000e-05	-6.776295e-02	3.862556e+00
1.840000e-05	-6.201927e-02	4.022629e+00
1.841000e-05	1.045924e-01	4.327664e+00
1.842000e-05	-6.030036e-02	4.651502e+00
1.843000e-05	2.695806e-02	4.871529e+00
1.844000e-05	9.770059e-02	5.219942e+00
1.845000e-05	-1.289981e-01	5.474159e+00
1.846000e-05	6.705994e-02	5.786839e+00
1.847000e-05	-6.628094e-02	6.061551e+00
1.848000e-05	3.536443e-02	6.275109e+00
1.849000e-05	5.101639e-03	6.578366e+00
1.850000e-05	-4.445351e-02	6.852077e+00
1.851000e-05	3.323935e-02	7.133555e+00
1.852000e-05	-5.362924e-02	7.368843e+00
1.853000e-05	3.097302e-02	7.623509e+00
1.854000e-05	-7.151877e-02	7.946662e+00
1.855000e-05	2.233137e-02	8.189367e+00
1.856000e-05	8.492779e-03	8.460451e+00
1.857000e-05	-2.860559e-02	8.641499e+00
1.858000e-05	1.517236e-02	8.863553e+00
1.859000e-05	-6.604689e-02	9.082683e+00
1.860000e-05	5.648031e-03	9.346739e+00
1.861000e-05	-2.562947e-02	9.547342e+00
1.862000e-05	3.456886e-03	9.778870e+00
1.863000e-05	-3.626294e-02	1.003003e+01
1.864000e-05	-1.127147e-02	1.022143e+01
1.865000e-05	-5.323840e-03	1.048198e+01
1.866000e-05	-3.140718e-02	1.065090e+01
1.867000e-05	-2.060190e-02	1.083205e+01
1.868000e-05	-4.215962e-02	1.106255e+01
1.869000e-05	-7.399474e-03	1.128305e+01
1.870000e-05	-2.677721e-02	1.148418e+01
1.871000e-05	-2.129140e-02	1.164560e+01
1.872000e-05	-4.396684e-02	1.187208e+01
1.873000e-05	-2.368529e-02	1.208410e+01
1.874000e-05	-2.431557e-02	1.223350e+01
1.875000e-05	-2.808210e-02	1.239992e+01
1.876000e-05	-4.072446e-02	1.261045e+01
1.877000e-05	-4.155535e-02	1.275729e+01
1.878000e-05	-2.866060e-02	1.288468e+01
1.879000e-05	-3.612829e-02	1.304245e+01
1.880000e-05	-4.074422e-02	1.325042e+01
1.881000e-05	-5.040953e-02	1.334827e+01
1.882000e-05	-3.461783e-02	1.352511e+01
1.883000e-05	-3.882452e-02	1.367105e+01
1.884000e-05	-4.514465e-02	1.378932e+01
1.885000e-05	-5.887945e-02	1.391518e+01
1.886000e-05	-5.237555e-02	1.405203e+01
1.887000e-05	-4.788299e-02	1.418835e+01
1.888000e-05	-5.192529e-02	1.427569e+01
1.889000e-05	-6.139819e-02	1.440940e+01
1.890000e-05	-6.476170e-02	1.454614e+01
1.891000e-05	-5.540471e-02	1.457143e+01
1.892000e-05	-6.030027e-02	1.469368e+01
1.893000e-05	-6.528842e-02	1.481932e+01
1.894000e-05	-7.610521e-02	1.485258e+01
1.895000e-05	-6.952002e-02	1.490674e+01
1.896000e-05	-7.109116e-02	1.489782e+01
1.897000e-05	-7.758609e-02	1.509348e+01
1.898000e-05	-8.977965e-02	1.511418e+01
1.899000e-05	-8.877037e-02	1.515576e+01
1.900000e-05	-8.514632e-02	1.519942e+01
1.901000e-05	-8.925922e-02	1.523108e+01
1.902000e-05	-9.926076e-02	1.528464e+01
1.903000e-05	-1.044980e-01	1.531674e+01
1.904000e-05	-1.038098e-01	1.534727e+01
1.905000e-05	-1.067360e-01	1.535780e+01
1.906000e-05	-1.171683e-01	1.535877e+01
1.907000e-05	-1.254560e-01	1.536030e+01
1.908000e-05	-1.283980e-01	1.538985e+01
1.909000e-05	-1.290688e-01	1.537785e+01
1.910000e-05	-1.400613e-01	1.539777e+01
1.911000e-05	-1.535431e-01	1.533621e+01
1.912000e-05	-1.657850e-01	1.534724e+01
1.913000e-05	-1.737812e-01	1.530566e+01
1.914000e-05	-1.929350e-01	1.533356e+01
1.915000e-05	-2.195558e-01	1.524200e+01
1.916000e-05	-2.440534e-01	1.517897e+01
1.917000e-05	-2.499795e-01	1.519772e+01
1.918000e-05	-2.500000e-01	1.510416e+01
1.919000e-05	-2.500000e-01	1.502050e+01
1.920000e-05	-2.500000e-01	1.498037e+01
1.921000e-05	-2.500000e-01	1.491526e+01
1.922000e-05	-2.500000e-01	1.480158e+01
1.923000e-05	-2.499900e-01	1.474929e+01
1.924000e-05	-2.414952e-01	1.468103e+01
1.925000e-05	-2.137985e-01	1.457085e+01
1.926000e-05	-1.815895e-01	1.449466e+01
1.927000e-05	-1.589656e-01	1.440742e+01
1.928000e-05	-1.430502e-01	1.427471e+01
1.929000e-05	-1.311052e-01	1.413586e+01
1.930000e-05	-1.167193e-01	1.402203e+01
1.931000e-05	-1.038460e-01	1.386466e+01
1.932000e-05	-9.628294e-02	1.375880e+01
1.933000e-05	-9.287768e-02	1.362200e+01
1.934000e-05	-8.584602e-02	1.348421e+01
1.935000e-05	-7.587530e-02	1.335722e+01
1.936000e-05	-6.981169e-02	1.318900e+01
1.937000e-05	-6.867162e-02	1.305350e+01
1.938000e-05	-6.529846e-02	1.286618e+01
1.939000e-05	-6.130320e-02	1.272729e+01
1.940000e-05	-5.480363e-02	1.256945e+01
1.941000e-05	-5.417057e-02	1.241095e+01
1.942000e-05	-5.289895e-02	1.224301e+01
1.943000e-05	-5.045471e-02	1.206459e+01
1.944000e-05	-4.603708e-02	1.186321e+01
1.945000e-05	-4.450044e-02	1.167511e+01
1.946000e-05	-4.540619e-02	1.149311e+01
1.947000e-05	-4.361854e-02	1.126215e+01
1.948000e-05	-4.056917e-02	1.104411e+01
1.949000e-05	-3.710725e-02	1.088421e+01
1.950000e-05	-3.713417e-02	1.067408e+01
1.951000e-05	-3.778085e-02	1.043561e+01
1.952000e-05	-3.535913e-02	1.021300e+01
1.953000e-05	-3.377919e-02	1.001000e+01
1.954000e-05	-3.229678e-02	9.829350e+00
1.955000e-05	-3.431746e-02	9.537370e+00
1.956000e-05	-3.097717e-02	9.356917e+00
1.957000e-05	-2.976917e-02	9.136841e+00
1.958000e-05	-2.739346e-02	8.865236e+00
1.959000e-05	-2.929788e-02	8.633108e+00
1.960000e-05	-2.814496e-02	8.412077e+00
1.961000e-05	-2.762938e-02	8.189903e+00
1.962000e-05	-2.503378e-02	7.905292e+00
1.963000e-05	-2.492575e-02	7.675209e+00
1.964000e-05	-2.578213e-02	7.411403e+00
1.965000e-05	-2.400189e-02	7.168347e+00
1.966000e-05	-2.288328e-02	6.895716e+00
1.967000e-05	-2.188903e-02	6.622081e+00
1.968000e-05	-2.430117e-02	6.346873e+00
1.969000e-05	-2.280197e-02	6.127268e+00
1.970000e-05	-2.103242e-02	5.882810e+00
1.971000e-05	-1.933234e-02	5.577448e+00
1.972000e-05	-1.983701e-02	5.297264e+00
1.973000e-05	-2.042681e-02	5.017850e+00
1.974000e-05	-1.981502e-02	4.694714e+00
1.975000e-05	-1.917168e-02	4.442080e+00
1.976000e-05	-1.828282e-02	4.107292e+00
1.977000e-05	-1.870448e-02	3.885659e+00
1.978000e-05	-1.692046e-02	3.631100e+00
1.979000e-05	-1.578360e-02	3.367766e+00
1.980000e-05	-1.486086e-02	3.022633e+00
1.981000e-05	-1.689328e-02	2.771474e+00
1.982000e-05	-1.612695e-02	2.464139e+00
1.983000e-05	-1.541097e-02	2.170474e+00
1.984000e-05	-1.349055e-02	1.937465e+00
1.985000e-05	-1.296277e-02	1.631184e+00
1.986000e-05	-1.362380e-02	1.326317e+00
1.987000e-05	-1.346367e-02	1.011049e+00
1.988000e-05	-1.144602e-02	7.073920e-01
1.989000e-05	-1.140415e-02	4.216565e-01
1.990000e-05	-9.603437e-03	1.469185e-01
1.991000e-05	-7.749354e-03	-1.362671e-01
1.992000e-05	7.872433e-03	-3.893462e-01
1.993000e-05	-3.381558e-03	-6.621364e-01
1.994000e-05	4.328036e-03	-9.148159e-01
1.995000e-05	-3.973266e-03	-1.180420e+00
1.996000e-05	3.022599e-03	-1.516166e+00
1.997000e-05	9.656042e-04	-1.747317e+00
1.998000e-05	3.088220e-02	-1.998921e+00
1.999000e-05	1.164489e-01	-2.209974e+00
2.000000e-05	3.089619e-02	-2.609996e+00
2.001000e-05	-4.302179e-02	-3.071074e+00
2.002000e-05	-1.223691e-02	-3.333810e+00
2.003000e-05	-4.207346e-02	-3.535764e+00
2.004000e-05	-7.988036e-02	-3.786317e+00
2.005000e-05	1.130954e-02	-4.017922e+00
2.006000e-05	1.268742e-01	-4.136342e+00
2.007000e-05	-1.562893e-01	-4.493608e+00
2.008000e-05	1.820232e-01	-4.756369e+00
2.009000e-05	-8.902139e-02	-4.978925e+00
2.010000e-05	1.453495e-02	-5.359946e+00
2.011000e-05	6.153148e-02	-5.600454e+00
2.012000e-05	-1.478169e-01	-5.955738e+00
2.013000e-05	1.804648e-01	-6.196292e+00
2.014000e-05	-8.886396e-02	-6.450499e+00
2.015000e-05	9.056094e-02	-6.685291e+00
2.016000e-05	2.091622e-04	-6.977668e+00
2.017000e-05	-4.419457e-02	-7.274154e+00
2.018000e-05	9.482125e-02	-7.484692e+00
2.019000e-05	-9.680907e-02	-7.807973e+00
2.020000e-05	1.343536e-01	-8.073080e+00
2.021000e-05	-5.409042e-02	-8.283635e+00
2.022000e-05	5.824771e-02	-8.577768e+00
2.023000e-05	3.685192e-02	-8.788399e+00
2.024000e-05	-5.505948e-02	-9.013054e+00
2.025000e-05	7.938240e-02	-9.229929e+00
2.026000e-05	-5.792644e-02	-9.462631e+00
2.027000e-05	1.152278e-01	-9.745261e+00
2.028000e-05	-3.853908e-02	-9.935739e+00
2.029000e-05	7.611374e-02	-1.013729e+01
2.030000e-05	-1.092023e-02	-1.033729e+01
2.031000e-05	3.326651e-02	-1.060943e+01
2.032000e-05	3.298035e-02	-1.079794e+01
2.033000e-05	-4.820120e-03	-1.099945e+01
2.034000e-05	5.933165e-02	-1.114787e+01
2.035000e-05	-9.584409e-03	-1.143048e+01
2.036000e-05	7.286303e-02	-1.160895e+01
2.037000e-05	-9.996149e-03	-1.181990e+01
2.038000e-05	6.061710e-02	-1.202950e+01
2.039000e-05	6.359438e-03	-1.216943e+01
2.040000e-05	6.110507e-02	-1.237837e+01
2.041000e-05	2.044084e-02	-1.256466e+01
2.042000e-05	3.544162e-02	-1.272419e+01
2.043000e-05	2.982753e-02	-1.287264e+01
2.044000e-05	3.512644e-02	-1.306160e+01
2.045000e-05	4.788207e-02	-1.316842e+01
2.046000e-05	3.181388e-02	-1.334519e+01
2.047000e-05	5.419081e-02	-1.349263e+01
2.048000e-05	3.494480e-02	-1.361935e+01
2.049000e-05	6.038033e-02	-1.374639e+01
2.050000e-05	3.342865e-02	-1.389416e+01
2.051000e-05	5.101270e-02	-1.402998e+01
2.052000e-05	3.878189e-02	-1.413722e+01
2.053000e-05	6.099628e-02	-1.423258e+01
2.054000e-05	5.094545e-02	-1.437890e+01
2.055000e-05	5.892803e-02	-1.447311e+01
2.056000e-05	5.335532e-02	-1.456730e+01
2.057000e-05	6.435419e-02	-1.469311e+01
2.058000e-05	6.490781e-02	-1.475677e+01
2.059000e-05	6.366868e-02	-1.486103e+01
2.060000e-05	6.715281e-02	-1.490374e+01
2.061000e-05	6.884855e-02	-1.497033e+01
2.062000e-05	7.612975e-02	-1.504208e+01
2.063000e-05	7.105630e-02	-1.511664e+01
2.064000e-05	7.682602e-02	-1.515783e+01
2.065000e-05	7.802037e-02	-1.521192e+01
2.066000e-05	9.175551e-02	-1.524203e+01
2.067000e-05	9.140027e-02	-1.529274e+01
2.068000e-05	9.425993e-02	-1.533471e+01
2.069000e-05	9.490401e-02	-1.533530e+01
2.070000e-05	1.003034e-01	-1.537744e+01
2.071000e-05	1.055802e-01	-1.539645e+01
2.072000e-05	1.082776e-01	-1.541045e+01
2.073000e-05	1.157192e-01	-1.543052e+01
2.074000e-05	1.224387e-01	-1.541050e+01
2.075000e-05	1.335425e-01	-1.538898e+01
2.076000e-05	1.377879e-01	-1.537890e+01
2.077000e-05	1.462138e-01	-1.533787e+01
2.078000e-05	1.559496e-01	-1.538940e+01
2.079000e-05	1.745280e-01	-1.536687e+01
2.080000e-05	1.911211e-01	-1.530418e+01
2.081000e-05	2.163799e-01	-1.523351e+01
2.082000e-05	2.405017e-01	-1.519103e+01
2.083000e-05	2.499599e-01	-1.516730e+01
2.084000e-05	2.500000e-01	-1.509674e+01
2.085000e-05	2.500000e-01	-1.503260e+01
2.086000e-05	2.500000e-01	-1.496985e+01
2.087000e-05	2.500000e-01	-1.490577e+01
2.088000e-05	2.500000e-01	-1.484298e+01
2.089000e-05	2.479049e-01	-1.473849e+01
2.090000e-05	2.215157e-01	-1.467368e+01
2.091000e-05	1.915667e-01	-1.457940e+01
2.092000e-05	1.648785e-01	-1.445315e+01
2.093000e-05	1.478622e-01	-1.437837e+01
2.094000e-05	1.320603e-01	-1.425566e+01
2.095000e-05	1.183646e-01	-1.414777e+01
2.096000e-05	1.044695e-01	-1.400893e+01
2.097000e-05	9.476413e-02	-1.388631e+01
2.098000e-05	8.149737e-02	-1.376784e+01
2.099000e-05	7.502760e-02	-1.362258e+01
2.100000e-05	6.609573e-02	-1.346371e+01
2.101000e-05	6.555935e-02	-1.334787e+01
2.102000e-05	5.898084e-02	-1.319047e+01
2.103000e-05	5.830241e-02	-1.304203e+01
2.104000e-05	5.076415e-02	-1.290469e+01
2.105000e-05	4.925614e-02	-1.274725e+01
2.106000e-05	4.421054e-02	-1.258945e+01
2.107000e-05	4.053778e-02	-1.241000e+01
2.108000e-05	3.688837e-02	-1.223163e+01
2.109000e-05	3.672123e-02	-1.201258e+01
2.110000e-05	3.364426e-02	-1.185158e+01
2.111000e-05	3.222545e-02	-1.165313e+01
2.112000e-05	2.879028e-02	-1.142111e+01
2.113000e-05	2.739350e-02	-1.118938e+01
2.114000e-05	2.693921e-02	-1.099203e+01
2.115000e-05	2.614826e-02	-1.081111e+01
2.116000e-05	2.363316e-02	-1.062006e+01
2.117000e-05	2.085338e-02	-1.038153e+01
2.118000e-05	2.046021e-02	-1.017941e+01
2.119000e-05	1.936485e-02	-9.937895e+00
2.120000e-05	1.695148e-02	-9.778951e+00
2.121000e-05	1.700114e-02	-9.527915e+00
2.122000e-05	1.609294e-02	-9.276246e+00
2.123000e-05	1.648049e-02	-9.074211e+00
2.124000e-05	1.478043e-02	-8.859659e+00
2.125000e-05	1.238612e-02	-8.600085e+00
2.126000e-05	1.104738e-02	-8.347897e+00
2.127000e-05	1.082102e-02	-8.146847e+00
2.128000e-05	1.012357e-02	-7.894666e+00
2.129000e-05	9.135501e-03	-7.559505e+00
2.130000e-05	7.362879e-03	-7.337351e+00
2.131000e-05	7.171110e-03	-7.063262e+00
2.132000e-05	6.115368e-03	-6.813029e+00
2.133000e-05	6.419377e-03	-6.550025e+00
2.134000e-05	3.320072e-03	-6.257767e+00
2.135000e-05	5.112483e-03	-6.042162e+00
2.136000e-05	3.429074e-03	-5.759076e+00
2.137000e-05	4.301585e-03	-5.494288e+00
2.138000e-05	4.924413e-04	-5.172059e+00
2.139000e-05	4.690820e-04	-4.865841e+00
2.140000e-05	1.077063e-03	-4.547552e+00
2.141000e-05	1.063483e-03	-4.380921e+00
2.142000e-05	3.578559e-04	-4.096766e+00
2.143000e-05	-2.506494e-03	-3.822654e+00
2.144000e-05	-1.241384e-03	-3.505895e+00
2.145000e-05	-4.134844e-03	-3.264216e+00
2.146000e-05	-2.174853e-03	-2.962050e+00
2.147000e-05	-5.191320e-03	-2.705347e+00
2.148000e-05	-2.913467e-03	-2.449685e+00
2.149000e-05	-3.969511e-03	-2.117425e+00
2.150000e-05	-3.108221e-03	-1.864692e+00
2.151000e-05	-7.053441e-03	-1.591030e+00
2.152000e-05	-5.313499e-03	-1.283159e+00
2.153000e-05	-7.054277e-03	-9.489973e-01
2.154000e-05	-6.750016e-03	-6.943909e-01
2.155000e-05	-7.785270e-03	-3.605275e-01
2.156000e-05	-6.709758e-03	-9.582210e-02
2.157000e-05	2.836553e-03	1.862632e-01
2.158000e-05	6.403923e-03	4.615540e-01
2.159000e-05	-1.883373e-05	7.046580e-01
2.160000e-05	2.422312e-03	9.663395e-01
2.161000e-05	-2.813168e-03	1.272004e+00
2.162000e-05	1.884251e-03	1.546339e+00
2.163000e-05	-5.481897e-04	1.850499e+00
2.164000e-05	1.959709e-02	2.032055e+00
2.165000e-05	8.037243e-02	2.303184e+00
2.166000e-05	6.768919e-02	2.712029e+00
2.167000e-05	-5.620452e-02	2.966317e+00
2.168000e-05	-2.637445e-02	3.261973e+00
2.169000e-05	-4.114901e-02	3.546338e+00
2.170000e-05	-3.698454e-02	3.787917e+00
2.171000e-05	-8.704467e-02	3.979845e+00
2.172000e-05	4.635753e-02	4.210372e+00
2.173000e-05	4.721622e-02	4.566313e+00
2.174000e-05	-9.232464e-02	4.787947e+00
2.175000e-05	1.704634e-01	5.052526e+00
2.176000e-05	-1.179568e-01	5.399501e+00
2.177000e-05	1.629038e-02	5.652527e+00
2.178000e-05	-9.775728e-03	5.976311e+00
2.179000e-05	-2.859962e-02	6.167867e+00
2.180000e-05	5.882379e-02	6.432079e+00
2.181000e-05	-6.765415e-02	6.757317e+00
2.182000e-05	3.686862e-02	7.030372e+00
2.183000e-05	-4.204217e-02	7.243052e+00
2.184000e-05	1.106135e-02	7.543265e+00
2.185000e-05	-3.458580e-02	7.849520e+00
2.186000e-05	-2.638432e-02	8.074060e+00
2.187000e-05	3.743318e-02	8.334740e+00
2.188000e-05	-3.545121e-02	8.567364e+00
2.189000e-05	9.885172e-03	8.816893e+00
2.190000e-05	-3.728724e-02	9.020896e+00
2.191000e-05	-3.257226e-02	9.281558e+00
2.192000e-05	1.368541e-03	9.503528e+00
2.193000e-05	-1.631319e-02	9.705607e+00
2.194000e-05	-8.521879e-03	9.938834e+00
2.195000e-05	-3.487758e-02	1.014779e+01
2.196000e-05	6.023265e-03	1.037847e+01
2.197000e-05	-2.839559e-02	1.059783e+01
2.198000e-05	-2.362890e-02	1.076882e+01
2.199000e-05	-3.539436e-02	1.101887e+01
2.200000e-05	-2.645102e-02	1.121894e+01
2.201000e-05	-1.112756e-02	1.144992e+01
2.202000e-05	-2.971970e-02	1.161992e+01
2.203000e-05	-2.925704e-02	1.186147e+01
2.204000e-05	-3.709106e-02	1.202845e+01
2.205000e-05	-1.693783e-02	1.219790e+01
2.206000e-05	-2.907914e-02	1.238676e+01
2.207000e-05	-3.516787e-02	1.256521e+01
2.208000e-05	-4.510424e-02	1.268271e+01
2.209000e-05	-3.542010e-02	1.287155e+01
2.210000e-05	-3.017367e-02	1.297982e+01
2.211000e-05	-4.135073e-02	1.318629e+01
2.212000e-05	-4.574875e-02	1.330466e+01
2.213000e-05	-4.137999e-02	1.350365e+01
2.214000e-05	-3.353886e-02	1.360989e+01
2.215000e-05	-4.276153e-02	1.373629e+01
2.216000e-05	-5.590725e-02	1.388463e+01
2.217000e-05	-5.720764e-02	1.402945e+01
2.218000e-05	-5.025470e-02	1.411529e+01
2.219000e-05	-4.837788e-02	1.430353e+01
2.220000e-05	-5.906485e-02	1.439882e+01
2.221000e-05	-6.339976e-02	1.447566e+01
2.222000e-05	-5.866900e-02	1.455742e+01
2.223000e-05	-5.665213e-02	1.461106e+01
2.224000e-05	-6.283429e-02	1.479584e+01
2.225000e-05	-7.367814e-02	1.486458e+01
2.226000e-05	-7.370006e-02	1.491269e+01
2.227000e-05	-7.025945e-02	1.495824e+01
2.228000e-05	-7.457066e-02	1.503048e+01
2.229000e-05	-8.534538e-02	1.512361e+01
2.230000e-05	-9.183590e-02	1.514671e+01
2.231000e-05	-8.582959e-02	1.520939e+01
2.232000e-05	-8.677822e-02	1.524095e+01
2.233000e-05	-9.257033e-02	1.530401e+01
2.234000e-05	-1.038526e-01	1.532666e+01
2.235000e-05	-1.034514e-01	1.534672e+01
2.236000e-05	-1.065888e-01	1.537826e+01
2.237000e-05	-1.120403e-01	1.536837e+01
2.238000e-05	-1.244447e-01	1.540032e+01
2.239000e-05	-1.271160e-01	1.538985e+01
2.240000e-05	-1.292823e-01	1.539892e+01
2.241000e-05	-1.338563e-01	1.535927e+01
2.242000e-05	-1.482878e-01	1.535925e+01
2.243000e-05	-1.623196e-01	1.533732e+01
2.244000e-05	-1.705251e-01	1.530519e+01
2.245000e-05	-1.840585e-01	1.528471e+01
2.246000e-05	-2.079249e-01	1.524260e+01
2.247000e-05	-2.380694e-01	1.519805e+01
2.248000e-05	-2.494481e-01	1.513835e+01
2.249000e-05	-2.500000e-01	1.511621e+01
2.250000e-05	-2.500000e-01	1.509361e+01
2.251000e-05	-2.500000e-01	1.499985e+01
2.252000e-05	-2.500000e-01	1.492529e+01
2.253000e-05	-2.500000e-01	1.488361e+01
2.254000e-05	-2.500000e-01	1.477994e+01
2.255000e-05	-2.475249e-01	1.468461e+01
2.256000e-05	-2.262119e-01	1.458997e+01
2.257000e-05	-1.915531e-01	1.452729e+01
2.258000e-05	-1.662619e-01	1.439253e+01
2.259000e-05	-1.480890e-01	1.431369e+01
2.260000e-05	-1.370176e-01	1.419045e+01
2.261000e-05	-1.215998e-01	1.408213e+01
2.262000e-05	-1.074214e-01	1.392784e+01
2.263000e-05	-9.699104e-02	1.382038e+01
2.264000e-05	-9.400201e-02	1.368308e+01
2.265000e-05	-8.816075e-02	1.352724e+01
2.266000e-05	-7.911218e-02	1.342143e+01
2.267000e-05	-7.091376e-02	1.325208e+01
2.268000e-05	-6.979782e-02	1.313619e+01
2.269000e-05	-6.759022e-02	1.294787e+01
2.270000e-05	-6.261603e-02	1.277790e+01
2.271000e-05	-5.595938e-02	1.262296e+01
2.272000e-05	-5.435573e-02	1.246263e+01
2.273000e-05	-5.418711e-02	1.232526e+01
2.274000e-05	-5.193674e-02	1.213579e+01
2.275000e-05	-4.614015e-02	1.192626e+01
2.276000e-05	-4.351923e-02	1.177042e+01
2.277000e-05	-4.541000e-02	1.156639e+01
2.278000e-05	-4.469229e-02	1.134680e+01
2.279000e-05	-4.224968e-02	1.111684e+01
2.280000e-05	-3.761937e-02	1.092732e+01
2.281000e-05	-3.835648e-02	1.075894e+01
2.282000e-05	-3.755258e-02	1.052779e+01
2.283000e-05	-3.632318e-02	1.030534e+01
2.284000e-05	-3.289843e-02	1.009273e+01
2.285000e-05	-3.200056e-02	9.853558e+00
2.286000e-05	-3.336321e-02	9.642630e+00
2.287000e-05	-3.288133e-02	9.421955e+00
2.288000e-05	-3.013558e-02	9.178969e+00
2.289000e-05	-2.839949e-02	9.028875e+00
2.290000e-05	-2.909988e-02	8.766790e+00
2.291000e-05	-2.948341e-02	8.526266e+00
2.292000e-05	-2.812809e-02	8.274761e+00
2.293000e-05	-2.478151e-02	8.031478e+00
2.294000e-05	-2.521550e-02	7.779420e+00
2.295000e-05	-2.593350e-02	7.505314e+00
2.296000e-05	-2.579232e-02	7.221605e+00
2.297000e-05	-2.356223e-02	6.969946e+00
2.298000e-05	-2.232442e-02	6.725838e+00
2.299000e-05	-2.291137e-02	6.435183e+00
2.300000e-05	-2.317295e-02	6.190499e+00
2.301000e-05	-2.117528e-02	5.929450e+00
2.302000e-05	-2.008679e-02	5.713133e+00
2.303000e-05	-1.997275e-02	5.381051e+00
2.304000e-05	-2.024925e-02	5.087243e+00
2.305000e-05	-2.039384e-02	4.767495e+00
2.306000e-05	-1.853820e-02	4.536293e+00
2.307000e-05	-1.806939e-02	4.251658e+00
2.308000e-05	-1.872151e-02	3.947420e+00
2.309000e-05	-1.807174e-02	3.706214e+00
2.310000e-05	-1.716068e-02	3.430108e+00
2.311000e-05	-1.433195e-02	3.136841e+00
2.312000e-05	-1.583431e-02	2.883680e+00
2.313000e-05	-1.599601e-02	2.570978e+00
2.314000e-05	-1.565735e-02	2.294786e+00
2.315000e-05	-1.369518e-02	2.032580e+00
2.316000e-05	-1.333067e-02	1.737944e+00
2.317000e-05	-1.386842e-02	1.431132e+00
2.318000e-05	-1.308028e-02	1.146845e+00
2.319000e-05	-1.201072e-02	8.315801e-01
2.320000e-05	-1.097445e-02	5.568947e-01
2.321000e-05	-1.024463e-02	2.546831e-01
2.322000e-05	-8.723302e-03	-4.255394e-02
2.323000e-05	2.001131e-03	-2.847355e-01
2.324000e-05	1.885233e-03	-5.278170e-01
2.325000e-05	-4.632395e-05	-8.300064e-01
2.326000e-05	-2.550278e-04	-1.095213e+00
2.327000e-05	-7.267784e-04	-1.439373e+00
2.328000e-05	3.932333e-04	-1.633679e+00
2.329000e-05	1.535874e-02	-1.884184e+00
2.330000e-05	7.770671e-02	-2.122784e+00
2.331000e-05	1.011831e-01	-2.463529e+00
2.332000e-05	-5.588756e-02	-2.903633e+00
2.333000e-05	5.355508e-04	-3.261556e+00
2.334000e-05	-4.794959e-02	-3.483157e+00
2.335000e-05	-4.286550e-02	-3.663079e+00
2.336000e-05	-8.523067e-02	-3.935738e+00
2.337000e-05	1.722298e-01	-4.084133e+00
2.338000e-05	-1.199772e-01	-4.316293e+00
2.339000e-05	8.489031e-02	-4.672603e+00
2.340000e-05	8.243039e-02	-4.874112e+00
2.341000e-05	-1.391250e-01	-5.272555e+00
2.342000e-05	1.600279e-01	-5.465335e+00
2.343000e-05	-1.685028e-01	-5.799399e+00
2.344000e-05	1.087561e-01	-6.123613e+00
2.345000e-05	1.980886e-02	-6.293687e+00
2.346000e-05	-2.875088e-02	-6.631003e+00
2.347000e-05	1.109399e-01	-6.833080e+00
2.348000e-05	-1.118669e-01	-7.136393e+00
2.349000e-05	1.142138e-01	-7.409979e+00
2.350000e-05	-7.240464e-02	-7.673608e+00
2.351000e-05	5.575606e-02	-7.967869e+00
2.352000e-05	4.675428e-02	-8.178946e+00
2.353000e-05	-4.121486e-02	-8.493079e+00
2.354000e-05	1.224262e-01	-8.692059e+00
2.355000e-05	-9.535219e-02	-8.947318e+00
2.356000e-05	8.197223e-02	-9.177895e+00
2.357000e-05	-4.197593e-02	-9.408821e+00
2.358000e-05	6.882308e-02	-9.602530e+00
2.359000e-05	2.464613e-02	-9.821526e+00
2.360000e-05	7.857588e-03	-1.006370e+01
2.361000e-05	5.738962e-02	-1.024166e+01
2.362000e-05	-2.863542e-02	-1.053281e+01
2.363000e-05	8.274357e-02	-1.068566e+01
2.364000e-05	-3.748837e-02	-1.092519e+01
2.365000e-05	7.382002e-02	-1.106274e+01
2.366000e-05	-1.139460e-02	-1.132619e+01
2.367000e-05	6.502375e-02	-1.153579e+01
2.368000e-05	1.007038e-02	-1.173423e+01
2.369000e-05	3.428218e-02	-1.197587e+01
2.370000e-05	2.918887e-02	-1.211624e+01
2.371000e-05	3.194415e-02	-1.232371e+01
2.372000e-05	5.132731e-02	-1.247213e+01
2.373000e-05	1.396461e-02	-1.264351e+01
2.374000e-05	4.797222e-02	-1.277952e+01
2.375000e-05	1.869388e-02	-1.294894e+01
2.376000e-05	6.011095e-02	-1.314471e+01
2.377000e-05	2.436394e-02	-1.327159e+01
2.378000e-05	5.600827e-02	-1.339145e+01
2.379000e-05	3.272771e-02	-1.355684e+01
2.380000e-05	5.679300e-02	-1.368411e+01
2.381000e-05	3.870194e-02	-1.383255e+01
2.382000e-05	4.532527e-02	-1.402679e+01
2.383000e-05	4.341031e-02	-1.411363e+01
2.384000e-05	5.336440e-02	-1.420033e+01
2.385000e-05	5.873121e-02	-1.431519e+01
2.386000e-05	5.298489e-02	-1.443103e+01
2.387000e-05	5.849052e-02	-1.450822e+01
2.388000e-05	5.536726e-02	-1.462108e+01
2.389000e-05	6.930424e-02	-1.471516e+01
2.390000e-05	5.992136e-02	-1.483040e+01
2.391000e-05	6.886690e-02	-1.491421e+01
2.392000e-05	6.434360e-02	-1.493829e+01
2.393000e-05	7.791153e-02	-1.501255e+01
2.394000e-05	7.132554e-02	-1.507268e+01
2.395000e-05	7.588987e-02	-1.516774e+01
2.396000e-05	7.626752e-02	-1.519040e+01
2.397000e-05	8.746555e-02	-1.523156e+01
2.398000e-05	9.128602e-02	-1.526269e+01
2.399000e-05	9.182006e-02	-1.530519e+01
2.400000e-05	9.376214e-02	-1.533722e+01
2.401000e-05	9.690161e-02	-1.538697e+01
2.402000e-05	1.058398e-01	-1.536045e+01
2.403000e-05	1.066688e-01	-1.539943e+01
2.404000e-05	1.142633e-01	-1.538053e+01
2.405000e-05	1.198202e-01	-1.542040e+01
2.406000e-05	1.303457e-01	-1.540097e+01
2.407000e-05	1.357259e-01	-1.537602e+01
2.408000e-05	1.418075e-01	-1.537892e+01
2.409000e-05	1.499395e-01	-1.532792e+01
2.410000e-05	1.663316e-01	-1.535584e+01
2.411000e-05	1.853975e-01	-1.530524e+01
2.412000e-05	2.079631e-01	-1.523116e+01
2.413000e-05	2.342372e-01	-1.521003e+01
2.414000e-05	2.487151e-01	-1.519940e+01
2.415000e-05	2.500000e-01	-1.511729e+01
2.416000e-05	2.500000e-01	-1.509269e+01
2.417000e-05	2.500000e-01	-1.500000e+01
2.418000e-05	2.500000e-01	-1.492730e+01
2.419000e-05	2.500000e-01	-1.487461e+01
2.420000e-05	2.498850e-01	-1.472987e+01
2.421000e-05	2.366510e-01	-1.469516e+01
2.422000e-05	2.034647e-01	-1.458053e+01
2.423000e-05	1.763616e-01	-1.450672e+01
2.424000e-05	1.553797e-01	-1.442100e+01
2.425000e-05	1.365855e-01	-1.429679e+01
2.426000e-05	1.200521e-01	-1.414940e+01
2.427000e-05	1.065351e-01	-1.404469e+01
2.428000e-05	9.763257e-02	-1.392677e+01
2.429000e-05	8.786835e-02	-1.377953e+01
2.430000e-05	7.829880e-02	-1.367321e+01
2.431000e-05	7.118569e-02	-1.350887e+01
2.432000e-05	6.745856e-02	-1.340043e+01
2.433000e-05	6.357014e-02	-1.324263e+01
2.434000e-05	5.771478e-02	-1.307574e+01
2.435000e-05	5.129778e-02	-1.296830e+01
2.436000e-05	4.914963e-02	-1.275998e+01
2.437000e-05	4.579955e-02	-1.263256e+01
2.438000e-05	4.284668e-02	-1.249411e+01
2.439000e-05	3.922070e-02	-1.226471e+01
2.440000e-05	3.664872e-02	-1.209619e+01
2.441000e-05	3.545819e-02	-1.195636e+01
2.442000e-05	3.214283e-02	-1.171922e+01
2.443000e-05	2.979400e-02	-1.151411e+01
2.444000e-05	2.828982e-02	-1.129411e+01
2.445000e-05	2.796513e-02	-1.105376e+01
2.446000e-05	2.689390e-02	-1.085324e+01
2.447000e-05	2.509379e-02	-1.067469e+01
2.448000e-05	2.137236e-02	-1.045419e+01
2.449000e-05	2.079129e-02	-1.024464e+01
2.450000e-05	1.968032e-02	-1.000206e+01
2.451000e-05	1.859827e-02	-9.811082e+00
2.452000e-05	1.665747e-02	-9.579554e+00
2.453000e-05	1.655613e-02	-9.400404e+00
2.454000e-05	1.568078e-02	-9.137866e+00
2.455000e-05	1.466832e-02	-8.947396e+00
2.456000e-05	1.240191e-02	-8.664661e+00
2.457000e-05	1.127478e-02	-8.433182e+00
2.458000e-05	1.058126e-02	-8.192079e+00
2.459000e-05	1.135968e-02	-7.969984e+00
2.460000e-05	9.290857e-03	-7.666246e+00
2.461000e-05	7.237607e-03	-7.391607e+00
2.462000e-05	8.221168e-03	-7.199475e+00
2.463000e-05	6.112381e-03	-6.914773e+00
2.464000e-05	6.001399e-03	-6.673182e+00
2.465000e-05	3.820642e-03	-6.392582e+00
2.466000e-05	4.706345e-03	-6.147845e+00
2.467000e-05	2.657402e-03	-5.906209e+00
2.468000e-05	4.504529e-03	-5.621506e+00
2.469000e-05	1.915684e-03	-5.306868e+00
2.470000e-05	2.268440e-03	-5.042004e+00
2.471000e-05	-4.779064e-04	-4.675264e+00
2.472000e-05	1.974970e-03	-4.453109e+00
2.473000e-05	-9.740670e-04	-4.170505e+00
2.474000e-05	-2.899257e-04	-3.856970e+00
2.475000e-05	-3.387566e-03	-3.602608e+00
2.476000e-05	-1.971853e-03	-3.380504e+00
2.477000e-05	-4.111496e-03	-3.084398e+00
2.478000e-05	-2.446278e-03	-2.812528e+00
2.479000e-05	-4.284045e-03	-2.515374e+00
2.480000e-05	-2.825904e-03	-2.273191e+00
2.481000e-05	-4.955756e-03	-1.978477e+00
2.482000e-05	-5.111924e-03	-1.675795e+00
2.483000e-05	-7.010801e-03	-1.368533e+00
2.484000e-05	-7.425582e-03	-1.045262e+00
2.485000e-05	-7.143088e-03	-8.200526e-01
2.486000e-05	-7.368366e-03	-4.747417e-01
2.487000e-05	-6.309213e-03	-2.536329e-01
2.488000e-05	-3.146487e-03	9.305782e-02
2.489000e-05	9.804760e-03	3.862109e-01
2.490000e-05	-2.076117e-03	6.089473e-01
2.491000e-05	5.330473e-03	8.331288e-01
2.492000e-05	-2.997419e-03	1.158220e+00
2.493000e-05	1.919932e-03	1.420051e+00
2.494000e-05	-3.257888e-03	1.746787e+00
2.495000e-05	1.210310e-02	1.957363e+00
2.496000e-05	4.763320e-02	2.209901e+00
2.497000e-05	1.063944e-01	2.523638e+00
2.498000e-05	-3.616488e-02	2.843100e+00
2.499000e-05	-3.214676e-02	3.156287e+00
2.500000e-05	-4.059471e-02	3.451471e+00
2.501000e-05	-2.483720e-02	3.674659e+00
2.502000e-05	-8.317321e-02	3.914757e+00
2.503000e-05	-2.423940e-02	4.126186e+00
2.504000e-05	1.106654e-01	4.450549e+00
2.505000e-05	-1.142495e-01	4.745609e+00
2.506000e-05	1.195082e-01	4.955337e+00
2.507000e-05	-4.116552e-03	5.322134e+00
2.508000e-05	-7.689688e-02	5.557862e+00
2.509000e-05	5.394800e-02	5.839979e+00
2.510000e-05	-7.239727e-02	6.115259e+00
2.511000e-05	6.436498e-02	6.346762e+00
2.512000e-05	-3.764492e-02	6.642072e+00
2.513000e-05	-9.068227e-03	6.905236e+00
2.514000e-05	4.276098e-03	7.196795e+00
2.515000e-05	-3.262689e-02	7.411449e+00
2.516000e-05	1.630599e-02	7.723788e+00
2.517000e-05	-6.673562e-02	8.029445e+00
2.518000e-05	4.246604e-02	8.271552e+00
2.519000e-05	-1.683184e-02	8.493131e+00
2.520000e-05	-1.264309e-02	8.682556e+00
2.521000e-05	-6.996994e-04	8.935809e+00
2.522000e-05	-6.440070e-02	9.147267e+00
2.523000e-05	1.609868e-02	9.388845e+00
2.524000e-05	-3.081065e-02	9.640424e+00
2.525000e-05	7.650363e-03	9.852526e+00
2.526000e-05	-4.546333e-02	1.011263e+01
2.527000e-05	9.929554e-04	1.028210e+01
2.528000e-05	-1.641708e-02	1.049461e+01
2.529000e-05	-2.846283e-02	1.071406e+01
2.530000e-05	-2.385125e-02	1.089524e+01
2.531000e-05	-4.069979e-02	1.109511e+01
2.532000e-05	-2.068210e-03	1.134324e+01
2.533000e-05	-3.362748e-02	1.154522e+01
2.534000e-05	-2.100898e-02	1.174766e+01
2.535000e-05	-4.828348e-02	1.193474e+01
2.536000e-05	-1.753084e-02	1.214511e+01
2.537000e-05	-2.680647e-02	1.229606e+01
2.538000e-05	-2.944811e-02	1.246210e+01
2.539000e-05	-4.210698e-02	1.263200e+01
2.540000e-05	-4.076737e-02	1.280945e+01
2.541000e-05	-2.741068e-02	1.295574e+01
2.542000e-05	-4.122556e-02	1.308463e+01
2.543000e-05	-4.127477e-02	1.324411e+01
2.544000e-05	-5.065910e-02	1.341999e+01
2.545000e-05	-3.191573e-02	1.356774e+01
2.546000e-05	-4.254691e-02	1.371366e+01
2.547000e-05	-4.793548e-02	1.384089e+01
2.548000e-05	-5.857505e-02	1.394644e+01
2.549000e-05	-4.870737e-02	1.415450e+01
2.550000e-05	-4.707997e-02	1.423843e+01
2.551000e-05	-5.538887e-02	1.436824e+01
2.552000e-05	-6.496140e-02	1.443148e+01
2.553000e-05	-6.508633e-02	1.455727e+01
2.554000e-05	-5.714425e-02	1.463908e+01
2.555000e-05	-6.149011e-02	1.470409e+01
2.556000e-05	-6.779064e-02	1.483042e+01
2.557000e-05	-7.370534e-02	1.489311e+01
2.558000e-05	-6.697883e-02	1.492671e+01
2.559000e-05	-7.200827e-02	1.500140e+01
2.560000e-05	-8.270343e-02	1.508351e+01
2.561000e-05	-9.305717e-02	1.513611e+01
2.562000e-05	-9.037079e-02	1.519792e+01
2.563000e-05	-8.541511e-02	1.520045e+01
2.564000e-05	-9.108995e-02	1.526150e+01
2.565000e-05	-9.892583e-02	1.530364e+01
2.566000e-05	-1.031999e-01	1.531616e+01
2.567000e-05	-1.020460e-01	1.535674e+01
2.568000e-05	-1.095811e-01	1.537887e+01
2.569000e-05	-1.219219e-01	1.533832e+01
2.570000e-05	-1.276002e-01	1.536937e+01
2.571000e-05	-1.288131e-01	1.537890e+01
2.572000e-05	-1.312276e-01	1.536974e+01
2.573000e-05	-1.433757e-01	1.536880e+01
2.574000e-05	-1.579923e-01	1.533677e+01
2.575000e-05	-1.673343e-01	1.532824e+01
2.576000e-05	-1.783108e-01	1.529456e+01
2.577000e-05	-1.975001e-01	1.529253e+01
2.578000e-05	-2.278932e-01	1.526248e+01
2.579000e-05	-2.474009e-01	1.520782e+01
2.580000e-05	-2.499900e-01	1.514624e+01
2.581000e-05	-2.500000e-01	1.509415e+01
2.582000e-05	-2.500000e-01	1.503043e+01
2.583000e-05	-2.500000e-01	1.495989e+01
2.584000e-05	-2.500000e-01	1.487314e+01
2.585000e-05	-2.500000e-01	1.483053e+01
2.586000e-05	-2.493650e-01	1.474721e+01
2.587000e-05	-2.356344e-01	1.464205e+01
2.588000e-05	-2.040173e-01	1.455479e+01
2.589000e-05	-1.751491e-01	1.445305e+01
2.590000e-05	-1.531782e-01	1.433826e+01
2.591000e-05	-1.404318e-01	1.425158e+01
2.592000e-05	-1.279381e-01	1.410461e+01
2.593000e-05	-1.138202e-01	1.400047e+01
2.594000e-05	-1.004480e-01	1.384156e+01
2.595000e-05	-9.446456e-02	1.373724e+01
2.596000e-05	-9.012519e-02	1.357789e+01
2.597000e-05	-8.307645e-02	1.345253e+01
2.598000e-05	-7.314736e-02	1.327476e+01
2.599000e-05	-7.026973e-02	1.312684e+01
2.600000e-05	-6.853492e-02	1.304195e+01
2.601000e-05	-6.588006e-02	1.282360e+01
2.602000e-05	-5.909621e-02	1.269521e+01
2.603000e-05	-5.519661e-02	1.251681e+01
2.604000e-05	-5.287610e-02	1.235947e+01
2.605000e-05	-5.357566e-02	1.218093e+01
2.606000e-05	-4.927529e-02	1.201042e+01
2.607000e-05	-4.499108e-02	1.182155e+01
2.608000e-05	-4.408349e-02	1.163153e+01
2.609000e-05	-4.587687e-02	1.140098e+01
2.610000e-05	-4.367531e-02	1.119035e+01
2.611000e-05	-3.961045e-02	1.104345e+01
2.612000e-05	-3.703194e-02	1.081147e+01
2.613000e-05	-3.767158e-02	1.060251e+01
2.614000e-05	-3.706858e-02	1.037095e+01
2.615000e-05	-3.462300e-02	1.019144e+01
2.616000e-05	-3.171284e-02	9.939446e+00
2.617000e-05	-3.327552e-02	9.706791e+00
2.618000e-05	-3.364982e-02	9.513362e+00
2.619000e-05	-3.166509e-02	9.275637e+00
2.620000e-05	-2.817752e-02	9.035159e+00
2.621000e-05	-2.900854e-02	8.821552e+00
2.622000e-05	-2.934372e-02	8.600447e+00
2.623000e-05	-2.940921e-02	8.349376e+00
2.624000e-05	-2.502657e-02	8.107292e+00
2.625000e-05	-2.497009e-02	7.853757e+00
2.626000e-05	-2.589961e-02	7.611002e+00
2.627000e-05	-2.611972e-02	7.327316e+00
2.628000e-05	-2.385027e-02	7.094704e+00
2.629000e-05	-2.138035e-02	6.841105e+00
2.630000e-05	-2.223335e-02	6.527970e+00
2.631000e-05	-2.435329e-02	6.284761e+00
2.632000e-05	-2.213761e-02	6.063156e+00
2.633000e-05	-2.025760e-02	5.790974e+00
2.634000e-05	-1.999622e-02	5.506691e+00
2.635000e-05	-2.090828e-02	5.222179e+00
2.636000e-05	-2.065059e-02	4.874686e+00
2.637000e-05	-1.761284e-02	4.599529e+00
2.638000e-05	-1.795580e-02	4.398390e+00
2.639000e-05	-1.723800e-02	4.043135e+00
2.640000e-05	-1.899602e-02	3.779997e+00
2.641000e-05	-1.650915e-02	3.547868e+00
2.642000e-05	-1.542391e-02	3.214080e+00
2.643000e-05	-1.519485e-02	2.959467e+00
2.644000e-05	-1.666906e-02	2.685314e+00
2.645000e-05	-1.586478e-02	2.358973e+00
2.646000e-05	-1.357004e-02	2.106316e+00
2.647000e-05	-1.352558e-02	1.862230e+00
2.648000e-05	-1.327520e-02	1.536917e+00
2.649000e-05	-1.312377e-02	1.263629e+00
2.650000e-05	-1.140759e-02	8.877684e-01
2.651000e-05	-1.061338e-02	6.416314e-01
2.652000e-05	-1.025000e-02	3.790235e-01
2.653000e-05	-1.024874e-02	2.318415e-02
2.654000e-05	-3.793282e-03	-2.409972e-01
2.655000e-05	6.258016e-03	-4.610027e-01
2.656000e-05	-3.230352e-03	-7.477147e-01
2.657000e-05	2.963166e-03	-9.695262e-01
2.658000e-05	-2.745006e-03	-1.313662e+00
2.659000e-05	2.721285e-03	-1.569496e+00
2.660000e-05	4.078109e-03	-1.808947e+00
2.661000e-05	4.489295e-02	-2.001500e+00
2.662000e-05	1.290108e-01	-2.294707e+00
2.663000e-05	-2.042582e-02	-2.744787e+00
2.664000e-05	-2.102309e-02	-3.146186e+00
2.665000e-05	-3.204561e-02	-3.370000e+00
2.666000e-05	-3.524989e-02	-3.598399e+00
2.667000e-05	-1.034949e-01	-3.843599e+00
2.668000e-05	9.884725e-02	-4.011527e+00
2.669000e-05	2.531654e-02	-4.252024e+00
2.670000e-05	-8.516216e-02	-4.568214e+00
2.671000e-05	2.051006e-01	-4.778416e+00
2.672000e-05	-1.595676e-01	-5.134709e+00
2.673000e-05	1.132161e-01	-5.429204e+00
2.674000e-05	-6.073066e-02	-5.694635e+00
2.675000e-05	-4.568523e-02	-5.988547e+00
2.676000e-05	1.515489e-01	-6.230448e+00
2.677000e-05	-1.050803e-01	-6.523811e+00
2.678000e-05	1.399542e-01	-6.819419e+00
2.679000e-05	-7.853835e-02	-7.041006e+00
2.680000e-05	3.537401e-02	-7.347863e+00
2.681000e-05	2.724064e-02	-7.577848e+00
2.682000e-05	-5.185883e-02	-7.893159e+00
2.683000e-05	1.294799e-01	-8.105689e+00
2.684000e-05	-8.650302e-02	-8.366316e+00
2.685000e-05	1.173630e-01	-8.609876e+00
2.686000e-05	-3.996424e-02	-8.822633e+00
2.687000e-05	9.205155e-03	-9.105210e+00
2.688000e-05	3.202583e-02	-9.262133e+00
2.689000e-05	-1.485290e-02	-9.534744e+00
2.690000e-05	9.843333e-02	-9.758896e+00
2.691000e-05	-4.308234e-02	-9.959471e+00
2.692000e-05	9.180146e-02	-1.019835e+01
2.693000e-05	-4.413032e-02	-1.041100e+01
2.694000e-05	7.299300e-02	-1.061206e+01
2.695000e-05	-9.290199e-03	-1.084100e+01
2.696000e-05	3.537997e-02	-1.099105e+01
2.697000e-05	2.995770e-02	-1.120948e+01
2.698000e-05	2.031241e-02	-1.150260e+01
2.699000e-05	5.341898e-02	-1.164303e+01
2.700000e-05	-2.224292e-03	-1.187219e+01
2.701000e-05	5.640049e-02	-1.206305e+01
2.702000e-05	5.260464e-03	-1.227098e+01
2.703000e-05	6.769382e-02	-1.238998e+01
2.704000e-05	8.452573e-03	-1.256837e+01
2.705000e-05	4.959809e-02	-1.274730e+01
2.706000e-05	1.846745e-02	-1.287569e+01
2.707000e-05	5.187762e-02	-1.306196e+01
2.708000e-05	3.441529e-02	-1.321150e+01
2.709000e-05	4.407608e-02	-1.338037e+01
2.710000e-05	4.401310e-02	-1.349511e+01
2.711000e-05	4.377014e-02	-1.363210e+01
2.712000e-05	5.297024e-02	-1.378879e+01
2.713000e-05	3.558653e-02	-1.393717e+01
2.714000e-05	4.910478e-02	-1.404253e+01
2.715000e-05	4.169714e-02	-1.415982e+01
2.716000e-05	6.256256e-02	-1.427414e+01
2.717000e-05	5.060677e-02	-1.441000e+01
2.718000e-05	5.981397e-02	-1.450312e+01
2.719000e-05	5.303786e-02	-1.457940e+01
2.720000e-05	6.726712e-02	-1.467416e+01
2.721000e-05	6.328380e-02	-1.476745e+01
2.722000e-05	6.544027e-02	-1.485468e+01
2.723000e-05	6.518761e-02	-1.493727e+01
2.724000e-05	7.086498e-02	-1.497130e+01
2.725000e-05	7.529390e-02	-1.504268e+01
2.726000e-05	7.244640e-02	-1.513624e+01
2.727000e-05	7.699310e-02	-1.514785e+01
2.728000e-05	8.043938e-02	-1.521056e+01
2.729000e-05	9.391710e-02	-1.521158e+01
2.730000e-05	9.022993e-02	-1.529369e+01
2.731000e-05	9.459300e-02	-1.531534e+01
2.732000e-05	9.303043e-02	-1.534784e+01
2.733000e-05	1.042060e-01	-1.540037e+01
2.734000e-05	1.058007e-01	-1.538992e+01
2.735000e-05	1.123566e-01	-1.540250e+01
2.736000e-05	1.150697e-01	-1.541201e+01
2.737000e-05	1.254612e-01	-1.542045e+01
2.738000e-05	1.335029e-01	-1.542095e+01
2.739000e-05	1.389038e-01	-1.539945e+01
2.740000e-05	1.466296e-01	-1.535882e+01
2.741000e-05	1.601561e-01	-1.534722e+01
2.742000e-05	1.794075e-01	-1.532527e+01
2.743000e-05	1.994594e-01	-1.526309e+01
2.744000e-05	2.242454e-01	-1.522096e+01
2.745000e-05	2.454116e-01	-1.520940e+01
2.746000e-05	2.499800e-01	-1.514632e+01
2.747000e-05	2.500000e-01	-1.510476e+01
2.748000e-05	2.500000e-01	-1.500155e+01
2.749000e-05	2.500000e-01	-1.493837e+01
2.750000e-05	2.500000e-01	-1.489356e+01
2.751000e-05	2.500000e-01	-1.481051e+01
2.752000e-05	2.454128e-01	-1.473572e+01
2.753000e-05	2.164090e-01	-1.463255e+01
2.754000e-05	1.851381e-01	-1.455692e+01
2.755000e-05	1.620956e-01	-1.445206e+01
2.756000e-05	1.424792e-01	-1.436885e+01
2.757000e-05	1.230931e-01	-1.422056e+01
2.758000e-05	1.106736e-01	-1.410270e+01
2.759000e-05	1.027231e-01	-1.398835e+01
2.760000e-05	9.316137e-02	-1.384311e+01
2.761000e-05	8.255063e-02	-1.372477e+01
2.762000e-05	7.352634e-02	-1.358095e+01
2.763000e-05	6.827231e-02	-1.344311e+01
2.764000e-05	6.444447e-02	-1.332524e+01
2.765000e-05	5.935297e-02	-1.315837e+01
2.766000e-05	5.356262e-02	-1.299008e+01
2.767000e-05	5.088763e-02	-1.284308e+01
2.768000e-05	4.804390e-02	-1.269624e+01
2.769000e-05	4.453465e-02	-1.250682e+01
2.770000e-05	3.948678e-02	-1.235839e+01
2.771000e-05	3.700675e-02	-1.216892e+01
2.772000e-05	3.434254e-02	-1.198050e+01
2.773000e-05	3.452784e-02	-1.178248e+01
2.774000e-05	3.008568e-02	-1.157845e+01
2.775000e-05	2.852193e-02	-1.135882e+01
2.776000e-05	2.788338e-02	-1.116780e+01
2.777000e-05	2.854258e-02	-1.093686e+01
2.778000e-05	2.600528e-02	-1.072792e+01
2.779000e-05	2.262531e-02	-1.058847e+01
2.780000e-05	2.024945e-02	-1.036892e+01
2.781000e-05	1.983866e-02	-1.011527e+01
2.782000e-05	1.832481e-02	-9.875238e+00
2.783000e-05	1.840162e-02	-9.686341e+00
2.784000e-05	1.672718e-02	-9.455661e+00
2.785000e-05	1.731909e-02	-9.191135e+00
2.786000e-05	1.609310e-02	-8.981104e+00
2.787000e-05	1.368478e-02	-8.749530e+00
2.788000e-05	1.162815e-02	-8.538349e+00
2.789000e-05	9.119056e-03	-8.315340e+00
2.790000e-05	1.001345e-02	-8.034264e+00
2.791000e-05	9.821055e-03	-7.799931e+00
2.792000e-05	9.357065e-03	-7.526439e+00
2.793000e-05	8.549655e-03	-7.283657e+00
2.794000e-05	7.617304e-03	-6.992105e+00
2.795000e-05	7.386604e-03	-6.759442e+00
2.796000e-05	5.477026e-03	-6.515767e+00
2.797000e-05	3.521751e-03	-6.232658e+00
2.798000e-05	3.346107e-03	-6.008974e+00
2.799000e-05	3.176209e-03	-5.666743e+00
2.800000e-05	2.893351e-03	-5.421159e+00
2.801000e-05	7.726466e-04	-5.137847e+00
2.802000e-05	2.149698e-04	-4.841027e+00
2.803000e-05	1.981129e-03	-4.537897e+00
2.804000e-05	1.464428e-03	-4.324293e+00
2.805000e-05	3.898561e-05	-4.051684e+00
2.806000e-05	-3.267050e-03	-3.737899e+00
2.807000e-05	-1.869927e-03	-3.484717e+00
2.808000e-05	-5.800846e-03	-3.221607e+00
2.809000e-05	-1.986695e-03	-2.907763e+00
2.810000e-05	-5.777562e-03	-2.622634e+00
2.811000e-05	-1.905883e-03	-2.359496e+00
2.812000e-05	-4.716144e-03	-2.074710e+00
2.813000e-05	-1.503132e-03	-1.790075e+00
2.814000e-05	-6.839188e-03	-1.546946e+00
2.815000e-05	-5.647958e-03	-1.160975e+00
2.816000e-05	-8.779171e-03	-8.762182e-01
2.817000e-05	-6.528532e-03	-5.805528e-01
2.818000e-05	-8.295857e-03	-2.983433e-01
2.819000e-05	-4.429692e-03	-3.321283e-02
2.820000e-05	4.627729e-03	2.716014e-01
2.821000e-05	1.943673e-03	4.957344e-01
2.822000e-05	3.140554e-03	7.657932e-01
2.823000e-05	1.999860e-03	1.040599e+00
2.824000e-05	-1.243551e-03	1.343711e+00
2.825000e-05	-7.140309e-04	1.610054e+00
2.826000e-05	4.504697e-03	1.893214e+00
2.827000e-05	2.893339e-02	2.115184e+00
2.828000e-05	1.016222e-01	2.408747e+00
2.829000e-05	2.052221e-02	2.737287e+00
2.830000e-05	-4.990466e-02	3.010524e+00
2.831000e-05	-3.018018e-02	3.305736e+00
2.832000e-05	-3.222396e-02	3.640525e+00
2.833000e-05	-5.809795e-02	3.861048e+00
2.834000e-05	-7.203048e-02	4.030476e+00
2.835000e-05	9.365617e-02	4.344162e+00
2.836000e-05	-3.123369e-02	4.641998e+00
2.837000e-05	-1.172469e-02	4.849926e+00
2.838000e-05	1.288997e-01	5.168316e+00
2.839000e-05	-1.370599e-01	5.484003e+00
2.840000e-05	6.057649e-02	5.726284e+00
2.841000e-05	-5.325584e-02	6.049994e+00
2.842000e-05	1.927249e-02	6.271055e+00
2.843000e-05	2.397572e-02	6.557286e+00
2.844000e-05	-5.742922e-02	6.851472e+00
2.845000e-05	3.996283e-02	7.073004e+00
2.846000e-05	-5.666141e-02	7.356207e+00
2.847000e-05	3.007746e-02	7.601349e+00
2.848000e-05	-6.628085e-02	7.934083e+00
2.849000e-05	1.149982e-02	8.168867e+00
2.850000e-05	1.821222e-02	8.417892e+00
2.851000e-05	-3.157001e-02	8.609497e+00
2.852000e-05	1.675166e-02	8.841573e+00
2.853000e-05	-6.174932e-02	9.073578e+00
2.854000e-05	-2.947111e-03	9.313782e+00
2.855000e-05	-1.867352e-02	9.546240e+00
2.856000e-05	6.295836e-04	9.796815e+00
2.857000e-05	-2.950793e-02	9.999427e+00
2.858000e-05	-1.777960e-02	1.023947e+01
2.859000e-05	-2.634115e-03	1.043050e+01
2.860000e-05	-3.161275e-02	1.063150e+01
2.861000e-05	-2.196247e-02	1.085058e+01
2.862000e-05	-4.068036e-02	1.110043e+01
2.863000e-05	-1.162292e-02	1.124210e+01
2.864000e-05	-2.155055e-02	1.145263e+01
2.865000e-05	-2.363268e-02	1.165355e+01
2.866000e-05	-4.061183e-02	1.188458e+01
2.867000e-05	-2.926125e-02	1.203305e+01
2.868000e-05	-2.242444e-02	1.224090e+01
2.869000e-05	-2.861945e-02	1.239895e+01
2.870000e-05	-3.924895e-02	1.259844e+01
2.871000e-05	-4.274799e-02	1.273569e+01
2.872000e-05	-2.922421e-02	1.288513e+01
2.873000e-05	-3.423271e-02	1.306203e+01
2.874000e-05	-4.134274e-02	1.321945e+01
2.875000e-05	-5.025099e-02	1.329532e+01
2.876000e-05	-3.623896e-02	1.348364e+01
2.877000e-05	-3.806653e-02	1.364100e+01
2.878000e-05	-4.529409e-02	1.375779e+01
2.879000e-05	-5.892575e-02	1.388559e+01
2.880000e-05	-5.381797e-02	1.408097e+01
2.881000e-05	-4.759411e-02	1.418637e+01
2.882000e-05	-5.062212e-02	1.428208e+01
2.883000e-05	-6.048844e-02	1.442140e+01
2.884000e-05	-6.521590e-02	1.452521e+01
2.885000e-05	-5.553502e-02	1.460990e+01
2.886000e-05	-6.043303e-02	1.466161e+01
2.887000e-05	-6.580757e-02	1.477787e+01
2.888000e-05	-7.674517e-02	1.486203e+01
2.889000e-05	-6.953696e-02	1.491471e+01
2.890000e-05	-7.021899e-02	1.497782e+01
2.891000e-05	-7.616716e-02	1.503200e+01
2.892000e-05	-8.856693e-02	1.511468e+01
2.893000e-05	-9.022515e-02	1.513777e+01
2.894000e-05	-8.517663e-02	1.520942e+01
2.895000e-05	-8.840007e-02	1.524303e+01
2.896000e-05	-9.697058e-02	1.531363e+01
2.897000e-05	-1.049226e-01	1.531622e+01
2.898000e-05	-1.025271e-01	1.533627e+01
2.899000e-05	-1.057674e-01	1.536974e+01
2.900000e-05	-1.157615e-01	1.539685e+01
2.901000e-05	-1.256563e-01	1.538037e+01
2.902000e-05	-1.272682e-01	1.537885e+01
2.903000e-05	-1.282782e-01	1.534937e+01
2.904000e-05	-1.382695e-01	1.535880e+01
2.905000e-05	-1.531779e-01	1.537882e+01
2.906000e-05	-1.644441e-01	1.533672e+01
2.907000e-05	-1.729821e-01	1.529521e+01
2.908000e-05	-1.890040e-01	1.525661e+01
2.909000e-05	-2.170249e-01	1.524203e+01
2.910000e-05	-2.425243e-01	1.520942e+01
2.911000e-05	-2.499649e-01	1.518734e+01
2.912000e-05	-2.500000e-01	1.512419e+01
2.913000e-05	-2.500000e-01	1.507205e+01
2.914000e-05	-2.500000e-01	1.498945e+01
2.915000e-05	-2.500000e-01	1.489463e+01
2.916000e-05	-2.500000e-01	1.487153e+01
2.917000e-05	-2.499950e-01	1.473784e+01
2.918000e-05	-2.425585e-01	1.466213e+01
2.919000e-05	-2.162937e-01	1.455942e+01
2.920000e-05	-1.844785e-01	1.446266e+01
2.921000e-05	-1.606640e-01	1.438037e+01
2.922000e-05	-1.454125e-01	1.429313e+01
2.923000e-05	-1.331584e-01	1.416629e+01
2.924000e-05	-1.184290e-01	1.401103e+01
2.925000e-05	-1.039679e-01	1.393684e+01
2.926000e-05	-9.662615e-02	1.380737e+01
2.927000e-05	-9.319247e-02	1.363346e+01
2.928000e-05	-8.721324e-02	1.351321e+01
2.929000e-05	-7.629285e-02	1.336627e+01
2.930000e-05	-7.022788e-02	1.321145e+01
2.931000e-05	-6.898410e-02	1.308363e+01
2.932000e-05	-6.693267e-02	1.289467e+01
2.933000e-05	-6.152762e-02	1.273686e+01
2.934000e-05	-5.581224e-02	1.259997e+01
2.935000e-05	-5.481639e-02	1.243053e+01
2.936000e-05	-5.389044e-02	1.231308e+01
2.937000e-05	-5.142862e-02	1.206666e+01
2.938000e-05	-4.531119e-02	1.188474e+01
2.939000e-05	-4.429407e-02	1.170226e+01
2.940000e-05	-4.608653e-02	1.148569e+01
2.941000e-05	-4.501491e-02	1.125311e+01
2.942000e-05	-4.080915e-02	1.107411e+01
2.943000e-05	-3.735921e-02	1.087669e+01
2.944000e-05	-3.713554e-02	1.072369e+01
2.945000e-05	-3.805984e-02	1.045416e+01
2.946000e-05	-3.611223e-02	1.025211e+01
2.947000e-05	-3.428595e-02	1.002408e+01
2.948000e-05	-3.245476e-02	9.838957e+00
2.949000e-05	-3.454859e-02	9.558443e+00
2.950000e-05	-3.120771e-02	9.368397e+00
2.951000e-05	-2.886162e-02	9.147395e+00
2.952000e-05	-2.700525e-02	8.895790e+00
2.953000e-05	-2.936038e-02	8.673107e+00
2.954000e-05	-2.989742e-02	8.433602e+00
2.955000e-05	-2.793009e-02	8.220076e+00
2.956000e-05	-2.592285e-02	7.937917e+00
2.957000e-05	-2.536078e-02	7.716262e+00
2.958000e-05	-2.579243e-02	7.412031e+00
2.959000e-05	-2.346775e-02	7.167922e+00
2.960000e-05	-2.191961e-02	6.926294e+00
2.961000e-05	-2.089565e-02	6.641582e+00
2.962000e-05	-2.360566e-02	6.377949e+00
2.963000e-05	-2.323289e-02	6.128892e+00
2.964000e-05	-2.212179e-02	5.846638e+00
2.965000e-05	-2.038364e-02	5.620504e+00
2.966000e-05	-2.072409e-02	5.318871e+00
2.967000e-05	-2.025882e-02	4.981501e+00
2.968000e-05	-1.861515e-02	4.696317e+00
2.969000e-05	-1.743965e-02	4.465082e+00
2.970000e-05	-1.766827e-02	4.179400e+00
2.971000e-05	-1.797468e-02	3.914235e+00
2.972000e-05	-1.789414e-02	3.622553e+00
2.973000e-05	-1.607351e-02	3.318872e+00
2.974000e-05	-1.612126e-02	3.064107e+00
2.975000e-05	-1.620878e-02	2.801579e+00
2.976000e-05	-1.659847e-02	2.534792e+00
2.977000e-05	-1.355388e-02	2.250526e+00
2.978000e-05	-1.326843e-02	1.977922e+00
2.979000e-05	-1.183774e-02	1.683684e+00
2.980000e-05	-1.325729e-02	1.359072e+00
2.981000e-05	-1.201989e-02	1.042339e+00
2.982000e-05	-1.250379e-02	7.173920e-01
2.983000e-05	-1.050680e-02	4.437343e-01
2.984000e-05	-1.044534e-02	1.699488e-01
2.985000e-05	-6.900942e-03	-1.132380e-01
2.986000e-05	6.362645e-03	-3.578958e-01
2.987000e-05	-1.579697e-03	-6.715815e-01
2.988000e-05	3.277677e-03	-8.957606e-01
2.989000e-05	-3.240667e-03	-1.147922e+00
2.990000e-05	2.323791e-03	-1.502738e+00
2.991000e-05	-1.559027e-05	-1.706787e+00
2.992000e-05	2.664480e-02	-1.947316e+00
2.993000e-05	1.063035e-01	-2.218902e+00
2.994000e-05	5.235686e-02	-2.567390e+00
2.995000e-05	-5.130844e-02	-2.966442e+00
2.996000e-05	-6.041984e-03	-3.274214e+00
2.997000e-05	-4.605227e-02	-3.504814e+00
2.998000e-05	-6.735145e-02	-3.746336e+00
2.999000e-05	-2.201236e-02	-3.978870e+00
3.000000e-05	1.528762e-01	-4.124241e+00
3.001000e-05	-1.641300e-01	-4.482483e+00
3.002000e-05	1.638459e-01	-4.714696e+00
3.003000e-05	-5.254287e-02	-4.969346e+00
3.004000e-05	-3.140124e-02	-5.357393e+00
3.005000e-05	9.997843e-02	-5.568454e+00
3.006000e-05	-1.669269e-01	-5.923711e+00
3.007000e-05	1.724444e-01	-6.134213e+00
3.008000e-05	-6.565284e-02	-6.405916e+00
3.009000e-05	5.876565e-02	-6.693233e+00
3.010000e-05	3.527444e-02	-6.926838e+00
3.011000e-05	-7.019150e-02	-7.252655e+00
3.012000e-05	1.104524e-01	-7.495182e+00
3.013000e-05	-1.004508e-01	-7.767871e+00
3.014000e-05	1.189376e-01	-8.032606e+00
3.015000e-05	-3.100968e-02	-8.252055e+00
3.016000e-05	2.913427e-02	-8.557766e+00
3.017000e-05	6.773741e-02	-8.746270e+00
3.018000e-05	-7.449824e-02	-8.999451e+00
3.019000e-05	9.034773e-02	-9.219475e+00
3.020000e-05	-6.096102e-02	-9.439105e+00
3.021000e-05	1.097331e-01	-9.673139e+00
3.022000e-05	-2.674364e-02	-9.843634e+00
3.023000e-05	5.835024e-02	-1.015726e+01
3.024000e-05	6.521947e-03	-1.033419e+01
3.025000e-05	1.437002e-02	-1.061992e+01
3.026000e-05	5.176586e-02	-1.075584e+01
3.027000e-05	-1.695783e-02	-1.096832e+01
3.028000e-05	6.911083e-02	-1.114875e+01
3.029000e-05	-1.335488e-02	-1.140035e+01
3.030000e-05	7.596671e-02	-1.159782e+01
3.031000e-05	-8.371723e-03	-1.178885e+01
3.032000e-05	5.441682e-02	-1.197897e+01
3.033000e-05	1.019450e-02	-1.215940e+01
3.034000e-05	5.399554e-02	-1.234597e+01
3.035000e-05	3.021781e-02	-1.250724e+01
3.036000e-05	2.938567e-02	-1.265369e+01
3.037000e-05	3.626637e-02	-1.282411e+01
3.038000e-05	3.015435e-02	-1.303048e+01
3.039000e-05	5.342103e-02	-1.315632e+01
3.040000e-05	2.717583e-02	-1.329519e+01
3.041000e-05	5.615964e-02	-1.348353e+01
3.042000e-05	3.206619e-02	-1.359845e+01
3.043000e-05	6.136107e-02	-1.372467e+01
3.044000e-05	3.363671e-02	-1.387353e+01
3.045000e-05	5.082421e-02	-1.402043e+01
3.046000e-05	4.004583e-02	-1.410577e+01
3.047000e-05	6.086208e-02	-1.423153e+01
3.048000e-05	5.301011e-02	-1.438744e+01
3.049000e-05	5.683563e-02	-1.444263e+01
3.050000e-05	5.356575e-02	-1.454785e+01
3.051000e-05	6.158081e-02	-1.467406e+01
3.052000e-05	6.669774e-02	-1.474729e+01
3.053000e-05	6.207578e-02	-1.486098e+01
3.054000e-05	6.780580e-02	-1.492617e+01
3.055000e-05	6.680442e-02	-1.498887e+01
3.056000e-05	7.809659e-02	-1.502158e+01
3.057000e-05	7.023200e-02	-1.511719e+01
3.058000e-05	7.613195e-02	-1.514982e+01
3.059000e-05	7.734299e-02	-1.519895e+01
3.060000e-05	9.049646e-02	-1.524111e+01
3.061000e-05	9.044113e-02	-1.526271e+01
3.062000e-05	9.354475e-02	-1.529624e+01
3.063000e-05	9.301153e-02	-1.534629e+01
3.064000e-05	9.931432e-02	-1.533990e+01
3.065000e-05	1.065967e-01	-1.539900e+01
3.066000e-05	1.089752e-01	-1.540200e+01
3.067000e-05	1.149019e-01	-1.539098e+01
3.068000e-05	1.210994e-01	-1.545205e+01
3.069000e-05	1.320758e-01	-1.539148e+01
3.070000e-05	1.361877e-01	-1.537892e+01
3.071000e-05	1.429633e-01	-1.532747e+01
3.072000e-05	1.527224e-01	-1.532577e+01
3.073000e-05	1.717080e-01	-1.534687e+01
3.074000e-05	1.916485e-01	-1.526414e+01
3.075000e-05	2.152047e-01	-1.523161e+01
3.076000e-05	2.392850e-01	-1.521955e+01
3.077000e-05	2.497445e-01	-1.515837e+01
3.078000e-05	2.500000e-01	-1.510726e+01
3.079000e-05	2.500000e-01	-1.503261e+01
3.080000e-05	2.500000e-01	-1.499993e+01
3.081000e-05	2.500000e-01	-1.489572e+01
3.082000e-05	2.500000e-01	-1.485411e+01
3.083000e-05	2.488499e-01	-1.477682e+01
3.084000e-05	2.283119e-01	-1.467324e+01
3.085000e-05	1.931839e-01	-1.458942e+01
3.086000e-05	1.709620e-01	-1.452413e+01
3.087000e-05	1.493347e-01	-1.438003e+01
3.088000e-05	1.325399e-01	-1.426574e+01
3.089000e-05	1.173208e-01	-1.417827e+01
3.090000e-05	1.036363e-01	-1.400955e+01
3.091000e-05	9.664997e-02	-1.390524e+01
3.092000e-05	8.437073e-02	-1.373740e+01
3.093000e-05	7.631056e-02	-1.359208e+01
3.094000e-05	6.954726e-02	-1.348314e+01
3.095000e-05	6.482665e-02	-1.332738e+01
3.096000e-05	6.340254e-02	-1.316962e+01
3.097000e-05	5.535357e-02	-1.305319e+01
3.098000e-05	5.066507e-02	-1.291474e+01
3.099000e-05	4.817008e-02	-1.271795e+01
3.100000e-05	4.680452e-02	-1.261940e+01
3.101000e-05	4.098007e-02	-1.242950e+01
3.102000e-05	3.896027e-02	-1.224258e+01
3.103000e-05	3.562061e-02	-1.206313e+01
3.104000e-05	3.551233e-02	-1.187219e+01
3.105000e-05	3.245963e-02	-1.165374e+01
3.106000e-05	3.060966e-02	-1.143408e+01
3.107000e-05	2.677158e-02	-1.122191e+01
3.108000e-05	2.702796e-02	-1.102953e+01
3.109000e-05	2.550462e-02	-1.081053e+01
3.110000e-05	2.462669e-02	-1.063253e+01
3.111000e-05	2.156204e-02	-1.040163e+01
3.112000e-05	2.146625e-02	-1.021911e+01
3.113000e-05	2.042726e-02	-9.969975e+00
3.114000e-05	1.905975e-02	-9.759900e+00
3.115000e-05	1.637564e-02	-9.538987e+00
3.116000e-05	1.433019e-02	-9.296848e+00
3.117000e-05	1.517081e-02	-9.075340e+00
3.118000e-05	1.509904e-02	-8.864558e+00
3.119000e-05	1.253862e-02	-8.634032e+00
3.120000e-05	1.084378e-02	-8.378000e+00
3.121000e-05	1.132842e-02	-8.157950e+00
3.122000e-05	1.080999e-02	-7.895241e+00
3.123000e-05	1.002857e-02	-7.631584e+00
3.124000e-05	7.217980e-03	-7.338924e+00
3.125000e-05	6.265726e-03	-7.086891e+00
3.126000e-05	5.980646e-03	-6.832608e+00
3.127000e-05	6.111068e-03	-6.571004e+00
3.128000e-05	3.862013e-03	-6.319447e+00
3.129000e-05	4.253093e-03	-6.053760e+00
3.130000e-05	2.729445e-03	-5.801580e+00
3.131000e-05	4.575169e-03	-5.506896e+00
3.132000e-05	1.163100e-03	-5.251585e+00
3.133000e-05	1.491936e-03	-4.888871e+00
3.134000e-05	3.310097e-04	-4.611075e+00
3.135000e-05	8.684854e-04	-4.358476e+00
3.136000e-05	1.253704e-04	-4.147470e+00
3.137000e-05	-2.967368e-03	-3.804262e+00
3.138000e-05	-2.372623e-03	-3.559501e+00
3.139000e-05	-3.277606e-03	-3.314917e+00
3.140000e-05	-2.686790e-03	-2.992130e+00
3.141000e-05	-4.193656e-03	-2.725419e+00
3.142000e-05	-3.474104e-03	-2.454188e+00
3.143000e-05	-4.836352e-03	-2.169997e+00
3.144000e-05	-3.815117e-03	-1.903793e+00
3.145000e-05	-5.586926e-03	-1.632107e+00
3.146000e-05	-5.492571e-03	-1.256292e+00
3.147000e-05	-8.723176e-03	-9.805538e-01
3.148000e-05	-6.171041e-03	-7.179682e-01
3.149000e-05	-7.181168e-03	-4.326315e-01
3.150000e-05	-4.858838e-03	-1.484223e-01
3.151000e-05	1.422362e-04	1.252117e-01
3.152000e-05	6.584684e-03	4.210264e-01
3.153000e-05	-7.968407e-04	6.720238e-01
3.154000e-05	4.179428e-03	9.057083e-01
3.155000e-05	-3.343730e-03	1.210524e+00
3.156000e-05	1.341955e-03	1.534662e+00
3.157000e-05	-2.482302e-03	1.820445e+00
3.158000e-05	1.976398e-02	2.029476e+00
3.159000e-05	7.022172e-02	2.283130e+00
3.160000e-05	8.364250e-02	2.660950e+00
3.161000e-05	-5.373034e-02	2.934762e+00
3.162000e-05	-2.655729e-02	3.229945e+00
3.163000e-05	-4.133047e-02	3.525759e+00
3.164000e-05	-3.378730e-02	3.767367e+00
3.165000e-05	-8.893654e-02	4.005838e+00
3.166000e-05	2.468407e-02	4.228349e+00
3.167000e-05	7.286063e-02	4.504757e+00
3.168000e-05	-1.089819e-01	4.736315e+00
3.169000e-05	1.701875e-01	5.029944e+00
3.170000e-05	-9.299569e-02	5.366893e+00
3.171000e-05	-8.495820e-03	5.620974e+00
3.172000e-05	1.050115e-02	5.904139e+00
3.173000e-05	-4.611499e-02	6.166791e+00
3.174000e-05	6.504236e-02	6.439446e+00
3.175000e-05	-6.511948e-02	6.695158e+00
3.176000e-05	2.755942e-02	6.957392e+00
3.177000e-05	-2.911532e-02	7.252028e+00
3.178000e-05	1.238583e-03	7.543709e+00
3.179000e-05	-1.933163e-02	7.827845e+00
3.180000e-05	-4.082011e-02	8.094629e+00
3.181000e-05	4.171997e-02	8.295237e+00
3.182000e-05	-3.264101e-02	8.524786e+00
3.183000e-05	4.681153e-03	8.756790e+00
3.184000e-05	-2.789427e-02	9.007846e+00
3.185000e-05	-4.394864e-02	9.239999e+00
3.186000e-05	8.454438e-03	9.412003e+00
3.187000e-05	-2.030739e-02	9.714083e+00
3.188000e-05	-2.267495e-03	9.894137e+00
3.189000e-05	-3.896286e-02	1.013874e+01
3.190000e-05	4.143657e-03	1.037722e+01
3.191000e-05	-2.565169e-02	1.052726e+01
3.192000e-05	-2.691662e-02	1.079834e+01
3.193000e-05	-3.162762e-02	1.097779e+01
3.194000e-05	-3.186990e-02	1.117732e+01
3.195000e-05	-5.327464e-03	1.140979e+01
3.196000e-05	-3.242696e-02	1.160932e+01
3.197000e-05	-2.653624e-02	1.181985e+01
3.198000e-05	-4.259319e-02	1.197987e+01
3.199000e-05	-1.656695e-02	1.219827e+01
3.200000e-05	-2.799630e-02	1.235474e+01
3.201000e-05	-3.329076e-02	1.252466e+01
3.202000e-05	-4.405036e-02	1.265361e+01
3.203000e-05	-3.714660e-02	1.279153e+01
3.204000e-05	-2.855115e-02	1.301977e+01
3.205000e-05	-4.236825e-02	1.315779e+01
3.206000e-05	-4.464318e-02	1.327313e+01
3.207000e-05	-4.407344e-02	1.346360e+01
3.208000e-05	-3.242978e-02	1.360929e+01
3.209000e-05	-4.234874e-02	1.373562e+01
3.210000e-05	-5.440302e-02	1.381290e+01
3.211000e-05	-5.879602e-02	1.402840e+01
3.212000e-05	-5.076820e-02	1.409474e+01
3.213000e-05	-4.729921e-02	1.429205e+01
3.214000e-05	-5.723558e-02	1.434874e+01
3.215000e-05	-6.365900e-02	1.448353e+01
3.216000e-05	-5.910838e-02	1.458834e+01
3.217000e-05	-5.563481e-02	1.467353e+01
3.218000e-05	-6.316390e-02	1.476527e+01
3.219000e-05	-7.298032e-02	1.482100e+01
3.220000e-05	-7.354070e-02	1.492266e+01
3.221000e-05	-7.033642e-02	1.496674e+01
3.222000e-05	-7.249190e-02	1.506149e+01
3.223000e-05	-8.526494e-02	1.510366e+01
3.224000e-05	-9.054293e-02	1.514624e+01
3.225000e-05	-8.723763e-02	1.520992e+01
3.226000e-05	-8.508205e-02	1.521003e+01
3.227000e-05	-9.324848e-02	1.527456e+01
3.228000e-05	-1.027564e-01	1.530606e+01
3.229000e-05	-1.044132e-01	1.531766e+01
3.230000e-05	-1.041842e-01	1.532777e+01
3.231000e-05	-1.115534e-01	1.537629e+01
3.232000e-05	-1.229390e-01	1.534980e+01
3.233000e-05	-1.282050e-01	1.539983e+01
3.234000e-05	-1.280633e-01	1.537927e+01
3.235000e-05	-1.323927e-01	1.535882e+01
3.236000e-05	-1.464422e-01	1.536679e+01
3.237000e-05	-1.612284e-01	1.532577e+01
3.238000e-05	-1.697123e-01	1.533471e+01
3.239000e-05	-1.827764e-01	1.529416e+01
3.240000e-05	-2.050610e-01	1.525258e+01
3.241000e-05	-2.354601e-01	1.523150e+01
3.242000e-05	-2.489717e-01	1.518832e+01
3.243000e-05	-2.500000e-01	1.515569e+01
3.244000e-05	-2.500000e-01	1.507316e+01
3.245000e-05	-2.500000e-01	1.502895e+01
3.246000e-05	-2.500000e-01	1.492624e+01
3.247000e-05	-2.500000e-01	1.485414e+01
3.248000e-05	-2.500000e-01	1.476842e+01
3.249000e-05	-2.482349e-01	1.471681e+01
3.250000e-05	-2.282262e-01	1.461153e+01
3.251000e-05	-1.956474e-01	1.453729e+01
3.252000e-05	-1.691719e-01	1.441250e+01
3.253000e-05	-1.490699e-01	1.433471e+01
3.254000e-05	-1.376234e-01	1.419900e+01
3.255000e-05	-1.228303e-01	1.407208e+01
3.256000e-05	-1.094309e-01	1.391787e+01
3.257000e-05	-9.713214e-02	1.383090e+01
3.258000e-05	-9.411025e-02	1.368416e+01
3.259000e-05	-8.933207e-02	1.355831e+01
3.260000e-05	-8.096952e-02	1.346042e+01
3.261000e-05	-7.203983e-02	1.330263e+01
3.262000e-05	-6.946239e-02	1.309576e+01
3.263000e-05	-6.755654e-02	1.294835e+01
3.264000e-05	-6.376121e-02	1.280192e+01
3.265000e-05	-5.684165e-02	1.265306e+01
3.266000e-05	-5.482464e-02	1.245319e+01
3.267000e-05	-5.372456e-02	1.231724e+01
3.268000e-05	-5.361991e-02	1.213677e+01
3.269000e-05	-4.758217e-02	1.193742e+01
3.270000e-05	-4.513413e-02	1.176787e+01
3.271000e-05	-4.370116e-02	1.153992e+01
3.272000e-05	-4.557228e-02	1.135934e+01
3.273000e-05	-4.240317e-02	1.112634e+01
3.274000e-05	-3.795270e-02	1.096737e+01
3.275000e-05	-3.838212e-02	1.073787e+01
3.276000e-05	-3.728876e-02	1.055997e+01
3.277000e-05	-3.792959e-02	1.034632e+01
3.278000e-05	-3.253750e-02	1.008732e+01
3.279000e-05	-3.065057e-02	9.874738e+00
3.280000e-05	-3.239188e-02	9.651180e+00
3.281000e-05	-3.215772e-02	9.441529e+00
3.282000e-05	-3.376357e-02	9.231049e+00
3.283000e-05	-2.915549e-02	9.000428e+00
3.284000e-05	-3.040378e-02	8.780467e+00
3.285000e-05	-2.988747e-02	8.558269e+00
3.286000e-05	-2.717761e-02	8.305188e+00
3.287000e-05	-2.313493e-02	8.022579e+00
3.288000e-05	-2.221385e-02	7.781921e+00
3.289000e-05	-2.402145e-02	7.506920e+00
3.290000e-05	-2.653562e-02	7.202159e+00
3.291000e-05	-2.515003e-02	6.961027e+00
3.292000e-05	-2.385534e-02	6.747420e+00
3.293000e-05	-2.389837e-02	6.495234e+00
3.294000e-05	-2.385103e-02	6.211628e+00
3.295000e-05	-2.065552e-02	6.020051e+00
3.296000e-05	-1.786755e-02	5.677693e+00
3.297000e-05	-1.761332e-02	5.422557e+00
3.298000e-05	-1.899101e-02	5.136920e+00
3.299000e-05	-2.097285e-02	4.791576e+00
3.300000e-05	-1.951688e-02	4.538392e+00
3.301000e-05	-1.901411e-02	4.285762e+00
3.302000e-05	-1.931745e-02	3.979025e+00
3.303000e-05	-1.882126e-02	3.705767e+00
3.304000e-05	-1.711640e-02	3.422708e+00
3.305000e-05	-1.406367e-02	3.126898e+00
3.306000e-05	-1.386088e-02	2.884764e+00
3.307000e-05	-1.556833e-02	2.621580e+00
3.308000e-05	-1.504107e-02	2.286314e+00
3.309000e-05	-1.474939e-02	2.022632e+00
3.310000e-05	-1.321660e-02	1.738975e+00
3.311000e-05	-1.502817e-02	1.455708e+00
3.312000e-05	-1.334962e-02	1.179922e+00
3.313000e-05	-1.361433e-02	8.231080e-01
3.314000e-05	-9.507550e-03	5.394988e-01
3.315000e-05	-1.068128e-02	3.143119e-01
3.316000e-05	-7.346465e-03	-3.045250e-02
3.317000e-05	-7.842425e-04	-2.646602e-01
3.318000e-05	4.117159e-03	-5.547906e-01
3.319000e-05	-2.943620e-03	-8.195011e-01
3.320000e-05	1.436555e-03	-1.104079e+00
3.321000e-05	-3.183052e-03	-1.397896e+00
3.322000e-05	1.304290e-03	-1.613002e+00
3.323000e-05	1.034992e-02	-1.882183e+00
3.324000e-05	6.814167e-02	-2.073683e+00
3.325000e-05	1.135607e-01	-2.440528e+00
3.326000e-05	-4.991453e-02	-2.829447e+00
3.327000e-05	-2.525586e-03	-3.240026e+00
3.328000e-05	-4.551832e-02	-3.432579e+00
3.329000e-05	-3.830112e-02	-3.652031e+00
3.330000e-05	-9.927931e-02	-3.884729e+00
3.331000e-05	1.610492e-01	-4.091658e+00
3.332000e-05	-8.931184e-02	-4.326713e+00
3.333000e-05	4.549924e-02	-4.651075e+00
3.334000e-05	1.326747e-01	-4.880029e+00
3.335000e-05	-1.597959e-01	-5.300470e+00
3.336000e-05	1.633491e-01	-5.502739e+00
3.337000e-05	-1.469734e-01	-5.786392e+00
3.338000e-05	7.169819e-02	-6.054128e+00
3.339000e-05	5.855872e-02	-6.284035e+00
3.340000e-05	-5.879394e-02	-6.599498e+00
3.341000e-05	1.305038e-01	-6.852576e+00
3.342000e-05	-1.133260e-01	-7.116736e+00
3.343000e-05	9.983395e-02	-7.408951e+00
3.344000e-05	-4.804025e-02	-7.662977e+00
3.345000e-05	2.496679e-02	-7.956422e+00
3.346000e-05	7.755381e-02	-8.198846e+00
3.347000e-05	-6.348917e-02	-8.462001e+00
3.348000e-05	1.322856e-01	-8.691655e+00
3.349000e-05	-8.774403e-02	-8.946289e+00
3.350000e-05	6.830530e-02	-9.178366e+00
3.351000e-05	-2.413758e-02	-9.337821e+00
3.352000e-05	4.471277e-02	-9.589428e+00
3.353000e-05	4.769738e-02	-9.809922e+00
3.354000e-05	-1.088443e-02	-1.007303e+01
3.355000e-05	7.206518e-02	-1.025203e+01
3.356000e-05	-3.807516e-02	-1.048576e+01
3.357000e-05	8.423796e-02	-1.067221e+01
3.358000e-05	-3.209606e-02	-1.088410e+01
3.359000e-05	6.730561e-02	-1.108308e+01
3.360000e-05	-1.750149e-03	-1.129614e+01
3.361000e-05	5.550860e-02	-1.150629e+01
3.362000e-05	2.077433e-02	-1.170566e+01
3.363000e-05	2.336368e-02	-1.190519e+01
3.364000e-05	3.587145e-02	-1.210519e+01
3.365000e-05	2.107847e-02	-1.230561e+01
3.366000e-05	5.809098e-02	-1.244258e+01
3.367000e-05	1.073899e-02	-1.264203e+01
3.368000e-05	5.338015e-02	-1.279845e+01
3.369000e-05	1.870343e-02	-1.299729e+01
3.370000e-05	6.009195e-02	-1.306264e+01
3.371000e-05	2.409028e-02	-1.327211e+01
3.372000e-05	5.138439e-02	-1.340147e+01
3.373000e-05	3.329291e-02	-1.352479e+01
3.374000e-05	5.318994e-02	-1.369361e+01
3.375000e-05	4.379640e-02	-1.386248e+01
3.376000e-05	4.457755e-02	-1.394534e+01
3.377000e-05	4.674768e-02	-1.410408e+01
3.378000e-05	5.172223e-02	-1.419037e+01
3.379000e-05	5.880046e-02	-1.433476e+01
3.380000e-05	5.066395e-02	-1.446100e+01
3.381000e-05	5.748468e-02	-1.450524e+01
3.382000e-05	5.371136e-02	-1.461095e+01
3.383000e-05	6.854828e-02	-1.472572e+01
3.384000e-05	6.091925e-02	-1.475790e+01
3.385000e-05	6.859214e-02	-1.489359e+01
3.386000e-05	6.549738e-02	-1.492629e+01
3.387000e-05	7.693436e-02	-1.499298e+01
3.388000e-05	7.166628e-02	-1.507506e+01
3.389000e-05	7.522027e-02	-1.513837e+01
3.390000e-05	7.581965e-02	-1.517797e+01
3.391000e-05	8.475104e-02	-1.523103e+01
3.392000e-05	9.090591e-02	-1.524159e+01
3.393000e-05	9.194087e-02	-1.526476e+01
3.394000e-05	9.337499e-02	-1.532584e+01
3.395000e-05	9.687891e-02	-1.532744e+01
3.396000e-05	1.052268e-01	-1.537735e+01
3.397000e-05	1.071334e-01	-1.537093e+01
3.398000e-05	1.133119e-01	-1.539310e+01
3.399000e-05	1.180753e-01	-1.546050e+01
3.400000e-05	1.286958e-01	-1.539102e+01
3.401000e-05	1.346486e-01	-1.542948e+01
3.402000e-05	1.398674e-01	-1.538845e+01
3.403000e-05	1.499411e-01	-1.537692e+01
3.404000e-05	1.642824e-01	-1.533832e+01
3.405000e-05	1.842158e-01	-1.529374e+01
3.406000e-05	2.044194e-01	-1.528211e+01
3.407000e-05	2.323228e-01	-1.522053e+01
3.408000e-05	2.481799e-01	-1.519790e+01
3.409000e-05	2.500000e-01	-1.514637e+01
3.410000e-05	2.500000e-01	-1.509461e+01
3.411000e-05	2.500000e-01	-1.498993e+01
3.412000e-05	2.500000e-01	-1.492675e+01
3.413000e-05	2.500000e-01	-1.489469e+01
3.414000e-05	2.499850e-01	-1.475942e+01
3.415000e-05	2.393842e-01	-1.472584e+01
3.416000e-05	2.075253e-01	-1.461106e+01
3.417000e-05	1.793874e-01	-1.448429e+01
3.418000e-05	1.579088e-01	-1.442158e+01
3.419000e-05	1.381488e-01	-1.431581e+01
3.420000e-05	1.213365e-01	-1.419048e+01
3.421000e-05	1.082204e-01	-1.409477e+01
3.422000e-05	9.830524e-02	-1.391534e+01
3.423000e-05	8.848399e-02	-1.382208e+01
3.424000e-05	7.935571e-02	-1.368168e+01
3.425000e-05	7.236148e-02	-1.351737e+01
3.426000e-05	6.823059e-02	-1.337903e+01
3.427000e-05	6.383597e-02	-1.327221e+01
3.428000e-05	5.793517e-02	-1.309531e+01
3.429000e-05	5.275975e-02	-1.295835e+01
3.430000e-05	4.902682e-02	-1.280953e+01
3.431000e-05	4.703864e-02	-1.264226e+01
3.432000e-05	4.329159e-02	-1.246459e+01
3.433000e-05	3.874678e-02	-1.228476e+01
3.434000e-05	3.728999e-02	-1.211580e+01
3.435000e-05	3.650235e-02	-1.192790e+01
3.436000e-05	3.460042e-02	-1.175784e+01
3.437000e-05	2.980978e-02	-1.153589e+01
3.438000e-05	2.745926e-02	-1.128672e+01
3.439000e-05	2.646972e-02	-1.109469e+01
3.440000e-05	2.681322e-02	-1.084264e+01
3.441000e-05	2.519006e-02	-1.067519e+01
3.442000e-05	2.270847e-02	-1.052779e+01
3.443000e-05	2.105392e-02	-1.029521e+01
3.444000e-05	2.066244e-02	-1.005363e+01
3.445000e-05	1.855286e-02	-9.854084e+00
3.446000e-05	1.716912e-02	-9.621582e+00
3.447000e-05	1.485082e-02	-9.412056e+00
3.448000e-05	1.704082e-02	-9.168474e+00
3.449000e-05	1.572746e-02	-8.958445e+00
3.450000e-05	1.324725e-02	-8.735843e+00
3.451000e-05	1.097736e-02	-8.444758e+00
3.452000e-05	1.142817e-02	-8.242633e+00
3.453000e-05	1.042594e-02	-8.019979e+00
3.454000e-05	9.733000e-03	-7.737798e+00
3.455000e-05	7.376650e-03	-7.472581e+00
3.456000e-05	7.792757e-03	-7.209109e+00
3.457000e-05	7.312494e-03	-6.925974e+00
3.458000e-05	6.518111e-03	-6.683767e+00
3.459000e-05	3.808283e-03	-6.462614e+00
3.460000e-05	4.512032e-03	-6.168951e+00
3.461000e-05	4.111620e-03	-5.895745e+00
3.462000e-05	3.950104e-03	-5.613635e+00
3.463000e-05	1.987795e-03	-5.326871e+00
3.464000e-05	1.093304e-03	-5.074705e+00
3.465000e-05	2.347455e-04	-4.675921e+00
3.466000e-05	1.510511e-03	-4.494132e+00
3.467000e-05	-3.691136e-04	-4.231611e+00
3.468000e-05	-9.502027e-05	-3.989877e+00
3.469000e-05	-2.863581e-03	-3.653691e+00
3.470000e-05	-2.523847e-03	-3.370604e+00
3.471000e-05	-5.068435e-03	-3.147324e+00
3.472000e-05	-2.685486e-03	-2.833056e+00
3.473000e-05	-4.506498e-03	-2.607847e+00
3.474000e-05	-2.371395e-03	-2.284341e+00
3.475000e-05	-5.185295e-03	-2.011500e+00
3.476000e-05	-3.743215e-03	-1.726372e+00
3.477000e-05	-6.780276e-03	-1.412133e+00
3.478000e-05	-6.765147e-03	-1.105265e+00
3.479000e-05	-6.842451e-03	-8.311817e-01
3.480000e-05	-7.750899e-03	-5.267632e-01
3.481000e-05	-6.607075e-03	-2.326341e-01
3.482000e-05	-3.422100e-03	2.042238e-02
3.483000e-05	9.072946e-03	3.452393e-01
3.484000e-05	-1.240272e-03	5.788171e-01
3.485000e-05	4.878263e-03	8.199712e-01
3.486000e-05	-1.722124e-03	1.116285e+00
3.487000e-05	1.643839e-03	1.379920e+00
3.488000e-05	-3.035514e-03	1.716241e+00
3.489000e-05	1.062786e-02	1.937239e+00
3.490000e-05	4.197467e-02	2.188295e+00
3.491000e-05	1.095000e-01	2.462602e+00
3.492000e-05	-2.399712e-02	2.843946e+00
3.493000e-05	-3.775091e-02	3.135232e+00
3.494000e-05	-3.742104e-02	3.398917e+00
3.495000e-05	-2.531378e-02	3.682582e+00
3.496000e-05	-7.780849e-02	3.884136e+00
3.497000e-05	-4.008488e-02	4.075112e+00
3.498000e-05	1.135665e-01	4.388369e+00
3.499000e-05	-9.822007e-02	4.684680e+00
3.500000e-05	8.847139e-02	4.935160e+00
3.501000e-05	3.596306e-02	5.270026e+00
3.502000e-05	-1.016983e-01	5.556688e+00
3.503000e-05	6.338709e-02	5.788493e+00
3.504000e-05	-7.289685e-02	6.104130e+00
3.505000e-05	5.672621e-02	6.295133e+00
3.506000e-05	-2.225004e-02	6.599895e+00
3.507000e-05	-2.454577e-02	6.893630e+00
3.508000e-05	1.717959e-02	7.135313e+00
3.509000e-05	-4.280648e-02	7.431498e+00
3.510000e-05	2.533721e-02	7.673660e+00
3.511000e-05	-7.242280e-02	7.957320e+00
3.512000e-05	3.683645e-02	8.231423e+00
3.513000e-05	-6.820231e-03	8.491507e+00
3.514000e-05	-1.952330e-02	8.643007e+00
3.515000e-05	5.906200e-03	8.914657e+00
3.516000e-05	-6.831416e-02	9.136261e+00
3.517000e-05	1.496780e-02	9.377369e+00
3.518000e-05	-2.891927e-02	9.599392e+00
3.519000e-05	7.258521e-03	9.830425e+00
3.520000e-05	-4.471774e-02	1.002303e+01
3.521000e-05	-4.016425e-03	1.029298e+01
3.522000e-05	-1.205970e-02	1.047256e+01
3.523000e-05	-3.064111e-02	1.067356e+01
3.524000e-05	-2.268129e-02	1.089461e+01
3.525000e-05	-4.268382e-02	1.109463e+01
3.526000e-05	-3.136344e-03	1.131318e+01
3.527000e-05	-3.109629e-02	1.150573e+01
3.528000e-05	-2.044741e-02	1.170676e+01
3.529000e-05	-4.872299e-02	1.187514e+01
3.530000e-05	-1.975107e-02	1.211461e+01
3.531000e-05	-2.638406e-02	1.227313e+01
3.532000e-05	-2.834833e-02	1.245258e+01
3.533000e-05	-4.249409e-02	1.264038e+01
3.534000e-05	-4.175195e-02	1.276782e+01
3.535000e-05	-2.674530e-02	1.294471e+01
3.536000e-05	-3.982225e-02	1.311455e+01
3.537000e-05	-4.115880e-02	1.325253e+01
3.538000e-05	-5.121984e-02	1.342887e+01
3.539000e-05	-3.084353e-02	1.352524e+01
3.540000e-05	-4.192323e-02	1.369405e+01
3.541000e-05	-4.676743e-02	1.379840e+01
3.542000e-05	-6.178562e-02	1.396724e+01
3.543000e-05	-5.054722e-02	1.406111e+01
3.544000e-05	-4.807581e-02	1.422947e+01
3.545000e-05	-5.233166e-02	1.433764e+01
3.546000e-05	-6.308841e-02	1.438140e+01
3.547000e-05	-6.353917e-02	1.453619e+01
3.548000e-05	-5.587803e-02	1.461105e+01
3.549000e-05	-6.156937e-02	1.472459e+01
3.550000e-05	-6.830308e-02	1.481995e+01
3.551000e-05	-7.591506e-02	1.487308e+01
3.552000e-05	-6.839669e-02	1.493519e+01
3.553000e-05	-7.093142e-02	1.498733e+01
3.554000e-05	-8.096059e-02	1.508248e+01
3.555000e-05	-9.106588e-02	1.510521e+01
3.556000e-05	-9.025581e-02	1.515824e+01
3.557000e-05	-8.490727e-02	1.522035e+01
3.558000e-05	-8.970183e-02	1.526205e+01
3.559000e-05	-9.833863e-02	1.531466e+01
3.560000e-05	-1.037611e-01	1.530571e+01
3.561000e-05	-1.017263e-01	1.533727e+01
3.562000e-05	-1.072313e-01	1.535872e+01
3.563000e-05	-1.193161e-01	1.539982e+01
3.564000e-05	-1.274297e-01	1.539032e+01
3.565000e-05	-1.287496e-01	1.537985e+01
3.566000e-05	-1.303204e-01	1.538884e+01
3.567000e-05	-1.424137e-01	1.538782e+01
3.568000e-05	-1.561398e-01	1.535824e+01
3.569000e-05	-1.656367e-01	1.534617e+01
3.570000e-05	-1.750434e-01	1.533468e+01
3.571000e-05	-1.939500e-01	1.528403e+01
3.572000e-05	-2.247654e-01	1.524045e+01
3.573000e-05	-2.464982e-01	1.521787e+01
3.574000e-05	-2.499850e-01	1.511524e+01
3.575000e-05	-2.500000e-01	1.507466e+01
3.576000e-05	-2.500000e-01	1.504200e+01
3.577000e-05	-2.500000e-01	1.495877e+01
3.578000e-05	-2.500000e-01	1.491359e+01
3.579000e-05	-2.500000e-01	1.481050e+01
3.580000e-05	-2.493700e-01	1.474731e+01
3.581000e-05	-2.378354e-01	1.462150e+01
3.582000e-05	-2.081468e-01	1.458745e+01
3.583000e-05	-1.779872e-01	1.444351e+01
3.584000e-05	-1.556133e-01	1.436787e+01
3.585000e-05	-1.419253e-01	1.423203e+01
3.586000e-05	-1.295723e-01	1.412516e+01
3.587000e-05	-1.147464e-01	1.400045e+01
3.588000e-05	-1.012191e-01	1.387303e+01
3.589000e-05	-9.487821e-02	1.376774e+01
3.590000e-05	-9.063929e-02	1.362940e+01
3.591000e-05	-8.401232e-02	1.348308e+01
3.592000e-05	-7.436593e-02	1.330677e+01
3.593000e-05	-6.991538e-02	1.312932e+01
3.594000e-05	-6.924944e-02	1.301948e+01
3.595000e-05	-6.701620e-02	1.286416e+01
3.596000e-05	-5.915804e-02	1.270424e+01
3.597000e-05	-5.506649e-02	1.255737e+01
3.598000e-05	-5.262673e-02	1.237834e+01
3.599000e-05	-5.412260e-02	1.221941e+01
3.600000e-05	-4.848750e-02	1.206313e+01
3.601000e-05	-4.519464e-02	1.186206e+01
3.602000e-05	-4.352527e-02	1.166203e+01
3.603000e-05	-4.623237e-02	1.140161e+01
3.604000e-05	-4.458808e-02	1.124355e+01
3.605000e-05	-3.933545e-02	1.105201e+01
3.606000e-05	-3.688311e-02	1.079105e+01
3.607000e-05	-3.791863e-02	1.064298e+01
3.608000e-05	-3.722860e-02	1.037050e+01
3.609000e-05	-3.353387e-02	1.019050e+01
3.610000e-05	-3.125339e-02	1.000897e+01
3.611000e-05	-3.295137e-02	9.748292e+00
3.612000e-05	-3.473028e-02	9.523737e+00
3.613000e-05	-3.146759e-02	9.315260e+00
3.614000e-05	-3.002920e-02	9.086134e+00
3.615000e-05	-2.805482e-02	8.831551e+00
3.616000e-05	-2.994991e-02	8.621529e+00
3.617000e-05	-2.761498e-02	8.359469e+00
3.618000e-05	-2.453989e-02	8.144864e+00
3.619000e-05	-2.252469e-02	7.904614e+00
3.620000e-05	-2.286172e-02	7.571550e+00
3.621000e-05	-2.675602e-02	7.366850e+00
3.622000e-05	-2.453507e-02	7.115712e+00
3.623000e-05	-2.489806e-02	6.871655e+00
3.624000e-05	-2.423804e-02	6.557899e+00
3.625000e-05	-2.386432e-02	6.306341e+00
3.626000e-05	-2.102113e-02	6.074712e+00
3.627000e-05	-1.737194e-02	5.809973e+00
3.628000e-05	-1.694446e-02	5.536317e+00
3.629000e-05	-1.919130e-02	5.224184e+00
3.630000e-05	-2.085809e-02	4.907896e+00
3.631000e-05	-2.041372e-02	4.611530e+00
3.632000e-05	-2.004007e-02	4.400572e+00
3.633000e-05	-1.931450e-02	4.096668e+00
3.634000e-05	-1.902557e-02	3.781100e+00
3.635000e-05	-1.544068e-02	3.577445e+00
3.636000e-05	-1.361223e-02	3.315631e+00
3.637000e-05	-1.376467e-02	2.980523e+00
3.638000e-05	-1.589803e-02	2.705900e+00
3.639000e-05	-1.623806e-02	2.422028e+00
3.640000e-05	-1.446122e-02	2.125871e+00
3.641000e-05	-1.410786e-02	1.893787e+00
3.642000e-05	-1.465017e-02	1.580552e+00
3.643000e-05	-1.562884e-02	1.264711e+00
3.644000e-05	-1.175579e-02	9.284427e-01
3.645000e-05	-1.023737e-02	6.441842e-01
3.646000e-05	-9.513686e-03	4.010025e-01
3.647000e-05	-9.265731e-03	8.481316e-02
3.648000e-05	-3.983562e-03	-1.774198e-01
3.649000e-05	6.908017e-03	-4.395013e-01
3.650000e-05	-5.165168e-03	-7.353172e-01
3.651000e-05	1.542501e-03	-9.777948e-01
3.652000e-05	-4.890692e-03	-1.231603e+00
3.653000e-05	2.378004e-03	-1.556293e+00
3.654000e-05	3.671841e-03	-1.808995e+00
3.655000e-05	3.933715e-02	-2.009399e+00
3.656000e-05	1.279944e-01	-2.274736e+00
3.657000e-05	-8.851841e-04	-2.682683e+00
3.658000e-05	-2.934039e-02	-3.093609e+00
3.659000e-05	-2.584334e-02	-3.367342e+00
3.660000e-05	-3.874412e-02	-3.590846e+00
3.661000e-05	-9.868977e-02	-3.821446e+00
3.662000e-05	6.576330e-02	-4.000500e+00
3.663000e-05	6.867559e-02	-4.189395e+00
3.664000e-05	-1.226547e-01	-4.535267e+00
3.665000e-05	2.041134e-01	-4.767946e+00
3.666000e-05	-1.365449e-01	-5.102583e+00
3.667000e-05	7.923799e-02	-5.461481e+00
3.668000e-05	-1.394272e-02	-5.694551e+00
3.669000e-05	-9.235586e-02	-5.968818e+00
3.670000e-05	1.710463e-01	-6.177869e+00
3.671000e-05	-1.067403e-01	-6.504162e+00
3.672000e-05	1.252604e-01	-6.767321e+00
3.673000e-05	-5.296630e-02	-7.039525e+00
3.674000e-05	6.378024e-03	-7.295238e+00
3.675000e-05	5.749925e-02	-7.568263e+00
3.676000e-05	-7.154257e-02	-7.831925e+00
3.677000e-05	1.393369e-01	-8.095212e+00
3.678000e-05	-8.019367e-02	-8.326242e+00
3.679000e-05	9.887698e-02	-8.588973e+00
3.680000e-05	-1.288247e-02	-8.822630e+00
3.681000e-05	-1.856156e-02	-9.073560e+00
3.682000e-05	5.163739e-02	-9.323583e+00
3.683000e-05	-3.521060e-02	-9.504109e+00
3.684000e-05	1.111974e-01	-9.758316e+00
3.685000e-05	-4.552672e-02	-9.927768e+00
3.686000e-05	9.073441e-02	-1.021037e+01
3.687000e-05	-3.371028e-02	-1.039990e+01
3.688000e-05	5.955547e-02	-1.058995e+01
3.689000e-05	5.310498e-03	-1.081895e+01
3.690000e-05	1.803769e-02	-1.104996e+01
3.691000e-05	4.071210e-02	-1.124993e+01
3.692000e-05	7.160105e-03	-1.144205e+01
3.693000e-05	6.480304e-02	-1.169312e+01
3.694000e-05	-5.450354e-03	-1.182161e+01
3.695000e-05	6.084251e-02	-1.205950e+01
3.696000e-05	4.830377e-03	-1.226000e+01
3.697000e-05	6.693793e-02	-1.238000e+01
3.698000e-05	1.236248e-02	-1.256729e+01
3.699000e-05	4.371613e-02	-1.274732e+01
3.700000e-05	2.116790e-02	-1.286521e+01
3.701000e-05	4.625463e-02	-1.305206e+01
3.702000e-05	3.957305e-02	-1.320847e+01
3.703000e-05	3.966053e-02	-1.333632e+01
3.704000e-05	4.744112e-02	-1.346361e+01
3.705000e-05	4.125344e-02	-1.363048e+01
3.706000e-05	5.567095e-02	-1.375736e+01
3.707000e-05	3.582765e-02	-1.386524e+01
3.708000e-05	4.941412e-02	-1.402003e+01
3.709000e-05	4.048280e-02	-1.415887e+01
3.710000e-05	6.202699e-02	-1.428413e+01
3.711000e-05	5.049381e-02	-1.441897e+01
3.712000e-05	5.897031e-02	-1.448566e+01
3.713000e-05	5.179133e-02	-1.459145e+01
3.714000e-05	6.807496e-02	-1.468363e+01
3.715000e-05	6.444803e-02	-1.478690e+01
3.716000e-05	6.608162e-02	-1.483258e+01
3.717000e-05	6.510995e-02	-1.493774e+01
3.718000e-05	6.910137e-02	-1.499900e+01
3.719000e-05	7.476136e-02	-1.505410e+01
3.720000e-05	7.098339e-02	-1.512772e+01
3.721000e-05	7.734838e-02	-1.522785e+01
3.722000e-05	7.949453e-02	-1.520147e+01
3.723000e-05	9.408131e-02	-1.524208e+01
3.724000e-05	9.070744e-02	-1.529409e+01
3.725000e-05	9.590052e-02	-1.531532e+01
3.726000e-05	9.230590e-02	-1.535632e+01
3.727000e-05	1.020470e-01	-1.542847e+01
3.728000e-05	1.049957e-01	-1.541895e+01
3.729000e-05	1.102688e-01	-1.542148e+01
3.730000e-05	1.147180e-01	-1.544207e+01
3.731000e-05	1.248399e-01	-1.544151e+01
3.732000e-05	1.355761e-01	-1.536802e+01
3.733000e-05	1.388461e-01	-1.539945e+01
3.734000e-05	1.454975e-01	-1.537687e+01
3.735000e-05	1.566759e-01	-1.535729e+01
3.736000e-05	1.764268e-01	-1.533389e+01
3.737000e-05	1.966342e-01	-1.528416e+01
3.738000e-05	2.224474e-01	-1.526056e+01
3.739000e-05	2.436452e-01	-1.519098e+01
3.740000e-05	2.499700e-01	-1.515731e+01
3.741000e-05	2.500000e-01	-1.509324e+01
3.742000e-05	2.500000e-01	-1.504248e+01
3.743000e-05	2.500000e-01	-1.497882e+01
3.744000e-05	2.500000e-01	-1.489469e+01
3.745000e-05	2.500000e-01	-1.478103e+01
3.746000e-05	2.471044e-01	-1.473727e+01
3.747000e-05	2.190335e-01	-1.466263e+01
3.748000e-05	1.873546e-01	-1.455732e+01
3.749000e-05	1.647484e-01	-1.441261e+01
3.750000e-05	1.455644e-01	-1.437887e+01
3.751000e-05	1.279276e-01	-1.423163e+01
3.752000e-05	1.132825e-01	-1.411524e+01
3.753000e-05	1.024369e-01	-1.397050e+01
3.754000e-05	9.307045e-02	-1.387316e+01
3.755000e-05	8.320473e-02	-1.374437e+01
3.756000e-05	7.384228e-02	-1.358995e+01
3.757000e-05	6.860710e-02	-1.342311e+01
3.758000e-05	6.532906e-02	-1.329724e+01
3.759000e-05	6.175142e-02	-1.317790e+01
3.760000e-05	5.525016e-02	-1.304160e+01
3.761000e-05	5.072128e-02	-1.284369e+01
3.762000e-05	4.704113e-02	-1.267626e+01
3.763000e-05	4.495875e-02	-1.254687e+01
3.764000e-05	4.112176e-02	-1.237630e+01
3.765000e-05	3.703008e-02	-1.222203e+01
3.766000e-05	3.578112e-02	-1.200108e+01
3.767000e-05	3.475422e-02	-1.183149e+01
3.768000e-05	3.252379e-02	-1.160008e+01
3.769000e-05	2.882214e-02	-1.136950e+01
3.770000e-05	2.805730e-02	-1.115843e+01
3.771000e-05	2.695968e-02	-1.096794e+01
3.772000e-05	2.660775e-02	-1.076855e+01
3.773000e-05	2.317819e-02	-1.056996e+01
3.774000e-05	2.051075e-02	-1.033845e+01
3.775000e-05	1.929070e-02	-1.011690e+01
3.776000e-05	2.039618e-02	-9.906214e+00
3.777000e-05	1.762068e-02	-9.726870e+00
3.778000e-05	1.582642e-02	-9.395792e+00
3.779000e-05	1.499399e-02	-9.233134e+00
3.780000e-05	1.575574e-02	-9.012632e+00
3.781000e-05	1.483092e-02	-8.810581e+00
3.782000e-05	1.138105e-02	-8.579376e+00
3.783000e-05	1.037368e-02	-8.288268e+00
3.784000e-05	1.024266e-02	-8.096267e+00
3.785000e-05	1.090403e-02	-7.831985e+00
3.786000e-05	8.343841e-03	-7.527397e+00
3.787000e-05	7.055237e-03	-7.312294e+00
3.788000e-05	6.448542e-03	-7.053087e+00
3.789000e-05	7.456236e-03	-6.789027e+00
3.790000e-05	6.001999e-03	-6.517847e+00
3.791000e-05	4.278577e-03	-6.273289e+00
3.792000e-05	4.115764e-03	-5.979130e+00
3.793000e-05	3.193222e-03	-5.736395e+00
3.794000e-05	3.980545e-03	-5.403240e+00
3.795000e-05	6.427355e-04	-5.167975e+00
3.796000e-05	-2.834786e-04	-4.822639e+00
3.797000e-05	1.583537e-03	-4.546995e+00
3.798000e-05	1.681731e-03	-4.306894e+00
3.799000e-05	7.547035e-04	-4.083188e+00
3.800000e-05	-2.278871e-03	-3.780130e+00
3.801000e-05	-2.858038e-03	-3.514342e+00
3.802000e-05	-3.669991e-03	-3.232110e+00
3.803000e-05	-2.134705e-03	-2.917948e+00
3.804000e-05	-4.752780e-03	-2.682739e+00
3.805000e-05	-3.892123e-03	-2.389052e+00
3.806000e-05	-3.656764e-03	-2.095793e+00
3.807000e-05	-3.056123e-03	-1.833083e+00
3.808000e-05	-4.958757e-03	-1.566967e+00
3.809000e-05	-6.479043e-03	-1.221076e+00
3.810000e-05	-7.918282e-03	-8.863683e-01
3.811000e-05	-6.565224e-03	-6.226291e-01
3.812000e-05	-6.566149e-03	-3.394209e-01
3.813000e-05	-6.203298e-03	-6.481278e-02
3.814000e-05	4.001999e-03	2.394010e-01
3.815000e-05	2.979109e-03	4.841792e-01
3.816000e-05	2.677060e-03	7.582621e-01
3.817000e-05	2.610422e-03	1.018871e+00
3.818000e-05	-1.225684e-03	1.333159e+00
3.819000e-05	5.313494e-04	1.658321e+00
3.820000e-05	2.444206e-03	1.862603e+00
3.821000e-05	2.578398e-02	2.073155e+00
3.822000e-05	9.487786e-02	2.367316e+00
3.823000e-05	3.837867e-02	2.725135e+00
3.824000e-05	-5.346750e-02	3.010947e+00
3.825000e-05	-2.763134e-02	3.292630e+00
3.826000e-05	-3.540257e-02	3.598871e+00
3.827000e-05	-5.063369e-02	3.811449e+00
3.828000e-05	-7.975896e-02	4.012451e+00
3.829000e-05	7.692557e-02	4.311605e+00
3.830000e-05	2.237957e-03	4.588391e+00
3.831000e-05	-4.833602e-02	4.842471e+00
3.832000e-05	1.527048e-01	5.116761e+00
3.833000e-05	-1.379464e-01	5.451529e+00
3.834000e-05	4.892052e-02	5.705579e+00
3.835000e-05	-3.801448e-02	6.020472e+00
3.836000e-05	9.657284e-04	6.198951e+00
3.837000e-05	3.889314e-02	6.532709e+00
3.838000e-05	-6.346613e-02	6.757923e+00
3.839000e-05	4.170862e-02	7.022001e+00
3.840000e-05	-5.353722e-02	7.335711e+00
3.841000e-05	2.391156e-02	7.579843e+00
3.842000e-05	-5.513640e-02	7.870500e+00
3.843000e-05	-2.271973e-03	8.167817e+00
3.844000e-05	2.682113e-02	8.388418e+00
3.845000e-05	-3.582254e-02	8.578321e+00
3.846000e-05	1.552206e-02	8.830949e+00
3.847000e-05	-5.373263e-02	9.041926e+00
3.848000e-05	-1.404684e-02	9.304181e+00
3.849000e-05	-1.112364e-02	9.525683e+00
3.850000e-05	-6.402171e-03	9.765667e+00
3.851000e-05	-2.221029e-02	9.968368e+00
3.852000e-05	-2.441731e-02	1.017985e+01
3.853000e-05	7.389855e-04	1.040887e+01
3.854000e-05	-3.045080e-02	1.059940e+01
3.855000e-05	-2.251511e-02	1.080995e+01
3.856000e-05	-3.793358e-02	1.102137e+01
3.857000e-05	-1.856784e-02	1.127148e+01
3.858000e-05	-1.709509e-02	1.148448e+01
3.859000e-05	-2.679016e-02	1.162255e+01
3.860000e-05	-3.675625e-02	1.185002e+01
3.861000e-05	-3.255127e-02	1.203898e+01
3.862000e-05	-2.040800e-02	1.224192e+01
3.863000e-05	-2.840931e-02	1.238849e+01
3.864000e-05	-3.737756e-02	1.259729e+01
3.865000e-05	-4.277949e-02	1.273561e+01
3.866000e-05	-3.171811e-02	1.289463e+01
3.867000e-05	-3.320912e-02	1.308185e+01
3.868000e-05	-4.163110e-02	1.316832e+01
3.869000e-05	-4.804008e-02	1.332672e+01
3.870000e-05	-3.903046e-02	1.347308e+01
3.871000e-05	-3.656723e-02	1.367945e+01
3.872000e-05	-4.388237e-02	1.374632e+01
3.873000e-05	-5.643695e-02	1.387558e+01
3.874000e-05	-5.470904e-02	1.400042e+01
3.875000e-05	-4.912312e-02	1.417631e+01
3.876000e-05	-5.015939e-02	1.430401e+01
3.877000e-05	-5.971479e-02	1.439032e+01
3.878000e-05	-6.471927e-02	1.450523e+01
3.879000e-05	-5.656554e-02	1.460887e+01
3.880000e-05	-5.853376e-02	1.465361e+01
3.881000e-05	-6.417888e-02	1.474786e+01
3.882000e-05	-7.514078e-02	1.485158e+01
3.883000e-05	-7.145649e-02	1.490514e+01
3.884000e-05	-7.183006e-02	1.494879e+01
3.885000e-05	-7.581034e-02	1.506102e+01
3.886000e-05	-8.778469e-02	1.510566e+01
3.887000e-05	-9.056639e-02	1.516816e+01
3.888000e-05	-8.571911e-02	1.522032e+01
3.889000e-05	-8.758730e-02	1.523995e+01
3.890000e-05	-9.535062e-02	1.525506e+01
3.891000e-05	-1.038846e-01	1.530569e+01
3.892000e-05	-1.031792e-01	1.534617e+01
3.893000e-05	-1.056770e-01	1.535677e+01
3.894000e-05	-1.144896e-01	1.535882e+01
3.895000e-05	-1.253135e-01	1.537085e+01
3.896000e-05	-1.283171e-01	1.537737e+01
3.897000e-05	-1.287923e-01	1.537037e+01
3.898000e-05	-1.366482e-01	1.535727e+01
3.899000e-05	-1.509945e-01	1.533827e+01
3.900000e-05	-1.639571e-01	1.537575e+01
3.901000e-05	-1.719317e-01	1.531611e+01
3.902000e-05	-1.878811e-01	1.529466e+01
3.903000e-05	-2.135878e-01	1.527195e+01
3.904000e-05	-2.406431e-01	1.524883e+01
3.905000e-05	-2.497449e-01	1.517629e+01
3.906000e-05	-2.500000e-01	1.512566e+01
3.907000e-05	-2.500000e-01	1.508155e+01
3.908000e-05	-2.500000e-01	1.499837e+01
3.909000e-05	-2.500000e-01	1.493564e+01
3.910000e-05	-2.500000e-01	1.483308e+01
3.911000e-05	-2.500000e-01	1.474637e+01
3.912000e-05	-2.452373e-01	1.468353e+01
3.913000e-05	-2.193000e-01	1.455985e+01
3.914000e-05	-1.884754e-01	1.451374e+01
3.915000e-05	-1.631874e-01	1.440085e+01
3.916000e-05	-1.461888e-01	1.424473e+01
3.917000e-05	-1.338875e-01	1.418847e+01
3.918000e-05	-1.195483e-01	1.405113e+01
3.919000e-05	-1.055893e-01	1.393629e+01
3.920000e-05	-9.682737e-02	1.379792e+01
3.921000e-05	-9.359930e-02	1.362255e+01
3.922000e-05	-8.728260e-02	1.351526e+01
3.923000e-05	-7.831193e-02	1.336887e+01
3.924000e-05	-7.113438e-02	1.318053e+01
3.925000e-05	-6.935335e-02	1.305464e+01
3.926000e-05	-6.686135e-02	1.290627e+01
3.927000e-05	-6.195665e-02	1.276632e+01
3.928000e-05	-5.580174e-02	1.262955e+01
3.929000e-05	-5.437800e-02	1.242255e+01
3.930000e-05	-5.387365e-02	1.227209e+01
3.931000e-05	-5.155674e-02	1.208614e+01
3.932000e-05	-4.615668e-02	1.191474e+01
3.933000e-05	-4.417982e-02	1.172729e+01
3.934000e-05	-4.516921e-02	1.150614e+01
3.935000e-05	-4.450425e-02	1.129471e+01
3.936000e-05	-4.222990e-02	1.109466e+01
3.937000e-05	-3.726983e-02	1.090576e+01
3.938000e-05	-3.706906e-02	1.069769e+01
3.939000e-05	-3.714059e-02	1.046466e+01
3.940000e-05	-3.591705e-02	1.025371e+01
3.941000e-05	-3.244740e-02	1.005215e+01
3.942000e-05	-3.267888e-02	9.803005e+00
3.943000e-05	-3.414978e-02	9.601373e+00
3.944000e-05	-3.273915e-02	9.378872e+00
3.945000e-05	-3.020390e-02	9.158421e+00
3.946000e-05	-2.858000e-02	8.916345e+00
3.947000e-05	-2.902280e-02	8.673214e+00
3.948000e-05	-2.826763e-02	8.483682e+00
3.949000e-05	-2.717758e-02	8.252682e+00
3.950000e-05	-2.523116e-02	8.000390e+00
3.951000e-05	-2.485046e-02	7.715843e+00
3.952000e-05	-2.481136e-02	7.434083e+00
3.953000e-05	-2.441261e-02	7.180421e+00
3.954000e-05	-2.285819e-02	6.925820e+00
3.955000e-05	-2.259848e-02	6.684159e+00
3.956000e-05	-2.342405e-02	6.410101e+00
3.957000e-05	-2.259297e-02	6.157819e+00
3.958000e-05	-2.096488e-02	5.895262e+00
3.959000e-05	-2.007459e-02	5.620077e+00
3.960000e-05	-1.898041e-02	5.347491e+00
3.961000e-05	-2.067290e-02	5.042130e+00
3.962000e-05	-2.004054e-02	4.725817e+00
3.963000e-05	-1.899198e-02	4.495159e+00
3.964000e-05	-1.817805e-02	4.148999e+00
3.965000e-05	-1.739600e-02	3.916293e+00
3.966000e-05	-1.501140e-02	3.663129e+00
3.967000e-05	-1.436752e-02	3.347953e+00
3.968000e-05	-1.464785e-02	3.054187e+00
3.969000e-05	-1.694149e-02	2.811583e+00
3.970000e-05	-1.828535e-02	2.516740e+00
3.971000e-05	-1.724873e-02	2.252608e+00
3.972000e-05	-1.415446e-02	1.969497e+00
3.973000e-05	-1.226290e-02	1.653812e+00
3.974000e-05	-1.208308e-02	1.390975e+00
3.975000e-05	-1.178461e-02	1.063738e+00
3.976000e-05	-1.102550e-02	7.369486e-01
3.977000e-05	-1.099218e-02	4.842357e-01
3.978000e-05	-1.258066e-02	1.790526e-01
3.979000e-05	-9.590664e-03	-1.031555e-01
3.980000e-05	2.717478e-03	-3.353420e-01
3.981000e-05	-5.892681e-04	-5.999486e-01
3.982000e-05	2.419193e-03	-9.147118e-01
3.983000e-05	-6.547276e-04	-1.116843e+00
3.984000e-05	2.683819e-03	-1.463681e+00
3.985000e-05	-6.785916e-04	-1.685261e+00
3.986000e-05	2.253403e-02	-1.937341e+00
3.987000e-05	9.434086e-02	-2.177869e+00
3.988000e-05	7.240969e-02	-2.545717e+00
3.989000e-05	-5.786911e-02	-2.965242e+00
3.990000e-05	-2.158026e-03	-3.323759e+00
3.991000e-05	-4.829394e-02	-3.524187e+00
3.992000e-05	-5.527942e-02	-3.705735e+00
3.993000e-05	-5.144130e-02	-3.964421e+00
3.994000e-05	1.695201e-01	-4.125736e+00
3.995000e-05	-1.566247e-01	-4.430424e+00
3.996000e-05	1.408837e-01	-4.714712e+00
3.997000e-05	-4.293422e-03	-4.946362e+00
3.998000e-05	-8.052910e-02	-5.335787e+00
3.999000e-05	1.316774e-01	-5.548395e+00
4.000000e-05	-1.758367e-01	-5.860580e+00
4.001000e-05	1.537553e-01	-6.115712e+00
4.002000e-05	-3.453385e-02	-6.367322e+00
4.003000e-05	2.438644e-02	-6.674055e+00
4.004000e-05	6.869538e-02	-6.935712e+00
4.005000e-05	-9.169452e-02	-7.191549e+00
4.006000e-05	1.180246e-01	-7.452630e+00
4.007000e-05	-9.529733e-02	-7.738240e+00
4.008000e-05	9.825830e-02	-8.031533e+00
4.009000e-05	-6.907643e-04	-8.211953e+00
4.010000e-05	-1.349322e-03	-8.535710e+00
4.011000e-05	9.244831e-02	-8.757265e+00
4.012000e-05	-8.782231e-02	-8.999922e+00
4.013000e-05	9.149822e-02	-9.210397e+00
4.014000e-05	-5.590911e-02	-9.439951e+00
4.015000e-05	9.721653e-02	-9.683161e+00
4.016000e-05	-7.884102e-03	-9.852083e+00
4.017000e-05	4.072770e-02	-1.010469e+01
4.018000e-05	2.611853e-02	-1.033559e+01
4.019000e-05	-3.490526e-03	-1.052737e+01
4.020000e-05	6.286237e-02	-1.074729e+01
4.021000e-05	-2.738862e-02	-1.094577e+01
4.022000e-05	7.214197e-02	-1.116624e+01
4.023000e-05	-1.235048e-02	-1.135777e+01
4.024000e-05	7.482282e-02	-1.158682e+01
4.025000e-05	-5.651696e-04	-1.175637e+01
4.026000e-05	4.849049e-02	-1.196837e+01
4.027000e-05	1.581817e-02	-1.215725e+01
4.028000e-05	4.454206e-02	-1.234584e+01
4.029000e-05	3.551209e-02	-1.249519e+01
4.030000e-05	2.280050e-02	-1.267416e+01
4.031000e-05	4.051549e-02	-1.284050e+01
4.032000e-05	2.741553e-02	-1.298895e+01
4.033000e-05	5.768334e-02	-1.313681e+01
4.034000e-05	2.722886e-02	-1.329611e+01
4.035000e-05	5.662681e-02	-1.342255e+01
4.036000e-05	3.085770e-02	-1.355832e+01
4.037000e-05	5.729667e-02	-1.368621e+01
4.038000e-05	3.411776e-02	-1.389156e+01
4.039000e-05	4.857955e-02	-1.402034e+01
4.040000e-05	4.066259e-02	-1.411617e+01
4.041000e-05	5.865270e-02	-1.420153e+01
4.042000e-05	5.618612e-02	-1.435694e+01
4.043000e-05	5.639503e-02	-1.445108e+01
4.044000e-05	5.536873e-02	-1.454542e+01
4.045000e-05	5.819876e-02	-1.464306e+01
4.046000e-05	6.685595e-02	-1.477726e+01
4.047000e-05	6.118372e-02	-1.483995e+01
4.048000e-05	6.793720e-02	-1.493464e+01
4.049000e-05	6.468197e-02	-1.497737e+01
4.050000e-05	7.695686e-02	-1.503358e+01
4.051000e-05	7.136938e-02	-1.509464e+01
4.052000e-05	7.766052e-02	-1.513887e+01
4.053000e-05	7.721284e-02	-1.521050e+01
4.054000e-05	8.892955e-02	-1.525158e+01
4.055000e-05	9.034249e-02	-1.527256e+01
4.056000e-05	9.213647e-02	-1.531577e+01
4.057000e-05	9.274775e-02	-1.532532e+01
4.058000e-05	9.661322e-02	-1.539582e+01
4.059000e-05	1.059447e-01	-1.538944e+01
4.060000e-05	1.082538e-01	-1.540205e+01
4.061000e-05	1.159028e-01	-1.541200e+01
4.062000e-05	1.200227e-01	-1.544050e+01
4.063000e-05	1.316767e-01	-1.538997e+01
4.064000e-05	1.350801e-01	-1.540000e+01
4.065000e-05	1.431667e-01	-1.538782e+01
4.066000e-05	1.512537e-01	-1.534837e+01
4.067000e-05	1.691679e-01	-1.535489e+01
4.068000e-05	1.885606e-01	-1.529314e+01
4.069000e-05	2.128801e-01	-1.526153e+01
4.070000e-05	2.381637e-01	-1.521050e+01
4.071000e-05	2.497383e-01	-1.518987e+01
4.072000e-05	2.500000e-01	-1.513521e+01
4.073000e-05	2.500000e-01	-1.505214e+01
4.074000e-05	2.500000e-01	-1.498035e+01
4.075000e-05	2.500000e-01	-1.489777e+01
4.076000e-05	2.500000e-01	-1.482253e+01
4.077000e-05	2.495699e-01	-1.478041e+01
4.078000e-05	2.320224e-01	-1.468262e+01
4.079000e-05	1.991852e-01	-1.462097e+01
4.080000e-05	1.725946e-01	-1.451519e+01
4.081000e-05	1.531599e-01	-1.441103e+01
4.082000e-05	1.346296e-01	-1.427471e+01
4.083000e-05	1.180853e-01	-1.414987e+01
4.084000e-05	1.051658e-01	-1.405358e+01
4.085000e-05	9.644984e-02	-1.388474e+01
4.086000e-05	8.547286e-02	-1.380893e+01
4.087000e-05	7.727245e-02	-1.361256e+01
4.088000e-05	6.936397e-02	-1.349629e+01
4.089000e-05	6.701750e-02	-1.334840e+01
4.090000e-05	6.336861e-02	-1.320005e+01
4.091000e-05	5.758968e-02	-1.307368e+01
4.092000e-05	5.142226e-02	-1.292671e+01
4.093000e-05	4.874552e-02	-1.277942e+01
4.094000e-05	4.561916e-02	-1.263245e+01
4.095000e-05	4.192386e-02	-1.243111e+01
4.096000e-05	3.709415e-02	-1.226319e+01
4.097000e-05	3.570327e-02	-1.204416e+01
4.098000e-05	3.568508e-02	-1.190464e+01
4.099000e-05	3.377704e-02	-1.170469e+01
4.100000e-05	2.980866e-02	-1.144221e+01
4.101000e-05	2.766479e-02	-1.125461e+01
4.102000e-05	2.714028e-02	-1.100311e+01
4.103000e-05	2.644246e-02	-1.083116e+01
4.104000e-05	2.493710e-02	-1.065316e+01
4.105000e-05	2.035612e-02	-1.046208e+01
4.106000e-05	1.951253e-02	-1.019201e+01
4.107000e-05	1.936944e-02	-1.001150e+01
4.108000e-05	1.898197e-02	-9.761453e+00
4.109000e-05	1.610817e-02	-9.589499e+00
4.110000e-05	1.620339e-02	-9.356395e+00
4.111000e-05	1.603070e-02	-9.113792e+00
4.112000e-05	1.609048e-02	-8.915339e+00
4.113000e-05	1.117850e-02	-8.644113e+00
4.114000e-05	1.004205e-02	-8.380600e+00
4.115000e-05	1.018511e-02	-8.179954e+00
4.116000e-05	1.117074e-02	-7.917416e+00
4.117000e-05	9.292806e-03	-7.623740e+00
4.118000e-05	7.166979e-03	-7.361099e+00
4.119000e-05	7.455759e-03	-7.126419e+00
4.120000e-05	6.749832e-03	-6.865189e+00
4.121000e-05	5.855074e-03	-6.601081e+00
4.122000e-05	3.042901e-03	-6.339548e+00
4.123000e-05	4.387006e-03	-6.075795e+00
4.124000e-05	3.626188e-03	-5.832105e+00
4.125000e-05	3.876859e-03	-5.569526e+00
4.126000e-05	2.002553e-04	-5.263659e+00
4.127000e-05	7.214483e-04	-4.926474e+00
4.128000e-05	8.744000e-04	-4.613083e+00
4.129000e-05	2.234140e-03	-4.400980e+00
4.130000e-05	6.133091e-04	-4.177499e+00
4.131000e-05	-1.758402e-03	-3.865789e+00
4.132000e-05	-1.722969e-03	-3.579525e+00
4.133000e-05	-2.929460e-03	-3.337471e+00
4.134000e-05	-3.710470e-03	-3.062636e+00
4.135000e-05	-4.724353e-03	-2.727525e+00
4.136000e-05	-3.544583e-03	-2.475217e+00
4.137000e-05	-3.098484e-03	-2.190105e+00
4.138000e-05	-3.907596e-03	-1.906420e+00
4.139000e-05	-5.929561e-03	-1.642685e+00
4.140000e-05	-5.888173e-03	-1.315899e+00
4.141000e-05	-6.761358e-03	-1.002605e+00
4.142000e-05	-6.784253e-03	-7.759235e-01
4.143000e-05	-6.926051e-03	-4.421591e-01
4.144000e-05	-6.454949e-03	-1.780512e-01
4.145000e-05	-2.536120e-04	8.318159e-02
4.146000e-05	7.907676e-03	3.988737e-01
4.147000e-05	-1.339761e-03	6.410289e-01
4.148000e-05	4.483576e-03	8.851553e-01
4.149000e-05	-2.267794e-03	1.230424e+00
4.150000e-05	2.359933e-03	1.493654e+00
4.151000e-05	-1.280881e-03	1.798449e+00
4.152000e-05	1.555736e-02	1.987949e+00
4.153000e-05	6.222233e-02	2.271504e+00
4.154000e-05	9.329966e-02	2.637239e+00
4.155000e-05	-4.931196e-02	2.933683e+00
4.156000e-05	-2.810900e-02	3.186817e+00
4.157000e-05	-4.166711e-02	3.522056e+00
4.158000e-05	-2.728995e-02	3.746237e+00
4.159000e-05	-8.668841e-02	3.936819e+00
4.160000e-05	5.861230e-03	4.187267e+00
4.161000e-05	9.249114e-02	4.483605e+00
4.162000e-05	-1.195157e-01	4.745293e+00
4.163000e-05	1.570876e-01	5.010345e+00
4.164000e-05	-6.435997e-02	5.327312e+00
4.165000e-05	-3.530042e-02	5.617872e+00
4.166000e-05	2.917799e-02	5.885183e+00
4.167000e-05	-5.850152e-02	6.156338e+00
4.168000e-05	6.800702e-02	6.408369e+00
4.169000e-05	-5.694999e-02	6.713160e+00
4.170000e-05	1.446366e-02	6.956315e+00
4.171000e-05	-1.714703e-02	7.240421e+00
4.172000e-05	-1.353317e-02	7.494128e+00
4.173000e-05	-4.269973e-03	7.766768e+00
4.174000e-05	-5.370052e-02	8.051550e+00
4.175000e-05	4.292965e-02	8.283659e+00
4.176000e-05	-2.699725e-02	8.515133e+00
4.177000e-05	-1.596732e-03	8.746238e+00
4.178000e-05	-1.656634e-02	8.978842e+00
4.179000e-05	-5.349609e-02	9.230421e+00
4.180000e-05	1.230708e-02	9.440975e+00
4.181000e-05	-2.719823e-02	9.683029e+00
4.182000e-05	2.432007e-03	9.903556e+00
4.183000e-05	-4.409142e-02	1.016421e+01
4.184000e-05	3.924341e-03	1.031518e+01
4.185000e-05	-2.131098e-02	1.053479e+01
4.186000e-05	-2.592109e-02	1.078671e+01
4.187000e-05	-2.843109e-02	1.095689e+01
4.188000e-05	-3.722855e-02	1.116619e+01
4.189000e-05	-3.787423e-03	1.137734e+01
4.190000e-05	-3.373353e-02	1.157626e+01
4.191000e-05	-2.293800e-02	1.180684e+01
4.192000e-05	-4.648883e-02	1.198831e+01
4.193000e-05	-1.651750e-02	1.214729e+01
4.194000e-05	-2.786227e-02	1.230769e+01
4.195000e-05	-3.023008e-02	1.247461e+01
4.196000e-05	-4.457402e-02	1.268255e+01
4.197000e-05	-3.819330e-02	1.282092e+01
4.198000e-05	-2.661648e-02	1.296832e+01
4.199000e-05	-4.041418e-02	1.311674e+01
4.200000e-05	-4.486548e-02	1.330210e+01
4.201000e-05	-4.789151e-02	1.342895e+01
4.202000e-05	-3.151040e-02	1.359935e+01
4.203000e-05	-4.082234e-02	1.371369e+01
4.204000e-05	-5.179425e-02	1.383295e+01
4.205000e-05	-5.954715e-02	1.397779e+01
4.206000e-05	-5.000832e-02	1.414523e+01
4.207000e-05	-4.682015e-02	1.423255e+01
4.208000e-05	-5.727759e-02	1.434777e+01
4.209000e-05	-6.369866e-02	1.448258e+01
4.210000e-05	-6.147266e-02	1.454884e+01
4.211000e-05	-5.470955e-02	1.464155e+01
4.212000e-05	-6.200114e-02	1.475681e+01
4.213000e-05	-7.130018e-02	1.480847e+01
4.214000e-05	-7.400323e-02	1.491511e+01
4.215000e-05	-6.931760e-02	1.494622e+01
4.216000e-05	-7.213351e-02	1.499102e+01
4.217000e-05	-8.477708e-02	1.504363e+01
4.218000e-05	-9.164210e-02	1.514624e+01
4.219000e-05	-8.744430e-02	1.518886e+01
4.220000e-05	-8.344085e-02	1.518995e+01
4.221000e-05	-9.228878e-02	1.527258e+01
4.222000e-05	-1.014269e-01	1.531561e+01
4.223000e-05	-1.037918e-01	1.533676e+01
4.224000e-05	-1.031775e-01	1.536827e+01
4.225000e-05	-1.097808e-01	1.536874e+01
4.226000e-05	-1.230515e-01	1.539830e+01
4.227000e-05	-1.280745e-01	1.538927e+01
4.228000e-05	-1.276408e-01	1.537932e+01
4.229000e-05	-1.315679e-01	1.536934e+01
4.230000e-05	-1.469418e-01	1.535729e+01
4.231000e-05	-1.608336e-01	1.537779e+01
4.232000e-05	-1.685061e-01	1.535822e+01
4.233000e-05	-1.797461e-01	1.532413e+01
4.234000e-05	-2.030687e-01	1.526308e+01
4.235000e-05	-2.327500e-01	1.521143e+01
4.236000e-05	-2.485804e-01	1.519734e+01
4.237000e-05	-2.500000e-01	1.512566e+01
4.238000e-05	-2.500000e-01	1.511415e+01
4.239000e-05	-2.500000e-01	1.501045e+01
4.240000e-05	-2.500000e-01	1.495777e+01
4.241000e-05	-2.500000e-01	1.485158e+01
4.242000e-05	-2.500000e-01	1.479148e+01
4.243000e-05	-2.492449e-01	1.469521e+01
4.244000e-05	-2.322260e-01	1.463098e+01
4.245000e-05	-1.989918e-01	1.450627e+01
4.246000e-05	-1.713380e-01	1.448250e+01
4.247000e-05	-1.513174e-01	1.428834e+01
4.248000e-05	-1.396061e-01	1.420792e+01
4.249000e-05	-1.255138e-01	1.409311e+01
4.250000e-05	-1.099833e-01	1.390742e+01
4.251000e-05	-9.839743e-02	1.384101e+01
4.252000e-05	-9.489688e-02	1.371469e+01
4.253000e-05	-9.008478e-02	1.355837e+01
4.254000e-05	-8.121610e-02	1.344158e+01
4.255000e-05	-7.267388e-02	1.328313e+01
4.256000e-05	-6.903076e-02	1.310776e+01
4.257000e-05	-6.865916e-02	1.301990e+01
4.258000e-05	-6.513999e-02	1.280950e+01
4.259000e-05	-5.787150e-02	1.267366e+01
4.260000e-05	-5.447652e-02	1.251421e+01
4.261000e-05	-5.420048e-02	1.230681e+01
4.262000e-05	-5.245030e-02	1.216837e+01
4.263000e-05	-4.701320e-02	1.196997e+01
4.264000e-05	-4.368584e-02	1.180990e+01
4.265000e-05	-4.561668e-02	1.157995e+01
4.266000e-05	-4.647309e-02	1.136845e+01
4.267000e-05	-4.364052e-02	1.116732e+01
4.268000e-05	-3.817542e-02	1.100039e+01
4.269000e-05	-3.730919e-02	1.074842e+01
4.270000e-05	-3.767963e-02	1.056787e+01
4.271000e-05	-3.710907e-02	1.036577e+01
4.272000e-05	-3.319259e-02	1.013729e+01
4.273000e-05	-3.138901e-02	9.897217e+00
4.274000e-05	-3.224352e-02	9.684737e+00
4.275000e-05	-3.420016e-02	9.441154e+00
4.276000e-05	-3.032906e-02	9.230533e+00
4.277000e-05	-2.764053e-02	9.022454e+00
4.278000e-05	-2.762399e-02	8.749895e+00
4.279000e-05	-3.011155e-02	8.555798e+00
4.280000e-05	-2.839716e-02	8.287790e+00
4.281000e-05	-2.470454e-02	8.073184e+00
4.282000e-05	-2.316127e-02	7.781102e+00
4.283000e-05	-2.436370e-02	7.528445e+00
4.284000e-05	-2.603278e-02	7.253163e+00
4.285000e-05	-2.374384e-02	7.002130e+00
4.286000e-05	-2.210796e-02	6.779025e+00
4.287000e-05	-2.268338e-02	6.517291e+00
4.288000e-05	-2.486444e-02	6.242557e+00
4.289000e-05	-2.252685e-02	5.999523e+00
4.290000e-05	-1.908479e-02	5.716738e+00
4.291000e-05	-1.890343e-02	5.462679e+00
4.292000e-05	-2.088154e-02	5.147369e+00
4.293000e-05	-2.053265e-02	4.832229e+00
4.294000e-05	-1.891733e-02	4.588446e+00
4.295000e-05	-1.732001e-02	4.324867e+00
4.296000e-05	-1.849146e-02	4.011050e+00
4.297000e-05	-1.927568e-02	3.736365e+00
4.298000e-05	-1.763772e-02	3.495714e+00
4.299000e-05	-1.447375e-02	3.169472e+00
4.300000e-05	-1.523599e-02	2.915842e+00
4.301000e-05	-1.719255e-02	2.622634e+00
4.302000e-05	-1.637022e-02	2.318871e+00
4.303000e-05	-1.331940e-02	2.073137e+00
4.304000e-05	-1.285732e-02	1.809999e+00
4.305000e-05	-1.306879e-02	1.504763e+00
4.306000e-05	-1.420902e-02	1.178549e+00
4.307000e-05	-1.301736e-02	8.637068e-01
4.308000e-05	-1.064695e-02	6.095490e-01
4.309000e-05	-1.140212e-02	3.378422e-01
4.310000e-05	-9.816236e-03	1.260249e-02
4.311000e-05	-1.071837e-03	-2.520565e-01
4.312000e-05	5.922122e-03	-4.731880e-01
4.313000e-05	-2.014776e-03	-7.898737e-01
4.314000e-05	2.275190e-03	-1.024078e+00
4.315000e-05	-3.011407e-03	-1.345188e+00
4.316000e-05	1.577481e-03	-1.629475e+00
4.317000e-05	7.834433e-03	-1.821602e+00
4.318000e-05	5.802538e-02	-2.053056e+00
4.319000e-05	1.211425e-01	-2.397921e+00
4.320000e-05	-4.192456e-02	-2.788868e+00
4.321000e-05	-8.643724e-03	-3.167394e+00
4.322000e-05	-4.101906e-02	-3.431578e+00
4.323000e-05	-3.622349e-02	-3.640576e+00
4.324000e-05	-1.048321e-01	-3.894058e+00
4.325000e-05	1.414299e-01	-4.062134e+00
4.326000e-05	-4.796247e-02	-4.294132e+00
4.327000e-05	-4.129289e-03	-4.591950e+00
4.328000e-05	1.733327e-01	-4.840023e+00
4.329000e-05	-1.696314e-01	-5.218920e+00
4.330000e-05	1.527857e-01	-5.463264e+00
4.331000e-05	-1.194876e-01	-5.746342e+00
4.332000e-05	2.977791e-02	-6.041103e+00
4.333000e-05	9.903152e-02	-6.251985e+00
4.334000e-05	-8.274174e-02	-6.586946e+00
4.335000e-05	1.396550e-01	-6.840052e+00
4.336000e-05	-1.050649e-01	-7.093138e+00
4.337000e-05	7.897147e-02	-7.388447e+00
4.338000e-05	-1.986915e-02	-7.618950e+00
4.339000e-05	-6.647109e-03	-7.945242e+00
4.340000e-05	1.018560e-01	-8.136373e+00
4.341000e-05	-7.568132e-02	-8.419499e+00
4.342000e-05	1.295372e-01	-8.672081e+00
4.343000e-05	-7.346344e-02	-8.904611e+00
4.344000e-05	4.670671e-02	-9.147846e+00
4.345000e-05	-6.481440e-04	-9.326241e+00
4.346000e-05	2.104500e-02	-9.598400e+00
4.347000e-05	6.978445e-02	-9.789421e+00
4.348000e-05	-2.628210e-02	-1.004298e+01
4.349000e-05	8.333880e-02	-1.022198e+01
4.350000e-05	-4.436565e-02	-1.049451e+01
4.351000e-05	8.436560e-02	-1.068206e+01
4.352000e-05	-2.664494e-02	-1.089263e+01
4.353000e-05	5.617953e-02	-1.108264e+01
4.354000e-05	9.312761e-03	-1.127406e+01
4.355000e-05	4.137176e-02	-1.149326e+01
4.356000e-05	3.524988e-02	-1.169463e+01
4.357000e-05	1.304609e-02	-1.186424e+01
4.358000e-05	4.630295e-02	-1.207521e+01
4.359000e-05	1.480435e-02	-1.227356e+01
4.360000e-05	6.320299e-02	-1.246358e+01
4.361000e-05	8.857156e-03	-1.263203e+01
4.362000e-05	5.068572e-02	-1.278837e+01
4.363000e-05	1.752612e-02	-1.293681e+01
4.364000e-05	5.683013e-02	-1.309166e+01
4.365000e-05	2.891801e-02	-1.323205e+01
4.366000e-05	4.973073e-02	-1.341895e+01
4.367000e-05	3.746171e-02	-1.349679e+01
4.368000e-05	4.993736e-02	-1.366361e+01
4.369000e-05	4.605081e-02	-1.382047e+01
4.370000e-05	3.907430e-02	-1.394679e+01
4.371000e-05	4.594035e-02	-1.409303e+01
4.372000e-05	4.732150e-02	-1.421935e+01
4.373000e-05	6.274403e-02	-1.429474e+01
4.374000e-05	5.031598e-02	-1.439993e+01
4.375000e-05	5.969134e-02	-1.451569e+01
4.376000e-05	5.170707e-02	-1.462158e+01
4.377000e-05	6.831800e-02	-1.468319e+01
4.378000e-05	6.034209e-02	-1.476685e+01
4.379000e-05	6.814609e-02	-1.487309e+01
4.380000e-05	6.313089e-02	-1.495580e+01
4.381000e-05	7.462458e-02	-1.503935e+01
4.382000e-05	7.257519e-02	-1.508463e+01
4.383000e-05	7.536476e-02	-1.515719e+01
4.384000e-05	7.573593e-02	-1.519992e+01
4.385000e-05	8.392422e-02	-1.524145e+01
4.386000e-05	9.251493e-02	-1.527258e+01
4.387000e-05	9.082457e-02	-1.531667e+01
4.388000e-05	9.380646e-02	-1.533832e+01
4.389000e-05	9.381170e-02	-1.534685e+01
4.390000e-05	1.045421e-01	-1.538890e+01
4.391000e-05	1.066249e-01	-1.538997e+01
4.392000e-05	1.138359e-01	-1.547005e+01
4.393000e-05	1.169927e-01	-1.542850e+01
4.394000e-05	1.279464e-01	-1.539955e+01
4.395000e-05	1.351045e-01	-1.537898e+01
4.396000e-05	1.411162e-01	-1.536940e+01
4.397000e-05	1.482634e-01	-1.535982e+01
4.398000e-05	1.617278e-01	-1.533579e+01
4.399000e-05	1.821536e-01	-1.527416e+01
4.400000e-05	2.037668e-01	-1.526306e+01
4.401000e-05	2.287027e-01	-1.522208e+01
4.402000e-05	2.474103e-01	-1.517050e+01
4.403000e-05	2.499900e-01	-1.515832e+01
4.404000e-05	2.500000e-01	-1.508364e+01
4.405000e-05	2.500000e-01	-1.501045e+01
4.406000e-05	2.500000e-01	-1.493734e+01
4.407000e-05	2.500000e-01	-1.487318e+01
4.408000e-05	2.499900e-01	-1.475893e+01
4.409000e-05	2.411732e-01	-1.470524e+01
4.410000e-05	2.103567e-01	-1.462006e+01
4.411000e-05	1.811359e-01	-1.452794e+01
4.412000e-05	1.601897e-01	-1.442106e+01
4.413000e-05	1.405242e-01	-1.432574e+01
4.414000e-05	1.232895e-01	-1.420043e+01
4.415000e-05	1.095138e-01	-1.408514e+01
4.416000e-05	9.964652e-02	-1.396782e+01
4.417000e-05	9.006694e-02	-1.382211e+01
4.418000e-05	8.118995e-02	-1.367327e+01
4.419000e-05	7.270795e-02	-1.355692e+01
4.420000e-05	6.761967e-02	-1.339051e+01
4.421000e-05	6.404977e-02	-1.327576e+01
4.422000e-05	5.927577e-02	-1.311636e+01
4.423000e-05	5.339334e-02	-1.302093e+01
4.424000e-05	4.907428e-02	-1.280100e+01
4.425000e-05	4.712816e-02	-1.263364e+01
4.426000e-05	4.405359e-02	-1.248274e+01
4.427000e-05	3.988589e-02	-1.229686e+01
4.428000e-05	3.712475e-02	-1.213833e+01
4.429000e-05	3.495789e-02	-1.194897e+01
4.430000e-05	3.384745e-02	-1.173935e+01
4.431000e-05	3.045306e-02	-1.152790e+01
4.432000e-05	2.741007e-02	-1.130734e+01
4.433000e-05	2.642714e-02	-1.109577e+01
4.434000e-05	2.735816e-02	-1.090574e+01
4.435000e-05	2.631424e-02	-1.071532e+01
4.436000e-05	2.293785e-02	-1.053625e+01
4.437000e-05	2.085827e-02	-1.031679e+01
4.438000e-05	1.942701e-02	-1.005374e+01
4.439000e-05	1.827963e-02	-9.851612e+00
4.440000e-05	1.767016e-02	-9.642690e+00
4.441000e-05	1.596909e-02	-9.434507e+00
4.442000e-05	1.595282e-02	-9.191029e+00
4.443000e-05	1.589369e-02	-8.940502e+00
4.444000e-05	1.361061e-02	-8.746421e+00
4.445000e-05	1.177348e-02	-8.494713e+00
4.446000e-05	1.022618e-02	-8.262608e+00
4.447000e-05	1.033879e-02	-8.030578e+00
4.448000e-05	1.036319e-02	-7.757401e+00
4.449000e-05	8.018182e-03	-7.515713e+00
4.450000e-05	7.402489e-03	-7.252129e+00
4.451000e-05	5.896640e-03	-6.980028e+00
4.452000e-05	5.282323e-03	-6.735743e+00
4.453000e-05	4.403635e-03	-6.453738e+00
4.454000e-05	4.852063e-03	-6.201504e+00
4.455000e-05	5.065312e-03	-5.947317e+00
4.456000e-05	3.940305e-03	-5.693238e+00
4.457000e-05	3.424558e-03	-5.388000e+00
4.458000e-05	-2.102620e-04	-5.095692e+00
4.459000e-05	3.708160e-04	-4.766402e+00
4.460000e-05	9.849974e-04	-4.485742e+00
4.461000e-05	7.836297e-04	-4.263137e+00
4.462000e-05	-1.331067e-04	-4.000581e+00
4.463000e-05	-2.416838e-03	-3.695291e+00
4.464000e-05	-2.661290e-03	-3.443133e+00
4.465000e-05	-3.988648e-03	-3.167954e+00
4.466000e-05	-2.799208e-03	-2.801685e+00
4.467000e-05	-5.046000e-03	-2.580030e+00
4.468000e-05	-1.917330e-03	-2.335391e+00
4.469000e-05	-3.927993e-03	-2.011130e+00
4.470000e-05	-3.387284e-03	-1.747876e+00
4.471000e-05	-7.531287e-03	-1.434737e+00
4.472000e-05	-6.518691e-03	-1.085397e+00
4.473000e-05	-6.864413e-03	-8.431830e-01
4.474000e-05	-6.345213e-03	-5.389210e-01
4.475000e-05	-6.338985e-03	-2.837842e-01
4.476000e-05	-4.419353e-03	2.039237e-02
4.477000e-05	8.237316e-03	3.132602e-01
4.478000e-05	7.250168e-05	5.568407e-01
4.479000e-05	4.109213e-03	7.794459e-01
4.480000e-05	-1.152489e-03	1.112681e+00
4.481000e-05	4.733600e-04	1.349817e+00
4.482000e-05	-2.287884e-03	1.684257e+00
4.483000e-05	9.135412e-03	1.926185e+00
4.484000e-05	3.604894e-02	2.166790e+00
4.485000e-05	1.085963e-01	2.420400e+00
4.486000e-05	-7.062517e-03	2.809969e+00
4.487000e-05	-4.274026e-02	3.102682e+00
4.488000e-05	-3.570559e-02	3.397764e+00
4.489000e-05	-2.920163e-02	3.641529e+00
4.490000e-05	-6.974918e-02	3.883654e+00
4.491000e-05	-5.321026e-02	4.092079e+00
4.492000e-05	1.098990e-01	4.366291e+00
4.493000e-05	-7.585894e-02	4.683002e+00
4.494000e-05	4.965673e-02	4.872625e+00
4.495000e-05	7.568011e-02	5.252028e+00
4.496000e-05	-1.211035e-01	5.514634e+00
4.497000e-05	6.620694e-02	5.798366e+00
4.498000e-05	-6.884330e-02	6.083058e+00
4.499000e-05	4.456725e-02	6.264557e+00
4.500000e-05	-4.969902e-03	6.588793e+00
4.501000e-05	-4.004113e-02	6.843029e+00
4.502000e-05	2.762314e-02	7.134084e+00
4.503000e-05	-5.055685e-02	7.410393e+00
4.504000e-05	2.986477e-02	7.692054e+00
4.505000e-05	-7.222029e-02	7.955790e+00
4.506000e-05	2.845626e-02	8.210396e+00
4.507000e-05	2.979896e-03	8.431528e+00
4.508000e-05	-2.557585e-02	8.621479e+00
4.509000e-05	1.057338e-02	8.905582e+00
4.510000e-05	-6.830245e-02	9.113733e+00
4.511000e-05	9.078524e-03	9.345837e+00
4.512000e-05	-2.569594e-02	9.609820e+00
4.513000e-05	5.927919e-03	9.829918e+00
4.514000e-05	-3.984514e-02	1.007190e+01
4.515000e-05	-9.647284e-03	1.023198e+01
4.516000e-05	-8.453999e-03	1.041958e+01
4.517000e-05	-3.041920e-02	1.068303e+01
4.518000e-05	-2.170313e-02	1.088261e+01
4.519000e-05	-4.252920e-02	1.110310e+01
4.520000e-05	-5.374893e-03	1.130411e+01
4.521000e-05	-2.881104e-02	1.151506e+01
4.522000e-05	-2.147356e-02	1.172358e+01
4.523000e-05	-4.610801e-02	1.188406e+01
4.524000e-05	-2.397965e-02	1.209413e+01
4.525000e-05	-2.427778e-02	1.227203e+01
4.526000e-05	-2.721222e-02	1.240945e+01
4.527000e-05	-4.047410e-02	1.259992e+01
4.528000e-05	-4.282251e-02	1.275574e+01
4.529000e-05	-2.780787e-02	1.293571e+01
4.530000e-05	-3.674164e-02	1.304303e+01
4.531000e-05	-4.143598e-02	1.325096e+01
4.532000e-05	-5.117759e-02	1.334784e+01
4.533000e-05	-3.225938e-02	1.350628e+01
4.534000e-05	-3.968335e-02	1.369058e+01
4.535000e-05	-4.528987e-02	1.376992e+01
4.536000e-05	-6.043692e-02	1.396671e+01
4.537000e-05	-5.195146e-02	1.405208e+01
4.538000e-05	-4.740078e-02	1.420939e+01
4.539000e-05	-5.150810e-02	1.432611e+01
4.540000e-05	-6.033580e-02	1.439095e+01
4.541000e-05	-6.562492e-02	1.453429e+01
4.542000e-05	-5.489423e-02	1.462945e+01
4.543000e-05	-6.178004e-02	1.467466e+01
4.544000e-05	-6.573573e-02	1.477840e+01
4.545000e-05	-7.647360e-02	1.485110e+01
4.546000e-05	-6.885730e-02	1.493671e+01
4.547000e-05	-7.191260e-02	1.497837e+01
4.548000e-05	-7.771176e-02	1.506147e+01
4.549000e-05	-9.030520e-02	1.510568e+01
4.550000e-05	-8.988373e-02	1.518777e+01
4.551000e-05	-8.588704e-02	1.522985e+01
4.552000e-05	-8.844232e-02	1.525055e+01
4.553000e-05	-9.887675e-02	1.530405e+01
4.554000e-05	-1.045039e-01	1.531272e+01
4.555000e-05	-1.025459e-01	1.533677e+01
4.556000e-05	-1.068573e-01	1.534871e+01
4.557000e-05	-1.174034e-01	1.535932e+01
4.558000e-05	-1.264944e-01	1.536932e+01
4.559000e-05	-1.285988e-01	1.536987e+01
4.560000e-05	-1.301613e-01	1.538882e+01
4.561000e-05	-1.405909e-01	1.537777e+01
4.562000e-05	-1.549065e-01	1.536779e+01
4.563000e-05	-1.671011e-01	1.535569e+01
4.564000e-05	-1.752844e-01	1.535409e+01
4.565000e-05	-1.929452e-01	1.528261e+01
4.566000e-05	-2.216909e-01	1.527148e+01
4.567000e-05	-2.450501e-01	1.521940e+01
4.568000e-05	-2.499700e-01	1.514629e+01
4.569000e-05	-2.500000e-01	1.511458e+01
4.570000e-05	-2.500000e-01	1.504003e+01
4.571000e-05	-2.500000e-01	1.496999e+01
4.572000e-05	-2.500000e-01	1.491261e+01
4.573000e-05	-2.500000e-01	1.482200e+01
4.574000e-05	-2.499650e-01	1.471732e+01
4.575000e-05	-2.400933e-01	1.467256e+01
4.576000e-05	-2.116764e-01	1.457835e+01
4.577000e-05	-1.807510e-01	1.447265e+01
4.578000e-05	-1.571053e-01	1.435784e+01
4.579000e-05	-1.421515e-01	1.425308e+01
4.580000e-05	-1.305715e-01	1.414731e+01
4.581000e-05	-1.166341e-01	1.399042e+01
4.582000e-05	-1.038661e-01	1.386413e+01
4.583000e-05	-9.496802e-02	1.376729e+01
4.584000e-05	-9.195024e-02	1.360950e+01
4.585000e-05	-8.506571e-02	1.348416e+01
4.586000e-05	-7.497990e-02	1.333876e+01
4.587000e-05	-6.898241e-02	1.316947e+01
4.588000e-05	-6.874995e-02	1.305248e+01
4.589000e-05	-6.661777e-02	1.284316e+01
4.590000e-05	-5.949547e-02	1.267579e+01
4.591000e-05	-5.605462e-02	1.259837e+01
4.592000e-05	-5.405667e-02	1.237952e+01
4.593000e-05	-5.437094e-02	1.226248e+01
4.594000e-05	-4.871006e-02	1.206213e+01
4.595000e-05	-4.544824e-02	1.187366e+01
4.596000e-05	-4.329177e-02	1.163200e+01
4.597000e-05	-4.646557e-02	1.144313e+01
4.598000e-05	-4.364156e-02	1.124207e+01
4.599000e-05	-4.107224e-02	1.106356e+01
4.600000e-05	-3.601169e-02	1.085168e+01
4.601000e-05	-3.836453e-02	1.067203e+01
4.602000e-05	-3.696978e-02	1.040313e+01
4.603000e-05	-3.443017e-02	1.021253e+01
4.604000e-05	-3.070757e-02	9.980549e+00
4.605000e-05	-3.232989e-02	9.757323e+00
4.606000e-05	-3.367324e-02	9.538891e+00
4.607000e-05	-3.132294e-02	9.325814e+00
4.608000e-05	-2.753897e-02	9.116739e+00
4.609000e-05	-2.776446e-02	8.852134e+00
4.610000e-05	-2.916830e-02	8.633055e+00
4.611000e-05	-2.916240e-02	8.410100e+00
4.612000e-05	-2.572449e-02	8.138847e+00
4.613000e-05	-2.431645e-02	7.914761e+00
4.614000e-05	-2.481191e-02	7.642154e+00
4.615000e-05	-2.566157e-02	7.409402e+00
4.616000e-05	-2.410071e-02	7.104741e+00
4.617000e-05	-2.219233e-02	6.894055e+00
4.618000e-05	-2.243270e-02	6.630980e+00
4.619000e-05	-2.347110e-02	6.367393e+00
4.620000e-05	-2.274212e-02	6.076189e+00
4.621000e-05	-1.920967e-02	5.851106e+00
4.622000e-05	-2.006495e-02	5.539345e+00
4.623000e-05	-1.976998e-02	5.284216e+00
4.624000e-05	-2.233369e-02	4.988399e+00
4.625000e-05	-1.888648e-02	4.624212e+00
4.626000e-05	-1.745458e-02	4.391554e+00
4.627000e-05	-1.674134e-02	4.126259e+00
4.628000e-05	-1.925634e-02	3.851629e+00
4.629000e-05	-1.700671e-02	3.600025e+00
4.630000e-05	-1.508392e-02	3.254662e+00
4.631000e-05	-1.546701e-02	3.042076e+00
4.632000e-05	-1.656052e-02	2.797444e+00
4.633000e-05	-1.650983e-02	2.453030e+00
4.634000e-05	-1.505557e-02	2.156868e+00
4.635000e-05	-1.289048e-02	1.906343e+00
4.636000e-05	-1.253605e-02	1.620078e+00
4.637000e-05	-1.398221e-02	1.314766e+00
4.638000e-05	-1.270312e-02	9.489973e-01
4.639000e-05	-1.127347e-02	6.757369e-01
4.640000e-05	-1.129867e-02	4.521265e-01
4.641000e-05	-9.951871e-03	1.167933e-01
4.642000e-05	-6.800207e-03	-1.593447e-01
4.643000e-05	6.115951e-03	-3.904500e-01
4.644000e-05	-5.089179e-03	-7.247055e-01
4.645000e-05	3.486887e-03	-9.472947e-01
4.646000e-05	-2.999117e-03	-1.219477e+00
4.647000e-05	3.614610e-03	-1.535390e+00
4.648000e-05	1.358346e-03	-1.797345e+00
4.649000e-05	3.372235e-02	-2.018472e+00
4.650000e-05	1.201950e-01	-2.272083e+00
4.651000e-05	1.792494e-02	-2.631625e+00
4.652000e-05	-3.922345e-02	-3.073005e+00
4.653000e-05	-1.765047e-02	-3.337343e+00
4.654000e-05	-4.006247e-02	-3.576846e+00
4.655000e-05	-8.524876e-02	-3.788970e+00
4.656000e-05	3.152801e-02	-3.978974e+00
4.657000e-05	1.072806e-01	-4.169421e+00
4.658000e-05	-1.492424e-01	-4.503637e+00
4.659000e-05	1.902340e-01	-4.747846e+00
4.660000e-05	-1.060558e-01	-5.019503e+00
4.661000e-05	3.853158e-02	-5.392425e+00
4.662000e-05	3.457413e-02	-5.591026e+00
4.663000e-05	-1.291918e-01	-5.936261e+00
4.664000e-05	1.814812e-01	-6.158868e+00
4.665000e-05	-9.613004e-02	-6.453005e+00
4.666000e-05	1.049755e-01	-6.726336e+00
4.667000e-05	-1.929065e-02	-6.999447e+00
4.668000e-05	-2.583433e-02	-7.302710e+00
4.669000e-05	8.170260e-02	-7.534264e+00
4.670000e-05	-8.831285e-02	-7.820024e+00
4.671000e-05	1.348503e-01	-8.104708e+00
4.672000e-05	-6.409934e-02	-8.284137e+00
4.673000e-05	7.230619e-02	-8.589347e+00
4.674000e-05	2.175246e-02	-8.819901e+00
4.675000e-05	-4.416386e-02	-9.071004e+00
4.676000e-05	7.295193e-02	-9.241599e+00
4.677000e-05	-5.076604e-02	-9.484187e+00
4.678000e-05	1.166920e-01	-9.755291e+00
4.679000e-05	-4.143274e-02	-9.925866e+00
4.680000e-05	8.073647e-02	-1.017783e+01
4.681000e-05	-1.928258e-02	-1.036687e+01
4.682000e-05	4.215118e-02	-1.060895e+01
4.683000e-05	2.237265e-02	-1.082952e+01
4.684000e-05	1.680821e-03	-1.101998e+01
4.685000e-05	5.245801e-02	-1.116945e+01
4.686000e-05	5.939948e-04	-1.144995e+01
4.687000e-05	7.229552e-02	-1.164053e+01
4.688000e-05	-8.321541e-03	-1.181055e+01
4.689000e-05	5.895611e-02	-1.204102e+01
4.690000e-05	4.569524e-03	-1.218997e+01
4.691000e-05	6.243034e-02	-1.236995e+01
4.692000e-05	1.659114e-02	-1.253730e+01
4.693000e-05	3.737638e-02	-1.275679e+01
4.694000e-05	2.844074e-02	-1.284503e+01
4.695000e-05	4.127336e-02	-1.306198e+01
4.696000e-05	4.637116e-02	-1.324989e+01
4.697000e-05	3.392823e-02	-1.337627e+01
4.698000e-05	5.161676e-02	-1.348566e+01
4.699000e-05	3.648880e-02	-1.361153e+01
4.700000e-05	5.897847e-02	-1.374775e+01
4.701000e-05	3.224508e-02	-1.393324e+01
4.702000e-05	4.888428e-02	-1.403045e+01
4.703000e-05	3.929054e-02	-1.414882e+01
4.704000e-05	6.061227e-02	-1.426311e+01
4.705000e-05	4.974192e-02	-1.437950e+01
4.706000e-05	5.854543e-02	-1.447416e+01
4.707000e-05	5.299810e-02	-1.454895e+01
4.708000e-05	6.815827e-02	-1.469261e+01
4.709000e-05	6.626572e-02	-1.474729e+01
4.710000e-05	6.531148e-02	-1.488258e+01
4.711000e-05	6.376498e-02	-1.493524e+01
4.712000e-05	6.613910e-02	-1.497998e+01
4.713000e-05	7.361421e-02	-1.506056e+01
4.714000e-05	6.868625e-02	-1.512519e+01
4.715000e-05	7.715051e-02	-1.515792e+01
4.716000e-05	8.013413e-02	-1.520038e+01
4.717000e-05	9.539995e-02	-1.522248e+01
4.718000e-05	9.281777e-02	-1.530411e+01
4.719000e-05	9.475670e-02	-1.532422e+01
4.720000e-05	9.213106e-02	-1.534789e+01
4.721000e-05	9.932999e-02	-1.540099e+01
4.722000e-05	1.045090e-01	-1.536888e+01
4.723000e-05	1.076970e-01	-1.541005e+01
4.724000e-05	1.155575e-01	-1.542103e+01
4.725000e-05	1.237007e-01	-1.543013e+01
4.726000e-05	1.357071e-01	-1.538955e+01
4.727000e-05	1.395015e-01	-1.535783e+01
4.728000e-05	1.459896e-01	-1.537840e+01
4.729000e-05	1.559483e-01	-1.534692e+01
4.730000e-05	1.739873e-01	-1.531537e+01
4.731000e-05	1.936394e-01	-1.529414e+01
4.732000e-05	2.172023e-01	-1.520258e+01
4.733000e-05	2.420744e-01	-1.520950e+01
4.734000e-05	2.499599e-01	-1.515695e+01
4.735000e-05	2.500000e-01	-1.510729e+01
4.736000e-05	2.500000e-01	-1.502256e+01
4.737000e-05	2.500000e-01	-1.496832e+01
4.738000e-05	2.500000e-01	-1.488517e+01
4.739000e-05	2.500000e-01	-1.480205e+01
4.740000e-05	2.476981e-01	-1.473722e+01
4.741000e-05	2.217724e-01	-1.465216e+01
4.742000e-05	1.898505e-01	-1.459852e+01
4.743000e-05	1.664637e-01	-1.448216e+01
4.744000e-05	1.472094e-01	-1.436689e+01
4.745000e-05	1.300177e-01	-1.424259e+01
4.746000e-05	1.147998e-01	-1.415880e+01
4.747000e-05	1.030976e-01	-1.400953e+01
4.748000e-05	9.349516e-02	-1.387523e+01
4.749000e-05	8.405337e-02	-1.376587e+01
4.750000e-05	7.488987e-02	-1.361006e+01
4.751000e-05	6.937018e-02	-1.346419e+01
4.752000e-05	6.474697e-02	-1.331684e+01
4.753000e-05	6.055423e-02	-1.317800e+01
4.754000e-05	5.429093e-02	-1.300206e+01
4.755000e-05	5.122112e-02	-1.291511e+01
4.756000e-05	4.805922e-02	-1.271687e+01
4.757000e-05	4.556095e-02	-1.254742e+01
4.758000e-05	4.118788e-02	-1.236755e+01
4.759000e-05	3.678355e-02	-1.222016e+01
4.760000e-05	3.487750e-02	-1.206305e+01
4.761000e-05	3.360752e-02	-1.184151e+01
4.762000e-05	3.163175e-02	-1.157263e+01
4.763000e-05	2.882184e-02	-1.142158e+01
4.764000e-05	2.787929e-02	-1.119848e+01
4.765000e-05	2.805403e-02	-1.100995e+01
4.766000e-05	2.583262e-02	-1.078152e+01
4.767000e-05	2.291682e-02	-1.060151e+01
4.768000e-05	2.076905e-02	-1.041057e+01
4.769000e-05	2.082546e-02	-1.019880e+01
4.770000e-05	1.922528e-02	-9.928971e+00
4.771000e-05	1.774125e-02	-9.748369e+00
4.772000e-05	1.621347e-02	-9.506367e+00
4.773000e-05	1.547864e-02	-9.284187e+00
4.774000e-05	1.418002e-02	-9.013583e+00
4.775000e-05	1.342760e-02	-8.811583e+00
4.776000e-05	1.242233e-02	-8.611528e+00
4.777000e-05	1.184335e-02	-8.337969e+00
4.778000e-05	1.134886e-02	-8.125393e+00
4.779000e-05	9.921320e-03	-7.864712e+00
4.780000e-05	9.121962e-03	-7.599496e+00
4.781000e-05	7.083830e-03	-7.336790e+00
4.782000e-05	7.967406e-03	-7.093262e+00
4.783000e-05	5.677200e-03	-6.789608e+00
4.784000e-05	5.705224e-03	-6.537999e+00
4.785000e-05	4.327306e-03	-6.295344e+00
4.786000e-05	5.012429e-03	-6.020105e+00
4.787000e-05	3.347769e-03	-5.757001e+00
4.788000e-05	3.335480e-03	-5.503836e+00
4.789000e-05	5.280888e-04	-5.161450e+00
4.790000e-05	1.391121e-03	-4.873315e+00
4.791000e-05	1.659947e-03	-4.560031e+00
4.792000e-05	1.235265e-03	-4.328446e+00
4.793000e-05	6.197167e-04	-4.095242e+00
4.794000e-05	-1.618059e-03	-3.801609e+00
4.795000e-05	-1.242256e-03	-3.536420e+00
4.796000e-05	-3.927257e-03	-3.273716e+00
4.797000e-05	-3.297079e-03	-2.978420e+00
4.798000e-05	-4.662279e-03	-2.675787e+00
4.799000e-05	-2.121118e-03	-2.403129e+00
4.800000e-05	-3.383367e-03	-2.135843e+00
4.801000e-05	-2.584353e-03	-1.854137e+00
4.802000e-05	-6.053341e-03	-1.600030e+00
4.803000e-05	-6.136028e-03	-1.243138e+00
4.804000e-05	-7.853155e-03	-9.378448e-01
4.805000e-05	-6.672545e-03	-6.548145e-01
4.806000e-05	-6.626886e-03	-3.494486e-01
4.807000e-05	-6.145733e-03	-7.481334e-02
4.808000e-05	2.961951e-03	2.203221e-01
4.809000e-05	4.840914e-03	4.925565e-01
4.810000e-05	2.305967e-03	7.227117e-01
4.811000e-05	3.710994e-03	9.779169e-01
4.812000e-05	-2.718870e-03	1.313600e+00
4.813000e-05	6.743260e-04	1.558268e+00
4.814000e-05	5.302842e-04	1.822527e+00
4.815000e-05	2.382348e-02	2.052078e+00
4.816000e-05	8.540082e-02	2.295737e+00
4.817000e-05	5.676967e-02	2.671054e+00
4.818000e-05	-5.582110e-02	2.968369e+00
4.819000e-05	-2.544680e-02	3.283005e+00
4.820000e-05	-3.854759e-02	3.578870e+00
4.821000e-05	-4.054178e-02	3.828869e+00
4.822000e-05	-8.392572e-02	3.969293e+00
4.823000e-05	5.806764e-02	4.243050e+00
4.824000e-05	3.055424e-02	4.566789e+00
4.825000e-05	-7.854259e-02	4.788876e+00
4.826000e-05	1.658806e-01	5.094603e+00
4.827000e-05	-1.269521e-01	5.460950e+00
4.828000e-05	3.015755e-02	5.693031e+00
4.829000e-05	-1.783209e-02	5.987869e+00
4.830000e-05	-1.819665e-02	6.188371e+00
4.831000e-05	5.081132e-02	6.513557e+00
4.832000e-05	-6.917239e-02	6.777817e+00
4.833000e-05	3.772843e-02	7.029424e+00
4.834000e-05	-4.645888e-02	7.323577e+00
4.835000e-05	1.643551e-02	7.588317e+00
4.836000e-05	-4.101687e-02	7.840474e+00
4.837000e-05	-1.717888e-02	8.112662e+00
4.838000e-05	3.279471e-02	8.377268e+00
4.839000e-05	-3.625732e-02	8.548292e+00
4.840000e-05	1.092582e-02	8.788366e+00
4.841000e-05	-4.300597e-02	9.030475e+00
4.842000e-05	-2.518517e-02	9.282033e+00
4.843000e-05	-1.247494e-03	9.464156e+00
4.844000e-05	-1.315504e-02	9.686211e+00
4.845000e-05	-1.410776e-02	9.956738e+00
4.846000e-05	-3.308396e-02	1.017777e+01
4.847000e-05	2.635411e-03	1.038882e+01
4.848000e-05	-2.885742e-02	1.057792e+01
4.849000e-05	-2.245255e-02	1.080735e+01
4.850000e-05	-3.523249e-02	1.102094e+01
4.851000e-05	-2.213474e-02	1.123940e+01
4.852000e-05	-1.231216e-02	1.143239e+01
4.853000e-05	-3.066920e-02	1.161997e+01
4.854000e-05	-3.378337e-02	1.187955e+01
4.855000e-05	-3.767610e-02	1.200002e+01
4.856000e-05	-1.828524e-02	1.221187e+01
4.857000e-05	-2.796702e-02	1.239782e+01
4.858000e-05	-3.519385e-02	1.253638e+01
4.859000e-05	-4.301406e-02	1.268466e+01
4.860000e-05	-3.356580e-02	1.287113e+01
4.861000e-05	-3.060201e-02	1.301989e+01
4.862000e-05	-4.235505e-02	1.317637e+01
4.863000e-05	-4.647886e-02	1.335616e+01
4.864000e-05	-4.092826e-02	1.348110e+01
4.865000e-05	-3.420682e-02	1.364042e+01
4.866000e-05	-4.416270e-02	1.375532e+01
4.867000e-05	-5.590583e-02	1.385356e+01
4.868000e-05	-5.595451e-02	1.402087e+01
4.869000e-05	-4.893406e-02	1.413519e+01
4.870000e-05	-4.763780e-02	1.428564e+01
4.871000e-05	-5.812910e-02	1.435987e+01
4.872000e-05	-6.365170e-02	1.445259e+01
4.873000e-05	-5.780929e-02	1.459842e+01
4.874000e-05	-5.869815e-02	1.468300e+01
4.875000e-05	-6.437992e-02	1.477629e+01
4.876000e-05	-7.541231e-02	1.483153e+01
4.877000e-05	-7.178867e-02	1.490516e+01
4.878000e-05	-6.947763e-02	1.492674e+01
4.879000e-05	-7.370943e-02	1.502997e+01
4.880000e-05	-8.705391e-02	1.506268e+01
4.881000e-05	-9.053776e-02	1.516777e+01
4.882000e-05	-8.662028e-02	1.521930e+01
4.883000e-05	-8.602576e-02	1.525892e+01
4.884000e-05	-9.539729e-02	1.527361e+01
4.885000e-05	-1.036202e-01	1.534663e+01
4.886000e-05	-1.042742e-01	1.533519e+01
4.887000e-05	-1.051652e-01	1.532727e+01
4.888000e-05	-1.138074e-01	1.539837e+01
4.889000e-05	-1.239328e-01	1.538922e+01
4.890000e-05	-1.292538e-01	1.538840e+01
4.891000e-05	-1.269448e-01	1.538934e+01
4.892000e-05	-1.370201e-01	1.538875e+01
4.893000e-05	-1.508770e-01	1.536782e+01
4.894000e-05	-1.636240e-01	1.534629e+01
4.895000e-05	-1.706431e-01	1.532464e+01
4.896000e-05	-1.844771e-01	1.528366e+01
4.897000e-05	-2.094510e-01	1.526301e+01
4.898000e-05	-2.390059e-01	1.521087e+01
4.899000e-05	-2.497398e-01	1.517787e+01
4.900000e-05	-2.500000e-01	1.510664e+01
4.901000e-05	-2.500000e-01	1.510160e+01
4.902000e-05	-2.500000e-01	1.498952e+01
4.903000e-05	-2.500000e-01	1.490519e+01
4.904000e-05	-2.500000e-01	1.485118e+01
4.905000e-05	-2.500000e-01	1.478785e+01
4.906000e-05	-2.459474e-01	1.468416e+01
4.907000e-05	-2.231930e-01	1.460992e+01
4.908000e-05	-1.918695e-01	1.450624e+01
4.909000e-05	-1.671118e-01	1.439000e+01
4.910000e-05	-1.480922e-01	1.434516e+01
4.911000e-05	-1.362467e-01	1.417887e+01
4.912000e-05	-1.200319e-01	1.405210e+01
4.913000e-05	-1.058066e-01	1.393634e+01
4.914000e-05	-9.522714e-02	1.379735e+01
4.915000e-05	-9.339954e-02	1.364311e+01
4.916000e-05	-8.811636e-02	1.355484e+01
4.917000e-05	-8.055517e-02	1.339844e+01
4.918000e-05	-7.139514e-02	1.324108e+01
4.919000e-05	-6.992592e-02	1.307268e+01
4.920000e-05	-6.793496e-02	1.294682e+01
4.921000e-05	-6.192219e-02	1.274839e+01
4.922000e-05	-5.639788e-02	1.263210e+01
4.923000e-05	-5.362581e-02	1.245111e+01
4.924000e-05	-5.387493e-02	1.228518e+01
4.925000e-05	-5.035287e-02	1.213679e+01
4.926000e-05	-4.731325e-02	1.193629e+01
4.927000e-05	-4.426668e-02	1.175632e+01
4.928000e-05	-4.629869e-02	1.152727e+01
4.929000e-05	-4.489963e-02	1.132574e+01
4.930000e-05	-4.342811e-02	1.110476e+01
4.931000e-05	-3.663199e-02	1.092576e+01
4.932000e-05	-3.675018e-02	1.071687e+01
4.933000e-05	-3.554831e-02	1.055479e+01
4.934000e-05	-3.681064e-02	1.026571e+01
4.935000e-05	-3.226667e-02	1.009271e+01
4.936000e-05	-3.297186e-02	9.852608e+00
4.937000e-05	-3.247576e-02	9.612027e+00
4.938000e-05	-3.403511e-02	9.371475e+00
4.939000e-05	-2.956131e-02	9.179446e+00
4.940000e-05	-2.779850e-02	8.968851e+00
4.941000e-05	-2.809709e-02	8.705213e+00
4.942000e-05	-2.866403e-02	8.504187e+00
4.943000e-05	-2.731727e-02	8.232134e+00
4.944000e-05	-2.402000e-02	7.990025e+00
4.945000e-05	-2.396828e-02	7.767847e+00
4.946000e-05	-2.645832e-02	7.454185e+00
4.947000e-05	-2.636700e-02	7.210579e+00
4.948000e-05	-2.399752e-02	6.947947e+00
4.949000e-05	-2.171237e-02	6.733865e+00
4.950000e-05	-2.324583e-02	6.380554e+00
4.951000e-05	-2.228198e-02	6.168951e+00
4.952000e-05	-2.070946e-02	5.975316e+00
4.953000e-05	-1.781000e-02	5.673634e+00
4.954000e-05	-2.035678e-02	5.399049e+00
4.955000e-05	-2.034696e-02	5.064236e+00
4.956000e-05	-2.154714e-02	4.758966e+00
4.957000e-05	-1.780767e-02	4.465217e+00
4.958000e-05	-1.852994e-02	4.210578e+00
4.959000e-05	-1.751540e-02	3.956792e+00
4.960000e-05	-1.907815e-02	3.664211e+00
4.961000e-05	-1.510734e-02	3.381078e+00
4.962000e-05	-1.516477e-02	3.105363e+00
4.963000e-05	-1.541932e-02	2.853084e+00
4.964000e-05	-1.750002e-02	2.538396e+00
4.965000e-05	-1.555380e-02	2.293111e+00
4.966000e-05	-1.475907e-02	2.021000e+00
4.967000e-05	-1.353494e-02	1.665791e+00
4.968000e-05	-1.387274e-02	1.420551e+00
4.969000e-05	-1.369953e-02	1.095421e+00
4.970000e-05	-1.127753e-02	7.984976e-01
4.971000e-05	-1.011248e-02	5.147896e-01
4.972000e-05	-1.029798e-02	2.232066e-01
4.973000e-05	-8.325548e-03	-4.360790e-02
4.974000e-05	2.994019e-03	-3.252357e-01
4.975000e-05	5.341724e-04	-5.693686e-01
4.976000e-05	-1.554450e-04	-8.626817e-01
4.977000e-05	-1.809665e-03	-1.145818e+00
4.978000e-05	-2.373822e-05	-1.421128e+00
4.979000e-05	1.030721e-03	-1.704107e+00
4.980000e-05	1.831727e-02	-1.935214e+00
4.981000e-05	8.439059e-02	-2.167692e+00
4.982000e-05	9.141507e-02	-2.485734e+00
4.983000e-05	-5.657226e-02	-2.913255e+00
4.984000e-05	2.231557e-04	-3.262209e+00
4.985000e-05	-4.803411e-02	-3.454231e+00
4.986000e-05	-4.799717e-02	-3.685589e+00
4.987000e-05	-7.332250e-02	-3.915790e+00
4.988000e-05	1.724141e-01	-4.075162e+00
4.989000e-05	-1.361828e-01	-4.388895e+00
4.990000e-05	1.088459e-01	-4.654205e+00
4.991000e-05	5.071335e-02	-4.915739e+00
4.992000e-05	-1.196142e-01	-5.313209e+00
4.993000e-05	1.539299e-01	-5.516815e+00
4.994000e-05	-1.695527e-01	-5.831954e+00
4.995000e-05	1.261386e-01	-6.104612e+00
4.996000e-05	-7.739410e-04	-6.324686e+00
4.997000e-05	-9.459465e-03	-6.622030e+00
4.998000e-05	9.613909e-02	-6.893637e+00
4.999000e-05	-1.051777e-01	-7.198920e+00
