# 260604_11:23:13.420069
t	CH1	CH2
0.000000e+00	-1.055300e-02	6.916792e-01
1.000000e-08	-1.073112e-02	4.201000e-01
2.000000e-08	-1.006980e-02	1.228068e-01
3.000000e-08	-6.408857e-03	-1.788749e-01
4.000000e-08	6.164158e-03	-4.514564e-01
5.000000e-08	-2.605694e-03	-7.472671e-01
6.000000e-08	2.935898e-03	-9.803762e-01
7.000000e-08	-2.851428e-03	-1.265080e+00
8.000000e-08	1.839055e-03	-1.559874e+00
9.000000e-08	2.532586e-03	-1.780398e+00
1.000000e-07	3.655577e-02	-2.018950e+00
1.100000e-07	1.129451e-01	-2.284588e+00
1.200000e-07	2.492624e-02	-2.655535e+00
1.300000e-07	-4.334647e-02	-3.057108e+00
1.400000e-07	-1.179089e-02	-3.381372e+00
1.500000e-07	-4.678783e-02	-3.590372e+00
1.600000e-07	-7.402580e-02	-3.822001e+00
1.700000e-07	2.102709e-02	-4.022502e+00
1.800000e-07	1.033384e-01	-4.211478e+00
1.900000e-07	-1.252013e-01	-4.518737e+00
2.000000e-07	1.835902e-01	-4.820264e+00
2.100000e-07	-7.175567e-02	-5.096083e+00
2.200000e-07	9.353410e-03	-5.462582e+00
2.300000e-07	4.290421e-02	-5.654108e+00
2.400000e-07	-1.196122e-01	-5.919847e+00
2.500000e-07	1.682519e-01	-6.221347e+00
2.600000e-07	-8.012523e-02	-6.487611e+00
2.700000e-07	8.702170e-02	-6.780320e+00
2.800000e-07	-4.525323e-03	-6.981899e+00
2.900000e-07	-3.465845e-02	-7.337242e+00
3.000000e-07	8.680053e-02	-7.547814e+00
3.100000e-07	-8.648302e-02	-7.866908e+00
3.200000e-07	1.279091e-01	-8.116662e+00
3.300000e-07	-4.981180e-02	-8.349165e+00
3.400000e-07	6.661662e-02	-8.632424e+00
3.500000e-07	2.537045e-02	-8.842075e+00
3.600000e-07	-4.514707e-02	-9.096633e+00
3.700000e-07	7.289052e-02	-9.285082e+00
3.800000e-07	-4.717693e-02	-9.549818e+00
3.900000e-07	1.139903e-01	-9.759315e+00
4.000000e-07	-4.007988e-02	-9.988344e+00
4.100000e-07	7.755060e-02	-1.018134e+01
4.200000e-07	-1.607550e-02	-1.045295e+01
4.300000e-07	4.147030e-02	-1.066357e+01
4.400000e-07	2.636216e-02	-1.084240e+01
4.500000e-07	3.313485e-03	-1.100338e+01
4.600000e-07	5.720040e-02	-1.121345e+01
4.700000e-07	-2.274607e-03	-1.148555e+01
4.800000e-07	7.429388e-02	-1.163451e+01
4.900000e-07	-1.126302e-02	-1.186401e+01
5.000000e-07	6.397919e-02	-1.208705e+01
5.100000e-07	3.804459e-03	-1.224403e+01
5.200000e-07	6.600818e-02	-1.243250e+01
5.300000e-07	1.784432e-02	-1.258124e+01
5.400000e-07	4.092792e-02	-1.278036e+01
5.500000e-07	2.762967e-02	-1.293773e+01
5.600000e-07	4.120127e-02	-1.309663e+01
5.700000e-07	4.785656e-02	-1.327240e+01
5.800000e-07	3.420761e-02	-1.336034e+01
5.900000e-07	5.424928e-02	-1.352708e+01
6.000000e-07	3.683206e-02	-1.370462e+01
6.100000e-07	6.088468e-02	-1.382137e+01
6.200000e-07	3.327228e-02	-1.391916e+01
6.300000e-07	5.325992e-02	-1.408503e+01
6.400000e-07	4.139224e-02	-1.420239e+01
6.500000e-07	6.470917e-02	-1.431718e+01
6.600000e-07	5.154317e-02	-1.445297e+01
6.700000e-07	6.050504e-02	-1.452919e+01
6.800000e-07	5.411814e-02	-1.461052e+01
6.900000e-07	6.697103e-02	-1.470725e+01
7.000000e-07	6.574327e-02	-1.478195e+01
7.100000e-07	6.692146e-02	-1.489670e+01
7.200000e-07	6.730315e-02	-1.494886e+01
7.300000e-07	7.022093e-02	-1.502300e+01
7.400000e-07	7.644494e-02	-1.508418e+01
7.500000e-07	7.197334e-02	-1.516988e+01
7.600000e-07	7.803373e-02	-1.522246e+01
7.700000e-07	7.963779e-02	-1.526557e+01
7.800000e-07	9.314084e-02	-1.533723e+01
7.900000e-07	8.971546e-02	-1.539718e+01
8.000000e-07	9.359538e-02	-1.539926e+01
8.100000e-07	9.093301e-02	-1.544199e+01
8.200000e-07	1.009564e-01	-1.541142e+01
8.300000e-07	1.039420e-01	-1.546210e+01
8.400000e-07	1.073680e-01	-1.547450e+01
8.500000e-07	1.115576e-01	-1.548502e+01
8.600000e-07	1.188365e-01	-1.543308e+01
8.700000e-07	1.260484e-01	-1.548402e+01
8.800000e-07	1.292195e-01	-1.544203e+01
8.900000e-07	1.352265e-01	-1.541189e+01
9.000000e-07	1.439916e-01	-1.536044e+01
9.100000e-07	1.597526e-01	-1.537934e+01
9.200000e-07	1.725922e-01	-1.534874e+01
9.300000e-07	1.883790e-01	-1.526568e+01
9.400000e-07	2.082786e-01	-1.527395e+01
9.500000e-07	2.384234e-01	-1.519979e+01
9.600000e-07	2.499839e-01	-1.515931e+01
9.700000e-07	2.500000e-01	-1.509462e+01
9.800000e-07	2.500000e-01	-1.501247e+01
9.900000e-07	2.500000e-01	-1.493816e+01
1.000000e-06	2.500000e-01	-1.485555e+01
1.010000e-06	2.500000e-01	-1.477084e+01
1.020000e-06	2.473084e-01	-1.471461e+01
1.030000e-06	2.221438e-01	-1.464089e+01
1.040000e-06	1.968721e-01	-1.450523e+01
1.050000e-06	1.736071e-01	-1.442299e+01
1.060000e-06	1.525117e-01	-1.429613e+01
1.070000e-06	1.346646e-01	-1.419082e+01
1.080000e-06	1.219937e-01	-1.403212e+01
1.090000e-06	1.105767e-01	-1.394473e+01
1.100000e-06	9.842828e-02	-1.377044e+01
1.110000e-06	8.844690e-02	-1.365252e+01
1.120000e-06	8.247369e-02	-1.352525e+01
1.130000e-06	7.695978e-02	-1.334737e+01
1.140000e-06	6.994538e-02	-1.322157e+01
1.150000e-06	6.357023e-02	-1.307360e+01
1.160000e-06	5.819846e-02	-1.289716e+01
1.170000e-06	5.610421e-02	-1.278838e+01
1.180000e-06	5.219179e-02	-1.259037e+01
1.190000e-06	4.839560e-02	-1.243100e+01
1.200000e-06	4.377787e-02	-1.226200e+01
1.210000e-06	4.250936e-02	-1.208257e+01
1.220000e-06	3.908711e-02	-1.192363e+01
1.230000e-06	3.621341e-02	-1.168218e+01
1.240000e-06	3.290981e-02	-1.142309e+01
1.250000e-06	3.154578e-02	-1.121202e+01
1.260000e-06	3.049806e-02	-1.100207e+01
1.270000e-06	2.907044e-02	-1.085149e+01
1.280000e-06	2.637704e-02	-1.063302e+01
1.290000e-06	2.532990e-02	-1.042002e+01
1.300000e-06	2.393500e-02	-1.022092e+01
1.310000e-06	2.234135e-02	-9.998365e+00
1.320000e-06	1.977995e-02	-9.738891e+00
1.330000e-06	1.883421e-02	-9.536834e+00
1.340000e-06	1.893465e-02	-9.334354e+00
1.350000e-06	1.852442e-02	-9.074129e+00
1.360000e-06	1.605036e-02	-8.882654e+00
1.370000e-06	1.337063e-02	-8.619945e+00
1.380000e-06	1.231483e-02	-8.378989e+00
1.390000e-06	1.306900e-02	-8.126341e+00
1.400000e-06	1.205084e-02	-7.934228e+00
1.410000e-06	1.046440e-02	-7.599050e+00
1.420000e-06	9.231161e-03	-7.366437e+00
1.430000e-06	9.106387e-03	-7.074355e+00
1.440000e-06	9.010951e-03	-6.800595e+00
1.450000e-06	5.720408e-03	-6.587996e+00
1.460000e-06	4.529798e-03	-6.314384e+00
1.470000e-06	5.589780e-03	-6.044201e+00
1.480000e-06	6.227953e-03	-5.767369e+00
1.490000e-06	4.259360e-03	-5.525934e+00
1.500000e-06	1.551490e-03	-5.189019e+00
1.510000e-06	1.048643e-03	-4.873256e+00
1.520000e-06	3.402210e-03	-4.625968e+00
1.530000e-06	2.535889e-03	-4.347467e+00
1.540000e-06	4.957761e-04	-4.075260e+00
1.550000e-06	-2.112641e-03	-3.852050e+00
1.560000e-06	-7.485035e-05	-3.546966e+00
1.570000e-06	-1.214379e-03	-3.303757e+00
1.580000e-06	-3.387663e-03	-2.966996e+00
1.590000e-06	-4.723901e-03	-2.713258e+00
1.600000e-06	-3.521583e-03	-2.410049e+00
1.610000e-06	-7.992405e-04	-2.124908e+00
1.620000e-06	-3.394740e-03	-1.851630e+00
1.630000e-06	-5.598165e-03	-1.599025e+00
1.640000e-06	-7.322715e-03	-1.271274e+00
1.650000e-06	-6.026558e-03	-9.958672e-01
1.660000e-06	-6.346643e-03	-6.618257e-01
1.670000e-06	-6.620285e-03	-3.379949e-01
1.680000e-06	-6.683708e-03	-7.531202e-02
1.690000e-06	3.499643e-03	2.009184e-01
1.700000e-06	7.337576e-03	4.831077e-01
1.710000e-06	5.132493e-05	7.166892e-01
1.720000e-06	2.104818e-03	9.528223e-01
1.730000e-06	-2.955551e-03	1.254158e+00
1.740000e-06	2.948235e-03	1.560796e+00
1.750000e-06	7.778606e-04	1.842534e+00
1.760000e-06	2.442515e-02	2.072033e+00
1.770000e-06	8.256045e-02	2.287214e+00
1.780000e-06	5.718806e-02	2.687091e+00
1.790000e-06	-5.885708e-02	2.999818e+00
1.800000e-06	-2.618950e-02	3.254064e+00
1.810000e-06	-4.046026e-02	3.600422e+00
1.820000e-06	-4.297797e-02	3.800874e+00
1.830000e-06	-7.787348e-02	3.971371e+00
1.840000e-06	5.401385e-02	4.263632e+00
1.850000e-06	2.575370e-02	4.520793e+00
1.860000e-06	-6.502989e-02	4.799870e+00
1.870000e-06	1.460983e-01	5.107183e+00
1.880000e-06	-1.060144e-01	5.433553e+00
1.890000e-06	1.426018e-02	5.704581e+00
1.900000e-06	-1.350897e-02	5.980851e+00
1.910000e-06	-1.870896e-02	6.201475e+00
1.920000e-06	4.790595e-02	6.475061e+00
1.930000e-06	-6.349553e-02	6.791345e+00
1.940000e-06	2.930209e-02	7.040925e+00
1.950000e-06	-3.945271e-02	7.256637e+00
1.960000e-06	8.121332e-03	7.579869e+00
1.970000e-06	-3.190377e-02	7.863503e+00
1.980000e-06	-2.610216e-02	8.118314e+00
1.990000e-06	3.210624e-02	8.369819e+00
2.000000e-06	-3.240394e-02	8.580921e+00
2.010000e-06	1.092426e-02	8.791850e+00
2.020000e-06	-4.486178e-02	9.065506e+00
2.030000e-06	-2.740812e-02	9.285058e+00
2.040000e-06	3.047719e-05	9.526757e+00
2.050000e-06	-1.584537e-02	9.770691e+00
2.060000e-06	-1.289087e-02	9.979812e+00
2.070000e-06	-3.743226e-02	1.014032e+01
2.080000e-06	2.135701e-03	1.039142e+01
2.090000e-06	-2.918765e-02	1.060087e+01
2.100000e-06	-2.230113e-02	1.082287e+01
2.110000e-06	-3.857561e-02	1.101202e+01
2.120000e-06	-2.460048e-02	1.119443e+01
2.130000e-06	-1.178516e-02	1.146397e+01
2.140000e-06	-3.123574e-02	1.164405e+01
2.150000e-06	-3.310087e-02	1.183450e+01
2.160000e-06	-4.084751e-02	1.203400e+01
2.170000e-06	-1.733230e-02	1.221139e+01
2.180000e-06	-2.988001e-02	1.241029e+01
2.190000e-06	-3.649401e-02	1.256976e+01
2.200000e-06	-4.698180e-02	1.272716e+01
2.210000e-06	-3.416679e-02	1.288715e+01
2.220000e-06	-3.107661e-02	1.302340e+01
2.230000e-06	-4.133789e-02	1.320032e+01
2.240000e-06	-4.916337e-02	1.335976e+01
2.250000e-06	-4.304653e-02	1.347551e+01
2.260000e-06	-3.566245e-02	1.361290e+01
2.270000e-06	-4.420237e-02	1.372081e+01
2.280000e-06	-5.782750e-02	1.390753e+01
2.290000e-06	-5.885233e-02	1.401145e+01
2.300000e-06	-4.958914e-02	1.415973e+01
2.310000e-06	-4.862870e-02	1.430500e+01
2.320000e-06	-5.893884e-02	1.444142e+01
2.330000e-06	-6.629497e-02	1.447711e+01
2.340000e-06	-6.102375e-02	1.461089e+01
2.350000e-06	-5.924671e-02	1.470607e+01
2.360000e-06	-6.449532e-02	1.479932e+01
2.370000e-06	-7.621985e-02	1.485502e+01
2.380000e-06	-7.451001e-02	1.490773e+01
2.390000e-06	-7.073341e-02	1.498079e+01
2.400000e-06	-7.447016e-02	1.503387e+01
2.410000e-06	-8.737776e-02	1.509868e+01
2.420000e-06	-9.146311e-02	1.516879e+01
2.430000e-06	-8.712118e-02	1.519184e+01
2.440000e-06	-8.597897e-02	1.525499e+01
2.450000e-06	-9.374287e-02	1.529568e+01
2.460000e-06	-1.028781e-01	1.533673e+01
2.470000e-06	-1.034638e-01	1.534834e+01
2.480000e-06	-1.034051e-01	1.542829e+01
2.490000e-06	-1.105620e-01	1.537989e+01
2.500000e-06	-1.214798e-01	1.536244e+01
2.510000e-06	-1.239264e-01	1.542094e+01
2.520000e-06	-1.227694e-01	1.536241e+01
2.530000e-06	-1.264197e-01	1.538989e+01
2.540000e-06	-1.417056e-01	1.538939e+01
2.550000e-06	-1.528337e-01	1.536879e+01
2.560000e-06	-1.591300e-01	1.532763e+01
2.570000e-06	-1.669951e-01	1.532763e+01
2.580000e-06	-1.837649e-01	1.525358e+01
2.590000e-06	-2.081416e-01	1.520244e+01
2.600000e-06	-2.298136e-01	1.518086e+01
2.610000e-06	-2.480710e-01	1.509723e+01
2.620000e-06	-2.500000e-01	1.507462e+01
2.630000e-06	-2.500000e-01	1.501187e+01
2.640000e-06	-2.500000e-01	1.493829e+01
2.650000e-06	-2.500000e-01	1.489308e+01
2.660000e-06	-2.500000e-01	1.479092e+01
2.670000e-06	-2.500000e-01	1.469618e+01
2.680000e-06	-2.476794e-01	1.459255e+01
2.690000e-06	-2.211381e-01	1.452628e+01
2.700000e-06	-1.922969e-01	1.442899e+01
2.710000e-06	-1.717873e-01	1.429563e+01
2.720000e-06	-1.579442e-01	1.420046e+01
2.730000e-06	-1.410505e-01	1.408759e+01
2.740000e-06	-1.257854e-01	1.395666e+01
2.750000e-06	-1.115277e-01	1.383144e+01
2.760000e-06	-1.075186e-01	1.366502e+01
2.770000e-06	-1.005926e-01	1.355671e+01
2.780000e-06	-9.137074e-02	1.337899e+01
2.790000e-06	-8.131818e-02	1.327366e+01
2.800000e-06	-7.848043e-02	1.306360e+01
2.810000e-06	-7.494685e-02	1.296778e+01
2.820000e-06	-7.064386e-02	1.278942e+01
2.830000e-06	-6.262636e-02	1.263247e+01
2.840000e-06	-6.103477e-02	1.247212e+01
2.850000e-06	-6.044912e-02	1.230618e+01
2.860000e-06	-5.788408e-02	1.213626e+01
2.870000e-06	-5.210955e-02	1.194723e+01
2.880000e-06	-4.824531e-02	1.172781e+01
2.890000e-06	-4.827511e-02	1.153671e+01
2.900000e-06	-4.855566e-02	1.133878e+01
2.910000e-06	-4.652415e-02	1.114573e+01
2.920000e-06	-4.054795e-02	1.092631e+01
2.930000e-06	-4.060043e-02	1.073478e+01
2.940000e-06	-4.067083e-02	1.055526e+01
2.950000e-06	-3.989210e-02	1.031518e+01
2.960000e-06	-3.546313e-02	1.010428e+01
2.970000e-06	-3.512168e-02	9.832999e+00
2.980000e-06	-3.520297e-02	9.602098e+00
2.990000e-06	-3.579497e-02	9.378967e+00
3.000000e-06	-3.233862e-02	9.218515e+00
3.010000e-06	-2.980456e-02	8.927338e+00
3.020000e-06	-2.927614e-02	8.705177e+00
3.030000e-06	-3.145675e-02	8.486707e+00
3.040000e-06	-2.987992e-02	8.252153e+00
3.050000e-06	-2.685101e-02	8.001065e+00
3.060000e-06	-2.623958e-02	7.738362e+00
3.070000e-06	-2.680507e-02	7.461649e+00
3.080000e-06	-2.672470e-02	7.229044e+00
3.090000e-06	-2.552210e-02	6.965841e+00
3.100000e-06	-2.272740e-02	6.695206e+00
3.110000e-06	-2.363371e-02	6.409621e+00
3.120000e-06	-2.374026e-02	6.138539e+00
3.130000e-06	-2.246652e-02	5.926012e+00
3.140000e-06	-2.059155e-02	5.670621e+00
3.150000e-06	-1.991003e-02	5.386918e+00
3.160000e-06	-2.113120e-02	5.043223e+00
3.170000e-06	-2.098951e-02	4.746437e+00
3.180000e-06	-1.956566e-02	4.484684e+00
3.190000e-06	-1.869626e-02	4.210945e+00
3.200000e-06	-1.811394e-02	3.895882e+00
3.210000e-06	-1.888908e-02	3.611711e+00
3.220000e-06	-1.826764e-02	3.369049e+00
3.230000e-06	-1.546230e-02	3.084283e+00
3.240000e-06	-1.576744e-02	2.820130e+00
3.250000e-06	-1.579227e-02	2.537886e+00
3.260000e-06	-1.582069e-02	2.201177e+00
3.270000e-06	-1.321698e-02	1.968971e+00
3.280000e-06	-1.323464e-02	1.693312e+00
3.290000e-06	-1.389331e-02	1.397596e+00
3.300000e-06	-1.436312e-02	1.083283e+00
3.310000e-06	-1.148990e-02	7.674697e-01
3.320000e-06	-9.887813e-03	4.838355e-01
3.330000e-06	-9.072809e-03	2.390515e-01
3.340000e-06	-8.731068e-03	-5.366159e-02
3.350000e-06	1.837698e-03	-3.293197e-01
3.360000e-06	1.610746e-03	-6.029024e-01
3.370000e-06	-2.198146e-04	-8.641080e-01
3.380000e-06	2.083919e-05	-1.127792e+00
3.390000e-06	-3.453836e-04	-1.485084e+00
3.400000e-06	1.608884e-03	-1.696713e+00
3.410000e-06	2.006565e-02	-1.918220e+00
3.420000e-06	8.591887e-02	-2.161271e+00
3.430000e-06	9.033365e-02	-2.537641e+00
3.440000e-06	-5.841550e-02	-2.978741e+00
3.450000e-06	-1.921262e-03	-3.275713e+00
3.460000e-06	-4.808540e-02	-3.497266e+00
3.470000e-06	-4.906377e-02	-3.718712e+00
3.480000e-06	-6.137582e-02	-3.988349e+00
3.490000e-06	1.488779e-01	-4.116738e+00
3.500000e-06	-1.000426e-01	-4.391877e+00
3.510000e-06	7.446170e-02	-4.726212e+00
3.520000e-06	6.024251e-02	-4.958233e+00
3.530000e-06	-1.116996e-01	-5.330218e+00
3.540000e-06	1.339313e-01	-5.570313e+00
3.550000e-06	-1.532783e-01	-5.844009e+00
3.560000e-06	1.095522e-01	-6.098693e+00
3.570000e-06	1.715007e-02	-6.399270e+00
3.580000e-06	-1.786238e-02	-6.666608e+00
3.590000e-06	9.879284e-02	-6.907591e+00
3.600000e-06	-1.024465e-01	-7.243899e+00
3.610000e-06	1.087105e-01	-7.484605e+00
3.620000e-06	-6.772690e-02	-7.728763e+00
3.630000e-06	6.202707e-02	-8.062534e+00
3.640000e-06	3.848381e-02	-8.223426e+00
3.650000e-06	-2.929725e-02	-8.468741e+00
3.660000e-06	1.076230e-01	-8.779238e+00
3.670000e-06	-8.671604e-02	-8.981395e+00
3.680000e-06	8.258702e-02	-9.192924e+00
3.690000e-06	-4.044949e-02	-9.454475e+00
3.700000e-06	7.679287e-02	-9.696103e+00
3.710000e-06	1.758154e-02	-9.886080e+00
3.720000e-06	1.617853e-02	-1.013826e+01
3.730000e-06	4.880405e-02	-1.035864e+01
3.740000e-06	-2.103967e-02	-1.058132e+01
3.750000e-06	7.773364e-02	-1.073827e+01
3.760000e-06	-3.204017e-02	-1.096112e+01
3.770000e-06	7.656328e-02	-1.119081e+01
3.780000e-06	-1.248934e-02	-1.140227e+01
3.790000e-06	6.942326e-02	-1.156235e+01
3.800000e-06	5.170712e-03	-1.181294e+01
3.810000e-06	3.972384e-02	-1.203097e+01
3.820000e-06	2.718970e-02	-1.219026e+01
3.830000e-06	3.731314e-02	-1.236032e+01
3.840000e-06	4.927802e-02	-1.252823e+01
3.850000e-06	1.632968e-02	-1.272663e+01
3.860000e-06	4.904774e-02	-1.289460e+01
3.870000e-06	1.985631e-02	-1.302247e+01
3.880000e-06	6.196145e-02	-1.317026e+01
3.890000e-06	2.435880e-02	-1.331873e+01
3.900000e-06	5.909909e-02	-1.344558e+01
3.910000e-06	3.291616e-02	-1.362297e+01
3.920000e-06	6.024841e-02	-1.374974e+01
3.930000e-06	3.787442e-02	-1.389608e+01
3.940000e-06	4.833726e-02	-1.403389e+01
3.950000e-06	4.517353e-02	-1.411921e+01
3.960000e-06	5.668489e-02	-1.427648e+01
3.970000e-06	5.828045e-02	-1.438239e+01
3.980000e-06	5.485069e-02	-1.452663e+01
3.990000e-06	5.772948e-02	-1.459032e+01
4.000000e-06	5.876446e-02	-1.470463e+01
4.010000e-06	6.993555e-02	-1.473137e+01
4.020000e-06	6.188508e-02	-1.486547e+01
4.030000e-06	7.091842e-02	-1.494831e+01
4.040000e-06	6.630933e-02	-1.503294e+01
4.050000e-06	7.774865e-02	-1.507500e+01
4.060000e-06	7.053111e-02	-1.514876e+01
4.070000e-06	7.771356e-02	-1.520184e+01
4.080000e-06	7.681314e-02	-1.524336e+01
4.090000e-06	9.030344e-02	-1.531610e+01
4.100000e-06	9.065643e-02	-1.532878e+01
4.110000e-06	9.198995e-02	-1.540936e+01
4.120000e-06	9.258210e-02	-1.540231e+01
4.130000e-06	9.604059e-02	-1.541194e+01
4.140000e-06	1.037964e-01	-1.548295e+01
4.150000e-06	1.051426e-01	-1.546600e+01
4.160000e-06	1.115447e-01	-1.542405e+01
4.170000e-06	1.160755e-01	-1.547457e+01
4.180000e-06	1.247843e-01	-1.546407e+01
4.190000e-06	1.268596e-01	-1.543302e+01
4.200000e-06	1.319919e-01	-1.543047e+01
4.210000e-06	1.395363e-01	-1.540132e+01
4.220000e-06	1.531350e-01	-1.538784e+01
4.230000e-06	1.682779e-01	-1.537722e+01
4.240000e-06	1.824568e-01	-1.531728e+01
4.250000e-06	2.024663e-01	-1.525350e+01
4.260000e-06	2.275974e-01	-1.523154e+01
4.270000e-06	2.493129e-01	-1.516989e+01
4.280000e-06	2.500000e-01	-1.515715e+01
4.290000e-06	2.500000e-01	-1.504460e+01
4.300000e-06	2.500000e-01	-1.495886e+01
4.310000e-06	2.500000e-01	-1.491617e+01
4.320000e-06	2.500000e-01	-1.480292e+01
4.330000e-06	2.496900e-01	-1.473691e+01
4.340000e-06	2.340227e-01	-1.466307e+01
4.350000e-06	2.056754e-01	-1.454738e+01
4.360000e-06	1.819606e-01	-1.446104e+01
4.370000e-06	1.603750e-01	-1.432766e+01
4.380000e-06	1.411693e-01	-1.423100e+01
4.390000e-06	1.253749e-01	-1.409558e+01
4.400000e-06	1.142092e-01	-1.395824e+01
4.410000e-06	1.025300e-01	-1.379302e+01
4.420000e-06	9.217094e-02	-1.370623e+01
4.430000e-06	8.380560e-02	-1.356981e+01
4.440000e-06	7.892542e-02	-1.341202e+01
4.450000e-06	7.377021e-02	-1.326310e+01
4.460000e-06	6.644578e-02	-1.311568e+01
4.470000e-06	5.912117e-02	-1.299994e+01
4.480000e-06	5.572527e-02	-1.281951e+01
4.490000e-06	5.327771e-02	-1.266407e+01
4.500000e-06	5.023982e-02	-1.248523e+01
4.510000e-06	4.517405e-02	-1.229613e+01
4.520000e-06	4.251589e-02	-1.213786e+01
4.530000e-06	4.066874e-02	-1.198826e+01
4.540000e-06	3.791137e-02	-1.175786e+01
4.550000e-06	3.425483e-02	-1.149673e+01
4.560000e-06	3.107766e-02	-1.127570e+01
4.570000e-06	3.207451e-02	-1.110518e+01
4.580000e-06	2.994804e-02	-1.086418e+01
4.590000e-06	2.923847e-02	-1.071521e+01
4.600000e-06	2.471462e-02	-1.051580e+01
4.610000e-06	2.417344e-02	-1.027518e+01
4.620000e-06	2.249637e-02	-9.991103e+00
4.630000e-06	2.106259e-02	-9.831094e+00
4.640000e-06	1.852514e-02	-9.601669e+00
4.650000e-06	1.893267e-02	-9.390519e+00
4.660000e-06	1.930426e-02	-9.206915e+00
4.670000e-06	1.856071e-02	-8.937362e+00
4.680000e-06	1.523781e-02	-8.684303e+00
4.690000e-06	1.335589e-02	-8.471129e+00
4.700000e-06	1.321660e-02	-8.212071e+00
4.710000e-06	1.300132e-02	-7.980012e+00
4.720000e-06	1.055612e-02	-7.775283e+00
4.730000e-06	8.777954e-03	-7.430076e+00
4.740000e-06	8.969184e-03	-7.197416e+00
4.750000e-06	9.156738e-03	-6.944788e+00
4.760000e-06	7.731099e-03	-6.673255e+00
4.770000e-06	7.121010e-03	-6.390101e+00
4.780000e-06	5.983758e-03	-6.147411e+00
4.790000e-06	5.587206e-03	-5.883705e+00
4.800000e-06	3.661606e-03	-5.588153e+00
4.810000e-06	2.158425e-03	-5.324808e+00
4.820000e-06	2.959312e-05	-5.030075e+00
4.830000e-06	1.591907e-03	-4.712235e+00
4.840000e-06	3.437485e-03	-4.441650e+00
4.850000e-06	3.065470e-03	-4.180071e+00
4.860000e-06	3.388058e-04	-3.915941e+00
4.870000e-06	-1.231208e-03	-3.601077e+00
4.880000e-06	-1.647279e-03	-3.388519e+00
4.890000e-06	-3.594109e-03	-3.094759e+00
4.900000e-06	-4.783337e-03	-2.770019e+00
4.910000e-06	-4.981958e-03	-2.515435e+00
4.920000e-06	-2.246937e-03	-2.272151e+00
4.930000e-06	-2.702405e-03	-1.946443e+00
4.940000e-06	-3.553749e-03	-1.673779e+00
4.950000e-06	-5.960872e-03	-1.386541e+00
4.960000e-06	-6.591656e-03	-1.030653e+00
4.970000e-06	-6.372817e-03	-7.765199e-01
4.980000e-06	-7.303150e-03	-5.137066e-01
4.990000e-06	-6.870657e-03	-1.960515e-01
5.000000e-06	-3.285038e-03	4.353022e-02
5.010000e-06	7.951326e-03	3.583498e-01
5.020000e-06	9.026801e-05	6.215024e-01
5.030000e-06	5.859462e-03	8.534840e-01
5.040000e-06	-2.351003e-03	1.170347e+00
5.050000e-06	1.072422e-03	1.434004e+00
5.060000e-06	-2.151569e-03	1.789873e+00
5.070000e-06	1.518539e-02	1.978796e+00
5.080000e-06	5.489107e-02	2.252401e+00
5.090000e-06	9.662053e-02	2.570164e+00
5.100000e-06	-4.087505e-02	2.885685e+00
5.110000e-06	-3.199847e-02	3.158717e+00
5.120000e-06	-3.949825e-02	3.474558e+00
5.130000e-06	-3.151527e-02	3.726163e+00
5.140000e-06	-8.210532e-02	3.927716e+00
5.150000e-06	-3.015119e-03	4.136161e+00
5.160000e-06	8.392943e-02	4.476556e+00
5.170000e-06	-9.042818e-02	4.728213e+00
5.180000e-06	1.105285e-01	4.949242e+00
5.190000e-06	-1.247135e-02	5.317716e+00
5.200000e-06	-6.823844e-02	5.540920e+00
5.210000e-06	4.072604e-02	5.876580e+00
5.220000e-06	-5.785181e-02	6.107260e+00
5.230000e-06	5.845967e-02	6.360846e+00
5.240000e-06	-3.951216e-02	6.707579e+00
5.250000e-06	-6.375546e-03	6.929218e+00
5.260000e-06	1.734415e-03	7.192394e+00
5.270000e-06	-3.381217e-02	7.485082e+00
5.280000e-06	1.037609e-02	7.759741e+00
5.290000e-06	-6.232528e-02	8.083497e+00
5.300000e-06	4.033850e-02	8.297053e+00
5.310000e-06	-2.022951e-02	8.487187e+00
5.320000e-06	-7.341046e-03	8.696682e+00
5.330000e-06	-1.217964e-02	8.999237e+00
5.340000e-06	-5.665483e-02	9.180395e+00
5.350000e-06	1.335577e-02	9.412399e+00
5.360000e-06	-2.905023e-02	9.615554e+00
5.370000e-06	3.949301e-03	9.904529e+00
5.380000e-06	-4.494037e-02	1.011671e+01
5.390000e-06	3.453659e-04	1.027561e+01
5.400000e-06	-2.050511e-02	1.054011e+01
5.410000e-06	-2.773802e-02	1.075966e+01
5.420000e-06	-2.782277e-02	1.092979e+01
5.430000e-06	-3.660612e-02	1.111824e+01
5.440000e-06	-4.435305e-03	1.131926e+01
5.450000e-06	-3.345268e-02	1.158066e+01
5.460000e-06	-2.439301e-02	1.176982e+01
5.470000e-06	-4.842165e-02	1.195929e+01
5.480000e-06	-1.774385e-02	1.214871e+01
5.490000e-06	-2.919271e-02	1.234716e+01
5.500000e-06	-3.045352e-02	1.252516e+01
5.510000e-06	-4.562771e-02	1.260403e+01
5.520000e-06	-3.868720e-02	1.280137e+01
5.530000e-06	-2.863054e-02	1.300026e+01
5.540000e-06	-4.051374e-02	1.314671e+01
5.550000e-06	-4.381304e-02	1.327605e+01
5.560000e-06	-4.958895e-02	1.341345e+01
5.570000e-06	-3.230510e-02	1.360074e+01
5.580000e-06	-4.500206e-02	1.368710e+01
5.590000e-06	-5.159918e-02	1.383349e+01
5.600000e-06	-6.252008e-02	1.397019e+01
5.610000e-06	-4.983640e-02	1.414978e+01
5.620000e-06	-4.840505e-02	1.425294e+01
5.630000e-06	-5.463800e-02	1.439231e+01
5.640000e-06	-6.531721e-02	1.448558e+01
5.650000e-06	-6.378003e-02	1.459971e+01
5.660000e-06	-5.811889e-02	1.464552e+01
5.670000e-06	-6.391694e-02	1.473974e+01
5.680000e-06	-7.153262e-02	1.482250e+01
5.690000e-06	-7.569760e-02	1.490565e+01
5.700000e-06	-6.904693e-02	1.497826e+01
5.710000e-06	-7.283466e-02	1.499195e+01
5.720000e-06	-8.293074e-02	1.505458e+01
5.730000e-06	-9.203518e-02	1.514873e+01
5.740000e-06	-8.789976e-02	1.520329e+01
5.750000e-06	-8.427362e-02	1.525392e+01
5.760000e-06	-9.069514e-02	1.527407e+01
5.770000e-06	-1.007664e-01	1.529875e+01
5.780000e-06	-1.044814e-01	1.533968e+01
5.790000e-06	-1.017603e-01	1.535831e+01
5.800000e-06	-1.076678e-01	1.539936e+01
5.810000e-06	-1.166722e-01	1.538082e+01
5.820000e-06	-1.222834e-01	1.540091e+01
5.830000e-06	-1.222049e-01	1.538031e+01
5.840000e-06	-1.252051e-01	1.538084e+01
5.850000e-06	-1.372842e-01	1.540031e+01
5.860000e-06	-1.501900e-01	1.537926e+01
5.870000e-06	-1.550478e-01	1.533018e+01
5.880000e-06	-1.624665e-01	1.529768e+01
5.890000e-06	-1.756649e-01	1.526550e+01
5.900000e-06	-2.002316e-01	1.523297e+01
5.910000e-06	-2.212471e-01	1.519242e+01
5.920000e-06	-2.439853e-01	1.512874e+01
5.930000e-06	-2.499982e-01	1.510708e+01
5.940000e-06	-2.500000e-01	1.506097e+01
5.950000e-06	-2.500000e-01	1.495871e+01
5.960000e-06	-2.500000e-01	1.490515e+01
5.970000e-06	-2.500000e-01	1.484257e+01
5.980000e-06	-2.500000e-01	1.472576e+01
5.990000e-06	-2.498000e-01	1.467352e+01
6.000000e-06	-2.334844e-01	1.455928e+01
6.010000e-06	-2.020641e-01	1.444453e+01
6.020000e-06	-1.784658e-01	1.435928e+01
6.030000e-06	-1.624641e-01	1.423149e+01
6.040000e-06	-1.464055e-01	1.414578e+01
6.050000e-06	-1.304188e-01	1.397989e+01
6.060000e-06	-1.162140e-01	1.384252e+01
6.070000e-06	-1.097051e-01	1.376818e+01
6.080000e-06	-1.025961e-01	1.357941e+01
6.090000e-06	-9.411769e-02	1.349052e+01
6.100000e-06	-8.391155e-02	1.331726e+01
6.110000e-06	-7.842059e-02	1.318683e+01
6.120000e-06	-7.651352e-02	1.300947e+01
6.130000e-06	-7.238271e-02	1.283302e+01
6.140000e-06	-6.585957e-02	1.269510e+01
6.150000e-06	-6.119596e-02	1.255731e+01
6.160000e-06	-6.063876e-02	1.236638e+01
6.170000e-06	-5.963558e-02	1.215789e+01
6.180000e-06	-5.289526e-02	1.199942e+01
6.190000e-06	-4.919018e-02	1.184147e+01
6.200000e-06	-4.879129e-02	1.162046e+01
6.210000e-06	-4.977045e-02	1.141147e+01
6.220000e-06	-4.673676e-02	1.118849e+01
6.230000e-06	-4.249363e-02	1.096945e+01
6.240000e-06	-4.091618e-02	1.082051e+01
6.250000e-06	-4.036762e-02	1.057995e+01
6.260000e-06	-4.059917e-02	1.041691e+01
6.270000e-06	-3.647694e-02	1.015887e+01
6.280000e-06	-3.507852e-02	9.926753e+00
6.290000e-06	-3.503801e-02	9.705653e+00
6.300000e-06	-3.668784e-02	9.512201e+00
6.310000e-06	-3.311079e-02	9.253180e+00
6.320000e-06	-3.026265e-02	8.981520e+00
6.330000e-06	-2.966351e-02	8.807994e+00
6.340000e-06	-3.185507e-02	8.578394e+00
6.350000e-06	-2.936837e-02	8.336835e+00
6.360000e-06	-2.718928e-02	8.104629e+00
6.370000e-06	-2.551159e-02	7.860119e+00
6.380000e-06	-2.742928e-02	7.577991e+00
6.390000e-06	-2.733447e-02	7.325707e+00
6.400000e-06	-2.571341e-02	7.052724e+00
6.410000e-06	-2.330803e-02	6.801620e+00
6.420000e-06	-2.426252e-02	6.554762e+00
6.430000e-06	-2.497806e-02	6.274128e+00
6.440000e-06	-2.341982e-02	6.010125e+00
6.450000e-06	-2.044778e-02	5.757386e+00
6.460000e-06	-2.030408e-02	5.472783e+00
6.470000e-06	-2.111101e-02	5.179020e+00
6.480000e-06	-2.194885e-02	4.851777e+00
6.490000e-06	-1.871874e-02	4.579041e+00
6.500000e-06	-1.869094e-02	4.345337e+00
6.510000e-06	-1.823090e-02	4.000546e+00
6.520000e-06	-1.966917e-02	3.756888e+00
6.530000e-06	-1.740976e-02	3.462812e+00
6.540000e-06	-1.594893e-02	3.218974e+00
6.550000e-06	-1.531337e-02	2.904767e+00
6.560000e-06	-1.743262e-02	2.663257e+00
6.570000e-06	-1.620143e-02	2.346890e+00
6.580000e-06	-1.460726e-02	2.063208e+00
6.590000e-06	-1.304797e-02	1.849523e+00
6.600000e-06	-1.381806e-02	1.484311e+00
6.610000e-06	-1.503079e-02	1.188649e+00
6.620000e-06	-1.213256e-02	8.807079e-01
6.630000e-06	-1.029191e-02	5.585726e-01
6.640000e-06	-1.012522e-02	3.449184e-01
6.650000e-06	-9.308831e-03	-8.997344e-04
6.660000e-06	-2.256812e-03	-2.330303e-01
6.670000e-06	5.585987e-03	-4.951867e-01
6.680000e-06	-3.490811e-03	-7.794236e-01
6.690000e-06	1.986790e-03	-1.032055e+00
6.700000e-06	-4.247314e-03	-1.349293e+00
6.710000e-06	2.963432e-03	-1.608553e+00
6.720000e-06	6.283150e-03	-1.852557e+00
6.730000e-06	5.488526e-02	-2.062581e+00
6.740000e-06	1.200881e-01	-2.380851e+00
6.750000e-06	-2.319974e-02	-2.761751e+00
6.760000e-06	-1.969573e-02	-3.160330e+00
6.770000e-06	-3.071887e-02	-3.451029e+00
6.780000e-06	-4.292698e-02	-3.610528e+00
6.790000e-06	-8.592262e-02	-3.895685e+00
6.800000e-06	9.546831e-02	-4.072132e+00
6.810000e-06	1.360962e-02	-4.296612e+00
6.820000e-06	-6.080196e-02	-4.602475e+00
6.830000e-06	1.679472e-01	-4.855024e+00
6.840000e-06	-1.445139e-01	-5.211300e+00
6.850000e-06	1.029721e-01	-5.548685e+00
6.860000e-06	-5.875535e-02	-5.757164e+00
6.870000e-06	-2.824191e-02	-6.043534e+00
6.880000e-06	1.278565e-01	-6.264999e+00
6.890000e-06	-9.075640e-02	-6.531395e+00
6.900000e-06	1.310896e-01	-6.852028e+00
6.910000e-06	-7.763194e-02	-7.138082e+00
6.920000e-06	4.335348e-02	-7.401446e+00
6.930000e-06	2.214626e-02	-7.613851e+00
6.940000e-06	-4.004214e-02	-7.969317e+00
6.950000e-06	1.182876e-01	-8.159392e+00
6.960000e-06	-7.565202e-02	-8.382450e+00
6.970000e-06	1.171985e-01	-8.687029e+00
6.980000e-06	-4.671408e-02	-8.907660e+00
6.990000e-06	1.960582e-02	-9.129216e+00
7.000000e-06	2.329037e-02	-9.357217e+00
7.010000e-06	-2.535758e-03	-9.642401e+00
7.020000e-06	9.091318e-02	-9.832872e+00
7.030000e-06	-3.792138e-02	-1.003300e+01
7.040000e-06	8.957067e-02	-1.026553e+01
7.050000e-06	-4.316923e-02	-1.050811e+01
7.060000e-06	7.860982e-02	-1.069560e+01
7.070000e-06	-1.429429e-02	-1.087563e+01
7.080000e-06	4.505481e-02	-1.108659e+01
7.090000e-06	2.288101e-02	-1.130653e+01
7.100000e-06	2.820571e-02	-1.152971e+01
7.110000e-06	4.972806e-02	-1.170716e+01
7.120000e-06	1.914167e-03	-1.195976e+01
7.130000e-06	5.740169e-02	-1.212516e+01
7.140000e-06	7.234976e-03	-1.229513e+01
7.150000e-06	7.230921e-02	-1.247452e+01
7.160000e-06	6.336345e-03	-1.264497e+01
7.170000e-06	5.298596e-02	-1.284394e+01
7.180000e-06	1.638008e-02	-1.295879e+01
7.190000e-06	5.718291e-02	-1.310828e+01
7.200000e-06	3.305591e-02	-1.326505e+01
7.210000e-06	4.806591e-02	-1.340192e+01
7.220000e-06	4.323114e-02	-1.357126e+01
7.230000e-06	4.740158e-02	-1.373621e+01
7.240000e-06	5.289244e-02	-1.383193e+01
7.250000e-06	3.791722e-02	-1.395124e+01
7.260000e-06	5.095648e-02	-1.407658e+01
7.270000e-06	4.603966e-02	-1.422344e+01
7.280000e-06	6.578737e-02	-1.440866e+01
7.290000e-06	5.088690e-02	-1.446403e+01
7.300000e-06	6.111866e-02	-1.457973e+01
7.310000e-06	5.229442e-02	-1.463402e+01
7.320000e-06	7.069326e-02	-1.470769e+01
7.330000e-06	6.330335e-02	-1.482445e+01
7.340000e-06	6.969709e-02	-1.488668e+01
7.350000e-06	6.612696e-02	-1.498186e+01
7.360000e-06	7.527104e-02	-1.507502e+01
7.370000e-06	7.510894e-02	-1.509618e+01
7.380000e-06	7.380482e-02	-1.518039e+01
7.390000e-06	7.704601e-02	-1.523354e+01
7.400000e-06	8.255052e-02	-1.528457e+01
7.410000e-06	9.469670e-02	-1.531914e+01
7.420000e-06	9.002856e-02	-1.537874e+01
7.430000e-06	9.445787e-02	-1.538984e+01
7.440000e-06	9.170684e-02	-1.538137e+01
7.450000e-06	1.037942e-01	-1.543294e+01
7.460000e-06	1.040857e-01	-1.545459e+01
7.470000e-06	1.095701e-01	-1.541355e+01
7.480000e-06	1.108766e-01	-1.542413e+01
7.490000e-06	1.218993e-01	-1.546360e+01
7.500000e-06	1.276813e-01	-1.544555e+01
7.510000e-06	1.306819e-01	-1.540097e+01
7.520000e-06	1.366463e-01	-1.539197e+01
7.530000e-06	1.467105e-01	-1.539134e+01
7.540000e-06	1.655409e-01	-1.535989e+01
7.550000e-06	1.784612e-01	-1.529871e+01
7.560000e-06	1.934954e-01	-1.528418e+01
7.570000e-06	2.160656e-01	-1.526242e+01
7.580000e-06	2.424026e-01	-1.515131e+01
7.590000e-06	2.491995e-01	-1.515626e+01
7.600000e-06	2.500000e-01	-1.505558e+01
7.610000e-06	2.500000e-01	-1.501092e+01
7.620000e-06	2.500000e-01	-1.490774e+01
7.630000e-06	2.500000e-01	-1.484199e+01
7.640000e-06	2.500000e-01	-1.475881e+01
7.650000e-06	2.428266e-01	-1.468360e+01
7.660000e-06	2.136832e-01	-1.457142e+01
7.670000e-06	1.886702e-01	-1.450563e+01
7.680000e-06	1.672478e-01	-1.437934e+01
7.690000e-06	1.476674e-01	-1.429510e+01
7.700000e-06	1.311407e-01	-1.411979e+01
7.710000e-06	1.189205e-01	-1.403147e+01
7.720000e-06	1.075904e-01	-1.387408e+01
7.730000e-06	9.626519e-02	-1.375888e+01
7.740000e-06	8.683383e-02	-1.360944e+01
7.750000e-06	8.109755e-02	-1.347358e+01
7.760000e-06	7.439379e-02	-1.331828e+01
7.770000e-06	6.867493e-02	-1.315941e+01
7.780000e-06	6.012685e-02	-1.305047e+01
7.790000e-06	5.707713e-02	-1.289460e+01
7.800000e-06	5.398054e-02	-1.267723e+01
7.810000e-06	5.259644e-02	-1.254831e+01
7.820000e-06	4.672092e-02	-1.237794e+01
7.830000e-06	4.435523e-02	-1.222097e+01
7.840000e-06	3.987499e-02	-1.205852e+01
7.850000e-06	3.963059e-02	-1.181094e+01
7.860000e-06	3.641177e-02	-1.158897e+01
7.870000e-06	3.265248e-02	-1.137636e+01
7.880000e-06	3.017474e-02	-1.116674e+01
7.890000e-06	2.885748e-02	-1.094784e+01
7.900000e-06	2.816273e-02	-1.078699e+01
7.910000e-06	2.609786e-02	-1.060944e+01
7.920000e-06	2.458311e-02	-1.035738e+01
7.930000e-06	2.455450e-02	-1.015484e+01
7.940000e-06	2.411588e-02	-9.936206e+00
7.950000e-06	2.063266e-02	-9.705282e+00
7.960000e-06	1.841115e-02	-9.482651e+00
7.970000e-06	1.725678e-02	-9.250627e+00
7.980000e-06	1.720877e-02	-9.018970e+00
7.990000e-06	1.547800e-02	-8.790121e+00
8.000000e-06	1.389124e-02	-8.546893e+00
8.010000e-06	1.282228e-02	-8.315183e+00
8.020000e-06	1.351674e-02	-8.063657e+00
8.030000e-06	1.291022e-02	-7.809973e+00
8.040000e-06	1.146635e-02	-7.536883e+00
8.050000e-06	8.958096e-03	-7.253129e+00
8.060000e-06	7.957581e-03	-6.950074e+00
8.070000e-06	8.076264e-03	-6.777335e+00
8.080000e-06	6.187971e-03	-6.526287e+00
8.090000e-06	5.608251e-03	-6.252549e+00
8.100000e-06	5.939079e-03	-6.008088e+00
8.110000e-06	5.781203e-03	-5.734835e+00
8.120000e-06	4.594845e-03	-5.431174e+00
8.130000e-06	1.589823e-03	-5.107790e+00
8.140000e-06	7.099551e-04	-4.849544e+00
8.150000e-06	1.544243e-03	-4.504764e+00
8.160000e-06	2.505495e-03	-4.323711e+00
8.170000e-06	2.074264e-03	-4.001575e+00
8.180000e-06	-1.535051e-03	-3.736412e+00
8.190000e-06	-1.037197e-03	-3.453255e+00
8.200000e-06	-3.366669e-03	-3.220149e+00
8.210000e-06	-2.766081e-03	-2.922807e+00
8.220000e-06	-4.671251e-03	-2.621074e+00
8.230000e-06	-2.581027e-03	-2.356918e+00
8.240000e-06	-2.915932e-03	-2.050630e+00
8.250000e-06	-3.022096e-03	-1.788045e+00
8.260000e-06	-6.112035e-03	-1.463834e+00
8.270000e-06	-5.804602e-03	-1.146942e+00
8.280000e-06	-6.411969e-03	-8.512118e-01
8.290000e-06	-7.010642e-03	-5.875699e-01
8.300000e-06	-7.488725e-03	-2.937844e-01
8.310000e-06	-4.845344e-03	-5.965038e-02
8.320000e-06	6.237805e-03	2.950579e-01
8.330000e-06	2.553298e-03	5.062145e-01
8.340000e-06	2.685436e-03	7.788210e-01
8.350000e-06	1.258064e-04	1.074034e+00
8.360000e-06	-2.772318e-04	1.347687e+00
8.370000e-06	-8.328682e-04	1.664084e+00
8.380000e-06	5.660922e-03	1.885683e+00
8.390000e-06	3.371207e-02	2.106688e+00
8.400000e-06	1.001907e-01	2.410927e+00
8.410000e-06	1.134247e-02	2.780875e+00
8.420000e-06	-5.146351e-02	3.062683e+00
8.430000e-06	-3.013748e-02	3.347742e+00
8.440000e-06	-3.411019e-02	3.633530e+00
8.450000e-06	-6.123340e-02	3.872128e+00
8.460000e-06	-5.409667e-02	4.041580e+00
8.470000e-06	8.452425e-02	4.338189e+00
8.480000e-06	-3.511739e-02	4.653549e+00
8.490000e-06	5.474900e-03	4.854557e+00
8.500000e-06	1.015997e-01	5.240405e+00
8.510000e-06	-1.235443e-01	5.517108e+00
8.520000e-06	5.134967e-02	5.761767e+00
8.530000e-06	-5.009919e-02	6.084034e+00
8.540000e-06	2.339358e-02	6.323557e+00
8.550000e-06	1.149881e-02	6.579267e+00
8.560000e-06	-4.899454e-02	6.822508e+00
8.570000e-06	3.190701e-02	7.097133e+00
8.580000e-06	-5.184503e-02	7.398841e+00
8.590000e-06	2.344642e-02	7.644030e+00
8.600000e-06	-5.709576e-02	7.886761e+00
8.610000e-06	1.054363e-02	8.261376e+00
8.620000e-06	1.032873e-02	8.391951e+00
8.630000e-06	-2.925153e-02	8.643402e+00
8.640000e-06	1.126346e-02	8.874182e+00
8.650000e-06	-6.008123e-02	9.108759e+00
8.660000e-06	-5.848196e-04	9.338715e+00
8.670000e-06	-1.930585e-02	9.570812e+00
8.680000e-06	-1.639849e-03	9.811843e+00
8.690000e-06	-3.149579e-02	1.005290e+01
8.700000e-06	-1.824041e-02	1.021398e+01
8.710000e-06	-6.480139e-03	1.046448e+01
8.720000e-06	-3.068166e-02	1.062303e+01
8.730000e-06	-2.166596e-02	1.087410e+01
8.740000e-06	-4.120672e-02	1.105458e+01
8.750000e-06	-1.165378e-02	1.127710e+01
8.760000e-06	-2.481983e-02	1.148663e+01
8.770000e-06	-2.564854e-02	1.169711e+01
8.780000e-06	-4.175585e-02	1.192570e+01
8.790000e-06	-2.794515e-02	1.208513e+01
8.800000e-06	-2.323253e-02	1.223350e+01
8.810000e-06	-2.915756e-02	1.246297e+01
8.820000e-06	-4.067582e-02	1.261279e+01
8.830000e-06	-4.383737e-02	1.273979e+01
8.840000e-06	-3.090966e-02	1.291676e+01
8.850000e-06	-3.646129e-02	1.308457e+01
8.860000e-06	-4.199020e-02	1.323345e+01
8.870000e-06	-5.064433e-02	1.336981e+01
8.880000e-06	-3.637711e-02	1.353881e+01
8.890000e-06	-4.087813e-02	1.368688e+01
8.900000e-06	-4.667989e-02	1.378989e+01
8.910000e-06	-6.116563e-02	1.392875e+01
8.920000e-06	-5.392270e-02	1.406450e+01
8.930000e-06	-4.967626e-02	1.421297e+01
8.940000e-06	-5.118078e-02	1.431560e+01
8.950000e-06	-6.229730e-02	1.442540e+01
8.960000e-06	-6.542952e-02	1.455923e+01
8.970000e-06	-5.774327e-02	1.462255e+01
8.980000e-06	-6.151905e-02	1.470606e+01
8.990000e-06	-6.805104e-02	1.478184e+01
9.000000e-06	-7.675522e-02	1.484510e+01
9.010000e-06	-7.085511e-02	1.497724e+01
9.020000e-06	-7.208232e-02	1.495939e+01
9.030000e-06	-7.826259e-02	1.506403e+01
9.040000e-06	-9.003513e-02	1.510773e+01
9.050000e-06	-9.052398e-02	1.518029e+01
9.060000e-06	-8.570200e-02	1.523139e+01
9.070000e-06	-8.756274e-02	1.528347e+01
9.080000e-06	-9.631625e-02	1.529715e+01
9.090000e-06	-1.033023e-01	1.529880e+01
9.100000e-06	-1.019262e-01	1.535979e+01
9.110000e-06	-1.046290e-01	1.533984e+01
9.120000e-06	-1.140121e-01	1.538036e+01
9.130000e-06	-1.222590e-01	1.541044e+01
9.140000e-06	-1.229417e-01	1.541136e+01
9.150000e-06	-1.229031e-01	1.538191e+01
9.160000e-06	-1.307370e-01	1.538089e+01
9.170000e-06	-1.437142e-01	1.537034e+01
9.180000e-06	-1.537903e-01	1.537930e+01
9.190000e-06	-1.584299e-01	1.532668e+01
9.200000e-06	-1.706831e-01	1.528603e+01
9.210000e-06	-1.909215e-01	1.527307e+01
9.220000e-06	-2.154546e-01	1.520142e+01
9.230000e-06	-2.363147e-01	1.515036e+01
9.240000e-06	-2.496487e-01	1.507761e+01
9.250000e-06	-2.500000e-01	1.505350e+01
9.260000e-06	-2.500000e-01	1.497044e+01
9.270000e-06	-2.500000e-01	1.490671e+01
9.280000e-06	-2.500000e-01	1.487160e+01
9.290000e-06	-2.500000e-01	1.474934e+01
9.300000e-06	-2.500000e-01	1.469365e+01
9.310000e-06	-2.430279e-01	1.461092e+01
9.320000e-06	-2.121283e-01	1.449560e+01
9.330000e-06	-1.861818e-01	1.440046e+01
9.340000e-06	-1.661527e-01	1.424350e+01
9.350000e-06	-1.529470e-01	1.413886e+01
9.360000e-06	-1.350422e-01	1.402299e+01
9.370000e-06	-1.208535e-01	1.396568e+01
9.380000e-06	-1.108534e-01	1.377987e+01
9.390000e-06	-1.064827e-01	1.363109e+01
9.400000e-06	-9.743064e-02	1.347630e+01
9.410000e-06	-8.626512e-02	1.334786e+01
9.420000e-06	-8.046330e-02	1.321049e+01
9.430000e-06	-7.834559e-02	1.307360e+01
9.440000e-06	-7.547187e-02	1.289470e+01
9.450000e-06	-6.791982e-02	1.274688e+01
9.460000e-06	-6.184247e-02	1.261945e+01
9.470000e-06	-5.971875e-02	1.244002e+01
9.480000e-06	-6.063567e-02	1.225150e+01
9.490000e-06	-5.506150e-02	1.206463e+01
9.500000e-06	-5.176587e-02	1.186315e+01
9.510000e-06	-4.822064e-02	1.170363e+01
9.520000e-06	-5.148695e-02	1.144360e+01
9.530000e-06	-4.801036e-02	1.130465e+01
9.540000e-06	-4.399886e-02	1.107268e+01
9.550000e-06	-3.947087e-02	1.085425e+01
9.560000e-06	-4.074748e-02	1.065365e+01
9.570000e-06	-4.101547e-02	1.044065e+01
9.580000e-06	-3.874696e-02	1.025310e+01
9.590000e-06	-3.530244e-02	1.003154e+01
9.600000e-06	-3.557346e-02	9.819990e+00
9.610000e-06	-3.658766e-02	9.535936e+00
9.620000e-06	-3.474289e-02	9.367389e+00
9.630000e-06	-3.009472e-02	9.125230e+00
9.640000e-06	-2.956381e-02	8.895225e+00
9.650000e-06	-3.132965e-02	8.642600e+00
9.660000e-06	-3.059793e-02	8.452125e+00
9.670000e-06	-2.841216e-02	8.209445e+00
9.680000e-06	-2.514432e-02	7.916307e+00
9.690000e-06	-2.656682e-02	7.673652e+00
9.700000e-06	-2.809828e-02	7.430525e+00
9.710000e-06	-2.660167e-02	7.095787e+00
9.720000e-06	-2.419276e-02	6.914754e+00
9.730000e-06	-2.307782e-02	6.610574e+00
9.740000e-06	-2.474255e-02	6.385888e+00
9.750000e-06	-2.301619e-02	6.096208e+00
9.760000e-06	-2.142898e-02	5.843077e+00
9.770000e-06	-2.001129e-02	5.566487e+00
9.780000e-06	-2.137830e-02	5.324859e+00
9.790000e-06	-2.145020e-02	4.975413e+00
9.800000e-06	-2.045127e-02	4.662279e+00
9.810000e-06	-1.851192e-02	4.450601e+00
9.820000e-06	-1.872571e-02	4.185808e+00
9.830000e-06	-1.840376e-02	3.881676e+00
9.840000e-06	-1.856714e-02	3.588021e+00
9.850000e-06	-1.564560e-02	3.292311e+00
9.860000e-06	-1.576908e-02	3.018151e+00
9.870000e-06	-1.564181e-02	2.746944e+00
9.880000e-06	-1.729255e-02	2.464202e+00
9.890000e-06	-1.456865e-02	2.167944e+00
9.900000e-06	-1.367690e-02	1.895791e+00
9.910000e-06	-1.284022e-02	1.630028e+00
9.920000e-06	-1.372751e-02	1.285866e+00
9.930000e-06	-1.281074e-02	9.981176e-01
9.940000e-06	-1.073264e-02	6.933830e-01
9.950000e-06	-1.053598e-02	4.210527e-01
9.960000e-06	-9.301213e-03	1.752820e-01
9.970000e-06	-6.179427e-03	-1.387996e-01
9.980000e-06	6.058775e-03	-4.003999e-01
9.990000e-06	-1.268928e-03	-6.862369e-01
1.000000e-05	2.019095e-03	-9.097711e-01
1.001000e-05	-2.888127e-03	-1.210926e+00
1.002000e-05	2.261405e-03	-1.568274e+00
1.003000e-05	1.396121e-03	-1.730318e+00
1.004000e-05	3.127514e-02	-1.979922e+00
1.005000e-05	1.078297e-01	-2.235087e+00
1.006000e-05	4.362637e-02	-2.624479e+00
1.007000e-05	-4.927170e-02	-3.035054e+00
1.008000e-05	-7.897266e-03	-3.338292e+00
1.009000e-05	-4.799954e-02	-3.527344e+00
1.010000e-05	-6.742015e-02	-3.771275e+00
1.011000e-05	-2.150187e-03	-3.999977e+00
1.012000e-05	1.232678e-01	-4.159345e+00
1.013000e-05	-1.325532e-01	-4.527087e+00
1.014000e-05	1.702975e-01	-4.749444e+00
1.015000e-05	-3.982002e-02	-5.062929e+00
1.016000e-05	-2.198918e-02	-5.424501e+00
1.017000e-05	7.434997e-02	-5.653006e+00
1.018000e-05	-1.379326e-01	-5.928314e+00
1.019000e-05	1.673454e-01	-6.148893e+00
1.020000e-05	-6.201417e-02	-6.434959e+00
1.021000e-05	6.432968e-02	-6.759896e+00
1.022000e-05	2.217350e-02	-7.001843e+00
1.023000e-05	-5.956319e-02	-7.286691e+00
1.024000e-05	1.002485e-01	-7.517161e+00
1.025000e-05	-9.172460e-02	-7.833971e+00
1.026000e-05	1.196638e-01	-8.066687e+00
1.027000e-05	-3.166419e-02	-8.295658e+00
1.028000e-05	4.382658e-02	-8.582319e+00
1.029000e-05	4.921947e-02	-8.832397e+00
1.030000e-05	-6.276579e-02	-9.074533e+00
1.031000e-05	8.151088e-02	-9.265080e+00
1.032000e-05	-5.329439e-02	-9.537137e+00
1.033000e-05	1.116871e-01	-9.729719e+00
1.034000e-05	-2.959742e-02	-9.979741e+00
1.035000e-05	6.708239e-02	-1.014932e+01
1.036000e-05	-1.138135e-03	-1.040184e+01
1.037000e-05	2.550381e-02	-1.060343e+01
1.038000e-05	4.067357e-02	-1.081140e+01
1.039000e-05	-8.354364e-03	-1.100390e+01
1.040000e-05	6.711239e-02	-1.121399e+01
1.041000e-05	-8.975005e-03	-1.142600e+01
1.042000e-05	7.740710e-02	-1.162645e+01
1.043000e-05	-1.112045e-02	-1.187453e+01
1.044000e-05	6.045107e-02	-1.207455e+01
1.045000e-05	7.868043e-03	-1.228142e+01
1.046000e-05	6.125393e-02	-1.242450e+01
1.047000e-05	2.464182e-02	-1.255079e+01
1.048000e-05	3.519440e-02	-1.277931e+01
1.049000e-05	3.480478e-02	-1.293768e+01
1.050000e-05	3.583084e-02	-1.306610e+01
1.051000e-05	5.279425e-02	-1.322099e+01
1.052000e-05	2.907035e-02	-1.332176e+01
1.053000e-05	5.736230e-02	-1.350661e+01
1.054000e-05	3.450191e-02	-1.365503e+01
1.055000e-05	6.303469e-02	-1.377135e+01
1.056000e-05	3.363038e-02	-1.393826e+01
1.057000e-05	5.374179e-02	-1.405555e+01
1.058000e-05	4.214476e-02	-1.415041e+01
1.059000e-05	6.330024e-02	-1.431858e+01
1.060000e-05	5.298808e-02	-1.441337e+01
1.061000e-05	5.918055e-02	-1.454761e+01
1.062000e-05	5.498080e-02	-1.459337e+01
1.063000e-05	6.490165e-02	-1.470871e+01
1.064000e-05	6.801387e-02	-1.479182e+01
1.065000e-05	6.552296e-02	-1.487405e+01
1.066000e-05	6.831170e-02	-1.493133e+01
1.067000e-05	6.869508e-02	-1.504445e+01
1.068000e-05	7.769215e-02	-1.511610e+01
1.069000e-05	7.056183e-02	-1.514926e+01
1.070000e-05	7.832078e-02	-1.522287e+01
1.071000e-05	7.791574e-02	-1.524404e+01
1.072000e-05	9.329611e-02	-1.531663e+01
1.073000e-05	9.058335e-02	-1.535873e+01
1.074000e-05	9.311305e-02	-1.537931e+01
1.075000e-05	9.088748e-02	-1.542242e+01
1.076000e-05	9.971874e-02	-1.544302e+01
1.077000e-05	1.042030e-01	-1.544303e+01
1.078000e-05	1.081468e-01	-1.547400e+01
1.079000e-05	1.107468e-01	-1.545548e+01
1.080000e-05	1.176488e-01	-1.548258e+01
1.081000e-05	1.253688e-01	-1.549310e+01
1.082000e-05	1.296370e-01	-1.545499e+01
1.083000e-05	1.329385e-01	-1.543445e+01
1.084000e-05	1.419989e-01	-1.541039e+01
1.085000e-05	1.567310e-01	-1.536039e+01
1.086000e-05	1.732890e-01	-1.535683e+01
1.087000e-05	1.858049e-01	-1.530478e+01
1.088000e-05	2.069604e-01	-1.528405e+01
1.089000e-05	2.351181e-01	-1.522197e+01
1.090000e-05	2.499862e-01	-1.517926e+01
1.091000e-05	2.500000e-01	-1.511515e+01
1.092000e-05	2.500000e-01	-1.501200e+01
1.093000e-05	2.500000e-01	-1.494728e+01
1.094000e-05	2.500000e-01	-1.490457e+01
1.095000e-05	2.500000e-01	-1.480041e+01
1.096000e-05	2.486349e-01	-1.474820e+01
1.097000e-05	2.252363e-01	-1.461147e+01
1.098000e-05	1.986025e-01	-1.453573e+01
1.099000e-05	1.760866e-01	-1.443299e+01
1.100000e-05	1.545877e-01	-1.434466e+01
1.101000e-05	1.359558e-01	-1.417089e+01
1.102000e-05	1.223788e-01	-1.405560e+01
1.103000e-05	1.117963e-01	-1.393823e+01
1.104000e-05	9.978945e-02	-1.376144e+01
1.105000e-05	8.922226e-02	-1.366218e+01
1.106000e-05	8.261393e-02	-1.349620e+01
1.107000e-05	7.682645e-02	-1.340939e+01
1.108000e-05	7.225423e-02	-1.326252e+01
1.109000e-05	6.400630e-02	-1.306518e+01
1.110000e-05	5.893450e-02	-1.295784e+01
1.111000e-05	5.579388e-02	-1.279794e+01
1.112000e-05	5.406896e-02	-1.262946e+01
1.113000e-05	4.805811e-02	-1.242002e+01
1.114000e-05	4.382040e-02	-1.227455e+01
1.115000e-05	4.091182e-02	-1.208616e+01
1.116000e-05	4.015088e-02	-1.189423e+01
1.117000e-05	3.718738e-02	-1.168368e+01
1.118000e-05	3.479906e-02	-1.145265e+01
1.119000e-05	3.159309e-02	-1.121250e+01
1.120000e-05	3.235965e-02	-1.102195e+01
1.121000e-05	2.930087e-02	-1.082208e+01
1.122000e-05	2.741147e-02	-1.065410e+01
1.123000e-05	2.362782e-02	-1.045258e+01
1.124000e-05	2.396557e-02	-1.021152e+01
1.125000e-05	2.303287e-02	-9.969020e+00
1.126000e-05	2.132873e-02	-9.788969e+00
1.127000e-05	1.857797e-02	-9.548910e+00
1.128000e-05	1.778388e-02	-9.377288e+00
1.129000e-05	1.829679e-02	-9.105179e+00
1.130000e-05	1.666194e-02	-8.863153e+00
1.131000e-05	1.514199e-02	-8.642495e+00
1.132000e-05	1.281587e-02	-8.399940e+00
1.133000e-05	1.295988e-02	-8.177940e+00
1.134000e-05	1.258093e-02	-7.915412e+00
1.135000e-05	1.194218e-02	-7.631099e+00
1.136000e-05	8.429413e-03	-7.368341e+00
1.137000e-05	9.821100e-03	-7.067359e+00
1.138000e-05	7.701223e-03	-6.802673e+00
1.139000e-05	7.899286e-03	-6.608968e+00
1.140000e-05	5.117891e-03	-6.306365e+00
1.141000e-05	5.414802e-03	-6.064178e+00
1.142000e-05	4.062271e-03	-5.779094e+00
1.143000e-05	5.311223e-03	-5.536837e+00
1.144000e-05	2.478311e-03	-5.240598e+00
1.145000e-05	2.394128e-03	-4.965856e+00
1.146000e-05	1.748310e-03	-4.609546e+00
1.147000e-05	1.388061e-03	-4.351020e+00
1.148000e-05	1.986288e-03	-4.137314e+00
1.149000e-05	-1.240123e-03	-3.839655e+00
1.150000e-05	-1.157002e-03	-3.547916e+00
1.151000e-05	-3.410569e-03	-3.324358e+00
1.152000e-05	-2.187895e-03	-2.979571e+00
1.153000e-05	-4.593605e-03	-2.725388e+00
1.154000e-05	-2.363906e-03	-2.463080e+00
1.155000e-05	-3.143137e-03	-2.185436e+00
1.156000e-05	-2.770708e-03	-1.893707e+00
1.157000e-05	-4.868304e-03	-1.610601e+00
1.158000e-05	-5.831626e-03	-1.272180e+00
1.159000e-05	-7.544921e-03	-9.879950e-01
1.160000e-05	-7.173747e-03	-6.547620e-01
1.161000e-05	-6.507000e-03	-3.685212e-01
1.162000e-05	-6.085388e-03	-1.138387e-01
1.163000e-05	1.186464e-03	1.287158e-01
1.164000e-05	5.945157e-03	4.520778e-01
1.165000e-05	-6.521311e-04	6.746854e-01
1.166000e-05	3.961282e-03	9.702168e-01
1.167000e-05	-2.214213e-03	1.252530e+00
1.168000e-05	1.194982e-03	1.547291e+00
1.169000e-05	1.451570e-04	1.831455e+00
1.170000e-05	2.147303e-02	2.080978e+00
1.171000e-05	7.610777e-02	2.307160e+00
1.172000e-05	6.846936e-02	2.646034e+00
1.173000e-05	-5.863699e-02	2.978367e+00
1.174000e-05	-2.586697e-02	3.222479e+00
1.175000e-05	-4.030469e-02	3.547320e+00
1.176000e-05	-3.861209e-02	3.739369e+00
1.177000e-05	-8.228102e-02	3.977368e+00
1.178000e-05	4.139893e-02	4.244003e+00
1.179000e-05	4.487329e-02	4.537743e+00
1.180000e-05	-7.917119e-02	4.821345e+00
1.181000e-05	1.457988e-01	5.105601e+00
1.182000e-05	-8.965702e-02	5.412897e+00
1.183000e-05	-5.504644e-03	5.661084e+00
1.184000e-05	2.017381e-03	5.959314e+00
1.185000e-05	-3.188264e-02	6.190297e+00
1.186000e-05	5.561857e-02	6.432458e+00
1.187000e-05	-6.145523e-02	6.768840e+00
1.188000e-05	2.433049e-02	7.042397e+00
1.189000e-05	-3.255929e-02	7.274002e+00
1.190000e-05	-2.264160e-03	7.569734e+00
1.191000e-05	-2.080054e-02	7.831503e+00
1.192000e-05	-3.660380e-02	8.128164e+00
1.193000e-05	3.716588e-02	8.318711e+00
1.194000e-05	-3.130289e-02	8.570320e+00
1.195000e-05	8.016001e-03	8.759741e+00
1.196000e-05	-3.638779e-02	9.012497e+00
1.197000e-05	-3.585794e-02	9.245103e+00
1.198000e-05	4.872235e-03	9.483629e+00
1.199000e-05	-2.033956e-02	9.738183e+00
1.200000e-05	-6.334543e-03	9.940233e+00
1.201000e-05	-4.054668e-02	1.015927e+01
1.202000e-05	2.454359e-03	1.039027e+01
1.203000e-05	-2.775630e-02	1.057132e+01
1.204000e-05	-2.354080e-02	1.083187e+01
1.205000e-05	-3.526546e-02	1.103329e+01
1.206000e-05	-2.798843e-02	1.117485e+01
1.207000e-05	-9.580001e-03	1.138289e+01
1.208000e-05	-3.144868e-02	1.169342e+01
1.209000e-05	-3.027088e-02	1.181297e+01
1.210000e-05	-4.340712e-02	1.199238e+01
1.211000e-05	-1.788115e-02	1.218991e+01
1.212000e-05	-2.998436e-02	1.239834e+01
1.213000e-05	-3.467324e-02	1.256931e+01
1.214000e-05	-4.680448e-02	1.274518e+01
1.215000e-05	-3.593518e-02	1.284500e+01
1.216000e-05	-3.058988e-02	1.300197e+01
1.217000e-05	-4.214784e-02	1.321089e+01
1.218000e-05	-4.703021e-02	1.333721e+01
1.219000e-05	-4.503927e-02	1.350605e+01
1.220000e-05	-3.462175e-02	1.361347e+01
1.221000e-05	-4.512863e-02	1.374076e+01
1.222000e-05	-5.630125e-02	1.383600e+01
1.223000e-05	-5.996484e-02	1.401342e+01
1.224000e-05	-5.032106e-02	1.419973e+01
1.225000e-05	-4.902974e-02	1.428658e+01
1.226000e-05	-5.874778e-02	1.439044e+01
1.227000e-05	-6.550454e-02	1.450713e+01
1.228000e-05	-6.135835e-02	1.459989e+01
1.229000e-05	-5.795608e-02	1.470613e+01
1.230000e-05	-6.499479e-02	1.476882e+01
1.231000e-05	-7.528539e-02	1.486507e+01
1.232000e-05	-7.476683e-02	1.489624e+01
1.233000e-05	-7.135526e-02	1.499031e+01
1.234000e-05	-7.488172e-02	1.499237e+01
1.235000e-05	-8.623523e-02	1.512668e+01
1.236000e-05	-9.187227e-02	1.514924e+01
1.237000e-05	-8.689779e-02	1.520181e+01
1.238000e-05	-8.548936e-02	1.524442e+01
1.239000e-05	-9.299759e-02	1.527618e+01
1.240000e-05	-1.030752e-01	1.529771e+01
1.241000e-05	-1.034550e-01	1.535023e+01
1.242000e-05	-1.023614e-01	1.532886e+01
1.243000e-05	-1.090830e-01	1.537129e+01
1.244000e-05	-1.199240e-01	1.539989e+01
1.245000e-05	-1.239217e-01	1.537087e+01
1.246000e-05	-1.223946e-01	1.544291e+01
1.247000e-05	-1.267257e-01	1.543184e+01
1.248000e-05	-1.402537e-01	1.535986e+01
1.249000e-05	-1.519639e-01	1.535036e+01
1.250000e-05	-1.566155e-01	1.532868e+01
1.251000e-05	-1.649749e-01	1.528565e+01
1.252000e-05	-1.808625e-01	1.527410e+01
1.253000e-05	-2.069528e-01	1.523194e+01
1.254000e-05	-2.285269e-01	1.518986e+01
1.255000e-05	-2.480539e-01	1.514723e+01
1.256000e-05	-2.499995e-01	1.506505e+01
1.257000e-05	-2.500000e-01	1.498302e+01
1.258000e-05	-2.500000e-01	1.494876e+01
1.259000e-05	-2.500000e-01	1.491508e+01
1.260000e-05	-2.500000e-01	1.481986e+01
1.261000e-05	-2.500000e-01	1.475613e+01
1.262000e-05	-2.480549e-01	1.462249e+01
1.263000e-05	-2.259876e-01	1.453768e+01
1.264000e-05	-1.934036e-01	1.444407e+01
1.265000e-05	-1.717383e-01	1.432631e+01
1.266000e-05	-1.580885e-01	1.421994e+01
1.267000e-05	-1.409589e-01	1.409469e+01
1.268000e-05	-1.286302e-01	1.395831e+01
1.269000e-05	-1.132325e-01	1.381189e+01
1.270000e-05	-1.101648e-01	1.370412e+01
1.271000e-05	-1.017569e-01	1.354828e+01
1.272000e-05	-9.165791e-02	1.340099e+01
1.273000e-05	-8.083344e-02	1.328517e+01
1.274000e-05	-7.617649e-02	1.313673e+01
1.275000e-05	-7.541441e-02	1.296934e+01
1.276000e-05	-7.249198e-02	1.280094e+01
1.277000e-05	-6.453131e-02	1.263302e+01
1.278000e-05	-6.175822e-02	1.250420e+01
1.279000e-05	-6.054262e-02	1.232525e+01
1.280000e-05	-5.934519e-02	1.209721e+01
1.281000e-05	-5.178098e-02	1.193936e+01
1.282000e-05	-4.753260e-02	1.174729e+01
1.283000e-05	-4.861663e-02	1.156729e+01
1.284000e-05	-4.868365e-02	1.131676e+01
1.285000e-05	-4.618873e-02	1.115576e+01
1.286000e-05	-4.191174e-02	1.093531e+01
1.287000e-05	-4.076498e-02	1.076681e+01
1.288000e-05	-4.113278e-02	1.054733e+01
1.289000e-05	-4.091474e-02	1.032368e+01
1.290000e-05	-3.657162e-02	1.011636e+01
1.291000e-05	-3.485667e-02	9.873125e+00
1.292000e-05	-3.533130e-02	9.643023e+00
1.293000e-05	-3.567033e-02	9.409469e+00
1.294000e-05	-3.220404e-02	9.200995e+00
1.295000e-05	-2.888731e-02	8.967940e+00
1.296000e-05	-3.030080e-02	8.775759e+00
1.297000e-05	-3.224179e-02	8.536735e+00
1.298000e-05	-3.060873e-02	8.322650e+00
1.299000e-05	-2.789126e-02	8.080571e+00
1.300000e-05	-2.569434e-02	7.768517e+00
1.301000e-05	-2.710143e-02	7.494283e+00
1.302000e-05	-2.631267e-02	7.220099e+00
1.303000e-05	-2.427069e-02	6.978442e+00
1.304000e-05	-2.252539e-02	6.725858e+00
1.305000e-05	-2.439818e-02	6.449651e+00
1.306000e-05	-2.542257e-02	6.209495e+00
1.307000e-05	-2.343078e-02	5.955438e+00
1.308000e-05	-2.004220e-02	5.650654e+00
1.309000e-05	-2.017485e-02	5.441074e+00
1.310000e-05	-2.166523e-02	5.114727e+00
1.311000e-05	-2.098992e-02	4.745467e+00
1.312000e-05	-1.834304e-02	4.525734e+00
1.313000e-05	-1.743803e-02	4.257650e+00
1.314000e-05	-1.837064e-02	3.966890e+00
1.315000e-05	-1.906822e-02	3.673730e+00
1.316000e-05	-1.751285e-02	3.400096e+00
1.317000e-05	-1.555442e-02	3.085787e+00
1.318000e-05	-1.648498e-02	2.852725e+00
1.319000e-05	-1.704117e-02	2.585465e+00
1.320000e-05	-1.601867e-02	2.291731e+00
1.321000e-05	-1.286559e-02	2.039101e+00
1.322000e-05	-1.176421e-02	1.756917e+00
1.323000e-05	-1.344733e-02	1.460650e+00
1.324000e-05	-1.422492e-02	1.123886e+00
1.325000e-05	-1.237726e-02	7.880212e-01
1.326000e-05	-1.067449e-02	5.138106e-01
1.327000e-05	-1.005287e-02	2.591769e-01
1.328000e-05	-8.304114e-03	-5.403409e-02
1.329000e-05	4.952648e-04	-3.162669e-01
1.330000e-05	4.302581e-03	-5.392550e-01
1.331000e-05	-8.896585e-04	-8.641592e-01
1.332000e-05	1.555439e-03	-1.127216e+00
1.333000e-05	-1.509101e-03	-1.403776e+00
1.334000e-05	1.752853e-03	-1.685187e+00
1.335000e-05	1.501841e-02	-1.907739e+00
1.336000e-05	7.712648e-02	-2.136741e+00
1.337000e-05	1.021821e-01	-2.497060e+00
1.338000e-05	-5.383412e-02	-2.916112e+00
1.339000e-05	-4.983181e-03	-3.266563e+00
1.340000e-05	-4.477259e-02	-3.505138e+00
1.341000e-05	-4.562801e-02	-3.676737e+00
1.342000e-05	-7.192586e-02	-3.948841e+00
1.343000e-05	1.447805e-01	-4.066663e+00
1.344000e-05	-7.916274e-02	-4.370347e+00
1.345000e-05	4.127562e-02	-4.724633e+00
1.346000e-05	9.021416e-02	-4.907134e+00
1.347000e-05	-1.313573e-01	-5.308642e+00
1.348000e-05	1.391941e-01	-5.568717e+00
1.349000e-05	-1.384027e-01	-5.824052e+00
1.350000e-05	7.936459e-02	-6.046162e+00
1.351000e-05	4.636597e-02	-6.367689e+00
1.352000e-05	-4.184165e-02	-6.657078e+00
1.353000e-05	1.148808e-01	-6.867613e+00
1.354000e-05	-1.063795e-01	-7.181346e+00
1.355000e-05	9.918472e-02	-7.434030e+00
1.356000e-05	-4.952277e-02	-7.677182e+00
1.357000e-05	3.635676e-02	-8.032979e+00
1.358000e-05	6.167734e-02	-8.222551e+00
1.359000e-05	-4.766998e-02	-8.457161e+00
1.360000e-05	1.194732e-01	-8.758262e+00
1.361000e-05	-8.387102e-02	-8.991294e+00
1.362000e-05	7.279174e-02	-9.202422e+00
1.363000e-05	-2.881471e-02	-9.421893e+00
1.364000e-05	5.795673e-02	-9.673503e+00
1.365000e-05	3.682218e-02	-9.874482e+00
1.366000e-05	-4.338914e-04	-1.007918e+01
1.367000e-05	6.354850e-02	-1.028613e+01
1.368000e-05	-3.165084e-02	-1.053875e+01
1.369000e-05	8.416579e-02	-1.073776e+01
1.370000e-05	-3.268023e-02	-1.091821e+01
1.371000e-05	7.322051e-02	-1.114931e+01
1.372000e-05	-6.478086e-03	-1.135924e+01
1.373000e-05	6.214706e-02	-1.157185e+01
1.374000e-05	1.561670e-02	-1.177879e+01
1.375000e-05	3.084668e-02	-1.200197e+01
1.376000e-05	3.403187e-02	-1.215979e+01
1.377000e-05	2.821177e-02	-1.235879e+01
1.378000e-05	5.476397e-02	-1.252866e+01
1.379000e-05	1.242356e-02	-1.270555e+01
1.380000e-05	5.249785e-02	-1.284357e+01
1.381000e-05	1.851409e-02	-1.302340e+01
1.382000e-05	6.702778e-02	-1.312929e+01
1.383000e-05	2.536013e-02	-1.330816e+01
1.384000e-05	6.043360e-02	-1.346453e+01
1.385000e-05	3.021990e-02	-1.361087e+01
1.386000e-05	5.672584e-02	-1.374924e+01
1.387000e-05	3.788839e-02	-1.386358e+01
1.388000e-05	4.625678e-02	-1.405179e+01
1.389000e-05	4.699265e-02	-1.414578e+01
1.390000e-05	5.879265e-02	-1.426555e+01
1.391000e-05	6.339563e-02	-1.436989e+01
1.392000e-05	5.581243e-02	-1.451558e+01
1.393000e-05	5.739766e-02	-1.457036e+01
1.394000e-05	5.446667e-02	-1.467608e+01
1.395000e-05	6.724696e-02	-1.475132e+01
1.396000e-05	6.065731e-02	-1.484293e+01
1.397000e-05	7.036786e-02	-1.490926e+01
1.398000e-05	6.664138e-02	-1.502184e+01
1.399000e-05	8.039040e-02	-1.508408e+01
1.400000e-05	7.314854e-02	-1.514766e+01
1.401000e-05	7.784185e-02	-1.520086e+01
1.402000e-05	7.631401e-02	-1.526299e+01
1.403000e-05	8.708363e-02	-1.529463e+01
1.404000e-05	9.067459e-02	-1.535866e+01
1.405000e-05	9.016614e-02	-1.537934e+01
1.406000e-05	9.206267e-02	-1.541134e+01
1.407000e-05	9.471992e-02	-1.539239e+01
1.408000e-05	1.047456e-01	-1.539199e+01
1.409000e-05	1.048816e-01	-1.544400e+01
1.410000e-05	1.106527e-01	-1.546452e+01
1.411000e-05	1.142889e-01	-1.545358e+01
1.412000e-05	1.246478e-01	-1.544507e+01
1.413000e-05	1.274146e-01	-1.547250e+01
1.414000e-05	1.314395e-01	-1.539242e+01
1.415000e-05	1.377928e-01	-1.541092e+01
1.416000e-05	1.507209e-01	-1.539942e+01
1.417000e-05	1.651028e-01	-1.538829e+01
1.418000e-05	1.809415e-01	-1.530670e+01
1.419000e-05	2.000666e-01	-1.527355e+01
1.420000e-05	2.256917e-01	-1.523187e+01
1.421000e-05	2.479681e-01	-1.515936e+01
1.422000e-05	2.500000e-01	-1.511668e+01
1.423000e-05	2.500000e-01	-1.505453e+01
1.424000e-05	2.500000e-01	-1.498147e+01
1.425000e-05	2.500000e-01	-1.488665e+01
1.426000e-05	2.500000e-01	-1.483402e+01
1.427000e-05	2.496950e-01	-1.477678e+01
1.428000e-05	2.374674e-01	-1.463312e+01
1.429000e-05	2.083444e-01	-1.456834e+01
1.430000e-05	1.841973e-01	-1.446255e+01
1.431000e-05	1.617351e-01	-1.436780e+01
1.432000e-05	1.438046e-01	-1.426200e+01
1.433000e-05	1.273535e-01	-1.413618e+01
1.434000e-05	1.145522e-01	-1.401082e+01
1.435000e-05	1.024822e-01	-1.388455e+01
1.436000e-05	9.259504e-02	-1.371728e+01
1.437000e-05	8.528919e-02	-1.357834e+01
1.438000e-05	8.037865e-02	-1.344254e+01
1.439000e-05	7.420973e-02	-1.331565e+01
1.440000e-05	6.699434e-02	-1.314733e+01
1.441000e-05	6.063132e-02	-1.297939e+01
1.442000e-05	5.624142e-02	-1.284155e+01
1.443000e-05	5.281924e-02	-1.262405e+01
1.444000e-05	5.072428e-02	-1.249678e+01
1.445000e-05	4.567238e-02	-1.235631e+01
1.446000e-05	4.346421e-02	-1.212736e+01
1.447000e-05	4.076101e-02	-1.197893e+01
1.448000e-05	3.809116e-02	-1.174841e+01
1.449000e-05	3.472285e-02	-1.154836e+01
1.450000e-05	3.322204e-02	-1.132623e+01
1.451000e-05	3.140972e-02	-1.112576e+01
1.452000e-05	2.932672e-02	-1.087568e+01
1.453000e-05	2.787194e-02	-1.073531e+01
1.454000e-05	2.597336e-02	-1.051584e+01
1.455000e-05	2.405363e-02	-1.030318e+01
1.456000e-05	2.306308e-02	-1.004528e+01
1.457000e-05	2.209561e-02	-9.792578e+00
1.458000e-05	2.079512e-02	-9.661099e+00
1.459000e-05	1.882298e-02	-9.411946e+00
1.460000e-05	1.783093e-02	-9.189468e+00
1.461000e-05	1.624333e-02	-8.957966e+00
1.462000e-05	1.546407e-02	-8.716233e+00
1.463000e-05	1.301257e-02	-8.494179e+00
1.464000e-05	1.287823e-02	-8.250625e+00
1.465000e-05	1.242186e-02	-7.978048e+00
1.466000e-05	1.277736e-02	-7.736337e+00
1.467000e-05	9.779255e-03	-7.471679e+00
1.468000e-05	8.975918e-03	-7.209499e+00
1.469000e-05	7.722483e-03	-6.937815e+00
1.470000e-05	7.222929e-03	-6.704732e+00
1.471000e-05	6.583666e-03	-6.443129e+00
1.472000e-05	5.657478e-03	-6.168341e+00
1.473000e-05	4.896102e-03	-5.864257e+00
1.474000e-05	4.375030e-03	-5.632153e+00
1.475000e-05	3.267407e-03	-5.346864e+00
1.476000e-05	9.546657e-04	-5.061654e+00
1.477000e-05	1.846822e-03	-4.714306e+00
1.478000e-05	1.232931e-03	-4.452180e+00
1.479000e-05	2.026340e-03	-4.210120e+00
1.480000e-05	1.944156e-04	-3.979539e+00
1.481000e-05	-1.689473e-03	-3.672657e+00
1.482000e-05	-2.980167e-03	-3.400599e+00
1.483000e-05	-2.594602e-03	-3.117281e+00
1.484000e-05	-2.345519e-03	-2.819625e+00
1.485000e-05	-3.969031e-03	-2.557415e+00
1.486000e-05	-2.597432e-03	-2.294282e+00
1.487000e-05	-3.680799e-03	-1.957495e+00
1.488000e-05	-4.334105e-03	-1.725833e+00
1.489000e-05	-5.678451e-03	-1.399150e+00
1.490000e-05	-7.225496e-03	-1.082683e+00
1.491000e-05	-6.714882e-03	-7.495525e-01
1.492000e-05	-6.881314e-03	-4.827330e-01
1.493000e-05	-6.115956e-03	-2.606026e-01
1.494000e-05	-3.130972e-03	5.155892e-02
1.495000e-05	7.997855e-03	3.387695e-01
1.496000e-05	-9.990586e-04	5.609488e-01
1.497000e-05	4.636126e-03	8.510539e-01
1.498000e-05	-1.891743e-03	1.158875e+00
1.499000e-05	8.722611e-04	1.393429e+00
1.500000e-05	-3.154297e-03	1.759817e+00
1.501000e-05	1.186024e-02	1.967321e+00
1.502000e-05	4.914858e-02	2.191849e+00
1.503000e-05	1.018133e-01	2.508188e+00
1.504000e-05	-2.947085e-02	2.883079e+00
1.505000e-05	-3.750274e-02	3.169341e+00
1.506000e-05	-3.724439e-02	3.443479e+00
1.507000e-05	-3.123872e-02	3.724208e+00
1.508000e-05	-7.749812e-02	3.938137e+00
1.509000e-05	-1.883782e-02	4.165161e+00
1.510000e-05	8.933161e-02	4.442505e+00
1.511000e-05	-8.260622e-02	4.716162e+00
1.512000e-05	8.897176e-02	4.956742e+00
1.513000e-05	1.770789e-02	5.319138e+00
1.514000e-05	-8.802283e-02	5.567322e+00
1.515000e-05	4.901450e-02	5.823354e+00
1.516000e-05	-5.924624e-02	6.107663e+00
1.517000e-05	5.479758e-02	6.348762e+00
1.518000e-05	-2.940355e-02	6.694975e+00
1.519000e-05	-1.916364e-02	6.897161e+00
1.520000e-05	1.208141e-02	7.160846e+00
1.521000e-05	-4.079257e-02	7.413395e+00
1.522000e-05	1.801850e-02	7.718189e+00
1.523000e-05	-6.535548e-02	8.042865e+00
1.524000e-05	3.741232e-02	8.284107e+00
1.525000e-05	-1.247054e-02	8.485135e+00
1.526000e-05	-1.397093e-02	8.684076e+00
1.527000e-05	-6.273272e-03	8.929091e+00
1.528000e-05	-6.218290e-02	9.170343e+00
1.529000e-05	1.368202e-02	9.382322e+00
1.530000e-05	-2.819583e-02	9.623428e+00
1.531000e-05	6.267475e-03	9.864526e+00
1.532000e-05	-4.419810e-02	1.006611e+01
1.533000e-05	-2.617027e-03	1.027715e+01
1.534000e-05	-1.823386e-02	1.050668e+01
1.535000e-05	-2.863207e-02	1.071623e+01
1.536000e-05	-2.737962e-02	1.096721e+01
1.537000e-05	-3.865279e-02	1.109816e+01
1.538000e-05	-5.527450e-03	1.134776e+01
1.539000e-05	-3.102190e-02	1.154824e+01
1.540000e-05	-2.495169e-02	1.174071e+01
1.541000e-05	-4.757175e-02	1.195776e+01
1.542000e-05	-2.030459e-02	1.211878e+01
1.543000e-05	-2.777765e-02	1.236723e+01
1.544000e-05	-3.016766e-02	1.247513e+01
1.545000e-05	-4.383417e-02	1.264400e+01
1.546000e-05	-4.131577e-02	1.279332e+01
1.547000e-05	-2.937023e-02	1.297926e+01
1.548000e-05	-4.041675e-02	1.311821e+01
1.549000e-05	-4.419881e-02	1.329413e+01
1.550000e-05	-5.141285e-02	1.344134e+01
1.551000e-05	-3.320000e-02	1.355974e+01
1.552000e-05	-4.313881e-02	1.373713e+01
1.553000e-05	-4.932406e-02	1.379392e+01
1.554000e-05	-6.245294e-02	1.398929e+01
1.555000e-05	-5.183094e-02	1.407565e+01
1.556000e-05	-4.949534e-02	1.426445e+01
1.557000e-05	-5.533948e-02	1.434978e+01
1.558000e-05	-6.433374e-02	1.444547e+01
1.559000e-05	-6.475888e-02	1.456931e+01
1.560000e-05	-5.749103e-02	1.468412e+01
1.561000e-05	-6.380772e-02	1.475771e+01
1.562000e-05	-6.986739e-02	1.482284e+01
1.563000e-05	-7.782889e-02	1.491565e+01
1.564000e-05	-6.966665e-02	1.493829e+01
1.565000e-05	-7.291242e-02	1.499992e+01
1.566000e-05	-8.038870e-02	1.507455e+01
1.567000e-05	-9.171434e-02	1.510021e+01
1.568000e-05	-8.943795e-02	1.520081e+01
1.569000e-05	-8.430206e-02	1.524342e+01
1.570000e-05	-8.966956e-02	1.527500e+01
1.571000e-05	-9.935682e-02	1.528723e+01
1.572000e-05	-1.043731e-01	1.532726e+01
1.573000e-05	-1.013769e-01	1.532774e+01
1.574000e-05	-1.060117e-01	1.536086e+01
1.575000e-05	-1.166244e-01	1.539081e+01
1.576000e-05	-1.231750e-01	1.541141e+01
1.577000e-05	-1.230450e-01	1.540042e+01
1.578000e-05	-1.225796e-01	1.536184e+01
1.579000e-05	-1.347492e-01	1.538039e+01
1.580000e-05	-1.478423e-01	1.536031e+01
1.581000e-05	-1.562092e-01	1.532783e+01
1.582000e-05	-1.613170e-01	1.530761e+01
1.583000e-05	-1.753614e-01	1.530712e+01
1.584000e-05	-1.967945e-01	1.523302e+01
1.585000e-05	-2.198605e-01	1.520186e+01
1.586000e-05	-2.426163e-01	1.516978e+01
1.587000e-05	-2.499876e-01	1.508620e+01
1.588000e-05	-2.500000e-01	1.504205e+01
1.589000e-05	-2.500000e-01	1.497836e+01
1.590000e-05	-2.500000e-01	1.491668e+01
1.591000e-05	-2.500000e-01	1.481199e+01
1.592000e-05	-2.500000e-01	1.479833e+01
1.593000e-05	-2.500000e-01	1.469262e+01
1.594000e-05	-2.361272e-01	1.454881e+01
1.595000e-05	-2.038722e-01	1.449512e+01
1.596000e-05	-1.796181e-01	1.439884e+01
1.597000e-05	-1.632973e-01	1.424507e+01
1.598000e-05	-1.493997e-01	1.414685e+01
1.599000e-05	-1.319911e-01	1.402144e+01
1.600000e-05	-1.174314e-01	1.389510e+01
1.601000e-05	-1.095334e-01	1.373828e+01
1.602000e-05	-1.043685e-01	1.361189e+01
1.603000e-05	-9.537302e-02	1.348352e+01
1.604000e-05	-8.451437e-02	1.333538e+01
1.605000e-05	-7.954060e-02	1.319883e+01
1.606000e-05	-7.614761e-02	1.301099e+01
1.607000e-05	-7.344230e-02	1.284458e+01
1.608000e-05	-6.623417e-02	1.268623e+01
1.609000e-05	-6.178511e-02	1.256733e+01
1.610000e-05	-6.059730e-02	1.239838e+01
1.611000e-05	-6.052172e-02	1.218939e+01
1.612000e-05	-5.498866e-02	1.205204e+01
1.613000e-05	-4.997763e-02	1.183055e+01
1.614000e-05	-4.877875e-02	1.164260e+01
1.615000e-05	-4.951193e-02	1.142200e+01
1.616000e-05	-4.721634e-02	1.120999e+01
1.617000e-05	-4.279414e-02	1.102107e+01
1.618000e-05	-4.051715e-02	1.083107e+01
1.619000e-05	-4.106662e-02	1.065192e+01
1.620000e-05	-4.178630e-02	1.039797e+01
1.621000e-05	-3.794725e-02	1.015942e+01
1.622000e-05	-3.609224e-02	9.956967e+00
1.623000e-05	-3.505667e-02	9.737863e+00
1.624000e-05	-3.651112e-02	9.505759e+00
1.625000e-05	-3.291373e-02	9.272684e+00
1.626000e-05	-3.073232e-02	9.051098e+00
1.627000e-05	-2.980267e-02	8.849076e+00
1.628000e-05	-3.080437e-02	8.569517e+00
1.629000e-05	-3.041041e-02	8.328412e+00
1.630000e-05	-2.828747e-02	8.135233e+00
1.631000e-05	-2.626657e-02	7.851676e+00
1.632000e-05	-2.690882e-02	7.590037e+00
1.633000e-05	-2.754397e-02	7.335337e+00
1.634000e-05	-2.664375e-02	7.052629e+00
1.635000e-05	-2.295045e-02	6.820597e+00
1.636000e-05	-2.239645e-02	6.556416e+00
1.637000e-05	-2.450571e-02	6.313208e+00
1.638000e-05	-2.428211e-02	6.032656e+00
1.639000e-05	-2.208914e-02	5.778466e+00
1.640000e-05	-2.071741e-02	5.522760e+00
1.641000e-05	-2.100559e-02	5.270570e+00
1.642000e-05	-2.132677e-02	4.880733e+00
1.643000e-05	-1.940295e-02	4.599071e+00
1.644000e-05	-1.722836e-02	4.327966e+00
1.645000e-05	-1.742046e-02	4.059654e+00
1.646000e-05	-1.883194e-02	3.807538e+00
1.647000e-05	-1.873993e-02	3.536363e+00
1.648000e-05	-1.669563e-02	3.240625e+00
1.649000e-05	-1.509821e-02	2.946414e+00
1.650000e-05	-1.673915e-02	2.684260e+00
1.651000e-05	-1.645686e-02	2.347972e+00
1.652000e-05	-1.444454e-02	2.113784e+00
1.653000e-05	-1.258988e-02	1.852125e+00
1.654000e-05	-1.311485e-02	1.534964e+00
1.655000e-05	-1.382116e-02	1.221680e+00
1.656000e-05	-1.324166e-02	9.233082e-01
1.657000e-05	-1.019067e-02	6.296225e-01
1.658000e-05	-1.010429e-02	3.779460e-01
1.659000e-05	-9.646344e-03	4.117762e-02
1.660000e-05	-4.466104e-03	-2.424751e-01
1.661000e-05	6.750379e-03	-4.530051e-01
1.662000e-05	-3.278542e-03	-7.588010e-01
1.663000e-05	3.477677e-03	-1.002003e+00
1.664000e-05	-3.902889e-03	-1.286714e+00
1.665000e-05	3.223026e-03	-1.630950e+00
1.666000e-05	5.135750e-03	-1.841458e+00
1.667000e-05	4.836857e-02	-2.040982e+00
1.668000e-05	1.191985e-01	-2.370269e+00
1.669000e-05	-9.372641e-03	-2.750243e+00
1.670000e-05	-2.743808e-02	-3.138797e+00
1.671000e-05	-2.364612e-02	-3.431504e+00
1.672000e-05	-4.291777e-02	-3.603000e+00
1.673000e-05	-8.391261e-02	-3.874610e+00
1.674000e-05	7.243908e-02	-4.032028e+00
1.675000e-05	4.458437e-02	-4.242034e+00
1.676000e-05	-8.842232e-02	-4.589893e+00
1.677000e-05	1.826829e-01	-4.822448e+00
1.678000e-05	-1.282601e-01	-5.109665e+00
1.679000e-05	7.661568e-02	-5.485685e+00
1.680000e-05	-2.485691e-02	-5.687162e+00
1.681000e-05	-6.039201e-02	-6.014976e+00
1.682000e-05	1.466171e-01	-6.234026e+00
1.683000e-05	-9.563017e-02	-6.549213e+00
1.684000e-05	1.234677e-01	-6.820980e+00
1.685000e-05	-5.768641e-02	-7.106509e+00
1.686000e-05	1.765363e-02	-7.371397e+00
1.687000e-05	4.501528e-02	-7.600799e+00
1.688000e-05	-6.087459e-02	-7.908187e+00
1.689000e-05	1.274820e-01	-8.147737e+00
1.690000e-05	-7.353315e-02	-8.372823e+00
1.691000e-05	1.033765e-01	-8.652001e+00
1.692000e-05	-2.557138e-02	-8.886029e+00
1.693000e-05	-2.096973e-03	-9.107184e+00
1.694000e-05	4.324113e-02	-9.268237e+00
1.695000e-05	-2.211657e-02	-9.551370e+00
1.696000e-05	1.026019e-01	-9.791421e+00
1.697000e-05	-4.551131e-02	-9.951975e+00
1.698000e-05	9.245910e-02	-1.024442e+01
1.699000e-05	-3.626367e-02	-1.046608e+01
1.700000e-05	6.903463e-02	-1.065408e+01
1.701000e-05	-1.696549e-03	-1.087501e+01
1.702000e-05	3.071557e-02	-1.108508e+01
1.703000e-05	3.545104e-02	-1.128503e+01
1.704000e-05	1.421801e-02	-1.150771e+01
1.705000e-05	5.740391e-02	-1.167656e+01
1.706000e-05	-3.240651e-03	-1.195661e+01
1.707000e-05	6.323915e-02	-1.210768e+01
1.708000e-05	7.795148e-03	-1.226518e+01
1.709000e-05	7.178414e-02	-1.244353e+01
1.710000e-05	8.320246e-03	-1.265342e+01
1.711000e-05	4.931515e-02	-1.282096e+01
1.712000e-05	1.846286e-02	-1.292982e+01
1.713000e-05	5.114994e-02	-1.310661e+01
1.714000e-05	3.677440e-02	-1.327393e+01
1.715000e-05	4.586087e-02	-1.339182e+01
1.716000e-05	4.959377e-02	-1.353771e+01
1.717000e-05	4.464478e-02	-1.372664e+01
1.718000e-05	5.439116e-02	-1.382300e+01
1.719000e-05	3.581748e-02	-1.395974e+01
1.720000e-05	5.246152e-02	-1.408705e+01
1.721000e-05	4.478788e-02	-1.425395e+01
1.722000e-05	6.394026e-02	-1.436711e+01
1.723000e-05	5.153509e-02	-1.448402e+01
1.724000e-05	6.144831e-02	-1.455827e+01
1.725000e-05	5.455875e-02	-1.464382e+01
1.726000e-05	6.755582e-02	-1.470921e+01
1.727000e-05	6.350156e-02	-1.482239e+01
1.728000e-05	6.933336e-02	-1.490753e+01
1.729000e-05	6.767288e-02	-1.496034e+01
1.730000e-05	7.255893e-02	-1.505603e+01
1.731000e-05	7.414922e-02	-1.512663e+01
1.732000e-05	7.204589e-02	-1.518036e+01
1.733000e-05	7.834867e-02	-1.525292e+01
1.734000e-05	8.161448e-02	-1.526455e+01
1.735000e-05	9.363663e-02	-1.533623e+01
1.736000e-05	8.880143e-02	-1.533769e+01
1.737000e-05	9.397327e-02	-1.536979e+01
1.738000e-05	9.199106e-02	-1.540195e+01
1.739000e-05	1.014846e-01	-1.543342e+01
1.740000e-05	1.044228e-01	-1.542457e+01
1.741000e-05	1.088117e-01	-1.550455e+01
1.742000e-05	1.120433e-01	-1.545353e+01
1.743000e-05	1.198147e-01	-1.546455e+01
1.744000e-05	1.266206e-01	-1.541296e+01
1.745000e-05	1.296443e-01	-1.542347e+01
1.746000e-05	1.360813e-01	-1.542299e+01
1.747000e-05	1.464683e-01	-1.540881e+01
1.748000e-05	1.621090e-01	-1.537776e+01
1.749000e-05	1.755997e-01	-1.532866e+01
1.750000e-05	1.911951e-01	-1.532458e+01
1.751000e-05	2.127500e-01	-1.525352e+01
1.752000e-05	2.428313e-01	-1.519032e+01
1.753000e-05	2.499885e-01	-1.515831e+01
1.754000e-05	2.500000e-01	-1.502613e+01
1.755000e-05	2.500000e-01	-1.498239e+01
1.756000e-05	2.500000e-01	-1.490788e+01
1.757000e-05	2.500000e-01	-1.485355e+01
1.758000e-05	2.500000e-01	-1.474989e+01
1.759000e-05	2.448147e-01	-1.468465e+01
1.760000e-05	2.174886e-01	-1.458040e+01
1.761000e-05	1.915113e-01	-1.450563e+01
1.762000e-05	1.694737e-01	-1.442191e+01
1.763000e-05	1.494377e-01	-1.427358e+01
1.764000e-05	1.323539e-01	-1.415924e+01
1.765000e-05	1.198716e-01	-1.401192e+01
1.766000e-05	1.084991e-01	-1.388616e+01
1.767000e-05	9.671529e-02	-1.374831e+01
1.768000e-05	8.716386e-02	-1.362089e+01
1.769000e-05	8.056525e-02	-1.351408e+01
1.770000e-05	7.581103e-02	-1.331828e+01
1.771000e-05	6.967602e-02	-1.318947e+01
1.772000e-05	6.312105e-02	-1.305100e+01
1.773000e-05	5.766632e-02	-1.285418e+01
1.774000e-05	5.530796e-02	-1.272623e+01
1.775000e-05	5.271067e-02	-1.255889e+01
1.776000e-05	4.797770e-02	-1.239154e+01
1.777000e-05	4.402685e-02	-1.223050e+01
1.778000e-05	4.071693e-02	-1.202205e+01
1.779000e-05	3.943122e-02	-1.185152e+01
1.780000e-05	3.601538e-02	-1.167210e+01
1.781000e-05	3.291830e-02	-1.138897e+01
1.782000e-05	3.097590e-02	-1.113844e+01
1.783000e-05	3.165860e-02	-1.096989e+01
1.784000e-05	2.895128e-02	-1.075897e+01
1.785000e-05	2.812187e-02	-1.056799e+01
1.786000e-05	2.390623e-02	-1.037894e+01
1.787000e-05	2.399576e-02	-1.013784e+01
1.788000e-05	2.210809e-02	-9.916737e+00
1.789000e-05	2.143786e-02	-9.725762e+00
1.790000e-05	1.774188e-02	-9.505631e+00
1.791000e-05	1.841500e-02	-9.294649e+00
1.792000e-05	1.720173e-02	-9.021077e+00
1.793000e-05	1.677402e-02	-8.830595e+00
1.794000e-05	1.430723e-02	-8.587892e+00
1.795000e-05	1.335306e-02	-8.315307e+00
1.796000e-05	1.297731e-02	-8.105207e+00
1.797000e-05	1.274915e-02	-7.732074e+00
1.798000e-05	1.010555e-02	-7.596890e+00
1.799000e-05	9.042161e-03	-7.275683e+00
1.800000e-05	8.664472e-03	-7.031098e+00
1.801000e-05	6.856142e-03	-6.796917e+00
1.802000e-05	6.429669e-03	-6.526909e+00
1.803000e-05	5.924927e-03	-6.262753e+00
1.804000e-05	3.923595e-03	-5.988516e+00
1.805000e-05	4.953947e-03	-5.715312e+00
1.806000e-05	2.606808e-03	-5.471700e+00
1.807000e-05	5.126620e-03	-5.097861e+00
1.808000e-05	2.374554e-03	-4.831049e+00
1.809000e-05	2.416256e-03	-4.535341e+00
1.810000e-05	1.645538e-03	-4.295261e+00
1.811000e-05	-5.408117e-04	-4.002178e+00
1.812000e-05	-2.538886e-03	-3.736316e+00
1.813000e-05	-3.558885e-03	-3.484308e+00
1.814000e-05	-3.933166e-03	-3.230701e+00
1.815000e-05	-1.262925e-03	-2.905311e+00
1.816000e-05	-2.116187e-03	-2.661582e+00
1.817000e-05	-6.612852e-04	-2.386549e+00
1.818000e-05	-3.910325e-03	-2.071230e+00
1.819000e-05	-4.137135e-03	-1.819575e+00
1.820000e-05	-7.683384e-03	-1.515393e+00
1.821000e-05	-8.564415e-03	-1.166574e+00
1.822000e-05	-9.029971e-03	-8.832584e-01
1.823000e-05	-6.220584e-03	-6.500765e-01
1.824000e-05	-4.526005e-03	-3.147895e-01
1.825000e-05	-2.900045e-03	-1.131793e-01
1.826000e-05	5.769442e-03	2.339802e-01
1.827000e-05	3.022753e-03	4.852880e-01
1.828000e-05	9.508559e-04	7.272921e-01
1.829000e-05	1.030384e-03	9.929262e-01
1.830000e-05	-2.905922e-03	1.316712e+00
1.831000e-05	-1.286897e-03	1.612454e+00
1.832000e-05	4.713677e-03	1.875682e+00
1.833000e-05	3.124244e-02	2.126708e+00
1.834000e-05	9.673100e-02	2.400771e+00
1.835000e-05	2.687399e-02	2.788818e+00
1.836000e-05	-5.585861e-02	3.013529e+00
1.837000e-05	-2.867610e-02	3.317687e+00
1.838000e-05	-3.519996e-02	3.610953e+00
1.839000e-05	-5.508036e-02	3.832580e+00
1.840000e-05	-6.580150e-02	4.002501e+00
1.841000e-05	7.682916e-02	4.316138e+00
1.842000e-05	-1.377832e-02	4.582977e+00
1.843000e-05	-2.013782e-02	4.813499e+00
1.844000e-05	1.220307e-01	5.191445e+00
1.845000e-05	-1.230176e-01	5.487135e+00
1.846000e-05	4.330549e-02	5.706216e+00
1.847000e-05	-3.778070e-02	6.014003e+00
1.848000e-05	9.799108e-03	6.254028e+00
1.849000e-05	2.484307e-02	6.519267e+00
1.850000e-05	-5.793181e-02	6.832454e+00
1.851000e-05	3.494351e-02	7.056075e+00
1.852000e-05	-5.149415e-02	7.377715e+00
1.853000e-05	2.123089e-02	7.622976e+00
1.854000e-05	-5.127045e-02	7.897587e+00
1.855000e-05	3.221273e-04	8.210319e+00
1.856000e-05	1.942273e-02	8.380971e+00
1.857000e-05	-3.102775e-02	8.621924e+00
1.858000e-05	1.135761e-02	8.824528e+00
1.859000e-05	-5.769918e-02	9.086528e+00
1.860000e-05	-9.338557e-03	9.316687e+00
1.861000e-05	-1.305593e-02	9.528237e+00
1.862000e-05	-5.724920e-03	9.790866e+00
1.863000e-05	-2.518320e-02	1.003192e+01
1.864000e-05	-2.502795e-02	1.023347e+01
1.865000e-05	-3.052434e-03	1.043400e+01
1.866000e-05	-3.148729e-02	1.067192e+01
1.867000e-05	-2.315239e-02	1.087157e+01
1.868000e-05	-4.109709e-02	1.107555e+01
1.869000e-05	-1.552265e-02	1.127453e+01
1.870000e-05	-2.043256e-02	1.146715e+01
1.871000e-05	-2.777859e-02	1.168513e+01
1.872000e-05	-3.902949e-02	1.189463e+01
1.873000e-05	-3.373772e-02	1.207653e+01
1.874000e-05	-2.118766e-02	1.222400e+01
1.875000e-05	-3.013546e-02	1.242494e+01
1.876000e-05	-3.905660e-02	1.259084e+01
1.877000e-05	-4.590508e-02	1.274821e+01
1.878000e-05	-3.216636e-02	1.291668e+01
1.879000e-05	-3.556669e-02	1.305553e+01
1.880000e-05	-4.282004e-02	1.322095e+01
1.881000e-05	-5.092265e-02	1.338074e+01
1.882000e-05	-3.795537e-02	1.348828e+01
1.883000e-05	-3.895632e-02	1.364600e+01
1.884000e-05	-4.613184e-02	1.378096e+01
1.885000e-05	-6.142709e-02	1.388755e+01
1.886000e-05	-5.557664e-02	1.400455e+01
1.887000e-05	-4.943438e-02	1.423179e+01
1.888000e-05	-5.127534e-02	1.433871e+01
1.889000e-05	-6.201183e-02	1.440294e+01
1.890000e-05	-6.608686e-02	1.456825e+01
1.891000e-05	-5.883503e-02	1.461094e+01
1.892000e-05	-6.061777e-02	1.471060e+01
1.893000e-05	-6.728648e-02	1.480129e+01
1.894000e-05	-7.732653e-02	1.488662e+01
1.895000e-05	-7.188798e-02	1.494878e+01
1.896000e-05	-7.143643e-02	1.497982e+01
1.897000e-05	-7.618777e-02	1.508504e+01
1.898000e-05	-8.978345e-02	1.509918e+01
1.899000e-05	-9.142390e-02	1.518126e+01
1.900000e-05	-8.531123e-02	1.521334e+01
1.901000e-05	-8.657598e-02	1.524548e+01
1.902000e-05	-9.542194e-02	1.529713e+01
1.903000e-05	-1.043522e-01	1.528881e+01
1.904000e-05	-1.017209e-01	1.536928e+01
1.905000e-05	-1.040219e-01	1.536984e+01
1.906000e-05	-1.105426e-01	1.537089e+01
1.907000e-05	-1.225828e-01	1.541189e+01
1.908000e-05	-1.227521e-01	1.538044e+01
1.909000e-05	-1.229053e-01	1.540989e+01
1.910000e-05	-1.296199e-01	1.538079e+01
1.911000e-05	-1.441499e-01	1.537034e+01
1.912000e-05	-1.542929e-01	1.536089e+01
1.913000e-05	-1.584713e-01	1.530925e+01
1.914000e-05	-1.682730e-01	1.529720e+01
1.915000e-05	-1.877261e-01	1.527358e+01
1.916000e-05	-2.123761e-01	1.521289e+01
1.917000e-05	-2.348628e-01	1.517931e+01
1.918000e-05	-2.493374e-01	1.510718e+01
1.919000e-05	-2.500000e-01	1.504457e+01
1.920000e-05	-2.500000e-01	1.498187e+01
1.921000e-05	-2.500000e-01	1.492778e+01
1.922000e-05	-2.500000e-01	1.488362e+01
1.923000e-05	-2.500000e-01	1.477989e+01
1.924000e-05	-2.500000e-01	1.465515e+01
1.925000e-05	-2.454646e-01	1.464192e+01
1.926000e-05	-2.145053e-01	1.448725e+01
1.927000e-05	-1.879857e-01	1.438094e+01
1.928000e-05	-1.679231e-01	1.429405e+01
1.929000e-05	-1.553442e-01	1.415786e+01
1.930000e-05	-1.366441e-01	1.404207e+01
1.931000e-05	-1.228537e-01	1.394773e+01
1.932000e-05	-1.114274e-01	1.379991e+01
1.933000e-05	-1.074779e-01	1.366247e+01
1.934000e-05	-9.855142e-02	1.347566e+01
1.935000e-05	-8.797310e-02	1.337829e+01
1.936000e-05	-7.957085e-02	1.326252e+01
1.937000e-05	-7.730068e-02	1.305305e+01
1.938000e-05	-7.648054e-02	1.293718e+01
1.939000e-05	-6.974547e-02	1.273846e+01
1.940000e-05	-6.263385e-02	1.258902e+01
1.941000e-05	-6.013245e-02	1.244152e+01
1.942000e-05	-6.104659e-02	1.226422e+01
1.943000e-05	-5.621895e-02	1.212565e+01
1.944000e-05	-5.185993e-02	1.190480e+01
1.945000e-05	-4.848946e-02	1.170473e+01
1.946000e-05	-5.101659e-02	1.150466e+01
1.947000e-05	-4.965030e-02	1.130228e+01
1.948000e-05	-4.424211e-02	1.106560e+01
1.949000e-05	-4.057308e-02	1.086523e+01
1.950000e-05	-4.064219e-02	1.067468e+01
1.951000e-05	-4.176697e-02	1.048423e+01
1.952000e-05	-3.895524e-02	1.025315e+01
1.953000e-05	-3.589462e-02	1.005204e+01
1.954000e-05	-3.438785e-02	9.831495e+00
1.955000e-05	-3.671530e-02	9.566390e+00
1.956000e-05	-3.476880e-02	9.347916e+00
1.957000e-05	-3.079685e-02	9.135881e+00
1.958000e-05	-2.893417e-02	8.894287e+00
1.959000e-05	-3.158794e-02	8.653102e+00
1.960000e-05	-3.188933e-02	8.461622e+00
1.961000e-05	-2.920864e-02	8.230468e+00
1.962000e-05	-2.577182e-02	8.006437e+00
1.963000e-05	-2.618827e-02	7.684683e+00
1.964000e-05	-2.740348e-02	7.381044e+00
1.965000e-05	-2.643072e-02	7.136867e+00
1.966000e-05	-2.351767e-02	6.945210e+00
1.967000e-05	-2.337783e-02	6.622575e+00
1.968000e-05	-2.456979e-02	6.335517e+00
1.969000e-05	-2.453883e-02	6.124813e+00
1.970000e-05	-2.070176e-02	5.895249e+00
1.971000e-05	-1.996913e-02	5.599542e+00
1.972000e-05	-2.036743e-02	5.316363e+00
1.973000e-05	-2.249251e-02	5.038516e+00
1.974000e-05	-2.044702e-02	4.653782e+00
1.975000e-05	-1.859605e-02	4.431604e+00
1.976000e-05	-1.716676e-02	4.198044e+00
1.977000e-05	-1.948736e-02	3.882226e+00
1.978000e-05	-1.757194e-02	3.629673e+00
1.979000e-05	-1.609192e-02	3.354361e+00
1.980000e-05	-1.487940e-02	3.071680e+00
1.981000e-05	-1.633462e-02	2.768996e+00
1.982000e-05	-1.781743e-02	2.491154e+00
1.983000e-05	-1.564812e-02	2.206573e+00
1.984000e-05	-1.284520e-02	1.944488e+00
1.985000e-05	-1.236161e-02	1.642156e+00
1.986000e-05	-1.408031e-02	1.347413e+00
1.987000e-05	-1.362779e-02	1.062675e+00
1.988000e-05	-1.062978e-02	6.943609e-01
1.989000e-05	-1.030106e-02	4.517039e-01
1.990000e-05	-9.830838e-03	1.758723e-01
1.991000e-05	-7.175191e-03	-8.731580e-02
1.992000e-05	4.663309e-03	-3.398734e-01
1.993000e-05	-3.865985e-04	-6.350602e-01
1.994000e-05	1.157272e-03	-9.082234e-01
1.995000e-05	-2.694374e-03	-1.190904e+00
1.996000e-05	4.742205e-04	-1.498794e+00
1.997000e-05	1.618406e-03	-1.708242e+00
1.998000e-05	2.702084e-02	-1.969295e+00
1.999000e-05	1.015671e-01	-2.243977e+00
2.000000e-05	5.941683e-02	-2.572425e+00
2.001000e-05	-5.464230e-02	-2.994400e+00
2.002000e-05	-4.369606e-03	-3.328840e+00
2.003000e-05	-4.899153e-02	-3.548841e+00
2.004000e-05	-6.266643e-02	-3.761241e+00
2.005000e-05	-2.529627e-02	-3.980469e+00
2.006000e-05	1.376868e-01	-4.170291e+00
2.007000e-05	-1.292095e-01	-4.475608e+00
2.008000e-05	1.427523e-01	-4.728368e+00
2.009000e-05	-6.740726e-03	-4.980876e+00
2.010000e-05	-5.513259e-02	-5.432825e+00
2.011000e-05	1.017726e-01	-5.611846e+00
2.012000e-05	-1.516129e-01	-5.908192e+00
2.013000e-05	1.561947e-01	-6.147821e+00
2.014000e-05	-4.016168e-02	-6.422875e+00
2.015000e-05	3.980953e-02	-6.726191e+00
2.016000e-05	4.952938e-02	-6.958293e+00
2.017000e-05	-7.926486e-02	-7.246034e+00
2.018000e-05	1.075730e-01	-7.517186e+00
2.019000e-05	-8.929052e-02	-7.833447e+00
2.020000e-05	1.050395e-01	-8.103581e+00
2.021000e-05	-1.061845e-02	-8.285579e+00
2.022000e-05	1.865374e-02	-8.541269e+00
2.023000e-05	7.105168e-02	-8.821993e+00
2.024000e-05	-7.492075e-02	-9.054526e+00
2.025000e-05	8.543975e-02	-9.246600e+00
2.026000e-05	-5.428087e-02	-9.507452e+00
2.027000e-05	1.045730e-01	-9.747686e+00
2.028000e-05	-1.584913e-02	-9.908688e+00
2.029000e-05	5.285024e-02	-1.018074e+01
2.030000e-05	1.547998e-02	-1.040969e+01
2.031000e-05	8.879754e-03	-1.060295e+01
2.032000e-05	5.408318e-02	-1.076032e+01
2.033000e-05	-1.918178e-02	-1.102182e+01
2.034000e-05	7.162279e-02	-1.122237e+01
2.035000e-05	-1.285260e-02	-1.141398e+01
2.036000e-05	7.776047e-02	-1.157500e+01
2.037000e-05	-7.975707e-03	-1.183392e+01
2.038000e-05	5.619897e-02	-1.206305e+01
2.039000e-05	1.213991e-02	-1.222087e+01
2.040000e-05	5.394482e-02	-1.242082e+01
2.041000e-05	3.315656e-02	-1.255974e+01
2.042000e-05	2.940095e-02	-1.275829e+01
2.043000e-05	3.941631e-02	-1.286868e+01
2.044000e-05	3.004844e-02	-1.303415e+01
2.045000e-05	5.605042e-02	-1.320385e+01
2.046000e-05	2.796488e-02	-1.339021e+01
2.047000e-05	5.866673e-02	-1.346653e+01
2.048000e-05	3.419593e-02	-1.362403e+01
2.049000e-05	6.411347e-02	-1.377082e+01
2.050000e-05	3.560565e-02	-1.389766e+01
2.051000e-05	5.159801e-02	-1.404395e+01
2.052000e-05	4.033190e-02	-1.415939e+01
2.053000e-05	6.099770e-02	-1.427608e+01
2.054000e-05	5.258796e-02	-1.439239e+01
2.055000e-05	5.740681e-02	-1.453775e+01
2.056000e-05	5.558751e-02	-1.460090e+01
2.057000e-05	6.393778e-02	-1.471611e+01
2.058000e-05	7.015110e-02	-1.479339e+01
2.059000e-05	6.656519e-02	-1.489608e+01
2.060000e-05	6.888241e-02	-1.494876e+01
2.061000e-05	6.688515e-02	-1.504345e+01
2.062000e-05	7.601750e-02	-1.511810e+01
2.063000e-05	6.834478e-02	-1.513966e+01
2.064000e-05	7.598298e-02	-1.524042e+01
2.065000e-05	7.786644e-02	-1.525452e+01
2.066000e-05	9.336993e-02	-1.532668e+01
2.067000e-05	9.257438e-02	-1.536723e+01
2.068000e-05	9.392512e-02	-1.537979e+01
2.069000e-05	9.206878e-02	-1.543189e+01
2.070000e-05	9.700243e-02	-1.542295e+01
2.071000e-05	1.020527e-01	-1.544367e+01
2.072000e-05	1.044243e-01	-1.547445e+01
2.073000e-05	1.103112e-01	-1.546403e+01
2.074000e-05	1.165772e-01	-1.541315e+01
2.075000e-05	1.267285e-01	-1.543495e+01
2.076000e-05	1.287760e-01	-1.543148e+01
2.077000e-05	1.353051e-01	-1.544199e+01
2.078000e-05	1.416423e-01	-1.540047e+01
2.079000e-05	1.569400e-01	-1.534089e+01
2.080000e-05	1.691244e-01	-1.532824e+01
2.081000e-05	1.844857e-01	-1.532671e+01
2.082000e-05	2.034567e-01	-1.523500e+01
2.083000e-05	2.325262e-01	-1.524094e+01
2.084000e-05	2.497401e-01	-1.514829e+01
2.085000e-05	2.500000e-01	-1.511558e+01
2.086000e-05	2.500000e-01	-1.504299e+01
2.087000e-05	2.500000e-01	-1.494829e+01
2.088000e-05	2.500000e-01	-1.490563e+01
2.089000e-05	2.500000e-01	-1.480084e+01
2.090000e-05	2.491549e-01	-1.470616e+01
2.091000e-05	2.281054e-01	-1.457100e+01
2.092000e-05	2.006474e-01	-1.452778e+01
2.093000e-05	1.771381e-01	-1.443299e+01
2.094000e-05	1.555440e-01	-1.429528e+01
2.095000e-05	1.364722e-01	-1.418199e+01
2.096000e-05	1.247903e-01	-1.409605e+01
2.097000e-05	1.133497e-01	-1.396771e+01
2.098000e-05	1.037250e-01	-1.382139e+01
2.099000e-05	9.088515e-02	-1.369310e+01
2.100000e-05	8.318888e-02	-1.353676e+01
2.101000e-05	7.712415e-02	-1.339941e+01
2.102000e-05	7.144126e-02	-1.322405e+01
2.103000e-05	6.389804e-02	-1.310213e+01
2.104000e-05	5.939385e-02	-1.289886e+01
2.105000e-05	5.617514e-02	-1.279946e+01
2.106000e-05	5.527166e-02	-1.263047e+01
2.107000e-05	5.064295e-02	-1.245515e+01
2.108000e-05	4.543895e-02	-1.229523e+01
2.109000e-05	4.213197e-02	-1.207423e+01
2.110000e-05	3.982113e-02	-1.190676e+01
2.111000e-05	3.655551e-02	-1.171371e+01
2.112000e-05	3.270202e-02	-1.149420e+01
2.113000e-05	3.036672e-02	-1.127300e+01
2.114000e-05	3.116548e-02	-1.106358e+01
2.115000e-05	3.064843e-02	-1.087260e+01
2.116000e-05	2.887189e-02	-1.066358e+01
2.117000e-05	2.483887e-02	-1.047365e+01
2.118000e-05	2.425933e-02	-1.025255e+01
2.119000e-05	2.224342e-02	-9.989596e+00
2.120000e-05	2.110881e-02	-9.800965e+00
2.121000e-05	1.813998e-02	-9.569886e+00
2.122000e-05	1.813143e-02	-9.337815e+00
2.123000e-05	1.775335e-02	-9.095807e+00
2.124000e-05	1.810490e-02	-8.905833e+00
2.125000e-05	1.488165e-02	-8.663098e+00
2.126000e-05	1.369330e-02	-8.400544e+00
2.127000e-05	1.233345e-02	-8.218941e+00
2.128000e-05	1.205584e-02	-7.925835e+00
2.129000e-05	1.085388e-02	-7.712724e+00
2.130000e-05	9.121855e-03	-7.389970e+00
2.131000e-05	8.803034e-03	-7.157384e+00
2.132000e-05	8.289680e-03	-6.902654e+00
2.133000e-05	7.323057e-03	-6.610050e+00
2.134000e-05	4.695419e-03	-6.347440e+00
2.135000e-05	6.062490e-03	-6.093683e+00
2.136000e-05	3.844515e-03	-5.832075e+00
2.137000e-05	4.938006e-03	-5.556466e+00
2.138000e-05	2.384611e-03	-5.261254e+00
2.139000e-05	2.375336e-03	-4.937485e+00
2.140000e-05	1.378881e-03	-4.650025e+00
2.141000e-05	2.882141e-03	-4.399553e+00
2.142000e-05	3.739831e-04	-4.148391e+00
2.143000e-05	-6.585347e-04	-3.883632e+00
2.144000e-05	-2.671296e-03	-3.599000e+00
2.145000e-05	-2.130564e-03	-3.305891e+00
2.146000e-05	-3.033878e-03	-3.071171e+00
2.147000e-05	-3.252379e-03	-2.706366e+00
2.148000e-05	-3.694623e-03	-2.503232e+00
2.149000e-05	-3.073816e-03	-2.218499e+00
2.150000e-05	-2.855692e-03	-1.893787e+00
2.151000e-05	-4.734991e-03	-1.651153e+00
2.152000e-05	-6.552935e-03	-1.283810e+00
2.153000e-05	-6.951980e-03	-9.779753e-01
2.154000e-05	-6.814081e-03	-7.279396e-01
2.155000e-05	-6.577684e-03	-4.006525e-01
2.156000e-05	-6.090222e-03	-1.159434e-01
2.157000e-05	6.960469e-04	1.267169e-01
2.158000e-05	7.297258e-03	4.110538e-01
2.159000e-05	-2.137024e-04	6.520315e-01
2.160000e-05	3.501485e-03	9.361082e-01
2.161000e-05	-2.876450e-03	1.203006e+00
2.162000e-05	2.032289e-03	1.506036e+00
2.163000e-05	-5.407117e-04	1.809428e+00
2.164000e-05	1.881735e-02	2.049954e+00
2.165000e-05	6.918312e-02	2.304659e+00
2.166000e-05	8.118025e-02	2.632378e+00
2.167000e-05	-5.405666e-02	2.928237e+00
2.168000e-05	-2.731492e-02	3.220949e+00
2.169000e-05	-4.031725e-02	3.537689e+00
2.170000e-05	-3.554963e-02	3.759871e+00
2.171000e-05	-8.374305e-02	3.937317e+00
2.172000e-05	2.633438e-02	4.219897e+00
2.173000e-05	6.123542e-02	4.528184e+00
2.174000e-05	-8.820089e-02	4.758317e+00
2.175000e-05	1.406331e-01	5.022376e+00
2.176000e-05	-6.630851e-02	5.370821e+00
2.177000e-05	-2.470658e-02	5.573479e+00
2.178000e-05	1.675593e-02	5.929162e+00
2.179000e-05	-4.393904e-02	6.159815e+00
2.180000e-05	5.895861e-02	6.383353e+00
2.181000e-05	-5.739548e-02	6.757789e+00
2.182000e-05	1.610884e-02	6.961841e+00
2.183000e-05	-2.025674e-02	7.224964e+00
2.184000e-05	-1.186348e-02	7.567707e+00
2.185000e-05	-9.647472e-03	7.780900e+00
2.186000e-05	-4.663020e-02	8.086058e+00
2.187000e-05	3.946188e-02	8.356713e+00
2.188000e-05	-2.908579e-02	8.549339e+00
2.189000e-05	2.215025e-03	8.739734e+00
2.190000e-05	-2.801563e-02	9.023370e+00
2.191000e-05	-4.390158e-02	9.253501e+00
2.192000e-05	9.538180e-03	9.444654e+00
2.193000e-05	-2.634564e-02	9.677106e+00
2.194000e-05	-1.586166e-03	9.947764e+00
2.195000e-05	-4.418250e-02	1.014627e+01
2.196000e-05	4.209718e-03	1.033979e+01
2.197000e-05	-2.803520e-02	1.056876e+01
2.198000e-05	-2.445812e-02	1.080087e+01
2.199000e-05	-3.335227e-02	1.098129e+01
2.200000e-05	-3.084673e-02	1.119032e+01
2.201000e-05	-9.242449e-03	1.140179e+01
2.202000e-05	-3.361805e-02	1.162189e+01
2.203000e-05	-2.810134e-02	1.182182e+01
2.204000e-05	-4.533015e-02	1.200030e+01
2.205000e-05	-1.713043e-02	1.217134e+01
2.206000e-05	-3.065753e-02	1.237919e+01
2.207000e-05	-3.301421e-02	1.253826e+01
2.208000e-05	-4.637446e-02	1.267566e+01
2.209000e-05	-3.719036e-02	1.286398e+01
2.210000e-05	-3.129455e-02	1.302039e+01
2.211000e-05	-4.260529e-02	1.314116e+01
2.212000e-05	-4.644599e-02	1.333726e+01
2.213000e-05	-4.599713e-02	1.347455e+01
2.214000e-05	-3.411452e-02	1.362335e+01
2.215000e-05	-4.560344e-02	1.370776e+01
2.216000e-05	-5.399794e-02	1.385510e+01
2.217000e-05	-6.129652e-02	1.400029e+01
2.218000e-05	-4.957778e-02	1.418976e+01
2.219000e-05	-5.001432e-02	1.427495e+01
2.220000e-05	-5.762611e-02	1.438039e+01
2.221000e-05	-6.627323e-02	1.451810e+01
2.222000e-05	-6.203993e-02	1.456184e+01
2.223000e-05	-5.775842e-02	1.469305e+01
2.224000e-05	-6.478223e-02	1.476867e+01
2.225000e-05	-7.371040e-02	1.483153e+01
2.226000e-05	-7.439472e-02	1.492715e+01
2.227000e-05	-7.064859e-02	1.493727e+01
2.228000e-05	-7.467211e-02	1.498142e+01
2.229000e-05	-8.630514e-02	1.506613e+01
2.230000e-05	-9.143093e-02	1.514126e+01
2.231000e-05	-8.714059e-02	1.521089e+01
2.232000e-05	-8.356275e-02	1.523500e+01
2.233000e-05	-9.172925e-02	1.528455e+01
2.234000e-05	-1.013670e-01	1.531778e+01
2.235000e-05	-1.038408e-01	1.534834e+01
2.236000e-05	-1.029325e-01	1.536981e+01
2.237000e-05	-1.093349e-01	1.536036e+01
2.238000e-05	-1.189548e-01	1.539044e+01
2.239000e-05	-1.228260e-01	1.541139e+01
2.240000e-05	-1.219101e-01	1.540242e+01
2.241000e-05	-1.257705e-01	1.540083e+01
2.242000e-05	-1.389118e-01	1.536984e+01
2.243000e-05	-1.511169e-01	1.536981e+01
2.244000e-05	-1.560480e-01	1.533765e+01
2.245000e-05	-1.636940e-01	1.528508e+01
2.246000e-05	-1.796452e-01	1.525460e+01
2.247000e-05	-2.046846e-01	1.524199e+01
2.248000e-05	-2.260851e-01	1.519079e+01
2.249000e-05	-2.469068e-01	1.513881e+01
2.250000e-05	-2.499995e-01	1.509657e+01
2.251000e-05	-2.500000e-01	1.504145e+01
2.252000e-05	-2.500000e-01	1.494733e+01
2.253000e-05	-2.500000e-01	1.489418e+01
2.254000e-05	-2.500000e-01	1.480092e+01
2.255000e-05	-2.500000e-01	1.472630e+01
2.256000e-05	-2.494550e-01	1.461455e+01
2.257000e-05	-2.277750e-01	1.455929e+01
2.258000e-05	-1.978158e-01	1.444255e+01
2.259000e-05	-1.759542e-01	1.436631e+01
2.260000e-05	-1.605696e-01	1.423087e+01
2.261000e-05	-1.430377e-01	1.411715e+01
2.262000e-05	-1.268315e-01	1.397721e+01
2.263000e-05	-1.136357e-01	1.386197e+01
2.264000e-05	-1.087923e-01	1.373515e+01
2.265000e-05	-1.017865e-01	1.356929e+01
2.266000e-05	-9.331311e-02	1.342947e+01
2.267000e-05	-8.275057e-02	1.330615e+01
2.268000e-05	-7.999998e-02	1.310671e+01
2.269000e-05	-7.708960e-02	1.297039e+01
2.270000e-05	-7.227706e-02	1.282899e+01
2.271000e-05	-6.262491e-02	1.265405e+01
2.272000e-05	-6.063997e-02	1.249378e+01
2.273000e-05	-5.917262e-02	1.232578e+01
2.274000e-05	-5.939498e-02	1.218979e+01
2.275000e-05	-5.335449e-02	1.193789e+01
2.276000e-05	-5.051828e-02	1.176737e+01
2.277000e-05	-4.982301e-02	1.160944e+01
2.278000e-05	-5.120064e-02	1.136736e+01
2.279000e-05	-4.583741e-02	1.117676e+01
2.280000e-05	-4.135105e-02	1.095787e+01
2.281000e-05	-3.852299e-02	1.078633e+01
2.282000e-05	-4.089412e-02	1.056833e+01
2.283000e-05	-3.956692e-02	1.034683e+01
2.284000e-05	-3.751188e-02	1.011676e+01
2.285000e-05	-3.488508e-02	9.874628e+00
2.286000e-05	-3.646372e-02	9.653707e+00
2.287000e-05	-3.648026e-02	9.442045e+00
2.288000e-05	-3.322257e-02	9.221599e+00
2.289000e-05	-2.864219e-02	8.999920e+00
2.290000e-05	-3.070157e-02	8.766838e+00
2.291000e-05	-2.990416e-02	8.547337e+00
2.292000e-05	-3.027567e-02	8.266658e+00
2.293000e-05	-2.572989e-02	8.041626e+00
2.294000e-05	-2.687893e-02	7.798970e+00
2.295000e-05	-2.624831e-02	7.555337e+00
2.296000e-05	-2.819523e-02	7.263723e+00
2.297000e-05	-2.432297e-02	7.020020e+00
2.298000e-05	-2.313212e-02	6.728388e+00
2.299000e-05	-2.318569e-02	6.432205e+00
2.300000e-05	-2.438721e-02	6.229099e+00
2.301000e-05	-2.158149e-02	5.969519e+00
2.302000e-05	-1.959362e-02	5.731804e+00
2.303000e-05	-1.969134e-02	5.461101e+00
2.304000e-05	-2.152643e-02	5.104856e+00
2.305000e-05	-2.135631e-02	4.768622e+00
2.306000e-05	-1.963800e-02	4.514862e+00
2.307000e-05	-1.809931e-02	4.263701e+00
2.308000e-05	-1.780176e-02	3.988467e+00
2.309000e-05	-1.888620e-02	3.705311e+00
2.310000e-05	-1.569119e-02	3.442154e+00
2.311000e-05	-1.484030e-02	3.167388e+00
2.312000e-05	-1.566101e-02	2.861784e+00
2.313000e-05	-1.756165e-02	2.619096e+00
2.314000e-05	-1.669152e-02	2.303760e+00
2.315000e-05	-1.446230e-02	2.059553e+00
2.316000e-05	-1.271476e-02	1.766967e+00
2.317000e-05	-1.338195e-02	1.462175e+00
2.318000e-05	-1.288783e-02	1.147463e+00
2.319000e-05	-1.132565e-02	8.106727e-01
2.320000e-05	-9.122981e-03	5.455186e-01
2.321000e-05	-9.924335e-03	2.537856e-01
2.322000e-05	-1.013913e-02	-3.157752e-02
2.323000e-05	-1.355786e-03	-2.761655e-01
2.324000e-05	2.309864e-03	-4.983672e-01
2.325000e-05	-4.506132e-03	-8.625552e-01
2.326000e-05	1.260600e-03	-1.075183e+00
2.327000e-05	-1.942615e-03	-1.380329e+00
2.328000e-05	7.400129e-03	-1.635110e+00
2.329000e-05	1.592894e-02	-1.885559e+00
2.330000e-05	7.101827e-02	-2.096662e+00
2.331000e-05	1.091670e-01	-2.462507e+00
2.332000e-05	-5.172432e-02	-2.834455e+00
2.333000e-05	-1.217348e-02	-3.255053e+00
2.334000e-05	-4.632564e-02	-3.485112e+00
2.335000e-05	-4.193906e-02	-3.657087e+00
2.336000e-05	-7.879172e-02	-3.937717e+00
2.337000e-05	1.395533e-01	-4.095084e+00
2.338000e-05	-4.796514e-02	-4.358242e+00
2.339000e-05	5.478642e-03	-4.643559e+00
2.340000e-05	1.179858e-01	-4.905084e+00
2.341000e-05	-1.442857e-01	-5.195533e+00
2.342000e-05	1.341599e-01	-5.557818e+00
2.343000e-05	-1.187155e-01	-5.783424e+00
2.344000e-05	4.498887e-02	-6.047609e+00
2.345000e-05	7.592500e-02	-6.316683e+00
2.346000e-05	-6.063736e-02	-6.643974e+00
2.347000e-05	1.281607e-01	-6.855008e+00
2.348000e-05	-1.019089e-01	-7.190770e+00
2.349000e-05	8.332743e-02	-7.432452e+00
2.350000e-05	-2.906393e-02	-7.705601e+00
2.351000e-05	8.994332e-03	-8.011477e+00
2.352000e-05	8.148120e-02	-8.201370e+00
2.353000e-05	-6.353948e-02	-8.447011e+00
2.354000e-05	1.233995e-01	-8.708051e+00
2.355000e-05	-7.377318e-02	-8.958316e+00
2.356000e-05	5.986249e-02	-9.179796e+00
2.357000e-05	-1.164186e-02	-9.389794e+00
2.358000e-05	3.846651e-02	-9.644554e+00
2.359000e-05	5.568006e-02	-9.843498e+00
2.360000e-05	-1.659485e-02	-1.006706e+01
2.361000e-05	7.444594e-02	-1.027605e+01
2.362000e-05	-3.972872e-02	-1.054966e+01
2.363000e-05	8.482329e-02	-1.073774e+01
2.364000e-05	-2.841209e-02	-1.090916e+01
2.365000e-05	6.653328e-02	-1.117829e+01
2.366000e-05	3.086742e-03	-1.134874e+01
2.367000e-05	5.107003e-02	-1.153182e+01
2.368000e-05	2.764815e-02	-1.172176e+01
2.369000e-05	2.031954e-02	-1.196982e+01
2.370000e-05	4.391878e-02	-1.211771e+01
2.371000e-05	1.968847e-02	-1.232026e+01
2.372000e-05	6.272389e-02	-1.250763e+01
2.373000e-05	6.885780e-03	-1.265705e+01
2.374000e-05	5.480911e-02	-1.286350e+01
2.375000e-05	1.635019e-02	-1.302131e+01
2.376000e-05	6.385019e-02	-1.312974e+01
2.377000e-05	2.752677e-02	-1.333721e+01
2.378000e-05	5.649013e-02	-1.347500e+01
2.379000e-05	3.575735e-02	-1.362222e+01
2.380000e-05	5.382111e-02	-1.378873e+01
2.381000e-05	4.333964e-02	-1.385708e+01
2.382000e-05	4.314494e-02	-1.403129e+01
2.383000e-05	4.758609e-02	-1.410823e+01
2.384000e-05	5.285022e-02	-1.422392e+01
2.385000e-05	6.269672e-02	-1.440181e+01
2.386000e-05	5.268787e-02	-1.451605e+01
2.387000e-05	5.990053e-02	-1.458979e+01
2.388000e-05	5.429423e-02	-1.469355e+01
2.389000e-05	7.030741e-02	-1.479129e+01
2.390000e-05	6.111259e-02	-1.484497e+01
2.391000e-05	7.107314e-02	-1.491720e+01
2.392000e-05	6.453739e-02	-1.499184e+01
2.393000e-05	7.847612e-02	-1.508555e+01
2.394000e-05	7.162233e-02	-1.513766e+01
2.395000e-05	7.595336e-02	-1.517886e+01
2.396000e-05	7.585776e-02	-1.526245e+01
2.397000e-05	8.682240e-02	-1.527455e+01
2.398000e-05	8.928172e-02	-1.535671e+01
2.399000e-05	9.097825e-02	-1.536784e+01
2.400000e-05	9.086751e-02	-1.538136e+01
2.401000e-05	9.600304e-02	-1.540200e+01
2.402000e-05	1.041330e-01	-1.545340e+01
2.403000e-05	1.049908e-01	-1.542402e+01
2.404000e-05	1.123381e-01	-1.545603e+01
2.405000e-05	1.118586e-01	-1.546465e+01
2.406000e-05	1.229865e-01	-1.544600e+01
2.407000e-05	1.240882e-01	-1.546242e+01
2.408000e-05	1.306484e-01	-1.540302e+01
2.409000e-05	1.377219e-01	-1.542999e+01
2.410000e-05	1.521084e-01	-1.536131e+01
2.411000e-05	1.661832e-01	-1.536929e+01
2.412000e-05	1.814298e-01	-1.529625e+01
2.413000e-05	1.979322e-01	-1.525412e+01
2.414000e-05	2.218438e-01	-1.528302e+01
2.415000e-05	2.457349e-01	-1.516029e+01
2.416000e-05	2.494000e-01	-1.511720e+01
2.417000e-05	2.500000e-01	-1.502353e+01
2.418000e-05	2.500000e-01	-1.497839e+01
2.419000e-05	2.500000e-01	-1.491625e+01
2.420000e-05	2.500000e-01	-1.482192e+01
2.421000e-05	2.500000e-01	-1.476181e+01
2.422000e-05	2.391500e-01	-1.467160e+01
2.423000e-05	2.087245e-01	-1.457786e+01
2.424000e-05	1.850780e-01	-1.449467e+01
2.425000e-05	1.609634e-01	-1.434878e+01
2.426000e-05	1.436193e-01	-1.423355e+01
2.427000e-05	1.291932e-01	-1.413721e+01
2.428000e-05	1.176309e-01	-1.398191e+01
2.429000e-05	1.070278e-01	-1.385367e+01
2.430000e-05	9.550139e-02	-1.372641e+01
2.431000e-05	8.600497e-02	-1.360938e+01
2.432000e-05	7.999152e-02	-1.344305e+01
2.433000e-05	7.432410e-02	-1.330568e+01
2.434000e-05	6.698263e-02	-1.316783e+01
2.435000e-05	6.025274e-02	-1.298994e+01
2.436000e-05	5.716856e-02	-1.284552e+01
2.437000e-05	5.564776e-02	-1.267363e+01
2.438000e-05	5.094457e-02	-1.251826e+01
2.439000e-05	4.726052e-02	-1.232836e+01
2.440000e-05	4.365817e-02	-1.215987e+01
2.441000e-05	4.245599e-02	-1.197987e+01
2.442000e-05	3.823656e-02	-1.175694e+01
2.443000e-05	3.563762e-02	-1.153829e+01
2.444000e-05	3.138899e-02	-1.131726e+01
2.445000e-05	3.197941e-02	-1.112678e+01
2.446000e-05	3.039262e-02	-1.091521e+01
2.447000e-05	2.822939e-02	-1.075781e+01
2.448000e-05	2.518920e-02	-1.052836e+01
2.449000e-05	2.532454e-02	-1.035676e+01
2.450000e-05	2.420372e-02	-1.006468e+01
2.451000e-05	2.341295e-02	-9.873655e+00
2.452000e-05	1.914734e-02	-9.684107e+00
2.453000e-05	1.779160e-02	-9.453100e+00
2.454000e-05	1.780730e-02	-9.209519e+00
2.455000e-05	1.729156e-02	-8.968916e+00
2.456000e-05	1.392104e-02	-8.698335e+00
2.457000e-05	1.341222e-02	-8.534255e+00
2.458000e-05	1.297047e-02	-8.252051e+00
2.459000e-05	1.412837e-02	-8.051076e+00
2.460000e-05	1.100475e-02	-7.777893e+00
2.461000e-05	9.132584e-03	-7.453278e+00
2.462000e-05	8.244206e-03	-7.249705e+00
2.463000e-05	8.503540e-03	-6.958445e+00
2.464000e-05	6.839950e-03	-6.713283e+00
2.465000e-05	5.385031e-03	-6.451159e+00
2.466000e-05	4.768226e-03	-6.210817e+00
2.467000e-05	5.307468e-03	-5.925315e+00
2.468000e-05	5.679717e-03	-5.671655e+00
2.469000e-05	4.067553e-03	-5.358395e+00
2.470000e-05	6.358491e-04	-5.133232e+00
2.471000e-05	1.230521e-03	-4.757839e+00
2.472000e-05	2.661099e-03	-4.454233e+00
2.473000e-05	2.680336e-04	-4.272652e+00
2.474000e-05	-2.252806e-05	-3.999464e+00
2.475000e-05	-2.616679e-03	-3.712207e+00
2.476000e-05	-2.656273e-03	-3.451126e+00
2.477000e-05	-1.462162e-03	-3.157916e+00
2.478000e-05	-3.616798e-03	-2.822178e+00
2.479000e-05	-1.930543e-03	-2.577470e+00
2.480000e-05	-1.423457e-03	-2.313885e+00
2.481000e-05	-2.104180e-03	-1.999996e+00
2.482000e-05	-3.545515e-03	-1.754891e+00
2.483000e-05	-8.822864e-03	-1.470678e+00
2.484000e-05	-8.138392e-03	-1.113262e+00
2.485000e-05	-8.622551e-03	-8.406264e-01
2.486000e-05	-7.199982e-03	-5.444672e-01
2.487000e-05	-6.247238e-03	-2.827555e-01
2.488000e-05	-2.299519e-03	4.150276e-02
2.489000e-05	1.052415e-02	3.272682e-01
2.490000e-05	1.346713e-03	5.698196e-01
2.491000e-05	4.293599e-03	7.785038e-01
2.492000e-05	-3.290907e-03	1.158343e+00
2.493000e-05	-1.078645e-03	1.339949e+00
2.494000e-05	-1.728031e-03	1.696818e+00
2.495000e-05	1.034244e-02	1.937816e+00
2.496000e-05	4.336357e-02	2.150368e+00
2.497000e-05	1.053997e-01	2.464488e+00
2.498000e-05	-1.435032e-02	2.851953e+00
2.499000e-05	-4.036473e-02	3.138212e+00
2.500000e-05	-3.601617e-02	3.440896e+00
2.501000e-05	-3.274578e-02	3.654109e+00
2.502000e-05	-7.351446e-02	3.946187e+00
2.503000e-05	-3.235507e-02	4.085110e+00
2.504000e-05	9.209034e-02	4.391870e+00
2.505000e-05	-6.978142e-02	4.706208e+00
2.506000e-05	6.300345e-02	4.947133e+00
2.507000e-05	4.857130e-02	5.294633e+00
2.508000e-05	-1.024137e-01	5.548812e+00
2.509000e-05	5.206214e-02	5.803445e+00
2.510000e-05	-6.013511e-02	6.075683e+00
2.511000e-05	4.600944e-02	6.318182e+00
2.512000e-05	-1.666998e-02	6.632896e+00
2.513000e-05	-3.135371e-02	6.875087e+00
2.514000e-05	2.194028e-02	7.139740e+00
2.515000e-05	-4.573403e-02	7.451596e+00
2.516000e-05	2.364860e-02	7.695612e+00
2.517000e-05	-6.590931e-02	8.001867e+00
2.518000e-05	2.939348e-02	8.253530e+00
2.519000e-05	-5.645587e-03	8.454582e+00
2.520000e-05	-1.912116e-02	8.704500e+00
2.521000e-05	5.095078e-04	8.867137e+00
2.522000e-05	-6.355978e-02	9.149290e+00
2.523000e-05	9.105814e-03	9.380796e+00
2.524000e-05	-2.558039e-02	9.624414e+00
2.525000e-05	4.949844e-03	9.854495e+00
2.526000e-05	-4.116831e-02	1.006558e+01
2.527000e-05	-8.135040e-03	1.024403e+01
2.528000e-05	-1.373599e-02	1.048713e+01
2.529000e-05	-2.976648e-02	1.070516e+01
2.530000e-05	-2.519285e-02	1.093716e+01
2.531000e-05	-4.153528e-02	1.107771e+01
2.532000e-05	-8.280144e-03	1.133921e+01
2.533000e-05	-2.937611e-02	1.151864e+01
2.534000e-05	-2.390974e-02	1.175773e+01
2.535000e-05	-4.601269e-02	1.192769e+01
2.536000e-05	-2.225128e-02	1.211773e+01
2.537000e-05	-2.661438e-02	1.230659e+01
2.538000e-05	-2.989940e-02	1.246505e+01
2.539000e-05	-4.345338e-02	1.261252e+01
2.540000e-05	-4.366991e-02	1.279930e+01
2.541000e-05	-3.042512e-02	1.297924e+01
2.542000e-05	-3.940640e-02	1.310866e+01
2.543000e-05	-4.291784e-02	1.327450e+01
2.544000e-05	-5.108667e-02	1.341182e+01
2.545000e-05	-3.364993e-02	1.353881e+01
2.546000e-05	-4.263086e-02	1.367608e+01
2.547000e-05	-4.862960e-02	1.381289e+01
2.548000e-05	-6.271900e-02	1.394916e+01
2.549000e-05	-5.291609e-02	1.408808e+01
2.550000e-05	-5.003152e-02	1.425349e+01
2.551000e-05	-5.379836e-02	1.436981e+01
2.552000e-05	-6.352818e-02	1.445545e+01
2.553000e-05	-6.450781e-02	1.458888e+01
2.554000e-05	-5.676548e-02	1.468402e+01
2.555000e-05	-6.275810e-02	1.472771e+01
2.556000e-05	-6.871952e-02	1.483334e+01
2.557000e-05	-7.616114e-02	1.489563e+01
2.558000e-05	-6.985286e-02	1.495826e+01
2.559000e-05	-7.314433e-02	1.499091e+01
2.560000e-05	-8.164835e-02	1.506608e+01
2.561000e-05	-9.137321e-02	1.515973e+01
2.562000e-05	-8.901330e-02	1.518976e+01
2.563000e-05	-8.416952e-02	1.526247e+01
2.564000e-05	-8.816251e-02	1.526505e+01
2.565000e-05	-9.766622e-02	1.529761e+01
2.566000e-05	-1.036597e-01	1.535828e+01
2.567000e-05	-1.021625e-01	1.533081e+01
2.568000e-05	-1.067413e-01	1.535938e+01
2.569000e-05	-1.154380e-01	1.541091e+01
2.570000e-05	-1.221234e-01	1.541186e+01
2.571000e-05	-1.220685e-01	1.539234e+01
2.572000e-05	-1.237074e-01	1.540037e+01
2.573000e-05	-1.339560e-01	1.538889e+01
2.574000e-05	-1.464360e-01	1.538036e+01
2.575000e-05	-1.544412e-01	1.538728e+01
2.576000e-05	-1.598507e-01	1.530766e+01
2.577000e-05	-1.730862e-01	1.529565e+01
2.578000e-05	-1.951085e-01	1.525394e+01
2.579000e-05	-2.190929e-01	1.521136e+01
2.580000e-05	-2.413917e-01	1.516823e+01
2.581000e-05	-2.499815e-01	1.510415e+01
2.582000e-05	-2.500000e-01	1.504345e+01
2.583000e-05	-2.500000e-01	1.501934e+01
2.584000e-05	-2.500000e-01	1.492671e+01
2.585000e-05	-2.500000e-01	1.483405e+01
2.586000e-05	-2.500000e-01	1.475926e+01
2.587000e-05	-2.499998e-01	1.467507e+01
2.588000e-05	-2.386313e-01	1.459936e+01
2.589000e-05	-2.074935e-01	1.445415e+01
2.590000e-05	-1.827630e-01	1.438984e+01
2.591000e-05	-1.649086e-01	1.427457e+01
2.592000e-05	-1.503731e-01	1.414581e+01
2.593000e-05	-1.326444e-01	1.400237e+01
2.594000e-05	-1.186499e-01	1.389415e+01
2.595000e-05	-1.097666e-01	1.377831e+01
2.596000e-05	-1.047505e-01	1.362094e+01
2.597000e-05	-9.543117e-02	1.346305e+01
2.598000e-05	-8.614234e-02	1.336631e+01
2.599000e-05	-8.052019e-02	1.322034e+01
2.600000e-05	-7.828090e-02	1.300150e+01
2.601000e-05	-7.476837e-02	1.288610e+01
2.602000e-05	-6.635037e-02	1.272570e+01
2.603000e-05	-6.200037e-02	1.254779e+01
2.604000e-05	-6.119896e-02	1.242149e+01
2.605000e-05	-5.979233e-02	1.226042e+01
2.606000e-05	-5.449881e-02	1.205162e+01
2.607000e-05	-4.883655e-02	1.186408e+01
2.608000e-05	-4.748733e-02	1.167463e+01
2.609000e-05	-4.956156e-02	1.144107e+01
2.610000e-05	-4.715648e-02	1.124007e+01
2.611000e-05	-4.413444e-02	1.103200e+01
2.612000e-05	-4.209110e-02	1.084254e+01
2.613000e-05	-4.329117e-02	1.066245e+01
2.614000e-05	-4.037623e-02	1.041154e+01
2.615000e-05	-3.638292e-02	1.020007e+01
2.616000e-05	-3.195481e-02	9.978940e+00
2.617000e-05	-3.375575e-02	9.785788e+00
2.618000e-05	-3.637094e-02	9.545682e+00
2.619000e-05	-3.576220e-02	9.295833e+00
2.620000e-05	-3.279438e-02	9.103227e+00
2.621000e-05	-3.114746e-02	8.871623e+00
2.622000e-05	-3.191417e-02	8.629522e+00
2.623000e-05	-2.896342e-02	8.399940e+00
2.624000e-05	-2.578382e-02	8.166891e+00
2.625000e-05	-2.430449e-02	7.884707e+00
2.626000e-05	-2.595390e-02	7.651100e+00
2.627000e-05	-2.740796e-02	7.358841e+00
2.628000e-05	-2.602023e-02	7.103230e+00
2.629000e-05	-2.465617e-02	6.862176e+00
2.630000e-05	-2.397225e-02	6.598900e+00
2.631000e-05	-2.497049e-02	6.313334e+00
2.632000e-05	-2.277114e-02	6.061629e+00
2.633000e-05	-2.005836e-02	5.819995e+00
2.634000e-05	-1.941673e-02	5.546736e+00
2.635000e-05	-1.991623e-02	5.232677e+00
2.636000e-05	-2.108830e-02	4.903284e+00
2.637000e-05	-1.955027e-02	4.649575e+00
2.638000e-05	-1.928111e-02	4.389495e+00
2.639000e-05	-1.861436e-02	4.090705e+00
2.640000e-05	-1.982384e-02	3.799020e+00
2.641000e-05	-1.740347e-02	3.556516e+00
2.642000e-05	-1.625289e-02	3.259604e+00
2.643000e-05	-1.435933e-02	2.987519e+00
2.644000e-05	-1.597737e-02	2.723338e+00
2.645000e-05	-1.511241e-02	2.377624e+00
2.646000e-05	-1.470785e-02	2.165838e+00
2.647000e-05	-1.305366e-02	1.842633e+00
2.648000e-05	-1.367137e-02	1.577345e+00
2.649000e-05	-1.399830e-02	1.301182e+00
2.650000e-05	-1.351858e-02	9.848373e-01
2.651000e-05	-1.093087e-02	6.411763e-01
2.652000e-05	-1.074294e-02	3.685448e-01
2.653000e-05	-8.998749e-03	7.277689e-02
2.654000e-05	-4.283006e-03	-1.488948e-01
2.655000e-05	6.871902e-03	-4.435802e-01
2.656000e-05	-3.174588e-03	-7.377971e-01
2.657000e-05	2.984652e-03	-1.040429e+00
2.658000e-05	-4.259241e-03	-1.245533e+00
2.659000e-05	2.166170e-03	-1.579973e+00
2.660000e-05	2.239448e-03	-1.782025e+00
2.661000e-05	4.170408e-02	-2.013003e+00
2.662000e-05	1.178028e-01	-2.278742e+00
2.663000e-05	7.664036e-03	-2.678134e+00
2.664000e-05	-3.438595e-02	-3.126714e+00
2.665000e-05	-1.795419e-02	-3.400926e+00
2.666000e-05	-4.489761e-02	-3.568924e+00
2.667000e-05	-8.191680e-02	-3.875053e+00
2.668000e-05	4.608124e-02	-4.022002e+00
2.669000e-05	7.472610e-02	-4.213001e+00
2.670000e-05	-1.091732e-01	-4.531794e+00
2.671000e-05	1.886437e-01	-4.850848e+00
2.672000e-05	-1.021004e-01	-5.118117e+00
2.673000e-05	4.682765e-02	-5.484583e+00
2.674000e-05	7.778429e-03	-5.685082e+00
2.675000e-05	-9.274123e-02	-5.960901e+00
2.676000e-05	1.597471e-01	-6.182976e+00
2.677000e-05	-8.986745e-02	-6.537710e+00
2.678000e-05	1.075841e-01	-6.811399e+00
2.679000e-05	-3.208764e-02	-7.065449e+00
2.680000e-05	-9.987760e-03	-7.349762e+00
2.681000e-05	6.809080e-02	-7.562294e+00
2.682000e-05	-7.690389e-02	-7.926180e+00
2.683000e-05	1.309981e-01	-8.128213e+00
2.684000e-05	-6.551807e-02	-8.357816e+00
2.685000e-05	8.919074e-02	-8.643473e+00
2.686000e-05	-1.039697e-03	-8.854527e+00
2.687000e-05	-2.275074e-02	-9.108138e+00
2.688000e-05	5.690787e-02	-9.256607e+00
2.689000e-05	-3.484350e-02	-9.580789e+00
2.690000e-05	1.106218e-01	-9.789821e+00
2.691000e-05	-4.284395e-02	-9.951793e+00
2.692000e-05	8.615602e-02	-1.023492e+01
2.693000e-05	-2.884677e-02	-1.046355e+01
2.694000e-05	5.680680e-02	-1.067313e+01
2.695000e-05	1.064401e-02	-1.082495e+01
2.696000e-05	1.874528e-02	-1.105595e+01
2.697000e-05	4.551365e-02	-1.127352e+01
2.698000e-05	8.161803e-03	-1.149550e+01
2.699000e-05	6.785426e-02	-1.169511e+01
2.700000e-05	-8.314863e-03	-1.191751e+01
2.701000e-05	6.149773e-02	-1.208618e+01
2.702000e-05	3.813047e-03	-1.224505e+01
2.703000e-05	6.976079e-02	-1.245447e+01
2.704000e-05	1.386303e-02	-1.261292e+01
2.705000e-05	4.563102e-02	-1.282132e+01
2.706000e-05	2.443379e-02	-1.294911e+01
2.707000e-05	4.779153e-02	-1.309653e+01
2.708000e-05	4.350983e-02	-1.327495e+01
2.709000e-05	3.835684e-02	-1.338037e+01
2.710000e-05	4.896753e-02	-1.350716e+01
2.711000e-05	3.989824e-02	-1.368660e+01
2.712000e-05	5.896695e-02	-1.383042e+01
2.713000e-05	3.330226e-02	-1.396026e+01
2.714000e-05	5.388126e-02	-1.409655e+01
2.715000e-05	4.098144e-02	-1.419232e+01
2.716000e-05	6.781125e-02	-1.432768e+01
2.717000e-05	5.344347e-02	-1.447492e+01
2.718000e-05	6.006922e-02	-1.453921e+01
2.719000e-05	5.445349e-02	-1.465445e+01
2.720000e-05	6.411625e-02	-1.470771e+01
2.721000e-05	6.511215e-02	-1.482390e+01
2.722000e-05	6.482565e-02	-1.488663e+01
2.723000e-05	6.693181e-02	-1.496976e+01
2.724000e-05	7.221087e-02	-1.501597e+01
2.725000e-05	8.007118e-02	-1.512760e+01
2.726000e-05	7.389134e-02	-1.515981e+01
2.727000e-05	7.783049e-02	-1.521094e+01
2.728000e-05	7.784157e-02	-1.529305e+01
2.729000e-05	9.239363e-02	-1.534618e+01
2.730000e-05	8.814165e-02	-1.533830e+01
2.731000e-05	9.379084e-02	-1.537033e+01
2.732000e-05	9.075760e-02	-1.542289e+01
2.733000e-05	1.012988e-01	-1.543400e+01
2.734000e-05	1.042253e-01	-1.545300e+01
2.735000e-05	1.085320e-01	-1.543347e+01
2.736000e-05	1.116855e-01	-1.548355e+01
2.737000e-05	1.184984e-01	-1.543595e+01
2.738000e-05	1.273492e-01	-1.547150e+01
2.739000e-05	1.294365e-01	-1.541305e+01
2.740000e-05	1.361500e-01	-1.543082e+01
2.741000e-05	1.439356e-01	-1.538134e+01
2.742000e-05	1.596312e-01	-1.538931e+01
2.743000e-05	1.745524e-01	-1.533729e+01
2.744000e-05	1.914742e-01	-1.529516e+01
2.745000e-05	2.113314e-01	-1.526402e+01
2.746000e-05	2.411081e-01	-1.521081e+01
2.747000e-05	2.499976e-01	-1.517864e+01
2.748000e-05	2.499999e-01	-1.508453e+01
2.749000e-05	2.500000e-01	-1.501194e+01
2.750000e-05	2.500000e-01	-1.491676e+01
2.751000e-05	2.500000e-01	-1.487452e+01
2.752000e-05	2.500000e-01	-1.474934e+01
2.753000e-05	2.460973e-01	-1.470562e+01
2.754000e-05	2.208047e-01	-1.459189e+01
2.755000e-05	1.937185e-01	-1.449620e+01
2.756000e-05	1.734493e-01	-1.435944e+01
2.757000e-05	1.510557e-01	-1.430355e+01
2.758000e-05	1.337266e-01	-1.417037e+01
2.759000e-05	1.198192e-01	-1.404455e+01
2.760000e-05	1.097717e-01	-1.390623e+01
2.761000e-05	9.772321e-02	-1.376834e+01
2.762000e-05	8.802045e-02	-1.366094e+01
2.763000e-05	8.191562e-02	-1.348410e+01
2.764000e-05	7.657249e-02	-1.334831e+01
2.765000e-05	7.115275e-02	-1.319141e+01
2.766000e-05	6.259686e-02	-1.307405e+01
2.767000e-05	5.854998e-02	-1.288420e+01
2.768000e-05	5.464409e-02	-1.273683e+01
2.769000e-05	5.359638e-02	-1.258037e+01
2.770000e-05	4.814045e-02	-1.241104e+01
2.771000e-05	4.455527e-02	-1.223205e+01
2.772000e-05	4.051329e-02	-1.202207e+01
2.773000e-05	4.003715e-02	-1.189358e+01
2.774000e-05	3.561967e-02	-1.165507e+01
2.775000e-05	3.368652e-02	-1.140150e+01
2.776000e-05	3.125000e-02	-1.120189e+01
2.777000e-05	3.194998e-02	-1.095897e+01
2.778000e-05	2.942893e-02	-1.078952e+01
2.779000e-05	2.741352e-02	-1.063097e+01
2.780000e-05	2.348768e-02	-1.036902e+01
2.781000e-05	2.295746e-02	-1.014939e+01
2.782000e-05	2.249241e-02	-9.956366e+00
2.783000e-05	2.036815e-02	-9.727386e+00
2.784000e-05	1.860718e-02	-9.485206e+00
2.785000e-05	1.832303e-02	-9.265179e+00
2.786000e-05	1.770061e-02	-9.071150e+00
2.787000e-05	1.593116e-02	-8.822574e+00
2.788000e-05	1.409936e-02	-8.590470e+00
2.789000e-05	1.192833e-02	-8.326361e+00
2.790000e-05	1.259753e-02	-8.136840e+00
2.791000e-05	1.204471e-02	-7.873577e+00
2.792000e-05	1.058138e-02	-7.588017e+00
2.793000e-05	8.251124e-03	-7.365288e+00
2.794000e-05	7.482544e-03	-7.083681e+00
2.795000e-05	7.436140e-03	-6.799520e+00
2.796000e-05	7.643929e-03	-6.566439e+00
2.797000e-05	5.901977e-03	-6.326682e+00
2.798000e-05	4.628911e-03	-6.050121e+00
2.799000e-05	3.930953e-03	-5.758389e+00
2.800000e-05	4.678730e-03	-5.495283e+00
2.801000e-05	2.703529e-03	-5.148467e+00
2.802000e-05	1.344107e-03	-4.902151e+00
2.803000e-05	1.208729e-03	-4.567492e+00
2.804000e-05	2.481300e-03	-4.316365e+00
2.805000e-05	1.557012e-03	-4.050708e+00
2.806000e-05	-1.479804e-03	-3.830046e+00
2.807000e-05	-2.145046e-03	-3.525366e+00
2.808000e-05	-3.711860e-03	-3.211653e+00
2.809000e-05	-1.599999e-03	-2.956361e+00
2.810000e-05	-2.625642e-03	-2.663259e+00
2.811000e-05	-3.221063e-03	-2.429526e+00
2.812000e-05	-4.324875e-03	-2.072733e+00
2.813000e-05	-3.816281e-03	-1.850604e+00
2.814000e-05	-4.824904e-03	-1.546945e+00
2.815000e-05	-5.983829e-03	-1.178698e+00
2.816000e-05	-6.701726e-03	-9.463634e-01
2.817000e-05	-6.259512e-03	-6.502303e-01
2.818000e-05	-5.725065e-03	-3.374422e-01
2.819000e-05	-5.208271e-03	-6.271283e-02
2.820000e-05	2.915963e-03	1.818233e-01
2.821000e-05	4.315086e-03	4.836405e-01
2.822000e-05	8.742409e-04	7.077394e-01
2.823000e-05	3.753289e-03	9.913523e-01
2.824000e-05	-2.487857e-03	1.283133e+00
2.825000e-05	5.434175e-04	1.632897e+00
2.826000e-05	1.890506e-03	1.883633e+00
2.827000e-05	2.822652e-02	2.075108e+00
2.828000e-05	9.029470e-02	2.310194e+00
2.829000e-05	4.293748e-02	2.747191e+00
2.830000e-05	-5.805862e-02	3.032399e+00
2.831000e-05	-2.624945e-02	3.295082e+00
2.832000e-05	-3.665145e-02	3.600425e+00
2.833000e-05	-4.846507e-02	3.813429e+00
2.834000e-05	-7.430773e-02	4.010522e+00
2.835000e-05	6.673465e-02	4.266131e+00
2.836000e-05	7.372687e-03	4.570924e+00
2.837000e-05	-4.373524e-02	4.813426e+00
2.838000e-05	1.361638e-01	5.159243e+00
2.839000e-05	-1.175601e-01	5.475559e+00
2.840000e-05	2.963424e-02	5.695664e+00
2.841000e-05	-2.639107e-02	5.991902e+00
2.842000e-05	-4.906749e-03	6.222476e+00
2.843000e-05	3.625508e-02	6.529113e+00
2.844000e-05	-6.170862e-02	6.812845e+00
2.845000e-05	3.545913e-02	7.042001e+00
2.846000e-05	-4.572836e-02	7.326236e+00
2.847000e-05	1.404370e-02	7.621918e+00
2.848000e-05	-4.278502e-02	7.866058e+00
2.849000e-05	-1.191733e-02	8.220289e+00
2.850000e-05	2.550298e-02	8.372345e+00
2.851000e-05	-3.344743e-02	8.601396e+00
2.852000e-05	1.135402e-02	8.834353e+00
2.853000e-05	-5.218408e-02	9.104000e+00
2.854000e-05	-1.732958e-02	9.286637e+00
2.855000e-05	-8.507017e-03	9.517637e+00
2.856000e-05	-1.190934e-02	9.758762e+00
2.857000e-05	-1.958411e-02	1.002137e+01
2.858000e-05	-2.928374e-02	1.021029e+01
2.859000e-05	4.849987e-04	1.039245e+01
2.860000e-05	-3.087106e-02	1.060192e+01
2.861000e-05	-2.401365e-02	1.084350e+01
2.862000e-05	-4.045307e-02	1.102342e+01
2.863000e-05	-2.028038e-02	1.126595e+01
2.864000e-05	-1.753432e-02	1.147558e+01
2.865000e-05	-2.908939e-02	1.168460e+01
2.866000e-05	-3.497768e-02	1.185353e+01
2.867000e-05	-3.585744e-02	1.203405e+01
2.868000e-05	-1.968209e-02	1.222390e+01
2.869000e-05	-3.050764e-02	1.245092e+01
2.870000e-05	-3.693459e-02	1.255982e+01
2.871000e-05	-4.629970e-02	1.272774e+01
2.872000e-05	-3.335637e-02	1.289611e+01
2.873000e-05	-3.516051e-02	1.303292e+01
2.874000e-05	-4.221404e-02	1.321287e+01
2.875000e-05	-4.965195e-02	1.336032e+01
2.876000e-05	-4.062484e-02	1.351818e+01
2.877000e-05	-3.738663e-02	1.366397e+01
2.878000e-05	-4.535509e-02	1.372931e+01
2.879000e-05	-5.805260e-02	1.392606e+01
2.880000e-05	-5.679743e-02	1.402349e+01
2.881000e-05	-5.002484e-02	1.421034e+01
2.882000e-05	-5.116771e-02	1.432723e+01
2.883000e-05	-6.169209e-02	1.442189e+01
2.884000e-05	-6.563799e-02	1.455721e+01
2.885000e-05	-5.880905e-02	1.457989e+01
2.886000e-05	-5.966760e-02	1.468565e+01
2.887000e-05	-6.592715e-02	1.479039e+01
2.888000e-05	-7.602195e-02	1.484508e+01
2.889000e-05	-7.124011e-02	1.497771e+01
2.890000e-05	-7.137300e-02	1.496984e+01
2.891000e-05	-7.668178e-02	1.505308e+01
2.892000e-05	-8.897113e-02	1.508816e+01
2.893000e-05	-9.146617e-02	1.517981e+01
2.894000e-05	-8.605006e-02	1.520247e+01
2.895000e-05	-8.700401e-02	1.524502e+01
2.896000e-05	-9.548329e-02	1.531873e+01
2.897000e-05	-1.027632e-01	1.533773e+01
2.898000e-05	-1.008783e-01	1.537979e+01
2.899000e-05	-1.029383e-01	1.537986e+01
2.900000e-05	-1.116021e-01	1.538136e+01
2.901000e-05	-1.218891e-01	1.542139e+01
2.902000e-05	-1.235013e-01	1.543134e+01
2.903000e-05	-1.233585e-01	1.540236e+01
2.904000e-05	-1.298635e-01	1.538987e+01
2.905000e-05	-1.435552e-01	1.540084e+01
2.906000e-05	-1.522426e-01	1.537841e+01
2.907000e-05	-1.565246e-01	1.532925e+01
2.908000e-05	-1.671437e-01	1.530425e+01
2.909000e-05	-1.862952e-01	1.525407e+01
2.910000e-05	-2.104863e-01	1.524242e+01
2.911000e-05	-2.324718e-01	1.517139e+01
2.912000e-05	-2.493076e-01	1.513770e+01
2.913000e-05	-2.500000e-01	1.504450e+01
2.914000e-05	-2.500000e-01	1.500089e+01
2.915000e-05	-2.500000e-01	1.494681e+01
2.916000e-05	-2.500000e-01	1.484408e+01
2.917000e-05	-2.500000e-01	1.480839e+01
2.918000e-05	-2.500000e-01	1.467615e+01
2.919000e-05	-2.468168e-01	1.462942e+01
2.920000e-05	-2.178873e-01	1.452725e+01
2.921000e-05	-1.909811e-01	1.443139e+01
2.922000e-05	-1.702766e-01	1.430508e+01
2.923000e-05	-1.575826e-01	1.419891e+01
2.924000e-05	-1.388684e-01	1.410562e+01
2.925000e-05	-1.247491e-01	1.394773e+01
2.926000e-05	-1.115809e-01	1.380144e+01
2.927000e-05	-1.077845e-01	1.367400e+01
2.928000e-05	-9.869915e-02	1.354723e+01
2.929000e-05	-8.972596e-02	1.337034e+01
2.930000e-05	-8.022980e-02	1.326352e+01
2.931000e-05	-7.943323e-02	1.316371e+01
2.932000e-05	-7.586792e-02	1.295624e+01
2.933000e-05	-7.068129e-02	1.278839e+01
2.934000e-05	-6.274320e-02	1.262102e+01
2.935000e-05	-6.072534e-02	1.246305e+01
2.936000e-05	-5.967196e-02	1.227460e+01
2.937000e-05	-5.720704e-02	1.213675e+01
2.938000e-05	-5.212002e-02	1.194629e+01
2.939000e-05	-4.883219e-02	1.174476e+01
2.940000e-05	-4.976511e-02	1.155623e+01
2.941000e-05	-4.879565e-02	1.128513e+01
2.942000e-05	-4.510901e-02	1.110468e+01
2.943000e-05	-3.976724e-02	1.089586e+01
2.944000e-05	-4.128684e-02	1.072428e+01
2.945000e-05	-4.146698e-02	1.050575e+01
2.946000e-05	-3.959639e-02	1.031318e+01
2.947000e-05	-3.491735e-02	1.004363e+01
2.948000e-05	-3.499250e-02	9.810474e+00
2.949000e-05	-3.521816e-02	9.617491e+00
2.950000e-05	-3.513476e-02	9.358894e+00
2.951000e-05	-3.157611e-02	9.187911e+00
2.952000e-05	-2.935050e-02	8.915836e+00
2.953000e-05	-3.067622e-02	8.703676e+00
2.954000e-05	-3.076785e-02	8.503079e+00
2.955000e-05	-2.905368e-02	8.222070e+00
2.956000e-05	-2.591938e-02	7.986945e+00
2.957000e-05	-2.554415e-02	7.726757e+00
2.958000e-05	-2.706945e-02	7.471624e+00
2.959000e-05	-2.674014e-02	7.207521e+00
2.960000e-05	-2.380393e-02	6.916337e+00
2.961000e-05	-2.303217e-02	6.675249e+00
2.962000e-05	-2.413582e-02	6.398594e+00
2.963000e-05	-2.499922e-02	6.158413e+00
2.964000e-05	-2.146696e-02	5.926805e+00
2.965000e-05	-2.070897e-02	5.660025e+00
2.966000e-05	-2.066641e-02	5.356488e+00
2.967000e-05	-2.211946e-02	5.071022e+00
2.968000e-05	-1.955298e-02	4.715866e+00
2.969000e-05	-1.884245e-02	4.491680e+00
2.970000e-05	-1.762260e-02	4.208999e+00
2.971000e-05	-1.992768e-02	3.862806e+00
2.972000e-05	-1.922983e-02	3.661077e+00
2.973000e-05	-1.661610e-02	3.366942e+00
2.974000e-05	-1.447041e-02	3.083232e+00
2.975000e-05	-1.682232e-02	2.810099e+00
2.976000e-05	-1.708134e-02	2.502919e+00
2.977000e-05	-1.486263e-02	2.208124e+00
2.978000e-05	-1.339323e-02	1.966967e+00
2.979000e-05	-1.292768e-02	1.662285e+00
2.980000e-05	-1.402439e-02	1.377920e+00
2.981000e-05	-1.393240e-02	1.029733e+00
2.982000e-05	-1.077985e-02	7.463945e-01
2.983000e-05	-1.109416e-02	4.817330e-01
2.984000e-05	-9.894948e-03	2.074710e-01
2.985000e-05	-8.601401e-03	-9.566036e-02
2.986000e-05	3.308840e-03	-3.388222e-01
2.987000e-05	2.202251e-04	-6.143513e-01
2.988000e-05	5.735012e-04	-8.962367e-01
2.989000e-05	-8.788751e-04	-1.129822e+00
2.990000e-05	5.654976e-04	-1.487038e+00
2.991000e-05	1.448258e-03	-1.737211e+00
2.992000e-05	2.104094e-02	-1.938850e+00
2.993000e-05	9.329741e-02	-2.240974e+00
2.994000e-05	7.574892e-02	-2.539749e+00
2.995000e-05	-5.612759e-02	-2.961846e+00
2.996000e-05	-3.492015e-03	-3.317711e+00
2.997000e-05	-4.861579e-02	-3.527240e+00
2.998000e-05	-5.626643e-02	-3.740265e+00
2.999000e-05	-4.434928e-02	-4.009375e+00
3.000000e-05	1.467992e-01	-4.147190e+00
3.001000e-05	-1.198487e-01	-4.431560e+00
3.002000e-05	1.109314e-01	-4.716790e+00
3.003000e-05	2.802748e-02	-4.970815e+00
3.004000e-05	-8.462363e-02	-5.361394e+00
3.005000e-05	1.195553e-01	-5.600919e+00
3.006000e-05	-1.569192e-01	-5.907634e+00
3.007000e-05	1.347858e-01	-6.150237e+00
3.008000e-05	-1.267134e-02	-6.351892e+00
3.009000e-05	1.222775e-02	-6.716137e+00
3.010000e-05	7.563142e-02	-6.967864e+00
3.011000e-05	-9.232879e-02	-7.254983e+00
3.012000e-05	1.106028e-01	-7.485632e+00
3.013000e-05	-8.136629e-02	-7.810792e+00
3.014000e-05	8.427408e-02	-8.065034e+00
3.015000e-05	1.272254e-02	-8.284599e+00
3.016000e-05	-5.497828e-03	-8.518741e+00
3.017000e-05	9.129259e-02	-8.780365e+00
3.018000e-05	-8.312339e-02	-9.012471e+00
3.019000e-05	8.831617e-02	-9.213926e+00
3.020000e-05	-4.956095e-02	-9.456001e+00
3.021000e-05	9.265965e-02	-9.678212e+00
3.022000e-05	-2.260218e-03	-9.906181e+00
3.023000e-05	3.438054e-02	-1.014719e+01
3.024000e-05	3.129846e-02	-1.037031e+01
3.025000e-05	-6.275954e-03	-1.061087e+01
3.026000e-05	6.698528e-02	-1.076034e+01
3.027000e-05	-2.622981e-02	-1.095982e+01
3.028000e-05	7.681172e-02	-1.122279e+01
3.029000e-05	-1.350152e-02	-1.138245e+01
3.030000e-05	7.551331e-02	-1.163340e+01
3.031000e-05	-2.929438e-03	-1.184292e+01
3.032000e-05	4.931140e-02	-1.201350e+01
3.033000e-05	1.854346e-02	-1.222079e+01
3.034000e-05	4.705060e-02	-1.235077e+01
3.035000e-05	4.027415e-02	-1.253921e+01
3.036000e-05	2.340953e-02	-1.267718e+01
3.037000e-05	4.388143e-02	-1.291618e+01
3.038000e-05	2.518365e-02	-1.305502e+01
3.039000e-05	6.009548e-02	-1.318079e+01
3.040000e-05	2.613137e-02	-1.332871e+01
3.041000e-05	5.930405e-02	-1.349608e+01
3.042000e-05	3.311945e-02	-1.362497e+01
3.043000e-05	6.066827e-02	-1.378879e+01
3.044000e-05	3.584264e-02	-1.391768e+01
3.045000e-05	4.998778e-02	-1.403390e+01
3.046000e-05	4.237557e-02	-1.415979e+01
3.047000e-05	5.882522e-02	-1.429403e+01
3.048000e-05	5.711946e-02	-1.440237e+01
3.049000e-05	5.692738e-02	-1.453611e+01
3.050000e-05	5.678298e-02	-1.460084e+01
3.051000e-05	5.967336e-02	-1.461563e+01
3.052000e-05	6.894775e-02	-1.479129e+01
3.053000e-05	6.269682e-02	-1.487550e+01
3.054000e-05	6.969270e-02	-1.495876e+01
3.055000e-05	6.598799e-02	-1.502039e+01
3.056000e-05	7.837358e-02	-1.508655e+01
3.057000e-05	7.157520e-02	-1.516973e+01
3.058000e-05	7.753141e-02	-1.521084e+01
3.059000e-05	7.581964e-02	-1.524404e+01
3.060000e-05	9.013276e-02	-1.530618e+01
3.061000e-05	9.049898e-02	-1.533571e+01
3.062000e-05	9.318106e-02	-1.535784e+01
3.063000e-05	9.118536e-02	-1.539929e+01
3.064000e-05	9.673690e-02	-1.542250e+01
3.065000e-05	1.031323e-01	-1.545252e+01
3.066000e-05	1.053595e-01	-1.545357e+01
3.067000e-05	1.106900e-01	-1.540505e+01
3.068000e-05	1.148863e-01	-1.544515e+01
3.069000e-05	1.255399e-01	-1.545292e+01
3.070000e-05	1.293252e-01	-1.545407e+01
3.071000e-05	1.333549e-01	-1.540042e+01
3.072000e-05	1.394484e-01	-1.545194e+01
3.073000e-05	1.535929e-01	-1.539886e+01
3.074000e-05	1.692359e-01	-1.535783e+01
3.075000e-05	1.835317e-01	-1.529521e+01
3.076000e-05	2.036525e-01	-1.527257e+01
3.077000e-05	2.303104e-01	-1.520294e+01
3.078000e-05	2.495513e-01	-1.516931e+01
3.079000e-05	2.500000e-01	-1.510660e+01
3.080000e-05	2.500000e-01	-1.506247e+01
3.081000e-05	2.500000e-01	-1.496979e+01
3.082000e-05	2.500000e-01	-1.492368e+01
3.083000e-05	2.500000e-01	-1.481144e+01
3.084000e-05	2.497549e-01	-1.471521e+01
3.085000e-05	2.317773e-01	-1.465255e+01
3.086000e-05	2.021097e-01	-1.453726e+01
3.087000e-05	1.793274e-01	-1.445362e+01
3.088000e-05	1.577181e-01	-1.433578e+01
3.089000e-05	1.410053e-01	-1.420102e+01
3.090000e-05	1.246804e-01	-1.409603e+01
3.091000e-05	1.136700e-01	-1.396886e+01
3.092000e-05	1.022431e-01	-1.383100e+01
3.093000e-05	9.095327e-02	-1.368563e+01
3.094000e-05	8.387624e-02	-1.356928e+01
3.095000e-05	7.789771e-02	-1.339047e+01
3.096000e-05	7.326314e-02	-1.326262e+01
3.097000e-05	6.543493e-02	-1.311466e+01
3.098000e-05	6.057409e-02	-1.297886e+01
3.099000e-05	5.629117e-02	-1.282004e+01
3.100000e-05	5.404288e-02	-1.266253e+01
3.101000e-05	4.965133e-02	-1.248310e+01
3.102000e-05	4.522038e-02	-1.230573e+01
3.103000e-05	4.167650e-02	-1.214781e+01
3.104000e-05	4.104010e-02	-1.194621e+01
3.105000e-05	3.684779e-02	-1.171483e+01
3.106000e-05	3.398494e-02	-1.153418e+01
3.107000e-05	3.200211e-02	-1.126528e+01
3.108000e-05	3.043772e-02	-1.108368e+01
3.109000e-05	2.951544e-02	-1.089365e+01
3.110000e-05	2.804135e-02	-1.068573e+01
3.111000e-05	2.575589e-02	-1.049568e+01
3.112000e-05	2.531087e-02	-1.026155e+01
3.113000e-05	2.385820e-02	-1.002107e+01
3.114000e-05	2.118893e-02	-9.821494e+00
3.115000e-05	1.855192e-02	-9.562070e+00
3.116000e-05	1.673815e-02	-9.397370e+00
3.117000e-05	1.649120e-02	-9.116764e+00
3.118000e-05	1.452637e-02	-8.965264e+00
3.119000e-05	1.611124e-02	-8.693676e+00
3.120000e-05	1.449566e-02	-8.430024e+00
3.121000e-05	1.575799e-02	-8.169421e+00
3.122000e-05	1.346416e-02	-7.976790e+00
3.123000e-05	1.124239e-02	-7.704180e+00
3.124000e-05	8.305301e-03	-7.410045e+00
3.125000e-05	6.253692e-03	-7.126392e+00
3.126000e-05	5.958509e-03	-6.926237e+00
3.127000e-05	6.047671e-03	-6.631648e+00
3.128000e-05	7.021512e-03	-6.398519e+00
3.129000e-05	6.438573e-03	-6.114283e+00
3.130000e-05	6.202352e-03	-5.851576e+00
3.131000e-05	5.399436e-03	-5.598524e+00
3.132000e-05	2.791939e-03	-5.262164e+00
3.133000e-05	5.177845e-04	-5.028068e+00
3.134000e-05	1.570367e-04	-4.691203e+00
3.135000e-05	1.563883e-03	-4.381075e+00
3.136000e-05	5.228410e-04	-4.198016e+00
3.137000e-05	6.615103e-04	-3.865388e+00
3.138000e-05	-1.284755e-03	-3.620074e+00
3.139000e-05	-8.575689e-04	-3.366891e+00
3.140000e-05	-2.121113e-03	-3.094207e+00
3.141000e-05	-1.934854e-03	-2.768018e+00
3.142000e-05	-3.959209e-03	-2.522709e+00
3.143000e-05	-2.984755e-03	-2.191573e+00
3.144000e-05	-4.955620e-03	-1.916367e+00
3.145000e-05	-4.847691e-03	-1.651630e+00
3.146000e-05	-6.374716e-03	-1.336865e+00
3.147000e-05	-6.920269e-03	-1.030552e+00
3.148000e-05	-6.270127e-03	-6.784984e-01
3.149000e-05	-5.848122e-03	-4.696527e-01
3.150000e-05	-4.684378e-03	-1.770175e-01
3.151000e-05	-1.291252e-03	9.523422e-02
3.152000e-05	7.912162e-03	4.309011e-01
3.153000e-05	-1.524880e-03	6.225013e-01
3.154000e-05	4.884203e-03	9.130380e-01
3.155000e-05	-3.890279e-03	1.190001e+00
3.156000e-05	1.414559e-03	1.444584e+00
3.157000e-05	-3.022569e-03	1.780424e+00
3.158000e-05	1.766906e-02	1.969950e+00
3.159000e-05	6.325120e-02	2.282955e+00
3.160000e-05	9.216012e-02	2.562300e+00
3.161000e-05	-4.854828e-02	2.898634e+00
3.162000e-05	-2.977100e-02	3.170924e+00
3.163000e-05	-3.962754e-02	3.497634e+00
3.164000e-05	-3.327642e-02	3.738216e+00
3.165000e-05	-8.527790e-02	3.987739e+00
3.166000e-05	1.049285e-02	4.121368e+00
3.167000e-05	7.525045e-02	4.476136e+00
3.168000e-05	-9.147483e-02	4.739287e+00
3.169000e-05	1.295558e-01	4.992896e+00
3.170000e-05	-4.041678e-02	5.348742e+00
3.171000e-05	-4.597323e-02	5.643470e+00
3.172000e-05	2.872919e-02	5.898086e+00
3.173000e-05	-5.140148e-02	6.158265e+00
3.174000e-05	5.870950e-02	6.401893e+00
3.175000e-05	-5.082293e-02	6.757189e+00
3.176000e-05	3.602946e-03	6.948767e+00
3.177000e-05	-9.122744e-03	7.221997e+00
3.178000e-05	-2.099213e-02	7.496054e+00
3.179000e-05	1.603503e-03	7.772843e+00
3.180000e-05	-5.483056e-02	8.066500e+00
3.181000e-05	4.125015e-02	8.328206e+00
3.182000e-05	-2.527343e-02	8.517162e+00
3.183000e-05	-3.394844e-03	8.748758e+00
3.184000e-05	-2.163112e-02	8.981795e+00
3.185000e-05	-5.182154e-02	9.222921e+00
3.186000e-05	1.342336e-02	9.434924e+00
3.187000e-05	-2.702355e-02	9.655157e+00
3.188000e-05	1.278987e-03	9.936660e+00
3.189000e-05	-4.563366e-02	1.013773e+01
3.190000e-05	1.968888e-03	1.035821e+01
3.191000e-05	-2.302876e-02	1.055919e+01
3.192000e-05	-2.607297e-02	1.077923e+01
3.193000e-05	-3.211066e-02	1.096927e+01
3.194000e-05	-3.516714e-02	1.118032e+01
3.195000e-05	-5.825436e-03	1.137084e+01
3.196000e-05	-3.373264e-02	1.161141e+01
3.197000e-05	-2.574348e-02	1.183182e+01
3.198000e-05	-4.805047e-02	1.197232e+01
3.199000e-05	-1.668076e-02	1.218979e+01
3.200000e-05	-3.014189e-02	1.237976e+01
3.201000e-05	-3.134888e-02	1.254716e+01
3.202000e-05	-4.663666e-02	1.265555e+01
3.203000e-05	-3.796337e-02	1.286390e+01
3.204000e-05	-3.013561e-02	1.299034e+01
3.205000e-05	-4.102692e-02	1.314921e+01
3.206000e-05	-4.680173e-02	1.331555e+01
3.207000e-05	-4.791991e-02	1.346297e+01
3.208000e-05	-3.374114e-02	1.357087e+01
3.209000e-05	-4.360866e-02	1.372723e+01
3.210000e-05	-5.174182e-02	1.388742e+01
3.211000e-05	-6.093643e-02	1.400137e+01
3.212000e-05	-5.039044e-02	1.410771e+01
3.213000e-05	-4.909460e-02	1.427543e+01
3.214000e-05	-5.682126e-02	1.438228e+01
3.215000e-05	-6.558888e-02	1.447457e+01
3.216000e-05	-6.190125e-02	1.459086e+01
3.217000e-05	-5.784298e-02	1.465410e+01
3.218000e-05	-6.373587e-02	1.471879e+01
3.219000e-05	-7.330037e-02	1.481350e+01
3.220000e-05	-7.542615e-02	1.489718e+01
3.221000e-05	-7.036771e-02	1.499027e+01
3.222000e-05	-7.457692e-02	1.505244e+01
3.223000e-05	-8.427967e-02	1.510760e+01
3.224000e-05	-9.138632e-02	1.517773e+01
3.225000e-05	-8.763209e-02	1.520036e+01
3.226000e-05	-8.480977e-02	1.525455e+01
3.227000e-05	-9.233704e-02	1.526750e+01
3.228000e-05	-1.013209e-01	1.531825e+01
3.229000e-05	-1.035127e-01	1.534926e+01
3.230000e-05	-1.019891e-01	1.537923e+01
3.231000e-05	-1.066704e-01	1.539986e+01
3.232000e-05	-1.173185e-01	1.540087e+01
3.233000e-05	-1.229773e-01	1.543192e+01
3.234000e-05	-1.236802e-01	1.542189e+01
3.235000e-05	-1.259622e-01	1.537034e+01
3.236000e-05	-1.387220e-01	1.536028e+01
3.237000e-05	-1.503486e-01	1.536836e+01
3.238000e-05	-1.552990e-01	1.534823e+01
3.239000e-05	-1.618278e-01	1.531668e+01
3.240000e-05	-1.784552e-01	1.525712e+01
3.241000e-05	-2.021122e-01	1.525249e+01
3.242000e-05	-2.248365e-01	1.522039e+01
3.243000e-05	-2.461373e-01	1.514926e+01
3.244000e-05	-2.499940e-01	1.509458e+01
3.245000e-05	-2.499970e-01	1.502294e+01
3.246000e-05	-2.500000e-01	1.492831e+01
3.247000e-05	-2.500000e-01	1.491415e+01
3.248000e-05	-2.500000e-01	1.482139e+01
3.249000e-05	-2.500000e-01	1.475678e+01
3.250000e-05	-2.499700e-01	1.467192e+01
3.251000e-05	-2.309074e-01	1.455976e+01
3.252000e-05	-2.003204e-01	1.450502e+01
3.253000e-05	-1.761101e-01	1.437671e+01
3.254000e-05	-1.615590e-01	1.422297e+01
3.255000e-05	-1.447869e-01	1.415723e+01
3.256000e-05	-1.307177e-01	1.398881e+01
3.257000e-05	-1.154890e-01	1.383360e+01
3.258000e-05	-1.093033e-01	1.370676e+01
3.259000e-05	-1.018059e-01	1.359636e+01
3.260000e-05	-9.309472e-02	1.341150e+01
3.261000e-05	-8.290862e-02	1.329618e+01
3.262000e-05	-7.898645e-02	1.312663e+01
3.263000e-05	-7.640633e-02	1.300039e+01
3.264000e-05	-7.356660e-02	1.284110e+01
3.265000e-05	-6.685680e-02	1.269303e+01
3.266000e-05	-6.107616e-02	1.248631e+01
3.267000e-05	-5.986808e-02	1.237683e+01
3.268000e-05	-5.828130e-02	1.215936e+01
3.269000e-05	-5.336252e-02	1.201889e+01
3.270000e-05	-4.796263e-02	1.178949e+01
3.271000e-05	-4.995944e-02	1.160042e+01
3.272000e-05	-4.900199e-02	1.139049e+01
3.273000e-05	-4.774322e-02	1.117794e+01
3.274000e-05	-4.064580e-02	1.097841e+01
3.275000e-05	-4.040504e-02	1.080889e+01
3.276000e-05	-4.011903e-02	1.060887e+01
3.277000e-05	-4.155806e-02	1.037681e+01
3.278000e-05	-3.635790e-02	1.014786e+01
3.279000e-05	-3.586249e-02	9.924355e+00
3.280000e-05	-3.338394e-02	9.704680e+00
3.281000e-05	-3.625678e-02	9.441074e+00
3.282000e-05	-3.132197e-02	9.251151e+00
3.283000e-05	-3.026908e-02	9.029948e+00
3.284000e-05	-2.897030e-02	8.796915e+00
3.285000e-05	-3.162597e-02	8.546292e+00
3.286000e-05	-3.011837e-02	8.305761e+00
3.287000e-05	-2.760416e-02	8.061702e+00
3.288000e-05	-2.509485e-02	7.819044e+00
3.289000e-05	-2.667016e-02	7.557436e+00
3.290000e-05	-2.706548e-02	7.282157e+00
3.291000e-05	-2.464898e-02	7.049596e+00
3.292000e-05	-2.368666e-02	6.766994e+00
3.293000e-05	-2.228246e-02	6.494236e+00
3.294000e-05	-2.402935e-02	6.252625e+00
3.295000e-05	-2.260458e-02	5.978646e+00
3.296000e-05	-2.098157e-02	5.745788e+00
3.297000e-05	-2.035438e-02	5.471628e+00
3.298000e-05	-2.190310e-02	5.166865e+00
3.299000e-05	-2.097701e-02	4.860595e+00
3.300000e-05	-1.870140e-02	4.556886e+00
3.301000e-05	-1.833308e-02	4.324357e+00
3.302000e-05	-1.795649e-02	3.998595e+00
3.303000e-05	-1.935283e-02	3.745363e+00
3.304000e-05	-1.653262e-02	3.462209e+00
3.305000e-05	-1.670186e-02	3.178042e+00
3.306000e-05	-1.615795e-02	2.914762e+00
3.307000e-05	-1.681646e-02	2.628575e+00
3.308000e-05	-1.513884e-02	2.303811e+00
3.309000e-05	-1.470696e-02	2.041657e+00
3.310000e-05	-1.340508e-02	1.797144e+00
3.311000e-05	-1.311682e-02	1.483783e+00
3.312000e-05	-1.358991e-02	1.198545e+00
3.313000e-05	-1.197297e-02	8.412028e-01
3.314000e-05	-1.115433e-02	5.975172e-01
3.315000e-05	-1.198129e-02	2.839158e-01
3.316000e-05	-8.409380e-03	-1.451318e-03
3.317000e-05	-3.076692e-03	-2.726117e-01
3.318000e-05	5.254080e-03	-5.162630e-01
3.319000e-05	-1.404135e-03	-8.510000e-01
3.320000e-05	3.588700e-03	-1.065005e+00
3.321000e-05	-3.586287e-05	-1.369789e+00
3.322000e-05	-6.569962e-04	-1.641053e+00
3.323000e-05	7.588096e-03	-1.895030e+00
3.324000e-05	5.767791e-02	-2.095157e+00
3.325000e-05	1.164666e-01	-2.432948e+00
3.326000e-05	-3.606500e-02	-2.811451e+00
3.327000e-05	-1.108244e-02	-3.202880e+00
3.328000e-05	-3.391392e-02	-3.464058e+00
3.329000e-05	-3.961568e-02	-3.624032e+00
3.330000e-05	-8.614469e-02	-3.927287e+00
3.331000e-05	1.138424e-01	-4.073054e+00
3.332000e-05	-2.216827e-02	-4.306688e+00
3.333000e-05	-3.035525e-02	-4.665628e+00
3.334000e-05	1.445736e-01	-4.864054e+00
3.335000e-05	-1.454756e-01	-5.184854e+00
3.336000e-05	1.249043e-01	-5.494791e+00
3.337000e-05	-8.944719e-02	-5.769267e+00
3.338000e-05	9.708124e-03	-6.055080e+00
3.339000e-05	1.012016e-01	-6.285082e+00
3.340000e-05	-8.094470e-02	-6.591346e+00
3.341000e-05	1.299302e-01	-6.835079e+00
3.342000e-05	-9.175118e-02	-7.148709e+00
3.343000e-05	6.651839e-02	-7.422921e+00
3.344000e-05	-3.738575e-03	-7.645474e+00
3.345000e-05	-1.501494e-02	-7.987870e+00
3.346000e-05	1.033800e-01	-8.210316e+00
3.347000e-05	-6.977845e-02	-8.405003e+00
3.348000e-05	1.221647e-01	-8.686154e+00
3.349000e-05	-6.455494e-02	-8.968691e+00
3.350000e-05	4.051817e-02	-9.139768e+00
3.351000e-05	4.169831e-03	-9.390742e+00
3.352000e-05	1.773057e-02	-9.672976e+00
3.353000e-05	7.397993e-02	-9.831974e+00
3.354000e-05	-2.781526e-02	-1.005706e+01
3.355000e-05	8.531496e-02	-1.024447e+01
3.356000e-05	-4.129991e-02	-1.052866e+01
3.357000e-05	8.365237e-02	-1.072668e+01
3.358000e-05	-2.573197e-02	-1.090651e+01
3.359000e-05	5.655390e-02	-1.110663e+01
3.360000e-05	1.138309e-02	-1.133918e+01
3.361000e-05	4.169295e-02	-1.156976e+01
3.362000e-05	3.687902e-02	-1.176821e+01
3.363000e-05	1.243820e-02	-1.197864e+01
3.364000e-05	5.037441e-02	-1.212826e+01
3.365000e-05	1.454244e-02	-1.234666e+01
3.366000e-05	6.622938e-02	-1.250663e+01
3.367000e-05	5.596755e-03	-1.266453e+01
3.368000e-05	5.332660e-02	-1.286195e+01
3.369000e-05	1.691810e-02	-1.301129e+01
3.370000e-05	5.972601e-02	-1.312821e+01
3.371000e-05	2.932094e-02	-1.325623e+01
3.372000e-05	5.100777e-02	-1.342437e+01
3.373000e-05	4.112434e-02	-1.361936e+01
3.374000e-05	5.124678e-02	-1.376023e+01
3.375000e-05	4.768502e-02	-1.386497e+01
3.376000e-05	3.963847e-02	-1.399077e+01
3.377000e-05	4.912698e-02	-1.413770e+01
3.378000e-05	4.888794e-02	-1.422490e+01
3.379000e-05	6.345692e-02	-1.437036e+01
3.380000e-05	5.089677e-02	-1.446515e+01
3.381000e-05	6.131731e-02	-1.460079e+01
3.382000e-05	5.430431e-02	-1.465355e+01
3.383000e-05	7.064906e-02	-1.476029e+01
3.384000e-05	6.185668e-02	-1.485447e+01
3.385000e-05	6.943977e-02	-1.494768e+01
3.386000e-05	6.436547e-02	-1.501087e+01
3.387000e-05	7.615067e-02	-1.505502e+01
3.388000e-05	7.336300e-02	-1.513620e+01
3.389000e-05	7.464794e-02	-1.519189e+01
3.390000e-05	7.643671e-02	-1.524201e+01
3.391000e-05	8.505213e-02	-1.527575e+01
3.392000e-05	9.212950e-02	-1.537608e+01
3.393000e-05	9.008675e-02	-1.537073e+01
3.394000e-05	9.287838e-02	-1.538187e+01
3.395000e-05	9.264388e-02	-1.543347e+01
3.396000e-05	1.033306e-01	-1.543295e+01
3.397000e-05	1.026008e-01	-1.543450e+01
3.398000e-05	1.091617e-01	-1.540460e+01
3.399000e-05	1.128060e-01	-1.544457e+01
3.400000e-05	1.235890e-01	-1.548557e+01
3.401000e-05	1.274817e-01	-1.546607e+01
3.402000e-05	1.309178e-01	-1.545389e+01
3.403000e-05	1.373956e-01	-1.541084e+01
3.404000e-05	1.493703e-01	-1.538042e+01
3.405000e-05	1.639833e-01	-1.538831e+01
3.406000e-05	1.776337e-01	-1.534671e+01
3.407000e-05	1.949480e-01	-1.531360e+01
3.408000e-05	2.198013e-01	-1.521344e+01
3.409000e-05	2.461916e-01	-1.522137e+01
3.410000e-05	2.500000e-01	-1.511763e+01
3.411000e-05	2.500000e-01	-1.508350e+01
3.412000e-05	2.500000e-01	-1.497999e+01
3.413000e-05	2.500000e-01	-1.494536e+01
3.414000e-05	2.500000e-01	-1.484252e+01
3.415000e-05	2.500000e-01	-1.479931e+01
3.416000e-05	2.410795e-01	-1.469363e+01
3.417000e-05	2.121737e-01	-1.459939e+01
3.418000e-05	1.883788e-01	-1.450615e+01
3.419000e-05	1.656554e-01	-1.440073e+01
3.420000e-05	1.462548e-01	-1.426310e+01
3.421000e-05	1.298069e-01	-1.415773e+01
3.422000e-05	1.181078e-01	-1.401089e+01
3.423000e-05	1.063017e-01	-1.380405e+01
3.424000e-05	9.504510e-02	-1.372728e+01
3.425000e-05	8.541436e-02	-1.358889e+01
3.426000e-05	8.014031e-02	-1.347450e+01
3.427000e-05	7.568613e-02	-1.331525e+01
3.428000e-05	6.903594e-02	-1.313738e+01
3.429000e-05	6.112987e-02	-1.305149e+01
3.430000e-05	5.645688e-02	-1.288268e+01
3.431000e-05	5.499262e-02	-1.270416e+01
3.432000e-05	5.149699e-02	-1.254781e+01
3.433000e-05	4.684678e-02	-1.236686e+01
3.434000e-05	4.270256e-02	-1.218044e+01
3.435000e-05	4.053293e-02	-1.200994e+01
3.436000e-05	3.905237e-02	-1.181189e+01
3.437000e-05	3.588464e-02	-1.156692e+01
3.438000e-05	3.113245e-02	-1.137678e+01
3.439000e-05	3.026103e-02	-1.116734e+01
3.440000e-05	3.078732e-02	-1.095536e+01
3.441000e-05	3.015720e-02	-1.074729e+01
3.442000e-05	2.669681e-02	-1.057644e+01
3.443000e-05	2.442118e-02	-1.036631e+01
3.444000e-05	2.268582e-02	-1.014573e+01
3.445000e-05	2.213349e-02	-9.944733e+00
3.446000e-05	2.040717e-02	-9.684709e+00
3.447000e-05	1.827148e-02	-9.452075e+00
3.448000e-05	1.820408e-02	-9.240071e+00
3.449000e-05	1.770869e-02	-9.011046e+00
3.450000e-05	1.648395e-02	-8.798965e+00
3.451000e-05	1.280923e-02	-8.566831e+00
3.452000e-05	1.239065e-02	-8.304203e+00
3.453000e-05	1.242443e-02	-8.039626e+00
3.454000e-05	1.335189e-02	-7.810916e+00
3.455000e-05	1.021130e-02	-7.535811e+00
3.456000e-05	9.648721e-03	-7.273098e+00
3.457000e-05	7.215127e-03	-6.967991e+00
3.458000e-05	7.252786e-03	-6.736233e+00
3.459000e-05	5.866196e-03	-6.503232e+00
3.460000e-05	6.092415e-03	-6.201095e+00
3.461000e-05	4.786275e-03	-5.966865e+00
3.462000e-05	4.341643e-03	-5.692708e+00
3.463000e-05	4.755829e-03	-5.429520e+00
3.464000e-05	2.866935e-03	-5.093781e+00
3.465000e-05	1.322408e-03	-4.806941e+00
3.466000e-05	1.687878e-03	-4.544737e+00
3.467000e-05	1.916954e-03	-4.283211e+00
3.468000e-05	1.622627e-03	-4.039597e+00
3.469000e-05	-1.578611e-03	-3.712863e+00
3.470000e-05	-1.737521e-03	-3.441075e+00
3.471000e-05	-3.379677e-03	-3.167974e+00
3.472000e-05	-2.322223e-03	-2.851654e+00
3.473000e-05	-3.060475e-03	-2.628574e+00
3.474000e-05	-2.433929e-03	-2.324839e+00
3.475000e-05	-3.935497e-03	-1.990548e+00
3.476000e-05	-3.363922e-03	-1.776493e+00
3.477000e-05	-5.307070e-03	-1.484212e+00
3.478000e-05	-6.917429e-03	-1.144891e+00
3.479000e-05	-7.633251e-03	-8.322276e-01
3.480000e-05	-6.630898e-03	-5.439460e-01
3.481000e-05	-5.182701e-03	-2.817066e-01
3.482000e-05	-3.849039e-03	-1.912393e-02
3.483000e-05	6.539791e-03	3.076155e-01
3.484000e-05	7.685927e-04	5.168446e-01
3.485000e-05	3.910966e-03	7.995001e-01
3.486000e-05	2.931219e-04	1.067814e+00
3.487000e-05	7.020607e-04	1.349792e+00
3.488000e-05	-1.132094e-03	1.696214e+00
3.489000e-05	7.332230e-03	1.897841e+00
3.490000e-05	3.769941e-02	2.167270e+00
3.491000e-05	1.029760e-01	2.464480e+00
3.492000e-05	-3.565423e-03	2.812455e+00
3.493000e-05	-4.646148e-02	3.107111e+00
3.494000e-05	-3.204988e-02	3.380322e+00
3.495000e-05	-3.095104e-02	3.664105e+00
3.496000e-05	-6.676487e-02	3.884184e+00
3.497000e-05	-4.565178e-02	4.074559e+00
3.498000e-05	9.046886e-02	4.409846e+00
3.499000e-05	-5.508740e-02	4.665133e+00
3.500000e-05	3.430249e-02	4.846612e+00
3.501000e-05	7.550929e-02	5.216479e+00
3.502000e-05	-1.143564e-01	5.517784e+00
3.503000e-05	5.211403e-02	5.800816e+00
3.504000e-05	-5.464056e-02	6.056057e+00
3.505000e-05	3.459253e-02	6.306637e+00
3.506000e-05	-1.626776e-03	6.572896e+00
3.507000e-05	-3.829092e-02	6.864608e+00
3.508000e-05	2.926006e-02	7.108683e+00
3.509000e-05	-4.954861e-02	7.412799e+00
3.510000e-05	2.209941e-02	7.665029e+00
3.511000e-05	-6.519797e-02	7.948741e+00
3.512000e-05	1.926087e-02	8.232949e+00
3.513000e-05	1.956417e-03	8.443527e+00
3.514000e-05	-2.302205e-02	8.684575e+00
3.515000e-05	6.870114e-03	8.897608e+00
3.516000e-05	-6.078168e-02	9.159315e+00
3.517000e-05	5.762459e-03	9.330265e+00
3.518000e-05	-2.295544e-02	9.591826e+00
3.519000e-05	-6.072468e-04	9.841897e+00
3.520000e-05	-3.954534e-02	1.006558e+01
3.521000e-05	-1.398807e-02	1.028551e+01
3.522000e-05	-9.720191e-03	1.049615e+01
3.523000e-05	-2.936150e-02	1.065610e+01
3.524000e-05	-2.312374e-02	1.088666e+01
3.525000e-05	-4.033302e-02	1.109814e+01
3.526000e-05	-8.263004e-03	1.132761e+01
3.527000e-05	-2.693352e-02	1.151813e+01
3.528000e-05	-2.668526e-02	1.174969e+01
3.529000e-05	-4.632148e-02	1.190613e+01
3.530000e-05	-2.560847e-02	1.210773e+01
3.531000e-05	-2.431412e-02	1.228751e+01
3.532000e-05	-3.007830e-02	1.247495e+01
3.533000e-05	-4.276091e-02	1.264195e+01
3.534000e-05	-4.379680e-02	1.275081e+01
3.535000e-05	-2.906651e-02	1.294818e+01
3.536000e-05	-3.719576e-02	1.309753e+01
3.537000e-05	-4.265940e-02	1.329250e+01
3.538000e-05	-5.142910e-02	1.338984e+01
3.539000e-05	-3.549253e-02	1.355778e+01
3.540000e-05	-4.063588e-02	1.369655e+01
3.541000e-05	-4.864574e-02	1.381087e+01
3.542000e-05	-6.183201e-02	1.393768e+01
3.543000e-05	-5.386204e-02	1.409667e+01
3.544000e-05	-4.717293e-02	1.421290e+01
3.545000e-05	-5.279834e-02	1.431670e+01
3.546000e-05	-6.267185e-02	1.445292e+01
3.547000e-05	-6.631757e-02	1.458821e+01
3.548000e-05	-5.646979e-02	1.466297e+01
3.549000e-05	-6.209605e-02	1.472576e+01
3.550000e-05	-6.923602e-02	1.481034e+01
3.551000e-05	-7.837858e-02	1.488463e+01
3.552000e-05	-6.996477e-02	1.494778e+01
3.553000e-05	-7.165376e-02	1.498987e+01
3.554000e-05	-7.825062e-02	1.508508e+01
3.555000e-05	-9.027269e-02	1.516873e+01
3.556000e-05	-8.951370e-02	1.521184e+01
3.557000e-05	-8.347963e-02	1.525192e+01
3.558000e-05	-8.959084e-02	1.525455e+01
3.559000e-05	-9.915892e-02	1.535715e+01
3.560000e-05	-1.052868e-01	1.533871e+01
3.561000e-05	-1.015670e-01	1.539021e+01
3.562000e-05	-1.043983e-01	1.537034e+01
3.563000e-05	-1.136479e-01	1.541039e+01
3.564000e-05	-1.220345e-01	1.540134e+01
3.565000e-05	-1.224530e-01	1.541089e+01
3.566000e-05	-1.232317e-01	1.537184e+01
3.567000e-05	-1.332460e-01	1.541142e+01
3.568000e-05	-1.477132e-01	1.537934e+01
3.569000e-05	-1.553310e-01	1.536928e+01
3.570000e-05	-1.595778e-01	1.527813e+01
3.571000e-05	-1.720511e-01	1.528600e+01
3.572000e-05	-1.931529e-01	1.525652e+01
3.573000e-05	-2.157700e-01	1.525244e+01
3.574000e-05	-2.394624e-01	1.517884e+01
3.575000e-05	-2.497646e-01	1.510563e+01
3.576000e-05	-2.500000e-01	1.504355e+01
3.577000e-05	-2.500000e-01	1.498087e+01
3.578000e-05	-2.500000e-01	1.492575e+01
3.579000e-05	-2.500000e-01	1.488302e+01
3.580000e-05	-2.500000e-01	1.474879e+01
3.581000e-05	-2.500000e-01	1.466415e+01
3.582000e-05	-2.415737e-01	1.458939e+01
3.583000e-05	-2.075161e-01	1.451408e+01
3.584000e-05	-1.850539e-01	1.438146e+01
3.585000e-05	-1.657879e-01	1.431465e+01
3.586000e-05	-1.533722e-01	1.413931e+01
3.587000e-05	-1.346057e-01	1.401047e+01
3.588000e-05	-1.207469e-01	1.392420e+01
3.589000e-05	-1.105889e-01	1.377931e+01
3.590000e-05	-1.067507e-01	1.362147e+01
3.591000e-05	-9.689850e-02	1.349461e+01
3.592000e-05	-8.691602e-02	1.336826e+01
3.593000e-05	-7.992431e-02	1.322136e+01
3.594000e-05	-7.765250e-02	1.304105e+01
3.595000e-05	-7.486772e-02	1.291515e+01
3.596000e-05	-6.831074e-02	1.274628e+01
3.597000e-05	-6.197332e-02	1.259934e+01
3.598000e-05	-6.025689e-02	1.243141e+01
3.599000e-05	-6.051116e-02	1.222100e+01
3.600000e-05	-5.522578e-02	1.207355e+01
3.601000e-05	-5.075480e-02	1.188360e+01
3.602000e-05	-4.755787e-02	1.169472e+01
3.603000e-05	-5.004607e-02	1.149255e+01
3.604000e-05	-4.795240e-02	1.127212e+01
3.605000e-05	-4.352333e-02	1.108205e+01
3.606000e-05	-3.958908e-02	1.086363e+01
3.607000e-05	-4.085988e-02	1.070297e+01
3.608000e-05	-4.182022e-02	1.042167e+01
3.609000e-05	-3.838582e-02	1.025052e+01
3.610000e-05	-3.587243e-02	1.001999e+01
3.611000e-05	-3.472268e-02	9.829343e+00
3.612000e-05	-3.644322e-02	9.535338e+00
3.613000e-05	-3.379907e-02	9.346838e+00
3.614000e-05	-3.053456e-02	9.094778e+00
3.615000e-05	-2.838547e-02	8.862198e+00
3.616000e-05	-3.058421e-02	8.621524e+00
3.617000e-05	-3.002025e-02	8.389494e+00
3.618000e-05	-2.873321e-02	8.207467e+00
3.619000e-05	-2.632653e-02	7.936705e+00
3.620000e-05	-2.627853e-02	7.673153e+00
3.621000e-05	-2.754763e-02	7.377915e+00
3.622000e-05	-2.606187e-02	7.114307e+00
3.623000e-05	-2.328296e-02	6.862208e+00
3.624000e-05	-2.234578e-02	6.589441e+00
3.625000e-05	-2.446510e-02	6.347890e+00
3.626000e-05	-2.353365e-02	6.092761e+00
3.627000e-05	-2.167677e-02	5.830575e+00
3.628000e-05	-2.019889e-02	5.575863e+00
3.629000e-05	-2.025759e-02	5.262708e+00
3.630000e-05	-2.117872e-02	4.965866e+00
3.631000e-05	-1.976794e-02	4.651182e+00
3.632000e-05	-1.809185e-02	4.408548e+00
3.633000e-05	-1.880445e-02	4.133808e+00
3.634000e-05	-1.909597e-02	3.850150e+00
3.635000e-05	-1.886597e-02	3.558075e+00
3.636000e-05	-1.482299e-02	3.293685e+00
3.637000e-05	-1.564935e-02	3.047049e+00
3.638000e-05	-1.591686e-02	2.747891e+00
3.639000e-05	-1.857684e-02	2.428147e+00
3.640000e-05	-1.478317e-02	2.176467e+00
3.641000e-05	-1.383960e-02	1.901359e+00
3.642000e-05	-1.289970e-02	1.659526e+00
3.643000e-05	-1.424875e-02	1.313334e+00
3.644000e-05	-1.251081e-02	9.584949e-01
3.645000e-05	-1.142029e-02	6.817579e-01
3.646000e-05	-1.062281e-02	4.085750e-01
3.647000e-05	-9.815175e-03	1.433078e-01
3.648000e-05	-4.818723e-03	-1.688473e-01
3.649000e-05	5.656043e-03	-4.214526e-01
3.650000e-05	-1.831437e-03	-6.551692e-01
3.651000e-05	1.879559e-03	-9.598472e-01
3.652000e-05	-2.764312e-03	-1.241583e+00
3.653000e-05	2.080728e-03	-1.548870e+00
3.654000e-05	2.993087e-03	-1.750876e+00
3.655000e-05	3.580019e-02	-2.020975e+00
3.656000e-05	1.144202e-01	-2.317537e+00
3.657000e-05	2.412325e-02	-2.665560e+00
3.658000e-05	-4.242039e-02	-3.086112e+00
3.659000e-05	-1.439984e-02	-3.370844e+00
3.660000e-05	-4.617864e-02	-3.569320e+00
3.661000e-05	-7.612070e-02	-3.814451e+00
3.662000e-05	2.295458e-02	-4.001450e+00
3.663000e-05	1.008922e-01	-4.201399e+00
3.664000e-05	-1.219227e-01	-4.577691e+00
3.665000e-05	1.834121e-01	-4.789343e+00
3.666000e-05	-7.362619e-02	-5.055558e+00
3.667000e-05	1.485531e-02	-5.424076e+00
3.668000e-05	4.146866e-02	-5.653604e+00
3.669000e-05	-1.162358e-01	-5.950946e+00
3.670000e-05	1.672320e-01	-6.181873e+00
3.671000e-05	-7.958093e-02	-6.496505e+00
3.672000e-05	8.884167e-02	-6.758870e+00
3.673000e-05	-7.040324e-03	-7.033792e+00
3.674000e-05	-3.450395e-02	-7.359185e+00
3.675000e-05	8.412854e-02	-7.569188e+00
3.676000e-05	-8.375239e-02	-7.893504e+00
3.677000e-05	1.283340e-01	-8.118186e+00
3.678000e-05	-5.038868e-02	-8.319663e+00
3.679000e-05	6.665497e-02	-8.632495e+00
3.680000e-05	2.215207e-02	-8.844498e+00
3.681000e-05	-4.328921e-02	-9.105136e+00
3.682000e-05	7.066120e-02	-9.285657e+00
3.683000e-05	-4.530678e-02	-9.558687e+00
3.684000e-05	1.138711e-01	-9.759268e+00
3.685000e-05	-3.744157e-02	-9.950740e+00
3.686000e-05	7.883174e-02	-1.021435e+01
3.687000e-05	-1.690150e-02	-1.047392e+01
3.688000e-05	4.114221e-02	-1.063405e+01
3.689000e-05	2.446959e-02	-1.079193e+01
3.690000e-05	5.234208e-03	-1.100548e+01
3.691000e-05	5.609033e-02	-1.125447e+01
3.692000e-05	-8.854710e-04	-1.148555e+01
3.693000e-05	7.265848e-02	-1.169558e+01
3.694000e-05	-1.039108e-02	-1.188598e+01
3.695000e-05	6.327001e-02	-1.206705e+01
3.696000e-05	4.788309e-03	-1.224510e+01
3.697000e-05	6.597797e-02	-1.245350e+01
3.698000e-05	1.754503e-02	-1.260182e+01
3.699000e-05	4.192195e-02	-1.280976e+01
3.700000e-05	2.850628e-02	-1.293773e+01
3.701000e-05	4.115103e-02	-1.307458e+01
3.702000e-05	4.672086e-02	-1.324439e+01
3.703000e-05	3.508115e-02	-1.339129e+01
3.704000e-05	5.355193e-02	-1.353763e+01
3.705000e-05	3.735018e-02	-1.368508e+01
3.706000e-05	5.971073e-02	-1.380189e+01
3.707000e-05	3.390760e-02	-1.393081e+01
3.708000e-05	5.349603e-02	-1.406600e+01
3.709000e-05	4.135725e-02	-1.419034e+01
3.710000e-05	6.383997e-02	-1.430713e+01
3.711000e-05	5.179467e-02	-1.444350e+01
3.712000e-05	5.960102e-02	-1.456978e+01
3.713000e-05	5.485311e-02	-1.466242e+01
3.714000e-05	6.629534e-02	-1.471775e+01
3.715000e-05	6.549984e-02	-1.483339e+01
3.716000e-05	6.559898e-02	-1.490713e+01
3.717000e-05	6.787842e-02	-1.493981e+01
3.718000e-05	6.977030e-02	-1.500442e+01
3.719000e-05	7.660255e-02	-1.508700e+01
3.720000e-05	7.175603e-02	-1.515979e+01
3.721000e-05	7.848131e-02	-1.523194e+01
3.722000e-05	7.920726e-02	-1.526357e+01
3.723000e-05	9.270945e-02	-1.534675e+01
3.724000e-05	8.957620e-02	-1.532863e+01
3.725000e-05	9.328025e-02	-1.536931e+01
3.726000e-05	9.157744e-02	-1.537174e+01
3.727000e-05	1.008958e-01	-1.541290e+01
3.728000e-05	1.038039e-01	-1.547358e+01
3.729000e-05	1.076895e-01	-1.548400e+01
3.730000e-05	1.108018e-01	-1.544398e+01
3.731000e-05	1.189008e-01	-1.549602e+01
3.732000e-05	1.264685e-01	-1.545344e+01
3.733000e-05	1.299434e-01	-1.544405e+01
3.734000e-05	1.338135e-01	-1.542192e+01
3.735000e-05	1.443605e-01	-1.539042e+01
3.736000e-05	1.591902e-01	-1.534134e+01
3.737000e-05	1.729838e-01	-1.534773e+01
3.738000e-05	1.877375e-01	-1.529563e+01
3.739000e-05	2.095113e-01	-1.528447e+01
3.740000e-05	2.384448e-01	-1.521131e+01
3.741000e-05	2.499765e-01	-1.517873e+01
3.742000e-05	2.500000e-01	-1.510513e+01
3.743000e-05	2.500000e-01	-1.503087e+01
3.744000e-05	2.500000e-01	-1.495823e+01
3.745000e-05	2.500000e-01	-1.490550e+01
3.746000e-05	2.500000e-01	-1.479984e+01
3.747000e-05	2.476781e-01	-1.467510e+01
3.748000e-05	2.232387e-01	-1.462097e+01
3.749000e-05	1.969183e-01	-1.453623e+01
3.750000e-05	1.738606e-01	-1.442396e+01
3.751000e-05	1.524174e-01	-1.428618e+01
3.752000e-05	1.345095e-01	-1.416944e+01
3.753000e-05	1.210397e-01	-1.404357e+01
3.754000e-05	1.103160e-01	-1.389721e+01
3.755000e-05	9.907879e-02	-1.378089e+01
3.756000e-05	8.838862e-02	-1.365555e+01
3.757000e-05	8.257723e-02	-1.350613e+01
3.758000e-05	7.740650e-02	-1.339037e+01
3.759000e-05	7.125821e-02	-1.322994e+01
3.760000e-05	6.282617e-02	-1.307405e+01
3.761000e-05	5.760639e-02	-1.292776e+01
3.762000e-05	5.475938e-02	-1.278736e+01
3.763000e-05	5.323806e-02	-1.261097e+01
3.764000e-05	4.819776e-02	-1.243060e+01
3.765000e-05	4.322205e-02	-1.227297e+01
3.766000e-05	4.099698e-02	-1.208272e+01
3.767000e-05	3.950415e-02	-1.191248e+01
3.768000e-05	3.699033e-02	-1.164363e+01
3.769000e-05	3.305695e-02	-1.142305e+01
3.770000e-05	3.081800e-02	-1.122100e+01
3.771000e-05	3.042828e-02	-1.100044e+01
3.772000e-05	2.941409e-02	-1.082052e+01
3.773000e-05	2.731607e-02	-1.066210e+01
3.774000e-05	2.458792e-02	-1.044050e+01
3.775000e-05	2.377627e-02	-1.022149e+01
3.776000e-05	2.192621e-02	-9.978340e+00
3.777000e-05	2.163452e-02	-9.757891e+00
3.778000e-05	1.841294e-02	-9.537363e+00
3.779000e-05	1.853606e-02	-9.293882e+00
3.780000e-05	1.745535e-02	-9.103154e+00
3.781000e-05	1.759771e-02	-8.872674e+00
3.782000e-05	1.297707e-02	-8.620496e+00
3.783000e-05	1.236856e-02	-8.388339e+00
3.784000e-05	1.129166e-02	-8.125360e+00
3.785000e-05	1.328459e-02	-7.896128e+00
3.786000e-05	1.109619e-02	-7.609497e+00
3.787000e-05	9.482474e-03	-7.355837e+00
3.788000e-05	8.551844e-03	-7.115259e+00
3.789000e-05	8.319148e-03	-6.839575e+00
3.790000e-05	6.480013e-03	-6.578517e+00
3.791000e-05	5.228985e-03	-6.346838e+00
3.792000e-05	5.070134e-03	-6.062105e+00
3.793000e-05	4.837200e-03	-5.809470e+00
3.794000e-05	5.741945e-03	-5.535838e+00
3.795000e-05	2.799721e-03	-5.228525e+00
3.796000e-05	1.688312e-03	-4.903334e+00
3.797000e-05	1.122770e-03	-4.588995e+00
3.798000e-05	1.869555e-03	-4.397395e+00
3.799000e-05	1.212943e-03	-4.084286e+00
3.800000e-05	-7.833293e-04	-3.831576e+00
3.801000e-05	-1.936724e-03	-3.536866e+00
3.802000e-05	-2.150664e-03	-3.291762e+00
3.803000e-05	-1.785652e-03	-2.998043e+00
3.804000e-05	-3.971614e-03	-2.685312e+00
3.805000e-05	-2.746860e-03	-2.451126e+00
3.806000e-05	-3.438556e-03	-2.134310e+00
3.807000e-05	-2.003451e-03	-1.871729e+00
3.808000e-05	-4.748619e-03	-1.618570e+00
3.809000e-05	-6.374737e-03	-1.221102e+00
3.810000e-05	-8.581411e-03	-9.653698e-01
3.811000e-05	-6.605304e-03	-6.828365e-01
3.812000e-05	-7.611629e-03	-3.570198e-01
3.813000e-05	-4.582376e-03	-1.157332e-01
3.814000e-05	2.904941e-03	1.703198e-01
3.815000e-05	6.592940e-03	4.636066e-01
3.816000e-05	7.472125e-04	6.866658e-01
3.817000e-05	4.036409e-03	9.307709e-01
3.818000e-05	-3.164868e-03	1.252604e+00
3.819000e-05	1.413291e-04	1.559847e+00
3.820000e-05	1.784861e-04	1.863103e+00
3.821000e-05	2.357383e-02	2.053080e+00
3.822000e-05	8.459106e-02	2.307166e+00
3.823000e-05	5.557181e-02	2.675585e+00
3.824000e-05	-5.772702e-02	2.970872e+00
3.825000e-05	-2.582576e-02	3.235487e+00
3.826000e-05	-3.770072e-02	3.589925e+00
3.827000e-05	-4.438393e-02	3.810001e+00
3.828000e-05	-7.940779e-02	3.972946e+00
3.829000e-05	5.294989e-02	4.254581e+00
3.830000e-05	2.507068e-02	4.570367e+00
3.831000e-05	-6.322283e-02	4.768825e+00
3.832000e-05	1.437936e-01	5.117582e+00
3.833000e-05	-1.045100e-01	5.464480e+00
3.834000e-05	1.541828e-02	5.688561e+00
3.835000e-05	-1.309101e-02	5.979922e+00
3.836000e-05	-1.772902e-02	6.201475e+00
3.837000e-05	4.496570e-02	6.464584e+00
3.838000e-05	-6.436473e-02	6.809920e+00
3.839000e-05	2.921637e-02	6.991925e+00
3.840000e-05	-3.983826e-02	7.306639e+00
3.841000e-05	7.647586e-03	7.610368e+00
3.842000e-05	-3.198903e-02	7.835055e+00
3.843000e-05	-2.281857e-02	8.149288e+00
3.844000e-05	3.198533e-02	8.358866e+00
3.845000e-05	-3.332389e-02	8.590323e+00
3.846000e-05	8.860081e-03	8.800921e+00
3.847000e-05	-4.557589e-02	9.063476e+00
3.848000e-05	-2.664366e-02	9.274635e+00
3.849000e-05	-8.710955e-04	9.516132e+00
3.850000e-05	-1.539155e-02	9.738734e+00
3.851000e-05	-1.335243e-02	9.959843e+00
3.852000e-05	-3.575541e-02	1.018087e+01
3.853000e-05	1.654654e-03	1.041282e+01
3.854000e-05	-2.967812e-02	1.064039e+01
3.855000e-05	-2.346678e-02	1.084342e+01
3.856000e-05	-3.809124e-02	1.103240e+01
3.857000e-05	-2.337105e-02	1.123208e+01
3.858000e-05	-1.241315e-02	1.144342e+01
3.859000e-05	-3.062180e-02	1.170502e+01
3.860000e-05	-3.327233e-02	1.187243e+01
3.861000e-05	-4.017240e-02	1.206152e+01
3.862000e-05	-1.831956e-02	1.223239e+01
3.863000e-05	-2.953853e-02	1.242137e+01
3.864000e-05	-3.496737e-02	1.256076e+01
3.865000e-05	-4.697027e-02	1.274919e+01
3.866000e-05	-3.374930e-02	1.290548e+01
3.867000e-05	-3.234185e-02	1.301297e+01
3.868000e-05	-4.095445e-02	1.322536e+01
3.869000e-05	-4.855014e-02	1.336918e+01
3.870000e-05	-4.254518e-02	1.347512e+01
3.871000e-05	-3.628212e-02	1.365450e+01
3.872000e-05	-4.533044e-02	1.377834e+01
3.873000e-05	-5.727149e-02	1.389708e+01
3.874000e-05	-5.855541e-02	1.405339e+01
3.875000e-05	-5.013663e-02	1.417124e+01
3.876000e-05	-4.931069e-02	1.427615e+01
3.877000e-05	-5.868539e-02	1.443291e+01
3.878000e-05	-6.493491e-02	1.449673e+01
3.879000e-05	-6.009191e-02	1.463989e+01
3.880000e-05	-5.931444e-02	1.467715e+01
3.881000e-05	-6.567098e-02	1.480984e+01
3.882000e-05	-7.527422e-02	1.484453e+01
3.883000e-05	-7.421202e-02	1.492666e+01
3.884000e-05	-7.167010e-02	1.500039e+01
3.885000e-05	-7.581087e-02	1.502400e+01
3.886000e-05	-8.677138e-02	1.510713e+01
3.887000e-05	-9.200122e-02	1.515976e+01
3.888000e-05	-8.606165e-02	1.521439e+01
3.889000e-05	-8.594039e-02	1.526500e+01
3.890000e-05	-9.451420e-02	1.528665e+01
3.891000e-05	-1.029055e-01	1.534671e+01
3.892000e-05	-1.034105e-01	1.534876e+01
3.893000e-05	-1.037153e-01	1.535939e+01
3.894000e-05	-1.110755e-01	1.539142e+01
3.895000e-05	-1.207348e-01	1.543299e+01
3.896000e-05	-1.233669e-01	1.541142e+01
3.897000e-05	-1.224920e-01	1.538239e+01
3.898000e-05	-1.279480e-01	1.538939e+01
3.899000e-05	-1.412426e-01	1.541089e+01
3.900000e-05	-1.530513e-01	1.536774e+01
3.901000e-05	-1.575816e-01	1.537871e+01
3.902000e-05	-1.669715e-01	1.529615e+01
3.903000e-05	-1.848497e-01	1.527455e+01
3.904000e-05	-2.086085e-01	1.521192e+01
3.905000e-05	-2.300557e-01	1.522936e+01
3.906000e-05	-2.483039e-01	1.510868e+01
3.907000e-05	-2.500000e-01	1.508510e+01
3.908000e-05	-2.500000e-01	1.501092e+01
3.909000e-05	-2.500000e-01	1.494734e+01
3.910000e-05	-2.500000e-01	1.486413e+01
3.911000e-05	-2.500000e-01	1.479992e+01
3.912000e-05	-2.500000e-01	1.472571e+01
3.913000e-05	-2.483699e-01	1.465039e+01
3.914000e-05	-2.215210e-01	1.452970e+01
3.915000e-05	-1.922765e-01	1.444100e+01
3.916000e-05	-1.719306e-01	1.434818e+01
3.917000e-05	-1.580320e-01	1.417789e+01
3.918000e-05	-1.405461e-01	1.408600e+01
3.919000e-05	-1.255182e-01	1.395673e+01
3.920000e-05	-1.126229e-01	1.383142e+01
3.921000e-05	-1.085917e-01	1.369314e+01
3.922000e-05	-1.000325e-01	1.354676e+01
3.923000e-05	-9.058620e-02	1.339889e+01
3.924000e-05	-8.125659e-02	1.327310e+01
3.925000e-05	-7.860053e-02	1.309523e+01
3.926000e-05	-7.570798e-02	1.299886e+01
3.927000e-05	-7.102754e-02	1.278989e+01
3.928000e-05	-6.252276e-02	1.263053e+01
3.929000e-05	-6.061199e-02	1.247215e+01
3.930000e-05	-6.027188e-02	1.229575e+01
3.931000e-05	-5.824230e-02	1.213728e+01
3.932000e-05	-5.168034e-02	1.195726e+01
3.933000e-05	-4.853316e-02	1.177636e+01
3.934000e-05	-4.976956e-02	1.154578e+01
3.935000e-05	-4.967176e-02	1.133686e+01
3.936000e-05	-4.587358e-02	1.110673e+01
3.937000e-05	-3.940505e-02	1.092579e+01
3.938000e-05	-4.041389e-02	1.074728e+01
3.939000e-05	-4.142642e-02	1.054726e+01
3.940000e-05	-3.930504e-02	1.033365e+01
3.941000e-05	-3.575116e-02	1.010473e+01
3.942000e-05	-3.530240e-02	9.882598e+00
3.943000e-05	-3.594572e-02	9.661173e+00
3.944000e-05	-3.568803e-02	9.418420e+00
3.945000e-05	-3.200856e-02	9.160490e+00
3.946000e-05	-2.872853e-02	8.997893e+00
3.947000e-05	-3.019560e-02	8.724783e+00
3.948000e-05	-3.139102e-02	8.473207e+00
3.949000e-05	-2.855688e-02	8.282628e+00
3.950000e-05	-2.655752e-02	7.987020e+00
3.951000e-05	-2.570111e-02	7.776914e+00
3.952000e-05	-2.805237e-02	7.513675e+00
3.953000e-05	-2.654678e-02	7.239623e+00
3.954000e-05	-2.441235e-02	6.947863e+00
3.955000e-05	-2.176197e-02	6.714731e+00
3.956000e-05	-2.511674e-02	6.480049e+00
3.957000e-05	-2.421476e-02	6.198941e+00
3.958000e-05	-2.254717e-02	5.935363e+00
3.959000e-05	-1.965829e-02	5.671149e+00
3.960000e-05	-2.062225e-02	5.410496e+00
3.961000e-05	-2.123174e-02	5.083678e+00
3.962000e-05	-2.123584e-02	4.744912e+00
3.963000e-05	-1.872123e-02	4.514209e+00
3.964000e-05	-1.838957e-02	4.210594e+00
3.965000e-05	-2.033994e-02	3.935388e+00
3.966000e-05	-1.890155e-02	3.650132e+00
3.967000e-05	-1.602966e-02	3.418090e+00
3.968000e-05	-1.415356e-02	3.102808e+00
3.969000e-05	-1.617243e-02	2.862154e+00
3.970000e-05	-1.742748e-02	2.584315e+00
3.971000e-05	-1.596465e-02	2.231629e+00
3.972000e-05	-1.376889e-02	1.988970e+00
3.973000e-05	-1.348464e-02	1.693762e+00
3.974000e-05	-1.416384e-02	1.409046e+00
3.975000e-05	-1.290571e-02	1.104837e+00
3.976000e-05	-1.061772e-02	7.475210e-01
3.977000e-05	-1.054848e-02	4.842853e-01
3.978000e-05	-1.018572e-02	2.200227e-01
3.979000e-05	-8.419937e-03	-6.465778e-02
3.980000e-05	3.281697e-03	-3.393471e-01
3.981000e-05	1.087869e-03	-5.924211e-01
3.982000e-05	4.633170e-04	-8.761555e-01
3.983000e-05	-1.154012e-07	-1.129266e+00
3.984000e-05	-1.278046e-03	-1.476127e+00
3.985000e-05	2.561223e-03	-1.686236e+00
3.986000e-05	1.690198e-02	-1.918167e+00
3.987000e-05	8.790380e-02	-2.180865e+00
3.988000e-05	9.240667e-02	-2.528164e+00
3.989000e-05	-5.737152e-02	-2.948717e+00
3.990000e-05	-1.146724e-03	-3.285133e+00
3.991000e-05	-5.124017e-02	-3.528133e+00
3.992000e-05	-5.052243e-02	-3.696716e+00
3.993000e-05	-6.123087e-02	-3.979947e+00
3.994000e-05	1.513664e-01	-4.107689e+00
3.995000e-05	-1.028243e-01	-4.409876e+00
3.996000e-05	7.865144e-02	-4.676737e+00
3.997000e-05	5.472702e-02	-4.928087e+00
3.998000e-05	-1.090285e-01	-5.331241e+00
3.999000e-05	1.303760e-01	-5.580316e+00
4.000000e-05	-1.511231e-01	-5.835530e+00
4.001000e-05	1.067974e-01	-6.118187e+00
4.002000e-05	1.659882e-02	-6.380795e+00
4.003000e-05	-1.400595e-02	-6.705158e+00
4.004000e-05	9.709739e-02	-6.916114e+00
4.005000e-05	-1.008839e-01	-7.213955e+00
4.006000e-05	1.074442e-01	-7.474055e+00
4.007000e-05	-6.686032e-02	-7.749166e+00
4.008000e-05	6.157143e-02	-8.045055e+00
4.009000e-05	3.593350e-02	-8.233975e+00
4.010000e-05	-2.538806e-02	-8.498712e+00
4.011000e-05	1.067311e-01	-8.768366e+00
4.012000e-05	-8.453695e-02	-9.002495e+00
4.013000e-05	8.063246e-02	-9.221977e+00
4.014000e-05	-4.128414e-02	-9.434399e+00
4.015000e-05	7.775497e-02	-9.686111e+00
4.016000e-05	1.723532e-02	-9.876577e+00
4.017000e-05	1.823516e-02	-1.013913e+01
4.018000e-05	4.747100e-02	-1.034766e+01
4.019000e-05	-1.870823e-02	-1.058084e+01
4.020000e-05	7.579157e-02	-1.076929e+01
4.021000e-05	-3.166309e-02	-1.095079e+01
4.022000e-05	7.483935e-02	-1.118979e+01
4.023000e-05	-1.092198e-02	-1.140234e+01
4.024000e-05	6.950010e-02	-1.161274e+01
4.025000e-05	5.463338e-03	-1.180287e+01
4.026000e-05	4.031466e-02	-1.202297e+01
4.027000e-05	2.626259e-02	-1.218979e+01
4.028000e-05	3.834754e-02	-1.240032e+01
4.029000e-05	4.912906e-02	-1.254771e+01
4.030000e-05	1.673953e-02	-1.274863e+01
4.031000e-05	4.751674e-02	-1.288458e+01
4.032000e-05	2.021653e-02	-1.304337e+01
4.033000e-05	6.112704e-02	-1.318926e+01
4.034000e-05	2.513820e-02	-1.333926e+01
4.035000e-05	5.879880e-02	-1.348458e+01
4.036000e-05	3.385253e-02	-1.362347e+01
4.037000e-05	6.041953e-02	-1.376826e+01
4.038000e-05	3.794991e-02	-1.388665e+01
4.039000e-05	4.749720e-02	-1.403387e+01
4.040000e-05	4.302918e-02	-1.416026e+01
4.041000e-05	5.815902e-02	-1.428350e+01
4.042000e-05	5.861418e-02	-1.440244e+01
4.043000e-05	5.614604e-02	-1.452658e+01
4.044000e-05	5.752486e-02	-1.460034e+01
4.045000e-05	5.887789e-02	-1.466605e+01
4.046000e-05	6.970261e-02	-1.480127e+01
4.047000e-05	6.175987e-02	-1.486665e+01
4.048000e-05	6.923838e-02	-1.493931e+01
4.049000e-05	6.557376e-02	-1.501239e+01
4.050000e-05	7.887959e-02	-1.513555e+01
4.051000e-05	7.122381e-02	-1.515076e+01
4.052000e-05	7.808834e-02	-1.521141e+01
4.053000e-05	7.624613e-02	-1.528347e+01
4.054000e-05	9.028649e-02	-1.532658e+01
4.055000e-05	9.192282e-02	-1.534666e+01
4.056000e-05	9.114568e-02	-1.538831e+01
4.057000e-05	9.143013e-02	-1.537087e+01
4.058000e-05	9.451274e-02	-1.540347e+01
4.059000e-05	1.052233e-01	-1.544205e+01
4.060000e-05	1.050177e-01	-1.548455e+01
4.061000e-05	1.114300e-01	-1.543400e+01
4.062000e-05	1.147253e-01	-1.544608e+01
4.063000e-05	1.265360e-01	-1.543402e+01
4.064000e-05	1.280772e-01	-1.542197e+01
4.065000e-05	1.326629e-01	-1.544250e+01
4.066000e-05	1.389812e-01	-1.543244e+01
4.067000e-05	1.531506e-01	-1.539139e+01
4.068000e-05	1.678138e-01	-1.536931e+01
4.069000e-05	1.818833e-01	-1.532726e+01
4.070000e-05	2.006109e-01	-1.527353e+01
4.071000e-05	2.278069e-01	-1.525242e+01
4.072000e-05	2.489754e-01	-1.517881e+01
4.073000e-05	2.500000e-01	-1.511623e+01
4.074000e-05	2.500000e-01	-1.507342e+01
4.075000e-05	2.500000e-01	-1.499084e+01
4.076000e-05	2.500000e-01	-1.491663e+01
4.077000e-05	2.500000e-01	-1.484147e+01
4.078000e-05	2.499600e-01	-1.473881e+01
4.079000e-05	2.330638e-01	-1.463305e+01
4.080000e-05	2.063996e-01	-1.455829e+01
4.081000e-05	1.825840e-01	-1.446552e+01
4.082000e-05	1.605732e-01	-1.437911e+01
4.083000e-05	1.395109e-01	-1.422345e+01
4.084000e-05	1.256158e-01	-1.409470e+01
4.085000e-05	1.143228e-01	-1.398089e+01
4.086000e-05	1.036310e-01	-1.383250e+01
4.087000e-05	9.169208e-02	-1.374565e+01
4.088000e-05	8.373611e-02	-1.362738e+01
4.089000e-05	7.915308e-02	-1.341152e+01
4.090000e-05	7.431155e-02	-1.323420e+01
4.091000e-05	6.559028e-02	-1.312626e+01
4.092000e-05	5.973132e-02	-1.299941e+01
4.093000e-05	5.650483e-02	-1.283200e+01
4.094000e-05	5.457220e-02	-1.267420e+01
4.095000e-05	5.134828e-02	-1.250563e+01
4.096000e-05	4.417479e-02	-1.233768e+01
4.097000e-05	4.158360e-02	-1.215926e+01
4.098000e-05	3.995135e-02	-1.194736e+01
4.099000e-05	3.874673e-02	-1.175833e+01
4.100000e-05	3.438646e-02	-1.153526e+01
4.101000e-05	3.141072e-02	-1.130571e+01
4.102000e-05	3.056455e-02	-1.111420e+01
4.103000e-05	3.055029e-02	-1.090478e+01
4.104000e-05	2.817690e-02	-1.069523e+01
4.105000e-05	2.405429e-02	-1.052576e+01
4.106000e-05	2.255396e-02	-1.027465e+01
4.107000e-05	2.333108e-02	-1.007162e+01
4.108000e-05	2.276270e-02	-9.863024e+00
4.109000e-05	1.942630e-02	-9.622550e+00
4.110000e-05	1.820038e-02	-9.390371e+00
4.111000e-05	1.823390e-02	-9.186990e+00
4.112000e-05	1.812247e-02	-8.967313e+00
4.113000e-05	1.492154e-02	-8.745233e+00
4.114000e-05	1.237442e-02	-8.480673e+00
4.115000e-05	1.181288e-02	-8.231526e+00
4.116000e-05	1.343300e-02	-7.999565e+00
4.117000e-05	1.183286e-02	-7.734780e+00
4.118000e-05	9.614622e-03	-7.461121e+00
4.119000e-05	8.223539e-03	-7.218094e+00
4.120000e-05	8.280003e-03	-6.915863e+00
4.121000e-05	9.048579e-03	-6.671655e+00
4.122000e-05	6.036601e-03	-6.420598e+00
4.123000e-05	5.300803e-03	-6.155887e+00
4.124000e-05	4.607759e-03	-5.883177e+00
4.125000e-05	4.885382e-03	-5.610121e+00
4.126000e-05	3.689028e-03	-5.314833e+00
4.127000e-05	1.830299e-03	-5.029070e+00
4.128000e-05	1.810116e-03	-4.692234e+00
4.129000e-05	3.130137e-03	-4.420103e+00
4.130000e-05	2.652077e-03	-4.249570e+00
4.131000e-05	6.994850e-04	-3.924937e+00
4.132000e-05	-2.513803e-03	-3.660100e+00
4.133000e-05	-2.469481e-03	-3.367995e+00
4.134000e-05	-3.906179e-03	-3.114859e+00
4.135000e-05	-2.116324e-03	-2.807600e+00
4.136000e-05	-3.668237e-03	-2.555362e+00
4.137000e-05	-2.506358e-03	-2.242206e+00
4.138000e-05	-2.612773e-03	-1.967893e+00
4.139000e-05	-3.856781e-03	-1.713683e+00
4.140000e-05	-5.889409e-03	-1.376945e+00
4.141000e-05	-7.152323e-03	-1.062205e+00
4.142000e-05	-6.816601e-03	-7.900449e-01
4.143000e-05	-5.806860e-03	-4.921816e-01
4.144000e-05	-5.978993e-03	-2.085726e-01
4.145000e-05	-2.281606e-03	7.260521e-02
4.146000e-05	6.865978e-03	3.493724e-01
4.147000e-05	-1.481166e-03	6.114475e-01
4.148000e-05	5.432107e-03	8.615790e-01
4.149000e-05	-1.938700e-03	1.177871e+00
4.150000e-05	1.644727e-03	1.423555e+00
4.151000e-05	-3.095258e-03	1.787921e+00
4.152000e-05	1.457122e-02	1.969419e+00
4.153000e-05	5.521623e-02	2.222074e+00
4.154000e-05	9.685805e-02	2.537718e+00
4.155000e-05	-4.007241e-02	2.905185e+00
4.156000e-05	-3.226186e-02	3.169318e+00
4.157000e-05	-3.867741e-02	3.475084e+00
4.158000e-05	-2.992610e-02	3.736761e+00
4.159000e-05	-8.204702e-02	3.927263e+00
4.160000e-05	-4.016953e-03	4.157766e+00
4.161000e-05	8.364641e-02	4.453560e+00
4.162000e-05	-8.833676e-02	4.736709e+00
4.163000e-05	1.095884e-01	4.941269e+00
4.164000e-05	-1.333803e-02	5.348239e+00
4.165000e-05	-6.717378e-02	5.580917e+00
4.166000e-05	3.918037e-02	5.916104e+00
4.167000e-05	-5.537468e-02	6.098240e+00
4.168000e-05	5.908508e-02	6.369821e+00
4.169000e-05	-4.109740e-02	6.716008e+00
4.170000e-05	-5.651393e-03	6.937788e+00
4.171000e-05	8.559236e-04	7.181422e+00
4.172000e-05	-3.154417e-02	7.525579e+00
4.173000e-05	8.687713e-03	7.729321e+00
4.174000e-05	-6.035841e-02	8.083499e+00
4.175000e-05	3.953172e-02	8.285182e+00
4.176000e-05	-1.931861e-02	8.488183e+00
4.177000e-05	-7.511781e-03	8.696656e+00
4.178000e-05	-1.341184e-02	8.951714e+00
4.179000e-05	-5.554054e-02	9.221371e+00
4.180000e-05	1.301578e-02	9.423423e+00
4.181000e-05	-2.787253e-02	9.654978e+00
4.182000e-05	3.354682e-03	9.897155e+00
4.183000e-05	-4.549374e-02	1.014726e+01
4.184000e-05	-1.522925e-04	1.030661e+01
4.185000e-05	-2.092717e-02	1.052071e+01
4.186000e-05	-2.849659e-02	1.073879e+01
4.187000e-05	-2.767410e-02	1.094879e+01
4.188000e-05	-3.800070e-02	1.110124e+01
4.189000e-05	-3.415950e-03	1.136071e+01
4.190000e-05	-3.128961e-02	1.159936e+01
4.191000e-05	-2.389710e-02	1.179131e+01
4.192000e-05	-4.636741e-02	1.194881e+01
4.193000e-05	-2.129929e-02	1.213021e+01
4.194000e-05	-2.970440e-02	1.234961e+01
4.195000e-05	-3.402284e-02	1.252716e+01
4.196000e-05	-4.543267e-02	1.263398e+01
4.197000e-05	-3.945225e-02	1.284289e+01
4.198000e-05	-2.634515e-02	1.299029e+01
4.199000e-05	-3.839342e-02	1.314821e+01
4.200000e-05	-4.294727e-02	1.330510e+01
4.201000e-05	-4.929377e-02	1.343192e+01
4.202000e-05	-3.464071e-02	1.358887e+01
4.203000e-05	-4.545297e-02	1.371768e+01
4.204000e-05	-5.400105e-02	1.383447e+01
4.205000e-05	-6.211792e-02	1.398034e+01
4.206000e-05	-5.017393e-02	1.415764e+01
4.207000e-05	-4.608959e-02	1.424550e+01
4.208000e-05	-5.381909e-02	1.436891e+01
4.209000e-05	-6.389803e-02	1.449460e+01
4.210000e-05	-6.360701e-02	1.457889e+01
4.211000e-05	-5.853591e-02	1.466548e+01
4.212000e-05	-6.581201e-02	1.474916e+01
4.213000e-05	-7.364833e-02	1.479497e+01
4.214000e-05	-7.624279e-02	1.490618e+01
4.215000e-05	-6.946677e-02	1.497926e+01
4.216000e-05	-7.179263e-02	1.502192e+01
4.217000e-05	-8.297754e-02	1.507703e+01
4.218000e-05	-9.128765e-02	1.515924e+01
4.219000e-05	-8.864032e-02	1.521036e+01
4.220000e-05	-8.516549e-02	1.524297e+01
4.221000e-05	-9.191487e-02	1.529455e+01
4.222000e-05	-1.012770e-01	1.534773e+01
4.223000e-05	-1.041702e-01	1.536826e+01
4.224000e-05	-1.022273e-01	1.536071e+01
4.225000e-05	-1.067328e-01	1.537841e+01
4.226000e-05	-1.173572e-01	1.541041e+01
4.227000e-05	-1.227988e-01	1.540087e+01
4.228000e-05	-1.226137e-01	1.542182e+01
4.229000e-05	-1.247149e-01	1.537984e+01
4.230000e-05	-1.380565e-01	1.540031e+01
4.231000e-05	-1.492377e-01	1.539981e+01
4.232000e-05	-1.555572e-01	1.534876e+01
4.233000e-05	-1.625268e-01	1.531571e+01
4.234000e-05	-1.771089e-01	1.529603e+01
4.235000e-05	-2.000886e-01	1.524342e+01
4.236000e-05	-2.215898e-01	1.517031e+01
4.237000e-05	-2.438940e-01	1.515676e+01
4.238000e-05	-2.499812e-01	1.512458e+01
4.239000e-05	-2.500000e-01	1.503097e+01
4.240000e-05	-2.500000e-01	1.497879e+01
4.241000e-05	-2.500000e-01	1.490415e+01
4.242000e-05	-2.500000e-01	1.481244e+01
4.243000e-05	-2.500000e-01	1.477679e+01
4.244000e-05	-2.499850e-01	1.467350e+01
4.245000e-05	-2.331912e-01	1.460684e+01
4.246000e-05	-2.025109e-01	1.450357e+01
4.247000e-05	-1.765659e-01	1.436776e+01
4.248000e-05	-1.626510e-01	1.427247e+01
4.249000e-05	-1.458094e-01	1.412673e+01
4.250000e-05	-1.301480e-01	1.396981e+01
4.251000e-05	-1.170772e-01	1.389405e+01
4.252000e-05	-1.114113e-01	1.373678e+01
4.253000e-05	-1.058311e-01	1.362036e+01
4.254000e-05	-9.538908e-02	1.347455e+01
4.255000e-05	-8.235140e-02	1.330620e+01
4.256000e-05	-7.825384e-02	1.315778e+01
4.257000e-05	-7.595658e-02	1.301092e+01
4.258000e-05	-7.219944e-02	1.287304e+01
4.259000e-05	-6.533862e-02	1.270315e+01
4.260000e-05	-6.113489e-02	1.255679e+01
4.261000e-05	-6.159509e-02	1.236788e+01
4.262000e-05	-6.030602e-02	1.218887e+01
4.263000e-05	-5.578989e-02	1.206134e+01
4.264000e-05	-4.838340e-02	1.184040e+01
4.265000e-05	-4.812648e-02	1.165057e+01
4.266000e-05	-4.904692e-02	1.138841e+01
4.267000e-05	-4.646025e-02	1.118892e+01
4.268000e-05	-4.140646e-02	1.099989e+01
4.269000e-05	-4.047718e-02	1.080997e+01
4.270000e-05	-4.156659e-02	1.059995e+01
4.271000e-05	-4.291048e-02	1.039794e+01
4.272000e-05	-3.662329e-02	1.015834e+01
4.273000e-05	-3.545033e-02	9.955832e+00
4.274000e-05	-3.475376e-02	9.734756e+00
4.275000e-05	-3.754775e-02	9.504150e+00
4.276000e-05	-3.220952e-02	9.262125e+00
4.277000e-05	-3.048353e-02	9.060496e+00
4.278000e-05	-2.822017e-02	8.777516e+00
4.279000e-05	-3.256925e-02	8.577369e+00
4.280000e-05	-3.034517e-02	8.356839e+00
4.281000e-05	-2.910932e-02	8.073728e+00
4.282000e-05	-2.543999e-02	7.820624e+00
4.283000e-05	-2.743074e-02	7.578992e+00
4.284000e-05	-2.722552e-02	7.343281e+00
4.285000e-05	-2.494959e-02	7.040598e+00
4.286000e-05	-2.267597e-02	6.820119e+00
4.287000e-05	-2.314694e-02	6.545338e+00
4.288000e-05	-2.458336e-02	6.241130e+00
4.289000e-05	-2.385534e-02	6.039125e+00
4.290000e-05	-2.124937e-02	5.717889e+00
4.291000e-05	-2.041485e-02	5.483183e+00
4.292000e-05	-2.139566e-02	5.187996e+00
4.293000e-05	-2.166190e-02	4.870549e+00
4.294000e-05	-1.977621e-02	4.608518e+00
4.295000e-05	-1.819920e-02	4.316261e+00
4.296000e-05	-1.920905e-02	4.049072e+00
4.297000e-05	-1.907221e-02	3.765441e+00
4.298000e-05	-1.684584e-02	3.524258e+00
4.299000e-05	-1.576243e-02	3.209017e+00
4.300000e-05	-1.540389e-02	2.936336e+00
4.301000e-05	-1.779692e-02	2.672208e+00
4.302000e-05	-1.724188e-02	2.375915e+00
4.303000e-05	-1.451566e-02	2.093233e+00
4.304000e-05	-1.251012e-02	1.820071e+00
4.305000e-05	-1.287571e-02	1.493364e+00
4.306000e-05	-1.311766e-02	1.219151e+00
4.307000e-05	-1.247462e-02	9.006828e-01
4.308000e-05	-1.105284e-02	5.695699e-01
4.309000e-05	-1.122324e-02	3.258184e-01
4.310000e-05	-9.961619e-03	4.012131e-02
4.311000e-05	-2.662154e-03	-2.450028e-01
4.312000e-05	7.169217e-03	-4.856116e-01
4.313000e-05	-2.042065e-03	-8.209537e-01
4.314000e-05	4.051976e-03	-1.044530e+00
4.315000e-05	-3.985123e-03	-1.358191e+00
4.316000e-05	1.875595e-03	-1.622079e+00
4.317000e-05	6.001666e-03	-1.863133e+00
4.318000e-05	5.351298e-02	-2.053605e+00
4.319000e-05	1.191579e-01	-2.401925e+00
4.320000e-05	-2.381905e-02	-2.760871e+00
4.321000e-05	-1.843265e-02	-3.211370e+00
4.322000e-05	-2.960173e-02	-3.414085e+00
4.323000e-05	-4.015954e-02	-3.611981e+00
4.324000e-05	-8.773704e-02	-3.906556e+00
4.325000e-05	9.856981e-02	-4.053632e+00
4.326000e-05	1.135423e-02	-4.316611e+00
4.327000e-05	-6.057798e-02	-4.613874e+00
4.328000e-05	1.670756e-01	-4.843029e+00
4.329000e-05	-1.400079e-01	-5.172325e+00
4.330000e-05	1.029679e-01	-5.517785e+00
4.331000e-05	-6.008718e-02	-5.747663e+00
4.332000e-05	-2.408745e-02	-6.015501e+00
4.333000e-05	1.266432e-01	-6.295027e+00
4.334000e-05	-8.777834e-02	-6.541420e+00
4.335000e-05	1.308232e-01	-6.823104e+00
4.336000e-05	-7.662217e-02	-7.098057e+00
4.337000e-05	4.190290e-02	-7.402425e+00
4.338000e-05	1.836816e-02	-7.612875e+00
4.339000e-05	-3.805399e-02	-8.000816e+00
4.340000e-05	1.161285e-01	-8.139843e+00
4.341000e-05	-7.380174e-02	-8.401898e+00
4.342000e-05	1.172602e-01	-8.676576e+00
4.343000e-05	-4.419520e-02	-8.906159e+00
4.344000e-05	2.222635e-02	-9.149787e+00
4.345000e-05	2.088991e-02	-9.369239e+00
4.346000e-05	-2.503561e-03	-9.612021e+00
4.347000e-05	8.673336e-02	-9.822921e+00
4.348000e-05	-3.626350e-02	-1.003498e+01
4.349000e-05	8.829679e-02	-1.027398e+01
4.350000e-05	-4.041376e-02	-1.050761e+01
4.351000e-05	7.858960e-02	-1.068611e+01
4.352000e-05	-1.422816e-02	-1.089561e+01
4.353000e-05	4.551714e-02	-1.113613e+01
4.354000e-05	2.138346e-02	-1.129658e+01
4.355000e-05	2.860975e-02	-1.151874e+01
4.356000e-05	4.727059e-02	-1.170821e+01
4.357000e-05	3.609093e-03	-1.199926e+01
4.358000e-05	5.608355e-02	-1.211866e+01
4.359000e-05	9.670949e-03	-1.231768e+01
4.360000e-05	7.025767e-02	-1.248558e+01
4.361000e-05	7.876723e-03	-1.264503e+01
4.362000e-05	5.344025e-02	-1.284192e+01
4.363000e-05	1.754290e-02	-1.295123e+01
4.364000e-05	5.660674e-02	-1.311821e+01
4.365000e-05	3.310241e-02	-1.326508e+01
4.366000e-05	4.731262e-02	-1.340235e+01
4.367000e-05	4.201459e-02	-1.358874e+01
4.368000e-05	4.690370e-02	-1.373771e+01
4.369000e-05	5.198153e-02	-1.384497e+01
4.370000e-05	3.974732e-02	-1.401027e+01
4.371000e-05	5.142900e-02	-1.409765e+01
4.372000e-05	4.715906e-02	-1.427197e+01
4.373000e-05	6.514089e-02	-1.435071e+01
4.374000e-05	5.099281e-02	-1.449360e+01
4.375000e-05	5.996736e-02	-1.458981e+01
4.376000e-05	5.275998e-02	-1.462553e+01
4.377000e-05	6.990638e-02	-1.472923e+01
4.378000e-05	6.370690e-02	-1.484280e+01
4.379000e-05	6.993294e-02	-1.492765e+01
4.380000e-05	6.654826e-02	-1.501287e+01
4.381000e-05	7.502316e-02	-1.503448e+01
4.382000e-05	7.438415e-02	-1.515908e+01
4.383000e-05	7.443261e-02	-1.521076e+01
4.384000e-05	7.704151e-02	-1.526247e+01
4.385000e-05	8.279144e-02	-1.530513e+01
4.386000e-05	9.307225e-02	-1.529670e+01
4.387000e-05	9.062446e-02	-1.536032e+01
4.388000e-05	9.374947e-02	-1.540976e+01
4.389000e-05	9.196171e-02	-1.541239e+01
4.390000e-05	1.032438e-01	-1.543344e+01
4.391000e-05	1.031143e-01	-1.542250e+01
4.392000e-05	1.100534e-01	-1.548405e+01
4.393000e-05	1.120208e-01	-1.547315e+01
4.394000e-05	1.213410e-01	-1.546360e+01
4.395000e-05	1.267051e-01	-1.543352e+01
4.396000e-05	1.311490e-01	-1.544392e+01
4.397000e-05	1.361011e-01	-1.540292e+01
4.398000e-05	1.468817e-01	-1.538141e+01
4.399000e-05	1.627436e-01	-1.539934e+01
4.400000e-05	1.772347e-01	-1.534821e+01
4.401000e-05	1.938315e-01	-1.532465e+01
4.402000e-05	2.162615e-01	-1.526102e+01
4.403000e-05	2.444235e-01	-1.522933e+01
4.404000e-05	2.499987e-01	-1.516818e+01
4.405000e-05	2.500000e-01	-1.508458e+01
4.406000e-05	2.500000e-01	-1.499994e+01
4.407000e-05	2.500000e-01	-1.493776e+01
4.408000e-05	2.500000e-01	-1.486290e+01
4.409000e-05	2.500000e-01	-1.475731e+01
4.410000e-05	2.429909e-01	-1.472408e+01
4.411000e-05	2.138285e-01	-1.456932e+01
4.412000e-05	1.900467e-01	-1.451568e+01
4.413000e-05	1.670920e-01	-1.441836e+01
4.414000e-05	1.483213e-01	-1.429150e+01
4.415000e-05	1.294978e-01	-1.414676e+01
4.416000e-05	1.187117e-01	-1.405242e+01
4.417000e-05	1.064837e-01	-1.388563e+01
4.418000e-05	9.627192e-02	-1.379729e+01
4.419000e-05	8.688241e-02	-1.361998e+01
4.420000e-05	8.029025e-02	-1.350360e+01
4.421000e-05	7.506949e-02	-1.332731e+01
4.422000e-05	6.972206e-02	-1.321094e+01
4.423000e-05	6.144278e-02	-1.303107e+01
4.424000e-05	5.683291e-02	-1.289670e+01
4.425000e-05	5.398106e-02	-1.274518e+01
4.426000e-05	5.150953e-02	-1.259829e+01
4.427000e-05	4.851894e-02	-1.237941e+01
4.428000e-05	4.318304e-02	-1.217894e+01
4.429000e-05	4.128263e-02	-1.205202e+01
4.430000e-05	3.765670e-02	-1.184242e+01
4.431000e-05	3.506016e-02	-1.161104e+01
4.432000e-05	3.293564e-02	-1.142989e+01
4.433000e-05	3.151958e-02	-1.117839e+01
4.434000e-05	3.097037e-02	-1.093834e+01
4.435000e-05	2.926411e-02	-1.077937e+01
4.436000e-05	2.697644e-02	-1.057942e+01
4.437000e-05	2.341960e-02	-1.037889e+01
4.438000e-05	2.347789e-02	-1.017681e+01
4.439000e-05	2.092600e-02	-9.935282e+00
4.440000e-05	2.017233e-02	-9.684258e+00
4.441000e-05	1.814563e-02	-9.504677e+00
4.442000e-05	1.831197e-02	-9.251073e+00
4.443000e-05	1.781926e-02	-9.031046e+00
4.444000e-05	1.695421e-02	-8.790043e+00
4.445000e-05	1.406026e-02	-8.596813e+00
4.446000e-05	1.332221e-02	-8.293681e+00
4.447000e-05	1.241166e-02	-8.074182e+00
4.448000e-05	1.193201e-02	-7.828969e+00
4.449000e-05	9.277321e-03	-7.524866e+00
4.450000e-05	9.134441e-03	-7.294257e+00
4.451000e-05	8.079196e-03	-7.017570e+00
4.452000e-05	8.980789e-03	-6.757366e+00
4.453000e-05	7.329438e-03	-6.535209e+00
4.454000e-05	6.069120e-03	-6.243178e+00
4.455000e-05	5.461218e-03	-5.987917e+00
4.456000e-05	4.382415e-03	-5.745237e+00
4.457000e-05	4.266440e-03	-5.419624e+00
4.458000e-05	1.776348e-03	-5.115812e+00
4.459000e-05	1.127825e-03	-4.820999e+00
4.460000e-05	1.923311e-03	-4.505311e+00
4.461000e-05	2.176936e-03	-4.293213e+00
4.462000e-05	1.510239e-03	-4.012574e+00
4.463000e-05	-6.507072e-04	-3.734835e+00
4.464000e-05	-1.219043e-03	-3.493708e+00
4.465000e-05	-4.010199e-03	-3.167076e+00
4.466000e-05	-1.757781e-03	-2.922236e+00
4.467000e-05	-3.434323e-03	-2.651174e+00
4.468000e-05	-2.861508e-03	-2.347445e+00
4.469000e-05	-4.048201e-03	-2.031629e+00
4.470000e-05	-3.101382e-03	-1.807022e+00
4.471000e-05	-5.658511e-03	-1.536862e+00
4.472000e-05	-6.056775e-03	-1.166947e+00
4.473000e-05	-7.599347e-03	-8.727842e-01
4.474000e-05	-5.683332e-03	-5.775214e-01
4.475000e-05	-5.964494e-03	-2.723394e-01
4.476000e-05	-4.463253e-03	-2.113275e-02
4.477000e-05	4.433235e-03	2.445803e-01
4.478000e-05	1.972176e-03	5.356634e-01
4.479000e-05	2.958436e-03	7.693685e-01
4.480000e-05	1.599839e-03	1.064600e+00
4.481000e-05	-1.177890e-03	1.337768e+00
4.482000e-05	-1.116350e-03	1.685083e+00
4.483000e-05	6.165316e-03	1.887289e+00
4.484000e-05	3.486187e-02	2.117691e+00
4.485000e-05	1.006656e-01	2.390977e+00
4.486000e-05	1.016456e-02	2.770849e+00
4.487000e-05	-5.193335e-02	3.036058e+00
4.488000e-05	-3.027571e-02	3.338789e+00
4.489000e-05	-3.251917e-02	3.612605e+00
4.490000e-05	-6.210832e-02	3.825106e+00
4.491000e-05	-5.776213e-02	4.023005e+00
4.492000e-05	8.609802e-02	4.348763e+00
4.493000e-05	-3.568713e-02	4.653028e+00
4.494000e-05	8.901781e-03	4.865628e+00
4.495000e-05	9.705165e-02	5.172301e+00
4.496000e-05	-1.190617e-01	5.535612e+00
4.497000e-05	4.940526e-02	5.780744e+00
4.498000e-05	-4.834881e-02	6.062608e+00
4.499000e-05	2.315420e-02	6.303532e+00
4.500000e-05	1.019315e-02	6.570343e+00
4.501000e-05	-4.941518e-02	6.875530e+00
4.502000e-05	3.327987e-02	7.115580e+00
4.503000e-05	-5.081580e-02	7.411316e+00
4.504000e-05	2.320402e-02	7.642952e+00
4.505000e-05	-5.866873e-02	7.928184e+00
4.506000e-05	1.249216e-02	8.193423e+00
4.507000e-05	9.640625e-03	8.424075e+00
4.508000e-05	-2.810158e-02	8.621923e+00
4.509000e-05	8.040196e-03	8.855534e+00
4.510000e-05	-6.016176e-02	9.117183e+00
4.511000e-05	1.185565e-04	9.337761e+00
4.512000e-05	-1.697189e-02	9.558747e+00
4.513000e-05	-1.754146e-03	9.781366e+00
4.514000e-05	-3.169912e-02	1.006297e+01
4.515000e-05	-1.882619e-02	1.022390e+01
4.516000e-05	-6.747042e-03	1.046403e+01
4.517000e-05	-3.167641e-02	1.063405e+01
4.518000e-05	-2.270814e-02	1.089655e+01
4.519000e-05	-4.098329e-02	1.106503e+01
4.520000e-05	-1.108989e-02	1.126461e+01
4.521000e-05	-2.409910e-02	1.150663e+01
4.522000e-05	-2.607190e-02	1.175660e+01
4.523000e-05	-4.244559e-02	1.184560e+01
4.524000e-05	-2.849994e-02	1.211555e+01
4.525000e-05	-2.264009e-02	1.224300e+01
4.526000e-05	-2.897036e-02	1.243255e+01
4.527000e-05	-4.151990e-02	1.259189e+01
4.528000e-05	-4.362800e-02	1.275077e+01
4.529000e-05	-3.144640e-02	1.293771e+01
4.530000e-05	-3.626689e-02	1.307400e+01
4.531000e-05	-4.271746e-02	1.325250e+01
4.532000e-05	-5.008332e-02	1.340924e+01
4.533000e-05	-3.649916e-02	1.348725e+01
4.534000e-05	-3.981585e-02	1.368498e+01
4.535000e-05	-4.720042e-02	1.379134e+01
4.536000e-05	-6.168329e-02	1.390766e+01
4.537000e-05	-5.544535e-02	1.405409e+01
4.538000e-05	-4.865455e-02	1.423134e+01
4.539000e-05	-5.196127e-02	1.430920e+01
4.540000e-05	-6.174353e-02	1.443297e+01
4.541000e-05	-6.521899e-02	1.454863e+01
4.542000e-05	-5.735773e-02	1.466255e+01
4.543000e-05	-6.216453e-02	1.472621e+01
4.544000e-05	-6.814128e-02	1.481239e+01
4.545000e-05	-7.784090e-02	1.489368e+01
4.546000e-05	-7.076526e-02	1.494724e+01
4.547000e-05	-7.182623e-02	1.502082e+01
4.548000e-05	-7.828594e-02	1.502502e+01
4.549000e-05	-8.998724e-02	1.515771e+01
4.550000e-05	-9.044354e-02	1.519979e+01
4.551000e-05	-8.425023e-02	1.522289e+01
4.552000e-05	-8.763070e-02	1.527350e+01
4.553000e-05	-9.706144e-02	1.530660e+01
4.554000e-05	-1.038712e-01	1.535773e+01
4.555000e-05	-1.018402e-01	1.532976e+01
4.556000e-05	-1.042718e-01	1.539034e+01
4.557000e-05	-1.140173e-01	1.539084e+01
4.558000e-05	-1.229407e-01	1.540244e+01
4.559000e-05	-1.236189e-01	1.541192e+01
4.560000e-05	-1.220345e-01	1.543191e+01
4.561000e-05	-1.317254e-01	1.538034e+01
4.562000e-05	-1.439598e-01	1.541029e+01
4.563000e-05	-1.547225e-01	1.536824e+01
4.564000e-05	-1.575123e-01	1.532713e+01
4.565000e-05	-1.715510e-01	1.528560e+01
4.566000e-05	-1.903301e-01	1.527450e+01
4.567000e-05	-2.153733e-01	1.523192e+01
4.568000e-05	-2.363585e-01	1.517982e+01
4.569000e-05	-2.497574e-01	1.509468e+01
4.570000e-05	-2.500000e-01	1.505198e+01
4.571000e-05	-2.500000e-01	1.497936e+01
4.572000e-05	-2.500000e-01	1.494573e+01
4.573000e-05	-2.500000e-01	1.486207e+01
4.574000e-05	-2.500000e-01	1.478684e+01
4.575000e-05	-2.500000e-01	1.468460e+01
4.576000e-05	-2.430175e-01	1.461989e+01
4.577000e-05	-2.121258e-01	1.448423e+01
4.578000e-05	-1.855408e-01	1.440184e+01
4.579000e-05	-1.667087e-01	1.429362e+01
4.580000e-05	-1.541437e-01	1.415776e+01
4.581000e-05	-1.356529e-01	1.409304e+01
4.582000e-05	-1.205978e-01	1.390468e+01
4.583000e-05	-1.109968e-01	1.380031e+01
4.584000e-05	-1.059476e-01	1.366194e+01
4.585000e-05	-9.763242e-02	1.350458e+01
4.586000e-05	-8.722022e-02	1.337784e+01
4.587000e-05	-8.009585e-02	1.323045e+01
4.588000e-05	-7.773542e-02	1.303205e+01
4.589000e-05	-7.522212e-02	1.292520e+01
4.590000e-05	-6.826078e-02	1.276726e+01
4.591000e-05	-6.175510e-02	1.262839e+01
4.592000e-05	-6.041299e-02	1.243999e+01
4.593000e-05	-5.993680e-02	1.227153e+01
4.594000e-05	-5.526486e-02	1.210310e+01
4.595000e-05	-5.106656e-02	1.190458e+01
4.596000e-05	-4.891736e-02	1.170325e+01
4.597000e-05	-5.042646e-02	1.148412e+01
4.598000e-05	-4.756513e-02	1.129113e+01
4.599000e-05	-4.397269e-02	1.109210e+01
4.600000e-05	-3.951489e-02	1.089270e+01
4.601000e-05	-4.069724e-02	1.068263e+01
4.602000e-05	-4.146698e-02	1.051115e+01
4.603000e-05	-3.817742e-02	1.023105e+01
4.604000e-05	-3.625480e-02	9.990142e+00
4.605000e-05	-3.501485e-02	9.788442e+00
4.606000e-05	-3.682611e-02	9.606862e+00
4.607000e-05	-3.464643e-02	9.356865e+00
4.608000e-05	-3.236224e-02	9.115306e+00
4.609000e-05	-2.916115e-02	8.911630e+00
4.610000e-05	-3.193122e-02	8.631599e+00
4.611000e-05	-3.041517e-02	8.441623e+00
4.612000e-05	-2.880266e-02	8.189494e+00
4.613000e-05	-2.568360e-02	7.934762e+00
4.614000e-05	-2.654248e-02	7.664132e+00
4.615000e-05	-2.733308e-02	7.418944e+00
4.616000e-05	-2.736444e-02	7.146361e+00
4.617000e-05	-2.399452e-02	6.874737e+00
4.618000e-05	-2.301724e-02	6.662027e+00
4.619000e-05	-2.425762e-02	6.347290e+00
4.620000e-05	-2.411376e-02	6.134285e+00
4.621000e-05	-2.076986e-02	5.862075e+00
4.622000e-05	-2.028186e-02	5.567566e+00
4.623000e-05	-2.054259e-02	5.314259e+00
4.624000e-05	-2.179384e-02	4.977441e+00
4.625000e-05	-2.060136e-02	4.683230e+00
4.626000e-05	-1.908949e-02	4.419100e+00
4.627000e-05	-1.816114e-02	4.185341e+00
4.628000e-05	-1.922762e-02	3.871683e+00
4.629000e-05	-1.902088e-02	3.610022e+00
4.630000e-05	-1.642405e-02	3.352734e+00
4.631000e-05	-1.466377e-02	3.010110e+00
4.632000e-05	-1.632609e-02	2.767972e+00
4.633000e-05	-1.708391e-02	2.419679e+00
4.634000e-05	-1.509424e-02	2.187521e+00
4.635000e-05	-1.328203e-02	1.914887e+00
4.636000e-05	-1.281748e-02	1.639073e+00
4.637000e-05	-1.402989e-02	1.304339e+00
4.638000e-05	-1.303744e-02	9.764713e-01
4.639000e-05	-1.151963e-02	6.837355e-01
4.640000e-05	-9.690204e-03	4.501515e-01
4.641000e-05	-9.919521e-03	1.248622e-01
4.642000e-05	-7.068975e-03	-1.392959e-01
4.643000e-05	4.713190e-03	-3.819262e-01
4.644000e-05	-8.267350e-04	-6.865919e-01
4.645000e-05	2.722949e-03	-9.587733e-01
4.646000e-05	-2.152725e-03	-1.211479e+00
4.647000e-05	1.216944e-03	-1.548822e+00
4.648000e-05	2.069458e-03	-1.739871e+00
4.649000e-05	3.054456e-02	-2.009926e+00
4.650000e-05	1.098795e-01	-2.285610e+00
4.651000e-05	4.108220e-02	-2.633453e+00
4.652000e-05	-4.743540e-02	-3.035505e+00
4.653000e-05	-9.148500e-03	-3.378845e+00
4.654000e-05	-4.509395e-02	-3.529394e+00
4.655000e-05	-7.235636e-02	-3.779901e+00
4.656000e-05	-4.783643e-04	-3.980500e+00
4.657000e-05	1.191297e-01	-4.202270e+00
4.658000e-05	-1.268017e-01	-4.496164e+00
4.659000e-05	1.660181e-01	-4.770796e+00
4.660000e-05	-4.561135e-02	-5.012930e+00
4.661000e-05	-1.699254e-02	-5.474525e+00
4.662000e-05	7.091729e-02	-5.652004e+00
4.663000e-05	-1.358566e-01	-5.929740e+00
4.664000e-05	1.641606e-01	-6.210817e+00
4.665000e-05	-6.403990e-02	-6.454633e+00
4.666000e-05	6.725553e-02	-6.749767e+00
4.667000e-05	2.095140e-02	-7.013369e+00
4.668000e-05	-5.541121e-02	-7.306736e+00
4.669000e-05	9.670217e-02	-7.540211e+00
4.670000e-05	-8.805211e-02	-7.844950e+00
4.671000e-05	1.178114e-01	-8.096663e+00
4.672000e-05	-3.372522e-02	-8.327631e+00
4.673000e-05	4.409693e-02	-8.592845e+00
4.674000e-05	4.604386e-02	-8.851820e+00
4.675000e-05	-5.759873e-02	-9.074058e+00
4.676000e-05	8.022009e-02	-9.255103e+00
4.677000e-05	-4.987228e-02	-9.507761e+00
4.678000e-05	1.097925e-01	-9.749245e+00
4.679000e-05	-2.992936e-02	-9.949713e+00
4.680000e-05	6.567519e-02	-1.016142e+01
4.681000e-05	-2.685537e-03	-1.042082e+01
4.682000e-05	2.649232e-02	-1.064195e+01
4.683000e-05	3.937222e-02	-1.082137e+01
4.684000e-05	-6.293593e-03	-1.102352e+01
4.685000e-05	6.470199e-02	-1.128144e+01
4.686000e-05	-7.829496e-03	-1.144505e+01
4.687000e-05	7.529442e-02	-1.164500e+01
4.688000e-05	-1.117210e-02	-1.183395e+01
4.689000e-05	6.055773e-02	-1.206603e+01
4.690000e-05	8.274205e-03	-1.224395e+01
4.691000e-05	6.169524e-02	-1.240238e+01
4.692000e-05	2.405782e-02	-1.258027e+01
4.693000e-05	3.599392e-02	-1.276786e+01
4.694000e-05	3.296418e-02	-1.290670e+01
4.695000e-05	3.692737e-02	-1.306505e+01
4.696000e-05	5.101969e-02	-1.321395e+01
4.697000e-05	3.180884e-02	-1.337232e+01
4.698000e-05	5.649483e-02	-1.353556e+01
4.699000e-05	3.575212e-02	-1.369403e+01
4.700000e-05	6.100409e-02	-1.381234e+01
4.701000e-05	3.256960e-02	-1.396918e+01
4.702000e-05	5.198410e-02	-1.407352e+01
4.703000e-05	4.233498e-02	-1.419037e+01
4.704000e-05	6.431038e-02	-1.433660e+01
4.705000e-05	5.402912e-02	-1.446244e+01
4.706000e-05	5.900683e-02	-1.451668e+01
4.707000e-05	5.531005e-02	-1.462245e+01
4.708000e-05	6.433439e-02	-1.468723e+01
4.709000e-05	6.675723e-02	-1.484184e+01
4.710000e-05	6.410874e-02	-1.489510e+01
4.711000e-05	6.933710e-02	-1.497989e+01
4.712000e-05	6.967707e-02	-1.503295e+01
4.713000e-05	7.843011e-02	-1.506561e+01
4.714000e-05	7.117126e-02	-1.516781e+01
4.715000e-05	7.826476e-02	-1.520191e+01
4.716000e-05	7.840390e-02	-1.527403e+01
4.717000e-05	9.286331e-02	-1.529618e+01
4.718000e-05	8.914018e-02	-1.533873e+01
4.719000e-05	9.292409e-02	-1.538886e+01
4.720000e-05	9.158168e-02	-1.540240e+01
4.721000e-05	9.965412e-02	-1.541354e+01
4.722000e-05	1.040580e-01	-1.547400e+01
4.723000e-05	1.071696e-01	-1.542395e+01
4.724000e-05	1.117429e-01	-1.547565e+01
4.725000e-05	1.176725e-01	-1.547400e+01
4.726000e-05	1.274163e-01	-1.545353e+01
4.727000e-05	1.288250e-01	-1.542252e+01
4.728000e-05	1.341115e-01	-1.540240e+01
4.729000e-05	1.426807e-01	-1.537189e+01
4.730000e-05	1.580146e-01	-1.536889e+01
4.731000e-05	1.711536e-01	-1.530726e+01
4.732000e-05	1.864453e-01	-1.532466e+01
4.733000e-05	2.076576e-01	-1.529359e+01
4.734000e-05	2.361912e-01	-1.521939e+01
4.735000e-05	2.499552e-01	-1.514776e+01
4.736000e-05	2.500000e-01	-1.511561e+01
4.737000e-05	2.500000e-01	-1.505097e+01
4.738000e-05	2.500000e-01	-1.492774e+01
4.739000e-05	2.500000e-01	-1.488565e+01
4.740000e-05	2.500000e-01	-1.478089e+01
4.741000e-05	2.484089e-01	-1.473716e+01
4.742000e-05	2.255818e-01	-1.465197e+01
4.743000e-05	1.986711e-01	-1.454616e+01
4.744000e-05	1.758438e-01	-1.441154e+01
4.745000e-05	1.538990e-01	-1.432710e+01
4.746000e-05	1.358478e-01	-1.421092e+01
4.747000e-05	1.228844e-01	-1.407458e+01
4.748000e-05	1.124539e-01	-1.394778e+01
4.749000e-05	9.943614e-02	-1.380842e+01
4.750000e-05	8.833058e-02	-1.370307e+01
4.751000e-05	8.128218e-02	-1.352623e+01
4.752000e-05	7.827320e-02	-1.338939e+01
4.753000e-05	7.189525e-02	-1.324253e+01
4.754000e-05	6.423828e-02	-1.310410e+01
4.755000e-05	5.860879e-02	-1.293626e+01
4.756000e-05	5.630688e-02	-1.276889e+01
4.757000e-05	5.440519e-02	-1.263092e+01
4.758000e-05	4.820935e-02	-1.247312e+01
4.759000e-05	4.411225e-02	-1.229562e+01
4.760000e-05	4.155431e-02	-1.212571e+01
4.761000e-05	4.012493e-02	-1.191615e+01
4.762000e-05	3.648469e-02	-1.170470e+01
4.763000e-05	3.262535e-02	-1.149463e+01
4.764000e-05	3.015106e-02	-1.122100e+01
4.765000e-05	3.071033e-02	-1.105119e+01
4.766000e-05	3.091027e-02	-1.088260e+01
4.767000e-05	2.769269e-02	-1.066268e+01
4.768000e-05	2.488048e-02	-1.048208e+01
4.769000e-05	2.450489e-02	-1.021148e+01
4.770000e-05	2.335196e-02	-1.000044e+01
4.771000e-05	2.041363e-02	-9.790417e+00
4.772000e-05	1.845597e-02	-9.579335e+00
4.773000e-05	1.740958e-02	-9.316387e+00
4.774000e-05	1.836932e-02	-9.126182e+00
4.775000e-05	1.665461e-02	-8.884183e+00
4.776000e-05	1.571984e-02	-8.652075e+00
4.777000e-05	1.292896e-02	-8.400016e+00
4.778000e-05	1.376387e-02	-8.187892e+00
4.779000e-05	1.311037e-02	-7.915277e+00
4.780000e-05	1.067794e-02	-7.640528e+00
4.781000e-05	7.647201e-03	-7.388470e+00
4.782000e-05	8.546413e-03	-7.125833e+00
4.783000e-05	8.684099e-03	-6.831603e+00
4.784000e-05	7.758311e-03	-6.620020e+00
4.785000e-05	5.932767e-03	-6.356889e+00
4.786000e-05	5.365935e-03	-6.092109e+00
4.787000e-05	5.094856e-03	-5.790095e+00
4.788000e-05	4.894171e-03	-5.544915e+00
4.789000e-05	3.098659e-03	-5.240999e+00
4.790000e-05	8.221626e-04	-4.935413e+00
4.791000e-05	1.810226e-03	-4.657497e+00
4.792000e-05	1.624325e-03	-4.408496e+00
4.793000e-05	7.471140e-04	-4.146865e+00
4.794000e-05	-1.483881e-03	-3.882678e+00
4.795000e-05	-1.106729e-03	-3.578494e+00
4.796000e-05	-2.549397e-03	-3.355288e+00
4.797000e-05	-3.001282e-03	-2.990572e+00
4.798000e-05	-4.208711e-03	-2.746863e+00
4.799000e-05	-3.053734e-03	-2.440779e+00
4.800000e-05	-2.474738e-03	-2.165413e+00
4.801000e-05	-2.233667e-03	-1.854185e+00
4.802000e-05	-5.684696e-03	-1.609601e+00
4.803000e-05	-6.686497e-03	-1.250253e+00
4.804000e-05	-7.660865e-03	-9.464686e-01
4.805000e-05	-6.513313e-03	-6.753647e-01
4.806000e-05	-6.845041e-03	-4.085264e-01
4.807000e-05	-5.304107e-03	-1.344185e-01
4.808000e-05	2.740183e-03	1.192121e-01
4.809000e-05	7.587846e-03	4.325300e-01
4.810000e-05	-7.010220e-04	6.962106e-01
4.811000e-05	2.018243e-03	9.192419e-01
4.812000e-05	-4.967498e-03	1.243555e+00
4.813000e-05	1.397292e-03	1.546692e+00
4.814000e-05	8.530219e-04	1.831526e+00
4.815000e-05	2.265327e-02	2.012006e+00
4.816000e-05	7.785693e-02	2.295164e+00
4.817000e-05	6.898308e-02	2.656430e+00
4.818000e-05	-5.697419e-02	2.940267e+00
4.819000e-05	-2.737195e-02	3.212454e+00
4.820000e-05	-3.995449e-02	3.548870e+00
4.821000e-05	-4.045038e-02	3.779943e+00
4.822000e-05	-8.188644e-02	3.990315e+00
4.823000e-05	4.203859e-02	4.232898e+00
4.824000e-05	4.322743e-02	4.538766e+00
4.825000e-05	-7.645635e-02	4.769867e+00
4.826000e-05	1.441557e-01	5.055924e+00
4.827000e-05	-8.720730e-02	5.381801e+00
4.828000e-05	-3.217270e-03	5.624529e+00
4.829000e-05	-8.384851e-04	5.990817e+00
4.830000e-05	-2.944674e-02	6.169874e+00
4.831000e-05	5.233871e-02	6.435504e+00
4.832000e-05	-6.102015e-02	6.759792e+00
4.833000e-05	2.389996e-02	6.971422e+00
4.834000e-05	-3.136315e-02	7.245033e+00
4.835000e-05	-3.377105e-04	7.539763e+00
4.836000e-05	-2.115971e-02	7.844452e+00
4.837000e-05	-3.372795e-02	8.168232e+00
4.838000e-05	3.584432e-02	8.337738e+00
4.839000e-05	-3.156269e-02	8.558271e+00
4.840000e-05	6.198835e-03	8.778341e+00
4.841000e-05	-3.814421e-02	9.032397e+00
4.842000e-05	-3.398289e-02	9.253528e+00
4.843000e-05	3.567819e-03	9.496680e+00
4.844000e-05	-1.912115e-02	9.698205e+00
4.845000e-05	-7.501236e-03	9.939312e+00
4.846000e-05	-3.899998e-02	1.019879e+01
4.847000e-05	3.098491e-03	1.036032e+01
4.848000e-05	-2.988206e-02	1.061132e+01
4.849000e-05	-2.400122e-02	1.083239e+01
4.850000e-05	-3.585525e-02	1.096229e+01
4.851000e-05	-2.554235e-02	1.122497e+01
4.852000e-05	-1.066354e-02	1.141237e+01
4.853000e-05	-3.157920e-02	1.163297e+01
4.854000e-05	-3.114111e-02	1.183192e+01
4.855000e-05	-4.204297e-02	1.202240e+01
4.856000e-05	-1.863918e-02	1.219141e+01
4.857000e-05	-3.010565e-02	1.237992e+01
4.858000e-05	-3.412324e-02	1.255024e+01
4.859000e-05	-4.539838e-02	1.272623e+01
4.860000e-05	-3.595302e-02	1.287555e+01
4.861000e-05	-3.267187e-02	1.301237e+01
4.862000e-05	-4.295964e-02	1.317134e+01
4.863000e-05	-4.835592e-02	1.336921e+01
4.864000e-05	-4.335197e-02	1.344603e+01
4.865000e-05	-3.439397e-02	1.365242e+01
4.866000e-05	-4.437221e-02	1.377881e+01
4.867000e-05	-5.557844e-02	1.387397e+01
4.868000e-05	-5.925777e-02	1.399294e+01
4.869000e-05	-5.155118e-02	1.422019e+01
4.870000e-05	-5.031950e-02	1.428518e+01
4.871000e-05	-5.959353e-02	1.441234e+01
4.872000e-05	-6.551748e-02	1.449656e+01
4.873000e-05	-6.104964e-02	1.459184e+01
4.874000e-05	-5.853436e-02	1.471512e+01
4.875000e-05	-6.447231e-02	1.476929e+01
4.876000e-05	-7.438973e-02	1.483395e+01
4.877000e-05	-7.450024e-02	1.493769e+01
4.878000e-05	-7.092656e-02	1.497036e+01
4.879000e-05	-7.594803e-02	1.502240e+01
4.880000e-05	-8.727374e-02	1.507765e+01
4.881000e-05	-9.159975e-02	1.514076e+01
4.882000e-05	-8.705405e-02	1.523142e+01
4.883000e-05	-8.586654e-02	1.524405e+01
4.884000e-05	-9.262764e-02	1.528717e+01
4.885000e-05	-1.009891e-01	1.536810e+01
4.886000e-05	-1.013356e-01	1.535981e+01
4.887000e-05	-1.041586e-01	1.537931e+01
4.888000e-05	-1.107445e-01	1.539089e+01
4.889000e-05	-1.215287e-01	1.542939e+01
4.890000e-05	-1.232730e-01	1.542234e+01
4.891000e-05	-1.232351e-01	1.541134e+01
4.892000e-05	-1.267834e-01	1.543036e+01
4.893000e-05	-1.397786e-01	1.540189e+01
4.894000e-05	-1.497201e-01	1.535033e+01
4.895000e-05	-1.558583e-01	1.535723e+01
4.896000e-05	-1.660001e-01	1.533760e+01
4.897000e-05	-1.830956e-01	1.530507e+01
4.898000e-05	-2.058640e-01	1.524392e+01
4.899000e-05	-2.287521e-01	1.516989e+01
4.900000e-05	-2.472165e-01	1.514721e+01
4.901000e-05	-2.500000e-01	1.509455e+01
4.902000e-05	-2.500000e-01	1.506094e+01
4.903000e-05	-2.500000e-01	1.496821e+01
4.904000e-05	-2.500000e-01	1.486615e+01
4.905000e-05	-2.500000e-01	1.477044e+01
4.906000e-05	-2.500000e-01	1.472673e+01
4.907000e-05	-2.485139e-01	1.464150e+01
4.908000e-05	-2.247069e-01	1.451821e+01
4.909000e-05	-1.956181e-01	1.448249e+01
4.910000e-05	-1.729094e-01	1.432518e+01
4.911000e-05	-1.593648e-01	1.423094e+01
4.912000e-05	-1.420208e-01	1.408557e+01
4.913000e-05	-1.271324e-01	1.393724e+01
4.914000e-05	-1.127797e-01	1.383247e+01
4.915000e-05	-1.087688e-01	1.368520e+01
4.916000e-05	-1.001271e-01	1.356576e+01
4.917000e-05	-9.297637e-02	1.342090e+01
4.918000e-05	-8.219859e-02	1.328268e+01
4.919000e-05	-7.848267e-02	1.314678e+01
4.920000e-05	-7.537402e-02	1.297084e+01
4.921000e-05	-7.194828e-02	1.280089e+01
4.922000e-05	-6.355998e-02	1.266105e+01
4.923000e-05	-6.084843e-02	1.248523e+01
4.924000e-05	-6.030695e-02	1.230523e+01
4.925000e-05	-5.732244e-02	1.212831e+01
4.926000e-05	-5.263341e-02	1.196686e+01
4.927000e-05	-4.908863e-02	1.175736e+01
4.928000e-05	-5.021693e-02	1.160533e+01
4.929000e-05	-4.817969e-02	1.135934e+01
4.930000e-05	-4.703813e-02	1.116679e+01
4.931000e-05	-4.050310e-02	1.093726e+01
4.932000e-05	-4.163613e-02	1.074726e+01
4.933000e-05	-3.947714e-02	1.052831e+01
4.934000e-05	-4.004122e-02	1.029571e+01
4.935000e-05	-3.588054e-02	1.012374e+01
4.936000e-05	-3.592807e-02	9.903748e+00
4.937000e-05	-3.574685e-02	9.604100e+00
4.938000e-05	-3.627179e-02	9.430570e+00
4.939000e-05	-3.333708e-02	9.207992e+00
4.940000e-05	-2.954508e-02	8.958916e+00
4.941000e-05	-3.097698e-02	8.737257e+00
4.942000e-05	-3.070696e-02	8.524785e+00
4.943000e-05	-2.976895e-02	8.264732e+00
4.944000e-05	-2.707053e-02	8.029996e+00
4.945000e-05	-2.693132e-02	7.797813e+00
4.946000e-05	-2.724885e-02	7.555856e+00
4.947000e-05	-2.749403e-02	7.231644e+00
4.948000e-05	-2.462487e-02	6.989437e+00
4.949000e-05	-2.355248e-02	6.724359e+00
4.950000e-05	-2.369479e-02	6.441147e+00
4.951000e-05	-2.413908e-02	6.199024e+00
4.952000e-05	-2.132897e-02	5.947387e+00
4.953000e-05	-2.087172e-02	5.701180e+00
4.954000e-05	-2.001657e-02	5.430547e+00
4.955000e-05	-2.183948e-02	5.081132e+00
4.956000e-05	-2.035397e-02	4.778540e+00
4.957000e-05	-1.995468e-02	4.515785e+00
4.958000e-05	-1.861797e-02	4.251128e+00
4.959000e-05	-1.888539e-02	3.936417e+00
4.960000e-05	-1.835658e-02	3.694736e+00
4.961000e-05	-1.628310e-02	3.438077e+00
4.962000e-05	-1.493115e-02	3.136837e+00
4.963000e-05	-1.610211e-02	2.860684e+00
4.964000e-05	-1.638425e-02	2.574469e+00
4.965000e-05	-1.457096e-02	2.272232e+00
4.966000e-05	-1.396856e-02	2.000074e+00
4.967000e-05	-1.305484e-02	1.734913e+00
4.968000e-05	-1.393382e-02	1.440103e+00
4.969000e-05	-1.329311e-02	1.132888e+00
4.970000e-05	-1.225946e-02	8.080726e-01
4.971000e-05	-1.072301e-02	5.153382e-01
4.972000e-05	-9.727965e-03	2.417041e-01
4.973000e-05	-7.994788e-03	-7.460666e-02
4.974000e-05	1.884411e-03	-2.977395e-01
4.975000e-05	2.752157e-03	-6.093210e-01
4.976000e-05	-7.725407e-04	-8.640838e-01
4.977000e-05	5.294421e-04	-1.126265e+00
4.978000e-05	-2.763940e-04	-1.383534e+00
4.979000e-05	7.532672e-04	-1.686135e+00
4.980000e-05	1.474648e-02	-1.908737e+00
4.981000e-05	7.757748e-02	-2.149268e+00
4.982000e-05	1.015945e-01	-2.447608e+00
4.983000e-05	-5.103436e-02	-2.887586e+00
4.984000e-05	-4.569542e-03	-3.287058e+00
4.985000e-05	-4.486613e-02	-3.485161e+00
4.986000e-05	-4.660716e-02	-3.657212e+00
4.987000e-05	-7.078271e-02	-3.948344e+00
4.988000e-05	1.449980e-01	-4.105161e+00
4.989000e-05	-8.302179e-02	-4.359867e+00
4.990000e-05	4.265241e-02	-4.676109e+00
4.991000e-05	8.399672e-02	-4.937639e+00
4.992000e-05	-1.261367e-01	-5.318106e+00
4.993000e-05	1.371149e-01	-5.588719e+00
4.994000e-05	-1.365042e-01	-5.833931e+00
4.995000e-05	7.904304e-02	-6.078164e+00
4.996000e-05	4.118937e-02	-6.339709e+00
4.997000e-05	-3.847886e-02	-6.674005e+00
4.998000e-05	1.118899e-01	-6.916537e+00
4.999000e-05	-1.033959e-01	-7.182371e+00
